Model,MSO56B
Channel,CH2,,Channel,CH3,,Channel,CH4,,Channel,CH5
Label,,,Label,,,Label,,,Label,
Waveform Type,ANALOG,,Waveform Type,ANALOG,,Waveform Type,ANALOG,,Waveform Type,ANALOG
Horizontal Units,s,,Horizontal Units,s,,Horizontal Units,s,,Horizontal Units,s
Sample Interval,3.20000000e-10,,Sample Interval,3.20000000e-10,,Sample Interval,3.20000000e-10,,Sample Interval,3.20000000e-10
Record Length,12500,,Record Length,12500,,Record Length,12500,,Record Length,12500
Zero Index,1874.76562500,,Zero Index,1874.76562500,,Zero Index,1874.76562500,,Zero Index,1874.76562500
Vertical Units,V,,Vertical Units,V,,Vertical Units,V,,Vertical Units,A
,,,,,,,,,,
ANALOG_Thumbnail,,,ANALOG_Thumbnail,,,ANALOG_Thumbnail,,,ANALOG_Thumbnail,
yOffset,0.000000,,yOffset,0.000000,,yOffset,0.000000,,yOffset,0.000000
yPosition,-3.000000,,yPosition,-3.000000,,yPosition,-3.000000,,yPosition,-3.000000

Labels,,,,
TIME,CH2,CH3,CH4,CH5
-5.99925000e-07,-3.75000000e-02,1.26000000e+01,-3.00000000e-02,-2.03125000e-02
-5.99605000e-07,2.50000000e-02,1.25875000e+01,-6.87500000e-03,6.32812500e-02
-5.99285000e-07,-2.50000000e-02,1.27250000e+01,-3.12500000e-02,-6.25000000e-03
-5.98965000e-07,-6.25000000e-02,1.26375000e+01,-4.37500000e-02,5.46875000e-03
-5.98645000e-07,7.50000000e-02,1.26750000e+01,-4.31250000e-02,-1.40625000e-02
-5.98325000e-07,1.00000000e-01,1.26875000e+01,-4.37500000e-03,-7.81250000e-02
-5.98005000e-07,-3.75000000e-02,1.27000000e+01,-3.81250000e-02,-3.51562500e-02
-5.97685000e-07,1.25000000e-02,1.25750000e+01,-2.18750000e-02,-4.37500000e-02
-5.97365000e-07,3.00000000e-01,1.26375000e+01,-4.37500000e-02,-1.08593750e-01
-5.97045000e-07,1.12500000e-01,1.26000000e+01,-3.50000000e-02,-6.40625000e-02
-5.96725000e-07,3.75000000e-02,1.26250000e+01,-6.25000000e-03,-6.48437500e-02
-5.96405000e-07,8.75000000e-02,1.26500000e+01,-3.56250000e-02,-1.14062500e-01
-5.96085000e-07,8.75000000e-02,1.27125000e+01,-3.56250000e-02,-9.45312500e-02
-5.95765000e-07,-5.00000000e-02,1.25875000e+01,-6.87500000e-03,-2.50000000e-02
-5.95445000e-07,1.62500000e-01,1.26750000e+01,-3.31250000e-02,-2.96875000e-02
-5.95125000e-07,1.25000000e-02,1.25500000e+01,-3.06250000e-02,-1.20312500e-01
-5.94805000e-07,0.00000000e+00,1.25875000e+01,-6.87500000e-03,-9.45312500e-02
-5.94485000e-07,1.25000000e-01,1.25750000e+01,-6.87500000e-03,-3.20312500e-02
-5.94165000e-07,1.12500000e-01,1.25500000e+01,-5.93750000e-02,-3.67187500e-02
-5.93845000e-07,-7.50000000e-02,1.27250000e+01,-4.31250000e-02,2.26562500e-02
-5.93525000e-07,3.75000000e-02,1.26625000e+01,-2.56250000e-02,7.18750000e-02
-5.93205000e-07,2.50000000e-02,1.25500000e+01,-3.87500000e-02,5.54687500e-02
-5.92885000e-07,0.00000000e+00,1.27000000e+01,-3.06250000e-02,3.35937500e-02
-5.92565000e-07,1.25000000e-02,1.26750000e+01,-3.25000000e-02,-2.57812500e-02
-5.92245000e-07,3.75000000e-02,1.26250000e+01,-6.87500000e-03,-5.39062500e-02
-5.91925000e-07,8.75000000e-02,1.26750000e+01,-5.06250000e-02,-1.00000000e-01
-5.91605000e-07,1.50000000e-01,1.27625000e+01,-3.31250000e-02,-7.73437500e-02
-5.91285000e-07,7.50000000e-02,1.26750000e+01,-4.31250000e-02,1.17187500e-02
-5.90965000e-07,1.37500000e-01,1.27000000e+01,-2.56250000e-02,1.25000000e-02
-5.90645000e-07,0.00000000e+00,1.26750000e+01,-3.81250000e-02,-5.46875000e-03
-5.90325000e-07,1.50000000e-01,1.28000000e+01,-3.75000000e-03,-6.25000000e-03
-5.90005000e-07,5.00000000e-02,1.25625000e+01,5.00000000e-03,3.35937500e-02
-5.89685000e-07,1.37500000e-01,1.26000000e+01,-5.12500000e-02,3.90625000e-02
-5.89365000e-07,2.25000000e-01,1.27125000e+01,-3.75000000e-03,-4.76562500e-02
-5.89045000e-07,1.12500000e-01,1.26375000e+01,-2.18750000e-02,-5.39062500e-02
-5.88725000e-07,-7.50000000e-02,1.27375000e+01,-4.37500000e-03,-6.32812500e-02
-5.88405000e-07,1.62500000e-01,1.27500000e+01,-1.00000000e-02,-1.06250000e-01
-5.88085000e-07,8.75000000e-02,1.25875000e+01,-4.12500000e-02,-1.07031250e-01
-5.87765000e-07,-8.75000000e-02,1.25750000e+01,-4.06250000e-02,-7.96875000e-02
-5.87445000e-07,1.12500000e-01,1.27000000e+01,-4.81250000e-02,-1.04687500e-01
-5.87125000e-07,1.25000000e-02,1.26375000e+01,-3.56250000e-02,1.09375000e-02
-5.86805000e-07,1.00000000e-01,1.25750000e+01,-3.00000000e-02,1.87500000e-02
-5.86485000e-07,2.12500000e-01,1.27625000e+01,-1.68750000e-02,-6.48437500e-02
-5.86165000e-07,1.12500000e-01,1.25625000e+01,-3.81250000e-02,-6.71875000e-02
-5.85845000e-07,8.75000000e-02,1.26125000e+01,-1.37500000e-02,7.81250000e-04
-5.85525000e-07,7.50000000e-02,1.25250000e+01,-3.62500000e-02,-4.29687500e-02
-5.85205000e-07,1.37500000e-01,1.26750000e+01,-3.06250000e-02,-1.22656250e-01
-5.84885000e-07,2.25000000e-01,1.26875000e+01,5.62500000e-03,-2.03125000e-02
-5.84565000e-07,0.00000000e+00,1.28500000e+01,-2.81250000e-02,2.34375000e-02
-5.84245000e-07,3.75000000e-02,1.25125000e+01,-3.37500000e-02,-4.60937500e-02
-5.83925000e-07,1.12500000e-01,1.24500000e+01,-4.37500000e-02,-5.31250000e-02
-5.83605000e-07,1.25000000e-01,1.25500000e+01,-1.62500000e-02,-4.53125000e-02
-5.83285000e-07,7.50000000e-02,1.26250000e+01,-1.18750000e-02,-3.12500000e-02
-5.82965000e-07,7.50000000e-02,1.26000000e+01,-4.06250000e-02,-5.70312500e-02
-5.82645000e-07,6.25000000e-02,1.25625000e+01,5.62500000e-03,-5.70312500e-02
-5.82325000e-07,1.12500000e-01,1.25750000e+01,-3.62500000e-02,-1.71875000e-02
-5.82005000e-07,2.12500000e-01,1.26875000e+01,-3.18750000e-02,-5.15625000e-02
-5.81685000e-07,1.25000000e-01,1.26625000e+01,-8.56250000e-02,-5.00000000e-02
-5.81365000e-07,7.50000000e-02,1.25375000e+01,-3.25000000e-02,-1.25000000e-02
-5.81045000e-07,3.75000000e-02,1.26375000e+01,-3.37500000e-02,-7.81250000e-03
-5.80725000e-07,-2.50000000e-02,1.28250000e+01,-9.37500000e-03,1.17187500e-02
-5.80405000e-07,3.75000000e-02,1.25875000e+01,-2.00000000e-02,4.37500000e-02
-5.80085000e-07,1.37500000e-01,1.28500000e+01,6.25000000e-04,2.34375000e-02
-5.79765000e-07,1.62500000e-01,1.27125000e+01,-1.00000000e-02,5.62500000e-02
-5.79445000e-07,2.50000000e-02,1.25500000e+01,-3.87500000e-02,-1.32812500e-02
-5.79125000e-07,7.50000000e-02,1.26625000e+01,-2.18750000e-02,-7.34375000e-02
-5.78805000e-07,6.25000000e-02,1.26375000e+01,-3.12500000e-02,-7.65625000e-02
-5.78485000e-07,-6.25000000e-02,1.25875000e+01,-3.75000000e-03,-6.56250000e-02
-5.78165000e-07,0.00000000e+00,1.27000000e+01,-1.00000000e-02,4.14062500e-02
-5.77845000e-07,6.25000000e-02,1.26375000e+01,-4.87500000e-02,6.25000000e-03
-5.77525000e-07,-7.50000000e-02,1.26000000e+01,-5.31250000e-02,-5.78125000e-02
-5.77205000e-07,1.50000000e-01,1.24625000e+01,-1.62500000e-02,-5.62500000e-02
-5.76885000e-07,1.87500000e-01,1.26875000e+01,1.56250000e-02,-2.18750000e-02
-5.76565000e-07,3.75000000e-02,1.24875000e+01,-4.62500000e-02,-7.81250000e-02
-5.76245000e-07,1.75000000e-01,1.27250000e+01,-1.43750000e-02,1.48437500e-02
-5.75925000e-07,0.00000000e+00,1.26000000e+01,0.00000000e+00,1.24218750e-01
-5.75605000e-07,0.00000000e+00,1.27250000e+01,-9.37500000e-03,1.17187500e-02
-5.75285000e-07,6.25000000e-02,1.27375000e+01,-2.25000000e-02,-4.37500000e-02
-5.74965000e-07,5.00000000e-02,1.26625000e+01,-1.93750000e-02,-3.43750000e-02
-5.74645000e-07,8.75000000e-02,1.24625000e+01,-1.50000000e-02,-5.62500000e-02
-5.74325000e-07,6.25000000e-02,1.25125000e+01,-4.37500000e-02,-2.50000000e-02
-5.74005000e-07,-5.00000000e-02,1.26375000e+01,-1.37500000e-02,-7.03125000e-03
-5.73685000e-07,3.75000000e-02,1.25125000e+01,8.12500000e-03,-7.03125000e-03
-5.73365000e-07,8.75000000e-02,1.25500000e+01,-2.18750000e-02,-1.01562500e-02
-5.73045000e-07,5.00000000e-02,1.27375000e+01,-1.93750000e-02,1.79687500e-02
-5.72725000e-07,1.00000000e-01,1.26250000e+01,-2.56250000e-02,-2.10937500e-02
-5.72405000e-07,8.75000000e-02,1.26750000e+01,-6.87500000e-03,-5.78125000e-02
-5.72085000e-07,8.75000000e-02,1.26000000e+01,-2.87500000e-02,-1.46093750e-01
-5.71765000e-07,2.87500000e-01,1.27250000e+01,-4.12500000e-02,-1.44531250e-01
-5.71445000e-07,0.00000000e+00,1.26625000e+01,-5.12500000e-02,-9.45312500e-02
-5.71125000e-07,6.25000000e-02,1.26500000e+01,8.75000000e-03,-9.37500000e-02
-5.70805000e-07,8.75000000e-02,1.26375000e+01,-1.87500000e-03,-5.00000000e-02
-5.70485000e-07,1.75000000e-01,1.26875000e+01,-4.37500000e-03,-2.81250000e-02
-5.70165000e-07,1.37500000e-01,1.26125000e+01,-4.12500000e-02,-5.15625000e-02
-5.69845000e-07,6.25000000e-02,1.25500000e+01,-1.43750000e-02,-1.01562500e-02
-5.69525000e-07,7.50000000e-02,1.25500000e+01,-1.31250000e-02,7.81250000e-03
-5.69205000e-07,5.00000000e-02,1.26625000e+01,-3.12500000e-02,-3.20312500e-02
-5.68885000e-07,8.75000000e-02,1.26750000e+01,-4.81250000e-02,-1.15625000e-01
-5.68565000e-07,6.25000000e-02,1.25750000e+01,-5.81250000e-02,-8.20312500e-02
-5.68245000e-07,3.75000000e-02,1.26125000e+01,1.25000000e-03,-7.81250000e-02
-5.67925000e-07,8.75000000e-02,1.26875000e+01,-3.62500000e-02,-6.48437500e-02
-5.67605000e-07,6.25000000e-02,1.26125000e+01,-3.87500000e-02,-2.89062500e-02
-5.67285000e-07,8.75000000e-02,1.26250000e+01,-2.00000000e-02,-5.62500000e-02
-5.66965000e-07,3.75000000e-02,1.25500000e+01,-3.37500000e-02,-3.75000000e-02
-5.66645000e-07,1.37500000e-01,1.26250000e+01,-3.81250000e-02,-4.76562500e-02
-5.66325000e-07,-8.75000000e-02,1.25125000e+01,-3.56250000e-02,-8.43750000e-02
-5.66005000e-07,1.00000000e-01,1.26750000e+01,-2.50000000e-02,3.12500000e-03
-5.65685000e-07,1.50000000e-01,1.26000000e+01,-2.75000000e-02,-2.03125000e-02
-5.65365000e-07,-3.75000000e-02,1.27000000e+01,-1.68750000e-02,-7.57812500e-02
-5.65045000e-07,5.00000000e-02,1.26375000e+01,-4.12500000e-02,-8.82812500e-02
-5.64725000e-07,1.25000000e-01,1.27000000e+01,-1.87500000e-02,-1.10937500e-01
-5.64405000e-07,1.25000000e-01,1.26250000e+01,-2.25000000e-02,-8.67187500e-02
-5.64085000e-07,3.75000000e-02,1.27500000e+01,-3.12500000e-02,-1.17187500e-02
-5.63765000e-07,1.62500000e-01,1.26125000e+01,-3.50000000e-02,1.48437500e-02
-5.63445000e-07,6.25000000e-02,1.25500000e+01,-3.75000000e-03,-1.48437500e-02
-5.63125000e-07,1.25000000e-01,1.25125000e+01,-2.56250000e-02,-3.90625000e-02
-5.62805000e-07,1.25000000e-01,1.27250000e+01,-1.68750000e-02,-3.75000000e-02
-5.62485000e-07,1.00000000e-01,1.26625000e+01,-8.12500000e-03,-6.09375000e-02
-5.62165000e-07,8.75000000e-02,1.26125000e+01,-3.31250000e-02,-8.12500000e-02
-5.61845000e-07,7.50000000e-02,1.25250000e+01,-3.06250000e-02,-9.53125000e-02
-5.61525000e-07,1.00000000e-01,1.25750000e+01,-1.62500000e-02,-2.42187500e-02
-5.61205000e-07,6.25000000e-02,1.26250000e+01,-2.68750000e-02,-8.35937500e-02
-5.60885000e-07,1.25000000e-02,1.26125000e+01,-4.31250000e-02,-1.25000000e-01
-5.60565000e-07,0.00000000e+00,1.26625000e+01,1.25000000e-02,-3.98437500e-02
-5.60245000e-07,6.25000000e-02,1.27000000e+01,-5.81250000e-02,1.01562500e-02
-5.59925000e-07,1.37500000e-01,1.25000000e+01,-3.56250000e-02,-1.95312500e-02
-5.59605000e-07,1.12500000e-01,1.26375000e+01,-3.56250000e-02,-7.81250000e-02
-5.59285000e-07,6.25000000e-02,1.25375000e+01,-3.56250000e-02,1.01562500e-02
-5.58965000e-07,-1.25000000e-02,1.27375000e+01,-2.12500000e-02,-6.25000000e-03
-5.58645000e-07,2.12500000e-01,1.25625000e+01,-2.00000000e-02,-5.62500000e-02
-5.58325000e-07,5.00000000e-02,1.25375000e+01,-4.37500000e-02,-3.12500000e-02
-5.58005000e-07,5.00000000e-02,1.25750000e+01,-1.37500000e-02,3.82812500e-02
-5.57685000e-07,6.25000000e-02,1.26375000e+01,-3.06250000e-02,1.40625000e-02
-5.57365000e-07,7.50000000e-02,1.26125000e+01,-3.12500000e-02,-2.34375000e-02
-5.57045000e-07,8.75000000e-02,1.26125000e+01,-4.06250000e-02,-5.46875000e-03
-5.56725000e-07,-6.25000000e-02,1.26625000e+01,-1.68750000e-02,-1.95312500e-02
-5.56405000e-07,1.37500000e-01,1.26625000e+01,-3.75000000e-03,-6.40625000e-02
-5.56085000e-07,1.50000000e-01,1.25125000e+01,-5.68750000e-02,-1.03906250e-01
-5.55765000e-07,1.00000000e-01,1.24125000e+01,-4.87500000e-02,-8.51562500e-02
-5.55445000e-07,-1.25000000e-02,1.25125000e+01,-4.12500000e-02,-3.04687500e-02
-5.55125000e-07,2.50000000e-02,1.26500000e+01,-1.93750000e-02,5.46875000e-03
-5.54805000e-07,1.00000000e-01,1.26375000e+01,-6.87500000e-03,-2.73437500e-02
-5.54485000e-07,-2.50000000e-02,1.27250000e+01,-1.18750000e-02,-7.50000000e-02
-5.54165000e-07,1.25000000e-02,1.26125000e+01,-1.00000000e-02,-1.07812500e-01
-5.53845000e-07,1.37500000e-01,1.26250000e+01,-6.37500000e-02,-5.23437500e-02
-5.53525000e-07,1.12500000e-01,1.24750000e+01,-4.75000000e-02,3.12500000e-03
-5.53205000e-07,1.37500000e-01,1.26125000e+01,-1.37500000e-02,-9.37500000e-03
-5.52885000e-07,0.00000000e+00,1.26250000e+01,-1.68750000e-02,2.34375000e-03
-5.52565000e-07,-6.25000000e-02,1.26000000e+01,-3.81250000e-02,3.98437500e-02
-5.52245000e-07,3.75000000e-02,1.25500000e+01,3.75000000e-03,-1.32812500e-02
-5.51925000e-07,7.50000000e-02,1.25500000e+01,-1.68750000e-02,-5.85937500e-02
-5.51605000e-07,2.50000000e-02,1.26875000e+01,-2.56250000e-02,-1.56250000e-02
-5.51285000e-07,2.00000000e-01,1.25500000e+01,-2.81250000e-02,-2.03125000e-02
-5.50965000e-07,1.25000000e-02,1.26750000e+01,-3.00000000e-02,-1.79687500e-02
-5.50645000e-07,1.87500000e-01,1.25875000e+01,-2.62500000e-02,6.56250000e-02
-5.50325000e-07,-1.25000000e-02,1.25500000e+01,-3.81250000e-02,7.57812500e-02
-5.50005000e-07,1.12500000e-01,1.26125000e+01,-4.62500000e-02,5.54687500e-02
-5.49685000e-07,5.00000000e-02,1.27000000e+01,-2.18750000e-02,-5.85937500e-02
-5.49365000e-07,1.25000000e-01,1.26000000e+01,-3.87500000e-02,-7.42187500e-02
-5.49045000e-07,8.75000000e-02,1.26250000e+01,-6.68750000e-02,-5.85937500e-02
-5.48725000e-07,7.50000000e-02,1.25375000e+01,-6.25000000e-03,-6.40625000e-02
-5.48405000e-07,-3.75000000e-02,1.24750000e+01,-3.62500000e-02,-8.51562500e-02
-5.48085000e-07,1.00000000e-01,1.26000000e+01,-4.81250000e-02,1.56250000e-03
-5.47765000e-07,5.00000000e-02,1.25500000e+01,1.56250000e-02,7.26562500e-02
-5.47445000e-07,2.50000000e-02,1.26750000e+01,-4.56250000e-02,-1.56250000e-03
-5.47125000e-07,6.25000000e-02,1.25500000e+01,-5.37500000e-02,-7.03125000e-02
-5.46805000e-07,1.00000000e-01,1.25250000e+01,-5.12500000e-02,2.10937500e-02
-5.46485000e-07,3.75000000e-02,1.25000000e+01,-2.50000000e-02,5.54687500e-02
-5.46165000e-07,-1.25000000e-02,1.26500000e+01,-8.75000000e-03,3.28125000e-02
-5.45845000e-07,1.25000000e-02,1.24125000e+01,-1.87500000e-02,-1.25000000e-02
-5.45525000e-07,1.50000000e-01,1.25250000e+01,-1.43750000e-02,-5.15625000e-02
-5.45205000e-07,1.25000000e-01,1.25500000e+01,-5.18750000e-02,-7.81250000e-02
-5.44885000e-07,0.00000000e+00,1.27875000e+01,-3.31250000e-02,-8.82812500e-02
-5.44565000e-07,5.00000000e-02,1.27000000e+01,-1.00000000e-02,3.90625000e-02
-5.44245000e-07,1.00000000e-01,1.26500000e+01,-3.87500000e-02,-2.96875000e-02
-5.43925000e-07,1.62500000e-01,1.25875000e+01,-2.18750000e-02,-6.56250000e-02
-5.43605000e-07,0.00000000e+00,1.25250000e+01,-3.12500000e-02,-4.84375000e-02
-5.43285000e-07,2.50000000e-02,1.28375000e+01,-3.56250000e-02,-3.67187500e-02
-5.42965000e-07,1.25000000e-01,1.27375000e+01,-2.12500000e-02,1.05468750e-01
-5.42645000e-07,0.00000000e+00,1.25875000e+01,-9.37500000e-03,1.07031250e-01
-5.42325000e-07,0.00000000e+00,1.25375000e+01,-3.62500000e-02,2.34375000e-03
-5.42005000e-07,5.00000000e-02,1.25625000e+01,-4.62500000e-02,-5.46875000e-02
-5.41685000e-07,1.62500000e-01,1.25500000e+01,-1.43750000e-02,-8.12500000e-02
-5.41365000e-07,1.37500000e-01,1.26875000e+01,-1.00000000e-02,-4.45312500e-02
-5.41045000e-07,-2.50000000e-02,1.26750000e+01,-2.56250000e-02,-6.32812500e-02
-5.40725000e-07,0.00000000e+00,1.25375000e+01,-1.68750000e-02,-1.02343750e-01
-5.40405000e-07,2.25000000e-01,1.26375000e+01,-4.06250000e-02,-4.45312500e-02
-5.40085000e-07,7.50000000e-02,1.24250000e+01,-3.00000000e-02,1.32812500e-02
-5.39765000e-07,1.25000000e-01,1.26375000e+01,-6.25000000e-03,6.09375000e-02
-5.39445000e-07,1.00000000e-01,1.25500000e+01,-3.31250000e-02,-6.25000000e-03
-5.39125000e-07,1.00000000e-01,1.26125000e+01,-2.56250000e-02,-3.75000000e-02
-5.38805000e-07,1.00000000e-01,1.26875000e+01,-1.00000000e-02,4.14062500e-02
-5.38485000e-07,8.75000000e-02,1.25375000e+01,-2.56250000e-02,2.34375000e-03
-5.38165000e-07,0.00000000e+00,1.27250000e+01,-3.06250000e-02,-3.35937500e-02
-5.37845000e-07,1.37500000e-01,1.26500000e+01,-3.56250000e-02,-1.25000000e-02
-5.37525000e-07,8.75000000e-02,1.25750000e+01,-1.62500000e-02,-2.18750000e-02
-5.37205000e-07,1.00000000e-01,1.27000000e+01,-4.12500000e-02,-1.17187500e-02
-5.36885000e-07,1.50000000e-01,1.26250000e+01,-5.62500000e-02,-4.76562500e-02
-5.36565000e-07,1.87500000e-01,1.26500000e+01,-1.18750000e-02,3.35937500e-02
-5.36245000e-07,1.87500000e-01,1.26125000e+01,-1.68750000e-02,2.10937500e-02
-5.35925000e-07,1.12500000e-01,1.25375000e+01,-2.81250000e-02,-4.53125000e-02
-5.35605000e-07,1.12500000e-01,1.25625000e+01,5.62500000e-03,-2.57812500e-02
-5.35285000e-07,7.50000000e-02,1.26875000e+01,-1.68750000e-02,3.28125000e-02
-5.34965000e-07,1.37500000e-01,1.25625000e+01,-1.87500000e-03,-9.37500000e-03
-5.34645000e-07,1.00000000e-01,1.26375000e+01,-2.62500000e-02,-2.65625000e-02
-5.34325000e-07,3.75000000e-02,1.25375000e+01,-4.87500000e-02,1.56250000e-02
-5.34005000e-07,7.50000000e-02,1.26000000e+01,-2.81250000e-02,1.01562500e-02
-5.33685000e-07,1.87500000e-01,1.25250000e+01,-1.87500000e-02,-1.25000000e-02
-5.33365000e-07,1.25000000e-01,1.26000000e+01,-8.75000000e-03,-9.37500000e-03
-5.33045000e-07,-2.50000000e-02,1.26500000e+01,-1.25000000e-02,3.90625000e-03
-5.32725000e-07,5.00000000e-02,1.25000000e+01,-2.56250000e-02,1.56250000e-03
-5.32405000e-07,2.50000000e-02,1.25000000e+01,-1.25000000e-03,-5.07812500e-02
-5.32085000e-07,1.25000000e-02,1.26125000e+01,-3.31250000e-02,-5.78125000e-02
-5.31765000e-07,5.00000000e-02,1.25250000e+01,-2.56250000e-02,-5.54687500e-02
-5.31445000e-07,1.37500000e-01,1.27250000e+01,-1.87500000e-03,1.32812500e-02
-5.31125000e-07,8.75000000e-02,1.25875000e+01,-1.62500000e-02,1.56250000e-03
-5.30805000e-07,7.50000000e-02,1.26625000e+01,-1.68750000e-02,-6.87500000e-02
-5.30485000e-07,-5.00000000e-02,1.25375000e+01,-3.12500000e-02,-1.34375000e-01
-5.30165000e-07,1.75000000e-01,1.26000000e+01,-4.62500000e-02,5.46875000e-03
-5.29845000e-07,2.50000000e-02,1.25500000e+01,-3.06250000e-02,1.12500000e-01
-5.29525000e-07,1.37500000e-01,1.27125000e+01,-1.43750000e-02,2.73437500e-02
-5.29205000e-07,2.00000000e-01,1.26250000e+01,-4.56250000e-02,2.10937500e-02
-5.28885000e-07,1.00000000e-01,1.26125000e+01,-2.12500000e-02,5.78125000e-02
-5.28565000e-07,1.25000000e-02,1.26125000e+01,-3.37500000e-02,-4.68750000e-03
-5.28245000e-07,1.12500000e-01,1.26625000e+01,-4.62500000e-02,-1.09375000e-02
-5.27925000e-07,7.50000000e-02,1.25875000e+01,-4.62500000e-02,1.25000000e-02
-5.27605000e-07,3.75000000e-02,1.27875000e+01,6.25000000e-03,3.43750000e-02
-5.27285000e-07,1.25000000e-02,1.26125000e+01,-2.00000000e-02,-1.25000000e-02
-5.26965000e-07,8.75000000e-02,1.25875000e+01,-2.56250000e-02,-7.03125000e-03
-5.26645000e-07,-1.25000000e-02,1.26000000e+01,-1.87500000e-02,-4.68750000e-03
-5.26325000e-07,6.25000000e-02,1.27250000e+01,-1.93750000e-02,8.04687500e-02
-5.26005000e-07,2.37500000e-01,1.26875000e+01,-4.87500000e-02,9.60937500e-02
-5.25685000e-07,1.25000000e-01,1.27000000e+01,-2.75000000e-02,-5.39062500e-02
-5.25365000e-07,1.37500000e-01,1.24875000e+01,-1.62500000e-02,-1.87500000e-02
-5.25045000e-07,1.12500000e-01,1.27250000e+01,-2.12500000e-02,1.03125000e-01
-5.24725000e-07,1.00000000e-01,1.25250000e+01,-1.68750000e-02,1.11718750e-01
-5.24405000e-07,6.25000000e-02,1.25875000e+01,6.25000000e-04,6.48437500e-02
-5.24085000e-07,1.87500000e-01,1.27000000e+01,-1.68750000e-02,5.46875000e-03
-5.23765000e-07,8.75000000e-02,1.26375000e+01,-3.37500000e-02,1.09375000e-02
-5.23445000e-07,1.25000000e-02,1.25625000e+01,-2.56250000e-02,-2.50000000e-02
-5.23125000e-07,1.00000000e-01,1.26875000e+01,-1.93750000e-02,-5.54687500e-02
-5.22805000e-07,1.12500000e-01,1.27250000e+01,2.12500000e-02,-7.81250000e-04
-5.22485000e-07,2.50000000e-02,1.25750000e+01,-3.12500000e-02,1.64062500e-02
-5.22165000e-07,5.00000000e-02,1.26625000e+01,-3.31250000e-02,-3.90625000e-02
-5.21845000e-07,1.25000000e-01,1.28000000e+01,-1.75000000e-02,-4.68750000e-02
-5.21525000e-07,1.75000000e-01,1.26125000e+01,-4.81250000e-02,-4.76562500e-02
-5.21205000e-07,7.50000000e-02,1.27125000e+01,-2.50000000e-02,-5.07812500e-02
-5.20885000e-07,1.25000000e-01,1.25375000e+01,-1.87500000e-02,3.98437500e-02
-5.20565000e-07,1.87500000e-01,1.27125000e+01,-2.18750000e-02,7.96875000e-02
-5.20245000e-07,5.00000000e-02,1.27125000e+01,-3.12500000e-02,5.15625000e-02
-5.19925000e-07,1.12500000e-01,1.27125000e+01,-5.06250000e-02,4.37500000e-02
-5.19605000e-07,8.75000000e-02,1.26125000e+01,-1.37500000e-02,1.37500000e-01
-5.19285000e-07,1.25000000e-01,1.26125000e+01,2.50000000e-03,1.28125000e-01
-5.18965000e-07,3.75000000e-02,1.27000000e+01,-5.12500000e-02,1.64062500e-02
-5.18645000e-07,1.12500000e-01,1.28250000e+01,-2.56250000e-02,1.87500000e-02
-5.18325000e-07,2.37500000e-01,1.26625000e+01,-2.50000000e-02,-4.68750000e-02
-5.18005000e-07,1.50000000e-01,1.27000000e+01,6.25000000e-03,-8.35937500e-02
-5.17685000e-07,1.37500000e-01,1.27125000e+01,-3.00000000e-02,4.06250000e-02
-5.17365000e-07,5.00000000e-02,1.27750000e+01,-9.37500000e-03,5.93750000e-02
-5.17045000e-07,-3.75000000e-02,1.25875000e+01,-2.00000000e-02,4.29687500e-02
-5.16725000e-07,1.75000000e-01,1.26125000e+01,-4.37500000e-03,2.42187500e-02
-5.16405000e-07,3.75000000e-02,1.26625000e+01,-1.50000000e-02,-2.03125000e-02
-5.16085000e-07,1.12500000e-01,1.25500000e+01,-3.31250000e-02,3.82812500e-02
-5.15765000e-07,1.00000000e-01,1.24250000e+01,3.75000000e-03,4.68750000e-02
-5.15445000e-07,2.12500000e-01,1.25875000e+01,-2.75000000e-02,-7.18750000e-02
-5.15125000e-07,6.25000000e-02,1.26750000e+01,-1.43750000e-02,-1.10156250e-01
-5.14805000e-07,1.00000000e-01,1.26625000e+01,-1.25000000e-02,-4.76562500e-02
-5.14485000e-07,1.12500000e-01,1.26000000e+01,-3.37500000e-02,7.81250000e-03
-5.14165000e-07,5.00000000e-02,1.26625000e+01,-3.56250000e-02,1.20312500e-01
-5.13845000e-07,2.37500000e-01,1.26000000e+01,-6.25000000e-03,1.07812500e-01
-5.13525000e-07,1.00000000e-01,1.27625000e+01,-2.25000000e-02,-4.68750000e-03
-5.13205000e-07,0.00000000e+00,1.24375000e+01,-7.75000000e-02,-9.53125000e-02
-5.12885000e-07,1.12500000e-01,1.26125000e+01,-1.62500000e-02,-6.95312500e-02
-5.12565000e-07,3.75000000e-02,1.27125000e+01,-2.62500000e-02,-3.59375000e-02
-5.12245000e-07,1.75000000e-01,1.26250000e+01,-2.18750000e-02,-3.20312500e-02
-5.11925000e-07,1.37500000e-01,1.26875000e+01,-2.50000000e-03,1.56250000e-02
-5.11605000e-07,-3.75000000e-02,1.25375000e+01,-9.37500000e-03,-3.12500000e-03
-5.11285000e-07,-2.50000000e-02,1.26375000e+01,-3.06250000e-02,-1.25000000e-02
-5.10965000e-07,-5.00000000e-02,1.26250000e+01,5.62500000e-03,4.53125000e-02
-5.10645000e-07,3.75000000e-02,1.26250000e+01,2.50000000e-03,6.32812500e-02
-5.10325000e-07,5.00000000e-02,1.27375000e+01,-3.37500000e-02,1.10156250e-01
-5.10005000e-07,-5.00000000e-02,1.26000000e+01,-1.62500000e-02,1.01562500e-01
-5.09685000e-07,-1.25000000e-02,1.26625000e+01,-2.18750000e-02,4.68750000e-03
-5.09365000e-07,2.50000000e-02,1.25750000e+01,-2.00000000e-02,-6.56250000e-02
-5.09045000e-07,-7.50000000e-02,1.25750000e+01,-2.56250000e-02,-4.84375000e-02
-5.08725000e-07,5.00000000e-02,1.26625000e+01,1.37500000e-02,-8.12500000e-02
-5.08405000e-07,0.00000000e+00,1.27000000e+01,-1.68750000e-02,-1.25000000e-02
-5.08085000e-07,2.50000000e-02,1.25750000e+01,-2.87500000e-02,-6.32812500e-02
-5.07765000e-07,5.00000000e-02,1.26875000e+01,-2.50000000e-02,-1.09375000e-02
-5.07445000e-07,1.00000000e-01,1.26250000e+01,-1.37500000e-02,1.40625000e-02
-5.07125000e-07,1.50000000e-01,1.25750000e+01,-2.18750000e-02,2.10937500e-02
-5.06805000e-07,7.50000000e-02,1.25375000e+01,-3.37500000e-02,2.73437500e-02
-5.06485000e-07,1.37500000e-01,1.27125000e+01,-2.12500000e-02,5.54687500e-02
-5.06165000e-07,1.25000000e-01,1.26250000e+01,-4.37500000e-03,-3.12500000e-02
-5.05845000e-07,7.50000000e-02,1.26375000e+01,-1.68750000e-02,-8.98437500e-02
-5.05525000e-07,-3.75000000e-02,1.25750000e+01,-7.50000000e-03,-4.21875000e-02
-5.05205000e-07,7.50000000e-02,1.27750000e+01,-6.37500000e-02,7.03125000e-03
-5.04885000e-07,6.25000000e-02,1.27000000e+01,-5.87500000e-02,7.81250000e-03
-5.04565000e-07,1.37500000e-01,1.26250000e+01,-6.06250000e-02,-6.17187500e-02
-5.04245000e-07,1.12500000e-01,1.26000000e+01,-2.18750000e-02,-5.46875000e-03
-5.03925000e-07,1.37500000e-01,1.28125000e+01,-2.00000000e-02,-2.50000000e-02
-5.03605000e-07,1.12500000e-01,1.26625000e+01,6.25000000e-04,-1.48437500e-02
-5.03285000e-07,7.50000000e-02,1.26500000e+01,-5.12500000e-02,7.26562500e-02
-5.02965000e-07,7.50000000e-02,1.27750000e+01,-1.43750000e-02,5.78125000e-02
-5.02645000e-07,1.00000000e-01,1.25750000e+01,-1.75000000e-02,5.85937500e-02
-5.02325000e-07,1.00000000e-01,1.25125000e+01,1.31250000e-02,1.00000000e-01
-5.02005000e-07,1.00000000e-01,1.26750000e+01,-2.25000000e-02,6.95312500e-02
-5.01685000e-07,6.25000000e-02,1.25500000e+01,-4.12500000e-02,3.90625000e-02
-5.01365000e-07,1.00000000e-01,1.26125000e+01,-2.75000000e-02,2.57812500e-02
-5.01045000e-07,1.50000000e-01,1.26875000e+01,-3.31250000e-02,-4.68750000e-02
-5.00725000e-07,1.25000000e-01,1.26000000e+01,-2.75000000e-02,-6.87500000e-02
-5.00405000e-07,1.75000000e-01,1.25875000e+01,-2.50000000e-03,-1.17187500e-02
-5.00085000e-07,8.75000000e-02,1.26250000e+01,-4.31250000e-02,-5.31250000e-02
-4.99765000e-07,-5.00000000e-02,1.25000000e+01,-3.00000000e-02,-1.56250000e-02
-4.99445000e-07,0.00000000e+00,1.27000000e+01,-8.75000000e-03,2.73437500e-02
-4.99125000e-07,8.75000000e-02,1.26500000e+01,-8.75000000e-03,3.20312500e-02
-4.98805000e-07,1.25000000e-01,1.26500000e+01,-2.25000000e-02,5.54687500e-02
-4.98485000e-07,1.25000000e-01,1.26750000e+01,-5.37500000e-02,-3.98437500e-02
-4.98165000e-07,3.37500000e-01,1.27625000e+01,-4.06250000e-02,-5.00000000e-02
-4.97845000e-07,1.25000000e-02,1.27000000e+01,-2.56250000e-02,-3.67187500e-02
-4.97525000e-07,1.25000000e-02,1.26875000e+01,-2.75000000e-02,0.00000000e+00
-4.97205000e-07,1.25000000e-01,1.25375000e+01,-4.37500000e-03,4.92187500e-02
-4.96885000e-07,2.00000000e-01,1.26250000e+01,-4.81250000e-02,8.35937500e-02
-4.96565000e-07,-1.03125000e-01,1.26250000e+01,8.75000000e-03,7.73437500e-02
-4.96245000e-07,-1.25000000e-02,1.27875000e+01,-3.87500000e-02,6.87500000e-02
-4.95925000e-07,7.81250000e-02,1.25875000e+01,-4.62500000e-02,3.75000000e-02
-4.95605000e-07,1.00000000e-01,1.26875000e+01,5.62500000e-03,2.42187500e-02
-4.95285000e-07,1.87500000e-01,1.25625000e+01,-1.25000000e-02,5.00000000e-02
-4.94965000e-07,1.00000000e-01,1.26750000e+01,-6.12500000e-02,-6.71875000e-02
-4.94645000e-07,2.12500000e-01,1.26500000e+01,-4.06250000e-02,-6.48437500e-02
-4.94325000e-07,0.00000000e+00,1.26625000e+01,-2.75000000e-02,1.87500000e-02
-4.94005000e-07,6.25000000e-02,1.26875000e+01,-6.87500000e-03,-1.56250000e-02
-4.93685000e-07,1.00000000e-01,1.27250000e+01,-5.25000000e-02,-5.46875000e-03
-4.93365000e-07,6.25000000e-02,1.25625000e+01,1.25000000e-03,-9.37500000e-03
-4.93045000e-07,1.25000000e-01,1.27500000e+01,8.75000000e-03,-7.03125000e-03
-4.92725000e-07,1.25000000e-01,1.25625000e+01,-2.87500000e-02,-3.12500000e-03
-4.92405000e-07,1.00000000e-01,1.25625000e+01,-4.37500000e-02,1.09375000e-02
-4.92085000e-07,8.75000000e-02,1.25625000e+01,-3.31250000e-02,-2.10937500e-02
-4.91765000e-07,1.12500000e-01,1.25750000e+01,-2.56250000e-02,0.00000000e+00
-4.91445000e-07,2.00000000e-01,1.27250000e+01,-1.12500000e-02,2.10937500e-02
-4.91125000e-07,5.00000000e-02,1.25750000e+01,-5.62500000e-03,-1.09375000e-02
-4.90805000e-07,1.25000000e-01,1.25500000e+01,-6.12500000e-02,3.90625000e-03
-4.90485000e-07,2.75000000e-01,1.26750000e+01,-6.25000000e-03,5.78125000e-02
-4.90165000e-07,7.50000000e-02,1.26000000e+01,-1.25000000e-02,7.96875000e-02
-4.89845000e-07,3.75000000e-02,1.26875000e+01,-3.62500000e-02,4.84375000e-02
-4.89525000e-07,6.25000000e-02,1.28000000e+01,-2.75000000e-02,-1.17187500e-02
-4.89205000e-07,8.75000000e-02,1.27875000e+01,-1.62500000e-02,-7.81250000e-04
-4.88885000e-07,2.50000000e-02,1.26625000e+01,-3.56250000e-02,1.71875000e-02
-4.88565000e-07,1.12500000e-01,1.27000000e+01,-1.18750000e-02,1.10937500e-01
-4.88245000e-07,1.12500000e-01,1.26125000e+01,-1.25000000e-02,7.10937500e-02
-4.87925000e-07,1.37500000e-01,1.25375000e+01,-3.37500000e-02,-7.81250000e-04
-4.87605000e-07,6.25000000e-02,1.25625000e+01,-4.81250000e-02,1.79687500e-02
-4.87285000e-07,3.75000000e-02,1.27125000e+01,5.62500000e-03,3.12500000e-03
-4.86965000e-07,6.25000000e-02,1.26250000e+01,-4.31250000e-02,-4.14062500e-02
-4.86645000e-07,1.12500000e-01,1.25750000e+01,-3.62500000e-02,-2.96875000e-02
-4.86325000e-07,1.25000000e-01,1.26125000e+01,-2.62500000e-02,-6.01562500e-02
-4.86005000e-07,0.00000000e+00,1.25500000e+01,-4.25000000e-02,-1.58593750e-01
-4.85685000e-07,1.25000000e-01,1.25625000e+01,-3.06250000e-02,-4.76562500e-02
-4.85365000e-07,1.12500000e-01,1.26625000e+01,-2.56250000e-02,-4.21875000e-02
-4.85045000e-07,3.75000000e-02,1.26500000e+01,-4.37500000e-02,-2.18750000e-02
-4.84725000e-07,1.00000000e-01,1.26250000e+01,-3.00000000e-02,1.56250000e-02
-4.84405000e-07,-5.00000000e-02,1.27250000e+01,-9.37500000e-03,-1.95312500e-02
-4.84085000e-07,2.25000000e-01,1.26375000e+01,-3.00000000e-02,1.09375000e-02
-4.83765000e-07,1.50000000e-01,1.26250000e+01,-6.25000000e-03,2.34375000e-03
-4.83445000e-07,0.00000000e+00,1.27000000e+01,-1.62500000e-02,4.68750000e-03
-4.83125000e-07,2.12500000e-01,1.25000000e+01,-2.87500000e-02,0.00000000e+00
-4.82805000e-07,1.00000000e-01,1.26625000e+01,-3.62500000e-02,5.93750000e-02
-4.82485000e-07,8.75000000e-02,1.25875000e+01,-3.06250000e-02,-3.90625000e-03
-4.82165000e-07,0.00000000e+00,1.25625000e+01,-2.50000000e-02,6.25000000e-03
-4.81845000e-07,1.25000000e-02,1.24000000e+01,-2.56250000e-02,6.25000000e-03
-4.81525000e-07,-1.25000000e-02,1.28375000e+01,-3.87500000e-02,-1.09375000e-02
-4.81205000e-07,1.50000000e-01,1.25875000e+01,-2.62500000e-02,3.90625000e-03
-4.80885000e-07,1.37500000e-01,1.26375000e+01,-6.06250000e-02,-1.09375000e-02
-4.80565000e-07,1.62500000e-01,1.25125000e+01,-3.31250000e-02,-3.90625000e-02
-4.80245000e-07,2.00000000e-01,1.25000000e+01,-3.06250000e-02,-2.50000000e-02
-4.79925000e-07,1.00000000e-01,1.25375000e+01,-3.25000000e-02,-1.79687500e-02
-4.79605000e-07,1.50000000e-01,1.26250000e+01,8.75000000e-03,-1.01562500e-02
-4.79285000e-07,1.37500000e-01,1.25875000e+01,-6.87500000e-03,2.34375000e-03
-4.78965000e-07,2.12500000e-01,1.26250000e+01,-4.12500000e-02,-4.45312500e-02
-4.78645000e-07,1.37500000e-01,1.25750000e+01,-3.31250000e-02,-1.40625000e-02
-4.78325000e-07,-2.50000000e-02,1.27000000e+01,-2.12500000e-02,8.04687500e-02
-4.78005000e-07,3.75000000e-02,1.27000000e+01,-1.93750000e-02,2.10937500e-02
-4.77685000e-07,1.12500000e-01,1.27125000e+01,-2.00000000e-02,-1.08593750e-01
-4.77365000e-07,1.87500000e-01,1.25625000e+01,-5.87500000e-02,-8.67187500e-02
-4.77045000e-07,1.12500000e-01,1.26250000e+01,-3.06250000e-02,-1.06250000e-01
-4.76725000e-07,1.75000000e-01,1.26750000e+01,-2.75000000e-02,-3.04687500e-02
-4.76405000e-07,5.00000000e-02,1.25625000e+01,-1.12500000e-02,3.90625000e-03
-4.76085000e-07,1.75000000e-01,1.24375000e+01,-2.56250000e-02,4.68750000e-03
-4.75765000e-07,1.62500000e-01,1.27125000e+01,-3.12500000e-02,-1.48437500e-02
-4.75445000e-07,2.50000000e-02,1.26500000e+01,-4.31250000e-02,-7.18750000e-02
-4.75125000e-07,8.75000000e-02,1.27625000e+01,-3.75000000e-03,-4.29687500e-02
-4.74805000e-07,7.50000000e-02,1.25250000e+01,-8.75000000e-03,-3.20312500e-02
-4.74485000e-07,-3.75000000e-02,1.26875000e+01,-2.62500000e-02,5.46875000e-03
-4.74165000e-07,1.62500000e-01,1.25875000e+01,-5.62500000e-02,4.29687500e-02
-4.73845000e-07,2.12500000e-01,1.27250000e+01,-3.12500000e-02,5.78125000e-02
-4.73525000e-07,1.12500000e-01,1.25500000e+01,-3.06250000e-02,1.79687500e-02
-4.73205000e-07,1.25000000e-02,1.27000000e+01,-3.75000000e-02,1.64062500e-02
-4.72885000e-07,5.00000000e-02,1.26375000e+01,-6.25000000e-03,1.56250000e-03
-4.72565000e-07,1.62500000e-01,1.25750000e+01,-4.87500000e-02,-6.64062500e-02
-4.72245000e-07,1.00000000e-01,1.25250000e+01,-4.87500000e-02,-4.37500000e-02
-4.71925000e-07,1.87500000e-01,1.25750000e+01,-2.62500000e-02,5.07812500e-02
-4.71605000e-07,1.25000000e-01,1.24750000e+01,-3.06250000e-02,-7.81250000e-03
-4.71285000e-07,1.37500000e-01,1.26250000e+01,-2.81250000e-02,-1.25000000e-02
-4.70965000e-07,1.25000000e-01,1.25375000e+01,-3.81250000e-02,3.98437500e-02
-4.70645000e-07,7.50000000e-02,1.26125000e+01,-4.12500000e-02,7.42187500e-02
-4.70325000e-07,1.25000000e-02,1.27750000e+01,-3.50000000e-02,8.51562500e-02
-4.70005000e-07,1.37500000e-01,1.26375000e+01,-6.25000000e-03,6.95312500e-02
-4.69685000e-07,1.62500000e-01,1.26625000e+01,-1.12500000e-02,4.45312500e-02
-4.69365000e-07,1.25000000e-01,1.26000000e+01,-2.00000000e-02,-5.39062500e-02
-4.69045000e-07,1.00000000e-01,1.26250000e+01,-7.25000000e-02,-2.81250000e-02
-4.68725000e-07,2.62500000e-01,1.28125000e+01,-1.87500000e-02,0.00000000e+00
-4.68405000e-07,1.12500000e-01,1.26500000e+01,-1.43750000e-02,-1.71875000e-02
-4.68085000e-07,1.00000000e-01,1.26500000e+01,-2.00000000e-02,7.81250000e-03
-4.67765000e-07,1.50000000e-01,1.26500000e+01,-5.37500000e-02,8.59375000e-03
-4.67445000e-07,5.00000000e-02,1.27750000e+01,-2.81250000e-02,-5.07812500e-02
-4.67125000e-07,1.87500000e-01,1.26000000e+01,-3.25000000e-02,-4.29687500e-02
-4.66805000e-07,1.37500000e-01,1.24875000e+01,-2.56250000e-02,-1.06250000e-01
-4.66485000e-07,7.50000000e-02,1.26125000e+01,-6.06250000e-02,-1.02343750e-01
-4.66165000e-07,3.75000000e-02,1.27375000e+01,5.62500000e-03,-1.25000000e-02
-4.65845000e-07,5.00000000e-02,1.28000000e+01,-3.87500000e-02,0.00000000e+00
-4.65525000e-07,1.25000000e-02,1.25500000e+01,-7.50000000e-02,7.03125000e-03
-4.65205000e-07,1.25000000e-01,1.25625000e+01,-1.68750000e-02,-5.78125000e-02
-4.64885000e-07,1.00000000e-01,1.26500000e+01,-5.00000000e-03,-8.35937500e-02
-4.64565000e-07,8.75000000e-02,1.26500000e+01,-4.62500000e-02,-6.25000000e-03
-4.64245000e-07,1.25000000e-02,1.25500000e+01,-3.75000000e-03,4.84375000e-02
-4.63925000e-07,-3.75000000e-02,1.25875000e+01,-2.25000000e-02,7.81250000e-04
-4.63605000e-07,1.75000000e-01,1.26125000e+01,-2.81250000e-02,0.00000000e+00
-4.63285000e-07,2.75000000e-01,1.26625000e+01,-3.75000000e-03,-2.57812500e-02
-4.62965000e-07,2.50000000e-02,1.26125000e+01,-2.81250000e-02,-8.28125000e-02
-4.62645000e-07,1.12500000e-01,1.25625000e+01,-1.93750000e-02,-7.57812500e-02
-4.62325000e-07,5.00000000e-02,1.25500000e+01,-2.06250000e-02,-1.24218750e-01
-4.62005000e-07,6.25000000e-02,1.26250000e+01,-3.87500000e-02,-9.60937500e-02
-4.61685000e-07,-2.50000000e-02,1.26000000e+01,-3.06250000e-02,2.34375000e-03
-4.61365000e-07,6.25000000e-02,1.25875000e+01,-4.31250000e-02,-4.60937500e-02
-4.61045000e-07,1.00000000e-01,1.25500000e+01,-1.62500000e-02,-2.81250000e-02
-4.60725000e-07,8.75000000e-02,1.27000000e+01,-5.00000000e-03,9.21875000e-02
-4.60405000e-07,7.50000000e-02,1.25750000e+01,-3.31250000e-02,6.32812500e-02
-4.60085000e-07,1.12500000e-01,1.24625000e+01,-3.06250000e-02,-5.85937500e-02
-4.59765000e-07,0.00000000e+00,1.25250000e+01,-4.31250000e-02,-4.76562500e-02
-4.59445000e-07,1.00000000e-01,1.26500000e+01,-1.25000000e-02,-4.76562500e-02
-4.59125000e-07,8.75000000e-02,1.27000000e+01,-4.87500000e-02,-4.14062500e-02
-4.58805000e-07,1.12500000e-01,1.25500000e+01,-1.12500000e-02,-1.10156250e-01
-4.58485000e-07,3.75000000e-02,1.25750000e+01,-1.18750000e-02,-9.21875000e-02
-4.58165000e-07,0.00000000e+00,1.25375000e+01,-3.37500000e-02,-6.79687500e-02
-4.57845000e-07,1.62500000e-01,1.26625000e+01,-2.62500000e-02,-4.76562500e-02
-4.57525000e-07,1.00000000e-01,1.24750000e+01,-6.81250000e-02,-3.43750000e-02
-4.57205000e-07,5.00000000e-02,1.27125000e+01,-3.75000000e-02,-3.90625000e-03
-4.56885000e-07,2.50000000e-02,1.25750000e+01,-6.25000000e-03,-4.84375000e-02
-4.56565000e-07,1.00000000e-01,1.27000000e+01,-1.43750000e-02,-2.65625000e-02
-4.56245000e-07,5.00000000e-02,1.25750000e+01,-1.93750000e-02,-7.03125000e-02
-4.55925000e-07,5.00000000e-02,1.25500000e+01,-1.75000000e-02,-6.71875000e-02
-4.55605000e-07,2.12500000e-01,1.25750000e+01,-1.18750000e-02,-2.81250000e-02
-4.55285000e-07,5.00000000e-02,1.26375000e+01,8.12500000e-03,-3.20312500e-02
-4.54965000e-07,7.50000000e-02,1.26375000e+01,-3.62500000e-02,-6.87500000e-02
-4.54645000e-07,1.37500000e-01,1.26875000e+01,-1.87500000e-03,-1.79687500e-02
-4.54325000e-07,-3.75000000e-02,1.25375000e+01,-1.81250000e-02,-4.29687500e-02
-4.54005000e-07,7.50000000e-02,1.26750000e+01,-3.31250000e-02,-2.50000000e-02
-4.53685000e-07,2.00000000e-01,1.26375000e+01,-1.12500000e-02,2.18750000e-02
-4.53365000e-07,7.50000000e-02,1.25875000e+01,-2.12500000e-02,3.59375000e-02
-4.53045000e-07,7.50000000e-02,1.26125000e+01,-2.62500000e-02,-3.90625000e-03
-4.52725000e-07,2.50000000e-02,1.26500000e+01,-4.62500000e-02,2.26562500e-02
-4.52405000e-07,3.75000000e-02,1.25250000e+01,-3.56250000e-02,-1.01562500e-02
-4.52085000e-07,1.25000000e-01,1.26000000e+01,8.75000000e-03,-5.31250000e-02
-4.51765000e-07,3.75000000e-02,1.25750000e+01,-3.06250000e-02,-7.96875000e-02
-4.51445000e-07,8.75000000e-02,1.26375000e+01,-2.81250000e-02,1.09375000e-02
-4.51125000e-07,6.25000000e-02,1.26000000e+01,-1.68750000e-02,-4.06250000e-02
-4.50805000e-07,0.00000000e+00,1.25625000e+01,-8.75000000e-03,-1.00000000e-01
-4.50485000e-07,1.12500000e-01,1.26125000e+01,-3.37500000e-02,-5.93750000e-02
-4.50165000e-07,1.25000000e-01,1.26750000e+01,-9.37500000e-03,5.62500000e-02
-4.49845000e-07,2.00000000e-01,1.27750000e+01,-1.00000000e-02,-4.68750000e-03
-4.49525000e-07,1.50000000e-01,1.26250000e+01,-1.25000000e-02,-1.36718750e-01
-4.49205000e-07,2.50000000e-02,1.26125000e+01,-3.62500000e-02,-1.14062500e-01
-4.48885000e-07,1.62500000e-01,1.26500000e+01,-1.12500000e-02,-4.21875000e-02
-4.48565000e-07,7.50000000e-02,1.25500000e+01,-1.87500000e-03,-4.45312500e-02
-4.48245000e-07,1.87500000e-01,1.26500000e+01,-1.68750000e-02,-4.68750000e-02
-4.47925000e-07,7.50000000e-02,1.26000000e+01,-6.87500000e-03,-8.28125000e-02
-4.47605000e-07,8.75000000e-02,1.26125000e+01,-4.37500000e-03,-4.53125000e-02
-4.47285000e-07,2.50000000e-01,1.27125000e+01,8.12500000e-03,-5.93750000e-02
-4.46965000e-07,6.25000000e-02,1.26375000e+01,-3.12500000e-02,-1.24218750e-01
-4.46645000e-07,2.50000000e-02,1.25750000e+01,-3.12500000e-02,-1.32812500e-02
-4.46325000e-07,6.25000000e-02,1.25500000e+01,-2.81250000e-02,-7.81250000e-03
-4.46005000e-07,8.75000000e-02,1.25500000e+01,-8.75000000e-03,-3.82812500e-02
-4.45685000e-07,1.37500000e-01,1.27500000e+01,-4.06250000e-02,-1.25000000e-02
-4.45365000e-07,6.25000000e-02,1.26375000e+01,-1.00000000e-02,-8.59375000e-02
-4.45045000e-07,5.00000000e-02,1.26000000e+01,-4.18750000e-02,-1.87500000e-02
-4.44725000e-07,6.25000000e-02,1.25000000e+01,-4.81250000e-02,-1.01562500e-02
-4.44405000e-07,1.12500000e-01,1.25750000e+01,-4.31250000e-02,-5.39062500e-02
-4.44085000e-07,1.25000000e-01,1.25375000e+01,-4.56250000e-02,7.81250000e-03
-4.43765000e-07,1.62500000e-01,1.26000000e+01,-2.56250000e-02,7.81250000e-03
-4.43445000e-07,1.50000000e-01,1.26875000e+01,-4.56250000e-02,-2.65625000e-02
-4.43125000e-07,5.00000000e-02,1.26000000e+01,-2.50000000e-02,-7.03125000e-03
-4.42805000e-07,7.50000000e-02,1.26250000e+01,6.25000000e-03,-1.48437500e-02
-4.42485000e-07,1.25000000e-02,1.25500000e+01,-3.81250000e-02,-1.64062500e-02
-4.42165000e-07,2.25000000e-01,1.25000000e+01,-5.62500000e-02,4.53125000e-02
-4.41845000e-07,2.12500000e-01,1.27000000e+01,-1.87500000e-03,3.98437500e-02
-4.41525000e-07,1.25000000e-01,1.26125000e+01,-2.87500000e-02,-2.89062500e-02
-4.41205000e-07,1.00000000e-01,1.26000000e+01,-3.87500000e-02,-7.81250000e-04
-4.40885000e-07,-5.00000000e-02,1.26875000e+01,-3.87500000e-02,-2.89062500e-02
-4.40565000e-07,8.75000000e-02,1.26500000e+01,-3.81250000e-02,-5.00000000e-02
-4.40245000e-07,1.00000000e-01,1.25125000e+01,-1.68750000e-02,-2.42187500e-02
-4.39925000e-07,6.25000000e-02,1.25375000e+01,-4.62500000e-02,-3.04687500e-02
-4.39605000e-07,1.62500000e-01,1.27500000e+01,-4.56250000e-02,-3.51562500e-02
-4.39285000e-07,2.50000000e-02,1.26250000e+01,-4.81250000e-02,2.10937500e-02
-4.38965000e-07,2.50000000e-02,1.26000000e+01,-1.37500000e-02,-2.42187500e-02
-4.38645000e-07,1.50000000e-01,1.26500000e+01,-1.25000000e-02,-8.75000000e-02
-4.38325000e-07,1.00000000e-01,1.26375000e+01,-1.93750000e-02,-1.02343750e-01
-4.38005000e-07,8.75000000e-02,1.26000000e+01,-4.62500000e-02,-4.76562500e-02
-4.37685000e-07,6.25000000e-02,1.25375000e+01,-9.37500000e-03,-7.81250000e-04
-4.37365000e-07,1.50000000e-01,1.26250000e+01,-1.06250000e-02,3.75000000e-02
-4.37045000e-07,8.75000000e-02,1.25500000e+01,-3.87500000e-02,3.43750000e-02
-4.36725000e-07,6.25000000e-02,1.27250000e+01,-4.06250000e-02,-5.39062500e-02
-4.36405000e-07,1.00000000e-01,1.26125000e+01,-2.50000000e-02,-9.29687500e-02
-4.36085000e-07,3.75000000e-02,1.26250000e+01,3.75000000e-03,-1.87500000e-02
-4.35765000e-07,1.37500000e-01,1.25375000e+01,8.75000000e-03,-6.79687500e-02
-4.35445000e-07,1.37500000e-01,1.27125000e+01,-6.87500000e-03,-5.23437500e-02
-4.35125000e-07,1.50000000e-01,1.26625000e+01,-2.25000000e-02,3.12500000e-03
-4.34805000e-07,0.00000000e+00,1.26625000e+01,-4.62500000e-02,-5.46875000e-03
-4.34485000e-07,1.25000000e-02,1.25250000e+01,-5.75000000e-02,9.37500000e-03
-4.34165000e-07,1.00000000e-01,1.25625000e+01,6.25000000e-03,5.00000000e-02
-4.33845000e-07,8.75000000e-02,1.26750000e+01,-1.12500000e-02,3.04687500e-02
-4.33525000e-07,1.50000000e-01,1.27000000e+01,-2.87500000e-02,-5.78125000e-02
-4.33205000e-07,7.50000000e-02,1.25625000e+01,-3.62500000e-02,-8.12500000e-02
-4.32885000e-07,2.00000000e-01,1.27125000e+01,-1.93750000e-02,-7.65625000e-02
-4.32565000e-07,8.75000000e-02,1.27625000e+01,-2.25000000e-02,-3.43750000e-02
-4.32245000e-07,1.12500000e-01,1.27000000e+01,-4.06250000e-02,1.32812500e-02
-4.31925000e-07,3.75000000e-02,1.26000000e+01,-2.81250000e-02,-4.53125000e-02
-4.31605000e-07,1.12500000e-01,1.26125000e+01,-3.31250000e-02,-1.35156250e-01
-4.31285000e-07,1.37500000e-01,1.25750000e+01,-4.62500000e-02,-1.09375000e-01
-4.30965000e-07,7.50000000e-02,1.25750000e+01,-5.31250000e-02,-7.96875000e-02
-4.30645000e-07,2.50000000e-02,1.24875000e+01,-3.56250000e-02,-8.75000000e-02
-4.30325000e-07,1.75000000e-01,1.26250000e+01,-3.31250000e-02,-6.71875000e-02
-4.30005000e-07,8.75000000e-02,1.25625000e+01,-1.12500000e-02,-2.57812500e-02
-4.29685000e-07,1.62500000e-01,1.25875000e+01,-3.62500000e-02,4.76562500e-02
-4.29365000e-07,1.87500000e-01,1.27000000e+01,-5.37500000e-02,7.50000000e-02
-4.29045000e-07,1.87500000e-01,1.24375000e+01,-2.62500000e-02,1.03906250e-01
-4.28725000e-07,1.12500000e-01,1.26375000e+01,-4.31250000e-02,6.32812500e-02
-4.28405000e-07,8.75000000e-02,1.26000000e+01,-2.81250000e-02,-3.59375000e-02
-4.28085000e-07,6.25000000e-02,1.26625000e+01,-3.06250000e-02,4.37500000e-02
-4.27765000e-07,2.12500000e-01,1.26000000e+01,-1.62500000e-02,1.48437500e-02
-4.27445000e-07,8.75000000e-02,1.25500000e+01,6.25000000e-04,-1.79687500e-02
-4.27125000e-07,-7.50000000e-02,1.26375000e+01,3.12500000e-03,1.25000000e-02
-4.26805000e-07,-1.25000000e-02,1.25750000e+01,-2.87500000e-02,-2.34375000e-02
-4.26485000e-07,6.25000000e-02,1.27000000e+01,-4.37500000e-02,-6.17187500e-02
-4.26165000e-07,5.00000000e-02,1.26875000e+01,-5.12500000e-02,-2.18750000e-02
-4.25845000e-07,1.12500000e-01,1.27125000e+01,-3.06250000e-02,-7.57812500e-02
-4.25525000e-07,7.50000000e-02,1.24750000e+01,-3.25000000e-02,-7.57812500e-02
-4.25205000e-07,0.00000000e+00,1.26625000e+01,6.25000000e-03,-8.35937500e-02
-4.24885000e-07,1.12500000e-01,1.26125000e+01,-6.87500000e-03,-1.17187500e-01
-4.24565000e-07,1.50000000e-01,1.25750000e+01,-4.31250000e-02,-9.76562500e-02
-4.24245000e-07,1.00000000e-01,1.27125000e+01,-1.37500000e-02,-1.07031250e-01
-4.23925000e-07,3.75000000e-02,1.25625000e+01,-3.31250000e-02,-1.46093750e-01
-4.23605000e-07,0.00000000e+00,1.25625000e+01,-4.37500000e-02,-1.01562500e-01
-4.23285000e-07,1.37500000e-01,1.25875000e+01,-2.87500000e-02,-8.82812500e-02
-4.22965000e-07,1.00000000e-01,1.26375000e+01,-4.31250000e-02,-2.89062500e-02
-4.22645000e-07,-5.00000000e-02,1.27125000e+01,-4.31250000e-02,-4.45312500e-02
-4.22325000e-07,5.00000000e-02,1.26125000e+01,-1.62500000e-02,-9.76562500e-02
-4.22005000e-07,7.50000000e-02,1.27500000e+01,-9.37500000e-03,2.42187500e-02
-4.21685000e-07,8.75000000e-02,1.26250000e+01,-3.87500000e-02,3.04687500e-02
-4.21365000e-07,3.75000000e-02,1.27250000e+01,-5.12500000e-02,-4.92187500e-02
-4.21045000e-07,-6.25000000e-02,1.26000000e+01,-3.87500000e-02,-8.98437500e-02
-4.20725000e-07,1.62500000e-01,1.26000000e+01,-3.25000000e-02,1.40625000e-02
-4.20405000e-07,1.62500000e-01,1.25625000e+01,-1.68750000e-02,-5.31250000e-02
-4.20085000e-07,2.50000000e-02,1.26750000e+01,-3.56250000e-02,-6.95312500e-02
-4.19765000e-07,2.50000000e-02,1.27750000e+01,-2.50000000e-02,-7.03125000e-03
-4.19445000e-07,1.12500000e-01,1.25625000e+01,-2.12500000e-02,-5.00000000e-02
-4.19125000e-07,1.12500000e-01,1.25375000e+01,-2.50000000e-02,-2.81250000e-02
-4.18805000e-07,6.25000000e-02,1.26500000e+01,-4.37500000e-03,-1.56250000e-02
-4.18485000e-07,1.75000000e-01,1.27375000e+01,-2.25000000e-02,-5.07812500e-02
-4.18165000e-07,1.25000000e-01,1.26375000e+01,-1.18750000e-02,-9.53125000e-02
-4.17845000e-07,7.50000000e-02,1.26875000e+01,-4.87500000e-02,-9.21875000e-02
-4.17525000e-07,0.00000000e+00,1.27250000e+01,-4.87500000e-02,-6.71875000e-02
-4.17205000e-07,0.00000000e+00,1.25250000e+01,-2.56250000e-02,-3.28125000e-02
-4.16885000e-07,1.25000000e-02,1.26000000e+01,1.25000000e-03,-2.10937500e-02
-4.16565000e-07,5.00000000e-02,1.26375000e+01,-2.56250000e-02,-6.56250000e-02
-4.16245000e-07,5.00000000e-02,1.26250000e+01,-6.12500000e-02,-6.95312500e-02
-4.15925000e-07,-7.50000000e-02,1.25125000e+01,-4.62500000e-02,-1.00781250e-01
-4.15605000e-07,-1.25000000e-02,1.26500000e+01,-3.56250000e-02,-9.53125000e-02
-4.15285000e-07,8.75000000e-02,1.26750000e+01,-1.87500000e-02,-1.19531250e-01
-4.14965000e-07,1.25000000e-01,1.26375000e+01,-4.37500000e-03,-1.28125000e-01
-4.14645000e-07,5.00000000e-02,1.26750000e+01,-3.62500000e-02,-1.53906250e-01
-4.14325000e-07,1.00000000e-01,1.25125000e+01,-4.81250000e-02,-7.10937500e-02
-4.14005000e-07,2.12500000e-01,1.25750000e+01,3.12500000e-03,-4.06250000e-02
-4.13685000e-07,1.25000000e-02,1.26000000e+01,-1.62500000e-02,-2.26562500e-02
-4.13365000e-07,-3.75000000e-02,1.25375000e+01,-9.37500000e-03,-2.18750000e-02
-4.13045000e-07,1.12500000e-01,1.25625000e+01,-3.37500000e-02,-6.48437500e-02
-4.12725000e-07,1.25000000e-02,1.26500000e+01,-4.87500000e-02,-7.96875000e-02
-4.12405000e-07,6.25000000e-02,1.26125000e+01,-3.62500000e-02,-3.90625000e-02
-4.12085000e-07,1.87500000e-01,1.26375000e+01,-1.62500000e-02,1.25000000e-02
-4.11765000e-07,1.12500000e-01,1.27500000e+01,-3.37500000e-02,3.90625000e-02
-4.11445000e-07,2.25000000e-01,1.26500000e+01,-4.37500000e-02,-1.95312500e-02
-4.11125000e-07,7.50000000e-02,1.25375000e+01,-2.56250000e-02,-4.60937500e-02
-4.10805000e-07,2.00000000e-01,1.26000000e+01,-2.81250000e-02,-6.71875000e-02
-4.10485000e-07,1.87500000e-01,1.25875000e+01,-3.06250000e-02,-9.29687500e-02
-4.10165000e-07,1.25000000e-02,1.26500000e+01,-3.12500000e-02,-8.98437500e-02
-4.09845000e-07,2.25000000e-01,1.26375000e+01,-2.75000000e-02,-7.89062500e-02
-4.09525000e-07,5.00000000e-02,1.26500000e+01,-6.25000000e-03,-6.25000000e-02
-4.09205000e-07,5.00000000e-02,1.26375000e+01,-3.81250000e-02,-3.59375000e-02
-4.08885000e-07,1.62500000e-01,1.25625000e+01,-3.87500000e-02,-3.43750000e-02
-4.08565000e-07,1.12500000e-01,1.26750000e+01,-5.62500000e-02,1.56250000e-03
-4.08245000e-07,-5.00000000e-02,1.27250000e+01,-1.12500000e-02,-3.12500000e-02
-4.07925000e-07,7.50000000e-02,1.26375000e+01,-3.12500000e-02,-5.39062500e-02
-4.07605000e-07,1.25000000e-01,1.26000000e+01,-3.06250000e-02,-3.51562500e-02
-4.07285000e-07,1.62500000e-01,1.25125000e+01,5.62500000e-03,-4.68750000e-02
-4.06965000e-07,2.12500000e-01,1.26625000e+01,-3.06250000e-02,-3.90625000e-02
-4.06645000e-07,0.00000000e+00,1.26500000e+01,-4.87500000e-02,-2.73437500e-02
-4.06325000e-07,-2.50000000e-02,1.26125000e+01,-4.62500000e-02,2.18750000e-02
-4.06005000e-07,1.00000000e-01,1.26000000e+01,-2.56250000e-02,1.56250000e-03
-4.05685000e-07,1.62500000e-01,1.24875000e+01,-1.62500000e-02,-1.04687500e-01
-4.05365000e-07,5.00000000e-02,1.26500000e+01,-1.75000000e-02,-8.82812500e-02
-4.05045000e-07,1.50000000e-01,1.27500000e+01,-3.87500000e-02,-3.82812500e-02
-4.04725000e-07,1.00000000e-01,1.26625000e+01,-2.75000000e-02,-5.54687500e-02
-4.04405000e-07,-7.50000000e-02,1.27250000e+01,-1.93750000e-02,-2.18750000e-02
-4.04085000e-07,1.50000000e-01,1.26000000e+01,-2.12500000e-02,-2.34375000e-02
-4.03765000e-07,1.75000000e-01,1.26125000e+01,-4.37500000e-02,1.32812500e-02
-4.03445000e-07,-1.25000000e-02,1.25750000e+01,-5.12500000e-02,5.70312500e-02
-4.03125000e-07,1.12500000e-01,1.25375000e+01,-5.12500000e-02,-6.25000000e-03
-4.02805000e-07,8.75000000e-02,1.27125000e+01,-4.00000000e-02,-3.28125000e-02
-4.02485000e-07,-1.25000000e-02,1.26000000e+01,1.25000000e-03,-1.08593750e-01
-4.02165000e-07,8.75000000e-02,1.26375000e+01,-4.31250000e-02,-8.28125000e-02
-4.01845000e-07,1.00000000e-01,1.26125000e+01,-4.37500000e-03,1.48437500e-02
-4.01525000e-07,5.00000000e-02,1.25875000e+01,-3.68750000e-02,9.68750000e-02
-4.01205000e-07,5.00000000e-02,1.25875000e+01,-5.12500000e-02,9.92187500e-02
-4.00885000e-07,1.37500000e-01,1.27375000e+01,6.25000000e-04,2.96875000e-02
-4.00565000e-07,1.50000000e-01,1.27250000e+01,7.50000000e-03,-5.31250000e-02
-4.00245000e-07,1.00000000e-01,1.28125000e+01,-5.37500000e-02,-6.25000000e-02
-3.99925000e-07,1.37500000e-01,1.26500000e+01,-1.87500000e-02,-7.65625000e-02
-3.99605000e-07,7.50000000e-02,1.25875000e+01,-2.87500000e-02,-4.68750000e-03
-3.99285000e-07,1.12500000e-01,1.26500000e+01,-4.12500000e-02,-1.48437500e-02
-3.98965000e-07,1.37500000e-01,1.25125000e+01,-3.62500000e-02,-5.07812500e-02
-3.98645000e-07,1.37500000e-01,1.26375000e+01,-4.31250000e-02,2.26562500e-02
-3.98325000e-07,1.87500000e-01,1.27000000e+01,-1.25000000e-03,3.59375000e-02
-3.98005000e-07,1.12500000e-01,1.26125000e+01,-4.12500000e-02,-1.02343750e-01
-3.97685000e-07,6.25000000e-02,1.26375000e+01,-1.93750000e-02,-1.06250000e-01
-3.97365000e-07,2.25000000e-01,1.25625000e+01,-1.00000000e-02,-8.67187500e-02
-3.97045000e-07,1.87500000e-01,1.26250000e+01,-3.37500000e-02,-9.92187500e-02
-3.96725000e-07,1.12500000e-01,1.27500000e+01,-6.43750000e-02,-7.81250000e-02
-3.96405000e-07,1.37500000e-01,1.27500000e+01,-5.37500000e-02,1.09375000e-02
-3.96085000e-07,6.25000000e-02,1.26375000e+01,-1.87500000e-02,2.26562500e-02
-3.95765000e-07,7.50000000e-02,1.28000000e+01,-2.68750000e-02,-1.32812500e-02
-3.95445000e-07,2.12500000e-01,1.26000000e+01,-9.37500000e-03,-3.82812500e-02
-3.95125000e-07,0.00000000e+00,1.26875000e+01,-2.68750000e-02,-1.56250000e-03
-3.94805000e-07,1.00000000e-01,1.26500000e+01,-4.06250000e-02,4.06250000e-02
-3.94485000e-07,1.12500000e-01,1.26250000e+01,-1.75000000e-02,-1.01562500e-02
-3.94165000e-07,6.25000000e-02,1.26250000e+01,-3.06250000e-02,-4.84375000e-02
-3.93845000e-07,1.00000000e-01,1.26125000e+01,-3.00000000e-02,-6.25000000e-02
-3.93525000e-07,7.50000000e-02,1.24875000e+01,-1.37500000e-02,-3.28125000e-02
-3.93205000e-07,1.12500000e-01,1.27375000e+01,-1.62500000e-02,-7.96875000e-02
-3.92885000e-07,1.75000000e-01,1.26250000e+01,-9.37500000e-03,-4.45312500e-02
-3.92565000e-07,1.25000000e-01,1.26125000e+01,-2.25000000e-02,-6.32812500e-02
-3.92245000e-07,6.25000000e-02,1.26250000e+01,-5.12500000e-02,-7.03125000e-03
-3.91925000e-07,1.87500000e-01,1.26750000e+01,-2.50000000e-02,-1.87500000e-02
-3.91605000e-07,2.25000000e-01,1.26250000e+01,3.75000000e-03,-8.20312500e-02
-3.91285000e-07,6.25000000e-02,1.26625000e+01,-2.81250000e-02,-6.95312500e-02
-3.90965000e-07,1.50000000e-01,1.27875000e+01,-2.25000000e-02,-5.23437500e-02
-3.90645000e-07,5.00000000e-02,1.27000000e+01,-1.25000000e-02,-3.12500000e-03
-3.90325000e-07,6.25000000e-02,1.25750000e+01,-1.00000000e-02,-7.65625000e-02
-3.90005000e-07,0.00000000e+00,1.27250000e+01,-3.62500000e-02,-9.14062500e-02
-3.89685000e-07,1.25000000e-01,1.26500000e+01,-2.81250000e-02,-8.20312500e-02
-3.89365000e-07,2.87500000e-01,1.26500000e+01,-1.87500000e-02,-8.59375000e-02
-3.89045000e-07,1.25000000e-01,1.24750000e+01,-6.87500000e-03,-7.26562500e-02
-3.88725000e-07,2.50000000e-02,1.26750000e+01,-2.56250000e-02,-6.09375000e-02
-3.88405000e-07,8.75000000e-02,1.26625000e+01,-2.00000000e-02,-2.57812500e-02
-3.88085000e-07,1.12500000e-01,1.26500000e+01,-2.18750000e-02,3.20312500e-02
-3.87765000e-07,1.25000000e-01,1.26000000e+01,-2.25000000e-02,-1.40625000e-02
-3.87445000e-07,1.50000000e-01,1.25750000e+01,-3.62500000e-02,-9.76562500e-02
-3.87125000e-07,6.25000000e-02,1.26000000e+01,-3.06250000e-02,-6.40625000e-02
-3.86805000e-07,1.00000000e-01,1.28125000e+01,-3.81250000e-02,2.34375000e-02
-3.86485000e-07,3.00000000e-01,1.26500000e+01,-4.31250000e-02,1.01562500e-02
-3.86165000e-07,2.00000000e-01,1.26750000e+01,-3.00000000e-02,2.73437500e-02
-3.85845000e-07,1.62500000e-01,1.25500000e+01,-1.37500000e-02,-1.09375000e-02
-3.85525000e-07,1.87500000e-01,1.26750000e+01,8.75000000e-03,-1.32812500e-02
-3.85205000e-07,1.25000000e-02,1.27250000e+01,-2.87500000e-02,1.25000000e-02
-3.84885000e-07,1.00000000e-01,1.26000000e+01,-4.87500000e-02,-5.54687500e-02
-3.84565000e-07,1.12500000e-01,1.25750000e+01,-4.87500000e-02,-7.65625000e-02
-3.84245000e-07,7.50000000e-02,1.26000000e+01,-4.81250000e-02,5.39062500e-02
-3.83925000e-07,1.25000000e-02,1.26000000e+01,-2.56250000e-02,4.76562500e-02
-3.83605000e-07,5.00000000e-02,1.26500000e+01,-2.50000000e-02,-6.32812500e-02
-3.83285000e-07,1.75000000e-01,1.25875000e+01,-1.87500000e-02,-5.46875000e-02
-3.82965000e-07,1.12500000e-01,1.26000000e+01,-1.62500000e-02,1.09375000e-02
-3.82645000e-07,1.50000000e-01,1.26000000e+01,-9.37500000e-03,-1.17187500e-02
-3.82325000e-07,1.37500000e-01,1.26500000e+01,-2.00000000e-02,5.46875000e-03
-3.82005000e-07,-6.25000000e-02,1.23625000e+01,-3.12500000e-02,1.04687500e-01
-3.81685000e-07,7.50000000e-02,1.26625000e+01,-3.56250000e-02,-7.81250000e-03
-3.81365000e-07,7.50000000e-02,1.27625000e+01,-5.06250000e-02,4.06250000e-02
-3.81045000e-07,1.12500000e-01,1.26750000e+01,-1.87500000e-02,8.90625000e-02
-3.80725000e-07,7.50000000e-02,1.25000000e+01,-3.87500000e-02,4.68750000e-03
-3.80405000e-07,1.75000000e-01,1.25375000e+01,-4.62500000e-02,2.42187500e-02
-3.80085000e-07,1.87500000e-01,1.26125000e+01,-3.12500000e-02,-6.25000000e-02
-3.79765000e-07,2.50000000e-02,1.26375000e+01,-2.75000000e-02,-7.18750000e-02
-3.79445000e-07,-5.00000000e-02,1.26250000e+01,-1.18750000e-02,-4.45312500e-02
-3.79125000e-07,5.00000000e-02,1.26250000e+01,-5.81250000e-02,-9.76562500e-02
-3.78805000e-07,2.50000000e-02,1.25750000e+01,-4.06250000e-02,-8.75000000e-02
-3.78485000e-07,2.50000000e-02,1.26250000e+01,-2.56250000e-02,-3.59375000e-02
-3.78165000e-07,5.00000000e-02,1.26875000e+01,-5.31250000e-02,-2.34375000e-03
-3.77845000e-07,2.12500000e-01,1.26375000e+01,-3.25000000e-02,7.03125000e-03
-3.77525000e-07,1.37500000e-01,1.25125000e+01,-1.62500000e-02,-3.35937500e-02
-3.77205000e-07,1.25000000e-02,1.26125000e+01,1.25000000e-03,-8.98437500e-02
-3.76885000e-07,1.12500000e-01,1.27000000e+01,-2.62500000e-02,-7.50000000e-02
-3.76565000e-07,1.75000000e-01,1.26500000e+01,-4.37500000e-02,2.26562500e-02
-3.76245000e-07,7.50000000e-02,1.27125000e+01,-4.37500000e-02,1.01562500e-01
-3.75925000e-07,1.00000000e-01,1.26125000e+01,-1.37500000e-02,4.84375000e-02
-3.75605000e-07,7.50000000e-02,1.25625000e+01,-4.12500000e-02,-1.25000000e-02
-3.75285000e-07,1.37500000e-01,1.26875000e+01,6.25000000e-04,-6.25000000e-03
-3.74965000e-07,1.87500000e-01,1.24750000e+01,-2.31250000e-02,-6.64062500e-02
-3.74645000e-07,2.00000000e-01,1.25500000e+01,-4.62500000e-02,-3.67187500e-02
-3.74325000e-07,7.50000000e-02,1.26000000e+01,-2.81250000e-02,5.46875000e-03
-3.74005000e-07,1.50000000e-01,1.27250000e+01,-4.06250000e-02,-2.42187500e-02
-3.73685000e-07,2.50000000e-02,1.26125000e+01,-1.68750000e-02,-5.15625000e-02
-3.73365000e-07,-2.50000000e-02,1.28125000e+01,-4.62500000e-02,-3.12500000e-02
-3.73045000e-07,1.25000000e-01,1.27625000e+01,-1.62500000e-02,-4.60937500e-02
-3.72725000e-07,1.62500000e-01,1.27000000e+01,-4.37500000e-03,-8.43750000e-02
-3.72405000e-07,1.00000000e-01,1.27625000e+01,-2.56250000e-02,-1.71875000e-02
-3.72085000e-07,1.00000000e-01,1.25750000e+01,-1.93750000e-02,1.87500000e-02
-3.71765000e-07,6.25000000e-02,1.26250000e+01,-6.87500000e-03,-5.31250000e-02
-3.71445000e-07,2.00000000e-01,1.27750000e+01,-9.37500000e-03,7.81250000e-03
-3.71125000e-07,1.37500000e-01,1.25750000e+01,-1.25000000e-02,2.50000000e-02
-3.70805000e-07,2.50000000e-02,1.27000000e+01,-3.06250000e-02,-1.56250000e-03
-3.70485000e-07,5.00000000e-02,1.27125000e+01,3.75000000e-03,-9.84375000e-02
-3.70165000e-07,1.00000000e-01,1.28000000e+01,-2.56250000e-02,-1.64843750e-01
-3.69845000e-07,2.00000000e-01,1.27250000e+01,-5.06250000e-02,-6.17187500e-02
-3.69525000e-07,1.50000000e-01,1.26250000e+01,-1.00000000e-02,-4.53125000e-02
-3.69205000e-07,1.12500000e-01,1.26125000e+01,-5.06250000e-02,-3.67187500e-02
-3.68885000e-07,2.12500000e-01,1.26750000e+01,-1.87500000e-02,-6.17187500e-02
-3.68565000e-07,2.12500000e-01,1.25500000e+01,-2.25000000e-02,-4.37500000e-02
-3.68245000e-07,1.50000000e-01,1.26000000e+01,-3.06250000e-02,6.17187500e-02
-3.67925000e-07,1.00000000e-01,1.26625000e+01,-1.37500000e-02,2.81250000e-02
-3.67605000e-07,-1.25000000e-02,1.26125000e+01,-1.25000000e-03,-3.43750000e-02
-3.67285000e-07,1.50000000e-01,1.26875000e+01,-1.75000000e-02,-4.68750000e-02
-3.66965000e-07,2.50000000e-01,1.25875000e+01,-7.00000000e-02,-6.09375000e-02
-3.66645000e-07,2.12500000e-01,1.26250000e+01,-2.50000000e-02,-8.20312500e-02
-3.66325000e-07,1.75000000e-01,1.25875000e+01,-3.81250000e-02,-6.79687500e-02
-3.66005000e-07,1.75000000e-01,1.26625000e+01,-3.75000000e-03,-4.21875000e-02
-3.65685000e-07,1.12500000e-01,1.26375000e+01,-3.68750000e-02,-4.76562500e-02
-3.65365000e-07,1.12500000e-01,1.27375000e+01,-3.06250000e-02,-6.71875000e-02
-3.65045000e-07,1.87500000e-01,1.26875000e+01,-9.37500000e-03,-7.65625000e-02
-3.64725000e-07,7.50000000e-02,1.25875000e+01,-3.06250000e-02,-8.04687500e-02
-3.64405000e-07,1.12500000e-01,1.26750000e+01,-2.18750000e-02,-1.17187500e-02
-3.64085000e-07,2.50000000e-02,1.25875000e+01,-2.93750000e-02,1.64062500e-02
-3.63765000e-07,8.75000000e-02,1.25125000e+01,-5.12500000e-02,-5.70312500e-02
-3.63445000e-07,5.00000000e-02,1.26750000e+01,-3.37500000e-02,-4.14062500e-02
-3.63125000e-07,6.25000000e-02,1.27750000e+01,-2.56250000e-02,4.29687500e-02
-3.62805000e-07,-3.75000000e-02,1.26125000e+01,-5.56250000e-02,8.51562500e-02
-3.62485000e-07,2.50000000e-02,1.25625000e+01,-2.56250000e-02,-1.56250000e-03
-3.62165000e-07,1.50000000e-01,1.26625000e+01,-3.56250000e-02,-1.14843750e-01
-3.61845000e-07,2.12500000e-01,1.26125000e+01,-2.75000000e-02,-1.03906250e-01
-3.61525000e-07,7.50000000e-02,1.25875000e+01,-1.62500000e-02,-5.23437500e-02
-3.61205000e-07,2.37500000e-01,1.26625000e+01,-3.56250000e-02,-4.92187500e-02
-3.60885000e-07,1.25000000e-01,1.26375000e+01,-1.25000000e-02,-1.01562500e-01
-3.60565000e-07,8.75000000e-02,1.26250000e+01,-4.12500000e-02,-1.56250000e-02
-3.60245000e-07,1.87500000e-01,1.26750000e+01,-1.18750000e-02,8.28125000e-02
-3.59925000e-07,1.50000000e-01,1.27125000e+01,-3.56250000e-02,7.03125000e-03
-3.59605000e-07,1.12500000e-01,1.26375000e+01,-2.75000000e-02,-1.42187500e-01
-3.59285000e-07,3.75000000e-02,1.27125000e+01,-8.75000000e-03,-1.39843750e-01
-3.58965000e-07,2.37500000e-01,1.26125000e+01,-1.68750000e-02,-1.22656250e-01
-3.58645000e-07,1.87500000e-01,1.25625000e+01,-5.12500000e-02,-5.15625000e-02
-3.58325000e-07,1.62500000e-01,1.25500000e+01,-4.25000000e-02,-2.34375000e-03
-3.58005000e-07,5.00000000e-02,1.28000000e+01,-6.25000000e-03,6.01562500e-02
-3.57685000e-07,1.50000000e-01,1.26250000e+01,-5.06250000e-02,1.56250000e-02
-3.57365000e-07,1.25000000e-02,1.27125000e+01,-3.31250000e-02,-1.12500000e-01
-3.57045000e-07,1.25000000e-01,1.27125000e+01,-1.87500000e-03,-1.49218750e-01
-3.56725000e-07,2.37500000e-01,1.25875000e+01,-6.25000000e-03,-2.89062500e-02
-3.56405000e-07,6.25000000e-02,1.25375000e+01,-1.75000000e-02,8.98437500e-02
-3.56085000e-07,1.75000000e-01,1.25750000e+01,-3.87500000e-02,9.92187500e-02
-3.55765000e-07,1.37500000e-01,1.26875000e+01,-2.75000000e-02,4.60937500e-02
-3.55445000e-07,7.50000000e-02,1.26250000e+01,-3.75000000e-03,-3.28125000e-02
-3.55125000e-07,2.25000000e-01,1.26000000e+01,-2.81250000e-02,-3.43750000e-02
-3.54805000e-07,1.25000000e-01,1.27000000e+01,-1.93750000e-02,-3.12500000e-02
-3.54485000e-07,8.75000000e-02,1.25250000e+01,-1.75000000e-02,-1.00000000e-01
-3.54165000e-07,1.37500000e-01,1.25750000e+01,-1.43750000e-02,-6.48437500e-02
-3.53845000e-07,1.75000000e-01,1.27125000e+01,-2.18750000e-02,-6.01562500e-02
-3.53525000e-07,1.50000000e-01,1.26625000e+01,-2.00000000e-02,-4.29687500e-02
-3.53205000e-07,1.25000000e-01,1.26875000e+01,-9.37500000e-03,-3.67187500e-02
-3.52885000e-07,1.00000000e-01,1.25750000e+01,-2.00000000e-02,-1.64062500e-02
-3.52565000e-07,1.87500000e-01,1.26125000e+01,-4.87500000e-02,2.34375000e-03
-3.52245000e-07,1.50000000e-01,1.26625000e+01,-4.50000000e-02,8.98437500e-02
-3.51925000e-07,5.00000000e-02,1.24750000e+01,6.25000000e-03,4.60937500e-02
-3.51605000e-07,1.75000000e-01,1.26875000e+01,-1.87500000e-02,-4.84375000e-02
-3.51285000e-07,6.25000000e-02,1.25750000e+01,-1.43750000e-02,-5.15625000e-02
-3.50965000e-07,3.75000000e-02,1.25875000e+01,-2.87500000e-02,-7.65625000e-02
-3.50645000e-07,1.50000000e-01,1.27250000e+01,-4.87500000e-02,-7.65625000e-02
-3.50325000e-07,2.50000000e-02,1.26750000e+01,-4.37500000e-02,6.25000000e-03
-3.50005000e-07,3.75000000e-02,1.25625000e+01,-4.81250000e-02,2.03125000e-02
-3.49685000e-07,-2.50000000e-02,1.26375000e+01,-1.87500000e-02,3.59375000e-02
-3.49365000e-07,1.00000000e-01,1.25875000e+01,-1.43750000e-02,-6.25000000e-03
-3.49045000e-07,1.25000000e-02,1.26250000e+01,-1.50000000e-02,-2.26562500e-02
-3.48725000e-07,1.50000000e-01,1.26125000e+01,-3.62500000e-02,-2.50000000e-02
-3.48405000e-07,6.25000000e-02,1.27000000e+01,-2.75000000e-02,-6.64062500e-02
-3.48085000e-07,5.00000000e-02,1.26250000e+01,-6.25000000e-03,-5.15625000e-02
-3.47765000e-07,8.75000000e-02,1.27000000e+01,-1.87500000e-02,-6.87500000e-02
-3.47445000e-07,-5.00000000e-02,1.27000000e+01,-6.87500000e-03,-1.11718750e-01
-3.47125000e-07,1.12500000e-01,1.26125000e+01,-2.25000000e-02,-1.09375000e-02
-3.46805000e-07,7.50000000e-02,1.25625000e+01,-3.81250000e-02,-4.84375000e-02
-3.46485000e-07,1.25000000e-01,1.26000000e+01,-6.25000000e-03,-6.25000000e-02
-3.46165000e-07,-2.50000000e-02,1.26875000e+01,-1.37500000e-02,-7.57812500e-02
-3.45845000e-07,1.00000000e-01,1.27875000e+01,-3.12500000e-02,-1.95312500e-02
-3.45525000e-07,3.75000000e-02,1.25750000e+01,-3.62500000e-02,7.50000000e-02
-3.45205000e-07,6.25000000e-02,1.26750000e+01,-2.18750000e-02,9.37500000e-02
-3.44885000e-07,1.25000000e-01,1.25375000e+01,-1.18750000e-02,3.20312500e-02
-3.44565000e-07,1.12500000e-01,1.27000000e+01,-1.00000000e-02,1.95312500e-02
-3.44245000e-07,1.50000000e-01,1.25625000e+01,-3.37500000e-02,-1.01562500e-02
-3.43925000e-07,5.00000000e-02,1.26375000e+01,-1.37500000e-02,-1.64062500e-02
-3.43605000e-07,6.25000000e-02,1.24625000e+01,-9.37500000e-03,1.32812500e-02
-3.43285000e-07,5.00000000e-02,1.26375000e+01,-3.06250000e-02,0.00000000e+00
-3.42965000e-07,1.12500000e-01,1.25875000e+01,-7.50000000e-03,1.40625000e-02
-3.42645000e-07,3.75000000e-02,1.28375000e+01,-4.12500000e-02,4.84375000e-02
-3.42325000e-07,1.00000000e-01,1.26125000e+01,-1.62500000e-02,-2.96875000e-02
-3.42005000e-07,1.37500000e-01,1.25625000e+01,6.25000000e-04,-2.57812500e-02
-3.41685000e-07,8.75000000e-02,1.26625000e+01,-2.87500000e-02,-1.71875000e-02
-3.41365000e-07,1.62500000e-01,1.28750000e+01,-5.37500000e-02,-4.29687500e-02
-3.41045000e-07,1.25000000e-01,1.26875000e+01,-4.12500000e-02,-5.07812500e-02
-3.40725000e-07,1.87500000e-01,1.24250000e+01,-2.56250000e-02,-1.79687500e-02
-3.40405000e-07,1.25000000e-02,1.25250000e+01,-4.31250000e-02,-7.81250000e-03
-3.40085000e-07,6.25000000e-02,1.27000000e+01,-6.06250000e-02,6.87500000e-02
-3.39765000e-07,1.12500000e-01,1.26000000e+01,-3.50000000e-02,1.10937500e-01
-3.39445000e-07,1.50000000e-01,1.26000000e+01,1.25000000e-03,3.12500000e-02
-3.39125000e-07,-3.75000000e-02,1.26625000e+01,-1.37500000e-02,-2.57812500e-02
-3.38805000e-07,8.75000000e-02,1.27625000e+01,-2.00000000e-02,7.57812500e-02
-3.38485000e-07,-3.75000000e-02,1.25250000e+01,-3.31250000e-02,1.14843750e-01
-3.38165000e-07,1.25000000e-01,1.26875000e+01,-1.25000000e-03,1.15625000e-01
-3.37845000e-07,1.25000000e-02,1.26000000e+01,-3.81250000e-02,8.04687500e-02
-3.37525000e-07,7.50000000e-02,1.26625000e+01,-3.31250000e-02,4.92187500e-02
-3.37205000e-07,-1.25000000e-02,1.26125000e+01,-1.50000000e-02,3.67187500e-02
-3.36885000e-07,1.50000000e-01,1.26000000e+01,-4.81250000e-02,9.37500000e-03
-3.36565000e-07,8.75000000e-02,1.25500000e+01,-1.87500000e-02,2.34375000e-02
-3.36245000e-07,3.75000000e-02,1.26000000e+01,-2.87500000e-02,2.18750000e-02
-3.35925000e-07,1.25000000e-02,1.25625000e+01,-5.87500000e-02,7.81250000e-03
-3.35605000e-07,2.12500000e-01,1.26375000e+01,8.12500000e-03,3.12500000e-03
-3.35285000e-07,1.12500000e-01,1.25875000e+01,-1.00000000e-02,7.10937500e-02
-3.34965000e-07,2.50000000e-02,1.28875000e+01,-2.81250000e-02,1.35156250e-01
-3.34645000e-07,5.00000000e-02,1.26875000e+01,-9.37500000e-03,7.03125000e-02
-3.34325000e-07,1.25000000e-02,1.25625000e+01,-2.81250000e-02,7.81250000e-04
-3.34005000e-07,1.00000000e-01,1.26125000e+01,-2.50000000e-02,4.60937500e-02
-3.33685000e-07,3.75000000e-02,1.27375000e+01,-3.06250000e-02,3.90625000e-02
-3.33365000e-07,7.50000000e-02,1.25875000e+01,-2.50000000e-02,3.75000000e-02
-3.33045000e-07,1.75000000e-01,1.24625000e+01,-1.25000000e-02,5.46875000e-03
-3.32725000e-07,1.00000000e-01,1.27125000e+01,-3.06250000e-02,-5.15625000e-02
-3.32405000e-07,1.62500000e-01,1.27250000e+01,-3.56250000e-02,-3.90625000e-03
-3.32085000e-07,-2.50000000e-02,1.26875000e+01,-4.31250000e-02,6.95312500e-02
-3.31765000e-07,1.75000000e-01,1.26625000e+01,-8.75000000e-03,1.56250000e-03
-3.31445000e-07,1.87500000e-01,1.25875000e+01,-3.62500000e-02,-6.95312500e-02
-3.31125000e-07,1.37500000e-01,1.25000000e+01,-4.12500000e-02,-5.00000000e-02
-3.30805000e-07,5.00000000e-02,1.25500000e+01,-3.12500000e-02,-5.00000000e-02
-3.30485000e-07,6.25000000e-02,1.27250000e+01,-3.56250000e-02,-6.87500000e-02
-3.30165000e-07,1.12500000e-01,1.24500000e+01,-3.00000000e-02,-7.57812500e-02
-3.29845000e-07,7.50000000e-02,1.26000000e+01,-1.37500000e-02,-3.12500000e-02
-3.29525000e-07,3.75000000e-02,1.26375000e+01,-2.56250000e-02,-5.00000000e-02
-3.29205000e-07,-3.75000000e-02,1.26750000e+01,-4.12500000e-02,-5.54687500e-02
-3.28885000e-07,1.62500000e-01,1.25250000e+01,-3.81250000e-02,-9.37500000e-03
-3.28565000e-07,1.12500000e-01,1.26250000e+01,-2.81250000e-02,5.62500000e-02
-3.28245000e-07,0.00000000e+00,1.26125000e+01,-3.31250000e-02,-6.56250000e-02
-3.27925000e-07,8.75000000e-02,1.26000000e+01,-2.56250000e-02,-9.21875000e-02
-3.27605000e-07,1.50000000e-01,1.25500000e+01,-1.37500000e-02,-6.48437500e-02
-3.27285000e-07,6.25000000e-02,1.26125000e+01,-1.18750000e-02,-1.28906250e-01
-3.26965000e-07,1.25000000e-01,1.25750000e+01,-5.12500000e-02,-6.01562500e-02
-3.26645000e-07,2.50000000e-01,1.27875000e+01,-4.75000000e-02,-4.92187500e-02
-3.26325000e-07,1.75000000e-01,1.27000000e+01,6.25000000e-03,-5.23437500e-02
-3.26005000e-07,-2.50000000e-02,1.26375000e+01,1.25000000e-03,-9.21875000e-02
-3.25685000e-07,0.00000000e+00,1.24750000e+01,-1.68750000e-02,-1.25000000e-02
-3.25365000e-07,1.00000000e-01,1.25750000e+01,-4.12500000e-02,2.57812500e-02
-3.25045000e-07,1.25000000e-02,1.26250000e+01,-4.37500000e-02,-3.12500000e-02
-3.24725000e-07,1.50000000e-01,1.25625000e+01,-3.06250000e-02,-1.32812500e-02
-3.24405000e-07,1.87500000e-01,1.25750000e+01,-3.81250000e-02,-8.59375000e-03
-3.24085000e-07,1.62500000e-01,1.26750000e+01,-1.62500000e-02,-7.10937500e-02
-3.23765000e-07,1.62500000e-01,1.27625000e+01,-1.06250000e-02,-7.73437500e-02
-3.23445000e-07,-5.00000000e-02,1.26250000e+01,-3.87500000e-02,-3.04687500e-02
-3.23125000e-07,0.00000000e+00,1.26375000e+01,-3.06250000e-02,-3.35937500e-02
-3.22805000e-07,5.00000000e-02,1.26875000e+01,-3.81250000e-02,-4.84375000e-02
-3.22485000e-07,7.50000000e-02,1.25000000e+01,-2.18750000e-02,-4.92187500e-02
-3.22165000e-07,2.50000000e-02,1.26375000e+01,-4.62500000e-02,-3.51562500e-02
-3.21845000e-07,1.50000000e-01,1.25500000e+01,-3.56250000e-02,6.25000000e-03
-3.21525000e-07,5.00000000e-02,1.27250000e+01,-3.06250000e-02,-3.67187500e-02
-3.21205000e-07,6.25000000e-02,1.26250000e+01,-2.75000000e-02,-4.76562500e-02
-3.20885000e-07,3.75000000e-02,1.26500000e+01,-1.93750000e-02,-2.10937500e-02
-3.20565000e-07,1.50000000e-01,1.24500000e+01,-4.06250000e-02,5.70312500e-02
-3.20245000e-07,2.62500000e-01,1.25625000e+01,-4.50000000e-02,6.71875000e-02
-3.19925000e-07,1.62500000e-01,1.25625000e+01,-1.25000000e-03,2.03125000e-02
-3.19605000e-07,1.00000000e-01,1.26875000e+01,-1.68750000e-02,-3.90625000e-02
-3.19285000e-07,1.87500000e-01,1.26125000e+01,-2.87500000e-02,-1.23437500e-01
-3.18965000e-07,2.00000000e-01,1.26750000e+01,-2.81250000e-02,-5.70312500e-02
-3.18645000e-07,1.50000000e-01,1.26125000e+01,-4.81250000e-02,3.28125000e-02
-3.18325000e-07,8.75000000e-02,1.26750000e+01,-6.06250000e-02,-5.46875000e-02
-3.18005000e-07,-2.50000000e-02,1.26500000e+01,-4.06250000e-02,-1.39062500e-01
-3.17685000e-07,5.00000000e-02,1.25750000e+01,-2.12500000e-02,-8.75000000e-02
-3.17365000e-07,1.25000000e-01,1.27250000e+01,8.12500000e-03,6.56250000e-02
-3.17045000e-07,-5.00000000e-02,1.25750000e+01,-4.37500000e-02,7.50000000e-02
-3.16725000e-07,3.75000000e-02,1.25000000e+01,-4.31250000e-02,-1.95312500e-02
-3.16405000e-07,3.75000000e-02,1.26000000e+01,5.62500000e-03,-9.21875000e-02
-3.16085000e-07,1.62500000e-01,1.27250000e+01,-9.37500000e-03,-4.14062500e-02
-3.15765000e-07,2.00000000e-01,1.27250000e+01,-2.62500000e-02,1.05468750e-01
-3.15445000e-07,1.62500000e-01,1.26125000e+01,-2.56250000e-02,8.59375000e-02
-3.15125000e-07,1.00000000e-01,1.26375000e+01,-3.56250000e-02,1.95312500e-02
-3.14805000e-07,1.00000000e-01,1.25750000e+01,-1.37500000e-02,3.04687500e-02
-3.14485000e-07,5.00000000e-02,1.25000000e+01,5.62500000e-03,-2.26562500e-02
-3.14165000e-07,7.50000000e-02,1.27125000e+01,-2.87500000e-02,7.81250000e-03
-3.13845000e-07,3.75000000e-02,1.27875000e+01,-2.18750000e-02,5.78125000e-02
-3.13525000e-07,1.25000000e-01,1.25875000e+01,-1.81250000e-02,-3.90625000e-03
-3.13205000e-07,2.00000000e-01,1.26500000e+01,-2.18750000e-02,-6.25000000e-03
-3.12885000e-07,1.25000000e-01,1.26750000e+01,-1.50000000e-02,-4.68750000e-03
-3.12565000e-07,1.37500000e-01,1.25625000e+01,-5.37500000e-02,-4.29687500e-02
-3.12245000e-07,1.87500000e-01,1.25250000e+01,-3.00000000e-02,-7.96875000e-02
-3.11925000e-07,1.62500000e-01,1.27375000e+01,-3.56250000e-02,-4.68750000e-03
-3.11605000e-07,7.50000000e-02,1.26750000e+01,-4.50000000e-02,1.17187500e-02
-3.11285000e-07,1.25000000e-01,1.28125000e+01,-1.75000000e-02,-5.78125000e-02
-3.10965000e-07,1.50000000e-01,1.25625000e+01,-4.06250000e-02,-7.03125000e-02
-3.10645000e-07,1.00000000e-01,1.25125000e+01,-1.68750000e-02,-8.20312500e-02
-3.10325000e-07,-6.25000000e-02,1.26250000e+01,-3.87500000e-02,-3.90625000e-03
-3.10005000e-07,3.75000000e-02,1.26875000e+01,-1.62500000e-02,6.09375000e-02
-3.09685000e-07,5.00000000e-02,1.25250000e+01,-2.50000000e-03,8.35937500e-02
-3.09365000e-07,8.75000000e-02,1.27000000e+01,-4.31250000e-02,6.64062500e-02
-3.09045000e-07,7.50000000e-02,1.24875000e+01,-1.68750000e-02,4.84375000e-02
-3.08725000e-07,5.00000000e-02,1.26125000e+01,-2.12500000e-02,-3.12500000e-03
-3.08405000e-07,8.75000000e-02,1.25875000e+01,-7.50000000e-03,-9.60937500e-02
-3.08085000e-07,1.37500000e-01,1.26875000e+01,-5.12500000e-02,-8.35937500e-02
-3.07765000e-07,3.75000000e-02,1.26125000e+01,-1.37500000e-02,3.35937500e-02
-3.07445000e-07,7.50000000e-02,1.25250000e+01,-3.37500000e-02,2.89062500e-02
-3.07125000e-07,6.25000000e-02,1.25000000e+01,-2.56250000e-02,4.14062500e-02
-3.06805000e-07,1.00000000e-01,1.27375000e+01,-3.12500000e-02,6.17187500e-02
-3.06485000e-07,8.75000000e-02,1.25625000e+01,-7.18750000e-02,4.76562500e-02
-3.06165000e-07,7.50000000e-02,1.27000000e+01,-2.87500000e-02,4.60937500e-02
-3.05845000e-07,1.62500000e-01,1.25750000e+01,-4.81250000e-02,3.12500000e-03
-3.05525000e-07,1.62500000e-01,1.25750000e+01,-4.81250000e-02,-4.68750000e-03
-3.05205000e-07,1.00000000e-01,1.25500000e+01,-4.31250000e-02,5.78125000e-02
-3.04885000e-07,-1.25000000e-02,1.25375000e+01,-3.06250000e-02,-8.59375000e-03
-3.04565000e-07,1.87500000e-01,1.25125000e+01,-4.81250000e-02,3.90625000e-03
-3.04245000e-07,8.75000000e-02,1.28000000e+01,-2.50000000e-02,4.21875000e-02
-3.03925000e-07,1.25000000e-01,1.27000000e+01,-1.93750000e-02,2.50000000e-02
-3.03605000e-07,2.50000000e-02,1.27000000e+01,-4.81250000e-02,1.09375000e-02
-3.03285000e-07,5.00000000e-02,1.25125000e+01,-3.75000000e-03,-3.51562500e-02
-3.02965000e-07,1.00000000e-01,1.27000000e+01,-4.12500000e-02,-4.53125000e-02
-3.02645000e-07,8.75000000e-02,1.26000000e+01,-2.18750000e-02,-5.62500000e-02
-3.02325000e-07,1.37500000e-01,1.25000000e+01,-1.25000000e-02,-3.59375000e-02
-3.02005000e-07,-1.25000000e-02,1.27625000e+01,-2.00000000e-02,1.56250000e-02
-3.01685000e-07,-2.50000000e-02,1.26250000e+01,-3.37500000e-02,1.06250000e-01
-3.01365000e-07,1.12500000e-01,1.26500000e+01,-4.06250000e-02,9.53125000e-02
-3.01045000e-07,8.75000000e-02,1.26125000e+01,-5.06250000e-02,3.51562500e-02
-3.00725000e-07,1.00000000e-01,1.25125000e+01,-3.25000000e-02,-3.67187500e-02
-3.00405000e-07,5.00000000e-02,1.27375000e+01,-6.25000000e-03,1.01562500e-02
-3.00085000e-07,2.50000000e-02,1.27125000e+01,-3.00000000e-02,3.12500000e-02
-2.99765000e-07,1.50000000e-01,1.26875000e+01,-1.68750000e-02,4.68750000e-03
-2.99445000e-07,1.12500000e-01,1.26375000e+01,-3.62500000e-02,6.25000000e-03
-2.99125000e-07,1.37500000e-01,1.27625000e+01,-4.37500000e-02,5.23437500e-02
-2.98805000e-07,6.25000000e-02,1.26000000e+01,-1.43750000e-02,-3.98437500e-02
-2.98485000e-07,1.25000000e-01,1.27750000e+01,-3.87500000e-02,-6.01562500e-02
-2.98165000e-07,2.00000000e-01,1.26500000e+01,-1.93750000e-02,-4.84375000e-02
-2.97845000e-07,6.25000000e-02,1.25000000e+01,-4.18750000e-02,-2.18750000e-02
-2.97525000e-07,1.25000000e-02,1.26625000e+01,-3.56250000e-02,7.03125000e-03
-2.97205000e-07,1.37500000e-01,1.26250000e+01,8.12500000e-03,9.37500000e-03
-2.96885000e-07,2.12500000e-01,1.26125000e+01,-2.56250000e-02,-1.64062500e-02
-2.96565000e-07,8.75000000e-02,1.25625000e+01,-5.12500000e-02,-4.68750000e-03
-2.96245000e-07,0.00000000e+00,1.26000000e+01,-6.37500000e-02,-4.37500000e-02
-2.95925000e-07,1.00000000e-01,1.26500000e+01,-3.56250000e-02,-8.82812500e-02
-2.95605000e-07,1.25000000e-01,1.27375000e+01,-1.93750000e-02,-3.90625000e-02
-2.95285000e-07,0.00000000e+00,1.26125000e+01,-4.12500000e-02,2.73437500e-02
-2.94965000e-07,2.00000000e-01,1.24625000e+01,-2.50000000e-02,6.25000000e-03
-2.94645000e-07,1.62500000e-01,1.26625000e+01,-3.75000000e-03,-1.01562500e-02
-2.94325000e-07,8.75000000e-02,1.26125000e+01,-1.93750000e-02,5.46875000e-03
-2.94005000e-07,0.00000000e+00,1.27875000e+01,-4.62500000e-02,3.35937500e-02
-2.93685000e-07,7.50000000e-02,1.25375000e+01,-3.06250000e-02,-3.28125000e-02
-2.93365000e-07,1.62500000e-01,1.26875000e+01,-2.56250000e-02,-3.59375000e-02
-2.93045000e-07,1.62500000e-01,1.26125000e+01,-1.87500000e-02,-4.53125000e-02
-2.92725000e-07,6.25000000e-02,1.27000000e+01,-2.00000000e-02,-1.03906250e-01
-2.92405000e-07,1.25000000e-01,1.24500000e+01,-4.62500000e-02,-1.79687500e-02
-2.92085000e-07,1.75000000e-01,1.26500000e+01,-3.56250000e-02,5.00000000e-02
-2.91765000e-07,1.25000000e-02,1.26500000e+01,-1.62500000e-02,-3.20312500e-02
-2.91445000e-07,1.25000000e-02,1.26875000e+01,-4.12500000e-02,-5.23437500e-02
-2.91125000e-07,7.50000000e-02,1.27500000e+01,-4.12500000e-02,-4.29687500e-02
-2.90805000e-07,7.50000000e-02,1.28000000e+01,-1.43750000e-02,-1.31250000e-01
-2.90485000e-07,5.00000000e-02,1.25000000e+01,-9.37500000e-03,-1.59375000e-01
-2.90165000e-07,1.25000000e-01,1.26000000e+01,-3.62500000e-02,-9.53125000e-02
-2.89845000e-07,1.12500000e-01,1.26000000e+01,-4.06250000e-02,-2.65625000e-02
-2.89525000e-07,3.75000000e-02,1.27125000e+01,1.06250000e-02,7.03125000e-03
-2.89205000e-07,1.00000000e-01,1.25500000e+01,-2.56250000e-02,-4.68750000e-03
-2.88885000e-07,2.50000000e-02,1.26625000e+01,-4.62500000e-02,-7.81250000e-04
-2.88565000e-07,3.75000000e-02,1.25750000e+01,-3.62500000e-02,-5.46875000e-03
-2.88245000e-07,7.50000000e-02,1.27625000e+01,-2.81250000e-02,-6.01562500e-02
-2.87925000e-07,1.50000000e-01,1.25625000e+01,-5.31250000e-02,-2.16406250e-01
-2.87605000e-07,2.50000000e-02,1.26875000e+01,-3.31250000e-02,-1.41406250e-01
-2.87285000e-07,1.25000000e-01,1.26750000e+01,-2.12500000e-02,1.40625000e-02
-2.86965000e-07,2.50000000e-02,1.27375000e+01,-3.12500000e-02,-1.09375000e-02
-2.86645000e-07,1.50000000e-01,1.26375000e+01,-4.62500000e-02,2.42187500e-02
-2.86325000e-07,1.50000000e-01,1.27500000e+01,-4.06250000e-02,4.14062500e-02
-2.86005000e-07,6.25000000e-02,1.26625000e+01,-1.68750000e-02,-3.98437500e-02
-2.85685000e-07,-1.25000000e-02,1.25250000e+01,-2.12500000e-02,-4.76562500e-02
-2.85365000e-07,3.75000000e-02,1.26125000e+01,-2.25000000e-02,-6.95312500e-02
-2.85045000e-07,1.12500000e-01,1.27375000e+01,-9.37500000e-03,-5.93750000e-02
-2.84725000e-07,2.50000000e-02,1.23750000e+01,-7.50000000e-03,-7.96875000e-02
-2.84405000e-07,2.12500000e-01,1.27000000e+01,-7.00000000e-02,-7.34375000e-02
-2.84085000e-07,1.50000000e-01,1.26750000e+01,-6.25000000e-03,-6.01562500e-02
-2.83765000e-07,-2.50000000e-02,1.26500000e+01,-4.37500000e-02,-2.26562500e-02
-2.83445000e-07,1.25000000e-01,1.26375000e+01,-4.31250000e-02,0.00000000e+00
-2.83125000e-07,1.37500000e-01,1.27250000e+01,-1.18750000e-02,-9.45312500e-02
-2.82805000e-07,1.25000000e-01,1.26250000e+01,-1.87500000e-02,-1.44531250e-01
-2.82485000e-07,7.50000000e-02,1.26250000e+01,-1.18750000e-02,-1.56250000e-03
-2.82165000e-07,1.50000000e-01,1.26625000e+01,-2.25000000e-02,-3.98437500e-02
-2.81845000e-07,2.50000000e-02,1.25750000e+01,-5.12500000e-02,-7.50000000e-02
-2.81525000e-07,1.37500000e-01,1.26625000e+01,-6.25000000e-03,-3.75000000e-02
-2.81205000e-07,-8.75000000e-02,1.26000000e+01,-3.37500000e-02,1.56250000e-02
-2.80885000e-07,7.50000000e-02,1.25500000e+01,-2.81250000e-02,3.90625000e-02
-2.80565000e-07,1.00000000e-01,1.27125000e+01,-1.87500000e-03,-6.71875000e-02
-2.80245000e-07,7.50000000e-02,1.26250000e+01,-2.81250000e-02,-4.37500000e-02
-2.79925000e-07,6.25000000e-02,1.26500000e+01,-3.12500000e-02,-2.26562500e-02
-2.79605000e-07,7.50000000e-02,1.24625000e+01,-2.87500000e-02,-8.04687500e-02
-2.79285000e-07,8.75000000e-02,1.26250000e+01,-4.06250000e-02,0.00000000e+00
-2.78965000e-07,-2.50000000e-02,1.26000000e+01,-4.06250000e-02,3.28125000e-02
-2.78645000e-07,-3.75000000e-02,1.26000000e+01,-4.50000000e-02,5.39062500e-02
-2.78325000e-07,1.37500000e-01,1.27250000e+01,-1.25000000e-03,5.93750000e-02
-2.78005000e-07,1.87500000e-01,1.26750000e+01,-2.56250000e-02,1.87500000e-02
-2.77685000e-07,5.00000000e-02,1.25375000e+01,-3.62500000e-02,2.57812500e-02
-2.77365000e-07,1.12500000e-01,1.26625000e+01,-5.12500000e-02,-2.03125000e-02
-2.77045000e-07,5.00000000e-02,1.26875000e+01,-3.06250000e-02,-7.81250000e-02
-2.76725000e-07,1.50000000e-01,1.26250000e+01,-6.93750000e-02,-7.18750000e-02
-2.76405000e-07,6.25000000e-02,1.25750000e+01,3.75000000e-03,4.68750000e-02
-2.76085000e-07,6.25000000e-02,1.25750000e+01,-2.87500000e-02,3.59375000e-02
-2.75765000e-07,1.37500000e-01,1.25625000e+01,-2.25000000e-02,-3.20312500e-02
-2.75445000e-07,1.00000000e-01,1.25500000e+01,-3.12500000e-02,4.68750000e-03
-2.75125000e-07,1.25000000e-02,1.26500000e+01,8.75000000e-03,1.32812500e-02
-2.74805000e-07,1.00000000e-01,1.27625000e+01,-1.25000000e-03,-5.54687500e-02
-2.74485000e-07,1.25000000e-01,1.25500000e+01,-4.12500000e-02,-1.17187500e-02
-2.74165000e-07,1.62500000e-01,1.27625000e+01,-4.37500000e-02,1.11718750e-01
-2.73845000e-07,7.50000000e-02,1.27125000e+01,-2.25000000e-02,8.04687500e-02
-2.73525000e-07,1.37500000e-01,1.26250000e+01,-3.37500000e-02,1.64062500e-02
-2.73205000e-07,1.00000000e-01,1.26625000e+01,-1.93750000e-02,2.34375000e-03
-2.72885000e-07,1.12500000e-01,1.26500000e+01,-2.18750000e-02,-3.90625000e-03
-2.72565000e-07,2.50000000e-02,1.25000000e+01,-2.25000000e-02,-6.01562500e-02
-2.72245000e-07,1.12500000e-01,1.25500000e+01,-2.87500000e-02,-5.54687500e-02
-2.71925000e-07,2.50000000e-02,1.25875000e+01,-5.31250000e-02,4.06250000e-02
-2.71605000e-07,6.25000000e-02,1.26625000e+01,-4.81250000e-02,-3.90625000e-03
-2.71285000e-07,-5.00000000e-02,1.25750000e+01,-4.31250000e-02,-7.26562500e-02
-2.70965000e-07,1.25000000e-02,1.26625000e+01,-4.00000000e-02,-4.06250000e-02
-2.70645000e-07,8.75000000e-02,1.26625000e+01,-2.18750000e-02,1.48437500e-02
-2.70325000e-07,7.50000000e-02,1.25250000e+01,-1.93750000e-02,-4.68750000e-03
-2.70005000e-07,0.00000000e+00,1.25500000e+01,-3.31250000e-02,-2.18750000e-02
-2.69685000e-07,1.25000000e-02,1.26500000e+01,1.12500000e-02,1.64062500e-02
-2.69365000e-07,8.75000000e-02,1.27125000e+01,-3.06250000e-02,-9.37500000e-03
-2.69045000e-07,7.50000000e-02,1.25250000e+01,-1.93750000e-02,-2.34375000e-02
-2.68725000e-07,7.50000000e-02,1.24875000e+01,-2.31250000e-02,3.51562500e-02
-2.68405000e-07,1.00000000e-01,1.27000000e+01,-4.62500000e-02,8.35937500e-02
-2.68085000e-07,8.75000000e-02,1.26000000e+01,-3.31250000e-02,4.06250000e-02
-2.67765000e-07,-1.25000000e-02,1.28000000e+01,-8.75000000e-03,-3.20312500e-02
-2.67445000e-07,1.25000000e-02,1.24875000e+01,-2.87500000e-02,-1.39843750e-01
-2.67125000e-07,6.25000000e-02,1.26000000e+01,-3.87500000e-02,-9.68750000e-02
-2.66805000e-07,-1.25000000e-02,1.24625000e+01,-3.62500000e-02,2.10937500e-02
-2.66485000e-07,1.25000000e-01,1.26875000e+01,-3.75000000e-03,5.23437500e-02
-2.66165000e-07,8.75000000e-02,1.27125000e+01,-3.12500000e-02,-4.68750000e-03
-2.65845000e-07,6.25000000e-02,1.26500000e+01,-5.06250000e-02,-3.51562500e-02
-2.65525000e-07,8.75000000e-02,1.26375000e+01,1.31250000e-02,-1.71875000e-02
-2.65205000e-07,1.25000000e-01,1.26250000e+01,-6.87500000e-03,-2.34375000e-03
-2.64885000e-07,6.25000000e-02,1.24875000e+01,-5.37500000e-02,-4.60937500e-02
-2.64565000e-07,1.25000000e-01,1.25750000e+01,-2.81250000e-02,-8.51562500e-02
-2.64245000e-07,2.50000000e-02,1.26875000e+01,-6.06250000e-02,-3.59375000e-02
-2.63925000e-07,2.12500000e-01,1.26750000e+01,-3.75000000e-02,-1.01562500e-02
-2.63605000e-07,2.50000000e-02,1.25000000e+01,-9.37500000e-03,7.81250000e-04
-2.63285000e-07,6.25000000e-02,1.26125000e+01,-3.81250000e-02,4.68750000e-03
-2.62965000e-07,1.37500000e-01,1.26125000e+01,-2.56250000e-02,-2.50000000e-02
-2.62645000e-07,-7.50000000e-02,1.26875000e+01,-4.06250000e-02,-8.90625000e-02
-2.62325000e-07,5.00000000e-02,1.25750000e+01,-2.81250000e-02,-1.21875000e-01
-2.62005000e-07,7.50000000e-02,1.27000000e+01,-4.00000000e-02,-9.29687500e-02
-2.61685000e-07,1.25000000e-02,1.25875000e+01,6.25000000e-03,-8.59375000e-03
-2.61365000e-07,1.25000000e-02,1.26250000e+01,-2.81250000e-02,-2.73437500e-02
-2.61045000e-07,1.25000000e-02,1.26750000e+01,-1.18750000e-02,-4.06250000e-02
-2.60725000e-07,1.25000000e-02,1.27875000e+01,1.50000000e-02,3.67187500e-02
-2.60405000e-07,3.75000000e-02,1.25375000e+01,-6.87500000e-03,4.06250000e-02
-2.60085000e-07,1.12500000e-01,1.27250000e+01,-3.37500000e-02,-1.64062500e-02
-2.59765000e-07,7.50000000e-02,1.26125000e+01,-3.62500000e-02,-5.39062500e-02
-2.59445000e-07,1.00000000e-01,1.26625000e+01,-1.93750000e-02,-6.64062500e-02
-2.59125000e-07,5.00000000e-02,1.25875000e+01,-2.25000000e-02,-2.18750000e-02
-2.58805000e-07,1.87500000e-01,1.25625000e+01,-3.87500000e-02,1.25000000e-02
-2.58485000e-07,7.50000000e-02,1.26000000e+01,-3.56250000e-02,7.81250000e-03
-2.58165000e-07,1.25000000e-01,1.26375000e+01,-5.56250000e-02,2.96875000e-02
-2.57845000e-07,1.25000000e-01,1.26000000e+01,-2.75000000e-02,-4.84375000e-02
-2.57525000e-07,8.75000000e-02,1.26375000e+01,-2.18750000e-02,-1.01562500e-01
-2.57205000e-07,7.50000000e-02,1.26750000e+01,-4.06250000e-02,8.59375000e-03
-2.56885000e-07,-3.75000000e-02,1.25625000e+01,-1.12500000e-02,-7.03125000e-03
-2.56565000e-07,5.00000000e-02,1.25375000e+01,-3.37500000e-02,-9.21875000e-02
-2.56245000e-07,8.75000000e-02,1.25375000e+01,-4.62500000e-02,-3.43750000e-02
-2.55925000e-07,2.50000000e-02,1.25000000e+01,-2.87500000e-02,1.56250000e-02
-2.55605000e-07,7.50000000e-02,1.27625000e+01,-5.06250000e-02,3.67187500e-02
-2.55285000e-07,5.00000000e-02,1.27625000e+01,-4.31250000e-02,3.20312500e-02
-2.54965000e-07,8.75000000e-02,1.26625000e+01,-3.50000000e-02,3.04687500e-02
-2.54645000e-07,1.25000000e-01,1.26500000e+01,-2.18750000e-02,-6.32812500e-02
-2.54325000e-07,1.25000000e-01,1.26000000e+01,-2.18750000e-02,-1.14843750e-01
-2.54005000e-07,1.75000000e-01,1.25125000e+01,-4.12500000e-02,-7.50000000e-02
-2.53685000e-07,1.00000000e-01,1.26125000e+01,-4.31250000e-02,-3.20312500e-02
-2.53365000e-07,8.75000000e-02,1.25625000e+01,-2.50000000e-02,-7.81250000e-04
-2.53045000e-07,1.50000000e-01,1.25750000e+01,-2.56250000e-02,1.01562500e-02
-2.52725000e-07,1.62500000e-01,1.26250000e+01,-5.56250000e-02,-3.04687500e-02
-2.52405000e-07,-1.25000000e-02,1.26500000e+01,-1.18750000e-02,-6.56250000e-02
-2.52085000e-07,1.37500000e-01,1.26000000e+01,-2.62500000e-02,-1.14062500e-01
-2.51765000e-07,3.75000000e-02,1.26250000e+01,-4.12500000e-02,-5.78125000e-02
-2.51445000e-07,1.00000000e-01,1.25125000e+01,-4.12500000e-02,-1.01562500e-02
-2.51125000e-07,8.75000000e-02,1.27125000e+01,-1.37500000e-02,-8.59375000e-03
-2.50805000e-07,1.12500000e-01,1.25750000e+01,2.56250000e-02,-5.93750000e-02
-2.50485000e-07,-1.25000000e-02,1.26250000e+01,-1.75000000e-02,-1.25000000e-02
-2.50165000e-07,1.00000000e-01,1.27000000e+01,-4.37500000e-02,6.64062500e-02
-2.49845000e-07,1.75000000e-01,1.28125000e+01,-2.12500000e-02,7.81250000e-03
-2.49525000e-07,3.75000000e-02,1.26375000e+01,-1.75000000e-02,1.56250000e-03
-2.49205000e-07,1.25000000e-02,1.25750000e+01,-4.12500000e-02,-4.60937500e-02
-2.48885000e-07,-8.75000000e-02,1.26250000e+01,-3.06250000e-02,-6.87500000e-02
-2.48565000e-07,1.50000000e-01,1.26875000e+01,-3.25000000e-02,-2.34375000e-02
-2.48245000e-07,1.25000000e-01,1.26750000e+01,-2.18750000e-02,-5.85937500e-02
-2.47925000e-07,1.37500000e-01,1.26375000e+01,-6.93750000e-02,-3.98437500e-02
-2.47605000e-07,6.25000000e-02,1.26125000e+01,-5.06250000e-02,2.50000000e-02
-2.47285000e-07,-3.75000000e-02,1.26750000e+01,-2.75000000e-02,-5.70312500e-02
-2.46965000e-07,6.25000000e-02,1.25750000e+01,-2.12500000e-02,-7.96875000e-02
-2.46645000e-07,0.00000000e+00,1.26000000e+01,-9.37500000e-03,-7.81250000e-04
-2.46325000e-07,0.00000000e+00,1.26500000e+01,-4.62500000e-02,-1.17187500e-02
-2.46005000e-07,2.25000000e-01,1.27125000e+01,-6.25000000e-03,-6.40625000e-02
-2.45685000e-07,-1.28125000e-01,1.25125000e+01,7.50000000e-03,1.48437500e-02
-2.45365000e-07,0.00000000e+00,1.26125000e+01,-4.81250000e-02,1.04687500e-01
-2.45045000e-07,-4.68750000e-02,1.27125000e+01,-1.43750000e-02,3.04687500e-02
-2.44725000e-07,-7.50000000e-02,1.27625000e+01,-5.06250000e-02,2.26562500e-02
-2.44405000e-07,0.00000000e+00,1.24375000e+01,-4.31250000e-02,-4.92187500e-02
-2.44085000e-07,1.50000000e-01,1.26625000e+01,-4.31250000e-02,-7.50000000e-02
-2.43765000e-07,0.00000000e+00,1.25250000e+01,-2.50000000e-02,-9.37500000e-03
-2.43445000e-07,1.00000000e-01,1.25875000e+01,-3.06250000e-02,-1.09375000e-02
-2.43125000e-07,0.00000000e+00,1.24000000e+01,-3.25000000e-02,-2.18750000e-02
-2.42805000e-07,-2.50000000e-02,1.26750000e+01,-1.68750000e-02,5.62500000e-02
-2.42485000e-07,1.25000000e-01,1.25000000e+01,-2.50000000e-02,1.28906250e-01
-2.42165000e-07,1.87500000e-01,1.27625000e+01,-2.25000000e-02,6.40625000e-02
-2.41845000e-07,0.00000000e+00,1.26625000e+01,-4.06250000e-02,-1.48437500e-02
-2.41525000e-07,1.75000000e-01,1.26875000e+01,-1.68750000e-02,-2.10937500e-02
-2.41205000e-07,1.25000000e-01,1.25625000e+01,-3.56250000e-02,1.79687500e-02
-2.40885000e-07,3.75000000e-02,1.26875000e+01,-8.75000000e-03,3.59375000e-02
-2.40565000e-07,1.87500000e-01,1.25750000e+01,-3.37500000e-02,-2.34375000e-02
-2.40245000e-07,1.12500000e-01,1.25875000e+01,-4.62500000e-02,-1.14062500e-01
-2.39925000e-07,-6.25000000e-02,1.26250000e+01,-3.56250000e-02,-1.47656250e-01
-2.39605000e-07,7.50000000e-02,1.26750000e+01,-8.75000000e-03,-1.07812500e-01
-2.39285000e-07,7.50000000e-02,1.25500000e+01,-3.31250000e-02,2.18750000e-02
-2.38965000e-07,5.00000000e-02,1.25250000e+01,-1.43750000e-02,1.87500000e-02
-2.38645000e-07,-2.50000000e-02,1.25375000e+01,-1.75000000e-02,-5.78125000e-02
-2.38325000e-07,1.75000000e-01,1.27000000e+01,-1.93750000e-02,-7.50000000e-02
-2.38005000e-07,2.50000000e-02,1.26500000e+01,-1.25000000e-02,1.87500000e-02
-2.37685000e-07,-6.25000000e-02,1.27750000e+01,-4.62500000e-02,5.07812500e-02
-2.37365000e-07,2.50000000e-02,1.26750000e+01,-1.87500000e-02,-3.43750000e-02
-2.37045000e-07,0.00000000e+00,1.27500000e+01,6.25000000e-04,-4.06250000e-02
-2.36725000e-07,3.75000000e-02,1.26125000e+01,-2.18750000e-02,1.25000000e-02
-2.36405000e-07,1.62500000e-01,1.26250000e+01,-1.93750000e-02,-7.03125000e-03
-2.36085000e-07,-5.00000000e-02,1.25250000e+01,-2.00000000e-02,-6.79687500e-02
-2.35765000e-07,1.25000000e-01,1.26250000e+01,-3.31250000e-02,-1.17187500e-02
-2.35445000e-07,3.75000000e-02,1.25875000e+01,-9.37500000e-03,-4.45312500e-02
-2.35125000e-07,3.75000000e-02,1.26625000e+01,-5.81250000e-02,3.90625000e-03
-2.34805000e-07,1.00000000e-01,1.26625000e+01,-2.12500000e-02,4.21875000e-02
-2.34485000e-07,1.12500000e-01,1.25625000e+01,-2.00000000e-02,-8.90625000e-02
-2.34165000e-07,1.62500000e-01,1.26875000e+01,-1.68750000e-02,-6.71875000e-02
-2.33845000e-07,1.12500000e-01,1.26625000e+01,-1.00000000e-02,2.50000000e-02
-2.33525000e-07,1.62500000e-01,1.25875000e+01,-3.12500000e-02,-7.03125000e-02
-2.33205000e-07,1.62500000e-01,1.26250000e+01,-4.56250000e-02,-1.33593750e-01
-2.32885000e-07,2.50000000e-02,1.26750000e+01,-1.18750000e-02,-3.35937500e-02
-2.32565000e-07,-2.50000000e-02,1.27875000e+01,-2.56250000e-02,-3.90625000e-03
-2.32245000e-07,-1.25000000e-02,1.26750000e+01,-1.93750000e-02,-4.14062500e-02
-2.31925000e-07,1.00000000e-01,1.26625000e+01,-4.06250000e-02,-5.54687500e-02
-2.31605000e-07,1.62500000e-01,1.26375000e+01,-2.50000000e-02,-6.25000000e-02
-2.31285000e-07,1.12500000e-01,1.26250000e+01,-4.12500000e-02,-3.59375000e-02
-2.30965000e-07,6.25000000e-02,1.25375000e+01,-7.68750000e-02,-1.56250000e-02
-2.30645000e-07,1.25000000e-01,1.26375000e+01,-6.87500000e-03,-6.48437500e-02
-2.30325000e-07,7.50000000e-02,1.25500000e+01,-2.93750000e-02,-7.65625000e-02
-2.30005000e-07,-3.75000000e-02,1.26125000e+01,-4.87500000e-02,-9.68750000e-02
-2.29685000e-07,1.62500000e-01,1.25875000e+01,-2.00000000e-02,-3.04687500e-02
-2.29365000e-07,5.00000000e-02,1.27625000e+01,-3.12500000e-02,-4.06250000e-02
-2.29045000e-07,1.87500000e-01,1.26500000e+01,-3.56250000e-02,-2.10937500e-02
-2.28725000e-07,7.50000000e-02,1.26250000e+01,-3.81250000e-02,-5.62500000e-02
-2.28405000e-07,-7.50000000e-02,1.25250000e+01,-6.25000000e-03,-1.32812500e-01
-2.28085000e-07,2.25000000e-01,1.25875000e+01,-2.56250000e-02,-5.62500000e-02
-2.27765000e-07,1.25000000e-01,1.26000000e+01,-1.68750000e-02,-3.28125000e-02
-2.27445000e-07,2.50000000e-02,1.26000000e+01,-4.37500000e-03,-3.98437500e-02
-2.27125000e-07,1.00000000e-01,1.26000000e+01,-3.12500000e-02,1.09375000e-02
-2.26805000e-07,-2.50000000e-02,1.25625000e+01,-6.37500000e-02,-2.96875000e-02
-2.26485000e-07,1.87500000e-01,1.25125000e+01,-4.06250000e-02,-5.78125000e-02
-2.26165000e-07,2.25000000e-01,1.25500000e+01,-1.62500000e-02,-6.32812500e-02
-2.25845000e-07,2.50000000e-02,1.26750000e+01,-2.81250000e-02,-8.59375000e-02
-2.25525000e-07,2.50000000e-02,1.26750000e+01,-4.12500000e-02,-1.21093750e-01
-2.25205000e-07,1.25000000e-01,1.25500000e+01,-3.37500000e-02,-1.87500000e-02
-2.24885000e-07,1.50000000e-01,1.26875000e+01,-4.06250000e-02,1.56250000e-03
-2.24565000e-07,6.25000000e-02,1.26000000e+01,-4.81250000e-02,-1.56250000e-03
-2.24245000e-07,8.75000000e-02,1.27750000e+01,-4.06250000e-02,-7.65625000e-02
-2.23925000e-07,1.50000000e-01,1.26000000e+01,-2.50000000e-02,-1.84375000e-01
-2.23605000e-07,7.50000000e-02,1.25750000e+01,-3.31250000e-02,-1.32812500e-01
-2.23285000e-07,3.75000000e-02,1.25000000e+01,-2.50000000e-02,-3.35937500e-02
-2.22965000e-07,6.25000000e-02,1.26500000e+01,-6.87500000e-03,4.68750000e-02
-2.22645000e-07,8.75000000e-02,1.25875000e+01,-3.31250000e-02,-2.73437500e-02
-2.22325000e-07,6.25000000e-02,1.27500000e+01,-4.37500000e-02,-7.81250000e-04
-2.22005000e-07,-2.50000000e-02,1.26750000e+01,-1.93750000e-02,3.59375000e-02
-2.21685000e-07,7.50000000e-02,1.26750000e+01,-2.87500000e-02,-3.20312500e-02
-2.21365000e-07,0.00000000e+00,1.25375000e+01,-3.62500000e-02,-1.17187500e-01
-2.21045000e-07,1.75000000e-01,1.25500000e+01,-4.12500000e-02,-6.79687500e-02
-2.20725000e-07,3.75000000e-02,1.26250000e+01,-1.62500000e-02,-1.10156250e-01
-2.20405000e-07,5.00000000e-02,1.27500000e+01,-3.87500000e-02,-6.56250000e-02
-2.20085000e-07,-6.25000000e-02,1.24750000e+01,-1.68750000e-02,-5.39062500e-02
-2.19765000e-07,1.00000000e-01,1.26750000e+01,-2.31250000e-02,-8.35937500e-02
-2.19445000e-07,8.75000000e-02,1.26125000e+01,-5.12500000e-02,-5.93750000e-02
-2.19125000e-07,3.75000000e-02,1.27375000e+01,-3.75000000e-03,-2.89062500e-02
-2.18805000e-07,6.25000000e-02,1.27125000e+01,-3.87500000e-02,-2.96875000e-02
-2.18485000e-07,7.50000000e-02,1.25750000e+01,-6.87500000e-03,-7.26562500e-02
-2.18165000e-07,-7.50000000e-02,1.25750000e+01,-3.68750000e-02,-1.17968750e-01
-2.17845000e-07,1.87500000e-01,1.26375000e+01,-5.12500000e-02,-1.00781250e-01
-2.17525000e-07,2.50000000e-02,1.25000000e+01,-4.06250000e-02,-5.39062500e-02
-2.17205000e-07,6.25000000e-02,1.26625000e+01,-3.06250000e-02,-4.68750000e-02
-2.16885000e-07,7.50000000e-02,1.26125000e+01,-3.31250000e-02,-1.03906250e-01
-2.16565000e-07,1.25000000e-01,1.28250000e+01,-1.93750000e-02,-9.68750000e-02
-2.16245000e-07,2.50000000e-02,1.25375000e+01,-1.93750000e-02,-1.13281250e-01
-2.15925000e-07,-1.25000000e-02,1.26250000e+01,-3.37500000e-02,-8.98437500e-02
-2.15605000e-07,7.50000000e-02,1.25750000e+01,-3.06250000e-02,-9.37500000e-02
-2.15285000e-07,1.12500000e-01,1.26125000e+01,-2.62500000e-02,-1.59375000e-01
-2.14965000e-07,3.75000000e-02,1.25125000e+01,-5.06250000e-02,-1.28125000e-01
-2.14645000e-07,-3.75000000e-02,1.25500000e+01,-3.31250000e-02,-3.67187500e-02
-2.14325000e-07,2.25000000e-01,1.25750000e+01,-1.87500000e-02,2.03125000e-02
-2.14005000e-07,5.00000000e-02,1.26750000e+01,-8.75000000e-03,-1.71875000e-02
-2.13685000e-07,3.75000000e-02,1.25750000e+01,-1.50000000e-02,-1.46875000e-01
-2.13365000e-07,-6.25000000e-02,1.26375000e+01,-3.37500000e-02,-1.07031250e-01
-2.13045000e-07,6.25000000e-02,1.26500000e+01,-3.81250000e-02,-4.21875000e-02
-2.12725000e-07,2.50000000e-01,1.26875000e+01,-4.06250000e-02,-8.90625000e-02
-2.12405000e-07,3.75000000e-02,1.26125000e+01,-1.37500000e-02,-4.37500000e-02
-2.12085000e-07,6.25000000e-02,1.26875000e+01,-3.62500000e-02,5.46875000e-03
-2.11765000e-07,1.75000000e-01,1.25375000e+01,-4.12500000e-02,2.89062500e-02
-2.11445000e-07,2.00000000e-01,1.26750000e+01,-9.37500000e-03,2.96875000e-02
-2.11125000e-07,1.75000000e-01,1.25750000e+01,-1.68750000e-02,-1.23437500e-01
-2.10805000e-07,5.00000000e-02,1.27250000e+01,-3.62500000e-02,-1.55468750e-01
-2.10485000e-07,7.50000000e-02,1.26875000e+01,-4.62500000e-02,-1.23437500e-01
-2.10165000e-07,1.37500000e-01,1.27375000e+01,-3.06250000e-02,-1.14843750e-01
-2.09845000e-07,5.00000000e-02,1.25875000e+01,-2.81250000e-02,-7.57812500e-02
-2.09525000e-07,-1.12500000e-01,1.26375000e+01,-4.31250000e-02,-7.89062500e-02
-2.09205000e-07,1.87500000e-01,1.26625000e+01,-7.00000000e-02,-7.10937500e-02
-2.08885000e-07,2.50000000e-01,1.26500000e+01,-3.75000000e-02,-2.81250000e-02
-2.08565000e-07,5.00000000e-02,1.26875000e+01,-2.56250000e-02,-5.85937500e-02
-2.08245000e-07,1.37500000e-01,1.26375000e+01,-2.75000000e-02,-2.18750000e-02
-2.07925000e-07,1.87500000e-01,1.26250000e+01,-3.12500000e-02,2.50000000e-02
-2.07605000e-07,1.87500000e-01,1.27000000e+01,-3.81250000e-02,2.81250000e-02
-2.07285000e-07,0.00000000e+00,1.26750000e+01,-5.62500000e-02,1.56250000e-02
-2.06965000e-07,3.75000000e-02,1.26375000e+01,-3.75000000e-02,3.43750000e-02
-2.06645000e-07,2.50000000e-02,1.26125000e+01,-1.18750000e-02,3.28125000e-02
-2.06325000e-07,8.75000000e-02,1.27250000e+01,-3.31250000e-02,-2.34375000e-02
-2.06005000e-07,1.12500000e-01,1.26375000e+01,-3.06250000e-02,-6.09375000e-02
-2.05685000e-07,1.25000000e-02,1.27250000e+01,-1.37500000e-02,4.06250000e-02
-2.05365000e-07,-2.50000000e-02,1.26250000e+01,-1.25000000e-02,3.90625000e-02
-2.05045000e-07,1.75000000e-01,1.25375000e+01,-4.56250000e-02,-1.95312500e-02
-2.04725000e-07,3.75000000e-02,1.24750000e+01,1.25000000e-03,-1.64062500e-02
-2.04405000e-07,2.50000000e-02,1.25125000e+01,-1.87500000e-02,-5.46875000e-03
-2.04085000e-07,3.75000000e-02,1.26250000e+01,-3.62500000e-02,-2.34375000e-02
-2.03765000e-07,1.62500000e-01,1.27000000e+01,-5.87500000e-02,-3.35937500e-02
-2.03445000e-07,7.50000000e-02,1.24875000e+01,-3.06250000e-02,1.09375000e-02
-2.03125000e-07,1.25000000e-02,1.27125000e+01,-2.56250000e-02,-2.26562500e-02
-2.02805000e-07,3.75000000e-02,1.26250000e+01,-3.06250000e-02,-3.20312500e-02
-2.02485000e-07,1.62500000e-01,1.26125000e+01,-2.81250000e-02,3.43750000e-02
-2.02165000e-07,8.75000000e-02,1.26375000e+01,-1.93750000e-02,2.57812500e-02
-2.01845000e-07,-2.50000000e-02,1.27625000e+01,-6.93750000e-02,3.67187500e-02
-2.01525000e-07,1.25000000e-02,1.26000000e+01,-4.31250000e-02,-1.64062500e-02
-2.01205000e-07,1.50000000e-01,1.27125000e+01,-1.68750000e-02,-2.89062500e-02
-2.00885000e-07,-1.56250000e-02,1.26000000e+01,-3.31250000e-02,-4.21875000e-02
-2.00565000e-07,-1.12500000e-01,1.26000000e+01,-1.12500000e-02,-5.46875000e-03
-2.00245000e-07,1.56250000e-02,1.26125000e+01,-3.56250000e-02,4.84375000e-02
-1.99925000e-07,0.00000000e+00,1.26375000e+01,-5.12500000e-02,1.64062500e-02
-1.99605000e-07,8.75000000e-02,1.25500000e+01,-2.81250000e-02,-8.04687500e-02
-1.99285000e-07,3.75000000e-02,1.27250000e+01,-3.06250000e-02,-6.01562500e-02
-1.98965000e-07,1.12500000e-01,1.26375000e+01,-2.18750000e-02,-3.90625000e-02
-1.98645000e-07,1.00000000e-01,1.25125000e+01,-3.93750000e-02,-5.78125000e-02
-1.98325000e-07,8.75000000e-02,1.26125000e+01,-5.56250000e-02,-1.79687500e-02
-1.98005000e-07,2.12500000e-01,1.27125000e+01,-3.31250000e-02,-2.89062500e-02
-1.97685000e-07,2.50000000e-02,1.25625000e+01,-3.31250000e-02,-7.34375000e-02
-1.97365000e-07,3.75000000e-02,1.26000000e+01,-2.56250000e-02,-2.73437500e-02
-1.97045000e-07,6.25000000e-02,1.25125000e+01,-1.93750000e-02,3.28125000e-02
-1.96725000e-07,5.00000000e-02,1.26750000e+01,-2.81250000e-02,3.98437500e-02
-1.96405000e-07,1.37500000e-01,1.25875000e+01,-4.37500000e-03,4.06250000e-02
-1.96085000e-07,3.75000000e-02,1.27250000e+01,-4.31250000e-02,8.51562500e-02
-1.95765000e-07,1.25000000e-02,1.25500000e+01,-2.18750000e-02,-5.78125000e-02
-1.95445000e-07,-6.25000000e-02,1.26125000e+01,-3.31250000e-02,-1.34375000e-01
-1.95125000e-07,5.00000000e-02,1.27375000e+01,-1.93750000e-02,-8.28125000e-02
-1.94805000e-07,1.87500000e-01,1.25250000e+01,-5.06250000e-02,-8.98437500e-02
-1.94485000e-07,2.50000000e-02,1.24500000e+01,-3.50000000e-02,-9.68750000e-02
-1.94165000e-07,1.00000000e-01,1.26500000e+01,-3.06250000e-02,-5.93750000e-02
-1.93845000e-07,1.75000000e-01,1.26375000e+01,-4.06250000e-02,-6.64062500e-02
-1.93525000e-07,1.25000000e-02,1.27250000e+01,-4.12500000e-02,-4.29687500e-02
-1.93205000e-07,-1.25000000e-02,1.27125000e+01,-1.37500000e-02,1.17187500e-02
-1.92885000e-07,2.50000000e-02,1.27125000e+01,-2.25000000e-02,7.18750000e-02
-1.92565000e-07,0.00000000e+00,1.25250000e+01,-4.37500000e-02,2.89062500e-02
-1.92245000e-07,1.62500000e-01,1.27875000e+01,-1.12500000e-02,-3.90625000e-02
-1.91925000e-07,1.62500000e-01,1.26125000e+01,-1.75000000e-02,-7.57812500e-02
-1.91605000e-07,2.50000000e-02,1.26875000e+01,-4.62500000e-02,-8.35937500e-02
-1.91285000e-07,1.37500000e-01,1.24750000e+01,-4.56250000e-02,-3.59375000e-02
-1.90965000e-07,5.00000000e-02,1.26000000e+01,-4.56250000e-02,-5.54687500e-02
-1.90645000e-07,0.00000000e+00,1.24625000e+01,-4.00000000e-02,-1.55468750e-01
-1.90325000e-07,0.00000000e+00,1.26000000e+01,-4.37500000e-03,-1.03125000e-01
-1.90005000e-07,-8.75000000e-02,1.25625000e+01,-4.81250000e-02,-5.46875000e-03
-1.89685000e-07,1.00000000e-01,1.26250000e+01,-4.25000000e-02,2.34375000e-02
-1.89365000e-07,1.50000000e-01,1.27375000e+01,-6.25000000e-03,2.26562500e-02
-1.89045000e-07,1.00000000e-01,1.26625000e+01,-1.12500000e-02,-2.81250000e-02
-1.88725000e-07,-2.50000000e-02,1.26125000e+01,-2.00000000e-02,-7.96875000e-02
-1.88405000e-07,8.75000000e-02,1.26625000e+01,-3.12500000e-02,-6.71875000e-02
-1.88085000e-07,1.12500000e-01,1.25875000e+01,-2.75000000e-02,2.50000000e-02
-1.87765000e-07,3.75000000e-02,1.26125000e+01,-1.93750000e-02,-3.04687500e-02
-1.87445000e-07,-1.25000000e-02,1.26375000e+01,-3.81250000e-02,-8.28125000e-02
-1.87125000e-07,7.50000000e-02,1.25500000e+01,-3.31250000e-02,-5.85937500e-02
-1.86805000e-07,1.12500000e-01,1.25750000e+01,-4.50000000e-02,-8.67187500e-02
-1.86485000e-07,1.25000000e-01,1.25875000e+01,-3.75000000e-03,-7.18750000e-02
-1.86165000e-07,1.62500000e-01,1.26875000e+01,-3.81250000e-02,-5.78125000e-02
-1.85845000e-07,0.00000000e+00,1.27125000e+01,-5.87500000e-02,-1.40625000e-02
-1.85525000e-07,1.25000000e-01,1.26125000e+01,-4.62500000e-02,8.04687500e-02
-1.85205000e-07,1.00000000e-01,1.25250000e+01,-3.56250000e-02,1.40625000e-02
-1.84885000e-07,6.25000000e-02,1.26125000e+01,-3.31250000e-02,-4.45312500e-02
-1.84565000e-07,1.00000000e-01,1.27375000e+01,-4.56250000e-02,-4.68750000e-03
-1.84245000e-07,1.00000000e-01,1.23750000e+01,-4.81250000e-02,-3.04687500e-02
-1.83925000e-07,-2.50000000e-02,1.27500000e+01,-4.31250000e-02,-2.96875000e-02
-1.83605000e-07,8.75000000e-02,1.26750000e+01,-3.06250000e-02,9.37500000e-03
-1.83285000e-07,1.12500000e-01,1.26250000e+01,-1.62500000e-02,-2.50000000e-02
-1.82965000e-07,1.50000000e-01,1.25875000e+01,-1.43750000e-02,-1.00781250e-01
-1.82645000e-07,1.50000000e-01,1.26500000e+01,-3.37500000e-02,-1.23437500e-01
-1.82325000e-07,-8.75000000e-02,1.25750000e+01,-5.12500000e-02,-9.76562500e-02
-1.82005000e-07,1.12500000e-01,1.24875000e+01,-3.87500000e-02,1.95312500e-02
-1.81685000e-07,2.00000000e-01,1.26500000e+01,-3.31250000e-02,4.53125000e-02
-1.81365000e-07,6.25000000e-02,1.27375000e+01,-2.75000000e-02,0.00000000e+00
-1.81045000e-07,1.12500000e-01,1.26000000e+01,-1.87500000e-02,-2.81250000e-02
-1.80725000e-07,6.25000000e-02,1.25750000e+01,-1.93750000e-02,-9.53125000e-02
-1.80405000e-07,6.25000000e-02,1.26750000e+01,-3.12500000e-02,-5.23437500e-02
-1.80085000e-07,2.25000000e-01,1.26250000e+01,-5.06250000e-02,-1.95312500e-02
-1.79765000e-07,1.25000000e-01,1.25625000e+01,-6.06250000e-02,-4.92187500e-02
-1.79445000e-07,1.00000000e-01,1.26625000e+01,-4.56250000e-02,-5.07812500e-02
-1.79125000e-07,-2.50000000e-02,1.25625000e+01,-3.56250000e-02,-7.81250000e-03
-1.78805000e-07,1.25000000e-02,1.26375000e+01,-6.06250000e-02,-3.90625000e-02
-1.78485000e-07,1.25000000e-01,1.26625000e+01,-3.56250000e-02,-1.10937500e-01
-1.78165000e-07,1.25000000e-01,1.26000000e+01,-3.56250000e-02,-1.79687500e-02
-1.77845000e-07,1.25000000e-02,1.26125000e+01,-4.56250000e-02,-7.10937500e-02
-1.77525000e-07,6.25000000e-02,1.25500000e+01,-3.31250000e-02,-1.07031250e-01
-1.77205000e-07,1.37500000e-01,1.26000000e+01,-4.81250000e-02,-4.21875000e-02
-1.76885000e-07,1.75000000e-01,1.26875000e+01,-6.06250000e-02,4.53125000e-02
-1.76565000e-07,2.12500000e-01,1.25625000e+01,-3.25000000e-02,1.95312500e-02
-1.76245000e-07,-1.43750000e-01,1.26875000e+01,-1.12500000e-02,-3.12500000e-02
-1.75925000e-07,-8.75000000e-02,1.24500000e+01,-4.81250000e-02,-2.26562500e-02
-1.75605000e-07,2.15625000e-01,1.25875000e+01,-1.87500000e-03,-3.90625000e-02
-1.75285000e-07,7.50000000e-02,1.28125000e+01,-3.43750000e-02,-9.68750000e-02
-1.74965000e-07,5.00000000e-02,1.26125000e+01,-9.37500000e-03,-1.37500000e-01
-1.74645000e-07,3.75000000e-02,1.26125000e+01,-3.25000000e-02,-1.14843750e-01
-1.74325000e-07,1.25000000e-01,1.27000000e+01,-7.00000000e-02,-7.89062500e-02
-1.74005000e-07,1.12500000e-01,1.25750000e+01,-3.81250000e-02,-7.18750000e-02
-1.73685000e-07,0.00000000e+00,1.26875000e+01,5.62500000e-03,-4.92187500e-02
-1.73365000e-07,-2.50000000e-02,1.27625000e+01,-3.81250000e-02,-3.43750000e-02
-1.73045000e-07,-2.50000000e-02,1.27125000e+01,-4.87500000e-02,2.18750000e-02
-1.72725000e-07,1.00000000e-01,1.25750000e+01,-3.06250000e-02,-4.29687500e-02
-1.72405000e-07,3.75000000e-02,1.25250000e+01,-1.93750000e-02,-1.16406250e-01
-1.72085000e-07,2.75000000e-01,1.26750000e+01,-3.56250000e-02,-3.28125000e-02
-1.71765000e-07,2.12500000e-01,1.26250000e+01,-1.62500000e-02,9.14062500e-02
-1.71445000e-07,1.25000000e-02,1.24875000e+01,-1.18750000e-02,7.65625000e-02
-1.71125000e-07,-3.75000000e-02,1.27375000e+01,-1.75000000e-02,1.25000000e-02
-1.70805000e-07,1.00000000e-01,1.27250000e+01,-4.81250000e-02,1.64062500e-02
-1.70485000e-07,0.00000000e+00,1.27000000e+01,-4.37500000e-03,-1.48437500e-02
-1.70165000e-07,2.50000000e-02,1.25250000e+01,-4.31250000e-02,-3.67187500e-02
-1.69845000e-07,1.50000000e-01,1.26875000e+01,-1.93750000e-02,-2.42187500e-02
-1.69525000e-07,6.25000000e-02,1.24875000e+01,-1.68750000e-02,-1.45312500e-01
-1.69205000e-07,1.75000000e-01,1.24500000e+01,-2.62500000e-02,-1.04687500e-01
-1.68885000e-07,-3.75000000e-02,1.26125000e+01,-4.37500000e-03,-3.28125000e-02
-1.68565000e-07,1.25000000e-01,1.26875000e+01,-1.56250000e-02,2.65625000e-02
-1.68245000e-07,1.25000000e-01,1.26750000e+01,-5.12500000e-02,6.71875000e-02
-1.67925000e-07,6.25000000e-02,1.25125000e+01,-1.87500000e-02,2.89062500e-02
-1.67605000e-07,3.75000000e-02,1.25875000e+01,-1.87500000e-03,-4.37500000e-02
-1.67285000e-07,1.75000000e-01,1.27250000e+01,-4.12500000e-02,-7.81250000e-02
-1.66965000e-07,6.25000000e-02,1.27500000e+01,-3.06250000e-02,-5.46875000e-02
-1.66645000e-07,8.75000000e-02,1.26500000e+01,-2.25000000e-02,-4.14062500e-02
-1.66325000e-07,1.25000000e-02,1.25125000e+01,-3.06250000e-02,-9.84375000e-02
-1.66005000e-07,1.12500000e-01,1.26750000e+01,-2.50000000e-02,-6.17187500e-02
-1.65685000e-07,7.50000000e-02,1.25375000e+01,-2.56250000e-02,1.87500000e-02
-1.65365000e-07,2.25000000e-01,1.26500000e+01,-4.06250000e-02,2.65625000e-02
-1.65045000e-07,7.50000000e-02,1.26125000e+01,-4.62500000e-02,1.64062500e-02
-1.64725000e-07,0.00000000e+00,1.27500000e+01,-5.06250000e-02,3.90625000e-03
-1.64405000e-07,8.75000000e-02,1.25125000e+01,-3.00000000e-02,-3.98437500e-02
-1.64085000e-07,5.00000000e-02,1.26500000e+01,-3.75000000e-03,-2.50000000e-02
-1.63765000e-07,1.62500000e-01,1.25625000e+01,-6.25000000e-03,-6.01562500e-02
-1.63445000e-07,1.37500000e-01,1.25875000e+01,-1.75000000e-02,1.17187500e-02
-1.63125000e-07,3.75000000e-02,1.25375000e+01,-4.62500000e-02,4.21875000e-02
-1.62805000e-07,1.00000000e-01,1.25750000e+01,-3.06250000e-02,1.64062500e-02
-1.62485000e-07,3.75000000e-02,1.25375000e+01,-4.31250000e-02,2.03125000e-02
-1.62165000e-07,2.75000000e-01,1.26750000e+01,-3.56250000e-02,-4.76562500e-02
-1.61845000e-07,2.50000000e-02,1.25000000e+01,-4.56250000e-02,-7.18750000e-02
-1.61525000e-07,2.50000000e-01,1.24875000e+01,-3.25000000e-02,-4.14062500e-02
-1.61205000e-07,1.62500000e-01,1.27250000e+01,-1.93750000e-02,1.79687500e-02
-1.60885000e-07,1.37500000e-01,1.27375000e+01,-6.31250000e-02,1.48437500e-02
-1.60565000e-07,1.00000000e-01,1.26375000e+01,-3.81250000e-02,-1.64062500e-02
-1.60245000e-07,7.50000000e-02,1.27250000e+01,-3.56250000e-02,-1.95312500e-02
-1.59925000e-07,1.25000000e-01,1.24250000e+01,-3.06250000e-02,-3.12500000e-02
-1.59605000e-07,1.50000000e-01,1.25625000e+01,-3.56250000e-02,-1.95312500e-02
-1.59285000e-07,5.00000000e-02,1.24750000e+01,-5.06250000e-02,-1.32812500e-02
-1.58965000e-07,1.00000000e-01,1.25375000e+01,-3.25000000e-02,-7.81250000e-03
-1.58645000e-07,1.00000000e-01,1.25875000e+01,-2.18750000e-02,-5.31250000e-02
-1.58325000e-07,1.25000000e-01,1.26750000e+01,-3.81250000e-02,-4.68750000e-03
-1.58005000e-07,-3.75000000e-02,1.27500000e+01,-5.81250000e-02,3.35937500e-02
-1.57685000e-07,1.12500000e-01,1.25500000e+01,-4.56250000e-02,-7.03125000e-02
-1.57365000e-07,1.37500000e-01,1.25500000e+01,-2.18750000e-02,-4.68750000e-02
-1.57045000e-07,1.75000000e-01,1.25500000e+01,-4.87500000e-02,1.09375000e-02
-1.56725000e-07,5.00000000e-02,1.25625000e+01,-3.00000000e-02,-1.17187500e-02
-1.56405000e-07,1.50000000e-01,1.27625000e+01,-3.75000000e-03,-1.64062500e-02
-1.56085000e-07,2.25000000e-01,1.25000000e+01,-2.18750000e-02,4.45312500e-02
-1.55765000e-07,2.50000000e-02,1.25875000e+01,-7.00000000e-02,6.71875000e-02
-1.55445000e-07,2.25000000e-01,1.27125000e+01,-5.06250000e-02,-7.81250000e-03
-1.55125000e-07,2.50000000e-02,1.26125000e+01,-3.31250000e-02,-5.62500000e-02
-1.54805000e-07,1.75000000e-01,1.25750000e+01,-6.12500000e-02,-4.21875000e-02
-1.54485000e-07,1.37500000e-01,1.26250000e+01,-3.25000000e-02,1.71875000e-02
-1.54165000e-07,-7.50000000e-02,1.26000000e+01,3.75000000e-03,-2.18750000e-02
-1.53845000e-07,1.25000000e-02,1.27000000e+01,-3.12500000e-02,-1.07031250e-01
-1.53525000e-07,1.00000000e-01,1.25875000e+01,-5.81250000e-02,-1.16406250e-01
-1.53205000e-07,2.00000000e-01,1.27125000e+01,-1.00000000e-02,-4.29687500e-02
-1.52885000e-07,6.25000000e-02,1.25375000e+01,-4.56250000e-02,-1.25000000e-02
-1.52565000e-07,-1.25000000e-02,1.27125000e+01,-2.75000000e-02,-2.18750000e-02
-1.52245000e-07,1.62500000e-01,1.26875000e+01,-1.87500000e-02,1.48437500e-02
-1.51925000e-07,2.50000000e-02,1.26250000e+01,-2.81250000e-02,3.82812500e-02
-1.51605000e-07,-5.00000000e-02,1.26625000e+01,-5.37500000e-02,3.90625000e-02
-1.51285000e-07,2.75000000e-01,1.25000000e+01,-2.56250000e-02,-2.73437500e-02
-1.50965000e-07,1.00000000e-01,1.26125000e+01,-3.75000000e-03,-3.51562500e-02
-1.50645000e-07,1.12500000e-01,1.26250000e+01,-3.75000000e-03,-4.37500000e-02
-1.50325000e-07,1.37500000e-01,1.27125000e+01,-4.12500000e-02,-3.35937500e-02
-1.50005000e-07,3.75000000e-02,1.27500000e+01,-6.37500000e-02,5.70312500e-02
-1.49685000e-07,1.25000000e-01,1.26250000e+01,-2.81250000e-02,3.12500000e-03
-1.49365000e-07,5.00000000e-02,1.27500000e+01,-1.68750000e-02,-4.53125000e-02
-1.49045000e-07,-1.00000000e-01,1.25125000e+01,-2.18750000e-02,8.59375000e-03
-1.48725000e-07,-2.50000000e-02,1.25500000e+01,-3.31250000e-02,1.07812500e-01
-1.48405000e-07,2.50000000e-02,1.26125000e+01,-8.75000000e-03,8.98437500e-02
-1.48085000e-07,5.00000000e-02,1.26250000e+01,-3.31250000e-02,6.09375000e-02
-1.47765000e-07,2.50000000e-02,1.25250000e+01,-3.62500000e-02,9.60937500e-02
-1.47445000e-07,1.25000000e-01,1.25500000e+01,-6.87500000e-03,9.37500000e-02
-1.47125000e-07,1.00000000e-01,1.26750000e+01,-1.43750000e-02,3.67187500e-02
-1.46805000e-07,3.75000000e-02,1.27125000e+01,6.25000000e-04,5.00000000e-02
-1.46485000e-07,5.00000000e-02,1.26750000e+01,-2.62500000e-02,1.48437500e-02
-1.46165000e-07,1.75000000e-01,1.26000000e+01,-3.62500000e-02,4.29687500e-02
-1.45845000e-07,7.50000000e-02,1.25875000e+01,-5.87500000e-02,5.07812500e-02
-1.45525000e-07,-5.00000000e-02,1.26250000e+01,-1.12500000e-02,3.67187500e-02
-1.45205000e-07,2.75000000e-01,1.24875000e+01,-6.87500000e-03,3.51562500e-02
-1.44885000e-07,6.25000000e-02,1.26125000e+01,-4.37500000e-03,3.90625000e-02
-1.44565000e-07,6.25000000e-02,1.26000000e+01,-1.50000000e-02,6.71875000e-02
-1.44245000e-07,1.00000000e-01,1.27500000e+01,-2.87500000e-02,7.81250000e-03
-1.43925000e-07,2.00000000e-01,1.26625000e+01,-2.18750000e-02,-5.07812500e-02
-1.43605000e-07,6.25000000e-02,1.27500000e+01,-6.87500000e-03,2.34375000e-03
-1.43285000e-07,0.00000000e+00,1.25375000e+01,-1.25000000e-02,3.12500000e-02
-1.42965000e-07,7.50000000e-02,1.26625000e+01,-1.43750000e-02,7.81250000e-03
-1.42645000e-07,1.87500000e-01,1.27625000e+01,-3.62500000e-02,4.45312500e-02
-1.42325000e-07,7.50000000e-02,1.26125000e+01,-2.18750000e-02,-1.64062500e-02
-1.42005000e-07,5.00000000e-02,1.24750000e+01,-2.06250000e-02,-5.00000000e-02
-1.41685000e-07,1.00000000e-01,1.26375000e+01,-2.87500000e-02,-3.28125000e-02
-1.41365000e-07,1.25000000e-01,1.26625000e+01,-2.75000000e-02,-6.17187500e-02
-1.41045000e-07,0.00000000e+00,1.26125000e+01,-1.37500000e-02,2.50000000e-02
-1.40725000e-07,1.12500000e-01,1.26000000e+01,-3.31250000e-02,1.64062500e-02
-1.40405000e-07,8.75000000e-02,1.26750000e+01,-3.06250000e-02,-7.18750000e-02
-1.40085000e-07,8.75000000e-02,1.26375000e+01,6.25000000e-04,-7.73437500e-02
-1.39765000e-07,1.00000000e-01,1.26000000e+01,-1.43750000e-02,-1.07031250e-01
-1.39445000e-07,1.37500000e-01,1.25125000e+01,-3.62500000e-02,-1.88281250e-01
-1.39125000e-07,1.00000000e-01,1.26000000e+01,-2.56250000e-02,-1.36718750e-01
-1.38805000e-07,1.25000000e-02,1.26875000e+01,-2.75000000e-02,-8.43750000e-02
-1.38485000e-07,0.00000000e+00,1.26000000e+01,-3.06250000e-02,9.37500000e-03
-1.38165000e-07,-8.75000000e-02,1.25375000e+01,-1.37500000e-02,1.64062500e-02
-1.37845000e-07,8.75000000e-02,1.25250000e+01,-3.18750000e-02,-7.81250000e-04
-1.37525000e-07,1.37500000e-01,1.25875000e+01,-3.87500000e-02,-4.37500000e-02
-1.37205000e-07,1.75000000e-01,1.27500000e+01,-2.87500000e-02,-2.34375000e-03
-1.36885000e-07,1.37500000e-01,1.26375000e+01,-2.81250000e-02,1.40625000e-02
-1.36565000e-07,7.50000000e-02,1.25125000e+01,-3.31250000e-02,1.25000000e-02
-1.36245000e-07,-1.25000000e-02,1.24500000e+01,-1.62500000e-02,-5.70312500e-02
-1.35925000e-07,2.50000000e-02,1.26500000e+01,-3.62500000e-02,-6.87500000e-02
-1.35605000e-07,3.75000000e-02,1.26125000e+01,-3.37500000e-02,-3.04687500e-02
-1.35285000e-07,7.50000000e-02,1.27125000e+01,-2.18750000e-02,-2.81250000e-02
-1.34965000e-07,7.50000000e-02,1.27125000e+01,-3.87500000e-02,-3.20312500e-02
-1.34645000e-07,1.50000000e-01,1.26500000e+01,-1.68750000e-02,-8.98437500e-02
-1.34325000e-07,1.50000000e-01,1.25000000e+01,-3.43750000e-02,-8.82812500e-02
-1.34005000e-07,8.75000000e-02,1.26875000e+01,-1.93750000e-02,1.64062500e-02
-1.33685000e-07,1.00000000e-01,1.26250000e+01,-1.06250000e-02,5.62500000e-02
-1.33365000e-07,3.12500000e-01,1.25250000e+01,-3.06250000e-02,7.89062500e-02
-1.33045000e-07,1.87500000e-01,1.25500000e+01,-1.12500000e-02,2.73437500e-02
-1.32725000e-07,1.62500000e-01,1.25750000e+01,-2.50000000e-02,-4.37500000e-02
-1.32405000e-07,5.00000000e-02,1.25750000e+01,-2.00000000e-02,-2.65625000e-02
-1.32085000e-07,2.50000000e-02,1.26875000e+01,-4.62500000e-02,-2.18750000e-02
-1.31765000e-07,2.50000000e-02,1.26750000e+01,-4.81250000e-02,-3.51562500e-02
-1.31445000e-07,6.25000000e-02,1.26125000e+01,-3.31250000e-02,-6.56250000e-02
-1.31125000e-07,3.75000000e-02,1.25875000e+01,-2.50000000e-02,-4.92187500e-02
-1.30805000e-07,1.25000000e-02,1.27375000e+01,-6.25000000e-03,1.56250000e-03
-1.30485000e-07,3.75000000e-02,1.25500000e+01,-2.18750000e-02,-6.48437500e-02
-1.30165000e-07,1.62500000e-01,1.26625000e+01,-4.87500000e-02,-1.12500000e-01
-1.29845000e-07,6.25000000e-02,1.26875000e+01,-1.93750000e-02,-7.96875000e-02
-1.29525000e-07,2.00000000e-01,1.25875000e+01,-4.87500000e-02,-1.04687500e-01
-1.29205000e-07,2.25000000e-01,1.26750000e+01,-2.75000000e-02,-1.25781250e-01
-1.28885000e-07,2.50000000e-02,1.26125000e+01,-6.25000000e-03,-1.40625000e-01
-1.28565000e-07,3.75000000e-02,1.24000000e+01,-3.56250000e-02,-5.15625000e-02
-1.28245000e-07,1.62500000e-01,1.26500000e+01,-2.56250000e-02,-2.03125000e-02
-1.27925000e-07,1.25000000e-01,1.25125000e+01,-2.62500000e-02,1.56250000e-03
-1.27605000e-07,0.00000000e+00,1.26375000e+01,-4.06250000e-02,1.48437500e-02
-1.27285000e-07,7.50000000e-02,1.24750000e+01,-3.31250000e-02,-5.62500000e-02
-1.26965000e-07,7.50000000e-02,1.26375000e+01,-3.75000000e-03,-6.79687500e-02
-1.26645000e-07,1.25000000e-02,1.25875000e+01,-2.81250000e-02,-1.01562500e-02
-1.26325000e-07,1.00000000e-01,1.26000000e+01,-2.87500000e-02,1.71875000e-02
-1.26005000e-07,1.25000000e-01,1.26625000e+01,-2.18750000e-02,4.76562500e-02
-1.25685000e-07,1.00000000e-01,1.27125000e+01,-9.37500000e-03,-1.87500000e-02
-1.25365000e-07,5.00000000e-02,1.26625000e+01,-3.87500000e-02,-6.32812500e-02
-1.25045000e-07,1.37500000e-01,1.26375000e+01,-3.62500000e-02,7.81250000e-03
-1.24725000e-07,3.75000000e-02,1.26125000e+01,-3.06250000e-02,1.17187500e-02
-1.24405000e-07,0.00000000e+00,1.26500000e+01,-1.68750000e-02,-5.93750000e-02
-1.24085000e-07,7.50000000e-02,1.27750000e+01,-1.62500000e-02,-1.03125000e-01
-1.23765000e-07,1.12500000e-01,1.25875000e+01,2.50000000e-03,-3.82812500e-02
-1.23445000e-07,2.50000000e-02,1.25625000e+01,-3.62500000e-02,2.34375000e-03
-1.23125000e-07,0.00000000e+00,1.26500000e+01,-8.75000000e-03,8.59375000e-03
-1.22805000e-07,-5.00000000e-02,1.26250000e+01,-1.87500000e-03,-5.62500000e-02
-1.22485000e-07,8.75000000e-02,1.26500000e+01,-4.12500000e-02,1.25000000e-02
-1.22165000e-07,7.50000000e-02,1.24750000e+01,-4.12500000e-02,2.89062500e-02
-1.21845000e-07,1.50000000e-01,1.26625000e+01,-6.81250000e-02,-1.40625000e-02
-1.21525000e-07,0.00000000e+00,1.27375000e+01,-2.12500000e-02,-6.32812500e-02
-1.21205000e-07,0.00000000e+00,1.27000000e+01,-4.37500000e-03,-9.68750000e-02
-1.20885000e-07,1.25000000e-01,1.25375000e+01,-4.87500000e-02,-5.62500000e-02
-1.20565000e-07,1.75000000e-01,1.26000000e+01,-1.87500000e-02,3.67187500e-02
-1.20245000e-07,0.00000000e+00,1.26500000e+01,-1.50000000e-02,-3.90625000e-03
-1.19925000e-07,1.25000000e-02,1.28000000e+01,-3.31250000e-02,-4.68750000e-03
-1.19605000e-07,2.00000000e-01,1.25875000e+01,-2.50000000e-02,9.37500000e-03
-1.19285000e-07,7.50000000e-02,1.25625000e+01,-1.93750000e-02,-1.01562500e-02
-1.18965000e-07,5.00000000e-02,1.26250000e+01,-3.62500000e-02,-3.67187500e-02
-1.18645000e-07,6.25000000e-02,1.27125000e+01,-3.81250000e-02,1.71875000e-02
-1.18325000e-07,-1.25000000e-02,1.26125000e+01,-3.00000000e-02,9.76562500e-02
-1.18005000e-07,7.50000000e-02,1.26625000e+01,-2.50000000e-02,4.76562500e-02
-1.17685000e-07,5.00000000e-02,1.26750000e+01,-1.25000000e-03,1.25000000e-02
-1.17365000e-07,8.75000000e-02,1.27125000e+01,-3.37500000e-02,6.25000000e-02
-1.17045000e-07,1.62500000e-01,1.25375000e+01,-3.87500000e-02,7.65625000e-02
-1.16725000e-07,6.25000000e-02,1.26625000e+01,-4.87500000e-02,2.10937500e-02
-1.16405000e-07,2.50000000e-02,1.27250000e+01,-3.00000000e-02,-2.26562500e-02
-1.16085000e-07,3.75000000e-02,1.27250000e+01,-3.06250000e-02,-5.54687500e-02
-1.15765000e-07,1.62500000e-01,1.26000000e+01,-3.75000000e-02,-5.15625000e-02
-1.15445000e-07,1.25000000e-01,1.27250000e+01,-1.87500000e-03,-5.54687500e-02
-1.15125000e-07,7.50000000e-02,1.25750000e+01,-2.18750000e-02,1.25000000e-02
-1.14805000e-07,3.75000000e-02,1.27875000e+01,-4.56250000e-02,7.81250000e-04
-1.14485000e-07,1.00000000e-01,1.27125000e+01,6.25000000e-03,-2.03125000e-02
-1.14165000e-07,-1.25000000e-02,1.26625000e+01,-1.68750000e-02,5.46875000e-02
-1.13845000e-07,3.75000000e-02,1.25125000e+01,-1.93750000e-02,-1.40625000e-02
-1.13525000e-07,1.25000000e-01,1.24750000e+01,-1.68750000e-02,-5.00000000e-02
-1.13205000e-07,6.25000000e-02,1.25375000e+01,-1.43750000e-02,3.12500000e-03
-1.12885000e-07,-3.75000000e-02,1.25500000e+01,-2.25000000e-02,-2.81250000e-02
-1.12565000e-07,5.00000000e-02,1.26000000e+01,-5.12500000e-02,-1.40625000e-02
-1.12245000e-07,0.00000000e+00,1.26750000e+01,-3.75000000e-03,-4.53125000e-02
-1.11925000e-07,-5.00000000e-02,1.25125000e+01,-3.12500000e-02,-1.71875000e-02
-1.11605000e-07,7.50000000e-02,1.27000000e+01,-5.37500000e-02,3.28125000e-02
-1.11285000e-07,2.50000000e-02,1.27125000e+01,-6.75000000e-02,-8.59375000e-03
-1.10965000e-07,1.00000000e-01,1.27875000e+01,-3.00000000e-02,-8.51562500e-02
-1.10645000e-07,1.75000000e-01,1.25375000e+01,-1.62500000e-02,-7.57812500e-02
-1.10325000e-07,1.50000000e-01,1.26250000e+01,-1.12500000e-02,-1.71875000e-02
-1.10005000e-07,-7.50000000e-02,1.26250000e+01,1.31250000e-02,-8.59375000e-03
-1.09685000e-07,1.00000000e-01,1.25000000e+01,-3.62500000e-02,-3.12500000e-03
-1.09365000e-07,2.12500000e-01,1.26375000e+01,-6.37500000e-02,-5.93750000e-02
-1.09045000e-07,1.12500000e-01,1.26750000e+01,-4.37500000e-02,-2.34375000e-02
-1.08725000e-07,8.75000000e-02,1.25750000e+01,-1.12500000e-02,2.65625000e-02
-1.08405000e-07,6.25000000e-02,1.27250000e+01,0.00000000e+00,3.90625000e-03
-1.08085000e-07,-6.25000000e-02,1.26000000e+01,-4.12500000e-02,-6.56250000e-02
-1.07765000e-07,1.37500000e-01,1.24875000e+01,-4.56250000e-02,-2.65625000e-02
-1.07445000e-07,6.25000000e-02,1.24750000e+01,6.25000000e-03,7.81250000e-04
-1.07125000e-07,2.50000000e-02,1.28375000e+01,-2.62500000e-02,-2.42187500e-02
-1.06805000e-07,8.75000000e-02,1.26750000e+01,-2.56250000e-02,-1.79687500e-02
-1.06485000e-07,1.50000000e-01,1.25625000e+01,-1.75000000e-02,4.68750000e-02
-1.06165000e-07,2.12500000e-01,1.25625000e+01,-3.81250000e-02,2.89062500e-02
-1.05845000e-07,7.50000000e-02,1.27000000e+01,-1.43750000e-02,-1.12500000e-01
-1.05525000e-07,1.00000000e-01,1.26250000e+01,-7.00000000e-02,-1.14843750e-01
-1.05205000e-07,1.25000000e-01,1.26500000e+01,-3.06250000e-02,-1.09375000e-01
-1.04885000e-07,8.75000000e-02,1.25875000e+01,-2.50000000e-02,-1.37500000e-01
-1.04565000e-07,-1.25000000e-02,1.25875000e+01,-1.93750000e-02,-2.34375000e-02
-1.04245000e-07,7.50000000e-02,1.26250000e+01,-4.00000000e-02,1.32812500e-02
-1.03925000e-07,1.37500000e-01,1.26250000e+01,6.25000000e-03,-7.10937500e-02
-1.03605000e-07,7.50000000e-02,1.26500000e+01,-1.12500000e-02,-6.25000000e-02
-1.03285000e-07,5.00000000e-02,1.26750000e+01,-1.43750000e-02,-8.59375000e-02
-1.02965000e-07,1.37500000e-01,1.25375000e+01,-3.37500000e-02,-7.26562500e-02
-1.02645000e-07,2.50000000e-02,1.25625000e+01,-5.62500000e-02,-1.01562500e-02
-1.02325000e-07,1.25000000e-02,1.25125000e+01,-3.12500000e-02,-3.98437500e-02
-1.02005000e-07,5.00000000e-02,1.26250000e+01,-6.93750000e-02,7.81250000e-04
-1.01685000e-07,1.00000000e-01,1.25625000e+01,-3.75000000e-03,-3.67187500e-02
-1.01365000e-07,3.75000000e-02,1.25750000e+01,-1.87500000e-03,-2.42187500e-02
-1.01045000e-07,1.50000000e-01,1.25875000e+01,-1.43750000e-02,5.46875000e-03
-1.00725000e-07,2.12500000e-01,1.27250000e+01,-3.87500000e-02,8.59375000e-03
-1.00405000e-07,1.25000000e-01,1.26000000e+01,-3.87500000e-02,-1.40625000e-02
-1.00085000e-07,7.50000000e-02,1.25500000e+01,-3.62500000e-02,-6.09375000e-02
-9.97650000e-08,1.50000000e-01,1.25500000e+01,-2.81250000e-02,-7.57812500e-02
-9.94450000e-08,7.50000000e-02,1.25375000e+01,-3.31250000e-02,-1.95312500e-02
-9.91250000e-08,-1.25000000e-02,1.26000000e+01,-3.56250000e-02,-4.60937500e-02
-9.88050000e-08,-3.75000000e-02,1.25625000e+01,-3.81250000e-02,-3.90625000e-02
-9.84850000e-08,-2.50000000e-02,1.24625000e+01,-4.56250000e-02,-4.92187500e-02
-9.81650000e-08,0.00000000e+00,1.24500000e+01,-1.43750000e-02,7.50000000e-02
-9.78450000e-08,1.37500000e-01,1.26375000e+01,-3.31250000e-02,4.92187500e-02
-9.75250000e-08,2.25000000e-01,1.26750000e+01,-1.25000000e-03,-1.09375000e-01
-9.72050000e-08,1.25000000e-01,1.26000000e+01,-2.81250000e-02,-1.35156250e-01
-9.68850000e-08,1.25000000e-02,1.26375000e+01,-3.62500000e-02,6.25000000e-03
-9.65650000e-08,-3.75000000e-02,1.26625000e+01,-4.37500000e-03,4.84375000e-02
-9.62450000e-08,1.12500000e-01,1.26500000e+01,-1.75000000e-02,2.34375000e-02
-9.59250000e-08,-2.50000000e-02,1.26625000e+01,-2.18750000e-02,-2.03125000e-02
-9.56050000e-08,7.50000000e-02,1.26875000e+01,-3.18750000e-02,-3.90625000e-02
-9.52850000e-08,1.75000000e-01,1.26500000e+01,-6.75000000e-02,-3.20312500e-02
-9.49650000e-08,1.25000000e-01,1.26750000e+01,-1.68750000e-02,-5.15625000e-02
-9.46450000e-08,2.50000000e-02,1.25875000e+01,-2.00000000e-02,-1.32812500e-01
-9.43250000e-08,2.25000000e-01,1.26500000e+01,-6.87500000e-03,-7.57812500e-02
-9.40050000e-08,8.75000000e-02,1.25250000e+01,-3.62500000e-02,-4.14062500e-02
-9.36850000e-08,7.50000000e-02,1.26000000e+01,-1.68750000e-02,-6.01562500e-02
-9.33650000e-08,5.00000000e-02,1.26500000e+01,-2.25000000e-02,-8.28125000e-02
-9.30450000e-08,1.12500000e-01,1.26750000e+01,-2.25000000e-02,-3.28125000e-02
-9.27250000e-08,1.87500000e-01,1.25750000e+01,-2.62500000e-02,-1.19531250e-01
-9.24050000e-08,8.75000000e-02,1.26875000e+01,-3.75000000e-02,-1.06250000e-01
-9.20850000e-08,1.25000000e-01,1.25750000e+01,-1.25000000e-03,-7.89062500e-02
-9.17650000e-08,1.37500000e-01,1.26375000e+01,-4.06250000e-02,-4.06250000e-02
-9.14450000e-08,2.62500000e-01,1.25625000e+01,-3.37500000e-02,2.34375000e-03
-9.11250000e-08,6.25000000e-02,1.26375000e+01,-6.87500000e-03,-5.85937500e-02
-9.08050000e-08,1.25000000e-01,1.26125000e+01,3.12500000e-03,-9.14062500e-02
-9.04850000e-08,8.75000000e-02,1.27500000e+01,-1.75000000e-02,-6.09375000e-02
-9.01650000e-08,6.25000000e-02,1.26750000e+01,-4.37500000e-02,-8.43750000e-02
-8.98450000e-08,8.75000000e-02,1.25750000e+01,-4.06250000e-02,-7.18750000e-02
-8.95250000e-08,8.75000000e-02,1.25125000e+01,-1.62500000e-02,-9.21875000e-02
-8.92050000e-08,6.25000000e-02,1.27250000e+01,-2.62500000e-02,-7.10937500e-02
-8.88850000e-08,1.25000000e-01,1.26625000e+01,-5.62500000e-02,-1.21875000e-01
-8.85650000e-08,2.87500000e-01,1.27000000e+01,-4.12500000e-02,-7.26562500e-02
-8.82450000e-08,1.12500000e-01,1.26625000e+01,-2.75000000e-02,-4.92187500e-02
-8.79250000e-08,1.12500000e-01,1.26750000e+01,-1.93750000e-02,-3.43750000e-02
-8.76050000e-08,6.25000000e-02,1.25875000e+01,-1.87500000e-02,-9.53125000e-02
-8.72850000e-08,7.50000000e-02,1.25250000e+01,-2.81250000e-02,-8.35937500e-02
-8.69650000e-08,1.25000000e-02,1.25750000e+01,-1.25000000e-02,-6.32812500e-02
-8.66450000e-08,2.50000000e-02,1.28000000e+01,-3.31250000e-02,-8.35937500e-02
-8.63250000e-08,1.37500000e-01,1.26750000e+01,-2.81250000e-02,-1.16406250e-01
-8.60050000e-08,7.50000000e-02,1.27125000e+01,-4.56250000e-02,-1.32812500e-01
-8.56850000e-08,-2.50000000e-02,1.26125000e+01,-9.37500000e-03,-1.06250000e-01
-8.53650000e-08,1.25000000e-01,1.26750000e+01,2.56250000e-02,-8.43750000e-02
-8.50450000e-08,1.25000000e-01,1.26000000e+01,-4.12500000e-02,-1.17968750e-01
-8.47250000e-08,1.37500000e-01,1.27375000e+01,-3.56250000e-02,-4.84375000e-02
-8.44050000e-08,1.00000000e-01,1.26375000e+01,3.12500000e-03,2.81250000e-02
-8.40850000e-08,1.37500000e-01,1.27250000e+01,-2.56250000e-02,-2.65625000e-02
-8.37650000e-08,5.00000000e-02,1.26000000e+01,-3.56250000e-02,-3.43750000e-02
-8.34450000e-08,1.25000000e-02,1.27000000e+01,3.12500000e-03,-8.43750000e-02
-8.31250000e-08,2.50000000e-02,1.25500000e+01,-1.62500000e-02,-1.06250000e-01
-8.28050000e-08,2.37500000e-01,1.26000000e+01,-2.25000000e-02,-8.90625000e-02
-8.24850000e-08,1.50000000e-01,1.26625000e+01,-2.18750000e-02,-2.65625000e-02
-8.21650000e-08,6.25000000e-02,1.27750000e+01,-2.00000000e-02,3.90625000e-03
-8.18450000e-08,6.25000000e-02,1.26750000e+01,-2.18750000e-02,-6.09375000e-02
-8.15250000e-08,-3.75000000e-02,1.26750000e+01,-2.62500000e-02,-6.40625000e-02
-8.12050000e-08,3.75000000e-02,1.25750000e+01,-3.56250000e-02,-7.81250000e-02
-8.08850000e-08,1.62500000e-01,1.27250000e+01,-2.62500000e-02,-6.09375000e-02
-8.05650000e-08,-5.00000000e-02,1.25875000e+01,-3.06250000e-02,-5.31250000e-02
-8.02450000e-08,-2.50000000e-02,1.27625000e+01,-3.62500000e-02,-1.56250000e-01
-7.99250000e-08,1.37500000e-01,1.25500000e+01,-1.37500000e-02,-1.52343750e-01
-7.96050000e-08,6.25000000e-02,1.25875000e+01,-1.18750000e-02,-6.09375000e-02
-7.92850000e-08,6.25000000e-02,1.25250000e+01,-1.75000000e-02,-7.03125000e-03
-7.89650000e-08,1.25000000e-01,1.26125000e+01,-3.62500000e-02,-5.39062500e-02
-7.86450000e-08,1.25000000e-01,1.26500000e+01,-5.56250000e-02,-1.56250000e-03
-7.83250000e-08,1.25000000e-01,1.26500000e+01,-1.12500000e-02,7.03125000e-02
-7.80050000e-08,3.75000000e-02,1.26750000e+01,-9.37500000e-03,-7.03125000e-02
-7.76850000e-08,5.00000000e-02,1.26750000e+01,-2.56250000e-02,-1.07031250e-01
-7.73650000e-08,5.00000000e-02,1.25500000e+01,-1.50000000e-02,-1.10937500e-01
-7.70450000e-08,1.75000000e-01,1.27125000e+01,-5.62500000e-02,-1.00000000e-01
-7.67250000e-08,1.37500000e-01,1.26625000e+01,-3.06250000e-02,-5.31250000e-02
-7.64050000e-08,1.00000000e-01,1.26000000e+01,-4.06250000e-02,1.40625000e-02
-7.60850000e-08,2.00000000e-01,1.25625000e+01,-2.56250000e-02,-1.14062500e-01
-7.57650000e-08,6.25000000e-02,1.26875000e+01,-2.18750000e-02,-1.51562500e-01
-7.54450000e-08,6.25000000e-02,1.25750000e+01,-4.37500000e-02,3.90625000e-02
-7.51250000e-08,5.00000000e-02,1.26750000e+01,-2.18750000e-02,1.95312500e-02
-7.48050000e-08,3.75000000e-02,1.26000000e+01,-5.12500000e-02,-3.67187500e-02
-7.44850000e-08,1.50000000e-01,1.27625000e+01,-3.00000000e-02,-3.04687500e-02
-7.41650000e-08,1.25000000e-01,1.26000000e+01,-2.56250000e-02,-7.81250000e-04
-7.38450000e-08,-2.50000000e-02,1.25750000e+01,-4.31250000e-02,-5.00000000e-02
-7.35250000e-08,1.00000000e-01,1.26625000e+01,-2.62500000e-02,-4.37500000e-02
-7.32050000e-08,2.00000000e-01,1.28000000e+01,-4.81250000e-02,1.17187500e-02
-7.28850000e-08,1.37500000e-01,1.26500000e+01,-2.50000000e-02,-2.03125000e-02
-7.25650000e-08,1.62500000e-01,1.25625000e+01,-6.25000000e-03,3.82812500e-02
-7.22450000e-08,1.25000000e-01,1.26750000e+01,-4.62500000e-02,7.03125000e-03
-7.19250000e-08,1.75000000e-01,1.25375000e+01,-5.62500000e-02,-2.50000000e-02
-7.16050000e-08,6.25000000e-02,1.24500000e+01,-1.75000000e-02,-3.12500000e-03
-7.12850000e-08,-7.50000000e-02,1.25250000e+01,-3.43750000e-02,4.21875000e-02
-7.09650000e-08,8.75000000e-02,1.27625000e+01,-3.56250000e-02,3.75000000e-02
-7.06450000e-08,1.87500000e-01,1.27250000e+01,-2.56250000e-02,2.89062500e-02
-7.03250000e-08,1.87500000e-01,1.26500000e+01,-4.00000000e-02,2.57812500e-02
-7.00050000e-08,1.00000000e-01,1.26250000e+01,-1.93750000e-02,4.45312500e-02
-6.96850000e-08,1.62500000e-01,1.25500000e+01,-4.81250000e-02,5.00000000e-02
-6.93650000e-08,1.62500000e-01,1.27750000e+01,-1.25000000e-03,5.23437500e-02
-6.90450000e-08,7.50000000e-02,1.25375000e+01,-9.37500000e-03,1.06250000e-01
-6.87250000e-08,1.50000000e-01,1.26500000e+01,-1.87500000e-03,1.20312500e-01
-6.84050000e-08,1.25000000e-01,1.25250000e+01,-1.75000000e-02,-5.46875000e-02
-6.80850000e-08,1.62500000e-01,1.25500000e+01,-3.37500000e-02,-1.18750000e-01
-6.77650000e-08,2.62500000e-01,1.25875000e+01,-3.25000000e-02,-6.64062500e-02
-6.74450000e-08,1.75000000e-01,1.26500000e+01,-1.25000000e-03,2.89062500e-02
-6.71250000e-08,3.75000000e-02,1.25875000e+01,-2.81250000e-02,6.25000000e-03
-6.68050000e-08,2.50000000e-01,1.25125000e+01,-3.62500000e-02,-1.48437500e-02
-6.64850000e-08,1.25000000e-02,1.25500000e+01,-4.56250000e-02,-2.26562500e-02
-6.61650000e-08,6.25000000e-02,1.26750000e+01,-1.18750000e-02,2.81250000e-02
-6.58450000e-08,3.75000000e-02,1.25500000e+01,-5.06250000e-02,2.34375000e-03
-6.55250000e-08,1.37500000e-01,1.26875000e+01,-2.81250000e-02,-3.98437500e-02
-6.52050000e-08,1.62500000e-01,1.26125000e+01,-5.31250000e-02,-8.20312500e-02
-6.48850000e-08,1.25000000e-01,1.27750000e+01,-2.12500000e-02,-6.87500000e-02
-6.45650000e-08,-1.12500000e-01,1.25500000e+01,0.00000000e+00,-5.39062500e-02
-6.42450000e-08,1.87500000e-01,1.27000000e+01,-5.37500000e-02,-1.71875000e-02
-6.39250000e-08,1.25000000e-01,1.26250000e+01,-1.87500000e-02,-2.73437500e-02
-6.36050000e-08,6.25000000e-02,1.26125000e+01,-2.81250000e-02,7.81250000e-04
-6.32850000e-08,1.50000000e-01,1.25500000e+01,-1.43750000e-02,1.32812500e-02
-6.29650000e-08,1.62500000e-01,1.27875000e+01,-7.50000000e-03,-3.35937500e-02
-6.26450000e-08,2.25000000e-01,1.25750000e+01,-6.12500000e-02,-8.90625000e-02
-6.23250000e-08,1.62500000e-01,1.25625000e+01,-5.31250000e-02,-1.21093750e-01
-6.20050000e-08,2.50000000e-02,1.26750000e+01,-2.12500000e-02,-8.43750000e-02
-6.16850000e-08,1.12500000e-01,1.27750000e+01,-1.87500000e-03,3.59375000e-02
-6.13650000e-08,1.75000000e-01,1.25500000e+01,-1.75000000e-02,6.64062500e-02
-6.10450000e-08,1.87500000e-01,1.26625000e+01,-6.75000000e-02,-1.32812500e-02
-6.07250000e-08,2.50000000e-01,1.24875000e+01,-2.56250000e-02,-5.70312500e-02
-6.04050000e-08,1.25000000e-01,1.25750000e+01,-3.56250000e-02,-1.08593750e-01
-6.00850000e-08,7.50000000e-02,1.26125000e+01,-3.50000000e-02,-3.28125000e-02
-5.97650000e-08,2.00000000e-01,1.26000000e+01,1.25000000e-03,2.96875000e-02
-5.94450000e-08,-2.50000000e-02,1.26000000e+01,-1.93750000e-02,-7.18750000e-02
-5.91250000e-08,3.25000000e-01,1.26750000e+01,-3.31250000e-02,-1.15625000e-01
-5.88050000e-08,1.75000000e-01,1.25875000e+01,-1.37500000e-02,-1.32812500e-02
-5.84850000e-08,1.25000000e-01,1.26000000e+01,-1.25000000e-03,-4.37500000e-02
-5.81650000e-08,1.37500000e-01,1.26500000e+01,-6.87500000e-03,-6.56250000e-02
-5.78450000e-08,2.50000000e-02,1.27125000e+01,-2.18750000e-02,-3.51562500e-02
-5.75250000e-08,1.50000000e-01,1.26625000e+01,-6.87500000e-03,-5.39062500e-02
-5.72050000e-08,8.75000000e-02,1.27000000e+01,-1.25000000e-02,-8.59375000e-03
-5.68850000e-08,1.00000000e-01,1.25625000e+01,-2.81250000e-02,-3.04687500e-02
-5.65650000e-08,-1.25000000e-02,1.26875000e+01,-2.12500000e-02,1.09375000e-02
-5.62450000e-08,1.25000000e-01,1.26000000e+01,-6.25000000e-03,2.34375000e-03
-5.59250000e-08,1.62500000e-01,1.26500000e+01,-4.12500000e-02,3.12500000e-03
-5.56050000e-08,1.25000000e-01,1.25750000e+01,-3.87500000e-02,4.60937500e-02
-5.52850000e-08,2.12500000e-01,1.27125000e+01,-4.62500000e-02,2.18750000e-02
-5.49650000e-08,-3.75000000e-02,1.26375000e+01,-2.75000000e-02,-6.32812500e-02
-5.46450000e-08,5.00000000e-02,1.27500000e+01,-8.75000000e-03,-9.45312500e-02
-5.43250000e-08,7.50000000e-02,1.26625000e+01,-2.56250000e-02,-1.21093750e-01
-5.40050000e-08,-6.25000000e-02,1.26750000e+01,-4.37500000e-02,-4.45312500e-02
-5.36850000e-08,5.00000000e-02,1.27750000e+01,-2.62500000e-02,-1.79687500e-02
-5.33650000e-08,1.00000000e-01,1.27125000e+01,-3.81250000e-02,-8.04687500e-02
-5.30450000e-08,2.37500000e-01,1.25750000e+01,-1.93750000e-02,-2.42187500e-02
-5.27250000e-08,2.62500000e-01,1.26625000e+01,-6.37500000e-02,3.04687500e-02
-5.24050000e-08,1.25000000e-01,1.24875000e+01,-2.12500000e-02,-4.84375000e-02
-5.20850000e-08,1.87500000e-01,1.27000000e+01,-3.87500000e-02,-2.18750000e-02
-5.17650000e-08,-6.25000000e-02,1.25750000e+01,-1.43750000e-02,-4.68750000e-03
-5.14450000e-08,6.25000000e-02,1.25375000e+01,7.50000000e-03,-6.25000000e-03
-5.11250000e-08,1.00000000e-01,1.25625000e+01,-1.75000000e-02,-9.29687500e-02
-5.08050000e-08,-1.00000000e-01,1.26500000e+01,-2.18750000e-02,-1.07031250e-01
-5.04850000e-08,7.50000000e-02,1.25500000e+01,-1.43750000e-02,-5.70312500e-02
-5.01650000e-08,8.75000000e-02,1.25750000e+01,-3.12500000e-02,-3.75000000e-02
-4.98450000e-08,7.50000000e-02,1.25125000e+01,-4.37500000e-02,-3.28125000e-02
-4.95250000e-08,1.87500000e-01,1.25125000e+01,-3.12500000e-02,-1.09375000e-02
-4.92050000e-08,1.00000000e-01,1.26500000e+01,-1.87500000e-02,2.26562500e-02
-4.88850000e-08,1.00000000e-01,1.26375000e+01,-1.87500000e-03,2.81250000e-02
-4.85650000e-08,1.50000000e-01,1.24750000e+01,-6.87500000e-03,-5.00000000e-02
-4.82450000e-08,-7.50000000e-02,1.28000000e+01,-7.50000000e-03,1.09375000e-02
-4.79250000e-08,1.62500000e-01,1.26875000e+01,-5.37500000e-02,5.78125000e-02
-4.76050000e-08,-2.50000000e-02,1.27125000e+01,-5.31250000e-02,-2.03125000e-02
-4.72850000e-08,-1.25000000e-02,1.25750000e+01,-4.81250000e-02,-1.04687500e-01
-4.69650000e-08,1.25000000e-01,1.25000000e+01,-3.31250000e-02,-7.65625000e-02
-4.66450000e-08,1.12500000e-01,1.26250000e+01,-4.00000000e-02,-3.59375000e-02
-4.63250000e-08,1.37500000e-01,1.26125000e+01,1.25000000e-03,-9.53125000e-02
-4.60050000e-08,5.00000000e-02,1.24750000e+01,-2.56250000e-02,-8.75000000e-02
-4.56850000e-08,1.75000000e-01,1.26875000e+01,-3.87500000e-02,-6.95312500e-02
-4.53650000e-08,1.25000000e-02,1.27125000e+01,-4.12500000e-02,-1.07812500e-01
-4.50450000e-08,1.00000000e-01,1.25625000e+01,-3.25000000e-02,-1.27343750e-01
-4.47250000e-08,6.25000000e-02,1.25125000e+01,-1.68750000e-02,-3.98437500e-02
-4.44050000e-08,3.75000000e-02,1.26875000e+01,-3.56250000e-02,1.17187500e-02
-4.40850000e-08,2.50000000e-02,1.27625000e+01,-3.75000000e-02,-1.56250000e-03
-4.37650000e-08,2.62500000e-01,1.26875000e+01,-1.37500000e-02,-2.42187500e-02
-4.34450000e-08,1.62500000e-01,1.26125000e+01,-1.87500000e-02,-4.68750000e-03
-4.31250000e-08,-1.25000000e-02,1.27375000e+01,-9.37500000e-03,-7.81250000e-03
-4.28050000e-08,8.75000000e-02,1.26625000e+01,-5.00000000e-03,-4.84375000e-02
-4.24850000e-08,1.87500000e-01,1.26500000e+01,-1.93750000e-02,1.01562500e-02
-4.21650000e-08,3.75000000e-02,1.26000000e+01,-1.00000000e-02,-4.29687500e-02
-4.18450000e-08,7.50000000e-02,1.25875000e+01,-3.87500000e-02,-2.73437500e-02
-4.15250000e-08,3.75000000e-02,1.25000000e+01,-4.06250000e-02,-2.65625000e-02
-4.12050000e-08,6.25000000e-02,1.26500000e+01,-3.25000000e-02,-5.23437500e-02
-4.08850000e-08,2.50000000e-02,1.25250000e+01,-8.75000000e-03,1.56250000e-03
-4.05650000e-08,-5.00000000e-02,1.27125000e+01,-3.56250000e-02,2.81250000e-02
-4.02450000e-08,-1.00000000e-01,1.27125000e+01,-7.00000000e-02,-1.56250000e-03
-3.99250000e-08,0.00000000e+00,1.26375000e+01,-1.93750000e-02,3.20312500e-02
-3.96050000e-08,5.00000000e-02,1.27875000e+01,8.12500000e-03,-6.25000000e-03
-3.92850000e-08,6.25000000e-02,1.27000000e+01,-3.37500000e-02,-5.07812500e-02
-3.89650000e-08,-5.00000000e-02,1.26125000e+01,-3.12500000e-02,-4.60937500e-02
-3.86450000e-08,1.75000000e-01,1.24875000e+01,-3.12500000e-02,1.87500000e-02
-3.83250000e-08,1.12500000e-01,1.26250000e+01,-2.18750000e-02,3.51562500e-02
-3.80050000e-08,2.50000000e-02,1.26250000e+01,-3.56250000e-02,-4.06250000e-02
-3.76850000e-08,1.25000000e-01,1.26500000e+01,-3.75000000e-03,-6.32812500e-02
-3.73650000e-08,1.37500000e-01,1.26000000e+01,-3.56250000e-02,1.17187500e-02
-3.70450000e-08,1.25000000e-01,1.25375000e+01,-2.87500000e-02,-7.96875000e-02
-3.67250000e-08,7.50000000e-02,1.26125000e+01,-2.56250000e-02,-9.21875000e-02
-3.64050000e-08,3.75000000e-02,1.26125000e+01,-2.50000000e-02,-1.56250000e-02
-3.60850000e-08,1.25000000e-02,1.25375000e+01,-3.06250000e-02,-7.81250000e-04
-3.57650000e-08,-7.50000000e-02,1.26375000e+01,-2.87500000e-02,-9.14062500e-02
-3.54450000e-08,-3.75000000e-02,1.26625000e+01,-5.62500000e-02,-3.75000000e-02
-3.51250000e-08,-1.25000000e-02,1.27500000e+01,-6.25000000e-03,1.32812500e-02
-3.48050000e-08,5.00000000e-02,1.26125000e+01,-1.43750000e-02,-5.85937500e-02
-3.44850000e-08,1.00000000e-01,1.26125000e+01,-4.37500000e-03,-5.93750000e-02
-3.41650000e-08,1.25000000e-01,1.27250000e+01,-1.00000000e-02,-6.40625000e-02
-3.38450000e-08,0.00000000e+00,1.25750000e+01,-4.62500000e-02,-1.18750000e-01
-3.35250000e-08,7.50000000e-02,1.26250000e+01,-2.75000000e-02,-4.92187500e-02
-3.32050000e-08,5.00000000e-02,1.26125000e+01,-1.43750000e-02,-5.85937500e-02
-3.28850000e-08,8.75000000e-02,1.26750000e+01,-5.56250000e-02,-4.76562500e-02
-3.25650000e-08,8.75000000e-02,1.26375000e+01,-1.87500000e-02,-2.42187500e-02
-3.22450000e-08,1.37500000e-01,1.25875000e+01,-1.43750000e-02,-2.89062500e-02
-3.19250000e-08,1.25000000e-02,1.26875000e+01,-1.93750000e-02,-1.11718750e-01
-3.16050000e-08,1.75000000e-01,1.26000000e+01,-2.87500000e-02,-1.05468750e-01
-3.12850000e-08,3.75000000e-02,1.26500000e+01,-3.87500000e-02,1.71875000e-02
-3.09650000e-08,0.00000000e+00,1.27375000e+01,-5.37500000e-02,-6.25000000e-03
-3.06450000e-08,3.75000000e-02,1.25000000e+01,-4.81250000e-02,-5.31250000e-02
-3.03250000e-08,-1.00000000e-01,1.25875000e+01,-3.56250000e-02,-7.81250000e-03
-3.00050000e-08,-2.50000000e-02,1.26125000e+01,-1.62500000e-02,-1.10156250e-01
-2.96850000e-08,6.25000000e-02,1.26125000e+01,-2.00000000e-02,-1.32812500e-01
-2.93650000e-08,7.50000000e-02,1.26250000e+01,-4.06250000e-02,-6.56250000e-02
-2.90450000e-08,1.25000000e-01,1.25625000e+01,-4.37500000e-03,-1.79687500e-02
-2.87250000e-08,3.75000000e-02,1.26125000e+01,-5.31250000e-02,-7.50000000e-02
-2.84050000e-08,1.00000000e-01,1.27250000e+01,-1.12500000e-02,-6.64062500e-02
-2.80850000e-08,2.00000000e-01,1.26250000e+01,-3.37500000e-02,-7.03125000e-02
-2.77650000e-08,1.12500000e-01,1.26375000e+01,-1.68750000e-02,-3.98437500e-02
-2.74450000e-08,5.00000000e-02,1.25625000e+01,-1.50000000e-02,-5.15625000e-02
-2.71250000e-08,7.50000000e-02,1.27000000e+01,-2.87500000e-02,-7.81250000e-04
-2.68050000e-08,1.12500000e-01,1.25875000e+01,-3.81250000e-02,3.20312500e-02
-2.64850000e-08,6.25000000e-02,1.27625000e+01,-1.50000000e-02,-8.59375000e-03
-2.61650000e-08,6.25000000e-02,1.25625000e+01,-2.12500000e-02,-8.59375000e-02
-2.58450000e-08,1.00000000e-01,1.25750000e+01,-1.25000000e-02,-8.43750000e-02
-2.55250000e-08,-2.50000000e-02,1.26250000e+01,-4.37500000e-02,-9.14062500e-02
-2.52050000e-08,-5.00000000e-02,1.25750000e+01,-4.06250000e-02,-9.92187500e-02
-2.48850000e-08,7.50000000e-02,1.25625000e+01,-7.00000000e-02,-5.00000000e-02
-2.45650000e-08,1.12500000e-01,1.27375000e+01,-4.25000000e-02,-3.35937500e-02
-2.42450000e-08,-5.00000000e-02,1.26375000e+01,3.75000000e-03,-4.37500000e-02
-2.39250000e-08,8.75000000e-02,1.26125000e+01,-1.25000000e-02,-6.95312500e-02
-2.36050000e-08,0.00000000e+00,1.27125000e+01,-6.43750000e-02,-5.54687500e-02
-2.32850000e-08,3.75000000e-02,1.27000000e+01,-6.68750000e-02,-4.53125000e-02
-2.29650000e-08,-1.25000000e-02,1.25625000e+01,-3.25000000e-02,-1.24218750e-01
-2.26450000e-08,-1.25000000e-02,1.27125000e+01,-2.25000000e-02,-3.04687500e-02
-2.23250000e-08,1.87500000e-01,1.27625000e+01,-2.56250000e-02,-2.89062500e-02
-2.20050000e-08,1.50000000e-01,1.26750000e+01,-3.31250000e-02,-1.02343750e-01
-2.16850000e-08,0.00000000e+00,1.25875000e+01,-2.12500000e-02,-1.11718750e-01
-2.13650000e-08,1.25000000e-02,1.25250000e+01,-2.87500000e-02,-1.60156250e-01
-2.10450000e-08,1.12500000e-01,1.27000000e+01,-4.62500000e-02,-1.36718750e-01
-2.07250000e-08,8.75000000e-02,1.26750000e+01,-1.93750000e-02,-8.59375000e-03
-2.04050000e-08,1.50000000e-01,1.27500000e+01,3.12500000e-03,-5.00000000e-02
-2.00850000e-08,3.75000000e-02,1.25500000e+01,-1.50000000e-02,-7.10937500e-02
-1.97650000e-08,-3.75000000e-02,1.25125000e+01,-4.12500000e-02,-4.68750000e-02
-1.94450000e-08,8.75000000e-02,1.27625000e+01,-1.62500000e-02,-8.59375000e-02
-1.91250000e-08,5.00000000e-02,1.26250000e+01,-1.75000000e-02,-7.81250000e-03
-1.88050000e-08,1.50000000e-01,1.25625000e+01,-5.87500000e-02,-3.90625000e-03
-1.84850000e-08,-1.25000000e-02,1.25500000e+01,-3.00000000e-02,-1.08593750e-01
-1.81650000e-08,2.50000000e-02,1.26000000e+01,3.75000000e-03,-1.24218750e-01
-1.78450000e-08,-5.00000000e-02,1.25875000e+01,-1.93750000e-02,-3.12500000e-02
-1.75250000e-08,1.12500000e-01,1.27375000e+01,-4.37500000e-02,-1.09375000e-02
-1.72050000e-08,1.25000000e-01,1.26750000e+01,-5.31250000e-02,8.59375000e-03
-1.68850000e-08,1.75000000e-01,1.25750000e+01,-2.50000000e-02,-1.09375000e-02
-1.65650000e-08,1.12500000e-01,1.26500000e+01,-1.37500000e-02,-5.70312500e-02
-1.62450000e-08,7.50000000e-02,1.26250000e+01,3.12500000e-03,-7.03125000e-03
-1.59250000e-08,-5.00000000e-02,1.26750000e+01,-6.12500000e-02,-3.98437500e-02
-1.56050000e-08,3.75000000e-02,1.26375000e+01,-3.81250000e-02,-5.46875000e-02
-1.52850000e-08,1.25000000e-01,1.26250000e+01,-1.87500000e-02,-4.21875000e-02
-1.49650000e-08,6.25000000e-02,1.26750000e+01,-1.18750000e-02,-4.21875000e-02
-1.46450000e-08,5.00000000e-02,1.26125000e+01,-4.87500000e-02,-1.48437500e-02
-1.43250000e-08,-5.00000000e-02,1.26875000e+01,-3.31250000e-02,-6.64062500e-02
-1.40050000e-08,0.00000000e+00,1.25625000e+01,-2.25000000e-02,-3.12500000e-02
-1.36850000e-08,7.50000000e-02,1.27125000e+01,-6.31250000e-02,-4.45312500e-02
-1.33650000e-08,1.12500000e-01,1.27125000e+01,-2.12500000e-02,-1.79687500e-02
-1.30450000e-08,1.25000000e-01,1.25625000e+01,-4.12500000e-02,-4.45312500e-02
-1.27250000e-08,1.75000000e-01,1.26000000e+01,-4.62500000e-02,-9.92187500e-02
-1.24050000e-08,3.75000000e-02,1.28250000e+01,-1.43750000e-02,4.68750000e-03
-1.20850000e-08,-5.00000000e-02,1.26750000e+01,-1.00000000e-02,-4.37500000e-02
-1.17650000e-08,1.00000000e-01,1.26375000e+01,-4.87500000e-02,-8.04687500e-02
-1.14450000e-08,6.25000000e-02,1.26000000e+01,-5.56250000e-02,-3.43750000e-02
-1.11250000e-08,-5.00000000e-02,1.26750000e+01,-2.50000000e-02,-7.81250000e-02
-1.08050000e-08,7.50000000e-02,1.25625000e+01,-6.87500000e-03,-1.17187500e-02
-1.04850000e-08,2.62500000e-01,1.26625000e+01,-2.50000000e-02,6.40625000e-02
-1.01650000e-08,3.75000000e-02,1.25250000e+01,-1.87500000e-03,-1.87500000e-02
-9.84500000e-09,-2.50000000e-02,1.26750000e+01,-4.31250000e-02,-7.57812500e-02
-9.52500000e-09,-3.75000000e-02,1.26875000e+01,-3.06250000e-02,-7.81250000e-02
-9.20500000e-09,1.25000000e-01,1.27250000e+01,-2.12500000e-02,-1.42187500e-01
-8.88500000e-09,1.50000000e-01,1.24625000e+01,-1.43750000e-02,-1.10937500e-01
-8.56500000e-09,-1.25000000e-02,1.26625000e+01,-1.00000000e-02,-3.12500000e-02
-8.24500000e-09,2.12500000e-01,1.26500000e+01,-5.62500000e-02,-3.59375000e-02
-7.92500000e-09,-2.50000000e-02,1.25375000e+01,-4.00000000e-02,-3.82812500e-02
-7.60500000e-09,0.00000000e+00,1.26750000e+01,3.75000000e-03,-4.21875000e-02
-7.28500000e-09,-1.25000000e-02,1.26875000e+01,-1.12500000e-02,2.42187500e-02
-6.96500000e-09,1.50000000e-01,1.24875000e+01,-6.87500000e-03,2.18750000e-02
-6.64500000e-09,2.00000000e-01,1.25875000e+01,-9.37500000e-03,1.64062500e-02
-6.32500000e-09,-1.25000000e-02,1.25625000e+01,-3.87500000e-02,-8.20312500e-02
-6.00500000e-09,2.50000000e-02,1.26625000e+01,-1.18750000e-02,-1.45312500e-01
-5.68500000e-09,8.75000000e-02,1.27000000e+01,-3.93750000e-02,-1.12500000e-01
-5.36500000e-09,-6.25000000e-02,1.26500000e+01,-4.93750000e-02,1.87500000e-02
-5.04500000e-09,2.50000000e-01,1.26250000e+01,-7.25000000e-02,-5.46875000e-03
-4.72500000e-09,7.50000000e-02,1.27750000e+01,-2.12500000e-02,-7.42187500e-02
-4.40500000e-09,7.50000000e-02,1.26375000e+01,-1.31250000e-02,-4.14062500e-02
-4.08500000e-09,2.12500000e-01,1.26375000e+01,-2.81250000e-02,-9.60937500e-02
-3.76500000e-09,2.50000000e-02,1.25500000e+01,-3.81250000e-02,-1.60156250e-01
-3.44500000e-09,2.50000000e-02,1.25750000e+01,-4.81250000e-02,-1.02343750e-01
-3.12500000e-09,0.00000000e+00,1.27125000e+01,-3.62500000e-02,-7.81250000e-02
-2.80500000e-09,2.00000000e-01,1.27375000e+01,-3.56250000e-02,-2.81250000e-02
-2.48500000e-09,3.75000000e-02,1.27250000e+01,-1.87500000e-02,-1.32812500e-02
-2.16500000e-09,5.00000000e-02,1.26750000e+01,-1.00000000e-02,-1.32812500e-02
-1.84500000e-09,1.25000000e-01,1.26000000e+01,-5.62500000e-02,-1.79687500e-02
-1.52500000e-09,2.50000000e-02,1.26375000e+01,-3.31250000e-02,-5.31250000e-02
-1.20500000e-09,0.00000000e+00,1.25625000e+01,-2.75000000e-02,-1.08593750e-01
-8.85000000e-10,1.25000000e-01,1.25250000e+01,-6.25000000e-03,-8.98437500e-02
-5.65000000e-10,1.75000000e-01,1.25875000e+01,-4.06250000e-02,-1.09375000e-01
-2.45000000e-10,1.25000000e-01,1.26375000e+01,-4.12500000e-02,-1.56250000e-03
7.50000000e-11,1.00000000e-01,1.26625000e+01,-1.18750000e-02,2.34375000e-03
3.95000000e-10,1.25000000e-01,1.26875000e+01,2.50000000e-03,-7.65625000e-02
7.15000000e-10,-2.50000000e-02,1.26250000e+01,-5.37500000e-02,-5.93750000e-02
1.03500000e-09,1.25000000e-02,1.26250000e+01,1.12500000e-02,2.10937500e-02
1.35500000e-09,8.75000000e-02,1.25125000e+01,-7.50000000e-03,6.09375000e-02
1.67500000e-09,7.50000000e-02,1.25375000e+01,-8.06250000e-02,9.37500000e-03
1.99500000e-09,8.75000000e-02,1.25500000e+01,-4.25000000e-02,-4.14062500e-02
2.31500000e-09,1.75000000e-01,1.26000000e+01,-2.56250000e-02,-6.01562500e-02
2.63500000e-09,1.12500000e-01,1.25875000e+01,-4.87500000e-02,-1.03125000e-01
2.95500000e-09,-8.75000000e-02,1.26125000e+01,-4.87500000e-02,0.00000000e+00
3.27500000e-09,2.50000000e-02,1.26000000e+01,-8.18750000e-02,-7.50000000e-02
3.59500000e-09,1.37500000e-01,1.26250000e+01,-4.06250000e-02,-1.56250000e-01
3.91500000e-09,1.00000000e-01,1.26750000e+01,-2.81250000e-02,-8.51562500e-02
4.23500000e-09,1.12500000e-01,1.27500000e+01,-1.93750000e-02,-7.03125000e-02
4.55500000e-09,7.50000000e-02,1.25875000e+01,-4.62500000e-02,-6.32812500e-02
4.87500000e-09,3.75000000e-02,1.26750000e+01,-6.06250000e-02,-3.51562500e-02
5.19500000e-09,-7.50000000e-02,1.25625000e+01,-3.50000000e-02,-2.81250000e-02
5.51500000e-09,1.25000000e-01,1.26375000e+01,-1.12500000e-02,6.56250000e-02
5.83500000e-09,2.50000000e-02,1.25250000e+01,-4.31250000e-02,-2.57812500e-02
6.15500000e-09,-1.12500000e-01,1.26000000e+01,-2.81250000e-02,-9.37500000e-02
6.47500000e-09,6.25000000e-02,1.27125000e+01,-2.81250000e-02,4.45312500e-02
6.79500000e-09,8.75000000e-02,1.25750000e+01,-1.18750000e-02,-2.96875000e-02
7.11500000e-09,2.50000000e-02,1.25750000e+01,-6.12500000e-02,-7.10937500e-02
7.43500000e-09,6.25000000e-02,1.27125000e+01,-4.00000000e-02,-9.37500000e-03
7.75500000e-09,-1.25000000e-02,1.26875000e+01,-4.37500000e-03,-5.93750000e-02
8.07500000e-09,-3.75000000e-02,1.26500000e+01,-4.81250000e-02,-5.23437500e-02
8.39500000e-09,2.25000000e-01,1.24500000e+01,-5.56250000e-02,-7.73437500e-02
8.71500000e-09,1.12500000e-01,1.27375000e+01,-3.56250000e-02,-7.18750000e-02
9.03500000e-09,1.37500000e-01,1.26500000e+01,-3.00000000e-02,-8.43750000e-02
9.35500000e-09,-3.75000000e-02,1.27500000e+01,-1.12500000e-02,-3.12500000e-03
9.67500000e-09,-3.75000000e-02,1.26125000e+01,-1.68750000e-02,9.29687500e-02
9.99500000e-09,6.25000000e-02,1.26000000e+01,-3.56250000e-02,9.29687500e-02
1.03150000e-08,-3.75000000e-02,1.26750000e+01,1.25000000e-03,4.76562500e-02
1.06350000e-08,0.00000000e+00,1.26750000e+01,-4.56250000e-02,2.73437500e-02
1.09550000e-08,3.62500000e-01,1.26250000e+01,-2.81250000e-02,-2.57812500e-02
1.12750000e-08,1.37500000e-01,1.26375000e+01,-9.37500000e-03,-8.67187500e-02
1.15950000e-08,6.25000000e-02,1.26125000e+01,-1.93750000e-02,-6.40625000e-02
1.19150000e-08,7.50000000e-02,1.26750000e+01,-3.37500000e-02,-3.12500000e-03
1.22350000e-08,-1.25000000e-02,1.25875000e+01,-6.31250000e-02,-2.65625000e-02
1.25550000e-08,2.50000000e-02,1.25125000e+01,-4.31250000e-02,-3.43750000e-02
1.28750000e-08,8.75000000e-02,1.24750000e+01,-3.81250000e-02,-5.46875000e-02
1.31950000e-08,1.62500000e-01,1.25875000e+01,-2.56250000e-02,-7.03125000e-03
1.35150000e-08,6.25000000e-02,1.25750000e+01,-2.56250000e-02,6.64062500e-02
1.38350000e-08,1.00000000e-01,1.26250000e+01,-4.56250000e-02,-5.85937500e-02
1.41550000e-08,1.00000000e-01,1.25125000e+01,-2.12500000e-02,-9.45312500e-02
1.44750000e-08,8.75000000e-02,1.25375000e+01,-1.93750000e-02,0.00000000e+00
1.47950000e-08,1.12500000e-01,1.25500000e+01,-9.37500000e-03,2.57812500e-02
1.51150000e-08,2.50000000e-02,1.25875000e+01,-2.87500000e-02,-3.12500000e-02
1.54350000e-08,1.00000000e-01,1.26000000e+01,-5.18750000e-02,-2.65625000e-02
1.57550000e-08,7.50000000e-02,1.26625000e+01,-4.62500000e-02,-2.26562500e-02
1.60750000e-08,6.25000000e-02,1.26625000e+01,-3.56250000e-02,-3.04687500e-02
1.63950000e-08,1.37500000e-01,1.26875000e+01,-2.87500000e-02,-5.00000000e-02
1.67150000e-08,6.25000000e-02,1.25750000e+01,-5.31250000e-02,-5.31250000e-02
1.70350000e-08,1.25000000e-02,1.26375000e+01,-2.81250000e-02,-6.95312500e-02
1.73550000e-08,-2.50000000e-02,1.25875000e+01,-4.31250000e-02,-2.50000000e-02
1.76750000e-08,1.12500000e-01,1.26250000e+01,-1.12500000e-02,1.01562500e-02
1.79950000e-08,2.50000000e-02,1.25875000e+01,-2.00000000e-02,-3.04687500e-02
1.83150000e-08,1.87500000e-01,1.26250000e+01,-4.12500000e-02,-3.12500000e-02
1.86350000e-08,1.25000000e-02,1.24375000e+01,-1.62500000e-02,-7.03125000e-02
1.89550000e-08,1.50000000e-01,1.27000000e+01,-3.12500000e-02,-3.59375000e-02
1.92750000e-08,5.00000000e-02,1.26625000e+01,-9.37500000e-03,1.40625000e-02
1.95950000e-08,-3.75000000e-02,1.26750000e+01,1.50000000e-02,1.71875000e-02
1.99150000e-08,2.50000000e-02,1.26625000e+01,-4.37500000e-02,3.90625000e-03
2.02350000e-08,1.87500000e-01,1.25750000e+01,-3.06250000e-02,6.40625000e-02
2.05550000e-08,-1.25000000e-02,1.26750000e+01,-1.25000000e-02,4.14062500e-02
2.08750000e-08,2.50000000e-02,1.25625000e+01,-6.06250000e-02,4.68750000e-03
2.11950000e-08,7.50000000e-02,1.26000000e+01,-4.00000000e-02,3.12500000e-02
2.15150000e-08,0.00000000e+00,1.26125000e+01,1.25000000e-03,8.51562500e-02
2.18350000e-08,6.25000000e-02,1.26000000e+01,-2.50000000e-02,5.31250000e-02
2.21550000e-08,1.25000000e-01,1.26625000e+01,3.12500000e-03,-4.68750000e-03
2.24750000e-08,5.00000000e-02,1.26750000e+01,-3.56250000e-02,1.48437500e-02
2.27950000e-08,8.75000000e-02,1.26250000e+01,-1.50000000e-02,4.14062500e-02
2.31150000e-08,-3.75000000e-02,1.26750000e+01,-3.12500000e-02,4.84375000e-02
2.34350000e-08,3.75000000e-02,1.26875000e+01,-2.75000000e-02,2.10937500e-02
2.37550000e-08,2.50000000e-02,1.26375000e+01,-3.56250000e-02,-4.60937500e-02
2.40750000e-08,8.75000000e-02,1.27625000e+01,-4.56250000e-02,-5.62500000e-02
2.43950000e-08,3.75000000e-02,1.26500000e+01,-4.62500000e-02,-4.60937500e-02
2.47150000e-08,1.37500000e-01,1.26500000e+01,-1.87500000e-02,-9.37500000e-02
2.50350000e-08,1.00000000e-01,1.25375000e+01,-5.00000000e-03,-1.42187500e-01
2.53550000e-08,1.25000000e-02,1.25000000e+01,-5.62500000e-02,-6.79687500e-02
2.56750000e-08,1.00000000e-01,1.25375000e+01,-3.81250000e-02,-1.64062500e-02
2.59950000e-08,2.50000000e-02,1.25875000e+01,-4.31250000e-02,2.89062500e-02
2.63150000e-08,2.50000000e-02,1.26500000e+01,-2.50000000e-02,1.01562500e-02
2.66350000e-08,1.12500000e-01,1.28000000e+01,-2.81250000e-02,-5.46875000e-02
2.69550000e-08,1.12500000e-01,1.26500000e+01,-1.62500000e-02,-5.70312500e-02
2.72750000e-08,3.75000000e-02,1.26875000e+01,-1.31250000e-02,-1.71875000e-02
2.75950000e-08,7.50000000e-02,1.27125000e+01,-4.12500000e-02,-1.48437500e-02
2.79150000e-08,8.75000000e-02,1.25875000e+01,-4.06250000e-02,-5.93750000e-02
2.82350000e-08,-3.75000000e-02,1.28125000e+01,-3.56250000e-02,-5.07812500e-02
2.85550000e-08,6.25000000e-02,1.28125000e+01,-2.56250000e-02,-7.81250000e-04
2.88750000e-08,-6.56250000e-02,1.26375000e+01,-3.56250000e-02,-5.00000000e-02
2.91950000e-08,-7.50000000e-02,1.27500000e+01,-2.75000000e-02,-1.14062500e-01
2.95150000e-08,-1.25000000e-01,1.27000000e+01,-1.37500000e-02,-8.35937500e-02
2.98350000e-08,-2.93750000e-01,1.28250000e+01,-1.25000000e-03,-7.73437500e-02
3.01550000e-08,-1.93750000e-01,1.27000000e+01,-2.62500000e-02,-1.32031250e-01
3.04750000e-08,-2.06250000e-01,1.27000000e+01,-2.00000000e-02,-1.14062500e-01
3.07950000e-08,-3.75000000e-01,1.27375000e+01,-3.68750000e-02,-1.28125000e-01
3.11150000e-08,-3.75000000e-01,1.27625000e+01,-2.18750000e-02,-7.26562500e-02
3.14350000e-08,-3.62500000e-01,1.26375000e+01,-3.62500000e-02,-5.70312500e-02
3.17550000e-08,-2.06250000e-01,1.27375000e+01,-1.93750000e-02,-1.87500000e-02
3.20750000e-08,-3.18750000e-01,1.25750000e+01,-5.62500000e-02,-2.10937500e-02
3.23950000e-08,-2.00000000e-01,1.25875000e+01,-4.06250000e-02,-3.98437500e-02
3.27150000e-08,-6.87500000e-02,1.24750000e+01,-2.18750000e-02,-6.40625000e-02
3.30350000e-08,-7.50000000e-02,1.27250000e+01,-3.12500000e-02,-8.67187500e-02
3.33550000e-08,-7.50000000e-02,1.24750000e+01,-1.62500000e-02,-1.28125000e-01
3.36750000e-08,-7.50000000e-02,1.26125000e+01,-1.87500000e-03,-7.18750000e-02
3.39950000e-08,-2.03125000e-01,1.25875000e+01,-2.18750000e-02,-4.14062500e-02
3.43150000e-08,-2.18750000e-02,1.26000000e+01,-2.50000000e-03,-2.26562500e-02
3.46350000e-08,-4.68750000e-02,1.24875000e+01,-6.37500000e-02,-3.67187500e-02
3.49550000e-08,1.50000000e-01,1.24750000e+01,-1.12500000e-02,-4.45312500e-02
3.52750000e-08,1.62500000e-01,1.25375000e+01,-4.12500000e-02,-2.57812500e-02
3.55950000e-08,1.75000000e-01,1.24875000e+01,-5.62500000e-02,-1.13281250e-01
3.59150000e-08,3.37500000e-01,1.23375000e+01,-3.87500000e-02,-9.60937500e-02
3.62350000e-08,4.50000000e-01,1.24625000e+01,-3.25000000e-02,7.03125000e-03
3.65550000e-08,4.12500000e-01,1.23000000e+01,-4.56250000e-02,3.90625000e-03
3.68750000e-08,4.53125000e-01,1.23500000e+01,-5.31250000e-02,-1.17968750e-01
3.71950000e-08,6.53125000e-01,1.23875000e+01,-3.87500000e-02,-7.73437500e-02
3.75150000e-08,7.93750000e-01,1.22500000e+01,-3.06250000e-02,-8.59375000e-03
3.78350000e-08,8.40625000e-01,1.22750000e+01,-1.87500000e-02,-2.50000000e-02
3.81550000e-08,9.53125000e-01,1.24125000e+01,-4.12500000e-02,-4.92187500e-02
3.84750000e-08,1.14375000e+00,1.23250000e+01,-6.75000000e-02,-1.01562500e-01
3.87950000e-08,1.20625000e+00,1.24250000e+01,-3.12500000e-02,-6.01562500e-02
3.91150000e-08,1.21875000e+00,1.24375000e+01,-4.31250000e-02,-5.00000000e-02
3.94350000e-08,1.28437500e+00,1.24875000e+01,-5.31250000e-02,-1.00000000e-01
3.97550000e-08,1.40312500e+00,1.23125000e+01,-4.81250000e-02,-8.20312500e-02
4.00750000e-08,1.46562500e+00,1.24250000e+01,-4.06250000e-02,-2.96875000e-02
4.03950000e-08,1.65625000e+00,1.25250000e+01,-6.06250000e-02,-4.29687500e-02
4.07150000e-08,1.70625000e+00,1.24750000e+01,-4.56250000e-02,-3.35937500e-02
4.10350000e-08,1.81562500e+00,1.24625000e+01,-2.56250000e-02,-3.20312500e-02
4.13550000e-08,1.95312500e+00,1.25500000e+01,-4.31250000e-02,-2.73437500e-02
4.16750000e-08,2.17812500e+00,1.24000000e+01,-3.06250000e-02,-2.73437500e-02
4.19950000e-08,2.13125000e+00,1.24375000e+01,-3.25000000e-02,-7.89062500e-02
4.23150000e-08,2.34375000e+00,1.23250000e+01,-2.81250000e-02,-8.59375000e-02
4.26350000e-08,2.54062500e+00,1.23125000e+01,-4.06250000e-02,-3.43750000e-02
4.29550000e-08,2.56250000e+00,1.24875000e+01,-1.00000000e-02,-2.73437500e-02
4.32750000e-08,2.73750000e+00,1.22625000e+01,-5.68750000e-02,-4.68750000e-03
4.35950000e-08,2.82500000e+00,1.23000000e+01,-4.81250000e-02,-1.40625000e-02
4.39150000e-08,2.72500000e+00,1.21750000e+01,-1.87500000e-02,1.01562500e-02
4.42350000e-08,3.02500000e+00,1.21500000e+01,-2.62500000e-02,5.31250000e-02
4.45550000e-08,3.06250000e+00,1.24125000e+01,-2.00000000e-02,5.85937500e-02
4.48750000e-08,3.24375000e+00,1.22250000e+01,-3.62500000e-02,5.46875000e-03
4.51950000e-08,3.34375000e+00,1.22250000e+01,-1.12500000e-02,-3.04687500e-02
4.55150000e-08,3.48125000e+00,1.21125000e+01,-3.62500000e-02,2.26562500e-02
4.58350000e-08,3.59375000e+00,1.20750000e+01,-3.81250000e-02,7.81250000e-02
4.61550000e-08,3.70625000e+00,1.21750000e+01,-1.00000000e-02,1.01562500e-01
4.64750000e-08,3.85625000e+00,1.22375000e+01,-4.06250000e-02,2.03906250e-01
4.67950000e-08,3.89687500e+00,1.22000000e+01,-5.87500000e-02,1.46875000e-01
4.71150000e-08,4.10312500e+00,1.22500000e+01,-5.00000000e-02,7.81250000e-02
4.74350000e-08,4.14062500e+00,1.21125000e+01,-1.43750000e-02,3.75000000e-02
4.77550000e-08,4.14062500e+00,1.22250000e+01,-5.18750000e-02,4.45312500e-02
4.80750000e-08,4.06562500e+00,1.23000000e+01,-6.68750000e-02,1.35156250e-01
4.83950000e-08,4.16562500e+00,1.21750000e+01,-5.06250000e-02,1.47656250e-01
4.87150000e-08,4.36562500e+00,1.21875000e+01,-1.87500000e-03,9.45312500e-02
4.90350000e-08,4.20312500e+00,1.23250000e+01,-2.87500000e-02,1.89062500e-01
4.93550000e-08,4.21562500e+00,1.22250000e+01,-4.87500000e-02,2.21875000e-01
4.96750000e-08,4.32812500e+00,1.22625000e+01,-3.56250000e-02,2.45312500e-01
4.99950000e-08,4.44062500e+00,1.22000000e+01,-3.81250000e-02,2.51562500e-01
5.03150000e-08,4.41562500e+00,1.23625000e+01,-5.25000000e-02,2.12500000e-01
5.06350000e-08,4.37812500e+00,1.23875000e+01,-2.87500000e-02,2.36718750e-01
5.09550000e-08,4.41562500e+00,1.23625000e+01,-4.75000000e-02,2.52343750e-01
5.12750000e-08,4.41562500e+00,1.23375000e+01,-1.25000000e-02,2.97656250e-01
5.15950000e-08,4.44062500e+00,1.23875000e+01,-3.50000000e-02,3.42187500e-01
5.19150000e-08,4.57812500e+00,1.23250000e+01,-1.37500000e-02,3.39843750e-01
5.22350000e-08,4.47812500e+00,1.24000000e+01,-1.68750000e-02,3.41406250e-01
5.25550000e-08,4.42812500e+00,1.23750000e+01,-3.12500000e-02,3.97656250e-01
5.28750000e-08,4.40312500e+00,1.23375000e+01,-4.31250000e-02,4.42968750e-01
5.31950000e-08,4.45312500e+00,1.23500000e+01,-4.56250000e-02,4.15625000e-01
5.35150000e-08,4.55312500e+00,1.23625000e+01,-3.81250000e-02,4.46875000e-01
5.38350000e-08,4.49062500e+00,1.22750000e+01,-4.56250000e-02,4.84375000e-01
5.41550000e-08,4.46562500e+00,1.24000000e+01,-3.06250000e-02,5.87500000e-01
5.44750000e-08,4.46562500e+00,1.22375000e+01,-4.56250000e-02,5.36718750e-01
5.47950000e-08,4.52812500e+00,1.22125000e+01,-1.43750000e-02,5.56250000e-01
5.51150000e-08,4.31562500e+00,1.22000000e+01,-5.37500000e-02,6.33593750e-01
5.54350000e-08,4.56562500e+00,1.21125000e+01,-4.00000000e-02,6.96875000e-01
5.57550000e-08,4.54062500e+00,1.20750000e+01,3.75000000e-03,7.08593750e-01
5.60750000e-08,4.72812500e+00,1.22125000e+01,-1.12500000e-02,7.16406250e-01
5.63950000e-08,4.49062500e+00,1.21250000e+01,-2.18750000e-02,7.67968750e-01
5.67150000e-08,4.62812500e+00,1.22000000e+01,-1.75000000e-02,8.05468750e-01
5.70350000e-08,4.49062500e+00,1.21625000e+01,-4.37500000e-02,7.84375000e-01
5.73550000e-08,4.56562500e+00,1.22250000e+01,-5.56250000e-02,8.03125000e-01
5.76750000e-08,4.70312500e+00,1.22250000e+01,-2.75000000e-02,8.20312500e-01
5.79950000e-08,4.51562500e+00,1.22250000e+01,-3.81250000e-02,8.69531250e-01
5.83150000e-08,4.37812500e+00,1.20875000e+01,-3.00000000e-02,8.83593750e-01
5.86350000e-08,4.64062500e+00,1.21875000e+01,-3.43750000e-02,9.56250000e-01
5.89550000e-08,4.57812500e+00,1.22000000e+01,-4.50000000e-02,9.43750000e-01
5.92750000e-08,4.54062500e+00,1.22000000e+01,-1.93750000e-02,9.50000000e-01
5.95950000e-08,4.62812500e+00,1.22500000e+01,-2.56250000e-02,1.01718750e+00
5.99150000e-08,4.52812500e+00,1.24250000e+01,-1.75000000e-02,1.01953125e+00
6.02350000e-08,4.55312500e+00,1.23625000e+01,-3.87500000e-02,1.04453125e+00
6.05550000e-08,4.47812500e+00,1.22750000e+01,-2.12500000e-02,1.09375000e+00
6.08750000e-08,4.59062500e+00,1.23000000e+01,-3.12500000e-02,1.10937500e+00
6.11950000e-08,4.46562500e+00,1.22875000e+01,-4.62500000e-02,1.18593750e+00
6.15150000e-08,4.69375000e+00,1.23750000e+01,-2.87500000e-02,1.25000000e+00
6.18350000e-08,4.71562500e+00,1.23375000e+01,-4.56250000e-02,1.21953125e+00
6.21550000e-08,4.62812500e+00,1.24125000e+01,-2.56250000e-02,1.26875000e+00
6.24750000e-08,4.60625000e+00,1.24625000e+01,-4.06250000e-02,1.26406250e+00
6.27950000e-08,4.65312500e+00,1.22625000e+01,-3.56250000e-02,1.25234375e+00
6.31150000e-08,4.50312500e+00,1.24750000e+01,-2.81250000e-02,1.31171875e+00
6.34350000e-08,4.61562500e+00,1.22375000e+01,-4.56250000e-02,1.32812500e+00
6.37550000e-08,4.62812500e+00,1.23500000e+01,-6.06250000e-02,1.41328125e+00
6.40750000e-08,4.60312500e+00,1.23125000e+01,-6.87500000e-03,1.38828125e+00
6.43950000e-08,4.59062500e+00,1.24500000e+01,-4.62500000e-02,1.32968750e+00
6.47150000e-08,4.74687500e+00,1.24125000e+01,-3.81250000e-02,1.36484375e+00
6.50350000e-08,4.84375000e+00,1.23375000e+01,-7.00000000e-02,1.39218750e+00
6.53550000e-08,4.52812500e+00,1.21875000e+01,-4.00000000e-02,1.50312500e+00
6.56750000e-08,4.65625000e+00,1.24250000e+01,3.75000000e-03,1.49765625e+00
6.59950000e-08,4.71562500e+00,1.22125000e+01,-3.62500000e-02,1.50078125e+00
6.63150000e-08,4.67812500e+00,1.23375000e+01,-6.37500000e-02,1.56250000e+00
6.66350000e-08,4.74687500e+00,1.22750000e+01,-3.12500000e-02,1.53906250e+00
6.69550000e-08,4.79687500e+00,1.23000000e+01,-2.81250000e-02,1.51484375e+00
6.72750000e-08,4.73125000e+00,1.22875000e+01,-5.31250000e-02,1.60000000e+00
6.75950000e-08,4.80937500e+00,1.22375000e+01,-2.50000000e-02,1.70078125e+00
6.79150000e-08,4.69375000e+00,1.22000000e+01,-2.50000000e-02,1.66562500e+00
6.82350000e-08,4.70625000e+00,1.22625000e+01,-1.37500000e-02,1.62812500e+00
6.85550000e-08,4.75937500e+00,1.22250000e+01,-3.37500000e-02,1.65468750e+00
6.88750000e-08,4.78125000e+00,1.22000000e+01,-4.62500000e-02,1.78593750e+00
6.91950000e-08,4.66875000e+00,1.21750000e+01,-3.31250000e-02,1.81718750e+00
6.95150000e-08,4.82500000e+00,1.23250000e+01,-1.25000000e-03,1.80156250e+00
6.98350000e-08,4.69062500e+00,1.22500000e+01,-5.12500000e-02,1.79609375e+00
7.01550000e-08,4.74687500e+00,1.23500000e+01,-7.50000000e-02,1.81484375e+00
7.04750000e-08,4.66875000e+00,1.23125000e+01,-5.37500000e-02,1.85625000e+00
7.07950000e-08,4.69062500e+00,1.23125000e+01,-5.12500000e-02,1.94140625e+00
7.11150000e-08,4.60312500e+00,1.24000000e+01,-1.93750000e-02,1.97187500e+00
7.14350000e-08,4.54062500e+00,1.22500000e+01,-7.25000000e-02,1.95000000e+00
7.17550000e-08,4.79687500e+00,1.22750000e+01,-2.56250000e-02,1.93984375e+00
7.20750000e-08,4.62812500e+00,1.21500000e+01,-6.31250000e-02,1.99375000e+00
7.23950000e-08,4.74687500e+00,1.23250000e+01,-4.31250000e-02,2.04765625e+00
7.27150000e-08,4.68125000e+00,1.24625000e+01,-4.87500000e-02,2.03359375e+00
7.30350000e-08,4.66875000e+00,1.23625000e+01,-7.68750000e-02,2.06015625e+00
7.33550000e-08,4.75937500e+00,1.24375000e+01,-3.56250000e-02,2.10937500e+00
7.36750000e-08,4.57812500e+00,1.23375000e+01,-4.37500000e-02,2.13515625e+00
7.39950000e-08,4.66875000e+00,1.22125000e+01,-3.56250000e-02,2.20390625e+00
7.43150000e-08,4.65312500e+00,1.23250000e+01,-4.31250000e-02,2.17265625e+00
7.46350000e-08,4.64062500e+00,1.25375000e+01,-2.18750000e-02,2.15546875e+00
7.49550000e-08,4.78437500e+00,1.23125000e+01,-5.37500000e-02,2.30390625e+00
7.52750000e-08,4.74375000e+00,1.21750000e+01,-3.06250000e-02,2.37031250e+00
7.55950000e-08,4.77187500e+00,1.23250000e+01,-3.56250000e-02,2.26562500e+00
7.59150000e-08,4.82500000e+00,1.23125000e+01,-5.81250000e-02,2.28437500e+00
7.62350000e-08,4.94687500e+00,1.23375000e+01,-4.81250000e-02,2.35390625e+00
7.65550000e-08,4.93750000e+00,1.22500000e+01,-1.62500000e-02,2.39609375e+00
7.68750000e-08,4.78750000e+00,1.22250000e+01,-2.00000000e-02,2.49843750e+00
7.71950000e-08,4.88750000e+00,1.23375000e+01,-5.37500000e-02,2.57031250e+00
7.75150000e-08,4.78750000e+00,1.22750000e+01,-4.31250000e-02,2.54765625e+00
7.78350000e-08,4.93750000e+00,1.22500000e+01,-2.50000000e-02,2.54218750e+00
7.81550000e-08,4.96250000e+00,1.22250000e+01,-3.31250000e-02,2.57343750e+00
7.84750000e-08,4.80000000e+00,1.21750000e+01,-7.00000000e-02,2.62265625e+00
7.87950000e-08,4.88750000e+00,1.21000000e+01,-6.37500000e-02,2.64843750e+00
7.91150000e-08,4.78750000e+00,1.21500000e+01,-5.06250000e-02,2.63281250e+00
7.94350000e-08,4.96250000e+00,1.22500000e+01,-2.87500000e-02,2.70078125e+00
7.97550000e-08,4.85000000e+00,1.22750000e+01,-6.93750000e-02,2.69609375e+00
8.00750000e-08,4.86250000e+00,1.22750000e+01,-4.56250000e-02,2.66406250e+00
8.03950000e-08,4.85000000e+00,1.23750000e+01,-2.56250000e-02,2.69687500e+00
8.07150000e-08,4.95000000e+00,1.22625000e+01,-4.56250000e-02,2.71406250e+00
8.10350000e-08,4.91250000e+00,1.22875000e+01,-7.00000000e-02,2.82890625e+00
8.13550000e-08,4.88750000e+00,1.23250000e+01,-4.81250000e-02,2.88046875e+00
8.16750000e-08,4.90000000e+00,1.23125000e+01,-3.56250000e-02,2.91875000e+00
8.19950000e-08,4.90000000e+00,1.24000000e+01,-2.18750000e-02,2.95234375e+00
8.23150000e-08,4.78750000e+00,1.23250000e+01,-3.12500000e-02,2.92109375e+00
8.26350000e-08,4.83750000e+00,1.22125000e+01,-5.87500000e-02,2.97421875e+00
8.29550000e-08,4.85937500e+00,1.23875000e+01,-2.62500000e-02,3.06015625e+00
8.32750000e-08,4.70937500e+00,1.23625000e+01,-4.81250000e-02,3.10156250e+00
8.35950000e-08,4.86250000e+00,1.23125000e+01,-2.81250000e-02,3.02734375e+00
8.39150000e-08,4.74375000e+00,1.23125000e+01,-4.06250000e-02,3.01250000e+00
8.42350000e-08,4.76250000e+00,1.24125000e+01,-2.81250000e-02,3.12343750e+00
8.45550000e-08,4.86250000e+00,1.23375000e+01,-4.06250000e-02,3.18437500e+00
8.48750000e-08,4.79687500e+00,1.23875000e+01,-3.06250000e-02,3.08437500e+00
8.51950000e-08,4.76250000e+00,1.24375000e+01,-5.31250000e-02,3.06796875e+00
8.55150000e-08,4.88750000e+00,1.24750000e+01,-3.81250000e-02,3.23750000e+00
8.58350000e-08,4.95000000e+00,1.22250000e+01,-4.31250000e-02,3.26015625e+00
8.61550000e-08,4.87500000e+00,1.24125000e+01,-4.56250000e-02,3.27656250e+00
8.64750000e-08,4.88750000e+00,1.22500000e+01,-6.31250000e-02,3.32265625e+00
8.67950000e-08,4.90000000e+00,1.23875000e+01,-4.81250000e-02,3.34609375e+00
8.71150000e-08,4.81250000e+00,1.23625000e+01,-1.93750000e-02,3.35312500e+00
8.74350000e-08,4.85000000e+00,1.23125000e+01,-6.75000000e-02,3.42812500e+00
8.77550000e-08,4.93750000e+00,1.22875000e+01,-3.81250000e-02,3.40234375e+00
8.80750000e-08,4.83750000e+00,1.23000000e+01,-2.50000000e-02,3.37968750e+00
8.83950000e-08,4.85000000e+00,1.22875000e+01,-3.06250000e-02,3.42578125e+00
8.87150000e-08,5.00000000e+00,1.22500000e+01,-4.31250000e-02,3.46562500e+00
8.90350000e-08,4.93750000e+00,1.23500000e+01,-5.87500000e-02,3.45156250e+00
8.93550000e-08,4.92500000e+00,1.24125000e+01,-2.12500000e-02,3.55390625e+00
8.96750000e-08,4.96250000e+00,1.22500000e+01,-1.00000000e-02,3.59843750e+00
8.99950000e-08,4.75000000e+00,1.21500000e+01,-4.12500000e-02,3.60000000e+00
9.03150000e-08,4.83750000e+00,1.23000000e+01,-3.50000000e-02,3.63203125e+00
9.06350000e-08,4.92500000e+00,1.23625000e+01,6.25000000e-03,3.63593750e+00
9.09550000e-08,4.88750000e+00,1.21125000e+01,-1.12500000e-02,3.61953125e+00
9.12750000e-08,4.82500000e+00,1.22750000e+01,-2.87500000e-02,3.69375000e+00
9.15950000e-08,4.81250000e+00,1.23625000e+01,-7.06250000e-02,3.74843750e+00
9.19150000e-08,4.91250000e+00,1.22250000e+01,-4.87500000e-02,3.73359375e+00
9.22350000e-08,4.76250000e+00,1.22125000e+01,-3.56250000e-02,3.69375000e+00
9.25550000e-08,4.90000000e+00,1.23250000e+01,-4.12500000e-02,3.73593750e+00
9.28750000e-08,4.92500000e+00,1.23500000e+01,-3.25000000e-02,3.74531250e+00
9.31950000e-08,4.86250000e+00,1.24250000e+01,-1.18750000e-02,3.74765625e+00
9.35150000e-08,4.87500000e+00,1.22500000e+01,-4.06250000e-02,3.75546875e+00
9.38350000e-08,4.96250000e+00,1.24500000e+01,-7.25000000e-02,3.82187500e+00
9.41550000e-08,4.97500000e+00,1.22875000e+01,-5.50000000e-02,3.92343750e+00
9.44750000e-08,4.87500000e+00,1.23875000e+01,-8.75000000e-03,4.00156250e+00
9.47950000e-08,4.87500000e+00,1.22625000e+01,-2.87500000e-02,3.96953125e+00
9.51150000e-08,4.77187500e+00,1.23750000e+01,-3.62500000e-02,3.98359375e+00
9.54350000e-08,4.82500000e+00,1.23375000e+01,-3.37500000e-02,4.00234375e+00
9.57550000e-08,5.00000000e+00,1.22875000e+01,-6.06250000e-02,4.04453125e+00
9.60750000e-08,4.88437500e+00,1.22875000e+01,-2.81250000e-02,4.08046875e+00
9.63950000e-08,4.87500000e+00,1.22625000e+01,-4.31250000e-02,4.12343750e+00
9.67150000e-08,4.91250000e+00,1.23125000e+01,-2.12500000e-02,4.18828125e+00
9.70350000e-08,4.91250000e+00,1.23250000e+01,-2.62500000e-02,4.16875000e+00
9.73550000e-08,5.02500000e+00,1.24125000e+01,-4.87500000e-02,4.15781250e+00
9.76750000e-08,5.00000000e+00,1.23000000e+01,-6.75000000e-02,4.19218750e+00
9.79950000e-08,4.90000000e+00,1.23250000e+01,-6.93750000e-02,4.16562500e+00
9.83150000e-08,5.00000000e+00,1.22750000e+01,-3.31250000e-02,4.26562500e+00
9.86350000e-08,5.00000000e+00,1.23500000e+01,-3.31250000e-02,4.33125000e+00
9.89550000e-08,4.98750000e+00,1.22250000e+01,-1.68750000e-02,4.38750000e+00
9.92750000e-08,4.85000000e+00,1.21000000e+01,-4.62500000e-02,4.39843750e+00
9.95950000e-08,5.06250000e+00,1.22125000e+01,-3.81250000e-02,4.35234375e+00
9.99150000e-08,5.07500000e+00,1.23250000e+01,-8.75000000e-03,4.31640625e+00
1.00235000e-07,4.96250000e+00,1.23375000e+01,-5.12500000e-02,4.38515625e+00
1.00555000e-07,4.95000000e+00,1.23000000e+01,-4.12500000e-02,4.49921875e+00
1.00875000e-07,4.97500000e+00,1.22750000e+01,-2.62500000e-02,4.51328125e+00
1.01195000e-07,5.12500000e+00,1.22000000e+01,-3.56250000e-02,4.48203125e+00
1.01515000e-07,4.88750000e+00,1.23250000e+01,-3.81250000e-02,4.57578125e+00
1.01835000e-07,4.85000000e+00,1.22250000e+01,-1.87500000e-02,4.64921875e+00
1.02155000e-07,4.91250000e+00,1.23000000e+01,-5.43750000e-02,4.54609375e+00
1.02475000e-07,4.91250000e+00,1.23750000e+01,-8.56250000e-02,4.55937500e+00
1.02795000e-07,4.85000000e+00,1.24250000e+01,-5.87500000e-02,4.64843750e+00
1.03115000e-07,4.96250000e+00,1.21625000e+01,-3.12500000e-02,4.66562500e+00
1.03435000e-07,4.91250000e+00,1.23875000e+01,-4.62500000e-02,4.69843750e+00
1.03755000e-07,4.87500000e+00,1.24375000e+01,-6.06250000e-02,4.70000000e+00
1.04075000e-07,4.96250000e+00,1.23250000e+01,-6.06250000e-02,4.68828125e+00
1.04395000e-07,4.91250000e+00,1.22625000e+01,-3.25000000e-02,4.71875000e+00
1.04715000e-07,4.98750000e+00,1.23500000e+01,-1.12500000e-02,4.80078125e+00
1.05035000e-07,4.93750000e+00,1.24125000e+01,-4.06250000e-02,4.82421875e+00
1.05355000e-07,4.97500000e+00,1.23750000e+01,-2.56250000e-02,4.78437500e+00
1.05675000e-07,4.91250000e+00,1.24750000e+01,-3.62500000e-02,4.75390625e+00
1.05995000e-07,4.93750000e+00,1.23625000e+01,-4.81250000e-02,4.86484375e+00
1.06315000e-07,4.90000000e+00,1.23000000e+01,-1.93750000e-02,4.85546875e+00
1.06635000e-07,4.97500000e+00,1.23125000e+01,-2.25000000e-02,4.93203125e+00
1.06955000e-07,4.97500000e+00,1.23000000e+01,-4.62500000e-02,5.00078125e+00
1.07275000e-07,4.93750000e+00,1.22625000e+01,-4.31250000e-02,5.02421875e+00
1.07595000e-07,4.95000000e+00,1.24125000e+01,-4.56250000e-02,5.05781250e+00
1.07915000e-07,5.01250000e+00,1.23000000e+01,-4.81250000e-02,5.06484375e+00
1.08235000e-07,4.96250000e+00,1.22875000e+01,-5.81250000e-02,4.97656250e+00
1.08555000e-07,4.95000000e+00,1.23250000e+01,-1.68750000e-02,4.94062500e+00
1.08875000e-07,5.03750000e+00,1.22375000e+01,-4.87500000e-02,5.04453125e+00
1.09195000e-07,5.01250000e+00,1.21625000e+01,-5.31250000e-02,5.13906250e+00
1.09515000e-07,4.93750000e+00,1.21375000e+01,-3.50000000e-02,5.15234375e+00
1.09835000e-07,5.00000000e+00,1.23250000e+01,-1.87500000e-02,5.16406250e+00
1.10155000e-07,4.96250000e+00,1.22375000e+01,-1.93750000e-02,5.18984375e+00
1.10475000e-07,4.98750000e+00,1.23875000e+01,-5.87500000e-02,5.23281250e+00
1.10795000e-07,5.07500000e+00,1.23500000e+01,-5.56250000e-02,5.24687500e+00
1.11115000e-07,5.11250000e+00,1.23000000e+01,-3.50000000e-02,5.30859375e+00
1.11435000e-07,5.06250000e+00,1.22125000e+01,-1.12500000e-02,5.29765625e+00
1.11755000e-07,5.13750000e+00,1.21875000e+01,-3.31250000e-02,5.32265625e+00
1.12075000e-07,4.98750000e+00,1.24250000e+01,-3.87500000e-02,5.42890625e+00
1.12395000e-07,5.03750000e+00,1.24250000e+01,-6.12500000e-02,5.44843750e+00
1.12715000e-07,5.03750000e+00,1.22375000e+01,-2.50000000e-02,5.42187500e+00
1.13035000e-07,4.98750000e+00,1.23375000e+01,-3.06250000e-02,5.46171875e+00
1.13355000e-07,5.05000000e+00,1.22750000e+01,-6.06250000e-02,5.45625000e+00
1.13675000e-07,5.10000000e+00,1.23125000e+01,-4.87500000e-02,5.47500000e+00
1.13995000e-07,4.98750000e+00,1.22750000e+01,-1.93750000e-02,5.48359375e+00
1.14315000e-07,5.01250000e+00,1.23500000e+01,-5.18750000e-02,5.53359375e+00
1.14635000e-07,4.93750000e+00,1.21125000e+01,-4.31250000e-02,5.54921875e+00
1.14955000e-07,5.06250000e+00,1.24375000e+01,-4.31250000e-02,5.58203125e+00
1.15275000e-07,5.06250000e+00,1.22500000e+01,-4.37500000e-02,5.57734375e+00
1.15595000e-07,5.01250000e+00,1.24125000e+01,-6.06250000e-02,5.64531250e+00
1.15915000e-07,5.01250000e+00,1.24875000e+01,-6.06250000e-02,5.68828125e+00
1.16235000e-07,4.92500000e+00,1.24250000e+01,-3.31250000e-02,5.67109375e+00
1.16555000e-07,4.95000000e+00,1.24125000e+01,-3.25000000e-02,5.72421875e+00
1.16875000e-07,4.98750000e+00,1.24250000e+01,-1.68750000e-02,5.74921875e+00
1.17195000e-07,5.08750000e+00,1.22625000e+01,-4.56250000e-02,5.73046875e+00
1.17515000e-07,5.05000000e+00,1.24875000e+01,-3.31250000e-02,5.76718750e+00
1.17835000e-07,5.16250000e+00,1.24375000e+01,-5.31250000e-02,5.82578125e+00
1.18155000e-07,4.97500000e+00,1.24500000e+01,-1.93750000e-02,5.82109375e+00
1.18475000e-07,5.07500000e+00,1.23875000e+01,-5.12500000e-02,5.80937500e+00
1.18795000e-07,5.01250000e+00,1.23875000e+01,-4.06250000e-02,5.85781250e+00
1.19115000e-07,5.01250000e+00,1.21875000e+01,-6.31250000e-02,5.91953125e+00
1.19435000e-07,4.90000000e+00,1.22625000e+01,-6.12500000e-02,5.99140625e+00
1.19755000e-07,5.05000000e+00,1.22500000e+01,-6.68750000e-02,5.98906250e+00
1.20075000e-07,5.16250000e+00,1.22875000e+01,-3.81250000e-02,5.97656250e+00
1.20395000e-07,5.06250000e+00,1.22375000e+01,-6.75000000e-02,6.02265625e+00
1.20715000e-07,5.10000000e+00,1.24625000e+01,-3.75000000e-02,6.04687500e+00
1.21035000e-07,5.16250000e+00,1.23000000e+01,-2.56250000e-02,6.00234375e+00
1.21355000e-07,4.97500000e+00,1.23375000e+01,-2.50000000e-02,6.01718750e+00
1.21675000e-07,5.06250000e+00,1.22500000e+01,-2.25000000e-02,5.95937500e+00
1.21995000e-07,5.03750000e+00,1.21500000e+01,-5.56250000e-02,6.06953125e+00
1.22315000e-07,5.16250000e+00,1.23375000e+01,-4.56250000e-02,6.17578125e+00
1.22635000e-07,5.05000000e+00,1.23875000e+01,-4.31250000e-02,6.09531250e+00
1.22955000e-07,5.06250000e+00,1.22500000e+01,-5.31250000e-02,6.10312500e+00
1.23275000e-07,5.20000000e+00,1.22500000e+01,-3.50000000e-02,6.21953125e+00
1.23595000e-07,5.02500000e+00,1.23750000e+01,1.25000000e-03,6.18046875e+00
1.23915000e-07,5.15000000e+00,1.24250000e+01,-3.56250000e-02,6.09531250e+00
1.24235000e-07,5.10000000e+00,1.22500000e+01,-6.12500000e-02,6.23203125e+00
1.24555000e-07,5.00000000e+00,1.23375000e+01,-5.18750000e-02,6.34843750e+00
1.24875000e-07,5.05000000e+00,1.23625000e+01,-8.75000000e-02,6.28515625e+00
1.25195000e-07,5.08750000e+00,1.23375000e+01,-7.18750000e-02,6.31796875e+00
1.25515000e-07,5.15000000e+00,1.24125000e+01,-3.62500000e-02,6.34765625e+00
1.25835000e-07,5.02500000e+00,1.23875000e+01,-4.62500000e-02,6.39531250e+00
1.26155000e-07,5.13750000e+00,1.23375000e+01,-4.81250000e-02,6.39375000e+00
1.26475000e-07,5.12500000e+00,1.23000000e+01,-3.81250000e-02,6.32343750e+00
1.26795000e-07,4.92500000e+00,1.23750000e+01,-2.81250000e-02,6.36875000e+00
1.27115000e-07,4.98750000e+00,1.24750000e+01,-3.56250000e-02,6.44609375e+00
1.27435000e-07,5.03750000e+00,1.24250000e+01,-3.25000000e-02,6.48828125e+00
1.27755000e-07,5.26250000e+00,1.24500000e+01,-1.93750000e-02,6.47656250e+00
1.28075000e-07,5.10000000e+00,1.22125000e+01,-2.56250000e-02,6.44218750e+00
1.28395000e-07,4.96250000e+00,1.23875000e+01,-5.62500000e-02,6.46093750e+00
1.28715000e-07,5.05000000e+00,1.23250000e+01,-6.06250000e-02,6.51796875e+00
1.29035000e-07,5.11250000e+00,1.23500000e+01,-3.81250000e-02,6.55859375e+00
1.29355000e-07,5.05000000e+00,1.23375000e+01,-5.37500000e-02,6.60000000e+00
1.29675000e-07,5.00000000e+00,1.23125000e+01,-4.31250000e-02,6.67421875e+00
1.29995000e-07,5.07500000e+00,1.24125000e+01,-5.56250000e-02,6.67500000e+00
1.30315000e-07,5.02500000e+00,1.23375000e+01,-2.12500000e-02,6.65781250e+00
1.30635000e-07,5.02500000e+00,1.23375000e+01,-2.00000000e-02,6.65546875e+00
1.30955000e-07,5.05000000e+00,1.23625000e+01,-3.87500000e-02,6.60156250e+00
1.31275000e-07,5.02500000e+00,1.21375000e+01,-3.31250000e-02,6.60937500e+00
1.31595000e-07,5.12500000e+00,1.23250000e+01,-3.81250000e-02,6.67656250e+00
1.31915000e-07,5.11250000e+00,1.24125000e+01,-2.81250000e-02,6.72812500e+00
1.32235000e-07,5.11250000e+00,1.24125000e+01,-4.56250000e-02,6.80312500e+00
1.32555000e-07,5.11250000e+00,1.22625000e+01,-2.12500000e-02,6.79062500e+00
1.32875000e-07,5.18750000e+00,1.21875000e+01,5.62500000e-03,6.79375000e+00
1.33195000e-07,5.11250000e+00,1.22375000e+01,-1.18750000e-02,6.81406250e+00
1.33515000e-07,5.06250000e+00,1.25125000e+01,-1.75000000e-02,6.85625000e+00
1.33835000e-07,5.05000000e+00,1.23125000e+01,-6.18750000e-02,6.84687500e+00
1.34155000e-07,4.96250000e+00,1.23375000e+01,-5.06250000e-02,6.93671875e+00
1.34475000e-07,5.11250000e+00,1.23750000e+01,-3.25000000e-02,6.92500000e+00
1.34795000e-07,5.02500000e+00,1.23625000e+01,-1.43750000e-02,6.89765625e+00
1.35115000e-07,5.05000000e+00,1.21875000e+01,-1.68750000e-02,6.92656250e+00
1.35435000e-07,5.11250000e+00,1.23125000e+01,-3.81250000e-02,6.94765625e+00
1.35755000e-07,5.03750000e+00,1.23375000e+01,-4.06250000e-02,6.95156250e+00
1.36075000e-07,5.07500000e+00,1.25125000e+01,-4.31250000e-02,6.91250000e+00
1.36395000e-07,5.12500000e+00,1.23125000e+01,-4.87500000e-02,6.95234375e+00
1.36715000e-07,5.08750000e+00,1.22500000e+01,-4.56250000e-02,6.98750000e+00
1.37035000e-07,5.10000000e+00,1.23750000e+01,-4.56250000e-02,7.01171875e+00
1.37355000e-07,5.08750000e+00,1.24375000e+01,-2.81250000e-02,7.06328125e+00
1.37675000e-07,5.31250000e+00,1.23250000e+01,-4.31250000e-02,7.11250000e+00
1.37995000e-07,5.16250000e+00,1.24000000e+01,-5.06250000e-02,7.14687500e+00
1.38315000e-07,5.10000000e+00,1.23125000e+01,-2.12500000e-02,7.13593750e+00
1.38635000e-07,5.10000000e+00,1.24250000e+01,-2.50000000e-03,7.13984375e+00
1.38955000e-07,5.00000000e+00,1.23000000e+01,-7.56250000e-02,7.11796875e+00
1.39275000e-07,5.01250000e+00,1.23000000e+01,-4.56250000e-02,7.08359375e+00
1.39595000e-07,5.20000000e+00,1.23750000e+01,-3.31250000e-02,7.16562500e+00
1.39915000e-07,5.12500000e+00,1.24500000e+01,-4.12500000e-02,7.20859375e+00
1.40235000e-07,5.01250000e+00,1.23250000e+01,-4.31250000e-02,7.17421875e+00
1.40555000e-07,4.92500000e+00,1.24625000e+01,-4.81250000e-02,7.20468750e+00
1.40875000e-07,5.00000000e+00,1.24000000e+01,-1.37500000e-02,7.22187500e+00
1.41195000e-07,5.12500000e+00,1.24250000e+01,-1.68750000e-02,7.35546875e+00
1.41515000e-07,5.08750000e+00,1.24750000e+01,-4.12500000e-02,7.38125000e+00
1.41835000e-07,5.01250000e+00,1.22750000e+01,-2.18750000e-02,7.29843750e+00
1.42155000e-07,4.93750000e+00,1.22000000e+01,-3.93750000e-02,7.32812500e+00
1.42475000e-07,5.01250000e+00,1.23625000e+01,-9.37500000e-03,7.49453125e+00
1.42795000e-07,5.11250000e+00,1.21500000e+01,-4.68750000e-02,7.43906250e+00
1.43115000e-07,5.10000000e+00,1.24000000e+01,-4.12500000e-02,7.34843750e+00
1.43435000e-07,5.07500000e+00,1.23375000e+01,-3.87500000e-02,7.45468750e+00
1.43755000e-07,4.98750000e+00,1.23625000e+01,-4.25000000e-02,7.49609375e+00
1.44075000e-07,5.01250000e+00,1.23250000e+01,-8.75000000e-03,7.45078125e+00
1.44395000e-07,5.11250000e+00,1.25000000e+01,-3.81250000e-02,7.53203125e+00
1.44715000e-07,5.07500000e+00,1.23250000e+01,-2.18750000e-02,7.62265625e+00
1.45035000e-07,5.10000000e+00,1.23125000e+01,-5.00000000e-03,7.63828125e+00
1.45355000e-07,5.17500000e+00,1.22375000e+01,-4.62500000e-02,7.56015625e+00
1.45675000e-07,5.15000000e+00,1.22625000e+01,-4.37500000e-02,7.52109375e+00
1.45995000e-07,4.97500000e+00,1.23125000e+01,-4.87500000e-02,7.63046875e+00
1.46315000e-07,5.12500000e+00,1.23750000e+01,-4.00000000e-02,7.73906250e+00
1.46635000e-07,5.35625000e+00,1.22875000e+01,-3.56250000e-02,7.62343750e+00
1.46955000e-07,5.12500000e+00,1.24625000e+01,-3.75000000e-02,7.62343750e+00
1.47275000e-07,5.08750000e+00,1.24125000e+01,-1.25000000e-02,7.70156250e+00
1.47595000e-07,5.01250000e+00,1.23375000e+01,-2.81250000e-02,7.71406250e+00
1.47915000e-07,4.98750000e+00,1.23500000e+01,-3.56250000e-02,7.73593750e+00
1.48235000e-07,5.16250000e+00,1.25875000e+01,-4.31250000e-02,7.73906250e+00
1.48555000e-07,5.15000000e+00,1.23125000e+01,-1.43750000e-02,7.80703125e+00
1.48875000e-07,5.03750000e+00,1.24000000e+01,-4.62500000e-02,7.81953125e+00
1.49195000e-07,5.06250000e+00,1.25000000e+01,-3.31250000e-02,7.80234375e+00
1.49515000e-07,5.02500000e+00,1.24125000e+01,-1.93750000e-02,7.92812500e+00
1.49835000e-07,5.05000000e+00,1.24500000e+01,-4.87500000e-02,7.99140625e+00
1.50155000e-07,5.11250000e+00,1.23375000e+01,-2.56250000e-02,8.00156250e+00
1.50475000e-07,5.11250000e+00,1.23375000e+01,-3.00000000e-02,7.99296875e+00
1.50795000e-07,5.01250000e+00,1.24250000e+01,-1.93750000e-02,7.96015625e+00
1.51115000e-07,5.13750000e+00,1.23875000e+01,-4.06250000e-02,7.91406250e+00
1.51435000e-07,5.01250000e+00,1.24625000e+01,-3.00000000e-02,7.93203125e+00
1.51755000e-07,5.18750000e+00,1.24125000e+01,-2.18750000e-02,7.87109375e+00
1.52075000e-07,5.21250000e+00,1.23500000e+01,-4.06250000e-02,7.96093750e+00
1.52395000e-07,5.10000000e+00,1.22000000e+01,-3.81250000e-02,8.07031250e+00
1.52715000e-07,5.15000000e+00,1.24250000e+01,-3.06250000e-02,8.07812500e+00
1.53035000e-07,5.15000000e+00,1.25250000e+01,-4.06250000e-02,8.08828125e+00
1.53355000e-07,5.11250000e+00,1.25500000e+01,-4.06250000e-02,8.03281250e+00
1.53675000e-07,5.11250000e+00,1.23000000e+01,-2.50000000e-02,8.03593750e+00
1.53995000e-07,5.16250000e+00,1.23125000e+01,-2.12500000e-02,8.12500000e+00
1.54315000e-07,5.02500000e+00,1.24625000e+01,-1.68750000e-02,8.21171875e+00
1.54635000e-07,5.18750000e+00,1.24875000e+01,-2.56250000e-02,8.14921875e+00
1.54955000e-07,5.25000000e+00,1.24375000e+01,-2.18750000e-02,8.18203125e+00
1.55275000e-07,5.25000000e+00,1.22375000e+01,-4.06250000e-02,8.19687500e+00
1.55595000e-07,5.13750000e+00,1.23750000e+01,-2.18750000e-02,8.18750000e+00
1.55915000e-07,5.30000000e+00,1.23750000e+01,-4.37500000e-02,8.24062500e+00
1.56235000e-07,5.02500000e+00,1.22625000e+01,-4.06250000e-02,8.23125000e+00
1.56555000e-07,5.11250000e+00,1.24750000e+01,-1.62500000e-02,8.19375000e+00
1.56875000e-07,5.05000000e+00,1.24625000e+01,-1.87500000e-03,8.20000000e+00
1.57195000e-07,5.03750000e+00,1.23750000e+01,-3.37500000e-02,8.19765625e+00
1.57515000e-07,5.23750000e+00,1.23875000e+01,-1.43750000e-02,8.23125000e+00
1.57835000e-07,5.12500000e+00,1.23750000e+01,-3.18750000e-02,8.30390625e+00
1.58155000e-07,5.25000000e+00,1.24875000e+01,-6.06250000e-02,8.25390625e+00
1.58475000e-07,5.10000000e+00,1.24250000e+01,-1.75000000e-02,8.27812500e+00
1.58795000e-07,5.06250000e+00,1.23875000e+01,-5.31250000e-02,8.31718750e+00
1.59115000e-07,5.17500000e+00,1.23625000e+01,-2.81250000e-02,8.32890625e+00
1.59435000e-07,5.05000000e+00,1.23875000e+01,-3.56250000e-02,8.31328125e+00
1.59755000e-07,5.10000000e+00,1.24375000e+01,-5.81250000e-02,8.33437500e+00
1.60075000e-07,5.20000000e+00,1.24875000e+01,-2.12500000e-02,8.45078125e+00
1.60395000e-07,5.10000000e+00,1.24000000e+01,-1.75000000e-02,8.45156250e+00
1.60715000e-07,5.02500000e+00,1.23250000e+01,-8.31250000e-02,8.39453125e+00
1.61035000e-07,4.98750000e+00,1.23500000e+01,-4.50000000e-02,8.41171875e+00
1.61355000e-07,5.02500000e+00,1.23875000e+01,1.25000000e-03,8.46953125e+00
1.61675000e-07,5.15000000e+00,1.24000000e+01,6.25000000e-04,8.51015625e+00
1.61995000e-07,5.02500000e+00,1.24500000e+01,-4.37500000e-02,8.46953125e+00
1.62315000e-07,5.01250000e+00,1.24500000e+01,-4.37500000e-02,8.47812500e+00
1.62635000e-07,5.23750000e+00,1.24375000e+01,-4.37500000e-03,8.47265625e+00
1.62955000e-07,5.18750000e+00,1.24750000e+01,-1.25000000e-02,8.56640625e+00
1.63275000e-07,5.07500000e+00,1.23375000e+01,-3.87500000e-02,8.58671875e+00
1.63595000e-07,5.17500000e+00,1.24500000e+01,-2.12500000e-02,8.58828125e+00
1.63915000e-07,5.18750000e+00,1.23625000e+01,-1.87500000e-03,8.62500000e+00
1.64235000e-07,5.16250000e+00,1.24500000e+01,-1.18750000e-02,8.64062500e+00
1.64555000e-07,5.13750000e+00,1.24375000e+01,-6.87500000e-03,8.62500000e+00
1.64875000e-07,5.18750000e+00,1.23250000e+01,-3.12500000e-02,8.55703125e+00
1.65195000e-07,5.08750000e+00,1.24250000e+01,-3.56250000e-02,8.63437500e+00
1.65515000e-07,5.18750000e+00,1.24375000e+01,-1.00000000e-02,8.79375000e+00
1.65835000e-07,5.06250000e+00,1.23500000e+01,-2.81250000e-02,8.72109375e+00
1.66155000e-07,5.12500000e+00,1.23875000e+01,-4.56250000e-02,8.62890625e+00
1.66475000e-07,5.03750000e+00,1.22875000e+01,-2.18750000e-02,8.66484375e+00
1.66795000e-07,5.25000000e+00,1.23875000e+01,-3.12500000e-02,8.71406250e+00
1.67115000e-07,5.33750000e+00,1.23625000e+01,-4.81250000e-02,8.76718750e+00
1.67435000e-07,5.15000000e+00,1.23750000e+01,-1.12500000e-02,8.77734375e+00
1.67755000e-07,5.03750000e+00,1.24125000e+01,-1.18750000e-02,8.79921875e+00
1.68075000e-07,5.21250000e+00,1.23875000e+01,-2.25000000e-02,8.83515625e+00
1.68395000e-07,4.96250000e+00,1.24125000e+01,-4.37500000e-02,8.80312500e+00
1.68715000e-07,5.08750000e+00,1.23875000e+01,-5.06250000e-02,8.79296875e+00
1.69035000e-07,5.10000000e+00,1.24500000e+01,-6.25000000e-03,8.81718750e+00
1.69355000e-07,5.13750000e+00,1.23875000e+01,2.50000000e-03,8.87656250e+00
1.69675000e-07,5.16250000e+00,1.24125000e+01,-4.62500000e-02,8.89921875e+00
1.69995000e-07,5.31250000e+00,1.24375000e+01,-5.06250000e-02,8.95312500e+00
1.70315000e-07,5.20000000e+00,1.24000000e+01,-3.25000000e-02,8.91640625e+00
1.70635000e-07,5.15000000e+00,1.23625000e+01,-4.37500000e-03,8.94062500e+00
1.70955000e-07,5.11250000e+00,1.23000000e+01,-3.31250000e-02,8.92109375e+00
1.71275000e-07,5.20000000e+00,1.23875000e+01,-2.12500000e-02,8.81718750e+00
1.71595000e-07,5.01250000e+00,1.23250000e+01,-1.18750000e-02,8.87734375e+00
1.71915000e-07,5.13750000e+00,1.25375000e+01,-2.62500000e-02,8.88750000e+00
1.72235000e-07,5.18750000e+00,1.24250000e+01,-4.62500000e-02,8.94687500e+00
1.72555000e-07,5.25000000e+00,1.24875000e+01,-1.75000000e-02,9.01171875e+00
1.72875000e-07,5.16250000e+00,1.23125000e+01,-4.37500000e-02,9.04765625e+00
1.73195000e-07,5.07500000e+00,1.23500000e+01,-1.62500000e-02,9.05234375e+00
1.73515000e-07,5.05000000e+00,1.24500000e+01,-1.43750000e-02,8.98593750e+00
1.73835000e-07,5.16250000e+00,1.23375000e+01,-2.62500000e-02,8.97968750e+00
1.74155000e-07,5.18750000e+00,1.23375000e+01,-2.18750000e-02,9.06640625e+00
1.74475000e-07,5.01250000e+00,1.24000000e+01,-1.50000000e-02,9.11171875e+00
1.74795000e-07,5.20000000e+00,1.24500000e+01,-2.62500000e-02,9.14218750e+00
1.75115000e-07,5.23750000e+00,1.24125000e+01,-4.62500000e-02,9.22343750e+00
1.75435000e-07,5.23750000e+00,1.23625000e+01,-2.56250000e-02,9.21484375e+00
1.75755000e-07,5.06250000e+00,1.22750000e+01,1.87500000e-02,9.20625000e+00
1.76075000e-07,4.97500000e+00,1.24625000e+01,1.25000000e-03,9.22734375e+00
1.76395000e-07,5.12500000e+00,1.23625000e+01,-2.25000000e-02,9.27343750e+00
1.76715000e-07,5.22500000e+00,1.24125000e+01,-4.37500000e-02,9.25156250e+00
1.77035000e-07,5.16250000e+00,1.24375000e+01,-1.87500000e-02,9.19296875e+00
1.77355000e-07,5.15000000e+00,1.23500000e+01,-4.12500000e-02,9.27500000e+00
1.77675000e-07,5.16250000e+00,1.23250000e+01,-2.81250000e-02,9.28671875e+00
1.77995000e-07,5.10000000e+00,1.23750000e+01,-2.81250000e-02,9.20390625e+00
1.78315000e-07,5.16250000e+00,1.24375000e+01,-1.87500000e-02,9.25234375e+00
1.78635000e-07,5.01250000e+00,1.23875000e+01,-2.62500000e-02,9.22187500e+00
1.78955000e-07,5.11250000e+00,1.24250000e+01,-2.81250000e-02,9.22109375e+00
1.79275000e-07,5.11250000e+00,1.22875000e+01,-1.68750000e-02,9.30078125e+00
1.79595000e-07,5.07500000e+00,1.24125000e+01,-2.18750000e-02,9.33046875e+00
1.79915000e-07,5.10000000e+00,1.23500000e+01,-3.06250000e-02,9.34765625e+00
1.80235000e-07,5.06250000e+00,1.24500000e+01,-1.12500000e-02,9.42656250e+00
1.80555000e-07,5.30000000e+00,1.24375000e+01,-3.56250000e-02,9.43359375e+00
1.80875000e-07,5.18750000e+00,1.25000000e+01,-4.87500000e-02,9.44218750e+00
1.81195000e-07,5.00000000e+00,1.24250000e+01,-9.37500000e-03,9.41093750e+00
1.81515000e-07,5.15000000e+00,1.25750000e+01,-4.37500000e-03,9.36406250e+00
1.81835000e-07,5.20000000e+00,1.24250000e+01,-1.75000000e-02,9.42109375e+00
1.82155000e-07,5.23750000e+00,1.24250000e+01,-4.12500000e-02,9.43906250e+00
1.82475000e-07,5.15000000e+00,1.23625000e+01,-3.75000000e-02,9.39140625e+00
1.82795000e-07,5.23750000e+00,1.23625000e+01,-9.37500000e-03,9.45078125e+00
1.83115000e-07,5.26250000e+00,1.24000000e+01,-4.81250000e-02,9.51250000e+00
1.83435000e-07,5.12500000e+00,1.24125000e+01,-4.81250000e-02,9.51171875e+00
1.83755000e-07,5.08750000e+00,1.25750000e+01,-2.12500000e-02,9.61718750e+00
1.84075000e-07,5.11250000e+00,1.24875000e+01,-1.75000000e-02,9.62812500e+00
1.84395000e-07,5.02500000e+00,1.23000000e+01,-1.43750000e-02,9.60625000e+00
1.84715000e-07,5.17500000e+00,1.24750000e+01,-7.50000000e-03,9.53593750e+00
1.85035000e-07,5.11250000e+00,1.24125000e+01,-4.12500000e-02,9.57109375e+00
1.85355000e-07,5.36875000e+00,1.25500000e+01,-3.06250000e-02,9.74375000e+00
1.85675000e-07,5.17500000e+00,1.24125000e+01,-4.56250000e-02,9.67421875e+00
1.85995000e-07,5.05000000e+00,1.24000000e+01,-1.12500000e-02,9.55390625e+00
1.86315000e-07,5.13750000e+00,1.23750000e+01,-2.00000000e-02,9.53750000e+00
1.86635000e-07,5.13750000e+00,1.24375000e+01,-1.68750000e-02,9.59296875e+00
1.86955000e-07,5.08750000e+00,1.23750000e+01,-1.68750000e-02,9.70000000e+00
1.87275000e-07,5.11250000e+00,1.24875000e+01,-3.37500000e-02,9.77968750e+00
1.87595000e-07,5.23750000e+00,1.23750000e+01,-5.12500000e-02,9.77968750e+00
1.87915000e-07,5.16250000e+00,1.24250000e+01,-4.37500000e-03,9.70625000e+00
1.88235000e-07,5.21250000e+00,1.23875000e+01,-1.00000000e-02,9.72343750e+00
1.88555000e-07,5.18750000e+00,1.25375000e+01,-2.87500000e-02,9.72812500e+00
1.88875000e-07,5.13750000e+00,1.25000000e+01,-5.31250000e-02,9.72031250e+00
1.89195000e-07,5.10000000e+00,1.24500000e+01,-1.87500000e-02,9.76093750e+00
1.89515000e-07,5.00000000e+00,1.24375000e+01,-5.00000000e-03,9.75312500e+00
1.89835000e-07,5.16250000e+00,1.24500000e+01,-4.31250000e-02,9.77265625e+00
1.90155000e-07,5.18750000e+00,1.24625000e+01,-9.37500000e-03,9.79921875e+00
1.90475000e-07,5.10000000e+00,1.24750000e+01,-3.81250000e-02,9.80937500e+00
1.90795000e-07,5.11250000e+00,1.23375000e+01,-3.56250000e-02,9.83281250e+00
1.91115000e-07,5.15000000e+00,1.24500000e+01,-1.12500000e-02,9.87265625e+00
1.91435000e-07,5.01250000e+00,1.23500000e+01,-1.18750000e-02,9.84375000e+00
1.91755000e-07,5.03750000e+00,1.25500000e+01,-1.18750000e-02,9.83828125e+00
1.92075000e-07,5.12500000e+00,1.23375000e+01,-2.00000000e-02,9.89765625e+00
1.92395000e-07,5.11250000e+00,1.24875000e+01,-3.37500000e-02,9.95468750e+00
1.92715000e-07,5.23750000e+00,1.24500000e+01,-4.00000000e-02,1.00164062e+01
1.93035000e-07,5.11250000e+00,1.24500000e+01,1.25000000e-03,1.00046875e+01
1.93355000e-07,5.13750000e+00,1.23125000e+01,-3.06250000e-02,9.99531250e+00
1.93675000e-07,5.12500000e+00,1.22875000e+01,-3.37500000e-02,9.94609375e+00
1.93995000e-07,5.18750000e+00,1.24250000e+01,-2.56250000e-02,9.97734375e+00
1.94315000e-07,5.11250000e+00,1.25250000e+01,1.25000000e-03,9.96484375e+00
1.94635000e-07,5.06250000e+00,1.24125000e+01,-1.93750000e-02,1.00023437e+01
1.94955000e-07,5.11250000e+00,1.24875000e+01,-2.56250000e-02,1.00468750e+01
1.95275000e-07,5.08750000e+00,1.24500000e+01,8.75000000e-03,1.01164063e+01
1.95595000e-07,5.16250000e+00,1.25125000e+01,-1.37500000e-02,1.01218750e+01
1.95915000e-07,5.08750000e+00,1.25250000e+01,-9.37500000e-03,1.00781250e+01
1.96235000e-07,5.10000000e+00,1.25750000e+01,-4.62500000e-02,1.00453125e+01
1.96555000e-07,5.17500000e+00,1.23375000e+01,-2.18750000e-02,1.01148437e+01
1.96875000e-07,5.18750000e+00,1.25625000e+01,2.50000000e-03,1.00351562e+01
1.97195000e-07,5.08750000e+00,1.24125000e+01,-2.18750000e-02,9.94609375e+00
1.97515000e-07,5.15000000e+00,1.25375000e+01,-1.87500000e-03,1.00500000e+01
1.97835000e-07,5.23750000e+00,1.25875000e+01,-2.81250000e-02,1.00953125e+01
1.98155000e-07,5.23750000e+00,1.24375000e+01,-6.87500000e-03,1.01539062e+01
1.98475000e-07,5.17500000e+00,1.23750000e+01,-3.87500000e-02,1.01375000e+01
1.98795000e-07,4.96250000e+00,1.24250000e+01,-1.43750000e-02,1.01906250e+01
1.99115000e-07,5.26250000e+00,1.24125000e+01,-3.18750000e-02,1.02570313e+01
1.99435000e-07,5.05000000e+00,1.25500000e+01,-2.87500000e-02,1.02507812e+01
1.99755000e-07,5.21250000e+00,1.24125000e+01,-3.12500000e-02,1.02359375e+01
2.00075000e-07,5.11250000e+00,1.24375000e+01,-2.12500000e-02,1.01796875e+01
2.00395000e-07,5.25000000e+00,1.24125000e+01,-9.37500000e-03,1.01945313e+01
2.00715000e-07,5.15000000e+00,1.24500000e+01,1.31250000e-02,1.02476562e+01
2.01035000e-07,5.22500000e+00,1.24375000e+01,-6.87500000e-03,1.02921875e+01
2.01355000e-07,5.25000000e+00,1.23625000e+01,-1.00000000e-02,1.02835937e+01
2.01675000e-07,5.18750000e+00,1.24125000e+01,-1.43750000e-02,1.02734375e+01
2.01995000e-07,5.12500000e+00,1.24500000e+01,-1.50000000e-02,1.02140625e+01
2.02315000e-07,5.17500000e+00,1.24125000e+01,-3.56250000e-02,1.02085937e+01
2.02635000e-07,5.16250000e+00,1.24750000e+01,-6.25000000e-03,1.02671875e+01
2.02955000e-07,5.06250000e+00,1.23250000e+01,-3.75000000e-03,1.02585937e+01
2.03275000e-07,5.13750000e+00,1.24625000e+01,-2.56250000e-02,1.03515625e+01
2.03595000e-07,5.12500000e+00,1.24375000e+01,-7.50000000e-03,1.04468750e+01
2.03915000e-07,5.13750000e+00,1.24500000e+01,-3.31250000e-02,1.03804687e+01
2.04235000e-07,5.21250000e+00,1.24625000e+01,-1.25000000e-03,1.02835937e+01
2.04555000e-07,5.10000000e+00,1.24875000e+01,-3.56250000e-02,1.03804687e+01
2.04875000e-07,5.11250000e+00,1.23375000e+01,-2.56250000e-02,1.03828125e+01
2.05195000e-07,5.08750000e+00,1.24125000e+01,-1.43750000e-02,1.03781250e+01
2.05515000e-07,5.16250000e+00,1.25125000e+01,-5.06250000e-02,1.03765625e+01
2.05835000e-07,5.25000000e+00,1.24250000e+01,-2.56250000e-02,1.04085937e+01
2.06155000e-07,5.26250000e+00,1.23750000e+01,-1.43750000e-02,1.04226562e+01
2.06475000e-07,5.11250000e+00,1.24000000e+01,-1.43750000e-02,1.03648437e+01
2.06795000e-07,5.07500000e+00,1.23875000e+01,-2.56250000e-02,1.03453125e+01
2.07115000e-07,5.10000000e+00,1.24625000e+01,-6.25000000e-03,1.04062500e+01
2.07435000e-07,5.10000000e+00,1.24500000e+01,1.25000000e-03,1.04921875e+01
2.07755000e-07,5.18750000e+00,1.25250000e+01,-6.87500000e-03,1.05468750e+01
2.08075000e-07,5.12500000e+00,1.24125000e+01,-3.87500000e-02,1.05093750e+01
2.08395000e-07,5.13750000e+00,1.24125000e+01,-2.81250000e-02,1.05140625e+01
2.08715000e-07,5.10000000e+00,1.23125000e+01,-1.75000000e-02,1.04726562e+01
2.09035000e-07,5.13750000e+00,1.24500000e+01,-2.56250000e-02,1.05296875e+01
2.09355000e-07,5.10000000e+00,1.25500000e+01,-3.00000000e-02,1.06039062e+01
2.09675000e-07,5.12500000e+00,1.24125000e+01,-1.25000000e-03,1.05757812e+01
2.09995000e-07,5.15000000e+00,1.23000000e+01,-2.18750000e-02,1.05484375e+01
2.10315000e-07,5.15000000e+00,1.24625000e+01,-3.06250000e-02,1.05187500e+01
2.10635000e-07,5.27500000e+00,1.24125000e+01,-4.37500000e-03,1.05867187e+01
2.10955000e-07,5.01250000e+00,1.25250000e+01,-5.87500000e-02,1.06234375e+01
2.11275000e-07,5.15000000e+00,1.23500000e+01,-6.06250000e-02,1.06023437e+01
2.11595000e-07,5.16250000e+00,1.24500000e+01,-3.75000000e-03,1.05789062e+01
2.11915000e-07,5.12500000e+00,1.23125000e+01,2.50000000e-03,1.06632813e+01
2.12235000e-07,5.11250000e+00,1.24625000e+01,-1.68750000e-02,1.06187500e+01
2.12555000e-07,5.15000000e+00,1.24750000e+01,-4.62500000e-02,1.05945312e+01
2.12875000e-07,5.18750000e+00,1.24000000e+01,-3.56250000e-02,1.06867188e+01
2.13195000e-07,5.13750000e+00,1.25125000e+01,-9.37500000e-03,1.06367188e+01
2.13515000e-07,5.18750000e+00,1.25250000e+01,6.25000000e-03,1.05890625e+01
2.13835000e-07,5.25000000e+00,1.23375000e+01,-1.18750000e-02,1.06109375e+01
2.14155000e-07,5.08750000e+00,1.24500000e+01,6.25000000e-04,1.07570313e+01
2.14475000e-07,5.15000000e+00,1.22750000e+01,-3.06250000e-02,1.08554688e+01
2.14795000e-07,5.05000000e+00,1.23750000e+01,-1.50000000e-02,1.07359375e+01
2.15115000e-07,4.90000000e+00,1.24500000e+01,-4.81250000e-02,1.06703125e+01
2.15435000e-07,5.01250000e+00,1.25750000e+01,6.25000000e-03,1.06625000e+01
2.15755000e-07,5.18750000e+00,1.24875000e+01,-4.06250000e-02,1.06710938e+01
2.16075000e-07,5.20000000e+00,1.24375000e+01,-4.06250000e-02,1.06679688e+01
2.16395000e-07,5.08750000e+00,1.22750000e+01,-1.68750000e-02,1.06953125e+01
2.16715000e-07,5.07500000e+00,1.24125000e+01,-1.37500000e-02,1.06929687e+01
2.17035000e-07,5.00000000e+00,1.25125000e+01,-1.93750000e-02,1.06742187e+01
2.17355000e-07,5.25000000e+00,1.24750000e+01,-3.62500000e-02,1.07523437e+01
2.17675000e-07,5.25000000e+00,1.25500000e+01,-1.93750000e-02,1.09109375e+01
2.17995000e-07,5.18750000e+00,1.25625000e+01,-1.31250000e-02,1.09039062e+01
2.18315000e-07,5.18750000e+00,1.23875000e+01,-1.68750000e-02,1.08304687e+01
2.18635000e-07,5.02500000e+00,1.24000000e+01,3.12500000e-03,1.07882813e+01
2.18955000e-07,5.10000000e+00,1.24500000e+01,-1.43750000e-02,1.08320312e+01
2.19275000e-07,5.16250000e+00,1.24125000e+01,-2.00000000e-02,1.07546875e+01
2.19595000e-07,5.25000000e+00,1.23250000e+01,-5.37500000e-02,1.08046875e+01
2.19915000e-07,5.11250000e+00,1.24375000e+01,-2.75000000e-02,1.09031250e+01
2.20235000e-07,5.11250000e+00,1.24500000e+01,-3.75000000e-03,1.08828125e+01
2.20555000e-07,5.22500000e+00,1.24375000e+01,-1.62500000e-02,1.09234375e+01
2.20875000e-07,5.25000000e+00,1.23750000e+01,-9.37500000e-03,1.09507812e+01
2.21195000e-07,5.17500000e+00,1.24625000e+01,-4.37500000e-03,1.09085937e+01
2.21515000e-07,5.07500000e+00,1.22875000e+01,-3.87500000e-02,1.08960937e+01
2.21835000e-07,5.06250000e+00,1.22750000e+01,-2.25000000e-02,1.09335938e+01
2.22155000e-07,5.13750000e+00,1.23250000e+01,-3.18750000e-02,1.09539062e+01
2.22475000e-07,5.10000000e+00,1.24375000e+01,-5.31250000e-02,1.09648438e+01
2.22795000e-07,5.07500000e+00,1.23875000e+01,1.37500000e-02,1.09468750e+01
2.23115000e-07,5.22500000e+00,1.24750000e+01,1.31250000e-02,1.10039062e+01
2.23435000e-07,5.23750000e+00,1.23875000e+01,-3.06250000e-02,1.10609375e+01
2.23755000e-07,5.25000000e+00,1.25875000e+01,-6.87500000e-03,1.10382813e+01
2.24075000e-07,5.20000000e+00,1.24125000e+01,-2.25000000e-02,1.10179687e+01
2.24395000e-07,5.06250000e+00,1.23375000e+01,-4.62500000e-02,1.09843750e+01
2.24715000e-07,5.12500000e+00,1.25375000e+01,-2.12500000e-02,1.09976562e+01
2.25035000e-07,5.06250000e+00,1.24250000e+01,-4.62500000e-02,1.09742187e+01
2.25355000e-07,5.10000000e+00,1.23875000e+01,-3.81250000e-02,1.09523438e+01
2.25675000e-07,5.25000000e+00,1.25875000e+01,-1.93750000e-02,1.10171875e+01
2.25995000e-07,5.20000000e+00,1.25750000e+01,-3.06250000e-02,1.10414062e+01
2.26315000e-07,5.20000000e+00,1.25625000e+01,-2.81250000e-02,1.10484375e+01
2.26635000e-07,5.13750000e+00,1.25000000e+01,-1.18750000e-02,1.10945312e+01
2.26955000e-07,5.06250000e+00,1.24000000e+01,-3.06250000e-02,1.10632812e+01
2.27275000e-07,5.11250000e+00,1.24375000e+01,-2.81250000e-02,1.10054688e+01
2.27595000e-07,5.26250000e+00,1.24750000e+01,-6.87500000e-03,1.09843750e+01
2.27915000e-07,5.17500000e+00,1.24375000e+01,8.75000000e-03,1.10718750e+01
2.28235000e-07,5.16250000e+00,1.25750000e+01,-1.93750000e-02,1.11218750e+01
2.28555000e-07,5.18750000e+00,1.24375000e+01,-3.12500000e-02,1.10960937e+01
2.28875000e-07,5.07500000e+00,1.24375000e+01,-2.62500000e-02,1.11562500e+01
2.29195000e-07,5.21250000e+00,1.24750000e+01,-2.56250000e-02,1.11757812e+01
2.29515000e-07,5.17500000e+00,1.24500000e+01,-1.37500000e-02,1.12351562e+01
2.29835000e-07,5.13750000e+00,1.24250000e+01,-1.87500000e-02,1.12296875e+01
2.30155000e-07,5.11250000e+00,1.24875000e+01,-1.87500000e-03,1.12054687e+01
2.30475000e-07,5.08750000e+00,1.24625000e+01,-1.18750000e-02,1.12257813e+01
2.30795000e-07,5.15000000e+00,1.25000000e+01,-2.25000000e-02,1.12554688e+01
2.31115000e-07,4.98750000e+00,1.23750000e+01,-2.18750000e-02,1.12195312e+01
2.31435000e-07,5.05000000e+00,1.24500000e+01,1.31250000e-02,1.11679688e+01
2.31755000e-07,5.08750000e+00,1.25250000e+01,-2.62500000e-02,1.11476563e+01
2.32075000e-07,5.16250000e+00,1.23750000e+01,-3.37500000e-02,1.12500000e+01
2.32395000e-07,5.13750000e+00,1.24500000e+01,-1.68750000e-02,1.12382812e+01
2.32715000e-07,5.17500000e+00,1.25000000e+01,-4.62500000e-02,1.12421875e+01
2.33035000e-07,5.11250000e+00,1.24875000e+01,-1.43750000e-02,1.12687500e+01
2.33355000e-07,4.97500000e+00,1.25000000e+01,-2.87500000e-02,1.12109375e+01
2.33675000e-07,5.08750000e+00,1.23250000e+01,-2.00000000e-02,1.12070312e+01
2.33995000e-07,5.20000000e+00,1.24750000e+01,-9.37500000e-03,1.12859375e+01
2.34315000e-07,5.15000000e+00,1.24625000e+01,8.12500000e-03,1.13539062e+01
2.34635000e-07,5.03750000e+00,1.24375000e+01,-2.00000000e-02,1.13445312e+01
2.34955000e-07,5.20000000e+00,1.23625000e+01,-4.37500000e-02,1.13125000e+01
2.35275000e-07,5.22500000e+00,1.23125000e+01,-3.56250000e-02,1.13101563e+01
2.35595000e-07,5.13750000e+00,1.24750000e+01,-3.56250000e-02,1.13820313e+01
2.35915000e-07,5.22500000e+00,1.26000000e+01,-3.56250000e-02,1.13929687e+01
2.36235000e-07,5.11250000e+00,1.23375000e+01,-3.25000000e-02,1.12929688e+01
2.36555000e-07,5.07500000e+00,1.25250000e+01,1.25000000e-03,1.13203125e+01
2.36875000e-07,5.11250000e+00,1.24250000e+01,-1.25000000e-03,1.13960938e+01
2.37195000e-07,5.20000000e+00,1.25000000e+01,-3.37500000e-02,1.14054688e+01
2.37515000e-07,5.16250000e+00,1.24125000e+01,-5.31250000e-02,1.13828125e+01
2.37835000e-07,5.13750000e+00,1.24500000e+01,5.62500000e-03,1.14250000e+01
2.38155000e-07,5.10000000e+00,1.25625000e+01,-1.68750000e-02,1.13617187e+01
2.38475000e-07,5.16250000e+00,1.25000000e+01,-1.43750000e-02,1.13578125e+01
2.38795000e-07,5.12500000e+00,1.25250000e+01,-1.25000000e-02,1.14281250e+01
2.39115000e-07,5.11250000e+00,1.24875000e+01,-3.87500000e-02,1.14539062e+01
2.39435000e-07,5.22500000e+00,1.23500000e+01,-2.50000000e-02,1.14703125e+01
2.39755000e-07,5.13750000e+00,1.24875000e+01,-3.75000000e-03,1.14156250e+01
2.40075000e-07,5.10000000e+00,1.23500000e+01,-3.75000000e-03,1.14531250e+01
2.40395000e-07,5.10000000e+00,1.25625000e+01,-2.62500000e-02,1.15312500e+01
2.40715000e-07,5.16250000e+00,1.24250000e+01,-2.18750000e-02,1.14375000e+01
2.41035000e-07,5.11250000e+00,1.25625000e+01,-5.00000000e-03,1.14406250e+01
2.41355000e-07,5.28750000e+00,1.24500000e+01,-4.62500000e-02,1.14195313e+01
2.41675000e-07,5.10000000e+00,1.25375000e+01,-1.18750000e-02,1.14859375e+01
2.41995000e-07,5.12500000e+00,1.23875000e+01,-7.50000000e-03,1.15453125e+01
2.42315000e-07,5.37187500e+00,1.24500000e+01,-1.87500000e-03,1.15554687e+01
2.42635000e-07,5.18750000e+00,1.24875000e+01,-2.00000000e-02,1.15531250e+01
2.42955000e-07,4.98750000e+00,1.24000000e+01,-2.81250000e-02,1.15679688e+01
2.43275000e-07,5.12500000e+00,1.22875000e+01,-3.06250000e-02,1.15539063e+01
2.43595000e-07,5.08750000e+00,1.25875000e+01,-8.75000000e-03,1.15734375e+01
2.43915000e-07,5.17500000e+00,1.25125000e+01,-2.93750000e-02,1.15250000e+01
2.44235000e-07,5.11250000e+00,1.24000000e+01,-2.81250000e-02,1.14609375e+01
2.44555000e-07,5.13750000e+00,1.24125000e+01,-4.37500000e-03,1.15015625e+01
2.44875000e-07,5.17500000e+00,1.24750000e+01,1.25000000e-03,1.16023437e+01
2.45195000e-07,5.12500000e+00,1.24125000e+01,-3.06250000e-02,1.16375000e+01
2.45515000e-07,5.03750000e+00,1.24250000e+01,-1.43750000e-02,1.15773438e+01
2.45835000e-07,5.07500000e+00,1.24000000e+01,-1.43750000e-02,1.16328125e+01
2.46155000e-07,5.18750000e+00,1.24500000e+01,-2.62500000e-02,1.16257812e+01
2.46475000e-07,5.16250000e+00,1.24375000e+01,-2.56250000e-02,1.15250000e+01
2.46795000e-07,5.21250000e+00,1.24375000e+01,-1.87500000e-03,1.15898438e+01
2.47115000e-07,5.27500000e+00,1.24250000e+01,8.75000000e-03,1.17101563e+01
2.47435000e-07,5.16250000e+00,1.24375000e+01,-1.00000000e-02,1.17679687e+01
2.47755000e-07,5.20000000e+00,1.24375000e+01,-3.31250000e-02,1.16679688e+01
2.48075000e-07,5.06250000e+00,1.24750000e+01,1.25000000e-03,1.15742188e+01
2.48395000e-07,5.07500000e+00,1.23750000e+01,-3.75000000e-03,1.16523438e+01
2.48715000e-07,5.16250000e+00,1.25750000e+01,-1.43750000e-02,1.17507812e+01
2.49035000e-07,5.02500000e+00,1.25000000e+01,-3.31250000e-02,1.17375000e+01
2.49355000e-07,5.26562500e+00,1.24750000e+01,5.62500000e-03,1.16828125e+01
2.49675000e-07,5.26250000e+00,1.24250000e+01,-2.25000000e-02,1.16515625e+01
2.49995000e-07,5.08750000e+00,1.26000000e+01,-2.87500000e-02,1.16937500e+01
2.50315000e-07,5.10000000e+00,1.24625000e+01,-1.87500000e-02,1.17375000e+01
2.50635000e-07,5.02500000e+00,1.24000000e+01,2.81250000e-02,1.17343750e+01
2.50955000e-07,5.01250000e+00,1.24375000e+01,2.50000000e-03,1.17328125e+01
2.51275000e-07,5.17500000e+00,1.24625000e+01,-5.37500000e-02,1.17312500e+01
2.51595000e-07,5.21250000e+00,1.24000000e+01,-3.25000000e-02,1.18046875e+01
2.51915000e-07,5.21250000e+00,1.25000000e+01,1.25000000e-03,1.18125000e+01
2.52235000e-07,5.10000000e+00,1.25500000e+01,-1.87500000e-02,1.18437500e+01
2.52555000e-07,5.15000000e+00,1.23500000e+01,-2.00000000e-02,1.17906250e+01
2.52875000e-07,5.03750000e+00,1.23125000e+01,-3.12500000e-02,1.17437500e+01
2.53195000e-07,5.00000000e+00,1.26500000e+01,-1.62500000e-02,1.17867188e+01
2.53515000e-07,5.01250000e+00,1.24375000e+01,-1.93750000e-02,1.16968750e+01
2.53835000e-07,5.13750000e+00,1.25250000e+01,6.25000000e-04,1.17578125e+01
2.54155000e-07,5.16250000e+00,1.23875000e+01,-2.87500000e-02,1.17976562e+01
2.54475000e-07,5.12500000e+00,1.24250000e+01,-2.87500000e-02,1.18234375e+01
2.54795000e-07,5.01250000e+00,1.24125000e+01,-1.43750000e-02,1.18500000e+01
2.55115000e-07,5.00000000e+00,1.26000000e+01,8.12500000e-03,1.18656250e+01
2.55435000e-07,5.16250000e+00,1.24125000e+01,-4.37500000e-03,1.18484375e+01
2.55755000e-07,5.26250000e+00,1.24000000e+01,-1.18750000e-02,1.18023438e+01
2.56075000e-07,5.10000000e+00,1.25000000e+01,-4.12500000e-02,1.17890625e+01
2.56395000e-07,5.10000000e+00,1.24375000e+01,-2.56250000e-02,1.17351562e+01
2.56715000e-07,5.11250000e+00,1.24750000e+01,-9.37500000e-03,1.17421875e+01
2.57035000e-07,5.21250000e+00,1.24375000e+01,-2.50000000e-02,1.17835937e+01
2.57355000e-07,5.10000000e+00,1.23125000e+01,6.25000000e-04,1.18500000e+01
2.57675000e-07,5.23750000e+00,1.23125000e+01,-2.25000000e-02,1.18476562e+01
2.57995000e-07,5.20000000e+00,1.24875000e+01,-1.18750000e-02,1.18601562e+01
2.58315000e-07,5.15000000e+00,1.25000000e+01,-1.43750000e-02,1.19421875e+01
2.58635000e-07,5.06250000e+00,1.24875000e+01,-1.75000000e-02,1.18867188e+01
2.58955000e-07,5.12500000e+00,1.24625000e+01,-4.12500000e-02,1.19476562e+01
2.59275000e-07,5.06250000e+00,1.24500000e+01,-2.81250000e-02,1.19023438e+01
2.59595000e-07,5.13750000e+00,1.24875000e+01,-2.75000000e-02,1.18585938e+01
2.59915000e-07,5.05000000e+00,1.25250000e+01,1.25000000e-03,1.18984375e+01
2.60235000e-07,4.95000000e+00,1.24000000e+01,-9.37500000e-03,1.19914063e+01
2.60555000e-07,5.10000000e+00,1.24375000e+01,-3.56250000e-02,1.19523438e+01
2.60875000e-07,5.07500000e+00,1.24750000e+01,-1.18750000e-02,1.18906250e+01
2.61195000e-07,5.16250000e+00,1.23625000e+01,-2.75000000e-02,1.19625000e+01
2.61515000e-07,5.26250000e+00,1.25250000e+01,-1.37500000e-02,1.19804688e+01
2.61835000e-07,5.25000000e+00,1.24125000e+01,-6.87500000e-03,1.19500000e+01
2.62155000e-07,5.12500000e+00,1.24500000e+01,-3.87500000e-02,1.19546875e+01
2.62475000e-07,5.16250000e+00,1.23250000e+01,-1.62500000e-02,1.19960938e+01
2.62795000e-07,5.21250000e+00,1.23750000e+01,-6.87500000e-03,1.19687500e+01
2.63115000e-07,5.10000000e+00,1.24125000e+01,-1.43750000e-02,1.18632812e+01
2.63435000e-07,5.06250000e+00,1.23500000e+01,1.31250000e-02,1.18921875e+01
2.63755000e-07,5.17500000e+00,1.24875000e+01,3.56250000e-02,1.20148438e+01
2.64075000e-07,5.17500000e+00,1.25750000e+01,-1.75000000e-02,1.20523438e+01
2.64395000e-07,5.11250000e+00,1.25125000e+01,-3.56250000e-02,1.20429688e+01
2.64715000e-07,5.17500000e+00,1.25000000e+01,1.25000000e-03,1.21281250e+01
2.65035000e-07,5.15000000e+00,1.24625000e+01,-4.06250000e-02,1.21375000e+01
2.65355000e-07,5.11250000e+00,1.25125000e+01,-1.18750000e-02,1.20382813e+01
2.65675000e-07,5.12500000e+00,1.24250000e+01,-1.75000000e-02,1.20890625e+01
2.65995000e-07,5.16250000e+00,1.24500000e+01,-9.37500000e-03,1.21726562e+01
2.66315000e-07,5.12500000e+00,1.25125000e+01,-2.87500000e-02,1.20796875e+01
2.66635000e-07,5.21250000e+00,1.24250000e+01,-1.43750000e-02,1.21429687e+01
2.66955000e-07,5.12500000e+00,1.24750000e+01,-3.12500000e-02,1.21421875e+01
2.67275000e-07,5.11250000e+00,1.24625000e+01,-3.12500000e-02,1.20195312e+01
2.67595000e-07,5.03750000e+00,1.23625000e+01,-2.81250000e-02,1.20812500e+01
2.67915000e-07,5.07500000e+00,1.24375000e+01,2.56250000e-02,1.20890625e+01
2.68235000e-07,5.07500000e+00,1.24125000e+01,-9.37500000e-03,1.21062500e+01
2.68555000e-07,5.07500000e+00,1.24625000e+01,-2.81250000e-02,1.21234375e+01
2.68875000e-07,5.22500000e+00,1.25000000e+01,-1.43750000e-02,1.20890625e+01
2.69195000e-07,5.18750000e+00,1.24500000e+01,-4.31250000e-02,1.21257812e+01
2.69515000e-07,5.12500000e+00,1.25000000e+01,-3.31250000e-02,1.20992188e+01
2.69835000e-07,5.01250000e+00,1.24625000e+01,-2.50000000e-02,1.20960937e+01
2.70155000e-07,5.18750000e+00,1.25000000e+01,-6.25000000e-03,1.21812500e+01
2.70475000e-07,5.17500000e+00,1.25250000e+01,2.37500000e-02,1.22539062e+01
2.70795000e-07,5.08750000e+00,1.24500000e+01,-1.43750000e-02,1.21960937e+01
2.71115000e-07,5.06250000e+00,1.25125000e+01,3.12500000e-03,1.21125000e+01
2.71435000e-07,5.11250000e+00,1.25125000e+01,-2.62500000e-02,1.21398438e+01
2.71755000e-07,5.13750000e+00,1.25375000e+01,6.25000000e-04,1.21843750e+01
2.72075000e-07,5.13750000e+00,1.23250000e+01,1.50000000e-02,1.21546875e+01
2.72395000e-07,5.16250000e+00,1.24875000e+01,-2.62500000e-02,1.21617188e+01
2.72715000e-07,5.17500000e+00,1.24000000e+01,-9.37500000e-03,1.21570312e+01
2.73035000e-07,5.02500000e+00,1.25500000e+01,-7.50000000e-03,1.21726562e+01
2.73355000e-07,5.05000000e+00,1.24625000e+01,-6.87500000e-03,1.22023438e+01
2.73675000e-07,5.03750000e+00,1.23375000e+01,-3.06250000e-02,1.22085938e+01
2.73995000e-07,5.12500000e+00,1.25750000e+01,7.50000000e-03,1.21671875e+01
2.74315000e-07,5.05000000e+00,1.25375000e+01,-5.37500000e-02,1.21742187e+01
2.74635000e-07,5.13750000e+00,1.23625000e+01,-1.25000000e-03,1.21265625e+01
2.74955000e-07,5.15000000e+00,1.25000000e+01,3.12500000e-03,1.21351562e+01
2.75275000e-07,5.10000000e+00,1.23875000e+01,-6.87500000e-03,1.22000000e+01
2.75595000e-07,5.07500000e+00,1.24375000e+01,-4.37500000e-03,1.22914062e+01
2.75915000e-07,5.15000000e+00,1.25375000e+01,-4.87500000e-02,1.22226562e+01
2.76235000e-07,5.18750000e+00,1.23125000e+01,-3.06250000e-02,1.22171875e+01
2.76555000e-07,5.11250000e+00,1.24000000e+01,-1.18750000e-02,1.22429687e+01
2.76875000e-07,5.12500000e+00,1.24125000e+01,-1.37500000e-02,1.23468750e+01
2.77195000e-07,5.06250000e+00,1.25375000e+01,-1.68750000e-02,1.23414063e+01
2.77515000e-07,5.11250000e+00,1.26250000e+01,-1.18750000e-02,1.22218750e+01
2.77835000e-07,5.17500000e+00,1.25250000e+01,-2.25000000e-02,1.22148438e+01
2.78155000e-07,5.40625000e+00,1.23500000e+01,-4.12500000e-02,1.22570313e+01
2.78475000e-07,5.16250000e+00,1.24875000e+01,-1.62500000e-02,1.22226562e+01
2.78795000e-07,5.10000000e+00,1.25125000e+01,5.62500000e-03,1.23281250e+01
2.79115000e-07,5.21250000e+00,1.26000000e+01,-2.87500000e-02,1.22492188e+01
2.79435000e-07,5.22500000e+00,1.25875000e+01,-2.18750000e-02,1.22195312e+01
2.79755000e-07,5.17500000e+00,1.25000000e+01,-2.31250000e-02,1.22890625e+01
2.80075000e-07,5.22500000e+00,1.25000000e+01,-3.06250000e-02,1.23632812e+01
2.80395000e-07,5.26250000e+00,1.25125000e+01,-8.75000000e-03,1.23210937e+01
2.80715000e-07,5.10000000e+00,1.24250000e+01,-1.25000000e-03,1.23335938e+01
2.81035000e-07,5.18750000e+00,1.23750000e+01,-1.00000000e-02,1.23390625e+01
2.81355000e-07,5.10000000e+00,1.25000000e+01,-2.18750000e-02,1.23531250e+01
2.81675000e-07,5.11250000e+00,1.24750000e+01,-1.18750000e-02,1.23093750e+01
2.81995000e-07,5.07500000e+00,1.24125000e+01,-1.68750000e-02,1.23640625e+01
2.82315000e-07,5.05000000e+00,1.23250000e+01,-4.62500000e-02,1.23828125e+01
2.82635000e-07,5.13750000e+00,1.24750000e+01,-3.06250000e-02,1.23687500e+01
2.82955000e-07,5.22500000e+00,1.25125000e+01,1.31250000e-02,1.23859375e+01
2.83275000e-07,5.16250000e+00,1.26000000e+01,-1.93750000e-02,1.23898438e+01
2.83595000e-07,5.12500000e+00,1.25000000e+01,-1.18750000e-02,1.23710938e+01
2.83915000e-07,5.23750000e+00,1.24625000e+01,2.06250000e-02,1.23203125e+01
2.84235000e-07,5.10000000e+00,1.25250000e+01,5.62500000e-03,1.23585938e+01
2.84555000e-07,5.16250000e+00,1.25375000e+01,-1.43750000e-02,1.23960938e+01
2.84875000e-07,5.02500000e+00,1.24000000e+01,-1.43750000e-02,1.23234375e+01
2.85195000e-07,5.12500000e+00,1.25000000e+01,5.62500000e-03,1.24046875e+01
2.85515000e-07,5.06250000e+00,1.24500000e+01,-9.37500000e-03,1.24351563e+01
2.85835000e-07,5.12500000e+00,1.24250000e+01,-1.18750000e-02,1.24804688e+01
2.86155000e-07,5.12500000e+00,1.23875000e+01,-6.87500000e-03,1.24117188e+01
2.86475000e-07,5.13750000e+00,1.24625000e+01,-1.75000000e-02,1.23625000e+01
2.86795000e-07,5.18750000e+00,1.24875000e+01,-2.56250000e-02,1.24125000e+01
2.87115000e-07,5.12500000e+00,1.24500000e+01,1.25000000e-03,1.24210938e+01
2.87435000e-07,5.27500000e+00,1.24375000e+01,6.25000000e-03,1.23796875e+01
2.87755000e-07,5.21250000e+00,1.24625000e+01,-1.18750000e-02,1.24679688e+01
2.88075000e-07,5.17500000e+00,1.24375000e+01,-1.50000000e-02,1.25093750e+01
2.88395000e-07,5.12500000e+00,1.25625000e+01,-3.62500000e-02,1.24382812e+01
2.88715000e-07,5.21250000e+00,1.25125000e+01,-1.12500000e-02,1.23656250e+01
2.89035000e-07,5.06250000e+00,1.24875000e+01,-4.37500000e-03,1.24000000e+01
2.89355000e-07,5.11250000e+00,1.23875000e+01,-1.87500000e-03,1.24390625e+01
2.89675000e-07,5.15000000e+00,1.25750000e+01,5.62500000e-03,1.23773437e+01
2.89995000e-07,5.20000000e+00,1.23875000e+01,2.81250000e-02,1.23554688e+01
2.90315000e-07,5.10000000e+00,1.25125000e+01,1.56250000e-02,1.24335938e+01
2.90635000e-07,5.16250000e+00,1.26000000e+01,-1.93750000e-02,1.25710937e+01
2.90955000e-07,5.17500000e+00,1.24875000e+01,-4.37500000e-03,1.26304688e+01
2.91275000e-07,5.25000000e+00,1.23000000e+01,-4.37500000e-03,1.26179687e+01
2.91595000e-07,5.17500000e+00,1.25625000e+01,-9.37500000e-03,1.25289063e+01
2.91915000e-07,5.03750000e+00,1.25750000e+01,1.31250000e-02,1.25218750e+01
2.92235000e-07,5.13750000e+00,1.23750000e+01,-2.25000000e-02,1.25578125e+01
2.92555000e-07,5.13750000e+00,1.25000000e+01,-2.56250000e-02,1.25171875e+01
2.92875000e-07,5.10000000e+00,1.24500000e+01,1.37500000e-02,1.25250000e+01
2.93195000e-07,5.01250000e+00,1.23875000e+01,1.37500000e-02,1.25421875e+01
2.93515000e-07,5.13750000e+00,1.25000000e+01,3.12500000e-03,1.25695313e+01
2.93835000e-07,5.16250000e+00,1.23375000e+01,-1.43750000e-02,1.25835938e+01
2.94155000e-07,5.15000000e+00,1.23750000e+01,-2.56250000e-02,1.25625000e+01
2.94475000e-07,5.17500000e+00,1.25125000e+01,-4.37500000e-03,1.25125000e+01
2.94795000e-07,5.08750000e+00,1.25750000e+01,-2.25000000e-02,1.24820313e+01
2.95115000e-07,5.18750000e+00,1.24750000e+01,-1.68750000e-02,1.25796875e+01
2.95435000e-07,5.18750000e+00,1.24125000e+01,-1.87500000e-03,1.25734375e+01
2.95755000e-07,5.15000000e+00,1.24125000e+01,-9.37500000e-03,1.25562500e+01
2.96075000e-07,5.08750000e+00,1.25500000e+01,-6.87500000e-03,1.26437500e+01
2.96395000e-07,5.16250000e+00,1.24250000e+01,-1.75000000e-02,1.26828125e+01
2.96715000e-07,5.13750000e+00,1.23750000e+01,-4.62500000e-02,1.26625000e+01
2.97035000e-07,5.03750000e+00,1.23500000e+01,-3.75000000e-03,1.26164063e+01
2.97355000e-07,5.17500000e+00,1.24250000e+01,-6.87500000e-03,1.25742188e+01
2.97675000e-07,5.25000000e+00,1.24125000e+01,-1.18750000e-02,1.25140625e+01
2.97995000e-07,5.12500000e+00,1.24750000e+01,-4.37500000e-03,1.26382813e+01
2.98315000e-07,5.13750000e+00,1.24375000e+01,3.12500000e-03,1.26187500e+01
2.98635000e-07,5.27500000e+00,1.25875000e+01,-2.62500000e-02,1.25070313e+01
2.98955000e-07,5.25000000e+00,1.24625000e+01,-4.12500000e-02,1.25929688e+01
2.99275000e-07,5.20000000e+00,1.23875000e+01,-4.37500000e-03,1.26437500e+01
2.99595000e-07,5.17500000e+00,1.24500000e+01,1.56250000e-02,1.26460938e+01
2.99915000e-07,5.12500000e+00,1.25000000e+01,-1.68750000e-02,1.25765625e+01
3.00235000e-07,5.15000000e+00,1.25375000e+01,6.25000000e-04,1.25867187e+01
3.00555000e-07,5.27500000e+00,1.24875000e+01,5.62500000e-03,1.26070313e+01
3.00875000e-07,5.20000000e+00,1.25000000e+01,-1.87500000e-03,1.26156250e+01
3.01195000e-07,5.10000000e+00,1.25875000e+01,3.12500000e-03,1.26265625e+01
3.01515000e-07,5.00000000e+00,1.24500000e+01,6.25000000e-04,1.27195312e+01
3.01835000e-07,5.17500000e+00,1.24750000e+01,-1.43750000e-02,1.26703125e+01
3.02155000e-07,5.13750000e+00,1.24875000e+01,8.12500000e-03,1.26046875e+01
3.02475000e-07,5.07500000e+00,1.25000000e+01,-1.75000000e-02,1.26281250e+01
3.02795000e-07,5.07500000e+00,1.24625000e+01,-2.56250000e-02,1.27523437e+01
3.03115000e-07,5.11250000e+00,1.24500000e+01,3.75000000e-03,1.27156250e+01
3.03435000e-07,5.07500000e+00,1.24250000e+01,-1.93750000e-02,1.26648437e+01
3.03755000e-07,5.27500000e+00,1.24625000e+01,-3.31250000e-02,1.27320313e+01
3.04075000e-07,5.17500000e+00,1.24375000e+01,-6.25000000e-03,1.27390625e+01
3.04395000e-07,5.22500000e+00,1.24375000e+01,-6.87500000e-03,1.27500000e+01
3.04715000e-07,5.13750000e+00,1.25625000e+01,-3.81250000e-02,1.26820312e+01
3.05035000e-07,5.07500000e+00,1.26875000e+01,-1.93750000e-02,1.26140625e+01
3.05355000e-07,5.21250000e+00,1.24250000e+01,-2.75000000e-02,1.26835938e+01
3.05675000e-07,5.15000000e+00,1.25500000e+01,2.37500000e-02,1.27664062e+01
3.05995000e-07,5.03750000e+00,1.26375000e+01,-3.06250000e-02,1.28187500e+01
3.06315000e-07,5.20000000e+00,1.24625000e+01,-2.25000000e-02,1.27484375e+01
3.06635000e-07,5.10000000e+00,1.24250000e+01,-2.68750000e-02,1.26757812e+01
3.06955000e-07,5.16250000e+00,1.23625000e+01,-3.31250000e-02,1.27445312e+01
3.07275000e-07,5.11250000e+00,1.24125000e+01,-3.25000000e-02,1.27351562e+01
3.07595000e-07,5.17500000e+00,1.24625000e+01,1.12500000e-02,1.27234375e+01
3.07915000e-07,5.21250000e+00,1.24750000e+01,-1.87500000e-03,1.27460938e+01
3.08235000e-07,5.16250000e+00,1.24875000e+01,-5.62500000e-02,1.26820312e+01
3.08555000e-07,5.18750000e+00,1.25125000e+01,-1.62500000e-02,1.26921875e+01
3.08875000e-07,5.28750000e+00,1.24250000e+01,-1.68750000e-02,1.26750000e+01
3.09195000e-07,5.08750000e+00,1.24375000e+01,-6.87500000e-03,1.26656250e+01
3.09515000e-07,5.03750000e+00,1.23875000e+01,-9.37500000e-03,1.26820312e+01
3.09835000e-07,5.25000000e+00,1.23375000e+01,-2.25000000e-02,1.27625000e+01
3.10155000e-07,5.20000000e+00,1.25625000e+01,-2.18750000e-02,1.28265625e+01
3.10475000e-07,5.16250000e+00,1.24500000e+01,-1.18750000e-02,1.28242188e+01
3.10795000e-07,5.12500000e+00,1.25125000e+01,-4.37500000e-03,1.27390625e+01
3.11115000e-07,5.12500000e+00,1.25750000e+01,-1.87500000e-03,1.27453125e+01
3.11435000e-07,5.06250000e+00,1.25875000e+01,1.31250000e-02,1.27937500e+01
3.11755000e-07,5.13750000e+00,1.26125000e+01,-1.43750000e-02,1.27671875e+01
3.12075000e-07,5.26250000e+00,1.26500000e+01,-1.43750000e-02,1.26367188e+01
3.12395000e-07,5.12500000e+00,1.24875000e+01,6.25000000e-04,1.26429687e+01
3.12715000e-07,5.12500000e+00,1.25250000e+01,-2.25000000e-02,1.27453125e+01
3.13035000e-07,5.06250000e+00,1.24000000e+01,-3.81250000e-02,1.28148437e+01
3.13355000e-07,5.32500000e+00,1.25125000e+01,-3.75000000e-03,1.28523437e+01
3.13675000e-07,5.20000000e+00,1.24625000e+01,1.25000000e-03,1.28609375e+01
3.13995000e-07,5.10000000e+00,1.25000000e+01,-1.00000000e-02,1.27945313e+01
3.14315000e-07,5.03750000e+00,1.24625000e+01,-4.06250000e-02,1.27648438e+01
3.14635000e-07,5.08750000e+00,1.25500000e+01,6.25000000e-03,1.27273437e+01
3.14955000e-07,5.13750000e+00,1.24500000e+01,-4.37500000e-03,1.28585938e+01
3.15275000e-07,5.00000000e+00,1.25375000e+01,-1.93750000e-02,1.29039063e+01
3.15595000e-07,5.11250000e+00,1.24500000e+01,-1.68750000e-02,1.28148437e+01
3.15915000e-07,5.18750000e+00,1.24500000e+01,-1.87500000e-03,1.29429688e+01
3.16235000e-07,5.18750000e+00,1.24250000e+01,-1.00000000e-02,1.29609375e+01
3.16555000e-07,5.22500000e+00,1.25375000e+01,-1.93750000e-02,1.28132812e+01
3.16875000e-07,5.01250000e+00,1.25000000e+01,-1.43750000e-02,1.28320312e+01
3.17195000e-07,5.08750000e+00,1.23625000e+01,-2.56250000e-02,1.28343750e+01
3.17515000e-07,5.06250000e+00,1.24500000e+01,-6.87500000e-03,1.28507813e+01
3.17835000e-07,5.17500000e+00,1.25250000e+01,-6.87500000e-03,1.28937500e+01
3.18155000e-07,5.20000000e+00,1.25625000e+01,-1.68750000e-02,1.28437500e+01
3.18475000e-07,5.06250000e+00,1.24500000e+01,6.25000000e-04,1.27945313e+01
3.18795000e-07,5.13750000e+00,1.24250000e+01,8.12500000e-03,1.28421875e+01
3.19115000e-07,5.23750000e+00,1.24625000e+01,-7.50000000e-03,1.28312500e+01
3.19435000e-07,4.97500000e+00,1.24500000e+01,-4.37500000e-02,1.27656250e+01
3.19755000e-07,5.01250000e+00,1.24750000e+01,-1.93750000e-02,1.28156250e+01
3.20075000e-07,5.13750000e+00,1.23625000e+01,-2.81250000e-02,1.28671875e+01
3.20395000e-07,5.15000000e+00,1.25250000e+01,-8.75000000e-03,1.29500000e+01
3.20715000e-07,5.02500000e+00,1.24375000e+01,-1.12500000e-02,1.29046875e+01
3.21035000e-07,5.06250000e+00,1.25000000e+01,1.56250000e-02,1.29046875e+01
3.21355000e-07,5.15000000e+00,1.24250000e+01,-3.31250000e-02,1.29710937e+01
3.21675000e-07,5.07500000e+00,1.24125000e+01,-1.18750000e-02,1.29890625e+01
3.21995000e-07,5.10000000e+00,1.24750000e+01,-1.68750000e-02,1.29054688e+01
3.22315000e-07,5.15000000e+00,1.25500000e+01,-2.87500000e-02,1.28007812e+01
3.22635000e-07,5.10000000e+00,1.25500000e+01,-3.87500000e-02,1.28546875e+01
3.22955000e-07,5.21250000e+00,1.25375000e+01,-2.56250000e-02,1.29835938e+01
3.23275000e-07,5.16250000e+00,1.24375000e+01,-1.25000000e-03,1.29953125e+01
3.23595000e-07,5.05000000e+00,1.23625000e+01,-1.87500000e-02,1.30617188e+01
3.23915000e-07,5.13750000e+00,1.23875000e+01,3.12500000e-03,1.30671875e+01
3.24235000e-07,5.22500000e+00,1.25000000e+01,-1.87500000e-03,1.29531250e+01
3.24555000e-07,5.13750000e+00,1.25000000e+01,-6.87500000e-03,1.28976563e+01
3.24875000e-07,5.08750000e+00,1.24125000e+01,-4.37500000e-03,1.29179688e+01
3.25195000e-07,5.20000000e+00,1.24250000e+01,-2.87500000e-02,1.29640625e+01
3.25515000e-07,5.05000000e+00,1.26000000e+01,-2.18750000e-02,1.29234375e+01
3.25835000e-07,5.05000000e+00,1.24375000e+01,-1.56250000e-02,1.30062500e+01
3.26155000e-07,5.18750000e+00,1.25000000e+01,-1.93750000e-02,1.30289063e+01
3.26475000e-07,5.16250000e+00,1.24000000e+01,-1.93750000e-02,1.29125000e+01
3.26795000e-07,5.05000000e+00,1.25250000e+01,-6.87500000e-03,1.29132813e+01
3.27115000e-07,5.22500000e+00,1.24125000e+01,6.25000000e-04,1.29593750e+01
3.27435000e-07,5.03750000e+00,1.24875000e+01,-4.37500000e-03,1.29578125e+01
3.27755000e-07,5.06250000e+00,1.24250000e+01,1.56250000e-02,1.29507813e+01
3.28075000e-07,5.12500000e+00,1.25500000e+01,-9.37500000e-03,1.29156250e+01
3.28395000e-07,5.12500000e+00,1.24375000e+01,-1.68750000e-02,1.29679688e+01
3.28715000e-07,5.11250000e+00,1.25375000e+01,-1.68750000e-02,1.30617188e+01
3.29035000e-07,5.20000000e+00,1.25625000e+01,-1.93750000e-02,1.30593750e+01
3.29355000e-07,5.16250000e+00,1.24375000e+01,1.31250000e-02,1.30054688e+01
3.29675000e-07,4.95000000e+00,1.25250000e+01,-1.43750000e-02,1.29429688e+01
3.29995000e-07,5.08750000e+00,1.25875000e+01,-1.87500000e-03,1.29796875e+01
3.30315000e-07,5.17500000e+00,1.24000000e+01,-1.43750000e-02,1.30140625e+01
3.30635000e-07,5.03750000e+00,1.24750000e+01,-1.18750000e-02,1.30093750e+01
3.30955000e-07,5.10000000e+00,1.23750000e+01,-9.37500000e-03,1.30328125e+01
3.31275000e-07,5.03750000e+00,1.26000000e+01,-1.00000000e-02,1.30515625e+01
3.31595000e-07,5.13750000e+00,1.26125000e+01,-3.56250000e-02,1.30789062e+01
3.31915000e-07,5.10000000e+00,1.24250000e+01,-1.25000000e-03,1.30367188e+01
3.32235000e-07,5.06250000e+00,1.24125000e+01,-4.31250000e-02,1.30320312e+01
3.32555000e-07,5.08750000e+00,1.24750000e+01,-2.56250000e-02,1.30210938e+01
3.32875000e-07,5.06250000e+00,1.24500000e+01,1.31250000e-02,1.30242187e+01
3.33195000e-07,5.17500000e+00,1.24000000e+01,-1.93750000e-02,1.30296875e+01
3.33515000e-07,5.27500000e+00,1.25250000e+01,-3.12500000e-02,1.30625000e+01
3.33835000e-07,5.21250000e+00,1.25750000e+01,-2.75000000e-02,1.31140625e+01
3.34155000e-07,5.15000000e+00,1.24000000e+01,1.12500000e-02,1.31195312e+01
3.34475000e-07,5.07500000e+00,1.23875000e+01,8.75000000e-03,1.30750000e+01
3.34795000e-07,5.12500000e+00,1.23375000e+01,6.25000000e-04,1.30132813e+01
3.35115000e-07,5.15000000e+00,1.24000000e+01,-2.18750000e-02,1.30179687e+01
3.35435000e-07,5.07500000e+00,1.25125000e+01,-1.25000000e-02,1.30804687e+01
3.35755000e-07,5.15000000e+00,1.25875000e+01,-4.31250000e-02,1.30796875e+01
3.36075000e-07,5.22500000e+00,1.23875000e+01,8.75000000e-03,1.30015625e+01
3.36395000e-07,5.13750000e+00,1.26000000e+01,-8.75000000e-03,1.30304688e+01
3.36715000e-07,5.07500000e+00,1.24375000e+01,-1.75000000e-02,1.31312500e+01
3.37035000e-07,5.06250000e+00,1.24750000e+01,-2.18750000e-02,1.31742187e+01
3.37355000e-07,5.10000000e+00,1.24625000e+01,-9.37500000e-03,1.31109375e+01
3.37675000e-07,5.12500000e+00,1.25875000e+01,2.06250000e-02,1.30726562e+01
3.37995000e-07,5.10000000e+00,1.23375000e+01,-1.93750000e-02,1.30781250e+01
3.38315000e-07,5.21250000e+00,1.24875000e+01,-6.87500000e-03,1.30664062e+01
3.38635000e-07,5.17500000e+00,1.25375000e+01,-2.18750000e-02,1.30093750e+01
3.38955000e-07,5.08750000e+00,1.24625000e+01,3.31250000e-02,1.29656250e+01
3.39275000e-07,5.15000000e+00,1.24500000e+01,-1.50000000e-02,1.30445313e+01
3.39595000e-07,5.13750000e+00,1.25625000e+01,-1.68750000e-02,1.30765625e+01
3.39915000e-07,5.11250000e+00,1.24750000e+01,6.25000000e-04,1.30976562e+01
3.40235000e-07,5.15000000e+00,1.25125000e+01,-9.37500000e-03,1.31335937e+01
3.40555000e-07,5.13750000e+00,1.24375000e+01,1.56250000e-02,1.31507812e+01
3.40875000e-07,5.06250000e+00,1.25750000e+01,1.56250000e-02,1.31210938e+01
3.41195000e-07,5.07500000e+00,1.24750000e+01,-1.75000000e-02,1.31703125e+01
3.41515000e-07,5.23750000e+00,1.25250000e+01,-2.18750000e-02,1.31250000e+01
3.41835000e-07,5.16250000e+00,1.24625000e+01,2.06250000e-02,1.30648437e+01
3.42155000e-07,5.05000000e+00,1.26125000e+01,6.25000000e-04,1.31031250e+01
3.42475000e-07,5.07500000e+00,1.24250000e+01,-1.87500000e-03,1.31335937e+01
3.42795000e-07,5.15000000e+00,1.23750000e+01,1.31250000e-02,1.31492187e+01
3.43115000e-07,5.07500000e+00,1.24625000e+01,-6.87500000e-03,1.31148438e+01
3.43435000e-07,5.17500000e+00,1.25000000e+01,-1.43750000e-02,1.31367188e+01
3.43755000e-07,5.21250000e+00,1.25125000e+01,1.56250000e-02,1.30937500e+01
3.44075000e-07,5.17500000e+00,1.25500000e+01,-2.87500000e-02,1.30734375e+01
3.44395000e-07,5.21250000e+00,1.24250000e+01,-2.18750000e-02,1.31140625e+01
3.44715000e-07,5.06250000e+00,1.25000000e+01,7.50000000e-03,1.31515625e+01
3.45035000e-07,5.11250000e+00,1.23000000e+01,3.12500000e-03,1.31265625e+01
3.45355000e-07,5.12500000e+00,1.24500000e+01,6.25000000e-04,1.31585937e+01
3.45675000e-07,5.02500000e+00,1.24500000e+01,1.31250000e-02,1.30820312e+01
3.45995000e-07,5.18750000e+00,1.25000000e+01,-1.93750000e-02,1.31992188e+01
3.46315000e-07,5.16250000e+00,1.24375000e+01,-1.93750000e-02,1.33375000e+01
3.46635000e-07,5.15000000e+00,1.24625000e+01,-2.18750000e-02,1.32867188e+01
3.46955000e-07,5.01250000e+00,1.24875000e+01,-1.87500000e-03,1.32242188e+01
3.47275000e-07,5.03750000e+00,1.25750000e+01,-1.18750000e-02,1.31992188e+01
3.47595000e-07,5.13750000e+00,1.23375000e+01,-1.18750000e-02,1.31937500e+01
3.47915000e-07,5.08750000e+00,1.23875000e+01,-1.87500000e-03,1.32335938e+01
3.48235000e-07,5.11250000e+00,1.24750000e+01,-9.37500000e-03,1.31414062e+01
3.48555000e-07,5.13750000e+00,1.25250000e+01,-1.25000000e-02,1.30664062e+01
3.48875000e-07,5.20000000e+00,1.23250000e+01,-4.12500000e-02,1.31578125e+01
3.49195000e-07,5.13750000e+00,1.25625000e+01,-1.62500000e-02,1.32523437e+01
3.49515000e-07,5.05000000e+00,1.25375000e+01,-2.25000000e-02,1.32015625e+01
3.49835000e-07,5.16250000e+00,1.23625000e+01,-1.68750000e-02,1.31250000e+01
3.50155000e-07,5.17500000e+00,1.24000000e+01,-6.87500000e-03,1.30812500e+01
3.50475000e-07,5.13750000e+00,1.25750000e+01,-6.87500000e-03,1.31718750e+01
3.50795000e-07,5.17500000e+00,1.23375000e+01,6.25000000e-04,1.32078125e+01
3.51115000e-07,5.10000000e+00,1.25375000e+01,8.12500000e-03,1.31625000e+01
3.51435000e-07,5.13750000e+00,1.25500000e+01,-1.87500000e-03,1.32804688e+01
3.51755000e-07,5.16250000e+00,1.24875000e+01,-1.18750000e-02,1.32382812e+01
3.52075000e-07,5.01250000e+00,1.23750000e+01,-1.87500000e-03,1.32492188e+01
3.52395000e-07,5.10000000e+00,1.23000000e+01,6.25000000e-04,1.31992188e+01
3.52715000e-07,5.10000000e+00,1.24375000e+01,-2.18750000e-02,1.31734375e+01
3.53035000e-07,5.03750000e+00,1.24000000e+01,5.62500000e-03,1.32335938e+01
3.53355000e-07,4.98750000e+00,1.23875000e+01,6.25000000e-04,1.32445312e+01
3.53675000e-07,5.23750000e+00,1.25375000e+01,-3.06250000e-02,1.32257813e+01
3.53995000e-07,5.21250000e+00,1.23750000e+01,-6.87500000e-03,1.32484375e+01
3.54315000e-07,5.16250000e+00,1.23750000e+01,-9.37500000e-03,1.32671875e+01
3.54635000e-07,5.12500000e+00,1.23875000e+01,-2.18750000e-02,1.31460938e+01
3.54955000e-07,4.90000000e+00,1.24750000e+01,-6.87500000e-03,1.31515625e+01
3.55275000e-07,5.15000000e+00,1.24625000e+01,1.31250000e-02,1.32375000e+01
3.55595000e-07,5.18750000e+00,1.25125000e+01,-2.00000000e-02,1.31882812e+01
3.55915000e-07,5.05000000e+00,1.23875000e+01,-4.37500000e-03,1.31187500e+01
3.56235000e-07,4.96250000e+00,1.24750000e+01,2.56250000e-02,1.31664062e+01
3.56555000e-07,5.08750000e+00,1.25000000e+01,5.62500000e-03,1.32539062e+01
3.56875000e-07,5.18750000e+00,1.25625000e+01,1.81250000e-02,1.33281250e+01
3.57195000e-07,5.16250000e+00,1.24125000e+01,3.31250000e-02,1.33351563e+01
3.57515000e-07,4.96250000e+00,1.23000000e+01,1.31250000e-02,1.33765625e+01
3.57835000e-07,5.07500000e+00,1.24375000e+01,-4.37500000e-03,1.33664063e+01
3.58155000e-07,5.12500000e+00,1.24625000e+01,-1.18750000e-02,1.32640625e+01
3.58475000e-07,5.15000000e+00,1.24625000e+01,-1.87500000e-03,1.32882813e+01
3.58795000e-07,5.20000000e+00,1.26375000e+01,-1.43750000e-02,1.33789062e+01
3.59115000e-07,5.03750000e+00,1.25750000e+01,1.56250000e-02,1.33156250e+01
3.59435000e-07,5.15000000e+00,1.24500000e+01,5.00000000e-03,1.33304687e+01
3.59755000e-07,5.17500000e+00,1.23000000e+01,-3.06250000e-02,1.33585938e+01
3.60075000e-07,5.15000000e+00,1.23625000e+01,8.75000000e-03,1.32757812e+01
3.60395000e-07,5.05000000e+00,1.24000000e+01,1.25000000e-03,1.32265625e+01
3.60715000e-07,5.11250000e+00,1.23750000e+01,8.12500000e-03,1.33328125e+01
3.61035000e-07,5.01250000e+00,1.24500000e+01,3.12500000e-03,1.33460937e+01
3.61355000e-07,5.10000000e+00,1.25375000e+01,-1.43750000e-02,1.34085937e+01
3.61675000e-07,5.11250000e+00,1.23500000e+01,-1.87500000e-03,1.33281250e+01
3.61995000e-07,4.95000000e+00,1.25875000e+01,-1.87500000e-03,1.32875000e+01
3.62315000e-07,5.00000000e+00,1.25750000e+01,-3.87500000e-02,1.33375000e+01
3.62635000e-07,5.22500000e+00,1.24000000e+01,-1.87500000e-03,1.32695312e+01
3.62955000e-07,5.17500000e+00,1.23500000e+01,0.00000000e+00,1.32789063e+01
3.63275000e-07,5.15000000e+00,1.24125000e+01,-1.87500000e-03,1.33023438e+01
3.63595000e-07,5.05000000e+00,1.24375000e+01,1.31250000e-02,1.33335938e+01
3.63915000e-07,5.17500000e+00,1.25250000e+01,-1.43750000e-02,1.33664063e+01
3.64235000e-07,5.18750000e+00,1.24625000e+01,-2.81250000e-02,1.33296875e+01
3.64555000e-07,5.17500000e+00,1.25875000e+01,1.31250000e-02,1.32734375e+01
3.64875000e-07,5.05000000e+00,1.24875000e+01,8.12500000e-03,1.33023438e+01
3.65195000e-07,5.03750000e+00,1.24500000e+01,1.31250000e-02,1.32828125e+01
3.65515000e-07,5.07500000e+00,1.23000000e+01,-1.87500000e-03,1.32648438e+01
3.65835000e-07,5.16250000e+00,1.25750000e+01,5.62500000e-03,1.32640625e+01
3.66155000e-07,5.12500000e+00,1.25000000e+01,-6.87500000e-03,1.33093750e+01
3.66475000e-07,5.07500000e+00,1.24375000e+01,1.56250000e-02,1.33757812e+01
3.66795000e-07,5.11250000e+00,1.24625000e+01,-3.87500000e-02,1.34109375e+01
3.67115000e-07,5.06250000e+00,1.25125000e+01,-1.68750000e-02,1.34078125e+01
3.67435000e-07,5.08750000e+00,1.25250000e+01,-1.75000000e-02,1.34140625e+01
3.67755000e-07,5.15000000e+00,1.24125000e+01,-1.75000000e-02,1.33648438e+01
3.68075000e-07,5.11250000e+00,1.23625000e+01,-1.93750000e-02,1.32500000e+01
3.68395000e-07,5.05000000e+00,1.25875000e+01,6.25000000e-04,1.32007813e+01
3.68715000e-07,5.03750000e+00,1.24375000e+01,-1.87500000e-03,1.32851562e+01
3.69035000e-07,5.11250000e+00,1.25000000e+01,1.31250000e-02,1.32429687e+01
3.69355000e-07,5.13750000e+00,1.24625000e+01,1.56250000e-02,1.32593750e+01
3.69675000e-07,5.18750000e+00,1.24500000e+01,-2.62500000e-02,1.33093750e+01
3.69995000e-07,5.07500000e+00,1.24000000e+01,-3.06250000e-02,1.32851562e+01
3.70315000e-07,5.01250000e+00,1.25250000e+01,-4.37500000e-03,1.32671875e+01
3.70635000e-07,5.06250000e+00,1.23375000e+01,-1.87500000e-02,1.32835937e+01
3.70955000e-07,5.03750000e+00,1.24750000e+01,2.06250000e-02,1.33281250e+01
3.71275000e-07,5.18750000e+00,1.25750000e+01,-1.43750000e-02,1.33265625e+01
3.71595000e-07,5.01250000e+00,1.25125000e+01,1.06250000e-02,1.33523437e+01
3.71915000e-07,5.08750000e+00,1.25375000e+01,-1.75000000e-02,1.33453125e+01
3.72235000e-07,5.10000000e+00,1.25375000e+01,-1.43750000e-02,1.33164062e+01
3.72555000e-07,5.11250000e+00,1.25125000e+01,1.06250000e-02,1.33796875e+01
3.72875000e-07,5.00000000e+00,1.25625000e+01,-1.87500000e-03,1.34171875e+01
3.73195000e-07,5.06250000e+00,1.24500000e+01,-6.87500000e-03,1.33179688e+01
3.73515000e-07,5.05000000e+00,1.24750000e+01,3.12500000e-03,1.32976562e+01
3.73835000e-07,5.07500000e+00,1.24500000e+01,3.12500000e-03,1.33710938e+01
3.74155000e-07,5.12500000e+00,1.25250000e+01,1.31250000e-02,1.33265625e+01
3.74475000e-07,5.16250000e+00,1.24625000e+01,-1.93750000e-02,1.33179688e+01
3.74795000e-07,5.13750000e+00,1.24375000e+01,2.06250000e-02,1.33460937e+01
3.75115000e-07,5.18750000e+00,1.24250000e+01,1.06250000e-02,1.33054687e+01
3.75435000e-07,5.06250000e+00,1.25625000e+01,5.62500000e-03,1.32820312e+01
3.75755000e-07,4.98750000e+00,1.24250000e+01,-2.81250000e-02,1.32476563e+01
3.76075000e-07,5.02500000e+00,1.25875000e+01,-6.87500000e-03,1.32398438e+01
3.76395000e-07,5.17500000e+00,1.25125000e+01,-1.75000000e-02,1.33007812e+01
3.76715000e-07,5.07500000e+00,1.24625000e+01,-4.37500000e-03,1.33937500e+01
3.77035000e-07,5.02500000e+00,1.24875000e+01,5.62500000e-03,1.34414062e+01
3.77355000e-07,5.10000000e+00,1.24875000e+01,1.56250000e-02,1.34437500e+01
3.77675000e-07,5.08750000e+00,1.24625000e+01,-1.68750000e-02,1.33820313e+01
3.77995000e-07,5.16250000e+00,1.24375000e+01,5.62500000e-03,1.33570313e+01
3.78315000e-07,5.11250000e+00,1.23875000e+01,1.06250000e-02,1.33406250e+01
3.78635000e-07,5.02500000e+00,1.25250000e+01,8.12500000e-03,1.33421875e+01
3.78955000e-07,5.13750000e+00,1.24250000e+01,1.56250000e-02,1.33320312e+01
3.79275000e-07,5.23750000e+00,1.24875000e+01,-3.62500000e-02,1.33609375e+01
3.79595000e-07,5.16250000e+00,1.25125000e+01,-4.31250000e-02,1.33515625e+01
3.79915000e-07,5.17500000e+00,1.26000000e+01,2.31250000e-02,1.33523437e+01
3.80235000e-07,5.15000000e+00,1.26500000e+01,1.25000000e-03,1.33914062e+01
3.80555000e-07,5.03750000e+00,1.24750000e+01,-1.18750000e-02,1.32750000e+01
3.80875000e-07,5.03750000e+00,1.23250000e+01,-1.50000000e-02,1.32906250e+01
3.81195000e-07,5.21250000e+00,1.24500000e+01,-1.18750000e-02,1.33570313e+01
3.81515000e-07,5.06250000e+00,1.24750000e+01,8.12500000e-03,1.33140625e+01
3.81835000e-07,5.07500000e+00,1.26000000e+01,-1.18750000e-02,1.33726563e+01
3.82155000e-07,5.10000000e+00,1.24750000e+01,5.62500000e-03,1.34007812e+01
3.82475000e-07,5.08750000e+00,1.25625000e+01,3.12500000e-03,1.33976563e+01
3.82795000e-07,5.07500000e+00,1.23375000e+01,-2.25000000e-02,1.33953125e+01
3.83115000e-07,5.07500000e+00,1.24250000e+01,-1.68750000e-02,1.34539062e+01
3.83435000e-07,5.10000000e+00,1.25125000e+01,-1.87500000e-03,1.34273438e+01
3.83755000e-07,5.16250000e+00,1.24500000e+01,-2.18750000e-02,1.33476562e+01
3.84075000e-07,4.95000000e+00,1.24375000e+01,5.62500000e-03,1.33742188e+01
3.84395000e-07,5.23750000e+00,1.24000000e+01,-1.25000000e-02,1.33703125e+01
3.84715000e-07,5.15000000e+00,1.24000000e+01,-4.37500000e-02,1.33882813e+01
3.85035000e-07,5.10000000e+00,1.25000000e+01,-1.62500000e-02,1.33851562e+01
3.85355000e-07,5.12500000e+00,1.23500000e+01,-4.37500000e-03,1.33351563e+01
3.85675000e-07,5.10000000e+00,1.26125000e+01,1.81250000e-02,1.33382812e+01
3.85995000e-07,5.13750000e+00,1.24250000e+01,-7.50000000e-03,1.33976563e+01
3.86315000e-07,5.15000000e+00,1.25250000e+01,-1.18750000e-02,1.34234375e+01
3.86635000e-07,5.02500000e+00,1.27125000e+01,-1.18750000e-02,1.33500000e+01
3.86955000e-07,5.03750000e+00,1.26000000e+01,-1.87500000e-03,1.33335938e+01
3.87275000e-07,5.21250000e+00,1.25500000e+01,2.31250000e-02,1.33554688e+01
3.87595000e-07,5.08750000e+00,1.26000000e+01,-1.18750000e-02,1.34593750e+01
3.87915000e-07,5.02500000e+00,1.23625000e+01,-2.56250000e-02,1.35015625e+01
3.88235000e-07,5.07500000e+00,1.24750000e+01,5.62500000e-03,1.34882812e+01
3.88555000e-07,5.13750000e+00,1.24125000e+01,-6.87500000e-03,1.34210938e+01
3.88875000e-07,5.17500000e+00,1.24250000e+01,-1.43750000e-02,1.34953125e+01
3.89195000e-07,5.25000000e+00,1.25500000e+01,3.81250000e-02,1.34937500e+01
3.89515000e-07,5.05000000e+00,1.25500000e+01,-2.00000000e-02,1.34554687e+01
3.89835000e-07,5.17500000e+00,1.24500000e+01,-3.87500000e-02,1.34593750e+01
3.90155000e-07,5.23750000e+00,1.24375000e+01,-2.18750000e-02,1.34812500e+01
3.90475000e-07,5.15000000e+00,1.24125000e+01,-1.43750000e-02,1.34156250e+01
3.90795000e-07,5.25000000e+00,1.25375000e+01,-4.37500000e-03,1.34203125e+01
3.91115000e-07,4.97500000e+00,1.23375000e+01,-1.87500000e-03,1.34460937e+01
3.91435000e-07,5.01250000e+00,1.25750000e+01,-1.87500000e-03,1.35250000e+01
3.91755000e-07,5.12500000e+00,1.26250000e+01,3.81250000e-02,1.34976563e+01
3.92075000e-07,5.11250000e+00,1.24250000e+01,-2.00000000e-02,1.34992188e+01
3.92395000e-07,5.15000000e+00,1.24875000e+01,-1.43750000e-02,1.35085937e+01
3.92715000e-07,5.08750000e+00,1.25250000e+01,-1.68750000e-02,1.34703125e+01
3.93035000e-07,5.07500000e+00,1.24000000e+01,-1.18750000e-02,1.34937500e+01
3.93355000e-07,5.11250000e+00,1.23125000e+01,-4.37500000e-03,1.35132813e+01
3.93675000e-07,5.07500000e+00,1.24750000e+01,-1.87500000e-03,1.34335938e+01
3.93995000e-07,5.02500000e+00,1.24500000e+01,2.31250000e-02,1.34132813e+01
3.94315000e-07,5.00000000e+00,1.24750000e+01,-1.87500000e-03,1.34390625e+01
3.94635000e-07,5.05000000e+00,1.26500000e+01,-6.87500000e-03,1.35031250e+01
3.94955000e-07,5.10000000e+00,1.24625000e+01,-4.37500000e-03,1.35765625e+01
3.95275000e-07,5.08750000e+00,1.25250000e+01,-6.87500000e-03,1.35554687e+01
3.95595000e-07,5.16250000e+00,1.24875000e+01,1.06250000e-02,1.34703125e+01
3.95915000e-07,5.07500000e+00,1.24500000e+01,1.06250000e-02,1.34562500e+01
3.96235000e-07,5.13750000e+00,1.24625000e+01,6.25000000e-04,1.35234375e+01
3.96555000e-07,5.10000000e+00,1.24750000e+01,3.12500000e-03,1.35523438e+01
3.96875000e-07,5.03750000e+00,1.26375000e+01,5.00000000e-03,1.35265625e+01
3.97195000e-07,5.13750000e+00,1.25500000e+01,-3.81250000e-02,1.34882812e+01
3.97515000e-07,5.18750000e+00,1.24875000e+01,-1.25000000e-03,1.34929687e+01
3.97835000e-07,5.08750000e+00,1.25125000e+01,-1.25000000e-03,1.35281250e+01
3.98155000e-07,5.02500000e+00,1.25000000e+01,2.06250000e-02,1.36257812e+01
3.98475000e-07,5.08750000e+00,1.25375000e+01,8.12500000e-03,1.35906250e+01
3.98795000e-07,4.97500000e+00,1.25000000e+01,-2.25000000e-02,1.35367188e+01
3.99115000e-07,5.03750000e+00,1.24375000e+01,-2.18750000e-02,1.36078125e+01
3.99435000e-07,5.00000000e+00,1.24250000e+01,1.06250000e-02,1.36125000e+01
3.99755000e-07,5.02500000e+00,1.24750000e+01,2.56250000e-02,1.35554687e+01
4.00075000e-07,5.11250000e+00,1.23750000e+01,-1.75000000e-02,1.35710937e+01
4.00395000e-07,5.20000000e+00,1.24375000e+01,-9.37500000e-03,1.35710937e+01
4.00715000e-07,5.08750000e+00,1.26000000e+01,-2.62500000e-02,1.35484375e+01
4.01035000e-07,5.15000000e+00,1.25625000e+01,-2.18750000e-02,1.35570312e+01
4.01355000e-07,5.11250000e+00,1.23500000e+01,2.50000000e-03,1.35492187e+01
4.01675000e-07,5.13750000e+00,1.24750000e+01,-1.18750000e-02,1.35937500e+01
4.01995000e-07,4.98750000e+00,1.25125000e+01,3.81250000e-02,1.36296875e+01
4.02315000e-07,5.08750000e+00,1.24750000e+01,-1.68750000e-02,1.35648437e+01
4.02635000e-07,4.98750000e+00,1.24000000e+01,-4.37500000e-03,1.35429688e+01
4.02955000e-07,5.06250000e+00,1.26750000e+01,-4.37500000e-03,1.35312500e+01
4.03275000e-07,5.28750000e+00,1.25125000e+01,-2.18750000e-02,1.35171875e+01
4.03595000e-07,5.06250000e+00,1.25125000e+01,5.62500000e-03,1.36015625e+01
4.03915000e-07,5.12500000e+00,1.24875000e+01,-4.37500000e-03,1.35789062e+01
4.04235000e-07,5.06250000e+00,1.24125000e+01,6.25000000e-04,1.35554687e+01
4.04555000e-07,5.06250000e+00,1.23625000e+01,-9.37500000e-03,1.35867187e+01
4.04875000e-07,5.12500000e+00,1.26875000e+01,-4.37500000e-03,1.36132812e+01
4.05195000e-07,5.03750000e+00,1.24375000e+01,-2.50000000e-03,1.36000000e+01
4.05515000e-07,5.08750000e+00,1.24500000e+01,-2.56250000e-02,1.36257812e+01
4.05835000e-07,5.05000000e+00,1.25625000e+01,-6.25000000e-03,1.35820312e+01
4.06155000e-07,5.12500000e+00,1.25250000e+01,1.25000000e-03,1.35601563e+01
4.06475000e-07,4.96250000e+00,1.25125000e+01,-1.50000000e-02,1.35039062e+01
4.06795000e-07,5.20000000e+00,1.24500000e+01,-4.62500000e-02,1.34929687e+01
4.07115000e-07,5.07500000e+00,1.24375000e+01,-1.25000000e-03,1.34875000e+01
4.07435000e-07,5.11250000e+00,1.24625000e+01,5.62500000e-03,1.34718750e+01
4.07755000e-07,5.01250000e+00,1.24500000e+01,-3.62500000e-02,1.34859375e+01
4.08075000e-07,5.05000000e+00,1.24250000e+01,-1.68750000e-02,1.36000000e+01
4.08395000e-07,5.18750000e+00,1.25125000e+01,7.50000000e-03,1.35414062e+01
4.08715000e-07,5.11250000e+00,1.25000000e+01,8.12500000e-03,1.34976563e+01
4.09035000e-07,4.97500000e+00,1.24500000e+01,3.12500000e-03,1.36226563e+01
4.09355000e-07,5.11250000e+00,1.24625000e+01,-4.62500000e-02,1.36492187e+01
4.09675000e-07,5.18750000e+00,1.24750000e+01,-4.37500000e-02,1.35828125e+01
4.09995000e-07,5.07500000e+00,1.25500000e+01,3.12500000e-03,1.35539063e+01
4.10315000e-07,5.06250000e+00,1.23375000e+01,-5.00000000e-03,1.35242187e+01
4.10635000e-07,5.02500000e+00,1.24500000e+01,-1.68750000e-02,1.35460938e+01
4.10955000e-07,5.05000000e+00,1.25625000e+01,1.06250000e-02,1.35648437e+01
4.11275000e-07,5.13750000e+00,1.25500000e+01,-6.87500000e-03,1.35437500e+01
4.11595000e-07,5.18750000e+00,1.24875000e+01,-2.56250000e-02,1.35179687e+01
4.11915000e-07,5.18750000e+00,1.25000000e+01,1.06250000e-02,1.35484375e+01
4.12235000e-07,5.12500000e+00,1.24625000e+01,1.06250000e-02,1.35828125e+01
4.12555000e-07,5.07500000e+00,1.25375000e+01,-1.68750000e-02,1.35703125e+01
4.12875000e-07,5.11250000e+00,1.25125000e+01,6.25000000e-04,1.35578125e+01
4.13195000e-07,5.07500000e+00,1.26500000e+01,-1.18750000e-02,1.35539063e+01
4.13515000e-07,5.17500000e+00,1.25500000e+01,1.06250000e-02,1.35820312e+01
4.13835000e-07,5.10000000e+00,1.24125000e+01,1.31250000e-02,1.35898438e+01
4.14155000e-07,5.01250000e+00,1.23875000e+01,3.12500000e-03,1.35343750e+01
4.14475000e-07,5.03750000e+00,1.24750000e+01,-9.37500000e-03,1.35328125e+01
4.14795000e-07,5.02500000e+00,1.23875000e+01,-6.87500000e-03,1.34726562e+01
4.15115000e-07,5.16250000e+00,1.26125000e+01,-1.68750000e-02,1.34664063e+01
4.15435000e-07,5.23750000e+00,1.24750000e+01,-2.62500000e-02,1.35414062e+01
4.15755000e-07,5.15000000e+00,1.25125000e+01,-1.93750000e-02,1.35257812e+01
4.16075000e-07,5.05000000e+00,1.23625000e+01,-1.00000000e-02,1.34945312e+01
4.16395000e-07,5.07500000e+00,1.24375000e+01,-1.87500000e-03,1.35125000e+01
4.16715000e-07,5.07500000e+00,1.26625000e+01,5.62500000e-03,1.35093750e+01
4.17035000e-07,5.17500000e+00,1.24625000e+01,1.31250000e-02,1.35976562e+01
4.17355000e-07,5.03750000e+00,1.23125000e+01,8.12500000e-03,1.35882812e+01
4.17675000e-07,4.96250000e+00,1.24625000e+01,3.12500000e-03,1.35218750e+01
4.17995000e-07,5.02500000e+00,1.23750000e+01,-2.87500000e-02,1.35445313e+01
4.18315000e-07,5.13750000e+00,1.25625000e+01,-1.43750000e-02,1.36335937e+01
4.18635000e-07,5.13750000e+00,1.24000000e+01,1.25000000e-02,1.36101562e+01
4.18955000e-07,5.05000000e+00,1.25125000e+01,-1.18750000e-02,1.35664062e+01
4.19275000e-07,5.16250000e+00,1.24250000e+01,4.06250000e-02,1.36007813e+01
4.19595000e-07,5.13750000e+00,1.25125000e+01,-1.87500000e-03,1.35703125e+01
4.19915000e-07,5.10000000e+00,1.24125000e+01,5.62500000e-03,1.35773438e+01
4.20235000e-07,5.13750000e+00,1.25125000e+01,6.25000000e-04,1.36015625e+01
4.20555000e-07,5.10000000e+00,1.24750000e+01,-1.43750000e-02,1.36171875e+01
4.20875000e-07,5.06250000e+00,1.25500000e+01,-2.18750000e-02,1.37000000e+01
4.21195000e-07,5.18750000e+00,1.23750000e+01,8.12500000e-03,1.36765625e+01
4.21515000e-07,5.15000000e+00,1.23875000e+01,-4.37500000e-03,1.36656250e+01
4.21835000e-07,5.15000000e+00,1.24000000e+01,8.12500000e-03,1.36320313e+01
4.22155000e-07,4.87500000e+00,1.24375000e+01,-1.18750000e-02,1.35562500e+01
4.22475000e-07,5.12500000e+00,1.24250000e+01,2.31250000e-02,1.35960937e+01
4.22795000e-07,5.18750000e+00,1.25625000e+01,1.81250000e-02,1.36117187e+01
4.23115000e-07,5.17500000e+00,1.23000000e+01,-6.87500000e-03,1.36078125e+01
4.23435000e-07,5.07500000e+00,1.25375000e+01,-1.68750000e-02,1.36320313e+01
4.23755000e-07,5.07500000e+00,1.24375000e+01,1.31250000e-02,1.35304688e+01
4.24075000e-07,5.11250000e+00,1.25625000e+01,-2.18750000e-02,1.36492187e+01
4.24395000e-07,5.01250000e+00,1.24750000e+01,6.25000000e-04,1.37187500e+01
4.24715000e-07,5.10000000e+00,1.24250000e+01,-1.68750000e-02,1.37070312e+01
4.25035000e-07,5.06250000e+00,1.25250000e+01,2.06250000e-02,1.36984375e+01
4.25355000e-07,5.05000000e+00,1.25500000e+01,-1.68750000e-02,1.36734375e+01
4.25675000e-07,5.07500000e+00,1.24125000e+01,-1.68750000e-02,1.36523438e+01
4.25995000e-07,5.17500000e+00,1.25125000e+01,1.56250000e-02,1.36492187e+01
4.26315000e-07,5.21250000e+00,1.25250000e+01,-1.25000000e-02,1.36617188e+01
4.26635000e-07,5.12500000e+00,1.24000000e+01,-2.81250000e-02,1.36562500e+01
4.26955000e-07,4.91250000e+00,1.25125000e+01,-3.75000000e-03,1.36640625e+01
4.27275000e-07,5.05000000e+00,1.24250000e+01,6.25000000e-03,1.36117187e+01
4.27595000e-07,5.12500000e+00,1.25250000e+01,1.06250000e-02,1.35046875e+01
4.27915000e-07,5.05000000e+00,1.25375000e+01,-1.68750000e-02,1.35539063e+01
4.28235000e-07,4.98750000e+00,1.24750000e+01,6.25000000e-04,1.35890625e+01
4.28555000e-07,5.15000000e+00,1.26500000e+01,-4.37500000e-03,1.35453125e+01
4.28875000e-07,5.13750000e+00,1.25125000e+01,-3.12500000e-02,1.36054688e+01
4.29195000e-07,4.98750000e+00,1.24250000e+01,-3.62500000e-02,1.36671875e+01
4.29515000e-07,5.07500000e+00,1.24875000e+01,-1.18750000e-02,1.35351562e+01
4.29835000e-07,5.15000000e+00,1.23625000e+01,1.06250000e-02,1.36242188e+01
4.30155000e-07,5.02500000e+00,1.24500000e+01,4.06250000e-02,1.36937500e+01
4.30475000e-07,5.18750000e+00,1.24375000e+01,-2.25000000e-02,1.36640625e+01
4.30795000e-07,5.02500000e+00,1.25750000e+01,-3.31250000e-02,1.36789063e+01
4.31115000e-07,5.10000000e+00,1.24500000e+01,-1.93750000e-02,1.36593750e+01
4.31435000e-07,5.08750000e+00,1.25250000e+01,-1.62500000e-02,1.35937500e+01
4.31755000e-07,5.15000000e+00,1.25625000e+01,6.25000000e-04,1.36226563e+01
4.32075000e-07,5.13750000e+00,1.24250000e+01,6.25000000e-04,1.36046875e+01
4.32395000e-07,5.11250000e+00,1.24500000e+01,-1.43750000e-02,1.35765625e+01
4.32715000e-07,5.12500000e+00,1.24250000e+01,5.62500000e-03,1.36359375e+01
4.33035000e-07,5.13750000e+00,1.24750000e+01,1.06250000e-02,1.36039062e+01
4.33355000e-07,5.10000000e+00,1.24625000e+01,-1.18750000e-02,1.36296875e+01
4.33675000e-07,5.17500000e+00,1.25625000e+01,3.12500000e-03,1.36171875e+01
4.33995000e-07,5.16250000e+00,1.24500000e+01,2.56250000e-02,1.36000000e+01
4.34315000e-07,5.16250000e+00,1.24750000e+01,3.06250000e-02,1.35867187e+01
4.34635000e-07,5.08750000e+00,1.24250000e+01,2.31250000e-02,1.35554687e+01
4.34955000e-07,5.06250000e+00,1.25375000e+01,-1.87500000e-03,1.36937500e+01
4.35275000e-07,5.03750000e+00,1.27250000e+01,5.62500000e-03,1.36726562e+01
4.35595000e-07,5.08750000e+00,1.26125000e+01,1.06250000e-02,1.37210937e+01
4.35915000e-07,5.11250000e+00,1.23000000e+01,-6.87500000e-03,1.37460938e+01
4.36235000e-07,5.11250000e+00,1.24625000e+01,-2.56250000e-02,1.37125000e+01
4.36555000e-07,5.02500000e+00,1.25000000e+01,-9.37500000e-03,1.36601562e+01
4.36875000e-07,5.18750000e+00,1.24875000e+01,6.25000000e-04,1.36257812e+01
4.37195000e-07,5.02500000e+00,1.23625000e+01,-3.12500000e-02,1.36359375e+01
4.37515000e-07,4.98750000e+00,1.25000000e+01,6.25000000e-04,1.36718750e+01
4.37835000e-07,5.00000000e+00,1.25000000e+01,2.00000000e-02,1.36328125e+01
4.38155000e-07,5.15000000e+00,1.24375000e+01,-1.43750000e-02,1.36335937e+01
4.38475000e-07,5.08750000e+00,1.24250000e+01,1.31250000e-02,1.35851563e+01
4.38795000e-07,5.07500000e+00,1.25500000e+01,-1.25000000e-02,1.35914063e+01
4.39115000e-07,4.91250000e+00,1.25375000e+01,-2.56250000e-02,1.36304688e+01
4.39435000e-07,5.10000000e+00,1.25000000e+01,8.75000000e-03,1.35906250e+01
4.39755000e-07,5.12500000e+00,1.25125000e+01,3.75000000e-03,1.36390625e+01
4.40075000e-07,5.07500000e+00,1.24750000e+01,2.56250000e-02,1.36710938e+01
4.40395000e-07,4.95000000e+00,1.24625000e+01,1.31250000e-02,1.36898437e+01
4.40715000e-07,5.12500000e+00,1.25625000e+01,3.12500000e-03,1.36828125e+01
4.41035000e-07,5.05000000e+00,1.23500000e+01,-3.06250000e-02,1.36289062e+01
4.41355000e-07,5.15000000e+00,1.24125000e+01,6.25000000e-04,1.36289062e+01
4.41675000e-07,5.11250000e+00,1.24875000e+01,-2.00000000e-02,1.36203125e+01
4.41995000e-07,5.13750000e+00,1.25125000e+01,-2.18750000e-02,1.36468750e+01
4.42315000e-07,5.06250000e+00,1.24750000e+01,1.31250000e-02,1.36265625e+01
4.42635000e-07,5.15000000e+00,1.24125000e+01,-6.87500000e-03,1.37109375e+01
4.42955000e-07,5.16250000e+00,1.25000000e+01,-6.87500000e-03,1.36585937e+01
4.43275000e-07,4.98750000e+00,1.26000000e+01,2.31250000e-02,1.36242188e+01
4.43595000e-07,5.06250000e+00,1.23500000e+01,-1.18750000e-02,1.37460938e+01
4.43915000e-07,5.17500000e+00,1.25000000e+01,-1.43750000e-02,1.38023438e+01
4.44235000e-07,5.08750000e+00,1.24125000e+01,1.31250000e-02,1.36359375e+01
4.44555000e-07,5.00000000e+00,1.25250000e+01,-2.25000000e-02,1.36312500e+01
4.44875000e-07,4.98750000e+00,1.24875000e+01,-1.68750000e-02,1.37140625e+01
4.45195000e-07,5.11250000e+00,1.25500000e+01,-9.37500000e-03,1.37031250e+01
4.45515000e-07,5.08750000e+00,1.24125000e+01,-9.37500000e-03,1.36593750e+01
4.45835000e-07,5.16250000e+00,1.24500000e+01,-2.25000000e-02,1.36648437e+01
4.46155000e-07,5.20000000e+00,1.25000000e+01,-3.31250000e-02,1.37601562e+01
4.46475000e-07,4.95000000e+00,1.24750000e+01,-1.37500000e-02,1.37796875e+01
4.46795000e-07,5.10000000e+00,1.24000000e+01,3.75000000e-03,1.36843750e+01
4.47115000e-07,5.08750000e+00,1.24250000e+01,5.62500000e-03,1.36171875e+01
4.47435000e-07,5.01250000e+00,1.24000000e+01,-9.37500000e-03,1.36312500e+01
4.47755000e-07,5.15000000e+00,1.24250000e+01,6.25000000e-04,1.37429687e+01
4.48075000e-07,4.97500000e+00,1.24250000e+01,-9.37500000e-03,1.36664062e+01
4.48395000e-07,5.08750000e+00,1.26875000e+01,-1.87500000e-03,1.36539063e+01
4.48715000e-07,5.17500000e+00,1.24500000e+01,5.62500000e-03,1.37007813e+01
4.49035000e-07,5.10000000e+00,1.25875000e+01,-2.00000000e-02,1.37062500e+01
4.49355000e-07,5.20000000e+00,1.25000000e+01,-2.81250000e-02,1.37421875e+01
4.49675000e-07,5.13750000e+00,1.24750000e+01,-1.25000000e-03,1.36757812e+01
4.49995000e-07,5.13750000e+00,1.23625000e+01,-6.25000000e-03,1.35976562e+01
4.50315000e-07,5.03750000e+00,1.23625000e+01,-2.18750000e-02,1.36468750e+01
4.50635000e-07,5.01250000e+00,1.24500000e+01,-2.00000000e-02,1.37359375e+01
4.50955000e-07,5.16250000e+00,1.25875000e+01,-1.68750000e-02,1.37320313e+01
4.51275000e-07,5.12500000e+00,1.25750000e+01,-5.00000000e-03,1.37367187e+01
4.51595000e-07,5.16250000e+00,1.25000000e+01,-3.06250000e-02,1.37687500e+01
4.51915000e-07,5.17500000e+00,1.24125000e+01,-8.75000000e-03,1.37507812e+01
4.52235000e-07,4.95000000e+00,1.26625000e+01,-2.12500000e-02,1.36632813e+01
4.52555000e-07,4.98750000e+00,1.24500000e+01,1.06250000e-02,1.36257812e+01
4.52875000e-07,5.17500000e+00,1.24500000e+01,-1.87500000e-03,1.37593750e+01
4.53195000e-07,5.13750000e+00,1.24125000e+01,2.31250000e-02,1.37187500e+01
4.53515000e-07,5.08750000e+00,1.26000000e+01,-1.43750000e-02,1.36062500e+01
4.53835000e-07,5.10000000e+00,1.23750000e+01,-1.18750000e-02,1.36406250e+01
4.54155000e-07,5.16250000e+00,1.25000000e+01,3.12500000e-03,1.36898437e+01
4.54475000e-07,5.06250000e+00,1.25250000e+01,-9.37500000e-03,1.36648437e+01
4.54795000e-07,5.15000000e+00,1.24000000e+01,-1.68750000e-02,1.36171875e+01
4.55115000e-07,5.15000000e+00,1.23375000e+01,-1.18750000e-02,1.36171875e+01
4.55435000e-07,5.05000000e+00,1.23750000e+01,-2.00000000e-02,1.37054687e+01
4.55755000e-07,4.80000000e+00,1.25375000e+01,-2.18750000e-02,1.36460938e+01
4.56075000e-07,4.96250000e+00,1.25125000e+01,-1.87500000e-03,1.36195312e+01
4.56395000e-07,5.05000000e+00,1.24750000e+01,-1.18750000e-02,1.37218750e+01
4.56715000e-07,5.00000000e+00,1.24500000e+01,-6.87500000e-03,1.37601562e+01
4.57035000e-07,4.98750000e+00,1.23750000e+01,-4.37500000e-03,1.37070312e+01
4.57355000e-07,5.12500000e+00,1.26000000e+01,5.62500000e-03,1.36460938e+01
4.57675000e-07,5.13750000e+00,1.23375000e+01,-1.43750000e-02,1.36140625e+01
4.57995000e-07,5.02500000e+00,1.24500000e+01,-4.37500000e-03,1.36500000e+01
4.58315000e-07,5.05000000e+00,1.23375000e+01,-4.37500000e-03,1.36781250e+01
4.58635000e-07,5.05000000e+00,1.25250000e+01,-3.87500000e-02,1.36859375e+01
4.58955000e-07,5.08750000e+00,1.23875000e+01,-4.56250000e-02,1.37125000e+01
4.59275000e-07,5.16250000e+00,1.24625000e+01,2.81250000e-02,1.35984375e+01
4.59595000e-07,5.03750000e+00,1.24125000e+01,-8.75000000e-03,1.36476563e+01
4.59915000e-07,5.03750000e+00,1.25125000e+01,-9.37500000e-03,1.36429687e+01
4.60235000e-07,5.06250000e+00,1.24250000e+01,-6.87500000e-03,1.36335937e+01
4.60555000e-07,5.05000000e+00,1.23750000e+01,3.12500000e-03,1.36789063e+01
4.60875000e-07,5.18750000e+00,1.24750000e+01,5.62500000e-03,1.36945313e+01
4.61195000e-07,5.15000000e+00,1.26625000e+01,5.62500000e-03,1.36585937e+01
4.61515000e-07,5.11250000e+00,1.24625000e+01,-1.50000000e-02,1.37742187e+01
4.61835000e-07,5.06250000e+00,1.25125000e+01,-3.31250000e-02,1.37953125e+01
4.62155000e-07,5.23750000e+00,1.25125000e+01,3.75000000e-03,1.37093750e+01
4.62475000e-07,5.16250000e+00,1.24750000e+01,-8.75000000e-03,1.36507812e+01
4.62795000e-07,5.13750000e+00,1.22125000e+01,3.12500000e-03,1.36570312e+01
4.63115000e-07,5.03750000e+00,1.25000000e+01,-6.87500000e-03,1.36898437e+01
4.63435000e-07,5.12500000e+00,1.25375000e+01,8.12500000e-03,1.36921875e+01
4.63755000e-07,5.11250000e+00,1.25500000e+01,-7.50000000e-03,1.37125000e+01
4.64075000e-07,5.00000000e+00,1.24000000e+01,-1.43750000e-02,1.37382812e+01
4.64395000e-07,5.02500000e+00,1.25125000e+01,5.62500000e-03,1.36757812e+01
4.64715000e-07,5.08750000e+00,1.25250000e+01,6.25000000e-04,1.37125000e+01
4.65035000e-07,4.93750000e+00,1.24750000e+01,6.25000000e-04,1.37046875e+01
4.65355000e-07,5.02500000e+00,1.23625000e+01,-1.18750000e-02,1.37070312e+01
4.65675000e-07,5.01250000e+00,1.24375000e+01,-6.87500000e-03,1.36835938e+01
4.65995000e-07,5.21250000e+00,1.24250000e+01,3.06250000e-02,1.36570312e+01
4.66315000e-07,5.05000000e+00,1.24625000e+01,-6.87500000e-03,1.37046875e+01
4.66635000e-07,4.98750000e+00,1.24875000e+01,-1.93750000e-02,1.37140625e+01
4.66955000e-07,5.18750000e+00,1.24625000e+01,-9.37500000e-03,1.36875000e+01
4.67275000e-07,5.10000000e+00,1.24875000e+01,-2.25000000e-02,1.37015625e+01
4.67595000e-07,5.08750000e+00,1.23875000e+01,-2.18750000e-02,1.37406250e+01
4.67915000e-07,5.01250000e+00,1.24000000e+01,-6.87500000e-03,1.37375000e+01
4.68235000e-07,5.01250000e+00,1.25125000e+01,-1.50000000e-02,1.37734375e+01
4.68555000e-07,5.01250000e+00,1.25375000e+01,-1.68750000e-02,1.37539062e+01
4.68875000e-07,5.00000000e+00,1.24750000e+01,-6.87500000e-03,1.36515625e+01
4.69195000e-07,5.06250000e+00,1.24375000e+01,-3.87500000e-02,1.36687500e+01
4.69515000e-07,5.07500000e+00,1.25250000e+01,-1.93750000e-02,1.37281250e+01
4.69835000e-07,5.07500000e+00,1.24625000e+01,5.00000000e-03,1.37835937e+01
4.70155000e-07,4.91250000e+00,1.25125000e+01,-9.37500000e-03,1.36937500e+01
4.70475000e-07,5.08750000e+00,1.25250000e+01,-2.25000000e-02,1.35789062e+01
4.70795000e-07,5.07500000e+00,1.24000000e+01,-1.93750000e-02,1.37078125e+01
4.71115000e-07,5.08750000e+00,1.23750000e+01,1.06250000e-02,1.37132812e+01
4.71435000e-07,5.12500000e+00,1.25875000e+01,-2.18750000e-02,1.37078125e+01
4.71755000e-07,5.15000000e+00,1.25125000e+01,-2.81250000e-02,1.37093750e+01
4.72075000e-07,5.12500000e+00,1.23875000e+01,-5.00000000e-03,1.37210937e+01
4.72395000e-07,5.08750000e+00,1.24875000e+01,-2.81250000e-02,1.37312500e+01
4.72715000e-07,5.03750000e+00,1.23125000e+01,2.12500000e-02,1.37562500e+01
4.73035000e-07,4.98750000e+00,1.24125000e+01,1.25000000e-03,1.37078125e+01
4.73355000e-07,5.11250000e+00,1.24500000e+01,3.12500000e-03,1.36304688e+01
4.73675000e-07,4.93750000e+00,1.24625000e+01,-9.37500000e-03,1.36703125e+01
4.73995000e-07,5.07500000e+00,1.25250000e+01,1.56250000e-02,1.37679687e+01
4.74315000e-07,5.03750000e+00,1.24125000e+01,-9.37500000e-03,1.36937500e+01
4.74635000e-07,5.08750000e+00,1.24625000e+01,-2.18750000e-02,1.36882812e+01
4.74955000e-07,5.05000000e+00,1.24500000e+01,-6.87500000e-03,1.38507813e+01
4.75275000e-07,5.07500000e+00,1.25000000e+01,8.12500000e-03,1.38765625e+01
4.75595000e-07,5.15000000e+00,1.23875000e+01,-1.43750000e-02,1.37218750e+01
4.75915000e-07,5.05000000e+00,1.24125000e+01,1.31250000e-02,1.36757812e+01
4.76235000e-07,5.05000000e+00,1.23875000e+01,-4.37500000e-03,1.37250000e+01
4.76555000e-07,5.12500000e+00,1.25500000e+01,-1.87500000e-03,1.37328125e+01
4.76875000e-07,5.06250000e+00,1.24375000e+01,-2.62500000e-02,1.37703125e+01
4.77195000e-07,5.13750000e+00,1.24875000e+01,-1.18750000e-02,1.38132812e+01
4.77515000e-07,5.22500000e+00,1.24375000e+01,-7.50000000e-03,1.37875000e+01
4.77835000e-07,5.01250000e+00,1.25750000e+01,-1.18750000e-02,1.36968750e+01
4.78155000e-07,5.11250000e+00,1.24000000e+01,-3.37500000e-02,1.36937500e+01
4.78475000e-07,5.07500000e+00,1.24250000e+01,-1.43750000e-02,1.36640625e+01
4.78795000e-07,4.92500000e+00,1.25625000e+01,-2.62500000e-02,1.36593750e+01
4.79115000e-07,5.01250000e+00,1.23500000e+01,-1.87500000e-03,1.37914062e+01
4.79435000e-07,5.01250000e+00,1.23875000e+01,1.81250000e-02,1.37851562e+01
4.79755000e-07,5.13750000e+00,1.25000000e+01,5.62500000e-03,1.37320313e+01
4.80075000e-07,5.03750000e+00,1.24375000e+01,-1.68750000e-02,1.37593750e+01
4.80395000e-07,5.06250000e+00,1.25375000e+01,6.25000000e-04,1.37531250e+01
4.80715000e-07,5.02500000e+00,1.23875000e+01,-6.87500000e-03,1.36250000e+01
4.81035000e-07,5.02500000e+00,1.23875000e+01,-4.37500000e-03,1.36593750e+01
4.81355000e-07,5.05000000e+00,1.23875000e+01,6.25000000e-04,1.37640625e+01
4.81675000e-07,5.01250000e+00,1.24750000e+01,-2.00000000e-02,1.37351562e+01
4.81995000e-07,5.07500000e+00,1.24625000e+01,-1.93750000e-02,1.37117187e+01
4.82315000e-07,4.97500000e+00,1.24125000e+01,-9.37500000e-03,1.36695313e+01
4.82635000e-07,5.11250000e+00,1.24750000e+01,-6.87500000e-03,1.36929688e+01
4.82955000e-07,5.06250000e+00,1.25500000e+01,-6.87500000e-03,1.37304688e+01
4.83275000e-07,5.08750000e+00,1.24000000e+01,-4.37500000e-03,1.37210937e+01
4.83595000e-07,5.08750000e+00,1.25250000e+01,-1.43750000e-02,1.36867188e+01
4.83915000e-07,5.06250000e+00,1.23875000e+01,-6.87500000e-03,1.36843750e+01
4.84235000e-07,5.15000000e+00,1.25500000e+01,-1.87500000e-03,1.38015625e+01
4.84555000e-07,5.05000000e+00,1.24125000e+01,5.62500000e-03,1.38398438e+01
4.84875000e-07,5.08750000e+00,1.24875000e+01,-1.43750000e-02,1.37875000e+01
4.85195000e-07,5.11250000e+00,1.24500000e+01,-6.87500000e-03,1.37015625e+01
4.85515000e-07,5.02500000e+00,1.24875000e+01,8.12500000e-03,1.36914062e+01
4.85835000e-07,5.12500000e+00,1.24125000e+01,-1.75000000e-02,1.37476563e+01
4.86155000e-07,5.02500000e+00,1.24000000e+01,-2.81250000e-02,1.37093750e+01
4.86475000e-07,5.15000000e+00,1.23125000e+01,2.62500000e-02,1.36492187e+01
4.86795000e-07,5.10000000e+00,1.25250000e+01,-1.25000000e-03,1.37429687e+01
4.87115000e-07,4.96250000e+00,1.22250000e+01,-6.87500000e-03,1.37765625e+01
4.87435000e-07,5.08750000e+00,1.24125000e+01,-7.50000000e-03,1.36640625e+01
4.87755000e-07,5.05000000e+00,1.25000000e+01,-6.87500000e-03,1.36484375e+01
4.88075000e-07,4.92500000e+00,1.24125000e+01,-9.37500000e-03,1.36812500e+01
4.88395000e-07,5.00000000e+00,1.24625000e+01,-1.87500000e-03,1.37132812e+01
4.88715000e-07,5.15000000e+00,1.24000000e+01,6.25000000e-04,1.36882812e+01
4.89035000e-07,5.02500000e+00,1.23500000e+01,-6.87500000e-03,1.37031250e+01
4.89355000e-07,4.97500000e+00,1.26875000e+01,-4.37500000e-03,1.37796875e+01
4.89675000e-07,5.08750000e+00,1.24750000e+01,-1.18750000e-02,1.37710938e+01
4.89995000e-07,5.02500000e+00,1.24250000e+01,3.12500000e-03,1.37054687e+01
4.90315000e-07,5.21250000e+00,1.23875000e+01,1.06250000e-02,1.36976562e+01
4.90635000e-07,5.02500000e+00,1.24875000e+01,1.06250000e-02,1.37242188e+01
4.90955000e-07,5.02500000e+00,1.24250000e+01,-9.37500000e-03,1.36609375e+01
4.91275000e-07,5.01250000e+00,1.24250000e+01,-1.93750000e-02,1.37171875e+01
4.91595000e-07,4.92500000e+00,1.25375000e+01,-6.87500000e-03,1.37421875e+01
4.91915000e-07,5.20000000e+00,1.26000000e+01,1.81250000e-02,1.37000000e+01
4.92235000e-07,5.10000000e+00,1.23750000e+01,-2.00000000e-02,1.36835938e+01
4.92555000e-07,5.11250000e+00,1.25375000e+01,-1.93750000e-02,1.37953125e+01
4.92875000e-07,5.16250000e+00,1.25000000e+01,1.06250000e-02,1.38203125e+01
4.93195000e-07,5.06250000e+00,1.25000000e+01,3.12500000e-03,1.37414063e+01
4.93515000e-07,5.13750000e+00,1.23625000e+01,-1.68750000e-02,1.37328125e+01
4.93835000e-07,5.12500000e+00,1.23875000e+01,8.12500000e-03,1.37609375e+01
4.94155000e-07,5.01250000e+00,1.25000000e+01,-1.18750000e-02,1.37343750e+01
4.94475000e-07,5.15000000e+00,1.24750000e+01,3.12500000e-03,1.36953125e+01
4.94795000e-07,5.20000000e+00,1.23250000e+01,6.25000000e-04,1.37015625e+01
4.95115000e-07,5.12500000e+00,1.24750000e+01,-9.37500000e-03,1.38421875e+01
4.95435000e-07,4.90000000e+00,1.24625000e+01,-2.62500000e-02,1.37265625e+01
4.95755000e-07,5.07500000e+00,1.25250000e+01,6.25000000e-04,1.36828125e+01
4.96075000e-07,5.08750000e+00,1.24750000e+01,7.50000000e-03,1.36890625e+01
4.96395000e-07,5.03750000e+00,1.23875000e+01,-1.87500000e-03,1.37242188e+01
4.96715000e-07,5.01250000e+00,1.23375000e+01,1.06250000e-02,1.37640625e+01
4.97035000e-07,5.11250000e+00,1.25250000e+01,-1.93750000e-02,1.36789063e+01
4.97355000e-07,5.08750000e+00,1.25000000e+01,-2.56250000e-02,1.36656250e+01
4.97675000e-07,5.16250000e+00,1.24375000e+01,6.25000000e-04,1.37718750e+01
4.97995000e-07,5.15000000e+00,1.25125000e+01,-1.87500000e-03,1.37382812e+01
4.98315000e-07,5.13750000e+00,1.24500000e+01,-1.87500000e-03,1.37195312e+01
4.98635000e-07,5.05000000e+00,1.24000000e+01,-9.37500000e-03,1.37343750e+01
4.98955000e-07,4.96250000e+00,1.23750000e+01,5.62500000e-03,1.37507812e+01
4.99275000e-07,4.90000000e+00,1.24625000e+01,-1.87500000e-03,1.37390625e+01
4.99595000e-07,5.08750000e+00,1.25000000e+01,-6.87500000e-03,1.37468750e+01
4.99915000e-07,5.12500000e+00,1.23375000e+01,-6.87500000e-03,1.37382812e+01
5.00235000e-07,5.13750000e+00,1.25125000e+01,-1.25000000e-02,1.37257813e+01
5.00555000e-07,5.13750000e+00,1.23875000e+01,-1.68750000e-02,1.37562500e+01
5.00875000e-07,5.05000000e+00,1.24125000e+01,2.06250000e-02,1.37945313e+01
5.01195000e-07,5.12500000e+00,1.23500000e+01,3.12500000e-03,1.37703125e+01
5.01515000e-07,5.06250000e+00,1.24750000e+01,-1.18750000e-02,1.37140625e+01
5.01835000e-07,4.83750000e+00,1.26250000e+01,3.56250000e-02,1.36835938e+01
5.02155000e-07,5.12500000e+00,1.25125000e+01,-2.00000000e-02,1.36757812e+01
5.02475000e-07,4.98750000e+00,1.24875000e+01,-4.62500000e-02,1.37000000e+01
5.02795000e-07,5.07500000e+00,1.25125000e+01,-1.25000000e-03,1.37554688e+01
5.03115000e-07,5.17500000e+00,1.23625000e+01,2.50000000e-03,1.38359375e+01
5.03435000e-07,5.03750000e+00,1.24125000e+01,-5.37500000e-02,1.38250000e+01
5.03755000e-07,5.00000000e+00,1.23625000e+01,-3.75000000e-03,1.37640625e+01
5.04075000e-07,5.16250000e+00,1.26125000e+01,2.81250000e-02,1.37531250e+01
5.04395000e-07,5.06250000e+00,1.24000000e+01,-9.37500000e-03,1.37453125e+01
5.04715000e-07,5.13750000e+00,1.25375000e+01,-2.18750000e-02,1.37734375e+01
5.05035000e-07,5.20000000e+00,1.24250000e+01,8.12500000e-03,1.37984375e+01
5.05355000e-07,5.07500000e+00,1.24750000e+01,6.25000000e-04,1.37093750e+01
5.05675000e-07,4.96250000e+00,1.23375000e+01,8.12500000e-03,1.36945313e+01
5.05995000e-07,5.00000000e+00,1.24750000e+01,1.31250000e-02,1.37914062e+01
5.06315000e-07,5.07500000e+00,1.24125000e+01,-1.87500000e-03,1.37781250e+01
5.06635000e-07,5.13750000e+00,1.24750000e+01,-9.37500000e-03,1.37585937e+01
5.06955000e-07,5.05000000e+00,1.25750000e+01,6.25000000e-04,1.37000000e+01
5.07275000e-07,5.02500000e+00,1.24875000e+01,-6.87500000e-03,1.35921875e+01
5.07595000e-07,5.16250000e+00,1.24500000e+01,-2.62500000e-02,1.36132812e+01
5.07915000e-07,5.13750000e+00,1.25250000e+01,-9.37500000e-03,1.37492188e+01
5.08235000e-07,5.11250000e+00,1.25125000e+01,0.00000000e+00,1.38179688e+01
5.08555000e-07,5.03750000e+00,1.23875000e+01,1.31250000e-02,1.37460938e+01
5.08875000e-07,5.06250000e+00,1.24000000e+01,8.12500000e-03,1.36945313e+01
5.09195000e-07,4.90000000e+00,1.24750000e+01,5.62500000e-03,1.36890625e+01
5.09515000e-07,5.01250000e+00,1.24750000e+01,-1.75000000e-02,1.35890625e+01
5.09835000e-07,5.12500000e+00,1.25750000e+01,-2.18750000e-02,1.36570312e+01
5.10155000e-07,4.96250000e+00,1.25125000e+01,1.06250000e-02,1.37484375e+01
5.10475000e-07,5.13750000e+00,1.25000000e+01,3.12500000e-03,1.37492188e+01
5.10795000e-07,5.17500000e+00,1.24875000e+01,1.31250000e-02,1.37492188e+01
5.11115000e-07,4.93750000e+00,1.23125000e+01,-4.37500000e-03,1.37070312e+01
5.11435000e-07,5.01250000e+00,1.23250000e+01,-1.93750000e-02,1.36742187e+01
5.11755000e-07,5.11250000e+00,1.26375000e+01,-1.93750000e-02,1.36953125e+01
5.12075000e-07,5.11250000e+00,1.23375000e+01,6.25000000e-04,1.36718750e+01
5.12395000e-07,5.05000000e+00,1.24375000e+01,-1.68750000e-02,1.36835938e+01
5.12715000e-07,5.10000000e+00,1.24000000e+01,-2.18750000e-02,1.37242188e+01
5.13035000e-07,5.16250000e+00,1.24625000e+01,1.06250000e-02,1.36351562e+01
5.13355000e-07,5.10000000e+00,1.24750000e+01,-9.37500000e-03,1.37015625e+01
5.13675000e-07,5.03750000e+00,1.23750000e+01,-1.87500000e-03,1.37468750e+01
5.13995000e-07,5.03750000e+00,1.23750000e+01,-1.87500000e-03,1.37398438e+01
5.14315000e-07,5.02500000e+00,1.24625000e+01,1.81250000e-02,1.38171875e+01
5.14635000e-07,5.03750000e+00,1.24625000e+01,8.12500000e-03,1.37937500e+01
5.14955000e-07,5.03750000e+00,1.24875000e+01,-1.87500000e-03,1.37312500e+01
5.15275000e-07,5.01250000e+00,1.23375000e+01,5.62500000e-03,1.37031250e+01
5.15595000e-07,5.10000000e+00,1.24875000e+01,-1.93750000e-02,1.37125000e+01
5.15915000e-07,4.95000000e+00,1.25000000e+01,1.06250000e-02,1.37007813e+01
5.16235000e-07,5.02500000e+00,1.24625000e+01,-4.37500000e-03,1.36625000e+01
5.16555000e-07,5.05000000e+00,1.24750000e+01,5.62500000e-03,1.37242188e+01
5.16875000e-07,5.02500000e+00,1.25375000e+01,3.81250000e-02,1.37007813e+01
5.17195000e-07,5.01250000e+00,1.25375000e+01,1.06250000e-02,1.37656250e+01
5.17515000e-07,5.13750000e+00,1.25375000e+01,2.06250000e-02,1.38109375e+01
5.17835000e-07,5.00000000e+00,1.24500000e+01,-1.43750000e-02,1.36929688e+01
5.18155000e-07,4.96250000e+00,1.25125000e+01,-1.87500000e-03,1.37664062e+01
5.18475000e-07,5.13750000e+00,1.24500000e+01,3.12500000e-03,1.37390625e+01
5.18795000e-07,5.15000000e+00,1.24250000e+01,-4.37500000e-03,1.36820312e+01
5.19115000e-07,5.12500000e+00,1.23125000e+01,-4.37500000e-03,1.37000000e+01
5.19435000e-07,5.07500000e+00,1.23250000e+01,-9.37500000e-03,1.37898437e+01
5.19755000e-07,5.07500000e+00,1.24000000e+01,-6.87500000e-03,1.37468750e+01
5.20075000e-07,5.01250000e+00,1.25000000e+01,-1.43750000e-02,1.37164063e+01
5.20395000e-07,5.03750000e+00,1.22875000e+01,-4.37500000e-03,1.37343750e+01
5.20715000e-07,5.12500000e+00,1.24000000e+01,-2.87500000e-02,1.37296875e+01
5.21035000e-07,5.11250000e+00,1.23750000e+01,-4.37500000e-03,1.36750000e+01
5.21355000e-07,5.13750000e+00,1.23250000e+01,1.25000000e-02,1.35828125e+01
5.21675000e-07,4.97500000e+00,1.25500000e+01,-2.87500000e-02,1.37273437e+01
5.21995000e-07,5.11250000e+00,1.25125000e+01,-1.18750000e-02,1.38171875e+01
5.22315000e-07,5.11250000e+00,1.24375000e+01,3.25000000e-02,1.38320312e+01
5.22635000e-07,5.07500000e+00,1.25250000e+01,2.56250000e-02,1.38820313e+01
5.22955000e-07,5.05000000e+00,1.24125000e+01,-9.37500000e-03,1.38828125e+01
5.23275000e-07,5.02500000e+00,1.24500000e+01,6.25000000e-04,1.37718750e+01
5.23595000e-07,4.90000000e+00,1.23750000e+01,1.81250000e-02,1.36687500e+01
5.23915000e-07,5.10000000e+00,1.23125000e+01,5.62500000e-03,1.36656250e+01
5.24235000e-07,5.13750000e+00,1.24000000e+01,-1.68750000e-02,1.37304688e+01
5.24555000e-07,5.03750000e+00,1.24500000e+01,6.25000000e-04,1.38109375e+01
5.24875000e-07,4.88750000e+00,1.23375000e+01,1.06250000e-02,1.37875000e+01
5.25195000e-07,5.02500000e+00,1.24500000e+01,-1.87500000e-03,1.38101563e+01
5.25515000e-07,4.93750000e+00,1.24875000e+01,6.25000000e-04,1.38289062e+01
5.25835000e-07,5.02500000e+00,1.25125000e+01,1.06250000e-02,1.37812500e+01
5.26155000e-07,5.00000000e+00,1.23375000e+01,-1.68750000e-02,1.37507812e+01
5.26475000e-07,5.01250000e+00,1.26125000e+01,-4.37500000e-03,1.38140625e+01
5.26795000e-07,4.98750000e+00,1.24375000e+01,-2.18750000e-02,1.38132812e+01
5.27115000e-07,4.86250000e+00,1.25375000e+01,2.31250000e-02,1.38101563e+01
5.27435000e-07,5.12500000e+00,1.25000000e+01,8.12500000e-03,1.38476562e+01
5.27755000e-07,5.11250000e+00,1.23750000e+01,-9.37500000e-03,1.37828125e+01
5.28075000e-07,5.11250000e+00,1.24875000e+01,-2.81250000e-02,1.38078125e+01
5.28395000e-07,5.05000000e+00,1.24500000e+01,-1.93750000e-02,1.37742187e+01
5.28715000e-07,5.06250000e+00,1.24750000e+01,3.06250000e-02,1.37867188e+01
5.29035000e-07,5.06250000e+00,1.25375000e+01,2.31250000e-02,1.38000000e+01
5.29355000e-07,5.00000000e+00,1.24125000e+01,-1.18750000e-02,1.37726563e+01
5.29675000e-07,5.05000000e+00,1.24000000e+01,5.62500000e-03,1.37406250e+01
5.29995000e-07,4.98750000e+00,1.24750000e+01,5.00000000e-03,1.37242188e+01
5.30315000e-07,4.98750000e+00,1.25375000e+01,-4.37500000e-02,1.37757812e+01
5.30635000e-07,5.10000000e+00,1.25000000e+01,-1.62500000e-02,1.38796875e+01
5.30955000e-07,4.96250000e+00,1.23500000e+01,8.12500000e-03,1.38531250e+01
5.31275000e-07,5.07500000e+00,1.23000000e+01,1.31250000e-02,1.37023438e+01
5.31595000e-07,5.03750000e+00,1.24875000e+01,-3.31250000e-02,1.36851563e+01
5.31915000e-07,4.98750000e+00,1.24375000e+01,-9.37500000e-03,1.37851562e+01
5.32235000e-07,5.02500000e+00,1.24125000e+01,-6.87500000e-03,1.37851562e+01
5.32555000e-07,5.10000000e+00,1.25000000e+01,-9.37500000e-03,1.37492188e+01
5.32875000e-07,5.12500000e+00,1.25625000e+01,3.12500000e-03,1.37210937e+01
5.33195000e-07,4.95000000e+00,1.25250000e+01,-1.18750000e-02,1.37289062e+01
5.33515000e-07,5.03750000e+00,1.24500000e+01,1.31250000e-02,1.38578125e+01
5.33835000e-07,5.16250000e+00,1.26000000e+01,3.12500000e-03,1.38765625e+01
5.34155000e-07,5.08750000e+00,1.24500000e+01,-9.37500000e-03,1.37625000e+01
5.34475000e-07,5.03750000e+00,1.24000000e+01,5.62500000e-03,1.37546875e+01
5.34795000e-07,5.00000000e+00,1.24625000e+01,6.25000000e-04,1.38539062e+01
5.35115000e-07,4.96250000e+00,1.24000000e+01,-1.25000000e-02,1.37765625e+01
5.35435000e-07,4.95000000e+00,1.26125000e+01,-1.18750000e-02,1.37679687e+01
5.35755000e-07,5.05000000e+00,1.23500000e+01,-1.43750000e-02,1.38250000e+01
5.36075000e-07,5.00000000e+00,1.23625000e+01,3.12500000e-03,1.37585937e+01
5.36395000e-07,5.01250000e+00,1.22625000e+01,-1.43750000e-02,1.36640625e+01
5.36715000e-07,5.03750000e+00,1.23750000e+01,-9.37500000e-03,1.36960937e+01
5.37035000e-07,5.06250000e+00,1.24375000e+01,-1.87500000e-03,1.36859375e+01
5.37355000e-07,5.01250000e+00,1.24250000e+01,-2.81250000e-02,1.36703125e+01
5.37675000e-07,5.05000000e+00,1.23625000e+01,3.12500000e-03,1.37031250e+01
5.37995000e-07,5.00000000e+00,1.24875000e+01,2.06250000e-02,1.37375000e+01
5.38315000e-07,5.11250000e+00,1.25750000e+01,-2.25000000e-02,1.37750000e+01
5.38635000e-07,5.12500000e+00,1.25750000e+01,-3.37500000e-02,1.37601562e+01
5.38955000e-07,5.23750000e+00,1.23375000e+01,-1.37500000e-02,1.37757812e+01
5.39275000e-07,5.17500000e+00,1.23875000e+01,1.56250000e-02,1.37968750e+01
5.39595000e-07,5.10000000e+00,1.24000000e+01,-1.68750000e-02,1.37500000e+01
5.39915000e-07,5.12500000e+00,1.24125000e+01,1.81250000e-02,1.38421875e+01
5.40235000e-07,5.05000000e+00,1.24625000e+01,1.56250000e-02,1.38062500e+01
5.40555000e-07,5.07500000e+00,1.24875000e+01,-1.18750000e-02,1.37679687e+01
5.40875000e-07,5.06250000e+00,1.24750000e+01,-1.43750000e-02,1.37500000e+01
5.41195000e-07,5.01250000e+00,1.24750000e+01,5.62500000e-03,1.37312500e+01
5.41515000e-07,5.01250000e+00,1.24750000e+01,5.62500000e-03,1.37546875e+01
5.41835000e-07,4.98750000e+00,1.23750000e+01,6.25000000e-04,1.37492188e+01
5.42155000e-07,4.98750000e+00,1.23875000e+01,3.12500000e-03,1.37210937e+01
5.42475000e-07,4.98750000e+00,1.23375000e+01,-1.87500000e-03,1.38148437e+01
5.42795000e-07,4.93750000e+00,1.23625000e+01,8.12500000e-03,1.38984375e+01
5.43115000e-07,4.98750000e+00,1.27000000e+01,8.12500000e-03,1.38226562e+01
5.43435000e-07,5.03750000e+00,1.24625000e+01,-3.31250000e-02,1.37773438e+01
5.43755000e-07,4.97500000e+00,1.24375000e+01,3.12500000e-03,1.38039063e+01
5.44075000e-07,5.20000000e+00,1.25125000e+01,3.06250000e-02,1.37085938e+01
5.44395000e-07,5.02500000e+00,1.24750000e+01,1.31250000e-02,1.36828125e+01
5.44715000e-07,5.01250000e+00,1.22875000e+01,2.81250000e-02,1.38265625e+01
5.45035000e-07,5.03750000e+00,1.23000000e+01,-9.37500000e-03,1.38281250e+01
5.45355000e-07,5.11250000e+00,1.24750000e+01,8.12500000e-03,1.37453125e+01
5.45675000e-07,5.01250000e+00,1.25375000e+01,1.06250000e-02,1.37632813e+01
5.45995000e-07,5.07500000e+00,1.23750000e+01,8.12500000e-03,1.37359375e+01
5.46315000e-07,5.07500000e+00,1.25375000e+01,-1.43750000e-02,1.37515625e+01
5.46635000e-07,5.03750000e+00,1.23625000e+01,-4.37500000e-03,1.37804688e+01
5.46955000e-07,5.07500000e+00,1.23875000e+01,3.12500000e-03,1.37742187e+01
5.47275000e-07,5.02500000e+00,1.24000000e+01,5.62500000e-03,1.38000000e+01
5.47595000e-07,4.92500000e+00,1.25250000e+01,1.31250000e-02,1.37648438e+01
5.47915000e-07,4.98750000e+00,1.24500000e+01,-1.68750000e-02,1.36921875e+01
5.48235000e-07,5.13750000e+00,1.24000000e+01,-1.87500000e-03,1.38148437e+01
5.48555000e-07,5.00000000e+00,1.23500000e+01,2.31250000e-02,1.38187500e+01
5.48875000e-07,5.02500000e+00,1.24625000e+01,5.62500000e-03,1.37953125e+01
5.49195000e-07,5.03750000e+00,1.24875000e+01,5.62500000e-03,1.37695312e+01
5.49515000e-07,5.23750000e+00,1.23500000e+01,1.31250000e-02,1.37179688e+01
5.49835000e-07,4.97500000e+00,1.22750000e+01,-3.06250000e-02,1.37078125e+01
5.50155000e-07,5.13750000e+00,1.26000000e+01,2.81250000e-02,1.37710938e+01
5.50475000e-07,5.02500000e+00,1.24250000e+01,1.31250000e-02,1.38054687e+01
5.50795000e-07,5.02500000e+00,1.25000000e+01,-2.56250000e-02,1.37523437e+01
5.51115000e-07,5.06250000e+00,1.23875000e+01,3.12500000e-03,1.37460938e+01
5.51435000e-07,5.02500000e+00,1.24500000e+01,1.31250000e-02,1.37890625e+01
5.51755000e-07,5.07500000e+00,1.24750000e+01,8.12500000e-03,1.36914062e+01
5.52075000e-07,4.95000000e+00,1.24625000e+01,1.31250000e-02,1.36695313e+01
5.52395000e-07,5.03750000e+00,1.24750000e+01,1.06250000e-02,1.37671875e+01
5.52715000e-07,5.01250000e+00,1.23500000e+01,-6.87500000e-03,1.37445312e+01
5.53035000e-07,5.00000000e+00,1.24875000e+01,8.12500000e-03,1.38171875e+01
5.53355000e-07,5.10000000e+00,1.24750000e+01,-1.50000000e-02,1.38570313e+01
5.53675000e-07,5.07500000e+00,1.23750000e+01,-1.87500000e-03,1.38531250e+01
5.53995000e-07,4.90000000e+00,1.24625000e+01,2.06250000e-02,1.37781250e+01
5.54315000e-07,5.03750000e+00,1.26250000e+01,-3.81250000e-02,1.37578125e+01
5.54635000e-07,4.98750000e+00,1.27125000e+01,3.12500000e-03,1.37281250e+01
5.54955000e-07,4.97500000e+00,1.23750000e+01,-9.37500000e-03,1.36921875e+01
5.55275000e-07,5.23750000e+00,1.23750000e+01,1.31250000e-02,1.37226562e+01
5.55595000e-07,5.07500000e+00,1.24125000e+01,-6.87500000e-03,1.37054687e+01
5.55915000e-07,4.90000000e+00,1.25125000e+01,-1.87500000e-03,1.37101563e+01
5.56235000e-07,5.10000000e+00,1.25125000e+01,-4.37500000e-03,1.37554688e+01
5.56555000e-07,5.06250000e+00,1.24125000e+01,1.06250000e-02,1.37375000e+01
5.56875000e-07,5.21250000e+00,1.23750000e+01,6.25000000e-04,1.36601562e+01
5.57195000e-07,5.05000000e+00,1.24500000e+01,-9.37500000e-03,1.36804687e+01
5.57515000e-07,4.93750000e+00,1.24625000e+01,6.25000000e-04,1.37281250e+01
5.57835000e-07,5.10000000e+00,1.25125000e+01,1.56250000e-02,1.36906250e+01
5.58155000e-07,5.21250000e+00,1.24625000e+01,1.56250000e-02,1.37085938e+01
5.58475000e-07,5.07500000e+00,1.23625000e+01,-9.37500000e-03,1.37304688e+01
5.58795000e-07,5.15000000e+00,1.24125000e+01,2.31250000e-02,1.37367187e+01
5.59115000e-07,5.16250000e+00,1.25125000e+01,5.62500000e-03,1.37359375e+01
5.59435000e-07,5.00000000e+00,1.24000000e+01,-4.37500000e-03,1.37039062e+01
5.59755000e-07,5.12500000e+00,1.26000000e+01,-1.18750000e-02,1.37437500e+01
5.60075000e-07,4.93750000e+00,1.24125000e+01,-4.37500000e-03,1.38242188e+01
5.60395000e-07,4.98750000e+00,1.22750000e+01,-1.18750000e-02,1.37945313e+01
5.60715000e-07,5.02500000e+00,1.25125000e+01,3.12500000e-03,1.36265625e+01
5.61035000e-07,5.02500000e+00,1.25375000e+01,2.06250000e-02,1.36593750e+01
5.61355000e-07,5.03750000e+00,1.22875000e+01,-1.68750000e-02,1.37320313e+01
5.61675000e-07,4.95000000e+00,1.24125000e+01,6.25000000e-04,1.37757812e+01
5.61995000e-07,5.11250000e+00,1.23625000e+01,2.56250000e-02,1.37070312e+01
5.62315000e-07,5.17500000e+00,1.24500000e+01,1.81250000e-02,1.38179688e+01
5.62635000e-07,5.20000000e+00,1.24375000e+01,-4.37500000e-03,1.37500000e+01
5.62955000e-07,5.01250000e+00,1.25375000e+01,-1.87500000e-03,1.36992188e+01
5.63275000e-07,4.97500000e+00,1.23875000e+01,8.12500000e-03,1.37546875e+01
5.63595000e-07,4.86250000e+00,1.23750000e+01,-1.68750000e-02,1.37656250e+01
5.63915000e-07,4.92500000e+00,1.26250000e+01,-9.37500000e-03,1.37976562e+01
5.64235000e-07,5.00000000e+00,1.24125000e+01,3.12500000e-03,1.38609375e+01
5.64555000e-07,5.02500000e+00,1.24000000e+01,-2.00000000e-02,1.37578125e+01
5.64875000e-07,5.06250000e+00,1.25250000e+01,-2.56250000e-02,1.37093750e+01
5.65195000e-07,4.96250000e+00,1.24000000e+01,-1.12500000e-02,1.38109375e+01
5.65515000e-07,5.00000000e+00,1.25250000e+01,8.75000000e-03,1.38164062e+01
5.65835000e-07,4.98750000e+00,1.25125000e+01,4.81250000e-02,1.37453125e+01
5.66155000e-07,5.00000000e+00,1.25000000e+01,8.12500000e-03,1.36757812e+01
5.66475000e-07,5.08750000e+00,1.24125000e+01,-2.56250000e-02,1.37492188e+01
5.66795000e-07,5.03750000e+00,1.24500000e+01,1.56250000e-02,1.37218750e+01
5.67115000e-07,5.08750000e+00,1.24375000e+01,1.31250000e-02,1.37539062e+01
5.67435000e-07,5.13750000e+00,1.24375000e+01,6.25000000e-04,1.37476563e+01
5.67755000e-07,5.02500000e+00,1.24875000e+01,6.25000000e-04,1.36812500e+01
5.68075000e-07,5.07500000e+00,1.25375000e+01,-2.56250000e-02,1.36320313e+01
5.68395000e-07,5.20000000e+00,1.24000000e+01,6.25000000e-04,1.36585937e+01
5.68715000e-07,5.06250000e+00,1.24250000e+01,6.25000000e-04,1.37468750e+01
5.69035000e-07,5.05000000e+00,1.23625000e+01,-1.43750000e-02,1.37984375e+01
5.69355000e-07,5.06250000e+00,1.23750000e+01,-2.18750000e-02,1.38265625e+01
5.69675000e-07,4.93750000e+00,1.24125000e+01,8.12500000e-03,1.38601562e+01
5.69995000e-07,5.13750000e+00,1.25250000e+01,-6.87500000e-03,1.38085938e+01
5.70315000e-07,5.01250000e+00,1.25125000e+01,-4.37500000e-03,1.37109375e+01
5.70635000e-07,5.15000000e+00,1.23750000e+01,-1.50000000e-02,1.37062500e+01
5.70955000e-07,5.08750000e+00,1.22500000e+01,-1.68750000e-02,1.37734375e+01
5.71275000e-07,5.06250000e+00,1.24375000e+01,-2.18750000e-02,1.37257813e+01
5.71595000e-07,5.07500000e+00,1.25125000e+01,-1.43750000e-02,1.36687500e+01
5.71915000e-07,5.08750000e+00,1.25625000e+01,-2.18750000e-02,1.37265625e+01
5.72235000e-07,5.23750000e+00,1.23125000e+01,-1.87500000e-03,1.37554688e+01
5.72555000e-07,5.05000000e+00,1.24750000e+01,-4.37500000e-03,1.38085938e+01
5.72875000e-07,4.96250000e+00,1.23875000e+01,2.06250000e-02,1.37757812e+01
5.73195000e-07,5.13750000e+00,1.24375000e+01,-6.87500000e-03,1.37242188e+01
5.73515000e-07,5.10000000e+00,1.25375000e+01,-1.43750000e-02,1.38093750e+01
5.73835000e-07,5.11250000e+00,1.22625000e+01,-2.18750000e-02,1.37562500e+01
5.74155000e-07,5.02500000e+00,1.25125000e+01,8.12500000e-03,1.37187500e+01
5.74475000e-07,5.03750000e+00,1.25000000e+01,2.31250000e-02,1.38109375e+01
5.74795000e-07,5.13750000e+00,1.24500000e+01,5.62500000e-03,1.38703125e+01
5.75115000e-07,5.18750000e+00,1.23125000e+01,-1.50000000e-02,1.37531250e+01
5.75435000e-07,5.01250000e+00,1.22875000e+01,-2.87500000e-02,1.36750000e+01
5.75755000e-07,5.00000000e+00,1.23750000e+01,-1.25000000e-03,1.36617188e+01
5.76075000e-07,5.20000000e+00,1.24000000e+01,1.56250000e-02,1.37468750e+01
5.76395000e-07,5.10000000e+00,1.25250000e+01,8.12500000e-03,1.38000000e+01
5.76715000e-07,5.03750000e+00,1.25000000e+01,-1.87500000e-03,1.37984375e+01
5.77035000e-07,5.17500000e+00,1.23875000e+01,3.12500000e-03,1.37593750e+01
5.77355000e-07,5.06250000e+00,1.23125000e+01,-1.18750000e-02,1.37437500e+01
5.77675000e-07,5.00000000e+00,1.25125000e+01,2.31250000e-02,1.38000000e+01
5.77995000e-07,5.00000000e+00,1.24750000e+01,-1.18750000e-02,1.37953125e+01
5.78315000e-07,5.00000000e+00,1.24250000e+01,-2.56250000e-02,1.37375000e+01
5.78635000e-07,4.96250000e+00,1.23625000e+01,1.56250000e-02,1.37328125e+01
5.78955000e-07,5.12500000e+00,1.24875000e+01,6.25000000e-04,1.36734375e+01
5.79275000e-07,5.02500000e+00,1.24250000e+01,-2.81250000e-02,1.36976562e+01
5.79595000e-07,4.98750000e+00,1.24625000e+01,-1.87500000e-03,1.38156250e+01
5.79915000e-07,5.22500000e+00,1.24625000e+01,1.56250000e-02,1.38265625e+01
5.80235000e-07,5.03750000e+00,1.24125000e+01,3.12500000e-03,1.37789063e+01
5.80555000e-07,5.01250000e+00,1.22250000e+01,-1.43750000e-02,1.36523438e+01
5.80875000e-07,5.11250000e+00,1.23000000e+01,2.31250000e-02,1.37132812e+01
5.81195000e-07,5.07500000e+00,1.24875000e+01,-1.50000000e-02,1.38687500e+01
5.81515000e-07,5.00000000e+00,1.25625000e+01,-1.43750000e-02,1.39148437e+01
5.81835000e-07,5.06250000e+00,1.23250000e+01,1.81250000e-02,1.38968750e+01
5.82155000e-07,5.12500000e+00,1.25250000e+01,-1.93750000e-02,1.38148437e+01
5.82475000e-07,4.98750000e+00,1.24875000e+01,-1.93750000e-02,1.36578125e+01
5.82795000e-07,5.00000000e+00,1.25250000e+01,-9.37500000e-03,1.36437500e+01
5.83115000e-07,5.10000000e+00,1.24500000e+01,-1.87500000e-03,1.37000000e+01
5.83435000e-07,5.01250000e+00,1.25375000e+01,5.62500000e-03,1.36601562e+01
5.83755000e-07,5.00000000e+00,1.23250000e+01,-4.37500000e-03,1.36921875e+01
5.84075000e-07,5.10000000e+00,1.24375000e+01,5.62500000e-03,1.37125000e+01
5.84395000e-07,5.00000000e+00,1.25375000e+01,-2.50000000e-03,1.36984375e+01
5.84715000e-07,5.01250000e+00,1.24500000e+01,-2.56250000e-02,1.36789063e+01
5.85035000e-07,5.07500000e+00,1.23875000e+01,2.37500000e-02,1.36640625e+01
5.85355000e-07,5.02500000e+00,1.22750000e+01,2.62500000e-02,1.36476563e+01
5.85675000e-07,5.02500000e+00,1.22875000e+01,-4.37500000e-03,1.36703125e+01
5.85995000e-07,5.01250000e+00,1.24125000e+01,-6.87500000e-03,1.37460938e+01
5.86315000e-07,5.07500000e+00,1.24375000e+01,1.81250000e-02,1.37078125e+01
5.86635000e-07,5.00000000e+00,1.25500000e+01,-6.87500000e-03,1.37382812e+01
5.86955000e-07,4.97500000e+00,1.23750000e+01,1.31250000e-02,1.38539062e+01
5.87275000e-07,5.05000000e+00,1.22875000e+01,-4.37500000e-03,1.38164062e+01
5.87595000e-07,4.96250000e+00,1.23750000e+01,1.06250000e-02,1.36984375e+01
5.87915000e-07,5.07500000e+00,1.26250000e+01,3.06250000e-02,1.36921875e+01
5.88235000e-07,5.10000000e+00,1.24875000e+01,2.56250000e-02,1.36398438e+01
5.88555000e-07,4.97500000e+00,1.24750000e+01,-3.37500000e-02,1.35859375e+01
5.88875000e-07,5.10000000e+00,1.24125000e+01,1.81250000e-02,1.36851563e+01
5.89195000e-07,5.02500000e+00,1.25125000e+01,4.37500000e-03,1.37781250e+01
5.89515000e-07,5.17500000e+00,1.23875000e+01,-5.37500000e-02,1.37726563e+01
5.89835000e-07,5.08750000e+00,1.25125000e+01,-1.87500000e-02,1.37546875e+01
5.90155000e-07,5.07500000e+00,1.23625000e+01,5.62500000e-03,1.37281250e+01
5.90475000e-07,5.08750000e+00,1.24750000e+01,6.25000000e-04,1.36882812e+01
5.90795000e-07,5.08750000e+00,1.23875000e+01,-1.18750000e-02,1.37070312e+01
5.91115000e-07,5.00000000e+00,1.24375000e+01,1.06250000e-02,1.36671875e+01
5.91435000e-07,5.02500000e+00,1.25125000e+01,5.62500000e-03,1.36945313e+01
5.91755000e-07,5.00000000e+00,1.24500000e+01,-4.37500000e-03,1.37843750e+01
5.92075000e-07,4.98750000e+00,1.24000000e+01,5.62500000e-03,1.37789063e+01
5.92395000e-07,5.21250000e+00,1.24875000e+01,-6.87500000e-03,1.37421875e+01
5.92715000e-07,5.02500000e+00,1.24750000e+01,3.12500000e-03,1.37312500e+01
5.93035000e-07,4.95000000e+00,1.25250000e+01,2.06250000e-02,1.37640625e+01
5.93355000e-07,4.93750000e+00,1.24625000e+01,6.25000000e-04,1.37437500e+01
5.93675000e-07,5.08750000e+00,1.24000000e+01,-4.37500000e-03,1.36390625e+01
5.93995000e-07,5.06250000e+00,1.23000000e+01,3.12500000e-03,1.35960937e+01
5.94315000e-07,5.17500000e+00,1.25125000e+01,-1.87500000e-03,1.36523438e+01
5.94635000e-07,4.98750000e+00,1.25250000e+01,-5.00000000e-03,1.37218750e+01
5.94955000e-07,5.06250000e+00,1.23250000e+01,-3.56250000e-02,1.37625000e+01
5.95275000e-07,5.06250000e+00,1.24250000e+01,2.12500000e-02,1.37960938e+01
5.95595000e-07,5.03750000e+00,1.25250000e+01,2.62500000e-02,1.37429687e+01
5.95915000e-07,5.00000000e+00,1.23500000e+01,6.25000000e-04,1.37164063e+01
5.96235000e-07,4.97500000e+00,1.23500000e+01,1.06250000e-02,1.37750000e+01
5.96555000e-07,4.90000000e+00,1.25250000e+01,-4.31250000e-02,1.37195312e+01
5.96875000e-07,4.93750000e+00,1.26000000e+01,1.81250000e-02,1.37101563e+01
5.97195000e-07,5.13750000e+00,1.23875000e+01,3.12500000e-03,1.37312500e+01
5.97515000e-07,5.07500000e+00,1.24625000e+01,6.25000000e-04,1.37445312e+01
5.97835000e-07,5.10000000e+00,1.24000000e+01,-1.18750000e-02,1.36460938e+01
5.98155000e-07,5.05000000e+00,1.25375000e+01,2.06250000e-02,1.36648437e+01
5.98475000e-07,4.98750000e+00,1.24875000e+01,-1.87500000e-03,1.37062500e+01
5.98795000e-07,5.00000000e+00,1.23375000e+01,1.56250000e-02,1.36656250e+01
5.99115000e-07,4.98750000e+00,1.24250000e+01,-1.43750000e-02,1.36695313e+01
5.99435000e-07,4.97500000e+00,1.23500000e+01,1.56250000e-02,1.37335938e+01
5.99755000e-07,4.96250000e+00,1.23250000e+01,3.12500000e-03,1.37304688e+01
6.00075000e-07,5.05000000e+00,1.26000000e+01,1.06250000e-02,1.37898437e+01
6.00395000e-07,4.98750000e+00,1.23375000e+01,-1.18750000e-02,1.38250000e+01
6.00715000e-07,5.12500000e+00,1.23250000e+01,-6.87500000e-03,1.37148438e+01
6.01035000e-07,5.05000000e+00,1.23750000e+01,3.12500000e-03,1.37031250e+01
6.01355000e-07,4.92500000e+00,1.23500000e+01,5.62500000e-03,1.37476563e+01
6.01675000e-07,4.86250000e+00,1.23875000e+01,-1.18750000e-02,1.36398438e+01
6.01995000e-07,5.15000000e+00,1.25125000e+01,3.12500000e-03,1.37156250e+01
6.02315000e-07,5.20000000e+00,1.25625000e+01,-1.18750000e-02,1.38132812e+01
6.02635000e-07,4.93750000e+00,1.24625000e+01,-1.87500000e-03,1.36968750e+01
6.02955000e-07,4.97500000e+00,1.23625000e+01,-1.43750000e-02,1.36320313e+01
6.03275000e-07,5.00000000e+00,1.23750000e+01,1.31250000e-02,1.36851563e+01
6.03595000e-07,5.15000000e+00,1.24000000e+01,8.12500000e-03,1.36945313e+01
6.03915000e-07,5.10000000e+00,1.25000000e+01,5.62500000e-03,1.37429687e+01
6.04235000e-07,4.98750000e+00,1.23000000e+01,-1.87500000e-03,1.37617188e+01
6.04555000e-07,5.01250000e+00,1.23375000e+01,-2.87500000e-02,1.37664062e+01
6.04875000e-07,4.97500000e+00,1.24875000e+01,-3.56250000e-02,1.37710938e+01
6.05195000e-07,4.96250000e+00,1.25750000e+01,2.56250000e-02,1.38078125e+01
6.05515000e-07,4.95000000e+00,1.23500000e+01,-1.25000000e-03,1.37820312e+01
6.05835000e-07,5.02500000e+00,1.24500000e+01,-1.43750000e-02,1.37023438e+01
6.06155000e-07,5.12500000e+00,1.24000000e+01,-1.87500000e-03,1.38148437e+01
6.06475000e-07,5.11250000e+00,1.25125000e+01,-2.18750000e-02,1.37804688e+01
6.06795000e-07,5.00000000e+00,1.23625000e+01,-1.43750000e-02,1.36585937e+01
6.07115000e-07,5.01250000e+00,1.25250000e+01,2.81250000e-02,1.37031250e+01
6.07435000e-07,5.03750000e+00,1.24000000e+01,1.56250000e-02,1.37414063e+01
6.07755000e-07,5.10000000e+00,1.24125000e+01,-4.37500000e-03,1.37164063e+01
6.08075000e-07,5.07500000e+00,1.24375000e+01,5.62500000e-03,1.37984375e+01
6.08395000e-07,5.08750000e+00,1.24875000e+01,-1.87500000e-03,1.38398438e+01
6.08715000e-07,5.02500000e+00,1.24375000e+01,-4.37500000e-03,1.37898437e+01
6.09035000e-07,5.06250000e+00,1.23875000e+01,8.12500000e-03,1.37703125e+01
6.09355000e-07,5.05000000e+00,1.23875000e+01,3.12500000e-03,1.38031250e+01
6.09675000e-07,4.86250000e+00,1.25250000e+01,-1.43750000e-02,1.38460937e+01
6.09995000e-07,4.93750000e+00,1.23125000e+01,-9.37500000e-03,1.38171875e+01
6.10315000e-07,5.06250000e+00,1.24375000e+01,6.25000000e-04,1.38382812e+01
6.10635000e-07,4.97500000e+00,1.25125000e+01,-1.18750000e-02,1.37078125e+01
6.10955000e-07,4.95000000e+00,1.23750000e+01,-1.87500000e-03,1.36601562e+01
6.11275000e-07,5.12500000e+00,1.23750000e+01,-3.37500000e-02,1.37226562e+01
6.11595000e-07,5.23750000e+00,1.25000000e+01,-3.81250000e-02,1.37070312e+01
6.11915000e-07,4.93750000e+00,1.24125000e+01,2.06250000e-02,1.37445312e+01
6.12235000e-07,4.95000000e+00,1.24000000e+01,2.87500000e-02,1.38460937e+01
6.12555000e-07,4.97500000e+00,1.23875000e+01,-2.56250000e-02,1.37531250e+01
6.12875000e-07,5.00000000e+00,1.24875000e+01,-1.87500000e-03,1.36484375e+01
6.13195000e-07,5.00000000e+00,1.23875000e+01,1.81250000e-02,1.36812500e+01
6.13515000e-07,5.03750000e+00,1.25875000e+01,2.06250000e-02,1.36851563e+01
6.13835000e-07,5.06250000e+00,1.23875000e+01,1.06250000e-02,1.37406250e+01
6.14155000e-07,5.05000000e+00,1.23875000e+01,5.62500000e-03,1.37671875e+01
6.14475000e-07,5.10000000e+00,1.23875000e+01,1.31250000e-02,1.37421875e+01
6.14795000e-07,5.06250000e+00,1.24250000e+01,-2.81250000e-02,1.37687500e+01
6.15115000e-07,5.02500000e+00,1.24125000e+01,5.62500000e-03,1.37429687e+01
6.15435000e-07,5.11250000e+00,1.25250000e+01,-2.18750000e-02,1.37156250e+01
6.15755000e-07,4.96250000e+00,1.24875000e+01,-9.37500000e-03,1.37359375e+01
6.16075000e-07,5.07500000e+00,1.24125000e+01,-6.87500000e-03,1.37429687e+01
6.16395000e-07,5.18750000e+00,1.23625000e+01,-1.18750000e-02,1.37132812e+01
6.16715000e-07,5.05000000e+00,1.25000000e+01,2.06250000e-02,1.37296875e+01
6.17035000e-07,4.97500000e+00,1.25000000e+01,6.25000000e-04,1.38890625e+01
6.17355000e-07,5.11250000e+00,1.24250000e+01,3.12500000e-03,1.37843750e+01
6.17675000e-07,4.98750000e+00,1.24250000e+01,-2.56250000e-02,1.36210938e+01
6.17995000e-07,5.15000000e+00,1.23625000e+01,5.62500000e-03,1.36539063e+01
6.18315000e-07,5.08750000e+00,1.24375000e+01,-6.87500000e-03,1.37273437e+01
6.18635000e-07,5.01250000e+00,1.24125000e+01,3.81250000e-02,1.37257813e+01
6.18955000e-07,5.01250000e+00,1.24125000e+01,5.62500000e-03,1.37460938e+01
6.19275000e-07,5.10000000e+00,1.24500000e+01,-6.87500000e-03,1.37515625e+01
6.19595000e-07,4.85000000e+00,1.22750000e+01,-1.18750000e-02,1.36054688e+01
6.19915000e-07,5.06250000e+00,1.25250000e+01,-4.37500000e-03,1.36617188e+01
6.20235000e-07,5.12500000e+00,1.25500000e+01,1.06250000e-02,1.37882813e+01
6.20555000e-07,5.10000000e+00,1.25500000e+01,-1.50000000e-02,1.37289062e+01
6.20875000e-07,4.92500000e+00,1.24250000e+01,-3.31250000e-02,1.36828125e+01
6.21195000e-07,4.83750000e+00,1.23500000e+01,2.12500000e-02,1.36804687e+01
6.21515000e-07,4.98750000e+00,1.23500000e+01,1.87500000e-02,1.36273437e+01
6.21835000e-07,5.12500000e+00,1.24250000e+01,1.06250000e-02,1.36453125e+01
6.22155000e-07,5.07500000e+00,1.24500000e+01,-4.37500000e-03,1.36656250e+01
6.22475000e-07,4.92500000e+00,1.25125000e+01,-1.68750000e-02,1.36609375e+01
6.22795000e-07,5.03750000e+00,1.24000000e+01,-4.37500000e-03,1.37906250e+01
6.23115000e-07,5.00000000e+00,1.23875000e+01,3.31250000e-02,1.38351563e+01
6.23435000e-07,5.06250000e+00,1.23875000e+01,-2.00000000e-02,1.36882812e+01
6.23755000e-07,5.01250000e+00,1.24750000e+01,-2.18750000e-02,1.36453125e+01
6.24075000e-07,5.05000000e+00,1.25000000e+01,6.25000000e-04,1.36648437e+01
6.24395000e-07,5.03750000e+00,1.25875000e+01,8.12500000e-03,1.36765625e+01
6.24715000e-07,5.03750000e+00,1.24000000e+01,5.62500000e-03,1.37031250e+01
6.25035000e-07,4.96250000e+00,1.24875000e+01,-1.87500000e-03,1.36242188e+01
6.25355000e-07,5.06250000e+00,1.23250000e+01,-9.37500000e-03,1.36132812e+01
6.25675000e-07,5.11250000e+00,1.24250000e+01,-6.87500000e-03,1.36835938e+01
6.25995000e-07,5.01250000e+00,1.24625000e+01,-9.37500000e-03,1.36804687e+01
6.26315000e-07,5.02500000e+00,1.24125000e+01,-4.37500000e-03,1.36703125e+01
6.26635000e-07,4.98750000e+00,1.23000000e+01,-1.43750000e-02,1.37085938e+01
6.26955000e-07,4.98750000e+00,1.24625000e+01,1.31250000e-02,1.37187500e+01
6.27275000e-07,5.10000000e+00,1.23625000e+01,3.06250000e-02,1.37406250e+01
6.27595000e-07,5.05000000e+00,1.24125000e+01,1.31250000e-02,1.36890625e+01
6.27915000e-07,5.10000000e+00,1.24125000e+01,-9.37500000e-03,1.36468750e+01
6.28235000e-07,5.13750000e+00,1.24625000e+01,-4.37500000e-03,1.36562500e+01
6.28555000e-07,5.08750000e+00,1.25000000e+01,-4.37500000e-03,1.36562500e+01
6.28875000e-07,5.00000000e+00,1.24625000e+01,1.06250000e-02,1.36843750e+01
6.29195000e-07,5.12500000e+00,1.23125000e+01,-4.37500000e-03,1.37218750e+01
6.29515000e-07,5.06250000e+00,1.24875000e+01,-1.87500000e-03,1.36875000e+01
6.29835000e-07,5.03750000e+00,1.25375000e+01,-4.37500000e-03,1.36671875e+01
6.30155000e-07,5.03750000e+00,1.24500000e+01,1.06250000e-02,1.37117187e+01
6.30475000e-07,5.07500000e+00,1.23625000e+01,-2.18750000e-02,1.37703125e+01
6.30795000e-07,4.97500000e+00,1.24000000e+01,1.31250000e-02,1.37226562e+01
6.31115000e-07,4.98750000e+00,1.24250000e+01,3.81250000e-02,1.37078125e+01
6.31435000e-07,5.10000000e+00,1.24500000e+01,5.62500000e-03,1.37539062e+01
6.31755000e-07,5.03750000e+00,1.24250000e+01,-1.93750000e-02,1.36921875e+01
6.32075000e-07,5.07500000e+00,1.24500000e+01,-1.93750000e-02,1.36875000e+01
6.32395000e-07,4.92500000e+00,1.24125000e+01,-7.50000000e-03,1.36632813e+01
6.32715000e-07,4.98750000e+00,1.25250000e+01,-3.62500000e-02,1.36062500e+01
6.33035000e-07,5.06250000e+00,1.24125000e+01,-3.75000000e-03,1.36828125e+01
6.33355000e-07,5.00000000e+00,1.24500000e+01,1.06250000e-02,1.37132812e+01
6.33675000e-07,5.07500000e+00,1.24250000e+01,-1.43750000e-02,1.37531250e+01
6.33995000e-07,4.95000000e+00,1.25625000e+01,1.06250000e-02,1.37757812e+01
6.34315000e-07,4.92500000e+00,1.24500000e+01,-1.50000000e-02,1.36757812e+01
6.34635000e-07,4.97500000e+00,1.24375000e+01,-3.31250000e-02,1.36609375e+01
6.34955000e-07,4.95000000e+00,1.23750000e+01,6.25000000e-03,1.37289062e+01
6.35275000e-07,5.05000000e+00,1.24625000e+01,-1.25000000e-03,1.37914062e+01
6.35595000e-07,5.08750000e+00,1.23250000e+01,-4.37500000e-03,1.37429687e+01
6.35915000e-07,5.02500000e+00,1.23125000e+01,1.56250000e-02,1.37375000e+01
6.36235000e-07,5.18750000e+00,1.24500000e+01,1.81250000e-02,1.37523437e+01
6.36555000e-07,5.02500000e+00,1.24625000e+01,3.56250000e-02,1.36507812e+01
6.36875000e-07,4.98750000e+00,1.24625000e+01,1.06250000e-02,1.36687500e+01
6.37195000e-07,5.10000000e+00,1.25000000e+01,-2.56250000e-02,1.36867188e+01
6.37515000e-07,5.05000000e+00,1.25750000e+01,1.31250000e-02,1.36234375e+01
6.37835000e-07,4.95000000e+00,1.23875000e+01,1.56250000e-02,1.36500000e+01
6.38155000e-07,5.00000000e+00,1.23125000e+01,2.31250000e-02,1.36718750e+01
6.38475000e-07,5.02500000e+00,1.25875000e+01,3.12500000e-03,1.36656250e+01
6.38795000e-07,5.13750000e+00,1.23250000e+01,-2.56250000e-02,1.36609375e+01
6.39115000e-07,5.08750000e+00,1.24625000e+01,8.12500000e-03,1.36718750e+01
6.39435000e-07,5.12500000e+00,1.25000000e+01,1.56250000e-02,1.36648437e+01
6.39755000e-07,4.88750000e+00,1.23875000e+01,3.12500000e-03,1.36664062e+01
6.40075000e-07,5.06250000e+00,1.24500000e+01,2.31250000e-02,1.36687500e+01
6.40395000e-07,5.05000000e+00,1.24000000e+01,8.12500000e-03,1.36898437e+01
6.40715000e-07,4.97500000e+00,1.23750000e+01,-1.87500000e-03,1.37695312e+01
6.41035000e-07,5.07500000e+00,1.24500000e+01,1.56250000e-02,1.37476563e+01
6.41355000e-07,4.98750000e+00,1.24250000e+01,3.12500000e-03,1.36671875e+01
6.41675000e-07,4.97500000e+00,1.23875000e+01,1.56250000e-02,1.37140625e+01
6.41995000e-07,5.03750000e+00,1.23000000e+01,1.31250000e-02,1.37437500e+01
6.42315000e-07,5.01250000e+00,1.24125000e+01,-7.50000000e-03,1.36820312e+01
6.42635000e-07,5.07500000e+00,1.25000000e+01,6.25000000e-04,1.37390625e+01
6.42955000e-07,5.00000000e+00,1.24625000e+01,2.06250000e-02,1.37078125e+01
6.43275000e-07,5.01250000e+00,1.23375000e+01,-3.06250000e-02,1.36406250e+01
6.43595000e-07,5.16250000e+00,1.24750000e+01,2.31250000e-02,1.37031250e+01
6.43915000e-07,5.15000000e+00,1.25125000e+01,6.25000000e-04,1.37109375e+01
6.44235000e-07,4.98750000e+00,1.24875000e+01,4.31250000e-02,1.36898437e+01
6.44555000e-07,4.97500000e+00,1.24250000e+01,1.31250000e-02,1.36546875e+01
6.44875000e-07,5.03750000e+00,1.23625000e+01,-6.87500000e-03,1.36234375e+01
6.45195000e-07,5.01250000e+00,1.24500000e+01,-9.37500000e-03,1.36796875e+01
6.45515000e-07,4.96250000e+00,1.24750000e+01,-1.50000000e-02,1.37984375e+01
6.45835000e-07,5.10000000e+00,1.23875000e+01,-4.12500000e-02,1.37460938e+01
6.46155000e-07,4.97500000e+00,1.24375000e+01,-1.62500000e-02,1.36570312e+01
6.46475000e-07,5.06250000e+00,1.25375000e+01,-4.37500000e-03,1.37234375e+01
6.46795000e-07,5.07500000e+00,1.25125000e+01,1.56250000e-02,1.37179688e+01
6.47115000e-07,4.96250000e+00,1.24125000e+01,-3.06250000e-02,1.37140625e+01
6.47435000e-07,5.11250000e+00,1.23750000e+01,-1.87500000e-03,1.37156250e+01
6.47755000e-07,5.17500000e+00,1.24375000e+01,1.56250000e-02,1.36820312e+01
6.48075000e-07,5.08750000e+00,1.25125000e+01,-9.37500000e-03,1.37062500e+01
6.48395000e-07,5.01250000e+00,1.24125000e+01,-1.87500000e-03,1.37921875e+01
6.48715000e-07,5.17500000e+00,1.23125000e+01,1.31250000e-02,1.37687500e+01
6.49035000e-07,4.93750000e+00,1.23625000e+01,8.12500000e-03,1.36976562e+01
6.49355000e-07,4.97500000e+00,1.24250000e+01,6.25000000e-04,1.37070312e+01
6.49675000e-07,5.18750000e+00,1.24125000e+01,-6.87500000e-03,1.36804687e+01
6.49995000e-07,5.12500000e+00,1.23750000e+01,-3.87500000e-02,1.36656250e+01
6.50315000e-07,5.07500000e+00,1.24500000e+01,8.12500000e-03,1.37046875e+01
6.50635000e-07,5.00000000e+00,1.25250000e+01,-2.50000000e-03,1.37093750e+01
6.50955000e-07,4.91250000e+00,1.24625000e+01,-1.68750000e-02,1.37750000e+01
6.51275000e-07,4.85000000e+00,1.25500000e+01,-4.37500000e-03,1.36546875e+01
6.51595000e-07,5.10000000e+00,1.24000000e+01,-1.18750000e-02,1.36562500e+01
6.51915000e-07,4.97500000e+00,1.23125000e+01,6.25000000e-04,1.36757812e+01
6.52235000e-07,4.86250000e+00,1.24125000e+01,1.31250000e-02,1.35828125e+01
6.52555000e-07,5.03750000e+00,1.24000000e+01,3.12500000e-03,1.36898437e+01
6.52875000e-07,5.10000000e+00,1.24125000e+01,5.62500000e-03,1.37617188e+01
6.53195000e-07,4.97500000e+00,1.25625000e+01,2.81250000e-02,1.36906250e+01
6.53515000e-07,5.05000000e+00,1.24625000e+01,2.06250000e-02,1.36531250e+01
6.53835000e-07,5.07500000e+00,1.23750000e+01,2.06250000e-02,1.37109375e+01
6.54155000e-07,4.92500000e+00,1.22625000e+01,6.25000000e-04,1.36703125e+01
6.54475000e-07,5.03750000e+00,1.24250000e+01,-1.43750000e-02,1.36367188e+01
6.54795000e-07,5.07500000e+00,1.24125000e+01,-9.37500000e-03,1.37039062e+01
6.55115000e-07,4.98750000e+00,1.25625000e+01,-1.18750000e-02,1.37234375e+01
6.55435000e-07,5.08750000e+00,1.25250000e+01,-9.37500000e-03,1.36898437e+01
6.55755000e-07,5.13750000e+00,1.25000000e+01,-1.87500000e-03,1.37023438e+01
6.56075000e-07,5.05000000e+00,1.24125000e+01,6.25000000e-04,1.36960937e+01
6.56395000e-07,5.11250000e+00,1.25250000e+01,2.31250000e-02,1.36703125e+01
6.56715000e-07,5.12500000e+00,1.22875000e+01,-1.43750000e-02,1.37828125e+01
6.57035000e-07,5.06250000e+00,1.24000000e+01,2.31250000e-02,1.37914062e+01
6.57355000e-07,5.12500000e+00,1.24750000e+01,6.25000000e-04,1.36945313e+01
6.57675000e-07,4.97500000e+00,1.25000000e+01,-6.87500000e-03,1.36125000e+01
6.57995000e-07,4.95000000e+00,1.23500000e+01,1.56250000e-02,1.37156250e+01
6.58315000e-07,5.01250000e+00,1.26000000e+01,3.12500000e-03,1.37359375e+01
6.58635000e-07,5.21250000e+00,1.25375000e+01,5.62500000e-03,1.37015625e+01
6.58955000e-07,5.06250000e+00,1.24625000e+01,2.31250000e-02,1.37304688e+01
6.59275000e-07,5.07500000e+00,1.23375000e+01,-1.43750000e-02,1.37726563e+01
6.59595000e-07,5.03750000e+00,1.24875000e+01,2.06250000e-02,1.37070312e+01
6.59915000e-07,5.05000000e+00,1.23875000e+01,6.25000000e-04,1.36960937e+01
6.60235000e-07,5.12500000e+00,1.23750000e+01,6.25000000e-04,1.37000000e+01
6.60555000e-07,4.98750000e+00,1.23375000e+01,1.31250000e-02,1.37000000e+01
6.60875000e-07,5.07500000e+00,1.25375000e+01,1.06250000e-02,1.36921875e+01
6.61195000e-07,5.05000000e+00,1.26000000e+01,-6.87500000e-03,1.35710937e+01
6.61515000e-07,5.01250000e+00,1.25125000e+01,-9.37500000e-03,1.36078125e+01
6.61835000e-07,5.02500000e+00,1.23375000e+01,-2.56250000e-02,1.36554688e+01
6.62155000e-07,5.07500000e+00,1.25500000e+01,-1.18750000e-02,1.37367187e+01
6.62475000e-07,5.00000000e+00,1.25000000e+01,-9.37500000e-03,1.37421875e+01
6.62795000e-07,5.08750000e+00,1.25125000e+01,-1.68750000e-02,1.36953125e+01
6.63115000e-07,4.92500000e+00,1.23125000e+01,-1.43750000e-02,1.36515625e+01
6.63435000e-07,5.00000000e+00,1.24750000e+01,3.12500000e-03,1.36250000e+01
6.63755000e-07,4.98750000e+00,1.23625000e+01,1.06250000e-02,1.36039062e+01
6.64075000e-07,4.93750000e+00,1.24250000e+01,2.56250000e-02,1.36367188e+01
6.64395000e-07,5.20000000e+00,1.24125000e+01,1.31250000e-02,1.36484375e+01
6.64715000e-07,5.10000000e+00,1.24875000e+01,-9.37500000e-03,1.36835938e+01
6.65035000e-07,5.10000000e+00,1.24375000e+01,-1.68750000e-02,1.36921875e+01
6.65355000e-07,4.98750000e+00,1.23375000e+01,-1.18750000e-02,1.36757812e+01
6.65675000e-07,5.00000000e+00,1.24500000e+01,1.56250000e-02,1.37632813e+01
6.65995000e-07,5.13750000e+00,1.24375000e+01,2.31250000e-02,1.37851562e+01
6.66315000e-07,4.98750000e+00,1.24250000e+01,-9.37500000e-03,1.36703125e+01
6.66635000e-07,4.83750000e+00,1.24500000e+01,-1.18750000e-02,1.36500000e+01
6.66955000e-07,5.08750000e+00,1.23750000e+01,-1.87500000e-03,1.36945313e+01
6.67275000e-07,5.01250000e+00,1.24375000e+01,-6.87500000e-03,1.36921875e+01
6.67595000e-07,4.83750000e+00,1.24000000e+01,-9.37500000e-03,1.36742187e+01
6.67915000e-07,4.96250000e+00,1.24375000e+01,-6.87500000e-03,1.36750000e+01
6.68235000e-07,5.05000000e+00,1.24250000e+01,1.06250000e-02,1.36429687e+01
6.68555000e-07,5.11250000e+00,1.25125000e+01,-6.87500000e-03,1.35484375e+01
6.68875000e-07,4.95000000e+00,1.24125000e+01,2.50000000e-03,1.35218750e+01
6.69195000e-07,5.05000000e+00,1.22500000e+01,-3.06250000e-02,1.35554687e+01
6.69515000e-07,5.07500000e+00,1.25250000e+01,1.62500000e-02,1.35632812e+01
6.69835000e-07,5.10000000e+00,1.25000000e+01,1.87500000e-02,1.35546875e+01
6.70155000e-07,4.87500000e+00,1.24875000e+01,-4.37500000e-03,1.36726562e+01
6.70475000e-07,5.00000000e+00,1.25500000e+01,-2.81250000e-02,1.37000000e+01
6.70795000e-07,5.05000000e+00,1.24000000e+01,1.06250000e-02,1.36164063e+01
6.71115000e-07,5.02500000e+00,1.24750000e+01,-4.37500000e-03,1.37117187e+01
6.71435000e-07,5.03750000e+00,1.22875000e+01,3.12500000e-03,1.37546875e+01
6.71755000e-07,5.07500000e+00,1.25125000e+01,3.12500000e-03,1.36710938e+01
6.72075000e-07,5.16250000e+00,1.25125000e+01,2.06250000e-02,1.36953125e+01
6.72395000e-07,5.15000000e+00,1.24875000e+01,1.06250000e-02,1.36742187e+01
6.72715000e-07,4.96250000e+00,1.23625000e+01,1.06250000e-02,1.36789063e+01
6.73035000e-07,5.11250000e+00,1.25125000e+01,5.62500000e-03,1.36773438e+01
6.73355000e-07,5.03750000e+00,1.24625000e+01,1.81250000e-02,1.36429687e+01
6.73675000e-07,5.05000000e+00,1.25000000e+01,-1.18750000e-02,1.36226563e+01
6.73995000e-07,5.00000000e+00,1.24875000e+01,-1.68750000e-02,1.36070313e+01
6.74315000e-07,5.00000000e+00,1.24625000e+01,8.12500000e-03,1.35445313e+01
6.74635000e-07,4.91250000e+00,1.24125000e+01,5.62500000e-03,1.36210938e+01
6.74955000e-07,5.02500000e+00,1.23875000e+01,3.12500000e-03,1.36375000e+01
6.75275000e-07,5.06250000e+00,1.24750000e+01,-1.50000000e-02,1.36812500e+01
6.75595000e-07,5.05000000e+00,1.24125000e+01,-3.31250000e-02,1.36312500e+01
6.75915000e-07,4.97500000e+00,1.23750000e+01,1.25000000e-03,1.36445312e+01
6.76235000e-07,5.01250000e+00,1.24125000e+01,-1.62500000e-02,1.36382813e+01
6.76555000e-07,5.05000000e+00,1.24250000e+01,2.06250000e-02,1.36562500e+01
6.76875000e-07,5.13750000e+00,1.24125000e+01,1.06250000e-02,1.36757812e+01
6.77195000e-07,5.02500000e+00,1.24000000e+01,-1.50000000e-02,1.37109375e+01
6.77515000e-07,5.03750000e+00,1.24250000e+01,-3.56250000e-02,1.36710938e+01
6.77835000e-07,5.00000000e+00,1.24750000e+01,3.75000000e-03,1.36429687e+01
6.78155000e-07,5.11250000e+00,1.25000000e+01,3.75000000e-03,1.36398438e+01
6.78475000e-07,4.95000000e+00,1.23375000e+01,1.81250000e-02,1.36023437e+01
6.78795000e-07,4.87500000e+00,1.24875000e+01,2.06250000e-02,1.35914063e+01
6.79115000e-07,4.93750000e+00,1.25125000e+01,-4.37500000e-03,1.35937500e+01
6.79435000e-07,5.10000000e+00,1.25750000e+01,-1.18750000e-02,1.36148438e+01
6.79755000e-07,4.97500000e+00,1.24250000e+01,1.56250000e-02,1.36859375e+01
6.80075000e-07,5.03750000e+00,1.24625000e+01,5.62500000e-03,1.36664062e+01
6.80395000e-07,5.17500000e+00,1.22875000e+01,-1.87500000e-03,1.36710938e+01
6.80715000e-07,5.07500000e+00,1.23625000e+01,-1.87500000e-03,1.36851563e+01
6.81035000e-07,5.07500000e+00,1.23375000e+01,3.12500000e-03,1.36242188e+01
6.81355000e-07,4.97500000e+00,1.25000000e+01,3.12500000e-03,1.36515625e+01
6.81675000e-07,5.13750000e+00,1.24125000e+01,-2.18750000e-02,1.36656250e+01
6.81995000e-07,5.12500000e+00,1.24750000e+01,5.62500000e-03,1.36445312e+01
6.82315000e-07,5.00000000e+00,1.23875000e+01,8.12500000e-03,1.37007813e+01
6.82635000e-07,4.96250000e+00,1.24500000e+01,8.12500000e-03,1.36867188e+01
6.82955000e-07,5.08750000e+00,1.24250000e+01,-1.87500000e-03,1.36218750e+01
6.83275000e-07,5.02500000e+00,1.25500000e+01,-4.37500000e-03,1.36414062e+01
6.83595000e-07,5.13750000e+00,1.23125000e+01,3.56250000e-02,1.36531250e+01
6.83915000e-07,4.95000000e+00,1.25500000e+01,6.25000000e-04,1.36406250e+01
6.84235000e-07,4.95000000e+00,1.24125000e+01,-1.18750000e-02,1.36664062e+01
6.84555000e-07,4.97500000e+00,1.23625000e+01,2.56250000e-02,1.36234375e+01
6.84875000e-07,5.08750000e+00,1.23875000e+01,1.06250000e-02,1.35937500e+01
6.85195000e-07,5.03750000e+00,1.23875000e+01,-4.37500000e-03,1.36039062e+01
6.85515000e-07,4.95000000e+00,1.25500000e+01,3.12500000e-03,1.36875000e+01
6.85835000e-07,4.97500000e+00,1.24250000e+01,3.12500000e-03,1.36507812e+01
6.86155000e-07,5.01250000e+00,1.24500000e+01,-1.43750000e-02,1.36109375e+01
6.86475000e-07,5.05000000e+00,1.24125000e+01,6.25000000e-04,1.36148438e+01
6.86795000e-07,4.90000000e+00,1.24250000e+01,5.62500000e-03,1.36398438e+01
6.87115000e-07,5.07500000e+00,1.24750000e+01,-1.87500000e-03,1.36773438e+01
6.87435000e-07,4.96250000e+00,1.24375000e+01,-6.87500000e-03,1.37070312e+01
6.87755000e-07,5.03750000e+00,1.23375000e+01,-9.37500000e-03,1.36765625e+01
6.88075000e-07,4.97500000e+00,1.23500000e+01,8.12500000e-03,1.37062500e+01
6.88395000e-07,4.97500000e+00,1.23750000e+01,6.25000000e-04,1.37101563e+01
6.88715000e-07,4.97500000e+00,1.23250000e+01,-4.37500000e-03,1.36617188e+01
6.89035000e-07,4.97500000e+00,1.24000000e+01,-1.18750000e-02,1.37328125e+01
6.89355000e-07,5.10000000e+00,1.24250000e+01,6.25000000e-04,1.37421875e+01
6.89675000e-07,4.95000000e+00,1.24125000e+01,1.06250000e-02,1.36843750e+01
6.89995000e-07,4.98750000e+00,1.22500000e+01,6.25000000e-04,1.35968750e+01
6.90315000e-07,5.26250000e+00,1.23625000e+01,-4.37500000e-03,1.35726562e+01
6.90635000e-07,5.15000000e+00,1.23750000e+01,1.31250000e-02,1.36562500e+01
6.90955000e-07,5.16250000e+00,1.23625000e+01,1.31250000e-02,1.36859375e+01
6.91275000e-07,5.08750000e+00,1.24250000e+01,-1.18750000e-02,1.36007813e+01
6.91595000e-07,5.01250000e+00,1.25500000e+01,1.06250000e-02,1.36570312e+01
6.91915000e-07,5.10000000e+00,1.24125000e+01,6.25000000e-04,1.36820312e+01
6.92235000e-07,5.25000000e+00,1.23625000e+01,1.06250000e-02,1.36718750e+01
6.92555000e-07,5.00000000e+00,1.23250000e+01,8.12500000e-03,1.37031250e+01
6.92875000e-07,5.07500000e+00,1.24250000e+01,5.62500000e-03,1.36593750e+01
6.93195000e-07,5.00000000e+00,1.22125000e+01,1.31250000e-02,1.36867188e+01
6.93515000e-07,5.08750000e+00,1.23875000e+01,1.31250000e-02,1.37507812e+01
6.93835000e-07,5.07500000e+00,1.24875000e+01,3.12500000e-03,1.36703125e+01
6.94155000e-07,4.90000000e+00,1.24500000e+01,-1.18750000e-02,1.35765625e+01
6.94475000e-07,5.16250000e+00,1.24125000e+01,3.12500000e-03,1.36312500e+01
6.94795000e-07,4.98750000e+00,1.24875000e+01,4.56250000e-02,1.37734375e+01
6.95115000e-07,5.03750000e+00,1.23625000e+01,1.56250000e-02,1.37109375e+01
6.95435000e-07,4.98750000e+00,1.25000000e+01,-4.37500000e-03,1.36609375e+01
6.95755000e-07,4.97500000e+00,1.24750000e+01,1.56250000e-02,1.36734375e+01
6.96075000e-07,5.10000000e+00,1.24375000e+01,-1.68750000e-02,1.36203125e+01
6.96395000e-07,5.10000000e+00,1.25125000e+01,8.12500000e-03,1.36140625e+01
6.96715000e-07,5.12500000e+00,1.23500000e+01,8.12500000e-03,1.36507812e+01
6.97035000e-07,4.98750000e+00,1.24000000e+01,1.06250000e-02,1.37476563e+01
6.97355000e-07,4.98750000e+00,1.26000000e+01,-6.87500000e-03,1.37187500e+01
6.97675000e-07,5.06250000e+00,1.23500000e+01,1.81250000e-02,1.36187500e+01
6.97995000e-07,5.21250000e+00,1.24875000e+01,2.56250000e-02,1.36664062e+01
6.98315000e-07,5.02500000e+00,1.23750000e+01,8.12500000e-03,1.36757812e+01
6.98635000e-07,4.96250000e+00,1.23750000e+01,-1.93750000e-02,1.36343750e+01
6.98955000e-07,4.93750000e+00,1.25125000e+01,-6.87500000e-03,1.36500000e+01
6.99275000e-07,4.96250000e+00,1.24750000e+01,-4.37500000e-03,1.36281250e+01
6.99595000e-07,5.07500000e+00,1.25250000e+01,1.81250000e-02,1.36398438e+01
6.99915000e-07,5.01250000e+00,1.23500000e+01,2.56250000e-02,1.36515625e+01
7.00235000e-07,5.00000000e+00,1.24125000e+01,1.06250000e-02,1.36593750e+01
7.00555000e-07,4.90000000e+00,1.25500000e+01,4.31250000e-02,1.36945313e+01
7.00875000e-07,4.90000000e+00,1.24250000e+01,2.81250000e-02,1.36421875e+01
7.01195000e-07,5.05000000e+00,1.23625000e+01,-1.93750000e-02,1.36312500e+01
7.01515000e-07,5.10000000e+00,1.25000000e+01,5.62500000e-03,1.36578125e+01
7.01835000e-07,4.98750000e+00,1.26500000e+01,6.25000000e-04,1.36750000e+01
7.02155000e-07,4.95000000e+00,1.23125000e+01,-1.00000000e-02,1.35937500e+01
7.02475000e-07,5.03750000e+00,1.23750000e+01,-2.18750000e-02,1.37000000e+01
7.02795000e-07,5.01250000e+00,1.24125000e+01,3.31250000e-02,1.37843750e+01
7.03115000e-07,5.06250000e+00,1.23875000e+01,1.56250000e-02,1.36531250e+01
7.03435000e-07,5.05000000e+00,1.24375000e+01,-1.00000000e-02,1.35898438e+01
7.03755000e-07,5.13750000e+00,1.24875000e+01,-2.81250000e-02,1.36375000e+01
7.04075000e-07,5.00000000e+00,1.23500000e+01,1.37500000e-02,1.36070313e+01
7.04395000e-07,4.96250000e+00,1.24875000e+01,1.37500000e-02,1.36210938e+01
7.04715000e-07,5.12500000e+00,1.25250000e+01,-2.81250000e-02,1.36937500e+01
7.05035000e-07,4.97500000e+00,1.24750000e+01,-1.87500000e-03,1.36843750e+01
7.05355000e-07,5.03750000e+00,1.22250000e+01,1.31250000e-02,1.36546875e+01
7.05675000e-07,5.06250000e+00,1.23625000e+01,-1.18750000e-02,1.36835938e+01
7.05995000e-07,4.92500000e+00,1.24750000e+01,1.31250000e-02,1.37007813e+01
7.06315000e-07,5.02500000e+00,1.24375000e+01,8.12500000e-03,1.36273437e+01
7.06635000e-07,5.06250000e+00,1.23750000e+01,1.56250000e-02,1.36039062e+01
7.06955000e-07,5.02500000e+00,1.25500000e+01,-6.87500000e-03,1.36664062e+01
7.07275000e-07,4.96250000e+00,1.24000000e+01,-2.81250000e-02,1.36546875e+01
7.07595000e-07,5.10000000e+00,1.24000000e+01,-2.56250000e-02,1.36726562e+01
7.07915000e-07,5.08750000e+00,1.24125000e+01,5.62500000e-03,1.37351562e+01
7.08235000e-07,5.05000000e+00,1.23625000e+01,-1.50000000e-02,1.36882812e+01
7.08555000e-07,4.80000000e+00,1.24000000e+01,-1.43750000e-02,1.35593750e+01
7.08875000e-07,5.06250000e+00,1.25000000e+01,1.31250000e-02,1.36546875e+01
7.09195000e-07,5.02500000e+00,1.25250000e+01,4.31250000e-02,1.36867188e+01
7.09515000e-07,5.07500000e+00,1.24625000e+01,5.62500000e-03,1.35796875e+01
7.09835000e-07,5.06250000e+00,1.23875000e+01,2.56250000e-02,1.35140625e+01
7.10155000e-07,5.12500000e+00,1.24625000e+01,1.31250000e-02,1.36851563e+01
7.10475000e-07,4.95000000e+00,1.25875000e+01,1.31250000e-02,1.36867188e+01
7.10795000e-07,4.91250000e+00,1.25125000e+01,2.06250000e-02,1.36242188e+01
7.11115000e-07,4.98750000e+00,1.23750000e+01,-2.18750000e-02,1.35898438e+01
7.11435000e-07,5.11250000e+00,1.23625000e+01,2.06250000e-02,1.35898438e+01
7.11755000e-07,5.08750000e+00,1.24125000e+01,5.06250000e-02,1.35664062e+01
7.12075000e-07,5.06250000e+00,1.25125000e+01,-4.37500000e-03,1.36914062e+01
7.12395000e-07,4.91250000e+00,1.24750000e+01,6.25000000e-04,1.37085938e+01
7.12715000e-07,4.97500000e+00,1.23500000e+01,6.25000000e-04,1.36718750e+01
7.13035000e-07,5.08750000e+00,1.22625000e+01,-4.06250000e-02,1.37367187e+01
7.13355000e-07,5.07500000e+00,1.23500000e+01,5.62500000e-03,1.36835938e+01
7.13675000e-07,4.93750000e+00,1.24750000e+01,-9.37500000e-03,1.35953125e+01
7.13995000e-07,5.02500000e+00,1.23250000e+01,2.31250000e-02,1.35304688e+01
7.14315000e-07,5.10000000e+00,1.24250000e+01,-1.43750000e-02,1.35703125e+01
7.14635000e-07,4.98750000e+00,1.24625000e+01,5.62500000e-03,1.36242188e+01
7.14955000e-07,5.01250000e+00,1.24750000e+01,-2.56250000e-02,1.36710938e+01
7.15275000e-07,5.01250000e+00,1.23375000e+01,5.62500000e-03,1.36531250e+01
7.15595000e-07,5.17500000e+00,1.24750000e+01,-9.37500000e-03,1.36046875e+01
7.15915000e-07,5.07500000e+00,1.23750000e+01,2.56250000e-02,1.36476563e+01
7.16235000e-07,5.03750000e+00,1.23750000e+01,-1.18750000e-02,1.36054688e+01
7.16555000e-07,5.00000000e+00,1.24750000e+01,-1.68750000e-02,1.36000000e+01
7.16875000e-07,5.02500000e+00,1.24125000e+01,3.12500000e-03,1.36367188e+01
7.17195000e-07,5.03750000e+00,1.23625000e+01,-4.37500000e-03,1.36382813e+01
7.17515000e-07,5.08750000e+00,1.24000000e+01,-2.18750000e-02,1.36054688e+01
7.17835000e-07,5.08750000e+00,1.25375000e+01,6.25000000e-04,1.36867188e+01
7.18155000e-07,5.05000000e+00,1.24625000e+01,1.06250000e-02,1.36843750e+01
7.18475000e-07,5.07500000e+00,1.24250000e+01,-6.87500000e-03,1.35664062e+01
7.18795000e-07,4.96250000e+00,1.23250000e+01,6.25000000e-04,1.36125000e+01
7.19115000e-07,5.01250000e+00,1.24250000e+01,-4.37500000e-03,1.36773438e+01
7.19435000e-07,5.00000000e+00,1.24625000e+01,3.12500000e-03,1.36250000e+01
7.19755000e-07,5.08750000e+00,1.23375000e+01,8.12500000e-03,1.35703125e+01
7.20075000e-07,5.07500000e+00,1.24625000e+01,1.31250000e-02,1.35632812e+01
7.20395000e-07,5.08750000e+00,1.24500000e+01,6.25000000e-04,1.36468750e+01
7.20715000e-07,4.95000000e+00,1.24125000e+01,1.56250000e-02,1.37210937e+01
7.21035000e-07,4.95000000e+00,1.24875000e+01,-9.37500000e-03,1.36875000e+01
7.21355000e-07,5.11250000e+00,1.24125000e+01,2.81250000e-02,1.36445312e+01
7.21675000e-07,5.02500000e+00,1.24875000e+01,-1.68750000e-02,1.36500000e+01
7.21995000e-07,5.12500000e+00,1.23375000e+01,5.62500000e-03,1.36429687e+01
7.22315000e-07,5.21250000e+00,1.25125000e+01,3.12500000e-03,1.36734375e+01
7.22635000e-07,5.00000000e+00,1.24500000e+01,-2.18750000e-02,1.37148438e+01
7.22955000e-07,5.03750000e+00,1.24250000e+01,-1.43750000e-02,1.36960937e+01
7.23275000e-07,5.13750000e+00,1.24250000e+01,8.12500000e-03,1.36992188e+01
7.23595000e-07,5.01250000e+00,1.24750000e+01,2.06250000e-02,1.36351562e+01
7.23915000e-07,4.98750000e+00,1.24625000e+01,-4.37500000e-03,1.35640625e+01
7.24235000e-07,4.91250000e+00,1.24750000e+01,-4.37500000e-03,1.35601563e+01
7.24555000e-07,5.02500000e+00,1.23000000e+01,-1.18750000e-02,1.36054688e+01
7.24875000e-07,4.80000000e+00,1.25250000e+01,-1.43750000e-02,1.36351562e+01
7.25195000e-07,4.92500000e+00,1.24125000e+01,-4.37500000e-03,1.36468750e+01
7.25515000e-07,5.05000000e+00,1.24750000e+01,2.31250000e-02,1.36132812e+01
7.25835000e-07,5.02500000e+00,1.25500000e+01,-6.87500000e-03,1.36062500e+01
7.26155000e-07,4.98750000e+00,1.23875000e+01,1.81250000e-02,1.36054688e+01
7.26475000e-07,4.93750000e+00,1.22875000e+01,1.81250000e-02,1.35875000e+01
7.26795000e-07,4.96250000e+00,1.23250000e+01,-6.87500000e-03,1.35695313e+01
7.27115000e-07,5.02500000e+00,1.24125000e+01,-1.87500000e-03,1.35531250e+01
7.27435000e-07,5.13750000e+00,1.24625000e+01,8.12500000e-03,1.36328125e+01
7.27755000e-07,5.05000000e+00,1.24625000e+01,8.12500000e-03,1.36101562e+01
7.28075000e-07,5.12500000e+00,1.22875000e+01,3.12500000e-03,1.36281250e+01
7.28395000e-07,5.06250000e+00,1.23500000e+01,8.12500000e-03,1.36742187e+01
7.28715000e-07,4.98750000e+00,1.24375000e+01,1.56250000e-02,1.36796875e+01
7.29035000e-07,4.96250000e+00,1.23125000e+01,5.62500000e-03,1.36179687e+01
7.29355000e-07,4.90000000e+00,1.25875000e+01,-6.87500000e-03,1.36492187e+01
7.29675000e-07,4.93750000e+00,1.23375000e+01,-1.87500000e-03,1.36476563e+01
7.29995000e-07,5.11250000e+00,1.23750000e+01,5.62500000e-03,1.35757813e+01
7.30315000e-07,5.02500000e+00,1.23625000e+01,-9.37500000e-03,1.35953125e+01
7.30635000e-07,4.83750000e+00,1.23500000e+01,1.56250000e-02,1.36468750e+01
7.30955000e-07,5.10000000e+00,1.24375000e+01,-4.37500000e-03,1.37054687e+01
7.31275000e-07,4.97500000e+00,1.23250000e+01,-1.43750000e-02,1.37085938e+01
7.31595000e-07,4.96250000e+00,1.24250000e+01,1.31250000e-02,1.36601562e+01
7.31915000e-07,5.06250000e+00,1.24250000e+01,-1.87500000e-03,1.36304688e+01
7.32235000e-07,5.03750000e+00,1.23625000e+01,2.31250000e-02,1.35687500e+01
7.32555000e-07,5.18750000e+00,1.23500000e+01,-4.37500000e-03,1.35656250e+01
7.32875000e-07,5.02500000e+00,1.23625000e+01,1.06250000e-02,1.35609375e+01
7.33195000e-07,5.02500000e+00,1.24750000e+01,2.56250000e-02,1.35640625e+01
7.33515000e-07,5.03750000e+00,1.24125000e+01,3.12500000e-03,1.36281250e+01
7.33835000e-07,5.03750000e+00,1.24750000e+01,3.12500000e-03,1.37429687e+01
7.34155000e-07,5.03750000e+00,1.23500000e+01,5.62500000e-03,1.36507812e+01
7.34475000e-07,5.06250000e+00,1.25000000e+01,-6.87500000e-03,1.35695313e+01
7.34795000e-07,5.01250000e+00,1.24500000e+01,1.56250000e-02,1.35843750e+01
7.35115000e-07,4.93750000e+00,1.24375000e+01,-1.68750000e-02,1.36679688e+01
7.35435000e-07,5.06250000e+00,1.23625000e+01,2.06250000e-02,1.36859375e+01
7.35755000e-07,5.11250000e+00,1.24500000e+01,8.12500000e-03,1.35804687e+01
7.36075000e-07,5.06250000e+00,1.23875000e+01,-1.87500000e-03,1.35867187e+01
7.36395000e-07,4.96250000e+00,1.24250000e+01,-1.87500000e-03,1.36937500e+01
7.36715000e-07,4.91250000e+00,1.24250000e+01,3.12500000e-03,1.36257812e+01
7.37035000e-07,4.96250000e+00,1.25125000e+01,1.31250000e-02,1.35492187e+01
7.37355000e-07,5.07500000e+00,1.23875000e+01,-9.37500000e-03,1.35898438e+01
7.37675000e-07,5.13750000e+00,1.23375000e+01,-2.81250000e-02,1.36914062e+01
7.37995000e-07,5.13750000e+00,1.23750000e+01,3.12500000e-03,1.37062500e+01
7.38315000e-07,5.10000000e+00,1.24500000e+01,-3.62500000e-02,1.36679688e+01
7.38635000e-07,4.88750000e+00,1.25125000e+01,-2.81250000e-02,1.36476563e+01
7.38955000e-07,4.97500000e+00,1.22875000e+01,-1.18750000e-02,1.36328125e+01
7.39275000e-07,5.08750000e+00,1.25625000e+01,-1.12500000e-02,1.36070313e+01
7.39595000e-07,4.95000000e+00,1.26500000e+01,-6.87500000e-03,1.36593750e+01
7.39915000e-07,4.90000000e+00,1.24375000e+01,5.62500000e-03,1.36539063e+01
7.40235000e-07,5.08750000e+00,1.23875000e+01,5.62500000e-03,1.35953125e+01
7.40555000e-07,4.98750000e+00,1.25000000e+01,-9.37500000e-03,1.36679688e+01
7.40875000e-07,5.02500000e+00,1.24500000e+01,-2.18750000e-02,1.37257813e+01
7.41195000e-07,5.02500000e+00,1.22875000e+01,2.06250000e-02,1.36515625e+01
7.41515000e-07,4.96250000e+00,1.23750000e+01,6.25000000e-04,1.36343750e+01
7.41835000e-07,5.03750000e+00,1.24875000e+01,3.12500000e-03,1.37125000e+01
7.42155000e-07,4.97500000e+00,1.24125000e+01,3.12500000e-03,1.37070312e+01
7.42475000e-07,5.01250000e+00,1.24125000e+01,-7.50000000e-03,1.36468750e+01
7.42795000e-07,4.98750000e+00,1.25625000e+01,-2.56250000e-02,1.36164063e+01
7.43115000e-07,5.01250000e+00,1.24000000e+01,8.75000000e-03,1.35789062e+01
7.43435000e-07,5.05000000e+00,1.23750000e+01,-1.37500000e-02,1.36164063e+01
7.43755000e-07,5.07500000e+00,1.23250000e+01,8.12500000e-03,1.36570312e+01
7.44075000e-07,4.98750000e+00,1.25750000e+01,-1.50000000e-02,1.35851563e+01
7.44395000e-07,4.98750000e+00,1.23500000e+01,6.25000000e-04,1.35765625e+01
7.44715000e-07,5.05000000e+00,1.23875000e+01,-1.43750000e-02,1.35796875e+01
7.45035000e-07,5.06250000e+00,1.23625000e+01,5.62500000e-03,1.36367188e+01
7.45355000e-07,4.87500000e+00,1.24375000e+01,-3.12500000e-02,1.36406250e+01
7.45675000e-07,5.06250000e+00,1.24875000e+01,-3.31250000e-02,1.36882812e+01
7.45995000e-07,5.00000000e+00,1.25000000e+01,-4.37500000e-03,1.36851563e+01
7.46315000e-07,5.03750000e+00,1.24000000e+01,4.62500000e-02,1.36335937e+01
7.46635000e-07,5.02500000e+00,1.24500000e+01,2.06250000e-02,1.35921875e+01
7.46955000e-07,5.02500000e+00,1.23500000e+01,-2.25000000e-02,1.36843750e+01
7.47275000e-07,4.98750000e+00,1.24375000e+01,-3.31250000e-02,1.36484375e+01
7.47595000e-07,5.08750000e+00,1.24000000e+01,3.87500000e-02,1.35031250e+01
7.47915000e-07,5.18750000e+00,1.23500000e+01,-1.62500000e-02,1.36000000e+01
7.48235000e-07,5.15000000e+00,1.24000000e+01,1.06250000e-02,1.36718750e+01
7.48555000e-07,4.96250000e+00,1.24125000e+01,1.06250000e-02,1.35812500e+01
7.48875000e-07,4.98750000e+00,1.24250000e+01,-9.37500000e-03,1.35875000e+01
7.49195000e-07,5.02500000e+00,1.25125000e+01,-2.00000000e-02,1.35960937e+01
7.49515000e-07,5.11250000e+00,1.23750000e+01,-1.93750000e-02,1.36515625e+01
7.49835000e-07,5.06250000e+00,1.23750000e+01,2.81250000e-02,1.37031250e+01
7.50155000e-07,4.87500000e+00,1.24125000e+01,-1.87500000e-03,1.36679688e+01
7.50475000e-07,4.91250000e+00,1.23375000e+01,-9.37500000e-03,1.36148438e+01
7.50795000e-07,4.91250000e+00,1.23500000e+01,2.06250000e-02,1.35781250e+01
7.51115000e-07,5.00000000e+00,1.25375000e+01,8.12500000e-03,1.35960937e+01
7.51435000e-07,4.97500000e+00,1.24125000e+01,-4.37500000e-03,1.35195312e+01
7.51755000e-07,5.12500000e+00,1.24125000e+01,8.12500000e-03,1.34992188e+01
7.52075000e-07,4.96250000e+00,1.24125000e+01,-9.37500000e-03,1.35890625e+01
7.52395000e-07,4.93750000e+00,1.23750000e+01,8.12500000e-03,1.36437500e+01
7.52715000e-07,5.02500000e+00,1.23875000e+01,2.31250000e-02,1.36320313e+01
7.53035000e-07,5.06250000e+00,1.23375000e+01,1.56250000e-02,1.36015625e+01
7.53355000e-07,5.03750000e+00,1.23750000e+01,-3.37500000e-02,1.36000000e+01
7.53675000e-07,5.03750000e+00,1.23875000e+01,-1.18750000e-02,1.35890625e+01
7.53995000e-07,5.07500000e+00,1.24250000e+01,7.50000000e-03,1.35335937e+01
7.54315000e-07,5.01250000e+00,1.24125000e+01,-4.37500000e-03,1.35554687e+01
7.54635000e-07,4.96250000e+00,1.23625000e+01,-2.25000000e-02,1.36101562e+01
7.54955000e-07,4.98750000e+00,1.23625000e+01,-1.43750000e-02,1.35804687e+01
7.55275000e-07,5.07500000e+00,1.24500000e+01,4.81250000e-02,1.36148438e+01
7.55595000e-07,4.96250000e+00,1.24375000e+01,2.81250000e-02,1.35390625e+01
7.55915000e-07,4.80000000e+00,1.24625000e+01,8.12500000e-03,1.34914063e+01
7.56235000e-07,4.96250000e+00,1.24750000e+01,5.62500000e-03,1.36117187e+01
7.56555000e-07,4.95000000e+00,1.23750000e+01,1.31250000e-02,1.36320313e+01
7.56875000e-07,4.91250000e+00,1.24875000e+01,2.81250000e-02,1.36609375e+01
7.57195000e-07,5.07500000e+00,1.23500000e+01,-6.87500000e-03,1.37070312e+01
7.57515000e-07,5.10000000e+00,1.24125000e+01,-1.43750000e-02,1.37054687e+01
7.57835000e-07,4.77500000e+00,1.24375000e+01,1.31250000e-02,1.36468750e+01
7.58155000e-07,4.93750000e+00,1.24125000e+01,-4.12500000e-02,1.36117187e+01
7.58475000e-07,5.03750000e+00,1.22375000e+01,-4.87500000e-02,1.35828125e+01
7.58795000e-07,4.98750000e+00,1.23375000e+01,-4.37500000e-03,1.35734375e+01
7.59115000e-07,5.05000000e+00,1.23000000e+01,1.31250000e-02,1.36015625e+01
7.59435000e-07,5.08750000e+00,1.25625000e+01,1.56250000e-02,1.35734375e+01
7.59755000e-07,5.10000000e+00,1.24375000e+01,2.06250000e-02,1.35250000e+01
7.60075000e-07,5.13750000e+00,1.24500000e+01,1.56250000e-02,1.35859375e+01
7.60395000e-07,4.92500000e+00,1.22750000e+01,-1.00000000e-02,1.36078125e+01
7.60715000e-07,5.01250000e+00,1.23875000e+01,-1.43750000e-02,1.35625000e+01
7.61035000e-07,5.00000000e+00,1.23500000e+01,8.12500000e-03,1.35406250e+01
7.61355000e-07,5.05000000e+00,1.23375000e+01,5.06250000e-02,1.35382813e+01
7.61675000e-07,4.97500000e+00,1.22875000e+01,-4.37500000e-03,1.36171875e+01
7.61995000e-07,4.93750000e+00,1.23875000e+01,3.12500000e-03,1.36671875e+01
7.62315000e-07,4.92500000e+00,1.24125000e+01,-4.37500000e-03,1.36210938e+01
7.62635000e-07,5.02500000e+00,1.23250000e+01,2.31250000e-02,1.36023437e+01
7.62955000e-07,4.96250000e+00,1.23500000e+01,-1.68750000e-02,1.36195312e+01
7.63275000e-07,4.96250000e+00,1.24500000e+01,3.12500000e-03,1.36414062e+01
7.63595000e-07,4.96250000e+00,1.23000000e+01,3.12500000e-03,1.36406250e+01
7.63915000e-07,5.05000000e+00,1.24000000e+01,-9.37500000e-03,1.36156250e+01
7.64235000e-07,5.01250000e+00,1.24250000e+01,3.31250000e-02,1.35234375e+01
7.64555000e-07,5.08750000e+00,1.23250000e+01,-1.25000000e-02,1.35281250e+01
7.64875000e-07,4.91250000e+00,1.24625000e+01,6.25000000e-04,1.35617188e+01
7.65195000e-07,4.92500000e+00,1.25375000e+01,1.56250000e-02,1.35914063e+01
7.65515000e-07,4.93750000e+00,1.23250000e+01,-1.93750000e-02,1.35914063e+01
7.65835000e-07,5.15000000e+00,1.25250000e+01,-1.43750000e-02,1.35390625e+01
7.66155000e-07,4.97500000e+00,1.23375000e+01,-1.68750000e-02,1.35390625e+01
7.66475000e-07,4.98750000e+00,1.24625000e+01,5.62500000e-03,1.36289062e+01
7.66795000e-07,4.86250000e+00,1.22750000e+01,3.06250000e-02,1.36578125e+01
7.67115000e-07,4.95000000e+00,1.23750000e+01,2.50000000e-03,1.35804687e+01
7.67435000e-07,5.10000000e+00,1.23375000e+01,-4.31250000e-02,1.35476562e+01
7.67755000e-07,5.08750000e+00,1.25250000e+01,6.25000000e-03,1.36132812e+01
7.68075000e-07,5.00000000e+00,1.23375000e+01,6.25000000e-04,1.36156250e+01
7.68395000e-07,4.88750000e+00,1.24750000e+01,-2.18750000e-02,1.35765625e+01
7.68715000e-07,4.93750000e+00,1.23000000e+01,-1.68750000e-02,1.35351562e+01
7.69035000e-07,5.06250000e+00,1.23375000e+01,-1.93750000e-02,1.35242187e+01
7.69355000e-07,4.90000000e+00,1.23000000e+01,3.31250000e-02,1.35851563e+01
7.69675000e-07,5.01250000e+00,1.24500000e+01,6.25000000e-04,1.35570312e+01
7.69995000e-07,5.07500000e+00,1.24750000e+01,2.06250000e-02,1.34835938e+01
7.70315000e-07,5.10000000e+00,1.24375000e+01,2.06250000e-02,1.35734375e+01
7.70635000e-07,4.97500000e+00,1.23875000e+01,3.12500000e-03,1.36046875e+01
7.70955000e-07,5.02500000e+00,1.25250000e+01,-1.87500000e-03,1.36101562e+01
7.71275000e-07,5.01250000e+00,1.23750000e+01,-1.18750000e-02,1.36335937e+01
7.71595000e-07,4.98750000e+00,1.23625000e+01,2.06250000e-02,1.37007813e+01
7.71915000e-07,5.08750000e+00,1.23250000e+01,3.12500000e-03,1.36195312e+01
7.72235000e-07,5.13750000e+00,1.24125000e+01,1.81250000e-02,1.35093750e+01
7.72555000e-07,5.06250000e+00,1.25125000e+01,8.12500000e-03,1.35671875e+01
7.72875000e-07,4.91250000e+00,1.23500000e+01,3.12500000e-03,1.35882812e+01
7.73195000e-07,4.90000000e+00,1.23250000e+01,1.06250000e-02,1.35601563e+01
7.73515000e-07,4.95000000e+00,1.23625000e+01,-2.00000000e-02,1.35765625e+01
7.73835000e-07,5.06250000e+00,1.24625000e+01,-5.06250000e-02,1.35335937e+01
7.74155000e-07,5.15000000e+00,1.24750000e+01,-3.75000000e-03,1.35757813e+01
7.74475000e-07,5.11250000e+00,1.23750000e+01,1.37500000e-02,1.36210938e+01
7.74795000e-07,5.12500000e+00,1.22750000e+01,5.62500000e-03,1.35539063e+01
7.75115000e-07,4.93750000e+00,1.22750000e+01,3.06250000e-02,1.34734375e+01
7.75435000e-07,4.96250000e+00,1.24375000e+01,5.62500000e-03,1.35265625e+01
7.75755000e-07,4.98750000e+00,1.24375000e+01,5.62500000e-03,1.35867187e+01
7.76075000e-07,5.13750000e+00,1.24250000e+01,-1.25000000e-02,1.36289062e+01
7.76395000e-07,5.06250000e+00,1.24375000e+01,-2.81250000e-02,1.35726562e+01
7.76715000e-07,5.01250000e+00,1.25750000e+01,2.87500000e-02,1.35609375e+01
7.77035000e-07,5.03750000e+00,1.23000000e+01,8.75000000e-03,1.35078125e+01
7.77355000e-07,4.97500000e+00,1.23500000e+01,5.62500000e-03,1.35000000e+01
7.77675000e-07,5.02500000e+00,1.25000000e+01,1.06250000e-02,1.35695313e+01
7.77995000e-07,4.92500000e+00,1.24250000e+01,8.12500000e-03,1.35664062e+01
7.78315000e-07,4.97500000e+00,1.23000000e+01,-4.37500000e-03,1.35640625e+01
7.78635000e-07,5.03750000e+00,1.24875000e+01,-6.87500000e-03,1.36125000e+01
7.78955000e-07,5.21250000e+00,1.23875000e+01,-1.43750000e-02,1.36257812e+01
7.79275000e-07,5.07500000e+00,1.25000000e+01,-1.18750000e-02,1.36445312e+01
7.79595000e-07,5.08750000e+00,1.24250000e+01,5.62500000e-03,1.36156250e+01
7.79915000e-07,4.97500000e+00,1.24625000e+01,-2.56250000e-02,1.35273438e+01
7.80235000e-07,4.82500000e+00,1.25250000e+01,1.31250000e-02,1.34726562e+01
7.80555000e-07,4.91250000e+00,1.23500000e+01,-4.37500000e-03,1.35343750e+01
7.80875000e-07,5.02500000e+00,1.23500000e+01,1.31250000e-02,1.35125000e+01
7.81195000e-07,5.00000000e+00,1.24125000e+01,3.31250000e-02,1.34953125e+01
7.81515000e-07,5.06250000e+00,1.22375000e+01,2.06250000e-02,1.35851563e+01
7.81835000e-07,4.95000000e+00,1.24250000e+01,-4.37500000e-03,1.35992188e+01
7.82155000e-07,4.97500000e+00,1.25125000e+01,-1.68750000e-02,1.35281250e+01
7.82475000e-07,4.98750000e+00,1.25625000e+01,-4.37500000e-03,1.35234375e+01
7.82795000e-07,5.08750000e+00,1.25500000e+01,5.62500000e-03,1.34789062e+01
7.83115000e-07,5.11250000e+00,1.24000000e+01,-4.37500000e-03,1.34804688e+01
7.83435000e-07,5.01250000e+00,1.23375000e+01,-1.87500000e-03,1.35484375e+01
7.83755000e-07,5.00000000e+00,1.23750000e+01,-1.43750000e-02,1.36101562e+01
7.84075000e-07,5.01250000e+00,1.23750000e+01,-1.87500000e-03,1.36054688e+01
7.84395000e-07,5.03750000e+00,1.24500000e+01,-1.43750000e-02,1.35648437e+01
7.84715000e-07,4.98750000e+00,1.23375000e+01,8.12500000e-03,1.35257812e+01
7.85035000e-07,5.00000000e+00,1.24500000e+01,3.12500000e-03,1.34320312e+01
7.85355000e-07,5.01250000e+00,1.23625000e+01,1.56250000e-02,1.34132813e+01
7.85675000e-07,4.90000000e+00,1.24625000e+01,1.56250000e-02,1.35781250e+01
7.85995000e-07,4.90000000e+00,1.24250000e+01,-2.56250000e-02,1.36218750e+01
7.86315000e-07,5.06250000e+00,1.23250000e+01,-1.18750000e-02,1.35382813e+01
7.86635000e-07,5.05000000e+00,1.23000000e+01,8.12500000e-03,1.35781250e+01
7.86955000e-07,5.12500000e+00,1.24375000e+01,2.56250000e-02,1.35851563e+01
7.87275000e-07,5.03750000e+00,1.24000000e+01,-1.87500000e-03,1.35078125e+01
7.87595000e-07,4.93750000e+00,1.24375000e+01,3.12500000e-03,1.35367188e+01
7.87915000e-07,5.17500000e+00,1.23375000e+01,-1.87500000e-03,1.36429687e+01
7.88235000e-07,4.96250000e+00,1.23500000e+01,-1.18750000e-02,1.36046875e+01
7.88555000e-07,4.97500000e+00,1.24125000e+01,-1.87500000e-03,1.35734375e+01
7.88875000e-07,4.98750000e+00,1.24500000e+01,1.06250000e-02,1.35851563e+01
7.89195000e-07,5.17500000e+00,1.22375000e+01,-1.87500000e-03,1.35476562e+01
7.89515000e-07,5.02500000e+00,1.24000000e+01,-2.56250000e-02,1.35570312e+01
7.89835000e-07,4.96250000e+00,1.22750000e+01,-4.37500000e-03,1.35304688e+01
7.90155000e-07,5.07500000e+00,1.22500000e+01,1.31250000e-02,1.35312500e+01
7.90475000e-07,4.96250000e+00,1.23000000e+01,-2.18750000e-02,1.36585937e+01
7.90795000e-07,5.02500000e+00,1.24375000e+01,2.06250000e-02,1.37148438e+01
7.91115000e-07,5.10000000e+00,1.23250000e+01,-2.18750000e-02,1.35835938e+01
7.91435000e-07,5.06250000e+00,1.25250000e+01,-1.87500000e-03,1.35320312e+01
7.91755000e-07,4.91250000e+00,1.23250000e+01,6.25000000e-04,1.36226563e+01
7.92075000e-07,5.02500000e+00,1.24250000e+01,5.62500000e-03,1.36992188e+01
7.92395000e-07,5.00000000e+00,1.23750000e+01,8.12500000e-03,1.36093750e+01
7.92715000e-07,4.96250000e+00,1.22500000e+01,-1.68750000e-02,1.36062500e+01
7.93035000e-07,4.95000000e+00,1.23250000e+01,-1.87500000e-03,1.36203125e+01
7.93355000e-07,4.93750000e+00,1.24375000e+01,-1.18750000e-02,1.35539063e+01
7.93675000e-07,4.95000000e+00,1.24750000e+01,2.06250000e-02,1.35203125e+01
7.93995000e-07,5.01250000e+00,1.23125000e+01,-1.18750000e-02,1.35234375e+01
7.94315000e-07,4.93750000e+00,1.23750000e+01,-1.87500000e-03,1.35687500e+01
7.94635000e-07,5.00000000e+00,1.23250000e+01,-9.37500000e-03,1.35585938e+01
7.94955000e-07,5.12500000e+00,1.23375000e+01,-2.81250000e-02,1.35617188e+01
7.95275000e-07,5.03750000e+00,1.24375000e+01,6.25000000e-04,1.35328125e+01
7.95595000e-07,4.95000000e+00,1.23125000e+01,3.12500000e-03,1.35320312e+01
7.95915000e-07,4.93750000e+00,1.23375000e+01,-4.37500000e-03,1.36031250e+01
7.96235000e-07,5.06250000e+00,1.25125000e+01,-4.37500000e-03,1.35656250e+01
7.96555000e-07,5.11250000e+00,1.24250000e+01,1.56250000e-02,1.34851562e+01
7.96875000e-07,5.02500000e+00,1.22500000e+01,-1.18750000e-02,1.35093750e+01
7.97195000e-07,5.01250000e+00,1.23500000e+01,3.56250000e-02,1.35218750e+01
7.97515000e-07,5.10000000e+00,1.23750000e+01,1.81250000e-02,1.35085937e+01
7.97835000e-07,5.00000000e+00,1.24875000e+01,-2.50000000e-03,1.35031250e+01
7.98155000e-07,5.10000000e+00,1.21500000e+01,-4.81250000e-02,1.35382813e+01
7.98475000e-07,5.03750000e+00,1.24375000e+01,2.87500000e-02,1.36031250e+01
7.98795000e-07,4.95000000e+00,1.23875000e+01,6.25000000e-03,1.35609375e+01
7.99115000e-07,5.02500000e+00,1.23750000e+01,1.81250000e-02,1.35851563e+01
7.99435000e-07,4.97500000e+00,1.23625000e+01,5.62500000e-03,1.35968750e+01
7.99755000e-07,4.97500000e+00,1.23875000e+01,-1.18750000e-02,1.34898438e+01
8.00075000e-07,4.97500000e+00,1.23375000e+01,-4.37500000e-03,1.35437500e+01
8.00395000e-07,4.88750000e+00,1.23625000e+01,-1.43750000e-02,1.35773438e+01
8.00715000e-07,5.07500000e+00,1.24750000e+01,-6.87500000e-03,1.35726562e+01
8.01035000e-07,5.05000000e+00,1.24250000e+01,5.62500000e-03,1.36140625e+01
8.01355000e-07,4.97500000e+00,1.22625000e+01,-2.81250000e-02,1.36289062e+01
8.01675000e-07,4.96250000e+00,1.23500000e+01,5.62500000e-03,1.35648437e+01
8.01995000e-07,4.98750000e+00,1.24250000e+01,8.12500000e-03,1.35085937e+01
8.02315000e-07,5.03750000e+00,1.25250000e+01,-4.37500000e-03,1.35984375e+01
8.02635000e-07,4.92500000e+00,1.22875000e+01,-9.37500000e-03,1.36023437e+01
8.02955000e-07,5.00000000e+00,1.23375000e+01,2.06250000e-02,1.35710937e+01
8.03275000e-07,5.02500000e+00,1.23250000e+01,-1.93750000e-02,1.35539063e+01
8.03595000e-07,5.11250000e+00,1.23500000e+01,5.62500000e-03,1.35867187e+01
8.03915000e-07,4.98750000e+00,1.22750000e+01,-2.50000000e-03,1.35304688e+01
8.04235000e-07,5.03750000e+00,1.24500000e+01,-3.06250000e-02,1.35695313e+01
8.04555000e-07,4.98750000e+00,1.24500000e+01,3.75000000e-03,1.36929688e+01
8.04875000e-07,5.07500000e+00,1.23500000e+01,-6.25000000e-03,1.36382813e+01
8.05195000e-07,5.05000000e+00,1.24250000e+01,1.56250000e-02,1.35578125e+01
8.05515000e-07,4.98750000e+00,1.24250000e+01,1.06250000e-02,1.35343750e+01
8.05835000e-07,4.82500000e+00,1.24000000e+01,-1.75000000e-02,1.34851562e+01
8.06155000e-07,4.88750000e+00,1.23625000e+01,-4.37500000e-02,1.35007812e+01
8.06475000e-07,4.95000000e+00,1.23750000e+01,-1.12500000e-02,1.35742188e+01
8.06795000e-07,5.01250000e+00,1.25375000e+01,6.25000000e-04,1.35921875e+01
8.07115000e-07,5.06250000e+00,1.23875000e+01,1.81250000e-02,1.35625000e+01
8.07435000e-07,5.07500000e+00,1.24625000e+01,-1.87500000e-03,1.36148438e+01
8.07755000e-07,5.02500000e+00,1.25375000e+01,2.06250000e-02,1.36031250e+01
8.08075000e-07,4.97500000e+00,1.23875000e+01,3.06250000e-02,1.36210938e+01
8.08395000e-07,5.03750000e+00,1.22750000e+01,-2.18750000e-02,1.36539063e+01
8.08715000e-07,4.95000000e+00,1.24875000e+01,-9.37500000e-03,1.36023437e+01
8.09035000e-07,5.10000000e+00,1.24000000e+01,-9.37500000e-03,1.34781250e+01
8.09355000e-07,5.01250000e+00,1.24250000e+01,3.12500000e-03,1.35562500e+01
8.09675000e-07,5.11250000e+00,1.23875000e+01,1.31250000e-02,1.35492187e+01
8.09995000e-07,5.10000000e+00,1.24125000e+01,-9.37500000e-03,1.34906250e+01
8.10315000e-07,5.10000000e+00,1.22875000e+01,-1.87500000e-03,1.35320312e+01
8.10635000e-07,5.10000000e+00,1.23000000e+01,1.31250000e-02,1.35695313e+01
8.10955000e-07,5.05000000e+00,1.24000000e+01,-1.93750000e-02,1.36203125e+01
8.11275000e-07,5.07500000e+00,1.23250000e+01,-2.81250000e-02,1.36281250e+01
8.11595000e-07,4.83750000e+00,1.24125000e+01,1.56250000e-02,1.36429687e+01
8.11915000e-07,4.91250000e+00,1.24000000e+01,1.06250000e-02,1.35335937e+01
8.12235000e-07,4.86250000e+00,1.23250000e+01,8.12500000e-03,1.34281250e+01
8.12555000e-07,5.11250000e+00,1.24125000e+01,-1.50000000e-02,1.35335937e+01
8.12875000e-07,4.98750000e+00,1.23375000e+01,-2.81250000e-02,1.36007813e+01
8.13195000e-07,4.88750000e+00,1.24000000e+01,3.75000000e-03,1.35648437e+01
8.13515000e-07,5.03750000e+00,1.21750000e+01,8.75000000e-03,1.35257812e+01
8.13835000e-07,4.97500000e+00,1.23250000e+01,2.56250000e-02,1.34820313e+01
8.14155000e-07,4.95000000e+00,1.24500000e+01,8.12500000e-03,1.34898438e+01
8.14475000e-07,5.11250000e+00,1.23375000e+01,-1.43750000e-02,1.35429688e+01
8.14795000e-07,4.96250000e+00,1.23875000e+01,-1.18750000e-02,1.35304688e+01
8.15115000e-07,5.10000000e+00,1.24500000e+01,1.56250000e-02,1.35031250e+01
8.15435000e-07,5.05000000e+00,1.23875000e+01,2.31250000e-02,1.35085937e+01
8.15755000e-07,5.01250000e+00,1.25000000e+01,6.25000000e-04,1.34664063e+01
8.16075000e-07,4.92500000e+00,1.22750000e+01,-2.81250000e-02,1.34453125e+01
8.16395000e-07,5.12500000e+00,1.22750000e+01,2.31250000e-02,1.35359375e+01
8.16715000e-07,4.97500000e+00,1.23375000e+01,3.31250000e-02,1.35156250e+01
8.17035000e-07,4.96250000e+00,1.23875000e+01,-2.81250000e-02,1.34289063e+01
8.17355000e-07,5.06250000e+00,1.24250000e+01,3.12500000e-03,1.35265625e+01
8.17675000e-07,5.01250000e+00,1.25375000e+01,3.56250000e-02,1.36648437e+01
8.17995000e-07,5.05000000e+00,1.22750000e+01,2.06250000e-02,1.36031250e+01
8.18315000e-07,4.93750000e+00,1.24750000e+01,-1.87500000e-03,1.35062500e+01
8.18635000e-07,4.97500000e+00,1.24625000e+01,-1.68750000e-02,1.35171875e+01
8.18955000e-07,4.96250000e+00,1.24500000e+01,-9.37500000e-03,1.35015625e+01
8.19275000e-07,5.12500000e+00,1.24000000e+01,3.12500000e-03,1.35296875e+01
8.19595000e-07,5.16250000e+00,1.25250000e+01,-1.43750000e-02,1.35664062e+01
8.19915000e-07,4.87500000e+00,1.23875000e+01,-1.18750000e-02,1.35195312e+01
8.20235000e-07,4.98750000e+00,1.23875000e+01,-1.87500000e-03,1.34914063e+01
8.20555000e-07,4.91250000e+00,1.24125000e+01,1.06250000e-02,1.35039062e+01
8.20875000e-07,5.02500000e+00,1.24750000e+01,3.31250000e-02,1.35093750e+01
8.21195000e-07,5.06250000e+00,1.23875000e+01,-6.87500000e-03,1.34421875e+01
8.21515000e-07,5.02500000e+00,1.23375000e+01,5.62500000e-03,1.34984375e+01
8.21835000e-07,5.00000000e+00,1.24750000e+01,-1.93750000e-02,1.35226563e+01
8.22155000e-07,4.98750000e+00,1.25500000e+01,1.06250000e-02,1.35203125e+01
8.22475000e-07,5.03750000e+00,1.24625000e+01,-1.18750000e-02,1.35757813e+01
8.22795000e-07,5.00000000e+00,1.24250000e+01,2.56250000e-02,1.35593750e+01
8.23115000e-07,5.07500000e+00,1.23750000e+01,-5.00000000e-03,1.35601563e+01
8.23435000e-07,4.87500000e+00,1.24875000e+01,-2.81250000e-02,1.35468750e+01
8.23755000e-07,4.98750000e+00,1.23250000e+01,1.25000000e-03,1.35914063e+01
8.24075000e-07,5.01250000e+00,1.23625000e+01,-2.12500000e-02,1.35679688e+01
8.24395000e-07,4.98750000e+00,1.24250000e+01,2.06250000e-02,1.34945312e+01
8.24715000e-07,5.02500000e+00,1.23250000e+01,-1.87500000e-03,1.34460937e+01
8.25035000e-07,5.00000000e+00,1.24375000e+01,-2.81250000e-02,1.35367188e+01
8.25355000e-07,5.07500000e+00,1.24125000e+01,1.81250000e-02,1.36070313e+01
8.25675000e-07,5.05000000e+00,1.23500000e+01,3.12500000e-03,1.36320313e+01
8.25995000e-07,4.98750000e+00,1.22875000e+01,8.12500000e-03,1.36195312e+01
8.26315000e-07,4.96250000e+00,1.23375000e+01,5.62500000e-03,1.35492187e+01
8.26635000e-07,5.03750000e+00,1.24375000e+01,-2.56250000e-02,1.35820312e+01
8.26955000e-07,5.02500000e+00,1.23750000e+01,2.31250000e-02,1.35765625e+01
8.27275000e-07,5.08750000e+00,1.24875000e+01,2.06250000e-02,1.35476562e+01
8.27595000e-07,5.10000000e+00,1.23125000e+01,-4.37500000e-03,1.35367188e+01
8.27915000e-07,5.07500000e+00,1.24500000e+01,5.62500000e-03,1.35320312e+01
8.28235000e-07,5.03750000e+00,1.24750000e+01,-2.00000000e-02,1.35179687e+01
8.28555000e-07,4.96250000e+00,1.22875000e+01,-1.93750000e-02,1.35812500e+01
8.28875000e-07,4.88750000e+00,1.23000000e+01,6.25000000e-04,1.35585938e+01
8.29195000e-07,4.97500000e+00,1.24625000e+01,1.56250000e-02,1.35023437e+01
8.29515000e-07,5.02500000e+00,1.23250000e+01,1.81250000e-02,1.35218750e+01
8.29835000e-07,5.02500000e+00,1.24375000e+01,3.12500000e-03,1.36062500e+01
8.30155000e-07,5.11250000e+00,1.22625000e+01,-2.00000000e-02,1.35843750e+01
8.30475000e-07,5.05000000e+00,1.23000000e+01,-2.56250000e-02,1.35218750e+01
8.30795000e-07,5.01250000e+00,1.25250000e+01,8.75000000e-03,1.35398437e+01
8.31115000e-07,4.91250000e+00,1.23625000e+01,-1.25000000e-03,1.35109375e+01
8.31435000e-07,4.91250000e+00,1.23500000e+01,1.56250000e-02,1.35453125e+01
8.31755000e-07,5.11250000e+00,1.24875000e+01,-1.93750000e-02,1.35757813e+01
8.32075000e-07,5.02500000e+00,1.23375000e+01,6.25000000e-04,1.34953125e+01
8.32395000e-07,4.91250000e+00,1.25375000e+01,-9.37500000e-03,1.35617188e+01
8.32715000e-07,4.95000000e+00,1.23750000e+01,-2.18750000e-02,1.35421875e+01
8.33035000e-07,5.02500000e+00,1.23875000e+01,1.31250000e-02,1.35914063e+01
8.33355000e-07,5.05000000e+00,1.24125000e+01,2.81250000e-02,1.35312500e+01
8.33675000e-07,5.08750000e+00,1.25125000e+01,-1.43750000e-02,1.34953125e+01
8.33995000e-07,5.05000000e+00,1.22875000e+01,-1.68750000e-02,1.35648437e+01
8.34315000e-07,4.97500000e+00,1.23625000e+01,8.12500000e-03,1.35015625e+01
8.34635000e-07,5.01250000e+00,1.24125000e+01,3.31250000e-02,1.35554687e+01
8.34955000e-07,5.05000000e+00,1.23875000e+01,3.12500000e-03,1.35625000e+01
8.35275000e-07,4.91250000e+00,1.24375000e+01,6.25000000e-04,1.35062500e+01
8.35595000e-07,5.03750000e+00,1.23875000e+01,1.56250000e-02,1.35640625e+01
8.35915000e-07,5.02500000e+00,1.23500000e+01,2.81250000e-02,1.36515625e+01
8.36235000e-07,5.11250000e+00,1.23750000e+01,1.56250000e-02,1.36164063e+01
8.36555000e-07,4.93750000e+00,1.23375000e+01,5.62500000e-03,1.35234375e+01
8.36875000e-07,4.96250000e+00,1.25375000e+01,6.25000000e-04,1.35585938e+01
8.37195000e-07,5.06250000e+00,1.23375000e+01,6.25000000e-04,1.35304688e+01
8.37515000e-07,5.02500000e+00,1.24375000e+01,1.81250000e-02,1.35007812e+01
8.37835000e-07,4.98750000e+00,1.23625000e+01,-3.56250000e-02,1.35976562e+01
8.38155000e-07,5.06250000e+00,1.24375000e+01,1.81250000e-02,1.35601563e+01
8.38475000e-07,5.03750000e+00,1.24125000e+01,3.12500000e-03,1.34289063e+01
8.38795000e-07,4.96250000e+00,1.23625000e+01,-4.37500000e-03,1.34492188e+01
8.39115000e-07,4.98750000e+00,1.24500000e+01,-9.37500000e-03,1.33539062e+01
8.39435000e-07,4.98750000e+00,1.24125000e+01,2.56250000e-02,1.34093750e+01
8.39755000e-07,5.00000000e+00,1.23125000e+01,2.31250000e-02,1.35414062e+01
8.40075000e-07,5.11250000e+00,1.24625000e+01,-6.87500000e-03,1.35367188e+01
8.40395000e-07,5.06250000e+00,1.24250000e+01,-1.93750000e-02,1.34937500e+01
8.40715000e-07,5.10000000e+00,1.23875000e+01,1.81250000e-02,1.34320312e+01
8.41035000e-07,4.95000000e+00,1.23625000e+01,3.12500000e-03,1.34390625e+01
8.41355000e-07,4.92500000e+00,1.24500000e+01,-4.37500000e-03,1.34929687e+01
8.41675000e-07,5.05000000e+00,1.24375000e+01,-1.18750000e-02,1.35023437e+01
8.41995000e-07,5.01250000e+00,1.23625000e+01,6.25000000e-04,1.34648438e+01
8.42315000e-07,4.95000000e+00,1.23125000e+01,3.56250000e-02,1.33515625e+01
8.42635000e-07,4.93750000e+00,1.25000000e+01,5.62500000e-03,1.34031250e+01
8.42955000e-07,5.00000000e+00,1.23625000e+01,3.12500000e-03,1.34570312e+01
8.43275000e-07,4.98750000e+00,1.23875000e+01,2.06250000e-02,1.34914063e+01
8.43595000e-07,4.98750000e+00,1.24500000e+01,-1.87500000e-03,1.34398437e+01
8.43915000e-07,4.76250000e+00,1.24250000e+01,-2.56250000e-02,1.34523438e+01
8.44235000e-07,4.86250000e+00,1.23000000e+01,-1.18750000e-02,1.34812500e+01
8.44555000e-07,5.02500000e+00,1.24750000e+01,1.81250000e-02,1.34679688e+01
8.44875000e-07,5.02500000e+00,1.25375000e+01,1.06250000e-02,1.34375000e+01
8.45195000e-07,5.01250000e+00,1.24000000e+01,1.31250000e-02,1.34390625e+01
8.45515000e-07,4.92500000e+00,1.22750000e+01,-5.00000000e-03,1.34562500e+01
8.45835000e-07,5.03750000e+00,1.24625000e+01,-2.56250000e-02,1.34726562e+01
8.46155000e-07,4.93750000e+00,1.23375000e+01,2.12500000e-02,1.34984375e+01
8.46475000e-07,4.85000000e+00,1.25375000e+01,-3.75000000e-03,1.34742188e+01
8.46795000e-07,5.00000000e+00,1.23375000e+01,-2.56250000e-02,1.35187500e+01
8.47115000e-07,5.08750000e+00,1.24625000e+01,1.31250000e-02,1.35257812e+01
8.47435000e-07,5.07500000e+00,1.23750000e+01,1.81250000e-02,1.34750000e+01
8.47755000e-07,4.86250000e+00,1.24750000e+01,6.25000000e-04,1.34687500e+01
8.48075000e-07,5.06250000e+00,1.23250000e+01,6.25000000e-04,1.35015625e+01
8.48395000e-07,5.07500000e+00,1.22125000e+01,5.62500000e-03,1.35210938e+01
8.48715000e-07,4.95000000e+00,1.24625000e+01,-1.43750000e-02,1.35695313e+01
8.49035000e-07,4.93750000e+00,1.24500000e+01,5.62500000e-03,1.35382813e+01
8.49355000e-07,4.97500000e+00,1.23375000e+01,-1.87500000e-03,1.34640625e+01
8.49675000e-07,5.11250000e+00,1.24875000e+01,8.12500000e-03,1.34210938e+01
8.49995000e-07,5.05000000e+00,1.23625000e+01,5.62500000e-03,1.34656250e+01
8.50315000e-07,5.05000000e+00,1.25250000e+01,3.12500000e-03,1.35007812e+01
8.50635000e-07,5.03750000e+00,1.23125000e+01,3.12500000e-03,1.35070313e+01
8.50955000e-07,5.00000000e+00,1.23250000e+01,-2.87500000e-02,1.35445313e+01
8.51275000e-07,5.10000000e+00,1.23875000e+01,-4.37500000e-03,1.36031250e+01
8.51595000e-07,5.01250000e+00,1.25125000e+01,1.50000000e-02,1.35109375e+01
8.51915000e-07,5.08750000e+00,1.23000000e+01,-2.18750000e-02,1.34835938e+01
8.52235000e-07,5.05000000e+00,1.24125000e+01,-1.87500000e-03,1.35539063e+01
8.52555000e-07,4.90000000e+00,1.23125000e+01,2.06250000e-02,1.35593750e+01
8.52875000e-07,5.07500000e+00,1.24125000e+01,1.81250000e-02,1.35929688e+01
8.53195000e-07,4.96250000e+00,1.24125000e+01,-1.43750000e-02,1.35195312e+01
8.53515000e-07,5.08750000e+00,1.25000000e+01,3.06250000e-02,1.34968750e+01
8.53835000e-07,5.08750000e+00,1.23625000e+01,-1.00000000e-02,1.34945312e+01
8.54155000e-07,4.95000000e+00,1.24625000e+01,-1.18750000e-02,1.34945312e+01
8.54475000e-07,4.93750000e+00,1.23500000e+01,1.81250000e-02,1.35515625e+01
8.54795000e-07,4.96250000e+00,1.23875000e+01,-2.62500000e-02,1.34812500e+01
8.55115000e-07,5.03750000e+00,1.24250000e+01,-3.81250000e-02,1.33898438e+01
8.55435000e-07,5.01250000e+00,1.23500000e+01,2.56250000e-02,1.34867187e+01
8.55755000e-07,4.97500000e+00,1.24625000e+01,1.62500000e-02,1.34781250e+01
8.56075000e-07,5.02500000e+00,1.24000000e+01,3.12500000e-03,1.34320312e+01
8.56395000e-07,5.01250000e+00,1.23625000e+01,3.12500000e-03,1.35203125e+01
8.56715000e-07,5.13750000e+00,1.24500000e+01,1.06250000e-02,1.35226563e+01
8.57035000e-07,5.01250000e+00,1.22625000e+01,-1.68750000e-02,1.34585938e+01
8.57355000e-07,5.07500000e+00,1.22875000e+01,6.25000000e-04,1.35007812e+01
8.57675000e-07,5.02500000e+00,1.23875000e+01,6.25000000e-04,1.34523438e+01
8.57995000e-07,5.12500000e+00,1.23375000e+01,3.12500000e-03,1.34671875e+01
8.58315000e-07,4.95000000e+00,1.22375000e+01,5.62500000e-03,1.35703125e+01
8.58635000e-07,5.10000000e+00,1.23500000e+01,1.06250000e-02,1.35500000e+01
8.58955000e-07,5.03750000e+00,1.24500000e+01,3.12500000e-03,1.35054688e+01
8.59275000e-07,4.83750000e+00,1.24000000e+01,6.25000000e-04,1.35039062e+01
8.59595000e-07,5.01250000e+00,1.23250000e+01,-1.43750000e-02,1.33742188e+01
8.59915000e-07,5.16250000e+00,1.24500000e+01,1.06250000e-02,1.33382812e+01
8.60235000e-07,5.03750000e+00,1.23500000e+01,1.06250000e-02,1.34781250e+01
8.60555000e-07,5.02500000e+00,1.24000000e+01,2.56250000e-02,1.35132813e+01
8.60875000e-07,5.05000000e+00,1.22500000e+01,-4.37500000e-03,1.34914063e+01
8.61195000e-07,4.85000000e+00,1.24000000e+01,-9.37500000e-03,1.35320312e+01
8.61515000e-07,4.93750000e+00,1.22500000e+01,1.81250000e-02,1.35437500e+01
8.61835000e-07,5.03750000e+00,1.22875000e+01,1.06250000e-02,1.34156250e+01
8.62155000e-07,4.91250000e+00,1.24250000e+01,-4.37500000e-03,1.34101562e+01
8.62475000e-07,4.92500000e+00,1.24250000e+01,1.06250000e-02,1.34914063e+01
8.62795000e-07,5.07500000e+00,1.22500000e+01,6.25000000e-04,1.34632812e+01
8.63115000e-07,4.98750000e+00,1.24625000e+01,8.12500000e-03,1.34945312e+01
8.63435000e-07,5.01250000e+00,1.25000000e+01,-1.87500000e-03,1.35367188e+01
8.63755000e-07,5.10000000e+00,1.25125000e+01,-1.87500000e-03,1.35132813e+01
8.64075000e-07,5.05000000e+00,1.24375000e+01,1.56250000e-02,1.34906250e+01
8.64395000e-07,5.01250000e+00,1.23625000e+01,3.31250000e-02,1.34937500e+01
8.64715000e-07,4.78750000e+00,1.23875000e+01,-1.18750000e-02,1.34695312e+01
8.65035000e-07,4.90000000e+00,1.23125000e+01,-1.87500000e-03,1.35523438e+01
8.65355000e-07,5.02500000e+00,1.21875000e+01,-1.93750000e-02,1.34656250e+01
8.65675000e-07,5.06250000e+00,1.24250000e+01,-1.87500000e-03,1.34906250e+01
8.65995000e-07,5.15000000e+00,1.24250000e+01,3.12500000e-03,1.35453125e+01
8.66315000e-07,5.08750000e+00,1.24500000e+01,-2.18750000e-02,1.35312500e+01
8.66635000e-07,5.15000000e+00,1.23375000e+01,1.31250000e-02,1.35015625e+01
8.66955000e-07,4.92500000e+00,1.25500000e+01,1.06250000e-02,1.34507813e+01
8.67275000e-07,4.85000000e+00,1.25125000e+01,5.62500000e-03,1.34632812e+01
8.67595000e-07,4.98750000e+00,1.23250000e+01,-6.87500000e-03,1.33937500e+01
8.67915000e-07,4.92500000e+00,1.22875000e+01,8.12500000e-03,1.34148437e+01
8.68235000e-07,5.08750000e+00,1.23625000e+01,-1.43750000e-02,1.35015625e+01
8.68555000e-07,5.03750000e+00,1.22750000e+01,-3.31250000e-02,1.35000000e+01
8.68875000e-07,5.00000000e+00,1.24375000e+01,1.31250000e-02,1.34828125e+01
8.69195000e-07,4.87500000e+00,1.23125000e+01,1.31250000e-02,1.33351563e+01
8.69515000e-07,4.97500000e+00,1.25500000e+01,5.62500000e-03,1.33398438e+01
8.69835000e-07,5.02500000e+00,1.23625000e+01,-1.68750000e-02,1.34609375e+01
8.70155000e-07,5.02500000e+00,1.22625000e+01,1.06250000e-02,1.34820313e+01
8.70475000e-07,5.07500000e+00,1.23750000e+01,4.06250000e-02,1.34664063e+01
8.70795000e-07,5.06250000e+00,1.23750000e+01,-1.87500000e-03,1.34835938e+01
8.71115000e-07,4.98750000e+00,1.23500000e+01,1.06250000e-02,1.34976563e+01
8.71435000e-07,5.06250000e+00,1.23625000e+01,2.81250000e-02,1.35531250e+01
8.71755000e-07,4.97500000e+00,1.23125000e+01,-1.43750000e-02,1.35421875e+01
8.72075000e-07,5.06250000e+00,1.23250000e+01,-9.37500000e-03,1.34679688e+01
8.72395000e-07,5.10000000e+00,1.23875000e+01,1.31250000e-02,1.34632812e+01
8.72715000e-07,4.92500000e+00,1.24625000e+01,6.25000000e-04,1.34765625e+01
8.73035000e-07,5.01250000e+00,1.23625000e+01,2.56250000e-02,1.35085937e+01
8.73355000e-07,5.08750000e+00,1.24500000e+01,6.25000000e-04,1.35210938e+01
8.73675000e-07,5.00000000e+00,1.22750000e+01,-3.56250000e-02,1.34796875e+01
8.73995000e-07,4.92500000e+00,1.23875000e+01,-1.43750000e-02,1.35257812e+01
8.74315000e-07,5.06250000e+00,1.22750000e+01,-1.43750000e-02,1.35289063e+01
8.74635000e-07,4.95000000e+00,1.23625000e+01,3.06250000e-02,1.34906250e+01
8.74955000e-07,4.85000000e+00,1.24750000e+01,1.31250000e-02,1.33921875e+01
8.75275000e-07,5.13750000e+00,1.23875000e+01,3.06250000e-02,1.33937500e+01
8.75595000e-07,4.88750000e+00,1.22125000e+01,5.62500000e-03,1.34335938e+01
8.75915000e-07,5.02500000e+00,1.24125000e+01,8.12500000e-03,1.34609375e+01
8.76235000e-07,4.97500000e+00,1.24000000e+01,1.81250000e-02,1.35109375e+01
8.76555000e-07,4.93750000e+00,1.23125000e+01,2.56250000e-02,1.35273438e+01
8.76875000e-07,4.97500000e+00,1.23500000e+01,-1.18750000e-02,1.34960938e+01
8.77195000e-07,5.06250000e+00,1.23375000e+01,-1.87500000e-03,1.33960938e+01
8.77515000e-07,4.98750000e+00,1.22375000e+01,1.06250000e-02,1.33460937e+01
8.77835000e-07,5.02500000e+00,1.25500000e+01,2.31250000e-02,1.34500000e+01
8.78155000e-07,4.95000000e+00,1.24875000e+01,5.62500000e-03,1.34265625e+01
8.78475000e-07,4.93750000e+00,1.24625000e+01,-2.56250000e-02,1.34882812e+01
8.78795000e-07,5.00000000e+00,1.23250000e+01,2.81250000e-02,1.35453125e+01
8.79115000e-07,5.02500000e+00,1.24625000e+01,1.56250000e-02,1.35367188e+01
8.79435000e-07,5.03750000e+00,1.22625000e+01,-1.18750000e-02,1.34617187e+01
8.79755000e-07,5.02500000e+00,1.23125000e+01,6.25000000e-04,1.34132813e+01
8.80075000e-07,5.02500000e+00,1.24000000e+01,8.12500000e-03,1.34179688e+01
8.80395000e-07,4.93750000e+00,1.23375000e+01,3.12500000e-03,1.34476562e+01
8.80715000e-07,4.96250000e+00,1.23750000e+01,-6.87500000e-03,1.34726562e+01
8.81035000e-07,4.86250000e+00,1.23250000e+01,-4.37500000e-03,1.35257812e+01
8.81355000e-07,5.06250000e+00,1.23625000e+01,1.06250000e-02,1.34546875e+01
8.81675000e-07,5.00000000e+00,1.23000000e+01,1.56250000e-02,1.33898438e+01
8.81995000e-07,5.00000000e+00,1.23250000e+01,6.25000000e-04,1.34140625e+01
8.82315000e-07,5.07500000e+00,1.25250000e+01,-1.68750000e-02,1.34859375e+01
8.82635000e-07,4.91250000e+00,1.24250000e+01,3.31250000e-02,1.34718750e+01
8.82955000e-07,5.12500000e+00,1.24625000e+01,2.50000000e-03,1.34437500e+01
8.83275000e-07,5.07500000e+00,1.23000000e+01,-2.81250000e-02,1.34117188e+01
8.83595000e-07,5.01250000e+00,1.24125000e+01,8.75000000e-03,1.34398437e+01
8.83915000e-07,4.93750000e+00,1.24250000e+01,1.62500000e-02,1.34742188e+01
8.84235000e-07,5.07500000e+00,1.24875000e+01,-1.68750000e-02,1.34671875e+01
8.84555000e-07,5.01250000e+00,1.22750000e+01,1.31250000e-02,1.34523438e+01
8.84875000e-07,5.06250000e+00,1.23750000e+01,1.06250000e-02,1.34734375e+01
8.85195000e-07,5.16250000e+00,1.23375000e+01,2.06250000e-02,1.34375000e+01
8.85515000e-07,4.98750000e+00,1.23750000e+01,2.31250000e-02,1.33960938e+01
8.85835000e-07,4.97500000e+00,1.23125000e+01,-9.37500000e-03,1.34132813e+01
8.86155000e-07,4.98750000e+00,1.25000000e+01,-6.87500000e-03,1.34734375e+01
8.86475000e-07,5.11250000e+00,1.23625000e+01,-1.18750000e-02,1.35453125e+01
8.86795000e-07,5.05000000e+00,1.24750000e+01,1.31250000e-02,1.35210938e+01
8.87115000e-07,5.03750000e+00,1.24250000e+01,-1.68750000e-02,1.34742188e+01
8.87435000e-07,4.96250000e+00,1.24750000e+01,-4.37500000e-03,1.34148437e+01
8.87755000e-07,4.97500000e+00,1.22875000e+01,1.56250000e-02,1.34570312e+01
8.88075000e-07,5.11250000e+00,1.24625000e+01,-1.87500000e-03,1.35429688e+01
8.88395000e-07,4.85000000e+00,1.23875000e+01,1.06250000e-02,1.35062500e+01
8.88715000e-07,4.98750000e+00,1.24000000e+01,-1.68750000e-02,1.34937500e+01
8.89035000e-07,5.07500000e+00,1.23125000e+01,5.62500000e-03,1.34515625e+01
8.89355000e-07,5.03750000e+00,1.24375000e+01,1.81250000e-02,1.34562500e+01
8.89675000e-07,5.10000000e+00,1.23750000e+01,-2.18750000e-02,1.34101562e+01
8.89995000e-07,4.97500000e+00,1.25000000e+01,-1.87500000e-03,1.34835938e+01
8.90315000e-07,4.97500000e+00,1.24000000e+01,1.81250000e-02,1.34835938e+01
8.90635000e-07,5.00000000e+00,1.23500000e+01,-2.56250000e-02,1.34859375e+01
8.90955000e-07,5.03750000e+00,1.24500000e+01,6.25000000e-04,1.34625000e+01
8.91275000e-07,5.12500000e+00,1.23875000e+01,2.81250000e-02,1.34328125e+01
8.91595000e-07,5.01250000e+00,1.21875000e+01,-1.18750000e-02,1.34812500e+01
8.91915000e-07,5.00000000e+00,1.25000000e+01,-4.37500000e-03,1.35273438e+01
8.92235000e-07,5.03750000e+00,1.23500000e+01,-6.87500000e-03,1.34750000e+01
8.92555000e-07,5.02500000e+00,1.22500000e+01,6.25000000e-04,1.34250000e+01
8.92875000e-07,4.98750000e+00,1.22250000e+01,6.25000000e-04,1.34328125e+01
8.93195000e-07,5.07500000e+00,1.24000000e+01,-4.37500000e-03,1.34000000e+01
8.93515000e-07,5.07500000e+00,1.24000000e+01,6.25000000e-04,1.33992187e+01
8.93835000e-07,5.00000000e+00,1.24250000e+01,-6.87500000e-03,1.34054688e+01
8.94155000e-07,4.97500000e+00,1.22375000e+01,-2.81250000e-02,1.34882812e+01
8.94475000e-07,4.97500000e+00,1.24500000e+01,-2.62500000e-02,1.34718750e+01
8.94795000e-07,4.90000000e+00,1.24125000e+01,-9.37500000e-03,1.33742188e+01
8.95115000e-07,5.02500000e+00,1.23875000e+01,0.00000000e+00,1.33585938e+01
8.95435000e-07,5.05000000e+00,1.25125000e+01,3.12500000e-03,1.33710938e+01
8.95755000e-07,4.98750000e+00,1.24750000e+01,-1.00000000e-02,1.34265625e+01
8.96075000e-07,5.01250000e+00,1.23250000e+01,-1.68750000e-02,1.34265625e+01
8.96395000e-07,5.00000000e+00,1.24250000e+01,3.12500000e-03,1.34281250e+01
8.96715000e-07,4.96250000e+00,1.22875000e+01,-1.87500000e-03,1.34515625e+01
8.97035000e-07,4.92500000e+00,1.24500000e+01,8.12500000e-03,1.34625000e+01
8.97355000e-07,4.90000000e+00,1.23750000e+01,1.31250000e-02,1.34125000e+01
8.97675000e-07,4.98750000e+00,1.25500000e+01,-5.00000000e-03,1.34257812e+01
8.97995000e-07,5.08750000e+00,1.24125000e+01,-1.68750000e-02,1.34492188e+01
8.98315000e-07,5.07500000e+00,1.23000000e+01,-2.18750000e-02,1.35242187e+01
8.98635000e-07,5.01250000e+00,1.22625000e+01,-4.37500000e-03,1.34242187e+01
8.98955000e-07,4.97500000e+00,1.23250000e+01,-6.87500000e-03,1.33226562e+01
8.99275000e-07,4.95000000e+00,1.24000000e+01,6.25000000e-04,1.34148437e+01
8.99595000e-07,4.93750000e+00,1.23875000e+01,-1.25000000e-02,1.34742188e+01
8.99915000e-07,5.01250000e+00,1.23375000e+01,-1.93750000e-02,1.35500000e+01
9.00235000e-07,4.87500000e+00,1.24250000e+01,1.56250000e-02,1.35601563e+01
9.00555000e-07,5.11250000e+00,1.24500000e+01,-1.43750000e-02,1.34984375e+01
9.00875000e-07,5.07500000e+00,1.24500000e+01,3.12500000e-03,1.33789062e+01
9.01195000e-07,5.00000000e+00,1.23125000e+01,8.12500000e-03,1.34031250e+01
9.01515000e-07,5.02500000e+00,1.23750000e+01,3.12500000e-03,1.34031250e+01
9.01835000e-07,5.21250000e+00,1.24625000e+01,-4.37500000e-03,1.33804688e+01
9.02155000e-07,5.05000000e+00,1.24375000e+01,-3.31250000e-02,1.34757813e+01
9.02475000e-07,5.03750000e+00,1.23750000e+01,6.25000000e-04,1.34906250e+01
9.02795000e-07,5.08750000e+00,1.24125000e+01,2.56250000e-02,1.34898438e+01
9.03115000e-07,4.97500000e+00,1.23750000e+01,-1.25000000e-02,1.34500000e+01
9.03435000e-07,4.98750000e+00,1.24375000e+01,-1.93750000e-02,1.34625000e+01
9.03755000e-07,4.97500000e+00,1.23750000e+01,3.31250000e-02,1.34125000e+01
9.04075000e-07,4.91250000e+00,1.25125000e+01,2.81250000e-02,1.34625000e+01
9.04395000e-07,5.01250000e+00,1.24000000e+01,1.56250000e-02,1.34085937e+01
9.04715000e-07,4.98750000e+00,1.24000000e+01,6.25000000e-04,1.33390625e+01
9.05035000e-07,5.03750000e+00,1.22500000e+01,-2.18750000e-02,1.33726563e+01
9.05355000e-07,5.07500000e+00,1.23375000e+01,-6.87500000e-03,1.34140625e+01
9.05675000e-07,5.08750000e+00,1.23375000e+01,5.62500000e-03,1.34140625e+01
9.05995000e-07,4.93750000e+00,1.22500000e+01,2.56250000e-02,1.34351563e+01
9.06315000e-07,4.95000000e+00,1.24000000e+01,3.31250000e-02,1.34218750e+01
9.06635000e-07,5.12500000e+00,1.24000000e+01,-7.50000000e-03,1.34218750e+01
9.06955000e-07,5.03750000e+00,1.23625000e+01,-2.56250000e-02,1.34351563e+01
9.07275000e-07,5.07500000e+00,1.25000000e+01,6.25000000e-03,1.34445313e+01
9.07595000e-07,5.05000000e+00,1.23500000e+01,2.62500000e-02,1.34093750e+01
9.07915000e-07,5.10000000e+00,1.23000000e+01,2.06250000e-02,1.32921875e+01
9.08235000e-07,4.96250000e+00,1.22500000e+01,-1.18750000e-02,1.33851562e+01
9.08555000e-07,5.02500000e+00,1.23000000e+01,1.31250000e-02,1.33937500e+01
9.08875000e-07,4.97500000e+00,1.24000000e+01,3.12500000e-03,1.33828125e+01
9.09195000e-07,4.91250000e+00,1.24875000e+01,3.56250000e-02,1.35007812e+01
9.09515000e-07,5.00000000e+00,1.25250000e+01,8.12500000e-03,1.34226562e+01
9.09835000e-07,5.03750000e+00,1.24000000e+01,1.81250000e-02,1.33804688e+01
9.10155000e-07,5.02500000e+00,1.22500000e+01,6.25000000e-04,1.34281250e+01
9.10475000e-07,4.96250000e+00,1.23750000e+01,1.56250000e-02,1.34242187e+01
9.10795000e-07,5.15000000e+00,1.23875000e+01,-6.87500000e-03,1.33984375e+01
9.11115000e-07,5.11250000e+00,1.23750000e+01,-4.37500000e-03,1.33640625e+01
9.11435000e-07,5.01250000e+00,1.23500000e+01,-1.68750000e-02,1.34125000e+01
9.11755000e-07,4.96250000e+00,1.23750000e+01,1.31250000e-02,1.33968750e+01
9.12075000e-07,5.10000000e+00,1.23375000e+01,2.06250000e-02,1.33992187e+01
9.12395000e-07,5.07500000e+00,1.24500000e+01,1.06250000e-02,1.34492188e+01
9.12715000e-07,5.00000000e+00,1.24375000e+01,2.81250000e-02,1.34031250e+01
9.13035000e-07,4.95000000e+00,1.24000000e+01,5.62500000e-03,1.33429688e+01
9.13355000e-07,4.98750000e+00,1.23125000e+01,-4.37500000e-03,1.34046875e+01
9.13675000e-07,5.02500000e+00,1.23250000e+01,-9.37500000e-03,1.34281250e+01
9.13995000e-07,4.95000000e+00,1.23625000e+01,2.06250000e-02,1.33046875e+01
9.14315000e-07,5.03750000e+00,1.24250000e+01,-1.93750000e-02,1.33132812e+01
9.14635000e-07,4.95000000e+00,1.23500000e+01,1.81250000e-02,1.33648438e+01
9.14955000e-07,5.01250000e+00,1.24625000e+01,4.06250000e-02,1.34195313e+01
9.15275000e-07,5.06250000e+00,1.23875000e+01,3.12500000e-03,1.33726563e+01
9.15595000e-07,5.00000000e+00,1.24375000e+01,-1.25000000e-02,1.33789062e+01
9.15915000e-07,5.05000000e+00,1.23500000e+01,-6.87500000e-03,1.34203125e+01
9.16235000e-07,4.97500000e+00,1.24000000e+01,8.12500000e-03,1.34203125e+01
9.16555000e-07,5.01250000e+00,1.22750000e+01,3.31250000e-02,1.33335938e+01
9.16875000e-07,5.18750000e+00,1.23000000e+01,-2.00000000e-02,1.33406250e+01
9.17195000e-07,4.97500000e+00,1.23500000e+01,-2.81250000e-02,1.34195313e+01
9.17515000e-07,5.00000000e+00,1.23250000e+01,-1.93750000e-02,1.34210938e+01
9.17835000e-07,5.13750000e+00,1.22625000e+01,-1.62500000e-02,1.33609375e+01
9.18155000e-07,5.05000000e+00,1.24000000e+01,2.31250000e-02,1.33187500e+01
9.18475000e-07,5.03750000e+00,1.24375000e+01,-1.87500000e-03,1.34101562e+01
9.18795000e-07,5.12500000e+00,1.22625000e+01,6.25000000e-04,1.34406250e+01
9.19115000e-07,5.10000000e+00,1.23000000e+01,1.81250000e-02,1.33867188e+01
9.19435000e-07,4.93750000e+00,1.24125000e+01,-1.87500000e-03,1.35078125e+01
9.19755000e-07,4.91250000e+00,1.24500000e+01,-1.68750000e-02,1.35656250e+01
9.20075000e-07,5.15000000e+00,1.24125000e+01,1.31250000e-02,1.34210938e+01
9.20395000e-07,4.96250000e+00,1.23750000e+01,1.31250000e-02,1.33015625e+01
9.20715000e-07,4.87500000e+00,1.24750000e+01,2.31250000e-02,1.33820313e+01
9.21035000e-07,4.96250000e+00,1.23000000e+01,1.06250000e-02,1.34140625e+01
9.21355000e-07,5.00000000e+00,1.23875000e+01,5.62500000e-03,1.33546875e+01
9.21675000e-07,5.06250000e+00,1.24750000e+01,1.56250000e-02,1.33148437e+01
9.21995000e-07,5.05000000e+00,1.24250000e+01,-1.18750000e-02,1.34320312e+01
9.22315000e-07,5.12500000e+00,1.23875000e+01,1.06250000e-02,1.34953125e+01
9.22635000e-07,5.11250000e+00,1.24250000e+01,-1.18750000e-02,1.34289063e+01
9.22955000e-07,5.01250000e+00,1.23500000e+01,-1.43750000e-02,1.34296875e+01
9.23275000e-07,5.00000000e+00,1.24250000e+01,1.06250000e-02,1.34078125e+01
9.23595000e-07,5.02500000e+00,1.22375000e+01,6.25000000e-04,1.33500000e+01
9.23915000e-07,5.00000000e+00,1.23500000e+01,8.12500000e-03,1.33851562e+01
9.24235000e-07,4.97500000e+00,1.24250000e+01,1.31250000e-02,1.34382812e+01
9.24555000e-07,4.97500000e+00,1.24375000e+01,-1.68750000e-02,1.33843750e+01
9.24875000e-07,5.17500000e+00,1.23750000e+01,-7.50000000e-03,1.33953125e+01
9.25195000e-07,5.06250000e+00,1.23125000e+01,-2.56250000e-02,1.33820313e+01
9.25515000e-07,5.06250000e+00,1.23000000e+01,6.25000000e-03,1.33742188e+01
9.25835000e-07,5.01250000e+00,1.22625000e+01,3.75000000e-03,1.34406250e+01
9.26155000e-07,4.90000000e+00,1.23375000e+01,3.12500000e-03,1.34023438e+01
9.26475000e-07,4.78750000e+00,1.24875000e+01,3.06250000e-02,1.33609375e+01
9.26795000e-07,4.91250000e+00,1.23250000e+01,1.06250000e-02,1.33898438e+01
9.27115000e-07,5.07500000e+00,1.26000000e+01,-6.87500000e-03,1.33796875e+01
9.27435000e-07,5.06250000e+00,1.22500000e+01,-2.56250000e-02,1.34140625e+01
9.27755000e-07,5.05000000e+00,1.23875000e+01,1.31250000e-02,1.34187500e+01
9.28075000e-07,5.07500000e+00,1.24250000e+01,2.06250000e-02,1.34648438e+01
9.28395000e-07,4.92500000e+00,1.23000000e+01,7.50000000e-03,1.34273438e+01
9.28715000e-07,4.80000000e+00,1.23250000e+01,-4.31250000e-02,1.34101562e+01
9.29035000e-07,5.05000000e+00,1.23375000e+01,1.37500000e-02,1.34359375e+01
9.29355000e-07,5.06250000e+00,1.23250000e+01,1.37500000e-02,1.33750000e+01
9.29675000e-07,4.98750000e+00,1.23875000e+01,1.06250000e-02,1.33796875e+01
9.29995000e-07,5.03750000e+00,1.23875000e+01,2.81250000e-02,1.34335938e+01
9.30315000e-07,5.03750000e+00,1.23875000e+01,2.06250000e-02,1.34914063e+01
9.30635000e-07,5.02500000e+00,1.23500000e+01,2.06250000e-02,1.33726563e+01
9.30955000e-07,4.92500000e+00,1.23375000e+01,5.62500000e-03,1.33273438e+01
9.31275000e-07,4.97500000e+00,1.23750000e+01,1.06250000e-02,1.33632812e+01
9.31595000e-07,5.03750000e+00,1.23500000e+01,2.06250000e-02,1.33734375e+01
9.31915000e-07,4.98750000e+00,1.23125000e+01,3.06250000e-02,1.34468750e+01
9.32235000e-07,4.98750000e+00,1.24500000e+01,-4.37500000e-03,1.34546875e+01
9.32555000e-07,5.00000000e+00,1.22500000e+01,-1.18750000e-02,1.34742188e+01
9.32875000e-07,5.03750000e+00,1.24750000e+01,4.31250000e-02,1.35101562e+01
9.33195000e-07,5.01250000e+00,1.24125000e+01,5.62500000e-03,1.34414062e+01
9.33515000e-07,4.97500000e+00,1.22625000e+01,1.06250000e-02,1.33546875e+01
9.33835000e-07,5.13750000e+00,1.23875000e+01,1.31250000e-02,1.33546875e+01
9.34155000e-07,4.95000000e+00,1.24250000e+01,8.12500000e-03,1.33851562e+01
9.34475000e-07,4.91250000e+00,1.24875000e+01,8.12500000e-03,1.33976563e+01
9.34795000e-07,5.06250000e+00,1.24250000e+01,1.31250000e-02,1.34328125e+01
9.35115000e-07,4.98750000e+00,1.22750000e+01,8.12500000e-03,1.34507813e+01
9.35435000e-07,5.02500000e+00,1.25000000e+01,-4.37500000e-03,1.34851562e+01
9.35755000e-07,5.10000000e+00,1.24125000e+01,1.56250000e-02,1.33500000e+01
9.36075000e-07,4.96250000e+00,1.23500000e+01,-2.00000000e-02,1.33515625e+01
9.36395000e-07,4.93750000e+00,1.23625000e+01,-6.87500000e-03,1.33125000e+01
9.36715000e-07,5.01250000e+00,1.24625000e+01,1.06250000e-02,1.32523437e+01
9.37035000e-07,4.96250000e+00,1.23000000e+01,-9.37500000e-03,1.33906250e+01
9.37355000e-07,4.98750000e+00,1.23500000e+01,-1.87500000e-03,1.34539062e+01
9.37675000e-07,5.11250000e+00,1.24500000e+01,1.31250000e-02,1.33710938e+01
9.37995000e-07,5.17500000e+00,1.23375000e+01,-6.87500000e-03,1.34039063e+01
9.38315000e-07,5.01250000e+00,1.22750000e+01,1.56250000e-02,1.34289063e+01
9.38635000e-07,4.97500000e+00,1.23250000e+01,3.56250000e-02,1.34367188e+01
9.38955000e-07,4.91250000e+00,1.23250000e+01,-6.87500000e-03,1.34093750e+01
9.39275000e-07,5.03750000e+00,1.21625000e+01,2.81250000e-02,1.33953125e+01
9.39595000e-07,5.03750000e+00,1.22875000e+01,3.06250000e-02,1.33796875e+01
9.39915000e-07,5.10000000e+00,1.23250000e+01,-6.87500000e-03,1.34289063e+01
9.40235000e-07,5.02500000e+00,1.23250000e+01,8.12500000e-03,1.34710937e+01
9.40555000e-07,5.06250000e+00,1.23000000e+01,-1.87500000e-03,1.34296875e+01
9.40875000e-07,4.98750000e+00,1.22625000e+01,1.06250000e-02,1.33703125e+01
9.41195000e-07,4.88750000e+00,1.23625000e+01,5.62500000e-03,1.33804688e+01
9.41515000e-07,4.96250000e+00,1.24125000e+01,-1.43750000e-02,1.33140625e+01
9.41835000e-07,4.96250000e+00,1.22875000e+01,-3.12500000e-02,1.33046875e+01
9.42155000e-07,5.02500000e+00,1.23125000e+01,-6.87500000e-03,1.34054688e+01
9.42475000e-07,5.02500000e+00,1.23750000e+01,-7.50000000e-03,1.34492188e+01
9.42795000e-07,5.03750000e+00,1.24375000e+01,3.12500000e-03,1.34867187e+01
9.43115000e-07,5.02500000e+00,1.23000000e+01,2.31250000e-02,1.34335938e+01
9.43435000e-07,5.10000000e+00,1.24250000e+01,5.62500000e-03,1.34101562e+01
9.43755000e-07,4.98750000e+00,1.24625000e+01,-1.87500000e-03,1.33984375e+01
9.44075000e-07,5.08750000e+00,1.23750000e+01,5.62500000e-03,1.33218750e+01
9.44395000e-07,5.07500000e+00,1.23750000e+01,-1.18750000e-02,1.33476562e+01
9.44715000e-07,4.95000000e+00,1.23000000e+01,3.06250000e-02,1.34000000e+01
9.45035000e-07,5.00000000e+00,1.24375000e+01,5.62500000e-03,1.34304687e+01
9.45355000e-07,4.98750000e+00,1.23875000e+01,-1.43750000e-02,1.35062500e+01
9.45675000e-07,5.08750000e+00,1.23250000e+01,1.06250000e-02,1.34382812e+01
9.45995000e-07,5.08750000e+00,1.21250000e+01,1.06250000e-02,1.34140625e+01
9.46315000e-07,4.98750000e+00,1.25125000e+01,4.31250000e-02,1.34289063e+01
9.46635000e-07,5.05000000e+00,1.25250000e+01,5.62500000e-03,1.33429688e+01
9.46955000e-07,5.07500000e+00,1.24500000e+01,-1.68750000e-02,1.33164062e+01
9.47275000e-07,5.15000000e+00,1.22375000e+01,1.56250000e-02,1.33992187e+01
9.47595000e-07,5.10000000e+00,1.22875000e+01,-6.87500000e-03,1.34507813e+01
9.47915000e-07,5.03750000e+00,1.24000000e+01,-9.37500000e-03,1.34257812e+01
9.48235000e-07,5.07500000e+00,1.23750000e+01,2.81250000e-02,1.34671875e+01
9.48555000e-07,5.01250000e+00,1.23750000e+01,-2.56250000e-02,1.35203125e+01
9.48875000e-07,4.92500000e+00,1.23000000e+01,5.62500000e-03,1.34914063e+01
9.49195000e-07,4.95000000e+00,1.23250000e+01,8.12500000e-03,1.33984375e+01
9.49515000e-07,4.92500000e+00,1.24250000e+01,-1.87500000e-03,1.33460937e+01
9.49835000e-07,5.00000000e+00,1.23625000e+01,8.12500000e-03,1.33640625e+01
9.50155000e-07,4.97500000e+00,1.24250000e+01,8.12500000e-03,1.34046875e+01
9.50475000e-07,5.10000000e+00,1.22875000e+01,8.12500000e-03,1.34539062e+01
9.50795000e-07,5.12500000e+00,1.23625000e+01,3.81250000e-02,1.34937500e+01
9.51115000e-07,5.16250000e+00,1.23500000e+01,6.25000000e-04,1.34335938e+01
9.51435000e-07,5.01250000e+00,1.25000000e+01,1.56250000e-02,1.34437500e+01
9.51755000e-07,5.01250000e+00,1.22750000e+01,8.12500000e-03,1.34656250e+01
9.52075000e-07,4.92500000e+00,1.23000000e+01,1.81250000e-02,1.33664063e+01
9.52395000e-07,4.90000000e+00,1.22750000e+01,-1.18750000e-02,1.33734375e+01
9.52715000e-07,5.01250000e+00,1.24000000e+01,-1.87500000e-03,1.33882813e+01
9.53035000e-07,5.07500000e+00,1.24375000e+01,3.12500000e-03,1.33789062e+01
9.53355000e-07,4.97500000e+00,1.23250000e+01,1.56250000e-02,1.33070312e+01
9.53675000e-07,5.03750000e+00,1.22500000e+01,5.62500000e-03,1.33546875e+01
9.53995000e-07,4.98750000e+00,1.22750000e+01,1.31250000e-02,1.33632812e+01
9.54315000e-07,5.02500000e+00,1.23625000e+01,2.31250000e-02,1.33859375e+01
9.54635000e-07,4.95000000e+00,1.25375000e+01,1.31250000e-02,1.33492188e+01
9.54955000e-07,4.93750000e+00,1.23000000e+01,5.62500000e-03,1.33578125e+01
9.55275000e-07,4.93750000e+00,1.23875000e+01,-1.68750000e-02,1.33523437e+01
9.55595000e-07,4.87500000e+00,1.24125000e+01,8.12500000e-03,1.33867188e+01
9.55915000e-07,5.10000000e+00,1.23875000e+01,1.31250000e-02,1.34578125e+01
9.56235000e-07,5.12500000e+00,1.23250000e+01,2.31250000e-02,1.34062500e+01
9.56555000e-07,5.03750000e+00,1.24625000e+01,5.62500000e-03,1.32945313e+01
9.56875000e-07,5.18750000e+00,1.23500000e+01,3.12500000e-03,1.33054687e+01
9.57195000e-07,5.00000000e+00,1.24000000e+01,8.12500000e-03,1.33539062e+01
9.57515000e-07,4.90000000e+00,1.23000000e+01,3.56250000e-02,1.33226562e+01
9.57835000e-07,4.86250000e+00,1.24000000e+01,-6.87500000e-03,1.33171875e+01
9.58155000e-07,4.97500000e+00,1.23875000e+01,-6.87500000e-03,1.34007812e+01
9.58475000e-07,5.05000000e+00,1.22875000e+01,1.06250000e-02,1.34375000e+01
9.58795000e-07,4.98750000e+00,1.23750000e+01,1.31250000e-02,1.33429688e+01
9.59115000e-07,5.08750000e+00,1.24000000e+01,6.25000000e-04,1.32828125e+01
9.59435000e-07,5.00000000e+00,1.22875000e+01,-1.43750000e-02,1.32742187e+01
9.59755000e-07,5.10000000e+00,1.23000000e+01,6.25000000e-04,1.33867188e+01
9.60075000e-07,4.91250000e+00,1.23375000e+01,3.56250000e-02,1.34421875e+01
9.60395000e-07,4.91250000e+00,1.24250000e+01,3.06250000e-02,1.34421875e+01
9.60715000e-07,4.91250000e+00,1.23250000e+01,-3.12500000e-02,1.33875000e+01
9.61035000e-07,4.96250000e+00,1.23750000e+01,-1.43750000e-02,1.34171875e+01
9.61355000e-07,4.92500000e+00,1.23750000e+01,7.50000000e-03,1.34664063e+01
9.61675000e-07,5.07500000e+00,1.23750000e+01,-6.87500000e-03,1.33921875e+01
9.61995000e-07,5.13750000e+00,1.22250000e+01,5.62500000e-03,1.33398438e+01
9.62315000e-07,4.95000000e+00,1.23625000e+01,-9.37500000e-03,1.33328125e+01
9.62635000e-07,5.06250000e+00,1.24375000e+01,8.12500000e-03,1.33656250e+01
9.62955000e-07,5.15000000e+00,1.23750000e+01,3.12500000e-03,1.33234375e+01
9.63275000e-07,5.12500000e+00,1.23875000e+01,-2.87500000e-02,1.32890625e+01
9.63595000e-07,4.93750000e+00,1.23250000e+01,-1.43750000e-02,1.33742188e+01
9.63915000e-07,4.98750000e+00,1.24125000e+01,2.50000000e-02,1.34984375e+01
9.64235000e-07,4.98750000e+00,1.22625000e+01,-1.87500000e-03,1.34867187e+01
9.64555000e-07,4.98750000e+00,1.23375000e+01,5.62500000e-03,1.34148437e+01
9.64875000e-07,4.97500000e+00,1.23125000e+01,-1.87500000e-03,1.33906250e+01
9.65195000e-07,4.97500000e+00,1.24250000e+01,-1.18750000e-02,1.33507813e+01
9.65515000e-07,5.12500000e+00,1.24375000e+01,1.06250000e-02,1.33046875e+01
9.65835000e-07,5.08750000e+00,1.22750000e+01,5.62500000e-03,1.33578125e+01
9.66155000e-07,4.97500000e+00,1.24875000e+01,1.06250000e-02,1.33867188e+01
9.66475000e-07,5.00000000e+00,1.22625000e+01,5.62500000e-03,1.33289062e+01
9.66795000e-07,5.07500000e+00,1.23375000e+01,-9.37500000e-03,1.32859375e+01
9.67115000e-07,5.01250000e+00,1.24000000e+01,-1.18750000e-02,1.33804688e+01
9.67435000e-07,4.97500000e+00,1.23375000e+01,2.06250000e-02,1.33515625e+01
9.67755000e-07,5.00000000e+00,1.23375000e+01,5.06250000e-02,1.32664062e+01
9.68075000e-07,5.10000000e+00,1.24000000e+01,2.06250000e-02,1.33265625e+01
9.68395000e-07,5.07500000e+00,1.23250000e+01,1.31250000e-02,1.33406250e+01
9.68715000e-07,5.05000000e+00,1.24000000e+01,-6.87500000e-03,1.33804688e+01
9.69035000e-07,4.96250000e+00,1.22750000e+01,-4.37500000e-03,1.34210938e+01
9.69355000e-07,4.93750000e+00,1.23750000e+01,1.06250000e-02,1.33367187e+01
9.69675000e-07,5.03750000e+00,1.23250000e+01,3.12500000e-03,1.34023438e+01
9.69995000e-07,5.01250000e+00,1.24500000e+01,-1.18750000e-02,1.34921875e+01
9.70315000e-07,4.92500000e+00,1.22500000e+01,-1.93750000e-02,1.34382812e+01
9.70635000e-07,5.02500000e+00,1.22875000e+01,-2.56250000e-02,1.33921875e+01
9.70955000e-07,5.12500000e+00,1.23000000e+01,2.31250000e-02,1.34632812e+01
9.71275000e-07,4.95000000e+00,1.23000000e+01,3.81250000e-02,1.34460937e+01
9.71595000e-07,4.87500000e+00,1.23000000e+01,3.81250000e-02,1.33703125e+01
9.71915000e-07,5.00000000e+00,1.22625000e+01,1.06250000e-02,1.33218750e+01
9.72235000e-07,5.06250000e+00,1.23000000e+01,-1.00000000e-02,1.33765625e+01
9.72555000e-07,4.90000000e+00,1.23625000e+01,-2.81250000e-02,1.33406250e+01
9.72875000e-07,4.97500000e+00,1.23125000e+01,3.87500000e-02,1.32812500e+01
9.73195000e-07,5.08750000e+00,1.23125000e+01,6.25000000e-03,1.33031250e+01
9.73515000e-07,4.88750000e+00,1.23750000e+01,6.25000000e-04,1.33562500e+01
9.73835000e-07,5.03750000e+00,1.25000000e+01,3.12500000e-03,1.34539062e+01
9.74155000e-07,4.96250000e+00,1.23875000e+01,1.31250000e-02,1.34265625e+01
9.74475000e-07,4.88750000e+00,1.22750000e+01,2.06250000e-02,1.33484375e+01
9.74795000e-07,4.90000000e+00,1.21500000e+01,-1.68750000e-02,1.33851562e+01
9.75115000e-07,4.92500000e+00,1.23750000e+01,8.12500000e-03,1.33507813e+01
9.75435000e-07,4.96250000e+00,1.23125000e+01,2.81250000e-02,1.33406250e+01
9.75755000e-07,5.08750000e+00,1.23750000e+01,1.81250000e-02,1.33289062e+01
9.76075000e-07,5.03750000e+00,1.22875000e+01,3.12500000e-03,1.33476562e+01
9.76395000e-07,5.08750000e+00,1.23750000e+01,-4.37500000e-03,1.34289063e+01
9.76715000e-07,5.02500000e+00,1.22875000e+01,1.06250000e-02,1.34281250e+01
9.77035000e-07,4.98750000e+00,1.23125000e+01,2.06250000e-02,1.34132813e+01
9.77355000e-07,4.93750000e+00,1.23500000e+01,2.06250000e-02,1.34046875e+01
9.77675000e-07,4.93750000e+00,1.24125000e+01,3.81250000e-02,1.33054687e+01
9.77995000e-07,5.02500000e+00,1.23750000e+01,6.25000000e-04,1.32929688e+01
9.78315000e-07,5.05000000e+00,1.23125000e+01,1.06250000e-02,1.33203125e+01
9.78635000e-07,4.97500000e+00,1.23125000e+01,5.62500000e-03,1.33250000e+01
9.78955000e-07,4.93750000e+00,1.24625000e+01,-1.43750000e-02,1.32570313e+01
9.79275000e-07,4.92500000e+00,1.23750000e+01,1.56250000e-02,1.32421875e+01
9.79595000e-07,5.05000000e+00,1.22875000e+01,6.25000000e-04,1.32632813e+01
9.79915000e-07,4.92500000e+00,1.23750000e+01,5.62500000e-03,1.32398438e+01
9.80235000e-07,5.02500000e+00,1.23750000e+01,-1.93750000e-02,1.32617188e+01
9.80555000e-07,4.93750000e+00,1.22500000e+01,-1.87500000e-03,1.33328125e+01
9.80875000e-07,5.02500000e+00,1.23750000e+01,3.12500000e-03,1.33664063e+01
9.81195000e-07,5.16250000e+00,1.22625000e+01,-1.87500000e-03,1.33195313e+01
9.81515000e-07,5.01250000e+00,1.23125000e+01,1.56250000e-02,1.33203125e+01
9.81835000e-07,5.05000000e+00,1.22750000e+01,3.56250000e-02,1.33429688e+01
9.82155000e-07,5.06250000e+00,1.25000000e+01,2.31250000e-02,1.33289062e+01
9.82475000e-07,4.98750000e+00,1.24125000e+01,6.25000000e-04,1.32929688e+01
9.82795000e-07,4.97500000e+00,1.23375000e+01,5.62500000e-03,1.33296875e+01
9.83115000e-07,4.91250000e+00,1.23125000e+01,-2.18750000e-02,1.33265625e+01
9.83435000e-07,4.88750000e+00,1.23875000e+01,1.06250000e-02,1.33843750e+01
9.83755000e-07,5.03750000e+00,1.22250000e+01,1.06250000e-02,1.33820313e+01
9.84075000e-07,5.06250000e+00,1.23625000e+01,1.06250000e-02,1.33617187e+01
9.84395000e-07,5.11250000e+00,1.23000000e+01,1.81250000e-02,1.33226562e+01
9.84715000e-07,5.12500000e+00,1.22375000e+01,-9.37500000e-03,1.33781250e+01
9.85035000e-07,5.03750000e+00,1.23250000e+01,1.56250000e-02,1.33156250e+01
9.85355000e-07,5.05000000e+00,1.23375000e+01,8.12500000e-03,1.32062500e+01
9.85675000e-07,4.98750000e+00,1.23000000e+01,8.12500000e-03,1.32593750e+01
9.85995000e-07,5.03750000e+00,1.23125000e+01,1.56250000e-02,1.33179688e+01
9.86315000e-07,4.96250000e+00,1.23125000e+01,-1.43750000e-02,1.33273438e+01
9.86635000e-07,4.93750000e+00,1.23125000e+01,2.81250000e-02,1.33812500e+01
9.86955000e-07,4.93750000e+00,1.24250000e+01,4.06250000e-02,1.34148437e+01
9.87275000e-07,5.02500000e+00,1.23875000e+01,2.81250000e-02,1.34078125e+01
9.87595000e-07,4.95000000e+00,1.22625000e+01,-2.18750000e-02,1.33218750e+01
9.87915000e-07,4.95000000e+00,1.24250000e+01,8.12500000e-03,1.32671875e+01
9.88235000e-07,5.03750000e+00,1.23125000e+01,1.56250000e-02,1.32750000e+01
9.88555000e-07,4.97500000e+00,1.24000000e+01,6.25000000e-04,1.33500000e+01
9.88875000e-07,5.12500000e+00,1.25125000e+01,-2.81250000e-02,1.33703125e+01
9.89195000e-07,5.02500000e+00,1.23625000e+01,-4.37500000e-03,1.33218750e+01
9.89515000e-07,4.90000000e+00,1.22750000e+01,5.62500000e-03,1.32921875e+01
9.89835000e-07,4.96250000e+00,1.24625000e+01,4.81250000e-02,1.32179688e+01
9.90155000e-07,4.92500000e+00,1.23625000e+01,1.31250000e-02,1.32757812e+01
9.90475000e-07,5.03750000e+00,1.24375000e+01,5.62500000e-03,1.33750000e+01
9.90795000e-07,4.90000000e+00,1.23375000e+01,2.06250000e-02,1.33328125e+01
9.91115000e-07,5.01250000e+00,1.24250000e+01,-1.87500000e-03,1.32632813e+01
9.91435000e-07,5.05000000e+00,1.24250000e+01,-1.43750000e-02,1.33492188e+01
9.91755000e-07,5.02500000e+00,1.24125000e+01,-6.87500000e-03,1.33750000e+01
9.92075000e-07,4.90000000e+00,1.22125000e+01,2.31250000e-02,1.32203125e+01
9.92395000e-07,5.00000000e+00,1.24125000e+01,1.81250000e-02,1.33039063e+01
9.92715000e-07,5.11250000e+00,1.23250000e+01,-4.37500000e-03,1.33671875e+01
9.93035000e-07,5.06250000e+00,1.23000000e+01,2.06250000e-02,1.33367187e+01
9.93355000e-07,5.05000000e+00,1.22500000e+01,-9.37500000e-03,1.33804688e+01
9.93675000e-07,4.91250000e+00,1.23500000e+01,8.12500000e-03,1.34000000e+01
9.93995000e-07,4.98750000e+00,1.23375000e+01,-4.37500000e-03,1.34101562e+01
9.94315000e-07,4.96250000e+00,1.23625000e+01,5.62500000e-03,1.33492188e+01
9.94635000e-07,5.08750000e+00,1.23250000e+01,2.06250000e-02,1.32664062e+01
9.94955000e-07,5.02500000e+00,1.23000000e+01,1.31250000e-02,1.32445312e+01
9.95275000e-07,5.00000000e+00,1.23750000e+01,-1.18750000e-02,1.32625000e+01
9.95595000e-07,4.97500000e+00,1.22750000e+01,-4.37500000e-03,1.33398438e+01
9.95915000e-07,4.92500000e+00,1.23625000e+01,1.56250000e-02,1.33265625e+01
9.96235000e-07,5.05000000e+00,1.24500000e+01,8.12500000e-03,1.33460937e+01
9.96555000e-07,4.98750000e+00,1.23000000e+01,-2.18750000e-02,1.33914062e+01
9.96875000e-07,5.06250000e+00,1.23250000e+01,5.62500000e-03,1.33984375e+01
9.97195000e-07,5.02500000e+00,1.23375000e+01,1.81250000e-02,1.33312500e+01
9.97515000e-07,4.92500000e+00,1.22125000e+01,-4.37500000e-03,1.33109375e+01
9.97835000e-07,5.10000000e+00,1.23500000e+01,8.12500000e-03,1.33984375e+01
9.98155000e-07,5.11250000e+00,1.23500000e+01,2.31250000e-02,1.33179688e+01
9.98475000e-07,5.10000000e+00,1.24125000e+01,3.81250000e-02,1.32406250e+01
9.98795000e-07,5.00000000e+00,1.24500000e+01,-9.37500000e-03,1.33335938e+01
9.99115000e-07,4.95000000e+00,1.22750000e+01,1.06250000e-02,1.32914062e+01
9.99435000e-07,5.11250000e+00,1.22625000e+01,2.06250000e-02,1.32390625e+01
9.99755000e-07,5.05000000e+00,1.23625000e+01,1.56250000e-02,1.32914062e+01
1.00007500e-06,4.90000000e+00,1.23125000e+01,-3.12500000e-02,1.32960938e+01
1.00039500e-06,5.10000000e+00,1.22875000e+01,-1.87500000e-03,1.33398438e+01
1.00071500e-06,4.97500000e+00,1.23500000e+01,7.50000000e-03,1.33750000e+01
1.00103500e-06,5.02500000e+00,1.22000000e+01,8.12500000e-03,1.32960938e+01
1.00135500e-06,4.91250000e+00,1.23750000e+01,1.81250000e-02,1.33382812e+01
1.00167500e-06,4.97500000e+00,1.24000000e+01,8.12500000e-03,1.33640625e+01
1.00199500e-06,5.08750000e+00,1.23625000e+01,-1.43750000e-02,1.33429688e+01
1.00231500e-06,4.96250000e+00,1.23500000e+01,-6.87500000e-03,1.32882813e+01
1.00263500e-06,4.96250000e+00,1.24125000e+01,1.06250000e-02,1.32593750e+01
1.00295500e-06,5.02500000e+00,1.22750000e+01,1.56250000e-02,1.33148437e+01
1.00327500e-06,4.96250000e+00,1.24875000e+01,1.56250000e-02,1.33304687e+01
1.00359500e-06,5.11250000e+00,1.23625000e+01,-2.56250000e-02,1.32195312e+01
1.00391500e-06,5.01250000e+00,1.23250000e+01,1.81250000e-02,1.32335938e+01
1.00423500e-06,5.00000000e+00,1.23750000e+01,3.06250000e-02,1.33343750e+01
1.00455500e-06,4.96250000e+00,1.23750000e+01,-1.18750000e-02,1.34593750e+01
1.00487500e-06,4.96250000e+00,1.22750000e+01,-1.87500000e-03,1.33695312e+01
1.00519500e-06,4.98750000e+00,1.23750000e+01,1.81250000e-02,1.32437500e+01
1.00551500e-06,4.98750000e+00,1.24500000e+01,3.12500000e-03,1.32406250e+01
1.00583500e-06,4.91250000e+00,1.23500000e+01,-1.87500000e-03,1.33312500e+01
1.00615500e-06,4.91250000e+00,1.22375000e+01,2.31250000e-02,1.33546875e+01
1.00647500e-06,4.95000000e+00,1.23875000e+01,-4.37500000e-03,1.33257813e+01
1.00679500e-06,5.01250000e+00,1.22750000e+01,-9.37500000e-03,1.33000000e+01
1.00711500e-06,5.01250000e+00,1.24375000e+01,1.31250000e-02,1.33085938e+01
1.00743500e-06,5.08750000e+00,1.22125000e+01,3.12500000e-03,1.33000000e+01
1.00775500e-06,4.98750000e+00,1.23625000e+01,-4.37500000e-03,1.32828125e+01
1.00807500e-06,5.00000000e+00,1.23375000e+01,6.25000000e-04,1.33273438e+01
1.00839500e-06,5.05000000e+00,1.22500000e+01,-9.37500000e-03,1.33046875e+01
1.00871500e-06,4.93750000e+00,1.23250000e+01,2.31250000e-02,1.33484375e+01
1.00903500e-06,4.98750000e+00,1.24500000e+01,-6.87500000e-03,1.33062500e+01
1.00935500e-06,5.16250000e+00,1.21500000e+01,2.31250000e-02,1.31773438e+01
1.00967500e-06,4.96250000e+00,1.22875000e+01,-4.37500000e-03,1.32687500e+01
1.00999500e-06,4.97500000e+00,1.24750000e+01,-1.87500000e-03,1.33562500e+01
1.01031500e-06,5.13750000e+00,1.24125000e+01,3.56250000e-02,1.33296875e+01
1.01063500e-06,4.88750000e+00,1.23000000e+01,-1.25000000e-02,1.32523437e+01
1.01095500e-06,4.97500000e+00,1.25000000e+01,-1.43750000e-02,1.33164062e+01
1.01127500e-06,5.01250000e+00,1.24375000e+01,3.81250000e-02,1.33312500e+01
1.01159500e-06,4.98750000e+00,1.23250000e+01,1.06250000e-02,1.32750000e+01
1.01191500e-06,4.90000000e+00,1.22750000e+01,1.31250000e-02,1.33132812e+01
1.01223500e-06,5.06250000e+00,1.23750000e+01,-4.37500000e-03,1.32992187e+01
1.01255500e-06,4.96250000e+00,1.24000000e+01,1.06250000e-02,1.32078125e+01
1.01287500e-06,4.97500000e+00,1.22500000e+01,-6.87500000e-03,1.32398438e+01
1.01319500e-06,5.07500000e+00,1.22500000e+01,-9.37500000e-03,1.33109375e+01
1.01351500e-06,4.98750000e+00,1.22625000e+01,6.25000000e-04,1.32554688e+01
1.01383500e-06,5.00000000e+00,1.23250000e+01,1.06250000e-02,1.32359375e+01
1.01415500e-06,5.01250000e+00,1.24500000e+01,1.56250000e-02,1.32164063e+01
1.01447500e-06,5.03750000e+00,1.23625000e+01,5.62500000e-03,1.32953125e+01
1.01479500e-06,4.92500000e+00,1.23375000e+01,-6.87500000e-03,1.33437500e+01
1.01511500e-06,4.95000000e+00,1.23125000e+01,3.31250000e-02,1.33093750e+01
1.01543500e-06,5.18750000e+00,1.22000000e+01,-1.87500000e-03,1.32164063e+01
1.01575500e-06,4.97500000e+00,1.22875000e+01,1.06250000e-02,1.32179688e+01
1.01607500e-06,4.97500000e+00,1.24875000e+01,-6.87500000e-03,1.32695312e+01
1.01639500e-06,4.96250000e+00,1.23625000e+01,-1.68750000e-02,1.33390625e+01
1.01671500e-06,4.95000000e+00,1.23625000e+01,8.12500000e-03,1.33320312e+01
1.01703500e-06,4.95000000e+00,1.24000000e+01,3.12500000e-03,1.32851562e+01
1.01735500e-06,5.17500000e+00,1.24500000e+01,6.25000000e-04,1.32632813e+01
1.01767500e-06,5.08750000e+00,1.23625000e+01,1.56250000e-02,1.33132812e+01
1.01799500e-06,4.80000000e+00,1.23375000e+01,5.62500000e-03,1.33195313e+01
1.01831500e-06,4.96250000e+00,1.22625000e+01,-1.93750000e-02,1.33070312e+01
1.01863500e-06,5.03750000e+00,1.24375000e+01,1.31250000e-02,1.33414063e+01
1.01895500e-06,4.92500000e+00,1.23125000e+01,1.56250000e-02,1.33250000e+01
1.01927500e-06,4.97500000e+00,1.23500000e+01,2.31250000e-02,1.32843750e+01
1.01959500e-06,5.15000000e+00,1.23375000e+01,-1.87500000e-03,1.33289062e+01
1.01991500e-06,5.00000000e+00,1.23625000e+01,-6.87500000e-03,1.33484375e+01
1.02023500e-06,4.96250000e+00,1.22125000e+01,6.25000000e-04,1.33320312e+01
1.02055500e-06,5.00000000e+00,1.23125000e+01,3.06250000e-02,1.33546875e+01
1.02087500e-06,4.97500000e+00,1.23625000e+01,-2.81250000e-02,1.33796875e+01
1.02119500e-06,4.97500000e+00,1.23500000e+01,5.62500000e-03,1.34007812e+01
1.02151500e-06,5.02500000e+00,1.24000000e+01,8.12500000e-03,1.33367187e+01
1.02183500e-06,4.98750000e+00,1.24250000e+01,1.56250000e-02,1.33437500e+01
1.02215500e-06,4.91250000e+00,1.21875000e+01,5.62500000e-03,1.33398438e+01
1.02247500e-06,4.81250000e+00,1.23750000e+01,6.25000000e-04,1.33601562e+01
1.02279500e-06,5.05000000e+00,1.23000000e+01,-2.18750000e-02,1.33578125e+01
1.02311500e-06,5.05000000e+00,1.23125000e+01,3.31250000e-02,1.33187500e+01
1.02343500e-06,5.07500000e+00,1.23125000e+01,1.31250000e-02,1.33515625e+01
1.02375500e-06,4.95000000e+00,1.23750000e+01,-1.87500000e-03,1.33226562e+01
1.02407500e-06,4.98750000e+00,1.24125000e+01,2.31250000e-02,1.32234375e+01
1.02439500e-06,5.06250000e+00,1.23125000e+01,3.12500000e-03,1.32148438e+01
1.02471500e-06,5.15000000e+00,1.23500000e+01,5.62500000e-03,1.32054687e+01
1.02503500e-06,5.02500000e+00,1.23750000e+01,1.56250000e-02,1.32570313e+01
1.02535500e-06,5.02500000e+00,1.22375000e+01,1.31250000e-02,1.33023438e+01
1.02567500e-06,5.05000000e+00,1.22500000e+01,1.06250000e-02,1.32710938e+01
1.02599500e-06,5.00000000e+00,1.23375000e+01,-1.18750000e-02,1.32742187e+01
1.02631500e-06,4.97500000e+00,1.24125000e+01,3.06250000e-02,1.33531250e+01
1.02663500e-06,5.10000000e+00,1.23000000e+01,1.56250000e-02,1.33031250e+01
1.02695500e-06,4.92500000e+00,1.23750000e+01,-4.37500000e-03,1.32796875e+01
1.02727500e-06,5.00000000e+00,1.22500000e+01,-1.18750000e-02,1.33140625e+01
1.02759500e-06,5.12500000e+00,1.24125000e+01,8.12500000e-03,1.33507813e+01
1.02791500e-06,5.03750000e+00,1.23625000e+01,3.12500000e-03,1.33406250e+01
1.02823500e-06,4.97500000e+00,1.23750000e+01,-4.37500000e-03,1.33148437e+01
1.02855500e-06,4.98750000e+00,1.24125000e+01,8.12500000e-03,1.32140625e+01
1.02887500e-06,5.03750000e+00,1.23750000e+01,-6.87500000e-03,1.32250000e+01
1.02919500e-06,4.96250000e+00,1.23750000e+01,3.31250000e-02,1.33195313e+01
1.02951500e-06,4.96250000e+00,1.24875000e+01,2.56250000e-02,1.32671875e+01
1.02983500e-06,5.02500000e+00,1.22500000e+01,2.06250000e-02,1.32195312e+01
1.03015500e-06,4.95000000e+00,1.23375000e+01,-1.50000000e-02,1.32929688e+01
1.03047500e-06,4.96250000e+00,1.24000000e+01,-6.87500000e-03,1.32578125e+01
1.03079500e-06,5.01250000e+00,1.23750000e+01,2.31250000e-02,1.31820312e+01
1.03111500e-06,5.07500000e+00,1.22125000e+01,-1.43750000e-02,1.32070312e+01
1.03143500e-06,5.07500000e+00,1.23250000e+01,3.31250000e-02,1.32312500e+01
1.03175500e-06,4.88750000e+00,1.23750000e+01,4.31250000e-02,1.32414063e+01
1.03207500e-06,4.85000000e+00,1.24625000e+01,1.31250000e-02,1.32765625e+01
1.03239500e-06,4.93750000e+00,1.23500000e+01,3.12500000e-03,1.33421875e+01
1.03271500e-06,4.97500000e+00,1.23625000e+01,2.31250000e-02,1.33375000e+01
1.03303500e-06,5.03750000e+00,1.23500000e+01,2.31250000e-02,1.33640625e+01
1.03335500e-06,4.93750000e+00,1.23750000e+01,-9.37500000e-03,1.34046875e+01
1.03367500e-06,4.92500000e+00,1.21875000e+01,-4.37500000e-03,1.33546875e+01
1.03399500e-06,4.96250000e+00,1.22625000e+01,5.62500000e-03,1.33304687e+01
1.03431500e-06,5.06250000e+00,1.23250000e+01,2.06250000e-02,1.32898437e+01
1.03463500e-06,5.08750000e+00,1.21750000e+01,2.31250000e-02,1.32671875e+01
1.03495500e-06,5.01250000e+00,1.24125000e+01,-1.25000000e-02,1.32234375e+01
1.03527500e-06,5.00000000e+00,1.23125000e+01,-1.18750000e-02,1.33546875e+01
1.03559500e-06,5.06250000e+00,1.23250000e+01,1.81250000e-02,1.34640625e+01
1.03591500e-06,5.03750000e+00,1.23625000e+01,2.81250000e-02,1.34187500e+01
1.03623500e-06,4.92500000e+00,1.23000000e+01,-9.37500000e-03,1.32781250e+01
1.03655500e-06,5.00000000e+00,1.23250000e+01,-2.81250000e-02,1.32195312e+01
1.03687500e-06,5.06250000e+00,1.22250000e+01,3.31250000e-02,1.32960938e+01
1.03719500e-06,4.93750000e+00,1.23625000e+01,3.12500000e-03,1.32632813e+01
1.03751500e-06,4.98750000e+00,1.23625000e+01,1.06250000e-02,1.33171875e+01
1.03783500e-06,5.06250000e+00,1.23875000e+01,1.31250000e-02,1.33765625e+01
1.03815500e-06,5.00000000e+00,1.22625000e+01,2.31250000e-02,1.33492188e+01
1.03847500e-06,4.96250000e+00,1.22750000e+01,3.56250000e-02,1.33312500e+01
1.03879500e-06,5.05000000e+00,1.23500000e+01,-6.87500000e-03,1.33414063e+01
1.03911500e-06,5.01250000e+00,1.24750000e+01,8.12500000e-03,1.33359375e+01
1.03943500e-06,5.00000000e+00,1.23125000e+01,3.81250000e-02,1.33320312e+01
1.03975500e-06,5.01250000e+00,1.24625000e+01,6.25000000e-04,1.32429687e+01
1.04007500e-06,4.93750000e+00,1.23250000e+01,-1.43750000e-02,1.32304688e+01
1.04039500e-06,5.00000000e+00,1.23625000e+01,5.62500000e-03,1.33632812e+01
1.04071500e-06,4.95000000e+00,1.22875000e+01,3.06250000e-02,1.33937500e+01
1.04103500e-06,4.93750000e+00,1.22875000e+01,8.12500000e-03,1.33343750e+01
1.04135500e-06,4.91250000e+00,1.23125000e+01,-1.68750000e-02,1.32382812e+01
1.04167500e-06,5.10000000e+00,1.23125000e+01,2.31250000e-02,1.33289062e+01
1.04199500e-06,5.00000000e+00,1.21875000e+01,2.06250000e-02,1.33992187e+01
1.04231500e-06,4.92500000e+00,1.23750000e+01,-1.68750000e-02,1.33445312e+01
1.04263500e-06,5.07500000e+00,1.23000000e+01,4.06250000e-02,1.33328125e+01
1.04295500e-06,5.12500000e+00,1.24625000e+01,2.06250000e-02,1.32515625e+01
1.04327500e-06,4.98750000e+00,1.23250000e+01,8.12500000e-03,1.32468750e+01
1.04359500e-06,5.05000000e+00,1.23625000e+01,5.56250000e-02,1.32945313e+01
1.04391500e-06,4.87500000e+00,1.24125000e+01,6.25000000e-04,1.33164062e+01
1.04423500e-06,5.02500000e+00,1.22750000e+01,-4.37500000e-03,1.33179688e+01
1.04455500e-06,4.92500000e+00,1.23375000e+01,2.06250000e-02,1.33218750e+01
1.04487500e-06,4.95000000e+00,1.23875000e+01,1.31250000e-02,1.32429687e+01
1.04519500e-06,5.08750000e+00,1.22875000e+01,1.06250000e-02,1.33320312e+01
1.04551500e-06,4.93750000e+00,1.24250000e+01,-9.37500000e-03,1.33773437e+01
1.04583500e-06,5.08750000e+00,1.23375000e+01,3.12500000e-03,1.32468750e+01
1.04615500e-06,5.06250000e+00,1.22625000e+01,3.81250000e-02,1.32882813e+01
1.04647500e-06,4.91250000e+00,1.23250000e+01,4.06250000e-02,1.32929688e+01
1.04679500e-06,4.96250000e+00,1.25250000e+01,1.81250000e-02,1.32375000e+01
1.04711500e-06,4.95000000e+00,1.25000000e+01,3.06250000e-02,1.32960938e+01
1.04743500e-06,4.91250000e+00,1.23625000e+01,-6.87500000e-03,1.34140625e+01
1.04775500e-06,5.10000000e+00,1.24125000e+01,1.06250000e-02,1.33546875e+01
1.04807500e-06,5.11250000e+00,1.24625000e+01,2.06250000e-02,1.32664062e+01
1.04839500e-06,4.96250000e+00,1.22500000e+01,-1.87500000e-03,1.32312500e+01
1.04871500e-06,5.02500000e+00,1.23375000e+01,-9.37500000e-03,1.32781250e+01
1.04903500e-06,4.92500000e+00,1.23500000e+01,2.56250000e-02,1.32726563e+01
1.04935500e-06,5.03750000e+00,1.24000000e+01,1.06250000e-02,1.32960938e+01
1.04967500e-06,5.05000000e+00,1.23625000e+01,2.81250000e-02,1.33007812e+01
1.04999500e-06,5.12500000e+00,1.24375000e+01,3.31250000e-02,1.32648438e+01
1.05031500e-06,5.03750000e+00,1.21750000e+01,0.00000000e+00,1.31820312e+01
1.05063500e-06,5.01250000e+00,1.23625000e+01,-3.06250000e-02,1.32250000e+01
1.05095500e-06,4.92500000e+00,1.24250000e+01,1.37500000e-02,1.32898437e+01
1.05127500e-06,4.92500000e+00,1.24000000e+01,1.25000000e-03,1.32335938e+01
1.05159500e-06,4.96250000e+00,1.22750000e+01,-9.37500000e-03,1.32226562e+01
1.05191500e-06,4.95000000e+00,1.22750000e+01,-1.87500000e-03,1.31570312e+01
1.05223500e-06,4.80000000e+00,1.23250000e+01,2.81250000e-02,1.31835938e+01
1.05255500e-06,5.07500000e+00,1.25000000e+01,-3.12500000e-02,1.32921875e+01
1.05287500e-06,5.02500000e+00,1.24125000e+01,-9.37500000e-03,1.32562500e+01
1.05319500e-06,5.03750000e+00,1.23625000e+01,-5.00000000e-03,1.32562500e+01
1.05351500e-06,4.93750000e+00,1.22125000e+01,-9.37500000e-03,1.32484375e+01
1.05383500e-06,5.05000000e+00,1.23500000e+01,1.56250000e-02,1.32500000e+01
1.05415500e-06,4.98750000e+00,1.23875000e+01,5.62500000e-03,1.33007812e+01
1.05447500e-06,4.92500000e+00,1.23500000e+01,-1.87500000e-03,1.33039063e+01
1.05479500e-06,4.92500000e+00,1.22000000e+01,1.56250000e-02,1.33101563e+01
1.05511500e-06,5.02500000e+00,1.23750000e+01,-2.87500000e-02,1.32226562e+01
1.05543500e-06,5.25000000e+00,1.24125000e+01,-1.68750000e-02,1.32195312e+01
1.05575500e-06,5.10000000e+00,1.23875000e+01,-2.50000000e-03,1.33000000e+01
1.05607500e-06,5.05000000e+00,1.23000000e+01,-1.43750000e-02,1.32773438e+01
1.05639500e-06,5.02500000e+00,1.22875000e+01,2.56250000e-02,1.32765625e+01
1.05671500e-06,5.08750000e+00,1.22875000e+01,1.81250000e-02,1.32601562e+01
1.05703500e-06,4.85000000e+00,1.23000000e+01,1.81250000e-02,1.32335938e+01
1.05735500e-06,4.93750000e+00,1.23125000e+01,-1.87500000e-03,1.32617188e+01
1.05767500e-06,4.98750000e+00,1.24625000e+01,-9.37500000e-03,1.33281250e+01
1.05799500e-06,4.95000000e+00,1.22750000e+01,6.25000000e-04,1.32492188e+01
1.05831500e-06,5.02500000e+00,1.22750000e+01,3.12500000e-03,1.33304687e+01
1.05863500e-06,5.13750000e+00,1.24000000e+01,-9.37500000e-03,1.33523437e+01
1.05895500e-06,5.13750000e+00,1.22875000e+01,-4.37500000e-03,1.32679687e+01
1.05927500e-06,5.00000000e+00,1.23000000e+01,3.12500000e-03,1.32210937e+01
1.05959500e-06,4.78750000e+00,1.23750000e+01,-1.87500000e-03,1.32156250e+01
1.05991500e-06,4.96250000e+00,1.22750000e+01,-9.37500000e-03,1.32476563e+01
1.06023500e-06,5.03750000e+00,1.24000000e+01,-4.37500000e-03,1.33187500e+01
1.06055500e-06,5.06250000e+00,1.22625000e+01,-4.37500000e-03,1.33500000e+01
1.06087500e-06,5.03750000e+00,1.23375000e+01,5.62500000e-03,1.34031250e+01
1.06119500e-06,5.02500000e+00,1.23750000e+01,1.06250000e-02,1.33500000e+01
1.06151500e-06,4.97500000e+00,1.23250000e+01,-1.87500000e-03,1.33015625e+01
1.06183500e-06,4.96250000e+00,1.23750000e+01,2.81250000e-02,1.32890625e+01
1.06215500e-06,5.08750000e+00,1.23375000e+01,5.62500000e-03,1.32132812e+01
1.06247500e-06,5.11250000e+00,1.23375000e+01,2.81250000e-02,1.31695313e+01
1.06279500e-06,4.93750000e+00,1.25125000e+01,1.06250000e-02,1.32085938e+01
1.06311500e-06,4.95000000e+00,1.23375000e+01,6.25000000e-04,1.32406250e+01
1.06343500e-06,5.00000000e+00,1.23750000e+01,-1.43750000e-02,1.33281250e+01
1.06375500e-06,4.92500000e+00,1.22500000e+01,-1.18750000e-02,1.33062500e+01
1.06407500e-06,4.93750000e+00,1.24000000e+01,-1.43750000e-02,1.32960938e+01
1.06439500e-06,4.97500000e+00,1.24375000e+01,8.12500000e-03,1.32359375e+01
1.06471500e-06,5.03750000e+00,1.23750000e+01,2.06250000e-02,1.31640625e+01
1.06503500e-06,4.96250000e+00,1.22750000e+01,1.31250000e-02,1.32757812e+01
1.06535500e-06,4.96250000e+00,1.24000000e+01,-1.68750000e-02,1.33445312e+01
1.06567500e-06,5.05000000e+00,1.22750000e+01,-1.18750000e-02,1.32523437e+01
1.06599500e-06,4.97500000e+00,1.22750000e+01,1.31250000e-02,1.32710938e+01
1.06631500e-06,4.96250000e+00,1.22000000e+01,1.31250000e-02,1.33070312e+01
1.06663500e-06,4.97500000e+00,1.22500000e+01,-1.18750000e-02,1.32867188e+01
1.06695500e-06,5.01250000e+00,1.21875000e+01,3.12500000e-03,1.32445312e+01
1.06727500e-06,4.90000000e+00,1.23625000e+01,-2.18750000e-02,1.32843750e+01
1.06759500e-06,4.83750000e+00,1.22750000e+01,6.25000000e-04,1.32671875e+01
1.06791500e-06,4.87500000e+00,1.22625000e+01,1.56250000e-02,1.31843750e+01
1.06823500e-06,4.95000000e+00,1.22750000e+01,6.25000000e-04,1.32828125e+01
1.06855500e-06,4.97500000e+00,1.23875000e+01,2.31250000e-02,1.33242188e+01
1.06887500e-06,5.06250000e+00,1.21375000e+01,-4.37500000e-03,1.32039062e+01
1.06919500e-06,4.96250000e+00,1.23125000e+01,1.06250000e-02,1.31304688e+01
1.06951500e-06,5.00000000e+00,1.23375000e+01,3.12500000e-03,1.31945313e+01
1.06983500e-06,5.02500000e+00,1.23875000e+01,-1.43750000e-02,1.32328125e+01
1.07015500e-06,4.91250000e+00,1.23250000e+01,-1.93750000e-02,1.32507812e+01
1.07047500e-06,4.98750000e+00,1.24875000e+01,6.25000000e-04,1.33132812e+01
1.07079500e-06,5.02500000e+00,1.22000000e+01,-9.37500000e-03,1.32601562e+01
1.07111500e-06,4.91250000e+00,1.24875000e+01,4.56250000e-02,1.32679687e+01
1.07143500e-06,4.96250000e+00,1.24500000e+01,1.81250000e-02,1.32210937e+01
1.07175500e-06,4.96250000e+00,1.23000000e+01,8.12500000e-03,1.32164063e+01
1.07207500e-06,4.97500000e+00,1.22750000e+01,1.06250000e-02,1.32257813e+01
1.07239500e-06,5.10000000e+00,1.23375000e+01,2.06250000e-02,1.32210937e+01
1.07271500e-06,5.00000000e+00,1.22500000e+01,1.06250000e-02,1.32578125e+01
1.07303500e-06,4.96250000e+00,1.23375000e+01,8.12500000e-03,1.32820312e+01
1.07335500e-06,5.10000000e+00,1.23500000e+01,5.62500000e-03,1.32921875e+01
1.07367500e-06,4.88750000e+00,1.23250000e+01,5.62500000e-03,1.32945313e+01
1.07399500e-06,5.05000000e+00,1.22500000e+01,-4.37500000e-03,1.32226562e+01
1.07431500e-06,5.15000000e+00,1.24250000e+01,-1.87500000e-03,1.32070312e+01
1.07463500e-06,5.00000000e+00,1.23750000e+01,-1.43750000e-02,1.32710938e+01
1.07495500e-06,4.88750000e+00,1.22875000e+01,3.06250000e-02,1.31820312e+01
1.07527500e-06,5.00000000e+00,1.23375000e+01,2.06250000e-02,1.31289062e+01
1.07559500e-06,4.95000000e+00,1.23500000e+01,6.25000000e-04,1.32304688e+01
1.07591500e-06,5.00000000e+00,1.23375000e+01,-4.37500000e-03,1.32617188e+01
1.07623500e-06,4.98750000e+00,1.22750000e+01,6.25000000e-04,1.32546875e+01
1.07655500e-06,5.02500000e+00,1.21625000e+01,5.62500000e-03,1.32117187e+01
1.07687500e-06,5.08750000e+00,1.25250000e+01,6.25000000e-04,1.32085938e+01
1.07719500e-06,4.83750000e+00,1.23000000e+01,-1.87500000e-03,1.32460938e+01
1.07751500e-06,4.90000000e+00,1.23000000e+01,-9.37500000e-03,1.32320313e+01
1.07783500e-06,4.85000000e+00,1.22625000e+01,1.31250000e-02,1.31875000e+01
1.07815500e-06,5.01250000e+00,1.24625000e+01,3.12500000e-03,1.32226562e+01
1.07847500e-06,5.07500000e+00,1.23625000e+01,-4.37500000e-03,1.31828125e+01
1.07879500e-06,4.87500000e+00,1.23250000e+01,8.12500000e-03,1.32132812e+01
1.07911500e-06,5.08750000e+00,1.22625000e+01,5.62500000e-03,1.33046875e+01
1.07943500e-06,4.96250000e+00,1.24000000e+01,5.62500000e-03,1.32390625e+01
1.07975500e-06,4.97500000e+00,1.23250000e+01,2.31250000e-02,1.31718750e+01
1.08007500e-06,5.07500000e+00,1.24250000e+01,1.31250000e-02,1.31687500e+01
1.08039500e-06,4.98750000e+00,1.23375000e+01,1.81250000e-02,1.31765625e+01
1.08071500e-06,5.01250000e+00,1.24250000e+01,8.12500000e-03,1.31632813e+01
1.08103500e-06,4.96250000e+00,1.22250000e+01,-1.87500000e-03,1.31773438e+01
1.08135500e-06,4.97500000e+00,1.22625000e+01,1.56250000e-02,1.32414063e+01
1.08167500e-06,4.92500000e+00,1.21875000e+01,3.06250000e-02,1.31468750e+01
1.08199500e-06,5.02500000e+00,1.23625000e+01,1.31250000e-02,1.31125000e+01
1.08231500e-06,5.08750000e+00,1.23125000e+01,-1.68750000e-02,1.32171875e+01
1.08263500e-06,5.12500000e+00,1.22875000e+01,1.06250000e-02,1.32601562e+01
1.08295500e-06,4.93750000e+00,1.22500000e+01,2.31250000e-02,1.32210937e+01
1.08327500e-06,4.93750000e+00,1.23625000e+01,-1.43750000e-02,1.32226562e+01
1.08359500e-06,4.96250000e+00,1.22500000e+01,4.31250000e-02,1.32289062e+01
1.08391500e-06,4.98750000e+00,1.23250000e+01,3.31250000e-02,1.31625000e+01
1.08423500e-06,5.02500000e+00,1.24000000e+01,-9.37500000e-03,1.31273437e+01
1.08455500e-06,4.83750000e+00,1.22500000e+01,2.06250000e-02,1.31507812e+01
1.08487500e-06,4.86250000e+00,1.22500000e+01,2.56250000e-02,1.31773438e+01
1.08519500e-06,5.00000000e+00,1.24500000e+01,1.56250000e-02,1.31156250e+01
1.08551500e-06,4.91250000e+00,1.23250000e+01,2.56250000e-02,1.30984375e+01
1.08583500e-06,5.01250000e+00,1.24125000e+01,8.12500000e-03,1.31437500e+01
1.08615500e-06,5.06250000e+00,1.22125000e+01,1.81250000e-02,1.30625000e+01
1.08647500e-06,5.11250000e+00,1.21625000e+01,1.31250000e-02,1.30289063e+01
1.08679500e-06,4.92500000e+00,1.23125000e+01,2.06250000e-02,1.30695313e+01
1.08711500e-06,4.97500000e+00,1.23375000e+01,2.06250000e-02,1.31617188e+01
1.08743500e-06,4.97500000e+00,1.23375000e+01,1.56250000e-02,1.31718750e+01
1.08775500e-06,4.93750000e+00,1.23000000e+01,1.81250000e-02,1.31312500e+01
1.08807500e-06,5.02500000e+00,1.22500000e+01,-6.87500000e-03,1.32054687e+01
1.08839500e-06,5.02500000e+00,1.23625000e+01,4.06250000e-02,1.32539062e+01
1.08871500e-06,5.05000000e+00,1.23375000e+01,3.12500000e-03,1.32546875e+01
1.08903500e-06,5.16250000e+00,1.22375000e+01,1.06250000e-02,1.32414063e+01
1.08935500e-06,5.07500000e+00,1.22375000e+01,-1.25000000e-02,1.31835938e+01
1.08967500e-06,4.93750000e+00,1.22625000e+01,-6.87500000e-03,1.32226562e+01
1.08999500e-06,4.95000000e+00,1.24000000e+01,3.06250000e-02,1.32164063e+01
1.09031500e-06,5.01250000e+00,1.21625000e+01,5.62500000e-03,1.32375000e+01
1.09063500e-06,5.00000000e+00,1.23500000e+01,1.81250000e-02,1.31890625e+01
1.09095500e-06,5.13750000e+00,1.23875000e+01,8.12500000e-03,1.31375000e+01
1.09127500e-06,5.11250000e+00,1.22125000e+01,8.12500000e-03,1.31945313e+01
1.09159500e-06,4.93750000e+00,1.24250000e+01,2.56250000e-02,1.32078125e+01
1.09191500e-06,4.91250000e+00,1.23625000e+01,6.25000000e-04,1.32195312e+01
1.09223500e-06,5.00000000e+00,1.22625000e+01,6.25000000e-04,1.31953125e+01
1.09255500e-06,5.08750000e+00,1.23125000e+01,1.81250000e-02,1.31453125e+01
1.09287500e-06,5.03750000e+00,1.23625000e+01,-1.68750000e-02,1.31898437e+01
1.09319500e-06,5.08750000e+00,1.23500000e+01,2.56250000e-02,1.31132812e+01
1.09351500e-06,5.00000000e+00,1.23750000e+01,2.81250000e-02,1.31109375e+01
1.09383500e-06,4.87500000e+00,1.22875000e+01,-1.43750000e-02,1.31351562e+01
1.09415500e-06,5.02500000e+00,1.23125000e+01,1.06250000e-02,1.31390625e+01
1.09447500e-06,5.01250000e+00,1.22875000e+01,4.31250000e-02,1.30859375e+01
1.09479500e-06,4.95000000e+00,1.23250000e+01,5.62500000e-03,1.31484375e+01
1.09511500e-06,5.03750000e+00,1.22125000e+01,-2.25000000e-02,1.32484375e+01
1.09543500e-06,4.96250000e+00,1.22875000e+01,-6.87500000e-03,1.31687500e+01
1.09575500e-06,5.07500000e+00,1.24000000e+01,2.06250000e-02,1.31648437e+01
1.09607500e-06,5.08750000e+00,1.24125000e+01,2.56250000e-02,1.32820312e+01
1.09639500e-06,5.10000000e+00,1.23375000e+01,2.31250000e-02,1.32554688e+01
1.09671500e-06,5.01250000e+00,1.24250000e+01,8.12500000e-03,1.32195312e+01
1.09703500e-06,5.12500000e+00,1.23250000e+01,1.31250000e-02,1.32765625e+01
1.09735500e-06,5.11250000e+00,1.23250000e+01,3.56250000e-02,1.32593750e+01
1.09767500e-06,4.90000000e+00,1.24000000e+01,2.06250000e-02,1.32265625e+01
1.09799500e-06,4.98750000e+00,1.22625000e+01,5.62500000e-03,1.32062500e+01
1.09831500e-06,5.07500000e+00,1.23000000e+01,1.06250000e-02,1.32257813e+01
1.09863500e-06,4.92500000e+00,1.24125000e+01,1.31250000e-02,1.32218750e+01
1.09895500e-06,4.95000000e+00,1.22375000e+01,2.81250000e-02,1.32625000e+01
1.09927500e-06,5.01250000e+00,1.24375000e+01,8.12500000e-03,1.32523437e+01
1.09959500e-06,4.98750000e+00,1.23500000e+01,2.06250000e-02,1.31593750e+01
1.09991500e-06,5.07500000e+00,1.24375000e+01,2.81250000e-02,1.31367188e+01
1.10023500e-06,5.01250000e+00,1.24250000e+01,-1.87500000e-03,1.31531250e+01
1.10055500e-06,4.87500000e+00,1.22875000e+01,2.31250000e-02,1.31257812e+01
1.10087500e-06,4.98750000e+00,1.23125000e+01,2.81250000e-02,1.32109375e+01
1.10119500e-06,4.96250000e+00,1.23500000e+01,3.12500000e-03,1.32726563e+01
1.10151500e-06,5.03750000e+00,1.24125000e+01,6.25000000e-04,1.32578125e+01
1.10183500e-06,5.11250000e+00,1.23000000e+01,6.25000000e-04,1.32671875e+01
1.10215500e-06,4.95000000e+00,1.23125000e+01,1.81250000e-02,1.32335938e+01
1.10247500e-06,5.06250000e+00,1.22000000e+01,3.06250000e-02,1.31546875e+01
1.10279500e-06,5.03750000e+00,1.22875000e+01,1.31250000e-02,1.31750000e+01
1.10311500e-06,5.03750000e+00,1.24875000e+01,2.06250000e-02,1.32242188e+01
1.10343500e-06,5.05000000e+00,1.23750000e+01,1.06250000e-02,1.32453125e+01
1.10375500e-06,5.00000000e+00,1.24875000e+01,1.56250000e-02,1.32757812e+01
1.10407500e-06,5.00000000e+00,1.21875000e+01,4.81250000e-02,1.32546875e+01
1.10439500e-06,5.00000000e+00,1.23125000e+01,1.56250000e-02,1.32320313e+01
1.10471500e-06,5.08750000e+00,1.22250000e+01,1.56250000e-02,1.31742187e+01
1.10503500e-06,4.92500000e+00,1.23250000e+01,-1.43750000e-02,1.31671875e+01
1.10535500e-06,4.98750000e+00,1.24000000e+01,1.56250000e-02,1.31765625e+01
1.10567500e-06,5.03750000e+00,1.23500000e+01,2.81250000e-02,1.31765625e+01
1.10599500e-06,5.01250000e+00,1.22375000e+01,-6.87500000e-03,1.31335937e+01
1.10631500e-06,5.03750000e+00,1.23750000e+01,6.25000000e-04,1.31710938e+01
1.10663500e-06,5.01250000e+00,1.23625000e+01,1.81250000e-02,1.31773438e+01
1.10695500e-06,5.07500000e+00,1.24750000e+01,1.81250000e-02,1.31867188e+01
1.10727500e-06,5.01250000e+00,1.23625000e+01,1.81250000e-02,1.32062500e+01
1.10759500e-06,5.05000000e+00,1.22750000e+01,1.81250000e-02,1.31757812e+01
1.10791500e-06,5.03750000e+00,1.22375000e+01,3.81250000e-02,1.31414062e+01
1.10823500e-06,4.96250000e+00,1.22625000e+01,1.56250000e-02,1.31375000e+01
1.10855500e-06,5.03750000e+00,1.23000000e+01,-9.37500000e-03,1.31070313e+01
1.10887500e-06,5.05000000e+00,1.24250000e+01,-1.18750000e-02,1.31125000e+01
1.10919500e-06,5.07500000e+00,1.22125000e+01,-1.18750000e-02,1.30945312e+01
1.10951500e-06,5.03750000e+00,1.23500000e+01,2.81250000e-02,1.31625000e+01
1.10983500e-06,5.02500000e+00,1.23250000e+01,-4.37500000e-03,1.32265625e+01
1.11015500e-06,5.03750000e+00,1.23125000e+01,3.12500000e-03,1.31578125e+01
1.11047500e-06,5.08750000e+00,1.22500000e+01,1.81250000e-02,1.31296875e+01
1.11079500e-06,5.10000000e+00,1.23125000e+01,1.81250000e-02,1.31085938e+01
1.11111500e-06,4.80000000e+00,1.23375000e+01,3.12500000e-03,1.30937500e+01
1.11143500e-06,4.98750000e+00,1.23250000e+01,2.31250000e-02,1.31289062e+01
1.11175500e-06,5.05000000e+00,1.22625000e+01,3.31250000e-02,1.31906250e+01
1.11207500e-06,5.18750000e+00,1.22875000e+01,-1.00000000e-02,1.32484375e+01
1.11239500e-06,5.00000000e+00,1.22750000e+01,-2.18750000e-02,1.31960937e+01
1.11271500e-06,4.98750000e+00,1.22875000e+01,1.31250000e-02,1.31656250e+01
1.11303500e-06,5.13750000e+00,1.24375000e+01,1.56250000e-02,1.31164063e+01
1.11335500e-06,4.92500000e+00,1.24250000e+01,1.56250000e-02,1.31234375e+01
1.11367500e-06,5.06250000e+00,1.22375000e+01,-1.87500000e-03,1.31617188e+01
1.11399500e-06,4.98750000e+00,1.23250000e+01,-1.68750000e-02,1.31710938e+01
1.11431500e-06,5.03750000e+00,1.23125000e+01,6.25000000e-04,1.31750000e+01
1.11463500e-06,4.96250000e+00,1.24500000e+01,1.81250000e-02,1.30765625e+01
1.11495500e-06,5.06250000e+00,1.22000000e+01,1.31250000e-02,1.30773438e+01
1.11527500e-06,4.92500000e+00,1.23625000e+01,3.06250000e-02,1.31507812e+01
1.11559500e-06,4.98750000e+00,1.23125000e+01,3.56250000e-02,1.31882812e+01
1.11591500e-06,4.91250000e+00,1.23000000e+01,2.31250000e-02,1.31539063e+01
1.11623500e-06,4.97500000e+00,1.23625000e+01,3.81250000e-02,1.31671875e+01
1.11655500e-06,5.02500000e+00,1.22875000e+01,5.62500000e-03,1.31757812e+01
1.11687500e-06,5.07500000e+00,1.22125000e+01,5.62500000e-03,1.30835938e+01
1.11719500e-06,5.06250000e+00,1.23625000e+01,8.12500000e-03,1.31695313e+01
1.11751500e-06,5.03750000e+00,1.23125000e+01,1.56250000e-02,1.31992188e+01
1.11783500e-06,5.01250000e+00,1.22500000e+01,1.56250000e-02,1.31304688e+01
1.11815500e-06,4.93750000e+00,1.22250000e+01,-4.37500000e-03,1.32007813e+01
1.11847500e-06,5.00000000e+00,1.23625000e+01,-1.93750000e-02,1.32617188e+01
1.11879500e-06,5.03750000e+00,1.23375000e+01,-1.87500000e-03,1.32343750e+01
1.11911500e-06,5.00000000e+00,1.23625000e+01,-1.87500000e-03,1.32523437e+01
1.11943500e-06,4.95000000e+00,1.22500000e+01,4.31250000e-02,1.32546875e+01
1.11975500e-06,4.96250000e+00,1.22125000e+01,2.06250000e-02,1.32007813e+01
1.12007500e-06,5.16250000e+00,1.23500000e+01,-6.87500000e-03,1.32062500e+01
1.12039500e-06,5.00000000e+00,1.23375000e+01,3.06250000e-02,1.32085938e+01
1.12071500e-06,4.95000000e+00,1.21875000e+01,5.62500000e-03,1.31906250e+01
1.12103500e-06,5.15000000e+00,1.21250000e+01,1.06250000e-02,1.31906250e+01
1.12135500e-06,4.97500000e+00,1.23125000e+01,3.81250000e-02,1.31625000e+01
1.12167500e-06,4.91250000e+00,1.22875000e+01,1.81250000e-02,1.32085938e+01
1.12199500e-06,5.07500000e+00,1.22000000e+01,1.81250000e-02,1.32195312e+01
1.12231500e-06,5.12500000e+00,1.24125000e+01,1.31250000e-02,1.32007813e+01
1.12263500e-06,5.03750000e+00,1.23500000e+01,2.31250000e-02,1.32367187e+01
1.12295500e-06,5.15000000e+00,1.26000000e+01,5.56250000e-02,1.32468750e+01
1.12327500e-06,5.01250000e+00,1.23625000e+01,-1.25000000e-02,1.31734375e+01
1.12359500e-06,4.88750000e+00,1.22500000e+01,-3.56250000e-02,1.31875000e+01
1.12391500e-06,5.01250000e+00,1.22750000e+01,2.37500000e-02,1.32054687e+01
1.12423500e-06,4.97500000e+00,1.23000000e+01,1.62500000e-02,1.31601562e+01
1.12455500e-06,4.90000000e+00,1.22000000e+01,1.06250000e-02,1.31882812e+01
1.12487500e-06,5.02500000e+00,1.24000000e+01,2.06250000e-02,1.31570312e+01
1.12519500e-06,5.02500000e+00,1.23250000e+01,6.25000000e-04,1.32070312e+01
1.12551500e-06,4.88750000e+00,1.22875000e+01,1.06250000e-02,1.32296875e+01
1.12583500e-06,5.01250000e+00,1.23500000e+01,6.25000000e-04,1.31953125e+01
1.12615500e-06,5.11250000e+00,1.22250000e+01,1.56250000e-02,1.32054687e+01
1.12647500e-06,5.01250000e+00,1.23250000e+01,1.06250000e-02,1.31179687e+01
1.12679500e-06,4.98750000e+00,1.23250000e+01,3.12500000e-03,1.31421875e+01
1.12711500e-06,5.05000000e+00,1.22000000e+01,-1.18750000e-02,1.31593750e+01
1.12743500e-06,4.98750000e+00,1.24125000e+01,-1.18750000e-02,1.31656250e+01
1.12775500e-06,4.92500000e+00,1.24000000e+01,2.06250000e-02,1.31687500e+01
1.12807500e-06,5.05000000e+00,1.22625000e+01,3.56250000e-02,1.30421875e+01
1.12839500e-06,5.11250000e+00,1.23250000e+01,3.31250000e-02,1.29585938e+01
1.12871500e-06,4.85000000e+00,1.24000000e+01,1.31250000e-02,1.30953125e+01
1.12903500e-06,4.90000000e+00,1.23375000e+01,1.31250000e-02,1.32007813e+01
1.12935500e-06,5.02500000e+00,1.24250000e+01,8.12500000e-03,1.31765625e+01
1.12967500e-06,5.02500000e+00,1.22750000e+01,3.12500000e-03,1.31890625e+01
1.12999500e-06,5.06250000e+00,1.23750000e+01,3.06250000e-02,1.31789063e+01
1.13031500e-06,5.03750000e+00,1.22625000e+01,5.56250000e-02,1.31718750e+01
1.13063500e-06,4.98750000e+00,1.22500000e+01,-4.37500000e-03,1.31062500e+01
1.13095500e-06,4.98750000e+00,1.22375000e+01,6.25000000e-04,1.31398438e+01
1.13127500e-06,4.96250000e+00,1.23250000e+01,1.56250000e-02,1.31515625e+01
1.13159500e-06,4.90000000e+00,1.23375000e+01,-1.87500000e-03,1.31718750e+01
1.13191500e-06,4.98750000e+00,1.23125000e+01,-1.43750000e-02,1.32015625e+01
1.13223500e-06,4.96250000e+00,1.22500000e+01,1.81250000e-02,1.32007813e+01
1.13255500e-06,5.08750000e+00,1.23500000e+01,6.25000000e-04,1.32265625e+01
1.13287500e-06,4.98750000e+00,1.23750000e+01,-1.87500000e-03,1.31593750e+01
1.13319500e-06,5.17500000e+00,1.23625000e+01,1.56250000e-02,1.30984375e+01
1.13351500e-06,5.10000000e+00,1.21625000e+01,-2.18750000e-02,1.30992188e+01
1.13383500e-06,5.00000000e+00,1.23000000e+01,1.06250000e-02,1.31867188e+01
1.13415500e-06,5.06250000e+00,1.23500000e+01,3.81250000e-02,1.30937500e+01
1.13447500e-06,4.97500000e+00,1.24250000e+01,6.25000000e-04,1.30945312e+01
1.13479500e-06,5.03750000e+00,1.23625000e+01,4.06250000e-02,1.32375000e+01
1.13511500e-06,5.02500000e+00,1.23000000e+01,2.56250000e-02,1.32609375e+01
1.13543500e-06,4.88750000e+00,1.23500000e+01,8.12500000e-03,1.30843750e+01
1.13575500e-06,4.92500000e+00,1.24125000e+01,5.62500000e-03,1.30515625e+01
1.13607500e-06,5.07500000e+00,1.23125000e+01,2.06250000e-02,1.31445312e+01
1.13639500e-06,4.91250000e+00,1.23250000e+01,5.62500000e-03,1.32273437e+01
1.13671500e-06,4.92500000e+00,1.23750000e+01,-1.87500000e-03,1.32117187e+01
1.13703500e-06,5.05000000e+00,1.23375000e+01,-6.87500000e-03,1.31539063e+01
1.13735500e-06,5.01250000e+00,1.22500000e+01,1.06250000e-02,1.31484375e+01
1.13767500e-06,5.07500000e+00,1.22875000e+01,1.56250000e-02,1.32179688e+01
1.13799500e-06,5.10000000e+00,1.22875000e+01,2.56250000e-02,1.31960937e+01
1.13831500e-06,5.03750000e+00,1.23625000e+01,1.31250000e-02,1.31101562e+01
1.13863500e-06,5.00000000e+00,1.22125000e+01,5.62500000e-03,1.30562500e+01
1.13895500e-06,4.93750000e+00,1.23250000e+01,5.62500000e-03,1.30351562e+01
1.13927500e-06,4.85000000e+00,1.23125000e+01,1.56250000e-02,1.31773438e+01
1.13959500e-06,5.08750000e+00,1.24625000e+01,1.56250000e-02,1.32351562e+01
1.13991500e-06,5.03750000e+00,1.21875000e+01,1.31250000e-02,1.31679688e+01
1.14023500e-06,4.98750000e+00,1.22875000e+01,2.06250000e-02,1.31226563e+01
1.14055500e-06,4.86250000e+00,1.22500000e+01,2.06250000e-02,1.32070312e+01
1.14087500e-06,4.95000000e+00,1.23250000e+01,8.12500000e-03,1.31320313e+01
1.14119500e-06,5.07500000e+00,1.22875000e+01,1.56250000e-02,1.31406250e+01
1.14151500e-06,5.03750000e+00,1.23875000e+01,3.31250000e-02,1.31976562e+01
1.14183500e-06,4.83750000e+00,1.22875000e+01,6.25000000e-04,1.31398438e+01
1.14215500e-06,4.88750000e+00,1.23125000e+01,4.06250000e-02,1.30710937e+01
1.14247500e-06,5.06250000e+00,1.23750000e+01,1.06250000e-02,1.30890625e+01
1.14279500e-06,4.92500000e+00,1.23625000e+01,-9.37500000e-03,1.31664062e+01
1.14311500e-06,4.92500000e+00,1.22375000e+01,8.12500000e-03,1.31945313e+01
1.14343500e-06,5.07500000e+00,1.23375000e+01,2.31250000e-02,1.31750000e+01
1.14375500e-06,5.05000000e+00,1.22375000e+01,1.06250000e-02,1.31265625e+01
1.14407500e-06,5.03750000e+00,1.22000000e+01,1.06250000e-02,1.31210938e+01
1.14439500e-06,4.80000000e+00,1.23750000e+01,5.62500000e-03,1.30796875e+01
1.14471500e-06,4.90000000e+00,1.22500000e+01,3.12500000e-03,1.31414062e+01
1.14503500e-06,4.91250000e+00,1.21500000e+01,2.06250000e-02,1.31718750e+01
1.14535500e-06,5.02500000e+00,1.23375000e+01,2.81250000e-02,1.31687500e+01
1.14567500e-06,4.97500000e+00,1.23625000e+01,1.81250000e-02,1.32000000e+01
1.14599500e-06,5.02500000e+00,1.23250000e+01,2.31250000e-02,1.32117187e+01
1.14631500e-06,5.02500000e+00,1.23500000e+01,5.62500000e-03,1.32210937e+01
1.14663500e-06,5.01250000e+00,1.23625000e+01,-1.87500000e-03,1.31312500e+01
1.14695500e-06,4.90000000e+00,1.23625000e+01,1.56250000e-02,1.31039062e+01
1.14727500e-06,5.03750000e+00,1.23875000e+01,1.06250000e-02,1.31039062e+01
1.14759500e-06,5.02500000e+00,1.21125000e+01,-1.68750000e-02,1.31914062e+01
1.14791500e-06,4.96250000e+00,1.24375000e+01,2.31250000e-02,1.32148438e+01
1.14823500e-06,5.03750000e+00,1.23375000e+01,2.31250000e-02,1.31296875e+01
1.14855500e-06,5.00000000e+00,1.22500000e+01,5.62500000e-03,1.31328125e+01
1.14887500e-06,5.00000000e+00,1.22125000e+01,1.31250000e-02,1.32023438e+01
1.14919500e-06,4.95000000e+00,1.21500000e+01,1.31250000e-02,1.31859375e+01
1.14951500e-06,5.01250000e+00,1.23500000e+01,5.62500000e-03,1.31164063e+01
1.14983500e-06,5.00000000e+00,1.23625000e+01,-1.18750000e-02,1.31296875e+01
1.15015500e-06,5.02500000e+00,1.22875000e+01,3.12500000e-03,1.31617188e+01
1.15047500e-06,4.97500000e+00,1.24375000e+01,1.31250000e-02,1.31132812e+01
1.15079500e-06,4.91250000e+00,1.24125000e+01,2.06250000e-02,1.30296875e+01
1.15111500e-06,5.01250000e+00,1.23125000e+01,2.81250000e-02,1.31031250e+01
1.15143500e-06,5.00000000e+00,1.22375000e+01,3.56250000e-02,1.32187500e+01
1.15175500e-06,5.00000000e+00,1.23000000e+01,-4.37500000e-03,1.31867188e+01
1.15207500e-06,5.12500000e+00,1.22125000e+01,2.81250000e-02,1.31093750e+01
1.15239500e-06,5.03750000e+00,1.23625000e+01,3.56250000e-02,1.31359375e+01
1.15271500e-06,5.00000000e+00,1.22750000e+01,2.56250000e-02,1.31414062e+01
1.15303500e-06,4.96250000e+00,1.24750000e+01,1.06250000e-02,1.31085938e+01
1.15335500e-06,5.05000000e+00,1.23250000e+01,1.56250000e-02,1.30656250e+01
1.15367500e-06,5.03750000e+00,1.23125000e+01,4.06250000e-02,1.30257812e+01
1.15399500e-06,4.98750000e+00,1.22625000e+01,1.56250000e-02,1.31304688e+01
1.15431500e-06,4.90000000e+00,1.24250000e+01,2.56250000e-02,1.32078125e+01
1.15463500e-06,5.00000000e+00,1.24000000e+01,2.81250000e-02,1.31796875e+01
1.15495500e-06,4.95000000e+00,1.22375000e+01,2.31250000e-02,1.31750000e+01
1.15527500e-06,5.05000000e+00,1.22375000e+01,2.56250000e-02,1.31960937e+01
1.15559500e-06,5.12500000e+00,1.24500000e+01,3.12500000e-03,1.31921875e+01
1.15591500e-06,4.96250000e+00,1.22000000e+01,3.12500000e-03,1.31609375e+01
1.15623500e-06,5.08750000e+00,1.23500000e+01,1.81250000e-02,1.31570312e+01
1.15655500e-06,4.98750000e+00,1.24000000e+01,-9.37500000e-03,1.31648437e+01
1.15687500e-06,5.07500000e+00,1.23750000e+01,1.31250000e-02,1.31515625e+01
1.15719500e-06,5.02500000e+00,1.23500000e+01,4.06250000e-02,1.31093750e+01
1.15751500e-06,4.86250000e+00,1.23375000e+01,-3.37500000e-02,1.31031250e+01
1.15783500e-06,4.96250000e+00,1.22250000e+01,8.12500000e-03,1.31546875e+01
1.15815500e-06,5.10000000e+00,1.24250000e+01,7.50000000e-03,1.31335937e+01
1.15847500e-06,5.03750000e+00,1.22625000e+01,-6.87500000e-03,1.31625000e+01
1.15879500e-06,5.06250000e+00,1.22875000e+01,-4.37500000e-03,1.31640625e+01
1.15911500e-06,5.07500000e+00,1.22750000e+01,-4.37500000e-03,1.31835938e+01
1.15943500e-06,5.03750000e+00,1.24875000e+01,1.31250000e-02,1.32179688e+01
1.15975500e-06,5.01250000e+00,1.22875000e+01,2.56250000e-02,1.31710938e+01
1.16007500e-06,4.96250000e+00,1.22500000e+01,8.12500000e-03,1.31164063e+01
1.16039500e-06,5.06250000e+00,1.24000000e+01,1.31250000e-02,1.31101562e+01
1.16071500e-06,5.08750000e+00,1.23125000e+01,-4.37500000e-03,1.31460938e+01
1.16103500e-06,5.05000000e+00,1.21375000e+01,1.06250000e-02,1.32031250e+01
1.16135500e-06,4.91250000e+00,1.23125000e+01,1.56250000e-02,1.31968750e+01
1.16167500e-06,4.95000000e+00,1.23625000e+01,2.06250000e-02,1.31039062e+01
1.16199500e-06,5.02500000e+00,1.23250000e+01,2.06250000e-02,1.30226563e+01
1.16231500e-06,5.00000000e+00,1.23125000e+01,1.31250000e-02,1.30726562e+01
1.16263500e-06,4.98750000e+00,1.22250000e+01,-2.56250000e-02,1.31609375e+01
1.16295500e-06,4.90000000e+00,1.22375000e+01,5.62500000e-03,1.31484375e+01
1.16327500e-06,5.16250000e+00,1.22375000e+01,1.56250000e-02,1.31273437e+01
1.16359500e-06,5.02500000e+00,1.23625000e+01,3.56250000e-02,1.30570312e+01
1.16391500e-06,4.98750000e+00,1.22375000e+01,2.31250000e-02,1.31304688e+01
1.16423500e-06,5.11250000e+00,1.22875000e+01,8.12500000e-03,1.31773438e+01
1.16455500e-06,5.00000000e+00,1.24625000e+01,-4.37500000e-03,1.31898437e+01
1.16487500e-06,4.96250000e+00,1.23750000e+01,3.31250000e-02,1.32000000e+01
1.16519500e-06,5.05000000e+00,1.22250000e+01,2.56250000e-02,1.31812500e+01
1.16551500e-06,4.97500000e+00,1.22000000e+01,3.06250000e-02,1.31382813e+01
1.16583500e-06,4.93750000e+00,1.23125000e+01,-1.18750000e-02,1.31414062e+01
1.16615500e-06,5.00000000e+00,1.22875000e+01,2.06250000e-02,1.31500000e+01
1.16647500e-06,4.87500000e+00,1.22375000e+01,1.81250000e-02,1.30898438e+01
1.16679500e-06,5.10000000e+00,1.24250000e+01,-4.37500000e-03,1.30984375e+01
1.16711500e-06,4.96250000e+00,1.24500000e+01,-6.87500000e-03,1.30609375e+01
1.16743500e-06,4.90000000e+00,1.22625000e+01,3.56250000e-02,1.30976562e+01
1.16775500e-06,5.01250000e+00,1.22875000e+01,-4.37500000e-03,1.31140625e+01
1.16807500e-06,4.92500000e+00,1.22500000e+01,3.06250000e-02,1.31867188e+01
1.16839500e-06,5.06250000e+00,1.23250000e+01,8.12500000e-03,1.32070312e+01
1.16871500e-06,4.90000000e+00,1.24125000e+01,-6.87500000e-03,1.31406250e+01
1.16903500e-06,5.00000000e+00,1.23000000e+01,-6.87500000e-03,1.31804687e+01
1.16935500e-06,5.03750000e+00,1.22125000e+01,-4.37500000e-03,1.31218750e+01
1.16967500e-06,5.02500000e+00,1.23250000e+01,1.06250000e-02,1.31578125e+01
1.16999500e-06,5.00000000e+00,1.22250000e+01,1.81250000e-02,1.31890625e+01
1.17031500e-06,5.05000000e+00,1.23750000e+01,-1.87500000e-03,1.31289062e+01
1.17063500e-06,4.98750000e+00,1.22250000e+01,2.31250000e-02,1.30507812e+01
1.17095500e-06,5.11250000e+00,1.22625000e+01,-1.87500000e-03,1.30617188e+01
1.17127500e-06,5.03750000e+00,1.23625000e+01,5.62500000e-03,1.30296875e+01
1.17159500e-06,5.02500000e+00,1.22875000e+01,3.56250000e-02,1.30640625e+01
1.17191500e-06,5.07500000e+00,1.23250000e+01,1.56250000e-02,1.31625000e+01
1.17223500e-06,4.96250000e+00,1.23375000e+01,2.81250000e-02,1.31835938e+01
1.17255500e-06,5.00000000e+00,1.21375000e+01,4.06250000e-02,1.31148438e+01
1.17287500e-06,5.05000000e+00,1.22625000e+01,1.81250000e-02,1.30843750e+01
1.17319500e-06,5.01250000e+00,1.21500000e+01,1.31250000e-02,1.30742188e+01
1.17351500e-06,4.87500000e+00,1.23875000e+01,1.56250000e-02,1.30632812e+01
1.17383500e-06,5.08750000e+00,1.22500000e+01,2.06250000e-02,1.30226563e+01
1.17415500e-06,5.06250000e+00,1.22875000e+01,-1.87500000e-03,1.30218750e+01
1.17447500e-06,4.91250000e+00,1.24250000e+01,5.62500000e-03,1.31257812e+01
1.17479500e-06,4.93750000e+00,1.24500000e+01,-1.87500000e-03,1.31507812e+01
1.17511500e-06,4.95000000e+00,1.23500000e+01,1.31250000e-02,1.30921875e+01
1.17543500e-06,4.92500000e+00,1.23375000e+01,3.06250000e-02,1.30812500e+01
1.17575500e-06,5.02500000e+00,1.22875000e+01,2.81250000e-02,1.31148438e+01
1.17607500e-06,5.16250000e+00,1.22500000e+01,1.31250000e-02,1.31914062e+01
1.17639500e-06,4.93750000e+00,1.21750000e+01,-4.37500000e-03,1.31390625e+01
1.17671500e-06,4.95000000e+00,1.23625000e+01,5.62500000e-03,1.30351562e+01
1.17703500e-06,4.98750000e+00,1.23375000e+01,4.56250000e-02,1.30617188e+01
1.17735500e-06,5.08750000e+00,1.22625000e+01,8.12500000e-03,1.31203125e+01
1.17767500e-06,4.95000000e+00,1.22125000e+01,2.31250000e-02,1.30656250e+01
1.17799500e-06,5.02500000e+00,1.23125000e+01,6.25000000e-04,1.30812500e+01
1.17831500e-06,5.15000000e+00,1.22625000e+01,3.12500000e-03,1.31734375e+01
1.17863500e-06,4.98750000e+00,1.25375000e+01,2.81250000e-02,1.31750000e+01
1.17895500e-06,4.90000000e+00,1.23875000e+01,3.56250000e-02,1.31078125e+01
1.17927500e-06,5.05000000e+00,1.24125000e+01,3.12500000e-03,1.30898438e+01
1.17959500e-06,5.05000000e+00,1.21375000e+01,-1.18750000e-02,1.30492187e+01
1.17991500e-06,4.90000000e+00,1.23250000e+01,2.81250000e-02,1.30695313e+01
1.18023500e-06,4.87500000e+00,1.22875000e+01,3.12500000e-03,1.31132812e+01
1.18055500e-06,4.97500000e+00,1.22375000e+01,-1.87500000e-03,1.31273437e+01
1.18087500e-06,5.12500000e+00,1.22125000e+01,-3.31250000e-02,1.31414062e+01
1.18119500e-06,5.03750000e+00,1.23750000e+01,2.56250000e-02,1.31531250e+01
1.18151500e-06,5.02500000e+00,1.22000000e+01,3.81250000e-02,1.31609375e+01
1.18183500e-06,4.98750000e+00,1.23000000e+01,1.81250000e-02,1.31312500e+01
1.18215500e-06,5.08750000e+00,1.23500000e+01,2.31250000e-02,1.31007813e+01
1.18247500e-06,4.92500000e+00,1.22375000e+01,4.81250000e-02,1.31109375e+01
1.18279500e-06,5.02500000e+00,1.22625000e+01,8.12500000e-03,1.31593750e+01
1.18311500e-06,5.01250000e+00,1.24125000e+01,-1.43750000e-02,1.31390625e+01
1.18343500e-06,4.96250000e+00,1.21500000e+01,3.12500000e-03,1.31601562e+01
1.18375500e-06,5.06250000e+00,1.23500000e+01,2.56250000e-02,1.31109375e+01
1.18407500e-06,5.00000000e+00,1.22250000e+01,3.06250000e-02,1.30289063e+01
1.18439500e-06,4.88750000e+00,1.22875000e+01,-1.68750000e-02,1.30031250e+01
1.18471500e-06,5.00000000e+00,1.22250000e+01,2.06250000e-02,1.31476563e+01
1.18503500e-06,5.10000000e+00,1.23000000e+01,1.81250000e-02,1.31890625e+01
1.18535500e-06,4.93750000e+00,1.23375000e+01,3.06250000e-02,1.30890625e+01
1.18567500e-06,4.95000000e+00,1.23250000e+01,-2.50000000e-03,1.30234375e+01
1.18599500e-06,4.91250000e+00,1.23375000e+01,-3.06250000e-02,1.31062500e+01
1.18631500e-06,4.93750000e+00,1.23375000e+01,1.12500000e-02,1.31062500e+01
1.18663500e-06,5.10000000e+00,1.22750000e+01,-6.25000000e-03,1.30523438e+01
1.18695500e-06,4.92500000e+00,1.23000000e+01,2.56250000e-02,1.31031250e+01
1.18727500e-06,5.00000000e+00,1.23000000e+01,3.56250000e-02,1.31523438e+01
1.18759500e-06,5.02500000e+00,1.24125000e+01,1.31250000e-02,1.31625000e+01
1.18791500e-06,4.88750000e+00,1.22625000e+01,4.31250000e-02,1.31218750e+01
1.18823500e-06,4.85000000e+00,1.24000000e+01,3.56250000e-02,1.30968750e+01
1.18855500e-06,5.03750000e+00,1.22000000e+01,-4.37500000e-03,1.30265625e+01
1.18887500e-06,4.93750000e+00,1.23875000e+01,1.81250000e-02,1.30679688e+01
1.18919500e-06,4.87500000e+00,1.22500000e+01,2.31250000e-02,1.31609375e+01
1.18951500e-06,5.02500000e+00,1.22375000e+01,1.56250000e-02,1.31375000e+01
1.18983500e-06,4.93750000e+00,1.21750000e+01,2.31250000e-02,1.30890625e+01
1.19015500e-06,4.88750000e+00,1.23750000e+01,8.12500000e-03,1.30968750e+01
1.19047500e-06,5.03750000e+00,1.22625000e+01,5.62500000e-03,1.30898438e+01
1.19079500e-06,5.01250000e+00,1.23125000e+01,6.25000000e-04,1.30820312e+01
1.19111500e-06,4.90000000e+00,1.23500000e+01,2.06250000e-02,1.31335937e+01
1.19143500e-06,4.96250000e+00,1.23875000e+01,6.25000000e-04,1.31062500e+01
1.19175500e-06,4.91250000e+00,1.22375000e+01,1.31250000e-02,1.30125000e+01
1.19207500e-06,4.95000000e+00,1.22750000e+01,1.56250000e-02,1.29710937e+01
1.19239500e-06,4.86250000e+00,1.23125000e+01,-6.87500000e-03,1.29609375e+01
1.19271500e-06,4.83750000e+00,1.23625000e+01,5.62500000e-03,1.30414062e+01
1.19303500e-06,4.91250000e+00,1.22875000e+01,4.56250000e-02,1.30500000e+01
1.19335500e-06,5.02500000e+00,1.23250000e+01,-1.43750000e-02,1.30671875e+01
1.19367500e-06,5.07500000e+00,1.23125000e+01,1.81250000e-02,1.30468750e+01
1.19399500e-06,5.02500000e+00,1.22000000e+01,1.56250000e-02,1.30156250e+01
1.19431500e-06,4.88750000e+00,1.22125000e+01,-4.37500000e-03,1.30132813e+01
1.19463500e-06,5.06250000e+00,1.21500000e+01,5.62500000e-03,1.30359375e+01
1.19495500e-06,5.05000000e+00,1.22250000e+01,1.31250000e-02,1.30664062e+01
1.19527500e-06,4.97500000e+00,1.24000000e+01,1.06250000e-02,1.31070313e+01
1.19559500e-06,4.88750000e+00,1.23000000e+01,1.31250000e-02,1.31031250e+01
1.19591500e-06,4.88750000e+00,1.23875000e+01,5.62500000e-03,1.30421875e+01
1.19623500e-06,4.80000000e+00,1.22500000e+01,6.25000000e-04,1.29640625e+01
1.19655500e-06,5.07500000e+00,1.23750000e+01,1.56250000e-02,1.30406250e+01
1.19687500e-06,5.07500000e+00,1.22625000e+01,1.31250000e-02,1.31312500e+01
1.19719500e-06,4.91250000e+00,1.23250000e+01,3.12500000e-03,1.31296875e+01
1.19751500e-06,4.87500000e+00,1.24250000e+01,1.31250000e-02,1.31273437e+01
1.19783500e-06,5.13750000e+00,1.23500000e+01,1.06250000e-02,1.30851563e+01
1.19815500e-06,5.06250000e+00,1.22125000e+01,1.06250000e-02,1.30265625e+01
1.19847500e-06,5.00000000e+00,1.23125000e+01,3.12500000e-03,1.30664062e+01
1.19879500e-06,5.11250000e+00,1.23125000e+01,5.62500000e-03,1.31179687e+01
1.19911500e-06,4.91250000e+00,1.23125000e+01,3.12500000e-03,1.31234375e+01
1.19943500e-06,5.00000000e+00,1.23750000e+01,2.31250000e-02,1.31031250e+01
1.19975500e-06,4.91250000e+00,1.22375000e+01,1.31250000e-02,1.31421875e+01
1.20007500e-06,4.95000000e+00,1.21375000e+01,2.81250000e-02,1.31523438e+01
1.20039500e-06,5.00000000e+00,1.22500000e+01,8.12500000e-03,1.31726562e+01
1.20071500e-06,5.00000000e+00,1.24125000e+01,3.12500000e-03,1.31656250e+01
1.20103500e-06,4.91250000e+00,1.23375000e+01,1.81250000e-02,1.30734375e+01
1.20135500e-06,4.86250000e+00,1.23875000e+01,6.25000000e-04,1.31304688e+01
1.20167500e-06,4.97500000e+00,1.23500000e+01,1.06250000e-02,1.31648437e+01
1.20199500e-06,4.98750000e+00,1.22125000e+01,3.12500000e-03,1.31070313e+01
1.20231500e-06,4.97500000e+00,1.22750000e+01,5.62500000e-03,1.31593750e+01
1.20263500e-06,5.01250000e+00,1.23000000e+01,1.56250000e-02,1.32242188e+01
1.20295500e-06,4.98750000e+00,1.23500000e+01,-1.87500000e-03,1.31890625e+01
1.20327500e-06,5.00000000e+00,1.23625000e+01,8.12500000e-03,1.30500000e+01
1.20359500e-06,5.02500000e+00,1.23500000e+01,6.25000000e-04,1.31132812e+01
1.20391500e-06,4.97500000e+00,1.22875000e+01,6.25000000e-04,1.32289062e+01
1.20423500e-06,5.05000000e+00,1.23875000e+01,1.56250000e-02,1.31429687e+01
1.20455500e-06,4.95000000e+00,1.22750000e+01,-1.87500000e-03,1.31593750e+01
1.20487500e-06,5.08750000e+00,1.22750000e+01,1.31250000e-02,1.31812500e+01
1.20519500e-06,5.11250000e+00,1.23125000e+01,-9.37500000e-03,1.31671875e+01
1.20551500e-06,4.92500000e+00,1.21875000e+01,6.25000000e-04,1.31039062e+01
1.20583500e-06,4.93750000e+00,1.22750000e+01,3.56250000e-02,1.31007813e+01
1.20615500e-06,5.03750000e+00,1.23250000e+01,6.25000000e-04,1.31140625e+01
1.20647500e-06,4.98750000e+00,1.22500000e+01,3.31250000e-02,1.30945312e+01
1.20679500e-06,4.88750000e+00,1.23750000e+01,2.56250000e-02,1.30781250e+01
1.20711500e-06,5.01250000e+00,1.22750000e+01,6.25000000e-04,1.30515625e+01
1.20743500e-06,4.90000000e+00,1.22375000e+01,2.31250000e-02,1.31117187e+01
1.20775500e-06,5.12500000e+00,1.22375000e+01,8.12500000e-03,1.31828125e+01
1.20807500e-06,5.01250000e+00,1.22375000e+01,3.12500000e-03,1.31406250e+01
1.20839500e-06,5.02500000e+00,1.24000000e+01,5.62500000e-03,1.30656250e+01
1.20871500e-06,4.95000000e+00,1.23000000e+01,1.81250000e-02,1.31007813e+01
1.20903500e-06,5.05000000e+00,1.22125000e+01,2.56250000e-02,1.31484375e+01
1.20935500e-06,5.02500000e+00,1.23500000e+01,1.81250000e-02,1.31125000e+01
1.20967500e-06,5.02500000e+00,1.22625000e+01,4.31250000e-02,1.30492187e+01
1.20999500e-06,5.11250000e+00,1.22500000e+01,6.25000000e-04,1.30046875e+01
1.21031500e-06,5.07500000e+00,1.22750000e+01,2.06250000e-02,1.30710937e+01
1.21063500e-06,4.97500000e+00,1.23500000e+01,-1.18750000e-02,1.31125000e+01
1.21095500e-06,5.02500000e+00,1.23375000e+01,1.56250000e-02,1.30789062e+01
1.21127500e-06,4.97500000e+00,1.24500000e+01,5.62500000e-03,1.30109375e+01
1.21159500e-06,4.91250000e+00,1.22250000e+01,3.12500000e-03,1.30093750e+01
1.21191500e-06,4.97500000e+00,1.23125000e+01,1.06250000e-02,1.30945312e+01
1.21223500e-06,5.06250000e+00,1.22375000e+01,4.31250000e-02,1.31140625e+01
1.21255500e-06,4.85000000e+00,1.23625000e+01,1.06250000e-02,1.30570312e+01
1.21287500e-06,4.97500000e+00,1.22500000e+01,1.81250000e-02,1.30218750e+01
1.21319500e-06,4.97500000e+00,1.22750000e+01,3.12500000e-03,1.29734375e+01
1.21351500e-06,4.96250000e+00,1.23000000e+01,1.56250000e-02,1.30078125e+01
1.21383500e-06,4.98750000e+00,1.24375000e+01,1.31250000e-02,1.30890625e+01
1.21415500e-06,4.93750000e+00,1.23000000e+01,-1.68750000e-02,1.30476562e+01
1.21447500e-06,4.90000000e+00,1.22250000e+01,3.06250000e-02,1.30281250e+01
1.21479500e-06,4.90000000e+00,1.22500000e+01,2.06250000e-02,1.30429688e+01
1.21511500e-06,5.02500000e+00,1.22250000e+01,8.12500000e-03,1.30726562e+01
1.21543500e-06,4.88750000e+00,1.22875000e+01,-1.68750000e-02,1.30742188e+01
1.21575500e-06,4.91250000e+00,1.22750000e+01,1.56250000e-02,1.30117188e+01
1.21607500e-06,4.88750000e+00,1.22750000e+01,1.56250000e-02,1.30835938e+01
1.21639500e-06,4.95000000e+00,1.24125000e+01,1.31250000e-02,1.31000000e+01
1.21671500e-06,4.97500000e+00,1.22375000e+01,2.31250000e-02,1.30226563e+01
1.21703500e-06,5.01250000e+00,1.23750000e+01,1.81250000e-02,1.29945312e+01
1.21735500e-06,5.01250000e+00,1.23375000e+01,3.06250000e-02,1.30218750e+01
1.21767500e-06,4.91250000e+00,1.24125000e+01,-7.50000000e-03,1.30062500e+01
1.21799500e-06,4.91250000e+00,1.22875000e+01,-1.87500000e-03,1.30304688e+01
1.21831500e-06,4.97500000e+00,1.22250000e+01,2.31250000e-02,1.30781250e+01
1.21863500e-06,5.01250000e+00,1.23000000e+01,6.06250000e-02,1.30453125e+01
1.21895500e-06,5.07500000e+00,1.23750000e+01,2.06250000e-02,1.30054688e+01
1.21927500e-06,5.06250000e+00,1.23125000e+01,2.06250000e-02,1.31062500e+01
1.21959500e-06,5.00000000e+00,1.21750000e+01,1.81250000e-02,1.31445312e+01
1.21991500e-06,4.93750000e+00,1.22750000e+01,2.06250000e-02,1.30835938e+01
1.22023500e-06,5.03750000e+00,1.23375000e+01,1.56250000e-02,1.30117188e+01
1.22055500e-06,4.98750000e+00,1.21375000e+01,8.12500000e-03,1.30406250e+01
1.22087500e-06,4.91250000e+00,1.23500000e+01,1.06250000e-02,1.30867187e+01
1.22119500e-06,4.86250000e+00,1.22750000e+01,5.62500000e-03,1.30226563e+01
1.22151500e-06,4.88750000e+00,1.23250000e+01,-6.87500000e-03,1.30460938e+01
1.22183500e-06,5.01250000e+00,1.22750000e+01,4.56250000e-02,1.30757813e+01
1.22215500e-06,4.97500000e+00,1.23500000e+01,5.62500000e-03,1.31070313e+01
1.22247500e-06,5.02500000e+00,1.23500000e+01,-1.68750000e-02,1.30648437e+01
1.22279500e-06,4.91250000e+00,1.23250000e+01,4.56250000e-02,1.30726562e+01
1.22311500e-06,4.98750000e+00,1.22750000e+01,5.62500000e-03,1.30296875e+01
1.22343500e-06,5.06250000e+00,1.23000000e+01,5.62500000e-03,1.30625000e+01
1.22375500e-06,4.97500000e+00,1.22000000e+01,8.12500000e-03,1.31031250e+01
1.22407500e-06,5.00000000e+00,1.23125000e+01,3.56250000e-02,1.29734375e+01
1.22439500e-06,4.97500000e+00,1.23500000e+01,8.12500000e-03,1.29992188e+01
1.22471500e-06,4.96250000e+00,1.23000000e+01,1.31250000e-02,1.30820312e+01
1.22503500e-06,5.05000000e+00,1.22875000e+01,1.56250000e-02,1.30789062e+01
1.22535500e-06,4.96250000e+00,1.22875000e+01,4.81250000e-02,1.31734375e+01
1.22567500e-06,5.05000000e+00,1.21625000e+01,-1.00000000e-02,1.31554688e+01
1.22599500e-06,5.10000000e+00,1.22500000e+01,3.12500000e-03,1.30960937e+01
1.22631500e-06,5.00000000e+00,1.23375000e+01,2.56250000e-02,1.30632812e+01
1.22663500e-06,4.93750000e+00,1.24625000e+01,4.31250000e-02,1.31320313e+01
1.22695500e-06,4.90000000e+00,1.22125000e+01,8.12500000e-03,1.31156250e+01
1.22727500e-06,5.00000000e+00,1.22500000e+01,3.31250000e-02,1.30820312e+01
1.22759500e-06,5.06250000e+00,1.23500000e+01,2.06250000e-02,1.30765625e+01
1.22791500e-06,4.85000000e+00,1.22250000e+01,-1.18750000e-02,1.31015625e+01
1.22823500e-06,5.03750000e+00,1.22125000e+01,5.62500000e-03,1.31375000e+01
1.22855500e-06,5.06250000e+00,1.23000000e+01,6.25000000e-04,1.30960937e+01
1.22887500e-06,5.06250000e+00,1.22875000e+01,3.81250000e-02,1.30812500e+01
1.22919500e-06,5.05000000e+00,1.23000000e+01,1.31250000e-02,1.30945312e+01
1.22951500e-06,4.97500000e+00,1.23000000e+01,-4.37500000e-03,1.30914063e+01
1.22983500e-06,4.98750000e+00,1.23375000e+01,4.31250000e-02,1.30617188e+01
1.23015500e-06,5.00000000e+00,1.22750000e+01,-1.87500000e-03,1.30687500e+01
1.23047500e-06,4.98750000e+00,1.23500000e+01,2.56250000e-02,1.30156250e+01
1.23079500e-06,5.01250000e+00,1.23250000e+01,1.06250000e-02,1.29687500e+01
1.23111500e-06,4.98750000e+00,1.23250000e+01,-1.87500000e-03,1.30632812e+01
1.23143500e-06,4.98750000e+00,1.22750000e+01,-9.37500000e-03,1.30656250e+01
1.23175500e-06,4.88750000e+00,1.24250000e+01,2.56250000e-02,1.30742188e+01
1.23207500e-06,4.92500000e+00,1.23125000e+01,8.12500000e-03,1.31617188e+01
1.23239500e-06,4.92500000e+00,1.23125000e+01,6.25000000e-04,1.31914062e+01
1.23271500e-06,5.01250000e+00,1.22000000e+01,8.12500000e-03,1.31445312e+01
1.23303500e-06,4.97500000e+00,1.23000000e+01,3.56250000e-02,1.31070313e+01
1.23335500e-06,5.03750000e+00,1.23750000e+01,-9.37500000e-03,1.30851563e+01
1.23367500e-06,5.00000000e+00,1.23500000e+01,5.62500000e-03,1.30101562e+01
1.23399500e-06,5.03750000e+00,1.23250000e+01,3.06250000e-02,1.30140625e+01
1.23431500e-06,5.02500000e+00,1.23125000e+01,2.06250000e-02,1.30359375e+01
1.23463500e-06,4.98750000e+00,1.22375000e+01,-9.37500000e-03,1.30140625e+01
1.23495500e-06,4.91250000e+00,1.23750000e+01,-9.37500000e-03,1.30757813e+01
1.23527500e-06,5.03750000e+00,1.22625000e+01,2.56250000e-02,1.31125000e+01
1.23559500e-06,5.01250000e+00,1.23375000e+01,4.06250000e-02,1.30015625e+01
1.23591500e-06,5.08750000e+00,1.22625000e+01,8.12500000e-03,1.30054688e+01
1.23623500e-06,5.00000000e+00,1.23250000e+01,1.31250000e-02,1.30710937e+01
1.23655500e-06,5.10000000e+00,1.22125000e+01,3.06250000e-02,1.31312500e+01
1.23687500e-06,4.96250000e+00,1.24000000e+01,1.06250000e-02,1.30726562e+01
1.23719500e-06,4.91250000e+00,1.23625000e+01,8.12500000e-03,1.30101562e+01
1.23751500e-06,5.05000000e+00,1.22750000e+01,2.31250000e-02,1.30554687e+01
1.23783500e-06,5.06250000e+00,1.22000000e+01,2.56250000e-02,1.30835938e+01
1.23815500e-06,5.05000000e+00,1.23500000e+01,1.81250000e-02,1.30484375e+01
1.23847500e-06,5.06250000e+00,1.23125000e+01,-1.68750000e-02,1.30609375e+01
1.23879500e-06,5.05000000e+00,1.22375000e+01,4.06250000e-02,1.30718750e+01
1.23911500e-06,5.03750000e+00,1.23250000e+01,2.81250000e-02,1.30500000e+01
1.23943500e-06,4.91250000e+00,1.23000000e+01,1.06250000e-02,1.30859375e+01
1.23975500e-06,4.87500000e+00,1.23000000e+01,1.56250000e-02,1.30804687e+01
1.24007500e-06,4.87500000e+00,1.22875000e+01,1.31250000e-02,1.30484375e+01
1.24039500e-06,4.93750000e+00,1.23125000e+01,6.25000000e-04,1.29953125e+01
1.24071500e-06,5.12500000e+00,1.22250000e+01,8.12500000e-03,1.30726562e+01
1.24103500e-06,4.96250000e+00,1.22500000e+01,1.56250000e-02,1.29976563e+01
1.24135500e-06,5.02500000e+00,1.23250000e+01,4.06250000e-02,1.28812500e+01
1.24167500e-06,5.03750000e+00,1.22500000e+01,4.81250000e-02,1.29867187e+01
1.24199500e-06,4.82500000e+00,1.22750000e+01,-1.87500000e-03,1.30640625e+01
1.24231500e-06,4.92500000e+00,1.22625000e+01,3.12500000e-03,1.30609375e+01
1.24263500e-06,4.95000000e+00,1.23875000e+01,2.31250000e-02,1.30367188e+01
1.24295500e-06,5.03750000e+00,1.23000000e+01,2.06250000e-02,1.30492187e+01
1.24327500e-06,4.91250000e+00,1.22750000e+01,3.56250000e-02,1.29890625e+01
1.24359500e-06,4.98750000e+00,1.23750000e+01,1.06250000e-02,1.29750000e+01
1.24391500e-06,4.87500000e+00,1.25000000e+01,3.06250000e-02,1.29718750e+01
1.24423500e-06,5.08750000e+00,1.23375000e+01,5.62500000e-03,1.29882812e+01
1.24455500e-06,5.07500000e+00,1.22750000e+01,1.81250000e-02,1.30710937e+01
1.24487500e-06,4.88750000e+00,1.22750000e+01,2.50000000e-03,1.29796875e+01
1.24519500e-06,5.03750000e+00,1.22625000e+01,-1.43750000e-02,1.29820313e+01
1.24551500e-06,5.01250000e+00,1.23250000e+01,1.06250000e-02,1.30125000e+01
1.24583500e-06,4.95000000e+00,1.22625000e+01,3.12500000e-03,1.29781250e+01
1.24615500e-06,4.95000000e+00,1.20500000e+01,-4.37500000e-03,1.29726562e+01
1.24647500e-06,5.08750000e+00,1.22750000e+01,2.81250000e-02,1.30101562e+01
1.24679500e-06,5.00000000e+00,1.22375000e+01,1.06250000e-02,1.30250000e+01
1.24711500e-06,5.00000000e+00,1.22875000e+01,6.25000000e-04,1.29554687e+01
1.24743500e-06,5.02500000e+00,1.22125000e+01,3.12500000e-03,1.29750000e+01
1.24775500e-06,5.01250000e+00,1.23875000e+01,-9.37500000e-03,1.30640625e+01
1.24807500e-06,5.02500000e+00,1.22125000e+01,1.31250000e-02,1.29882812e+01
1.24839500e-06,4.90000000e+00,1.21875000e+01,3.31250000e-02,1.29218750e+01
1.24871500e-06,4.98750000e+00,1.22625000e+01,2.06250000e-02,1.30726562e+01
1.24903500e-06,4.97500000e+00,1.23875000e+01,-1.87500000e-03,1.30851563e+01
1.24935500e-06,4.95000000e+00,1.23000000e+01,1.06250000e-02,1.29812500e+01
1.24967500e-06,5.02500000e+00,1.22500000e+01,4.06250000e-02,1.29945312e+01
1.24999500e-06,5.00000000e+00,1.21250000e+01,-6.87500000e-03,1.29843750e+01
1.25031500e-06,5.07500000e+00,1.22250000e+01,1.31250000e-02,1.29796875e+01
1.25063500e-06,4.96250000e+00,1.22250000e+01,5.62500000e-03,1.30093750e+01
1.25095500e-06,5.02500000e+00,1.22625000e+01,3.06250000e-02,1.30492187e+01
1.25127500e-06,5.01250000e+00,1.21750000e+01,3.06250000e-02,1.30593750e+01
1.25159500e-06,4.97500000e+00,1.22125000e+01,-1.18750000e-02,1.29843750e+01
1.25191500e-06,5.01250000e+00,1.22125000e+01,1.81250000e-02,1.29625000e+01
1.25223500e-06,5.01250000e+00,1.24250000e+01,6.81250000e-02,1.30171875e+01
1.25255500e-06,4.83750000e+00,1.23000000e+01,8.12500000e-03,1.29906250e+01
1.25287500e-06,5.06250000e+00,1.24000000e+01,1.56250000e-02,1.29546875e+01
1.25319500e-06,5.11250000e+00,1.21875000e+01,3.31250000e-02,1.30210938e+01
1.25351500e-06,5.01250000e+00,1.24125000e+01,1.56250000e-02,1.30695313e+01
1.25383500e-06,4.95000000e+00,1.22125000e+01,-6.87500000e-03,1.29945312e+01
1.25415500e-06,4.95000000e+00,1.22250000e+01,2.81250000e-02,1.29398437e+01
1.25447500e-06,4.86250000e+00,1.22750000e+01,4.06250000e-02,1.30046875e+01
1.25479500e-06,5.12500000e+00,1.23875000e+01,6.25000000e-04,1.30203125e+01
1.25511500e-06,5.03750000e+00,1.23125000e+01,8.12500000e-03,1.29531250e+01
1.25543500e-06,4.96250000e+00,1.22625000e+01,5.62500000e-03,1.30132813e+01
1.25575500e-06,4.87500000e+00,1.23250000e+01,2.06250000e-02,1.30953125e+01
1.25607500e-06,5.07500000e+00,1.23375000e+01,3.31250000e-02,1.29632812e+01
1.25639500e-06,4.96250000e+00,1.22250000e+01,2.06250000e-02,1.29375000e+01
1.25671500e-06,4.91250000e+00,1.22750000e+01,2.56250000e-02,1.31093750e+01
1.25703500e-06,4.88750000e+00,1.22625000e+01,3.56250000e-02,1.31304688e+01
1.25735500e-06,5.11250000e+00,1.23500000e+01,6.25000000e-04,1.30320312e+01
1.25767500e-06,5.12500000e+00,1.22750000e+01,-1.68750000e-02,1.30000000e+01
1.25799500e-06,5.06250000e+00,1.22625000e+01,8.12500000e-03,1.30476562e+01
1.25831500e-06,4.88750000e+00,1.22750000e+01,1.56250000e-02,1.30351562e+01
1.25863500e-06,4.83750000e+00,1.23625000e+01,1.06250000e-02,1.30148438e+01
1.25895500e-06,5.18750000e+00,1.23250000e+01,3.56250000e-02,1.29914063e+01
1.25927500e-06,5.11250000e+00,1.22750000e+01,2.06250000e-02,1.30203125e+01
1.25959500e-06,4.83750000e+00,1.22250000e+01,3.81250000e-02,1.29796875e+01
1.25991500e-06,5.02500000e+00,1.23625000e+01,1.56250000e-02,1.29359375e+01
1.26023500e-06,5.03750000e+00,1.23125000e+01,1.31250000e-02,1.29632812e+01
1.26055500e-06,4.96250000e+00,1.23375000e+01,2.06250000e-02,1.29679688e+01
1.26087500e-06,5.02500000e+00,1.23375000e+01,2.31250000e-02,1.30570312e+01
1.26119500e-06,5.05000000e+00,1.22875000e+01,1.56250000e-02,1.30265625e+01
1.26151500e-06,4.96250000e+00,1.21375000e+01,2.31250000e-02,1.29218750e+01
1.26183500e-06,4.95000000e+00,1.23250000e+01,1.56250000e-02,1.30101562e+01
1.26215500e-06,5.00000000e+00,1.24000000e+01,3.06250000e-02,1.30757813e+01
1.26247500e-06,5.12500000e+00,1.23000000e+01,3.56250000e-02,1.30445313e+01
1.26279500e-06,5.03750000e+00,1.23750000e+01,1.06250000e-02,1.29875000e+01
1.26311500e-06,5.05000000e+00,1.22625000e+01,3.06250000e-02,1.30578125e+01
1.26343500e-06,4.95000000e+00,1.22000000e+01,2.81250000e-02,1.30742188e+01
1.26375500e-06,5.08750000e+00,1.22000000e+01,1.06250000e-02,1.30578125e+01
1.26407500e-06,5.10000000e+00,1.22750000e+01,1.81250000e-02,1.30734375e+01
1.26439500e-06,4.95000000e+00,1.23250000e+01,2.56250000e-02,1.29437500e+01
1.26471500e-06,4.87500000e+00,1.23000000e+01,3.31250000e-02,1.29179688e+01
1.26503500e-06,5.03750000e+00,1.22750000e+01,5.62500000e-03,1.29820313e+01
1.26535500e-06,4.92500000e+00,1.23750000e+01,1.56250000e-02,1.30500000e+01
1.26567500e-06,4.98750000e+00,1.22750000e+01,-1.87500000e-03,1.30195312e+01
1.26599500e-06,5.15000000e+00,1.23250000e+01,8.12500000e-03,1.29960938e+01
1.26631500e-06,4.96250000e+00,1.22750000e+01,1.06250000e-02,1.29195313e+01
1.26663500e-06,4.88750000e+00,1.21875000e+01,3.31250000e-02,1.29578125e+01
1.26695500e-06,4.87500000e+00,1.23125000e+01,2.06250000e-02,1.30265625e+01
1.26727500e-06,5.00000000e+00,1.23750000e+01,4.31250000e-02,1.29500000e+01
1.26759500e-06,4.98750000e+00,1.22375000e+01,3.56250000e-02,1.29343750e+01
1.26791500e-06,5.02500000e+00,1.22750000e+01,2.81250000e-02,1.29875000e+01
1.26823500e-06,5.17500000e+00,1.23500000e+01,2.81250000e-02,1.29734375e+01
1.26855500e-06,5.13750000e+00,1.22500000e+01,5.62500000e-03,1.29554687e+01
1.26887500e-06,5.05000000e+00,1.22375000e+01,1.81250000e-02,1.30070313e+01
1.26919500e-06,4.95000000e+00,1.21125000e+01,3.06250000e-02,1.30367188e+01
1.26951500e-06,5.06250000e+00,1.23250000e+01,1.81250000e-02,1.29421875e+01
1.26983500e-06,4.97500000e+00,1.22750000e+01,8.12500000e-03,1.29289063e+01
1.27015500e-06,5.00000000e+00,1.22875000e+01,5.62500000e-03,1.29890625e+01
1.27047500e-06,5.07500000e+00,1.23500000e+01,1.31250000e-02,1.30140625e+01
1.27079500e-06,5.10000000e+00,1.22500000e+01,3.56250000e-02,1.30046875e+01
1.27111500e-06,5.00000000e+00,1.21875000e+01,1.06250000e-02,1.30046875e+01
1.27143500e-06,4.88750000e+00,1.23500000e+01,2.81250000e-02,1.30234375e+01
1.27175500e-06,4.83750000e+00,1.23375000e+01,2.31250000e-02,1.30226563e+01
1.27207500e-06,5.12500000e+00,1.22875000e+01,1.31250000e-02,1.30328125e+01
1.27239500e-06,5.02500000e+00,1.22500000e+01,-4.37500000e-03,1.30265625e+01
1.27271500e-06,5.08750000e+00,1.23375000e+01,2.56250000e-02,1.30960937e+01
1.27303500e-06,4.98750000e+00,1.23000000e+01,1.56250000e-02,1.30648437e+01
1.27335500e-06,5.02500000e+00,1.22750000e+01,8.12500000e-03,1.30156250e+01
1.27367500e-06,5.02500000e+00,1.22250000e+01,8.12500000e-03,1.30578125e+01
1.27399500e-06,4.92500000e+00,1.23250000e+01,2.31250000e-02,1.30648437e+01
1.27431500e-06,4.95000000e+00,1.22500000e+01,1.81250000e-02,1.30046875e+01
1.27463500e-06,5.00000000e+00,1.22500000e+01,1.06250000e-02,1.29773437e+01
1.27495500e-06,4.88750000e+00,1.21250000e+01,8.12500000e-03,1.30195312e+01
1.27527500e-06,4.98750000e+00,1.22375000e+01,-1.68750000e-02,1.30179687e+01
1.27559500e-06,5.12500000e+00,1.23375000e+01,1.31250000e-02,1.30085937e+01
1.27591500e-06,5.01250000e+00,1.23000000e+01,-1.87500000e-03,1.28859375e+01
1.27623500e-06,5.10000000e+00,1.21500000e+01,3.31250000e-02,1.29312500e+01
1.27655500e-06,5.21250000e+00,1.23125000e+01,3.56250000e-02,1.31000000e+01
1.27687500e-06,5.07500000e+00,1.23000000e+01,1.81250000e-02,1.31367188e+01
1.27719500e-06,4.98750000e+00,1.23000000e+01,2.06250000e-02,1.30093750e+01
1.27751500e-06,4.90000000e+00,1.21000000e+01,3.06250000e-02,1.29210938e+01
1.27783500e-06,5.10000000e+00,1.23125000e+01,1.56250000e-02,1.29757813e+01
1.27815500e-06,5.03750000e+00,1.22750000e+01,8.12500000e-03,1.29617187e+01
1.27847500e-06,4.97500000e+00,1.23000000e+01,1.56250000e-02,1.29453125e+01
1.27879500e-06,5.15000000e+00,1.23125000e+01,1.81250000e-02,1.29757813e+01
1.27911500e-06,4.98750000e+00,1.23125000e+01,3.56250000e-02,1.29812500e+01
1.27943500e-06,4.92500000e+00,1.24000000e+01,1.56250000e-02,1.29570312e+01
1.27975500e-06,5.03750000e+00,1.22750000e+01,1.81250000e-02,1.29351563e+01
1.28007500e-06,5.07500000e+00,1.23750000e+01,1.81250000e-02,1.29992188e+01
1.28039500e-06,5.11250000e+00,1.23125000e+01,2.06250000e-02,1.31632813e+01
1.28071500e-06,4.96250000e+00,1.22875000e+01,8.12500000e-03,1.30585938e+01
1.28103500e-06,5.13750000e+00,1.23250000e+01,3.12500000e-03,1.29640625e+01
1.28135500e-06,5.10000000e+00,1.21875000e+01,6.25000000e-04,1.29164062e+01
1.28167500e-06,4.92500000e+00,1.22750000e+01,4.06250000e-02,1.29171875e+01
1.28199500e-06,4.92500000e+00,1.22250000e+01,3.12500000e-03,1.29976563e+01
1.28231500e-06,5.00000000e+00,1.23875000e+01,2.31250000e-02,1.30492187e+01
1.28263500e-06,5.01250000e+00,1.23250000e+01,4.06250000e-02,1.30031250e+01
1.28295500e-06,4.86250000e+00,1.24500000e+01,-3.37500000e-02,1.29468750e+01
1.28327500e-06,4.91250000e+00,1.23500000e+01,1.56250000e-02,1.29632812e+01
1.28359500e-06,5.17500000e+00,1.23875000e+01,6.50000000e-02,1.30968750e+01
1.28391500e-06,5.12500000e+00,1.22875000e+01,1.31250000e-02,1.30539063e+01
1.28423500e-06,4.96250000e+00,1.21375000e+01,1.06250000e-02,1.30578125e+01
1.28455500e-06,4.88750000e+00,1.23500000e+01,1.81250000e-02,1.29664063e+01
1.28487500e-06,4.95000000e+00,1.22000000e+01,3.81250000e-02,1.29210938e+01
1.28519500e-06,4.95000000e+00,1.23250000e+01,2.81250000e-02,1.30039062e+01
1.28551500e-06,4.97500000e+00,1.23125000e+01,2.56250000e-02,1.30257812e+01
1.28583500e-06,4.91250000e+00,1.23000000e+01,8.12500000e-03,1.29718750e+01
1.28615500e-06,4.93750000e+00,1.22875000e+01,-1.43750000e-02,1.29679688e+01
1.28647500e-06,5.17500000e+00,1.22375000e+01,4.31250000e-02,1.29296875e+01
1.28679500e-06,5.00000000e+00,1.22500000e+01,2.06250000e-02,1.29250000e+01
1.28711500e-06,4.92500000e+00,1.22625000e+01,-6.87500000e-03,1.30359375e+01
1.28743500e-06,5.07500000e+00,1.23000000e+01,-1.18750000e-02,1.30937500e+01
1.28775500e-06,4.98750000e+00,1.22250000e+01,6.25000000e-04,1.29953125e+01
1.28807500e-06,5.07500000e+00,1.23750000e+01,-1.68750000e-02,1.29726562e+01
1.28839500e-06,4.93750000e+00,1.22625000e+01,1.06250000e-02,1.30539063e+01
1.28871500e-06,5.02500000e+00,1.22750000e+01,4.81250000e-02,1.30218750e+01
1.28903500e-06,5.17500000e+00,1.23625000e+01,4.56250000e-02,1.29218750e+01
1.28935500e-06,4.91250000e+00,1.22625000e+01,2.31250000e-02,1.29835938e+01
1.28967500e-06,4.88750000e+00,1.21375000e+01,-1.87500000e-03,1.30437500e+01
1.28999500e-06,5.03750000e+00,1.22500000e+01,1.56250000e-02,1.29492188e+01
1.29031500e-06,5.03750000e+00,1.23375000e+01,1.31250000e-02,1.29796875e+01
1.29063500e-06,4.82500000e+00,1.23375000e+01,3.31250000e-02,1.30281250e+01
1.29095500e-06,5.00000000e+00,1.22625000e+01,3.31250000e-02,1.30101562e+01
1.29127500e-06,5.12500000e+00,1.22375000e+01,1.06250000e-02,1.29765625e+01
1.29159500e-06,5.02500000e+00,1.22000000e+01,2.81250000e-02,1.29109375e+01
1.29191500e-06,4.90000000e+00,1.23750000e+01,4.06250000e-02,1.29296875e+01
1.29223500e-06,5.06250000e+00,1.22125000e+01,2.56250000e-02,1.29421875e+01
1.29255500e-06,4.77500000e+00,1.23625000e+01,3.06250000e-02,1.29421875e+01
1.29287500e-06,5.01250000e+00,1.23500000e+01,1.56250000e-02,1.29460937e+01
1.29319500e-06,5.10000000e+00,1.22750000e+01,1.56250000e-02,1.29906250e+01
1.29351500e-06,4.98750000e+00,1.21250000e+01,3.12500000e-03,1.29851562e+01
1.29383500e-06,4.98750000e+00,1.22375000e+01,-4.37500000e-03,1.30390625e+01
1.29415500e-06,5.02500000e+00,1.21000000e+01,1.06250000e-02,1.30000000e+01
1.29447500e-06,5.10000000e+00,1.23000000e+01,3.56250000e-02,1.30085937e+01
1.29479500e-06,5.02500000e+00,1.22750000e+01,2.81250000e-02,1.30093750e+01
1.29511500e-06,4.86250000e+00,1.22125000e+01,3.06250000e-02,1.29054688e+01
1.29543500e-06,4.86250000e+00,1.23250000e+01,2.31250000e-02,1.29601563e+01
1.29575500e-06,5.05000000e+00,1.24000000e+01,6.25000000e-04,1.30078125e+01
1.29607500e-06,5.02500000e+00,1.23000000e+01,5.62500000e-03,1.30429688e+01
1.29639500e-06,5.03750000e+00,1.21875000e+01,6.25000000e-04,1.30382813e+01
1.29671500e-06,5.03750000e+00,1.22500000e+01,2.06250000e-02,1.30296875e+01
1.29703500e-06,5.02500000e+00,1.23500000e+01,3.56250000e-02,1.29773437e+01
1.29735500e-06,4.98750000e+00,1.24125000e+01,3.06250000e-02,1.29937500e+01
1.29767500e-06,4.97500000e+00,1.22500000e+01,3.31250000e-02,1.30468750e+01
1.29799500e-06,5.03750000e+00,1.22250000e+01,6.06250000e-02,1.30140625e+01
1.29831500e-06,5.01250000e+00,1.23125000e+01,1.31250000e-02,1.29500000e+01
1.29863500e-06,4.97500000e+00,1.23000000e+01,5.62500000e-03,1.29835938e+01
1.29895500e-06,5.01250000e+00,1.24000000e+01,2.56250000e-02,1.30500000e+01
1.29927500e-06,5.12500000e+00,1.22250000e+01,4.56250000e-02,1.30953125e+01
1.29959500e-06,5.03750000e+00,1.22875000e+01,1.81250000e-02,1.30007812e+01
1.29991500e-06,4.87500000e+00,1.23250000e+01,-1.68750000e-02,1.30031250e+01
1.30023500e-06,4.93750000e+00,1.22250000e+01,1.56250000e-02,1.30093750e+01
1.30055500e-06,5.02500000e+00,1.22000000e+01,2.56250000e-02,1.29710937e+01
1.30087500e-06,4.87500000e+00,1.23625000e+01,5.62500000e-03,1.30617188e+01
1.30119500e-06,5.00000000e+00,1.21625000e+01,8.12500000e-03,1.30320312e+01
1.30151500e-06,5.03750000e+00,1.23500000e+01,1.06250000e-02,1.30054688e+01
1.30183500e-06,5.06250000e+00,1.22750000e+01,2.06250000e-02,1.29679688e+01
1.30215500e-06,5.02500000e+00,1.23000000e+01,1.31250000e-02,1.28921875e+01
1.30247500e-06,5.00000000e+00,1.23250000e+01,2.56250000e-02,1.29445313e+01
1.30279500e-06,4.93750000e+00,1.21375000e+01,2.06250000e-02,1.29195313e+01
1.30311500e-06,4.96250000e+00,1.21125000e+01,2.81250000e-02,1.28984375e+01
1.30343500e-06,4.97500000e+00,1.22625000e+01,1.31250000e-02,1.29187500e+01
1.30375500e-06,4.96250000e+00,1.23625000e+01,2.06250000e-02,1.29843750e+01
1.30407500e-06,5.13750000e+00,1.24625000e+01,3.06250000e-02,1.29609375e+01
1.30439500e-06,4.98750000e+00,1.23500000e+01,3.06250000e-02,1.29640625e+01
1.30471500e-06,4.92500000e+00,1.22750000e+01,1.81250000e-02,1.29140625e+01
1.30503500e-06,4.98750000e+00,1.22875000e+01,-9.37500000e-03,1.28890625e+01
1.30535500e-06,4.97500000e+00,1.22375000e+01,4.31250000e-02,1.29921875e+01
1.30567500e-06,5.06250000e+00,1.22875000e+01,2.31250000e-02,1.29789062e+01
1.30599500e-06,4.88750000e+00,1.23000000e+01,1.56250000e-02,1.29976563e+01
1.30631500e-06,5.01250000e+00,1.22625000e+01,1.06250000e-02,1.30039062e+01
1.30663500e-06,4.98750000e+00,1.23500000e+01,1.31250000e-02,1.29476562e+01
1.30695500e-06,4.90000000e+00,1.22875000e+01,8.12500000e-03,1.29289063e+01
1.30727500e-06,5.13750000e+00,1.22625000e+01,1.56250000e-02,1.28976563e+01
1.30759500e-06,5.02500000e+00,1.21250000e+01,2.31250000e-02,1.29492188e+01
1.30791500e-06,4.98750000e+00,1.21250000e+01,3.56250000e-02,1.29898438e+01
1.30823500e-06,5.05000000e+00,1.23000000e+01,2.31250000e-02,1.29679688e+01
1.30855500e-06,5.01250000e+00,1.23250000e+01,-1.87500000e-03,1.29164062e+01
1.30887500e-06,5.10000000e+00,1.21750000e+01,5.06250000e-02,1.29656250e+01
1.30919500e-06,5.05000000e+00,1.21625000e+01,-6.87500000e-03,1.30171875e+01
1.30951500e-06,4.95000000e+00,1.22125000e+01,2.56250000e-02,1.29187500e+01
1.30983500e-06,5.00000000e+00,1.24250000e+01,3.31250000e-02,1.29867187e+01
1.31015500e-06,5.06250000e+00,1.21375000e+01,2.56250000e-02,1.30335937e+01
1.31047500e-06,4.95000000e+00,1.21000000e+01,3.12500000e-03,1.29179688e+01
1.31079500e-06,4.90000000e+00,1.22000000e+01,3.31250000e-02,1.29140625e+01
1.31111500e-06,5.08750000e+00,1.23875000e+01,4.81250000e-02,1.29570312e+01
1.31143500e-06,5.08750000e+00,1.21750000e+01,1.56250000e-02,1.29585938e+01
1.31175500e-06,4.97500000e+00,1.23625000e+01,1.31250000e-02,1.29898438e+01
1.31207500e-06,4.97500000e+00,1.22625000e+01,1.81250000e-02,1.29742188e+01
1.31239500e-06,4.97500000e+00,1.21250000e+01,1.06250000e-02,1.30398437e+01
1.31271500e-06,4.96250000e+00,1.22750000e+01,3.31250000e-02,1.29757813e+01
1.31303500e-06,5.03750000e+00,1.24000000e+01,3.06250000e-02,1.29054688e+01
1.31335500e-06,5.07500000e+00,1.22375000e+01,1.81250000e-02,1.29695312e+01
1.31367500e-06,5.03750000e+00,1.22500000e+01,4.06250000e-02,1.30023437e+01
1.31399500e-06,5.15000000e+00,1.22750000e+01,1.06250000e-02,1.29781250e+01
1.31431500e-06,5.06250000e+00,1.22375000e+01,2.31250000e-02,1.29984375e+01
1.31463500e-06,4.95000000e+00,1.22500000e+01,1.06250000e-02,1.29687500e+01
1.31495500e-06,4.96250000e+00,1.23750000e+01,2.56250000e-02,1.29757813e+01
1.31527500e-06,5.06250000e+00,1.22000000e+01,4.81250000e-02,1.30203125e+01
1.31559500e-06,5.01250000e+00,1.22125000e+01,-1.18750000e-02,1.30398437e+01
1.31591500e-06,4.97500000e+00,1.23750000e+01,1.31250000e-02,1.29906250e+01
1.31623500e-06,4.88750000e+00,1.21750000e+01,5.62500000e-03,1.29117188e+01
1.31655500e-06,4.97500000e+00,1.22000000e+01,-9.37500000e-03,1.28828125e+01
1.31687500e-06,4.97500000e+00,1.23625000e+01,3.81250000e-02,1.29429688e+01
1.31719500e-06,4.95000000e+00,1.22000000e+01,2.56250000e-02,1.29476562e+01
1.31751500e-06,4.98750000e+00,1.21625000e+01,1.06250000e-02,1.29648438e+01
1.31783500e-06,4.88750000e+00,1.22625000e+01,1.06250000e-02,1.29609375e+01
1.31815500e-06,4.88750000e+00,1.22625000e+01,3.31250000e-02,1.29445313e+01
1.31847500e-06,4.97500000e+00,1.23250000e+01,1.06250000e-02,1.29421875e+01
1.31879500e-06,5.03750000e+00,1.22500000e+01,1.81250000e-02,1.29757813e+01
1.31911500e-06,5.05000000e+00,1.22000000e+01,6.25000000e-04,1.29515625e+01
1.31943500e-06,4.90000000e+00,1.22625000e+01,3.06250000e-02,1.29101562e+01
1.31975500e-06,4.95000000e+00,1.22125000e+01,1.56250000e-02,1.29828125e+01
1.32007500e-06,5.05000000e+00,1.23000000e+01,2.56250000e-02,1.30250000e+01
1.32039500e-06,5.05000000e+00,1.22875000e+01,1.31250000e-02,1.30156250e+01
1.32071500e-06,4.92500000e+00,1.21625000e+01,2.06250000e-02,1.29117188e+01
1.32103500e-06,4.85000000e+00,1.22375000e+01,2.56250000e-02,1.28843750e+01
1.32135500e-06,4.92500000e+00,1.23000000e+01,3.56250000e-02,1.29648438e+01
1.32167500e-06,5.01250000e+00,1.23125000e+01,-1.18750000e-02,1.29101562e+01
1.32199500e-06,4.86250000e+00,1.23000000e+01,1.56250000e-02,1.29242187e+01
1.32231500e-06,4.96250000e+00,1.23125000e+01,2.56250000e-02,1.29367188e+01
1.32263500e-06,5.01250000e+00,1.23000000e+01,8.12500000e-03,1.29757813e+01
1.32295500e-06,4.85000000e+00,1.21750000e+01,6.25000000e-04,1.29601563e+01
1.32327500e-06,4.82500000e+00,1.21625000e+01,1.31250000e-02,1.29390625e+01
1.32359500e-06,5.07500000e+00,1.22375000e+01,1.56250000e-02,1.29976563e+01
1.32391500e-06,5.05000000e+00,1.23375000e+01,6.25000000e-04,1.29843750e+01
1.32423500e-06,5.01250000e+00,1.22750000e+01,1.56250000e-02,1.29289063e+01
1.32455500e-06,4.96250000e+00,1.22125000e+01,5.31250000e-02,1.30195312e+01
1.32487500e-06,5.13750000e+00,1.22750000e+01,2.31250000e-02,1.30343750e+01
1.32519500e-06,5.01250000e+00,1.23625000e+01,3.06250000e-02,1.29312500e+01
1.32551500e-06,4.96250000e+00,1.21375000e+01,2.31250000e-02,1.29273438e+01
1.32583500e-06,4.88750000e+00,1.22875000e+01,2.81250000e-02,1.29718750e+01
1.32615500e-06,5.00000000e+00,1.22625000e+01,2.31250000e-02,1.29796875e+01
1.32647500e-06,5.11250000e+00,1.23125000e+01,4.06250000e-02,1.30093750e+01
1.32679500e-06,5.03750000e+00,1.22500000e+01,6.25000000e-04,1.30687500e+01
1.32711500e-06,5.07500000e+00,1.22125000e+01,1.81250000e-02,1.30218750e+01
1.32743500e-06,5.15000000e+00,1.23625000e+01,3.31250000e-02,1.28859375e+01
1.32775500e-06,5.03750000e+00,1.23375000e+01,2.81250000e-02,1.29453125e+01
1.32807500e-06,5.06250000e+00,1.22000000e+01,-1.93750000e-02,1.29640625e+01
1.32839500e-06,5.01250000e+00,1.23375000e+01,3.31250000e-02,1.29546875e+01
1.32871500e-06,4.95000000e+00,1.22250000e+01,3.56250000e-02,1.29304687e+01
1.32903500e-06,5.02500000e+00,1.22500000e+01,-9.37500000e-03,1.30023437e+01
1.32935500e-06,5.20000000e+00,1.22500000e+01,6.25000000e-04,1.29671875e+01
1.32967500e-06,4.95000000e+00,1.21750000e+01,4.56250000e-02,1.28937500e+01
1.32999500e-06,4.95000000e+00,1.21375000e+01,3.31250000e-02,1.29585938e+01
1.33031500e-06,4.95000000e+00,1.23125000e+01,1.31250000e-02,1.29695312e+01
1.33063500e-06,4.96250000e+00,1.21875000e+01,8.12500000e-03,1.29664063e+01
1.33095500e-06,4.87500000e+00,1.21875000e+01,3.06250000e-02,1.29539062e+01
1.33127500e-06,5.06250000e+00,1.22375000e+01,6.25000000e-04,1.28890625e+01
1.33159500e-06,4.95000000e+00,1.22875000e+01,1.81250000e-02,1.29250000e+01
1.33191500e-06,5.07500000e+00,1.21625000e+01,1.31250000e-02,1.29523438e+01
1.33223500e-06,4.97500000e+00,1.23750000e+01,3.81250000e-02,1.29273438e+01
1.33255500e-06,5.00000000e+00,1.22125000e+01,1.06250000e-02,1.29062500e+01
1.33287500e-06,4.91250000e+00,1.22125000e+01,1.31250000e-02,1.28054687e+01
1.33319500e-06,4.92500000e+00,1.22250000e+01,1.81250000e-02,1.28398438e+01
1.33351500e-06,4.92500000e+00,1.23000000e+01,1.81250000e-02,1.29875000e+01
1.33383500e-06,5.11250000e+00,1.23250000e+01,5.62500000e-03,1.29570312e+01
1.33415500e-06,5.13750000e+00,1.22250000e+01,6.25000000e-04,1.28476562e+01
1.33447500e-06,5.01250000e+00,1.23625000e+01,1.81250000e-02,1.27906250e+01
1.33479500e-06,5.01250000e+00,1.24125000e+01,-1.87500000e-03,1.28976563e+01
1.33511500e-06,5.05000000e+00,1.22250000e+01,2.56250000e-02,1.30078125e+01
1.33543500e-06,5.02500000e+00,1.22625000e+01,8.12500000e-03,1.30109375e+01
1.33575500e-06,5.13750000e+00,1.22000000e+01,1.31250000e-02,1.29789062e+01
1.33607500e-06,4.98750000e+00,1.22500000e+01,2.56250000e-02,1.28828125e+01
1.33639500e-06,4.91250000e+00,1.22875000e+01,5.62500000e-03,1.28695312e+01
1.33671500e-06,4.87500000e+00,1.23375000e+01,-1.87500000e-03,1.29609375e+01
1.33703500e-06,5.05000000e+00,1.22500000e+01,8.12500000e-03,1.29179688e+01
1.33735500e-06,5.01250000e+00,1.22625000e+01,2.06250000e-02,1.29492188e+01
1.33767500e-06,4.88750000e+00,1.23625000e+01,4.06250000e-02,1.29468750e+01
1.33799500e-06,4.97500000e+00,1.22375000e+01,5.06250000e-02,1.29570312e+01
1.33831500e-06,4.97500000e+00,1.21750000e+01,1.31250000e-02,1.29375000e+01
1.33863500e-06,4.98750000e+00,1.23250000e+01,3.31250000e-02,1.29328125e+01
1.33895500e-06,4.93750000e+00,1.23125000e+01,5.31250000e-02,1.29335938e+01
1.33927500e-06,5.08750000e+00,1.22500000e+01,-4.37500000e-03,1.29312500e+01
1.33959500e-06,5.01250000e+00,1.21750000e+01,1.31250000e-02,1.29257812e+01
1.33991500e-06,5.00000000e+00,1.23125000e+01,8.12500000e-03,1.29125000e+01
1.34023500e-06,4.97500000e+00,1.22625000e+01,3.06250000e-02,1.29171875e+01
1.34055500e-06,5.02500000e+00,1.22500000e+01,-1.87500000e-03,1.29132813e+01
1.34087500e-06,4.97500000e+00,1.23000000e+01,2.31250000e-02,1.28453125e+01
1.34119500e-06,5.02500000e+00,1.22250000e+01,1.06250000e-02,1.28375000e+01
1.34151500e-06,5.03750000e+00,1.21875000e+01,1.56250000e-02,1.28992187e+01
1.34183500e-06,5.12500000e+00,1.22000000e+01,-2.56250000e-02,1.29484375e+01
1.34215500e-06,4.93750000e+00,1.22750000e+01,2.56250000e-02,1.29804688e+01
1.34247500e-06,4.97500000e+00,1.22625000e+01,2.06250000e-02,1.29757813e+01
1.34279500e-06,5.08750000e+00,1.22500000e+01,3.06250000e-02,1.29195313e+01
1.34311500e-06,4.93750000e+00,1.21750000e+01,4.06250000e-02,1.28945312e+01
1.34343500e-06,5.03750000e+00,1.21875000e+01,1.06250000e-02,1.28593750e+01
1.34375500e-06,4.93750000e+00,1.23000000e+01,6.25000000e-04,1.28945312e+01
1.34407500e-06,4.85000000e+00,1.23250000e+01,8.12500000e-03,1.29304687e+01
1.34439500e-06,5.06250000e+00,1.23875000e+01,3.56250000e-02,1.29523438e+01
1.34471500e-06,4.97500000e+00,1.23250000e+01,2.56250000e-02,1.29492188e+01
1.34503500e-06,5.03750000e+00,1.22500000e+01,1.81250000e-02,1.29156250e+01
1.34535500e-06,4.90000000e+00,1.20250000e+01,5.62500000e-03,1.29078125e+01
1.34567500e-06,5.01250000e+00,1.21750000e+01,5.62500000e-03,1.29539062e+01
1.34599500e-06,4.95000000e+00,1.22750000e+01,6.25000000e-04,1.29507813e+01
1.34631500e-06,5.00000000e+00,1.22125000e+01,1.81250000e-02,1.29000000e+01
1.34663500e-06,5.03750000e+00,1.23000000e+01,3.56250000e-02,1.29367188e+01
1.34695500e-06,5.08750000e+00,1.22875000e+01,1.31250000e-02,1.29796875e+01
1.34727500e-06,4.93750000e+00,1.21625000e+01,1.06250000e-02,1.28898438e+01
1.34759500e-06,5.05000000e+00,1.23500000e+01,1.31250000e-02,1.29890625e+01
1.34791500e-06,5.10000000e+00,1.22125000e+01,3.06250000e-02,1.29929687e+01
1.34823500e-06,4.95000000e+00,1.22625000e+01,3.81250000e-02,1.29171875e+01
1.34855500e-06,4.91250000e+00,1.22000000e+01,-4.37500000e-03,1.28523437e+01
1.34887500e-06,4.91250000e+00,1.21875000e+01,2.81250000e-02,1.28789062e+01
1.34919500e-06,4.96250000e+00,1.22500000e+01,1.81250000e-02,1.29132813e+01
1.34951500e-06,5.15000000e+00,1.23125000e+01,-1.18750000e-02,1.29210938e+01
1.34983500e-06,5.06250000e+00,1.22125000e+01,1.81250000e-02,1.29820313e+01
1.35015500e-06,5.07500000e+00,1.24000000e+01,2.56250000e-02,1.30281250e+01
1.35047500e-06,5.01250000e+00,1.22000000e+01,1.31250000e-02,1.29710937e+01
1.35079500e-06,4.85000000e+00,1.22125000e+01,3.56250000e-02,1.30273438e+01
1.35111500e-06,4.96250000e+00,1.22750000e+01,3.06250000e-02,1.30156250e+01
1.35143500e-06,4.95000000e+00,1.21625000e+01,1.06250000e-02,1.29226562e+01
1.35175500e-06,4.95000000e+00,1.22750000e+01,2.56250000e-02,1.28578125e+01
1.35207500e-06,5.01250000e+00,1.23125000e+01,2.06250000e-02,1.29750000e+01
1.35239500e-06,5.03750000e+00,1.23000000e+01,-1.87500000e-03,1.30296875e+01
1.35271500e-06,5.00000000e+00,1.22375000e+01,-1.18750000e-02,1.28523437e+01
1.35303500e-06,4.93750000e+00,1.22375000e+01,3.31250000e-02,1.28781250e+01
1.35335500e-06,4.91250000e+00,1.23000000e+01,1.81250000e-02,1.30156250e+01
1.35367500e-06,5.02500000e+00,1.22375000e+01,3.06250000e-02,1.29585938e+01
1.35399500e-06,4.92500000e+00,1.23375000e+01,2.56250000e-02,1.29367188e+01
1.35431500e-06,5.08750000e+00,1.21000000e+01,1.56250000e-02,1.29078125e+01
1.35463500e-06,4.97500000e+00,1.22750000e+01,1.31250000e-02,1.29281250e+01
1.35495500e-06,4.97500000e+00,1.23625000e+01,5.06250000e-02,1.29890625e+01
1.35527500e-06,4.98750000e+00,1.24000000e+01,3.06250000e-02,1.29203125e+01
1.35559500e-06,4.93750000e+00,1.21750000e+01,1.06250000e-02,1.28859375e+01
1.35591500e-06,4.96250000e+00,1.22625000e+01,1.06250000e-02,1.29421875e+01
1.35623500e-06,4.95000000e+00,1.23500000e+01,-1.68750000e-02,1.29445313e+01
1.35655500e-06,4.97500000e+00,1.23375000e+01,3.31250000e-02,1.28976563e+01
1.35687500e-06,5.05000000e+00,1.22250000e+01,2.06250000e-02,1.28937500e+01
1.35719500e-06,4.83750000e+00,1.22375000e+01,6.25000000e-04,1.29226562e+01
1.35751500e-06,5.08750000e+00,1.23250000e+01,-6.87500000e-03,1.29210938e+01
1.35783500e-06,5.05000000e+00,1.21250000e+01,5.62500000e-03,1.29015625e+01
1.35815500e-06,4.95000000e+00,1.21875000e+01,3.31250000e-02,1.29085937e+01
1.35847500e-06,4.98750000e+00,1.23250000e+01,1.06250000e-02,1.28906250e+01
1.35879500e-06,5.03750000e+00,1.21625000e+01,2.31250000e-02,1.28773437e+01
1.35911500e-06,4.93750000e+00,1.22750000e+01,3.06250000e-02,1.28312500e+01
1.35943500e-06,5.05000000e+00,1.22500000e+01,1.31250000e-02,1.28968750e+01
1.35975500e-06,4.91250000e+00,1.23375000e+01,-1.87500000e-03,1.29023438e+01
1.36007500e-06,5.11250000e+00,1.21875000e+01,1.31250000e-02,1.28757812e+01
1.36039500e-06,5.03750000e+00,1.22875000e+01,2.56250000e-02,1.28398438e+01
1.36071500e-06,5.13750000e+00,1.23500000e+01,1.56250000e-02,1.28320312e+01
1.36103500e-06,4.91250000e+00,1.22250000e+01,2.56250000e-02,1.28757812e+01
1.36135500e-06,4.85000000e+00,1.22625000e+01,1.56250000e-02,1.28984375e+01
1.36167500e-06,5.05000000e+00,1.22750000e+01,2.06250000e-02,1.28648438e+01
1.36199500e-06,4.97500000e+00,1.22375000e+01,1.31250000e-02,1.28445312e+01
1.36231500e-06,4.88750000e+00,1.23125000e+01,-6.87500000e-03,1.27945313e+01
1.36263500e-06,5.06250000e+00,1.22250000e+01,1.56250000e-02,1.28117188e+01
1.36295500e-06,4.93750000e+00,1.22000000e+01,2.81250000e-02,1.28968750e+01
1.36327500e-06,4.83750000e+00,1.21875000e+01,3.31250000e-02,1.29179688e+01
1.36359500e-06,5.00000000e+00,1.22500000e+01,8.12500000e-03,1.28726563e+01
1.36391500e-06,4.96250000e+00,1.22125000e+01,2.81250000e-02,1.28367187e+01
1.36423500e-06,4.97500000e+00,1.22000000e+01,4.31250000e-02,1.28125000e+01
1.36455500e-06,5.01250000e+00,1.22625000e+01,3.56250000e-02,1.28750000e+01
1.36487500e-06,5.03750000e+00,1.23375000e+01,2.81250000e-02,1.28953125e+01
1.36519500e-06,5.00000000e+00,1.22375000e+01,-9.37500000e-03,1.29515625e+01
1.36551500e-06,5.07500000e+00,1.23125000e+01,1.56250000e-02,1.29320312e+01
1.36583500e-06,5.02500000e+00,1.22750000e+01,5.62500000e-03,1.28203125e+01
1.36615500e-06,4.87500000e+00,1.24250000e+01,2.81250000e-02,1.29187500e+01
1.36647500e-06,5.02500000e+00,1.22625000e+01,-1.68750000e-02,1.29687500e+01
1.36679500e-06,4.98750000e+00,1.21750000e+01,1.06250000e-02,1.29187500e+01
1.36711500e-06,5.01250000e+00,1.22375000e+01,2.81250000e-02,1.29437500e+01
1.36743500e-06,4.96250000e+00,1.22750000e+01,4.56250000e-02,1.28812500e+01
1.36775500e-06,4.88750000e+00,1.21625000e+01,-7.50000000e-03,1.29007812e+01
1.36807500e-06,5.02500000e+00,1.22750000e+01,6.25000000e-04,1.28976563e+01
1.36839500e-06,4.92500000e+00,1.22000000e+01,4.56250000e-02,1.28664063e+01
1.36871500e-06,4.97500000e+00,1.22250000e+01,1.31250000e-02,1.28812500e+01
1.36903500e-06,4.82500000e+00,1.22375000e+01,3.06250000e-02,1.28765625e+01
1.36935500e-06,5.06250000e+00,1.22625000e+01,2.31250000e-02,1.29335938e+01
1.36967500e-06,5.08750000e+00,1.20625000e+01,1.56250000e-02,1.29179688e+01
1.36999500e-06,4.91250000e+00,1.22125000e+01,1.56250000e-02,1.29273438e+01
1.37031500e-06,5.13750000e+00,1.22750000e+01,5.62500000e-03,1.29437500e+01
1.37063500e-06,5.00000000e+00,1.23375000e+01,1.31250000e-02,1.29312500e+01
1.37095500e-06,4.97500000e+00,1.22500000e+01,3.81250000e-02,1.28789062e+01
1.37127500e-06,4.78750000e+00,1.23125000e+01,5.06250000e-02,1.28921875e+01
1.37159500e-06,4.93750000e+00,1.23250000e+01,1.31250000e-02,1.29351563e+01
1.37191500e-06,5.01250000e+00,1.22875000e+01,1.56250000e-02,1.29328125e+01
1.37223500e-06,5.06250000e+00,1.21625000e+01,3.81250000e-02,1.29054688e+01
1.37255500e-06,5.00000000e+00,1.22125000e+01,2.31250000e-02,1.29046875e+01
1.37287500e-06,4.93750000e+00,1.22750000e+01,5.56250000e-02,1.28804688e+01
1.37319500e-06,5.06250000e+00,1.23875000e+01,3.56250000e-02,1.28835937e+01
1.37351500e-06,5.00000000e+00,1.21375000e+01,1.31250000e-02,1.29617187e+01
1.37383500e-06,5.12500000e+00,1.21875000e+01,1.31250000e-02,1.29843750e+01
1.37415500e-06,5.02500000e+00,1.22000000e+01,1.81250000e-02,1.30507812e+01
1.37447500e-06,4.88750000e+00,1.21375000e+01,2.31250000e-02,1.31023437e+01
1.37479500e-06,5.00000000e+00,1.22250000e+01,4.06250000e-02,1.30078125e+01
1.37511500e-06,5.03750000e+00,1.22875000e+01,2.81250000e-02,1.29648438e+01
1.37543500e-06,5.06250000e+00,1.21750000e+01,3.06250000e-02,1.29218750e+01
1.37575500e-06,4.92500000e+00,1.23625000e+01,2.56250000e-02,1.29164062e+01
1.37607500e-06,4.98750000e+00,1.23250000e+01,3.56250000e-02,1.29164062e+01
1.37639500e-06,4.95000000e+00,1.21625000e+01,2.31250000e-02,1.29078125e+01
1.37671500e-06,5.06250000e+00,1.22625000e+01,2.06250000e-02,1.28953125e+01
1.37703500e-06,4.91250000e+00,1.22250000e+01,1.56250000e-02,1.29367188e+01
1.37735500e-06,4.92500000e+00,1.22375000e+01,1.81250000e-02,1.29093750e+01
1.37767500e-06,5.05000000e+00,1.23625000e+01,-1.87500000e-03,1.28601562e+01
1.37799500e-06,4.92500000e+00,1.22125000e+01,1.81250000e-02,1.29804688e+01
1.37831500e-06,5.01250000e+00,1.23250000e+01,1.56250000e-02,1.29593750e+01
1.37863500e-06,5.07500000e+00,1.23000000e+01,2.06250000e-02,1.29203125e+01
1.37895500e-06,5.00000000e+00,1.22375000e+01,1.06250000e-02,1.29085937e+01
1.37927500e-06,4.95000000e+00,1.21375000e+01,3.56250000e-02,1.28632812e+01
1.37959500e-06,5.00000000e+00,1.23375000e+01,2.06250000e-02,1.28789062e+01
1.37991500e-06,4.88750000e+00,1.24000000e+01,4.31250000e-02,1.29015625e+01
1.38023500e-06,4.83750000e+00,1.23125000e+01,4.56250000e-02,1.28601562e+01
1.38055500e-06,5.01250000e+00,1.22375000e+01,1.56250000e-02,1.29312500e+01
1.38087500e-06,5.02500000e+00,1.22250000e+01,3.12500000e-03,1.29601563e+01
1.38119500e-06,4.87500000e+00,1.21500000e+01,4.31250000e-02,1.28906250e+01
1.38151500e-06,5.01250000e+00,1.23500000e+01,-1.87500000e-03,1.28554688e+01
1.38183500e-06,4.93750000e+00,1.23125000e+01,6.25000000e-04,1.29234375e+01
1.38215500e-06,5.06250000e+00,1.21375000e+01,2.56250000e-02,1.28656250e+01
1.38247500e-06,5.00000000e+00,1.21375000e+01,1.81250000e-02,1.28867188e+01
1.38279500e-06,4.90000000e+00,1.23125000e+01,-6.87500000e-03,1.29906250e+01
1.38311500e-06,4.95000000e+00,1.21625000e+01,2.56250000e-02,1.29648438e+01
1.38343500e-06,5.01250000e+00,1.23625000e+01,2.06250000e-02,1.29507813e+01
1.38375500e-06,5.03750000e+00,1.22125000e+01,3.06250000e-02,1.28921875e+01
1.38407500e-06,5.05000000e+00,1.21000000e+01,1.81250000e-02,1.28343750e+01
1.38439500e-06,4.95000000e+00,1.22375000e+01,1.06250000e-02,1.28421875e+01
1.38471500e-06,5.07500000e+00,1.22500000e+01,3.56250000e-02,1.28718750e+01
1.38503500e-06,5.03750000e+00,1.23375000e+01,2.06250000e-02,1.28609375e+01
1.38535500e-06,5.03750000e+00,1.22750000e+01,6.25000000e-04,1.28031250e+01
1.38567500e-06,5.10000000e+00,1.21750000e+01,3.31250000e-02,1.28273438e+01
1.38599500e-06,5.08750000e+00,1.22500000e+01,4.06250000e-02,1.29320312e+01
1.38631500e-06,5.10000000e+00,1.21250000e+01,4.06250000e-02,1.28804688e+01
1.38663500e-06,4.85000000e+00,1.22625000e+01,2.31250000e-02,1.27710938e+01
1.38695500e-06,4.97500000e+00,1.21625000e+01,4.81250000e-02,1.28023438e+01
1.38727500e-06,4.98750000e+00,1.22750000e+01,3.06250000e-02,1.29367188e+01
1.38759500e-06,4.93750000e+00,1.22500000e+01,5.62500000e-03,1.29101562e+01
1.38791500e-06,5.01250000e+00,1.23250000e+01,3.12500000e-03,1.28070312e+01
1.38823500e-06,5.03750000e+00,1.21500000e+01,1.56250000e-02,1.28460937e+01
1.38855500e-06,4.96250000e+00,1.22375000e+01,1.56250000e-02,1.28781250e+01
1.38887500e-06,4.88750000e+00,1.22750000e+01,3.06250000e-02,1.28820313e+01
1.38919500e-06,4.97500000e+00,1.22750000e+01,3.06250000e-02,1.29218750e+01
1.38951500e-06,4.92500000e+00,1.22000000e+01,4.06250000e-02,1.28960938e+01
1.38983500e-06,4.88750000e+00,1.23250000e+01,4.81250000e-02,1.28273438e+01
1.39015500e-06,5.03750000e+00,1.23000000e+01,2.81250000e-02,1.28546875e+01
1.39047500e-06,4.92500000e+00,1.22750000e+01,3.31250000e-02,1.29625000e+01
1.39079500e-06,5.00000000e+00,1.22000000e+01,5.62500000e-03,1.29687500e+01
1.39111500e-06,4.97500000e+00,1.23000000e+01,-9.37500000e-03,1.29171875e+01
1.39143500e-06,5.02500000e+00,1.22125000e+01,2.31250000e-02,1.28937500e+01
1.39175500e-06,4.96250000e+00,1.22625000e+01,3.06250000e-02,1.28828125e+01
1.39207500e-06,5.02500000e+00,1.22250000e+01,6.25000000e-04,1.28289062e+01
1.39239500e-06,5.05000000e+00,1.21500000e+01,4.56250000e-02,1.28937500e+01
1.39271500e-06,4.91250000e+00,1.22750000e+01,5.81250000e-02,1.29390625e+01
1.39303500e-06,4.90000000e+00,1.22375000e+01,2.81250000e-02,1.29070312e+01
1.39335500e-06,5.12500000e+00,1.22250000e+01,5.62500000e-03,1.29117188e+01
1.39367500e-06,5.12500000e+00,1.23375000e+01,-3.06250000e-02,1.30226563e+01
1.39399500e-06,5.05000000e+00,1.22375000e+01,3.06250000e-02,1.29960938e+01
1.39431500e-06,4.95000000e+00,1.22750000e+01,3.81250000e-02,1.28859375e+01
1.39463500e-06,5.03750000e+00,1.22625000e+01,1.81250000e-02,1.29031250e+01
1.39495500e-06,4.93750000e+00,1.22125000e+01,1.06250000e-02,1.28695312e+01
1.39527500e-06,4.96250000e+00,1.22750000e+01,5.62500000e-03,1.28273438e+01
1.39559500e-06,5.10000000e+00,1.23500000e+01,2.81250000e-02,1.28898438e+01
1.39591500e-06,5.00000000e+00,1.23000000e+01,-4.37500000e-03,1.29617187e+01
1.39623500e-06,5.02500000e+00,1.22500000e+01,8.12500000e-03,1.29390625e+01
1.39655500e-06,4.77187500e+00,1.20625000e+01,2.06250000e-02,1.29367188e+01
1.39687500e-06,4.86250000e+00,1.23625000e+01,2.56250000e-02,1.29414062e+01
1.39719500e-06,5.06250000e+00,1.22750000e+01,3.56250000e-02,1.29140625e+01
1.39751500e-06,4.78437500e+00,1.22000000e+01,5.62500000e-03,1.29132813e+01
1.39783500e-06,4.93750000e+00,1.23375000e+01,5.06250000e-02,1.28390625e+01
1.39815500e-06,5.02500000e+00,1.23250000e+01,4.31250000e-02,1.28171875e+01
1.39847500e-06,4.96250000e+00,1.22500000e+01,3.81250000e-02,1.28171875e+01
1.39879500e-06,5.15000000e+00,1.22375000e+01,2.06250000e-02,1.28953125e+01
1.39911500e-06,4.96250000e+00,1.22500000e+01,3.56250000e-02,1.30601563e+01
1.39943500e-06,4.98750000e+00,1.22750000e+01,5.62500000e-03,1.29882812e+01
1.39975500e-06,4.97500000e+00,1.23125000e+01,-1.18750000e-02,1.28976563e+01
1.40007500e-06,4.96250000e+00,1.22000000e+01,2.81250000e-02,1.28851562e+01
1.40039500e-06,4.97500000e+00,1.22000000e+01,2.56250000e-02,1.29257812e+01
1.40071500e-06,4.98750000e+00,1.23625000e+01,3.56250000e-02,1.28859375e+01
1.40103500e-06,5.12500000e+00,1.23375000e+01,-6.87500000e-03,1.28570313e+01
1.40135500e-06,4.90000000e+00,1.21000000e+01,2.06250000e-02,1.28921875e+01
1.40167500e-06,4.97500000e+00,1.21250000e+01,2.56250000e-02,1.29281250e+01
1.40199500e-06,5.06250000e+00,1.22625000e+01,3.06250000e-02,1.28992187e+01
1.40231500e-06,5.03750000e+00,1.23250000e+01,3.56250000e-02,1.28023438e+01
1.40263500e-06,4.96250000e+00,1.21625000e+01,1.56250000e-02,1.28109375e+01
1.40295500e-06,5.00000000e+00,1.23125000e+01,2.81250000e-02,1.27976562e+01
1.40327500e-06,4.95000000e+00,1.23125000e+01,-6.87500000e-03,1.28156250e+01
1.40359500e-06,4.92500000e+00,1.22000000e+01,8.12500000e-03,1.29117188e+01
1.40391500e-06,4.96250000e+00,1.21250000e+01,2.81250000e-02,1.28757812e+01
1.40423500e-06,4.96250000e+00,1.23000000e+01,5.62500000e-03,1.27898437e+01
1.40455500e-06,5.03750000e+00,1.22500000e+01,-6.87500000e-03,1.27914062e+01
1.40487500e-06,4.97500000e+00,1.22250000e+01,4.31250000e-02,1.28382812e+01
1.40519500e-06,4.87500000e+00,1.22250000e+01,2.06250000e-02,1.28156250e+01
1.40551500e-06,4.92500000e+00,1.22750000e+01,6.25000000e-04,1.27945313e+01
1.40583500e-06,4.97500000e+00,1.22375000e+01,2.56250000e-02,1.28250000e+01
1.40615500e-06,4.92500000e+00,1.22250000e+01,2.06250000e-02,1.28648438e+01
1.40647500e-06,5.02500000e+00,1.22500000e+01,2.06250000e-02,1.29257812e+01
1.40679500e-06,5.00000000e+00,1.22375000e+01,2.81250000e-02,1.29578125e+01
1.40711500e-06,4.98750000e+00,1.22375000e+01,3.81250000e-02,1.29421875e+01
1.40743500e-06,5.01250000e+00,1.22500000e+01,2.81250000e-02,1.28757812e+01
1.40775500e-06,4.92500000e+00,1.22375000e+01,-1.93750000e-02,1.28304687e+01
1.40807500e-06,4.87500000e+00,1.21375000e+01,1.56250000e-02,1.28515625e+01
1.40839500e-06,4.93750000e+00,1.22500000e+01,1.56250000e-02,1.28414063e+01
1.40871500e-06,4.93750000e+00,1.22375000e+01,5.62500000e-03,1.28476562e+01
1.40903500e-06,4.90000000e+00,1.22000000e+01,2.06250000e-02,1.28195313e+01
1.40935500e-06,5.00000000e+00,1.24125000e+01,5.62500000e-03,1.28453125e+01
1.40967500e-06,4.87500000e+00,1.22625000e+01,3.06250000e-02,1.28437500e+01
1.40999500e-06,4.93750000e+00,1.22500000e+01,6.25000000e-04,1.28664063e+01
1.41031500e-06,5.07500000e+00,1.22375000e+01,3.56250000e-02,1.28312500e+01
1.41063500e-06,4.96250000e+00,1.22375000e+01,5.31250000e-02,1.28218750e+01
1.41095500e-06,4.81250000e+00,1.23250000e+01,3.31250000e-02,1.28515625e+01
1.41127500e-06,4.90000000e+00,1.21875000e+01,2.56250000e-02,1.28546875e+01
1.41159500e-06,5.05000000e+00,1.22750000e+01,3.31250000e-02,1.28429688e+01
1.41191500e-06,5.10000000e+00,1.22375000e+01,5.62500000e-03,1.29109375e+01
1.41223500e-06,4.90000000e+00,1.22750000e+01,3.31250000e-02,1.28773437e+01
1.41255500e-06,4.93750000e+00,1.22750000e+01,1.31250000e-02,1.29187500e+01
1.41287500e-06,4.95000000e+00,1.22500000e+01,8.12500000e-03,1.28781250e+01
1.41319500e-06,5.05000000e+00,1.22875000e+01,2.56250000e-02,1.28226562e+01
1.41351500e-06,4.90000000e+00,1.24000000e+01,2.06250000e-02,1.27906250e+01
1.41383500e-06,4.97500000e+00,1.22250000e+01,3.81250000e-02,1.28843750e+01
1.41415500e-06,5.13750000e+00,1.24000000e+01,3.56250000e-02,1.28500000e+01
1.41447500e-06,4.90000000e+00,1.22500000e+01,3.06250000e-02,1.28359375e+01
1.41479500e-06,4.83750000e+00,1.22250000e+01,2.56250000e-02,1.28445312e+01
1.41511500e-06,4.87500000e+00,1.22500000e+01,1.56250000e-02,1.28343750e+01
1.41543500e-06,4.88750000e+00,1.22250000e+01,8.12500000e-03,1.29507813e+01
1.41575500e-06,5.03750000e+00,1.21875000e+01,3.12500000e-03,1.29398437e+01
1.41607500e-06,5.00000000e+00,1.22875000e+01,4.06250000e-02,1.28429688e+01
1.41639500e-06,4.97500000e+00,1.22625000e+01,-4.37500000e-03,1.28460937e+01
1.41671500e-06,4.92500000e+00,1.24125000e+01,1.56250000e-02,1.28804688e+01
1.41703500e-06,4.98750000e+00,1.23000000e+01,2.81250000e-02,1.29328125e+01
1.41735500e-06,5.06250000e+00,1.21875000e+01,3.31250000e-02,1.29382812e+01
1.41767500e-06,5.00000000e+00,1.22250000e+01,2.81250000e-02,1.28796875e+01
1.41799500e-06,4.90000000e+00,1.22875000e+01,2.31250000e-02,1.28179688e+01
1.41831500e-06,5.03750000e+00,1.21625000e+01,4.81250000e-02,1.28601562e+01
1.41863500e-06,5.10000000e+00,1.23000000e+01,8.12500000e-03,1.28710938e+01
1.41895500e-06,5.03750000e+00,1.22250000e+01,5.31250000e-02,1.29062500e+01
1.41927500e-06,5.00000000e+00,1.22375000e+01,1.81250000e-02,1.29351563e+01
1.41959500e-06,4.92500000e+00,1.23375000e+01,2.31250000e-02,1.29015625e+01
1.41991500e-06,5.00000000e+00,1.23000000e+01,4.06250000e-02,1.28070312e+01
1.42023500e-06,5.06250000e+00,1.21375000e+01,3.81250000e-02,1.27859375e+01
1.42055500e-06,4.92500000e+00,1.22625000e+01,3.06250000e-02,1.28757812e+01
1.42087500e-06,4.98750000e+00,1.21500000e+01,3.56250000e-02,1.28789062e+01
1.42119500e-06,5.10000000e+00,1.24000000e+01,4.81250000e-02,1.29078125e+01
1.42151500e-06,5.03750000e+00,1.23500000e+01,1.31250000e-02,1.29046875e+01
1.42183500e-06,5.00000000e+00,1.22125000e+01,1.06250000e-02,1.29382812e+01
1.42215500e-06,4.91250000e+00,1.22500000e+01,3.31250000e-02,1.29476562e+01
1.42247500e-06,4.91250000e+00,1.23000000e+01,4.31250000e-02,1.28484375e+01
1.42279500e-06,4.93750000e+00,1.23500000e+01,3.81250000e-02,1.27156250e+01
1.42311500e-06,4.87500000e+00,1.22250000e+01,6.25000000e-04,1.27726563e+01
1.42343500e-06,5.02500000e+00,1.22750000e+01,2.81250000e-02,1.28742188e+01
1.42375500e-06,5.01250000e+00,1.22250000e+01,-6.87500000e-03,1.28796875e+01
1.42407500e-06,4.98750000e+00,1.21000000e+01,-6.87500000e-03,1.28351563e+01
1.42439500e-06,5.07500000e+00,1.22750000e+01,3.56250000e-02,1.28625000e+01
1.42471500e-06,5.00000000e+00,1.22000000e+01,2.06250000e-02,1.29445313e+01
1.42503500e-06,5.08750000e+00,1.20250000e+01,-1.87500000e-03,1.28992187e+01
1.42535500e-06,5.20000000e+00,1.22000000e+01,4.31250000e-02,1.28617187e+01
1.42567500e-06,4.96250000e+00,1.23625000e+01,3.56250000e-02,1.27929688e+01
1.42599500e-06,4.96250000e+00,1.23125000e+01,3.06250000e-02,1.27656250e+01
1.42631500e-06,4.96250000e+00,1.23250000e+01,2.31250000e-02,1.29000000e+01
1.42663500e-06,4.95000000e+00,1.21125000e+01,2.56250000e-02,1.29484375e+01
1.42695500e-06,4.93750000e+00,1.23500000e+01,1.56250000e-02,1.28953125e+01
1.42727500e-06,5.05000000e+00,1.22375000e+01,-6.87500000e-03,1.27414063e+01
1.42759500e-06,4.92500000e+00,1.24500000e+01,3.31250000e-02,1.28281250e+01
1.42791500e-06,4.90000000e+00,1.22000000e+01,-4.37500000e-03,1.28640625e+01
1.42823500e-06,4.97500000e+00,1.22250000e+01,1.06250000e-02,1.27734375e+01
1.42855500e-06,4.86250000e+00,1.22125000e+01,4.31250000e-02,1.28007812e+01
1.42887500e-06,5.13750000e+00,1.23625000e+01,8.12500000e-03,1.28312500e+01
1.42919500e-06,5.06250000e+00,1.22875000e+01,4.81250000e-02,1.28460937e+01
1.42951500e-06,5.08750000e+00,1.22000000e+01,1.56250000e-02,1.28687500e+01
1.42983500e-06,4.91250000e+00,1.21625000e+01,1.56250000e-02,1.28148437e+01
1.43015500e-06,5.01250000e+00,1.22250000e+01,4.56250000e-02,1.28148437e+01
1.43047500e-06,4.97500000e+00,1.21125000e+01,2.81250000e-02,1.28445312e+01
1.43079500e-06,5.10000000e+00,1.22250000e+01,2.81250000e-02,1.28609375e+01
1.43111500e-06,5.05000000e+00,1.21000000e+01,4.31250000e-02,1.28492188e+01
1.43143500e-06,5.03750000e+00,1.23750000e+01,2.56250000e-02,1.28289062e+01
1.43175500e-06,5.01250000e+00,1.22500000e+01,3.56250000e-02,1.28343750e+01
1.43207500e-06,4.86250000e+00,1.22750000e+01,2.31250000e-02,1.28828125e+01
1.43239500e-06,4.93750000e+00,1.21375000e+01,3.06250000e-02,1.28578125e+01
1.43271500e-06,4.96250000e+00,1.22625000e+01,2.31250000e-02,1.28437500e+01
1.43303500e-06,5.11250000e+00,1.21875000e+01,4.56250000e-02,1.27773438e+01
1.43335500e-06,5.08750000e+00,1.20750000e+01,5.62500000e-03,1.27125000e+01
1.43367500e-06,5.00000000e+00,1.22000000e+01,3.31250000e-02,1.28625000e+01
1.43399500e-06,4.97500000e+00,1.23500000e+01,-4.37500000e-03,1.28960938e+01
1.43431500e-06,5.15000000e+00,1.22250000e+01,6.25000000e-04,1.27914062e+01
1.43463500e-06,5.10000000e+00,1.24375000e+01,2.31250000e-02,1.27757812e+01
1.43495500e-06,5.01250000e+00,1.22500000e+01,2.31250000e-02,1.29046875e+01
1.43527500e-06,5.01250000e+00,1.20500000e+01,3.31250000e-02,1.28859375e+01
1.43559500e-06,5.05000000e+00,1.21250000e+01,1.31250000e-02,1.28273438e+01
1.43591500e-06,4.86250000e+00,1.22750000e+01,-1.87500000e-03,1.28757812e+01
1.43623500e-06,5.00000000e+00,1.21375000e+01,2.31250000e-02,1.28546875e+01
1.43655500e-06,5.00000000e+00,1.22625000e+01,3.81250000e-02,1.28507813e+01
1.43687500e-06,4.90000000e+00,1.23250000e+01,5.62500000e-03,1.28304687e+01
1.43719500e-06,5.06250000e+00,1.23375000e+01,2.06250000e-02,1.29070312e+01
1.43751500e-06,4.83750000e+00,1.22000000e+01,1.81250000e-02,1.28554688e+01
1.43783500e-06,5.02500000e+00,1.23625000e+01,1.81250000e-02,1.28710938e+01
1.43815500e-06,5.01250000e+00,1.23375000e+01,1.31250000e-02,1.28171875e+01
1.43847500e-06,4.88750000e+00,1.21625000e+01,1.81250000e-02,1.27257813e+01
1.43879500e-06,4.93750000e+00,1.21625000e+01,8.12500000e-03,1.27875000e+01
1.43911500e-06,5.10000000e+00,1.22750000e+01,1.81250000e-02,1.28398438e+01
1.43943500e-06,5.03750000e+00,1.23125000e+01,1.81250000e-02,1.28187500e+01
1.43975500e-06,5.00000000e+00,1.21750000e+01,2.06250000e-02,1.28007812e+01
1.44007500e-06,5.05000000e+00,1.22500000e+01,1.31250000e-02,1.28304687e+01
1.44039500e-06,4.87500000e+00,1.22125000e+01,3.06250000e-02,1.28078125e+01
1.44071500e-06,5.02500000e+00,1.21125000e+01,2.81250000e-02,1.28289062e+01
1.44103500e-06,5.02500000e+00,1.21625000e+01,8.12500000e-03,1.28187500e+01
1.44135500e-06,4.91250000e+00,1.21250000e+01,3.56250000e-02,1.27812500e+01
1.44167500e-06,4.90000000e+00,1.23250000e+01,1.06250000e-02,1.27882813e+01
1.44199500e-06,5.03750000e+00,1.21375000e+01,1.31250000e-02,1.28156250e+01
1.44231500e-06,4.90000000e+00,1.24000000e+01,1.06250000e-02,1.28234375e+01
1.44263500e-06,4.95000000e+00,1.22375000e+01,8.12500000e-03,1.28210937e+01
1.44295500e-06,4.92500000e+00,1.23625000e+01,4.56250000e-02,1.27460938e+01
1.44327500e-06,5.05000000e+00,1.22625000e+01,1.31250000e-02,1.27796875e+01
1.44359500e-06,5.02500000e+00,1.22500000e+01,5.62500000e-03,1.29000000e+01
1.44391500e-06,4.95000000e+00,1.22625000e+01,1.81250000e-02,1.28398438e+01
1.44423500e-06,4.92500000e+00,1.24000000e+01,2.56250000e-02,1.28562500e+01
1.44455500e-06,4.96250000e+00,1.22000000e+01,2.81250000e-02,1.28429688e+01
1.44487500e-06,4.97500000e+00,1.22750000e+01,5.62500000e-03,1.28843750e+01
1.44519500e-06,5.08750000e+00,1.21875000e+01,2.06250000e-02,1.29085937e+01
1.44551500e-06,5.00000000e+00,1.22000000e+01,2.56250000e-02,1.28367187e+01
1.44583500e-06,4.88750000e+00,1.21500000e+01,-9.37500000e-03,1.28789062e+01
1.44615500e-06,4.95000000e+00,1.23250000e+01,2.81250000e-02,1.29312500e+01
1.44647500e-06,4.98750000e+00,1.22625000e+01,4.06250000e-02,1.28671875e+01
1.44679500e-06,5.02500000e+00,1.22000000e+01,3.81250000e-02,1.27859375e+01
1.44711500e-06,5.00000000e+00,1.21625000e+01,3.56250000e-02,1.28382812e+01
1.44743500e-06,5.05000000e+00,1.21250000e+01,5.62500000e-03,1.28914062e+01
1.44775500e-06,4.93750000e+00,1.22875000e+01,4.81250000e-02,1.29414062e+01
1.44807500e-06,4.98750000e+00,1.23250000e+01,2.06250000e-02,1.29187500e+01
1.44839500e-06,5.08750000e+00,1.20750000e+01,1.81250000e-02,1.28570313e+01
1.44871500e-06,4.80000000e+00,1.23875000e+01,5.06250000e-02,1.28828125e+01
1.44903500e-06,4.92500000e+00,1.22500000e+01,3.12500000e-03,1.28609375e+01
1.44935500e-06,5.08750000e+00,1.22250000e+01,2.31250000e-02,1.28015625e+01
1.44967500e-06,5.03750000e+00,1.21875000e+01,3.06250000e-02,1.28109375e+01
1.44999500e-06,5.08750000e+00,1.21875000e+01,5.62500000e-03,1.28109375e+01
1.45031500e-06,5.02500000e+00,1.22750000e+01,1.31250000e-02,1.28367187e+01
1.45063500e-06,5.05000000e+00,1.23750000e+01,8.12500000e-03,1.27609375e+01
1.45095500e-06,5.01250000e+00,1.22000000e+01,3.56250000e-02,1.28234375e+01
1.45127500e-06,4.95000000e+00,1.21625000e+01,2.81250000e-02,1.28398438e+01
1.45159500e-06,4.85000000e+00,1.22500000e+01,2.81250000e-02,1.28140625e+01
1.45191500e-06,4.88750000e+00,1.24000000e+01,-6.87500000e-03,1.28289062e+01
1.45223500e-06,5.13750000e+00,1.21375000e+01,5.62500000e-03,1.28226562e+01
1.45255500e-06,4.93750000e+00,1.22750000e+01,3.12500000e-03,1.28281250e+01
1.45287500e-06,5.03750000e+00,1.23125000e+01,3.06250000e-02,1.27992187e+01
1.45319500e-06,4.90000000e+00,1.23625000e+01,3.81250000e-02,1.27484375e+01
1.45351500e-06,4.80000000e+00,1.22500000e+01,8.12500000e-03,1.27070312e+01
1.45383500e-06,4.98750000e+00,1.21625000e+01,4.31250000e-02,1.27750000e+01
1.45415500e-06,5.00000000e+00,1.21750000e+01,5.62500000e-03,1.28242188e+01
1.45447500e-06,5.08750000e+00,1.23375000e+01,2.56250000e-02,1.28398438e+01
1.45479500e-06,5.11250000e+00,1.22125000e+01,2.81250000e-02,1.29218750e+01
1.45511500e-06,5.05000000e+00,1.23875000e+01,4.31250000e-02,1.29125000e+01
1.45543500e-06,4.92500000e+00,1.23125000e+01,1.81250000e-02,1.27953125e+01
1.45575500e-06,4.97500000e+00,1.22125000e+01,1.56250000e-02,1.27742187e+01
1.45607500e-06,5.03750000e+00,1.21375000e+01,1.56250000e-02,1.27960938e+01
1.45639500e-06,4.98750000e+00,1.23875000e+01,5.62500000e-03,1.27125000e+01
1.45671500e-06,5.01250000e+00,1.22000000e+01,1.31250000e-02,1.27023438e+01
1.45703500e-06,4.96250000e+00,1.22500000e+01,1.81250000e-02,1.28164062e+01
1.45735500e-06,5.00000000e+00,1.22625000e+01,1.56250000e-02,1.27320313e+01
1.45767500e-06,4.83750000e+00,1.22000000e+01,3.56250000e-02,1.27375000e+01
1.45799500e-06,4.92500000e+00,1.22000000e+01,2.31250000e-02,1.27914062e+01
1.45831500e-06,4.96250000e+00,1.22750000e+01,3.06250000e-02,1.27523437e+01
1.45863500e-06,5.01250000e+00,1.22875000e+01,3.81250000e-02,1.27273437e+01
1.45895500e-06,5.03750000e+00,1.22125000e+01,-5.00000000e-03,1.28023438e+01
1.45927500e-06,4.95000000e+00,1.22250000e+01,-9.37500000e-03,1.27414063e+01
1.45959500e-06,4.90000000e+00,1.22625000e+01,3.81250000e-02,1.27195312e+01
1.45991500e-06,4.96250000e+00,1.22750000e+01,8.12500000e-03,1.28007812e+01
1.46023500e-06,5.08750000e+00,1.24000000e+01,3.12500000e-03,1.28304687e+01
1.46055500e-06,4.93750000e+00,1.23000000e+01,4.81250000e-02,1.28914062e+01
1.46087500e-06,4.90000000e+00,1.22375000e+01,1.56250000e-02,1.28453125e+01
1.46119500e-06,5.02500000e+00,1.21625000e+01,5.62500000e-03,1.28125000e+01
1.46151500e-06,5.15000000e+00,1.21750000e+01,1.56250000e-02,1.27992187e+01
1.46183500e-06,5.08750000e+00,1.23125000e+01,-4.37500000e-03,1.27531250e+01
1.46215500e-06,5.06250000e+00,1.22750000e+01,3.56250000e-02,1.27593750e+01
1.46247500e-06,4.96250000e+00,1.21375000e+01,8.12500000e-03,1.28656250e+01
1.46279500e-06,4.96250000e+00,1.22625000e+01,5.81250000e-02,1.28851562e+01
1.46311500e-06,5.07500000e+00,1.20625000e+01,2.81250000e-02,1.29210938e+01
1.46343500e-06,4.86250000e+00,1.22375000e+01,1.31250000e-02,1.28085938e+01
1.46375500e-06,5.00000000e+00,1.22000000e+01,5.62500000e-03,1.27070312e+01
1.46407500e-06,5.07500000e+00,1.23500000e+01,3.06250000e-02,1.28140625e+01
1.46439500e-06,4.96250000e+00,1.22500000e+01,3.81250000e-02,1.27953125e+01
1.46471500e-06,4.96250000e+00,1.22875000e+01,4.31250000e-02,1.27703125e+01
1.46503500e-06,5.00000000e+00,1.22625000e+01,3.06250000e-02,1.27984375e+01
1.46535500e-06,5.05000000e+00,1.22875000e+01,2.31250000e-02,1.28414063e+01
1.46567500e-06,4.96250000e+00,1.22125000e+01,2.06250000e-02,1.28867188e+01
1.46599500e-06,5.16250000e+00,1.22500000e+01,3.56250000e-02,1.28859375e+01
1.46631500e-06,5.06250000e+00,1.22625000e+01,2.06250000e-02,1.28664063e+01
1.46663500e-06,4.96250000e+00,1.20750000e+01,2.31250000e-02,1.28109375e+01
1.46695500e-06,5.05000000e+00,1.22250000e+01,1.31250000e-02,1.28125000e+01
1.46727500e-06,4.93750000e+00,1.22500000e+01,3.12500000e-03,1.28226562e+01
1.46759500e-06,4.86250000e+00,1.22125000e+01,8.12500000e-03,1.28367187e+01
1.46791500e-06,4.98750000e+00,1.23250000e+01,1.06250000e-02,1.27703125e+01
1.46823500e-06,5.06250000e+00,1.22750000e+01,1.06250000e-02,1.28062500e+01
1.46855500e-06,4.98750000e+00,1.23375000e+01,4.81250000e-02,1.27898437e+01
1.46887500e-06,4.88750000e+00,1.22625000e+01,8.12500000e-03,1.26726562e+01
1.46919500e-06,5.02500000e+00,1.23250000e+01,1.81250000e-02,1.27179688e+01
1.46951500e-06,4.91250000e+00,1.23000000e+01,2.56250000e-02,1.29015625e+01
1.46983500e-06,5.01250000e+00,1.23375000e+01,8.12500000e-03,1.28578125e+01
1.47015500e-06,4.96250000e+00,1.22625000e+01,-6.87500000e-03,1.28250000e+01
1.47047500e-06,4.96250000e+00,1.23250000e+01,8.12500000e-03,1.28531250e+01
1.47079500e-06,5.16250000e+00,1.22125000e+01,2.81250000e-02,1.28585938e+01
1.47111500e-06,4.97500000e+00,1.22625000e+01,3.31250000e-02,1.28578125e+01
1.47143500e-06,4.80000000e+00,1.22250000e+01,2.56250000e-02,1.29093750e+01
1.47175500e-06,4.98750000e+00,1.21625000e+01,2.31250000e-02,1.29343750e+01
1.47207500e-06,4.78750000e+00,1.21750000e+01,1.06250000e-02,1.28968750e+01
1.47239500e-06,4.91250000e+00,1.24375000e+01,5.62500000e-03,1.28523437e+01
1.47271500e-06,4.98750000e+00,1.23625000e+01,1.31250000e-02,1.28882813e+01
1.47303500e-06,4.98750000e+00,1.22875000e+01,1.06250000e-02,1.28804688e+01
1.47335500e-06,5.03750000e+00,1.22000000e+01,3.81250000e-02,1.28796875e+01
1.47367500e-06,4.92500000e+00,1.23000000e+01,3.81250000e-02,1.28648438e+01
1.47399500e-06,5.07500000e+00,1.23250000e+01,2.06250000e-02,1.27398438e+01
1.47431500e-06,4.92500000e+00,1.22625000e+01,4.06250000e-02,1.27359375e+01
1.47463500e-06,4.95000000e+00,1.21125000e+01,3.31250000e-02,1.27796875e+01
1.47495500e-06,4.93750000e+00,1.22625000e+01,8.12500000e-03,1.27937500e+01
1.47527500e-06,5.03750000e+00,1.22875000e+01,-9.37500000e-03,1.28812500e+01
1.47559500e-06,4.98750000e+00,1.22875000e+01,3.06250000e-02,1.28367187e+01
1.47591500e-06,5.02500000e+00,1.22875000e+01,3.31250000e-02,1.28296875e+01
1.47623500e-06,5.01250000e+00,1.22500000e+01,1.81250000e-02,1.28367187e+01
1.47655500e-06,4.91250000e+00,1.21750000e+01,1.56250000e-02,1.27656250e+01
1.47687500e-06,4.96250000e+00,1.22625000e+01,2.56250000e-02,1.27523437e+01
1.47719500e-06,4.93750000e+00,1.22500000e+01,2.31250000e-02,1.27507812e+01
1.47751500e-06,4.98750000e+00,1.22750000e+01,1.81250000e-02,1.28320312e+01
1.47783500e-06,4.82500000e+00,1.22625000e+01,1.81250000e-02,1.28679687e+01
1.47815500e-06,4.93750000e+00,1.22625000e+01,2.31250000e-02,1.28242188e+01
1.47847500e-06,5.02500000e+00,1.23000000e+01,4.81250000e-02,1.27765625e+01
1.47879500e-06,4.97500000e+00,1.22000000e+01,1.31250000e-02,1.27679687e+01
1.47911500e-06,4.96250000e+00,1.22875000e+01,2.06250000e-02,1.28000000e+01
1.47943500e-06,4.91250000e+00,1.21000000e+01,1.81250000e-02,1.28125000e+01
1.47975500e-06,4.95000000e+00,1.21125000e+01,2.56250000e-02,1.28335938e+01
1.48007500e-06,5.03750000e+00,1.23750000e+01,2.31250000e-02,1.28562500e+01
1.48039500e-06,5.12500000e+00,1.22125000e+01,-6.87500000e-03,1.28390625e+01
1.48071500e-06,4.91250000e+00,1.22250000e+01,6.25000000e-04,1.27757812e+01
1.48103500e-06,4.85000000e+00,1.21750000e+01,3.81250000e-02,1.28039063e+01
1.48135500e-06,5.01250000e+00,1.21750000e+01,3.56250000e-02,1.28257813e+01
1.48167500e-06,5.06250000e+00,1.20625000e+01,2.06250000e-02,1.27898437e+01
1.48199500e-06,4.90000000e+00,1.22500000e+01,3.06250000e-02,1.28140625e+01
1.48231500e-06,4.83750000e+00,1.23500000e+01,3.06250000e-02,1.27554688e+01
1.48263500e-06,4.91250000e+00,1.23375000e+01,2.31250000e-02,1.27734375e+01
1.48295500e-06,4.83750000e+00,1.22000000e+01,3.12500000e-03,1.28445312e+01
1.48327500e-06,4.86250000e+00,1.23625000e+01,3.06250000e-02,1.28601562e+01
1.48359500e-06,5.03750000e+00,1.21500000e+01,1.06250000e-02,1.28265625e+01
1.48391500e-06,4.93750000e+00,1.20875000e+01,8.12500000e-03,1.28343750e+01
1.48423500e-06,5.07500000e+00,1.22375000e+01,2.56250000e-02,1.28070312e+01
1.48455500e-06,4.82500000e+00,1.22375000e+01,1.06250000e-02,1.27507812e+01
1.48487500e-06,4.95000000e+00,1.21750000e+01,5.31250000e-02,1.27304688e+01
1.48519500e-06,4.90937500e+00,1.22875000e+01,8.12500000e-03,1.28015625e+01
1.48551500e-06,4.73437500e+00,1.23250000e+01,4.81250000e-02,1.28101563e+01
1.48583500e-06,4.97500000e+00,1.22625000e+01,4.06250000e-02,1.28406250e+01
1.48615500e-06,4.82187500e+00,1.22125000e+01,2.06250000e-02,1.28625000e+01
1.48647500e-06,4.93750000e+00,1.20750000e+01,4.06250000e-02,1.27945313e+01
1.48679500e-06,5.00000000e+00,1.20875000e+01,3.06250000e-02,1.27734375e+01
1.48711500e-06,5.03750000e+00,1.22125000e+01,1.31250000e-02,1.28328125e+01
1.48743500e-06,5.00000000e+00,1.22875000e+01,2.31250000e-02,1.27804688e+01
1.48775500e-06,4.90000000e+00,1.24000000e+01,3.31250000e-02,1.27382812e+01
1.48807500e-06,4.97500000e+00,1.22375000e+01,6.25000000e-04,1.28796875e+01
1.48839500e-06,5.01250000e+00,1.22375000e+01,1.06250000e-02,1.28984375e+01
1.48871500e-06,4.97500000e+00,1.20750000e+01,5.06250000e-02,1.27914062e+01
1.48903500e-06,4.96250000e+00,1.21750000e+01,4.06250000e-02,1.27320313e+01
1.48935500e-06,4.93750000e+00,1.22250000e+01,3.06250000e-02,1.27695312e+01
1.48967500e-06,4.92500000e+00,1.21875000e+01,1.81250000e-02,1.28031250e+01
1.48999500e-06,4.91250000e+00,1.21500000e+01,1.81250000e-02,1.27828125e+01
1.49031500e-06,5.03750000e+00,1.22625000e+01,6.25000000e-04,1.27851562e+01
1.49063500e-06,5.01250000e+00,1.21750000e+01,-6.87500000e-03,1.28875000e+01
1.49095500e-06,4.86250000e+00,1.22250000e+01,3.81250000e-02,1.28445312e+01
1.49127500e-06,5.00000000e+00,1.21250000e+01,3.31250000e-02,1.27679687e+01
1.49159500e-06,4.82500000e+00,1.21875000e+01,1.81250000e-02,1.27148438e+01
1.49191500e-06,4.85000000e+00,1.23000000e+01,6.06250000e-02,1.27625000e+01
1.49223500e-06,4.95000000e+00,1.23125000e+01,2.31250000e-02,1.28632812e+01
1.49255500e-06,5.00000000e+00,1.22250000e+01,4.31250000e-02,1.27984375e+01
1.49287500e-06,4.95000000e+00,1.23000000e+01,4.56250000e-02,1.27585937e+01
1.49319500e-06,5.06250000e+00,1.22250000e+01,1.81250000e-02,1.28367187e+01
1.49351500e-06,4.97500000e+00,1.23125000e+01,6.25000000e-04,1.28601562e+01
1.49383500e-06,4.98750000e+00,1.22750000e+01,5.31250000e-02,1.29375000e+01
1.49415500e-06,5.05000000e+00,1.22875000e+01,5.62500000e-03,1.28148437e+01
1.49447500e-06,4.88750000e+00,1.22625000e+01,2.56250000e-02,1.27148438e+01
1.49479500e-06,4.93750000e+00,1.21375000e+01,3.56250000e-02,1.27429687e+01
1.49511500e-06,5.00000000e+00,1.21375000e+01,2.50000000e-03,1.27367187e+01
1.49543500e-06,5.02500000e+00,1.23750000e+01,-2.81250000e-02,1.27664062e+01
1.49575500e-06,5.06250000e+00,1.22375000e+01,4.87500000e-02,1.27531250e+01
1.49607500e-06,4.97500000e+00,1.22500000e+01,1.87500000e-02,1.26640625e+01
1.49639500e-06,4.97500000e+00,1.22875000e+01,6.06250000e-02,1.27742187e+01
1.49671500e-06,5.06250000e+00,1.22750000e+01,3.56250000e-02,1.28375000e+01
1.49703500e-06,4.93750000e+00,1.22000000e+01,6.25000000e-04,1.27695312e+01
1.49735500e-06,4.91250000e+00,1.22500000e+01,1.31250000e-02,1.28312500e+01
1.49767500e-06,4.95000000e+00,1.21500000e+01,3.56250000e-02,1.27726563e+01
1.49799500e-06,4.95000000e+00,1.22375000e+01,3.12500000e-03,1.27398438e+01
1.49831500e-06,4.86250000e+00,1.22375000e+01,1.06250000e-02,1.28687500e+01
1.49863500e-06,5.07500000e+00,1.22750000e+01,3.81250000e-02,1.28390625e+01
1.49895500e-06,4.91250000e+00,1.22500000e+01,3.81250000e-02,1.27312500e+01
1.49927500e-06,4.93750000e+00,1.22750000e+01,2.31250000e-02,1.27625000e+01
1.49959500e-06,4.90000000e+00,1.22750000e+01,1.81250000e-02,1.28039063e+01
1.49991500e-06,4.95000000e+00,1.21625000e+01,1.06250000e-02,1.27710938e+01
1.50023500e-06,4.92500000e+00,1.21750000e+01,2.31250000e-02,1.28164062e+01
1.50055500e-06,4.88750000e+00,1.23375000e+01,2.06250000e-02,1.28101563e+01
1.50087500e-06,4.98750000e+00,1.21875000e+01,5.62500000e-03,1.27148438e+01
1.50119500e-06,4.92500000e+00,1.22000000e+01,2.31250000e-02,1.27039062e+01
1.50151500e-06,4.93750000e+00,1.22250000e+01,2.56250000e-02,1.27515625e+01
1.50183500e-06,4.92500000e+00,1.22500000e+01,8.12500000e-03,1.27898437e+01
1.50215500e-06,4.97500000e+00,1.21750000e+01,5.62500000e-03,1.27453125e+01
1.50247500e-06,4.86250000e+00,1.21875000e+01,3.56250000e-02,1.27203125e+01
1.50279500e-06,4.80000000e+00,1.21750000e+01,4.81250000e-02,1.28554688e+01
1.50311500e-06,4.93750000e+00,1.23000000e+01,8.12500000e-03,1.28359375e+01
1.50343500e-06,4.97500000e+00,1.23500000e+01,1.06250000e-02,1.27062500e+01
1.50375500e-06,4.90000000e+00,1.22625000e+01,2.06250000e-02,1.27679687e+01
1.50407500e-06,5.06250000e+00,1.22625000e+01,-9.37500000e-03,1.28078125e+01
1.50439500e-06,4.92500000e+00,1.23125000e+01,3.31250000e-02,1.27789063e+01
1.50471500e-06,4.88750000e+00,1.22625000e+01,1.81250000e-02,1.27671875e+01
1.50503500e-06,5.08750000e+00,1.21750000e+01,2.56250000e-02,1.27609375e+01
1.50535500e-06,4.90000000e+00,1.21375000e+01,4.06250000e-02,1.27492188e+01
1.50567500e-06,4.93750000e+00,1.22500000e+01,6.25000000e-04,1.27414063e+01
1.50599500e-06,4.88750000e+00,1.22250000e+01,1.81250000e-02,1.28250000e+01
1.50631500e-06,4.82500000e+00,1.22500000e+01,1.81250000e-02,1.28078125e+01
1.50663500e-06,4.96250000e+00,1.21625000e+01,2.81250000e-02,1.27812500e+01
1.50695500e-06,4.93750000e+00,1.21625000e+01,3.12500000e-03,1.28054687e+01
1.50727500e-06,4.95000000e+00,1.23250000e+01,3.31250000e-02,1.27648438e+01
1.50759500e-06,4.98750000e+00,1.24125000e+01,3.31250000e-02,1.28437500e+01
1.50791500e-06,4.88750000e+00,1.22750000e+01,4.31250000e-02,1.28078125e+01
1.50823500e-06,4.93750000e+00,1.23500000e+01,5.81250000e-02,1.27085938e+01
1.50855500e-06,5.00000000e+00,1.22875000e+01,1.81250000e-02,1.27617188e+01
1.50887500e-06,4.86250000e+00,1.23000000e+01,3.56250000e-02,1.29429688e+01
1.50919500e-06,4.92500000e+00,1.22500000e+01,2.06250000e-02,1.28718750e+01
1.50951500e-06,4.96250000e+00,1.23250000e+01,4.06250000e-02,1.27921875e+01
1.50983500e-06,5.06250000e+00,1.21375000e+01,4.81250000e-02,1.28726563e+01
1.51015500e-06,4.97500000e+00,1.23625000e+01,4.06250000e-02,1.28078125e+01
1.51047500e-06,4.90000000e+00,1.21875000e+01,1.56250000e-02,1.27203125e+01
1.51079500e-06,4.90000000e+00,1.22375000e+01,3.06250000e-02,1.27632813e+01
1.51111500e-06,4.93750000e+00,1.23125000e+01,6.25000000e-04,1.28132812e+01
1.51143500e-06,5.02500000e+00,1.23500000e+01,2.06250000e-02,1.28054687e+01
1.51175500e-06,5.02500000e+00,1.22250000e+01,4.81250000e-02,1.27687500e+01
1.51207500e-06,4.97500000e+00,1.22375000e+01,2.56250000e-02,1.27726563e+01
1.51239500e-06,4.92500000e+00,1.19750000e+01,4.31250000e-02,1.28132812e+01
1.51271500e-06,4.87500000e+00,1.21875000e+01,2.81250000e-02,1.27835937e+01
1.51303500e-06,4.91250000e+00,1.22000000e+01,4.31250000e-02,1.26671875e+01
1.51335500e-06,4.97500000e+00,1.22625000e+01,2.56250000e-02,1.27281250e+01
1.51367500e-06,4.92500000e+00,1.22125000e+01,3.81250000e-02,1.27695312e+01
1.51399500e-06,4.80000000e+00,1.22125000e+01,4.81250000e-02,1.27820312e+01
1.51431500e-06,4.91250000e+00,1.22750000e+01,2.81250000e-02,1.28062500e+01
1.51463500e-06,4.92500000e+00,1.23250000e+01,1.81250000e-02,1.27828125e+01
1.51495500e-06,4.92500000e+00,1.21750000e+01,3.12500000e-03,1.27953125e+01
1.51527500e-06,4.93750000e+00,1.22125000e+01,2.06250000e-02,1.28109375e+01
1.51559500e-06,4.91250000e+00,1.21875000e+01,2.56250000e-02,1.27757812e+01
1.51591500e-06,4.98750000e+00,1.22125000e+01,8.12500000e-03,1.26859375e+01
1.51623500e-06,5.11250000e+00,1.22000000e+01,1.81250000e-02,1.26710938e+01
1.51655500e-06,5.00000000e+00,1.23625000e+01,6.25000000e-04,1.26945313e+01
1.51687500e-06,5.05000000e+00,1.22500000e+01,3.06250000e-02,1.27445312e+01
1.51719500e-06,5.03750000e+00,1.21000000e+01,1.56250000e-02,1.28250000e+01
1.51751500e-06,4.95000000e+00,1.21500000e+01,2.56250000e-02,1.28273438e+01
1.51783500e-06,4.92500000e+00,1.23250000e+01,4.31250000e-02,1.28132812e+01
1.51815500e-06,4.86250000e+00,1.23375000e+01,2.06250000e-02,1.27789063e+01
1.51847500e-06,4.81250000e+00,1.22875000e+01,2.06250000e-02,1.27281250e+01
1.51879500e-06,5.01250000e+00,1.22500000e+01,-1.87500000e-03,1.27179688e+01
1.51911500e-06,4.91250000e+00,1.23500000e+01,4.56250000e-02,1.27406250e+01
1.51943500e-06,5.00000000e+00,1.21375000e+01,3.56250000e-02,1.27335938e+01
1.51975500e-06,4.85000000e+00,1.23125000e+01,3.06250000e-02,1.28101563e+01
1.52007500e-06,4.96250000e+00,1.22500000e+01,3.06250000e-02,1.28562500e+01
1.52039500e-06,4.85000000e+00,1.23125000e+01,3.06250000e-02,1.27984375e+01
1.52071500e-06,5.00000000e+00,1.23000000e+01,4.06250000e-02,1.27203125e+01
1.52103500e-06,4.86250000e+00,1.23500000e+01,2.56250000e-02,1.26523438e+01
1.52135500e-06,5.05000000e+00,1.21750000e+01,-6.87500000e-03,1.26781250e+01
1.52167500e-06,5.07500000e+00,1.21750000e+01,6.25000000e-04,1.27601562e+01
1.52199500e-06,5.00000000e+00,1.21750000e+01,2.56250000e-02,1.27273437e+01
1.52231500e-06,4.92500000e+00,1.22500000e+01,1.81250000e-02,1.27734375e+01
1.52263500e-06,4.97500000e+00,1.21000000e+01,1.31250000e-02,1.28179688e+01
1.52295500e-06,4.93750000e+00,1.22625000e+01,2.31250000e-02,1.27617188e+01
1.52327500e-06,4.80000000e+00,1.22375000e+01,8.12500000e-03,1.26578125e+01
1.52359500e-06,4.86250000e+00,1.23375000e+01,5.62500000e-03,1.26921875e+01
1.52391500e-06,5.06250000e+00,1.23000000e+01,2.56250000e-02,1.27953125e+01
1.52423500e-06,4.98750000e+00,1.23250000e+01,2.56250000e-02,1.27882813e+01
1.52455500e-06,4.98750000e+00,1.21750000e+01,1.56250000e-02,1.28015625e+01
1.52487500e-06,5.00000000e+00,1.21375000e+01,1.06250000e-02,1.27476563e+01
1.52519500e-06,4.93750000e+00,1.22250000e+01,2.56250000e-02,1.27351562e+01
1.52551500e-06,4.91250000e+00,1.23500000e+01,2.31250000e-02,1.28179688e+01
1.52583500e-06,4.90000000e+00,1.21500000e+01,1.31250000e-02,1.27578125e+01
1.52615500e-06,5.11250000e+00,1.22500000e+01,-4.37500000e-03,1.27609375e+01
1.52647500e-06,4.97500000e+00,1.21875000e+01,8.12500000e-03,1.27414063e+01
1.52679500e-06,5.03750000e+00,1.22750000e+01,1.31250000e-02,1.26867188e+01
1.52711500e-06,5.10000000e+00,1.22375000e+01,4.31250000e-02,1.27531250e+01
1.52743500e-06,4.88750000e+00,1.23000000e+01,4.81250000e-02,1.27382812e+01
1.52775500e-06,5.00000000e+00,1.22125000e+01,-1.18750000e-02,1.27718750e+01
1.52807500e-06,5.00000000e+00,1.22375000e+01,2.31250000e-02,1.26757812e+01
1.52839500e-06,5.01250000e+00,1.21875000e+01,4.06250000e-02,1.26429687e+01
1.52871500e-06,4.97500000e+00,1.22500000e+01,2.56250000e-02,1.27437500e+01
1.52903500e-06,4.81250000e+00,1.21875000e+01,-4.37500000e-03,1.27687500e+01
1.52935500e-06,4.85000000e+00,1.24125000e+01,3.56250000e-02,1.27093750e+01
1.52967500e-06,5.01250000e+00,1.22500000e+01,3.81250000e-02,1.27265625e+01
1.52999500e-06,5.02500000e+00,1.22375000e+01,2.56250000e-02,1.26812500e+01
1.53031500e-06,4.97500000e+00,1.20500000e+01,-1.18750000e-02,1.26562500e+01
1.53063500e-06,4.92500000e+00,1.22500000e+01,2.81250000e-02,1.26992188e+01
1.53095500e-06,4.81250000e+00,1.21125000e+01,3.56250000e-02,1.27640625e+01
1.53127500e-06,4.78750000e+00,1.22375000e+01,4.81250000e-02,1.27921875e+01
1.53159500e-06,5.02500000e+00,1.22500000e+01,-1.87500000e-03,1.27718750e+01
1.53191500e-06,4.97500000e+00,1.24125000e+01,1.06250000e-02,1.27703125e+01
1.53223500e-06,5.02500000e+00,1.21375000e+01,3.12500000e-03,1.27570313e+01
1.53255500e-06,5.18750000e+00,1.22875000e+01,1.81250000e-02,1.28078125e+01
1.53287500e-06,4.81250000e+00,1.22125000e+01,6.25000000e-04,1.28398438e+01
1.53319500e-06,4.96250000e+00,1.22250000e+01,-4.37500000e-03,1.27359375e+01
1.53351500e-06,5.03750000e+00,1.21750000e+01,1.06250000e-02,1.26570312e+01
1.53383500e-06,5.01250000e+00,1.21750000e+01,2.31250000e-02,1.26945313e+01
1.53415500e-06,4.95000000e+00,1.21375000e+01,-6.87500000e-03,1.26765625e+01
1.53447500e-06,4.86250000e+00,1.23375000e+01,2.31250000e-02,1.27007813e+01
1.53479500e-06,4.87500000e+00,1.22125000e+01,1.81250000e-02,1.27140625e+01
1.53511500e-06,4.86250000e+00,1.22375000e+01,3.56250000e-02,1.26765625e+01
1.53543500e-06,4.85000000e+00,1.21750000e+01,3.12500000e-03,1.27023438e+01
1.53575500e-06,4.97500000e+00,1.22375000e+01,-9.37500000e-03,1.27585937e+01
1.53607500e-06,5.00000000e+00,1.23000000e+01,4.81250000e-02,1.27195312e+01
1.53639500e-06,4.97500000e+00,1.22125000e+01,3.31250000e-02,1.27546875e+01
1.53671500e-06,4.93750000e+00,1.22250000e+01,-4.37500000e-03,1.28226562e+01
1.53703500e-06,4.95000000e+00,1.21375000e+01,3.06250000e-02,1.27765625e+01
1.53735500e-06,4.96250000e+00,1.21875000e+01,3.06250000e-02,1.27617188e+01
1.53767500e-06,5.08750000e+00,1.21750000e+01,1.81250000e-02,1.28179688e+01
1.53799500e-06,4.93750000e+00,1.22125000e+01,-1.87500000e-03,1.27359375e+01
1.53831500e-06,4.92500000e+00,1.22500000e+01,3.06250000e-02,1.27210937e+01
1.53863500e-06,5.01250000e+00,1.22625000e+01,3.12500000e-03,1.27773438e+01
1.53895500e-06,4.90000000e+00,1.22750000e+01,2.31250000e-02,1.27570313e+01
1.53927500e-06,4.90000000e+00,1.22250000e+01,2.06250000e-02,1.27875000e+01
1.53959500e-06,4.87500000e+00,1.22625000e+01,5.62500000e-03,1.28296875e+01
1.53991500e-06,4.90000000e+00,1.23000000e+01,1.31250000e-02,1.27757812e+01
1.54023500e-06,4.90000000e+00,1.21875000e+01,1.56250000e-02,1.27054687e+01
1.54055500e-06,4.86250000e+00,1.20125000e+01,3.31250000e-02,1.27507812e+01
1.54087500e-06,4.88750000e+00,1.22000000e+01,1.81250000e-02,1.27679687e+01
1.54119500e-06,5.03750000e+00,1.22125000e+01,6.25000000e-04,1.27382812e+01
1.54151500e-06,4.98750000e+00,1.22750000e+01,5.56250000e-02,1.27382812e+01
1.54183500e-06,4.83750000e+00,1.22750000e+01,-4.37500000e-03,1.27453125e+01
1.54215500e-06,4.93750000e+00,1.23625000e+01,3.06250000e-02,1.27367187e+01
1.54247500e-06,5.02500000e+00,1.21250000e+01,3.56250000e-02,1.28046875e+01
1.54279500e-06,4.87500000e+00,1.22500000e+01,6.25000000e-04,1.28187500e+01
1.54311500e-06,4.91250000e+00,1.21000000e+01,1.56250000e-02,1.27304688e+01
1.54343500e-06,5.00000000e+00,1.21750000e+01,3.56250000e-02,1.27945313e+01
1.54375500e-06,4.85000000e+00,1.22000000e+01,4.06250000e-02,1.27015625e+01
1.54407500e-06,4.95000000e+00,1.22375000e+01,4.81250000e-02,1.27140625e+01
1.54439500e-06,4.93750000e+00,1.22250000e+01,8.12500000e-03,1.27445312e+01
1.54471500e-06,4.83750000e+00,1.22375000e+01,2.56250000e-02,1.27601562e+01
1.54503500e-06,5.00000000e+00,1.22500000e+01,3.06250000e-02,1.27398438e+01
1.54535500e-06,4.88750000e+00,1.22250000e+01,8.12500000e-03,1.26937500e+01
1.54567500e-06,4.95000000e+00,1.23000000e+01,6.25000000e-04,1.27265625e+01
1.54599500e-06,4.97500000e+00,1.21625000e+01,4.31250000e-02,1.27164063e+01
1.54631500e-06,4.95000000e+00,1.21625000e+01,2.06250000e-02,1.27476563e+01
1.54663500e-06,4.91250000e+00,1.22875000e+01,2.06250000e-02,1.27414063e+01
1.54695500e-06,4.93750000e+00,1.22000000e+01,1.06250000e-02,1.27296875e+01
1.54727500e-06,5.05000000e+00,1.23375000e+01,3.56250000e-02,1.27304688e+01
1.54759500e-06,5.13750000e+00,1.22625000e+01,2.56250000e-02,1.27546875e+01
1.54791500e-06,4.91250000e+00,1.21875000e+01,-4.37500000e-03,1.28015625e+01
1.54823500e-06,4.78750000e+00,1.21125000e+01,2.31250000e-02,1.27757812e+01
1.54855500e-06,4.97500000e+00,1.22250000e+01,3.81250000e-02,1.27687500e+01
1.54887500e-06,4.98750000e+00,1.22500000e+01,8.12500000e-03,1.27453125e+01
1.54919500e-06,5.02500000e+00,1.23250000e+01,2.56250000e-02,1.27804688e+01
1.54951500e-06,5.05000000e+00,1.23000000e+01,3.12500000e-03,1.28406250e+01
1.54983500e-06,4.80000000e+00,1.23625000e+01,1.81250000e-02,1.28148437e+01
1.55015500e-06,4.80000000e+00,1.21875000e+01,2.31250000e-02,1.27484375e+01
1.55047500e-06,4.95000000e+00,1.21625000e+01,3.12500000e-03,1.27226562e+01
1.55079500e-06,4.96250000e+00,1.21125000e+01,3.06250000e-02,1.27148438e+01
1.55111500e-06,4.83750000e+00,1.22000000e+01,3.81250000e-02,1.27101563e+01
1.55143500e-06,4.92500000e+00,1.21750000e+01,4.56250000e-02,1.26976562e+01
1.55175500e-06,4.92500000e+00,1.23000000e+01,8.12500000e-03,1.27281250e+01
1.55207500e-06,4.93750000e+00,1.23625000e+01,3.12500000e-03,1.27734375e+01
1.55239500e-06,4.85000000e+00,1.23000000e+01,3.31250000e-02,1.28312500e+01
1.55271500e-06,4.95000000e+00,1.22250000e+01,3.31250000e-02,1.27531250e+01
1.55303500e-06,5.00000000e+00,1.21625000e+01,1.31250000e-02,1.27820312e+01
1.55335500e-06,4.97500000e+00,1.22250000e+01,2.31250000e-02,1.27937500e+01
1.55367500e-06,5.00000000e+00,1.23250000e+01,6.25000000e-04,1.27695312e+01
1.55399500e-06,4.91250000e+00,1.22375000e+01,3.56250000e-02,1.26671875e+01
1.55431500e-06,4.82500000e+00,1.23625000e+01,2.31250000e-02,1.25757813e+01
1.55463500e-06,4.95000000e+00,1.22625000e+01,1.81250000e-02,1.26812500e+01
1.55495500e-06,4.87500000e+00,1.23625000e+01,3.12500000e-03,1.28125000e+01
1.55527500e-06,5.00000000e+00,1.22125000e+01,3.06250000e-02,1.27812500e+01
1.55559500e-06,5.01250000e+00,1.22375000e+01,5.06250000e-02,1.27273437e+01
1.55591500e-06,5.01250000e+00,1.21375000e+01,1.56250000e-02,1.27109375e+01
1.55623500e-06,5.02500000e+00,1.20875000e+01,8.12500000e-03,1.26804687e+01
1.55655500e-06,5.02500000e+00,1.21750000e+01,2.31250000e-02,1.27109375e+01
1.55687500e-06,5.03750000e+00,1.23000000e+01,4.56250000e-02,1.27812500e+01
1.55719500e-06,4.96250000e+00,1.22250000e+01,-4.37500000e-03,1.27937500e+01
1.55751500e-06,5.03750000e+00,1.22625000e+01,3.06250000e-02,1.28460937e+01
1.55783500e-06,4.88750000e+00,1.21875000e+01,5.62500000e-03,1.27445312e+01
1.55815500e-06,5.01250000e+00,1.23625000e+01,5.62500000e-03,1.26218750e+01
1.55847500e-06,4.98750000e+00,1.23875000e+01,4.31250000e-02,1.26148438e+01
1.55879500e-06,5.01250000e+00,1.23250000e+01,1.81250000e-02,1.26617188e+01
1.55911500e-06,4.91250000e+00,1.21000000e+01,1.31250000e-02,1.26632813e+01
1.55943500e-06,4.82500000e+00,1.23000000e+01,1.81250000e-02,1.27226562e+01
1.55975500e-06,5.11250000e+00,1.22750000e+01,3.31250000e-02,1.27992187e+01
1.56007500e-06,4.95000000e+00,1.21750000e+01,3.06250000e-02,1.27140625e+01
1.56039500e-06,5.06250000e+00,1.21875000e+01,3.56250000e-02,1.26179687e+01
1.56071500e-06,4.91250000e+00,1.21500000e+01,1.56250000e-02,1.26429687e+01
1.56103500e-06,5.02500000e+00,1.21750000e+01,8.12500000e-03,1.26835938e+01
1.56135500e-06,4.87500000e+00,1.22750000e+01,1.81250000e-02,1.26953125e+01
1.56167500e-06,4.97500000e+00,1.23000000e+01,3.06250000e-02,1.26265625e+01
1.56199500e-06,4.96250000e+00,1.22875000e+01,2.56250000e-02,1.26359375e+01
1.56231500e-06,4.95000000e+00,1.22500000e+01,1.31250000e-02,1.26507812e+01
1.56263500e-06,4.91250000e+00,1.22125000e+01,2.56250000e-02,1.27257813e+01
1.56295500e-06,4.86250000e+00,1.21875000e+01,4.31250000e-02,1.27140625e+01
1.56327500e-06,4.95000000e+00,1.23000000e+01,4.81250000e-02,1.26539063e+01
1.56359500e-06,4.91250000e+00,1.21500000e+01,1.31250000e-02,1.26734375e+01
1.56391500e-06,5.03750000e+00,1.22000000e+01,4.31250000e-02,1.27210937e+01
1.56423500e-06,5.00000000e+00,1.23125000e+01,4.81250000e-02,1.26953125e+01
1.56455500e-06,4.92500000e+00,1.22500000e+01,2.06250000e-02,1.26695313e+01
1.56487500e-06,4.91250000e+00,1.20500000e+01,2.56250000e-02,1.26851563e+01
1.56519500e-06,4.98750000e+00,1.22000000e+01,-6.87500000e-03,1.26234375e+01
1.56551500e-06,4.96250000e+00,1.22000000e+01,1.06250000e-02,1.26304688e+01
1.56583500e-06,5.00000000e+00,1.23750000e+01,8.12500000e-03,1.27656250e+01
1.56615500e-06,4.95000000e+00,1.21625000e+01,1.81250000e-02,1.27929688e+01
1.56647500e-06,4.83750000e+00,1.22500000e+01,2.06250000e-02,1.27343750e+01
1.56679500e-06,4.91250000e+00,1.21375000e+01,1.81250000e-02,1.26570312e+01
1.56711500e-06,4.88750000e+00,1.22375000e+01,2.06250000e-02,1.26281250e+01
1.56743500e-06,4.86250000e+00,1.22875000e+01,6.25000000e-04,1.26757812e+01
1.56775500e-06,4.95000000e+00,1.23750000e+01,2.81250000e-02,1.27312500e+01
1.56807500e-06,4.92500000e+00,1.22250000e+01,3.12500000e-03,1.26804687e+01
1.56839500e-06,4.96250000e+00,1.22125000e+01,5.56250000e-02,1.26007813e+01
1.56871500e-06,4.90000000e+00,1.22375000e+01,6.25000000e-04,1.26250000e+01
1.56903500e-06,5.00000000e+00,1.21250000e+01,6.25000000e-04,1.26906250e+01
1.56935500e-06,4.87500000e+00,1.21375000e+01,1.06250000e-02,1.27250000e+01
1.56967500e-06,4.72187500e+00,1.22250000e+01,-4.37500000e-03,1.26773438e+01
1.56999500e-06,4.92500000e+00,1.22125000e+01,5.62500000e-03,1.27304688e+01
1.57031500e-06,4.88750000e+00,1.24875000e+01,3.06250000e-02,1.27648438e+01
1.57063500e-06,5.02500000e+00,1.22000000e+01,1.06250000e-02,1.27742187e+01
1.57095500e-06,5.01250000e+00,1.21250000e+01,3.81250000e-02,1.27648438e+01
1.57127500e-06,4.81250000e+00,1.23875000e+01,1.81250000e-02,1.27179688e+01
1.57159500e-06,5.01250000e+00,1.21875000e+01,1.56250000e-02,1.26890625e+01
1.57191500e-06,5.00000000e+00,1.22000000e+01,6.25000000e-04,1.27304688e+01
1.57223500e-06,4.81250000e+00,1.21750000e+01,2.81250000e-02,1.26968750e+01
1.57255500e-06,4.93750000e+00,1.22125000e+01,1.81250000e-02,1.26554688e+01
1.57287500e-06,5.03750000e+00,1.24000000e+01,2.31250000e-02,1.27265625e+01
1.57319500e-06,5.00000000e+00,1.21375000e+01,3.81250000e-02,1.27890625e+01
1.57351500e-06,4.97500000e+00,1.22125000e+01,2.56250000e-02,1.27648438e+01
1.57383500e-06,4.97500000e+00,1.22000000e+01,5.62500000e-03,1.27171875e+01
1.57415500e-06,4.97500000e+00,1.21500000e+01,1.06250000e-02,1.28031250e+01
1.57447500e-06,5.01250000e+00,1.21875000e+01,5.31250000e-02,1.27914062e+01
1.57479500e-06,4.85000000e+00,1.23125000e+01,3.56250000e-02,1.26414062e+01
1.57511500e-06,4.93750000e+00,1.21125000e+01,3.06250000e-02,1.27140625e+01
1.57543500e-06,4.97500000e+00,1.21750000e+01,3.06250000e-02,1.27679687e+01
1.57575500e-06,4.90000000e+00,1.20750000e+01,-9.37500000e-03,1.26898437e+01
1.57607500e-06,4.90000000e+00,1.22875000e+01,1.06250000e-02,1.26242188e+01
1.57639500e-06,4.91250000e+00,1.22875000e+01,1.31250000e-02,1.26093750e+01
1.57671500e-06,4.88750000e+00,1.22750000e+01,1.81250000e-02,1.26648437e+01
1.57703500e-06,5.01250000e+00,1.21625000e+01,1.56250000e-02,1.26656250e+01
1.57735500e-06,4.96250000e+00,1.22750000e+01,3.31250000e-02,1.26234375e+01
1.57767500e-06,5.01250000e+00,1.21875000e+01,-1.18750000e-02,1.26531250e+01
1.57799500e-06,4.87500000e+00,1.21625000e+01,-1.43750000e-02,1.27375000e+01
1.57831500e-06,4.93750000e+00,1.22125000e+01,4.56250000e-02,1.27257813e+01
1.57863500e-06,4.93750000e+00,1.22500000e+01,1.81250000e-02,1.26609375e+01
1.57895500e-06,4.96250000e+00,1.22250000e+01,5.62500000e-03,1.26046875e+01
1.57927500e-06,4.93750000e+00,1.21500000e+01,-6.87500000e-03,1.26578125e+01
1.57959500e-06,5.02500000e+00,1.21375000e+01,2.56250000e-02,1.26718750e+01
1.57991500e-06,4.97500000e+00,1.23125000e+01,4.56250000e-02,1.26773438e+01
1.58023500e-06,4.96250000e+00,1.21875000e+01,-4.37500000e-03,1.26898437e+01
1.58055500e-06,4.96250000e+00,1.22500000e+01,4.06250000e-02,1.26968750e+01
1.58087500e-06,4.98750000e+00,1.21750000e+01,2.81250000e-02,1.26781250e+01
1.58119500e-06,5.12500000e+00,1.22750000e+01,3.81250000e-02,1.27101563e+01
1.58151500e-06,4.92500000e+00,1.22000000e+01,3.81250000e-02,1.26695313e+01
1.58183500e-06,4.82500000e+00,1.22500000e+01,1.81250000e-02,1.26125000e+01
1.58215500e-06,4.92500000e+00,1.23000000e+01,2.31250000e-02,1.25453125e+01
1.58247500e-06,5.07500000e+00,1.23375000e+01,3.56250000e-02,1.25710937e+01
1.58279500e-06,4.93750000e+00,1.22500000e+01,3.06250000e-02,1.26273437e+01
1.58311500e-06,5.06250000e+00,1.23375000e+01,-1.87500000e-03,1.26273437e+01
1.58343500e-06,5.05000000e+00,1.21125000e+01,1.31250000e-02,1.26484375e+01
1.58375500e-06,4.81250000e+00,1.21375000e+01,4.06250000e-02,1.27179688e+01
1.58407500e-06,4.88750000e+00,1.22375000e+01,1.31250000e-02,1.27343750e+01
1.58439500e-06,5.06250000e+00,1.23125000e+01,2.56250000e-02,1.27210937e+01
1.58471500e-06,5.05000000e+00,1.22375000e+01,5.81250000e-02,1.26882812e+01
1.58503500e-06,4.92500000e+00,1.23000000e+01,1.06250000e-02,1.26312500e+01
1.58535500e-06,4.90000000e+00,1.21875000e+01,1.56250000e-02,1.26507812e+01
1.58567500e-06,5.03750000e+00,1.22000000e+01,1.06250000e-02,1.27265625e+01
1.58599500e-06,5.07500000e+00,1.22250000e+01,2.81250000e-02,1.26632813e+01
1.58631500e-06,4.88750000e+00,1.22750000e+01,4.81250000e-02,1.26414062e+01
1.58663500e-06,4.96250000e+00,1.23000000e+01,2.56250000e-02,1.26492187e+01
1.58695500e-06,5.07500000e+00,1.21125000e+01,2.06250000e-02,1.27132812e+01
1.58727500e-06,4.95000000e+00,1.22625000e+01,3.31250000e-02,1.26859375e+01
1.58759500e-06,4.93750000e+00,1.23250000e+01,5.56250000e-02,1.27273437e+01
1.58791500e-06,5.02500000e+00,1.22500000e+01,5.62500000e-03,1.27218750e+01
1.58823500e-06,4.93750000e+00,1.23250000e+01,2.06250000e-02,1.26601562e+01
1.58855500e-06,5.03750000e+00,1.22125000e+01,6.31250000e-02,1.26687500e+01
1.58887500e-06,4.95000000e+00,1.22625000e+01,2.81250000e-02,1.26820312e+01
1.58919500e-06,4.92500000e+00,1.21375000e+01,4.06250000e-02,1.27859375e+01
1.58951500e-06,4.90000000e+00,1.24125000e+01,1.31250000e-02,1.27656250e+01
1.58983500e-06,4.86250000e+00,1.21875000e+01,1.81250000e-02,1.27039062e+01
1.59015500e-06,4.88750000e+00,1.22375000e+01,-9.37500000e-03,1.26710938e+01
1.59047500e-06,4.93750000e+00,1.23125000e+01,2.56250000e-02,1.26523438e+01
1.59079500e-06,5.05000000e+00,1.22750000e+01,8.12500000e-03,1.27625000e+01
1.59111500e-06,5.11250000e+00,1.21500000e+01,1.56250000e-02,1.28312500e+01
1.59143500e-06,4.90000000e+00,1.21875000e+01,2.56250000e-02,1.27437500e+01
1.59175500e-06,4.83750000e+00,1.22750000e+01,1.56250000e-02,1.26726562e+01
1.59207500e-06,4.88750000e+00,1.23000000e+01,-4.37500000e-03,1.27023438e+01
1.59239500e-06,5.01250000e+00,1.21500000e+01,1.31250000e-02,1.26562500e+01
1.59271500e-06,5.03750000e+00,1.22250000e+01,2.56250000e-02,1.27156250e+01
1.59303500e-06,4.86250000e+00,1.22125000e+01,1.31250000e-02,1.27640625e+01
1.59335500e-06,4.98750000e+00,1.22500000e+01,6.25000000e-04,1.26703125e+01
1.59367500e-06,5.08750000e+00,1.21250000e+01,3.81250000e-02,1.26789063e+01
1.59399500e-06,4.85000000e+00,1.21875000e+01,5.62500000e-03,1.27078125e+01
1.59431500e-06,4.98750000e+00,1.21750000e+01,-1.87500000e-03,1.27117187e+01
1.59463500e-06,4.92500000e+00,1.22500000e+01,4.06250000e-02,1.26578125e+01
1.59495500e-06,4.83750000e+00,1.22750000e+01,2.56250000e-02,1.27164063e+01
1.59527500e-06,4.96250000e+00,1.23250000e+01,2.81250000e-02,1.27703125e+01
1.59559500e-06,5.06250000e+00,1.22375000e+01,4.81250000e-02,1.27625000e+01
1.59591500e-06,4.90000000e+00,1.22375000e+01,4.06250000e-02,1.27054687e+01
1.59623500e-06,4.98750000e+00,1.21125000e+01,3.56250000e-02,1.25781250e+01
1.59655500e-06,5.00000000e+00,1.21875000e+01,8.12500000e-03,1.26460938e+01
1.59687500e-06,4.93750000e+00,1.21875000e+01,8.12500000e-03,1.27273437e+01
1.59719500e-06,4.96250000e+00,1.22625000e+01,1.31250000e-02,1.27289062e+01
1.59751500e-06,4.98750000e+00,1.21250000e+01,2.81250000e-02,1.27156250e+01
1.59783500e-06,4.98750000e+00,1.20625000e+01,2.56250000e-02,1.26593750e+01
1.59815500e-06,4.97500000e+00,1.22125000e+01,-1.87500000e-03,1.27281250e+01
1.59847500e-06,4.92500000e+00,1.22250000e+01,1.06250000e-02,1.27468750e+01
1.59879500e-06,4.98750000e+00,1.21250000e+01,2.31250000e-02,1.26875000e+01
1.59911500e-06,5.08750000e+00,1.22375000e+01,6.56250000e-02,1.26609375e+01
1.59943500e-06,5.03750000e+00,1.22625000e+01,8.12500000e-03,1.26898437e+01
1.59975500e-06,4.96250000e+00,1.22875000e+01,2.81250000e-02,1.26789063e+01
1.60007500e-06,4.81250000e+00,1.22750000e+01,2.56250000e-02,1.26812500e+01
1.60039500e-06,4.83750000e+00,1.22125000e+01,4.06250000e-02,1.27789063e+01
1.60071500e-06,4.95000000e+00,1.22375000e+01,3.31250000e-02,1.27843750e+01
1.60103500e-06,5.02500000e+00,1.21500000e+01,2.81250000e-02,1.27203125e+01
1.60135500e-06,4.96250000e+00,1.21625000e+01,3.12500000e-03,1.27117187e+01
1.60167500e-06,5.05000000e+00,1.20500000e+01,3.56250000e-02,1.27546875e+01
1.60199500e-06,4.93750000e+00,1.21375000e+01,3.12500000e-03,1.27359375e+01
1.60231500e-06,4.88750000e+00,1.22750000e+01,1.06250000e-02,1.27203125e+01
1.60263500e-06,4.96250000e+00,1.22750000e+01,6.31250000e-02,1.26890625e+01
1.60295500e-06,4.98750000e+00,1.24375000e+01,2.81250000e-02,1.27375000e+01
1.60327500e-06,4.93750000e+00,1.23250000e+01,3.06250000e-02,1.27742187e+01
1.60359500e-06,5.08750000e+00,1.21750000e+01,8.12500000e-03,1.27523437e+01
1.60391500e-06,4.95000000e+00,1.20625000e+01,2.81250000e-02,1.27117187e+01
1.60423500e-06,4.95000000e+00,1.23375000e+01,1.06250000e-02,1.26687500e+01
1.60455500e-06,5.01250000e+00,1.22250000e+01,3.12500000e-03,1.26828125e+01
1.60487500e-06,4.96250000e+00,1.21625000e+01,3.56250000e-02,1.26664062e+01
1.60519500e-06,4.98750000e+00,1.21500000e+01,3.56250000e-02,1.26523438e+01
1.60551500e-06,4.95000000e+00,1.23000000e+01,2.31250000e-02,1.27156250e+01
1.60583500e-06,5.07500000e+00,1.22125000e+01,3.31250000e-02,1.27226562e+01
1.60615500e-06,4.86250000e+00,1.22500000e+01,3.31250000e-02,1.26921875e+01
1.60647500e-06,4.92500000e+00,1.22375000e+01,3.56250000e-02,1.27078125e+01
1.60679500e-06,4.82500000e+00,1.22500000e+01,2.31250000e-02,1.26757812e+01
1.60711500e-06,5.00000000e+00,1.20875000e+01,2.31250000e-02,1.26921875e+01
1.60743500e-06,5.01250000e+00,1.19875000e+01,1.31250000e-02,1.27242188e+01
1.60775500e-06,4.87500000e+00,1.21750000e+01,5.56250000e-02,1.27203125e+01
1.60807500e-06,4.96250000e+00,1.22500000e+01,4.81250000e-02,1.27000000e+01
1.60839500e-06,5.10000000e+00,1.21625000e+01,2.31250000e-02,1.26625000e+01
1.60871500e-06,4.96250000e+00,1.22875000e+01,-1.87500000e-03,1.26398438e+01
1.60903500e-06,4.91250000e+00,1.22250000e+01,1.31250000e-02,1.27218750e+01
1.60935500e-06,4.93750000e+00,1.22875000e+01,1.81250000e-02,1.27007813e+01
1.60967500e-06,4.90000000e+00,1.21625000e+01,-1.87500000e-03,1.26906250e+01
1.60999500e-06,5.05000000e+00,1.23125000e+01,2.56250000e-02,1.27062500e+01
1.61031500e-06,5.03750000e+00,1.21375000e+01,4.31250000e-02,1.26562500e+01
1.61063500e-06,4.81250000e+00,1.23125000e+01,2.56250000e-02,1.26851563e+01
1.61095500e-06,4.97500000e+00,1.22125000e+01,2.81250000e-02,1.27226562e+01
1.61127500e-06,5.08750000e+00,1.22750000e+01,3.06250000e-02,1.27218750e+01
1.61159500e-06,5.06250000e+00,1.20875000e+01,-9.37500000e-03,1.26734375e+01
1.61191500e-06,4.93750000e+00,1.22250000e+01,4.06250000e-02,1.26789063e+01
1.61223500e-06,4.93750000e+00,1.22750000e+01,8.12500000e-03,1.26585937e+01
1.61255500e-06,4.93750000e+00,1.21125000e+01,2.56250000e-02,1.26609375e+01
1.61287500e-06,4.92500000e+00,1.21750000e+01,2.06250000e-02,1.27046875e+01
1.61319500e-06,4.97500000e+00,1.21500000e+01,4.06250000e-02,1.27648438e+01
1.61351500e-06,5.05000000e+00,1.21375000e+01,1.56250000e-02,1.26835938e+01
1.61383500e-06,5.00000000e+00,1.23125000e+01,3.31250000e-02,1.26781250e+01
1.61415500e-06,4.88750000e+00,1.22125000e+01,1.06250000e-02,1.27734375e+01
1.61447500e-06,4.90000000e+00,1.22000000e+01,4.56250000e-02,1.27125000e+01
1.61479500e-06,4.93750000e+00,1.21875000e+01,6.25000000e-04,1.26875000e+01
1.61511500e-06,4.98750000e+00,1.21750000e+01,2.81250000e-02,1.26117187e+01
1.61543500e-06,4.91250000e+00,1.22125000e+01,3.56250000e-02,1.26406250e+01
1.61575500e-06,5.01250000e+00,1.23000000e+01,1.31250000e-02,1.26617188e+01
1.61607500e-06,5.15000000e+00,1.22625000e+01,6.06250000e-02,1.26718750e+01
1.61639500e-06,5.13750000e+00,1.22375000e+01,2.56250000e-02,1.26679688e+01
1.61671500e-06,4.95000000e+00,1.22500000e+01,2.06250000e-02,1.26929688e+01
1.61703500e-06,4.98750000e+00,1.22500000e+01,2.56250000e-02,1.26914062e+01
1.61735500e-06,4.96250000e+00,1.23375000e+01,1.56250000e-02,1.27015625e+01
1.61767500e-06,4.87500000e+00,1.21875000e+01,2.81250000e-02,1.26492187e+01
1.61799500e-06,5.15000000e+00,1.21750000e+01,2.31250000e-02,1.25554687e+01
1.61831500e-06,4.93750000e+00,1.22875000e+01,4.31250000e-02,1.25320312e+01
1.61863500e-06,4.87500000e+00,1.22000000e+01,1.81250000e-02,1.26640625e+01
1.61895500e-06,4.92500000e+00,1.22625000e+01,1.06250000e-02,1.27226562e+01
1.61927500e-06,5.10000000e+00,1.20500000e+01,3.56250000e-02,1.26117187e+01
1.61959500e-06,5.01250000e+00,1.21750000e+01,4.06250000e-02,1.25953125e+01
1.61991500e-06,4.93750000e+00,1.21375000e+01,2.31250000e-02,1.26046875e+01
1.62023500e-06,4.92500000e+00,1.22875000e+01,3.06250000e-02,1.25765625e+01
1.62055500e-06,5.01250000e+00,1.21500000e+01,3.56250000e-02,1.26000000e+01
1.62087500e-06,4.83750000e+00,1.23125000e+01,4.81250000e-02,1.26882812e+01
1.62119500e-06,5.00000000e+00,1.23500000e+01,1.31250000e-02,1.26734375e+01
1.62151500e-06,5.08750000e+00,1.23875000e+01,2.56250000e-02,1.26343750e+01
1.62183500e-06,4.95000000e+00,1.21375000e+01,3.06250000e-02,1.25851563e+01
1.62215500e-06,4.97500000e+00,1.22125000e+01,3.56250000e-02,1.27109375e+01
1.62247500e-06,4.91250000e+00,1.22375000e+01,3.12500000e-03,1.27390625e+01
1.62279500e-06,5.00000000e+00,1.22625000e+01,-6.87500000e-03,1.26625000e+01
1.62311500e-06,5.05000000e+00,1.21250000e+01,4.56250000e-02,1.26250000e+01
1.62343500e-06,5.01250000e+00,1.22875000e+01,1.06250000e-02,1.26117187e+01
1.62375500e-06,4.93750000e+00,1.21750000e+01,5.62500000e-03,1.25960937e+01
1.62407500e-06,5.01250000e+00,1.23125000e+01,1.56250000e-02,1.25984375e+01
1.62439500e-06,5.00000000e+00,1.20750000e+01,1.81250000e-02,1.26140625e+01
1.62471500e-06,4.86250000e+00,1.21500000e+01,8.12500000e-03,1.26507812e+01
1.62503500e-06,4.88750000e+00,1.22375000e+01,1.56250000e-02,1.26546875e+01
1.62535500e-06,4.93750000e+00,1.21625000e+01,-6.87500000e-03,1.26226563e+01
1.62567500e-06,4.92500000e+00,1.21250000e+01,1.81250000e-02,1.26132812e+01
1.62599500e-06,4.98750000e+00,1.22125000e+01,5.31250000e-02,1.26343750e+01
1.62631500e-06,5.05000000e+00,1.21125000e+01,3.81250000e-02,1.26898437e+01
1.62663500e-06,4.90000000e+00,1.21125000e+01,3.31250000e-02,1.26937500e+01
1.62695500e-06,5.01250000e+00,1.21750000e+01,2.81250000e-02,1.26679688e+01
1.62727500e-06,4.95000000e+00,1.22375000e+01,2.06250000e-02,1.27218750e+01
1.62759500e-06,4.95000000e+00,1.21375000e+01,2.81250000e-02,1.26289062e+01
1.62791500e-06,4.97500000e+00,1.22250000e+01,1.06250000e-02,1.25593750e+01
1.62823500e-06,4.93750000e+00,1.22250000e+01,3.06250000e-02,1.26062500e+01
1.62855500e-06,5.05000000e+00,1.21250000e+01,2.81250000e-02,1.26265625e+01
1.62887500e-06,5.03750000e+00,1.21750000e+01,1.31250000e-02,1.26992188e+01
1.62919500e-06,4.88750000e+00,1.22625000e+01,4.06250000e-02,1.27367187e+01
1.62951500e-06,5.10000000e+00,1.20875000e+01,2.06250000e-02,1.26640625e+01
1.62983500e-06,5.08750000e+00,1.22375000e+01,2.06250000e-02,1.26601562e+01
1.63015500e-06,4.85000000e+00,1.22375000e+01,2.81250000e-02,1.26281250e+01
1.63047500e-06,5.11250000e+00,1.24000000e+01,5.62500000e-03,1.26109375e+01
1.63079500e-06,4.93750000e+00,1.22500000e+01,3.81250000e-02,1.25625000e+01
1.63111500e-06,4.95000000e+00,1.23500000e+01,3.31250000e-02,1.26695313e+01
1.63143500e-06,4.96250000e+00,1.21875000e+01,1.56250000e-02,1.27171875e+01
1.63175500e-06,5.08750000e+00,1.21000000e+01,2.81250000e-02,1.26226563e+01
1.63207500e-06,4.90000000e+00,1.21000000e+01,2.81250000e-02,1.26039062e+01
1.63239500e-06,5.00000000e+00,1.22375000e+01,1.81250000e-02,1.25960937e+01
1.63271500e-06,5.00000000e+00,1.21250000e+01,3.81250000e-02,1.26351562e+01
1.63303500e-06,4.95000000e+00,1.23125000e+01,3.31250000e-02,1.26726562e+01
1.63335500e-06,4.91250000e+00,1.21750000e+01,2.56250000e-02,1.27296875e+01
1.63367500e-06,4.82500000e+00,1.22750000e+01,-1.87500000e-03,1.27859375e+01
1.63399500e-06,5.05000000e+00,1.22125000e+01,3.12500000e-03,1.27101563e+01
1.63431500e-06,5.06250000e+00,1.21625000e+01,6.81250000e-02,1.27117187e+01
1.63463500e-06,5.02500000e+00,1.21625000e+01,1.31250000e-02,1.27539062e+01
1.63495500e-06,5.01250000e+00,1.22000000e+01,2.31250000e-02,1.27710938e+01
1.63527500e-06,4.83750000e+00,1.22250000e+01,4.81250000e-02,1.26789063e+01
1.63559500e-06,4.97500000e+00,1.22500000e+01,3.31250000e-02,1.25476562e+01
1.63591500e-06,4.87500000e+00,1.22750000e+01,1.31250000e-02,1.25273438e+01
1.63623500e-06,4.85000000e+00,1.24125000e+01,-4.37500000e-03,1.26156250e+01
1.63655500e-06,4.90000000e+00,1.22875000e+01,3.56250000e-02,1.26046875e+01
1.63687500e-06,4.85000000e+00,1.22000000e+01,5.31250000e-02,1.26437500e+01
1.63719500e-06,4.88750000e+00,1.22125000e+01,3.06250000e-02,1.26984375e+01
1.63751500e-06,4.82500000e+00,1.21750000e+01,2.56250000e-02,1.26562500e+01
1.63783500e-06,4.85000000e+00,1.22750000e+01,4.06250000e-02,1.27351562e+01
1.63815500e-06,4.91250000e+00,1.22000000e+01,2.31250000e-02,1.26726562e+01
1.63847500e-06,5.02500000e+00,1.20500000e+01,4.81250000e-02,1.25851563e+01
1.63879500e-06,5.07500000e+00,1.21125000e+01,3.81250000e-02,1.25742188e+01
1.63911500e-06,4.91250000e+00,1.21500000e+01,2.31250000e-02,1.25515625e+01
1.63943500e-06,4.96250000e+00,1.23375000e+01,2.31250000e-02,1.25718750e+01
1.63975500e-06,4.91250000e+00,1.22000000e+01,2.81250000e-02,1.26828125e+01
1.64007500e-06,5.00000000e+00,1.20875000e+01,3.81250000e-02,1.26750000e+01
1.64039500e-06,4.95000000e+00,1.20750000e+01,3.12500000e-03,1.26203125e+01
1.64071500e-06,4.87500000e+00,1.21875000e+01,3.81250000e-02,1.26695313e+01
1.64103500e-06,4.91250000e+00,1.22125000e+01,3.06250000e-02,1.27148438e+01
1.64135500e-06,5.00000000e+00,1.23125000e+01,5.62500000e-03,1.27117187e+01
1.64167500e-06,5.02500000e+00,1.22625000e+01,3.06250000e-02,1.26812500e+01
1.64199500e-06,4.95000000e+00,1.22875000e+01,3.06250000e-02,1.27273437e+01
1.64231500e-06,4.91250000e+00,1.21375000e+01,1.81250000e-02,1.27148438e+01
1.64263500e-06,4.88750000e+00,1.22000000e+01,4.56250000e-02,1.26687500e+01
1.64295500e-06,4.97500000e+00,1.21625000e+01,2.31250000e-02,1.26398438e+01
1.64327500e-06,4.85000000e+00,1.22250000e+01,4.06250000e-02,1.25882812e+01
1.64359500e-06,4.96250000e+00,1.21250000e+01,2.81250000e-02,1.26085938e+01
1.64391500e-06,5.06250000e+00,1.23375000e+01,1.56250000e-02,1.27468750e+01
1.64423500e-06,4.81250000e+00,1.23000000e+01,3.06250000e-02,1.27414063e+01
1.64455500e-06,4.90000000e+00,1.22500000e+01,1.06250000e-02,1.26718750e+01
1.64487500e-06,5.00000000e+00,1.21625000e+01,2.06250000e-02,1.26632813e+01
1.64519500e-06,4.91250000e+00,1.21375000e+01,3.06250000e-02,1.26593750e+01
1.64551500e-06,4.93750000e+00,1.23250000e+01,4.06250000e-02,1.26554688e+01
1.64583500e-06,4.87500000e+00,1.21875000e+01,3.06250000e-02,1.27570313e+01
1.64615500e-06,4.90000000e+00,1.22125000e+01,3.81250000e-02,1.26992188e+01
1.64647500e-06,5.06250000e+00,1.23750000e+01,-1.87500000e-03,1.26179687e+01
1.64679500e-06,4.90000000e+00,1.21375000e+01,6.25000000e-04,1.26796875e+01
1.64711500e-06,4.98750000e+00,1.23125000e+01,3.81250000e-02,1.26414062e+01
1.64743500e-06,4.96250000e+00,1.22125000e+01,5.62500000e-03,1.27039062e+01
1.64775500e-06,4.97500000e+00,1.22125000e+01,2.81250000e-02,1.27500000e+01
1.64807500e-06,4.97500000e+00,1.22500000e+01,3.06250000e-02,1.26640625e+01
1.64839500e-06,5.02500000e+00,1.21750000e+01,1.06250000e-02,1.26578125e+01
1.64871500e-06,4.91250000e+00,1.23250000e+01,4.06250000e-02,1.26851563e+01
1.64903500e-06,5.01250000e+00,1.23000000e+01,2.31250000e-02,1.26593750e+01
1.64935500e-06,4.87500000e+00,1.20875000e+01,4.06250000e-02,1.27210937e+01
1.64967500e-06,4.98750000e+00,1.22500000e+01,3.31250000e-02,1.27203125e+01
1.64999500e-06,4.92500000e+00,1.19875000e+01,4.81250000e-02,1.26273437e+01
1.65031500e-06,4.97500000e+00,1.21125000e+01,1.56250000e-02,1.26320313e+01
1.65063500e-06,4.97500000e+00,1.22125000e+01,2.06250000e-02,1.26343750e+01
1.65095500e-06,5.01250000e+00,1.23500000e+01,3.31250000e-02,1.26085938e+01
1.65127500e-06,4.90000000e+00,1.21000000e+01,2.56250000e-02,1.26679688e+01
1.65159500e-06,4.85000000e+00,1.21125000e+01,2.56250000e-02,1.26437500e+01
1.65191500e-06,4.95000000e+00,1.21625000e+01,1.31250000e-02,1.26414062e+01
1.65223500e-06,5.03750000e+00,1.22000000e+01,3.31250000e-02,1.26781250e+01
1.65255500e-06,5.00000000e+00,1.21750000e+01,5.31250000e-02,1.26906250e+01
1.65287500e-06,4.97500000e+00,1.22250000e+01,3.81250000e-02,1.26484375e+01
1.65319500e-06,4.92500000e+00,1.21375000e+01,6.25000000e-04,1.26171875e+01
1.65351500e-06,4.77187500e+00,1.21750000e+01,-9.37500000e-03,1.26125000e+01
1.65383500e-06,4.77500000e+00,1.21250000e+01,5.81250000e-02,1.25695313e+01
1.65415500e-06,5.05000000e+00,1.21750000e+01,2.81250000e-02,1.26554688e+01
1.65447500e-06,4.95937500e+00,1.22625000e+01,3.81250000e-02,1.27312500e+01
1.65479500e-06,5.16250000e+00,1.22500000e+01,5.56250000e-02,1.26632813e+01
1.65511500e-06,4.96250000e+00,1.22500000e+01,2.06250000e-02,1.26921875e+01
1.65543500e-06,4.97500000e+00,1.23000000e+01,5.81250000e-02,1.26671875e+01
1.65575500e-06,4.96250000e+00,1.21875000e+01,3.31250000e-02,1.25906250e+01
1.65607500e-06,5.06250000e+00,1.21375000e+01,2.31250000e-02,1.25742188e+01
1.65639500e-06,4.91250000e+00,1.21000000e+01,5.31250000e-02,1.26187500e+01
1.65671500e-06,5.01250000e+00,1.22000000e+01,3.81250000e-02,1.26703125e+01
1.65703500e-06,4.90000000e+00,1.22375000e+01,1.56250000e-02,1.27539062e+01
1.65735500e-06,4.93750000e+00,1.24250000e+01,2.06250000e-02,1.26703125e+01
1.65767500e-06,5.01250000e+00,1.22375000e+01,3.06250000e-02,1.26781250e+01
1.65799500e-06,5.08750000e+00,1.21375000e+01,2.31250000e-02,1.26734375e+01
1.65831500e-06,5.00000000e+00,1.21375000e+01,2.31250000e-02,1.25968750e+01
1.65863500e-06,4.93750000e+00,1.21250000e+01,1.06250000e-02,1.25789062e+01
1.65895500e-06,4.96250000e+00,1.22375000e+01,3.31250000e-02,1.26281250e+01
1.65927500e-06,4.97500000e+00,1.21500000e+01,3.06250000e-02,1.25875000e+01
1.65959500e-06,4.90000000e+00,1.20625000e+01,-1.43750000e-02,1.25195312e+01
1.65991500e-06,5.05000000e+00,1.22750000e+01,-6.87500000e-03,1.25507812e+01
1.66023500e-06,4.95000000e+00,1.23000000e+01,4.81250000e-02,1.26062500e+01
1.66055500e-06,5.07500000e+00,1.22875000e+01,4.81250000e-02,1.26195312e+01
1.66087500e-06,4.87500000e+00,1.22000000e+01,3.56250000e-02,1.26156250e+01
1.66119500e-06,4.93750000e+00,1.20875000e+01,1.06250000e-02,1.26398438e+01
1.66151500e-06,5.05000000e+00,1.21875000e+01,3.31250000e-02,1.25828125e+01
1.66183500e-06,5.05000000e+00,1.21625000e+01,3.81250000e-02,1.25320312e+01
1.66215500e-06,4.97500000e+00,1.21125000e+01,6.06250000e-02,1.26851563e+01
1.66247500e-06,4.92500000e+00,1.23125000e+01,4.06250000e-02,1.27007813e+01
1.66279500e-06,4.98750000e+00,1.22000000e+01,3.56250000e-02,1.26539063e+01
1.66311500e-06,4.90000000e+00,1.21625000e+01,5.06250000e-02,1.26125000e+01
1.66343500e-06,5.01250000e+00,1.21625000e+01,3.81250000e-02,1.26343750e+01
1.66375500e-06,4.83750000e+00,1.23125000e+01,2.06250000e-02,1.26210938e+01
1.66407500e-06,4.97500000e+00,1.22625000e+01,4.06250000e-02,1.26429687e+01
1.66439500e-06,5.11250000e+00,1.22125000e+01,1.81250000e-02,1.25640625e+01
1.66471500e-06,4.98750000e+00,1.22375000e+01,3.56250000e-02,1.25273438e+01
1.66503500e-06,4.92500000e+00,1.21500000e+01,4.31250000e-02,1.26679688e+01
1.66535500e-06,4.91250000e+00,1.22500000e+01,-1.87500000e-03,1.26898437e+01
1.66567500e-06,4.96250000e+00,1.22500000e+01,3.06250000e-02,1.25640625e+01
1.66599500e-06,4.91250000e+00,1.22375000e+01,3.81250000e-02,1.25554687e+01
1.66631500e-06,5.02500000e+00,1.23375000e+01,2.81250000e-02,1.25335937e+01
1.66663500e-06,4.95000000e+00,1.21750000e+01,2.06250000e-02,1.25515625e+01
1.66695500e-06,4.88750000e+00,1.22125000e+01,-1.43750000e-02,1.25765625e+01
1.66727500e-06,4.88750000e+00,1.22875000e+01,3.81250000e-02,1.26703125e+01
1.66759500e-06,5.07500000e+00,1.22125000e+01,2.56250000e-02,1.27054687e+01
1.66791500e-06,5.02500000e+00,1.21125000e+01,3.56250000e-02,1.24859375e+01
1.66823500e-06,4.93750000e+00,1.22750000e+01,2.56250000e-02,1.24570312e+01
1.66855500e-06,4.96250000e+00,1.22500000e+01,3.06250000e-02,1.25820312e+01
1.66887500e-06,4.78750000e+00,1.22250000e+01,3.31250000e-02,1.25500000e+01
1.66919500e-06,4.92500000e+00,1.21875000e+01,4.31250000e-02,1.25617188e+01
1.66951500e-06,5.12500000e+00,1.23125000e+01,3.12500000e-03,1.25804687e+01
1.66983500e-06,5.07500000e+00,1.22375000e+01,3.81250000e-02,1.25914063e+01
1.67015500e-06,4.92500000e+00,1.23125000e+01,2.31250000e-02,1.25554687e+01
1.67047500e-06,4.88750000e+00,1.22000000e+01,3.31250000e-02,1.25585938e+01
1.67079500e-06,4.87500000e+00,1.22000000e+01,3.06250000e-02,1.25835938e+01
1.67111500e-06,4.82500000e+00,1.22375000e+01,-4.37500000e-03,1.26843750e+01
1.67143500e-06,4.87500000e+00,1.20875000e+01,4.81250000e-02,1.26546875e+01
1.67175500e-06,4.85000000e+00,1.20875000e+01,2.06250000e-02,1.25148438e+01
1.67207500e-06,4.88750000e+00,1.21375000e+01,2.31250000e-02,1.25078125e+01
1.67239500e-06,4.93750000e+00,1.21625000e+01,1.06250000e-02,1.25421875e+01
1.67271500e-06,4.97500000e+00,1.23125000e+01,2.81250000e-02,1.25546875e+01
1.67303500e-06,5.02500000e+00,1.22250000e+01,3.56250000e-02,1.26093750e+01
1.67335500e-06,4.91250000e+00,1.22375000e+01,3.81250000e-02,1.25828125e+01
1.67367500e-06,4.91250000e+00,1.22250000e+01,1.56250000e-02,1.26453125e+01
1.67399500e-06,5.03750000e+00,1.22750000e+01,4.31250000e-02,1.26820312e+01
1.67431500e-06,4.90000000e+00,1.21625000e+01,5.31250000e-02,1.25523438e+01
1.67463500e-06,4.92500000e+00,1.21125000e+01,2.81250000e-02,1.25359375e+01
1.67495500e-06,4.90000000e+00,1.22000000e+01,2.31250000e-02,1.25796875e+01
1.67527500e-06,5.10000000e+00,1.21250000e+01,2.31250000e-02,1.25968750e+01
1.67559500e-06,4.98750000e+00,1.22000000e+01,1.81250000e-02,1.25382813e+01
1.67591500e-06,5.05000000e+00,1.22375000e+01,8.12500000e-03,1.25171875e+01
1.67623500e-06,4.85000000e+00,1.22250000e+01,1.31250000e-02,1.26062500e+01
1.67655500e-06,4.95000000e+00,1.20750000e+01,2.31250000e-02,1.26226563e+01
1.67687500e-06,4.87500000e+00,1.21250000e+01,4.56250000e-02,1.26078125e+01
1.67719500e-06,4.93750000e+00,1.22125000e+01,1.31250000e-02,1.25437500e+01
1.67751500e-06,4.96250000e+00,1.22250000e+01,8.12500000e-03,1.25593750e+01
1.67783500e-06,5.07500000e+00,1.24000000e+01,5.62500000e-03,1.25546875e+01
1.67815500e-06,4.88750000e+00,1.22625000e+01,1.56250000e-02,1.26218750e+01
1.67847500e-06,5.03750000e+00,1.22125000e+01,1.06250000e-02,1.26398438e+01
1.67879500e-06,5.08750000e+00,1.21250000e+01,4.31250000e-02,1.26242188e+01
1.67911500e-06,4.92500000e+00,1.22875000e+01,2.81250000e-02,1.25929688e+01
1.67943500e-06,4.85000000e+00,1.21250000e+01,2.06250000e-02,1.25718750e+01
1.67975500e-06,4.86250000e+00,1.22000000e+01,2.06250000e-02,1.25750000e+01
1.68007500e-06,5.02500000e+00,1.21625000e+01,3.31250000e-02,1.25890625e+01
1.68039500e-06,5.03750000e+00,1.21125000e+01,3.81250000e-02,1.25562500e+01
1.68071500e-06,5.10000000e+00,1.21875000e+01,6.25000000e-04,1.26226563e+01
1.68103500e-06,4.88750000e+00,1.21375000e+01,3.12500000e-03,1.26500000e+01
1.68135500e-06,4.91250000e+00,1.19500000e+01,2.81250000e-02,1.25789062e+01
1.68167500e-06,4.92500000e+00,1.23000000e+01,5.56250000e-02,1.26414062e+01
1.68199500e-06,4.92500000e+00,1.21500000e+01,2.06250000e-02,1.26390625e+01
1.68231500e-06,4.98750000e+00,1.22750000e+01,1.06250000e-02,1.25750000e+01
1.68263500e-06,4.88750000e+00,1.21875000e+01,2.06250000e-02,1.25835938e+01
1.68295500e-06,4.95000000e+00,1.22250000e+01,1.81250000e-02,1.25828125e+01
1.68327500e-06,5.05000000e+00,1.21875000e+01,1.56250000e-02,1.26203125e+01
1.68359500e-06,4.96250000e+00,1.22125000e+01,3.06250000e-02,1.26187500e+01
1.68391500e-06,4.93437500e+00,1.22500000e+01,2.31250000e-02,1.25984375e+01
1.68423500e-06,4.75000000e+00,1.22125000e+01,2.56250000e-02,1.26101562e+01
1.68455500e-06,5.07500000e+00,1.20875000e+01,1.06250000e-02,1.25804687e+01
1.68487500e-06,4.90937500e+00,1.22250000e+01,8.12500000e-03,1.25773438e+01
1.68519500e-06,4.98750000e+00,1.22625000e+01,2.31250000e-02,1.26210938e+01
1.68551500e-06,5.05000000e+00,1.22625000e+01,3.06250000e-02,1.26312500e+01
1.68583500e-06,4.88750000e+00,1.21875000e+01,3.06250000e-02,1.25898438e+01
1.68615500e-06,4.91250000e+00,1.21875000e+01,2.81250000e-02,1.25789062e+01
1.68647500e-06,4.98750000e+00,1.22125000e+01,8.12500000e-03,1.24687500e+01
1.68679500e-06,5.02500000e+00,1.22375000e+01,1.06250000e-02,1.25328125e+01
1.68711500e-06,4.88750000e+00,1.21375000e+01,4.56250000e-02,1.27671875e+01
1.68743500e-06,4.85000000e+00,1.20625000e+01,2.31250000e-02,1.27085938e+01
1.68775500e-06,4.86250000e+00,1.21250000e+01,3.31250000e-02,1.25296875e+01
1.68807500e-06,4.92500000e+00,1.21750000e+01,5.31250000e-02,1.25570312e+01
1.68839500e-06,4.87500000e+00,1.22125000e+01,1.56250000e-02,1.25585938e+01
1.68871500e-06,4.78750000e+00,1.22750000e+01,1.31250000e-02,1.25671875e+01
1.68903500e-06,4.90000000e+00,1.20750000e+01,5.06250000e-02,1.25835938e+01
1.68935500e-06,4.96250000e+00,1.21375000e+01,3.06250000e-02,1.26125000e+01
1.68967500e-06,4.88750000e+00,1.21500000e+01,3.56250000e-02,1.26406250e+01
1.68999500e-06,4.88750000e+00,1.22750000e+01,2.56250000e-02,1.25898438e+01
1.69031500e-06,5.06250000e+00,1.22375000e+01,3.56250000e-02,1.25312500e+01
1.69063500e-06,4.96250000e+00,1.22750000e+01,1.31250000e-02,1.25406250e+01
1.69095500e-06,4.87500000e+00,1.21625000e+01,3.06250000e-02,1.25828125e+01
1.69127500e-06,4.88750000e+00,1.22750000e+01,3.31250000e-02,1.25828125e+01
1.69159500e-06,5.06250000e+00,1.21375000e+01,8.12500000e-03,1.26367188e+01
1.69191500e-06,4.93750000e+00,1.20875000e+01,1.56250000e-02,1.27000000e+01
1.69223500e-06,4.86250000e+00,1.21375000e+01,7.31250000e-02,1.26101562e+01
1.69255500e-06,4.98750000e+00,1.22250000e+01,3.06250000e-02,1.25695313e+01
1.69287500e-06,5.07500000e+00,1.20875000e+01,1.81250000e-02,1.25906250e+01
1.69319500e-06,4.96250000e+00,1.22625000e+01,1.81250000e-02,1.26218750e+01
1.69351500e-06,4.92500000e+00,1.21125000e+01,2.81250000e-02,1.25406250e+01
1.69383500e-06,4.88750000e+00,1.22000000e+01,3.31250000e-02,1.25921875e+01
1.69415500e-06,5.01250000e+00,1.21625000e+01,3.06250000e-02,1.26289062e+01
1.69447500e-06,4.98750000e+00,1.21375000e+01,2.06250000e-02,1.26039062e+01
1.69479500e-06,4.88750000e+00,1.22750000e+01,3.56250000e-02,1.26953125e+01
1.69511500e-06,4.82500000e+00,1.22000000e+01,3.56250000e-02,1.26664062e+01
1.69543500e-06,4.98750000e+00,1.21500000e+01,2.31250000e-02,1.26296875e+01
1.69575500e-06,5.01250000e+00,1.20625000e+01,2.56250000e-02,1.26296875e+01
1.69607500e-06,5.00000000e+00,1.21375000e+01,3.31250000e-02,1.26101562e+01
1.69639500e-06,4.93750000e+00,1.23125000e+01,5.31250000e-02,1.26828125e+01
1.69671500e-06,4.86250000e+00,1.21125000e+01,1.56250000e-02,1.26882812e+01
1.69703500e-06,4.92500000e+00,1.23625000e+01,-6.87500000e-03,1.27164063e+01
1.69735500e-06,4.97500000e+00,1.22250000e+01,-4.37500000e-03,1.26539063e+01
1.69767500e-06,4.91250000e+00,1.22250000e+01,3.31250000e-02,1.26085938e+01
1.69799500e-06,5.00000000e+00,1.21750000e+01,2.06250000e-02,1.25625000e+01
1.69831500e-06,5.15000000e+00,1.22125000e+01,3.06250000e-02,1.26125000e+01
1.69863500e-06,5.01250000e+00,1.22125000e+01,1.56250000e-02,1.26679688e+01
1.69895500e-06,4.87500000e+00,1.22750000e+01,3.31250000e-02,1.25960937e+01
1.69927500e-06,5.01250000e+00,1.22000000e+01,1.31250000e-02,1.25921875e+01
1.69959500e-06,4.90000000e+00,1.21375000e+01,1.56250000e-02,1.26109375e+01
1.69991500e-06,4.95000000e+00,1.21250000e+01,1.06250000e-02,1.25679688e+01
1.70023500e-06,4.91250000e+00,1.22750000e+01,2.31250000e-02,1.25835938e+01
1.70055500e-06,5.05000000e+00,1.22250000e+01,1.31250000e-02,1.25867187e+01
1.70087500e-06,5.06250000e+00,1.22375000e+01,2.31250000e-02,1.26109375e+01
1.70119500e-06,4.93750000e+00,1.22125000e+01,1.56250000e-02,1.25804687e+01
1.70151500e-06,5.06250000e+00,1.22375000e+01,2.31250000e-02,1.26195312e+01
1.70183500e-06,4.93750000e+00,1.21875000e+01,4.06250000e-02,1.26039062e+01
1.70215500e-06,5.02500000e+00,1.21125000e+01,1.56250000e-02,1.26203125e+01
1.70247500e-06,5.10000000e+00,1.20875000e+01,4.06250000e-02,1.26937500e+01
1.70279500e-06,4.78750000e+00,1.22625000e+01,3.12500000e-03,1.26328125e+01
1.70311500e-06,4.90000000e+00,1.20750000e+01,6.25000000e-04,1.25929688e+01
1.70343500e-06,4.88750000e+00,1.22625000e+01,3.31250000e-02,1.25851563e+01
1.70375500e-06,5.06250000e+00,1.21875000e+01,1.56250000e-02,1.25898438e+01
1.70407500e-06,4.98750000e+00,1.22250000e+01,2.31250000e-02,1.25773438e+01
1.70439500e-06,4.96250000e+00,1.22750000e+01,3.06250000e-02,1.25953125e+01
1.70471500e-06,5.00000000e+00,1.21875000e+01,7.81250000e-02,1.26562500e+01
1.70503500e-06,4.82500000e+00,1.22000000e+01,5.06250000e-02,1.25273438e+01
1.70535500e-06,5.06250000e+00,1.23125000e+01,3.12500000e-03,1.24406250e+01
1.70567500e-06,4.96250000e+00,1.21875000e+01,8.12500000e-03,1.25187500e+01
1.70599500e-06,4.96250000e+00,1.22500000e+01,-4.37500000e-03,1.26031250e+01
1.70631500e-06,5.02500000e+00,1.21750000e+01,2.31250000e-02,1.26484375e+01
1.70663500e-06,4.93750000e+00,1.21500000e+01,1.56250000e-02,1.26015625e+01
1.70695500e-06,4.88750000e+00,1.22375000e+01,3.56250000e-02,1.25734375e+01
1.70727500e-06,5.06250000e+00,1.21625000e+01,2.31250000e-02,1.25765625e+01
1.70759500e-06,4.96250000e+00,1.21250000e+01,4.81250000e-02,1.26078125e+01
1.70791500e-06,4.92500000e+00,1.23125000e+01,4.31250000e-02,1.25953125e+01
1.70823500e-06,5.02500000e+00,1.22125000e+01,3.06250000e-02,1.25937500e+01
1.70855500e-06,4.97500000e+00,1.22250000e+01,4.81250000e-02,1.25820312e+01
1.70887500e-06,5.00000000e+00,1.20875000e+01,3.56250000e-02,1.25906250e+01
1.70919500e-06,4.95000000e+00,1.21250000e+01,2.56250000e-02,1.25828125e+01
1.70951500e-06,4.93750000e+00,1.20375000e+01,5.06250000e-02,1.25468750e+01
1.70983500e-06,5.02500000e+00,1.22375000e+01,5.62500000e-03,1.25921875e+01
1.71015500e-06,4.97500000e+00,1.21625000e+01,5.81250000e-02,1.24984375e+01
1.71047500e-06,5.00000000e+00,1.21750000e+01,1.56250000e-02,1.25312500e+01
1.71079500e-06,4.96250000e+00,1.21375000e+01,1.56250000e-02,1.25984375e+01
1.71111500e-06,5.01250000e+00,1.22375000e+01,2.31250000e-02,1.26156250e+01
1.71143500e-06,5.06250000e+00,1.22000000e+01,2.06250000e-02,1.25875000e+01
1.71175500e-06,5.01250000e+00,1.22125000e+01,2.06250000e-02,1.26781250e+01
1.71207500e-06,5.06250000e+00,1.21875000e+01,3.31250000e-02,1.25867187e+01
1.71239500e-06,4.96250000e+00,1.21875000e+01,1.56250000e-02,1.24414062e+01
1.71271500e-06,4.92500000e+00,1.22000000e+01,1.06250000e-02,1.24992188e+01
1.71303500e-06,4.92500000e+00,1.22125000e+01,1.31250000e-02,1.25671875e+01
1.71335500e-06,5.06250000e+00,1.22750000e+01,3.81250000e-02,1.26109375e+01
1.71367500e-06,5.06250000e+00,1.23125000e+01,1.56250000e-02,1.26468750e+01
1.71399500e-06,5.05000000e+00,1.20750000e+01,3.31250000e-02,1.25085937e+01
1.71431500e-06,5.01250000e+00,1.21500000e+01,4.81250000e-02,1.25492187e+01
1.71463500e-06,4.80000000e+00,1.22500000e+01,6.06250000e-02,1.26328125e+01
1.71495500e-06,4.88750000e+00,1.22250000e+01,2.81250000e-02,1.25468750e+01
1.71527500e-06,5.15000000e+00,1.21000000e+01,1.06250000e-02,1.25351562e+01
1.71559500e-06,4.92500000e+00,1.20750000e+01,3.12500000e-03,1.25812500e+01
1.71591500e-06,4.97500000e+00,1.21500000e+01,2.56250000e-02,1.26078125e+01
1.71623500e-06,4.97500000e+00,1.23000000e+01,3.56250000e-02,1.26203125e+01
1.71655500e-06,5.06250000e+00,1.21375000e+01,3.81250000e-02,1.26062500e+01
1.71687500e-06,5.01250000e+00,1.21375000e+01,2.81250000e-02,1.26109375e+01
1.71719500e-06,5.08750000e+00,1.21750000e+01,3.12500000e-03,1.26218750e+01
1.71751500e-06,4.92500000e+00,1.22500000e+01,3.56250000e-02,1.26695313e+01
1.71783500e-06,4.93750000e+00,1.20000000e+01,5.56250000e-02,1.26281250e+01
1.71815500e-06,5.03750000e+00,1.22000000e+01,2.81250000e-02,1.25460938e+01
1.71847500e-06,5.05000000e+00,1.21625000e+01,2.06250000e-02,1.25320312e+01
1.71879500e-06,5.01250000e+00,1.23250000e+01,1.81250000e-02,1.25710937e+01
1.71911500e-06,4.95000000e+00,1.23375000e+01,1.06250000e-02,1.25968750e+01
1.71943500e-06,5.01250000e+00,1.21500000e+01,5.31250000e-02,1.25851563e+01
1.71975500e-06,5.01250000e+00,1.21125000e+01,2.56250000e-02,1.25953125e+01
1.72007500e-06,4.95000000e+00,1.22250000e+01,1.31250000e-02,1.25476562e+01
1.72039500e-06,4.96250000e+00,1.21000000e+01,5.56250000e-02,1.25710937e+01
1.72071500e-06,5.02500000e+00,1.22625000e+01,1.56250000e-02,1.26296875e+01
1.72103500e-06,4.95000000e+00,1.21375000e+01,3.81250000e-02,1.25929688e+01
1.72135500e-06,5.00000000e+00,1.21500000e+01,1.56250000e-02,1.25734375e+01
1.72167500e-06,4.92500000e+00,1.22000000e+01,2.81250000e-02,1.26539063e+01
1.72199500e-06,5.02500000e+00,1.24000000e+01,4.81250000e-02,1.25968750e+01
1.72231500e-06,5.00000000e+00,1.21125000e+01,1.56250000e-02,1.25078125e+01
1.72263500e-06,4.97500000e+00,1.21625000e+01,2.81250000e-02,1.25375000e+01
1.72295500e-06,4.92500000e+00,1.21625000e+01,2.06250000e-02,1.25695313e+01
1.72327500e-06,4.83750000e+00,1.22375000e+01,8.06250000e-02,1.25328125e+01
1.72359500e-06,5.16250000e+00,1.21500000e+01,5.81250000e-02,1.25687500e+01
1.72391500e-06,5.11250000e+00,1.24000000e+01,4.31250000e-02,1.25671875e+01
1.72423500e-06,4.91250000e+00,1.23000000e+01,2.31250000e-02,1.25500000e+01
1.72455500e-06,4.82500000e+00,1.24000000e+01,2.31250000e-02,1.26062500e+01
1.72487500e-06,4.82500000e+00,1.22875000e+01,6.25000000e-04,1.25890625e+01
1.72519500e-06,4.90000000e+00,1.20750000e+01,3.31250000e-02,1.25015625e+01
1.72551500e-06,5.06250000e+00,1.21750000e+01,4.06250000e-02,1.24882812e+01
1.72583500e-06,4.93750000e+00,1.20875000e+01,4.81250000e-02,1.25242187e+01
1.72615500e-06,4.98750000e+00,1.22375000e+01,5.81250000e-02,1.25625000e+01
1.72647500e-06,4.96250000e+00,1.22125000e+01,1.81250000e-02,1.25664062e+01
1.72679500e-06,4.92500000e+00,1.22250000e+01,8.12500000e-03,1.25648437e+01
1.72711500e-06,4.90000000e+00,1.23000000e+01,1.81250000e-02,1.25656250e+01
1.72743500e-06,4.76250000e+00,1.19750000e+01,6.56250000e-02,1.25687500e+01
1.72775500e-06,4.91250000e+00,1.21750000e+01,3.06250000e-02,1.25781250e+01
1.72807500e-06,5.21250000e+00,1.23250000e+01,5.06250000e-02,1.25835938e+01
1.72839500e-06,5.05000000e+00,1.22875000e+01,2.31250000e-02,1.25757813e+01
1.72871500e-06,5.02500000e+00,1.21875000e+01,2.81250000e-02,1.25601563e+01
1.72903500e-06,4.90000000e+00,1.22625000e+01,3.56250000e-02,1.25312500e+01
1.72935500e-06,5.12500000e+00,1.21625000e+01,3.31250000e-02,1.24914063e+01
1.72967500e-06,4.96250000e+00,1.21375000e+01,2.81250000e-02,1.25164062e+01
1.72999500e-06,4.87500000e+00,1.21000000e+01,2.06250000e-02,1.25828125e+01
1.73031500e-06,4.92500000e+00,1.22875000e+01,5.31250000e-02,1.25031250e+01
1.73063500e-06,4.87500000e+00,1.21125000e+01,4.81250000e-02,1.25242187e+01
1.73095500e-06,5.05000000e+00,1.22000000e+01,3.31250000e-02,1.25562500e+01
1.73127500e-06,4.92500000e+00,1.23125000e+01,2.81250000e-02,1.25984375e+01
1.73159500e-06,4.91250000e+00,1.22000000e+01,2.56250000e-02,1.26953125e+01
1.73191500e-06,4.87500000e+00,1.21625000e+01,1.31250000e-02,1.26906250e+01
1.73223500e-06,4.98750000e+00,1.22375000e+01,5.56250000e-02,1.26109375e+01
1.73255500e-06,4.96250000e+00,1.20500000e+01,1.31250000e-02,1.26203125e+01
1.73287500e-06,5.07500000e+00,1.21500000e+01,3.56250000e-02,1.25835938e+01
1.73319500e-06,4.88750000e+00,1.20625000e+01,3.81250000e-02,1.25164062e+01
1.73351500e-06,4.90000000e+00,1.23500000e+01,4.31250000e-02,1.24757813e+01
1.73383500e-06,4.90000000e+00,1.22750000e+01,3.81250000e-02,1.25609375e+01
1.73415500e-06,5.05000000e+00,1.22000000e+01,3.31250000e-02,1.26429687e+01
1.73447500e-06,4.91250000e+00,1.21125000e+01,3.81250000e-02,1.27296875e+01
1.73479500e-06,4.90000000e+00,1.21375000e+01,4.31250000e-02,1.25750000e+01
1.73511500e-06,5.11250000e+00,1.21500000e+01,3.31250000e-02,1.24468750e+01
1.73543500e-06,5.03750000e+00,1.20875000e+01,3.31250000e-02,1.25351562e+01
1.73575500e-06,5.00000000e+00,1.22875000e+01,2.06250000e-02,1.25890625e+01
1.73607500e-06,4.90000000e+00,1.21625000e+01,4.06250000e-02,1.24875000e+01
1.73639500e-06,4.92500000e+00,1.21750000e+01,1.06250000e-02,1.24734375e+01
1.73671500e-06,4.98750000e+00,1.22750000e+01,4.31250000e-02,1.25437500e+01
1.73703500e-06,4.96250000e+00,1.21875000e+01,4.31250000e-02,1.25953125e+01
1.73735500e-06,4.91250000e+00,1.22000000e+01,5.06250000e-02,1.25992188e+01
1.73767500e-06,5.02500000e+00,1.21500000e+01,2.81250000e-02,1.25562500e+01
1.73799500e-06,5.10000000e+00,1.22250000e+01,4.06250000e-02,1.25312500e+01
1.73831500e-06,5.12500000e+00,1.21500000e+01,4.31250000e-02,1.25406250e+01
1.73863500e-06,4.97500000e+00,1.24250000e+01,3.06250000e-02,1.25546875e+01
1.73895500e-06,5.03750000e+00,1.22375000e+01,2.56250000e-02,1.25148438e+01
1.73927500e-06,5.03750000e+00,1.22500000e+01,3.56250000e-02,1.24890625e+01
1.73959500e-06,4.97500000e+00,1.21875000e+01,1.31250000e-02,1.25484375e+01
1.73991500e-06,4.90000000e+00,1.21125000e+01,2.06250000e-02,1.26406250e+01
1.74023500e-06,4.92500000e+00,1.21625000e+01,2.56250000e-02,1.26210938e+01
1.74055500e-06,4.96250000e+00,1.22000000e+01,4.81250000e-02,1.25226563e+01
1.74087500e-06,4.75000000e+00,1.21625000e+01,2.56250000e-02,1.25898438e+01
1.74119500e-06,4.98750000e+00,1.21875000e+01,1.81250000e-02,1.26453125e+01
1.74151500e-06,5.05000000e+00,1.22250000e+01,6.25000000e-04,1.25445313e+01
1.74183500e-06,4.93750000e+00,1.22500000e+01,2.81250000e-02,1.24820313e+01
1.74215500e-06,5.00000000e+00,1.22500000e+01,3.06250000e-02,1.25296875e+01
1.74247500e-06,5.02500000e+00,1.22000000e+01,2.06250000e-02,1.25453125e+01
1.74279500e-06,4.92500000e+00,1.23000000e+01,6.81250000e-02,1.26054688e+01
1.74311500e-06,4.87500000e+00,1.21000000e+01,3.56250000e-02,1.25867187e+01
1.74343500e-06,4.96250000e+00,1.21250000e+01,-1.43750000e-02,1.25710937e+01
1.74375500e-06,4.96250000e+00,1.23875000e+01,3.81250000e-02,1.25367188e+01
1.74407500e-06,4.93750000e+00,1.21750000e+01,2.31250000e-02,1.24601563e+01
1.74439500e-06,4.90000000e+00,1.22375000e+01,3.06250000e-02,1.24203125e+01
1.74471500e-06,4.87500000e+00,1.19875000e+01,1.56250000e-02,1.25507812e+01
1.74503500e-06,4.87500000e+00,1.23000000e+01,2.31250000e-02,1.26187500e+01
1.74535500e-06,4.88750000e+00,1.21500000e+01,5.06250000e-02,1.25906250e+01
1.74567500e-06,4.87500000e+00,1.21875000e+01,-6.87500000e-03,1.25859375e+01
1.74599500e-06,4.96250000e+00,1.21375000e+01,1.06250000e-02,1.25093750e+01
1.74631500e-06,4.96250000e+00,1.22500000e+01,1.31250000e-02,1.25343750e+01
1.74663500e-06,5.02500000e+00,1.21750000e+01,2.81250000e-02,1.25835938e+01
1.74695500e-06,5.02500000e+00,1.21375000e+01,3.31250000e-02,1.25914063e+01
1.74727500e-06,5.00000000e+00,1.23125000e+01,4.31250000e-02,1.26187500e+01
1.74759500e-06,4.83750000e+00,1.21750000e+01,6.06250000e-02,1.26195312e+01
1.74791500e-06,4.93750000e+00,1.22375000e+01,1.81250000e-02,1.26085938e+01
1.74823500e-06,5.01250000e+00,1.20875000e+01,4.56250000e-02,1.26007813e+01
1.74855500e-06,4.92500000e+00,1.21500000e+01,3.06250000e-02,1.25117188e+01
1.74887500e-06,4.91250000e+00,1.23250000e+01,3.06250000e-02,1.24992188e+01
1.74919500e-06,4.95000000e+00,1.21250000e+01,1.81250000e-02,1.25570312e+01
1.74951500e-06,4.98750000e+00,1.22875000e+01,6.56250000e-02,1.25953125e+01
1.74983500e-06,4.97500000e+00,1.21875000e+01,5.06250000e-02,1.25726562e+01
1.75015500e-06,4.92500000e+00,1.21250000e+01,2.56250000e-02,1.25296875e+01
1.75047500e-06,4.90000000e+00,1.21375000e+01,1.31250000e-02,1.25804687e+01
1.75079500e-06,5.02500000e+00,1.20750000e+01,5.06250000e-02,1.26156250e+01
1.75111500e-06,4.93750000e+00,1.21250000e+01,3.31250000e-02,1.25796875e+01
1.75143500e-06,4.96250000e+00,1.22375000e+01,3.56250000e-02,1.26046875e+01
1.75175500e-06,5.06250000e+00,1.22250000e+01,4.06250000e-02,1.25476562e+01
1.75207500e-06,4.96250000e+00,1.21125000e+01,3.12500000e-03,1.24914063e+01
1.75239500e-06,4.86250000e+00,1.21750000e+01,1.56250000e-02,1.25093750e+01
1.75271500e-06,4.95000000e+00,1.21750000e+01,3.31250000e-02,1.25515625e+01
1.75303500e-06,5.06250000e+00,1.22125000e+01,4.06250000e-02,1.25656250e+01
1.75335500e-06,4.87500000e+00,1.22000000e+01,2.56250000e-02,1.25656250e+01
1.75367500e-06,4.82500000e+00,1.21875000e+01,4.56250000e-02,1.25460938e+01
1.75399500e-06,5.00000000e+00,1.22375000e+01,3.81250000e-02,1.25421875e+01
1.75431500e-06,5.03750000e+00,1.21500000e+01,1.56250000e-02,1.26437500e+01
1.75463500e-06,4.93750000e+00,1.22250000e+01,3.56250000e-02,1.27710938e+01
1.75495500e-06,5.07500000e+00,1.20375000e+01,5.56250000e-02,1.26289062e+01
1.75527500e-06,4.77500000e+00,1.21125000e+01,5.56250000e-02,1.25148438e+01
1.75559500e-06,4.92500000e+00,1.21875000e+01,6.25000000e-04,1.25046875e+01
1.75591500e-06,5.06250000e+00,1.20500000e+01,3.06250000e-02,1.25140625e+01
1.75623500e-06,5.03750000e+00,1.22125000e+01,5.56250000e-02,1.25109375e+01
1.75655500e-06,4.88750000e+00,1.23125000e+01,5.06250000e-02,1.25796875e+01
1.75687500e-06,4.91250000e+00,1.21375000e+01,1.81250000e-02,1.26367188e+01
1.75719500e-06,4.98750000e+00,1.22000000e+01,2.81250000e-02,1.25742188e+01
1.75751500e-06,5.01250000e+00,1.22125000e+01,2.31250000e-02,1.25773438e+01
1.75783500e-06,4.97500000e+00,1.23375000e+01,2.06250000e-02,1.25914063e+01
1.75815500e-06,4.81250000e+00,1.22625000e+01,1.31250000e-02,1.25945312e+01
1.75847500e-06,5.00000000e+00,1.22000000e+01,5.06250000e-02,1.25867187e+01
1.75879500e-06,4.91250000e+00,1.20500000e+01,3.31250000e-02,1.25351562e+01
1.75911500e-06,4.87500000e+00,1.20750000e+01,5.62500000e-03,1.25210938e+01
1.75943500e-06,5.03750000e+00,1.20625000e+01,1.81250000e-02,1.25234375e+01
1.75975500e-06,4.97500000e+00,1.22750000e+01,4.56250000e-02,1.25484375e+01
1.76007500e-06,4.93750000e+00,1.21250000e+01,4.31250000e-02,1.25179687e+01
1.76039500e-06,4.90000000e+00,1.21750000e+01,4.31250000e-02,1.25015625e+01
1.76071500e-06,5.06250000e+00,1.22875000e+01,3.06250000e-02,1.25742188e+01
1.76103500e-06,5.02500000e+00,1.22000000e+01,5.56250000e-02,1.26156250e+01
1.76135500e-06,4.88750000e+00,1.21375000e+01,3.81250000e-02,1.25578125e+01
1.76167500e-06,4.92500000e+00,1.23000000e+01,8.12500000e-03,1.25062500e+01
1.76199500e-06,4.85000000e+00,1.22000000e+01,3.06250000e-02,1.25585938e+01
1.76231500e-06,5.11250000e+00,1.21625000e+01,4.56250000e-02,1.25476562e+01
1.76263500e-06,4.98750000e+00,1.21750000e+01,2.81250000e-02,1.25656250e+01
1.76295500e-06,5.01250000e+00,1.22000000e+01,3.81250000e-02,1.26250000e+01
1.76327500e-06,4.97500000e+00,1.21375000e+01,3.12500000e-03,1.25359375e+01
1.76359500e-06,4.95000000e+00,1.20125000e+01,2.56250000e-02,1.25320312e+01
1.76391500e-06,5.11250000e+00,1.21250000e+01,4.06250000e-02,1.26179687e+01
1.76423500e-06,5.05000000e+00,1.21750000e+01,2.56250000e-02,1.25789062e+01
1.76455500e-06,5.08750000e+00,1.22125000e+01,1.56250000e-02,1.26039062e+01
1.76487500e-06,4.98750000e+00,1.22250000e+01,1.81250000e-02,1.25687500e+01
1.76519500e-06,5.10000000e+00,1.22750000e+01,4.81250000e-02,1.25203125e+01
1.76551500e-06,4.90000000e+00,1.23000000e+01,3.56250000e-02,1.25078125e+01
1.76583500e-06,4.95000000e+00,1.20625000e+01,2.81250000e-02,1.25265625e+01
1.76615500e-06,5.06250000e+00,1.22000000e+01,3.31250000e-02,1.25562500e+01
1.76647500e-06,4.90000000e+00,1.23125000e+01,2.31250000e-02,1.25484375e+01
1.76679500e-06,4.95000000e+00,1.22375000e+01,4.31250000e-02,1.25031250e+01
1.76711500e-06,5.01250000e+00,1.23250000e+01,4.31250000e-02,1.24046875e+01
1.76743500e-06,4.95000000e+00,1.21375000e+01,3.81250000e-02,1.24562500e+01
1.76775500e-06,5.02500000e+00,1.22250000e+01,4.56250000e-02,1.25242187e+01
1.76807500e-06,5.00000000e+00,1.20875000e+01,2.31250000e-02,1.25210938e+01
1.76839500e-06,4.88750000e+00,1.20750000e+01,1.31250000e-02,1.25984375e+01
1.76871500e-06,4.81250000e+00,1.22375000e+01,2.31250000e-02,1.26101562e+01
1.76903500e-06,4.93750000e+00,1.21750000e+01,1.31250000e-02,1.25195312e+01
1.76935500e-06,4.96250000e+00,1.22125000e+01,3.56250000e-02,1.24226562e+01
1.76967500e-06,4.97500000e+00,1.22500000e+01,6.56250000e-02,1.24968750e+01
1.76999500e-06,4.96250000e+00,1.21125000e+01,3.81250000e-02,1.25359375e+01
1.77031500e-06,4.88750000e+00,1.22250000e+01,3.56250000e-02,1.24804688e+01
1.77063500e-06,4.83750000e+00,1.21750000e+01,5.31250000e-02,1.24335938e+01
1.77095500e-06,4.92500000e+00,1.21750000e+01,1.56250000e-02,1.24664063e+01
1.77127500e-06,4.96250000e+00,1.22375000e+01,1.56250000e-02,1.25093750e+01
1.77159500e-06,5.03750000e+00,1.21875000e+01,1.81250000e-02,1.24640625e+01
1.77191500e-06,5.08750000e+00,1.23000000e+01,1.31250000e-02,1.24867187e+01
1.77223500e-06,4.96250000e+00,1.21000000e+01,1.31250000e-02,1.25820312e+01
1.77255500e-06,5.06250000e+00,1.22250000e+01,5.62500000e-03,1.25882812e+01
1.77287500e-06,5.05000000e+00,1.23000000e+01,3.31250000e-02,1.24867187e+01
1.77319500e-06,4.95000000e+00,1.22750000e+01,5.56250000e-02,1.24757813e+01
1.77351500e-06,4.98750000e+00,1.19875000e+01,6.25000000e-04,1.24664063e+01
1.77383500e-06,5.03750000e+00,1.22000000e+01,3.06250000e-02,1.24804688e+01
1.77415500e-06,4.92500000e+00,1.21250000e+01,2.06250000e-02,1.25843750e+01
1.77447500e-06,4.90000000e+00,1.21375000e+01,3.31250000e-02,1.25382813e+01
1.77479500e-06,4.97500000e+00,1.21250000e+01,2.81250000e-02,1.24390625e+01
1.77511500e-06,5.00000000e+00,1.22125000e+01,1.81250000e-02,1.25406250e+01
1.77543500e-06,5.03750000e+00,1.21000000e+01,5.31250000e-02,1.26320313e+01
1.77575500e-06,5.00000000e+00,1.22250000e+01,4.06250000e-02,1.25609375e+01
1.77607500e-06,4.87500000e+00,1.22000000e+01,3.31250000e-02,1.25093750e+01
1.77639500e-06,4.96250000e+00,1.22875000e+01,8.12500000e-03,1.24718750e+01
1.77671500e-06,5.03750000e+00,1.21250000e+01,1.56250000e-02,1.25359375e+01
1.77703500e-06,4.98750000e+00,1.21000000e+01,4.06250000e-02,1.25718750e+01
1.77735500e-06,4.93750000e+00,1.21500000e+01,1.31250000e-02,1.26140625e+01
1.77767500e-06,5.07500000e+00,1.22000000e+01,-6.87500000e-03,1.25726562e+01
1.77799500e-06,4.97500000e+00,1.22875000e+01,2.06250000e-02,1.24664063e+01
1.77831500e-06,4.92500000e+00,1.22625000e+01,3.31250000e-02,1.24796875e+01
1.77863500e-06,4.93750000e+00,1.22625000e+01,5.62500000e-03,1.25226563e+01
1.77895500e-06,5.08750000e+00,1.22000000e+01,3.31250000e-02,1.25250000e+01
1.77927500e-06,4.95000000e+00,1.21250000e+01,4.81250000e-02,1.24500000e+01
1.77959500e-06,4.96250000e+00,1.21625000e+01,4.06250000e-02,1.24335938e+01
1.77991500e-06,4.96250000e+00,1.21125000e+01,2.31250000e-02,1.25546875e+01
1.78023500e-06,5.01250000e+00,1.22125000e+01,2.06250000e-02,1.25976562e+01
1.78055500e-06,5.00000000e+00,1.20750000e+01,4.56250000e-02,1.24914063e+01
1.78087500e-06,5.05000000e+00,1.21875000e+01,6.31250000e-02,1.25007812e+01
1.78119500e-06,4.92500000e+00,1.21625000e+01,3.31250000e-02,1.26179687e+01
1.78151500e-06,4.95000000e+00,1.22500000e+01,2.31250000e-02,1.25765625e+01
1.78183500e-06,4.92500000e+00,1.21750000e+01,8.12500000e-03,1.24531250e+01
1.78215500e-06,5.00000000e+00,1.21875000e+01,8.12500000e-03,1.25171875e+01
1.78247500e-06,4.95000000e+00,1.21875000e+01,2.81250000e-02,1.26179687e+01
1.78279500e-06,5.05000000e+00,1.21500000e+01,5.62500000e-03,1.26187500e+01
1.78311500e-06,4.85000000e+00,1.21500000e+01,1.81250000e-02,1.25250000e+01
1.78343500e-06,4.88750000e+00,1.21125000e+01,3.06250000e-02,1.24789062e+01
1.78375500e-06,4.93750000e+00,1.21875000e+01,2.31250000e-02,1.25695313e+01
1.78407500e-06,5.02500000e+00,1.22500000e+01,6.31250000e-02,1.25570312e+01
1.78439500e-06,4.95000000e+00,1.21000000e+01,5.56250000e-02,1.25007812e+01
1.78471500e-06,5.03750000e+00,1.22125000e+01,4.56250000e-02,1.25343750e+01
1.78503500e-06,4.97500000e+00,1.21000000e+01,3.56250000e-02,1.25250000e+01
1.78535500e-06,4.98750000e+00,1.20125000e+01,3.06250000e-02,1.24125000e+01
1.78567500e-06,4.92500000e+00,1.20375000e+01,2.31250000e-02,1.24562500e+01
1.78599500e-06,5.00000000e+00,1.21000000e+01,3.56250000e-02,1.24515625e+01
1.78631500e-06,4.93750000e+00,1.20625000e+01,6.06250000e-02,1.25171875e+01
1.78663500e-06,4.97500000e+00,1.21375000e+01,4.06250000e-02,1.25906250e+01
1.78695500e-06,4.97500000e+00,1.20500000e+01,2.81250000e-02,1.25250000e+01
1.78727500e-06,5.02500000e+00,1.21625000e+01,4.06250000e-02,1.24867187e+01
1.78759500e-06,4.95000000e+00,1.22625000e+01,3.06250000e-02,1.24742188e+01
1.78791500e-06,4.96250000e+00,1.21750000e+01,1.31250000e-02,1.25679688e+01
1.78823500e-06,4.92500000e+00,1.21625000e+01,2.31250000e-02,1.25742188e+01
1.78855500e-06,4.88750000e+00,1.23000000e+01,5.56250000e-02,1.24640625e+01
1.78887500e-06,4.96250000e+00,1.22250000e+01,3.06250000e-02,1.24796875e+01
1.78919500e-06,4.86250000e+00,1.21625000e+01,6.06250000e-02,1.25421875e+01
1.78951500e-06,4.97500000e+00,1.21125000e+01,4.31250000e-02,1.24820313e+01
1.78983500e-06,5.05000000e+00,1.21750000e+01,4.56250000e-02,1.23812500e+01
1.79015500e-06,4.92500000e+00,1.21375000e+01,2.56250000e-02,1.24132813e+01
1.79047500e-06,5.01250000e+00,1.22000000e+01,5.81250000e-02,1.25335937e+01
1.79079500e-06,4.96250000e+00,1.21750000e+01,1.31250000e-02,1.25101562e+01
1.79111500e-06,4.93750000e+00,1.23000000e+01,8.12500000e-03,1.24945312e+01
1.79143500e-06,4.90000000e+00,1.21500000e+01,3.56250000e-02,1.25234375e+01
1.79175500e-06,4.93750000e+00,1.20500000e+01,2.56250000e-02,1.25210938e+01
1.79207500e-06,4.98750000e+00,1.21000000e+01,6.25000000e-04,1.25210938e+01
1.79239500e-06,4.95000000e+00,1.22625000e+01,3.06250000e-02,1.25156250e+01
1.79271500e-06,4.96250000e+00,1.21625000e+01,5.06250000e-02,1.25429688e+01
1.79303500e-06,4.95000000e+00,1.21250000e+01,5.56250000e-02,1.25468750e+01
1.79335500e-06,4.93750000e+00,1.20875000e+01,5.06250000e-02,1.24804688e+01
1.79367500e-06,4.95000000e+00,1.20875000e+01,3.31250000e-02,1.25101562e+01
1.79399500e-06,4.91250000e+00,1.22000000e+01,1.81250000e-02,1.25171875e+01
1.79431500e-06,4.90000000e+00,1.22125000e+01,5.81250000e-02,1.24757813e+01
1.79463500e-06,4.85000000e+00,1.20125000e+01,3.56250000e-02,1.24093750e+01
1.79495500e-06,4.96250000e+00,1.22125000e+01,5.62500000e-03,1.24164062e+01
1.79527500e-06,4.87500000e+00,1.20750000e+01,3.31250000e-02,1.25218750e+01
1.79559500e-06,4.78750000e+00,1.22625000e+01,5.06250000e-02,1.26070313e+01
1.79591500e-06,4.95000000e+00,1.22500000e+01,1.56250000e-02,1.25078125e+01
1.79623500e-06,4.97500000e+00,1.21500000e+01,6.06250000e-02,1.24757813e+01
1.79655500e-06,4.81250000e+00,1.23375000e+01,1.06250000e-02,1.25781250e+01
1.79687500e-06,4.93750000e+00,1.20625000e+01,3.06250000e-02,1.25617188e+01
1.79719500e-06,4.96250000e+00,1.20500000e+01,3.81250000e-02,1.25242187e+01
1.79751500e-06,4.91250000e+00,1.22875000e+01,1.81250000e-02,1.24593750e+01
1.79783500e-06,4.93750000e+00,1.21500000e+01,4.31250000e-02,1.24171875e+01
1.79815500e-06,4.93750000e+00,1.22125000e+01,4.06250000e-02,1.25140625e+01
1.79847500e-06,5.00000000e+00,1.20625000e+01,4.81250000e-02,1.24929687e+01
1.79879500e-06,5.01250000e+00,1.20875000e+01,2.56250000e-02,1.24359375e+01
1.79911500e-06,5.07500000e+00,1.21000000e+01,2.31250000e-02,1.25421875e+01
1.79943500e-06,5.03750000e+00,1.21625000e+01,3.06250000e-02,1.25195312e+01
1.79975500e-06,5.01250000e+00,1.21000000e+01,6.06250000e-02,1.24531250e+01
1.80007500e-06,4.93750000e+00,1.22875000e+01,2.81250000e-02,1.25664062e+01
1.80039500e-06,4.98750000e+00,1.21750000e+01,2.06250000e-02,1.26828125e+01
1.80071500e-06,4.92500000e+00,1.23750000e+01,5.56250000e-02,1.25882812e+01
1.80103500e-06,4.88750000e+00,1.22125000e+01,4.56250000e-02,1.25085937e+01
1.80135500e-06,4.80000000e+00,1.22625000e+01,5.81250000e-02,1.25492187e+01
1.80167500e-06,4.90000000e+00,1.21750000e+01,8.12500000e-03,1.24507813e+01
1.80199500e-06,4.92500000e+00,1.21750000e+01,1.31250000e-02,1.24375000e+01
1.80231500e-06,5.00000000e+00,1.21250000e+01,3.81250000e-02,1.25671875e+01
1.80263500e-06,4.95000000e+00,1.22375000e+01,3.81250000e-02,1.25789062e+01
1.80295500e-06,4.82500000e+00,1.22250000e+01,5.06250000e-02,1.25320312e+01
1.80327500e-06,4.88750000e+00,1.21375000e+01,3.81250000e-02,1.25757813e+01
1.80359500e-06,5.00000000e+00,1.21000000e+01,3.06250000e-02,1.25093750e+01
1.80391500e-06,4.90000000e+00,1.22625000e+01,4.81250000e-02,1.24273438e+01
1.80423500e-06,4.91250000e+00,1.21875000e+01,3.06250000e-02,1.24968750e+01
1.80455500e-06,4.93750000e+00,1.21000000e+01,3.81250000e-02,1.25078125e+01
1.80487500e-06,4.86250000e+00,1.21375000e+01,2.56250000e-02,1.24601563e+01
1.80519500e-06,4.97500000e+00,1.23750000e+01,4.31250000e-02,1.25250000e+01
1.80551500e-06,5.07500000e+00,1.21500000e+01,5.06250000e-02,1.24640625e+01
1.80583500e-06,5.10000000e+00,1.22500000e+01,5.06250000e-02,1.24664063e+01
1.80615500e-06,5.01250000e+00,1.21750000e+01,2.56250000e-02,1.25429688e+01
1.80647500e-06,4.86250000e+00,1.21875000e+01,5.56250000e-02,1.25585938e+01
1.80679500e-06,4.98750000e+00,1.21375000e+01,5.31250000e-02,1.25234375e+01
1.80711500e-06,5.00000000e+00,1.21750000e+01,4.56250000e-02,1.25367188e+01
1.80743500e-06,5.02500000e+00,1.21000000e+01,5.31250000e-02,1.25421875e+01
1.80775500e-06,5.10000000e+00,1.21375000e+01,5.56250000e-02,1.25460938e+01
1.80807500e-06,4.96250000e+00,1.22625000e+01,2.31250000e-02,1.25429688e+01
1.80839500e-06,5.05000000e+00,1.22375000e+01,1.31250000e-02,1.25101562e+01
1.80871500e-06,4.98750000e+00,1.22250000e+01,3.81250000e-02,1.24664063e+01
1.80903500e-06,5.02500000e+00,1.19875000e+01,5.06250000e-02,1.24492188e+01
1.80935500e-06,5.07500000e+00,1.21125000e+01,3.56250000e-02,1.25031250e+01
1.80967500e-06,4.93750000e+00,1.22250000e+01,6.25000000e-04,1.25242187e+01
1.80999500e-06,4.85000000e+00,1.21125000e+01,4.81250000e-02,1.25000000e+01
1.81031500e-06,4.78750000e+00,1.21375000e+01,6.31250000e-02,1.24468750e+01
1.81063500e-06,4.82500000e+00,1.22875000e+01,1.56250000e-02,1.23992187e+01
1.81095500e-06,4.95000000e+00,1.21750000e+01,5.81250000e-02,1.24398437e+01
1.81127500e-06,5.03750000e+00,1.21000000e+01,4.81250000e-02,1.25000000e+01
1.81159500e-06,4.98750000e+00,1.22375000e+01,3.81250000e-02,1.25062500e+01
1.81191500e-06,5.00000000e+00,1.22000000e+01,7.06250000e-02,1.25046875e+01
1.81223500e-06,5.02500000e+00,1.22625000e+01,6.56250000e-02,1.25515625e+01
1.81255500e-06,5.00000000e+00,1.21000000e+01,-1.43750000e-02,1.25406250e+01
1.81287500e-06,4.98750000e+00,1.22250000e+01,6.25000000e-04,1.25671875e+01
1.81319500e-06,5.03750000e+00,1.22625000e+01,4.06250000e-02,1.26343750e+01
1.81351500e-06,4.96250000e+00,1.22250000e+01,4.81250000e-02,1.25570312e+01
1.81383500e-06,4.81250000e+00,1.21125000e+01,4.06250000e-02,1.24796875e+01
1.81415500e-06,4.96250000e+00,1.21875000e+01,2.56250000e-02,1.24921875e+01
1.81447500e-06,4.88750000e+00,1.21375000e+01,3.12500000e-03,1.25320312e+01
1.81479500e-06,5.01250000e+00,1.21875000e+01,3.56250000e-02,1.25210938e+01
1.81511500e-06,4.87500000e+00,1.22625000e+01,6.31250000e-02,1.25914063e+01
1.81543500e-06,4.78750000e+00,1.22625000e+01,1.81250000e-02,1.25867187e+01
1.81575500e-06,5.01250000e+00,1.21875000e+01,5.62500000e-03,1.25070313e+01
1.81607500e-06,5.00000000e+00,1.22375000e+01,2.56250000e-02,1.25335937e+01
1.81639500e-06,4.88750000e+00,1.21875000e+01,8.31250000e-02,1.25078125e+01
1.81671500e-06,4.86250000e+00,1.21375000e+01,3.06250000e-02,1.24937500e+01
1.81703500e-06,5.08750000e+00,1.20500000e+01,3.81250000e-02,1.24882812e+01
1.81735500e-06,4.93750000e+00,1.23750000e+01,3.56250000e-02,1.25000000e+01
1.81767500e-06,4.81250000e+00,1.21250000e+01,7.06250000e-02,1.25406250e+01
1.81799500e-06,5.00000000e+00,1.22625000e+01,6.31250000e-02,1.25148438e+01
1.81831500e-06,5.00000000e+00,1.21750000e+01,3.12500000e-03,1.24843750e+01
1.81863500e-06,4.92500000e+00,1.22375000e+01,-1.87500000e-03,1.24554687e+01
1.81895500e-06,4.93750000e+00,1.22500000e+01,3.06250000e-02,1.24757813e+01
1.81927500e-06,4.95000000e+00,1.22500000e+01,5.06250000e-02,1.24726562e+01
1.81959500e-06,5.00000000e+00,1.21125000e+01,1.06250000e-02,1.23734375e+01
1.81991500e-06,4.97500000e+00,1.22375000e+01,2.56250000e-02,1.24843750e+01
1.82023500e-06,5.02500000e+00,1.20500000e+01,4.31250000e-02,1.25296875e+01
1.82055500e-06,5.02500000e+00,1.23125000e+01,2.56250000e-02,1.24289063e+01
1.82087500e-06,5.06250000e+00,1.23250000e+01,2.81250000e-02,1.24617187e+01
1.82119500e-06,4.87500000e+00,1.21000000e+01,3.06250000e-02,1.25390625e+01
1.82151500e-06,4.92500000e+00,1.21000000e+01,1.31250000e-02,1.24210938e+01
1.82183500e-06,5.03750000e+00,1.22750000e+01,4.56250000e-02,1.24398437e+01
1.82215500e-06,4.92500000e+00,1.21500000e+01,4.31250000e-02,1.25429688e+01
1.82247500e-06,4.88750000e+00,1.20625000e+01,4.31250000e-02,1.25156250e+01
1.82279500e-06,4.85000000e+00,1.20375000e+01,7.31250000e-02,1.24710937e+01
1.82311500e-06,5.01250000e+00,1.21375000e+01,1.81250000e-02,1.24414062e+01
1.82343500e-06,5.01250000e+00,1.22125000e+01,2.06250000e-02,1.25117188e+01
1.82375500e-06,5.00000000e+00,1.22125000e+01,-1.18750000e-02,1.25554687e+01
1.82407500e-06,4.92500000e+00,1.20750000e+01,3.81250000e-02,1.25414062e+01
1.82439500e-06,4.92500000e+00,1.22875000e+01,5.56250000e-02,1.25195312e+01
1.82471500e-06,4.97500000e+00,1.22125000e+01,2.81250000e-02,1.24890625e+01
1.82503500e-06,5.01250000e+00,1.22000000e+01,5.31250000e-02,1.25281250e+01
1.82535500e-06,5.01250000e+00,1.21250000e+01,3.56250000e-02,1.25093750e+01
1.82567500e-06,5.03750000e+00,1.23000000e+01,2.31250000e-02,1.24531250e+01
1.82599500e-06,4.93750000e+00,1.21500000e+01,5.81250000e-02,1.25140625e+01
1.82631500e-06,5.03750000e+00,1.21125000e+01,3.81250000e-02,1.26148438e+01
1.82663500e-06,4.90000000e+00,1.20625000e+01,5.31250000e-02,1.25203125e+01
1.82695500e-06,4.87500000e+00,1.20875000e+01,4.31250000e-02,1.24765625e+01
1.82727500e-06,4.98750000e+00,1.22125000e+01,5.31250000e-02,1.25601563e+01
1.82759500e-06,4.97500000e+00,1.22625000e+01,1.81250000e-02,1.26085938e+01
1.82791500e-06,4.93750000e+00,1.23000000e+01,3.06250000e-02,1.24898438e+01
1.82823500e-06,4.95000000e+00,1.20750000e+01,3.81250000e-02,1.25140625e+01
1.82855500e-06,4.93750000e+00,1.22250000e+01,4.06250000e-02,1.24812500e+01
1.82887500e-06,5.10000000e+00,1.23375000e+01,3.56250000e-02,1.24539062e+01
1.82919500e-06,4.91250000e+00,1.21500000e+01,3.06250000e-02,1.24835938e+01
1.82951500e-06,4.98750000e+00,1.21875000e+01,4.31250000e-02,1.25312500e+01
1.82983500e-06,4.97500000e+00,1.20625000e+01,5.56250000e-02,1.25562500e+01
1.83015500e-06,4.78750000e+00,1.22000000e+01,1.81250000e-02,1.25093750e+01
1.83047500e-06,5.00000000e+00,1.22250000e+01,3.81250000e-02,1.25132813e+01
1.83079500e-06,5.13750000e+00,1.22250000e+01,3.31250000e-02,1.25484375e+01
1.83111500e-06,5.00000000e+00,1.21750000e+01,2.56250000e-02,1.25281250e+01
1.83143500e-06,4.91250000e+00,1.22750000e+01,2.06250000e-02,1.25031250e+01
1.83175500e-06,4.83750000e+00,1.21375000e+01,2.06250000e-02,1.25335937e+01
1.83207500e-06,4.92500000e+00,1.21875000e+01,4.56250000e-02,1.24359375e+01
1.83239500e-06,5.00000000e+00,1.23000000e+01,2.81250000e-02,1.23875000e+01
1.83271500e-06,4.96250000e+00,1.22250000e+01,3.31250000e-02,1.24062500e+01
1.83303500e-06,4.97500000e+00,1.19375000e+01,5.81250000e-02,1.24234375e+01
1.83335500e-06,4.96250000e+00,1.22375000e+01,3.06250000e-02,1.25539063e+01
1.83367500e-06,4.98750000e+00,1.21125000e+01,2.31250000e-02,1.24359375e+01
1.83399500e-06,4.97500000e+00,1.22125000e+01,5.31250000e-02,1.23890625e+01
1.83431500e-06,4.97500000e+00,1.20500000e+01,3.31250000e-02,1.24523438e+01
1.83463500e-06,5.06250000e+00,1.22125000e+01,6.31250000e-02,1.25593750e+01
1.83495500e-06,5.12500000e+00,1.21750000e+01,2.81250000e-02,1.25906250e+01
1.83527500e-06,5.06250000e+00,1.21000000e+01,3.81250000e-02,1.25625000e+01
1.83559500e-06,4.80000000e+00,1.22250000e+01,4.31250000e-02,1.25304688e+01
1.83591500e-06,4.93750000e+00,1.22000000e+01,5.06250000e-02,1.25460938e+01
1.83623500e-06,4.95000000e+00,1.21250000e+01,3.31250000e-02,1.25335937e+01
1.83655500e-06,4.87500000e+00,1.21375000e+01,5.31250000e-02,1.24570312e+01
1.83687500e-06,5.03750000e+00,1.21125000e+01,-1.18750000e-02,1.24562500e+01
1.83719500e-06,4.96250000e+00,1.22000000e+01,3.56250000e-02,1.25343750e+01
1.83751500e-06,4.95000000e+00,1.21125000e+01,6.56250000e-02,1.25421875e+01
1.83783500e-06,5.02500000e+00,1.22000000e+01,2.81250000e-02,1.24687500e+01
1.83815500e-06,5.03750000e+00,1.21375000e+01,6.56250000e-02,1.25507812e+01
1.83847500e-06,4.95000000e+00,1.21500000e+01,2.31250000e-02,1.25289063e+01
1.83879500e-06,4.98750000e+00,1.21875000e+01,2.56250000e-02,1.25078125e+01
1.83911500e-06,4.92500000e+00,1.22125000e+01,5.81250000e-02,1.25421875e+01
1.83943500e-06,5.01250000e+00,1.21250000e+01,2.81250000e-02,1.24421875e+01
1.83975500e-06,5.02500000e+00,1.22375000e+01,4.06250000e-02,1.24125000e+01
1.84007500e-06,4.91250000e+00,1.21125000e+01,2.56250000e-02,1.24132813e+01
1.84039500e-06,5.01250000e+00,1.21125000e+01,3.31250000e-02,1.24828125e+01
1.84071500e-06,5.10000000e+00,1.20875000e+01,5.31250000e-02,1.24921875e+01
1.84103500e-06,5.03750000e+00,1.23375000e+01,4.31250000e-02,1.24523438e+01
1.84135500e-06,4.87500000e+00,1.23375000e+01,1.31250000e-02,1.24539062e+01
1.84167500e-06,4.95000000e+00,1.22375000e+01,3.06250000e-02,1.23929687e+01
1.84199500e-06,4.98750000e+00,1.21375000e+01,3.06250000e-02,1.24031250e+01
1.84231500e-06,4.92500000e+00,1.22000000e+01,2.31250000e-02,1.25179687e+01
1.84263500e-06,4.95000000e+00,1.21875000e+01,3.81250000e-02,1.25500000e+01
1.84295500e-06,5.01250000e+00,1.21375000e+01,5.31250000e-02,1.25828125e+01
1.84327500e-06,4.95000000e+00,1.21375000e+01,3.56250000e-02,1.24562500e+01
1.84359500e-06,4.91250000e+00,1.22375000e+01,5.31250000e-02,1.24062500e+01
1.84391500e-06,4.92500000e+00,1.22625000e+01,3.31250000e-02,1.25023437e+01
1.84423500e-06,4.98750000e+00,1.21875000e+01,4.31250000e-02,1.24437500e+01
1.84455500e-06,5.06250000e+00,1.20875000e+01,1.31250000e-02,1.24414062e+01
1.84487500e-06,4.87500000e+00,1.22375000e+01,3.81250000e-02,1.24710937e+01
1.84519500e-06,4.96250000e+00,1.22125000e+01,1.81250000e-02,1.25000000e+01
1.84551500e-06,4.87500000e+00,1.21500000e+01,5.56250000e-02,1.25109375e+01
1.84583500e-06,4.97500000e+00,1.21750000e+01,2.81250000e-02,1.24750000e+01
1.84615500e-06,4.93750000e+00,1.21750000e+01,4.81250000e-02,1.24773437e+01
1.84647500e-06,4.98750000e+00,1.20625000e+01,2.06250000e-02,1.24742188e+01
1.84679500e-06,4.91250000e+00,1.21750000e+01,2.31250000e-02,1.24468750e+01
1.84711500e-06,5.03750000e+00,1.23250000e+01,3.31250000e-02,1.24585938e+01
1.84743500e-06,4.96250000e+00,1.22000000e+01,4.81250000e-02,1.24718750e+01
1.84775500e-06,4.95000000e+00,1.22125000e+01,6.06250000e-02,1.24906250e+01
1.84807500e-06,4.96250000e+00,1.21750000e+01,2.31250000e-02,1.25429688e+01
1.84839500e-06,4.82500000e+00,1.21500000e+01,6.81250000e-02,1.24875000e+01
1.84871500e-06,4.97500000e+00,1.22500000e+01,-6.87500000e-03,1.25351562e+01
1.84903500e-06,4.95000000e+00,1.21000000e+01,2.56250000e-02,1.25312500e+01
1.84935500e-06,5.08750000e+00,1.21125000e+01,5.06250000e-02,1.24890625e+01
1.84967500e-06,5.15000000e+00,1.20500000e+01,5.56250000e-02,1.25171875e+01
1.84999500e-06,4.93750000e+00,1.22500000e+01,6.56250000e-02,1.25531250e+01
1.85031500e-06,4.92500000e+00,1.22125000e+01,2.06250000e-02,1.25109375e+01
1.85063500e-06,5.00000000e+00,1.21000000e+01,2.56250000e-02,1.25242187e+01
1.85095500e-06,4.83750000e+00,1.21125000e+01,3.31250000e-02,1.25460938e+01
1.85127500e-06,4.98750000e+00,1.21750000e+01,3.81250000e-02,1.24992188e+01
1.85159500e-06,5.10000000e+00,1.20875000e+01,4.06250000e-02,1.25062500e+01
1.85191500e-06,4.93750000e+00,1.22125000e+01,1.31250000e-02,1.25031250e+01
1.85223500e-06,5.11250000e+00,1.20875000e+01,5.06250000e-02,1.24375000e+01
1.85255500e-06,4.93750000e+00,1.21250000e+01,3.06250000e-02,1.24570312e+01
1.85287500e-06,4.86250000e+00,1.22000000e+01,4.81250000e-02,1.24804688e+01
1.85319500e-06,5.03750000e+00,1.22625000e+01,2.56250000e-02,1.25007812e+01
1.85351500e-06,4.98750000e+00,1.21625000e+01,5.31250000e-02,1.24882812e+01
1.85383500e-06,4.95000000e+00,1.22250000e+01,4.31250000e-02,1.24796875e+01
1.85415500e-06,5.05000000e+00,1.23375000e+01,3.06250000e-02,1.25039062e+01
1.85447500e-06,5.11250000e+00,1.22000000e+01,4.06250000e-02,1.24695312e+01
1.85479500e-06,5.07500000e+00,1.21750000e+01,1.81250000e-02,1.24867187e+01
1.85511500e-06,4.97500000e+00,1.21750000e+01,3.81250000e-02,1.25054688e+01
1.85543500e-06,4.80000000e+00,1.20625000e+01,5.31250000e-02,1.25234375e+01
1.85575500e-06,4.97500000e+00,1.21125000e+01,2.06250000e-02,1.25476562e+01
1.85607500e-06,5.10000000e+00,1.21250000e+01,1.81250000e-02,1.24359375e+01
1.85639500e-06,4.91250000e+00,1.21000000e+01,1.81250000e-02,1.24031250e+01
1.85671500e-06,4.92500000e+00,1.22000000e+01,3.31250000e-02,1.24953125e+01
1.85703500e-06,5.06250000e+00,1.22625000e+01,3.31250000e-02,1.25210938e+01
1.85735500e-06,4.93750000e+00,1.22000000e+01,4.81250000e-02,1.24640625e+01
1.85767500e-06,4.83750000e+00,1.22625000e+01,3.31250000e-02,1.24515625e+01
1.85799500e-06,4.98750000e+00,1.21125000e+01,4.31250000e-02,1.25140625e+01
1.85831500e-06,4.91250000e+00,1.20625000e+01,3.06250000e-02,1.25054688e+01
1.85863500e-06,5.07500000e+00,1.21500000e+01,4.56250000e-02,1.24976563e+01
1.85895500e-06,4.91250000e+00,1.22125000e+01,8.12500000e-03,1.23960938e+01
1.85927500e-06,4.98750000e+00,1.21750000e+01,3.31250000e-02,1.24195313e+01
1.85959500e-06,5.02500000e+00,1.22375000e+01,4.56250000e-02,1.24890625e+01
1.85991500e-06,4.85000000e+00,1.20250000e+01,4.06250000e-02,1.24578125e+01
1.86023500e-06,4.90000000e+00,1.22000000e+01,4.81250000e-02,1.24867187e+01
1.86055500e-06,5.03750000e+00,1.21875000e+01,-1.43750000e-02,1.25109375e+01
1.86087500e-06,4.95000000e+00,1.21875000e+01,2.06250000e-02,1.25109375e+01
1.86119500e-06,5.01250000e+00,1.21750000e+01,7.06250000e-02,1.24507813e+01
1.86151500e-06,4.97500000e+00,1.20625000e+01,3.56250000e-02,1.24148437e+01
1.86183500e-06,5.00000000e+00,1.21750000e+01,2.56250000e-02,1.24390625e+01
1.86215500e-06,4.95000000e+00,1.21250000e+01,5.06250000e-02,1.25218750e+01
1.86247500e-06,4.95000000e+00,1.19125000e+01,3.31250000e-02,1.25320312e+01
1.86279500e-06,4.92500000e+00,1.22125000e+01,6.31250000e-02,1.25109375e+01
1.86311500e-06,4.90000000e+00,1.22500000e+01,7.06250000e-02,1.25109375e+01
1.86343500e-06,4.92500000e+00,1.20875000e+01,3.12500000e-03,1.25281250e+01
1.86375500e-06,4.87500000e+00,1.22125000e+01,3.56250000e-02,1.24937500e+01
1.86407500e-06,4.98750000e+00,1.23875000e+01,4.06250000e-02,1.24398437e+01
1.86439500e-06,4.97500000e+00,1.21000000e+01,3.31250000e-02,1.25304688e+01
1.86471500e-06,5.00000000e+00,1.20875000e+01,3.06250000e-02,1.25445313e+01
1.86503500e-06,5.07500000e+00,1.21000000e+01,4.06250000e-02,1.24390625e+01
1.86535500e-06,5.00000000e+00,1.21000000e+01,4.56250000e-02,1.23921875e+01
1.86567500e-06,4.93750000e+00,1.21125000e+01,2.31250000e-02,1.24109375e+01
1.86599500e-06,4.96250000e+00,1.22750000e+01,4.06250000e-02,1.24398437e+01
1.86631500e-06,4.77500000e+00,1.21250000e+01,2.81250000e-02,1.24546875e+01
1.86663500e-06,5.05000000e+00,1.21250000e+01,2.81250000e-02,1.24265625e+01
1.86695500e-06,5.02500000e+00,1.20625000e+01,3.81250000e-02,1.24460937e+01
1.86727500e-06,4.96250000e+00,1.21000000e+01,4.31250000e-02,1.24703125e+01
1.86759500e-06,5.00000000e+00,1.21250000e+01,4.06250000e-02,1.24515625e+01
1.86791500e-06,5.06250000e+00,1.22375000e+01,3.31250000e-02,1.24351563e+01
1.86823500e-06,4.88750000e+00,1.21375000e+01,4.06250000e-02,1.24367188e+01
1.86855500e-06,5.00000000e+00,1.20750000e+01,6.06250000e-02,1.24531250e+01
1.86887500e-06,5.08750000e+00,1.21875000e+01,4.81250000e-02,1.25101562e+01
1.86919500e-06,4.93750000e+00,1.22750000e+01,1.06250000e-02,1.25203125e+01
1.86951500e-06,4.82500000e+00,1.22250000e+01,4.31250000e-02,1.24976563e+01
1.86983500e-06,4.93750000e+00,1.21125000e+01,4.81250000e-02,1.25242187e+01
1.87015500e-06,5.02500000e+00,1.21625000e+01,4.31250000e-02,1.24578125e+01
1.87047500e-06,4.95000000e+00,1.22250000e+01,1.06250000e-02,1.24078125e+01
1.87079500e-06,4.83750000e+00,1.22250000e+01,3.31250000e-02,1.25023437e+01
1.87111500e-06,4.97500000e+00,1.21500000e+01,7.56250000e-02,1.25023437e+01
1.87143500e-06,4.90000000e+00,1.21000000e+01,2.56250000e-02,1.24562500e+01
1.87175500e-06,5.00000000e+00,1.21875000e+01,2.81250000e-02,1.24828125e+01
1.87207500e-06,5.02500000e+00,1.22125000e+01,2.31250000e-02,1.24390625e+01
1.87239500e-06,4.96250000e+00,1.21500000e+01,3.06250000e-02,1.24898438e+01
1.87271500e-06,4.98750000e+00,1.21500000e+01,2.56250000e-02,1.25562500e+01
1.87303500e-06,4.93750000e+00,1.21875000e+01,3.81250000e-02,1.25421875e+01
1.87335500e-06,4.95000000e+00,1.21500000e+01,4.06250000e-02,1.24570312e+01
1.87367500e-06,5.01250000e+00,1.22375000e+01,3.06250000e-02,1.24500000e+01
1.87399500e-06,4.96250000e+00,1.20750000e+01,6.56250000e-02,1.25171875e+01
1.87431500e-06,4.85000000e+00,1.21125000e+01,5.81250000e-02,1.24875000e+01
1.87463500e-06,5.08750000e+00,1.23500000e+01,2.81250000e-02,1.24281250e+01
1.87495500e-06,4.92500000e+00,1.21250000e+01,2.56250000e-02,1.24640625e+01
1.87527500e-06,4.90000000e+00,1.21375000e+01,4.31250000e-02,1.24890625e+01
1.87559500e-06,5.08750000e+00,1.22500000e+01,4.31250000e-02,1.24820313e+01
1.87591500e-06,5.03750000e+00,1.20875000e+01,2.06250000e-02,1.24468750e+01
1.87623500e-06,5.01250000e+00,1.21375000e+01,2.06250000e-02,1.24367188e+01
1.87655500e-06,4.90000000e+00,1.20750000e+01,4.56250000e-02,1.23437500e+01
1.87687500e-06,4.88750000e+00,1.22625000e+01,3.81250000e-02,1.24031250e+01
1.87719500e-06,5.00000000e+00,1.21250000e+01,3.81250000e-02,1.24625000e+01
1.87751500e-06,4.93750000e+00,1.21375000e+01,3.81250000e-02,1.24601563e+01
1.87783500e-06,5.00000000e+00,1.19875000e+01,5.31250000e-02,1.24375000e+01
1.87815500e-06,4.91250000e+00,1.22000000e+01,1.81250000e-02,1.24453125e+01
1.87847500e-06,4.96250000e+00,1.20750000e+01,4.06250000e-02,1.24453125e+01
1.87879500e-06,4.93750000e+00,1.22125000e+01,3.81250000e-02,1.24148437e+01
1.87911500e-06,4.93750000e+00,1.20750000e+01,5.81250000e-02,1.24093750e+01
1.87943500e-06,4.86250000e+00,1.22125000e+01,6.31250000e-02,1.24148437e+01
1.87975500e-06,4.91250000e+00,1.22625000e+01,4.06250000e-02,1.24492188e+01
1.88007500e-06,4.92500000e+00,1.22250000e+01,1.56250000e-02,1.24195313e+01
1.88039500e-06,4.88750000e+00,1.21125000e+01,3.81250000e-02,1.24382812e+01
1.88071500e-06,4.98750000e+00,1.21000000e+01,6.56250000e-02,1.24820313e+01
1.88103500e-06,4.95000000e+00,1.21750000e+01,2.81250000e-02,1.24382812e+01
1.88135500e-06,4.93750000e+00,1.21625000e+01,1.81250000e-02,1.24781250e+01
1.88167500e-06,4.95000000e+00,1.20500000e+01,5.06250000e-02,1.25679688e+01
1.88199500e-06,4.88750000e+00,1.22250000e+01,5.06250000e-02,1.24726562e+01
1.88231500e-06,4.86250000e+00,1.20875000e+01,4.56250000e-02,1.24835938e+01
1.88263500e-06,5.03750000e+00,1.23250000e+01,2.81250000e-02,1.25320312e+01
1.88295500e-06,5.03750000e+00,1.20500000e+01,4.06250000e-02,1.24593750e+01
1.88327500e-06,5.02500000e+00,1.21375000e+01,5.31250000e-02,1.24328125e+01
1.88359500e-06,5.05000000e+00,1.21250000e+01,5.31250000e-02,1.24414062e+01
1.88391500e-06,4.97500000e+00,1.21125000e+01,4.81250000e-02,1.23226562e+01
1.88423500e-06,4.88750000e+00,1.21375000e+01,8.06250000e-02,1.23695312e+01
1.88455500e-06,5.00000000e+00,1.22000000e+01,4.31250000e-02,1.24117188e+01
1.88487500e-06,4.97500000e+00,1.21750000e+01,3.31250000e-02,1.23789062e+01
1.88519500e-06,4.98750000e+00,1.23000000e+01,2.31250000e-02,1.24523438e+01
1.88551500e-06,4.91250000e+00,1.21250000e+01,6.31250000e-02,1.24468750e+01
1.88583500e-06,5.07500000e+00,1.21625000e+01,3.56250000e-02,1.23750000e+01
1.88615500e-06,4.96250000e+00,1.21250000e+01,2.06250000e-02,1.24179688e+01
1.88647500e-06,4.87500000e+00,1.21250000e+01,5.62500000e-03,1.24898438e+01
1.88679500e-06,5.02500000e+00,1.21500000e+01,5.81250000e-02,1.24484375e+01
1.88711500e-06,4.91250000e+00,1.21375000e+01,4.31250000e-02,1.24875000e+01
1.88743500e-06,4.88750000e+00,1.22125000e+01,4.81250000e-02,1.24625000e+01
1.88775500e-06,5.00000000e+00,1.22000000e+01,4.06250000e-02,1.24382812e+01
1.88807500e-06,4.98750000e+00,1.21250000e+01,-1.87500000e-03,1.24531250e+01
1.88839500e-06,5.12500000e+00,1.22000000e+01,3.81250000e-02,1.24101562e+01
1.88871500e-06,4.87500000e+00,1.21875000e+01,3.56250000e-02,1.24132813e+01
1.88903500e-06,4.92500000e+00,1.22125000e+01,4.81250000e-02,1.24234375e+01
1.88935500e-06,5.01250000e+00,1.22750000e+01,5.81250000e-02,1.23976563e+01
1.88967500e-06,4.97500000e+00,1.22250000e+01,3.56250000e-02,1.24609375e+01
1.88999500e-06,4.90000000e+00,1.21375000e+01,2.56250000e-02,1.24875000e+01
1.89031500e-06,4.98750000e+00,1.22750000e+01,2.06250000e-02,1.24945312e+01
1.89063500e-06,4.88750000e+00,1.20750000e+01,4.31250000e-02,1.24929687e+01
1.89095500e-06,5.05000000e+00,1.21625000e+01,2.81250000e-02,1.24671875e+01
1.89127500e-06,4.91250000e+00,1.21000000e+01,1.81250000e-02,1.24953125e+01
1.89159500e-06,4.93750000e+00,1.21125000e+01,8.12500000e-03,1.24859375e+01
1.89191500e-06,5.06250000e+00,1.21000000e+01,2.06250000e-02,1.24460937e+01
1.89223500e-06,5.07500000e+00,1.21250000e+01,6.06250000e-02,1.24132813e+01
1.89255500e-06,5.01250000e+00,1.21500000e+01,3.31250000e-02,1.24523438e+01
1.89287500e-06,5.00000000e+00,1.22125000e+01,1.56250000e-02,1.24148437e+01
1.89319500e-06,5.00000000e+00,1.21250000e+01,2.81250000e-02,1.24703125e+01
1.89351500e-06,5.02500000e+00,1.22375000e+01,3.56250000e-02,1.24945312e+01
1.89383500e-06,4.91250000e+00,1.20625000e+01,3.06250000e-02,1.24968750e+01
1.89415500e-06,5.07500000e+00,1.20750000e+01,4.81250000e-02,1.24984375e+01
1.89447500e-06,5.02500000e+00,1.21250000e+01,3.56250000e-02,1.25179687e+01
1.89479500e-06,5.06250000e+00,1.21875000e+01,3.31250000e-02,1.24882812e+01
1.89511500e-06,4.98750000e+00,1.21000000e+01,2.56250000e-02,1.23960938e+01
1.89543500e-06,4.97500000e+00,1.22375000e+01,3.56250000e-02,1.24273438e+01
1.89575500e-06,4.90000000e+00,1.21375000e+01,5.81250000e-02,1.24351563e+01
1.89607500e-06,5.02500000e+00,1.21875000e+01,4.81250000e-02,1.24109375e+01
1.89639500e-06,5.13750000e+00,1.19875000e+01,2.56250000e-02,1.25125000e+01
1.89671500e-06,4.96250000e+00,1.21750000e+01,1.31250000e-02,1.25398437e+01
1.89703500e-06,4.90000000e+00,1.20375000e+01,3.06250000e-02,1.25257812e+01
1.89735500e-06,4.95000000e+00,1.20750000e+01,6.56250000e-02,1.23812500e+01
1.89767500e-06,5.01250000e+00,1.22125000e+01,1.81250000e-02,1.23882813e+01
1.89799500e-06,5.01250000e+00,1.22500000e+01,2.31250000e-02,1.24484375e+01
1.89831500e-06,5.00000000e+00,1.21375000e+01,4.31250000e-02,1.24257812e+01
1.89863500e-06,4.96250000e+00,1.20625000e+01,3.81250000e-02,1.24304687e+01
1.89895500e-06,4.97500000e+00,1.20875000e+01,5.56250000e-02,1.25000000e+01
1.89927500e-06,5.01250000e+00,1.21500000e+01,3.31250000e-02,1.25054688e+01
1.89959500e-06,4.96250000e+00,1.20125000e+01,6.81250000e-02,1.24054688e+01
1.89991500e-06,5.03750000e+00,1.21375000e+01,2.81250000e-02,1.23976563e+01
1.90023500e-06,4.96250000e+00,1.21625000e+01,4.31250000e-02,1.24531250e+01
1.90055500e-06,4.91250000e+00,1.23250000e+01,4.31250000e-02,1.24476562e+01
1.90087500e-06,5.01250000e+00,1.21500000e+01,5.81250000e-02,1.24390625e+01
1.90119500e-06,4.95000000e+00,1.22125000e+01,4.06250000e-02,1.25109375e+01
1.90151500e-06,4.96250000e+00,1.21375000e+01,1.31250000e-02,1.25054688e+01
1.90183500e-06,4.82500000e+00,1.21000000e+01,5.06250000e-02,1.24164062e+01
1.90215500e-06,4.95000000e+00,1.22250000e+01,5.31250000e-02,1.24164062e+01
1.90247500e-06,4.98750000e+00,1.22500000e+01,4.81250000e-02,1.24218750e+01
1.90279500e-06,4.92500000e+00,1.21625000e+01,3.56250000e-02,1.24734375e+01
1.90311500e-06,4.81250000e+00,1.23875000e+01,4.06250000e-02,1.24546875e+01
1.90343500e-06,4.92500000e+00,1.20625000e+01,1.31250000e-02,1.24578125e+01
1.90375500e-06,5.03750000e+00,1.20750000e+01,1.06250000e-02,1.24804688e+01
1.90407500e-06,5.03750000e+00,1.21875000e+01,1.56250000e-02,1.24937500e+01
1.90439500e-06,4.96250000e+00,1.22375000e+01,5.31250000e-02,1.24867187e+01
1.90471500e-06,5.08750000e+00,1.20500000e+01,6.56250000e-02,1.24046875e+01
1.90503500e-06,5.08750000e+00,1.22000000e+01,1.56250000e-02,1.23367187e+01
1.90535500e-06,5.01250000e+00,1.21250000e+01,4.56250000e-02,1.24609375e+01
1.90567500e-06,4.95000000e+00,1.22625000e+01,5.06250000e-02,1.25023437e+01
1.90599500e-06,4.97500000e+00,1.21750000e+01,4.56250000e-02,1.24414062e+01
1.90631500e-06,4.88750000e+00,1.22750000e+01,1.81250000e-02,1.24328125e+01
1.90663500e-06,4.90000000e+00,1.22000000e+01,3.56250000e-02,1.24132813e+01
1.90695500e-06,5.07500000e+00,1.20375000e+01,2.06250000e-02,1.24078125e+01
1.90727500e-06,4.96250000e+00,1.21875000e+01,5.06250000e-02,1.24125000e+01
1.90759500e-06,4.97500000e+00,1.22125000e+01,5.06250000e-02,1.24359375e+01
1.90791500e-06,4.83750000e+00,1.21000000e+01,3.31250000e-02,1.25625000e+01
1.90823500e-06,5.03750000e+00,1.20250000e+01,6.06250000e-02,1.25187500e+01
1.90855500e-06,4.88750000e+00,1.21750000e+01,4.06250000e-02,1.24132813e+01
1.90887500e-06,4.95000000e+00,1.22000000e+01,4.81250000e-02,1.24062500e+01
1.90919500e-06,4.92500000e+00,1.19750000e+01,4.06250000e-02,1.24781250e+01
1.90951500e-06,4.91250000e+00,1.21625000e+01,4.06250000e-02,1.23882813e+01
1.90983500e-06,4.93750000e+00,1.20875000e+01,5.06250000e-02,1.24234375e+01
1.91015500e-06,4.92500000e+00,1.23125000e+01,4.81250000e-02,1.24898438e+01
1.91047500e-06,4.88750000e+00,1.21875000e+01,5.06250000e-02,1.24242187e+01
1.91079500e-06,4.90000000e+00,1.22625000e+01,3.81250000e-02,1.23804688e+01
1.91111500e-06,4.88750000e+00,1.21375000e+01,3.06250000e-02,1.24609375e+01
1.91143500e-06,4.90000000e+00,1.21625000e+01,5.56250000e-02,1.24718750e+01
1.91175500e-06,5.02500000e+00,1.21625000e+01,2.81250000e-02,1.24859375e+01
1.91207500e-06,5.00000000e+00,1.20875000e+01,2.56250000e-02,1.24781250e+01
1.91239500e-06,4.92500000e+00,1.21125000e+01,4.31250000e-02,1.23375000e+01
1.91271500e-06,4.87500000e+00,1.22875000e+01,5.81250000e-02,1.23476562e+01
1.91303500e-06,5.08750000e+00,1.21000000e+01,5.31250000e-02,1.24437500e+01
1.91335500e-06,4.92500000e+00,1.22125000e+01,3.31250000e-02,1.25171875e+01
1.91367500e-06,4.96250000e+00,1.21875000e+01,4.31250000e-02,1.25265625e+01
1.91399500e-06,4.95000000e+00,1.21125000e+01,6.06250000e-02,1.24265625e+01
1.91431500e-06,4.93750000e+00,1.20000000e+01,2.56250000e-02,1.24351563e+01
1.91463500e-06,4.92500000e+00,1.21750000e+01,4.31250000e-02,1.24757813e+01
1.91495500e-06,4.98750000e+00,1.21375000e+01,5.81250000e-02,1.24710937e+01
1.91527500e-06,4.97500000e+00,1.22375000e+01,2.31250000e-02,1.24328125e+01
1.91559500e-06,5.06250000e+00,1.20875000e+01,3.06250000e-02,1.23742188e+01
1.91591500e-06,4.98750000e+00,1.22625000e+01,2.81250000e-02,1.23992187e+01
1.91623500e-06,5.03750000e+00,1.21875000e+01,1.56250000e-02,1.24812500e+01
1.91655500e-06,4.83750000e+00,1.20750000e+01,5.56250000e-02,1.24210938e+01
1.91687500e-06,4.85000000e+00,1.21250000e+01,4.56250000e-02,1.23937500e+01
1.91719500e-06,4.98750000e+00,1.22875000e+01,4.31250000e-02,1.24421875e+01
1.91751500e-06,4.92500000e+00,1.21250000e+01,5.56250000e-02,1.24234375e+01
1.91783500e-06,4.85000000e+00,1.21625000e+01,2.56250000e-02,1.24343750e+01
1.91815500e-06,5.01250000e+00,1.22125000e+01,3.06250000e-02,1.24375000e+01
1.91847500e-06,4.95000000e+00,1.21125000e+01,3.81250000e-02,1.24945312e+01
1.91879500e-06,4.88750000e+00,1.20500000e+01,3.56250000e-02,1.24367188e+01
1.91911500e-06,4.97500000e+00,1.21625000e+01,3.31250000e-02,1.24273438e+01
1.91943500e-06,5.07500000e+00,1.21875000e+01,3.06250000e-02,1.24781250e+01
1.91975500e-06,5.06250000e+00,1.22375000e+01,6.31250000e-02,1.24382812e+01
1.92007500e-06,4.96250000e+00,1.20875000e+01,2.06250000e-02,1.23945312e+01
1.92039500e-06,5.15000000e+00,1.21250000e+01,1.81250000e-02,1.23828125e+01
1.92071500e-06,4.87500000e+00,1.21750000e+01,6.25000000e-04,1.23585938e+01
1.92103500e-06,4.98750000e+00,1.22250000e+01,2.81250000e-02,1.23945312e+01
1.92135500e-06,4.92500000e+00,1.20750000e+01,4.06250000e-02,1.23687500e+01
1.92167500e-06,4.86250000e+00,1.23125000e+01,4.31250000e-02,1.23781250e+01
1.92199500e-06,4.93750000e+00,1.21000000e+01,3.81250000e-02,1.23773437e+01
1.92231500e-06,4.95000000e+00,1.23125000e+01,3.06250000e-02,1.23507813e+01
1.92263500e-06,4.83750000e+00,1.21500000e+01,4.56250000e-02,1.23625000e+01
1.92295500e-06,4.91250000e+00,1.20625000e+01,4.31250000e-02,1.24335938e+01
1.92327500e-06,4.91250000e+00,1.20750000e+01,1.81250000e-02,1.24031250e+01
1.92359500e-06,4.85000000e+00,1.21750000e+01,4.81250000e-02,1.23906250e+01
1.92391500e-06,5.03750000e+00,1.21875000e+01,1.31250000e-02,1.23835937e+01
1.92423500e-06,4.95000000e+00,1.21375000e+01,5.31250000e-02,1.23429688e+01
1.92455500e-06,4.92500000e+00,1.21625000e+01,3.56250000e-02,1.23953125e+01
1.92487500e-06,5.01250000e+00,1.22750000e+01,5.06250000e-02,1.23921875e+01
1.92519500e-06,4.93750000e+00,1.21875000e+01,2.06250000e-02,1.23460937e+01
1.92551500e-06,4.96250000e+00,1.22250000e+01,5.56250000e-02,1.23140625e+01
1.92583500e-06,4.87500000e+00,1.21000000e+01,4.56250000e-02,1.22937500e+01
1.92615500e-06,4.82500000e+00,1.20500000e+01,5.56250000e-02,1.22929688e+01
1.92647500e-06,4.98750000e+00,1.22375000e+01,1.56250000e-02,1.23406250e+01
1.92679500e-06,4.97500000e+00,1.21250000e+01,4.31250000e-02,1.23984375e+01
1.92711500e-06,4.92500000e+00,1.20750000e+01,3.31250000e-02,1.23726563e+01
1.92743500e-06,4.92500000e+00,1.21625000e+01,3.81250000e-02,1.23289062e+01
1.92775500e-06,5.07500000e+00,1.22125000e+01,4.81250000e-02,1.23734375e+01
1.92807500e-06,4.97500000e+00,1.21500000e+01,4.56250000e-02,1.24085937e+01
1.92839500e-06,4.95000000e+00,1.20875000e+01,2.81250000e-02,1.23687500e+01
1.92871500e-06,4.96250000e+00,1.23000000e+01,2.81250000e-02,1.23984375e+01
1.92903500e-06,5.05000000e+00,1.22125000e+01,2.06250000e-02,1.24109375e+01
1.92935500e-06,5.01250000e+00,1.22000000e+01,4.81250000e-02,1.23890625e+01
1.92967500e-06,5.08750000e+00,1.21625000e+01,3.31250000e-02,1.22968750e+01
1.92999500e-06,5.10000000e+00,1.22000000e+01,4.06250000e-02,1.22929688e+01
1.93031500e-06,4.90000000e+00,1.20625000e+01,4.56250000e-02,1.23460937e+01
1.93063500e-06,4.91250000e+00,1.22000000e+01,3.56250000e-02,1.23835937e+01
1.93095500e-06,4.95000000e+00,1.21000000e+01,4.56250000e-02,1.23992187e+01
1.93127500e-06,4.97500000e+00,1.21875000e+01,-9.37500000e-03,1.24132813e+01
1.93159500e-06,4.80000000e+00,1.21625000e+01,2.06250000e-02,1.24695312e+01
1.93191500e-06,5.06250000e+00,1.22250000e+01,5.06250000e-02,1.24398437e+01
1.93223500e-06,4.98750000e+00,1.22500000e+01,2.81250000e-02,1.23421875e+01
1.93255500e-06,4.93750000e+00,1.21500000e+01,3.56250000e-02,1.24039063e+01
1.93287500e-06,4.85000000e+00,1.21250000e+01,3.81250000e-02,1.24039063e+01
1.93319500e-06,4.80000000e+00,1.22375000e+01,8.12500000e-03,1.24312500e+01
1.93351500e-06,4.91250000e+00,1.22125000e+01,-1.87500000e-03,1.24796875e+01
1.93383500e-06,4.96250000e+00,1.21375000e+01,2.81250000e-02,1.25179687e+01
1.93415500e-06,4.92500000e+00,1.22000000e+01,4.06250000e-02,1.25507812e+01
1.93447500e-06,4.92500000e+00,1.21500000e+01,4.06250000e-02,1.24593750e+01
1.93479500e-06,4.98750000e+00,1.20500000e+01,2.06250000e-02,1.23781250e+01
1.93511500e-06,4.97500000e+00,1.23000000e+01,1.31250000e-02,1.23445312e+01
1.93543500e-06,4.90000000e+00,1.21500000e+01,2.56250000e-02,1.22695312e+01
1.93575500e-06,4.88750000e+00,1.21375000e+01,1.81250000e-02,1.23242188e+01
1.93607500e-06,4.90000000e+00,1.21000000e+01,1.56250000e-02,1.23679687e+01
1.93639500e-06,4.90000000e+00,1.21875000e+01,2.81250000e-02,1.23984375e+01
1.93671500e-06,4.92500000e+00,1.20500000e+01,5.31250000e-02,1.24468750e+01
1.93703500e-06,4.98750000e+00,1.21000000e+01,4.31250000e-02,1.24414062e+01
1.93735500e-06,4.93750000e+00,1.19875000e+01,4.06250000e-02,1.23945312e+01
1.93767500e-06,4.96250000e+00,1.21750000e+01,2.06250000e-02,1.24226562e+01
1.93799500e-06,4.98750000e+00,1.21875000e+01,1.56250000e-02,1.24085937e+01
1.93831500e-06,4.90000000e+00,1.21375000e+01,5.81250000e-02,1.23273438e+01
1.93863500e-06,4.86250000e+00,1.20500000e+01,3.81250000e-02,1.23585938e+01
1.93895500e-06,4.90000000e+00,1.21875000e+01,4.81250000e-02,1.23882813e+01
1.93927500e-06,4.92500000e+00,1.21000000e+01,3.06250000e-02,1.23882813e+01
1.93959500e-06,4.82500000e+00,1.22875000e+01,2.81250000e-02,1.24101562e+01
1.93991500e-06,4.85000000e+00,1.22000000e+01,3.31250000e-02,1.24242187e+01
1.94023500e-06,4.88750000e+00,1.22125000e+01,5.31250000e-02,1.24109375e+01
1.94055500e-06,4.98750000e+00,1.20500000e+01,1.81250000e-02,1.24156250e+01
1.94087500e-06,5.00000000e+00,1.21000000e+01,2.06250000e-02,1.24281250e+01
1.94119500e-06,4.92500000e+00,1.20875000e+01,1.06250000e-02,1.24507813e+01
1.94151500e-06,4.83750000e+00,1.23000000e+01,1.31250000e-02,1.24078125e+01
1.94183500e-06,4.85000000e+00,1.21875000e+01,1.81250000e-02,1.23671875e+01
1.94215500e-06,4.96250000e+00,1.21375000e+01,4.81250000e-02,1.23554688e+01
1.94247500e-06,5.10000000e+00,1.21875000e+01,4.06250000e-02,1.23039063e+01
1.94279500e-06,4.90000000e+00,1.19625000e+01,4.06250000e-02,1.23390625e+01
1.94311500e-06,4.91250000e+00,1.20750000e+01,3.06250000e-02,1.23914062e+01
1.94343500e-06,4.85000000e+00,1.21375000e+01,4.81250000e-02,1.24062500e+01
1.94375500e-06,4.85000000e+00,1.21125000e+01,3.81250000e-02,1.23445312e+01
1.94407500e-06,4.96250000e+00,1.22375000e+01,3.06250000e-02,1.23632812e+01
1.94439500e-06,4.95000000e+00,1.22375000e+01,3.81250000e-02,1.23414063e+01
1.94471500e-06,4.92500000e+00,1.22250000e+01,3.31250000e-02,1.23234375e+01
1.94503500e-06,4.91250000e+00,1.21125000e+01,1.56250000e-02,1.23625000e+01
1.94535500e-06,4.92500000e+00,1.20875000e+01,3.06250000e-02,1.23781250e+01
1.94567500e-06,5.02500000e+00,1.21375000e+01,2.56250000e-02,1.23554688e+01
1.94599500e-06,4.96250000e+00,1.22125000e+01,6.56250000e-02,1.23257813e+01
1.94631500e-06,5.02500000e+00,1.19875000e+01,1.81250000e-02,1.23429688e+01
1.94663500e-06,5.10000000e+00,1.21750000e+01,-6.87500000e-03,1.23578125e+01
1.94695500e-06,4.97500000e+00,1.21375000e+01,3.81250000e-02,1.24171875e+01
1.94727500e-06,5.01250000e+00,1.21625000e+01,4.06250000e-02,1.24757813e+01
1.94759500e-06,4.88750000e+00,1.19750000e+01,2.81250000e-02,1.24296875e+01
1.94791500e-06,4.92500000e+00,1.21375000e+01,5.31250000e-02,1.23320312e+01
1.94823500e-06,4.85000000e+00,1.21625000e+01,2.31250000e-02,1.22640625e+01
1.94855500e-06,4.82500000e+00,1.22375000e+01,5.06250000e-02,1.22726563e+01
1.94887500e-06,4.98750000e+00,1.21750000e+01,1.81250000e-02,1.23023438e+01
1.94919500e-06,4.96250000e+00,1.21875000e+01,2.31250000e-02,1.23593750e+01
1.94951500e-06,4.91250000e+00,1.22000000e+01,4.06250000e-02,1.23023438e+01
1.94983500e-06,4.95000000e+00,1.20500000e+01,3.31250000e-02,1.23171875e+01
1.95015500e-06,4.98750000e+00,1.20625000e+01,3.31250000e-02,1.23718750e+01
1.95047500e-06,5.03750000e+00,1.22375000e+01,2.06250000e-02,1.23429688e+01
1.95079500e-06,5.00000000e+00,1.22250000e+01,2.56250000e-02,1.23578125e+01
1.95111500e-06,4.97500000e+00,1.20750000e+01,3.56250000e-02,1.23984375e+01
1.95143500e-06,4.78750000e+00,1.21500000e+01,4.56250000e-02,1.24281250e+01
1.95175500e-06,4.83750000e+00,1.21125000e+01,4.81250000e-02,1.24039063e+01
1.95207500e-06,4.83750000e+00,1.21250000e+01,2.81250000e-02,1.24007812e+01
1.95239500e-06,4.92500000e+00,1.21750000e+01,3.06250000e-02,1.24664063e+01
1.95271500e-06,4.92500000e+00,1.20500000e+01,3.06250000e-02,1.24492188e+01
1.95303500e-06,4.95000000e+00,1.22250000e+01,-4.37500000e-03,1.24156250e+01
1.95335500e-06,4.88750000e+00,1.22750000e+01,5.06250000e-02,1.24328125e+01
1.95367500e-06,5.03750000e+00,1.22125000e+01,1.81250000e-02,1.23984375e+01
1.95399500e-06,5.00000000e+00,1.21625000e+01,-1.87500000e-03,1.24265625e+01
1.95431500e-06,4.96250000e+00,1.21875000e+01,5.06250000e-02,1.24296875e+01
1.95463500e-06,4.90000000e+00,1.21625000e+01,2.81250000e-02,1.23859375e+01
1.95495500e-06,4.91250000e+00,1.22125000e+01,2.56250000e-02,1.24750000e+01
1.95527500e-06,4.82500000e+00,1.22125000e+01,5.31250000e-02,1.24007812e+01
1.95559500e-06,4.81250000e+00,1.22750000e+01,4.31250000e-02,1.23203125e+01
1.95591500e-06,4.95000000e+00,1.21625000e+01,3.31250000e-02,1.24007812e+01
1.95623500e-06,5.07500000e+00,1.21250000e+01,1.81250000e-02,1.24468750e+01
1.95655500e-06,5.15000000e+00,1.21000000e+01,2.81250000e-02,1.24203125e+01
1.95687500e-06,5.05000000e+00,1.23250000e+01,4.56250000e-02,1.24398437e+01
1.95719500e-06,5.03750000e+00,1.20250000e+01,3.56250000e-02,1.24414062e+01
1.95751500e-06,5.06250000e+00,1.21750000e+01,2.31250000e-02,1.23398438e+01
1.95783500e-06,4.95000000e+00,1.23000000e+01,4.31250000e-02,1.23242188e+01
1.95815500e-06,5.01250000e+00,1.22250000e+01,2.81250000e-02,1.23281250e+01
1.95847500e-06,4.81250000e+00,1.21000000e+01,2.31250000e-02,1.23125000e+01
1.95879500e-06,5.00000000e+00,1.21875000e+01,5.56250000e-02,1.23976563e+01
1.95911500e-06,4.97500000e+00,1.21375000e+01,3.56250000e-02,1.24210938e+01
1.95943500e-06,5.02500000e+00,1.22000000e+01,5.81250000e-02,1.24125000e+01
1.95975500e-06,5.01250000e+00,1.21750000e+01,6.56250000e-02,1.24242187e+01
1.96007500e-06,5.11250000e+00,1.22250000e+01,5.62500000e-03,1.23656250e+01
1.96039500e-06,4.95000000e+00,1.21750000e+01,2.31250000e-02,1.23695312e+01
1.96071500e-06,4.90000000e+00,1.21500000e+01,4.06250000e-02,1.24125000e+01
1.96103500e-06,4.82500000e+00,1.20000000e+01,4.56250000e-02,1.23367187e+01
1.96135500e-06,4.98750000e+00,1.21750000e+01,3.31250000e-02,1.23195313e+01
1.96167500e-06,5.01250000e+00,1.21250000e+01,8.12500000e-03,1.23828125e+01
1.96199500e-06,4.83750000e+00,1.20375000e+01,1.31250000e-02,1.24109375e+01
1.96231500e-06,4.77500000e+00,1.21000000e+01,1.81250000e-02,1.24148437e+01
1.96263500e-06,4.91250000e+00,1.22750000e+01,3.31250000e-02,1.23906250e+01
1.96295500e-06,4.97500000e+00,1.19875000e+01,3.56250000e-02,1.23742188e+01
1.96327500e-06,4.91250000e+00,1.20500000e+01,3.31250000e-02,1.24250000e+01
1.96359500e-06,4.91250000e+00,1.22000000e+01,2.81250000e-02,1.24250000e+01
1.96391500e-06,4.98750000e+00,1.21625000e+01,4.31250000e-02,1.24257812e+01
1.96423500e-06,4.95000000e+00,1.21500000e+01,4.56250000e-02,1.23773437e+01
1.96455500e-06,4.95000000e+00,1.22000000e+01,3.06250000e-02,1.24179688e+01
1.96487500e-06,4.82500000e+00,1.21125000e+01,3.81250000e-02,1.24820313e+01
1.96519500e-06,4.83750000e+00,1.21750000e+01,4.31250000e-02,1.24523438e+01
1.96551500e-06,4.85000000e+00,1.21625000e+01,4.81250000e-02,1.24343750e+01
1.96583500e-06,4.97500000e+00,1.22125000e+01,2.56250000e-02,1.23765625e+01
1.96615500e-06,4.90000000e+00,1.21375000e+01,5.81250000e-02,1.23031250e+01
1.96647500e-06,5.06250000e+00,1.21125000e+01,4.06250000e-02,1.23062500e+01
1.96679500e-06,4.98750000e+00,1.21750000e+01,2.31250000e-02,1.23484375e+01
1.96711500e-06,4.86250000e+00,1.21000000e+01,2.81250000e-02,1.24453125e+01
1.96743500e-06,4.96250000e+00,1.19875000e+01,3.31250000e-02,1.24750000e+01
1.96775500e-06,4.90000000e+00,1.21125000e+01,2.56250000e-02,1.23609375e+01
1.96807500e-06,4.91250000e+00,1.20750000e+01,2.31250000e-02,1.23734375e+01
1.96839500e-06,4.98750000e+00,1.20875000e+01,6.06250000e-02,1.24203125e+01
1.96871500e-06,5.01250000e+00,1.22625000e+01,2.81250000e-02,1.23687500e+01
1.96903500e-06,4.95000000e+00,1.22375000e+01,4.81250000e-02,1.23164062e+01
1.96935500e-06,5.05000000e+00,1.20875000e+01,3.31250000e-02,1.23359375e+01
1.96967500e-06,4.96250000e+00,1.21875000e+01,3.56250000e-02,1.23117188e+01
1.96999500e-06,4.81250000e+00,1.22000000e+01,2.56250000e-02,1.23390625e+01
1.97031500e-06,4.95000000e+00,1.20875000e+01,2.06250000e-02,1.24070312e+01
1.97063500e-06,4.95000000e+00,1.21500000e+01,1.31250000e-02,1.23515625e+01
1.97095500e-06,4.85000000e+00,1.21875000e+01,3.31250000e-02,1.23179688e+01
1.97127500e-06,4.98750000e+00,1.21125000e+01,4.31250000e-02,1.23632812e+01
1.97159500e-06,5.03750000e+00,1.21750000e+01,2.06250000e-02,1.24000000e+01
1.97191500e-06,4.93750000e+00,1.20750000e+01,8.12500000e-03,1.23492188e+01
1.97223500e-06,4.97500000e+00,1.20750000e+01,4.81250000e-02,1.23687500e+01
1.97255500e-06,4.82500000e+00,1.20500000e+01,2.31250000e-02,1.24171875e+01
1.97287500e-06,4.96250000e+00,1.21125000e+01,3.81250000e-02,1.23820313e+01
1.97319500e-06,5.10000000e+00,1.20375000e+01,3.81250000e-02,1.23445312e+01
1.97351500e-06,5.01250000e+00,1.21375000e+01,4.06250000e-02,1.23937500e+01
1.97383500e-06,4.85000000e+00,1.21250000e+01,3.06250000e-02,1.24210938e+01
1.97415500e-06,4.86250000e+00,1.21125000e+01,2.31250000e-02,1.23101563e+01
1.97447500e-06,4.92500000e+00,1.19750000e+01,4.06250000e-02,1.22882813e+01
1.97479500e-06,4.97500000e+00,1.22000000e+01,5.31250000e-02,1.24039063e+01
1.97511500e-06,4.91250000e+00,1.21375000e+01,4.81250000e-02,1.24445313e+01
1.97543500e-06,4.80000000e+00,1.20750000e+01,4.31250000e-02,1.24054688e+01
1.97575500e-06,4.92500000e+00,1.20250000e+01,3.56250000e-02,1.23546875e+01
1.97607500e-06,4.96250000e+00,1.21625000e+01,3.81250000e-02,1.23070312e+01
1.97639500e-06,4.96250000e+00,1.20750000e+01,3.06250000e-02,1.23492188e+01
1.97671500e-06,4.85000000e+00,1.22000000e+01,3.06250000e-02,1.23867188e+01
1.97703500e-06,4.97500000e+00,1.21125000e+01,2.31250000e-02,1.23656250e+01
1.97735500e-06,4.92500000e+00,1.21625000e+01,3.56250000e-02,1.23609375e+01
1.97767500e-06,5.01250000e+00,1.21375000e+01,2.56250000e-02,1.23882813e+01
1.97799500e-06,4.98750000e+00,1.20750000e+01,3.06250000e-02,1.24171875e+01
1.97831500e-06,4.87500000e+00,1.19750000e+01,6.06250000e-02,1.24015625e+01
1.97863500e-06,4.93750000e+00,1.20125000e+01,3.06250000e-02,1.23867188e+01
1.97895500e-06,4.82500000e+00,1.20500000e+01,5.56250000e-02,1.23898438e+01
1.97927500e-06,5.01250000e+00,1.21375000e+01,3.31250000e-02,1.23609375e+01
1.97959500e-06,5.07500000e+00,1.21750000e+01,5.56250000e-02,1.23554688e+01
1.97991500e-06,4.93750000e+00,1.21250000e+01,2.06250000e-02,1.23625000e+01
1.98023500e-06,4.88750000e+00,1.20375000e+01,3.56250000e-02,1.23570313e+01
1.98055500e-06,5.00000000e+00,1.21125000e+01,4.81250000e-02,1.23750000e+01
1.98087500e-06,4.86250000e+00,1.21125000e+01,3.31250000e-02,1.23437500e+01
1.98119500e-06,4.87500000e+00,1.22250000e+01,1.06250000e-02,1.23335938e+01
1.98151500e-06,4.88750000e+00,1.20875000e+01,5.31250000e-02,1.23070312e+01
1.98183500e-06,4.97500000e+00,1.22625000e+01,5.06250000e-02,1.23546875e+01
1.98215500e-06,4.83750000e+00,1.21250000e+01,2.81250000e-02,1.24070312e+01
1.98247500e-06,4.97500000e+00,1.21625000e+01,3.06250000e-02,1.24453125e+01
1.98279500e-06,4.91250000e+00,1.21625000e+01,3.81250000e-02,1.23843750e+01
1.98311500e-06,4.91250000e+00,1.21250000e+01,4.56250000e-02,1.23726563e+01
1.98343500e-06,4.92500000e+00,1.20625000e+01,3.06250000e-02,1.23968750e+01
1.98375500e-06,4.97500000e+00,1.21375000e+01,1.56250000e-02,1.23500000e+01
1.98407500e-06,4.98750000e+00,1.21500000e+01,6.31250000e-02,1.23867188e+01
1.98439500e-06,4.92500000e+00,1.22125000e+01,2.31250000e-02,1.23515625e+01
1.98471500e-06,5.01250000e+00,1.21375000e+01,3.56250000e-02,1.23437500e+01
1.98503500e-06,5.00000000e+00,1.22625000e+01,3.56250000e-02,1.24726562e+01
1.98535500e-06,4.91250000e+00,1.21250000e+01,3.31250000e-02,1.23960938e+01
1.98567500e-06,4.86250000e+00,1.22375000e+01,5.31250000e-02,1.24710937e+01
1.98599500e-06,4.91250000e+00,1.22250000e+01,5.06250000e-02,1.24257812e+01
1.98631500e-06,5.00000000e+00,1.19875000e+01,3.06250000e-02,1.23648438e+01
1.98663500e-06,5.01250000e+00,1.20250000e+01,3.06250000e-02,1.23406250e+01
1.98695500e-06,4.95000000e+00,1.21750000e+01,2.56250000e-02,1.22421875e+01
1.98727500e-06,4.91250000e+00,1.20875000e+01,5.62500000e-03,1.22679687e+01
1.98759500e-06,4.96250000e+00,1.21500000e+01,4.31250000e-02,1.23601562e+01
1.98791500e-06,4.96250000e+00,1.21625000e+01,6.31250000e-02,1.24046875e+01
1.98823500e-06,4.85000000e+00,1.20875000e+01,2.81250000e-02,1.24773437e+01
1.98855500e-06,4.87500000e+00,1.21250000e+01,2.06250000e-02,1.25148438e+01
1.98887500e-06,4.95000000e+00,1.21250000e+01,8.12500000e-03,1.24226562e+01
1.98919500e-06,4.92500000e+00,1.20625000e+01,6.31250000e-02,1.23445312e+01
1.98951500e-06,5.00000000e+00,1.22625000e+01,3.06250000e-02,1.23765625e+01
1.98983500e-06,4.95000000e+00,1.20875000e+01,4.56250000e-02,1.24164062e+01
1.99015500e-06,5.02500000e+00,1.21375000e+01,1.81250000e-02,1.23992187e+01
1.99047500e-06,4.93750000e+00,1.20000000e+01,4.06250000e-02,1.23570313e+01
1.99079500e-06,4.81250000e+00,1.21000000e+01,4.81250000e-02,1.24375000e+01
1.99111500e-06,4.90000000e+00,1.22250000e+01,1.06250000e-02,1.23726563e+01
1.99143500e-06,4.97500000e+00,1.21125000e+01,4.81250000e-02,1.23382812e+01
1.99175500e-06,4.98750000e+00,1.20125000e+01,4.81250000e-02,1.23929687e+01
1.99207500e-06,5.01250000e+00,1.21375000e+01,2.81250000e-02,1.24007812e+01
1.99239500e-06,4.91250000e+00,1.22250000e+01,4.56250000e-02,1.24203125e+01
1.99271500e-06,5.01250000e+00,1.20750000e+01,5.31250000e-02,1.24328125e+01
1.99303500e-06,5.10000000e+00,1.21500000e+01,3.31250000e-02,1.23976563e+01
1.99335500e-06,4.82500000e+00,1.21250000e+01,2.56250000e-02,1.23328125e+01
1.99367500e-06,4.83750000e+00,1.20125000e+01,3.81250000e-02,1.23687500e+01
1.99399500e-06,4.88750000e+00,1.21750000e+01,2.06250000e-02,1.23718750e+01
1.99431500e-06,4.88750000e+00,1.21625000e+01,2.31250000e-02,1.23093750e+01
1.99463500e-06,4.96250000e+00,1.22125000e+01,5.06250000e-02,1.23531250e+01
1.99495500e-06,4.93750000e+00,1.21625000e+01,2.56250000e-02,1.24289063e+01
1.99527500e-06,5.08750000e+00,1.21125000e+01,3.06250000e-02,1.23984375e+01
1.99559500e-06,5.03750000e+00,1.20000000e+01,5.31250000e-02,1.24312500e+01
1.99591500e-06,4.92500000e+00,1.21375000e+01,6.06250000e-02,1.24835938e+01
1.99623500e-06,5.12500000e+00,1.22125000e+01,3.31250000e-02,1.24453125e+01
1.99655500e-06,4.92500000e+00,1.20875000e+01,3.06250000e-02,1.24242187e+01
1.99687500e-06,4.91250000e+00,1.20125000e+01,2.56250000e-02,1.23320312e+01
1.99719500e-06,4.96250000e+00,1.21250000e+01,3.81250000e-02,1.22382812e+01
1.99751500e-06,5.01250000e+00,1.21125000e+01,4.06250000e-02,1.23359375e+01
1.99783500e-06,4.93750000e+00,1.21500000e+01,5.56250000e-02,1.23632812e+01
1.99815500e-06,4.78750000e+00,1.21125000e+01,5.06250000e-02,1.23820313e+01
1.99847500e-06,4.88750000e+00,1.22625000e+01,1.56250000e-02,1.24804688e+01
1.99879500e-06,4.97500000e+00,1.21125000e+01,5.31250000e-02,1.24664063e+01
1.99911500e-06,5.00000000e+00,1.21125000e+01,2.56250000e-02,1.24164062e+01
1.99943500e-06,4.82500000e+00,1.20625000e+01,5.06250000e-02,1.23929687e+01
1.99975500e-06,4.76250000e+00,1.22625000e+01,6.81250000e-02,1.23906250e+01
2.00007500e-06,4.88750000e+00,1.21125000e+01,3.31250000e-02,1.23687500e+01
2.00039500e-06,5.07500000e+00,1.20625000e+01,5.31250000e-02,1.24187500e+01
2.00071500e-06,5.06250000e+00,1.20875000e+01,3.81250000e-02,1.23710938e+01
2.00103500e-06,4.93750000e+00,1.20625000e+01,5.56250000e-02,1.23945312e+01
2.00135500e-06,4.93750000e+00,1.21500000e+01,7.56250000e-02,1.24078125e+01
2.00167500e-06,5.08750000e+00,1.21250000e+01,3.06250000e-02,1.23304687e+01
2.00199500e-06,4.97500000e+00,1.21125000e+01,4.31250000e-02,1.23664063e+01
2.00231500e-06,4.88750000e+00,1.23000000e+01,3.31250000e-02,1.23757812e+01
2.00263500e-06,4.90000000e+00,1.21000000e+01,2.06250000e-02,1.24296875e+01
2.00295500e-06,4.88750000e+00,1.20125000e+01,2.06250000e-02,1.23984375e+01
2.00327500e-06,4.96250000e+00,1.21625000e+01,2.56250000e-02,1.24062500e+01
2.00359500e-06,5.11250000e+00,1.21125000e+01,4.31250000e-02,1.23828125e+01
2.00391500e-06,5.00000000e+00,1.21250000e+01,2.31250000e-02,1.24117188e+01
2.00423500e-06,4.90000000e+00,1.20750000e+01,2.56250000e-02,1.23750000e+01
2.00455500e-06,4.88750000e+00,1.20125000e+01,8.06250000e-02,1.22460938e+01
2.00487500e-06,5.00000000e+00,1.20875000e+01,6.31250000e-02,1.22023438e+01
2.00519500e-06,4.98750000e+00,1.20000000e+01,3.56250000e-02,1.23078125e+01
2.00551500e-06,5.01250000e+00,1.22625000e+01,2.56250000e-02,1.23757812e+01
2.00583500e-06,4.90000000e+00,1.22250000e+01,4.06250000e-02,1.23875000e+01
2.00615500e-06,4.96250000e+00,1.20500000e+01,3.81250000e-02,1.23523437e+01
2.00647500e-06,4.90000000e+00,1.21625000e+01,3.81250000e-02,1.23109375e+01
2.00679500e-06,5.05000000e+00,1.21750000e+01,1.56250000e-02,1.23273438e+01
2.00711500e-06,4.82500000e+00,1.21000000e+01,6.56250000e-02,1.23507813e+01
2.00743500e-06,4.82500000e+00,1.21875000e+01,1.56250000e-02,1.22484375e+01
2.00775500e-06,5.03750000e+00,1.19750000e+01,-1.87500000e-03,1.22820312e+01
2.00807500e-06,4.92500000e+00,1.20875000e+01,3.06250000e-02,1.22773438e+01
2.00839500e-06,4.98750000e+00,1.20875000e+01,6.06250000e-02,1.23039063e+01
2.00871500e-06,5.00000000e+00,1.20875000e+01,2.81250000e-02,1.23335938e+01
2.00903500e-06,4.91250000e+00,1.20500000e+01,1.06250000e-02,1.22289062e+01
2.00935500e-06,4.87500000e+00,1.21000000e+01,5.56250000e-02,1.22398438e+01
2.00967500e-06,4.91250000e+00,1.20750000e+01,5.06250000e-02,1.22914062e+01
2.00999500e-06,4.92500000e+00,1.22000000e+01,2.31250000e-02,1.22765625e+01
2.01031500e-06,4.93750000e+00,1.20375000e+01,3.06250000e-02,1.23187500e+01
2.01063500e-06,5.00000000e+00,1.22000000e+01,2.31250000e-02,1.23296875e+01
2.01095500e-06,4.92500000e+00,1.21500000e+01,1.31250000e-02,1.23039063e+01
2.01127500e-06,5.00000000e+00,1.21875000e+01,5.31250000e-02,1.22929688e+01
2.01159500e-06,5.03750000e+00,1.20250000e+01,5.56250000e-02,1.23484375e+01
2.01191500e-06,4.88750000e+00,1.21500000e+01,4.81250000e-02,1.22937500e+01
2.01223500e-06,4.80000000e+00,1.21250000e+01,4.56250000e-02,1.23171875e+01
2.01255500e-06,4.91250000e+00,1.21750000e+01,4.06250000e-02,1.23523437e+01
2.01287500e-06,5.03750000e+00,1.21125000e+01,4.81250000e-02,1.23265625e+01
2.01319500e-06,4.91250000e+00,1.20500000e+01,3.56250000e-02,1.22859375e+01
2.01351500e-06,4.90000000e+00,1.21625000e+01,3.56250000e-02,1.22562500e+01
2.01383500e-06,4.98750000e+00,1.22000000e+01,4.56250000e-02,1.23031250e+01
2.01415500e-06,5.08750000e+00,1.21500000e+01,2.56250000e-02,1.23078125e+01
2.01447500e-06,5.00000000e+00,1.21875000e+01,2.06250000e-02,1.23710938e+01
2.01479500e-06,4.88750000e+00,1.20000000e+01,2.31250000e-02,1.23281250e+01
2.01511500e-06,4.95000000e+00,1.21375000e+01,2.31250000e-02,1.23609375e+01
2.01543500e-06,4.92500000e+00,1.21750000e+01,3.56250000e-02,1.23812500e+01
2.01575500e-06,4.85000000e+00,1.20625000e+01,6.31250000e-02,1.22773438e+01
2.01607500e-06,4.85000000e+00,1.22500000e+01,2.56250000e-02,1.22632813e+01
2.01639500e-06,4.88750000e+00,1.22875000e+01,3.06250000e-02,1.23773437e+01
2.01671500e-06,4.83750000e+00,1.21375000e+01,1.56250000e-02,1.23117188e+01
2.01703500e-06,4.93750000e+00,1.20750000e+01,3.56250000e-02,1.22875000e+01
2.01735500e-06,5.11250000e+00,1.21875000e+01,5.56250000e-02,1.22625000e+01
2.01767500e-06,5.02500000e+00,1.21000000e+01,-4.37500000e-03,1.22929688e+01
2.01799500e-06,4.98750000e+00,1.20375000e+01,2.31250000e-02,1.23437500e+01
2.01831500e-06,5.02500000e+00,1.20750000e+01,4.56250000e-02,1.23523437e+01
2.01863500e-06,4.93750000e+00,1.21750000e+01,3.81250000e-02,1.23351563e+01
2.01895500e-06,4.97500000e+00,1.21750000e+01,6.81250000e-02,1.22906250e+01
2.01927500e-06,4.87500000e+00,1.20250000e+01,2.31250000e-02,1.23000000e+01
2.01959500e-06,4.91250000e+00,1.21500000e+01,5.56250000e-02,1.23031250e+01
2.01991500e-06,5.12500000e+00,1.20625000e+01,4.56250000e-02,1.22367187e+01
2.02023500e-06,5.00000000e+00,1.20375000e+01,5.31250000e-02,1.21593750e+01
2.02055500e-06,4.98750000e+00,1.21375000e+01,6.31250000e-02,1.22648438e+01
2.02087500e-06,4.85000000e+00,1.22750000e+01,2.06250000e-02,1.23148437e+01
2.02119500e-06,4.95000000e+00,1.20875000e+01,4.31250000e-02,1.22703125e+01
2.02151500e-06,4.87500000e+00,1.21500000e+01,4.06250000e-02,1.23000000e+01
2.02183500e-06,4.87500000e+00,1.21000000e+01,5.06250000e-02,1.22562500e+01
2.02215500e-06,4.96250000e+00,1.21750000e+01,5.31250000e-02,1.22164063e+01
2.02247500e-06,4.95000000e+00,1.21500000e+01,4.81250000e-02,1.22375000e+01
2.02279500e-06,5.01250000e+00,1.20250000e+01,2.81250000e-02,1.22921875e+01
2.02311500e-06,4.93750000e+00,1.19750000e+01,2.06250000e-02,1.23593750e+01
2.02343500e-06,4.95000000e+00,1.21250000e+01,4.81250000e-02,1.23179688e+01
2.02375500e-06,5.01250000e+00,1.20125000e+01,3.31250000e-02,1.22484375e+01
2.02407500e-06,4.87500000e+00,1.21875000e+01,1.81250000e-02,1.22476563e+01
2.02439500e-06,4.96250000e+00,1.19375000e+01,2.06250000e-02,1.22718750e+01
2.02471500e-06,4.80000000e+00,1.20625000e+01,3.06250000e-02,1.23226562e+01
2.02503500e-06,4.92500000e+00,1.21500000e+01,2.56250000e-02,1.24187500e+01
2.02535500e-06,4.98750000e+00,1.21875000e+01,5.62500000e-03,1.23375000e+01
2.02567500e-06,4.88750000e+00,1.22250000e+01,5.31250000e-02,1.23789062e+01
2.02599500e-06,5.03750000e+00,1.21250000e+01,6.06250000e-02,1.25187500e+01
2.02631500e-06,4.91250000e+00,1.21000000e+01,4.56250000e-02,1.24984375e+01
2.02663500e-06,4.96250000e+00,1.21750000e+01,5.62500000e-03,1.23546875e+01
2.02695500e-06,4.91250000e+00,1.21500000e+01,4.81250000e-02,1.22554688e+01
2.02727500e-06,4.77500000e+00,1.20375000e+01,5.31250000e-02,1.22453125e+01
2.02759500e-06,4.88750000e+00,1.21875000e+01,3.81250000e-02,1.22828125e+01
2.02791500e-06,5.07500000e+00,1.21875000e+01,3.06250000e-02,1.23882813e+01
2.02823500e-06,4.92500000e+00,1.21250000e+01,4.31250000e-02,1.23703125e+01
2.02855500e-06,4.82500000e+00,1.21250000e+01,3.81250000e-02,1.23359375e+01
2.02887500e-06,5.03750000e+00,1.19250000e+01,3.81250000e-02,1.23710938e+01
2.02919500e-06,5.00000000e+00,1.21875000e+01,7.06250000e-02,1.24007812e+01
2.02951500e-06,5.03750000e+00,1.22000000e+01,3.56250000e-02,1.22992187e+01
2.02983500e-06,4.90000000e+00,1.20625000e+01,4.31250000e-02,1.23039063e+01
2.03015500e-06,4.96250000e+00,1.20625000e+01,4.81250000e-02,1.24015625e+01
2.03047500e-06,4.82500000e+00,1.20750000e+01,2.31250000e-02,1.24062500e+01
2.03079500e-06,4.88750000e+00,1.21875000e+01,2.31250000e-02,1.22835937e+01
2.03111500e-06,5.06250000e+00,1.23000000e+01,4.06250000e-02,1.23406250e+01
2.03143500e-06,5.02500000e+00,1.20875000e+01,4.06250000e-02,1.24281250e+01
2.03175500e-06,4.90000000e+00,1.21250000e+01,7.81250000e-02,1.24203125e+01
2.03207500e-06,4.92500000e+00,1.21625000e+01,5.06250000e-02,1.23828125e+01
2.03239500e-06,4.93750000e+00,1.23625000e+01,3.31250000e-02,1.23351563e+01
2.03271500e-06,5.01250000e+00,1.20875000e+01,4.31250000e-02,1.23328125e+01
2.03303500e-06,4.83750000e+00,1.21250000e+01,3.31250000e-02,1.23484375e+01
2.03335500e-06,5.00000000e+00,1.21750000e+01,4.31250000e-02,1.23796875e+01
2.03367500e-06,5.03750000e+00,1.20875000e+01,4.06250000e-02,1.23570313e+01
2.03399500e-06,5.02500000e+00,1.22125000e+01,5.31250000e-02,1.24023438e+01
2.03431500e-06,4.97500000e+00,1.21000000e+01,8.12500000e-03,1.23140625e+01
2.03463500e-06,4.85000000e+00,1.20625000e+01,-1.18750000e-02,1.22671875e+01
2.03495500e-06,4.90000000e+00,1.22250000e+01,5.56250000e-02,1.23085938e+01
2.03527500e-06,4.93750000e+00,1.20875000e+01,6.31250000e-02,1.23718750e+01
2.03559500e-06,4.92500000e+00,1.21500000e+01,3.81250000e-02,1.23890625e+01
2.03591500e-06,4.96250000e+00,1.21500000e+01,3.31250000e-02,1.24640625e+01
2.03623500e-06,4.97500000e+00,1.19750000e+01,4.31250000e-02,1.24726562e+01
2.03655500e-06,5.03750000e+00,1.20125000e+01,4.06250000e-02,1.24203125e+01
2.03687500e-06,4.78750000e+00,1.22375000e+01,1.56250000e-02,1.23984375e+01
2.03719500e-06,4.98750000e+00,1.22500000e+01,-4.37500000e-03,1.24562500e+01
2.03751500e-06,4.98750000e+00,1.20375000e+01,3.56250000e-02,1.23773437e+01
2.03783500e-06,5.01250000e+00,1.19250000e+01,4.06250000e-02,1.22875000e+01
2.03815500e-06,4.96250000e+00,1.21250000e+01,8.12500000e-03,1.23359375e+01
2.03847500e-06,4.88750000e+00,1.21250000e+01,4.81250000e-02,1.23242188e+01
2.03879500e-06,4.86250000e+00,1.21250000e+01,3.81250000e-02,1.23734375e+01
2.03911500e-06,4.92500000e+00,1.21000000e+01,3.31250000e-02,1.24085937e+01
2.03943500e-06,4.85000000e+00,1.21500000e+01,2.56250000e-02,1.23726563e+01
2.03975500e-06,4.90000000e+00,1.20250000e+01,5.06250000e-02,1.23398438e+01
2.04007500e-06,4.87500000e+00,1.20375000e+01,4.31250000e-02,1.23921875e+01
2.04039500e-06,4.91250000e+00,1.20750000e+01,5.56250000e-02,1.23648438e+01
2.04071500e-06,4.76250000e+00,1.21625000e+01,1.56250000e-02,1.23632812e+01
2.04103500e-06,4.95000000e+00,1.20250000e+01,2.81250000e-02,1.23898438e+01
2.04135500e-06,4.92500000e+00,1.22125000e+01,5.06250000e-02,1.23765625e+01
2.04167500e-06,5.00000000e+00,1.22500000e+01,4.06250000e-02,1.23679687e+01
2.04199500e-06,4.83750000e+00,1.21250000e+01,5.06250000e-02,1.24164062e+01
2.04231500e-06,5.08750000e+00,1.21625000e+01,2.56250000e-02,1.23742188e+01
2.04263500e-06,4.93750000e+00,1.21500000e+01,4.56250000e-02,1.23429688e+01
2.04295500e-06,4.98750000e+00,1.20000000e+01,4.81250000e-02,1.23789062e+01
2.04327500e-06,5.07500000e+00,1.20875000e+01,1.06250000e-02,1.23773437e+01
2.04359500e-06,5.22500000e+00,1.19875000e+01,3.31250000e-02,1.23242188e+01
2.04391500e-06,5.11250000e+00,1.19625000e+01,6.31250000e-02,1.22359375e+01
2.04423500e-06,5.20000000e+00,1.19875000e+01,6.31250000e-02,1.23312500e+01
2.04455500e-06,5.37187500e+00,1.19375000e+01,2.81250000e-02,1.23812500e+01
2.04487500e-06,5.26250000e+00,1.19625000e+01,3.12500000e-03,1.23578125e+01
2.04519500e-06,5.31250000e+00,1.20000000e+01,3.31250000e-02,1.23585938e+01
2.04551500e-06,5.12500000e+00,1.19125000e+01,1.56250000e-02,1.22687500e+01
2.04583500e-06,5.15000000e+00,1.22250000e+01,5.31250000e-02,1.22484375e+01
2.04615500e-06,5.25000000e+00,1.19875000e+01,1.81250000e-02,1.23218750e+01
2.04647500e-06,5.10000000e+00,1.20500000e+01,4.81250000e-02,1.23312500e+01
2.04679500e-06,4.97500000e+00,1.22250000e+01,5.06250000e-02,1.23273438e+01
2.04711500e-06,4.88750000e+00,1.22875000e+01,2.06250000e-02,1.23781250e+01
2.04743500e-06,4.87500000e+00,1.21125000e+01,2.81250000e-02,1.23640625e+01
2.04775500e-06,5.05000000e+00,1.19750000e+01,5.56250000e-02,1.22460938e+01
2.04807500e-06,4.97500000e+00,1.21500000e+01,5.56250000e-02,1.21953125e+01
2.04839500e-06,4.83750000e+00,1.22250000e+01,3.06250000e-02,1.22656250e+01
2.04871500e-06,4.84687500e+00,1.21250000e+01,2.56250000e-02,1.23171875e+01
2.04903500e-06,4.70937500e+00,1.22375000e+01,1.31250000e-02,1.24007812e+01
2.04935500e-06,4.81250000e+00,1.23875000e+01,2.81250000e-02,1.23484375e+01
2.04967500e-06,4.71562500e+00,1.23000000e+01,3.31250000e-02,1.22398438e+01
2.04999500e-06,4.53125000e+00,1.23000000e+01,3.81250000e-02,1.22148438e+01
2.05031500e-06,4.53125000e+00,1.21125000e+01,3.81250000e-02,1.22906250e+01
2.05063500e-06,4.52812500e+00,1.22625000e+01,4.31250000e-02,1.23187500e+01
2.05095500e-06,4.51562500e+00,1.24875000e+01,2.56250000e-02,1.23703125e+01
2.05127500e-06,4.41562500e+00,1.22625000e+01,2.06250000e-02,1.24085937e+01
2.05159500e-06,4.27812500e+00,1.23000000e+01,4.06250000e-02,1.24304687e+01
2.05191500e-06,4.15312500e+00,1.22375000e+01,4.81250000e-02,1.23851562e+01
2.05223500e-06,4.02812500e+00,1.23250000e+01,3.56250000e-02,1.23195313e+01
2.05255500e-06,4.17812500e+00,1.23500000e+01,4.81250000e-02,1.23625000e+01
2.05287500e-06,4.01562500e+00,1.23250000e+01,5.31250000e-02,1.23460937e+01
2.05319500e-06,3.88125000e+00,1.22250000e+01,5.81250000e-02,1.23468750e+01
2.05351500e-06,3.78125000e+00,1.23500000e+01,5.06250000e-02,1.22976562e+01
2.05383500e-06,3.86875000e+00,1.22625000e+01,5.06250000e-02,1.22343750e+01
2.05415500e-06,3.80625000e+00,1.23500000e+01,6.81250000e-02,1.23054687e+01
2.05447500e-06,3.73125000e+00,1.23000000e+01,5.56250000e-02,1.23234375e+01
2.05479500e-06,3.64375000e+00,1.22625000e+01,3.81250000e-02,1.22664062e+01
2.05511500e-06,3.51875000e+00,1.23625000e+01,3.81250000e-02,1.22281250e+01
2.05543500e-06,3.39375000e+00,1.24750000e+01,4.31250000e-02,1.23250000e+01
2.05575500e-06,3.33125000e+00,1.22750000e+01,6.81250000e-02,1.23390625e+01
2.05607500e-06,3.26875000e+00,1.25375000e+01,5.31250000e-02,1.22695312e+01
2.05639500e-06,3.06250000e+00,1.25250000e+01,4.56250000e-02,1.23625000e+01
2.05671500e-06,3.05000000e+00,1.25875000e+01,4.56250000e-02,1.24000000e+01
2.05703500e-06,2.92500000e+00,1.25625000e+01,3.31250000e-02,1.23023438e+01
2.05735500e-06,2.83750000e+00,1.25375000e+01,6.56250000e-02,1.23179688e+01
2.05767500e-06,2.73750000e+00,1.27000000e+01,5.56250000e-02,1.23250000e+01
2.05799500e-06,2.67500000e+00,1.27500000e+01,6.56250000e-02,1.23070312e+01
2.05831500e-06,2.58750000e+00,1.28250000e+01,7.56250000e-02,1.22492188e+01
2.05863500e-06,2.38750000e+00,1.28125000e+01,4.81250000e-02,1.21992188e+01
2.05895500e-06,2.23750000e+00,1.28000000e+01,7.06250000e-02,1.22414063e+01
2.05927500e-06,2.18125000e+00,1.29500000e+01,7.81250000e-02,1.23125000e+01
2.05959500e-06,1.85625000e+00,1.29250000e+01,4.31250000e-02,1.22921875e+01
2.05991500e-06,1.71875000e+00,1.30875000e+01,6.56250000e-02,1.22867188e+01
2.06023500e-06,1.61875000e+00,1.30375000e+01,7.56250000e-02,1.22585937e+01
2.06055500e-06,1.35000000e+00,1.31125000e+01,5.56250000e-02,1.22257813e+01
2.06087500e-06,1.11875000e+00,1.31500000e+01,7.06250000e-02,1.22421875e+01
2.06119500e-06,9.93750000e-01,1.33125000e+01,7.56250000e-02,1.22101563e+01
2.06151500e-06,9.37500000e-01,1.32375000e+01,1.16875000e-01,1.22710938e+01
2.06183500e-06,4.50000000e-01,1.33875000e+01,8.31250000e-02,1.22250000e+01
2.06215500e-06,3.90625000e-01,1.32000000e+01,9.31250000e-02,1.22078125e+01
2.06247500e-06,1.28125000e-01,1.33500000e+01,5.56250000e-02,1.22484375e+01
2.06279500e-06,-3.43750000e-02,1.33000000e+01,4.81250000e-02,1.21523438e+01
2.06311500e-06,-1.68750000e-01,1.34250000e+01,6.81250000e-02,1.20992188e+01
2.06343500e-06,-4.40625000e-01,1.35000000e+01,9.87500000e-02,1.20781250e+01
2.06375500e-06,-7.31250000e-01,1.34375000e+01,6.56250000e-02,1.21109375e+01
2.06407500e-06,-1.14687500e+00,1.36625000e+01,9.87500000e-02,1.21507812e+01
2.06439500e-06,-1.46562500e+00,1.36250000e+01,1.01875000e-01,1.20789062e+01
2.06471500e-06,-1.75000000e+00,1.35750000e+01,9.06250000e-02,1.20125000e+01
2.06503500e-06,-2.02187500e+00,1.37375000e+01,9.87500000e-02,1.19890625e+01
2.06535500e-06,-2.45937500e+00,1.39250000e+01,6.06250000e-02,1.20398437e+01
2.06567500e-06,-2.89062500e+00,1.41500000e+01,4.06250000e-02,1.19820313e+01
2.06599500e-06,-3.32812500e+00,1.41000000e+01,8.62500000e-02,1.18804688e+01
2.06631500e-06,-3.61250000e+00,1.43000000e+01,1.09375000e-01,1.18101563e+01
2.06663500e-06,-4.03437500e+00,1.44375000e+01,9.12500000e-02,1.17312500e+01
2.06695500e-06,-4.60312500e+00,1.44750000e+01,1.11250000e-01,1.17445312e+01
2.06727500e-06,-5.11875000e+00,1.46625000e+01,6.56250000e-02,1.17601562e+01
2.06759500e-06,-5.50937500e+00,1.49250000e+01,9.62500000e-02,1.16656250e+01
2.06791500e-06,-6.15937500e+00,1.50500000e+01,1.14375000e-01,1.15851563e+01
2.06823500e-06,-6.69062500e+00,1.51500000e+01,1.16875000e-01,1.15343750e+01
2.06855500e-06,-7.27500000e+00,1.52875000e+01,1.43750000e-01,1.14796875e+01
2.06887500e-06,-7.69062500e+00,1.54375000e+01,1.34375000e-01,1.14617187e+01
2.06919500e-06,-8.10625000e+00,1.54250000e+01,1.13750000e-01,1.13281250e+01
2.06951500e-06,-8.47187500e+00,1.56125000e+01,1.32500000e-01,1.11992188e+01
2.06983500e-06,-8.94687500e+00,1.58000000e+01,1.63750000e-01,1.12257813e+01
2.07015500e-06,-9.25625000e+00,1.58625000e+01,1.14375000e-01,1.11070313e+01
2.07047500e-06,-9.57187500e+00,1.58375000e+01,1.21250000e-01,1.09789062e+01
2.07079500e-06,-9.71875000e+00,1.57875000e+01,1.09375000e-01,1.09054688e+01
2.07111500e-06,-9.97812500e+00,1.57500000e+01,1.29375000e-01,1.07843750e+01
2.07143500e-06,-1.02187500e+01,1.58750000e+01,1.37500000e-01,1.07085937e+01
2.07175500e-06,-1.02843750e+01,1.55875000e+01,1.46250000e-01,1.06914062e+01
2.07207500e-06,-1.03343750e+01,1.56500000e+01,1.43750000e-01,1.06179687e+01
2.07239500e-06,-inf,1.53750000e+01,1.62500000e-01,1.04351562e+01
2.07271500e-06,-1.04000000e+01,1.53375000e+01,1.19375000e-01,1.04343750e+01
2.07303500e-06,-1.03781250e+01,1.53000000e+01,1.36875000e-01,1.03226562e+01
2.07335500e-06,-1.00750000e+01,1.53000000e+01,1.53750000e-01,1.01656250e+01
2.07367500e-06,-1.00218750e+01,1.50750000e+01,1.29375000e-01,9.99531250e+00
2.07399500e-06,-9.70312500e+00,1.49750000e+01,1.03750000e-01,9.92656250e+00
2.07431500e-06,-9.38125000e+00,1.48250000e+01,1.06875000e-01,9.81796875e+00
2.07463500e-06,-8.95000000e+00,1.48125000e+01,1.25000000e-01,9.64921875e+00
2.07495500e-06,-8.70937500e+00,1.47125000e+01,1.64375000e-01,9.56718750e+00
2.07527500e-06,-8.17812500e+00,1.45375000e+01,1.26875000e-01,9.40000000e+00
2.07559500e-06,-7.72500000e+00,1.44125000e+01,1.33750000e-01,9.20312500e+00
2.07591500e-06,-7.19062500e+00,1.42875000e+01,1.30000000e-01,9.03750000e+00
2.07623500e-06,-6.62187500e+00,1.42500000e+01,8.50000000e-02,8.93437500e+00
2.07655500e-06,-5.98750000e+00,1.40125000e+01,9.62500000e-02,8.80390625e+00
2.07687500e-06,-5.49062500e+00,1.39250000e+01,9.87500000e-02,8.57578125e+00
2.07719500e-06,-4.77500000e+00,1.39500000e+01,7.56250000e-02,8.42031250e+00
2.07751500e-06,-4.00000000e+00,1.36500000e+01,9.62500000e-02,8.25000000e+00
2.07783500e-06,-3.54687500e+00,1.36750000e+01,1.01250000e-01,8.07421875e+00
2.07815500e-06,-2.76250000e+00,1.34625000e+01,7.31250000e-02,7.92968750e+00
2.07847500e-06,-2.03750000e+00,1.34250000e+01,7.31250000e-02,7.84218750e+00
2.07879500e-06,-1.45312500e+00,1.33625000e+01,7.81250000e-02,7.67656250e+00
2.07911500e-06,-8.59375000e-01,1.30750000e+01,4.06250000e-02,7.39140625e+00
2.07943500e-06,-2.68750000e-01,1.29500000e+01,5.56250000e-02,7.21250000e+00
2.07975500e-06,1.53125000e-01,1.30000000e+01,9.06250000e-02,7.08359375e+00
2.08007500e-06,6.03125000e-01,1.28000000e+01,3.06250000e-02,6.88828125e+00
2.08039500e-06,1.05625000e+00,1.27625000e+01,2.31250000e-02,6.73437500e+00
2.08071500e-06,1.20312500e+00,1.26000000e+01,5.56250000e-02,6.49843750e+00
2.08103500e-06,1.30000000e+00,1.26625000e+01,3.06250000e-02,6.25156250e+00
2.08135500e-06,1.47812500e+00,1.25125000e+01,3.06250000e-02,6.11406250e+00
2.08167500e-06,1.51562500e+00,1.23750000e+01,5.62500000e-03,6.00625000e+00
2.08199500e-06,1.60625000e+00,1.22875000e+01,5.31250000e-02,5.77265625e+00
2.08231500e-06,1.37812500e+00,1.23875000e+01,3.06250000e-02,5.52968750e+00
2.08263500e-06,1.31562500e+00,1.22875000e+01,5.06250000e-02,5.38125000e+00
2.08295500e-06,1.28125000e+00,1.21875000e+01,5.81250000e-02,5.26875000e+00
2.08327500e-06,1.09687500e+00,1.21375000e+01,3.06250000e-02,4.99140625e+00
2.08359500e-06,1.12187500e+00,1.20500000e+01,-1.18750000e-02,4.74453125e+00
2.08391500e-06,9.43750000e-01,1.19625000e+01,1.31250000e-02,4.59843750e+00
2.08423500e-06,7.87500000e-01,1.18500000e+01,4.56250000e-02,4.42578125e+00
2.08455500e-06,5.93750000e-01,1.14875000e+01,-9.37500000e-03,4.27890625e+00
2.08487500e-06,6.09375000e-01,1.15750000e+01,3.56250000e-02,4.11015625e+00
2.08519500e-06,6.59375000e-01,1.15625000e+01,3.56250000e-02,3.83046875e+00
2.08551500e-06,4.65625000e-01,1.14875000e+01,2.81250000e-02,3.65234375e+00
2.08583500e-06,3.12500000e-01,1.12250000e+01,2.06250000e-02,3.55312500e+00
2.08615500e-06,2.87500000e-01,1.11750000e+01,4.06250000e-02,3.39375000e+00
2.08647500e-06,2.00000000e-01,1.11250000e+01,2.06250000e-02,3.24531250e+00
2.08679500e-06,2.25000000e-01,1.11625000e+01,3.06250000e-02,2.99296875e+00
2.08711500e-06,2.12500000e-01,1.09000000e+01,5.56250000e-02,2.82578125e+00
2.08743500e-06,2.12500000e-01,1.10125000e+01,3.06250000e-02,2.77656250e+00
2.08775500e-06,1.12500000e-01,1.09125000e+01,4.56250000e-02,2.59218750e+00
2.08807500e-06,3.75000000e-02,1.11500000e+01,5.81250000e-02,2.37734375e+00
2.08839500e-06,1.12500000e-01,1.10125000e+01,7.56250000e-02,2.18359375e+00
2.08871500e-06,2.50000000e-01,1.11250000e+01,6.06250000e-02,2.14843750e+00
2.08903500e-06,2.37500000e-01,1.11000000e+01,6.56250000e-02,2.03593750e+00
2.08935500e-06,4.12500000e-01,1.10875000e+01,5.31250000e-02,1.87890625e+00
2.08967500e-06,4.50000000e-01,1.10500000e+01,2.81250000e-02,1.70156250e+00
2.08999500e-06,3.12500000e-01,1.10500000e+01,4.56250000e-02,1.56796875e+00
2.09031500e-06,2.75000000e-01,1.12125000e+01,6.06250000e-02,1.47187500e+00
2.09063500e-06,5.43750000e-01,1.13625000e+01,5.31250000e-02,1.40312500e+00
2.09095500e-06,5.62500000e-01,1.14125000e+01,5.06250000e-02,1.25546875e+00
2.09127500e-06,7.03125000e-01,1.14625000e+01,4.31250000e-02,1.20546875e+00
2.09159500e-06,7.96875000e-01,1.15500000e+01,8.56250000e-02,1.18437500e+00
2.09191500e-06,6.03125000e-01,1.17625000e+01,5.81250000e-02,1.06406250e+00
2.09223500e-06,4.93750000e-01,1.18125000e+01,7.81250000e-02,9.47656250e-01
2.09255500e-06,4.40625000e-01,1.21250000e+01,7.06250000e-02,8.71875000e-01
2.09287500e-06,3.37500000e-01,1.24375000e+01,1.01875000e-01,7.57812500e-01
2.09319500e-06,8.75000000e-02,1.26125000e+01,9.06250000e-02,7.74218750e-01
2.09351500e-06,-1.40625000e-01,1.25500000e+01,8.31250000e-02,7.28125000e-01
2.09383500e-06,-2.31250000e-01,1.29250000e+01,9.12500000e-02,7.12500000e-01
2.09415500e-06,-6.93750000e-01,1.28625000e+01,1.11875000e-01,7.49218750e-01
2.09447500e-06,-8.46875000e-01,1.30875000e+01,1.09375000e-01,7.37500000e-01
2.09479500e-06,-9.81250000e-01,1.30000000e+01,8.56250000e-02,6.25781250e-01
2.09511500e-06,-1.21562500e+00,1.32250000e+01,7.31250000e-02,5.71875000e-01
2.09543500e-06,-1.29062500e+00,1.30875000e+01,1.04375000e-01,5.89843750e-01
2.09575500e-06,-1.58750000e+00,1.31000000e+01,9.31250000e-02,5.09375000e-01
2.09607500e-06,-1.87187500e+00,1.30625000e+01,9.93750000e-02,4.71093750e-01
2.09639500e-06,-1.76250000e+00,1.29750000e+01,1.11875000e-01,4.94531250e-01
2.09671500e-06,-1.82500000e+00,1.28125000e+01,1.11250000e-01,4.89843750e-01
2.09703500e-06,-1.91562500e+00,1.27000000e+01,8.56250000e-02,5.50000000e-01
2.09735500e-06,-1.84062500e+00,1.25125000e+01,8.31250000e-02,5.40625000e-01
2.09767500e-06,-1.58437500e+00,1.24375000e+01,1.04375000e-01,4.83593750e-01
2.09799500e-06,-1.36562500e+00,1.24000000e+01,1.09375000e-01,3.70312500e-01
2.09831500e-06,-1.43125000e+00,1.21875000e+01,1.34375000e-01,2.89062500e-01
2.09863500e-06,-1.19062500e+00,1.19625000e+01,9.56250000e-02,3.95312500e-01
2.09895500e-06,-8.12500000e-01,1.19125000e+01,1.14375000e-01,4.41406250e-01
2.09927500e-06,-6.62500000e-01,1.17875000e+01,1.29375000e-01,4.37500000e-01
2.09959500e-06,-3.96875000e-01,1.18375000e+01,1.13750000e-01,4.76562500e-01
2.09991500e-06,-3.75000000e-02,1.17125000e+01,4.31250000e-02,4.81250000e-01
2.10023500e-06,-8.43750000e-02,1.17750000e+01,7.31250000e-02,4.55468750e-01
2.10055500e-06,3.50000000e-01,1.17000000e+01,7.06250000e-02,4.69531250e-01
2.10087500e-06,5.50000000e-01,1.18000000e+01,3.81250000e-02,4.14843750e-01
2.10119500e-06,7.06250000e-01,1.17125000e+01,5.06250000e-02,3.72656250e-01
2.10151500e-06,1.00625000e+00,1.19250000e+01,6.06250000e-02,4.37500000e-01
2.10183500e-06,1.16562500e+00,1.20875000e+01,5.56250000e-02,4.82031250e-01
2.10215500e-06,1.31250000e+00,1.21750000e+01,3.06250000e-02,5.96093750e-01
2.10247500e-06,1.56562500e+00,1.23625000e+01,4.81250000e-02,5.63281250e-01
2.10279500e-06,1.67812500e+00,1.25375000e+01,6.81250000e-02,5.43750000e-01
2.10311500e-06,1.89062500e+00,1.26750000e+01,3.06250000e-02,4.96093750e-01
2.10343500e-06,2.06250000e+00,1.28125000e+01,3.81250000e-02,5.14843750e-01
2.10375500e-06,2.35312500e+00,1.29500000e+01,2.81250000e-02,5.27343750e-01
2.10407500e-06,2.41250000e+00,1.30375000e+01,3.06250000e-02,5.63281250e-01
2.10439500e-06,2.45937500e+00,1.30000000e+01,4.31250000e-02,5.86718750e-01
2.10471500e-06,2.53750000e+00,1.32500000e+01,2.06250000e-02,6.03906250e-01
2.10503500e-06,2.61250000e+00,1.32250000e+01,2.81250000e-02,5.54687500e-01
2.10535500e-06,2.83750000e+00,1.32875000e+01,-4.37500000e-03,5.06250000e-01
2.10567500e-06,2.87500000e+00,1.33250000e+01,5.62500000e-03,4.82031250e-01
2.10599500e-06,2.80000000e+00,1.30875000e+01,3.56250000e-02,4.75781250e-01
2.10631500e-06,2.85000000e+00,1.29750000e+01,1.06250000e-02,5.29687500e-01
2.10663500e-06,2.91250000e+00,1.28875000e+01,1.31250000e-02,5.92187500e-01
2.10695500e-06,2.86250000e+00,1.26500000e+01,3.06250000e-02,5.53906250e-01
2.10727500e-06,2.66250000e+00,1.25000000e+01,-1.87500000e-03,4.61718750e-01
2.10759500e-06,2.62500000e+00,1.22250000e+01,2.06250000e-02,3.87500000e-01
2.10791500e-06,2.62500000e+00,1.21250000e+01,1.81250000e-02,4.17968750e-01
2.10823500e-06,2.45000000e+00,1.18625000e+01,2.56250000e-02,3.50781250e-01
2.10855500e-06,2.47500000e+00,1.15875000e+01,-1.68750000e-02,3.71093750e-01
2.10887500e-06,2.28750000e+00,1.14375000e+01,5.62500000e-03,4.01562500e-01
2.10919500e-06,2.12812500e+00,1.13625000e+01,3.12500000e-03,4.14843750e-01
2.10951500e-06,1.94375000e+00,1.10500000e+01,-2.18750000e-02,4.26562500e-01
2.10983500e-06,1.81875000e+00,1.11500000e+01,1.06250000e-02,3.89062500e-01
2.11015500e-06,1.65625000e+00,1.12000000e+01,1.31250000e-02,3.73437500e-01
2.11047500e-06,1.55312500e+00,1.10875000e+01,-9.37500000e-03,3.53906250e-01
2.11079500e-06,1.31250000e+00,1.11875000e+01,-1.93750000e-02,4.26562500e-01
2.11111500e-06,1.15625000e+00,1.12750000e+01,5.62500000e-03,3.99218750e-01
2.11143500e-06,7.18750000e-01,1.13750000e+01,3.12500000e-03,3.03906250e-01
2.11175500e-06,7.21875000e-01,1.17375000e+01,2.31250000e-02,3.14843750e-01
2.11207500e-06,3.87500000e-01,1.17875000e+01,2.06250000e-02,3.54687500e-01
2.11239500e-06,1.53125000e-01,1.20000000e+01,2.06250000e-02,4.13281250e-01
2.11271500e-06,1.25000000e-02,1.21500000e+01,5.62500000e-03,4.10937500e-01
2.11303500e-06,-2.68750000e-01,1.25250000e+01,-1.68750000e-02,4.32031250e-01
2.11335500e-06,-3.53125000e-01,1.27000000e+01,1.56250000e-02,3.75000000e-01
2.11367500e-06,-5.12500000e-01,1.28000000e+01,3.31250000e-02,2.93750000e-01
2.11399500e-06,-6.87500000e-01,1.32500000e+01,2.06250000e-02,3.41406250e-01
2.11431500e-06,-6.18750000e-01,1.35000000e+01,1.56250000e-02,4.51562500e-01
2.11463500e-06,-8.21875000e-01,1.36000000e+01,1.06250000e-02,4.03125000e-01
2.11495500e-06,-8.56250000e-01,1.36250000e+01,3.31250000e-02,3.51562500e-01
2.11527500e-06,-8.06250000e-01,1.36250000e+01,5.31250000e-02,3.42187500e-01
2.11559500e-06,-7.25000000e-01,1.37625000e+01,5.31250000e-02,4.21093750e-01
2.11591500e-06,-8.06250000e-01,1.37500000e+01,3.56250000e-02,4.49218750e-01
2.11623500e-06,-8.56250000e-01,1.36125000e+01,3.81250000e-02,4.78906250e-01
2.11655500e-06,-7.12500000e-01,1.34250000e+01,3.56250000e-02,4.65625000e-01
2.11687500e-06,-3.96875000e-01,1.31250000e+01,4.06250000e-02,4.78906250e-01
2.11719500e-06,-2.81250000e-01,1.29375000e+01,4.06250000e-02,4.88281250e-01
2.11751500e-06,-7.50000000e-02,1.28000000e+01,4.81250000e-02,4.42968750e-01
2.11783500e-06,6.87500000e-02,1.24125000e+01,5.06250000e-02,4.83593750e-01
2.11815500e-06,3.03125000e-01,1.22750000e+01,5.31250000e-02,4.68750000e-01
2.11847500e-06,5.78125000e-01,1.21000000e+01,5.06250000e-02,4.46875000e-01
2.11879500e-06,7.43750000e-01,1.19250000e+01,6.31250000e-02,4.17187500e-01
2.11911500e-06,7.53125000e-01,1.14750000e+01,3.31250000e-02,4.56250000e-01
2.11943500e-06,9.28125000e-01,1.13125000e+01,5.06250000e-02,5.20312500e-01
2.11975500e-06,1.23125000e+00,1.11500000e+01,6.06250000e-02,4.95312500e-01
2.12007500e-06,1.27187500e+00,1.10500000e+01,4.81250000e-02,5.10937500e-01
2.12039500e-06,1.44062500e+00,1.08500000e+01,1.56250000e-02,5.32812500e-01
2.12071500e-06,1.57812500e+00,1.07750000e+01,2.56250000e-02,5.03125000e-01
2.12103500e-06,1.63125000e+00,1.09750000e+01,3.31250000e-02,5.06250000e-01
2.12135500e-06,1.70312500e+00,1.11375000e+01,3.06250000e-02,4.28125000e-01
2.12167500e-06,1.77812500e+00,1.11250000e+01,3.56250000e-02,3.23437500e-01
2.12199500e-06,1.91562500e+00,1.12500000e+01,3.06250000e-02,3.81250000e-01
2.12231500e-06,1.99062500e+00,1.14375000e+01,6.31250000e-02,4.42968750e-01
2.12263500e-06,1.92812500e+00,1.15375000e+01,4.81250000e-02,5.11718750e-01
2.12295500e-06,1.95312500e+00,1.16125000e+01,2.31250000e-02,4.78125000e-01
2.12327500e-06,1.99062500e+00,1.20500000e+01,6.06250000e-02,3.60156250e-01
2.12359500e-06,1.97812500e+00,1.22750000e+01,5.81250000e-02,3.50781250e-01
2.12391500e-06,2.02812500e+00,1.24625000e+01,3.81250000e-02,2.85937500e-01
2.12423500e-06,1.77812500e+00,1.25750000e+01,3.12500000e-03,2.55468750e-01
2.12455500e-06,1.87812500e+00,1.27750000e+01,5.62500000e-03,2.81250000e-01
2.12487500e-06,1.99062500e+00,1.27000000e+01,4.81250000e-02,2.07812500e-01
2.12519500e-06,1.89062500e+00,1.28625000e+01,2.06250000e-02,2.17187500e-01
2.12551500e-06,1.72812500e+00,1.29875000e+01,2.31250000e-02,2.33593750e-01
2.12583500e-06,1.85312500e+00,1.30250000e+01,3.31250000e-02,2.17968750e-01
2.12615500e-06,2.01562500e+00,1.30375000e+01,4.81250000e-02,2.05468750e-01
2.12647500e-06,1.87812500e+00,1.29250000e+01,5.06250000e-02,1.20312500e-01
2.12679500e-06,1.92812500e+00,1.27875000e+01,2.31250000e-02,3.82812500e-02
2.12711500e-06,1.97812500e+00,1.27625000e+01,3.06250000e-02,8.82812500e-02
2.12743500e-06,2.16562500e+00,1.26500000e+01,2.56250000e-02,5.00000000e-02
2.12775500e-06,2.15625000e+00,1.25125000e+01,2.31250000e-02,-5.62500000e-02
2.12807500e-06,2.17187500e+00,1.22125000e+01,2.06250000e-02,-1.53125000e-01
2.12839500e-06,2.16562500e+00,1.21125000e+01,1.81250000e-02,-1.46875000e-01
2.12871500e-06,2.17500000e+00,1.18250000e+01,3.06250000e-02,-1.46093750e-01
2.12903500e-06,2.06875000e+00,1.17250000e+01,2.31250000e-02,-2.58593750e-01
2.12935500e-06,2.15312500e+00,1.16750000e+01,1.31250000e-02,-3.89843750e-01
2.12967500e-06,2.03437500e+00,1.15125000e+01,2.06250000e-02,-2.69531250e-01
2.12999500e-06,2.01875000e+00,1.13125000e+01,2.56250000e-02,-2.00781250e-01
2.13031500e-06,1.85312500e+00,1.13750000e+01,1.06250000e-02,-2.35937500e-01
2.13063500e-06,1.86875000e+00,1.13250000e+01,1.31250000e-02,-3.07031250e-01
2.13095500e-06,1.64062500e+00,1.13000000e+01,1.81250000e-02,-3.89062500e-01
2.13127500e-06,1.51562500e+00,1.14625000e+01,5.06250000e-02,-3.77343750e-01
2.13159500e-06,1.49062500e+00,1.15875000e+01,5.56250000e-02,-3.82812500e-01
2.13191500e-06,1.31250000e+00,1.16250000e+01,3.06250000e-02,-5.01562500e-01
2.13223500e-06,9.31250000e-01,1.16500000e+01,1.31250000e-02,-5.19531250e-01
2.13255500e-06,7.37500000e-01,1.17750000e+01,5.06250000e-02,-5.81250000e-01
2.13287500e-06,6.06250000e-01,1.22125000e+01,4.31250000e-02,-6.35156250e-01
2.13319500e-06,4.84375000e-01,1.23125000e+01,3.06250000e-02,-5.85156250e-01
2.13351500e-06,3.65625000e-01,1.24625000e+01,6.56250000e-02,-5.79687500e-01
2.13383500e-06,1.12500000e-01,1.26375000e+01,4.56250000e-02,-6.30468750e-01
2.13415500e-06,-2.50000000e-02,1.28125000e+01,6.56250000e-02,-6.47656250e-01
2.13447500e-06,-8.75000000e-02,1.28625000e+01,4.81250000e-02,-5.83593750e-01
2.13479500e-06,-2.71875000e-01,1.30625000e+01,3.56250000e-02,-5.76562500e-01
2.13511500e-06,-4.65625000e-01,1.29750000e+01,6.56250000e-02,-5.74218750e-01
2.13543500e-06,-5.12500000e-01,1.31750000e+01,6.56250000e-02,-4.88281250e-01
2.13575500e-06,-2.68750000e-01,1.31625000e+01,4.31250000e-02,-4.78906250e-01
2.13607500e-06,-3.18750000e-01,1.31125000e+01,4.81250000e-02,-5.02343750e-01
2.13639500e-06,-2.28125000e-01,1.31500000e+01,5.81250000e-02,-5.80468750e-01
2.13671500e-06,-2.12500000e-01,1.30625000e+01,7.56250000e-02,-5.64062500e-01
2.13703500e-06,1.87500000e-02,1.29000000e+01,5.06250000e-02,-5.49218750e-01
2.13735500e-06,1.28125000e-01,1.26875000e+01,5.06250000e-02,-5.17968750e-01
2.13767500e-06,2.12500000e-01,1.25250000e+01,3.31250000e-02,-4.71093750e-01
2.13799500e-06,4.03125000e-01,1.25875000e+01,3.56250000e-02,-4.04687500e-01
2.13831500e-06,6.15625000e-01,1.22250000e+01,4.06250000e-02,-3.94531250e-01
2.13863500e-06,8.56250000e-01,1.20875000e+01,5.31250000e-02,-3.53125000e-01
2.13895500e-06,9.40625000e-01,1.19375000e+01,3.81250000e-02,-3.96875000e-01
2.13927500e-06,1.09062500e+00,1.19500000e+01,5.31250000e-02,-3.75781250e-01
2.13959500e-06,1.46562500e+00,1.16750000e+01,6.56250000e-02,-3.07031250e-01
2.13991500e-06,1.57812500e+00,1.15125000e+01,2.31250000e-02,-3.05468750e-01
2.14023500e-06,1.59062500e+00,1.14750000e+01,2.81250000e-02,-3.14843750e-01
2.14055500e-06,1.95000000e+00,1.14875000e+01,5.81250000e-02,-2.48437500e-01
2.14087500e-06,2.30312500e+00,1.12625000e+01,3.56250000e-02,-2.32812500e-01
2.14119500e-06,2.26562500e+00,1.13750000e+01,6.31250000e-02,-1.54687500e-01
2.14151500e-06,2.41875000e+00,1.12875000e+01,3.81250000e-02,-9.53125000e-02
2.14183500e-06,2.51250000e+00,1.12875000e+01,5.81250000e-02,-9.84375000e-02
2.14215500e-06,2.50000000e+00,1.15125000e+01,4.06250000e-02,-7.65625000e-02
2.14247500e-06,2.61250000e+00,1.14500000e+01,3.81250000e-02,-1.04687500e-01
2.14279500e-06,2.58750000e+00,1.15625000e+01,3.81250000e-02,-8.35937500e-02
2.14311500e-06,2.51250000e+00,1.17375000e+01,2.31250000e-02,-5.07812500e-02
2.14343500e-06,2.38750000e+00,1.17625000e+01,4.31250000e-02,-4.29687500e-02
2.14375500e-06,2.41250000e+00,1.19375000e+01,3.06250000e-02,-1.25000000e-02
2.14407500e-06,2.30000000e+00,1.20000000e+01,2.31250000e-02,-5.85937500e-02
2.14439500e-06,2.27500000e+00,1.21375000e+01,2.81250000e-02,-3.90625000e-02
2.14471500e-06,2.15937500e+00,1.20250000e+01,2.31250000e-02,3.82812500e-02
2.14503500e-06,2.15000000e+00,1.21750000e+01,5.06250000e-02,5.00000000e-02
2.14535500e-06,1.98125000e+00,1.22875000e+01,3.56250000e-02,7.10937500e-02
2.14567500e-06,1.93125000e+00,1.25375000e+01,5.62500000e-03,7.26562500e-02
2.14599500e-06,1.88125000e+00,1.24750000e+01,5.06250000e-02,2.26562500e-02
2.14631500e-06,1.79062500e+00,1.26000000e+01,3.06250000e-02,2.65625000e-02
2.14663500e-06,1.70312500e+00,1.25375000e+01,3.06250000e-02,4.60937500e-02
2.14695500e-06,1.60312500e+00,1.25625000e+01,3.56250000e-02,-1.01562500e-02
2.14727500e-06,1.57812500e+00,1.24750000e+01,2.56250000e-02,-5.39062500e-02
2.14759500e-06,1.59062500e+00,1.23000000e+01,3.06250000e-02,5.62500000e-02
2.14791500e-06,1.44062500e+00,1.23875000e+01,2.56250000e-02,1.08593750e-01
2.14823500e-06,1.39062500e+00,1.23375000e+01,2.56250000e-02,1.04687500e-01
2.14855500e-06,1.42812500e+00,1.21375000e+01,3.56250000e-02,1.67968750e-01
2.14887500e-06,1.51875000e+00,1.23125000e+01,3.81250000e-02,1.67187500e-01
2.14919500e-06,1.25937500e+00,1.21250000e+01,4.06250000e-02,9.37500000e-03
2.14951500e-06,1.34062500e+00,1.19875000e+01,2.06250000e-02,5.00000000e-02
2.14983500e-06,1.20937500e+00,1.18375000e+01,5.62500000e-03,9.92187500e-02
2.15015500e-06,1.20625000e+00,1.18250000e+01,3.06250000e-02,9.29687500e-02
2.15047500e-06,1.24687500e+00,1.17875000e+01,8.31250000e-02,6.95312500e-02
2.15079500e-06,1.31562500e+00,1.19625000e+01,5.06250000e-02,-8.59375000e-03
2.15111500e-06,1.23125000e+00,1.17250000e+01,5.06250000e-02,-2.96875000e-02
2.15143500e-06,1.09375000e+00,1.15875000e+01,2.81250000e-02,-7.81250000e-04
2.15175500e-06,1.12187500e+00,1.18750000e+01,1.06250000e-02,-7.81250000e-03
2.15207500e-06,9.68750000e-01,1.18500000e+01,3.56250000e-02,-1.87500000e-02
2.15239500e-06,1.04375000e+00,1.18500000e+01,5.81250000e-02,1.64062500e-02
2.15271500e-06,1.01875000e+00,1.18750000e+01,4.06250000e-02,-1.01562500e-02
2.15303500e-06,8.31250000e-01,1.18750000e+01,6.56250000e-02,-8.67187500e-02
2.15335500e-06,8.12500000e-01,1.20500000e+01,8.31250000e-02,4.21875000e-02
2.15367500e-06,6.18750000e-01,1.21625000e+01,1.56250000e-02,1.45312500e-01
2.15399500e-06,6.71875000e-01,1.20750000e+01,5.81250000e-02,8.20312500e-02
2.15431500e-06,5.00000000e-01,1.20750000e+01,6.56250000e-02,-8.04687500e-02
2.15463500e-06,6.87500000e-01,1.21875000e+01,6.81250000e-02,-1.21875000e-01
2.15495500e-06,5.68750000e-01,1.22875000e+01,7.56250000e-02,-1.56250000e-02
2.15527500e-06,4.81250000e-01,1.23000000e+01,4.31250000e-02,2.89062500e-02
2.15559500e-06,5.56250000e-01,1.24375000e+01,7.56250000e-02,-6.64062500e-02
2.15591500e-06,5.18750000e-01,1.25750000e+01,6.56250000e-02,-4.92187500e-02
2.15623500e-06,4.93750000e-01,1.25875000e+01,5.56250000e-02,-1.64062500e-02
2.15655500e-06,5.34375000e-01,1.26500000e+01,5.31250000e-02,-1.00000000e-01
2.15687500e-06,6.40625000e-01,1.26750000e+01,2.31250000e-02,-1.24218750e-01
2.15719500e-06,7.93750000e-01,1.26250000e+01,3.31250000e-02,-9.37500000e-02
2.15751500e-06,7.65625000e-01,1.25875000e+01,4.31250000e-02,-1.39843750e-01
2.15783500e-06,9.03125000e-01,1.25750000e+01,4.56250000e-02,-7.73437500e-02
2.15815500e-06,8.68750000e-01,1.24875000e+01,4.06250000e-02,5.15625000e-02
2.15847500e-06,9.31250000e-01,1.26000000e+01,2.06250000e-02,1.25000000e-02
2.15879500e-06,1.20937500e+00,1.25250000e+01,1.31250000e-02,-4.21875000e-02
2.15911500e-06,1.31562500e+00,1.25125000e+01,3.81250000e-02,2.26562500e-02
2.15943500e-06,1.47812500e+00,1.23000000e+01,5.31250000e-02,-5.31250000e-02
2.15975500e-06,1.68125000e+00,1.23125000e+01,3.56250000e-02,-7.96875000e-02
2.16007500e-06,1.73125000e+00,1.24250000e+01,1.56250000e-02,-3.12500000e-03
2.16039500e-06,1.99062500e+00,1.22875000e+01,4.31250000e-02,1.64062500e-02
2.16071500e-06,1.90312500e+00,1.20375000e+01,2.81250000e-02,-6.40625000e-02
2.16103500e-06,2.26562500e+00,1.21250000e+01,4.56250000e-02,-4.60937500e-02
2.16135500e-06,2.40625000e+00,1.20250000e+01,1.06250000e-02,-4.21875000e-02
2.16167500e-06,2.37187500e+00,1.21625000e+01,2.31250000e-02,-9.60937500e-02
2.16199500e-06,2.40937500e+00,1.20625000e+01,4.56250000e-02,-1.32812500e-01
2.16231500e-06,2.56250000e+00,1.20625000e+01,1.31250000e-02,-1.89062500e-01
2.16263500e-06,2.55000000e+00,1.19375000e+01,1.06250000e-02,-1.92968750e-01
2.16295500e-06,2.63750000e+00,1.18375000e+01,2.31250000e-02,-1.57031250e-01
2.16327500e-06,2.71250000e+00,1.18625000e+01,4.56250000e-02,-4.14062500e-02
2.16359500e-06,2.73750000e+00,1.20250000e+01,-1.87500000e-03,-7.81250000e-04
2.16391500e-06,2.65000000e+00,1.19000000e+01,2.06250000e-02,-5.62500000e-02
2.16423500e-06,2.66250000e+00,1.21125000e+01,2.06250000e-02,-7.26562500e-02
2.16455500e-06,2.62500000e+00,1.18125000e+01,2.31250000e-02,-8.59375000e-02
2.16487500e-06,2.57500000e+00,1.19000000e+01,3.81250000e-02,-2.01562500e-01
2.16519500e-06,2.58750000e+00,1.22750000e+01,-1.87500000e-03,-2.00781250e-01
2.16551500e-06,2.28750000e+00,1.21750000e+01,2.56250000e-02,-4.60937500e-02
2.16583500e-06,2.28750000e+00,1.21500000e+01,2.06250000e-02,-8.82812500e-02
2.16615500e-06,2.17187500e+00,1.24250000e+01,3.56250000e-02,-1.33593750e-01
2.16647500e-06,2.14687500e+00,1.21625000e+01,2.31250000e-02,-1.28906250e-01
2.16679500e-06,1.98437500e+00,1.22500000e+01,1.06250000e-02,-7.73437500e-02
2.16711500e-06,1.68437500e+00,1.23625000e+01,1.56250000e-02,-6.56250000e-02
2.16743500e-06,1.76875000e+00,1.24125000e+01,3.06250000e-02,-1.21875000e-01
2.16775500e-06,1.58125000e+00,1.24750000e+01,-1.87500000e-03,-2.38281250e-01
2.16807500e-06,1.52812500e+00,1.24250000e+01,1.56250000e-02,-1.22656250e-01
2.16839500e-06,1.45312500e+00,1.25250000e+01,3.56250000e-02,-6.40625000e-02
2.16871500e-06,1.27187500e+00,1.24250000e+01,2.56250000e-02,-8.20312500e-02
2.16903500e-06,1.35312500e+00,1.22125000e+01,2.56250000e-02,-1.17187500e-01
2.16935500e-06,1.19687500e+00,1.25250000e+01,3.12500000e-03,-1.43750000e-01
2.16967500e-06,1.30312500e+00,1.25125000e+01,2.31250000e-02,-1.67968750e-01
2.16999500e-06,1.16875000e+00,1.25125000e+01,3.31250000e-02,-1.71875000e-01
2.17031500e-06,9.18750000e-01,1.23375000e+01,1.81250000e-02,-1.82031250e-01
2.17063500e-06,8.18750000e-01,1.24375000e+01,5.81250000e-02,-1.40625000e-01
2.17095500e-06,9.18750000e-01,1.23500000e+01,3.31250000e-02,-7.81250000e-02
2.17127500e-06,9.68750000e-01,1.24000000e+01,-1.87500000e-03,-6.95312500e-02
2.17159500e-06,8.56250000e-01,1.23125000e+01,1.56250000e-02,-6.87500000e-02
2.17191500e-06,8.81250000e-01,1.23250000e+01,2.56250000e-02,-1.42968750e-01
2.17223500e-06,7.43750000e-01,1.21750000e+01,2.56250000e-02,-1.97656250e-01
2.17255500e-06,8.81250000e-01,1.22250000e+01,2.06250000e-02,-1.85937500e-01
2.17287500e-06,9.31250000e-01,1.21500000e+01,6.56250000e-02,-1.39843750e-01
2.17319500e-06,9.18750000e-01,1.19250000e+01,4.56250000e-02,-1.17187500e-01
2.17351500e-06,9.06250000e-01,1.20125000e+01,4.81250000e-02,-1.00781250e-01
2.17383500e-06,1.03125000e+00,1.19000000e+01,3.31250000e-02,-1.15625000e-01
2.17415500e-06,1.03125000e+00,1.19375000e+01,8.31250000e-02,-1.42187500e-01
2.17447500e-06,1.03125000e+00,1.19500000e+01,9.56250000e-02,-1.58593750e-01
2.17479500e-06,1.05625000e+00,1.18625000e+01,3.81250000e-02,-1.66406250e-01
2.17511500e-06,1.08125000e+00,1.19250000e+01,4.81250000e-02,-1.25781250e-01
2.17543500e-06,1.13125000e+00,1.18000000e+01,5.31250000e-02,-1.22656250e-01
2.17575500e-06,1.11875000e+00,1.17875000e+01,3.81250000e-02,-8.35937500e-02
2.17607500e-06,1.13125000e+00,1.19000000e+01,6.56250000e-02,-4.21875000e-02
2.17639500e-06,1.14375000e+00,1.19250000e+01,2.81250000e-02,-5.93750000e-02
2.17671500e-06,1.28437500e+00,1.20250000e+01,4.06250000e-02,-6.79687500e-02
2.17703500e-06,1.36562500e+00,1.19125000e+01,6.56250000e-02,1.56250000e-03
2.17735500e-06,1.35312500e+00,1.19125000e+01,8.06250000e-02,-1.56250000e-02
2.17767500e-06,1.46875000e+00,1.20750000e+01,2.56250000e-02,-1.01562500e-01
2.17799500e-06,1.41875000e+00,1.20875000e+01,2.31250000e-02,-5.39062500e-02
2.17831500e-06,1.46875000e+00,1.20125000e+01,7.06250000e-02,5.46875000e-03
2.17863500e-06,1.53125000e+00,1.21625000e+01,7.31250000e-02,-2.34375000e-03
2.17895500e-06,1.70625000e+00,1.21625000e+01,5.62500000e-03,1.01562500e-02
2.17927500e-06,1.56562500e+00,1.22625000e+01,6.31250000e-02,3.90625000e-03
2.17959500e-06,1.65312500e+00,1.23750000e+01,4.06250000e-02,-4.14062500e-02
2.17991500e-06,1.76562500e+00,1.22125000e+01,4.31250000e-02,-4.45312500e-02
2.18023500e-06,1.76562500e+00,1.24375000e+01,4.31250000e-02,9.37500000e-03
2.18055500e-06,1.77812500e+00,1.23000000e+01,1.06250000e-02,2.34375000e-03
2.18087500e-06,1.87812500e+00,1.24000000e+01,5.81250000e-02,-5.85937500e-02
2.18119500e-06,1.91562500e+00,1.24250000e+01,5.56250000e-02,-2.42187500e-02
2.18151500e-06,1.96562500e+00,1.24750000e+01,4.06250000e-02,7.81250000e-03
2.18183500e-06,1.95312500e+00,1.23000000e+01,4.56250000e-02,2.34375000e-03
2.18215500e-06,2.02500000e+00,1.22750000e+01,3.06250000e-02,4.45312500e-02
2.18247500e-06,2.21562500e+00,1.22250000e+01,2.56250000e-02,3.98437500e-02
2.18279500e-06,2.14375000e+00,1.22750000e+01,4.31250000e-02,-9.68750000e-02
2.18311500e-06,1.92812500e+00,1.21250000e+01,4.31250000e-02,-9.21875000e-02
2.18343500e-06,2.15625000e+00,1.21875000e+01,1.06250000e-02,-4.21875000e-02
2.18375500e-06,2.13437500e+00,1.21250000e+01,2.06250000e-02,-3.28125000e-02
2.18407500e-06,2.05312500e+00,1.20875000e+01,3.06250000e-02,-6.32812500e-02
2.18439500e-06,2.24375000e+00,1.18875000e+01,4.56250000e-02,-5.54687500e-02
2.18471500e-06,2.23125000e+00,1.19625000e+01,4.31250000e-02,-8.59375000e-03
2.18503500e-06,2.22187500e+00,1.17875000e+01,5.81250000e-02,-8.82812500e-02
2.18535500e-06,2.25937500e+00,1.17875000e+01,2.06250000e-02,-8.59375000e-02
2.18567500e-06,2.05937500e+00,1.17375000e+01,8.12500000e-03,-1.48437500e-02
2.18599500e-06,1.99687500e+00,1.17500000e+01,1.56250000e-02,-8.20312500e-02
2.18631500e-06,2.01875000e+00,1.18125000e+01,1.81250000e-02,-1.36718750e-01
2.18663500e-06,1.96875000e+00,1.18250000e+01,8.12500000e-03,-4.68750000e-02
2.18695500e-06,1.94062500e+00,1.19125000e+01,6.25000000e-04,-6.79687500e-02
2.18727500e-06,1.82812500e+00,1.19500000e+01,2.31250000e-02,-9.76562500e-02
2.18759500e-06,1.65312500e+00,1.19625000e+01,2.31250000e-02,-8.28125000e-02
2.18791500e-06,1.61562500e+00,1.21000000e+01,4.31250000e-02,-9.92187500e-02
2.18823500e-06,1.69062500e+00,1.21375000e+01,1.31250000e-02,-6.87500000e-02
2.18855500e-06,1.72812500e+00,1.21250000e+01,2.31250000e-02,-1.31250000e-01
2.18887500e-06,1.42812500e+00,1.20875000e+01,2.06250000e-02,-5.85937500e-02
2.18919500e-06,1.39062500e+00,1.23000000e+01,1.31250000e-02,-6.87500000e-02
2.18951500e-06,1.40312500e+00,1.24625000e+01,2.81250000e-02,-8.20312500e-02
2.18983500e-06,1.39375000e+00,1.26500000e+01,3.06250000e-02,-1.46875000e-01
2.19015500e-06,1.27187500e+00,1.26125000e+01,5.81250000e-02,-1.10156250e-01
2.19047500e-06,1.09687500e+00,1.25875000e+01,5.81250000e-02,-7.03125000e-02
2.19079500e-06,9.84375000e-01,1.27250000e+01,2.81250000e-02,-1.07812500e-01
2.19111500e-06,1.05625000e+00,1.25750000e+01,2.31250000e-02,-1.24218750e-01
2.19143500e-06,1.15625000e+00,1.26250000e+01,4.56250000e-02,-1.25000000e-02
2.19175500e-06,1.06875000e+00,1.27750000e+01,4.31250000e-02,-7.26562500e-02
2.19207500e-06,1.03125000e+00,1.27250000e+01,-4.37500000e-03,-1.65625000e-01
2.19239500e-06,9.81250000e-01,1.27625000e+01,2.81250000e-02,-9.68750000e-02
2.19271500e-06,8.93750000e-01,1.26000000e+01,5.81250000e-02,-5.00000000e-02
2.19303500e-06,9.68750000e-01,1.26375000e+01,2.06250000e-02,-1.82812500e-01
2.19335500e-06,1.13125000e+00,1.23875000e+01,1.81250000e-02,-1.78906250e-01
2.19367500e-06,1.06875000e+00,1.24875000e+01,2.06250000e-02,-1.79687500e-02
2.19399500e-06,1.15625000e+00,1.22875000e+01,-1.87500000e-03,2.26562500e-02
2.19431500e-06,1.06875000e+00,1.22250000e+01,4.56250000e-02,1.79687500e-02
2.19463500e-06,1.20625000e+00,1.20750000e+01,4.06250000e-02,-6.25000000e-03
2.19495500e-06,1.24375000e+00,1.21375000e+01,1.56250000e-02,-2.18750000e-02
2.19527500e-06,1.30312500e+00,1.19375000e+01,3.56250000e-02,-4.68750000e-02
2.19559500e-06,1.37812500e+00,1.19625000e+01,8.12500000e-03,-8.59375000e-02
2.19591500e-06,1.45312500e+00,1.18750000e+01,6.25000000e-04,-3.04687500e-02
2.19623500e-06,1.58125000e+00,1.18500000e+01,3.12500000e-03,6.25000000e-03
2.19655500e-06,1.61875000e+00,1.18125000e+01,4.81250000e-02,-7.34375000e-02
2.19687500e-06,1.70312500e+00,1.19125000e+01,2.06250000e-02,-6.64062500e-02
2.19719500e-06,1.71562500e+00,1.17625000e+01,2.56250000e-02,7.96875000e-02
2.19751500e-06,1.86562500e+00,1.19750000e+01,7.06250000e-02,1.42968750e-01
2.19783500e-06,1.71562500e+00,1.18625000e+01,1.06250000e-02,6.40625000e-02
2.19815500e-06,1.82812500e+00,1.20000000e+01,-1.18750000e-02,1.95312500e-02
2.19847500e-06,2.05312500e+00,1.20750000e+01,3.06250000e-02,9.68750000e-02
2.19879500e-06,2.04062500e+00,1.21500000e+01,5.62500000e-03,1.43750000e-01
2.19911500e-06,1.96562500e+00,1.22250000e+01,1.56250000e-02,9.29687500e-02
2.19943500e-06,1.95312500e+00,1.25500000e+01,4.81250000e-02,8.59375000e-02
2.19975500e-06,2.02812500e+00,1.23625000e+01,3.31250000e-02,1.78125000e-01
2.20007500e-06,2.02812500e+00,1.24375000e+01,2.81250000e-02,1.25781250e-01
2.20039500e-06,2.04062500e+00,1.26000000e+01,2.06250000e-02,1.58593750e-01
2.20071500e-06,2.14062500e+00,1.27000000e+01,2.56250000e-02,1.65625000e-01
2.20103500e-06,2.06875000e+00,1.25875000e+01,3.56250000e-02,1.36718750e-01
2.20135500e-06,2.01875000e+00,1.26375000e+01,6.25000000e-04,1.82812500e-01
2.20167500e-06,2.07500000e+00,1.25750000e+01,1.31250000e-02,1.45312500e-01
2.20199500e-06,2.17187500e+00,1.29125000e+01,2.81250000e-02,8.43750000e-02
2.20231500e-06,1.92500000e+00,1.26625000e+01,3.31250000e-02,9.53125000e-02
2.20263500e-06,1.99062500e+00,1.27500000e+01,3.81250000e-02,1.96875000e-01
2.20295500e-06,2.03125000e+00,1.24500000e+01,4.06250000e-02,1.85156250e-01
2.20327500e-06,1.97812500e+00,1.25875000e+01,2.56250000e-02,1.27343750e-01
2.20359500e-06,1.87812500e+00,1.25625000e+01,-6.87500000e-03,1.17187500e-01
2.20391500e-06,1.96562500e+00,1.23875000e+01,1.31250000e-02,1.30468750e-01
2.20423500e-06,1.89062500e+00,1.24000000e+01,4.81250000e-02,1.16406250e-01
2.20455500e-06,1.77812500e+00,1.21250000e+01,3.06250000e-02,1.14062500e-01
2.20487500e-06,2.00312500e+00,1.21125000e+01,1.56250000e-02,8.75000000e-02
2.20519500e-06,1.91562500e+00,1.20625000e+01,4.56250000e-02,1.09375000e-01
2.20551500e-06,1.76562500e+00,1.19250000e+01,1.31250000e-02,4.06250000e-02
2.20583500e-06,1.72812500e+00,1.19750000e+01,2.56250000e-02,5.46875000e-02
2.20615500e-06,1.71562500e+00,1.16875000e+01,4.81250000e-02,6.01562500e-02
2.20647500e-06,1.54062500e+00,1.16625000e+01,3.31250000e-02,7.81250000e-02
2.20679500e-06,1.71562500e+00,1.16875000e+01,1.31250000e-02,1.49218750e-01
2.20711500e-06,1.77812500e+00,1.17250000e+01,1.56250000e-02,1.02343750e-01
2.20743500e-06,1.54062500e+00,1.15500000e+01,5.62500000e-03,6.25000000e-02
2.20775500e-06,1.57812500e+00,1.16625000e+01,-9.37500000e-03,1.17187500e-02
2.20807500e-06,1.50312500e+00,1.15750000e+01,4.06250000e-02,-4.68750000e-03
2.20839500e-06,1.47812500e+00,1.18000000e+01,3.06250000e-02,-2.89062500e-02
2.20871500e-06,1.50312500e+00,1.19000000e+01,2.81250000e-02,-5.46875000e-02
2.20903500e-06,1.43125000e+00,1.18375000e+01,2.56250000e-02,-3.28125000e-02
2.20935500e-06,1.45312500e+00,1.19375000e+01,5.06250000e-02,-3.20312500e-02
2.20967500e-06,1.30312500e+00,1.20500000e+01,4.81250000e-02,2.50000000e-02
2.20999500e-06,1.14687500e+00,1.21625000e+01,4.06250000e-02,-2.34375000e-03
2.21031500e-06,1.13437500e+00,1.22375000e+01,3.81250000e-02,-4.37500000e-02
2.21063500e-06,1.14375000e+00,1.22625000e+01,5.31250000e-02,-1.51562500e-01
2.21095500e-06,1.15625000e+00,1.23750000e+01,3.31250000e-02,-1.88281250e-01
2.21127500e-06,1.09375000e+00,1.22125000e+01,3.06250000e-02,-1.46093750e-01
2.21159500e-06,1.05625000e+00,1.24000000e+01,4.31250000e-02,-1.54687500e-01
2.21191500e-06,1.18125000e+00,1.24375000e+01,5.31250000e-02,-1.21875000e-01
2.21223500e-06,1.03125000e+00,1.24750000e+01,6.56250000e-02,-7.42187500e-02
2.21255500e-06,1.05625000e+00,1.25000000e+01,4.31250000e-02,-1.07031250e-01
2.21287500e-06,1.16875000e+00,1.25875000e+01,3.31250000e-02,-1.98437500e-01
2.21319500e-06,9.56250000e-01,1.23250000e+01,4.56250000e-02,-2.45312500e-01
2.21351500e-06,1.14375000e+00,1.24000000e+01,3.06250000e-02,-2.32031250e-01
2.21383500e-06,1.08125000e+00,1.23375000e+01,3.31250000e-02,-1.32031250e-01
2.21415500e-06,1.05625000e+00,1.24250000e+01,3.31250000e-02,-1.96093750e-01
2.21447500e-06,1.24375000e+00,1.21125000e+01,4.31250000e-02,-2.49218750e-01
2.21479500e-06,1.30000000e+00,1.21625000e+01,5.06250000e-02,-1.96875000e-01
2.21511500e-06,1.16875000e+00,1.20750000e+01,3.56250000e-02,-2.12500000e-01
2.21543500e-06,1.35312500e+00,1.21000000e+01,3.56250000e-02,-2.45312500e-01
2.21575500e-06,1.47812500e+00,1.19250000e+01,5.81250000e-02,-2.97656250e-01
2.21607500e-06,1.46562500e+00,1.19375000e+01,4.06250000e-02,-2.90625000e-01
2.21639500e-06,1.54375000e+00,1.18875000e+01,3.31250000e-02,-2.56250000e-01
2.21671500e-06,1.66875000e+00,1.18125000e+01,4.56250000e-02,-1.86718750e-01
2.21703500e-06,1.57812500e+00,1.18125000e+01,4.31250000e-02,-1.64062500e-01
2.21735500e-06,1.72812500e+00,1.19625000e+01,8.06250000e-02,-2.05468750e-01
2.21767500e-06,1.80312500e+00,1.17375000e+01,5.56250000e-02,-2.56250000e-01
2.21799500e-06,1.85312500e+00,1.16500000e+01,5.06250000e-02,-2.95312500e-01
2.21831500e-06,1.97812500e+00,1.18875000e+01,2.56250000e-02,-2.60156250e-01
2.21863500e-06,2.01250000e+00,1.19375000e+01,3.56250000e-02,-2.49218750e-01
2.21895500e-06,2.14375000e+00,1.18250000e+01,5.81250000e-02,-2.25781250e-01
2.21927500e-06,1.75000000e+00,1.18625000e+01,1.81250000e-02,-1.25000000e-01
2.21959500e-06,1.91562500e+00,1.19750000e+01,2.56250000e-02,-1.90625000e-01
2.21991500e-06,2.18125000e+00,1.21750000e+01,2.31250000e-02,-1.71875000e-01
2.22023500e-06,2.21875000e+00,1.22250000e+01,2.56250000e-02,-1.29687500e-01
2.22055500e-06,2.05625000e+00,1.22875000e+01,1.31250000e-02,-2.11718750e-01
2.22087500e-06,2.06562500e+00,1.22875000e+01,5.81250000e-02,-2.84375000e-01
2.22119500e-06,2.13437500e+00,1.23375000e+01,5.31250000e-02,-2.78906250e-01
2.22151500e-06,1.94062500e+00,1.24750000e+01,-9.37500000e-03,-1.82031250e-01
2.22183500e-06,1.96562500e+00,1.23875000e+01,3.06250000e-02,-1.39843750e-01
2.22215500e-06,2.03125000e+00,1.25375000e+01,2.81250000e-02,-2.31250000e-01
2.22247500e-06,1.91562500e+00,1.25125000e+01,2.06250000e-02,-2.10156250e-01
2.22279500e-06,1.89062500e+00,1.25125000e+01,5.62500000e-03,-1.92968750e-01
2.22311500e-06,1.82812500e+00,1.26875000e+01,6.25000000e-04,-1.30468750e-01
2.22343500e-06,1.79062500e+00,1.26750000e+01,5.62500000e-03,-1.39062500e-01
2.22375500e-06,1.76562500e+00,1.26250000e+01,4.56250000e-02,-2.10937500e-01
2.22407500e-06,1.71562500e+00,1.25250000e+01,3.31250000e-02,-2.99218750e-01
2.22439500e-06,1.66562500e+00,1.25500000e+01,2.56250000e-02,-2.40625000e-01
2.22471500e-06,1.76562500e+00,1.25000000e+01,1.31250000e-02,-1.17968750e-01
2.22503500e-06,1.65312500e+00,1.25625000e+01,1.81250000e-02,-1.14062500e-01
2.22535500e-06,1.67812500e+00,1.24875000e+01,3.81250000e-02,-1.12500000e-01
2.22567500e-06,1.66562500e+00,1.24250000e+01,8.12500000e-03,-1.37500000e-01
2.22599500e-06,1.80312500e+00,1.22250000e+01,4.81250000e-02,-1.12500000e-01
2.22631500e-06,1.69062500e+00,1.22250000e+01,4.31250000e-02,-9.53125000e-02
2.22663500e-06,1.66562500e+00,1.22250000e+01,6.25000000e-04,-9.06250000e-02
2.22695500e-06,1.72812500e+00,1.23000000e+01,1.06250000e-02,-9.53125000e-02
2.22727500e-06,1.76562500e+00,1.23125000e+01,3.06250000e-02,-4.06250000e-02
2.22759500e-06,1.72812500e+00,1.23375000e+01,1.06250000e-02,-3.75000000e-02
2.22791500e-06,1.57812500e+00,1.22125000e+01,4.81250000e-02,-5.39062500e-02
2.22823500e-06,1.56562500e+00,1.20875000e+01,2.31250000e-02,-4.37500000e-02
2.22855500e-06,1.66562500e+00,1.20750000e+01,1.56250000e-02,2.50000000e-02
2.22887500e-06,1.52812500e+00,1.21000000e+01,3.31250000e-02,7.81250000e-04
2.22919500e-06,1.65312500e+00,1.20875000e+01,3.56250000e-02,-3.04687500e-02
2.22951500e-06,1.56562500e+00,1.22250000e+01,-1.87500000e-03,4.68750000e-03
2.22983500e-06,1.60312500e+00,1.20750000e+01,4.06250000e-02,-3.35937500e-02
2.23015500e-06,1.54062500e+00,1.21875000e+01,-1.87500000e-03,5.70312500e-02
2.23047500e-06,1.51562500e+00,1.22375000e+01,1.06250000e-02,7.42187500e-02
2.23079500e-06,1.37812500e+00,1.22375000e+01,5.81250000e-02,4.06250000e-02
2.23111500e-06,1.42812500e+00,1.22250000e+01,4.31250000e-02,-2.26562500e-02
2.23143500e-06,1.34062500e+00,1.22625000e+01,2.31250000e-02,5.46875000e-03
2.23175500e-06,1.26250000e+00,1.22000000e+01,-1.93750000e-02,7.65625000e-02
2.23207500e-06,1.27187500e+00,1.22125000e+01,-1.87500000e-03,9.06250000e-02
2.23239500e-06,1.30000000e+00,1.21500000e+01,6.31250000e-02,5.07812500e-02
2.23271500e-06,1.28750000e+00,1.23625000e+01,1.31250000e-02,1.01562500e-01
2.23303500e-06,1.41562500e+00,1.21625000e+01,5.31250000e-02,1.78906250e-01
2.23335500e-06,1.20625000e+00,1.22625000e+01,6.06250000e-02,1.65625000e-01
2.23367500e-06,1.14687500e+00,1.24000000e+01,3.12500000e-03,1.07812500e-01
2.23399500e-06,1.30312500e+00,1.22000000e+01,2.56250000e-02,1.53906250e-01
2.23431500e-06,1.18125000e+00,1.20750000e+01,3.81250000e-02,8.75000000e-02
2.23463500e-06,1.27187500e+00,1.22750000e+01,1.31250000e-02,2.65625000e-02
2.23495500e-06,1.41562500e+00,1.22500000e+01,4.06250000e-02,9.76562500e-02
2.23527500e-06,1.47812500e+00,1.22375000e+01,3.81250000e-02,2.06250000e-01
2.23559500e-06,1.49375000e+00,1.21750000e+01,1.06250000e-02,2.22656250e-01
2.23591500e-06,1.36875000e+00,1.23375000e+01,2.56250000e-02,2.16406250e-01
2.23623500e-06,1.54062500e+00,1.21750000e+01,4.56250000e-02,1.66406250e-01
2.23655500e-06,1.56875000e+00,1.20750000e+01,4.06250000e-02,1.09375000e-01
2.23687500e-06,1.46562500e+00,1.19625000e+01,3.06250000e-02,1.32031250e-01
2.23719500e-06,1.57812500e+00,1.20000000e+01,3.06250000e-02,1.85937500e-01
2.23751500e-06,1.70625000e+00,1.20750000e+01,5.31250000e-02,2.64062500e-01
2.23783500e-06,1.70312500e+00,1.21000000e+01,2.31250000e-02,2.62500000e-01
2.23815500e-06,1.80312500e+00,1.20875000e+01,4.56250000e-02,2.14843750e-01
2.23847500e-06,1.97812500e+00,1.19875000e+01,5.62500000e-03,1.79687500e-01
2.23879500e-06,1.94062500e+00,1.19875000e+01,2.81250000e-02,1.32812500e-01
2.23911500e-06,2.11875000e+00,1.20250000e+01,8.56250000e-02,1.04687500e-01
2.23943500e-06,1.92812500e+00,1.20375000e+01,3.06250000e-02,1.32812500e-01
2.23975500e-06,1.94062500e+00,1.22500000e+01,1.06250000e-02,1.64062500e-01
2.24007500e-06,2.01562500e+00,1.20000000e+01,4.56250000e-02,2.00000000e-01
2.24039500e-06,1.99062500e+00,1.20250000e+01,3.81250000e-02,2.10937500e-01
2.24071500e-06,1.94062500e+00,1.21625000e+01,1.31250000e-02,1.52343750e-01
2.24103500e-06,1.99062500e+00,1.21250000e+01,3.31250000e-02,1.35156250e-01
2.24135500e-06,2.07812500e+00,1.20125000e+01,2.56250000e-02,1.50781250e-01
2.24167500e-06,1.99062500e+00,1.21000000e+01,1.56250000e-02,1.48437500e-01
2.24199500e-06,2.05312500e+00,1.20250000e+01,2.06250000e-02,9.14062500e-02
2.24231500e-06,1.94062500e+00,1.21000000e+01,2.31250000e-02,1.32031250e-01
2.24263500e-06,1.86562500e+00,1.21750000e+01,2.31250000e-02,1.95312500e-01
2.24295500e-06,1.69062500e+00,1.22125000e+01,1.81250000e-02,1.60156250e-01
2.24327500e-06,1.79062500e+00,1.21125000e+01,3.06250000e-02,6.56250000e-02
2.24359500e-06,1.86562500e+00,1.22000000e+01,2.31250000e-02,5.39062500e-02
2.24391500e-06,1.61562500e+00,1.22625000e+01,3.81250000e-02,9.45312500e-02
2.24423500e-06,1.66562500e+00,1.22500000e+01,4.81250000e-02,-6.25000000e-03
2.24455500e-06,1.65312500e+00,1.22625000e+01,2.56250000e-02,-7.10937500e-02
2.24487500e-06,1.44062500e+00,1.23000000e+01,1.31250000e-02,-3.20312500e-02
2.24519500e-06,1.52812500e+00,1.22375000e+01,2.56250000e-02,1.95312500e-02
2.24551500e-06,1.55312500e+00,1.23000000e+01,1.06250000e-02,5.54687500e-02
2.24583500e-06,1.51562500e+00,1.22375000e+01,3.06250000e-02,-5.46875000e-03
2.24615500e-06,1.59062500e+00,1.23000000e+01,2.81250000e-02,-2.50000000e-02
2.24647500e-06,1.47812500e+00,1.23000000e+01,1.06250000e-02,-4.84375000e-02
2.24679500e-06,1.32812500e+00,1.24125000e+01,3.31250000e-02,-1.20312500e-01
2.24711500e-06,1.35312500e+00,1.22500000e+01,1.31250000e-02,-2.10937500e-01
2.24743500e-06,1.40625000e+00,1.24375000e+01,5.06250000e-02,-2.19531250e-01
2.24775500e-06,1.44375000e+00,1.22250000e+01,2.81250000e-02,-1.35156250e-01
2.24807500e-06,1.48125000e+00,1.22500000e+01,1.81250000e-02,-6.56250000e-02
2.24839500e-06,1.59375000e+00,1.23625000e+01,8.12500000e-03,-1.04687500e-01
2.24871500e-06,1.61875000e+00,1.23125000e+01,2.06250000e-02,-1.07031250e-01
2.24903500e-06,1.56562500e+00,1.24125000e+01,1.31250000e-02,-1.08593750e-01
2.24935500e-06,1.54062500e+00,1.24125000e+01,5.06250000e-02,-1.79687500e-01
2.24967500e-06,1.60312500e+00,1.23250000e+01,2.81250000e-02,-1.71093750e-01
2.24999500e-06,1.44062500e+00,1.23125000e+01,2.56250000e-02,-1.33593750e-01
2.25031500e-06,1.56562500e+00,1.22000000e+01,4.31250000e-02,-8.75000000e-02
2.25063500e-06,1.66562500e+00,1.21875000e+01,2.56250000e-02,-1.69531250e-01
2.25095500e-06,1.59062500e+00,1.22625000e+01,5.56250000e-02,-2.44531250e-01
2.25127500e-06,1.64062500e+00,1.23875000e+01,4.81250000e-02,-2.81250000e-01
2.25159500e-06,1.56562500e+00,1.21625000e+01,3.81250000e-02,-2.33593750e-01
2.25191500e-06,1.51562500e+00,1.21500000e+01,3.56250000e-02,-2.92187500e-01
2.25223500e-06,1.62812500e+00,1.21000000e+01,4.81250000e-02,-3.46875000e-01
2.25255500e-06,1.49062500e+00,1.21125000e+01,1.81250000e-02,-2.47656250e-01
2.25287500e-06,1.52812500e+00,1.21250000e+01,1.81250000e-02,-2.10156250e-01
2.25319500e-06,1.76562500e+00,1.20125000e+01,-4.37500000e-03,-2.60156250e-01
2.25351500e-06,1.76562500e+00,1.21625000e+01,3.06250000e-02,-2.73437500e-01
2.25383500e-06,1.47812500e+00,1.21750000e+01,3.06250000e-02,-2.73437500e-01
2.25415500e-06,1.60312500e+00,1.20500000e+01,5.31250000e-02,-2.35156250e-01
2.25447500e-06,1.62812500e+00,1.20250000e+01,4.06250000e-02,-2.33593750e-01
2.25479500e-06,1.56562500e+00,1.21375000e+01,3.31250000e-02,-3.39843750e-01
2.25511500e-06,1.55312500e+00,1.22250000e+01,2.81250000e-02,-3.40625000e-01
2.25543500e-06,1.56562500e+00,1.22250000e+01,5.62500000e-03,-2.96093750e-01
2.25575500e-06,1.60312500e+00,1.23125000e+01,3.31250000e-02,-2.36718750e-01
2.25607500e-06,1.55312500e+00,1.21875000e+01,2.31250000e-02,-1.93750000e-01
2.25639500e-06,1.67812500e+00,1.23125000e+01,3.81250000e-02,-2.04687500e-01
2.25671500e-06,1.71562500e+00,1.22000000e+01,4.31250000e-02,-2.35937500e-01
2.25703500e-06,1.65312500e+00,1.22875000e+01,3.56250000e-02,-2.47656250e-01
2.25735500e-06,1.57812500e+00,1.23750000e+01,1.31250000e-02,-2.24218750e-01
2.25767500e-06,1.61562500e+00,1.23250000e+01,5.06250000e-02,-2.11718750e-01
2.25799500e-06,1.70312500e+00,1.22750000e+01,4.56250000e-02,-1.91406250e-01
2.25831500e-06,1.65312500e+00,1.23250000e+01,2.06250000e-02,-1.31250000e-01
2.25863500e-06,1.74062500e+00,1.21625000e+01,1.56250000e-02,-7.26562500e-02
2.25895500e-06,1.66562500e+00,1.23500000e+01,3.56250000e-02,-7.96875000e-02
2.25927500e-06,1.72812500e+00,1.22000000e+01,1.31250000e-02,-1.10156250e-01
2.25959500e-06,1.82812500e+00,1.19250000e+01,2.81250000e-02,-1.10937500e-01
2.25991500e-06,1.72812500e+00,1.19625000e+01,3.56250000e-02,-9.06250000e-02
2.26023500e-06,1.92812500e+00,1.20875000e+01,5.81250000e-02,-1.13281250e-01
2.26055500e-06,1.94062500e+00,1.20750000e+01,4.56250000e-02,-6.95312500e-02
2.26087500e-06,1.74062500e+00,1.21625000e+01,2.81250000e-02,-8.82812500e-02
2.26119500e-06,1.81562500e+00,1.21125000e+01,3.31250000e-02,-1.27343750e-01
2.26151500e-06,1.66562500e+00,1.20750000e+01,6.81250000e-02,-2.00000000e-01
2.26183500e-06,1.81562500e+00,1.20375000e+01,8.12500000e-03,-1.21875000e-01
2.26215500e-06,1.86562500e+00,1.19750000e+01,3.06250000e-02,-8.67187500e-02
2.26247500e-06,1.76562500e+00,1.20000000e+01,3.31250000e-02,-4.37500000e-02
2.26279500e-06,1.66562500e+00,1.20250000e+01,3.06250000e-02,-7.57812500e-02
2.26311500e-06,1.84062500e+00,1.19625000e+01,3.06250000e-02,-5.54687500e-02
2.26343500e-06,1.66562500e+00,1.19875000e+01,8.12500000e-03,-3.12500000e-03
2.26375500e-06,1.71562500e+00,1.20750000e+01,-1.18750000e-02,-6.79687500e-02
2.26407500e-06,1.65312500e+00,1.21000000e+01,5.31250000e-02,-8.12500000e-02
2.26439500e-06,1.66562500e+00,1.19250000e+01,5.31250000e-02,-2.89062500e-02
2.26471500e-06,1.72812500e+00,1.20750000e+01,4.06250000e-02,4.92187500e-02
2.26503500e-06,1.71562500e+00,1.19750000e+01,3.06250000e-02,6.25000000e-02
2.26535500e-06,1.67812500e+00,1.21250000e+01,3.06250000e-02,3.98437500e-02
2.26567500e-06,1.72812500e+00,1.22000000e+01,1.81250000e-02,7.42187500e-02
2.26599500e-06,1.39062500e+00,1.22750000e+01,3.56250000e-02,1.28906250e-01
2.26631500e-06,1.54062500e+00,1.22250000e+01,5.56250000e-02,1.36718750e-01
2.26663500e-06,1.51875000e+00,1.23250000e+01,2.06250000e-02,6.95312500e-02
2.26695500e-06,1.47812500e+00,1.22625000e+01,3.31250000e-02,4.68750000e-03
2.26727500e-06,1.39062500e+00,1.24500000e+01,2.56250000e-02,5.54687500e-02
2.26759500e-06,1.41562500e+00,1.23375000e+01,-6.87500000e-03,9.14062500e-02
2.26791500e-06,1.54375000e+00,1.22000000e+01,2.81250000e-02,4.76562500e-02
2.26823500e-06,1.40625000e+00,1.23500000e+01,5.81250000e-02,6.17187500e-02
2.26855500e-06,1.32812500e+00,1.25000000e+01,4.81250000e-02,1.43750000e-01
2.26887500e-06,1.33125000e+00,1.23875000e+01,5.31250000e-02,1.00781250e-01
2.26919500e-06,1.40625000e+00,1.23500000e+01,4.31250000e-02,5.78125000e-02
2.26951500e-06,1.45625000e+00,1.23000000e+01,3.56250000e-02,3.98437500e-02
2.26983500e-06,1.51875000e+00,1.23000000e+01,4.56250000e-02,8.20312500e-02
2.27015500e-06,1.48125000e+00,1.22125000e+01,4.81250000e-02,7.26562500e-02
2.27047500e-06,1.55312500e+00,1.22125000e+01,3.56250000e-02,7.34375000e-02
2.27079500e-06,1.44375000e+00,1.20625000e+01,5.31250000e-02,1.41406250e-01
2.27111500e-06,1.44062500e+00,1.21625000e+01,5.31250000e-02,1.28906250e-01
2.27143500e-06,1.66562500e+00,1.21750000e+01,3.56250000e-02,4.53125000e-02
2.27175500e-06,1.49375000e+00,1.22000000e+01,4.56250000e-02,4.60937500e-02
2.27207500e-06,1.56562500e+00,1.21375000e+01,4.31250000e-02,1.30468750e-01
2.27239500e-06,1.45312500e+00,1.20500000e+01,1.56250000e-02,1.89843750e-01
2.27271500e-06,1.52812500e+00,1.19000000e+01,4.81250000e-02,1.78906250e-01
2.27303500e-06,1.56562500e+00,1.20250000e+01,2.31250000e-02,1.79687500e-01
2.27335500e-06,1.77812500e+00,1.20125000e+01,2.06250000e-02,1.32031250e-01
2.27367500e-06,1.69062500e+00,1.20750000e+01,1.56250000e-02,7.73437500e-02
2.27399500e-06,1.81562500e+00,1.20125000e+01,1.06250000e-02,4.21875000e-02
2.27431500e-06,1.75312500e+00,1.20375000e+01,3.81250000e-02,9.21875000e-02
2.27463500e-06,1.75312500e+00,1.21375000e+01,2.31250000e-02,1.60937500e-01
2.27495500e-06,1.82812500e+00,1.20000000e+01,4.31250000e-02,1.31250000e-01
2.27527500e-06,1.66562500e+00,1.21375000e+01,3.56250000e-02,3.75000000e-02
2.27559500e-06,1.65312500e+00,1.20250000e+01,4.31250000e-02,1.01562500e-02
2.27591500e-06,1.91562500e+00,1.20500000e+01,3.56250000e-02,4.37500000e-02
2.27623500e-06,1.79062500e+00,1.23375000e+01,3.56250000e-02,1.17968750e-01
2.27655500e-06,1.85312500e+00,1.22625000e+01,2.81250000e-02,4.60937500e-02
2.27687500e-06,1.69062500e+00,1.22750000e+01,4.31250000e-02,-2.57812500e-02
2.27719500e-06,1.74062500e+00,1.23750000e+01,4.56250000e-02,-1.34375000e-01
2.27751500e-06,1.80312500e+00,1.23125000e+01,1.81250000e-02,-4.45312500e-02
2.27783500e-06,1.80312500e+00,1.24375000e+01,5.06250000e-02,4.37500000e-02
2.27815500e-06,1.71562500e+00,1.24750000e+01,4.31250000e-02,1.20312500e-01
2.27847500e-06,1.77812500e+00,1.23375000e+01,1.56250000e-02,6.25000000e-03
2.27879500e-06,1.80312500e+00,1.23625000e+01,2.31250000e-02,-5.00000000e-02
2.27911500e-06,1.79062500e+00,1.24750000e+01,4.06250000e-02,-8.43750000e-02
2.27943500e-06,1.77812500e+00,1.24375000e+01,1.56250000e-02,3.35937500e-02
2.27975500e-06,1.67812500e+00,1.23000000e+01,3.81250000e-02,2.65625000e-02
2.28007500e-06,1.85312500e+00,1.22250000e+01,6.31250000e-02,-2.10937500e-02
2.28039500e-06,1.76562500e+00,1.22250000e+01,2.81250000e-02,1.56250000e-03
2.28071500e-06,1.74062500e+00,1.23875000e+01,2.31250000e-02,8.59375000e-03
2.28103500e-06,1.72812500e+00,1.22625000e+01,3.81250000e-02,-6.25000000e-03
2.28135500e-06,1.77812500e+00,1.22625000e+01,-4.37500000e-03,3.04687500e-02
2.28167500e-06,1.79062500e+00,1.22625000e+01,4.81250000e-02,-2.96875000e-02
2.28199500e-06,1.65312500e+00,1.22500000e+01,3.56250000e-02,-4.14062500e-02
2.28231500e-06,1.70312500e+00,1.20375000e+01,4.81250000e-02,-1.01562500e-02
2.28263500e-06,1.77812500e+00,1.22125000e+01,5.56250000e-02,-2.96875000e-02
2.28295500e-06,1.70312500e+00,1.20125000e+01,3.81250000e-02,-3.90625000e-03
2.28327500e-06,1.75312500e+00,1.21875000e+01,3.31250000e-02,2.89062500e-02
2.28359500e-06,1.76562500e+00,1.20500000e+01,2.56250000e-02,2.50000000e-02
2.28391500e-06,1.60312500e+00,1.20750000e+01,1.56250000e-02,-3.59375000e-02
2.28423500e-06,1.70312500e+00,1.20125000e+01,3.06250000e-02,-8.35937500e-02
2.28455500e-06,1.80312500e+00,1.20000000e+01,4.81250000e-02,-3.51562500e-02
2.28487500e-06,1.64062500e+00,1.20625000e+01,5.56250000e-02,-1.32812500e-02
2.28519500e-06,1.59062500e+00,1.20375000e+01,2.56250000e-02,-2.10937500e-02
2.28551500e-06,1.64062500e+00,1.21375000e+01,2.06250000e-02,2.34375000e-02
2.28583500e-06,1.61562500e+00,1.21750000e+01,4.81250000e-02,-2.65625000e-02
2.28615500e-06,1.71562500e+00,1.20375000e+01,2.56250000e-02,-5.78125000e-02
2.28647500e-06,1.57812500e+00,1.22750000e+01,2.31250000e-02,-1.79687500e-02
2.28679500e-06,1.59062500e+00,1.22750000e+01,5.31250000e-02,-8.59375000e-03
2.28711500e-06,1.55312500e+00,1.22125000e+01,4.56250000e-02,-1.87500000e-02
2.28743500e-06,1.45312500e+00,1.21750000e+01,3.56250000e-02,-7.50000000e-02
2.28775500e-06,1.56562500e+00,1.22250000e+01,2.81250000e-02,-4.53125000e-02
2.28807500e-06,1.59062500e+00,1.23625000e+01,6.25000000e-04,-6.87500000e-02
2.28839500e-06,1.64062500e+00,1.23625000e+01,1.81250000e-02,-5.62500000e-02
2.28871500e-06,1.62812500e+00,1.23875000e+01,8.12500000e-03,-1.79687500e-02
2.28903500e-06,1.51562500e+00,1.23125000e+01,4.56250000e-02,-8.75000000e-02
2.28935500e-06,1.44062500e+00,1.22500000e+01,4.06250000e-02,-1.15625000e-01
2.28967500e-06,1.59062500e+00,1.22750000e+01,3.81250000e-02,-1.05468750e-01
2.28999500e-06,1.58125000e+00,1.22875000e+01,5.62500000e-03,-1.27343750e-01
2.29031500e-06,1.51562500e+00,1.23500000e+01,3.31250000e-02,8.82812500e-02
2.29063500e-06,1.44062500e+00,1.22000000e+01,2.81250000e-02,8.51562500e-02
2.29095500e-06,1.61562500e+00,1.21875000e+01,1.31250000e-02,1.64062500e-02
2.29127500e-06,1.54062500e+00,1.21750000e+01,2.31250000e-02,-4.21875000e-02
2.29159500e-06,1.45312500e+00,1.21875000e+01,2.81250000e-02,-8.43750000e-02
2.29191500e-06,1.52812500e+00,1.22750000e+01,3.31250000e-02,-6.64062500e-02
2.29223500e-06,1.48125000e+00,1.21875000e+01,-1.18750000e-02,3.90625000e-02
2.29255500e-06,1.56562500e+00,1.20875000e+01,5.81250000e-02,-6.48437500e-02
2.29287500e-06,1.61875000e+00,1.20000000e+01,5.06250000e-02,-8.82812500e-02
2.29319500e-06,1.64062500e+00,1.20500000e+01,3.56250000e-02,-5.07812500e-02
2.29351500e-06,1.64062500e+00,1.21000000e+01,8.12500000e-03,-1.48437500e-02
2.29383500e-06,1.75312500e+00,1.20625000e+01,3.81250000e-02,-3.90625000e-02
2.29415500e-06,1.76562500e+00,1.19625000e+01,3.06250000e-02,5.46875000e-03
2.29447500e-06,1.81562500e+00,1.20500000e+01,1.06250000e-02,2.10937500e-02
2.29479500e-06,1.90312500e+00,1.20500000e+01,2.56250000e-02,-1.71875000e-02
2.29511500e-06,1.81562500e+00,1.19875000e+01,4.56250000e-02,-3.75000000e-02
2.29543500e-06,1.81562500e+00,1.20375000e+01,6.31250000e-02,-2.73437500e-02
2.29575500e-06,1.77812500e+00,1.21250000e+01,4.31250000e-02,-6.79687500e-02
2.29607500e-06,1.72812500e+00,1.22250000e+01,5.06250000e-02,-9.29687500e-02
2.29639500e-06,1.90312500e+00,1.21500000e+01,3.56250000e-02,-8.04687500e-02
2.29671500e-06,1.71562500e+00,1.20250000e+01,2.06250000e-02,-8.51562500e-02
2.29703500e-06,1.79062500e+00,1.21875000e+01,1.31250000e-02,-8.59375000e-02
2.29735500e-06,1.85312500e+00,1.23125000e+01,6.31250000e-02,2.34375000e-03
2.29767500e-06,1.62812500e+00,1.21000000e+01,2.81250000e-02,7.81250000e-03
2.29799500e-06,1.77812500e+00,1.21500000e+01,5.06250000e-02,-9.53125000e-02
2.29831500e-06,1.72812500e+00,1.22250000e+01,4.31250000e-02,-1.61718750e-01
2.29863500e-06,1.61562500e+00,1.21125000e+01,5.06250000e-02,-1.25000000e-01
2.29895500e-06,1.62812500e+00,1.21750000e+01,4.06250000e-02,-1.17187500e-01
2.29927500e-06,1.64062500e+00,1.22000000e+01,4.56250000e-02,-1.01562500e-01
2.29959500e-06,1.60312500e+00,1.22625000e+01,4.06250000e-02,6.25000000e-03
2.29991500e-06,1.64062500e+00,1.23000000e+01,3.31250000e-02,-3.35937500e-02
2.30023500e-06,1.59062500e+00,1.21500000e+01,2.06250000e-02,-5.23437500e-02
2.30055500e-06,1.55312500e+00,1.21250000e+01,4.56250000e-02,-8.43750000e-02
2.30087500e-06,1.69062500e+00,1.22875000e+01,3.06250000e-02,-1.49218750e-01
2.30119500e-06,1.62812500e+00,1.23125000e+01,3.31250000e-02,-3.98437500e-02
2.30151500e-06,1.57812500e+00,1.23000000e+01,4.56250000e-02,-4.21875000e-02
2.30183500e-06,1.57812500e+00,1.24125000e+01,4.06250000e-02,-1.04687500e-01
2.30215500e-06,1.60312500e+00,1.22500000e+01,3.06250000e-02,-8.75000000e-02
2.30247500e-06,1.60312500e+00,1.24250000e+01,5.62500000e-03,-6.48437500e-02
2.30279500e-06,1.64062500e+00,1.21875000e+01,3.31250000e-02,-9.84375000e-02
2.30311500e-06,1.49062500e+00,1.22750000e+01,3.31250000e-02,-1.71875000e-01
2.30343500e-06,1.66562500e+00,1.22750000e+01,3.56250000e-02,-7.57812500e-02
2.30375500e-06,1.72812500e+00,1.22375000e+01,3.06250000e-02,-4.68750000e-02
2.30407500e-06,1.67812500e+00,1.21375000e+01,2.56250000e-02,-6.25000000e-02
2.30439500e-06,1.65312500e+00,1.21875000e+01,3.56250000e-02,-2.34375000e-03
2.30471500e-06,1.67812500e+00,1.21500000e+01,3.06250000e-02,5.85937500e-02
2.30503500e-06,1.66562500e+00,1.21625000e+01,2.56250000e-02,-2.26562500e-02
2.30535500e-06,1.65312500e+00,1.21250000e+01,5.81250000e-02,-9.53125000e-02
2.30567500e-06,1.75312500e+00,1.21750000e+01,5.81250000e-02,-5.31250000e-02
2.30599500e-06,1.65312500e+00,1.20875000e+01,1.81250000e-02,-4.60937500e-02
2.30631500e-06,1.66562500e+00,1.22125000e+01,5.06250000e-02,-6.32812500e-02
2.30663500e-06,1.62812500e+00,1.20125000e+01,3.81250000e-02,-7.57812500e-02
2.30695500e-06,1.52812500e+00,1.22125000e+01,4.31250000e-02,-1.48437500e-02
2.30727500e-06,1.65312500e+00,1.22375000e+01,2.31250000e-02,-3.67187500e-02
2.30759500e-06,1.64062500e+00,1.21250000e+01,3.81250000e-02,-1.13281250e-01
2.30791500e-06,1.69062500e+00,1.20375000e+01,4.31250000e-02,-1.34375000e-01
2.30823500e-06,1.59062500e+00,1.21500000e+01,6.25000000e-04,-4.21875000e-02
2.30855500e-06,1.60312500e+00,1.21500000e+01,3.81250000e-02,-5.39062500e-02
2.30887500e-06,1.56562500e+00,1.22000000e+01,5.62500000e-03,-1.71875000e-02
2.30919500e-06,1.51562500e+00,1.22875000e+01,4.81250000e-02,-8.59375000e-03
2.30951500e-06,1.56562500e+00,1.23000000e+01,3.31250000e-02,2.50000000e-02
2.30983500e-06,1.51562500e+00,1.22125000e+01,3.56250000e-02,7.42187500e-02
2.31015500e-06,1.42812500e+00,1.22750000e+01,3.56250000e-02,-8.59375000e-03
2.31047500e-06,1.50312500e+00,1.21500000e+01,5.81250000e-02,-2.03125000e-02
2.31079500e-06,1.58125000e+00,1.21625000e+01,6.06250000e-02,4.60937500e-02
2.31111500e-06,1.59062500e+00,1.21125000e+01,3.56250000e-02,1.71875000e-02
2.31143500e-06,1.39062500e+00,1.20750000e+01,2.31250000e-02,6.25000000e-03
2.31175500e-06,1.49062500e+00,1.23125000e+01,5.31250000e-02,7.81250000e-02
2.31207500e-06,1.52812500e+00,1.23500000e+01,6.06250000e-02,1.46875000e-01
2.31239500e-06,1.40625000e+00,1.21250000e+01,3.81250000e-02,1.32812500e-01
2.31271500e-06,1.37812500e+00,1.22750000e+01,6.56250000e-02,4.84375000e-02
2.31303500e-06,1.63125000e+00,1.21375000e+01,2.06250000e-02,-1.64062500e-02
2.31335500e-06,1.70625000e+00,1.23625000e+01,6.25000000e-04,-1.48437500e-02
2.31367500e-06,1.60312500e+00,1.23125000e+01,3.81250000e-02,1.10937500e-01
2.31399500e-06,1.70312500e+00,1.23500000e+01,2.56250000e-02,1.43750000e-01
2.31431500e-06,1.74062500e+00,1.23250000e+01,6.56250000e-02,5.39062500e-02
2.31463500e-06,1.69062500e+00,1.23375000e+01,5.81250000e-02,7.03125000e-02
2.31495500e-06,1.66562500e+00,1.21000000e+01,5.62500000e-03,1.37500000e-01
2.31527500e-06,1.76562500e+00,1.21625000e+01,3.31250000e-02,1.11718750e-01
2.31559500e-06,1.81562500e+00,1.21875000e+01,3.56250000e-02,3.98437500e-02
2.31591500e-06,1.75312500e+00,1.22125000e+01,3.31250000e-02,8.04687500e-02
2.31623500e-06,1.76562500e+00,1.21000000e+01,4.56250000e-02,6.95312500e-02
2.31655500e-06,1.92812500e+00,1.21500000e+01,2.06250000e-02,1.21093750e-01
2.31687500e-06,1.89062500e+00,1.22000000e+01,3.81250000e-02,1.75781250e-01
2.31719500e-06,1.72812500e+00,1.22500000e+01,2.81250000e-02,1.29687500e-01
2.31751500e-06,1.82812500e+00,1.21250000e+01,2.81250000e-02,4.68750000e-02
2.31783500e-06,1.87812500e+00,1.20875000e+01,1.81250000e-02,6.32812500e-02
2.31815500e-06,1.67812500e+00,1.21250000e+01,3.81250000e-02,1.32031250e-01
2.31847500e-06,1.81562500e+00,1.20750000e+01,4.06250000e-02,9.68750000e-02
2.31879500e-06,1.82812500e+00,1.20750000e+01,4.81250000e-02,9.76562500e-02
2.31911500e-06,1.77812500e+00,1.21625000e+01,1.06250000e-02,1.21875000e-01
2.31943500e-06,1.65312500e+00,1.21750000e+01,2.81250000e-02,6.17187500e-02
2.31975500e-06,1.62812500e+00,1.21625000e+01,5.81250000e-02,9.60937500e-02
2.32007500e-06,1.67812500e+00,1.22625000e+01,3.06250000e-02,2.65625000e-02
2.32039500e-06,1.80312500e+00,1.22875000e+01,4.56250000e-02,4.14062500e-02
2.32071500e-06,1.72812500e+00,1.20500000e+01,4.06250000e-02,1.24218750e-01
2.32103500e-06,1.60312500e+00,1.21375000e+01,3.31250000e-02,8.20312500e-02
2.32135500e-06,1.60312500e+00,1.22500000e+01,2.56250000e-02,3.98437500e-02
2.32167500e-06,1.52812500e+00,1.22750000e+01,4.81250000e-02,1.17968750e-01
2.32199500e-06,1.59062500e+00,1.21750000e+01,2.81250000e-02,1.19531250e-01
2.32231500e-06,1.61562500e+00,1.21625000e+01,3.56250000e-02,9.92187500e-02
2.32263500e-06,1.52812500e+00,1.21375000e+01,3.06250000e-02,1.04687500e-01
2.32295500e-06,1.49062500e+00,1.23500000e+01,2.06250000e-02,1.12500000e-01
2.32327500e-06,1.49062500e+00,1.21750000e+01,2.06250000e-02,2.18750000e-02
2.32359500e-06,1.59062500e+00,1.23750000e+01,2.56250000e-02,-8.59375000e-03
2.32391500e-06,1.50312500e+00,1.23500000e+01,4.81250000e-02,6.17187500e-02
2.32423500e-06,1.41562500e+00,1.23500000e+01,3.56250000e-02,3.90625000e-03
2.32455500e-06,1.47812500e+00,1.21250000e+01,5.81250000e-02,-3.59375000e-02
2.32487500e-06,1.55312500e+00,1.23125000e+01,2.31250000e-02,-2.73437500e-02
2.32519500e-06,1.48125000e+00,1.21375000e+01,3.81250000e-02,-8.59375000e-03
2.32551500e-06,1.57812500e+00,1.21625000e+01,4.31250000e-02,6.71875000e-02
2.32583500e-06,1.56562500e+00,1.22125000e+01,4.31250000e-02,3.28125000e-02
2.32615500e-06,1.62812500e+00,1.21000000e+01,3.06250000e-02,-1.43750000e-01
2.32647500e-06,1.54062500e+00,1.22250000e+01,3.56250000e-02,-9.53125000e-02
2.32679500e-06,1.52812500e+00,1.22625000e+01,3.06250000e-02,0.00000000e+00
2.32711500e-06,1.56562500e+00,1.21875000e+01,5.31250000e-02,4.21875000e-02
2.32743500e-06,1.62812500e+00,1.21625000e+01,5.06250000e-02,3.90625000e-02
2.32775500e-06,1.56562500e+00,1.21625000e+01,3.06250000e-02,-9.37500000e-03
2.32807500e-06,1.61562500e+00,1.21125000e+01,4.31250000e-02,-7.57812500e-02
2.32839500e-06,1.69062500e+00,1.20375000e+01,3.56250000e-02,-7.57812500e-02
2.32871500e-06,1.66562500e+00,1.20875000e+01,2.81250000e-02,-4.84375000e-02
2.32903500e-06,1.56562500e+00,1.20875000e+01,3.81250000e-02,-1.17187500e-02
2.32935500e-06,1.52812500e+00,1.21375000e+01,2.81250000e-02,-3.43750000e-02
2.32967500e-06,1.66562500e+00,1.21000000e+01,6.06250000e-02,-1.82812500e-01
2.32999500e-06,1.47812500e+00,1.20500000e+01,2.31250000e-02,-1.50781250e-01
2.33031500e-06,1.67812500e+00,1.20125000e+01,2.31250000e-02,-3.67187500e-02
2.33063500e-06,1.65312500e+00,1.21375000e+01,2.56250000e-02,-9.21875000e-02
2.33095500e-06,1.57812500e+00,1.22000000e+01,5.31250000e-02,-6.87500000e-02
2.33127500e-06,1.66562500e+00,1.21625000e+01,5.56250000e-02,-1.50781250e-01
2.33159500e-06,1.52812500e+00,1.22750000e+01,1.06250000e-02,-1.48437500e-01
2.33191500e-06,1.57812500e+00,1.22125000e+01,4.56250000e-02,-1.71875000e-01
2.33223500e-06,1.62812500e+00,1.23000000e+01,5.81250000e-02,-1.15625000e-01
2.33255500e-06,1.55312500e+00,1.23750000e+01,6.06250000e-02,-5.93750000e-02
2.33287500e-06,1.60312500e+00,1.21125000e+01,4.06250000e-02,-1.65625000e-01
2.33319500e-06,1.75312500e+00,1.22625000e+01,2.31250000e-02,-1.71875000e-01
2.33351500e-06,1.69062500e+00,1.21500000e+01,2.31250000e-02,-1.24218750e-01
2.33383500e-06,1.55312500e+00,1.22250000e+01,1.81250000e-02,-1.82031250e-01
2.33415500e-06,1.55312500e+00,1.23125000e+01,4.56250000e-02,-1.38281250e-01
2.33447500e-06,1.57812500e+00,1.22750000e+01,3.56250000e-02,-1.16406250e-01
2.33479500e-06,1.61562500e+00,1.22000000e+01,5.31250000e-02,-1.58593750e-01
2.33511500e-06,1.57812500e+00,1.22125000e+01,3.56250000e-02,-1.40625000e-01
2.33543500e-06,1.52812500e+00,1.22500000e+01,4.81250000e-02,-1.46875000e-01
2.33575500e-06,1.71562500e+00,1.22250000e+01,4.81250000e-02,-9.29687500e-02
2.33607500e-06,1.74062500e+00,1.20000000e+01,3.81250000e-02,-8.82812500e-02
2.33639500e-06,1.75312500e+00,1.21750000e+01,4.31250000e-02,-1.36718750e-01
2.33671500e-06,1.65312500e+00,1.21125000e+01,4.81250000e-02,-1.82031250e-01
2.33703500e-06,1.70312500e+00,1.21625000e+01,5.06250000e-02,-1.64843750e-01
2.33735500e-06,1.69062500e+00,1.20500000e+01,3.81250000e-02,-2.51562500e-01
2.33767500e-06,1.60312500e+00,1.22125000e+01,4.81250000e-02,-1.32812500e-01
2.33799500e-06,1.69062500e+00,1.21250000e+01,5.06250000e-02,-1.06250000e-01
2.33831500e-06,1.61562500e+00,1.20750000e+01,3.81250000e-02,-8.51562500e-02
2.33863500e-06,1.60312500e+00,1.21500000e+01,5.56250000e-02,-1.16406250e-01
2.33895500e-06,1.57812500e+00,1.21750000e+01,5.56250000e-02,-2.14062500e-01
2.33927500e-06,1.71562500e+00,1.21125000e+01,3.56250000e-02,-1.28906250e-01
2.33959500e-06,1.70312500e+00,1.20750000e+01,4.56250000e-02,-7.34375000e-02
2.33991500e-06,1.66562500e+00,1.21375000e+01,5.81250000e-02,-1.77343750e-01
2.34023500e-06,1.62812500e+00,1.23375000e+01,1.06250000e-02,-2.70312500e-01
2.34055500e-06,1.65312500e+00,1.20875000e+01,2.56250000e-02,-2.28906250e-01
2.34087500e-06,1.79062500e+00,1.21625000e+01,3.81250000e-02,-1.41406250e-01
2.34119500e-06,1.75312500e+00,1.22750000e+01,1.06250000e-02,-1.78125000e-01
2.34151500e-06,1.65312500e+00,1.21125000e+01,2.31250000e-02,-1.55468750e-01
2.34183500e-06,1.55312500e+00,1.20125000e+01,5.06250000e-02,-1.22656250e-01
2.34215500e-06,1.66562500e+00,1.21625000e+01,2.56250000e-02,-1.26562500e-01
2.34247500e-06,1.54062500e+00,1.21250000e+01,5.31250000e-02,-6.09375000e-02
2.34279500e-06,1.61562500e+00,1.23375000e+01,3.31250000e-02,-4.45312500e-02
2.34311500e-06,1.60312500e+00,1.22875000e+01,2.56250000e-02,-6.64062500e-02
2.34343500e-06,1.56562500e+00,1.21375000e+01,3.56250000e-02,-1.46875000e-01
2.34375500e-06,1.59062500e+00,1.22625000e+01,3.81250000e-02,-7.89062500e-02
2.34407500e-06,1.39062500e+00,1.23500000e+01,4.06250000e-02,-8.43750000e-02
2.34439500e-06,1.56562500e+00,1.22875000e+01,3.31250000e-02,-1.11718750e-01
2.34471500e-06,1.65312500e+00,1.22000000e+01,5.06250000e-02,-1.79687500e-01
2.34503500e-06,1.47812500e+00,1.23875000e+01,6.81250000e-02,-1.00781250e-01
2.34535500e-06,1.50312500e+00,1.24000000e+01,4.06250000e-02,5.85937500e-02
2.34567500e-06,1.64062500e+00,1.22375000e+01,4.56250000e-02,1.48437500e-02
2.34599500e-06,1.50312500e+00,1.23750000e+01,2.06250000e-02,1.32812500e-02
2.34631500e-06,1.55312500e+00,1.22500000e+01,3.06250000e-02,4.84375000e-02
2.34663500e-06,1.54062500e+00,1.22625000e+01,4.06250000e-02,-2.50000000e-02
2.34695500e-06,1.42812500e+00,1.21375000e+01,3.31250000e-02,-1.28125000e-01
2.34727500e-06,1.44062500e+00,1.21625000e+01,1.81250000e-02,-1.01562500e-01
2.34759500e-06,1.46875000e+00,1.21500000e+01,2.56250000e-02,3.67187500e-02
2.34791500e-06,1.48125000e+00,1.23875000e+01,4.06250000e-02,1.40625000e-02
2.34823500e-06,1.54062500e+00,1.23250000e+01,4.06250000e-02,-1.95312500e-02
2.34855500e-06,1.55625000e+00,1.21250000e+01,8.12500000e-03,-4.92187500e-02
2.34887500e-06,1.59062500e+00,1.21125000e+01,2.06250000e-02,-6.40625000e-02
2.34919500e-06,1.66562500e+00,1.20875000e+01,1.56250000e-02,-5.23437500e-02
2.34951500e-06,1.51562500e+00,1.21375000e+01,2.81250000e-02,6.25000000e-03
2.34983500e-06,1.54062500e+00,1.20875000e+01,3.56250000e-02,1.12500000e-01
2.35015500e-06,1.71562500e+00,1.21750000e+01,2.31250000e-02,1.17187500e-01
2.35047500e-06,1.57812500e+00,1.22625000e+01,2.06250000e-02,1.28125000e-01
2.35079500e-06,1.60312500e+00,1.20375000e+01,2.31250000e-02,6.56250000e-02
2.35111500e-06,1.65312500e+00,1.23250000e+01,4.81250000e-02,-3.35937500e-02
2.35143500e-06,1.65312500e+00,1.22500000e+01,4.81250000e-02,-1.01562500e-02
2.35175500e-06,1.67812500e+00,1.21125000e+01,5.62500000e-03,-1.01562500e-02
2.35207500e-06,1.56562500e+00,1.21750000e+01,1.31250000e-02,2.50000000e-02
2.35239500e-06,1.74062500e+00,1.23500000e+01,5.06250000e-02,6.25000000e-02
2.35271500e-06,1.62812500e+00,1.22625000e+01,5.56250000e-02,1.79687500e-01
2.35303500e-06,1.52812500e+00,1.24125000e+01,3.81250000e-02,1.69531250e-01
2.35335500e-06,1.62812500e+00,1.22125000e+01,5.62500000e-03,5.46875000e-02
2.35367500e-06,1.71562500e+00,1.23625000e+01,1.81250000e-02,1.01562500e-01
2.35399500e-06,1.75312500e+00,1.21875000e+01,6.56250000e-02,1.74218750e-01
2.35431500e-06,1.74062500e+00,1.23625000e+01,2.06250000e-02,5.78125000e-02
2.35463500e-06,1.65312500e+00,1.23375000e+01,2.81250000e-02,5.00000000e-02
2.35495500e-06,1.84062500e+00,1.23750000e+01,2.81250000e-02,1.10156250e-01
2.35527500e-06,1.60312500e+00,1.23625000e+01,3.81250000e-02,3.90625000e-02
2.35559500e-06,1.66562500e+00,1.22875000e+01,3.31250000e-02,2.34375000e-03
2.35591500e-06,1.70312500e+00,1.23375000e+01,2.31250000e-02,1.00781250e-01
2.35623500e-06,1.60312500e+00,1.22375000e+01,2.31250000e-02,5.31250000e-02
2.35655500e-06,1.66562500e+00,1.23250000e+01,4.56250000e-02,7.65625000e-02
2.35687500e-06,1.66562500e+00,1.23625000e+01,6.31250000e-02,9.53125000e-02
2.35719500e-06,1.65312500e+00,1.22000000e+01,4.56250000e-02,8.51562500e-02
2.35751500e-06,1.62812500e+00,1.22875000e+01,4.56250000e-02,1.43750000e-01
2.35783500e-06,1.62812500e+00,1.22375000e+01,2.06250000e-02,1.88281250e-01
2.35815500e-06,1.54062500e+00,1.22125000e+01,2.81250000e-02,1.35937500e-01
2.35847500e-06,1.60312500e+00,1.21875000e+01,3.56250000e-02,6.32812500e-02
2.35879500e-06,1.57812500e+00,1.21875000e+01,1.06250000e-02,1.21093750e-01
2.35911500e-06,1.59062500e+00,1.21250000e+01,2.06250000e-02,8.43750000e-02
2.35943500e-06,1.55312500e+00,1.23125000e+01,4.56250000e-02,-3.82812500e-02
2.35975500e-06,1.51562500e+00,1.21375000e+01,1.31250000e-02,-2.73437500e-02
2.36007500e-06,1.54062500e+00,1.20500000e+01,2.06250000e-02,2.50000000e-02
2.36039500e-06,1.66562500e+00,1.22000000e+01,4.56250000e-02,9.45312500e-02
2.36071500e-06,1.62812500e+00,1.21375000e+01,1.81250000e-02,3.98437500e-02
2.36103500e-06,1.54062500e+00,1.21375000e+01,4.81250000e-02,5.78125000e-02
2.36135500e-06,1.59062500e+00,1.21875000e+01,2.56250000e-02,2.26562500e-02
2.36167500e-06,1.62812500e+00,1.21000000e+01,5.81250000e-02,-5.15625000e-02
2.36199500e-06,1.70312500e+00,1.22375000e+01,7.31250000e-02,-4.53125000e-02
2.36231500e-06,1.60312500e+00,1.21500000e+01,3.56250000e-02,-1.56250000e-02
2.36263500e-06,1.44062500e+00,1.21875000e+01,4.81250000e-02,4.60937500e-02
2.36295500e-06,1.55312500e+00,1.21750000e+01,2.81250000e-02,1.95312500e-02
2.36327500e-06,1.46562500e+00,1.22000000e+01,1.81250000e-02,-3.20312500e-02
2.36359500e-06,1.55312500e+00,1.21500000e+01,1.06250000e-02,-1.03906250e-01
2.36391500e-06,1.65312500e+00,1.22375000e+01,4.56250000e-02,-1.10156250e-01
2.36423500e-06,1.66562500e+00,1.22625000e+01,3.81250000e-02,-7.03125000e-02
2.36455500e-06,1.61562500e+00,1.21500000e+01,3.81250000e-02,1.56250000e-03
2.36487500e-06,1.41562500e+00,1.21500000e+01,4.81250000e-02,-3.51562500e-02
2.36519500e-06,1.51562500e+00,1.21875000e+01,1.56250000e-02,-3.51562500e-02
2.36551500e-06,1.60312500e+00,1.21750000e+01,3.81250000e-02,-3.90625000e-03
2.36583500e-06,1.61562500e+00,1.22375000e+01,4.06250000e-02,2.73437500e-02
2.36615500e-06,1.70312500e+00,1.22875000e+01,1.06250000e-02,-4.21875000e-02
2.36647500e-06,1.42812500e+00,1.22750000e+01,2.56250000e-02,1.17187500e-02
2.36679500e-06,1.60312500e+00,1.22500000e+01,1.56250000e-02,3.67187500e-02
2.36711500e-06,1.62812500e+00,1.22500000e+01,4.31250000e-02,-1.01562500e-02
2.36743500e-06,1.56562500e+00,1.21750000e+01,5.56250000e-02,-9.76562500e-02
2.36775500e-06,1.56562500e+00,1.22625000e+01,4.31250000e-02,-8.59375000e-02
2.36807500e-06,1.47812500e+00,1.21750000e+01,1.56250000e-02,7.03125000e-03
2.36839500e-06,1.49062500e+00,1.21250000e+01,5.81250000e-02,1.23437500e-01
2.36871500e-06,1.62812500e+00,1.22000000e+01,1.31250000e-02,-1.09375000e-02
2.36903500e-06,1.64375000e+00,1.22125000e+01,1.31250000e-02,-1.67187500e-01
2.36935500e-06,1.57812500e+00,1.23375000e+01,4.81250000e-02,-1.12500000e-01
2.36967500e-06,1.59062500e+00,1.22250000e+01,6.56250000e-02,-9.53125000e-02
2.36999500e-06,1.54062500e+00,1.20500000e+01,3.81250000e-02,-1.14062500e-01
2.37031500e-06,1.67812500e+00,1.21500000e+01,2.56250000e-02,-4.45312500e-02
2.37063500e-06,1.49062500e+00,1.19625000e+01,7.31250000e-02,-4.21875000e-02
2.37095500e-06,1.59062500e+00,1.21500000e+01,1.56250000e-02,-2.26562500e-02
2.37127500e-06,1.70312500e+00,1.22000000e+01,4.31250000e-02,-7.81250000e-03
2.37159500e-06,1.59062500e+00,1.22375000e+01,4.56250000e-02,-6.17187500e-02
2.37191500e-06,1.67812500e+00,1.21750000e+01,1.56250000e-02,-1.28906250e-01
2.37223500e-06,1.67812500e+00,1.21000000e+01,2.06250000e-02,-1.37500000e-01
2.37255500e-06,1.74062500e+00,1.20500000e+01,3.31250000e-02,-1.22656250e-01
2.37287500e-06,1.66562500e+00,1.21875000e+01,2.06250000e-02,-1.25000000e-01
2.37319500e-06,1.54062500e+00,1.22125000e+01,5.56250000e-02,-1.57031250e-01
2.37351500e-06,1.69062500e+00,1.23125000e+01,4.56250000e-02,-1.10937500e-01
2.37383500e-06,1.72812500e+00,1.21125000e+01,2.06250000e-02,-3.20312500e-02
2.37415500e-06,1.65312500e+00,1.23375000e+01,4.06250000e-02,-4.06250000e-02
2.37447500e-06,1.57812500e+00,1.22625000e+01,2.56250000e-02,-1.07031250e-01
2.37479500e-06,1.47812500e+00,1.22000000e+01,4.56250000e-02,-1.70312500e-01
2.37511500e-06,1.61562500e+00,1.22500000e+01,4.06250000e-02,-1.71093750e-01
2.37543500e-06,1.56875000e+00,1.23625000e+01,3.06250000e-02,-1.23437500e-01
2.37575500e-06,1.62812500e+00,1.21250000e+01,5.56250000e-02,-1.25781250e-01
2.37607500e-06,1.51562500e+00,1.22750000e+01,3.56250000e-02,-1.15625000e-01
2.37639500e-06,1.56562500e+00,1.22250000e+01,1.06250000e-02,-9.21875000e-02
2.37671500e-06,1.80312500e+00,1.22500000e+01,4.81250000e-02,-4.76562500e-02
2.37703500e-06,1.84062500e+00,1.21875000e+01,5.06250000e-02,-9.21875000e-02
2.37735500e-06,1.72812500e+00,1.22375000e+01,3.81250000e-02,-1.16406250e-01
2.37767500e-06,1.52812500e+00,1.22625000e+01,2.06250000e-02,-1.10156250e-01
2.37799500e-06,1.56562500e+00,1.22000000e+01,2.56250000e-02,-6.09375000e-02
2.37831500e-06,1.54062500e+00,1.22250000e+01,2.31250000e-02,-1.20312500e-01
2.37863500e-06,1.60312500e+00,1.22500000e+01,3.31250000e-02,-1.75000000e-01
2.37895500e-06,1.50312500e+00,1.21750000e+01,2.31250000e-02,-8.35937500e-02
2.37927500e-06,1.54062500e+00,1.22875000e+01,3.81250000e-02,-8.75000000e-02
2.37959500e-06,1.55312500e+00,1.22000000e+01,5.56250000e-02,-1.71875000e-01
2.37991500e-06,1.54062500e+00,1.22375000e+01,4.56250000e-02,-7.18750000e-02
2.38023500e-06,1.57812500e+00,1.22125000e+01,2.81250000e-02,-5.70312500e-02
2.38055500e-06,1.67812500e+00,1.21625000e+01,4.56250000e-02,-1.33593750e-01
2.38087500e-06,1.55312500e+00,1.21000000e+01,3.81250000e-02,-1.10156250e-01
2.38119500e-06,1.55312500e+00,1.22250000e+01,2.81250000e-02,-1.57031250e-01
2.38151500e-06,1.51562500e+00,1.20625000e+01,6.31250000e-02,-1.25781250e-01
2.38183500e-06,1.56562500e+00,1.23500000e+01,4.81250000e-02,-1.14062500e-01
2.38215500e-06,1.51562500e+00,1.20625000e+01,1.31250000e-02,-5.31250000e-02
2.38247500e-06,1.62812500e+00,1.21000000e+01,2.06250000e-02,-5.00000000e-02
2.38279500e-06,1.55312500e+00,1.21875000e+01,3.31250000e-02,-9.14062500e-02
2.38311500e-06,1.64062500e+00,1.22125000e+01,5.31250000e-02,-5.78125000e-02
2.38343500e-06,1.64062500e+00,1.22625000e+01,5.81250000e-02,-8.04687500e-02
2.38375500e-06,1.67812500e+00,1.21125000e+01,1.06250000e-02,1.56250000e-03
2.38407500e-06,1.65312500e+00,1.22125000e+01,1.81250000e-02,-1.17187500e-02
2.38439500e-06,1.62812500e+00,1.22125000e+01,4.56250000e-02,-1.03125000e-01
2.38471500e-06,1.62812500e+00,1.22625000e+01,5.31250000e-02,-9.14062500e-02
2.38503500e-06,1.56562500e+00,1.21750000e+01,3.56250000e-02,-2.81250000e-02
2.38535500e-06,1.65312500e+00,1.21500000e+01,1.81250000e-02,-2.34375000e-03
2.38567500e-06,1.59062500e+00,1.22125000e+01,3.31250000e-02,-2.10937500e-02
2.38599500e-06,1.52812500e+00,1.22000000e+01,3.31250000e-02,-1.16406250e-01
2.38631500e-06,1.60312500e+00,1.22750000e+01,2.06250000e-02,-1.34375000e-01
2.38663500e-06,1.65312500e+00,1.22250000e+01,4.06250000e-02,-5.07812500e-02
2.38695500e-06,1.52812500e+00,1.21625000e+01,3.56250000e-02,-6.71875000e-02
2.38727500e-06,1.60312500e+00,1.22000000e+01,5.56250000e-02,-9.45312500e-02
2.38759500e-06,1.44062500e+00,1.22750000e+01,4.81250000e-02,-4.37500000e-02
2.38791500e-06,1.55312500e+00,1.21875000e+01,3.56250000e-02,5.00000000e-02
2.38823500e-06,1.56875000e+00,1.23500000e+01,2.56250000e-02,5.46875000e-02
2.38855500e-06,1.59062500e+00,1.21750000e+01,2.56250000e-02,-3.04687500e-02
2.38887500e-06,1.46562500e+00,1.23625000e+01,4.56250000e-02,-2.42187500e-02
2.38919500e-06,1.57812500e+00,1.21875000e+01,4.06250000e-02,1.87500000e-02
2.38951500e-06,1.60312500e+00,1.22500000e+01,6.81250000e-02,2.26562500e-02
2.38983500e-06,1.41562500e+00,1.22250000e+01,2.56250000e-02,-1.01562500e-02
2.39015500e-06,1.54062500e+00,1.21625000e+01,4.81250000e-02,-2.73437500e-02
2.39047500e-06,1.63125000e+00,1.22250000e+01,4.31250000e-02,-2.73437500e-02
2.39079500e-06,1.62812500e+00,1.22250000e+01,2.31250000e-02,5.46875000e-03
2.39111500e-06,1.60312500e+00,1.22625000e+01,2.31250000e-02,1.56250000e-03
2.39143500e-06,1.62812500e+00,1.22375000e+01,3.12500000e-03,7.10937500e-02
2.39175500e-06,1.71562500e+00,1.21500000e+01,2.56250000e-02,2.50000000e-02
2.39207500e-06,1.66562500e+00,1.21875000e+01,2.81250000e-02,1.71875000e-02
2.39239500e-06,1.54062500e+00,1.20375000e+01,2.06250000e-02,4.92187500e-02
2.39271500e-06,1.51562500e+00,1.22000000e+01,3.81250000e-02,5.54687500e-02
2.39303500e-06,1.65312500e+00,1.20375000e+01,1.31250000e-02,8.28125000e-02
2.39335500e-06,1.66562500e+00,1.22250000e+01,5.62500000e-03,8.28125000e-02
2.39367500e-06,1.71562500e+00,1.20875000e+01,3.81250000e-02,4.21875000e-02
2.39399500e-06,1.55312500e+00,1.21875000e+01,3.81250000e-02,3.90625000e-02
2.39431500e-06,1.57812500e+00,1.22125000e+01,2.56250000e-02,-1.25000000e-02
2.39463500e-06,1.77812500e+00,1.22375000e+01,5.06250000e-02,4.68750000e-03
2.39495500e-06,1.65312500e+00,1.21125000e+01,2.81250000e-02,7.65625000e-02
2.39527500e-06,1.52812500e+00,1.21500000e+01,4.31250000e-02,1.01562500e-01
2.39559500e-06,1.67812500e+00,1.22375000e+01,2.06250000e-02,7.18750000e-02
2.39591500e-06,1.56562500e+00,1.22000000e+01,1.31250000e-02,5.62500000e-02
2.39623500e-06,1.54062500e+00,1.22750000e+01,7.06250000e-02,7.50000000e-02
2.39655500e-06,1.57812500e+00,1.21500000e+01,3.31250000e-02,6.09375000e-02
2.39687500e-06,1.59062500e+00,1.21000000e+01,4.06250000e-02,2.10937500e-02
2.39719500e-06,1.51562500e+00,1.22625000e+01,2.56250000e-02,-1.17187500e-02
2.39751500e-06,1.46562500e+00,1.21500000e+01,4.31250000e-02,-1.64062500e-02
2.39783500e-06,1.60312500e+00,1.21875000e+01,2.31250000e-02,6.48437500e-02
2.39815500e-06,1.39375000e+00,1.22250000e+01,1.56250000e-02,1.37500000e-01
2.39847500e-06,1.49062500e+00,1.22750000e+01,5.31250000e-02,1.00781250e-01
2.39879500e-06,1.55312500e+00,1.22625000e+01,4.06250000e-02,4.92187500e-02
2.39911500e-06,1.65625000e+00,1.23250000e+01,1.06250000e-02,1.33593750e-01
2.39943500e-06,1.57812500e+00,1.22125000e+01,2.06250000e-02,1.30468750e-01
2.39975500e-06,1.57812500e+00,1.23750000e+01,4.56250000e-02,8.28125000e-02
2.40007500e-06,1.52812500e+00,1.22250000e+01,3.56250000e-02,2.50000000e-02
2.40039500e-06,1.56562500e+00,1.23000000e+01,4.56250000e-02,-1.01562500e-02
2.40071500e-06,1.54062500e+00,1.22625000e+01,-1.87500000e-03,-8.20312500e-02
2.40103500e-06,1.56562500e+00,1.23375000e+01,5.56250000e-02,2.34375000e-03
2.40135500e-06,1.61562500e+00,1.21125000e+01,2.31250000e-02,7.81250000e-02
2.40167500e-06,1.51562500e+00,1.23125000e+01,2.31250000e-02,2.96875000e-02
2.40199500e-06,1.45312500e+00,1.22000000e+01,4.06250000e-02,2.50000000e-02
2.40231500e-06,1.52812500e+00,1.22750000e+01,5.56250000e-02,6.09375000e-02
2.40263500e-06,1.65312500e+00,1.22875000e+01,4.81250000e-02,6.79687500e-02
2.40295500e-06,1.60312500e+00,1.21250000e+01,3.06250000e-02,-3.90625000e-03
2.40327500e-06,1.65312500e+00,1.21500000e+01,6.56250000e-02,-7.34375000e-02
2.40359500e-06,1.54062500e+00,1.22000000e+01,5.06250000e-02,-2.34375000e-03
2.40391500e-06,1.54062500e+00,1.21375000e+01,5.81250000e-02,3.90625000e-02
2.40423500e-06,1.52812500e+00,1.22250000e+01,-1.87500000e-03,5.07812500e-02
2.40455500e-06,1.74062500e+00,1.22250000e+01,3.81250000e-02,-1.01562500e-02
2.40487500e-06,1.65312500e+00,1.23125000e+01,3.56250000e-02,4.21875000e-02
2.40519500e-06,1.66562500e+00,1.23250000e+01,2.81250000e-02,3.98437500e-02
2.40551500e-06,1.45312500e+00,1.22750000e+01,5.31250000e-02,-2.03125000e-02
2.40583500e-06,1.56562500e+00,1.21250000e+01,3.31250000e-02,-3.67187500e-02
2.40615500e-06,1.55312500e+00,1.21125000e+01,2.81250000e-02,-9.68750000e-02
2.40647500e-06,1.62812500e+00,1.22625000e+01,3.56250000e-02,-8.28125000e-02
2.40679500e-06,1.56562500e+00,1.22500000e+01,5.06250000e-02,7.81250000e-03
2.40711500e-06,1.52812500e+00,1.20500000e+01,1.81250000e-02,-3.59375000e-02
2.40743500e-06,1.69062500e+00,1.20750000e+01,4.81250000e-02,-9.84375000e-02
2.40775500e-06,1.64062500e+00,1.21750000e+01,5.81250000e-02,-8.20312500e-02
2.40807500e-06,1.59062500e+00,1.21750000e+01,3.31250000e-02,-1.46875000e-01
2.40839500e-06,1.62812500e+00,1.21375000e+01,4.56250000e-02,-1.26562500e-01
2.40871500e-06,1.59062500e+00,1.22625000e+01,4.06250000e-02,-2.34375000e-02
2.40903500e-06,1.65312500e+00,1.21375000e+01,6.31250000e-02,-2.50000000e-02
2.40935500e-06,1.56562500e+00,1.22625000e+01,6.81250000e-02,-1.56250000e-03
2.40967500e-06,1.49062500e+00,1.20750000e+01,3.06250000e-02,-1.40625000e-02
2.40999500e-06,1.56562500e+00,1.23250000e+01,2.31250000e-02,-4.14062500e-02
2.41031500e-06,1.54062500e+00,1.22250000e+01,5.31250000e-02,-4.76562500e-02
2.41063500e-06,1.70312500e+00,1.21625000e+01,6.81250000e-02,-8.35937500e-02
2.41095500e-06,1.57812500e+00,1.22375000e+01,7.06250000e-02,-1.03906250e-01
2.41127500e-06,1.56562500e+00,1.22250000e+01,4.31250000e-02,-9.45312500e-02
2.41159500e-06,1.46562500e+00,1.21500000e+01,4.31250000e-02,-1.44531250e-01
2.41191500e-06,1.59062500e+00,1.22500000e+01,3.56250000e-02,-1.67187500e-01
2.41223500e-06,1.55312500e+00,1.21875000e+01,5.56250000e-02,-5.78125000e-02
2.41255500e-06,1.61562500e+00,1.22375000e+01,5.31250000e-02,-3.20312500e-02
2.41287500e-06,1.61562500e+00,1.21500000e+01,4.56250000e-02,-1.54687500e-01
2.41319500e-06,1.55312500e+00,1.20875000e+01,4.56250000e-02,-2.07812500e-01
2.41351500e-06,1.69062500e+00,1.20375000e+01,5.81250000e-02,-1.24218750e-01
2.41383500e-06,1.55312500e+00,1.21375000e+01,2.81250000e-02,-5.07812500e-02
2.41415500e-06,1.69062500e+00,1.21375000e+01,3.81250000e-02,-4.06250000e-02
2.41447500e-06,1.55312500e+00,1.21000000e+01,3.31250000e-02,-1.95312500e-02
2.41479500e-06,1.52812500e+00,1.20500000e+01,6.06250000e-02,-1.03906250e-01
2.41511500e-06,1.59062500e+00,1.21500000e+01,2.81250000e-02,-1.80468750e-01
2.41543500e-06,1.62812500e+00,1.20875000e+01,3.31250000e-02,-2.02343750e-01
2.41575500e-06,1.51562500e+00,1.21500000e+01,6.31250000e-02,-1.78125000e-01
2.41607500e-06,1.59062500e+00,1.22125000e+01,6.06250000e-02,-8.82812500e-02
2.41639500e-06,1.56562500e+00,1.21125000e+01,2.06250000e-02,-1.79687500e-02
2.41671500e-06,1.67812500e+00,1.22375000e+01,2.31250000e-02,-7.03125000e-02
2.41703500e-06,1.56562500e+00,1.21125000e+01,5.81250000e-02,-1.17187500e-01
2.41735500e-06,1.57812500e+00,1.20750000e+01,2.81250000e-02,-7.18750000e-02
2.41767500e-06,1.60312500e+00,1.22250000e+01,2.31250000e-02,-6.32812500e-02
2.41799500e-06,1.62812500e+00,1.22000000e+01,6.31250000e-02,-1.25000000e-02
2.41831500e-06,1.46562500e+00,1.21250000e+01,7.06250000e-02,-4.68750000e-02
2.41863500e-06,1.45312500e+00,1.20750000e+01,3.81250000e-02,-2.03125000e-02
2.41895500e-06,1.55312500e+00,1.21750000e+01,3.31250000e-02,-9.06250000e-02
2.41927500e-06,1.63125000e+00,1.22000000e+01,4.56250000e-02,-1.25000000e-01
2.41959500e-06,1.61562500e+00,1.22250000e+01,3.81250000e-02,-6.64062500e-02
2.41991500e-06,1.72812500e+00,1.20250000e+01,3.56250000e-02,-1.09375000e-02
2.42023500e-06,1.61562500e+00,1.22625000e+01,3.06250000e-02,-1.05468750e-01
2.42055500e-06,1.54062500e+00,1.22875000e+01,4.31250000e-02,-1.62500000e-01
2.42087500e-06,1.59062500e+00,1.22875000e+01,3.31250000e-02,-1.28906250e-01
2.42119500e-06,1.55312500e+00,1.22625000e+01,3.06250000e-02,-5.85937500e-02
2.42151500e-06,1.65312500e+00,1.22250000e+01,6.56250000e-02,-5.46875000e-02
2.42183500e-06,1.44062500e+00,1.22375000e+01,6.81250000e-02,-1.17968750e-01
2.42215500e-06,1.54062500e+00,1.22375000e+01,1.56250000e-02,-1.23437500e-01
2.42247500e-06,1.61562500e+00,1.21750000e+01,5.06250000e-02,-6.79687500e-02
2.42279500e-06,1.50312500e+00,1.22250000e+01,3.31250000e-02,-3.35937500e-02
2.42311500e-06,1.49062500e+00,1.22500000e+01,4.81250000e-02,-4.29687500e-02
2.42343500e-06,1.56562500e+00,1.22750000e+01,5.06250000e-02,-8.12500000e-02
2.42375500e-06,1.54375000e+00,1.21250000e+01,2.81250000e-02,-8.35937500e-02
2.42407500e-06,1.59062500e+00,1.20875000e+01,3.06250000e-02,-1.25781250e-01
2.42439500e-06,1.64062500e+00,1.21375000e+01,5.31250000e-02,-4.53125000e-02
2.42471500e-06,1.49062500e+00,1.21125000e+01,3.31250000e-02,0.00000000e+00
2.42503500e-06,1.52812500e+00,1.20375000e+01,1.56250000e-02,-3.98437500e-02
2.42535500e-06,1.39062500e+00,1.21000000e+01,4.31250000e-02,-4.84375000e-02
2.42567500e-06,1.47812500e+00,1.19875000e+01,4.81250000e-02,-6.56250000e-02
2.42599500e-06,1.61875000e+00,1.22125000e+01,4.81250000e-02,-1.28125000e-01
2.42631500e-06,1.50625000e+00,1.22000000e+01,3.81250000e-02,-2.73437500e-02
2.42663500e-06,1.50312500e+00,1.21375000e+01,4.06250000e-02,-5.39062500e-02
2.42695500e-06,1.50312500e+00,1.21250000e+01,5.31250000e-02,-5.85937500e-02
2.42727500e-06,1.57812500e+00,1.20250000e+01,5.56250000e-02,2.89062500e-02
2.42759500e-06,1.55312500e+00,1.21250000e+01,3.56250000e-02,-1.56250000e-03
2.42791500e-06,1.57812500e+00,1.21375000e+01,3.31250000e-02,-9.37500000e-03
2.42823500e-06,1.54062500e+00,1.20750000e+01,7.06250000e-02,-1.95312500e-02
2.42855500e-06,1.69062500e+00,1.22375000e+01,6.31250000e-02,-7.42187500e-02
2.42887500e-06,1.57812500e+00,1.20250000e+01,2.31250000e-02,-1.95312500e-02
2.42919500e-06,1.65312500e+00,1.21375000e+01,2.56250000e-02,3.90625000e-02
2.42951500e-06,1.50312500e+00,1.21000000e+01,5.31250000e-02,6.17187500e-02
2.42983500e-06,1.45312500e+00,1.23000000e+01,4.06250000e-02,6.17187500e-02
2.43015500e-06,1.52812500e+00,1.22125000e+01,6.31250000e-02,3.12500000e-03
2.43047500e-06,1.48125000e+00,1.22000000e+01,5.81250000e-02,-3.75000000e-02
2.43079500e-06,1.46562500e+00,1.20625000e+01,4.81250000e-02,-4.06250000e-02
2.43111500e-06,1.56562500e+00,1.22500000e+01,3.56250000e-02,-2.03125000e-02
2.43143500e-06,1.55625000e+00,1.21875000e+01,3.06250000e-02,-2.10937500e-02
2.43175500e-06,1.49062500e+00,1.22500000e+01,2.81250000e-02,-1.05468750e-01
2.43207500e-06,1.55312500e+00,1.22500000e+01,9.31250000e-02,-8.12500000e-02
2.43239500e-06,1.61562500e+00,1.21625000e+01,4.81250000e-02,-5.46875000e-02
2.43271500e-06,1.49062500e+00,1.22125000e+01,2.06250000e-02,-1.40625000e-02
2.43303500e-06,1.62812500e+00,1.23250000e+01,3.56250000e-02,1.79687500e-02
2.43335500e-06,1.60312500e+00,1.21125000e+01,6.06250000e-02,1.32812500e-02
2.43367500e-06,1.56562500e+00,1.21250000e+01,1.81250000e-02,7.18750000e-02
2.43399500e-06,1.47812500e+00,1.21750000e+01,4.31250000e-02,-4.68750000e-03
2.43431500e-06,1.47812500e+00,1.23000000e+01,3.81250000e-02,-1.42968750e-01
2.43463500e-06,1.57812500e+00,1.20750000e+01,2.81250000e-02,-7.26562500e-02
2.43495500e-06,1.59375000e+00,1.22125000e+01,5.31250000e-02,7.26562500e-02
2.43527500e-06,1.61562500e+00,1.22000000e+01,2.56250000e-02,8.35937500e-02
2.43559500e-06,1.50312500e+00,1.21875000e+01,6.81250000e-02,-4.60937500e-02
2.43591500e-06,1.56562500e+00,1.21625000e+01,6.06250000e-02,-8.67187500e-02
2.43623500e-06,1.61562500e+00,1.20375000e+01,2.56250000e-02,-6.01562500e-02
2.43655500e-06,1.57812500e+00,1.21375000e+01,7.81250000e-02,7.81250000e-04
2.43687500e-06,1.44062500e+00,1.23000000e+01,4.06250000e-02,7.18750000e-02
2.43719500e-06,1.65312500e+00,1.21625000e+01,4.81250000e-02,7.03125000e-02
2.43751500e-06,1.55312500e+00,1.20750000e+01,6.06250000e-02,2.81250000e-02
2.43783500e-06,1.60312500e+00,1.20625000e+01,3.31250000e-02,3.43750000e-02
2.43815500e-06,1.80312500e+00,1.21375000e+01,6.06250000e-02,3.12500000e-02
2.43847500e-06,1.75312500e+00,1.23000000e+01,5.06250000e-02,1.01562500e-02
2.43879500e-06,1.66562500e+00,1.22125000e+01,5.56250000e-02,-2.57812500e-02
2.43911500e-06,1.47812500e+00,1.20375000e+01,2.56250000e-02,-1.17187500e-02
2.43943500e-06,1.55312500e+00,1.22750000e+01,3.81250000e-02,6.64062500e-02
2.43975500e-06,1.62812500e+00,1.22375000e+01,4.81250000e-02,5.00000000e-02
2.44007500e-06,1.52812500e+00,1.22375000e+01,6.31250000e-02,1.64062500e-02
2.44039500e-06,1.52812500e+00,1.22875000e+01,7.81250000e-02,-7.03125000e-03
2.44071500e-06,1.66562500e+00,1.22125000e+01,5.81250000e-02,-6.87500000e-02
2.44103500e-06,1.57812500e+00,1.21875000e+01,2.06250000e-02,-1.66406250e-01
2.44135500e-06,1.61562500e+00,1.21750000e+01,5.81250000e-02,-9.45312500e-02
2.44167500e-06,1.50312500e+00,1.22000000e+01,3.31250000e-02,-1.40625000e-02
2.44199500e-06,1.62812500e+00,1.23500000e+01,3.81250000e-02,-3.04687500e-02
2.44231500e-06,1.56562500e+00,1.21500000e+01,4.81250000e-02,-3.90625000e-03
2.44263500e-06,1.46562500e+00,1.21875000e+01,2.31250000e-02,4.76562500e-02
2.44295500e-06,1.42812500e+00,1.22000000e+01,3.81250000e-02,8.51562500e-02
2.44327500e-06,1.59375000e+00,1.24375000e+01,5.31250000e-02,6.71875000e-02
2.44359500e-06,1.70625000e+00,1.23500000e+01,3.81250000e-02,2.18750000e-02
2.44391500e-06,1.69062500e+00,1.22125000e+01,3.31250000e-02,7.81250000e-03
2.44423500e-06,1.51562500e+00,1.21625000e+01,3.31250000e-02,-7.81250000e-04
2.44455500e-06,1.52812500e+00,1.21500000e+01,4.06250000e-02,6.32812500e-02
2.44487500e-06,1.64062500e+00,1.22625000e+01,4.56250000e-02,-2.89062500e-02
2.44519500e-06,1.59062500e+00,1.22500000e+01,4.81250000e-02,-5.23437500e-02
2.44551500e-06,1.51562500e+00,1.22375000e+01,2.81250000e-02,1.09375000e-02
2.44583500e-06,1.71562500e+00,1.23875000e+01,5.81250000e-02,-5.46875000e-03
2.44615500e-06,1.69062500e+00,1.21500000e+01,6.06250000e-02,-8.20312500e-02
2.44647500e-06,1.62812500e+00,1.24250000e+01,4.31250000e-02,-4.60937500e-02
2.44679500e-06,1.59062500e+00,1.22125000e+01,2.56250000e-02,2.26562500e-02
2.44711500e-06,1.47812500e+00,1.22500000e+01,4.31250000e-02,2.81250000e-02
2.44743500e-06,1.69062500e+00,1.21375000e+01,7.31250000e-02,5.31250000e-02
2.44775500e-06,1.59062500e+00,1.21750000e+01,4.81250000e-02,6.64062500e-02
2.44807500e-06,1.64062500e+00,1.22125000e+01,3.81250000e-02,3.12500000e-03
2.44839500e-06,1.54062500e+00,1.22375000e+01,5.56250000e-02,-4.84375000e-02
2.44871500e-06,1.55312500e+00,1.21375000e+01,3.06250000e-02,-1.79687500e-02
2.44903500e-06,1.69062500e+00,1.22000000e+01,4.81250000e-02,-5.46875000e-02
2.44935500e-06,1.60312500e+00,1.21625000e+01,3.81250000e-02,-9.29687500e-02
2.44967500e-06,1.75312500e+00,1.22500000e+01,3.56250000e-02,-8.28125000e-02
2.44999500e-06,1.61562500e+00,1.22750000e+01,4.31250000e-02,3.20312500e-02
2.45031500e-06,1.56562500e+00,1.22250000e+01,6.06250000e-02,-7.81250000e-04
2.45063500e-06,1.56562500e+00,1.21625000e+01,3.56250000e-02,-6.01562500e-02
2.45095500e-06,1.59062500e+00,1.21250000e+01,3.81250000e-02,-6.09375000e-02
2.45127500e-06,1.50312500e+00,1.21875000e+01,3.31250000e-02,-2.50000000e-02
2.45159500e-06,1.60312500e+00,1.22500000e+01,5.56250000e-02,-9.76562500e-02
2.45191500e-06,1.61562500e+00,1.23000000e+01,2.81250000e-02,-1.25781250e-01
2.45223500e-06,1.51562500e+00,1.23375000e+01,2.56250000e-02,-6.17187500e-02
2.45255500e-06,1.51562500e+00,1.21125000e+01,6.06250000e-02,-4.68750000e-02
2.45287500e-06,1.66562500e+00,1.22625000e+01,4.31250000e-02,-5.07812500e-02
2.45319500e-06,1.55312500e+00,1.22750000e+01,2.31250000e-02,-1.71875000e-02
2.45351500e-06,1.65312500e+00,1.23750000e+01,1.31250000e-02,5.31250000e-02
2.45383500e-06,1.51562500e+00,1.21000000e+01,1.81250000e-02,-4.06250000e-02
2.45415500e-06,1.61562500e+00,1.21625000e+01,4.81250000e-02,-4.53125000e-02
2.45447500e-06,1.74062500e+00,1.22250000e+01,1.81250000e-02,9.37500000e-03
2.45479500e-06,1.70312500e+00,1.22875000e+01,2.56250000e-02,7.03125000e-03
2.45511500e-06,1.50312500e+00,1.20750000e+01,4.56250000e-02,-3.12500000e-03
2.45543500e-06,1.60312500e+00,1.22500000e+01,4.06250000e-02,2.42187500e-02
2.45575500e-06,1.57812500e+00,1.21500000e+01,5.31250000e-02,-2.42187500e-02
2.45607500e-06,1.59062500e+00,1.22250000e+01,4.56250000e-02,-5.15625000e-02
2.45639500e-06,1.60312500e+00,1.21500000e+01,4.06250000e-02,-7.50000000e-02
2.45671500e-06,1.69062500e+00,1.22625000e+01,5.31250000e-02,-8.28125000e-02
2.45703500e-06,1.61562500e+00,1.21375000e+01,5.81250000e-02,-5.70312500e-02
2.45735500e-06,1.52812500e+00,1.21375000e+01,3.81250000e-02,-3.75000000e-02
2.45767500e-06,1.49062500e+00,1.21500000e+01,4.56250000e-02,-5.93750000e-02
2.45799500e-06,1.57812500e+00,1.22625000e+01,3.56250000e-02,-4.06250000e-02
2.45831500e-06,1.61875000e+00,1.23375000e+01,5.06250000e-02,0.00000000e+00
2.45863500e-06,1.37812500e+00,1.22250000e+01,3.06250000e-02,-2.03125000e-02
2.45895500e-06,1.46562500e+00,1.21750000e+01,4.31250000e-02,-6.32812500e-02
2.45927500e-06,1.72812500e+00,1.22750000e+01,1.06250000e-02,-1.48437500e-02
2.45959500e-06,1.50625000e+00,1.21125000e+01,1.31250000e-02,-1.01562500e-02
2.45991500e-06,1.62812500e+00,1.21750000e+01,3.31250000e-02,-5.23437500e-02
2.46023500e-06,1.55312500e+00,1.21750000e+01,6.31250000e-02,1.32812500e-02
2.46055500e-06,1.55312500e+00,1.23125000e+01,6.56250000e-02,4.14062500e-02
2.46087500e-06,1.57812500e+00,1.21625000e+01,5.06250000e-02,-1.25000000e-02
2.46119500e-06,1.62812500e+00,1.22250000e+01,4.06250000e-02,-6.25000000e-02
2.46151500e-06,1.75312500e+00,1.21125000e+01,2.31250000e-02,-8.43750000e-02
2.46183500e-06,1.54062500e+00,1.22625000e+01,3.56250000e-02,-8.43750000e-02
2.46215500e-06,1.59062500e+00,1.21750000e+01,6.56250000e-02,-2.18750000e-02
2.46247500e-06,1.54062500e+00,1.20500000e+01,4.81250000e-02,4.68750000e-03
2.46279500e-06,1.57812500e+00,1.23000000e+01,5.81250000e-02,-5.70312500e-02
2.46311500e-06,1.56562500e+00,1.22000000e+01,3.06250000e-02,-4.76562500e-02
2.46343500e-06,1.51562500e+00,1.21250000e+01,3.56250000e-02,4.68750000e-03
2.46375500e-06,1.59062500e+00,1.23375000e+01,3.81250000e-02,-4.76562500e-02
2.46407500e-06,1.51562500e+00,1.22375000e+01,7.56250000e-02,-1.05468750e-01
2.46439500e-06,1.47812500e+00,1.22500000e+01,5.56250000e-02,-1.53906250e-01
2.46471500e-06,1.57812500e+00,1.22750000e+01,3.31250000e-02,-1.97656250e-01
2.46503500e-06,1.54375000e+00,1.21500000e+01,4.06250000e-02,-1.48437500e-01
2.46535500e-06,1.57812500e+00,1.22000000e+01,1.31250000e-02,-6.40625000e-02
2.46567500e-06,1.54062500e+00,1.22875000e+01,5.56250000e-02,9.37500000e-03
2.46599500e-06,1.59062500e+00,1.22125000e+01,5.81250000e-02,5.70312500e-02
2.46631500e-06,1.57812500e+00,1.22750000e+01,3.81250000e-02,-2.34375000e-03
2.46663500e-06,1.57812500e+00,1.22125000e+01,6.31250000e-02,-1.28906250e-01
2.46695500e-06,1.69062500e+00,1.23250000e+01,3.81250000e-02,-5.15625000e-02
2.46727500e-06,1.65312500e+00,1.22125000e+01,5.31250000e-02,-1.17187500e-02
2.46759500e-06,1.41562500e+00,1.22125000e+01,4.31250000e-02,-4.68750000e-02
2.46791500e-06,1.55312500e+00,1.23125000e+01,4.56250000e-02,-9.37500000e-03
2.46823500e-06,1.37812500e+00,1.22125000e+01,4.06250000e-02,6.40625000e-02
2.46855500e-06,1.56562500e+00,1.21250000e+01,6.56250000e-02,-2.10937500e-02
2.46887500e-06,1.68125000e+00,1.23125000e+01,4.56250000e-02,-1.26562500e-01
2.46919500e-06,1.42812500e+00,1.22625000e+01,5.56250000e-02,-8.51562500e-02
2.46951500e-06,1.69062500e+00,1.21000000e+01,5.56250000e-02,-1.09375000e-02
2.46983500e-06,1.56562500e+00,1.21000000e+01,4.06250000e-02,-7.89062500e-02
2.47015500e-06,1.55312500e+00,1.22750000e+01,4.31250000e-02,-8.75000000e-02
2.47047500e-06,1.64062500e+00,1.21750000e+01,3.81250000e-02,-3.04687500e-02
2.47079500e-06,1.59062500e+00,1.22750000e+01,6.31250000e-02,4.53125000e-02
2.47111500e-06,1.45312500e+00,1.21000000e+01,5.06250000e-02,2.65625000e-02
2.47143500e-06,1.55312500e+00,1.22125000e+01,5.56250000e-02,-2.26562500e-02
2.47175500e-06,1.65625000e+00,1.23000000e+01,6.81250000e-02,-1.48437500e-02
2.47207500e-06,1.57812500e+00,1.22625000e+01,3.31250000e-02,-1.71875000e-02
2.47239500e-06,1.57812500e+00,1.22625000e+01,3.06250000e-02,-9.45312500e-02
2.47271500e-06,1.45312500e+00,1.21375000e+01,2.81250000e-02,-4.37500000e-02
2.47303500e-06,1.70312500e+00,1.21625000e+01,6.31250000e-02,-1.79687500e-02
2.47335500e-06,1.61562500e+00,1.23250000e+01,4.81250000e-02,-2.57812500e-02
2.47367500e-06,1.44062500e+00,1.22125000e+01,5.81250000e-02,-3.43750000e-02
2.47399500e-06,1.57812500e+00,1.22375000e+01,5.56250000e-02,3.82812500e-02
2.47431500e-06,1.62812500e+00,1.22000000e+01,3.81250000e-02,5.23437500e-02
2.47463500e-06,1.71562500e+00,1.22500000e+01,6.31250000e-02,1.01562500e-02
2.47495500e-06,1.64062500e+00,1.21375000e+01,2.81250000e-02,5.46875000e-03
2.47527500e-06,1.49062500e+00,1.23125000e+01,3.81250000e-02,-3.04687500e-02
2.47559500e-06,1.60312500e+00,1.22250000e+01,7.81250000e-02,-1.48437500e-02
2.47591500e-06,1.51562500e+00,1.23500000e+01,4.06250000e-02,7.03125000e-02
2.47623500e-06,1.47812500e+00,1.22500000e+01,2.81250000e-02,-2.34375000e-02
2.47655500e-06,1.59062500e+00,1.22500000e+01,3.56250000e-02,-8.12500000e-02
2.47687500e-06,1.66875000e+00,1.22125000e+01,5.56250000e-02,6.25000000e-03
2.47719500e-06,1.61562500e+00,1.21750000e+01,4.56250000e-02,-1.87500000e-02
2.47751500e-06,1.67812500e+00,1.22375000e+01,2.31250000e-02,-3.12500000e-02
2.47783500e-06,1.45312500e+00,1.23000000e+01,6.56250000e-02,3.35937500e-02
2.47815500e-06,1.44062500e+00,1.21625000e+01,6.06250000e-02,5.46875000e-03
2.47847500e-06,1.57812500e+00,1.21000000e+01,6.06250000e-02,2.34375000e-03
2.47879500e-06,1.51875000e+00,1.22000000e+01,3.31250000e-02,7.26562500e-02
2.47911500e-06,1.54062500e+00,1.23125000e+01,4.56250000e-02,8.28125000e-02
2.47943500e-06,1.59062500e+00,1.22750000e+01,6.56250000e-02,5.07812500e-02
2.47975500e-06,1.50312500e+00,1.23500000e+01,3.56250000e-02,7.81250000e-03
2.48007500e-06,1.60312500e+00,1.21750000e+01,4.31250000e-02,-5.07812500e-02
2.48039500e-06,1.52812500e+00,1.22750000e+01,3.31250000e-02,-7.81250000e-04
2.48071500e-06,1.47812500e+00,1.22625000e+01,2.81250000e-02,-2.65625000e-02
2.48103500e-06,1.46562500e+00,1.22250000e+01,7.81250000e-02,-1.48437500e-02
2.48135500e-06,1.46875000e+00,1.21875000e+01,5.81250000e-02,-1.56250000e-03
2.48167500e-06,1.55625000e+00,1.22000000e+01,2.06250000e-02,2.10937500e-02
2.48199500e-06,1.51875000e+00,1.22000000e+01,4.56250000e-02,7.81250000e-04
2.48231500e-06,1.55312500e+00,1.22750000e+01,6.81250000e-02,-3.20312500e-02
2.48263500e-06,1.46562500e+00,1.22250000e+01,3.81250000e-02,3.90625000e-03
2.48295500e-06,1.49062500e+00,1.21500000e+01,4.31250000e-02,6.25000000e-03
2.48327500e-06,1.57812500e+00,1.23000000e+01,6.56250000e-02,-1.71875000e-02
2.48359500e-06,1.59375000e+00,1.22000000e+01,4.06250000e-02,5.62500000e-02
2.48391500e-06,1.52812500e+00,1.20875000e+01,3.06250000e-02,6.56250000e-02
2.48423500e-06,1.55312500e+00,1.23250000e+01,3.31250000e-02,5.93750000e-02
2.48455500e-06,1.62812500e+00,1.21750000e+01,4.56250000e-02,2.34375000e-02
2.48487500e-06,1.54062500e+00,1.21250000e+01,6.56250000e-02,4.29687500e-02
2.48519500e-06,1.66562500e+00,1.22250000e+01,3.56250000e-02,8.82812500e-02
2.48551500e-06,1.72812500e+00,1.22000000e+01,5.56250000e-02,9.14062500e-02
2.48583500e-06,1.51562500e+00,1.23250000e+01,5.06250000e-02,-4.14062500e-02
2.48615500e-06,1.52812500e+00,1.23000000e+01,4.56250000e-02,3.28125000e-02
2.48647500e-06,1.57812500e+00,1.22125000e+01,6.06250000e-02,1.03125000e-01
2.48679500e-06,1.65312500e+00,1.22125000e+01,7.06250000e-02,4.14062500e-02
2.48711500e-06,1.66562500e+00,1.21750000e+01,3.81250000e-02,5.39062500e-02
2.48743500e-06,1.57812500e+00,1.23625000e+01,2.06250000e-02,5.46875000e-03
2.48775500e-06,1.64062500e+00,1.22000000e+01,2.81250000e-02,3.20312500e-02
2.48807500e-06,1.57812500e+00,1.22375000e+01,5.56250000e-02,4.21875000e-02
2.48839500e-06,1.52812500e+00,1.21625000e+01,6.06250000e-02,-6.09375000e-02
2.48871500e-06,1.57812500e+00,1.23000000e+01,5.31250000e-02,-1.40625000e-02
2.48903500e-06,1.54062500e+00,1.21750000e+01,5.81250000e-02,3.35937500e-02
2.48935500e-06,1.54062500e+00,1.23125000e+01,1.31250000e-02,7.50000000e-02
2.48967500e-06,1.46562500e+00,1.21625000e+01,3.56250000e-02,8.67187500e-02
2.48999500e-06,1.56562500e+00,1.21625000e+01,3.81250000e-02,6.95312500e-02
2.49031500e-06,1.59062500e+00,1.20500000e+01,5.81250000e-02,3.43750000e-02
2.49063500e-06,1.56562500e+00,1.21125000e+01,1.81250000e-02,-7.50000000e-02
2.49095500e-06,1.57812500e+00,1.21375000e+01,5.31250000e-02,-5.70312500e-02
2.49127500e-06,1.56562500e+00,1.23125000e+01,4.56250000e-02,9.37500000e-03
2.49159500e-06,1.47812500e+00,1.21625000e+01,3.31250000e-02,-7.81250000e-03
2.49191500e-06,1.61562500e+00,1.24125000e+01,7.06250000e-02,-5.31250000e-02
2.49223500e-06,1.56562500e+00,1.21625000e+01,4.06250000e-02,-8.67187500e-02
2.49255500e-06,1.50312500e+00,1.22625000e+01,4.81250000e-02,-8.12500000e-02
2.49287500e-06,1.50312500e+00,1.20875000e+01,4.81250000e-02,-5.85937500e-02
2.49319500e-06,1.47812500e+00,1.23250000e+01,8.06250000e-02,2.57812500e-02
2.49351500e-06,1.55312500e+00,1.23250000e+01,8.06250000e-02,-7.81250000e-04
2.49383500e-06,1.61562500e+00,1.22750000e+01,2.56250000e-02,-1.17187500e-02
2.49415500e-06,1.45312500e+00,1.21875000e+01,4.31250000e-02,-4.21875000e-02
2.49447500e-06,1.50312500e+00,1.21750000e+01,4.81250000e-02,-6.64062500e-02
2.49479500e-06,1.65312500e+00,1.22125000e+01,3.06250000e-02,-4.60937500e-02
2.49511500e-06,1.57812500e+00,1.20625000e+01,4.06250000e-02,2.34375000e-03
2.49543500e-06,1.46562500e+00,1.22500000e+01,6.31250000e-02,2.34375000e-03
2.49575500e-06,1.56562500e+00,1.21500000e+01,5.31250000e-02,4.68750000e-03
2.49607500e-06,1.50312500e+00,1.21750000e+01,4.56250000e-02,2.26562500e-02
2.49639500e-06,1.61562500e+00,1.22625000e+01,3.56250000e-02,4.84375000e-02
2.49671500e-06,1.61562500e+00,1.20500000e+01,4.06250000e-02,-6.32812500e-02
2.49703500e-06,1.57812500e+00,1.23875000e+01,4.81250000e-02,-1.42968750e-01
2.49735500e-06,1.59062500e+00,1.22750000e+01,4.81250000e-02,-4.68750000e-02
2.49767500e-06,1.49062500e+00,1.21875000e+01,5.56250000e-02,-8.75000000e-02
2.49799500e-06,1.52812500e+00,1.23000000e+01,3.56250000e-02,-1.07031250e-01
2.49831500e-06,1.54062500e+00,1.22500000e+01,5.56250000e-02,-5.93750000e-02
2.49863500e-06,1.57812500e+00,1.21625000e+01,5.56250000e-02,-8.43750000e-02
2.49895500e-06,1.57812500e+00,1.22375000e+01,5.81250000e-02,3.12500000e-03
2.49927500e-06,1.50312500e+00,1.22250000e+01,3.31250000e-02,9.14062500e-02
2.49959500e-06,1.49062500e+00,1.23125000e+01,3.56250000e-02,-4.84375000e-02
2.49991500e-06,1.51562500e+00,1.21500000e+01,3.31250000e-02,-7.42187500e-02
2.50023500e-06,1.55312500e+00,1.20500000e+01,4.56250000e-02,-3.90625000e-02
2.50055500e-06,1.50312500e+00,1.22250000e+01,3.31250000e-02,-7.89062500e-02
2.50087500e-06,1.64062500e+00,1.22625000e+01,4.56250000e-02,-8.67187500e-02
2.50119500e-06,1.54062500e+00,1.21875000e+01,4.56250000e-02,-7.18750000e-02
2.50151500e-06,1.54062500e+00,1.22125000e+01,4.56250000e-02,-6.48437500e-02
2.50183500e-06,1.62812500e+00,1.21375000e+01,4.06250000e-02,-3.35937500e-02
2.50215500e-06,1.62812500e+00,1.23000000e+01,4.06250000e-02,2.03125000e-02
2.50247500e-06,1.57812500e+00,1.21125000e+01,4.81250000e-02,-2.42187500e-02
2.50279500e-06,1.45312500e+00,1.23000000e+01,7.31250000e-02,-1.36718750e-01
2.50311500e-06,1.46562500e+00,1.22500000e+01,5.31250000e-02,-1.32031250e-01
2.50343500e-06,1.46562500e+00,1.21750000e+01,6.81250000e-02,-1.01562500e-01
2.50375500e-06,1.56875000e+00,1.21875000e+01,6.06250000e-02,-4.06250000e-02
2.50407500e-06,1.63125000e+00,1.22125000e+01,5.81250000e-02,-9.37500000e-03
2.50439500e-06,1.54062500e+00,1.22750000e+01,2.06250000e-02,2.26562500e-02
2.50471500e-06,1.51562500e+00,1.22875000e+01,2.81250000e-02,-1.48437500e-02
2.50503500e-06,1.69062500e+00,1.21250000e+01,4.81250000e-02,-6.17187500e-02
2.50535500e-06,1.66562500e+00,1.21375000e+01,4.56250000e-02,-1.51562500e-01
2.50567500e-06,1.49062500e+00,1.21125000e+01,6.56250000e-02,-6.48437500e-02
2.50599500e-06,1.50312500e+00,1.21125000e+01,5.06250000e-02,3.90625000e-03
2.50631500e-06,1.47812500e+00,1.22625000e+01,2.81250000e-02,9.37500000e-03
2.50663500e-06,1.45312500e+00,1.21875000e+01,5.56250000e-02,-5.46875000e-03
2.50695500e-06,1.65312500e+00,1.21500000e+01,4.81250000e-02,-8.20312500e-02
2.50727500e-06,1.63125000e+00,1.23250000e+01,2.81250000e-02,-1.02343750e-01
2.50759500e-06,1.56562500e+00,1.22875000e+01,4.06250000e-02,-6.48437500e-02
2.50791500e-06,1.44062500e+00,1.22625000e+01,7.81250000e-02,-2.73437500e-02
2.50823500e-06,1.65312500e+00,1.22250000e+01,5.31250000e-02,-4.21875000e-02
2.50855500e-06,1.59375000e+00,1.21375000e+01,5.31250000e-02,1.56250000e-03
2.50887500e-06,1.56562500e+00,1.21375000e+01,3.06250000e-02,-3.98437500e-02
2.50919500e-06,1.39062500e+00,1.22750000e+01,3.56250000e-02,-3.75000000e-02
2.50951500e-06,1.64062500e+00,1.22250000e+01,4.56250000e-02,5.62500000e-02
2.50983500e-06,1.51875000e+00,1.21750000e+01,4.06250000e-02,2.03125000e-02
2.51015500e-06,1.44062500e+00,1.22875000e+01,3.81250000e-02,-9.14062500e-02
2.51047500e-06,1.59062500e+00,1.21875000e+01,3.81250000e-02,-5.62500000e-02
2.51079500e-06,1.55625000e+00,1.21375000e+01,3.31250000e-02,4.68750000e-03
2.51111500e-06,1.51562500e+00,1.22500000e+01,6.81250000e-02,-2.34375000e-03
2.51143500e-06,1.45312500e+00,1.23500000e+01,4.31250000e-02,5.46875000e-02
2.51175500e-06,1.50312500e+00,1.23375000e+01,3.81250000e-02,1.17968750e-01
2.51207500e-06,1.56875000e+00,1.21625000e+01,3.31250000e-02,7.73437500e-02
2.51239500e-06,1.65312500e+00,1.23250000e+01,3.56250000e-02,3.75000000e-02
2.51271500e-06,1.61562500e+00,1.22625000e+01,5.56250000e-02,2.18750000e-02
2.51303500e-06,1.55312500e+00,1.23000000e+01,4.06250000e-02,2.34375000e-03
2.51335500e-06,1.55312500e+00,1.22250000e+01,3.06250000e-02,-4.76562500e-02
2.51367500e-06,1.51562500e+00,1.21875000e+01,7.56250000e-02,7.81250000e-04
2.51399500e-06,1.52812500e+00,1.21625000e+01,4.06250000e-02,1.48437500e-02
2.51431500e-06,1.54062500e+00,1.22250000e+01,3.56250000e-02,0.00000000e+00
2.51463500e-06,1.46562500e+00,1.21625000e+01,2.81250000e-02,1.56250000e-02
2.51495500e-06,1.47812500e+00,1.22250000e+01,4.31250000e-02,-1.71875000e-02
2.51527500e-06,1.57812500e+00,1.22625000e+01,3.56250000e-02,1.17187500e-02
2.51559500e-06,1.65625000e+00,1.23000000e+01,4.06250000e-02,4.21875000e-02
2.51591500e-06,1.55312500e+00,1.20250000e+01,3.81250000e-02,2.73437500e-02
2.51623500e-06,1.57812500e+00,1.23250000e+01,1.81250000e-02,7.18750000e-02
2.51655500e-06,1.44062500e+00,1.23250000e+01,6.31250000e-02,7.65625000e-02
2.51687500e-06,1.61562500e+00,1.23625000e+01,6.81250000e-02,9.14062500e-02
2.51719500e-06,1.65312500e+00,1.21000000e+01,3.31250000e-02,2.34375000e-03
2.51751500e-06,1.46562500e+00,1.22875000e+01,1.56250000e-02,-5.93750000e-02
2.51783500e-06,1.57812500e+00,1.22375000e+01,2.81250000e-02,-1.87500000e-02
2.51815500e-06,1.61562500e+00,1.22125000e+01,6.56250000e-02,4.53125000e-02
2.51847500e-06,1.46562500e+00,1.21500000e+01,3.56250000e-02,-3.90625000e-03
2.51879500e-06,1.51562500e+00,1.21625000e+01,5.31250000e-02,4.29687500e-02
2.51911500e-06,1.70312500e+00,1.21875000e+01,5.06250000e-02,3.43750000e-02
2.51943500e-06,1.46562500e+00,1.23500000e+01,3.81250000e-02,4.53125000e-02
2.51975500e-06,1.46562500e+00,1.23250000e+01,2.06250000e-02,1.25000000e-02
2.52007500e-06,1.50312500e+00,1.22875000e+01,4.81250000e-02,-5.46875000e-03
2.52039500e-06,1.51875000e+00,1.21625000e+01,6.06250000e-02,2.57812500e-02
2.52071500e-06,1.55312500e+00,1.21500000e+01,5.56250000e-02,5.46875000e-02
2.52103500e-06,1.49062500e+00,1.22250000e+01,6.56250000e-02,7.96875000e-02
2.52135500e-06,1.50312500e+00,1.23375000e+01,3.06250000e-02,7.89062500e-02
2.52167500e-06,1.62812500e+00,1.21000000e+01,4.56250000e-02,3.20312500e-02
2.52199500e-06,1.59062500e+00,1.22625000e+01,3.56250000e-02,6.40625000e-02
2.52231500e-06,1.57812500e+00,1.21875000e+01,4.06250000e-02,1.02343750e-01
2.52263500e-06,1.49062500e+00,1.22750000e+01,3.56250000e-02,6.25000000e-03
2.52295500e-06,1.51562500e+00,1.22125000e+01,2.31250000e-02,-7.26562500e-02
2.52327500e-06,1.58125000e+00,1.23125000e+01,2.06250000e-02,-9.37500000e-02
2.52359500e-06,1.55312500e+00,1.22375000e+01,5.31250000e-02,1.09375000e-02
2.52391500e-06,1.54062500e+00,1.23375000e+01,5.06250000e-02,8.04687500e-02
2.52423500e-06,1.49062500e+00,1.21500000e+01,9.56250000e-02,1.47656250e-01
2.52455500e-06,1.64062500e+00,1.21000000e+01,3.81250000e-02,1.18750000e-01
2.52487500e-06,1.71562500e+00,1.21750000e+01,2.81250000e-02,6.56250000e-02
2.52519500e-06,1.50312500e+00,1.21250000e+01,3.31250000e-02,4.06250000e-02
2.52551500e-06,1.44062500e+00,1.22000000e+01,4.56250000e-02,-2.03125000e-02
2.52583500e-06,1.64062500e+00,1.21750000e+01,3.31250000e-02,-1.79687500e-02
2.52615500e-06,1.58125000e+00,1.21375000e+01,2.81250000e-02,6.25000000e-03
2.52647500e-06,1.62812500e+00,1.22000000e+01,5.06250000e-02,6.09375000e-02
2.52679500e-06,1.71562500e+00,1.22250000e+01,5.31250000e-02,5.00000000e-02
2.52711500e-06,1.45312500e+00,1.23000000e+01,3.06250000e-02,-1.87500000e-02
2.52743500e-06,1.56562500e+00,1.22375000e+01,5.06250000e-02,-1.07031250e-01
2.52775500e-06,1.46562500e+00,1.23000000e+01,4.81250000e-02,0.00000000e+00
2.52807500e-06,1.41562500e+00,1.21375000e+01,5.31250000e-02,1.01562500e-02
2.52839500e-06,1.52812500e+00,1.22125000e+01,3.81250000e-02,-3.59375000e-02
2.52871500e-06,1.56875000e+00,1.20875000e+01,3.06250000e-02,-1.56250000e-02
2.52903500e-06,1.45312500e+00,1.22375000e+01,4.56250000e-02,2.50000000e-02
2.52935500e-06,1.59062500e+00,1.21625000e+01,3.81250000e-02,-4.14062500e-02
2.52967500e-06,1.59062500e+00,1.21875000e+01,6.56250000e-02,3.59375000e-02
2.52999500e-06,1.54062500e+00,1.22625000e+01,3.81250000e-02,1.35156250e-01
2.53031500e-06,1.52812500e+00,1.22000000e+01,3.06250000e-02,6.71875000e-02
2.53063500e-06,1.44062500e+00,1.23000000e+01,6.06250000e-02,-5.15625000e-02
2.53095500e-06,1.54062500e+00,1.21875000e+01,2.81250000e-02,-9.60937500e-02
2.53127500e-06,1.52812500e+00,1.22375000e+01,6.56250000e-02,-5.46875000e-03
2.53159500e-06,1.51562500e+00,1.22625000e+01,6.56250000e-02,1.04687500e-01
2.53191500e-06,1.47812500e+00,1.21375000e+01,6.81250000e-02,2.96875000e-02
2.53223500e-06,1.46562500e+00,1.20625000e+01,3.81250000e-02,-5.07812500e-02
2.53255500e-06,1.52812500e+00,1.21250000e+01,5.06250000e-02,2.89062500e-02
2.53287500e-06,1.53125000e+00,1.23125000e+01,1.31250000e-02,4.76562500e-02
2.53319500e-06,1.46562500e+00,1.21125000e+01,4.31250000e-02,-5.15625000e-02
2.53351500e-06,1.52812500e+00,1.21375000e+01,5.31250000e-02,-3.82812500e-02
2.53383500e-06,1.55625000e+00,1.21875000e+01,5.06250000e-02,3.75000000e-02
2.53415500e-06,1.54062500e+00,1.21750000e+01,4.31250000e-02,3.28125000e-02
2.53447500e-06,1.47812500e+00,1.21000000e+01,6.06250000e-02,-4.14062500e-02
2.53479500e-06,1.44062500e+00,1.22125000e+01,4.06250000e-02,7.81250000e-03
2.53511500e-06,1.54062500e+00,1.22000000e+01,4.56250000e-02,-3.75000000e-02
2.53543500e-06,1.36875000e+00,1.23000000e+01,4.56250000e-02,-1.64062500e-02
2.53575500e-06,1.46562500e+00,1.21500000e+01,5.56250000e-02,-7.03125000e-02
2.53607500e-06,1.59375000e+00,1.21250000e+01,4.56250000e-02,-1.42968750e-01
2.53639500e-06,1.56875000e+00,1.21750000e+01,6.06250000e-02,-1.31250000e-01
2.53671500e-06,1.50312500e+00,1.22000000e+01,5.31250000e-02,-6.40625000e-02
2.53703500e-06,1.54062500e+00,1.21125000e+01,4.81250000e-02,-3.12500000e-02
2.53735500e-06,1.59062500e+00,1.23375000e+01,4.31250000e-02,-3.43750000e-02
2.53767500e-06,1.54062500e+00,1.22875000e+01,3.56250000e-02,-5.85937500e-02
2.53799500e-06,1.54062500e+00,1.23250000e+01,5.06250000e-02,-4.68750000e-02
2.53831500e-06,1.55312500e+00,1.20750000e+01,7.56250000e-02,-4.45312500e-02
2.53863500e-06,1.57812500e+00,1.23375000e+01,4.81250000e-02,-7.81250000e-02
2.53895500e-06,1.45312500e+00,1.23500000e+01,3.56250000e-02,-1.56250000e-02
2.53927500e-06,1.51562500e+00,1.21500000e+01,4.81250000e-02,-6.25000000e-03
2.53959500e-06,1.46562500e+00,1.22500000e+01,3.81250000e-02,-5.00000000e-02
2.53991500e-06,1.61562500e+00,1.22875000e+01,3.81250000e-02,-1.32812500e-02
2.54023500e-06,1.57812500e+00,1.22375000e+01,3.31250000e-02,2.26562500e-02
2.54055500e-06,1.47812500e+00,1.21625000e+01,5.81250000e-02,5.46875000e-03
2.54087500e-06,1.61562500e+00,1.22750000e+01,5.31250000e-02,-6.17187500e-02
2.54119500e-06,1.56562500e+00,1.22125000e+01,3.06250000e-02,-1.25000000e-02
2.54151500e-06,1.52812500e+00,1.20500000e+01,2.06250000e-02,-7.10937500e-02
2.54183500e-06,1.44062500e+00,1.21750000e+01,3.81250000e-02,-8.04687500e-02
2.54215500e-06,1.47812500e+00,1.22500000e+01,5.81250000e-02,2.89062500e-02
2.54247500e-06,1.52812500e+00,1.22750000e+01,5.31250000e-02,-7.18750000e-02
2.54279500e-06,1.51875000e+00,1.21875000e+01,4.06250000e-02,-1.63281250e-01
2.54311500e-06,1.46562500e+00,1.21625000e+01,6.56250000e-02,-1.31250000e-01
2.54343500e-06,1.54062500e+00,1.21625000e+01,6.31250000e-02,-1.86718750e-01
2.54375500e-06,1.46875000e+00,1.22750000e+01,4.31250000e-02,-1.11718750e-01
2.54407500e-06,1.57812500e+00,1.21625000e+01,5.81250000e-02,-2.96875000e-02
2.54439500e-06,1.55625000e+00,1.22000000e+01,5.56250000e-02,7.03125000e-03
2.54471500e-06,1.52812500e+00,1.22250000e+01,5.56250000e-02,-1.17187500e-02
2.54503500e-06,1.52812500e+00,1.24000000e+01,3.06250000e-02,-6.25000000e-03
2.54535500e-06,1.51562500e+00,1.22125000e+01,5.31250000e-02,-4.29687500e-02
2.54567500e-06,1.60312500e+00,1.21625000e+01,4.56250000e-02,-3.28125000e-02
2.54599500e-06,1.59062500e+00,1.20750000e+01,3.81250000e-02,-1.08593750e-01
2.54631500e-06,1.51562500e+00,1.22250000e+01,6.56250000e-02,-1.53125000e-01
2.54663500e-06,1.46562500e+00,1.22125000e+01,4.06250000e-02,-4.84375000e-02
2.54695500e-06,1.45312500e+00,1.22500000e+01,6.31250000e-02,1.00000000e-01
2.54727500e-06,1.55312500e+00,1.21750000e+01,6.81250000e-02,4.84375000e-02
2.54759500e-06,1.46875000e+00,1.21375000e+01,3.81250000e-02,4.37500000e-02
2.54791500e-06,1.66562500e+00,1.22125000e+01,5.06250000e-02,-3.20312500e-02
2.54823500e-06,1.57812500e+00,1.22875000e+01,5.31250000e-02,-1.25781250e-01
2.54855500e-06,1.45312500e+00,1.21875000e+01,5.31250000e-02,-8.98437500e-02
2.54887500e-06,1.44062500e+00,1.21125000e+01,4.81250000e-02,-2.10937500e-02
2.54919500e-06,1.61562500e+00,1.21875000e+01,3.81250000e-02,-3.75000000e-02
2.54951500e-06,1.45625000e+00,1.24250000e+01,3.56250000e-02,-2.73437500e-02
2.54983500e-06,1.45312500e+00,1.21875000e+01,6.06250000e-02,-1.12500000e-01
2.55015500e-06,1.61562500e+00,1.21875000e+01,4.06250000e-02,-1.14843750e-01
2.55047500e-06,1.43125000e+00,1.22250000e+01,4.81250000e-02,-9.53125000e-02
2.55079500e-06,1.59062500e+00,1.21000000e+01,2.56250000e-02,-3.20312500e-02
2.55111500e-06,1.52812500e+00,1.22375000e+01,2.06250000e-02,1.40625000e-02
2.55143500e-06,1.49062500e+00,1.22000000e+01,5.06250000e-02,-4.45312500e-02
2.55175500e-06,1.42812500e+00,1.21250000e+01,5.81250000e-02,-1.25000000e-02
2.55207500e-06,1.62812500e+00,1.21125000e+01,4.06250000e-02,9.37500000e-03
2.55239500e-06,1.45625000e+00,1.22250000e+01,2.81250000e-02,4.68750000e-03
2.55271500e-06,1.52812500e+00,1.23500000e+01,3.56250000e-02,-2.03125000e-02
2.55303500e-06,1.51562500e+00,1.20750000e+01,4.81250000e-02,-1.71875000e-02
2.55335500e-06,1.46562500e+00,1.21625000e+01,4.56250000e-02,2.73437500e-02
2.55367500e-06,1.49062500e+00,1.22625000e+01,6.31250000e-02,-6.01562500e-02
2.55399500e-06,1.61875000e+00,1.22750000e+01,5.31250000e-02,-1.03125000e-01
2.55431500e-06,1.53125000e+00,1.21625000e+01,5.56250000e-02,-4.21875000e-02
2.55463500e-06,1.59062500e+00,1.22875000e+01,1.56250000e-02,-5.00000000e-02
2.55495500e-06,1.54062500e+00,1.21750000e+01,3.31250000e-02,-5.85937500e-02
2.55527500e-06,1.49062500e+00,1.22500000e+01,7.06250000e-02,-2.50000000e-02
2.55559500e-06,1.45312500e+00,1.21375000e+01,4.56250000e-02,-8.04687500e-02
2.55591500e-06,1.49062500e+00,1.21875000e+01,2.81250000e-02,-5.62500000e-02
2.55623500e-06,1.48125000e+00,1.22125000e+01,3.31250000e-02,-2.18750000e-02
2.55655500e-06,1.55312500e+00,1.21000000e+01,3.31250000e-02,-7.18750000e-02
2.55687500e-06,1.44375000e+00,1.22000000e+01,3.31250000e-02,-6.09375000e-02
2.55719500e-06,1.54062500e+00,1.23000000e+01,2.56250000e-02,-4.29687500e-02
2.55751500e-06,1.45312500e+00,1.23125000e+01,6.56250000e-02,-7.73437500e-02
2.55783500e-06,1.52812500e+00,1.23000000e+01,4.31250000e-02,-4.60937500e-02
2.55815500e-06,1.60312500e+00,1.21625000e+01,8.06250000e-02,2.26562500e-02
2.55847500e-06,1.49062500e+00,1.23875000e+01,5.06250000e-02,1.48437500e-02
2.55879500e-06,1.55312500e+00,1.22750000e+01,3.56250000e-02,-1.00781250e-01
2.55911500e-06,1.55312500e+00,1.23000000e+01,5.81250000e-02,-7.81250000e-02
2.55943500e-06,1.45312500e+00,1.21375000e+01,6.06250000e-02,-1.87500000e-02
2.55975500e-06,1.47812500e+00,1.21625000e+01,3.56250000e-02,4.84375000e-02
2.56007500e-06,1.41875000e+00,1.22250000e+01,4.56250000e-02,5.93750000e-02
2.56039500e-06,1.49062500e+00,1.22750000e+01,4.06250000e-02,-6.25000000e-03
2.56071500e-06,1.60625000e+00,1.21500000e+01,4.81250000e-02,-9.37500000e-03
2.56103500e-06,1.68125000e+00,1.22500000e+01,3.56250000e-02,-4.14062500e-02
2.56135500e-06,1.56562500e+00,1.21125000e+01,3.56250000e-02,-4.14062500e-02
2.56167500e-06,1.51562500e+00,1.21250000e+01,6.56250000e-02,-5.00000000e-02
2.56199500e-06,1.49062500e+00,1.22000000e+01,5.56250000e-02,-3.43750000e-02
2.56231500e-06,1.54062500e+00,1.23250000e+01,3.81250000e-02,1.17187500e-02
2.56263500e-06,1.51875000e+00,1.22875000e+01,4.06250000e-02,2.18750000e-02
2.56295500e-06,1.50312500e+00,1.22875000e+01,3.56250000e-02,5.46875000e-02
2.56327500e-06,1.40312500e+00,1.22625000e+01,2.56250000e-02,5.78125000e-02
2.56359500e-06,1.49062500e+00,1.22125000e+01,4.81250000e-02,-9.37500000e-03
2.56391500e-06,1.64375000e+00,1.21875000e+01,3.31250000e-02,-7.96875000e-02
2.56423500e-06,1.60625000e+00,1.22250000e+01,4.31250000e-02,-4.68750000e-02
2.56455500e-06,1.52812500e+00,1.21625000e+01,4.56250000e-02,4.14062500e-02
2.56487500e-06,1.50312500e+00,1.23250000e+01,3.56250000e-02,7.34375000e-02
2.56519500e-06,1.56562500e+00,1.22500000e+01,3.56250000e-02,3.35937500e-02
2.56551500e-06,1.52812500e+00,1.23250000e+01,5.81250000e-02,-1.25000000e-02
2.56583500e-06,1.50312500e+00,1.21500000e+01,2.56250000e-02,3.59375000e-02
2.56615500e-06,1.45312500e+00,1.21250000e+01,4.06250000e-02,7.18750000e-02
2.56647500e-06,1.44062500e+00,1.22000000e+01,4.81250000e-02,4.21875000e-02
2.56679500e-06,1.49375000e+00,1.21375000e+01,6.06250000e-02,1.32812500e-02
2.56711500e-06,1.49062500e+00,1.21125000e+01,4.31250000e-02,-7.57812500e-02
2.56743500e-06,1.53125000e+00,1.22625000e+01,6.31250000e-02,-5.78125000e-02
2.56775500e-06,1.64062500e+00,1.21875000e+01,2.81250000e-02,7.96875000e-02
2.56807500e-06,1.51562500e+00,1.22250000e+01,4.56250000e-02,2.50000000e-02
2.56839500e-06,1.52812500e+00,1.21375000e+01,4.06250000e-02,-6.71875000e-02
2.56871500e-06,1.59062500e+00,1.22250000e+01,5.31250000e-02,-9.06250000e-02
2.56903500e-06,1.56562500e+00,1.23375000e+01,6.06250000e-02,-1.33593750e-01
2.56935500e-06,1.49062500e+00,1.22000000e+01,4.81250000e-02,-1.39843750e-01
2.56967500e-06,1.46562500e+00,1.23625000e+01,3.56250000e-02,-4.37500000e-02
2.56999500e-06,1.52812500e+00,1.22625000e+01,2.81250000e-02,5.93750000e-02
2.57031500e-06,1.53125000e+00,1.22250000e+01,5.31250000e-02,-4.29687500e-02
2.57063500e-06,1.57812500e+00,1.22125000e+01,3.81250000e-02,-9.92187500e-02
2.57095500e-06,1.47812500e+00,1.22000000e+01,-4.37500000e-03,-2.57812500e-02
2.57127500e-06,1.52812500e+00,1.22000000e+01,6.06250000e-02,-7.10937500e-02
2.57159500e-06,1.45312500e+00,1.21750000e+01,5.31250000e-02,-9.37500000e-02
2.57191500e-06,1.45312500e+00,1.22125000e+01,4.06250000e-02,-9.37500000e-03
2.57223500e-06,1.52812500e+00,1.20500000e+01,5.31250000e-02,1.32812500e-02
2.57255500e-06,1.48125000e+00,1.22500000e+01,4.56250000e-02,2.50000000e-02
2.57287500e-06,1.55312500e+00,1.22125000e+01,5.06250000e-02,-2.81250000e-02
2.57319500e-06,1.51562500e+00,1.22375000e+01,2.81250000e-02,1.56250000e-03
2.57351500e-06,1.54062500e+00,1.21125000e+01,4.56250000e-02,-3.12500000e-02
2.57383500e-06,1.50312500e+00,1.22000000e+01,7.81250000e-02,-4.60937500e-02
2.57415500e-06,1.47812500e+00,1.22750000e+01,4.81250000e-02,-1.01562500e-02
2.57447500e-06,1.47812500e+00,1.24000000e+01,5.31250000e-02,-1.00000000e-01
2.57479500e-06,1.62812500e+00,1.23375000e+01,6.31250000e-02,-1.33593750e-01
2.57511500e-06,1.44375000e+00,1.23000000e+01,4.56250000e-02,-4.92187500e-02
2.57543500e-06,1.57812500e+00,1.23375000e+01,4.81250000e-02,-6.40625000e-02
2.57575500e-06,1.60312500e+00,1.22500000e+01,2.81250000e-02,-2.03125000e-02
2.57607500e-06,1.44062500e+00,1.20875000e+01,4.06250000e-02,8.59375000e-03
2.57639500e-06,1.57812500e+00,1.22625000e+01,4.81250000e-02,-4.92187500e-02
2.57671500e-06,1.54062500e+00,1.23250000e+01,5.56250000e-02,-1.23437500e-01
2.57703500e-06,1.45312500e+00,1.21875000e+01,4.06250000e-02,-1.85937500e-01
2.57735500e-06,1.54062500e+00,1.21875000e+01,6.06250000e-02,-9.45312500e-02
2.57767500e-06,1.53125000e+00,1.23875000e+01,3.31250000e-02,-1.71875000e-02
2.57799500e-06,1.66562500e+00,1.22000000e+01,4.06250000e-02,-3.43750000e-02
2.57831500e-06,1.55312500e+00,1.23500000e+01,5.31250000e-02,-4.14062500e-02
2.57863500e-06,1.64062500e+00,1.23125000e+01,3.06250000e-02,-6.56250000e-02
2.57895500e-06,1.49062500e+00,1.23750000e+01,4.56250000e-02,-4.21875000e-02
2.57927500e-06,1.50312500e+00,1.23875000e+01,2.81250000e-02,-3.90625000e-02
2.57959500e-06,1.49062500e+00,1.22750000e+01,3.31250000e-02,-5.54687500e-02
2.57991500e-06,1.40312500e+00,1.21125000e+01,3.81250000e-02,-5.70312500e-02
2.58023500e-06,1.52812500e+00,1.22375000e+01,3.31250000e-02,-1.79687500e-02
2.58055500e-06,1.55625000e+00,1.21250000e+01,5.31250000e-02,-7.81250000e-02
2.58087500e-06,1.46562500e+00,1.22625000e+01,5.06250000e-02,-1.07031250e-01
2.58119500e-06,1.57812500e+00,1.21250000e+01,5.56250000e-02,-1.48437500e-02
2.58151500e-06,1.51562500e+00,1.22125000e+01,3.81250000e-02,1.48437500e-02
2.58183500e-06,1.61562500e+00,1.22625000e+01,2.81250000e-02,2.96875000e-02
2.58215500e-06,1.57812500e+00,1.21875000e+01,3.06250000e-02,1.95312500e-02
2.58247500e-06,1.45312500e+00,1.21500000e+01,4.81250000e-02,2.34375000e-02
2.58279500e-06,1.47812500e+00,1.21625000e+01,6.56250000e-02,-2.57812500e-02
2.58311500e-06,1.43125000e+00,1.20875000e+01,4.56250000e-02,-4.45312500e-02
2.58343500e-06,1.41562500e+00,1.21750000e+01,5.56250000e-02,-4.45312500e-02
2.58375500e-06,1.46875000e+00,1.21750000e+01,5.56250000e-02,-2.26562500e-02
2.58407500e-06,1.53125000e+00,1.23125000e+01,3.06250000e-02,1.79687500e-02
2.58439500e-06,1.53125000e+00,1.21250000e+01,3.06250000e-02,-3.59375000e-02
2.58471500e-06,1.49062500e+00,1.22250000e+01,5.06250000e-02,-3.43750000e-02
2.58503500e-06,1.64062500e+00,1.22125000e+01,7.56250000e-02,-2.18750000e-02
2.58535500e-06,1.56562500e+00,1.22000000e+01,6.56250000e-02,-2.18750000e-02
2.58567500e-06,1.70312500e+00,1.22000000e+01,4.06250000e-02,1.48437500e-02
2.58599500e-06,1.51562500e+00,1.23375000e+01,2.81250000e-02,1.09375000e-02
2.58631500e-06,1.60312500e+00,1.22875000e+01,8.12500000e-03,-1.48437500e-02
2.58663500e-06,1.64062500e+00,1.22875000e+01,4.81250000e-02,-1.17187500e-01
2.58695500e-06,1.47812500e+00,1.23250000e+01,7.31250000e-02,-1.00000000e-01
2.58727500e-06,1.60312500e+00,1.23250000e+01,2.06250000e-02,1.71875000e-02
2.58759500e-06,1.41562500e+00,1.21750000e+01,4.81250000e-02,3.28125000e-02
2.58791500e-06,1.50312500e+00,1.23250000e+01,2.81250000e-02,-2.10937500e-02
2.58823500e-06,1.65312500e+00,1.23750000e+01,1.81250000e-02,1.56250000e-02
2.58855500e-06,1.57812500e+00,1.23875000e+01,3.81250000e-02,-9.37500000e-03
2.58887500e-06,1.59062500e+00,1.22125000e+01,2.81250000e-02,-6.56250000e-02
2.58919500e-06,1.40312500e+00,1.21000000e+01,4.81250000e-02,-1.66406250e-01
2.58951500e-06,1.52812500e+00,1.21625000e+01,6.31250000e-02,-1.78125000e-01
2.58983500e-06,1.54375000e+00,1.22250000e+01,4.56250000e-02,-7.10937500e-02
2.59015500e-06,1.56562500e+00,1.22125000e+01,4.56250000e-02,-3.90625000e-02
2.59047500e-06,1.44062500e+00,1.21375000e+01,5.81250000e-02,-1.17187500e-02
2.59079500e-06,1.46562500e+00,1.22000000e+01,5.06250000e-02,5.46875000e-03
2.59111500e-06,1.51562500e+00,1.24000000e+01,4.56250000e-02,-6.32812500e-02
2.59143500e-06,1.56875000e+00,1.21875000e+01,4.56250000e-02,-7.03125000e-03
2.59175500e-06,1.41562500e+00,1.23250000e+01,5.06250000e-02,4.29687500e-02
2.59207500e-06,1.57812500e+00,1.22750000e+01,1.81250000e-02,-1.48437500e-02
2.59239500e-06,1.46562500e+00,1.22000000e+01,3.06250000e-02,-1.25000000e-02
2.59271500e-06,1.36562500e+00,1.22125000e+01,2.06250000e-02,6.56250000e-02
2.59303500e-06,1.37812500e+00,1.23000000e+01,5.31250000e-02,2.10937500e-02
2.59335500e-06,1.55625000e+00,1.22250000e+01,4.06250000e-02,-6.01562500e-02
2.59367500e-06,1.59375000e+00,1.20750000e+01,1.56250000e-02,2.10937500e-02
2.59399500e-06,1.61562500e+00,1.21750000e+01,2.56250000e-02,-5.00000000e-02
2.59431500e-06,1.47812500e+00,1.22875000e+01,5.31250000e-02,-5.07812500e-02
2.59463500e-06,1.45312500e+00,1.21750000e+01,4.81250000e-02,7.65625000e-02
2.59495500e-06,1.50312500e+00,1.22125000e+01,6.31250000e-02,-1.01562500e-02
2.59527500e-06,1.52812500e+00,1.21250000e+01,3.31250000e-02,-9.29687500e-02
2.59559500e-06,1.57812500e+00,1.23375000e+01,2.06250000e-02,-6.87500000e-02
2.59591500e-06,1.59062500e+00,1.22500000e+01,4.31250000e-02,-5.23437500e-02
2.59623500e-06,1.46562500e+00,1.22500000e+01,5.06250000e-02,-9.21875000e-02
2.59655500e-06,1.60312500e+00,1.20750000e+01,3.81250000e-02,-4.53125000e-02
2.59687500e-06,1.50625000e+00,1.23375000e+01,4.31250000e-02,-1.48437500e-02
2.59719500e-06,1.52812500e+00,1.23500000e+01,3.81250000e-02,-4.37500000e-02
2.59751500e-06,1.50312500e+00,1.23125000e+01,4.81250000e-02,-6.09375000e-02
2.59783500e-06,1.64062500e+00,1.22125000e+01,2.81250000e-02,-8.12500000e-02
2.59815500e-06,1.61562500e+00,1.22625000e+01,4.81250000e-02,-8.28125000e-02
2.59847500e-06,1.56562500e+00,1.22500000e+01,4.06250000e-02,-4.76562500e-02
2.59879500e-06,1.56562500e+00,1.23000000e+01,3.81250000e-02,1.87500000e-02
2.59911500e-06,1.41562500e+00,1.21875000e+01,3.56250000e-02,-1.10156250e-01
2.59943500e-06,1.36562500e+00,1.22875000e+01,6.81250000e-02,-1.53906250e-01
2.59975500e-06,1.54062500e+00,1.22375000e+01,4.56250000e-02,-3.90625000e-02
2.60007500e-06,1.60625000e+00,1.21375000e+01,6.06250000e-02,-6.25000000e-03
2.60039500e-06,1.59062500e+00,1.22250000e+01,3.06250000e-02,-3.04687500e-02
2.60071500e-06,1.42812500e+00,1.21750000e+01,5.31250000e-02,2.10937500e-02
2.60103500e-06,1.52812500e+00,1.22875000e+01,2.81250000e-02,1.79687500e-02
2.60135500e-06,1.66562500e+00,1.23375000e+01,5.06250000e-02,1.17187500e-02
2.60167500e-06,1.55312500e+00,1.22375000e+01,4.31250000e-02,-2.26562500e-02
2.60199500e-06,1.39062500e+00,1.22250000e+01,2.56250000e-02,-4.76562500e-02
2.60231500e-06,1.57812500e+00,1.21875000e+01,5.31250000e-02,9.37500000e-03
2.60263500e-06,1.53125000e+00,1.22500000e+01,5.31250000e-02,2.18750000e-02
2.60295500e-06,1.51562500e+00,1.21625000e+01,4.31250000e-02,-1.32812500e-02
2.60327500e-06,1.51562500e+00,1.21625000e+01,3.81250000e-02,3.12500000e-02
2.60359500e-06,1.60312500e+00,1.22000000e+01,2.56250000e-02,4.14062500e-02
2.60391500e-06,1.55312500e+00,1.22250000e+01,3.06250000e-02,-2.03125000e-02
2.60423500e-06,1.50312500e+00,1.22750000e+01,5.56250000e-02,1.56250000e-03
2.60455500e-06,1.40312500e+00,1.23000000e+01,4.06250000e-02,5.93750000e-02
2.60487500e-06,1.61562500e+00,1.22250000e+01,3.31250000e-02,1.56250000e-02
2.60519500e-06,1.60625000e+00,1.23000000e+01,4.81250000e-02,-5.23437500e-02
2.60551500e-06,1.57812500e+00,1.22500000e+01,3.81250000e-02,-3.43750000e-02
2.60583500e-06,1.31562500e+00,1.21375000e+01,5.56250000e-02,-8.59375000e-03
2.60615500e-06,1.42812500e+00,1.21125000e+01,5.06250000e-02,7.03125000e-03
2.60647500e-06,1.51875000e+00,1.23250000e+01,1.56250000e-02,-2.34375000e-02
2.60679500e-06,1.40625000e+00,1.22125000e+01,3.56250000e-02,-4.45312500e-02
2.60711500e-06,1.55312500e+00,1.21500000e+01,5.06250000e-02,-4.60937500e-02
2.60743500e-06,1.51875000e+00,1.22125000e+01,5.31250000e-02,-6.64062500e-02
2.60775500e-06,1.60312500e+00,1.22500000e+01,6.06250000e-02,-5.62500000e-02
2.60807500e-06,1.61562500e+00,1.21625000e+01,3.31250000e-02,-4.45312500e-02
2.60839500e-06,1.47812500e+00,1.22500000e+01,5.06250000e-02,-8.59375000e-03
2.60871500e-06,1.41562500e+00,1.22125000e+01,1.56250000e-02,-3.75000000e-02
2.60903500e-06,1.50312500e+00,1.23125000e+01,4.31250000e-02,-3.12500000e-03
2.60935500e-06,1.44375000e+00,1.22875000e+01,2.81250000e-02,-8.59375000e-03
2.60967500e-06,1.54062500e+00,1.22125000e+01,5.56250000e-02,-9.37500000e-02
2.60999500e-06,1.54375000e+00,1.21375000e+01,3.06250000e-02,-8.51562500e-02
2.61031500e-06,1.54062500e+00,1.20750000e+01,4.06250000e-02,-7.03125000e-02
2.61063500e-06,1.49062500e+00,1.21500000e+01,5.06250000e-02,-2.89062500e-02
2.61095500e-06,1.49062500e+00,1.21625000e+01,2.81250000e-02,-1.64062500e-02
2.61127500e-06,1.47812500e+00,1.22875000e+01,4.81250000e-02,-9.14062500e-02
2.61159500e-06,1.49062500e+00,1.22750000e+01,5.06250000e-02,8.59375000e-03
2.61191500e-06,1.55625000e+00,1.22125000e+01,4.56250000e-02,3.35937500e-02
2.61223500e-06,1.45625000e+00,1.21125000e+01,5.31250000e-02,-4.14062500e-02
2.61255500e-06,1.54062500e+00,1.22375000e+01,4.81250000e-02,1.40625000e-02
2.61287500e-06,1.60625000e+00,1.21875000e+01,5.06250000e-02,-4.68750000e-03
2.61319500e-06,1.44062500e+00,1.21375000e+01,3.56250000e-02,-1.40625000e-02
2.61351500e-06,1.50312500e+00,1.22375000e+01,3.81250000e-02,9.37500000e-03
2.61383500e-06,1.51562500e+00,1.22375000e+01,3.06250000e-02,-5.07812500e-02
2.61415500e-06,1.49062500e+00,1.22875000e+01,3.56250000e-02,-4.14062500e-02
2.61447500e-06,1.51562500e+00,1.20250000e+01,4.31250000e-02,4.60937500e-02
2.61479500e-06,1.54375000e+00,1.21125000e+01,6.56250000e-02,-4.45312500e-02
2.61511500e-06,1.52812500e+00,1.21625000e+01,2.31250000e-02,-1.44531250e-01
2.61543500e-06,1.51562500e+00,1.22375000e+01,6.06250000e-02,-5.31250000e-02
2.61575500e-06,1.62812500e+00,1.21750000e+01,3.31250000e-02,-2.26562500e-02
2.61607500e-06,1.65312500e+00,1.21250000e+01,6.31250000e-02,1.71875000e-02
2.61639500e-06,1.50312500e+00,1.22625000e+01,7.81250000e-02,7.96875000e-02
2.61671500e-06,1.50312500e+00,1.21875000e+01,1.31250000e-02,7.42187500e-02
2.61703500e-06,1.46562500e+00,1.22875000e+01,3.06250000e-02,-5.15625000e-02
2.61735500e-06,1.55312500e+00,1.23625000e+01,3.81250000e-02,-8.59375000e-02
2.61767500e-06,1.44375000e+00,1.21125000e+01,6.06250000e-02,-1.14843750e-01
2.61799500e-06,1.45312500e+00,1.21500000e+01,7.31250000e-02,-1.50781250e-01
2.61831500e-06,1.52812500e+00,1.20875000e+01,2.81250000e-02,-1.17187500e-01
2.61863500e-06,1.44375000e+00,1.22000000e+01,8.12500000e-03,1.71875000e-02
2.61895500e-06,1.61562500e+00,1.22000000e+01,5.56250000e-02,9.37500000e-03
2.61927500e-06,1.60312500e+00,1.22375000e+01,6.31250000e-02,-1.71875000e-02
2.61959500e-06,1.59062500e+00,1.21875000e+01,5.56250000e-02,-4.06250000e-02
2.61991500e-06,1.51562500e+00,1.24000000e+01,6.31250000e-02,2.57812500e-02
2.62023500e-06,1.55312500e+00,1.21750000e+01,1.56250000e-02,3.12500000e-03
2.62055500e-06,1.45312500e+00,1.21500000e+01,3.81250000e-02,2.34375000e-03
2.62087500e-06,1.52812500e+00,1.21875000e+01,6.06250000e-02,4.06250000e-02
2.62119500e-06,1.41875000e+00,1.22500000e+01,4.56250000e-02,2.65625000e-02
2.62151500e-06,1.47812500e+00,1.22250000e+01,6.31250000e-02,-1.01562500e-02
2.62183500e-06,1.65312500e+00,1.22125000e+01,4.06250000e-02,-2.10937500e-02
2.62215500e-06,1.50625000e+00,1.21625000e+01,3.81250000e-02,-7.26562500e-02
2.62247500e-06,1.56562500e+00,1.22125000e+01,5.06250000e-02,-3.67187500e-02
2.62279500e-06,1.55312500e+00,1.22000000e+01,7.06250000e-02,2.42187500e-02
2.62311500e-06,1.51562500e+00,1.21875000e+01,3.31250000e-02,-6.95312500e-02
2.62343500e-06,1.59062500e+00,1.21250000e+01,3.56250000e-02,-1.64843750e-01
2.62375500e-06,1.62812500e+00,1.22250000e+01,6.06250000e-02,-1.04687500e-01
2.62407500e-06,1.47812500e+00,1.21250000e+01,6.31250000e-02,-2.89062500e-02
2.62439500e-06,1.51562500e+00,1.22875000e+01,3.31250000e-02,-5.23437500e-02
2.62471500e-06,1.59062500e+00,1.23500000e+01,5.06250000e-02,-3.51562500e-02
2.62503500e-06,1.45312500e+00,1.21125000e+01,5.81250000e-02,-5.54687500e-02
2.62535500e-06,1.51562500e+00,1.21625000e+01,4.06250000e-02,-1.31250000e-01
2.62567500e-06,1.39062500e+00,1.24500000e+01,4.56250000e-02,-1.17187500e-01
2.62599500e-06,1.47812500e+00,1.23125000e+01,5.06250000e-02,-2.10937500e-02
2.62631500e-06,1.46875000e+00,1.21625000e+01,7.06250000e-02,6.25000000e-03
2.62663500e-06,1.51875000e+00,1.23375000e+01,4.56250000e-02,-7.03125000e-02
2.62695500e-06,1.47812500e+00,1.21125000e+01,4.31250000e-02,-8.12500000e-02
2.62727500e-06,1.51562500e+00,1.21625000e+01,5.81250000e-02,-8.90625000e-02
2.62759500e-06,1.56562500e+00,1.23250000e+01,3.56250000e-02,-1.40625000e-02
2.62791500e-06,1.69062500e+00,1.23500000e+01,7.06250000e-02,-2.65625000e-02
2.62823500e-06,1.55312500e+00,1.21875000e+01,2.31250000e-02,-1.50000000e-01
2.62855500e-06,1.41562500e+00,1.22625000e+01,3.06250000e-02,-1.33593750e-01
2.62887500e-06,1.50312500e+00,1.22375000e+01,6.81250000e-02,-3.28125000e-02
2.62919500e-06,1.51875000e+00,1.23125000e+01,2.56250000e-02,4.53125000e-02
2.62951500e-06,1.62812500e+00,1.23000000e+01,6.56250000e-02,2.65625000e-02
2.62983500e-06,1.59062500e+00,1.22125000e+01,3.56250000e-02,-4.45312500e-02
2.63015500e-06,1.54062500e+00,1.21500000e+01,4.81250000e-02,-1.71875000e-02
2.63047500e-06,1.46562500e+00,1.22000000e+01,6.56250000e-02,-2.26562500e-02
2.63079500e-06,1.42812500e+00,1.21500000e+01,4.81250000e-02,3.43750000e-02
2.63111500e-06,1.69062500e+00,1.21500000e+01,5.06250000e-02,-1.40625000e-02
2.63143500e-06,1.58125000e+00,1.21750000e+01,4.56250000e-02,-6.48437500e-02
2.63175500e-06,1.44062500e+00,1.21500000e+01,6.56250000e-02,-3.12500000e-03
2.63207500e-06,1.61562500e+00,1.22500000e+01,5.06250000e-02,6.48437500e-02
2.63239500e-06,1.53125000e+00,1.21125000e+01,5.31250000e-02,-2.65625000e-02
2.63271500e-06,1.57812500e+00,1.22125000e+01,2.56250000e-02,-3.43750000e-02
2.63303500e-06,1.55312500e+00,1.21250000e+01,5.81250000e-02,-6.40625000e-02
2.63335500e-06,1.46562500e+00,1.23000000e+01,4.56250000e-02,-1.22656250e-01
2.63367500e-06,1.45312500e+00,1.21875000e+01,2.56250000e-02,-7.10937500e-02
2.63399500e-06,1.55625000e+00,1.22000000e+01,5.56250000e-02,7.03125000e-03
2.63431500e-06,1.49375000e+00,1.23125000e+01,4.31250000e-02,2.34375000e-03
2.63463500e-06,1.55312500e+00,1.24750000e+01,5.56250000e-02,4.76562500e-02
2.63495500e-06,1.49062500e+00,1.22250000e+01,6.81250000e-02,2.89062500e-02
2.63527500e-06,1.49062500e+00,1.21875000e+01,7.31250000e-02,2.73437500e-02
2.63559500e-06,1.55312500e+00,1.21500000e+01,4.31250000e-02,6.79687500e-02
2.63591500e-06,1.53125000e+00,1.22500000e+01,1.81250000e-02,7.03125000e-02
2.63623500e-06,1.45312500e+00,1.22500000e+01,2.81250000e-02,-3.67187500e-02
2.63655500e-06,1.41562500e+00,1.22750000e+01,6.56250000e-02,-2.57812500e-02
2.63687500e-06,1.51875000e+00,1.21875000e+01,5.81250000e-02,1.25000000e-02
2.63719500e-06,1.51875000e+00,1.23750000e+01,3.81250000e-02,3.43750000e-02
2.63751500e-06,1.45312500e+00,1.22125000e+01,3.81250000e-02,4.68750000e-03
2.63783500e-06,1.59062500e+00,1.22250000e+01,6.56250000e-02,-5.07812500e-02
2.63815500e-06,1.43125000e+00,1.21375000e+01,7.06250000e-02,-1.32812500e-02
2.63847500e-06,1.49062500e+00,1.22250000e+01,5.81250000e-02,-1.09375000e-02
2.63879500e-06,1.46562500e+00,1.21375000e+01,4.06250000e-02,-7.81250000e-02
2.63911500e-06,1.56875000e+00,1.22875000e+01,2.81250000e-02,-9.92187500e-02
2.63943500e-06,1.42812500e+00,1.23125000e+01,5.06250000e-02,-8.82812500e-02
2.63975500e-06,1.44062500e+00,1.23125000e+01,4.56250000e-02,-9.37500000e-03
2.64007500e-06,1.55312500e+00,1.21375000e+01,1.81250000e-02,-2.10937500e-02
2.64039500e-06,1.44375000e+00,1.21500000e+01,4.06250000e-02,-4.84375000e-02
2.64071500e-06,1.46562500e+00,1.22000000e+01,3.56250000e-02,-8.35937500e-02
2.64103500e-06,1.40625000e+00,1.21500000e+01,5.56250000e-02,-5.93750000e-02
2.64135500e-06,1.60312500e+00,1.22250000e+01,5.81250000e-02,-6.32812500e-02
2.64167500e-06,1.63125000e+00,1.22875000e+01,5.31250000e-02,-1.01562500e-01
2.64199500e-06,1.64062500e+00,1.21750000e+01,7.06250000e-02,-9.84375000e-02
2.64231500e-06,1.49062500e+00,1.21250000e+01,6.31250000e-02,-9.45312500e-02
2.64263500e-06,1.45312500e+00,1.21875000e+01,4.31250000e-02,-1.63281250e-01
2.64295500e-06,1.65312500e+00,1.24250000e+01,5.31250000e-02,-9.06250000e-02
2.64327500e-06,1.49375000e+00,1.22875000e+01,1.31250000e-02,-7.81250000e-02
2.64359500e-06,1.32812500e+00,1.22125000e+01,3.81250000e-02,-6.32812500e-02
2.64391500e-06,1.47812500e+00,1.20375000e+01,5.56250000e-02,-7.73437500e-02
2.64423500e-06,1.48125000e+00,1.22125000e+01,4.31250000e-02,-7.03125000e-02
2.64455500e-06,1.64375000e+00,1.23500000e+01,4.56250000e-02,-8.67187500e-02
2.64487500e-06,1.50312500e+00,1.22625000e+01,2.81250000e-02,-4.53125000e-02
2.64519500e-06,1.40312500e+00,1.22625000e+01,5.31250000e-02,-4.76562500e-02
2.64551500e-06,1.55312500e+00,1.23875000e+01,8.06250000e-02,-1.28125000e-01
2.64583500e-06,1.49375000e+00,1.22125000e+01,5.31250000e-02,-1.14062500e-01
2.64615500e-06,1.45312500e+00,1.21250000e+01,6.81250000e-02,-9.45312500e-02
2.64647500e-06,1.52812500e+00,1.21375000e+01,7.56250000e-02,-1.42968750e-01
2.64679500e-06,1.38125000e+00,1.21750000e+01,4.56250000e-02,-1.52343750e-01
2.64711500e-06,1.46562500e+00,1.22875000e+01,3.56250000e-02,-8.82812500e-02
2.64743500e-06,1.53125000e+00,1.22000000e+01,2.81250000e-02,-7.03125000e-02
2.64775500e-06,1.54375000e+00,1.22250000e+01,1.81250000e-02,-9.76562500e-02
2.64807500e-06,1.42812500e+00,1.22750000e+01,2.81250000e-02,-1.11718750e-01
2.64839500e-06,1.59062500e+00,1.22125000e+01,4.56250000e-02,-5.93750000e-02
2.64871500e-06,1.53125000e+00,1.21875000e+01,4.31250000e-02,-4.45312500e-02
2.64903500e-06,1.57812500e+00,1.21500000e+01,4.81250000e-02,-4.37500000e-02
2.64935500e-06,1.49062500e+00,1.21750000e+01,4.56250000e-02,3.90625000e-02
2.64967500e-06,1.36562500e+00,1.22250000e+01,4.56250000e-02,-2.18750000e-02
2.64999500e-06,1.46562500e+00,1.22750000e+01,7.06250000e-02,-5.31250000e-02
2.65031500e-06,1.48125000e+00,1.21750000e+01,5.56250000e-02,-1.01562500e-02
2.65063500e-06,1.61875000e+00,1.21875000e+01,5.81250000e-02,-4.53125000e-02
2.65095500e-06,1.51875000e+00,1.21750000e+01,5.06250000e-02,-1.46875000e-01
2.65127500e-06,1.51562500e+00,1.21625000e+01,4.06250000e-02,-2.23437500e-01
2.65159500e-06,1.46562500e+00,1.22500000e+01,6.31250000e-02,-1.78906250e-01
2.65191500e-06,1.64062500e+00,1.22375000e+01,6.31250000e-02,-8.12500000e-02
2.65223500e-06,1.41875000e+00,1.21500000e+01,4.31250000e-02,-1.03125000e-01
2.65255500e-06,1.39062500e+00,1.21625000e+01,2.06250000e-02,-8.04687500e-02
2.65287500e-06,1.52812500e+00,1.20750000e+01,3.31250000e-02,-3.43750000e-02
2.65319500e-06,1.56875000e+00,1.21750000e+01,3.81250000e-02,-4.68750000e-02
2.65351500e-06,1.49062500e+00,1.22000000e+01,6.56250000e-02,-8.43750000e-02
2.65383500e-06,1.55312500e+00,1.22250000e+01,4.81250000e-02,-6.25000000e-02
2.65415500e-06,1.39062500e+00,1.21250000e+01,4.56250000e-02,-8.35937500e-02
2.65447500e-06,1.50312500e+00,1.22125000e+01,4.81250000e-02,-3.43750000e-02
2.65479500e-06,1.35625000e+00,1.20750000e+01,5.81250000e-02,4.06250000e-02
2.65511500e-06,1.37812500e+00,1.23500000e+01,5.81250000e-02,-3.90625000e-03
2.65543500e-06,1.54375000e+00,1.22625000e+01,5.81250000e-02,-5.62500000e-02
2.65575500e-06,1.59375000e+00,1.23000000e+01,6.31250000e-02,-4.60937500e-02
2.65607500e-06,1.46562500e+00,1.20875000e+01,3.06250000e-02,-6.71875000e-02
2.65639500e-06,1.45312500e+00,1.21375000e+01,7.56250000e-02,-5.78125000e-02
2.65671500e-06,1.42812500e+00,1.21000000e+01,6.06250000e-02,-4.14062500e-02
2.65703500e-06,1.43125000e+00,1.21750000e+01,3.06250000e-02,-7.81250000e-02
2.65735500e-06,1.56875000e+00,1.22250000e+01,8.56250000e-02,-9.29687500e-02
2.65767500e-06,1.54375000e+00,1.22250000e+01,5.56250000e-02,-1.40625000e-02
2.65799500e-06,1.45312500e+00,1.22625000e+01,4.81250000e-02,-2.81250000e-02
2.65831500e-06,1.47812500e+00,1.21500000e+01,4.56250000e-02,-3.75000000e-02
2.65863500e-06,1.48125000e+00,1.21375000e+01,6.06250000e-02,-3.90625000e-03
2.65895500e-06,1.50625000e+00,1.22250000e+01,3.06250000e-02,-2.10937500e-02
2.65927500e-06,1.36875000e+00,1.21250000e+01,6.56250000e-02,-5.39062500e-02
2.65959500e-06,1.54062500e+00,1.21500000e+01,5.06250000e-02,-6.32812500e-02
2.65991500e-06,1.54375000e+00,1.22375000e+01,3.81250000e-02,-1.56250000e-03
2.66023500e-06,1.57812500e+00,1.22250000e+01,-1.43750000e-02,5.46875000e-03
2.66055500e-06,1.51562500e+00,1.22250000e+01,4.06250000e-02,-6.25000000e-02
2.66087500e-06,1.46562500e+00,1.22375000e+01,3.31250000e-02,-8.12500000e-02
2.66119500e-06,1.61562500e+00,1.21625000e+01,2.81250000e-02,-1.02343750e-01
2.66151500e-06,1.53125000e+00,1.22250000e+01,5.06250000e-02,-8.20312500e-02
2.66183500e-06,1.45312500e+00,1.21375000e+01,7.31250000e-02,-7.26562500e-02
2.66215500e-06,1.45312500e+00,1.21250000e+01,5.06250000e-02,-3.28125000e-02
2.66247500e-06,1.51875000e+00,1.22500000e+01,3.06250000e-02,-6.95312500e-02
2.66279500e-06,1.48125000e+00,1.22500000e+01,3.31250000e-02,-1.29687500e-01
2.66311500e-06,1.55312500e+00,1.21500000e+01,7.31250000e-02,-7.18750000e-02
2.66343500e-06,1.28125000e+00,1.22375000e+01,5.31250000e-02,-5.31250000e-02
2.66375500e-06,1.32812500e+00,1.21875000e+01,2.56250000e-02,4.68750000e-03
2.66407500e-06,1.66875000e+00,1.22625000e+01,4.81250000e-02,4.68750000e-02
2.66439500e-06,1.57812500e+00,1.21375000e+01,3.31250000e-02,-4.21875000e-02
2.66471500e-06,1.45312500e+00,1.21500000e+01,4.06250000e-02,-1.25000000e-02
2.66503500e-06,1.55312500e+00,1.21875000e+01,2.81250000e-02,9.29687500e-02
2.66535500e-06,1.47812500e+00,1.22000000e+01,4.06250000e-02,8.98437500e-02
2.66567500e-06,1.51562500e+00,1.21750000e+01,4.56250000e-02,-4.14062500e-02
2.66599500e-06,1.44375000e+00,1.22625000e+01,4.31250000e-02,-7.81250000e-03
2.66631500e-06,1.40312500e+00,1.21750000e+01,5.31250000e-02,1.17187500e-02
2.66663500e-06,1.38125000e+00,1.22375000e+01,7.31250000e-02,1.56250000e-02
2.66695500e-06,1.35625000e+00,1.22625000e+01,6.81250000e-02,-3.12500000e-02
2.66727500e-06,1.40625000e+00,1.21625000e+01,6.31250000e-02,-4.06250000e-02
2.66759500e-06,1.49375000e+00,1.22250000e+01,2.31250000e-02,-6.79687500e-02
2.66791500e-06,1.48125000e+00,1.22750000e+01,3.56250000e-02,-1.79687500e-02
2.66823500e-06,1.36875000e+00,1.22750000e+01,2.81250000e-02,8.98437500e-02
2.66855500e-06,1.35625000e+00,1.21125000e+01,5.31250000e-02,3.98437500e-02
2.66887500e-06,1.38125000e+00,1.20875000e+01,5.31250000e-02,-1.87500000e-02
2.66919500e-06,1.44375000e+00,1.23375000e+01,5.31250000e-02,-7.81250000e-04
2.66951500e-06,1.39375000e+00,1.22000000e+01,5.06250000e-02,6.71875000e-02
2.66983500e-06,1.46875000e+00,1.22125000e+01,6.06250000e-02,9.53125000e-02
2.67015500e-06,1.34375000e+00,1.22125000e+01,5.81250000e-02,6.25000000e-02
2.67047500e-06,1.41875000e+00,1.23000000e+01,3.31250000e-02,6.09375000e-02
2.67079500e-06,1.44375000e+00,1.21000000e+01,3.31250000e-02,5.00000000e-02
2.67111500e-06,1.44375000e+00,1.23125000e+01,2.06250000e-02,4.92187500e-02
2.67143500e-06,1.55625000e+00,1.22250000e+01,4.31250000e-02,2.34375000e-03
2.67175500e-06,1.55625000e+00,1.22625000e+01,5.31250000e-02,6.32812500e-02
2.67207500e-06,1.42812500e+00,1.22125000e+01,3.06250000e-02,6.87500000e-02
2.67239500e-06,1.50312500e+00,1.22375000e+01,1.31250000e-02,7.81250000e-03
2.67271500e-06,1.45625000e+00,1.22000000e+01,4.56250000e-02,-5.62500000e-02
2.67303500e-06,1.46562500e+00,1.22375000e+01,5.31250000e-02,-9.37500000e-03
2.67335500e-06,1.40625000e+00,1.22125000e+01,3.31250000e-02,6.71875000e-02
2.67367500e-06,1.44375000e+00,1.21125000e+01,3.06250000e-02,7.73437500e-02
2.67399500e-06,1.50625000e+00,1.22000000e+01,3.31250000e-02,1.25000000e-02
2.67431500e-06,1.56875000e+00,1.22625000e+01,2.31250000e-02,-7.03125000e-03
2.67463500e-06,1.45312500e+00,1.22500000e+01,5.31250000e-02,5.15625000e-02
2.67495500e-06,1.46562500e+00,1.23750000e+01,6.31250000e-02,1.35937500e-01
2.67527500e-06,1.37812500e+00,1.21625000e+01,6.56250000e-02,8.20312500e-02
2.67559500e-06,1.50312500e+00,1.22750000e+01,-1.87500000e-03,8.35937500e-02
2.67591500e-06,1.53125000e+00,1.22875000e+01,3.56250000e-02,8.98437500e-02
2.67623500e-06,1.50312500e+00,1.23750000e+01,8.06250000e-02,3.67187500e-02
2.67655500e-06,1.45312500e+00,1.22250000e+01,4.06250000e-02,-5.46875000e-03
2.67687500e-06,1.41562500e+00,1.22125000e+01,4.56250000e-02,3.67187500e-02
2.67719500e-06,1.41562500e+00,1.21875000e+01,5.31250000e-02,7.26562500e-02
2.67751500e-06,1.41875000e+00,1.22375000e+01,4.31250000e-02,8.98437500e-02
2.67783500e-06,1.41875000e+00,1.21250000e+01,5.81250000e-02,4.53125000e-02
2.67815500e-06,1.38125000e+00,1.24250000e+01,4.81250000e-02,1.40625000e-02
2.67847500e-06,1.51875000e+00,1.23250000e+01,3.06250000e-02,1.40625000e-02
2.67879500e-06,1.48125000e+00,1.23375000e+01,3.56250000e-02,-5.23437500e-02
2.67911500e-06,1.50312500e+00,1.22750000e+01,3.81250000e-02,-5.85937500e-02
2.67943500e-06,1.45312500e+00,1.21000000e+01,3.31250000e-02,1.48437500e-02
2.67975500e-06,1.42812500e+00,1.21000000e+01,6.31250000e-02,-1.87500000e-02
2.68007500e-06,1.46562500e+00,1.21875000e+01,3.56250000e-02,-3.04687500e-02
2.68039500e-06,1.54375000e+00,1.21250000e+01,2.56250000e-02,5.15625000e-02
2.68071500e-06,1.40625000e+00,1.21625000e+01,4.31250000e-02,6.40625000e-02
2.68103500e-06,1.35312500e+00,1.22750000e+01,4.31250000e-02,3.82812500e-02
2.68135500e-06,1.61875000e+00,1.23500000e+01,2.56250000e-02,1.01562500e-02
2.68167500e-06,1.44375000e+00,1.23250000e+01,5.31250000e-02,-6.40625000e-02
2.68199500e-06,1.54062500e+00,1.21875000e+01,7.56250000e-02,-9.76562500e-02
2.68231500e-06,1.44062500e+00,1.21625000e+01,1.56250000e-02,-1.10937500e-01
2.68263500e-06,1.36562500e+00,1.22250000e+01,6.56250000e-02,-1.09375000e-01
2.68295500e-06,1.41562500e+00,1.21125000e+01,7.31250000e-02,-9.60937500e-02
2.68327500e-06,1.61875000e+00,1.22125000e+01,4.31250000e-02,-1.87500000e-02
2.68359500e-06,1.43125000e+00,1.21750000e+01,2.31250000e-02,7.81250000e-03
2.68391500e-06,1.50312500e+00,1.22875000e+01,5.56250000e-02,-5.70312500e-02
2.68423500e-06,1.42812500e+00,1.22125000e+01,3.81250000e-02,-8.12500000e-02
2.68455500e-06,1.47812500e+00,1.21500000e+01,4.56250000e-02,-6.71875000e-02
2.68487500e-06,1.55312500e+00,1.20625000e+01,5.56250000e-02,-6.17187500e-02
2.68519500e-06,1.40625000e+00,1.22375000e+01,4.56250000e-02,-7.18750000e-02
2.68551500e-06,1.47812500e+00,1.22875000e+01,4.81250000e-02,-1.15625000e-01
2.68583500e-06,1.52812500e+00,1.23125000e+01,4.56250000e-02,-9.45312500e-02
2.68615500e-06,1.40625000e+00,1.22250000e+01,5.56250000e-02,-1.23437500e-01
2.68647500e-06,1.55312500e+00,1.23250000e+01,5.06250000e-02,-1.39062500e-01
2.68679500e-06,1.46875000e+00,1.21250000e+01,5.81250000e-02,-7.89062500e-02
2.68711500e-06,1.55312500e+00,1.21125000e+01,5.81250000e-02,-1.08593750e-01
2.68743500e-06,1.47812500e+00,1.22875000e+01,5.62500000e-03,-1.15625000e-01
2.68775500e-06,1.45312500e+00,1.23875000e+01,3.81250000e-02,-5.70312500e-02
2.68807500e-06,1.57812500e+00,1.22875000e+01,6.31250000e-02,-1.05468750e-01
2.68839500e-06,1.50625000e+00,1.22375000e+01,6.31250000e-02,-3.04687500e-02
2.68871500e-06,1.39062500e+00,1.21125000e+01,7.81250000e-02,1.56250000e-03
2.68903500e-06,1.40312500e+00,1.22375000e+01,4.56250000e-02,-8.04687500e-02
2.68935500e-06,1.56875000e+00,1.21625000e+01,6.06250000e-02,-8.59375000e-02
2.68967500e-06,1.44375000e+00,1.22500000e+01,3.31250000e-02,-4.53125000e-02
2.68999500e-06,1.30312500e+00,1.23000000e+01,4.81250000e-02,-2.10937500e-02
2.69031500e-06,1.52812500e+00,1.22625000e+01,5.06250000e-02,-5.07812500e-02
2.69063500e-06,1.51875000e+00,1.22500000e+01,4.81250000e-02,-7.81250000e-04
2.69095500e-06,1.46562500e+00,1.23000000e+01,3.56250000e-02,7.42187500e-02
2.69127500e-06,1.49062500e+00,1.21625000e+01,3.56250000e-02,5.15625000e-02
2.69159500e-06,1.53125000e+00,1.22750000e+01,3.81250000e-02,8.59375000e-03
2.69191500e-06,1.51875000e+00,1.22500000e+01,5.56250000e-02,-4.45312500e-02
2.69223500e-06,1.44062500e+00,1.22625000e+01,6.06250000e-02,-6.79687500e-02
2.69255500e-06,1.54062500e+00,1.23125000e+01,6.56250000e-02,-6.25000000e-02
2.69287500e-06,1.46875000e+00,1.21125000e+01,7.06250000e-02,-2.03125000e-02
2.69319500e-06,1.57812500e+00,1.22250000e+01,5.31250000e-02,3.98437500e-02
2.69351500e-06,1.47812500e+00,1.21875000e+01,4.31250000e-02,-1.40625000e-02
2.69383500e-06,1.47812500e+00,1.20750000e+01,5.06250000e-02,-4.21875000e-02
2.69415500e-06,1.51562500e+00,1.22000000e+01,5.06250000e-02,-1.48437500e-02
2.69447500e-06,1.59375000e+00,1.22625000e+01,4.81250000e-02,-2.34375000e-03
2.69479500e-06,1.55312500e+00,1.23625000e+01,8.06250000e-02,1.17187500e-02
2.69511500e-06,1.44062500e+00,1.21500000e+01,5.81250000e-02,-7.81250000e-02
2.69543500e-06,1.54062500e+00,1.23000000e+01,4.31250000e-02,-7.42187500e-02
2.69575500e-06,1.44062500e+00,1.22500000e+01,6.56250000e-02,0.00000000e+00
2.69607500e-06,1.35312500e+00,1.22500000e+01,6.56250000e-02,1.17187500e-02
2.69639500e-06,1.50312500e+00,1.21500000e+01,6.31250000e-02,7.81250000e-03
2.69671500e-06,1.56875000e+00,1.23125000e+01,2.81250000e-02,3.12500000e-02
2.69703500e-06,1.54062500e+00,1.21500000e+01,5.06250000e-02,1.71875000e-02
2.69735500e-06,1.39062500e+00,1.20875000e+01,6.31250000e-02,-2.65625000e-02
2.69767500e-06,1.45312500e+00,1.22250000e+01,4.56250000e-02,-1.17968750e-01
2.69799500e-06,1.53125000e+00,1.21625000e+01,8.31250000e-02,-1.21093750e-01
2.69831500e-06,1.55625000e+00,1.22500000e+01,5.81250000e-02,-8.28125000e-02
2.69863500e-06,1.44062500e+00,1.24250000e+01,5.31250000e-02,-1.87500000e-02
2.69895500e-06,1.60312500e+00,1.23750000e+01,5.56250000e-02,2.73437500e-02
2.69927500e-06,1.34375000e+00,1.22000000e+01,4.31250000e-02,-5.70312500e-02
2.69959500e-06,1.47812500e+00,1.21500000e+01,6.31250000e-02,-3.98437500e-02
2.69991500e-06,1.52812500e+00,1.23250000e+01,3.81250000e-02,6.25000000e-03
2.70023500e-06,1.48125000e+00,1.21875000e+01,2.81250000e-02,-6.48437500e-02
2.70055500e-06,1.54062500e+00,1.22625000e+01,3.06250000e-02,-6.01562500e-02
2.70087500e-06,1.41875000e+00,1.22375000e+01,6.31250000e-02,3.12500000e-02
2.70119500e-06,1.52812500e+00,1.22500000e+01,7.31250000e-02,1.56250000e-03
2.70151500e-06,1.54375000e+00,1.20250000e+01,6.06250000e-02,-1.40625000e-02
2.70183500e-06,1.49062500e+00,1.22625000e+01,4.56250000e-02,-4.29687500e-02
2.70215500e-06,1.47812500e+00,1.21375000e+01,5.56250000e-02,-8.59375000e-02
2.70247500e-06,1.47812500e+00,1.22375000e+01,7.31250000e-02,-1.64062500e-01
2.70279500e-06,1.46562500e+00,1.21750000e+01,4.56250000e-02,-6.25000000e-02
2.70311500e-06,1.33125000e+00,1.22250000e+01,4.81250000e-02,-5.46875000e-03
2.70343500e-06,1.44375000e+00,1.22000000e+01,4.56250000e-02,2.34375000e-02
2.70375500e-06,1.46875000e+00,1.23500000e+01,6.31250000e-02,6.17187500e-02
2.70407500e-06,1.49375000e+00,1.23125000e+01,4.56250000e-02,2.03125000e-02
2.70439500e-06,1.61875000e+00,1.22500000e+01,6.31250000e-02,-9.84375000e-02
2.70471500e-06,1.54375000e+00,1.21750000e+01,7.56250000e-02,-1.07031250e-01
2.70503500e-06,1.50312500e+00,1.21250000e+01,4.81250000e-02,-1.16406250e-01
2.70535500e-06,1.46562500e+00,1.21500000e+01,5.56250000e-02,-5.39062500e-02
2.70567500e-06,1.51562500e+00,1.23250000e+01,3.06250000e-02,-4.92187500e-02
2.70599500e-06,1.59062500e+00,1.23000000e+01,7.81250000e-02,9.37500000e-03
2.70631500e-06,1.49062500e+00,1.22500000e+01,5.06250000e-02,-3.12500000e-03
2.70663500e-06,1.49062500e+00,1.23625000e+01,4.06250000e-02,-5.70312500e-02
2.70695500e-06,1.46562500e+00,1.22250000e+01,3.56250000e-02,-8.12500000e-02
2.70727500e-06,1.39375000e+00,1.21750000e+01,3.81250000e-02,-6.79687500e-02
2.70759500e-06,1.54375000e+00,1.22375000e+01,6.31250000e-02,-7.65625000e-02
2.70791500e-06,1.63125000e+00,1.21500000e+01,3.81250000e-02,-9.37500000e-02
2.70823500e-06,1.41562500e+00,1.22625000e+01,4.31250000e-02,-1.25000000e-02
2.70855500e-06,1.55312500e+00,1.21500000e+01,6.81250000e-02,2.26562500e-02
2.70887500e-06,1.45312500e+00,1.22750000e+01,4.81250000e-02,5.46875000e-02
2.70919500e-06,1.47812500e+00,1.20750000e+01,3.56250000e-02,7.18750000e-02
2.70951500e-06,1.38125000e+00,1.22625000e+01,7.81250000e-02,-8.59375000e-03
2.70983500e-06,1.51875000e+00,1.23250000e+01,4.56250000e-02,-1.01562500e-02
2.71015500e-06,1.53125000e+00,1.22250000e+01,5.31250000e-02,-4.92187500e-02
2.71047500e-06,1.49062500e+00,1.21875000e+01,4.31250000e-02,-1.01562500e-01
2.71079500e-06,1.50312500e+00,1.23375000e+01,3.81250000e-02,-6.64062500e-02
2.71111500e-06,1.50312500e+00,1.21750000e+01,7.56250000e-02,-4.45312500e-02
2.71143500e-06,1.40312500e+00,1.22000000e+01,5.06250000e-02,2.03125000e-02
2.71175500e-06,1.50312500e+00,1.22000000e+01,5.06250000e-02,4.92187500e-02
2.71207500e-06,1.53125000e+00,1.22125000e+01,5.56250000e-02,1.56250000e-02
2.71239500e-06,1.49062500e+00,1.22750000e+01,3.31250000e-02,-3.90625000e-02
2.71271500e-06,1.46562500e+00,1.22250000e+01,2.06250000e-02,-8.90625000e-02
2.71303500e-06,1.46562500e+00,1.22625000e+01,7.06250000e-02,3.82812500e-02
2.71335500e-06,1.50625000e+00,1.22750000e+01,5.31250000e-02,5.93750000e-02
2.71367500e-06,1.50625000e+00,1.20875000e+01,5.31250000e-02,2.42187500e-02
2.71399500e-06,1.59062500e+00,1.23125000e+01,5.06250000e-02,5.46875000e-02
2.71431500e-06,1.49062500e+00,1.22125000e+01,5.31250000e-02,2.42187500e-02
2.71463500e-06,1.31562500e+00,1.22875000e+01,4.31250000e-02,2.65625000e-02
2.71495500e-06,1.51562500e+00,1.22750000e+01,3.31250000e-02,7.10937500e-02
2.71527500e-06,1.50625000e+00,1.22000000e+01,6.81250000e-02,1.01562500e-02
2.71559500e-06,1.42812500e+00,1.21250000e+01,4.06250000e-02,-1.71875000e-02
2.71591500e-06,1.47812500e+00,1.22375000e+01,4.56250000e-02,8.59375000e-03
2.71623500e-06,1.46875000e+00,1.22625000e+01,7.06250000e-02,9.06250000e-02
2.71655500e-06,1.47812500e+00,1.22250000e+01,1.81250000e-02,9.84375000e-02
2.71687500e-06,1.55312500e+00,1.21500000e+01,4.06250000e-02,-3.35937500e-02
2.71719500e-06,1.44375000e+00,1.23875000e+01,7.06250000e-02,-2.18750000e-02
2.71751500e-06,1.44062500e+00,1.24000000e+01,3.56250000e-02,2.03125000e-02
2.71783500e-06,1.46562500e+00,1.23250000e+01,6.06250000e-02,4.21875000e-02
2.71815500e-06,1.43125000e+00,1.21625000e+01,6.56250000e-02,3.67187500e-02
2.71847500e-06,1.35625000e+00,1.21375000e+01,4.31250000e-02,5.07812500e-02
2.71879500e-06,1.43125000e+00,1.22125000e+01,6.81250000e-02,6.48437500e-02
2.71911500e-06,1.51875000e+00,1.22125000e+01,3.56250000e-02,-4.45312500e-02
2.71943500e-06,1.38125000e+00,1.21875000e+01,3.31250000e-02,-4.37500000e-02
2.71975500e-06,1.49062500e+00,1.22750000e+01,4.56250000e-02,1.48437500e-02
2.72007500e-06,1.56875000e+00,1.23125000e+01,5.31250000e-02,-2.96875000e-02
2.72039500e-06,1.51875000e+00,1.22375000e+01,5.56250000e-02,-1.00000000e-01
2.72071500e-06,1.45312500e+00,1.23875000e+01,7.31250000e-02,-9.92187500e-02
2.72103500e-06,1.32812500e+00,1.21125000e+01,3.31250000e-02,-4.60937500e-02
2.72135500e-06,1.49375000e+00,1.21000000e+01,4.06250000e-02,7.34375000e-02
2.72167500e-06,1.55625000e+00,1.23000000e+01,4.56250000e-02,1.29687500e-01
2.72199500e-06,1.41875000e+00,1.21875000e+01,4.81250000e-02,-2.26562500e-02
2.72231500e-06,1.49062500e+00,1.24000000e+01,4.56250000e-02,-9.37500000e-02
2.72263500e-06,1.44375000e+00,1.22000000e+01,5.81250000e-02,4.14062500e-02
2.72295500e-06,1.44375000e+00,1.21375000e+01,5.81250000e-02,5.00000000e-02
2.72327500e-06,1.34375000e+00,1.22000000e+01,5.31250000e-02,5.93750000e-02
2.72359500e-06,1.46875000e+00,1.22250000e+01,4.56250000e-02,1.17187500e-01
2.72391500e-06,1.50625000e+00,1.22750000e+01,6.06250000e-02,2.89062500e-02
2.72423500e-06,1.43125000e+00,1.23375000e+01,5.06250000e-02,1.64062500e-02
2.72455500e-06,1.46562500e+00,1.21875000e+01,4.81250000e-02,-4.76562500e-02
2.72487500e-06,1.58125000e+00,1.22250000e+01,7.06250000e-02,-3.35937500e-02
2.72519500e-06,1.49375000e+00,1.21750000e+01,3.06250000e-02,-3.12500000e-03
2.72551500e-06,1.40312500e+00,1.21625000e+01,6.06250000e-02,-1.18750000e-01
2.72583500e-06,1.56562500e+00,1.20375000e+01,3.56250000e-02,-1.09375000e-01
2.72615500e-06,1.45625000e+00,1.22250000e+01,3.81250000e-02,-4.84375000e-02
2.72647500e-06,1.54062500e+00,1.21875000e+01,6.81250000e-02,-1.87500000e-02
2.72679500e-06,1.36562500e+00,1.23500000e+01,5.56250000e-02,7.81250000e-03
2.72711500e-06,1.40312500e+00,1.21625000e+01,5.31250000e-02,-1.18750000e-01
2.72743500e-06,1.46875000e+00,1.23625000e+01,4.31250000e-02,-2.13281250e-01
2.72775500e-06,1.53125000e+00,1.22375000e+01,5.56250000e-02,-1.53125000e-01
2.72807500e-06,1.43125000e+00,1.22875000e+01,4.81250000e-02,-2.73437500e-02
2.72839500e-06,1.45312500e+00,1.22125000e+01,3.06250000e-02,-6.95312500e-02
2.72871500e-06,1.45625000e+00,1.22625000e+01,4.06250000e-02,-7.65625000e-02
2.72903500e-06,1.43125000e+00,1.22750000e+01,6.06250000e-02,-1.07812500e-01
2.72935500e-06,1.44062500e+00,1.21625000e+01,5.06250000e-02,-7.81250000e-02
2.72967500e-06,1.34375000e+00,1.22000000e+01,5.31250000e-02,-1.25781250e-01
2.72999500e-06,1.51875000e+00,1.23625000e+01,7.31250000e-02,-1.27343750e-01
2.73031500e-06,1.48125000e+00,1.21875000e+01,2.81250000e-02,-1.05468750e-01
2.73063500e-06,1.51562500e+00,1.22500000e+01,5.31250000e-02,-1.04687500e-01
2.73095500e-06,1.37812500e+00,1.22125000e+01,4.81250000e-02,-3.20312500e-02
2.73127500e-06,1.49062500e+00,1.23125000e+01,4.06250000e-02,3.20312500e-02
2.73159500e-06,1.56875000e+00,1.21875000e+01,5.31250000e-02,2.34375000e-02
2.73191500e-06,1.34375000e+00,1.23000000e+01,7.06250000e-02,2.89062500e-02
2.73223500e-06,1.39062500e+00,1.22875000e+01,5.31250000e-02,-1.40625000e-02
2.73255500e-06,1.53125000e+00,1.22875000e+01,4.31250000e-02,-6.48437500e-02
2.73287500e-06,1.51875000e+00,1.21875000e+01,4.56250000e-02,1.71875000e-02
2.73319500e-06,1.47812500e+00,1.22625000e+01,5.31250000e-02,-2.34375000e-02
2.73351500e-06,1.47812500e+00,1.21875000e+01,6.06250000e-02,-6.09375000e-02
2.73383500e-06,1.48125000e+00,1.23000000e+01,6.06250000e-02,-2.42187500e-02
2.73415500e-06,1.46875000e+00,1.21875000e+01,3.56250000e-02,-2.18750000e-02
2.73447500e-06,1.49062500e+00,1.22375000e+01,5.06250000e-02,-1.48437500e-02
2.73479500e-06,1.45625000e+00,1.21875000e+01,4.56250000e-02,-7.18750000e-02
2.73511500e-06,1.40312500e+00,1.23500000e+01,5.06250000e-02,-4.06250000e-02
2.73543500e-06,1.48125000e+00,1.22875000e+01,3.81250000e-02,-6.25000000e-03
2.73575500e-06,1.59375000e+00,1.22875000e+01,5.56250000e-02,-3.43750000e-02
2.73607500e-06,1.43125000e+00,1.21750000e+01,4.06250000e-02,-2.96875000e-02
2.73639500e-06,1.61562500e+00,1.22500000e+01,2.31250000e-02,-1.12500000e-01
2.73671500e-06,1.51562500e+00,1.21750000e+01,5.31250000e-02,-5.31250000e-02
2.73703500e-06,1.24687500e+00,1.23750000e+01,9.06250000e-02,-2.26562500e-02
2.73735500e-06,1.52812500e+00,1.23000000e+01,4.31250000e-02,7.03125000e-03
2.73767500e-06,1.35625000e+00,1.22375000e+01,6.81250000e-02,-4.21875000e-02
2.73799500e-06,1.42812500e+00,1.22125000e+01,5.06250000e-02,-1.57031250e-01
2.73831500e-06,1.50625000e+00,1.21375000e+01,6.81250000e-02,-1.60156250e-01
2.73863500e-06,1.48125000e+00,1.22000000e+01,4.81250000e-02,-7.10937500e-02
2.73895500e-06,1.61562500e+00,1.23375000e+01,4.81250000e-02,-9.37500000e-02
2.73927500e-06,1.39375000e+00,1.22500000e+01,5.31250000e-02,-1.13281250e-01
2.73959500e-06,1.44062500e+00,1.23125000e+01,5.06250000e-02,-1.40625000e-02
2.73991500e-06,1.53125000e+00,1.21875000e+01,3.81250000e-02,-3.35937500e-02
2.74023500e-06,1.58125000e+00,1.22500000e+01,4.56250000e-02,-1.20312500e-01
2.74055500e-06,1.44062500e+00,1.21875000e+01,2.31250000e-02,-1.46093750e-01
2.74087500e-06,1.54062500e+00,1.23125000e+01,7.81250000e-02,-1.07812500e-01
2.74119500e-06,1.50312500e+00,1.21875000e+01,6.31250000e-02,-9.76562500e-02
2.74151500e-06,1.41562500e+00,1.23375000e+01,2.81250000e-02,-9.92187500e-02
2.74183500e-06,1.47812500e+00,1.23375000e+01,5.81250000e-02,7.81250000e-04
2.74215500e-06,1.38125000e+00,1.23250000e+01,5.81250000e-02,3.59375000e-02
2.74247500e-06,1.49375000e+00,1.22000000e+01,5.56250000e-02,-3.82812500e-02
2.74279500e-06,1.50625000e+00,1.23750000e+01,3.81250000e-02,-4.37500000e-02
2.74311500e-06,1.56875000e+00,1.22500000e+01,4.31250000e-02,-5.23437500e-02
2.74343500e-06,1.45312500e+00,1.22250000e+01,6.06250000e-02,-1.17968750e-01
2.74375500e-06,1.34062500e+00,1.22750000e+01,4.56250000e-02,-1.03906250e-01
2.74407500e-06,1.46562500e+00,1.22500000e+01,3.56250000e-02,-1.01562500e-01
2.74439500e-06,1.44375000e+00,1.21625000e+01,6.56250000e-02,-1.20312500e-01
2.74471500e-06,1.45625000e+00,1.22625000e+01,3.81250000e-02,-5.62500000e-02
2.74503500e-06,1.56875000e+00,1.22000000e+01,2.81250000e-02,-2.34375000e-03
2.74535500e-06,1.41875000e+00,1.23250000e+01,1.81250000e-02,-1.95312500e-02
2.74567500e-06,1.47812500e+00,1.21875000e+01,5.31250000e-02,-7.81250000e-03
2.74599500e-06,1.39375000e+00,1.22125000e+01,2.81250000e-02,-3.90625000e-03
2.74631500e-06,1.35312500e+00,1.21000000e+01,2.56250000e-02,-9.29687500e-02
2.74663500e-06,1.49375000e+00,1.21500000e+01,3.56250000e-02,-4.84375000e-02
2.74695500e-06,1.51875000e+00,1.21250000e+01,5.56250000e-02,-1.56250000e-02
2.74727500e-06,1.35625000e+00,1.23625000e+01,8.12500000e-03,2.96875000e-02
2.74759500e-06,1.40312500e+00,1.22125000e+01,2.06250000e-02,-1.32812500e-02
2.74791500e-06,1.36875000e+00,1.23000000e+01,4.81250000e-02,-6.71875000e-02
2.74823500e-06,1.53125000e+00,1.22000000e+01,4.06250000e-02,-8.51562500e-02
2.74855500e-06,1.56875000e+00,1.22625000e+01,3.81250000e-02,-1.09375000e-02
2.74887500e-06,1.39062500e+00,1.23125000e+01,5.06250000e-02,-2.26562500e-02
2.74919500e-06,1.44062500e+00,1.23625000e+01,6.56250000e-02,-3.12500000e-03
2.74951500e-06,1.48125000e+00,1.22625000e+01,4.31250000e-02,5.46875000e-02
2.74983500e-06,1.44375000e+00,1.22125000e+01,4.31250000e-02,1.00000000e-01
2.75015500e-06,1.49375000e+00,1.21375000e+01,3.31250000e-02,8.28125000e-02
2.75047500e-06,1.54375000e+00,1.22250000e+01,4.81250000e-02,-8.59375000e-03
2.75079500e-06,1.39375000e+00,1.22250000e+01,4.06250000e-02,-1.09375000e-02
2.75111500e-06,1.41562500e+00,1.22875000e+01,4.31250000e-02,4.06250000e-02
2.75143500e-06,1.40312500e+00,1.23750000e+01,5.06250000e-02,-4.60937500e-02
2.75175500e-06,1.45625000e+00,1.21875000e+01,6.81250000e-02,-3.04687500e-02
2.75207500e-06,1.43125000e+00,1.21875000e+01,3.81250000e-02,7.03125000e-02
2.75239500e-06,1.38125000e+00,1.22125000e+01,3.31250000e-02,6.71875000e-02
2.75271500e-06,1.49375000e+00,1.23000000e+01,7.81250000e-02,1.95312500e-02
2.75303500e-06,1.55625000e+00,1.22500000e+01,2.31250000e-02,-2.10937500e-02
2.75335500e-06,1.60625000e+00,1.22375000e+01,2.31250000e-02,-6.32812500e-02
2.75367500e-06,1.50312500e+00,1.23000000e+01,8.56250000e-02,-1.20312500e-01
2.75399500e-06,1.39062500e+00,1.22375000e+01,8.12500000e-03,2.73437500e-02
2.75431500e-06,1.47812500e+00,1.21750000e+01,4.31250000e-02,1.19531250e-01
2.75463500e-06,1.51875000e+00,1.21875000e+01,6.81250000e-02,1.07812500e-01
2.75495500e-06,1.34375000e+00,1.22125000e+01,5.81250000e-02,2.34375000e-02
2.75527500e-06,1.42812500e+00,1.21000000e+01,3.81250000e-02,3.90625000e-03
2.75559500e-06,1.45625000e+00,1.21500000e+01,4.56250000e-02,5.70312500e-02
2.75591500e-06,1.43125000e+00,1.22750000e+01,2.81250000e-02,2.03125000e-02
2.75623500e-06,1.49375000e+00,1.22250000e+01,4.06250000e-02,1.25000000e-02
2.75655500e-06,1.51875000e+00,1.20750000e+01,3.81250000e-02,1.56250000e-02
2.75687500e-06,1.50625000e+00,1.21750000e+01,5.31250000e-02,1.01562500e-02
2.75719500e-06,1.40312500e+00,1.22250000e+01,4.56250000e-02,8.04687500e-02
2.75751500e-06,1.36562500e+00,1.22125000e+01,6.06250000e-02,4.84375000e-02
2.75783500e-06,1.50625000e+00,1.22750000e+01,8.81250000e-02,4.68750000e-03
2.75815500e-06,1.46875000e+00,1.23250000e+01,5.56250000e-02,3.82812500e-02
2.75847500e-06,1.41562500e+00,1.21875000e+01,3.06250000e-02,-4.14062500e-02
2.75879500e-06,1.49375000e+00,1.22125000e+01,5.31250000e-02,-1.32812500e-02
2.75911500e-06,1.53125000e+00,1.21500000e+01,3.81250000e-02,1.87500000e-02
2.75943500e-06,1.44375000e+00,1.24125000e+01,7.06250000e-02,2.26562500e-02
2.75975500e-06,1.51562500e+00,1.21875000e+01,6.81250000e-02,1.48437500e-02
2.76007500e-06,1.40312500e+00,1.22125000e+01,4.06250000e-02,3.59375000e-02
2.76039500e-06,1.37812500e+00,1.23125000e+01,4.56250000e-02,2.10937500e-02
2.76071500e-06,1.44375000e+00,1.22875000e+01,4.81250000e-02,3.59375000e-02
2.76103500e-06,1.38125000e+00,1.22750000e+01,7.31250000e-02,5.15625000e-02
2.76135500e-06,1.34375000e+00,1.22250000e+01,3.31250000e-02,9.37500000e-03
2.76167500e-06,1.41875000e+00,1.21750000e+01,4.31250000e-02,-1.71875000e-02
2.76199500e-06,1.56875000e+00,1.22375000e+01,8.06250000e-02,3.90625000e-03
2.76231500e-06,1.56875000e+00,1.22750000e+01,4.81250000e-02,-3.90625000e-03
2.76263500e-06,1.50312500e+00,1.22250000e+01,3.06250000e-02,-1.09375000e-02
2.76295500e-06,1.46562500e+00,1.23250000e+01,3.06250000e-02,-4.06250000e-02
2.76327500e-06,1.51562500e+00,1.24125000e+01,3.81250000e-02,-7.18750000e-02
2.76359500e-06,1.51562500e+00,1.22125000e+01,3.31250000e-02,2.42187500e-02
2.76391500e-06,1.45312500e+00,1.23375000e+01,4.31250000e-02,-2.34375000e-03
2.76423500e-06,1.40312500e+00,1.21375000e+01,6.06250000e-02,-1.64062500e-02
2.76455500e-06,1.40625000e+00,1.21750000e+01,5.31250000e-02,7.81250000e-04
2.76487500e-06,1.59375000e+00,1.23250000e+01,3.56250000e-02,3.43750000e-02
2.76519500e-06,1.36875000e+00,1.22875000e+01,4.31250000e-02,2.34375000e-02
2.76551500e-06,1.34062500e+00,1.21375000e+01,4.81250000e-02,-6.64062500e-02
2.76583500e-06,1.46875000e+00,1.22375000e+01,3.56250000e-02,-5.46875000e-03
2.76615500e-06,1.50625000e+00,1.22500000e+01,4.06250000e-02,1.09375000e-02
2.76647500e-06,1.32812500e+00,1.21625000e+01,3.06250000e-02,-7.81250000e-04
2.76679500e-06,1.36562500e+00,1.21125000e+01,3.31250000e-02,-3.75000000e-02
2.76711500e-06,1.48125000e+00,1.24000000e+01,2.81250000e-02,3.12500000e-03
2.76743500e-06,1.52812500e+00,1.22750000e+01,4.31250000e-02,-1.87500000e-02
2.76775500e-06,1.25937500e+00,1.23000000e+01,4.56250000e-02,6.25000000e-03
2.76807500e-06,1.46562500e+00,1.21750000e+01,4.31250000e-02,-5.46875000e-02
2.76839500e-06,1.46875000e+00,1.22875000e+01,6.81250000e-02,-1.03906250e-01
2.76871500e-06,1.36875000e+00,1.22000000e+01,4.81250000e-02,-1.25000000e-02
2.76903500e-06,1.41875000e+00,1.22500000e+01,6.56250000e-02,-2.57812500e-02
2.76935500e-06,1.45625000e+00,1.21125000e+01,3.31250000e-02,-2.10937500e-02
2.76967500e-06,1.53125000e+00,1.23000000e+01,1.06250000e-02,-1.40625000e-02
2.76999500e-06,1.49375000e+00,1.21750000e+01,5.81250000e-02,-3.67187500e-02
2.77031500e-06,1.28437500e+00,1.21250000e+01,3.81250000e-02,2.34375000e-03
2.77063500e-06,1.39062500e+00,1.21875000e+01,3.56250000e-02,5.07812500e-02
2.77095500e-06,1.44375000e+00,1.23000000e+01,3.31250000e-02,-9.37500000e-03
2.77127500e-06,1.49375000e+00,1.21500000e+01,2.31250000e-02,-1.95312500e-02
2.77159500e-06,1.36875000e+00,1.20875000e+01,3.31250000e-02,-3.67187500e-02
2.77191500e-06,1.41875000e+00,1.21625000e+01,6.31250000e-02,-8.59375000e-03
2.77223500e-06,1.53125000e+00,1.22500000e+01,4.31250000e-02,1.56250000e-03
2.77255500e-06,1.49375000e+00,1.21750000e+01,3.56250000e-02,-3.90625000e-02
2.77287500e-06,1.44062500e+00,1.23375000e+01,5.81250000e-02,2.18750000e-02
2.77319500e-06,1.56875000e+00,1.22875000e+01,3.06250000e-02,4.68750000e-03
2.77351500e-06,1.44375000e+00,1.22750000e+01,4.81250000e-02,-3.90625000e-03
2.77383500e-06,1.44062500e+00,1.21875000e+01,6.81250000e-02,-5.85937500e-02
2.77415500e-06,1.50312500e+00,1.21750000e+01,5.56250000e-02,-4.68750000e-02
2.77447500e-06,1.39375000e+00,1.21500000e+01,3.31250000e-02,4.68750000e-02
2.77479500e-06,1.56562500e+00,1.23000000e+01,1.81250000e-02,4.37500000e-02
2.77511500e-06,1.55625000e+00,1.22000000e+01,7.81250000e-02,-3.12500000e-02
2.77543500e-06,1.41562500e+00,1.22375000e+01,4.31250000e-02,-5.00000000e-02
2.77575500e-06,1.37812500e+00,1.22250000e+01,4.56250000e-02,-8.82812500e-02
2.77607500e-06,1.33125000e+00,1.22625000e+01,6.06250000e-02,-6.09375000e-02
2.77639500e-06,1.54375000e+00,1.23125000e+01,5.31250000e-02,-5.70312500e-02
2.77671500e-06,1.49375000e+00,1.22375000e+01,3.56250000e-02,-9.60937500e-02
2.77703500e-06,1.52812500e+00,1.21500000e+01,2.56250000e-02,-2.96875000e-02
2.77735500e-06,1.51562500e+00,1.22375000e+01,4.56250000e-02,1.17187500e-02
2.77767500e-06,1.44062500e+00,1.22375000e+01,4.56250000e-02,-3.35937500e-02
2.77799500e-06,1.41562500e+00,1.21250000e+01,5.56250000e-02,1.32812500e-02
2.77831500e-06,1.36875000e+00,1.21500000e+01,3.31250000e-02,-1.01562500e-02
2.77863500e-06,1.56875000e+00,1.23125000e+01,6.56250000e-02,-1.95312500e-02
2.77895500e-06,1.38125000e+00,1.22875000e+01,6.06250000e-02,-6.79687500e-02
2.77927500e-06,1.49062500e+00,1.22500000e+01,5.31250000e-02,-2.34375000e-02
2.77959500e-06,1.47812500e+00,1.22250000e+01,4.81250000e-02,-3.67187500e-02
2.77991500e-06,1.53125000e+00,1.22375000e+01,7.06250000e-02,0.00000000e+00
2.78023500e-06,1.31562500e+00,1.22375000e+01,4.81250000e-02,3.59375000e-02
2.78055500e-06,1.39062500e+00,1.21875000e+01,5.31250000e-02,5.15625000e-02
2.78087500e-06,1.59375000e+00,1.22000000e+01,4.31250000e-02,1.40625000e-02
2.78119500e-06,1.46875000e+00,1.22125000e+01,5.06250000e-02,-8.20312500e-02
2.78151500e-06,1.47812500e+00,1.23000000e+01,3.06250000e-02,2.10937500e-02
2.78183500e-06,1.41562500e+00,1.21625000e+01,5.56250000e-02,4.45312500e-02
2.78215500e-06,1.28750000e+00,1.20875000e+01,5.06250000e-02,-7.65625000e-02
2.78247500e-06,1.46875000e+00,1.21000000e+01,5.56250000e-02,-9.45312500e-02
2.78279500e-06,1.50625000e+00,1.21500000e+01,6.81250000e-02,-3.98437500e-02
2.78311500e-06,1.45625000e+00,1.23250000e+01,5.31250000e-02,3.43750000e-02
2.78343500e-06,1.37812500e+00,1.22250000e+01,3.81250000e-02,-5.39062500e-02
2.78375500e-06,1.55625000e+00,1.22500000e+01,7.81250000e-02,-5.85937500e-02
2.78407500e-06,1.36875000e+00,1.21000000e+01,3.31250000e-02,-2.42187500e-02
2.78439500e-06,1.42812500e+00,1.21875000e+01,4.81250000e-02,2.34375000e-03
2.78471500e-06,1.49375000e+00,1.22375000e+01,5.81250000e-02,-6.64062500e-02
2.78503500e-06,1.50625000e+00,1.23875000e+01,5.06250000e-02,-6.64062500e-02
2.78535500e-06,1.44375000e+00,1.22000000e+01,5.31250000e-02,-5.93750000e-02
2.78567500e-06,1.47812500e+00,1.23250000e+01,5.81250000e-02,-2.18750000e-02
2.78599500e-06,1.54375000e+00,1.22125000e+01,5.81250000e-02,-2.65625000e-02
2.78631500e-06,1.40625000e+00,1.22750000e+01,3.31250000e-02,-6.40625000e-02
2.78663500e-06,1.47812500e+00,1.21250000e+01,4.06250000e-02,-6.48437500e-02
2.78695500e-06,1.39062500e+00,1.23000000e+01,3.06250000e-02,-9.14062500e-02
2.78727500e-06,1.31875000e+00,1.24375000e+01,4.06250000e-02,-1.56250000e-03
2.78759500e-06,1.61875000e+00,1.21625000e+01,3.81250000e-02,6.25000000e-03
2.78791500e-06,1.36562500e+00,1.21625000e+01,6.06250000e-02,4.21875000e-02
2.78823500e-06,1.49062500e+00,1.23000000e+01,4.06250000e-02,1.12500000e-01
2.78855500e-06,1.53125000e+00,1.21750000e+01,3.81250000e-02,9.29687500e-02
2.78887500e-06,1.50625000e+00,1.23125000e+01,4.31250000e-02,-1.64062500e-02
2.78919500e-06,1.50312500e+00,1.21500000e+01,6.06250000e-02,-7.42187500e-02
2.78951500e-06,1.44062500e+00,1.23500000e+01,5.31250000e-02,1.71875000e-02
2.78983500e-06,1.31562500e+00,1.20250000e+01,2.56250000e-02,3.12500000e-02
2.79015500e-06,1.52812500e+00,1.23250000e+01,4.56250000e-02,5.23437500e-02
2.79047500e-06,1.58125000e+00,1.22500000e+01,7.81250000e-02,-1.09375000e-02
2.79079500e-06,1.49062500e+00,1.22500000e+01,4.06250000e-02,-1.17968750e-01
2.79111500e-06,1.50312500e+00,1.22125000e+01,3.06250000e-02,-7.42187500e-02
2.79143500e-06,1.37812500e+00,1.22000000e+01,3.56250000e-02,-3.43750000e-02
2.79175500e-06,1.60312500e+00,1.21375000e+01,3.81250000e-02,-3.12500000e-03
2.79207500e-06,1.46875000e+00,1.23125000e+01,5.81250000e-02,3.67187500e-02
2.79239500e-06,1.40312500e+00,1.22000000e+01,5.56250000e-02,-2.34375000e-02
2.79271500e-06,1.46562500e+00,1.22375000e+01,3.31250000e-02,-2.18750000e-02
2.79303500e-06,1.44375000e+00,1.22875000e+01,6.31250000e-02,-1.25000000e-02
2.79335500e-06,1.50625000e+00,1.23875000e+01,7.06250000e-02,4.45312500e-02
2.79367500e-06,1.51875000e+00,1.22375000e+01,5.56250000e-02,6.56250000e-02
2.79399500e-06,1.50312500e+00,1.22125000e+01,5.81250000e-02,3.12500000e-03
2.79431500e-06,1.64062500e+00,1.22625000e+01,5.06250000e-02,-4.45312500e-02
2.79463500e-06,1.41562500e+00,1.23000000e+01,7.31250000e-02,3.75000000e-02
2.79495500e-06,1.42812500e+00,1.21250000e+01,4.06250000e-02,4.53125000e-02
2.79527500e-06,1.46562500e+00,1.22625000e+01,5.56250000e-02,4.76562500e-02
2.79559500e-06,1.55625000e+00,1.23000000e+01,6.31250000e-02,2.57812500e-02
2.79591500e-06,1.50625000e+00,1.22125000e+01,6.31250000e-02,5.00000000e-02
2.79623500e-06,1.41562500e+00,1.22875000e+01,4.81250000e-02,2.18750000e-02
2.79655500e-06,1.39062500e+00,1.22500000e+01,4.06250000e-02,4.68750000e-03
2.79687500e-06,1.51875000e+00,1.22500000e+01,4.06250000e-02,3.20312500e-02
2.79719500e-06,1.53125000e+00,1.21375000e+01,5.81250000e-02,4.06250000e-02
2.79751500e-06,1.42812500e+00,1.21875000e+01,6.81250000e-02,7.26562500e-02
2.79783500e-06,1.49062500e+00,1.22375000e+01,3.56250000e-02,8.28125000e-02
2.79815500e-06,1.35625000e+00,1.21375000e+01,3.81250000e-02,4.21875000e-02
2.79847500e-06,1.39062500e+00,1.23125000e+01,8.06250000e-02,2.34375000e-03
2.79879500e-06,1.58125000e+00,1.23500000e+01,2.56250000e-02,-2.18750000e-02
2.79911500e-06,1.39375000e+00,1.23250000e+01,6.06250000e-02,0.00000000e+00
2.79943500e-06,1.35312500e+00,1.21250000e+01,6.81250000e-02,-4.21875000e-02
2.79975500e-06,1.39375000e+00,1.22500000e+01,5.06250000e-02,-5.78125000e-02
2.80007500e-06,1.59375000e+00,1.22500000e+01,3.06250000e-02,2.03125000e-02
2.80039500e-06,1.48125000e+00,1.21250000e+01,3.31250000e-02,6.79687500e-02
2.80071500e-06,1.35312500e+00,1.22625000e+01,3.56250000e-02,1.56250000e-03
2.80103500e-06,1.42812500e+00,1.23500000e+01,3.31250000e-02,1.25000000e-02
2.80135500e-06,1.63125000e+00,1.22125000e+01,4.06250000e-02,-9.37500000e-03
2.80167500e-06,1.40625000e+00,1.23375000e+01,6.31250000e-02,-8.43750000e-02
2.80199500e-06,1.40312500e+00,1.20625000e+01,4.31250000e-02,-7.57812500e-02
2.80231500e-06,1.47812500e+00,1.20500000e+01,5.06250000e-02,-4.53125000e-02
2.80263500e-06,1.40625000e+00,1.21750000e+01,5.31250000e-02,-8.28125000e-02
2.80295500e-06,1.43125000e+00,1.21750000e+01,4.56250000e-02,1.25000000e-02
2.80327500e-06,1.33125000e+00,1.22625000e+01,7.81250000e-02,4.29687500e-02
2.80359500e-06,1.56875000e+00,1.22500000e+01,6.06250000e-02,8.20312500e-02
2.80391500e-06,1.58125000e+00,1.22875000e+01,5.06250000e-02,2.50000000e-02
2.80423500e-06,1.39062500e+00,1.22625000e+01,4.81250000e-02,-1.01562500e-02
2.80455500e-06,1.47812500e+00,1.21875000e+01,5.56250000e-02,-4.68750000e-02
2.80487500e-06,1.44375000e+00,1.21500000e+01,6.81250000e-02,-2.50000000e-02
2.80519500e-06,1.39375000e+00,1.22125000e+01,7.06250000e-02,-3.82812500e-02
2.80551500e-06,1.39062500e+00,1.22000000e+01,2.56250000e-02,2.34375000e-03
2.80583500e-06,1.50625000e+00,1.22250000e+01,5.31250000e-02,-1.25000000e-02
2.80615500e-06,1.50312500e+00,1.23125000e+01,3.56250000e-02,-5.23437500e-02
2.80647500e-06,1.50312500e+00,1.20625000e+01,3.06250000e-02,-3.82812500e-02
2.80679500e-06,1.47812500e+00,1.22250000e+01,4.56250000e-02,-1.95312500e-02
2.80711500e-06,1.45312500e+00,1.21125000e+01,8.06250000e-02,-9.53125000e-02
2.80743500e-06,1.49375000e+00,1.22375000e+01,6.81250000e-02,-8.82812500e-02
2.80775500e-06,1.35625000e+00,1.21500000e+01,2.56250000e-02,-2.10937500e-02
2.80807500e-06,1.57812500e+00,1.22625000e+01,5.31250000e-02,-3.75000000e-02
2.80839500e-06,1.51875000e+00,1.20375000e+01,8.31250000e-02,-8.59375000e-03
2.80871500e-06,1.42812500e+00,1.23375000e+01,3.81250000e-02,1.79687500e-02
2.80903500e-06,1.50312500e+00,1.23750000e+01,8.81250000e-02,-5.70312500e-02
2.80935500e-06,1.40625000e+00,1.21625000e+01,5.06250000e-02,-5.15625000e-02
2.80967500e-06,1.47812500e+00,1.21750000e+01,5.56250000e-02,-4.06250000e-02
2.80999500e-06,1.31875000e+00,1.21875000e+01,5.81250000e-02,3.59375000e-02
2.81031500e-06,1.49375000e+00,1.22750000e+01,4.31250000e-02,1.48437500e-02
2.81063500e-06,1.36875000e+00,1.22750000e+01,5.31250000e-02,-4.60937500e-02
2.81095500e-06,1.40625000e+00,1.23000000e+01,7.06250000e-02,-7.89062500e-02
2.81127500e-06,1.45625000e+00,1.23375000e+01,5.56250000e-02,-6.71875000e-02
2.81159500e-06,1.41875000e+00,1.22250000e+01,5.81250000e-02,-4.68750000e-03
2.81191500e-06,1.51875000e+00,1.22250000e+01,6.06250000e-02,-2.89062500e-02
2.81223500e-06,1.54375000e+00,1.23625000e+01,5.62500000e-03,-9.37500000e-02
2.81255500e-06,1.41562500e+00,1.23000000e+01,5.81250000e-02,-1.03906250e-01
2.81287500e-06,1.44062500e+00,1.21000000e+01,5.06250000e-02,-5.15625000e-02
2.81319500e-06,1.46875000e+00,1.22250000e+01,6.56250000e-02,-2.96875000e-02
2.81351500e-06,1.48125000e+00,1.21375000e+01,9.56250000e-02,7.42187500e-02
2.81383500e-06,1.48125000e+00,1.23625000e+01,5.56250000e-02,6.56250000e-02
2.81415500e-06,1.65312500e+00,1.22875000e+01,4.56250000e-02,-7.81250000e-02
2.81447500e-06,1.43125000e+00,1.21875000e+01,6.56250000e-02,-1.07812500e-01
2.81479500e-06,1.42812500e+00,1.22375000e+01,5.31250000e-02,-7.73437500e-02
2.81511500e-06,1.47812500e+00,1.22625000e+01,6.31250000e-02,-2.42187500e-02
2.81543500e-06,1.44375000e+00,1.22375000e+01,1.56250000e-02,-1.56250000e-02
2.81575500e-06,1.48125000e+00,1.20875000e+01,5.06250000e-02,1.01562500e-02
2.81607500e-06,1.46875000e+00,1.21250000e+01,7.56250000e-02,-2.50000000e-02
2.81639500e-06,1.45312500e+00,1.22125000e+01,6.56250000e-02,5.78125000e-02
2.81671500e-06,1.54375000e+00,1.22250000e+01,2.81250000e-02,-1.56250000e-03
2.81703500e-06,1.34375000e+00,1.22125000e+01,4.06250000e-02,1.95312500e-02
2.81735500e-06,1.39062500e+00,1.22875000e+01,5.56250000e-02,6.32812500e-02
2.81767500e-06,1.45625000e+00,1.23125000e+01,7.81250000e-02,-3.75000000e-02
2.81799500e-06,1.44375000e+00,1.22375000e+01,3.31250000e-02,-7.50000000e-02
2.81831500e-06,1.46875000e+00,1.22000000e+01,3.31250000e-02,-3.98437500e-02
2.81863500e-06,1.41875000e+00,1.21875000e+01,6.06250000e-02,1.87500000e-02
2.81895500e-06,1.59062500e+00,1.21750000e+01,7.56250000e-02,3.98437500e-02
2.81927500e-06,1.59375000e+00,1.23000000e+01,5.31250000e-02,-3.20312500e-02
2.81959500e-06,1.45312500e+00,1.22625000e+01,4.81250000e-02,-2.57812500e-02
2.81991500e-06,1.41562500e+00,1.20625000e+01,4.56250000e-02,3.12500000e-02
2.82023500e-06,1.44062500e+00,1.22000000e+01,6.81250000e-02,2.65625000e-02
2.82055500e-06,1.48125000e+00,1.23625000e+01,4.81250000e-02,-3.04687500e-02
2.82087500e-06,1.36875000e+00,1.22125000e+01,5.31250000e-02,8.59375000e-03
2.82119500e-06,1.60625000e+00,1.22500000e+01,6.31250000e-02,-1.17187500e-02
2.82151500e-06,1.38125000e+00,1.22500000e+01,4.81250000e-02,2.50000000e-02
2.82183500e-06,1.44062500e+00,1.21625000e+01,5.81250000e-02,7.03125000e-02
2.82215500e-06,1.50312500e+00,1.22375000e+01,3.56250000e-02,3.28125000e-02
2.82247500e-06,1.44375000e+00,1.21625000e+01,7.31250000e-02,5.85937500e-02
2.82279500e-06,1.34062500e+00,1.21500000e+01,5.31250000e-02,-2.18750000e-02
2.82311500e-06,1.44375000e+00,1.21125000e+01,6.06250000e-02,-1.09375000e-02
2.82343500e-06,1.53125000e+00,1.23375000e+01,6.56250000e-02,-1.25000000e-02
2.82375500e-06,1.45625000e+00,1.22375000e+01,6.31250000e-02,-7.81250000e-03
2.82407500e-06,1.47812500e+00,1.21375000e+01,6.56250000e-02,4.14062500e-02
2.82439500e-06,1.49062500e+00,1.21875000e+01,5.06250000e-02,6.87500000e-02
2.82471500e-06,1.46875000e+00,1.23375000e+01,6.06250000e-02,4.92187500e-02
2.82503500e-06,1.48125000e+00,1.22500000e+01,4.06250000e-02,-7.96875000e-02
2.82535500e-06,1.36562500e+00,1.22250000e+01,5.31250000e-02,-1.03906250e-01
2.82567500e-06,1.25937500e+00,1.23000000e+01,6.31250000e-02,-6.01562500e-02
2.82599500e-06,1.50625000e+00,1.23875000e+01,3.56250000e-02,-4.68750000e-03
2.82631500e-06,1.40312500e+00,1.22500000e+01,9.31250000e-02,1.95312500e-02
2.82663500e-06,1.45312500e+00,1.21750000e+01,3.81250000e-02,9.53125000e-02
2.82695500e-06,1.45625000e+00,1.22375000e+01,6.31250000e-02,1.71875000e-02
2.82727500e-06,1.38125000e+00,1.22750000e+01,2.06250000e-02,-9.76562500e-02
2.82759500e-06,1.45625000e+00,1.21625000e+01,5.56250000e-02,-8.90625000e-02
2.82791500e-06,1.41875000e+00,1.21750000e+01,6.81250000e-02,-4.06250000e-02
2.82823500e-06,1.45625000e+00,1.21125000e+01,4.06250000e-02,-4.76562500e-02
2.82855500e-06,1.30625000e+00,1.21000000e+01,3.56250000e-02,1.40625000e-02
2.82887500e-06,1.43125000e+00,1.22750000e+01,2.56250000e-02,2.42187500e-02
2.82919500e-06,1.50625000e+00,1.22375000e+01,3.06250000e-02,3.35937500e-02
2.82951500e-06,1.53125000e+00,1.21250000e+01,3.31250000e-02,2.73437500e-02
2.82983500e-06,1.47812500e+00,1.22500000e+01,4.06250000e-02,2.89062500e-02
2.83015500e-06,1.45312500e+00,1.23125000e+01,4.31250000e-02,-8.59375000e-03
2.83047500e-06,1.32812500e+00,1.21375000e+01,4.31250000e-02,-5.46875000e-02
2.83079500e-06,1.46875000e+00,1.22375000e+01,8.81250000e-02,-1.87500000e-02
2.83111500e-06,1.40625000e+00,1.22500000e+01,8.06250000e-02,2.81250000e-02
2.83143500e-06,1.33125000e+00,1.21250000e+01,5.56250000e-02,9.76562500e-02
2.83175500e-06,1.50625000e+00,1.21875000e+01,5.31250000e-02,1.00781250e-01
2.83207500e-06,1.59375000e+00,1.21500000e+01,4.56250000e-02,3.20312500e-02
2.83239500e-06,1.35312500e+00,1.22875000e+01,5.56250000e-02,-3.98437500e-02
2.83271500e-06,1.46562500e+00,1.22625000e+01,6.31250000e-02,-3.82812500e-02
2.83303500e-06,1.43125000e+00,1.21375000e+01,7.06250000e-02,-2.26562500e-02
2.83335500e-06,1.40625000e+00,1.22500000e+01,2.81250000e-02,-4.60937500e-02
2.83367500e-06,1.43125000e+00,1.22250000e+01,5.06250000e-02,-2.34375000e-02
2.83399500e-06,1.46875000e+00,1.22500000e+01,6.31250000e-02,3.35937500e-02
2.83431500e-06,1.43125000e+00,1.22875000e+01,5.81250000e-02,9.45312500e-02
2.83463500e-06,1.55625000e+00,1.21000000e+01,4.81250000e-02,-9.37500000e-03
2.83495500e-06,1.48125000e+00,1.21125000e+01,5.06250000e-02,-1.13281250e-01
2.83527500e-06,1.40312500e+00,1.21625000e+01,6.81250000e-02,-3.82812500e-02
2.83559500e-06,1.44062500e+00,1.21875000e+01,6.81250000e-02,4.06250000e-02
2.83591500e-06,1.45625000e+00,1.22000000e+01,4.56250000e-02,5.70312500e-02
2.83623500e-06,1.44375000e+00,1.22625000e+01,4.81250000e-02,1.00000000e-01
2.83655500e-06,1.43125000e+00,1.21375000e+01,7.31250000e-02,5.85937500e-02
2.83687500e-06,1.49062500e+00,1.22250000e+01,3.31250000e-02,-2.26562500e-02
2.83719500e-06,1.54375000e+00,1.21625000e+01,5.06250000e-02,-7.03125000e-03
2.83751500e-06,1.45625000e+00,1.24125000e+01,6.06250000e-02,5.23437500e-02
2.83783500e-06,1.40312500e+00,1.22000000e+01,4.06250000e-02,4.84375000e-02
2.83815500e-06,1.45625000e+00,1.21375000e+01,5.31250000e-02,-6.64062500e-02
2.83847500e-06,1.43125000e+00,1.22625000e+01,3.56250000e-02,-5.46875000e-02
2.83879500e-06,1.34062500e+00,1.24000000e+01,3.06250000e-02,1.32812500e-02
2.83911500e-06,1.34062500e+00,1.22750000e+01,7.31250000e-02,1.64062500e-02
2.83943500e-06,1.50625000e+00,1.23250000e+01,4.56250000e-02,6.01562500e-02
2.83975500e-06,1.50312500e+00,1.23250000e+01,3.81250000e-02,-3.43750000e-02
2.84007500e-06,1.49062500e+00,1.23625000e+01,3.06250000e-02,-9.92187500e-02
2.84039500e-06,1.50312500e+00,1.21750000e+01,6.06250000e-02,-8.12500000e-02
2.84071500e-06,1.46875000e+00,1.21875000e+01,6.31250000e-02,-1.32031250e-01
2.84103500e-06,1.47812500e+00,1.21375000e+01,5.56250000e-02,-7.89062500e-02
2.84135500e-06,1.44375000e+00,1.22750000e+01,5.31250000e-02,-5.46875000e-03
2.84167500e-06,1.48125000e+00,1.23625000e+01,4.56250000e-02,2.57812500e-02
2.84199500e-06,1.44375000e+00,1.22500000e+01,5.31250000e-02,8.90625000e-02
2.84231500e-06,1.49375000e+00,1.23250000e+01,6.56250000e-02,6.17187500e-02
2.84263500e-06,1.34375000e+00,1.23875000e+01,6.06250000e-02,1.48437500e-02
2.84295500e-06,1.38125000e+00,1.21750000e+01,7.56250000e-02,3.67187500e-02
2.84327500e-06,1.41875000e+00,1.22750000e+01,3.31250000e-02,-3.12500000e-03
2.84359500e-06,1.48125000e+00,1.22250000e+01,5.06250000e-02,1.71875000e-02
2.84391500e-06,1.34375000e+00,1.23125000e+01,6.31250000e-02,4.60937500e-02
2.84423500e-06,1.49375000e+00,1.21625000e+01,4.81250000e-02,5.93750000e-02
2.84455500e-06,1.22500000e+00,1.22250000e+01,3.81250000e-02,-3.67187500e-02
2.84487500e-06,1.50625000e+00,1.21750000e+01,7.31250000e-02,-2.89062500e-02
2.84519500e-06,1.43125000e+00,1.22625000e+01,5.06250000e-02,1.95312500e-02
2.84551500e-06,1.42812500e+00,1.22250000e+01,3.56250000e-02,-2.57812500e-02
2.84583500e-06,1.50625000e+00,1.22875000e+01,4.31250000e-02,-5.23437500e-02
2.84615500e-06,1.40625000e+00,1.22375000e+01,4.31250000e-02,-5.93750000e-02
2.84647500e-06,1.40312500e+00,1.22750000e+01,5.81250000e-02,-8.04687500e-02
2.84679500e-06,1.44375000e+00,1.22875000e+01,4.31250000e-02,-7.26562500e-02
2.84711500e-06,1.31875000e+00,1.21500000e+01,5.06250000e-02,-4.37500000e-02
2.84743500e-06,1.41875000e+00,1.22875000e+01,3.56250000e-02,-4.29687500e-02
2.84775500e-06,1.51875000e+00,1.23500000e+01,1.56250000e-02,-4.60937500e-02
2.84807500e-06,1.41875000e+00,1.21875000e+01,4.31250000e-02,-4.37500000e-02
2.84839500e-06,1.34062500e+00,1.21750000e+01,5.06250000e-02,-4.06250000e-02
2.84871500e-06,1.45625000e+00,1.21500000e+01,5.31250000e-02,1.32812500e-02
2.84903500e-06,1.49375000e+00,1.22250000e+01,5.56250000e-02,5.70312500e-02
2.84935500e-06,1.40625000e+00,1.22875000e+01,4.56250000e-02,9.45312500e-02
2.84967500e-06,1.31562500e+00,1.23125000e+01,5.06250000e-02,7.81250000e-02
2.84999500e-06,1.30312500e+00,1.22750000e+01,4.56250000e-02,-7.34375000e-02
2.85031500e-06,1.25000000e+00,1.21750000e+01,4.31250000e-02,-1.00000000e-01
2.85063500e-06,1.41875000e+00,1.21500000e+01,4.31250000e-02,-7.34375000e-02
2.85095500e-06,1.32500000e+00,1.22375000e+01,2.06250000e-02,-1.42968750e-01
2.85127500e-06,1.31875000e+00,1.22750000e+01,3.56250000e-02,4.68750000e-03
2.85159500e-06,1.58125000e+00,1.22125000e+01,8.31250000e-02,3.82812500e-02
2.85191500e-06,1.26875000e+00,1.22375000e+01,8.06250000e-02,-3.75000000e-02
2.85223500e-06,1.30312500e+00,1.23125000e+01,4.81250000e-02,3.12500000e-03
2.85255500e-06,1.33125000e+00,1.23500000e+01,5.81250000e-02,-4.68750000e-02
2.85287500e-06,1.44062500e+00,1.23625000e+01,6.56250000e-02,-3.90625000e-02
2.85319500e-06,1.54375000e+00,1.20750000e+01,6.31250000e-02,-5.31250000e-02
2.85351500e-06,1.41875000e+00,1.22000000e+01,3.56250000e-02,-7.42187500e-02
2.85383500e-06,1.35312500e+00,1.21875000e+01,4.81250000e-02,-7.34375000e-02
2.85415500e-06,1.41875000e+00,1.23125000e+01,4.31250000e-02,1.32812500e-02
2.85447500e-06,1.40625000e+00,1.24250000e+01,6.81250000e-02,5.62500000e-02
2.85479500e-06,1.38125000e+00,1.23125000e+01,5.56250000e-02,5.46875000e-02
2.85511500e-06,1.46875000e+00,1.22250000e+01,6.06250000e-02,-3.12500000e-03
2.85543500e-06,1.55625000e+00,1.22375000e+01,7.31250000e-02,2.18750000e-02
2.85575500e-06,1.40625000e+00,1.22625000e+01,5.56250000e-02,1.64062500e-02
2.85607500e-06,1.44062500e+00,1.22125000e+01,6.56250000e-02,3.98437500e-02
2.85639500e-06,1.44375000e+00,1.22750000e+01,5.31250000e-02,7.34375000e-02
2.85671500e-06,1.45625000e+00,1.22250000e+01,6.81250000e-02,5.23437500e-02
2.85703500e-06,1.26250000e+00,1.22125000e+01,4.06250000e-02,-7.81250000e-03
2.85735500e-06,1.40625000e+00,1.21750000e+01,5.31250000e-02,-9.37500000e-03
2.85767500e-06,1.41875000e+00,1.22125000e+01,3.81250000e-02,-1.07812500e-01
2.85799500e-06,1.45625000e+00,1.22875000e+01,4.81250000e-02,-9.53125000e-02
2.85831500e-06,1.39062500e+00,1.22125000e+01,8.12500000e-02,-5.00000000e-02
2.85863500e-06,1.28750000e+00,1.21625000e+01,1.03750000e-01,-1.60156250e-01
2.85895500e-06,1.38125000e+00,1.21000000e+01,4.31250000e-02,-1.45312500e-01
2.85927500e-06,1.32812500e+00,1.22125000e+01,4.31250000e-02,1.56250000e-02
2.85959500e-06,1.40625000e+00,1.22375000e+01,2.81250000e-02,7.81250000e-04
2.85991500e-06,1.46875000e+00,1.22250000e+01,5.81250000e-02,-5.46875000e-02
2.86023500e-06,1.50625000e+00,1.22000000e+01,2.56250000e-02,-4.21875000e-02
2.86055500e-06,1.41875000e+00,1.22375000e+01,5.31250000e-02,0.00000000e+00
2.86087500e-06,1.50312500e+00,1.22000000e+01,4.06250000e-02,-6.17187500e-02
2.86119500e-06,1.34375000e+00,1.22500000e+01,6.56250000e-02,-1.50000000e-01
2.86151500e-06,1.36562500e+00,1.21375000e+01,4.56250000e-02,-8.82812500e-02
2.86183500e-06,1.41875000e+00,1.22500000e+01,6.56250000e-02,1.56250000e-03
2.86215500e-06,1.45625000e+00,1.21875000e+01,3.56250000e-02,-1.25000000e-02
2.86247500e-06,1.43125000e+00,1.21500000e+01,7.06250000e-02,-3.90625000e-02
2.86279500e-06,1.58125000e+00,1.21250000e+01,5.31250000e-02,4.60937500e-02
2.86311500e-06,1.56875000e+00,1.23625000e+01,5.06250000e-02,3.28125000e-02
2.86343500e-06,1.39062500e+00,1.22250000e+01,5.31250000e-02,-5.70312500e-02
2.86375500e-06,1.39062500e+00,1.22000000e+01,3.56250000e-02,-1.23437500e-01
2.86407500e-06,1.38125000e+00,1.22750000e+01,3.06250000e-02,-9.84375000e-02
2.86439500e-06,1.28750000e+00,1.23125000e+01,4.31250000e-02,-4.68750000e-02
2.86471500e-06,1.40625000e+00,1.22000000e+01,3.81250000e-02,-1.15625000e-01
2.86503500e-06,1.32812500e+00,1.21500000e+01,4.56250000e-02,3.90625000e-03
2.86535500e-06,1.27500000e+00,1.22375000e+01,5.56250000e-02,-3.90625000e-02
2.86567500e-06,1.36875000e+00,1.23750000e+01,4.56250000e-02,-1.56250000e-01
2.86599500e-06,1.42812500e+00,1.22125000e+01,4.31250000e-02,-7.34375000e-02
2.86631500e-06,1.45625000e+00,1.22250000e+01,4.06250000e-02,2.65625000e-02
2.86663500e-06,1.33125000e+00,1.21750000e+01,6.56250000e-02,3.90625000e-03
2.86695500e-06,1.35625000e+00,1.21875000e+01,7.56250000e-02,-4.92187500e-02
2.86727500e-06,1.36875000e+00,1.21750000e+01,5.06250000e-02,-3.90625000e-02
2.86759500e-06,1.35625000e+00,1.22875000e+01,3.81250000e-02,6.87500000e-02
2.86791500e-06,1.38125000e+00,1.22250000e+01,4.06250000e-02,-7.81250000e-04
2.86823500e-06,1.36875000e+00,1.22625000e+01,6.06250000e-02,-8.43750000e-02
2.86855500e-06,1.51875000e+00,1.21875000e+01,6.81250000e-02,-7.50000000e-02
2.86887500e-06,1.48125000e+00,1.22875000e+01,6.06250000e-02,-1.18750000e-01
2.86919500e-06,1.42812500e+00,1.22250000e+01,6.31250000e-02,-7.03125000e-02
2.86951500e-06,1.54375000e+00,1.21500000e+01,5.81250000e-02,-2.81250000e-02
2.86983500e-06,1.53125000e+00,1.22250000e+01,4.31250000e-02,-2.03125000e-02
2.87015500e-06,1.22187500e+00,1.23500000e+01,1.13750000e-01,1.56250000e-02
2.87047500e-06,1.40312500e+00,1.21875000e+01,4.56250000e-02,-2.03125000e-02
2.87079500e-06,1.34375000e+00,1.22250000e+01,4.81250000e-02,-6.09375000e-02
2.87111500e-06,1.53125000e+00,1.24000000e+01,5.06250000e-02,-7.18750000e-02
2.87143500e-06,1.41875000e+00,1.23125000e+01,5.81250000e-02,-5.62500000e-02
2.87175500e-06,1.40312500e+00,1.22125000e+01,4.56250000e-02,-2.57812500e-02
2.87207500e-06,1.36875000e+00,1.21625000e+01,2.06250000e-02,-3.59375000e-02
2.87239500e-06,1.55625000e+00,1.22500000e+01,4.06250000e-02,-2.96875000e-02
2.87271500e-06,1.56875000e+00,1.23000000e+01,4.31250000e-02,-1.71875000e-02
2.87303500e-06,1.36250000e+00,1.23250000e+01,3.56250000e-02,9.37500000e-03
2.87335500e-06,1.27187500e+00,1.23750000e+01,7.56250000e-02,-3.12500000e-03
2.87367500e-06,1.46875000e+00,1.21875000e+01,6.31250000e-02,-7.73437500e-02
2.87399500e-06,1.40312500e+00,1.22500000e+01,5.81250000e-02,-5.23437500e-02
2.87431500e-06,1.31875000e+00,1.23750000e+01,3.06250000e-02,7.81250000e-04
2.87463500e-06,1.46875000e+00,1.22875000e+01,4.31250000e-02,-3.98437500e-02
2.87495500e-06,1.68125000e+00,1.22000000e+01,5.06250000e-02,7.81250000e-04
2.87527500e-06,1.44375000e+00,1.23000000e+01,5.31250000e-02,1.27343750e-01
2.87559500e-06,1.40312500e+00,1.21000000e+01,5.56250000e-02,2.96875000e-02
2.87591500e-06,1.46562500e+00,1.23500000e+01,3.81250000e-02,-5.70312500e-02
2.87623500e-06,1.51875000e+00,1.22750000e+01,5.31250000e-02,3.20312500e-02
2.87655500e-06,1.35625000e+00,1.21500000e+01,6.31250000e-02,-2.57812500e-02
2.87687500e-06,1.31562500e+00,1.21750000e+01,3.81250000e-02,-6.79687500e-02
2.87719500e-06,1.53125000e+00,1.23375000e+01,5.56250000e-02,-1.56250000e-03
2.87751500e-06,1.49375000e+00,1.23500000e+01,3.56250000e-02,3.82812500e-02
2.87783500e-06,1.46562500e+00,1.22875000e+01,4.31250000e-02,2.73437500e-02
2.87815500e-06,1.42812500e+00,1.22250000e+01,4.31250000e-02,1.71875000e-02
2.87847500e-06,1.35625000e+00,1.22125000e+01,4.06250000e-02,4.60937500e-02
2.87879500e-06,1.56875000e+00,1.22250000e+01,4.06250000e-02,1.79687500e-02
2.87911500e-06,1.51875000e+00,1.22750000e+01,6.31250000e-02,-1.01562500e-01
2.87943500e-06,1.46562500e+00,1.23375000e+01,6.06250000e-02,-1.18750000e-01
2.87975500e-06,1.40312500e+00,1.22750000e+01,5.31250000e-02,8.82812500e-02
2.88007500e-06,1.36875000e+00,1.22375000e+01,5.06250000e-02,9.06250000e-02
2.88039500e-06,1.46875000e+00,1.21625000e+01,5.81250000e-02,3.43750000e-02
2.88071500e-06,1.45625000e+00,1.23375000e+01,6.06250000e-02,1.56250000e-03
2.88103500e-06,1.33125000e+00,1.22000000e+01,5.81250000e-02,5.62500000e-02
2.88135500e-06,1.40625000e+00,1.21750000e+01,4.06250000e-02,2.34375000e-03
2.88167500e-06,1.48125000e+00,1.22250000e+01,5.31250000e-02,7.03125000e-03
2.88199500e-06,1.46875000e+00,1.22375000e+01,3.81250000e-02,6.87500000e-02
2.88231500e-06,1.44375000e+00,1.23250000e+01,4.06250000e-02,1.03906250e-01
2.88263500e-06,1.40625000e+00,1.23500000e+01,6.56250000e-02,-1.56250000e-03
2.88295500e-06,1.50625000e+00,1.23375000e+01,4.81250000e-02,-7.26562500e-02
2.88327500e-06,1.43125000e+00,1.22125000e+01,4.31250000e-02,-7.03125000e-03
2.88359500e-06,1.49062500e+00,1.22875000e+01,4.81250000e-02,6.95312500e-02
2.88391500e-06,1.45625000e+00,1.21875000e+01,2.56250000e-02,3.75000000e-02
2.88423500e-06,1.43125000e+00,1.21625000e+01,5.06250000e-02,-7.03125000e-03
2.88455500e-06,1.48125000e+00,1.21625000e+01,4.06250000e-02,-3.43750000e-02
2.88487500e-06,1.44375000e+00,1.22250000e+01,5.06250000e-02,-7.03125000e-03
2.88519500e-06,1.46875000e+00,1.23000000e+01,4.31250000e-02,5.23437500e-02
2.88551500e-06,1.49062500e+00,1.22750000e+01,7.31250000e-02,8.12500000e-02
2.88583500e-06,1.40625000e+00,1.21875000e+01,5.31250000e-02,3.04687500e-02
2.88615500e-06,1.41562500e+00,1.23375000e+01,5.81250000e-02,6.48437500e-02
2.88647500e-06,1.40625000e+00,1.22500000e+01,6.81250000e-02,2.73437500e-02
2.88679500e-06,1.46875000e+00,1.22875000e+01,5.06250000e-02,1.48437500e-02
2.88711500e-06,1.35625000e+00,1.21250000e+01,7.81250000e-02,-7.81250000e-04
2.88743500e-06,1.32812500e+00,1.22250000e+01,4.81250000e-02,3.82812500e-02
2.88775500e-06,1.36875000e+00,1.21000000e+01,6.56250000e-02,1.64062500e-02
2.88807500e-06,1.43125000e+00,1.22125000e+01,4.81250000e-02,3.59375000e-02
2.88839500e-06,1.39062500e+00,1.22250000e+01,3.81250000e-02,7.50000000e-02
2.88871500e-06,1.35625000e+00,1.22250000e+01,6.81250000e-02,4.84375000e-02
2.88903500e-06,1.44375000e+00,1.21125000e+01,6.06250000e-02,7.57812500e-02
2.88935500e-06,1.48125000e+00,1.22125000e+01,6.56250000e-02,2.96875000e-02
2.88967500e-06,1.39375000e+00,1.21875000e+01,5.56250000e-02,-7.81250000e-04
2.88999500e-06,1.54375000e+00,1.22375000e+01,5.31250000e-02,-4.45312500e-02
2.89031500e-06,1.33125000e+00,1.22375000e+01,4.81250000e-02,-5.46875000e-02
2.89063500e-06,1.41562500e+00,1.22625000e+01,5.56250000e-02,-4.53125000e-02
2.89095500e-06,1.34375000e+00,1.21375000e+01,4.81250000e-02,-5.39062500e-02
2.89127500e-06,1.56875000e+00,1.22625000e+01,6.56250000e-02,4.68750000e-03
2.89159500e-06,1.49375000e+00,1.20125000e+01,3.81250000e-02,-2.89062500e-02
2.89191500e-06,1.31562500e+00,1.21875000e+01,5.31250000e-02,-5.46875000e-02
2.89223500e-06,1.41562500e+00,1.21500000e+01,5.06250000e-02,2.18750000e-02
2.89255500e-06,1.44375000e+00,1.21250000e+01,5.31250000e-02,3.20312500e-02
2.89287500e-06,1.44375000e+00,1.21750000e+01,7.56250000e-02,-8.20312500e-02
2.89319500e-06,1.41875000e+00,1.22625000e+01,5.31250000e-02,-1.08593750e-01
2.89351500e-06,1.48125000e+00,1.22500000e+01,4.56250000e-02,-7.10937500e-02
2.89383500e-06,1.49375000e+00,1.21750000e+01,6.81250000e-02,-3.59375000e-02
2.89415500e-06,1.36875000e+00,1.22000000e+01,4.31250000e-02,-3.75000000e-02
2.89447500e-06,1.44062500e+00,1.22125000e+01,5.06250000e-02,-9.92187500e-02
2.89479500e-06,1.53125000e+00,1.20875000e+01,4.56250000e-02,-1.01562500e-02
2.89511500e-06,1.36562500e+00,1.21875000e+01,3.31250000e-02,6.40625000e-02
2.89543500e-06,1.46562500e+00,1.22375000e+01,5.06250000e-02,-8.12500000e-02
2.89575500e-06,1.51875000e+00,1.22500000e+01,4.81250000e-02,-7.50000000e-02
2.89607500e-06,1.49062500e+00,1.22000000e+01,6.06250000e-02,1.71875000e-02
2.89639500e-06,1.34062500e+00,1.23250000e+01,5.56250000e-02,-8.59375000e-03
2.89671500e-06,1.45625000e+00,1.22250000e+01,3.06250000e-02,-1.67187500e-01
2.89703500e-06,1.35312500e+00,1.22750000e+01,6.56250000e-02,-1.25000000e-01
2.89735500e-06,1.25000000e+00,1.22625000e+01,7.31250000e-02,4.68750000e-02
2.89767500e-06,1.50625000e+00,1.22750000e+01,2.56250000e-02,1.24218750e-01
2.89799500e-06,1.46562500e+00,1.22625000e+01,4.81250000e-02,5.07812500e-02
2.89831500e-06,1.40312500e+00,1.22625000e+01,7.06250000e-02,1.64062500e-02
2.89863500e-06,1.33750000e+00,1.20875000e+01,6.06250000e-02,-7.81250000e-02
2.89895500e-06,1.31875000e+00,1.22375000e+01,2.56250000e-02,-8.20312500e-02
2.89927500e-06,1.48125000e+00,1.22750000e+01,5.31250000e-02,-9.37500000e-03
2.89959500e-06,1.37812500e+00,1.23375000e+01,4.06250000e-02,2.34375000e-02
2.89991500e-06,1.30625000e+00,1.21750000e+01,5.56250000e-02,4.29687500e-02
2.90023500e-06,1.41875000e+00,1.21375000e+01,3.56250000e-02,1.79687500e-02
2.90055500e-06,1.40625000e+00,1.21500000e+01,4.31250000e-02,-6.56250000e-02
2.90087500e-06,1.44375000e+00,1.21875000e+01,6.56250000e-02,-1.23437500e-01
2.90119500e-06,1.41875000e+00,1.21500000e+01,8.81250000e-02,-9.37500000e-02
2.90151500e-06,1.33125000e+00,1.22875000e+01,5.56250000e-02,-2.26562500e-02
2.90183500e-06,1.36875000e+00,1.22000000e+01,3.81250000e-02,-6.09375000e-02
2.90215500e-06,1.25937500e+00,1.23125000e+01,9.31250000e-02,-8.04687500e-02
2.90247500e-06,1.31875000e+00,1.22750000e+01,6.81250000e-02,-5.54687500e-02
2.90279500e-06,1.36875000e+00,1.22750000e+01,3.56250000e-02,3.43750000e-02
2.90311500e-06,1.45312500e+00,1.23125000e+01,6.56250000e-02,-3.12500000e-03
2.90343500e-06,1.40625000e+00,1.21625000e+01,1.31250000e-02,-5.31250000e-02
2.90375500e-06,1.48125000e+00,1.21375000e+01,3.56250000e-02,-3.20312500e-02
2.90407500e-06,1.44375000e+00,1.21875000e+01,2.81250000e-02,-1.17187500e-02
2.90439500e-06,1.46875000e+00,1.20750000e+01,4.06250000e-02,-6.48437500e-02
2.90471500e-06,1.55625000e+00,1.23250000e+01,5.56250000e-02,-8.35937500e-02
2.90503500e-06,1.50625000e+00,1.23000000e+01,4.81250000e-02,-4.68750000e-02
2.90535500e-06,1.46562500e+00,1.23125000e+01,5.81250000e-02,-5.46875000e-03
2.90567500e-06,1.47812500e+00,1.22625000e+01,2.81250000e-02,2.73437500e-02
2.90599500e-06,1.41875000e+00,1.22125000e+01,7.06250000e-02,4.60937500e-02
2.90631500e-06,1.36875000e+00,1.21000000e+01,6.81250000e-02,7.03125000e-03
2.90663500e-06,1.45625000e+00,1.23625000e+01,5.06250000e-02,3.12500000e-03
2.90695500e-06,1.54375000e+00,1.20750000e+01,4.31250000e-02,-4.68750000e-02
2.90727500e-06,1.45625000e+00,1.21750000e+01,7.31250000e-02,-9.37500000e-03
2.90759500e-06,1.36562500e+00,1.22625000e+01,6.31250000e-02,-9.29687500e-02
2.90791500e-06,1.35312500e+00,1.21375000e+01,4.31250000e-02,-1.35156250e-01
2.90823500e-06,1.56875000e+00,1.22625000e+01,5.81250000e-02,-1.02343750e-01
2.90855500e-06,1.36875000e+00,1.22375000e+01,1.81250000e-02,-3.12500000e-03
2.90887500e-06,1.34062500e+00,1.22375000e+01,4.56250000e-02,5.85937500e-02
2.90919500e-06,1.36875000e+00,1.23125000e+01,5.06250000e-02,1.15625000e-01
2.90951500e-06,1.36875000e+00,1.22750000e+01,8.56250000e-02,8.59375000e-02
2.90983500e-06,1.49375000e+00,1.22875000e+01,4.56250000e-02,-2.42187500e-02
2.91015500e-06,1.43125000e+00,1.21125000e+01,3.06250000e-02,-4.68750000e-03
2.91047500e-06,1.35625000e+00,1.21750000e+01,4.56250000e-02,2.50000000e-02
2.91079500e-06,1.48125000e+00,1.22125000e+01,9.31250000e-02,-4.21875000e-02
2.91111500e-06,1.39375000e+00,1.23625000e+01,8.81250000e-02,2.57812500e-02
2.91143500e-06,1.44375000e+00,1.21625000e+01,6.06250000e-02,3.82812500e-02
2.91175500e-06,1.44375000e+00,1.21750000e+01,5.31250000e-02,9.37500000e-03
2.91207500e-06,1.36875000e+00,1.21125000e+01,6.56250000e-02,-1.09375000e-02
2.91239500e-06,1.38125000e+00,1.22500000e+01,6.31250000e-02,-4.37500000e-02
2.91271500e-06,1.43125000e+00,1.23250000e+01,4.31250000e-02,-2.89062500e-02
2.91303500e-06,1.40625000e+00,1.22625000e+01,6.56250000e-02,-1.64062500e-02
2.91335500e-06,1.53125000e+00,1.22750000e+01,7.31250000e-02,-6.87500000e-02
2.91367500e-06,1.41875000e+00,1.22625000e+01,6.56250000e-02,3.67187500e-02
2.91399500e-06,1.35312500e+00,1.22250000e+01,6.06250000e-02,8.82812500e-02
2.91431500e-06,1.36875000e+00,1.22000000e+01,5.31250000e-02,5.85937500e-02
2.91463500e-06,1.38125000e+00,1.22625000e+01,4.06250000e-02,3.04687500e-02
2.91495500e-06,1.48125000e+00,1.22375000e+01,3.81250000e-02,2.96875000e-02
2.91527500e-06,1.34375000e+00,1.21875000e+01,6.06250000e-02,-6.25000000e-03
2.91559500e-06,1.43125000e+00,1.21000000e+01,6.81250000e-02,-6.25000000e-03
2.91591500e-06,1.40625000e+00,1.22000000e+01,4.81250000e-02,-4.68750000e-03
2.91623500e-06,1.34375000e+00,1.22500000e+01,4.06250000e-02,6.95312500e-02
2.91655500e-06,1.40625000e+00,1.21500000e+01,5.56250000e-02,3.98437500e-02
2.91687500e-06,1.35625000e+00,1.22375000e+01,2.31250000e-02,4.21875000e-02
2.91719500e-06,1.35625000e+00,1.21750000e+01,3.81250000e-02,-1.48437500e-02
2.91751500e-06,1.39375000e+00,1.22500000e+01,3.56250000e-02,-3.43750000e-02
2.91783500e-06,1.49375000e+00,1.21625000e+01,7.81250000e-02,4.84375000e-02
2.91815500e-06,1.45625000e+00,1.20375000e+01,7.31250000e-02,1.51562500e-01
2.91847500e-06,1.31875000e+00,1.22000000e+01,2.81250000e-02,8.51562500e-02
2.91879500e-06,1.39375000e+00,1.22250000e+01,4.31250000e-02,4.68750000e-02
2.91911500e-06,1.38125000e+00,1.21750000e+01,2.06250000e-02,4.14062500e-02
2.91943500e-06,1.35625000e+00,1.22625000e+01,3.81250000e-02,8.90625000e-02
2.91975500e-06,1.41875000e+00,1.20875000e+01,2.81250000e-02,9.53125000e-02
2.92007500e-06,1.33125000e+00,1.21375000e+01,6.81250000e-02,-1.87500000e-02
2.92039500e-06,1.41875000e+00,1.22000000e+01,5.56250000e-02,-6.25000000e-03
2.92071500e-06,1.28437500e+00,1.21625000e+01,4.56250000e-02,2.34375000e-03
2.92103500e-06,1.28750000e+00,1.23125000e+01,5.06250000e-02,3.75000000e-02
2.92135500e-06,1.46875000e+00,1.22750000e+01,2.56250000e-02,1.57812500e-01
2.92167500e-06,1.42812500e+00,1.22250000e+01,3.81250000e-02,1.04687500e-01
2.92199500e-06,1.26250000e+00,1.23500000e+01,3.81250000e-02,5.23437500e-02
2.92231500e-06,1.38125000e+00,1.23375000e+01,6.06250000e-02,-2.57812500e-02
2.92263500e-06,1.30625000e+00,1.22000000e+01,7.81250000e-02,-3.82812500e-02
2.92295500e-06,1.43125000e+00,1.22875000e+01,5.81250000e-02,2.73437500e-02
2.92327500e-06,1.43125000e+00,1.21375000e+01,7.56250000e-02,7.42187500e-02
2.92359500e-06,1.36875000e+00,1.23625000e+01,6.31250000e-02,7.81250000e-04
2.92391500e-06,1.35625000e+00,1.24250000e+01,7.56250000e-02,7.81250000e-04
2.92423500e-06,1.51875000e+00,1.22750000e+01,5.81250000e-02,3.59375000e-02
2.92455500e-06,1.51875000e+00,1.24250000e+01,3.81250000e-02,7.42187500e-02
2.92487500e-06,1.37812500e+00,1.21750000e+01,4.31250000e-02,4.37500000e-02
2.92519500e-06,1.45312500e+00,1.22000000e+01,6.81250000e-02,-3.35937500e-02
2.92551500e-06,1.49375000e+00,1.23000000e+01,3.06250000e-02,-4.21875000e-02
2.92583500e-06,1.36562500e+00,1.22125000e+01,4.81250000e-02,7.34375000e-02
2.92615500e-06,1.32812500e+00,1.23250000e+01,7.81250000e-02,1.28906250e-01
2.92647500e-06,1.43125000e+00,1.23375000e+01,5.31250000e-02,8.04687500e-02
2.92679500e-06,1.51562500e+00,1.21750000e+01,4.31250000e-02,8.98437500e-02
2.92711500e-06,1.44375000e+00,1.23125000e+01,3.06250000e-02,7.81250000e-04
2.92743500e-06,1.45312500e+00,1.21625000e+01,6.06250000e-02,-1.01562500e-02
2.92775500e-06,1.51562500e+00,1.22750000e+01,6.06250000e-02,-1.09375000e-02
2.92807500e-06,1.43125000e+00,1.22375000e+01,7.81250000e-02,7.03125000e-03
2.92839500e-06,1.47812500e+00,1.22375000e+01,5.56250000e-02,5.00000000e-02
2.92871500e-06,1.39062500e+00,1.22125000e+01,5.06250000e-02,3.82812500e-02
2.92903500e-06,1.25937500e+00,1.22375000e+01,1.81250000e-02,-4.45312500e-02
2.92935500e-06,1.38125000e+00,1.22125000e+01,4.31250000e-02,-4.45312500e-02
2.92967500e-06,1.44375000e+00,1.22750000e+01,4.81250000e-02,-3.12500000e-02
2.92999500e-06,1.41562500e+00,1.22625000e+01,5.56250000e-02,-2.65625000e-02
2.93031500e-06,1.44375000e+00,1.22750000e+01,6.56250000e-02,-7.81250000e-04
2.93063500e-06,1.28750000e+00,1.20875000e+01,4.31250000e-02,2.03125000e-02
2.93095500e-06,1.35625000e+00,1.21875000e+01,5.06250000e-02,1.87500000e-02
2.93127500e-06,1.38125000e+00,1.22375000e+01,4.31250000e-02,-3.20312500e-02
2.93159500e-06,1.39375000e+00,1.23000000e+01,4.81250000e-02,-3.20312500e-02
2.93191500e-06,1.31875000e+00,1.23000000e+01,6.56250000e-02,-4.06250000e-02
2.93223500e-06,1.44375000e+00,1.23375000e+01,6.31250000e-02,-6.40625000e-02
2.93255500e-06,1.50625000e+00,1.21375000e+01,4.81250000e-02,-4.53125000e-02
2.93287500e-06,1.45625000e+00,1.22000000e+01,6.56250000e-02,-4.29687500e-02
2.93319500e-06,1.35312500e+00,1.22000000e+01,8.81250000e-02,-3.75000000e-02
2.93351500e-06,1.36562500e+00,1.22375000e+01,3.31250000e-02,-3.12500000e-02
2.93383500e-06,1.43125000e+00,1.20750000e+01,8.87500000e-02,-5.85937500e-02
2.93415500e-06,1.49375000e+00,1.24125000e+01,8.56250000e-02,-4.53125000e-02
2.93447500e-06,1.43125000e+00,1.22875000e+01,1.56250000e-02,1.56250000e-03
2.93479500e-06,1.49375000e+00,1.22500000e+01,2.81250000e-02,-2.50000000e-02
2.93511500e-06,1.48125000e+00,1.22125000e+01,5.06250000e-02,-1.87500000e-02
2.93543500e-06,1.39375000e+00,1.21750000e+01,6.56250000e-02,3.20312500e-02
2.93575500e-06,1.39062500e+00,1.21375000e+01,2.31250000e-02,2.10937500e-02
2.93607500e-06,1.51875000e+00,1.22625000e+01,5.06250000e-02,2.26562500e-02
2.93639500e-06,1.38125000e+00,1.22125000e+01,6.56250000e-02,2.03125000e-02
2.93671500e-06,1.36562500e+00,1.22375000e+01,5.81250000e-02,8.82812500e-02
2.93703500e-06,1.46875000e+00,1.22125000e+01,6.56250000e-02,8.90625000e-02
2.93735500e-06,1.44375000e+00,1.23500000e+01,6.81250000e-02,1.17187500e-02
2.93767500e-06,1.50625000e+00,1.22125000e+01,4.81250000e-02,-1.04687500e-01
2.93799500e-06,1.36875000e+00,1.22500000e+01,5.81250000e-02,-1.00000000e-01
2.93831500e-06,1.31562500e+00,1.22625000e+01,5.81250000e-02,-3.43750000e-02
2.93863500e-06,1.30625000e+00,1.22000000e+01,5.06250000e-02,8.82812500e-02
2.93895500e-06,1.51875000e+00,1.22375000e+01,6.31250000e-02,7.10937500e-02
2.93927500e-06,1.43125000e+00,1.22875000e+01,3.81250000e-02,9.76562500e-02
2.93959500e-06,1.36562500e+00,1.22500000e+01,4.56250000e-02,3.43750000e-02
2.93991500e-06,1.46875000e+00,1.22750000e+01,6.56250000e-02,-1.79687500e-02
2.94023500e-06,1.41875000e+00,1.22500000e+01,5.56250000e-02,-5.15625000e-02
2.94055500e-06,1.43125000e+00,1.23250000e+01,5.06250000e-02,-6.25000000e-02
2.94087500e-06,1.52812500e+00,1.22000000e+01,3.56250000e-02,7.81250000e-03
2.94119500e-06,1.46875000e+00,1.21375000e+01,5.06250000e-02,1.35937500e-01
2.94151500e-06,1.40312500e+00,1.22750000e+01,7.31250000e-02,1.06250000e-01
2.94183500e-06,1.35312500e+00,1.23250000e+01,2.31250000e-02,7.18750000e-02
2.94215500e-06,1.54375000e+00,1.23750000e+01,4.06250000e-02,6.40625000e-02
2.94247500e-06,1.45625000e+00,1.22750000e+01,7.06250000e-02,2.65625000e-02
2.94279500e-06,1.42812500e+00,1.22125000e+01,5.31250000e-02,-3.90625000e-02
2.94311500e-06,1.24375000e+00,1.23250000e+01,7.06250000e-02,3.04687500e-02
2.94343500e-06,1.39375000e+00,1.21750000e+01,3.56250000e-02,2.03125000e-02
2.94375500e-06,1.42812500e+00,1.22000000e+01,6.31250000e-02,3.90625000e-02
2.94407500e-06,1.22187500e+00,1.21500000e+01,6.31250000e-02,-2.18750000e-02
2.94439500e-06,1.44062500e+00,1.22250000e+01,4.31250000e-02,1.17187500e-02
2.94471500e-06,1.41562500e+00,1.22875000e+01,6.31250000e-02,1.71875000e-02
2.94503500e-06,1.39375000e+00,1.23875000e+01,5.56250000e-02,5.93750000e-02
2.94535500e-06,1.46875000e+00,1.22750000e+01,4.06250000e-02,4.76562500e-02
2.94567500e-06,1.56875000e+00,1.23000000e+01,5.31250000e-02,-3.20312500e-02
2.94599500e-06,1.43125000e+00,1.22250000e+01,4.56250000e-02,8.59375000e-03
2.94631500e-06,1.44062500e+00,1.22250000e+01,6.56250000e-02,6.25000000e-02
2.94663500e-06,1.28125000e+00,1.21250000e+01,6.06250000e-02,4.45312500e-02
2.94695500e-06,1.33125000e+00,1.21750000e+01,5.81250000e-02,8.82812500e-02
2.94727500e-06,1.28750000e+00,1.21625000e+01,5.81250000e-02,9.84375000e-02
2.94759500e-06,1.44062500e+00,1.23000000e+01,4.81250000e-02,6.95312500e-02
2.94791500e-06,1.48125000e+00,1.22875000e+01,6.06250000e-02,2.03125000e-02
2.94823500e-06,1.36875000e+00,1.22625000e+01,3.81250000e-02,3.75000000e-02
2.94855500e-06,1.47812500e+00,1.23750000e+01,4.31250000e-02,1.06250000e-01
2.94887500e-06,1.49375000e+00,1.22500000e+01,3.81250000e-02,6.25000000e-02
2.94919500e-06,1.38125000e+00,1.23125000e+01,6.31250000e-02,5.93750000e-02
2.94951500e-06,1.31562500e+00,1.24125000e+01,6.06250000e-02,5.00000000e-02
2.94983500e-06,1.45625000e+00,1.22375000e+01,5.56250000e-02,3.75000000e-02
2.95015500e-06,1.31875000e+00,1.23750000e+01,1.31250000e-02,4.92187500e-02
2.95047500e-06,1.39375000e+00,1.22000000e+01,3.31250000e-02,3.35937500e-02
2.95079500e-06,1.39375000e+00,1.22625000e+01,6.56250000e-02,-2.34375000e-03
2.95111500e-06,1.55625000e+00,1.21625000e+01,4.81250000e-02,2.89062500e-02
2.95143500e-06,1.45625000e+00,1.22250000e+01,5.56250000e-02,-2.34375000e-03
2.95175500e-06,1.46562500e+00,1.21500000e+01,6.06250000e-02,2.34375000e-03
2.95207500e-06,1.44062500e+00,1.22625000e+01,2.56250000e-02,8.59375000e-02
2.95239500e-06,1.46875000e+00,1.22000000e+01,7.81250000e-02,1.04687500e-01
2.95271500e-06,1.48125000e+00,1.21125000e+01,6.31250000e-02,1.29687500e-01
2.95303500e-06,1.26250000e+00,1.22125000e+01,5.31250000e-02,-1.79687500e-02
2.95335500e-06,1.40625000e+00,1.22875000e+01,4.31250000e-02,-3.90625000e-02
2.95367500e-06,1.50625000e+00,1.22375000e+01,7.56250000e-02,-2.10937500e-02
2.95399500e-06,1.42812500e+00,1.21750000e+01,4.56250000e-02,4.60937500e-02
2.95431500e-06,1.30312500e+00,1.22375000e+01,7.56250000e-02,-2.34375000e-03
2.95463500e-06,1.42812500e+00,1.22875000e+01,3.31250000e-02,-1.64062500e-02
2.95495500e-06,1.47812500e+00,1.22375000e+01,5.56250000e-02,3.12500000e-03
2.95527500e-06,1.49375000e+00,1.21750000e+01,4.31250000e-02,-6.25000000e-03
2.95559500e-06,1.34062500e+00,1.22375000e+01,7.06250000e-02,-1.64062500e-02
2.95591500e-06,1.35312500e+00,1.23625000e+01,4.81250000e-02,4.68750000e-03
2.95623500e-06,1.38125000e+00,1.21500000e+01,4.81250000e-02,-4.92187500e-02
2.95655500e-06,1.52812500e+00,1.24250000e+01,5.56250000e-02,0.00000000e+00
2.95687500e-06,1.46875000e+00,1.22750000e+01,7.81250000e-02,2.57812500e-02
2.95719500e-06,1.47812500e+00,1.21625000e+01,5.31250000e-02,-1.40625000e-02
2.95751500e-06,1.47812500e+00,1.22500000e+01,6.81250000e-02,-1.09375000e-02
2.95783500e-06,1.38125000e+00,1.24375000e+01,4.31250000e-02,1.79687500e-02
2.95815500e-06,1.37812500e+00,1.21625000e+01,3.06250000e-02,7.03125000e-03
2.95847500e-06,1.34375000e+00,1.21500000e+01,5.31250000e-02,5.46875000e-02
2.95879500e-06,1.48125000e+00,1.22875000e+01,6.06250000e-02,2.50000000e-02
2.95911500e-06,1.41875000e+00,1.23125000e+01,3.06250000e-02,5.54687500e-02
2.95943500e-06,1.38125000e+00,1.23125000e+01,7.56250000e-02,4.60937500e-02
2.95975500e-06,1.36875000e+00,1.22750000e+01,6.56250000e-02,-1.01562500e-02
2.96007500e-06,1.48125000e+00,1.22875000e+01,4.81250000e-02,8.59375000e-03
2.96039500e-06,1.46875000e+00,1.22375000e+01,3.81250000e-02,-1.56250000e-03
2.96071500e-06,1.34375000e+00,1.21000000e+01,4.31250000e-02,-7.10937500e-02
2.96103500e-06,1.36562500e+00,1.22625000e+01,6.31250000e-02,-2.26562500e-02
2.96135500e-06,1.35625000e+00,1.23125000e+01,5.81250000e-02,3.90625000e-02
2.96167500e-06,1.45625000e+00,1.22750000e+01,5.81250000e-02,2.57812500e-02
2.96199500e-06,1.34375000e+00,1.21625000e+01,7.81250000e-02,4.68750000e-02
2.96231500e-06,1.48125000e+00,1.23125000e+01,6.31250000e-02,8.51562500e-02
2.96263500e-06,1.50625000e+00,1.22625000e+01,6.06250000e-02,7.81250000e-02
2.96295500e-06,1.55625000e+00,1.23500000e+01,4.81250000e-02,4.84375000e-02
2.96327500e-06,1.51562500e+00,1.22000000e+01,4.56250000e-02,-3.28125000e-02
2.96359500e-06,1.47812500e+00,1.22500000e+01,8.37500000e-02,-3.90625000e-03
2.96391500e-06,1.41562500e+00,1.23250000e+01,7.31250000e-02,5.00000000e-02
2.96423500e-06,1.41562500e+00,1.20875000e+01,4.06250000e-02,6.56250000e-02
2.96455500e-06,1.38125000e+00,1.21750000e+01,7.56250000e-02,1.87500000e-02
2.96487500e-06,1.41875000e+00,1.23375000e+01,3.56250000e-02,-4.29687500e-02
2.96519500e-06,1.36875000e+00,1.21750000e+01,5.81250000e-02,-2.18750000e-02
2.96551500e-06,1.30625000e+00,1.21375000e+01,3.56250000e-02,9.21875000e-02
2.96583500e-06,1.44375000e+00,1.22250000e+01,7.06250000e-02,6.09375000e-02
2.96615500e-06,1.31875000e+00,1.23875000e+01,5.31250000e-02,-5.31250000e-02
2.96647500e-06,1.36875000e+00,1.22000000e+01,6.06250000e-02,-7.50000000e-02
2.96679500e-06,1.49375000e+00,1.22250000e+01,7.56250000e-02,5.07812500e-02
2.96711500e-06,1.51875000e+00,1.21875000e+01,6.81250000e-02,1.14843750e-01
2.96743500e-06,1.40625000e+00,1.21000000e+01,5.81250000e-02,6.25000000e-02
2.96775500e-06,1.37812500e+00,1.22125000e+01,3.06250000e-02,3.35937500e-02
2.96807500e-06,1.45625000e+00,1.22750000e+01,5.56250000e-02,2.65625000e-02
2.96839500e-06,1.36875000e+00,1.20875000e+01,4.56250000e-02,2.34375000e-02
2.96871500e-06,1.44375000e+00,1.23750000e+01,7.31250000e-02,-3.04687500e-02
2.96903500e-06,1.38125000e+00,1.24125000e+01,6.56250000e-02,-6.32812500e-02
2.96935500e-06,1.44375000e+00,1.22750000e+01,4.81250000e-02,2.18750000e-02
2.96967500e-06,1.44375000e+00,1.21625000e+01,5.56250000e-02,-1.56250000e-03
2.96999500e-06,1.50625000e+00,1.23000000e+01,5.31250000e-02,-2.26562500e-02
2.97031500e-06,1.36562500e+00,1.23000000e+01,6.06250000e-02,-6.01562500e-02
2.97063500e-06,1.28437500e+00,1.23125000e+01,2.31250000e-02,-2.57812500e-02
2.97095500e-06,1.48125000e+00,1.22875000e+01,4.56250000e-02,1.14843750e-01
2.97127500e-06,1.47812500e+00,1.23250000e+01,5.06250000e-02,7.03125000e-03
2.97159500e-06,1.55625000e+00,1.21250000e+01,6.06250000e-02,-8.04687500e-02
2.97191500e-06,1.51875000e+00,1.22000000e+01,5.31250000e-02,1.95312500e-02
2.97223500e-06,1.42812500e+00,1.23125000e+01,5.06250000e-02,9.84375000e-02
2.97255500e-06,1.36562500e+00,1.23125000e+01,5.56250000e-02,2.96875000e-02
2.97287500e-06,1.39375000e+00,1.22500000e+01,5.56250000e-02,-1.40625000e-02
2.97319500e-06,1.44375000e+00,1.23500000e+01,7.31250000e-02,7.42187500e-02
2.97351500e-06,1.43125000e+00,1.23375000e+01,2.81250000e-02,3.75000000e-02
2.97383500e-06,1.35625000e+00,1.24000000e+01,5.06250000e-02,-5.00000000e-02
2.97415500e-06,1.31875000e+00,1.22375000e+01,6.81250000e-02,-7.26562500e-02
2.97447500e-06,1.36875000e+00,1.23500000e+01,6.81250000e-02,-3.04687500e-02
2.97479500e-06,1.41875000e+00,1.21875000e+01,4.56250000e-02,-1.56250000e-02
2.97511500e-06,1.46875000e+00,1.22000000e+01,6.81250000e-02,-3.51562500e-02
2.97543500e-06,1.40625000e+00,1.21625000e+01,3.81250000e-02,1.71875000e-02
2.97575500e-06,1.38125000e+00,1.24000000e+01,2.56250000e-02,8.59375000e-03
2.97607500e-06,1.39375000e+00,1.22250000e+01,3.31250000e-02,4.68750000e-02
2.97639500e-06,1.53125000e+00,1.22750000e+01,4.81250000e-02,-3.75000000e-02
2.97671500e-06,1.41875000e+00,1.22625000e+01,5.06250000e-02,-5.07812500e-02
2.97703500e-06,1.35312500e+00,1.22250000e+01,6.56250000e-02,4.68750000e-03
2.97735500e-06,1.39062500e+00,1.21875000e+01,7.06250000e-02,7.81250000e-03
2.97767500e-06,1.31875000e+00,1.22500000e+01,6.31250000e-02,3.04687500e-02
2.97799500e-06,1.46875000e+00,1.22500000e+01,6.06250000e-02,4.21875000e-02
2.97831500e-06,1.49375000e+00,1.23250000e+01,5.06250000e-02,5.00000000e-02
2.97863500e-06,1.38125000e+00,1.23250000e+01,3.06250000e-02,-1.56250000e-03
2.97895500e-06,1.46875000e+00,1.22500000e+01,4.81250000e-02,5.54687500e-02
2.97927500e-06,1.43125000e+00,1.21625000e+01,5.81250000e-02,9.37500000e-02
2.97959500e-06,1.36875000e+00,1.21250000e+01,4.81250000e-02,8.28125000e-02
2.97991500e-06,1.30000000e+00,1.23125000e+01,7.81250000e-02,5.85937500e-02
2.98023500e-06,1.28750000e+00,1.23250000e+01,3.81250000e-02,1.17187500e-02
2.98055500e-06,1.53125000e+00,1.20625000e+01,6.31250000e-02,-1.56250000e-03
2.98087500e-06,1.39062500e+00,1.23250000e+01,5.81250000e-02,-1.79687500e-02
2.98119500e-06,1.44062500e+00,1.22625000e+01,3.81250000e-02,-1.06250000e-01
2.98151500e-06,1.51875000e+00,1.22250000e+01,5.31250000e-02,-9.68750000e-02
2.98183500e-06,1.35312500e+00,1.20875000e+01,7.06250000e-02,-6.79687500e-02
2.98215500e-06,1.31562500e+00,1.21750000e+01,3.81250000e-02,-7.81250000e-03
2.98247500e-06,1.39062500e+00,1.21625000e+01,4.31250000e-02,6.71875000e-02
2.98279500e-06,1.35312500e+00,1.23375000e+01,5.06250000e-02,5.62500000e-02
2.98311500e-06,1.44375000e+00,1.23500000e+01,7.81250000e-02,-1.09375000e-02
2.98343500e-06,1.34375000e+00,1.23875000e+01,6.56250000e-02,-1.48437500e-02
2.98375500e-06,1.38125000e+00,1.21625000e+01,4.81250000e-02,-1.71875000e-02
2.98407500e-06,1.44375000e+00,1.22250000e+01,5.06250000e-02,-1.02343750e-01
2.98439500e-06,1.39375000e+00,1.22875000e+01,2.56250000e-02,-1.87500000e-02
2.98471500e-06,1.46875000e+00,1.22250000e+01,3.06250000e-02,4.53125000e-02
2.98503500e-06,1.49375000e+00,1.21375000e+01,5.31250000e-02,1.25000000e-02
2.98535500e-06,1.45625000e+00,1.22875000e+01,7.81250000e-02,3.04687500e-02
2.98567500e-06,1.44375000e+00,1.22875000e+01,5.31250000e-02,4.53125000e-02
2.98599500e-06,1.27500000e+00,1.22500000e+01,2.06250000e-02,6.25000000e-03
2.98631500e-06,1.45312500e+00,1.22250000e+01,5.81250000e-02,-2.57812500e-02
2.98663500e-06,1.34375000e+00,1.21125000e+01,7.56250000e-02,-5.46875000e-03
2.98695500e-06,1.41875000e+00,1.23000000e+01,4.31250000e-02,-6.64062500e-02
2.98727500e-06,1.44375000e+00,1.24000000e+01,4.81250000e-02,-3.12500000e-03
2.98759500e-06,1.39375000e+00,1.21875000e+01,5.81250000e-02,-2.57812500e-02
2.98791500e-06,1.36562500e+00,1.22250000e+01,5.31250000e-02,4.68750000e-03
2.98823500e-06,1.33125000e+00,1.23625000e+01,6.31250000e-02,6.56250000e-02
2.98855500e-06,1.39375000e+00,1.23625000e+01,6.62500000e-02,-1.25000000e-02
2.98887500e-06,1.49375000e+00,1.22500000e+01,8.31250000e-02,-1.32812500e-02
2.98919500e-06,1.36875000e+00,1.22750000e+01,4.06250000e-02,2.57812500e-02
2.98951500e-06,1.34375000e+00,1.22125000e+01,4.31250000e-02,5.54687500e-02
2.98983500e-06,1.36250000e+00,1.22250000e+01,6.31250000e-02,5.00000000e-02
2.99015500e-06,1.23750000e+00,1.23750000e+01,6.06250000e-02,2.34375000e-02
2.99047500e-06,1.39375000e+00,1.22375000e+01,6.31250000e-02,5.00000000e-02
2.99079500e-06,1.47812500e+00,1.22875000e+01,6.56250000e-02,4.68750000e-02
2.99111500e-06,1.41875000e+00,1.22250000e+01,4.81250000e-02,-1.71875000e-02
2.99143500e-06,1.50625000e+00,1.22250000e+01,3.56250000e-02,-5.85937500e-02
2.99175500e-06,1.28750000e+00,1.23250000e+01,5.81250000e-02,-3.59375000e-02
2.99207500e-06,1.37812500e+00,1.23000000e+01,4.81250000e-02,-1.64062500e-02
2.99239500e-06,1.53125000e+00,1.20625000e+01,5.06250000e-02,7.10937500e-02
2.99271500e-06,1.37812500e+00,1.22500000e+01,8.81250000e-02,3.12500000e-02
2.99303500e-06,1.24375000e+00,1.22875000e+01,5.56250000e-02,5.62500000e-02
2.99335500e-06,1.28437500e+00,1.22000000e+01,6.81250000e-02,1.10156250e-01
2.99367500e-06,1.35312500e+00,1.23500000e+01,7.56250000e-02,5.85937500e-02
2.99399500e-06,1.44062500e+00,1.21875000e+01,8.81250000e-02,-4.29687500e-02
2.99431500e-06,1.39062500e+00,1.20250000e+01,7.31250000e-02,7.81250000e-04
2.99463500e-06,1.36875000e+00,1.22500000e+01,6.81250000e-02,1.21093750e-01
2.99495500e-06,1.35625000e+00,1.22375000e+01,3.81250000e-02,1.25781250e-01
2.99527500e-06,1.46875000e+00,1.22500000e+01,6.56250000e-02,9.06250000e-02
2.99559500e-06,1.45625000e+00,1.23500000e+01,3.31250000e-02,3.67187500e-02
2.99591500e-06,1.34375000e+00,1.22500000e+01,3.56250000e-02,5.93750000e-02
2.99623500e-06,1.41875000e+00,1.22500000e+01,6.31250000e-02,8.35937500e-02
2.99655500e-06,1.49375000e+00,1.21250000e+01,7.56250000e-02,1.87500000e-02
2.99687500e-06,1.41875000e+00,1.22250000e+01,5.06250000e-02,2.81250000e-02
2.99719500e-06,1.40312500e+00,1.21500000e+01,4.31250000e-02,1.25000000e-02
2.99751500e-06,1.58125000e+00,1.22125000e+01,3.56250000e-02,3.59375000e-02
2.99783500e-06,1.48125000e+00,1.23250000e+01,4.81250000e-02,8.20312500e-02
2.99815500e-06,1.51562500e+00,1.22625000e+01,4.81250000e-02,8.59375000e-02
2.99847500e-06,1.53125000e+00,1.21500000e+01,4.31250000e-02,1.56250000e-02
2.99879500e-06,1.22187500e+00,1.22500000e+01,5.31250000e-02,-1.48437500e-02
2.99911500e-06,1.46562500e+00,1.22625000e+01,8.31250000e-02,-7.26562500e-02
2.99943500e-06,1.30312500e+00,1.23375000e+01,3.56250000e-02,-3.67187500e-02
2.99975500e-06,1.31875000e+00,1.22625000e+01,4.31250000e-02,6.25000000e-03
3.00007500e-06,1.44375000e+00,1.21875000e+01,3.56250000e-02,2.34375000e-03
3.00039500e-06,1.46562500e+00,1.23500000e+01,5.31250000e-02,-4.14062500e-02
3.00071500e-06,1.49375000e+00,1.23500000e+01,5.31250000e-02,-2.42187500e-02
3.00103500e-06,1.53125000e+00,1.21750000e+01,4.31250000e-02,1.17187500e-02
3.00135500e-06,1.23437500e+00,1.23000000e+01,4.56250000e-02,2.26562500e-02
3.00167500e-06,1.40312500e+00,1.24000000e+01,6.06250000e-02,-3.12500000e-02
3.00199500e-06,1.44375000e+00,1.22250000e+01,8.31250000e-02,7.81250000e-03
3.00231500e-06,1.47812500e+00,1.21750000e+01,2.56250000e-02,7.81250000e-02
3.00263500e-06,1.40312500e+00,1.22375000e+01,4.31250000e-02,-4.37500000e-02
3.00295500e-06,1.23750000e+00,1.21750000e+01,7.31250000e-02,-1.14843750e-01
3.00327500e-06,1.52812500e+00,1.23000000e+01,6.56250000e-02,-2.81250000e-02
3.00359500e-06,1.49062500e+00,1.21500000e+01,5.31250000e-02,-4.53125000e-02
3.00391500e-06,1.37812500e+00,1.21875000e+01,7.06250000e-02,-2.26562500e-02
3.00423500e-06,1.34062500e+00,1.22000000e+01,5.56250000e-02,-3.20312500e-02
3.00455500e-06,1.40625000e+00,1.23000000e+01,5.56250000e-02,3.12500000e-03
3.00487500e-06,1.38125000e+00,1.22750000e+01,7.81250000e-02,-4.92187500e-02
3.00519500e-06,1.33125000e+00,1.23625000e+01,5.81250000e-02,-3.75000000e-02
3.00551500e-06,1.50625000e+00,1.22250000e+01,4.56250000e-02,5.85937500e-02
3.00583500e-06,1.46875000e+00,1.21625000e+01,5.56250000e-02,4.84375000e-02
3.00615500e-06,1.45312500e+00,1.22500000e+01,7.31250000e-02,-1.79687500e-02
3.00647500e-06,1.37812500e+00,1.22750000e+01,6.06250000e-02,1.48437500e-02
3.00679500e-06,1.43125000e+00,1.23000000e+01,5.56250000e-02,9.37500000e-02
3.00711500e-06,1.25000000e+00,1.22625000e+01,6.06250000e-02,7.96875000e-02
3.00743500e-06,1.35625000e+00,1.22750000e+01,5.56250000e-02,-9.06250000e-02
3.00775500e-06,1.46875000e+00,1.21125000e+01,4.81250000e-02,-1.71875000e-02
3.00807500e-06,1.43125000e+00,1.21625000e+01,5.31250000e-02,2.18750000e-02
3.00839500e-06,1.44375000e+00,1.23500000e+01,7.06250000e-02,1.56250000e-02
3.00871500e-06,1.49375000e+00,1.22250000e+01,6.31250000e-02,3.28125000e-02
3.00903500e-06,1.44375000e+00,1.21875000e+01,5.56250000e-02,2.03125000e-02
3.00935500e-06,1.31562500e+00,1.22500000e+01,4.81250000e-02,-3.28125000e-02
3.00967500e-06,1.28750000e+00,1.23250000e+01,8.56250000e-02,-6.17187500e-02
3.00999500e-06,1.30625000e+00,1.23125000e+01,5.31250000e-02,-1.87500000e-02
3.01031500e-06,1.39062500e+00,1.21875000e+01,3.06250000e-02,1.87500000e-02
3.01063500e-06,1.48125000e+00,1.23375000e+01,6.06250000e-02,1.40625000e-02
3.01095500e-06,1.41875000e+00,1.23500000e+01,6.31250000e-02,1.64062500e-02
3.01127500e-06,1.28750000e+00,1.22625000e+01,2.31250000e-02,-5.46875000e-03
3.01159500e-06,1.35625000e+00,1.23000000e+01,4.31250000e-02,-3.90625000e-03
3.01191500e-06,1.49375000e+00,1.21500000e+01,7.81250000e-02,2.50000000e-02
3.01223500e-06,1.45625000e+00,1.22750000e+01,4.81250000e-02,6.48437500e-02
3.01255500e-06,1.36875000e+00,1.21625000e+01,2.81250000e-02,5.46875000e-03
3.01287500e-06,1.40625000e+00,1.23125000e+01,5.31250000e-02,4.92187500e-02
3.01319500e-06,1.45625000e+00,1.22375000e+01,5.31250000e-02,8.43750000e-02
3.01351500e-06,1.36875000e+00,1.24500000e+01,4.81250000e-02,9.37500000e-02
3.01383500e-06,1.30625000e+00,1.23125000e+01,8.31250000e-02,6.87500000e-02
3.01415500e-06,1.44375000e+00,1.22000000e+01,6.06250000e-02,5.23437500e-02
3.01447500e-06,1.38125000e+00,1.22250000e+01,4.31250000e-02,-1.40625000e-02
3.01479500e-06,1.34375000e+00,1.22375000e+01,6.56250000e-02,-1.17968750e-01
3.01511500e-06,1.35625000e+00,1.22750000e+01,3.31250000e-02,-7.57812500e-02
3.01543500e-06,1.34375000e+00,1.23250000e+01,4.56250000e-02,-3.75000000e-02
3.01575500e-06,1.39375000e+00,1.24125000e+01,7.06250000e-02,-2.81250000e-02
3.01607500e-06,1.49375000e+00,1.24000000e+01,2.81250000e-02,7.03125000e-03
3.01639500e-06,1.39375000e+00,1.23000000e+01,1.56250000e-02,6.17187500e-02
3.01671500e-06,1.31875000e+00,1.22750000e+01,4.31250000e-02,5.62500000e-02
3.01703500e-06,1.45625000e+00,1.22250000e+01,6.31250000e-02,4.92187500e-02
3.01735500e-06,1.31875000e+00,1.23000000e+01,5.81250000e-02,1.56250000e-03
3.01767500e-06,1.40625000e+00,1.22000000e+01,8.06250000e-02,-3.28125000e-02
3.01799500e-06,1.39375000e+00,1.21250000e+01,8.31250000e-02,-4.21875000e-02
3.01831500e-06,1.43125000e+00,1.22000000e+01,5.81250000e-02,5.70312500e-02
3.01863500e-06,1.46875000e+00,1.22625000e+01,4.81250000e-02,1.05468750e-01
3.01895500e-06,1.49375000e+00,1.23375000e+01,4.31250000e-02,-7.81250000e-03
3.01927500e-06,1.36875000e+00,1.23250000e+01,5.56250000e-02,-5.00000000e-02
3.01959500e-06,1.31875000e+00,1.22000000e+01,5.31250000e-02,-3.12500000e-02
3.01991500e-06,1.34062500e+00,1.23500000e+01,6.06250000e-02,-4.14062500e-02
3.02023500e-06,1.27500000e+00,1.22250000e+01,4.06250000e-02,3.04687500e-02
3.02055500e-06,1.39375000e+00,1.22375000e+01,3.81250000e-02,6.71875000e-02
3.02087500e-06,1.51562500e+00,1.21875000e+01,7.31250000e-02,4.68750000e-02
3.02119500e-06,1.38125000e+00,1.22875000e+01,4.06250000e-02,-3.12500000e-03
3.02151500e-06,1.39062500e+00,1.20750000e+01,3.81250000e-02,2.18750000e-02
3.02183500e-06,1.55625000e+00,1.23000000e+01,5.31250000e-02,2.73437500e-02
3.02215500e-06,1.39375000e+00,1.23250000e+01,7.06250000e-02,2.03125000e-02
3.02247500e-06,1.32812500e+00,1.23250000e+01,3.81250000e-02,6.25000000e-03
3.02279500e-06,1.41875000e+00,1.21625000e+01,4.06250000e-02,3.51562500e-02
3.02311500e-06,1.53125000e+00,1.22875000e+01,7.56250000e-02,1.16406250e-01
3.02343500e-06,1.54375000e+00,1.21375000e+01,4.31250000e-02,1.33593750e-01
3.02375500e-06,1.42812500e+00,1.23750000e+01,6.06250000e-02,7.42187500e-02
3.02407500e-06,1.36562500e+00,1.23625000e+01,5.81250000e-02,-7.18750000e-02
3.02439500e-06,1.28750000e+00,1.22125000e+01,7.56250000e-02,-4.21875000e-02
3.02471500e-06,1.50625000e+00,1.22125000e+01,5.81250000e-02,3.43750000e-02
3.02503500e-06,1.48125000e+00,1.22375000e+01,4.06250000e-02,2.73437500e-02
3.02535500e-06,1.42812500e+00,1.22125000e+01,4.56250000e-02,2.42187500e-02
3.02567500e-06,1.39062500e+00,1.21250000e+01,8.06250000e-02,8.28125000e-02
3.02599500e-06,1.34375000e+00,1.21500000e+01,6.81250000e-02,5.54687500e-02
3.02631500e-06,1.39375000e+00,1.21750000e+01,6.56250000e-02,4.60937500e-02
3.02663500e-06,1.32812500e+00,1.21875000e+01,6.06250000e-02,4.29687500e-02
3.02695500e-06,1.36875000e+00,1.22875000e+01,6.56250000e-02,9.37500000e-03
3.02727500e-06,1.40625000e+00,1.21875000e+01,6.31250000e-02,0.00000000e+00
3.02759500e-06,1.32812500e+00,1.22000000e+01,2.81250000e-02,2.34375000e-03
3.02791500e-06,1.39375000e+00,1.22125000e+01,7.81250000e-02,5.46875000e-02
3.02823500e-06,1.27500000e+00,1.22000000e+01,5.56250000e-02,4.53125000e-02
3.02855500e-06,1.35312500e+00,1.21375000e+01,4.31250000e-02,4.68750000e-03
3.02887500e-06,1.19687500e+00,1.22875000e+01,7.31250000e-02,-3.12500000e-02
3.02919500e-06,1.24687500e+00,1.21000000e+01,6.31250000e-02,-6.64062500e-02
3.02951500e-06,1.35312500e+00,1.21375000e+01,7.06250000e-02,-4.53125000e-02
3.02983500e-06,1.46562500e+00,1.21000000e+01,4.81250000e-02,-4.14062500e-02
3.03015500e-06,1.34062500e+00,1.23250000e+01,4.06250000e-02,-2.81250000e-02
3.03047500e-06,1.38125000e+00,1.21750000e+01,8.81250000e-02,7.03125000e-03
3.03079500e-06,1.36875000e+00,1.20375000e+01,7.56250000e-02,7.18750000e-02
3.03111500e-06,1.45625000e+00,1.21375000e+01,6.81250000e-02,6.87500000e-02
3.03143500e-06,1.33125000e+00,1.22125000e+01,5.06250000e-02,2.65625000e-02
3.03175500e-06,1.39375000e+00,1.22125000e+01,4.81250000e-02,3.35937500e-02
3.03207500e-06,1.34375000e+00,1.21500000e+01,3.56250000e-02,2.96875000e-02
3.03239500e-06,1.38125000e+00,1.22500000e+01,7.81250000e-02,-1.09375000e-02
3.03271500e-06,1.48125000e+00,1.21625000e+01,8.06250000e-02,-7.26562500e-02
3.03303500e-06,1.46875000e+00,1.22625000e+01,2.81250000e-02,1.32812500e-02
3.03335500e-06,1.44375000e+00,1.23125000e+01,3.31250000e-02,7.81250000e-02
3.03367500e-06,1.31250000e+00,1.21500000e+01,4.56250000e-02,7.89062500e-02
3.03399500e-06,1.36875000e+00,1.22875000e+01,4.56250000e-02,4.76562500e-02
3.03431500e-06,1.41875000e+00,1.23000000e+01,6.81250000e-02,3.90625000e-03
3.03463500e-06,1.36562500e+00,1.23750000e+01,6.56250000e-02,4.53125000e-02
3.03495500e-06,1.45625000e+00,1.23000000e+01,4.81250000e-02,6.79687500e-02
3.03527500e-06,1.48125000e+00,1.21500000e+01,5.06250000e-02,3.82812500e-02
3.03559500e-06,1.40625000e+00,1.22250000e+01,7.06250000e-02,3.28125000e-02
3.03591500e-06,1.39375000e+00,1.23625000e+01,5.31250000e-02,1.87500000e-02
3.03623500e-06,1.41875000e+00,1.22250000e+01,5.81250000e-02,3.90625000e-03
3.03655500e-06,1.34375000e+00,1.23375000e+01,7.56250000e-02,2.10937500e-02
3.03687500e-06,1.34375000e+00,1.21500000e+01,2.56250000e-02,1.48437500e-02
3.03719500e-06,1.41875000e+00,1.23750000e+01,5.06250000e-02,1.32812500e-02
3.03751500e-06,1.40625000e+00,1.23250000e+01,6.81250000e-02,4.14062500e-02
3.03783500e-06,1.50625000e+00,1.23125000e+01,3.31250000e-02,1.87500000e-02
3.03815500e-06,1.34375000e+00,1.22375000e+01,7.31250000e-02,5.46875000e-02
3.03847500e-06,1.41562500e+00,1.21875000e+01,3.81250000e-02,3.04687500e-02
3.03879500e-06,1.44375000e+00,1.22000000e+01,5.56250000e-02,-3.90625000e-02
3.03911500e-06,1.25937500e+00,1.22750000e+01,6.06250000e-02,-8.59375000e-03
3.03943500e-06,1.30625000e+00,1.22375000e+01,4.31250000e-02,2.89062500e-02
3.03975500e-06,1.41875000e+00,1.22875000e+01,1.11250000e-01,1.79687500e-02
3.04007500e-06,1.44062500e+00,1.22625000e+01,5.81250000e-02,-2.03125000e-02
3.04039500e-06,1.26250000e+00,1.22375000e+01,4.06250000e-02,1.87500000e-02
3.04071500e-06,1.33125000e+00,1.22875000e+01,8.06250000e-02,7.81250000e-04
3.04103500e-06,1.46875000e+00,1.22375000e+01,6.31250000e-02,2.34375000e-03
3.04135500e-06,1.24687500e+00,1.21750000e+01,6.31250000e-02,9.21875000e-02
3.04167500e-06,1.27500000e+00,1.22500000e+01,5.81250000e-02,7.42187500e-02
3.04199500e-06,1.54375000e+00,1.21625000e+01,6.56250000e-02,7.81250000e-03
3.04231500e-06,1.40312500e+00,1.22375000e+01,1.81250000e-02,-5.78125000e-02
3.04263500e-06,1.36562500e+00,1.22250000e+01,5.31250000e-02,-6.71875000e-02
3.04295500e-06,1.34375000e+00,1.23375000e+01,8.06250000e-02,-3.59375000e-02
3.04327500e-06,1.43125000e+00,1.22875000e+01,4.31250000e-02,0.00000000e+00
3.04359500e-06,1.41875000e+00,1.23000000e+01,4.56250000e-02,4.68750000e-02
3.04391500e-06,1.35625000e+00,1.22500000e+01,6.56250000e-02,3.75000000e-02
3.04423500e-06,1.36875000e+00,1.22125000e+01,8.56250000e-02,2.81250000e-02
3.04455500e-06,1.41875000e+00,1.21250000e+01,6.81250000e-02,5.70312500e-02
3.04487500e-06,1.39375000e+00,1.23125000e+01,3.31250000e-02,2.89062500e-02
3.04519500e-06,1.50625000e+00,1.23125000e+01,2.81250000e-02,-7.73437500e-02
3.04551500e-06,1.44375000e+00,1.22750000e+01,6.81250000e-02,-9.68750000e-02
3.04583500e-06,1.24375000e+00,1.22625000e+01,5.31250000e-02,-4.84375000e-02
3.04615500e-06,1.25937500e+00,1.21875000e+01,6.06250000e-02,-6.17187500e-02
3.04647500e-06,1.31875000e+00,1.21625000e+01,5.56250000e-02,-7.65625000e-02
3.04679500e-06,1.34062500e+00,1.22875000e+01,7.06250000e-02,1.32812500e-02
3.04711500e-06,1.41562500e+00,1.22375000e+01,4.56250000e-02,-3.04687500e-02
3.04743500e-06,1.35625000e+00,1.22250000e+01,7.06250000e-02,3.12500000e-02
3.04775500e-06,1.33125000e+00,1.22750000e+01,5.06250000e-02,7.26562500e-02
3.04807500e-06,1.35625000e+00,1.22375000e+01,6.81250000e-02,-7.89062500e-02
3.04839500e-06,1.38125000e+00,1.21875000e+01,5.06250000e-02,-8.51562500e-02
3.04871500e-06,1.44375000e+00,1.23250000e+01,6.06250000e-02,2.96875000e-02
3.04903500e-06,1.37812500e+00,1.23625000e+01,4.06250000e-02,8.20312500e-02
3.04935500e-06,1.23437500e+00,1.22000000e+01,6.31250000e-02,9.06250000e-02
3.04967500e-06,1.43125000e+00,1.22125000e+01,6.06250000e-02,1.09375000e-02
3.04999500e-06,1.42812500e+00,1.23125000e+01,6.06250000e-02,-2.81250000e-02
3.05031500e-06,1.27187500e+00,1.22500000e+01,6.81250000e-02,-1.48437500e-02
3.05063500e-06,1.48125000e+00,1.22750000e+01,6.06250000e-02,8.20312500e-02
3.05095500e-06,1.43125000e+00,1.23000000e+01,3.31250000e-02,3.75000000e-02
3.05127500e-06,1.31562500e+00,1.21625000e+01,5.81250000e-02,-8.59375000e-03
3.05159500e-06,1.30312500e+00,1.22250000e+01,7.31250000e-02,-4.76562500e-02
3.05191500e-06,1.34375000e+00,1.23250000e+01,4.31250000e-02,-4.76562500e-02
3.05223500e-06,1.25937500e+00,1.23500000e+01,5.81250000e-02,-8.59375000e-03
3.05255500e-06,1.36875000e+00,1.22875000e+01,5.06250000e-02,-1.01562500e-02
3.05287500e-06,1.28750000e+00,1.21500000e+01,3.56250000e-02,-3.35937500e-02
3.05319500e-06,1.43125000e+00,1.21375000e+01,7.06250000e-02,-1.71875000e-02
3.05351500e-06,1.40625000e+00,1.23000000e+01,3.31250000e-02,2.03125000e-02
3.05383500e-06,1.41875000e+00,1.22625000e+01,4.81250000e-02,5.15625000e-02
3.05415500e-06,1.31562500e+00,1.24125000e+01,4.81250000e-02,1.71875000e-02
3.05447500e-06,1.30625000e+00,1.23000000e+01,4.81250000e-02,-3.04687500e-02
3.05479500e-06,1.43125000e+00,1.21250000e+01,3.81250000e-02,-1.95312500e-02
3.05511500e-06,1.40312500e+00,1.23500000e+01,2.56250000e-02,2.65625000e-02
3.05543500e-06,1.34062500e+00,1.21500000e+01,4.81250000e-02,1.25000000e-02
3.05575500e-06,1.28750000e+00,1.22250000e+01,7.31250000e-02,-2.50000000e-02
3.05607500e-06,1.34375000e+00,1.22750000e+01,5.81250000e-02,-2.50000000e-02
3.05639500e-06,1.19375000e+00,1.22625000e+01,4.81250000e-02,4.76562500e-02
3.05671500e-06,1.28750000e+00,1.23125000e+01,5.31250000e-02,1.71875000e-02
3.05703500e-06,1.40625000e+00,1.24625000e+01,6.81250000e-02,4.84375000e-02
3.05735500e-06,1.51562500e+00,1.22250000e+01,2.31250000e-02,1.40625000e-02
3.05767500e-06,1.41875000e+00,1.21750000e+01,5.06250000e-02,-7.03125000e-03
3.05799500e-06,1.28437500e+00,1.22500000e+01,5.06250000e-02,-1.01562500e-02
3.05831500e-06,1.35625000e+00,1.22625000e+01,3.81250000e-02,3.59375000e-02
3.05863500e-06,1.27187500e+00,1.23500000e+01,5.31250000e-02,7.81250000e-02
3.05895500e-06,1.31875000e+00,1.21125000e+01,4.81250000e-02,1.71875000e-02
3.05927500e-06,1.41875000e+00,1.23000000e+01,4.31250000e-02,2.73437500e-02
3.05959500e-06,1.31562500e+00,1.23750000e+01,7.31250000e-02,1.64062500e-02
3.05991500e-06,1.33125000e+00,1.20625000e+01,3.81250000e-02,4.76562500e-02
3.06023500e-06,1.44375000e+00,1.22750000e+01,9.31250000e-02,4.92187500e-02
3.06055500e-06,1.51875000e+00,1.22750000e+01,6.31250000e-02,-2.96875000e-02
3.06087500e-06,1.38125000e+00,1.23000000e+01,6.56250000e-02,-1.56250000e-03
3.06119500e-06,1.28125000e+00,1.23250000e+01,5.56250000e-02,5.46875000e-03
3.06151500e-06,1.28125000e+00,1.22250000e+01,6.31250000e-02,8.20312500e-02
3.06183500e-06,1.25937500e+00,1.23125000e+01,6.81250000e-02,2.65625000e-02
3.06215500e-06,1.18125000e+00,1.23125000e+01,4.31250000e-02,1.17187500e-02
3.06247500e-06,1.32812500e+00,1.21625000e+01,4.31250000e-02,5.00000000e-02
3.06279500e-06,1.35312500e+00,1.21500000e+01,8.31250000e-02,7.42187500e-02
3.06311500e-06,1.36562500e+00,1.22375000e+01,5.31250000e-02,8.59375000e-02
3.06343500e-06,1.48125000e+00,1.21375000e+01,7.06250000e-02,4.92187500e-02
3.06375500e-06,1.31875000e+00,1.20750000e+01,5.81250000e-02,3.82812500e-02
3.06407500e-06,1.32812500e+00,1.22625000e+01,6.56250000e-02,5.62500000e-02
3.06439500e-06,1.38125000e+00,1.23750000e+01,4.06250000e-02,6.25000000e-02
3.06471500e-06,1.39375000e+00,1.22875000e+01,5.81250000e-02,1.77343750e-01
3.06503500e-06,1.32500000e+00,1.21625000e+01,6.31250000e-02,1.00781250e-01
3.06535500e-06,1.34375000e+00,1.23625000e+01,4.56250000e-02,2.81250000e-02
3.06567500e-06,1.48125000e+00,1.20750000e+01,5.81250000e-02,2.73437500e-02
3.06599500e-06,1.39062500e+00,1.20625000e+01,6.56250000e-02,8.43750000e-02
3.06631500e-06,1.40625000e+00,1.23125000e+01,6.31250000e-02,1.05468750e-01
3.06663500e-06,1.38125000e+00,1.23625000e+01,6.56250000e-02,1.00000000e-01
3.06695500e-06,1.39375000e+00,1.22750000e+01,6.56250000e-02,6.95312500e-02
3.06727500e-06,1.40625000e+00,1.22750000e+01,4.56250000e-02,8.90625000e-02
3.06759500e-06,1.46875000e+00,1.22375000e+01,4.81250000e-02,1.42968750e-01
3.06791500e-06,1.31875000e+00,1.22000000e+01,5.06250000e-02,1.14062500e-01
3.06823500e-06,1.39375000e+00,1.21000000e+01,7.81250000e-02,6.71875000e-02
3.06855500e-06,1.41875000e+00,1.21750000e+01,3.31250000e-02,7.18750000e-02
3.06887500e-06,1.27500000e+00,1.22625000e+01,4.31250000e-02,6.71875000e-02
3.06919500e-06,1.31875000e+00,1.22625000e+01,4.56250000e-02,3.43750000e-02
3.06951500e-06,1.38125000e+00,1.21750000e+01,7.06250000e-02,1.35156250e-01
3.06983500e-06,1.36875000e+00,1.23125000e+01,4.31250000e-02,1.07031250e-01
3.07015500e-06,1.28437500e+00,1.23125000e+01,4.31250000e-02,-1.56250000e-03
3.07047500e-06,1.31875000e+00,1.22750000e+01,5.31250000e-02,6.25000000e-03
3.07079500e-06,1.45625000e+00,1.21750000e+01,4.06250000e-02,-7.81250000e-04
3.07111500e-06,1.34062500e+00,1.22375000e+01,5.56250000e-02,-3.12500000e-03
3.07143500e-06,1.40625000e+00,1.23750000e+01,6.06250000e-02,5.93750000e-02
3.07175500e-06,1.41875000e+00,1.23000000e+01,6.81250000e-02,3.75000000e-02
3.07207500e-06,1.53125000e+00,1.21750000e+01,7.31250000e-02,3.51562500e-02
3.07239500e-06,1.49375000e+00,1.22250000e+01,5.81250000e-02,9.84375000e-02
3.07271500e-06,1.32812500e+00,1.20500000e+01,6.06250000e-02,3.51562500e-02
3.07303500e-06,1.38125000e+00,1.22750000e+01,3.56250000e-02,7.81250000e-03
3.07335500e-06,1.44375000e+00,1.23125000e+01,3.06250000e-02,1.09375000e-02
3.07367500e-06,1.44375000e+00,1.22000000e+01,7.06250000e-02,-6.48437500e-02
3.07399500e-06,1.24687500e+00,1.22125000e+01,6.06250000e-02,-4.14062500e-02
3.07431500e-06,1.25000000e+00,1.22500000e+01,6.31250000e-02,2.10937500e-02
3.07463500e-06,1.38125000e+00,1.23500000e+01,3.81250000e-02,3.51562500e-02
3.07495500e-06,1.35312500e+00,1.22375000e+01,1.31250000e-02,6.71875000e-02
3.07527500e-06,1.34375000e+00,1.21250000e+01,5.56250000e-02,3.51562500e-02
3.07559500e-06,1.46875000e+00,1.22125000e+01,3.81250000e-02,-4.29687500e-02
3.07591500e-06,1.34375000e+00,1.21750000e+01,5.56250000e-02,7.03125000e-03
3.07623500e-06,1.41875000e+00,1.22625000e+01,6.06250000e-02,-2.26562500e-02
3.07655500e-06,1.45625000e+00,1.22875000e+01,3.31250000e-02,-1.01562500e-02
3.07687500e-06,1.41562500e+00,1.22750000e+01,5.31250000e-02,4.60937500e-02
3.07719500e-06,1.27500000e+00,1.22750000e+01,6.31250000e-02,4.84375000e-02
3.07751500e-06,1.28437500e+00,1.21750000e+01,4.56250000e-02,5.15625000e-02
3.07783500e-06,1.36562500e+00,1.22250000e+01,4.81250000e-02,-8.28125000e-02
3.07815500e-06,1.60625000e+00,1.23875000e+01,6.81250000e-02,-6.40625000e-02
3.07847500e-06,1.45312500e+00,1.22125000e+01,3.81250000e-02,4.45312500e-02
3.07879500e-06,1.37812500e+00,1.22125000e+01,4.81250000e-02,4.06250000e-02
3.07911500e-06,1.32500000e+00,1.22250000e+01,8.56250000e-02,-3.67187500e-02
3.07943500e-06,1.34375000e+00,1.23125000e+01,7.56250000e-02,2.57812500e-02
3.07975500e-06,1.38125000e+00,1.22625000e+01,7.31250000e-02,8.59375000e-02
3.08007500e-06,1.40312500e+00,1.22750000e+01,5.56250000e-02,5.54687500e-02
3.08039500e-06,1.49375000e+00,1.23000000e+01,5.31250000e-02,2.10937500e-02
3.08071500e-06,1.40625000e+00,1.22750000e+01,5.56250000e-02,-5.54687500e-02
3.08103500e-06,1.25000000e+00,1.20125000e+01,6.06250000e-02,-6.17187500e-02
3.08135500e-06,1.36875000e+00,1.22500000e+01,6.81250000e-02,8.59375000e-03
3.08167500e-06,1.39375000e+00,1.22875000e+01,3.81250000e-02,-5.46875000e-03
3.08199500e-06,1.36875000e+00,1.22375000e+01,4.81250000e-02,3.90625000e-03
3.08231500e-06,1.34062500e+00,1.22500000e+01,5.81250000e-02,-2.34375000e-03
3.08263500e-06,1.26250000e+00,1.22000000e+01,4.56250000e-02,-2.89062500e-02
3.08295500e-06,1.39375000e+00,1.22125000e+01,4.31250000e-02,-3.12500000e-03
3.08327500e-06,1.36562500e+00,1.24375000e+01,4.06250000e-02,1.87500000e-02
3.08359500e-06,1.41875000e+00,1.23250000e+01,8.06250000e-02,-4.68750000e-03
3.08391500e-06,1.33125000e+00,1.21500000e+01,5.56250000e-02,-5.00000000e-02
3.08423500e-06,1.30625000e+00,1.22750000e+01,2.56250000e-02,2.57812500e-02
3.08455500e-06,1.34062500e+00,1.22000000e+01,5.31250000e-02,9.84375000e-02
3.08487500e-06,1.28750000e+00,1.21875000e+01,6.56250000e-02,1.21875000e-01
3.08519500e-06,1.28437500e+00,1.21875000e+01,8.81250000e-02,1.34375000e-01
3.08551500e-06,1.23125000e+00,1.22625000e+01,6.31250000e-02,4.14062500e-02
3.08583500e-06,1.33125000e+00,1.21875000e+01,4.06250000e-02,2.81250000e-02
3.08615500e-06,1.37500000e+00,1.21750000e+01,6.56250000e-02,2.96875000e-02
3.08647500e-06,1.27187500e+00,1.22375000e+01,4.81250000e-02,2.18750000e-02
3.08679500e-06,1.45625000e+00,1.21625000e+01,1.56250000e-02,4.84375000e-02
3.08711500e-06,1.35312500e+00,1.22875000e+01,4.81250000e-02,8.51562500e-02
3.08743500e-06,1.33125000e+00,1.22875000e+01,6.31250000e-02,3.90625000e-03
3.08775500e-06,1.34375000e+00,1.23375000e+01,8.06250000e-02,4.14062500e-02
3.08807500e-06,1.41875000e+00,1.22000000e+01,4.81250000e-02,-1.32812500e-02
3.08839500e-06,1.36875000e+00,1.23625000e+01,2.56250000e-02,-2.89062500e-02
3.08871500e-06,1.44375000e+00,1.21875000e+01,7.06250000e-02,8.90625000e-02
3.08903500e-06,1.34375000e+00,1.22375000e+01,4.81250000e-02,6.56250000e-02
3.08935500e-06,1.43125000e+00,1.22000000e+01,3.31250000e-02,1.17187500e-02
3.08967500e-06,1.24687500e+00,1.23375000e+01,6.31250000e-02,3.67187500e-02
3.08999500e-06,1.25000000e+00,1.23250000e+01,4.81250000e-02,1.03125000e-01
3.09031500e-06,1.27187500e+00,1.23875000e+01,3.81250000e-02,8.12500000e-02
3.09063500e-06,1.31562500e+00,1.21750000e+01,3.31250000e-02,3.12500000e-02
3.09095500e-06,1.41875000e+00,1.22125000e+01,8.31250000e-02,9.37500000e-03
3.09127500e-06,1.35312500e+00,1.22125000e+01,8.56250000e-02,7.81250000e-04
3.09159500e-06,1.40625000e+00,1.21875000e+01,5.06250000e-02,-2.65625000e-02
3.09191500e-06,1.48125000e+00,1.22625000e+01,2.31250000e-02,5.39062500e-02
3.09223500e-06,1.38125000e+00,1.23375000e+01,4.56250000e-02,1.00781250e-01
3.09255500e-06,1.30625000e+00,1.22250000e+01,7.31250000e-02,-1.56250000e-03
3.09287500e-06,1.32812500e+00,1.22375000e+01,5.56250000e-02,-9.37500000e-03
3.09319500e-06,1.24687500e+00,1.24000000e+01,4.81250000e-02,-3.90625000e-03
3.09351500e-06,1.27500000e+00,1.22625000e+01,4.81250000e-02,-3.98437500e-02
3.09383500e-06,1.47812500e+00,1.21250000e+01,3.56250000e-02,-4.53125000e-02
3.09415500e-06,1.33750000e+00,1.21500000e+01,7.06250000e-02,-7.96875000e-02
3.09447500e-06,1.34375000e+00,1.20875000e+01,5.56250000e-02,-2.18750000e-02
3.09479500e-06,1.36875000e+00,1.24125000e+01,1.01250000e-01,3.12500000e-02
3.09511500e-06,1.34062500e+00,1.23250000e+01,3.81250000e-02,7.96875000e-02
3.09543500e-06,1.30625000e+00,1.23125000e+01,2.56250000e-02,7.42187500e-02
3.09575500e-06,1.35625000e+00,1.21250000e+01,6.06250000e-02,2.34375000e-03
3.09607500e-06,1.28437500e+00,1.22875000e+01,4.81250000e-02,1.56250000e-03
3.09639500e-06,1.28750000e+00,1.21250000e+01,3.81250000e-02,-3.12500000e-03
3.09671500e-06,1.38125000e+00,1.22125000e+01,5.31250000e-02,-4.29687500e-02
3.09703500e-06,1.28125000e+00,1.21500000e+01,5.56250000e-02,-7.73437500e-02
3.09735500e-06,1.28750000e+00,1.21875000e+01,4.81250000e-02,5.31250000e-02
3.09767500e-06,1.41875000e+00,1.21750000e+01,4.56250000e-02,6.95312500e-02
3.09799500e-06,1.28437500e+00,1.22250000e+01,4.31250000e-02,-6.25000000e-03
3.09831500e-06,1.34375000e+00,1.21375000e+01,5.06250000e-02,-4.92187500e-02
3.09863500e-06,1.33125000e+00,1.22000000e+01,6.81250000e-02,-3.51562500e-02
3.09895500e-06,1.44375000e+00,1.21875000e+01,4.06250000e-02,-6.40625000e-02
3.09927500e-06,1.33125000e+00,1.22625000e+01,6.56250000e-02,-8.67187500e-02
3.09959500e-06,1.27187500e+00,1.23000000e+01,4.06250000e-02,1.17187500e-02
3.09991500e-06,1.24687500e+00,1.21750000e+01,4.56250000e-02,1.95312500e-02
3.10023500e-06,1.34375000e+00,1.22500000e+01,6.06250000e-02,2.89062500e-02
3.10055500e-06,1.25625000e+00,1.22375000e+01,5.56250000e-02,9.21875000e-02
3.10087500e-06,1.30312500e+00,1.22000000e+01,4.31250000e-02,3.59375000e-02
3.10119500e-06,1.30312500e+00,1.24125000e+01,5.56250000e-02,-9.45312500e-02
3.10151500e-06,1.27187500e+00,1.21750000e+01,3.31250000e-02,-1.48437500e-01
3.10183500e-06,1.40625000e+00,1.22625000e+01,7.06250000e-02,-1.40625000e-02
3.10215500e-06,1.59062500e+00,1.22500000e+01,4.81250000e-02,4.68750000e-02
3.10247500e-06,1.39375000e+00,1.23375000e+01,8.31250000e-02,1.79687500e-02
3.10279500e-06,1.39062500e+00,1.21500000e+01,5.81250000e-02,-6.95312500e-02
3.10311500e-06,1.41562500e+00,1.21750000e+01,3.56250000e-02,-4.84375000e-02
3.10343500e-06,1.30625000e+00,1.22500000e+01,1.81250000e-02,-1.40625000e-02
3.10375500e-06,1.40625000e+00,1.22750000e+01,5.56250000e-02,3.82812500e-02
3.10407500e-06,1.30625000e+00,1.23750000e+01,7.81250000e-02,3.90625000e-02
3.10439500e-06,1.31562500e+00,1.21375000e+01,4.31250000e-02,2.57812500e-02
3.10471500e-06,1.30625000e+00,1.21000000e+01,4.56250000e-02,-2.42187500e-02
3.10503500e-06,1.30625000e+00,1.23375000e+01,5.81250000e-02,-2.18750000e-02
3.10535500e-06,1.27187500e+00,1.20625000e+01,5.81250000e-02,-4.68750000e-03
3.10567500e-06,1.40625000e+00,1.23250000e+01,3.81250000e-02,5.07812500e-02
3.10599500e-06,1.38125000e+00,1.21250000e+01,6.06250000e-02,4.21875000e-02
3.10631500e-06,1.36875000e+00,1.22625000e+01,5.81250000e-02,-3.75000000e-02
3.10663500e-06,1.27500000e+00,1.22000000e+01,5.31250000e-02,-8.59375000e-02
3.10695500e-06,1.43125000e+00,1.23125000e+01,6.31250000e-02,-5.46875000e-03
3.10727500e-06,1.36875000e+00,1.23125000e+01,8.06250000e-02,-1.56250000e-03
3.10759500e-06,1.38125000e+00,1.23125000e+01,5.06250000e-02,-6.01562500e-02
3.10791500e-06,1.30312500e+00,1.23875000e+01,4.31250000e-02,-2.81250000e-02
3.10823500e-06,1.27500000e+00,1.21500000e+01,4.81250000e-02,7.65625000e-02
3.10855500e-06,1.54375000e+00,1.21375000e+01,3.81250000e-02,2.18750000e-02
3.10887500e-06,1.42812500e+00,1.22375000e+01,5.56250000e-02,-2.89062500e-02
3.10919500e-06,1.24687500e+00,1.21875000e+01,5.31250000e-02,3.35937500e-02
3.10951500e-06,1.41562500e+00,1.21750000e+01,6.56250000e-02,-4.45312500e-02
3.10983500e-06,1.45625000e+00,1.21875000e+01,5.31250000e-02,-8.59375000e-02
3.11015500e-06,1.34375000e+00,1.21875000e+01,5.06250000e-02,5.46875000e-02
3.11047500e-06,1.32812500e+00,1.21000000e+01,6.56250000e-02,8.82812500e-02
3.11079500e-06,1.20937500e+00,1.21625000e+01,3.06250000e-02,7.03125000e-02
3.11111500e-06,1.28750000e+00,1.21875000e+01,5.06250000e-02,1.17187500e-02
3.11143500e-06,1.32812500e+00,1.22375000e+01,3.56250000e-02,-2.96875000e-02
3.11175500e-06,1.32500000e+00,1.21750000e+01,4.81250000e-02,3.90625000e-03
3.11207500e-06,1.22500000e+00,1.23750000e+01,4.31250000e-02,3.20312500e-02
3.11239500e-06,1.34375000e+00,1.23125000e+01,2.81250000e-02,1.25000000e-02
3.11271500e-06,1.32812500e+00,1.21875000e+01,2.31250000e-02,-2.34375000e-02
3.11303500e-06,1.38125000e+00,1.23125000e+01,6.81250000e-02,2.89062500e-02
3.11335500e-06,1.40625000e+00,1.23500000e+01,4.56250000e-02,2.42187500e-02
3.11367500e-06,1.30312500e+00,1.22625000e+01,4.81250000e-02,-4.37500000e-02
3.11399500e-06,1.28750000e+00,1.22000000e+01,4.81250000e-02,3.67187500e-02
3.11431500e-06,1.36875000e+00,1.22250000e+01,5.31250000e-02,2.89062500e-02
3.11463500e-06,1.36562500e+00,1.22875000e+01,6.31250000e-02,-2.10937500e-02
3.11495500e-06,1.24687500e+00,1.21125000e+01,3.06250000e-02,-5.15625000e-02
3.11527500e-06,1.24687500e+00,1.20750000e+01,4.06250000e-02,-1.56250000e-03
3.11559500e-06,1.31875000e+00,1.21750000e+01,6.06250000e-02,-1.25000000e-02
3.11591500e-06,1.33750000e+00,1.23625000e+01,5.31250000e-02,-6.48437500e-02
3.11623500e-06,1.32812500e+00,1.22625000e+01,6.31250000e-02,-6.25000000e-03
3.11655500e-06,1.40625000e+00,1.22500000e+01,5.81250000e-02,5.78125000e-02
3.11687500e-06,1.60312500e+00,1.23125000e+01,2.06250000e-02,-6.25000000e-03
3.11719500e-06,1.31562500e+00,1.23375000e+01,8.87500000e-02,-6.17187500e-02
3.11751500e-06,1.39062500e+00,1.22625000e+01,7.31250000e-02,-2.65625000e-02
3.11783500e-06,1.33125000e+00,1.23750000e+01,3.06250000e-02,2.89062500e-02
3.11815500e-06,1.33750000e+00,1.21000000e+01,1.03750000e-01,7.96875000e-02
3.11847500e-06,1.20937500e+00,1.22875000e+01,5.06250000e-02,2.42187500e-02
3.11879500e-06,1.31875000e+00,1.21875000e+01,3.56250000e-02,3.67187500e-02
3.11911500e-06,1.36562500e+00,1.22750000e+01,5.81250000e-02,6.79687500e-02
3.11943500e-06,1.31562500e+00,1.21375000e+01,4.81250000e-02,-1.48437500e-02
3.11975500e-06,1.30625000e+00,1.23375000e+01,7.06250000e-02,-1.02343750e-01
3.12007500e-06,1.38125000e+00,1.22625000e+01,3.31250000e-02,-6.48437500e-02
3.12039500e-06,1.40625000e+00,1.21625000e+01,3.56250000e-02,-2.81250000e-02
3.12071500e-06,1.35312500e+00,1.22625000e+01,7.06250000e-02,-1.48437500e-02
3.12103500e-06,1.23437500e+00,1.23250000e+01,6.06250000e-02,4.45312500e-02
3.12135500e-06,1.31875000e+00,1.23500000e+01,7.06250000e-02,5.46875000e-02
3.12167500e-06,1.36562500e+00,1.22375000e+01,6.56250000e-02,-6.25000000e-03
3.12199500e-06,1.35312500e+00,1.21625000e+01,6.06250000e-02,-3.12500000e-03
3.12231500e-06,1.36875000e+00,1.21500000e+01,7.06250000e-02,-7.03125000e-03
3.12263500e-06,1.36875000e+00,1.21875000e+01,4.81250000e-02,-3.51562500e-02
3.12295500e-06,1.30625000e+00,1.24250000e+01,5.06250000e-02,1.25000000e-02
3.12327500e-06,1.34062500e+00,1.23000000e+01,7.06250000e-02,3.12500000e-03
3.12359500e-06,1.25000000e+00,1.23000000e+01,3.81250000e-02,-1.40625000e-02
3.12391500e-06,1.43125000e+00,1.22625000e+01,5.81250000e-02,4.68750000e-03
3.12423500e-06,1.35312500e+00,1.22375000e+01,4.31250000e-02,-5.46875000e-03
3.12455500e-06,1.39375000e+00,1.20625000e+01,6.81250000e-02,-1.64062500e-02
3.12487500e-06,1.34375000e+00,1.22750000e+01,7.06250000e-02,-8.28125000e-02
3.12519500e-06,1.24687500e+00,1.22750000e+01,4.06250000e-02,-1.01562500e-01
3.12551500e-06,1.31875000e+00,1.23125000e+01,5.56250000e-02,7.03125000e-03
3.12583500e-06,1.41875000e+00,1.22625000e+01,4.31250000e-02,2.50000000e-02
3.12615500e-06,1.41562500e+00,1.24375000e+01,5.56250000e-02,9.37500000e-03
3.12647500e-06,1.28437500e+00,1.21875000e+01,3.81250000e-02,-1.56250000e-03
3.12679500e-06,1.20000000e+00,1.21125000e+01,7.31250000e-02,-2.96875000e-02
3.12711500e-06,1.33125000e+00,1.24000000e+01,6.06250000e-02,-4.60937500e-02
3.12743500e-06,1.40312500e+00,1.21875000e+01,7.06250000e-02,-3.98437500e-02
3.12775500e-06,1.34375000e+00,1.23875000e+01,6.31250000e-02,-8.59375000e-03
3.12807500e-06,1.30625000e+00,1.23875000e+01,3.31250000e-02,7.81250000e-04
3.12839500e-06,1.38125000e+00,1.23750000e+01,6.56250000e-02,4.29687500e-02
3.12871500e-06,1.34375000e+00,1.23500000e+01,5.31250000e-02,3.43750000e-02
3.12903500e-06,1.30625000e+00,1.22625000e+01,3.56250000e-02,7.42187500e-02
3.12935500e-06,1.40625000e+00,1.23250000e+01,4.81250000e-02,7.10937500e-02
3.12967500e-06,1.25937500e+00,1.21625000e+01,6.06250000e-02,-2.50000000e-02
3.12999500e-06,1.27500000e+00,1.21500000e+01,3.81250000e-02,-6.71875000e-02
3.13031500e-06,1.30625000e+00,1.22500000e+01,4.81250000e-02,4.76562500e-02
3.13063500e-06,1.42812500e+00,1.21625000e+01,5.31250000e-02,1.64062500e-02
3.13095500e-06,1.38125000e+00,1.20750000e+01,6.06250000e-02,1.25000000e-02
3.13127500e-06,1.33125000e+00,1.22875000e+01,5.06250000e-02,5.85937500e-02
3.13159500e-06,1.45625000e+00,1.21375000e+01,2.81250000e-02,7.96875000e-02
3.13191500e-06,1.45625000e+00,1.22375000e+01,5.31250000e-02,6.87500000e-02
3.13223500e-06,1.34062500e+00,1.22625000e+01,7.56250000e-02,4.14062500e-02
3.13255500e-06,1.22187500e+00,1.23250000e+01,4.31250000e-02,-5.07812500e-02
3.13287500e-06,1.38125000e+00,1.22000000e+01,8.31250000e-02,-4.53125000e-02
3.13319500e-06,1.37812500e+00,1.22250000e+01,6.56250000e-02,2.50000000e-02
3.13351500e-06,1.31562500e+00,1.21750000e+01,5.56250000e-02,3.43750000e-02
3.13383500e-06,1.28750000e+00,1.22375000e+01,5.56250000e-02,1.56250000e-03
3.13415500e-06,1.34375000e+00,1.22375000e+01,4.06250000e-02,-5.70312500e-02
3.13447500e-06,1.46562500e+00,1.22875000e+01,4.56250000e-02,-6.79687500e-02
3.13479500e-06,1.35625000e+00,1.22875000e+01,6.56250000e-02,-5.78125000e-02
3.13511500e-06,1.32812500e+00,1.23750000e+01,8.31250000e-02,1.01562500e-02
3.13543500e-06,1.28750000e+00,1.21750000e+01,4.56250000e-02,7.81250000e-04
3.13575500e-06,1.27187500e+00,1.22875000e+01,3.56250000e-02,-5.31250000e-02
3.13607500e-06,1.27187500e+00,1.21750000e+01,4.81250000e-02,3.59375000e-02
3.13639500e-06,1.31562500e+00,1.22750000e+01,2.81250000e-02,1.31250000e-01
3.13671500e-06,1.18125000e+00,1.21250000e+01,4.56250000e-02,4.21875000e-02
3.13703500e-06,1.31875000e+00,1.23250000e+01,4.06250000e-02,7.34375000e-02
3.13735500e-06,1.45312500e+00,1.22250000e+01,5.56250000e-02,3.90625000e-02
3.13767500e-06,1.32812500e+00,1.23125000e+01,7.31250000e-02,-8.28125000e-02
3.13799500e-06,1.37812500e+00,1.22375000e+01,6.06250000e-02,-8.12500000e-02
3.13831500e-06,1.14687500e+00,1.23125000e+01,3.06250000e-02,-2.50000000e-02
3.13863500e-06,1.25937500e+00,1.23375000e+01,4.81250000e-02,4.53125000e-02
3.13895500e-06,1.30312500e+00,1.22500000e+01,4.06250000e-02,6.48437500e-02
3.13927500e-06,1.42812500e+00,1.21250000e+01,2.56250000e-02,6.01562500e-02
3.13959500e-06,1.46562500e+00,1.22500000e+01,5.06250000e-02,2.03125000e-02
3.13991500e-06,1.30312500e+00,1.22125000e+01,8.31250000e-02,3.90625000e-02
3.14023500e-06,1.35625000e+00,1.22625000e+01,6.31250000e-02,-1.56250000e-02
3.14055500e-06,1.34375000e+00,1.22375000e+01,3.31250000e-02,-9.37500000e-03
3.14087500e-06,1.35312500e+00,1.24375000e+01,7.06250000e-02,6.09375000e-02
3.14119500e-06,1.38125000e+00,1.23125000e+01,3.81250000e-02,3.51562500e-02
3.14151500e-06,1.22187500e+00,1.23000000e+01,2.06250000e-02,5.46875000e-02
3.14183500e-06,1.35625000e+00,1.22750000e+01,3.56250000e-02,2.42187500e-02
3.14215500e-06,1.27187500e+00,1.23000000e+01,6.06250000e-02,2.96875000e-02
3.14247500e-06,1.31562500e+00,1.20625000e+01,7.31250000e-02,-6.17187500e-02
3.14279500e-06,1.38125000e+00,1.22875000e+01,5.81250000e-02,-8.12500000e-02
3.14311500e-06,1.35312500e+00,1.22000000e+01,5.81250000e-02,-2.34375000e-02
3.14343500e-06,1.24687500e+00,1.21750000e+01,4.56250000e-02,2.34375000e-02
3.14375500e-06,1.28750000e+00,1.22375000e+01,6.81250000e-02,8.59375000e-03
3.14407500e-06,1.31562500e+00,1.24250000e+01,4.31250000e-02,2.81250000e-02
3.14439500e-06,1.23125000e+00,1.23250000e+01,3.06250000e-02,7.18750000e-02
3.14471500e-06,1.25937500e+00,1.22125000e+01,4.81250000e-02,8.35937500e-02
3.14503500e-06,1.34062500e+00,1.21375000e+01,5.56250000e-02,1.95312500e-02
3.14535500e-06,1.42812500e+00,1.23250000e+01,8.06250000e-02,-2.42187500e-02
3.14567500e-06,1.42812500e+00,1.22250000e+01,4.31250000e-02,6.25000000e-03
3.14599500e-06,1.39375000e+00,1.20375000e+01,4.06250000e-02,6.25000000e-03
3.14631500e-06,1.30625000e+00,1.22000000e+01,5.06250000e-02,2.65625000e-02
3.14663500e-06,1.32812500e+00,1.24250000e+01,3.31250000e-02,1.21875000e-01
3.14695500e-06,1.20937500e+00,1.22750000e+01,5.56250000e-02,8.90625000e-02
3.14727500e-06,1.20937500e+00,1.22625000e+01,2.56250000e-02,-9.60937500e-02
3.14759500e-06,1.24375000e+00,1.21750000e+01,4.31250000e-02,-1.01562500e-01
3.14791500e-06,1.28437500e+00,1.23750000e+01,5.06250000e-02,-4.68750000e-03
3.14823500e-06,1.37812500e+00,1.22875000e+01,6.06250000e-02,-3.12500000e-02
3.14855500e-06,1.23125000e+00,1.22000000e+01,3.56250000e-02,7.73437500e-02
3.14887500e-06,1.36875000e+00,1.21500000e+01,7.56250000e-02,-1.01562500e-02
3.14919500e-06,1.41875000e+00,1.23375000e+01,3.56250000e-02,-4.92187500e-02
3.14951500e-06,1.41562500e+00,1.22625000e+01,2.31250000e-02,6.25000000e-03
3.14983500e-06,1.35625000e+00,1.22375000e+01,3.31250000e-02,-5.23437500e-02
3.15015500e-06,1.41875000e+00,1.22625000e+01,8.56250000e-02,-2.50000000e-02
3.15047500e-06,1.31562500e+00,1.21625000e+01,6.81250000e-02,3.75000000e-02
3.15079500e-06,1.26250000e+00,1.21250000e+01,3.81250000e-02,2.42187500e-02
3.15111500e-06,1.40625000e+00,1.22750000e+01,6.31250000e-02,-2.26562500e-02
3.15143500e-06,1.28437500e+00,1.23125000e+01,6.56250000e-02,5.85937500e-02
3.15175500e-06,1.35625000e+00,1.22750000e+01,6.31250000e-02,7.96875000e-02
3.15207500e-06,1.30312500e+00,1.21625000e+01,5.56250000e-02,3.75000000e-02
3.15239500e-06,1.22187500e+00,1.23000000e+01,3.81250000e-02,5.54687500e-02
3.15271500e-06,1.31875000e+00,1.22000000e+01,6.31250000e-02,5.46875000e-03
3.15303500e-06,1.25625000e+00,1.23250000e+01,8.56250000e-02,4.76562500e-02
3.15335500e-06,1.25625000e+00,1.23000000e+01,5.31250000e-02,7.10937500e-02
3.15367500e-06,1.28750000e+00,1.23375000e+01,3.06250000e-02,3.90625000e-02
3.15399500e-06,1.32812500e+00,1.24125000e+01,6.81250000e-02,7.81250000e-04
3.15431500e-06,1.37500000e+00,1.21000000e+01,3.56250000e-02,7.03125000e-02
3.15463500e-06,1.22187500e+00,1.22000000e+01,5.81250000e-02,5.15625000e-02
3.15495500e-06,1.23750000e+00,1.24250000e+01,3.56250000e-02,5.23437500e-02
3.15527500e-06,1.32500000e+00,1.21750000e+01,4.31250000e-02,6.40625000e-02
3.15559500e-06,1.11875000e+00,1.22250000e+01,3.81250000e-02,1.09375000e-02
3.15591500e-06,1.30625000e+00,1.22125000e+01,8.06250000e-02,4.68750000e-03
3.15623500e-06,1.44062500e+00,1.22750000e+01,5.31250000e-02,-1.71875000e-02
3.15655500e-06,1.36250000e+00,1.22500000e+01,4.56250000e-02,1.40625000e-02
3.15687500e-06,1.30625000e+00,1.22875000e+01,3.06250000e-02,2.26562500e-02
3.15719500e-06,1.33125000e+00,1.22250000e+01,5.31250000e-02,2.42187500e-02
3.15751500e-06,1.46562500e+00,1.23500000e+01,5.56250000e-02,3.51562500e-02
3.15783500e-06,1.45625000e+00,1.22625000e+01,6.31250000e-02,3.12500000e-02
3.15815500e-06,1.26250000e+00,1.22375000e+01,6.56250000e-02,4.60937500e-02
3.15847500e-06,1.36562500e+00,1.22375000e+01,6.81250000e-02,6.56250000e-02
3.15879500e-06,1.25000000e+00,1.22125000e+01,6.81250000e-02,2.26562500e-02
3.15911500e-06,1.41875000e+00,1.22250000e+01,4.06250000e-02,-8.59375000e-03
3.15943500e-06,1.36562500e+00,1.23000000e+01,5.81250000e-02,7.03125000e-03
3.15975500e-06,1.22187500e+00,1.22375000e+01,4.06250000e-02,4.68750000e-02
3.16007500e-06,1.27500000e+00,1.23000000e+01,3.06250000e-02,-3.20312500e-02
3.16039500e-06,1.36562500e+00,1.22125000e+01,5.81250000e-02,-5.70312500e-02
3.16071500e-06,1.39062500e+00,1.21625000e+01,5.06250000e-02,-4.14062500e-02
3.16103500e-06,1.33125000e+00,1.22250000e+01,5.81250000e-02,1.09375000e-02
3.16135500e-06,1.45625000e+00,1.23250000e+01,6.81250000e-02,3.59375000e-02
3.16167500e-06,1.40625000e+00,1.22625000e+01,4.81250000e-02,5.00000000e-02
3.16199500e-06,1.28750000e+00,1.23500000e+01,3.31250000e-02,6.25000000e-02
3.16231500e-06,1.44375000e+00,1.21875000e+01,6.31250000e-02,7.03125000e-03
3.16263500e-06,1.26250000e+00,1.22000000e+01,7.06250000e-02,-3.35937500e-02
3.16295500e-06,1.35625000e+00,1.22500000e+01,8.81250000e-02,-3.67187500e-02
3.16327500e-06,1.23437500e+00,1.22875000e+01,7.81250000e-02,-2.50000000e-02
3.16359500e-06,1.30625000e+00,1.23000000e+01,5.81250000e-02,-5.54687500e-02
3.16391500e-06,1.27500000e+00,1.22625000e+01,2.56250000e-02,7.73437500e-02
3.16423500e-06,1.44062500e+00,1.22250000e+01,7.06250000e-02,2.50000000e-02
3.16455500e-06,1.33125000e+00,1.22500000e+01,7.31250000e-02,1.09375000e-02
3.16487500e-06,1.36875000e+00,1.23000000e+01,5.06250000e-02,1.95312500e-02
3.16519500e-06,1.39375000e+00,1.22625000e+01,3.06250000e-02,-7.81250000e-04
3.16551500e-06,1.27500000e+00,1.22125000e+01,5.31250000e-02,1.56250000e-03
3.16583500e-06,1.40625000e+00,1.22000000e+01,5.56250000e-02,-7.57812500e-02
3.16615500e-06,1.46875000e+00,1.22500000e+01,7.06250000e-02,-3.67187500e-02
3.16647500e-06,1.44375000e+00,1.23625000e+01,7.06250000e-02,3.82812500e-02
3.16679500e-06,1.30625000e+00,1.23250000e+01,7.06250000e-02,-3.20312500e-02
3.16711500e-06,1.27187500e+00,1.21875000e+01,3.56250000e-02,3.04687500e-02
3.16743500e-06,1.19687500e+00,1.22875000e+01,2.56250000e-02,2.34375000e-02
3.16775500e-06,1.34375000e+00,1.23000000e+01,6.81250000e-02,-5.85937500e-02
3.16807500e-06,1.32500000e+00,1.23750000e+01,8.31250000e-02,-8.51562500e-02
3.16839500e-06,1.25937500e+00,1.23125000e+01,5.56250000e-02,-7.26562500e-02
3.16871500e-06,1.44375000e+00,1.23625000e+01,5.56250000e-02,-7.34375000e-02
3.16903500e-06,1.46562500e+00,1.22500000e+01,3.31250000e-02,-5.46875000e-03
3.16935500e-06,1.32812500e+00,1.21875000e+01,5.56250000e-02,-2.26562500e-02
3.16967500e-06,1.14375000e+00,1.21750000e+01,4.56250000e-02,-6.71875000e-02
3.16999500e-06,1.36875000e+00,1.22625000e+01,3.06250000e-02,-3.98437500e-02
3.17031500e-06,1.40312500e+00,1.22375000e+01,3.06250000e-02,-4.68750000e-02
3.17063500e-06,1.34062500e+00,1.21250000e+01,6.81250000e-02,-7.18750000e-02
3.17095500e-06,1.28750000e+00,1.23000000e+01,4.56250000e-02,-8.35937500e-02
3.17127500e-06,1.33125000e+00,1.21875000e+01,6.06250000e-02,-9.37500000e-02
3.17159500e-06,1.45625000e+00,1.22000000e+01,5.56250000e-02,4.53125000e-02
3.17191500e-06,1.35625000e+00,1.23875000e+01,8.06250000e-02,6.48437500e-02
3.17223500e-06,1.28750000e+00,1.23875000e+01,5.56250000e-02,3.51562500e-02
3.17255500e-06,1.36562500e+00,1.21375000e+01,5.31250000e-02,7.81250000e-04
3.17287500e-06,1.20937500e+00,1.23750000e+01,3.56250000e-02,7.03125000e-03
3.17319500e-06,1.31875000e+00,1.23375000e+01,4.81250000e-02,-2.89062500e-02
3.17351500e-06,1.31562500e+00,1.22500000e+01,4.06250000e-02,0.00000000e+00
3.17383500e-06,1.41562500e+00,1.22125000e+01,4.81250000e-02,7.03125000e-02
3.17415500e-06,1.37812500e+00,1.21875000e+01,5.81250000e-02,5.07812500e-02
3.17447500e-06,1.34375000e+00,1.20875000e+01,6.31250000e-02,2.26562500e-02
3.17479500e-06,1.41875000e+00,1.21875000e+01,2.06250000e-02,4.60937500e-02
3.17511500e-06,1.41562500e+00,1.22250000e+01,3.56250000e-02,8.20312500e-02
3.17543500e-06,1.25937500e+00,1.21750000e+01,7.81250000e-02,2.42187500e-02
3.17575500e-06,1.28750000e+00,1.22750000e+01,6.06250000e-02,-1.71875000e-02
3.17607500e-06,1.43125000e+00,1.22875000e+01,5.31250000e-02,-3.43750000e-02
3.17639500e-06,1.35312500e+00,1.22875000e+01,6.31250000e-02,2.18750000e-02
3.17671500e-06,1.35625000e+00,1.22500000e+01,3.56250000e-02,4.68750000e-02
3.17703500e-06,1.30312500e+00,1.22000000e+01,6.81250000e-02,3.43750000e-02
3.17735500e-06,1.31875000e+00,1.23000000e+01,5.56250000e-02,-1.79687500e-02
3.17767500e-06,1.38125000e+00,1.22750000e+01,4.06250000e-02,-1.95312500e-02
3.17799500e-06,1.31562500e+00,1.22500000e+01,6.31250000e-02,-8.59375000e-03
3.17831500e-06,1.43125000e+00,1.21750000e+01,2.06250000e-02,-8.04687500e-02
3.17863500e-06,1.33125000e+00,1.22875000e+01,6.56250000e-02,-7.34375000e-02
3.17895500e-06,1.38125000e+00,1.22625000e+01,6.31250000e-02,-6.09375000e-02
3.17927500e-06,1.36562500e+00,1.23500000e+01,6.56250000e-02,-2.18750000e-02
3.17959500e-06,1.33125000e+00,1.21500000e+01,6.06250000e-02,3.59375000e-02
3.17991500e-06,1.45625000e+00,1.22250000e+01,3.81250000e-02,0.00000000e+00
3.18023500e-06,1.31562500e+00,1.23500000e+01,6.56250000e-02,-6.48437500e-02
3.18055500e-06,1.35625000e+00,1.23250000e+01,6.56250000e-02,-5.07812500e-02
3.18087500e-06,1.34375000e+00,1.22250000e+01,5.31250000e-02,-2.10937500e-02
3.18119500e-06,1.44375000e+00,1.21500000e+01,7.06250000e-02,3.35937500e-02
3.18151500e-06,1.36562500e+00,1.23125000e+01,3.56250000e-02,-6.09375000e-02
3.18183500e-06,1.31875000e+00,1.24000000e+01,6.31250000e-02,-1.00000000e-01
3.18215500e-06,1.35625000e+00,1.22000000e+01,8.81250000e-02,-1.64062500e-02
3.18247500e-06,1.33750000e+00,1.23625000e+01,7.31250000e-02,8.43750000e-02
3.18279500e-06,1.36875000e+00,1.22375000e+01,5.31250000e-02,5.46875000e-02
3.18311500e-06,1.39375000e+00,1.21750000e+01,5.81250000e-02,-3.20312500e-02
3.18343500e-06,1.26875000e+00,1.20875000e+01,6.56250000e-02,-2.10937500e-02
3.18375500e-06,1.15937500e+00,1.22750000e+01,7.06250000e-02,-3.75000000e-02
3.18407500e-06,1.33125000e+00,1.22875000e+01,8.06250000e-02,-2.26562500e-02
3.18439500e-06,1.40000000e+00,1.21875000e+01,6.81250000e-02,-3.82812500e-02
3.18471500e-06,1.35312500e+00,1.23375000e+01,8.81250000e-02,-4.45312500e-02
3.18503500e-06,1.30312500e+00,1.22250000e+01,6.06250000e-02,4.06250000e-02
3.18535500e-06,1.20625000e+00,1.22625000e+01,6.06250000e-02,-2.34375000e-03
3.18567500e-06,1.20000000e+00,1.22250000e+01,5.06250000e-02,-1.40625000e-02
3.18599500e-06,1.44062500e+00,1.22750000e+01,4.56250000e-02,3.12500000e-03
3.18631500e-06,1.39062500e+00,1.21875000e+01,6.81250000e-02,-7.10937500e-02
3.18663500e-06,1.41875000e+00,1.21875000e+01,6.31250000e-02,-8.04687500e-02
3.18695500e-06,1.34062500e+00,1.22500000e+01,5.06250000e-02,-5.46875000e-02
3.18727500e-06,1.22500000e+00,1.22625000e+01,5.31250000e-02,-2.96875000e-02
3.18759500e-06,1.40625000e+00,1.23375000e+01,5.06250000e-02,1.25000000e-02
3.18791500e-06,1.37812500e+00,1.22500000e+01,9.06250000e-02,5.46875000e-03
3.18823500e-06,1.40625000e+00,1.22000000e+01,4.56250000e-02,2.65625000e-02
3.18855500e-06,1.40625000e+00,1.21750000e+01,5.06250000e-02,-3.35937500e-02
3.18887500e-06,1.30625000e+00,1.23625000e+01,6.56250000e-02,-9.37500000e-02
3.18919500e-06,1.30625000e+00,1.22750000e+01,7.31250000e-02,-5.93750000e-02
3.18951500e-06,1.27500000e+00,1.21500000e+01,5.56250000e-02,1.87500000e-02
3.18983500e-06,1.39375000e+00,1.23125000e+01,6.06250000e-02,5.39062500e-02
3.19015500e-06,1.28750000e+00,1.22500000e+01,2.81250000e-02,6.48437500e-02
3.19047500e-06,1.33125000e+00,1.22250000e+01,7.31250000e-02,4.84375000e-02
3.19079500e-06,1.35625000e+00,1.23500000e+01,7.81250000e-02,-6.01562500e-02
3.19111500e-06,1.38125000e+00,1.22125000e+01,5.06250000e-02,-7.10937500e-02
3.19143500e-06,1.36875000e+00,1.21625000e+01,6.31250000e-02,-5.00000000e-02
3.19175500e-06,1.40625000e+00,1.21375000e+01,5.06250000e-02,-9.53125000e-02
3.19207500e-06,1.18437500e+00,1.22875000e+01,5.06250000e-02,-5.07812500e-02
3.19239500e-06,1.41875000e+00,1.22750000e+01,8.12500000e-02,-2.57812500e-02
3.19271500e-06,1.53125000e+00,1.24250000e+01,1.06250000e-01,2.73437500e-02
3.19303500e-06,1.41562500e+00,1.22250000e+01,8.06250000e-02,-1.40625000e-02
3.19335500e-06,1.30312500e+00,1.22375000e+01,7.81250000e-02,-3.20312500e-02
3.19367500e-06,1.39375000e+00,1.21750000e+01,5.31250000e-02,-9.06250000e-02
3.19399500e-06,1.48125000e+00,1.23125000e+01,6.31250000e-02,-1.42968750e-01
3.19431500e-06,1.25937500e+00,1.22875000e+01,6.31250000e-02,-8.75000000e-02
3.19463500e-06,1.40625000e+00,1.21500000e+01,4.31250000e-02,-5.85937500e-02
3.19495500e-06,1.35312500e+00,1.22375000e+01,5.06250000e-02,-1.56250000e-03
3.19527500e-06,1.23125000e+00,1.22875000e+01,6.31250000e-02,2.65625000e-02
3.19559500e-06,1.36875000e+00,1.23125000e+01,4.56250000e-02,-2.03125000e-02
3.19591500e-06,1.54062500e+00,1.22875000e+01,5.56250000e-02,1.09375000e-02
3.19623500e-06,1.45312500e+00,1.21375000e+01,6.06250000e-02,-3.43750000e-02
3.19655500e-06,1.35312500e+00,1.21875000e+01,6.06250000e-02,-1.01562500e-01
3.19687500e-06,1.27187500e+00,1.22375000e+01,5.56250000e-02,-1.04687500e-01
3.19719500e-06,1.34062500e+00,1.22625000e+01,7.31250000e-02,-1.03125000e-01
3.19751500e-06,1.33125000e+00,1.22125000e+01,5.56250000e-02,-6.01562500e-02
3.19783500e-06,1.34062500e+00,1.23625000e+01,7.56250000e-02,3.43750000e-02
3.19815500e-06,1.32812500e+00,1.22250000e+01,7.06250000e-02,-1.79687500e-02
3.19847500e-06,1.39375000e+00,1.22750000e+01,3.56250000e-02,0.00000000e+00
3.19879500e-06,1.41250000e+00,1.22750000e+01,5.56250000e-02,-1.56250000e-02
3.19911500e-06,1.22500000e+00,1.21250000e+01,7.06250000e-02,-6.87500000e-02
3.19943500e-06,1.44375000e+00,1.22625000e+01,7.06250000e-02,-2.50000000e-02
3.19975500e-06,1.34062500e+00,1.22750000e+01,5.81250000e-02,-3.90625000e-03
3.20007500e-06,1.39375000e+00,1.23000000e+01,6.56250000e-02,1.56250000e-03
3.20039500e-06,1.39375000e+00,1.21500000e+01,7.06250000e-02,2.81250000e-02
3.20071500e-06,1.39375000e+00,1.22375000e+01,4.31250000e-02,5.54687500e-02
3.20103500e-06,1.36875000e+00,1.22875000e+01,6.06250000e-02,-3.90625000e-03
3.20135500e-06,1.27500000e+00,1.22875000e+01,7.31250000e-02,-1.36718750e-01
3.20167500e-06,1.39375000e+00,1.23375000e+01,7.56250000e-02,-1.48437500e-01
3.20199500e-06,1.36875000e+00,1.21625000e+01,4.06250000e-02,-4.92187500e-02
3.20231500e-06,1.34375000e+00,1.23250000e+01,4.31250000e-02,7.03125000e-03
3.20263500e-06,1.27187500e+00,1.22250000e+01,8.06250000e-02,-5.78125000e-02
3.20295500e-06,1.30625000e+00,1.22500000e+01,5.81250000e-02,-1.00000000e-01
3.20327500e-06,1.31562500e+00,1.22375000e+01,5.56250000e-02,-5.23437500e-02
3.20359500e-06,1.32812500e+00,1.23500000e+01,6.56250000e-02,3.59375000e-02
3.20391500e-06,1.40625000e+00,1.23875000e+01,8.56250000e-02,-7.03125000e-03
3.20423500e-06,1.28437500e+00,1.22125000e+01,6.06250000e-02,-1.21875000e-01
3.20455500e-06,1.44375000e+00,1.23375000e+01,4.56250000e-02,-8.90625000e-02
3.20487500e-06,1.39375000e+00,1.23125000e+01,5.31250000e-02,-6.87500000e-02
3.20519500e-06,1.39375000e+00,1.21375000e+01,5.56250000e-02,-1.21875000e-01
3.20551500e-06,1.35625000e+00,1.22750000e+01,6.31250000e-02,-1.71875000e-02
3.20583500e-06,1.41875000e+00,1.22875000e+01,4.56250000e-02,-5.46875000e-02
3.20615500e-06,1.33125000e+00,1.22250000e+01,4.81250000e-02,-7.96875000e-02
3.20647500e-06,1.34375000e+00,1.22375000e+01,4.31250000e-02,-6.25000000e-02
3.20679500e-06,1.44375000e+00,1.23000000e+01,5.81250000e-02,-4.92187500e-02
3.20711500e-06,1.30312500e+00,1.22250000e+01,7.56250000e-02,-2.10937500e-02
3.20743500e-06,1.35625000e+00,1.22750000e+01,4.56250000e-02,-1.64062500e-02
3.20775500e-06,1.39375000e+00,1.23000000e+01,5.06250000e-02,-6.71875000e-02
3.20807500e-06,1.28125000e+00,1.22625000e+01,6.31250000e-02,-3.12500000e-02
3.20839500e-06,1.23750000e+00,1.21500000e+01,5.81250000e-02,-4.84375000e-02
3.20871500e-06,1.44375000e+00,1.22000000e+01,6.31250000e-02,-5.15625000e-02
3.20903500e-06,1.41250000e+00,1.22625000e+01,6.56250000e-02,-5.62500000e-02
3.20935500e-06,1.26250000e+00,1.23250000e+01,6.31250000e-02,-6.95312500e-02
3.20967500e-06,1.36875000e+00,1.21750000e+01,6.06250000e-02,0.00000000e+00
3.20999500e-06,1.31562500e+00,1.21750000e+01,7.56250000e-02,2.50000000e-02
3.21031500e-06,1.33125000e+00,1.21750000e+01,7.56250000e-02,1.56250000e-03
3.21063500e-06,1.38125000e+00,1.22750000e+01,4.56250000e-02,1.17187500e-02
3.21095500e-06,1.34375000e+00,1.23500000e+01,6.81250000e-02,-3.12500000e-02
3.21127500e-06,1.38125000e+00,1.23625000e+01,9.31250000e-02,-7.81250000e-03
3.21159500e-06,1.50625000e+00,1.21625000e+01,4.56250000e-02,-7.89062500e-02
3.21191500e-06,1.41875000e+00,1.21875000e+01,5.31250000e-02,-1.33593750e-01
3.21223500e-06,1.32812500e+00,1.21750000e+01,8.06250000e-02,-4.21875000e-02
3.21255500e-06,1.36875000e+00,1.23000000e+01,8.31250000e-02,3.90625000e-03
3.21287500e-06,1.34375000e+00,1.21125000e+01,3.06250000e-02,-2.57812500e-02
3.21319500e-06,1.28750000e+00,1.23375000e+01,5.31250000e-02,-6.56250000e-02
3.21351500e-06,1.35625000e+00,1.23125000e+01,7.56250000e-02,-9.37500000e-02
3.21383500e-06,1.36875000e+00,1.23375000e+01,5.06250000e-02,-1.61718750e-01
3.21415500e-06,1.33125000e+00,1.20875000e+01,5.06250000e-02,-1.17187500e-01
3.21447500e-06,1.28750000e+00,1.21625000e+01,6.06250000e-02,-3.90625000e-03
3.21479500e-06,1.34375000e+00,1.22750000e+01,4.31250000e-02,-4.68750000e-02
3.21511500e-06,1.36875000e+00,1.23750000e+01,7.81250000e-02,-1.39062500e-01
3.21543500e-06,1.43125000e+00,1.23375000e+01,7.31250000e-02,2.34375000e-03
3.21575500e-06,1.33125000e+00,1.22125000e+01,4.56250000e-02,6.79687500e-02
3.21607500e-06,1.33125000e+00,1.22500000e+01,3.56250000e-02,2.65625000e-02
3.21639500e-06,1.41875000e+00,1.22625000e+01,3.81250000e-02,-1.71875000e-02
3.21671500e-06,1.43125000e+00,1.21625000e+01,6.06250000e-02,-4.21875000e-02
3.21703500e-06,1.25937500e+00,1.23375000e+01,7.06250000e-02,-6.64062500e-02
3.21735500e-06,1.38125000e+00,1.23500000e+01,5.31250000e-02,-2.34375000e-02
3.21767500e-06,1.34375000e+00,1.22500000e+01,6.81250000e-02,-7.03125000e-03
3.21799500e-06,1.37812500e+00,1.22625000e+01,5.56250000e-02,-1.17187500e-02
3.21831500e-06,1.36875000e+00,1.22125000e+01,5.56250000e-02,1.56250000e-02
3.21863500e-06,1.41875000e+00,1.20750000e+01,4.31250000e-02,4.68750000e-03
3.21895500e-06,1.36875000e+00,1.23125000e+01,6.56250000e-02,-1.02343750e-01
3.21927500e-06,1.36562500e+00,1.22625000e+01,5.31250000e-02,-1.29687500e-01
3.21959500e-06,1.28750000e+00,1.22250000e+01,8.31250000e-02,-1.32031250e-01
3.21991500e-06,1.41875000e+00,1.23375000e+01,4.06250000e-02,-9.92187500e-02
3.22023500e-06,1.24375000e+00,1.22500000e+01,3.31250000e-02,-1.32031250e-01
3.22055500e-06,1.28437500e+00,1.21375000e+01,5.81250000e-02,-1.01562500e-01
3.22087500e-06,1.31875000e+00,1.23250000e+01,6.06250000e-02,-1.13281250e-01
3.22119500e-06,1.45312500e+00,1.22375000e+01,5.31250000e-02,-1.04687500e-01
3.22151500e-06,1.31562500e+00,1.23125000e+01,5.81250000e-02,-1.30468750e-01
3.22183500e-06,1.36562500e+00,1.22875000e+01,7.06250000e-02,-1.73437500e-01
3.22215500e-06,1.31875000e+00,1.22500000e+01,6.56250000e-02,-8.75000000e-02
3.22247500e-06,1.35625000e+00,1.20875000e+01,4.81250000e-02,-9.45312500e-02
3.22279500e-06,1.25625000e+00,1.20875000e+01,5.06250000e-02,-9.92187500e-02
3.22311500e-06,1.28750000e+00,1.23125000e+01,7.56250000e-02,-1.15625000e-01
3.22343500e-06,1.43125000e+00,1.23125000e+01,4.56250000e-02,-9.68750000e-02
3.22375500e-06,1.42812500e+00,1.23250000e+01,5.81250000e-02,-3.43750000e-02
3.22407500e-06,1.40625000e+00,1.22875000e+01,7.31250000e-02,1.79687500e-02
3.22439500e-06,1.40625000e+00,1.21750000e+01,7.31250000e-02,-3.51562500e-02
3.22471500e-06,1.32812500e+00,1.23500000e+01,6.81250000e-02,-1.49218750e-01
3.22503500e-06,1.18437500e+00,1.22500000e+01,3.81250000e-02,-2.03906250e-01
3.22535500e-06,1.28750000e+00,1.23625000e+01,5.31250000e-02,-1.15625000e-01
3.22567500e-06,1.39062500e+00,1.22500000e+01,6.06250000e-02,-1.17187500e-01
3.22599500e-06,1.49062500e+00,1.24250000e+01,7.06250000e-02,-1.26562500e-01
3.22631500e-06,1.41562500e+00,1.22625000e+01,5.31250000e-02,-5.70312500e-02
3.22663500e-06,1.27500000e+00,1.21625000e+01,3.81250000e-02,-4.84375000e-02
3.22695500e-06,1.42812500e+00,1.22250000e+01,7.31250000e-02,-8.98437500e-02
3.22727500e-06,1.36562500e+00,1.22625000e+01,6.56250000e-02,-1.00000000e-01
3.22759500e-06,1.43125000e+00,1.22375000e+01,5.56250000e-02,-9.45312500e-02
3.22791500e-06,1.31875000e+00,1.21875000e+01,7.06250000e-02,-8.12500000e-02
3.22823500e-06,1.43125000e+00,1.22000000e+01,5.56250000e-02,-1.28125000e-01
3.22855500e-06,1.22187500e+00,1.24000000e+01,5.06250000e-02,-5.07812500e-02
3.22887500e-06,1.28750000e+00,1.22625000e+01,4.31250000e-02,-2.18750000e-02
3.22919500e-06,1.36875000e+00,1.22000000e+01,5.81250000e-02,-1.16406250e-01
3.22951500e-06,1.30312500e+00,1.21625000e+01,3.81250000e-02,-7.26562500e-02
3.22983500e-06,1.36875000e+00,1.23000000e+01,7.56250000e-02,-9.60937500e-02
3.23015500e-06,1.38125000e+00,1.21750000e+01,7.31250000e-02,-1.16406250e-01
3.23047500e-06,1.31875000e+00,1.23625000e+01,5.56250000e-02,-7.50000000e-02
3.23079500e-06,1.38125000e+00,1.22000000e+01,7.06250000e-02,-2.57812500e-02
3.23111500e-06,1.33125000e+00,1.23625000e+01,3.81250000e-02,-4.37500000e-02
3.23143500e-06,1.33125000e+00,1.21625000e+01,5.06250000e-02,-1.11718750e-01
3.23175500e-06,1.44375000e+00,1.23125000e+01,7.81250000e-02,-8.35937500e-02
3.23207500e-06,1.34062500e+00,1.22875000e+01,5.81250000e-02,-7.26562500e-02
3.23239500e-06,1.38125000e+00,1.21625000e+01,6.06250000e-02,-7.65625000e-02
3.23271500e-06,1.36875000e+00,1.21500000e+01,7.06250000e-02,-5.70312500e-02
3.23303500e-06,1.25937500e+00,1.23625000e+01,7.06250000e-02,-8.90625000e-02
3.23335500e-06,1.43125000e+00,1.22625000e+01,5.56250000e-02,-1.34375000e-01
3.23367500e-06,1.39375000e+00,1.22750000e+01,4.56250000e-02,-1.08593750e-01
3.23399500e-06,1.45625000e+00,1.21500000e+01,4.06250000e-02,-2.81250000e-02
3.23431500e-06,1.34375000e+00,1.22250000e+01,5.06250000e-02,-7.42187500e-02
3.23463500e-06,1.45625000e+00,1.22125000e+01,5.31250000e-02,-6.56250000e-02
3.23495500e-06,1.34375000e+00,1.22625000e+01,4.31250000e-02,-7.26562500e-02
3.23527500e-06,1.36875000e+00,1.24125000e+01,3.81250000e-02,-7.73437500e-02
3.23559500e-06,1.31875000e+00,1.23000000e+01,7.81250000e-02,1.79687500e-02
3.23591500e-06,1.49375000e+00,1.22750000e+01,7.06250000e-02,7.81250000e-03
3.23623500e-06,1.49375000e+00,1.23250000e+01,4.06250000e-02,-7.89062500e-02
3.23655500e-06,1.36875000e+00,1.22000000e+01,3.81250000e-02,-4.45312500e-02
3.23687500e-06,1.27500000e+00,1.23375000e+01,5.06250000e-02,2.34375000e-02
3.23719500e-06,1.27500000e+00,1.20625000e+01,5.56250000e-02,-6.01562500e-02
3.23751500e-06,1.27187500e+00,1.22875000e+01,4.81250000e-02,-5.23437500e-02
3.23783500e-06,1.28750000e+00,1.21750000e+01,6.56250000e-02,3.98437500e-02
3.23815500e-06,1.28750000e+00,1.22750000e+01,5.81250000e-02,3.59375000e-02
3.23847500e-06,1.30000000e+00,1.22000000e+01,7.56250000e-02,4.29687500e-02
3.23879500e-06,1.28750000e+00,1.22500000e+01,5.31250000e-02,7.81250000e-02
3.23911500e-06,1.45625000e+00,1.23250000e+01,5.56250000e-02,3.04687500e-02
3.23943500e-06,1.32500000e+00,1.22375000e+01,7.81250000e-02,3.12500000e-03
3.23975500e-06,1.34375000e+00,1.22250000e+01,5.81250000e-02,-6.17187500e-02
3.24007500e-06,1.45625000e+00,1.23375000e+01,8.06250000e-02,-1.10156250e-01
3.24039500e-06,1.25625000e+00,1.24000000e+01,6.06250000e-02,-1.43750000e-01
3.24071500e-06,1.27500000e+00,1.23375000e+01,8.06250000e-02,-1.87500000e-02
3.24103500e-06,1.38125000e+00,1.22000000e+01,5.56250000e-02,4.92187500e-02
3.24135500e-06,1.39062500e+00,1.23625000e+01,3.56250000e-02,-5.31250000e-02
3.24167500e-06,1.39062500e+00,1.22625000e+01,2.81250000e-02,2.26562500e-02
3.24199500e-06,1.25000000e+00,1.22375000e+01,5.31250000e-02,-2.65625000e-02
3.24231500e-06,1.40625000e+00,1.21500000e+01,7.31250000e-02,-7.42187500e-02
3.24263500e-06,1.25625000e+00,1.21625000e+01,6.31250000e-02,-2.34375000e-03
3.24295500e-06,1.31875000e+00,1.23750000e+01,6.81250000e-02,-3.90625000e-03
3.24327500e-06,1.39062500e+00,1.24125000e+01,3.56250000e-02,-5.54687500e-02
3.24359500e-06,1.30312500e+00,1.22750000e+01,5.31250000e-02,-8.28125000e-02
3.24391500e-06,1.39375000e+00,1.22250000e+01,5.56250000e-02,3.12500000e-02
3.24423500e-06,1.35312500e+00,1.21000000e+01,6.81250000e-02,6.01562500e-02
3.24455500e-06,1.40625000e+00,1.22875000e+01,6.56250000e-02,3.04687500e-02
3.24487500e-06,1.41875000e+00,1.21750000e+01,4.81250000e-02,3.35937500e-02
3.24519500e-06,1.43125000e+00,1.22375000e+01,7.56250000e-02,-6.95312500e-02
3.24551500e-06,1.28750000e+00,1.23125000e+01,4.81250000e-02,-3.43750000e-02
3.24583500e-06,1.31875000e+00,1.23375000e+01,7.31250000e-02,-7.73437500e-02
3.24615500e-06,1.30312500e+00,1.22750000e+01,8.06250000e-02,-5.31250000e-02
3.24647500e-06,1.20937500e+00,1.23000000e+01,4.81250000e-02,-3.90625000e-03
3.24679500e-06,1.36875000e+00,1.21250000e+01,5.31250000e-02,7.81250000e-04
3.24711500e-06,1.44062500e+00,1.22750000e+01,7.31250000e-02,-5.00000000e-02
3.24743500e-06,1.31562500e+00,1.21625000e+01,7.06250000e-02,-5.23437500e-02
3.24775500e-06,1.36875000e+00,1.22500000e+01,5.56250000e-02,-3.04687500e-02
3.24807500e-06,1.46875000e+00,1.22125000e+01,5.81250000e-02,-4.14062500e-02
3.24839500e-06,1.39375000e+00,1.21750000e+01,6.06250000e-02,-1.17187500e-02
3.24871500e-06,1.39062500e+00,1.22750000e+01,7.31250000e-02,-9.37500000e-03
3.24903500e-06,1.13437500e+00,1.23000000e+01,5.81250000e-02,7.03125000e-03
3.24935500e-06,1.45625000e+00,1.22875000e+01,4.06250000e-02,-7.81250000e-04
3.24967500e-06,1.34062500e+00,1.23375000e+01,6.06250000e-02,-5.70312500e-02
3.24999500e-06,1.37812500e+00,1.23625000e+01,3.56250000e-02,-1.17968750e-01
3.25031500e-06,1.31562500e+00,1.23750000e+01,6.06250000e-02,-5.62500000e-02
3.25063500e-06,1.27500000e+00,1.24500000e+01,6.06250000e-02,-1.87500000e-02
3.25095500e-06,1.35625000e+00,1.24125000e+01,5.56250000e-02,-1.03906250e-01
3.25127500e-06,1.36562500e+00,1.21625000e+01,5.81250000e-02,-1.17968750e-01
3.25159500e-06,1.33125000e+00,1.22250000e+01,6.06250000e-02,-4.68750000e-02
3.25191500e-06,1.40625000e+00,1.23375000e+01,5.56250000e-02,-3.82812500e-02
3.25223500e-06,1.39375000e+00,1.23875000e+01,7.06250000e-02,-1.50000000e-01
3.25255500e-06,1.33125000e+00,1.22000000e+01,5.56250000e-02,-1.21093750e-01
3.25287500e-06,1.41875000e+00,1.21500000e+01,5.06250000e-02,-1.17968750e-01
3.25319500e-06,1.54375000e+00,1.21500000e+01,5.81250000e-02,-9.60937500e-02
3.25351500e-06,1.31562500e+00,1.23500000e+01,7.56250000e-02,-1.24218750e-01
3.25383500e-06,1.27187500e+00,1.22500000e+01,7.06250000e-02,-1.26562500e-01
3.25415500e-06,1.34375000e+00,1.23375000e+01,7.06250000e-02,-7.96875000e-02
3.25447500e-06,1.40312500e+00,1.22250000e+01,3.56250000e-02,-2.57812500e-02
3.25479500e-06,1.53125000e+00,1.22625000e+01,3.81250000e-02,-2.96875000e-02
3.25511500e-06,1.35625000e+00,1.21125000e+01,7.06250000e-02,-3.82812500e-02
3.25543500e-06,1.39062500e+00,1.23875000e+01,6.56250000e-02,-7.73437500e-02
3.25575500e-06,1.25937500e+00,1.23125000e+01,5.81250000e-02,-4.76562500e-02
3.25607500e-06,1.34375000e+00,1.24125000e+01,6.06250000e-02,1.48437500e-02
3.25639500e-06,1.41875000e+00,1.22875000e+01,5.81250000e-02,-7.10937500e-02
3.25671500e-06,1.31562500e+00,1.23625000e+01,8.06250000e-02,-5.54687500e-02
3.25703500e-06,1.31562500e+00,1.22250000e+01,5.81250000e-02,-8.82812500e-02
3.25735500e-06,1.34375000e+00,1.21625000e+01,5.56250000e-02,-1.15625000e-01
3.25767500e-06,1.46875000e+00,1.22000000e+01,7.31250000e-02,-1.06250000e-01
3.25799500e-06,1.41562500e+00,1.21000000e+01,7.56250000e-02,-1.32812500e-01
3.25831500e-06,1.35625000e+00,1.22875000e+01,5.06250000e-02,-1.43750000e-01
3.25863500e-06,1.34375000e+00,1.24125000e+01,5.06250000e-02,-2.34375000e-03
3.25895500e-06,1.40625000e+00,1.22250000e+01,5.81250000e-02,2.50000000e-02
3.25927500e-06,1.41875000e+00,1.23500000e+01,6.31250000e-02,2.03125000e-02
3.25959500e-06,1.42812500e+00,1.21750000e+01,4.31250000e-02,-1.71875000e-02
3.25991500e-06,1.26250000e+00,1.22000000e+01,7.31250000e-02,-6.32812500e-02
3.26023500e-06,1.39375000e+00,1.22875000e+01,7.31250000e-02,-1.15625000e-01
3.26055500e-06,1.28437500e+00,1.23875000e+01,7.31250000e-02,-1.66406250e-01
3.26087500e-06,1.35625000e+00,1.22125000e+01,6.31250000e-02,-1.29687500e-01
3.26119500e-06,1.39375000e+00,1.22375000e+01,6.81250000e-02,-6.32812500e-02
3.26151500e-06,1.36562500e+00,1.22750000e+01,4.06250000e-02,-7.03125000e-03
3.26183500e-06,1.27500000e+00,1.23500000e+01,5.31250000e-02,0.00000000e+00
3.26215500e-06,1.39375000e+00,1.21250000e+01,4.81250000e-02,-6.32812500e-02
3.26247500e-06,1.30312500e+00,1.22875000e+01,7.81250000e-02,-5.70312500e-02
3.26279500e-06,1.40625000e+00,1.23000000e+01,8.81250000e-02,-7.10937500e-02
3.26311500e-06,1.48125000e+00,1.22000000e+01,6.56250000e-02,-8.04687500e-02
3.26343500e-06,1.25000000e+00,1.23000000e+01,3.81250000e-02,-6.48437500e-02
3.26375500e-06,1.40312500e+00,1.22125000e+01,3.56250000e-02,3.28125000e-02
3.26407500e-06,1.39062500e+00,1.20500000e+01,7.06250000e-02,-2.65625000e-02
3.26439500e-06,1.22500000e+00,1.22875000e+01,5.31250000e-02,-1.09375000e-01
3.26471500e-06,1.44375000e+00,1.22625000e+01,3.06250000e-02,-6.87500000e-02
3.26503500e-06,1.31562500e+00,1.22375000e+01,7.06250000e-02,1.17187500e-02
3.26535500e-06,1.27500000e+00,1.21875000e+01,4.31250000e-02,-1.79687500e-02
3.26567500e-06,1.40625000e+00,1.23000000e+01,5.56250000e-02,-8.75000000e-02
3.26599500e-06,1.34062500e+00,1.23375000e+01,4.31250000e-02,-1.28125000e-01
3.26631500e-06,1.17187500e+00,1.23000000e+01,5.81250000e-02,-5.62500000e-02
3.26663500e-06,1.18437500e+00,1.23625000e+01,6.56250000e-02,-1.95312500e-02
3.26695500e-06,1.23437500e+00,1.23250000e+01,6.56250000e-02,8.59375000e-03
3.26727500e-06,1.35000000e+00,1.20750000e+01,5.81250000e-02,-1.87500000e-02
3.26759500e-06,1.30312500e+00,1.22375000e+01,5.56250000e-02,-2.34375000e-02
3.26791500e-06,1.40625000e+00,1.23625000e+01,7.56250000e-02,-4.60937500e-02
3.26823500e-06,1.42812500e+00,1.23250000e+01,5.81250000e-02,-1.12500000e-01
3.26855500e-06,1.34375000e+00,1.21750000e+01,5.31250000e-02,-3.43750000e-02
3.26887500e-06,1.43125000e+00,1.22625000e+01,4.31250000e-02,-2.10937500e-02
3.26919500e-06,1.30625000e+00,1.22250000e+01,1.81250000e-02,-2.73437500e-02
3.26951500e-06,1.43125000e+00,1.21750000e+01,6.81250000e-02,-5.00000000e-02
3.26983500e-06,1.50625000e+00,1.22500000e+01,5.81250000e-02,-1.79687500e-02
3.27015500e-06,1.38125000e+00,1.22000000e+01,5.31250000e-02,-8.35937500e-02
3.27047500e-06,1.24375000e+00,1.21625000e+01,7.31250000e-02,-6.17187500e-02
3.27079500e-06,1.35625000e+00,1.23625000e+01,8.31250000e-02,-3.90625000e-02
3.27111500e-06,1.30312500e+00,1.23500000e+01,7.06250000e-02,-5.00000000e-02
3.27143500e-06,1.30312500e+00,1.24500000e+01,2.56250000e-02,1.09375000e-02
3.27175500e-06,1.39375000e+00,1.23750000e+01,5.06250000e-02,1.95312500e-02
3.27207500e-06,1.37812500e+00,1.21875000e+01,6.56250000e-02,-2.65625000e-02
3.27239500e-06,1.33125000e+00,1.21875000e+01,6.81250000e-02,-2.03125000e-02
3.27271500e-06,1.33125000e+00,1.22375000e+01,4.81250000e-02,-3.90625000e-03
3.27303500e-06,1.36875000e+00,1.22750000e+01,3.81250000e-02,1.01562500e-02
3.27335500e-06,1.35625000e+00,1.21875000e+01,4.81250000e-02,-9.60937500e-02
3.27367500e-06,1.23437500e+00,1.22250000e+01,5.56250000e-02,-1.71093750e-01
3.27399500e-06,1.33125000e+00,1.21500000e+01,6.56250000e-02,-1.22656250e-01
3.27431500e-06,1.34062500e+00,1.22000000e+01,6.56250000e-02,-8.04687500e-02
3.27463500e-06,1.19375000e+00,1.22625000e+01,3.31250000e-02,-7.42187500e-02
3.27495500e-06,1.30625000e+00,1.22125000e+01,5.56250000e-02,-1.05468750e-01
3.27527500e-06,1.41562500e+00,1.21500000e+01,6.81250000e-02,-7.10937500e-02
3.27559500e-06,1.32812500e+00,1.23000000e+01,5.31250000e-02,3.35937500e-02
3.27591500e-06,1.46875000e+00,1.24000000e+01,7.56250000e-02,1.09375000e-02
3.27623500e-06,1.41875000e+00,1.23375000e+01,5.31250000e-02,-2.10937500e-02
3.27655500e-06,1.32812500e+00,1.22625000e+01,4.81250000e-02,8.59375000e-03
3.27687500e-06,1.26250000e+00,1.21875000e+01,5.31250000e-02,2.34375000e-03
3.27719500e-06,1.40625000e+00,1.22875000e+01,6.31250000e-02,2.81250000e-02
3.27751500e-06,1.30000000e+00,1.22750000e+01,6.56250000e-02,4.92187500e-02
3.27783500e-06,1.38125000e+00,1.22750000e+01,4.81250000e-02,2.34375000e-03
3.27815500e-06,1.30312500e+00,1.21625000e+01,3.31250000e-02,-3.98437500e-02
3.27847500e-06,1.39062500e+00,1.23375000e+01,5.31250000e-02,-7.10937500e-02
3.27879500e-06,1.25937500e+00,1.22875000e+01,4.81250000e-02,-6.71875000e-02
3.27911500e-06,1.36562500e+00,1.22500000e+01,5.56250000e-02,3.59375000e-02
3.27943500e-06,1.36562500e+00,1.23000000e+01,4.81250000e-02,7.81250000e-04
3.27975500e-06,1.23125000e+00,1.23875000e+01,7.06250000e-02,-1.09375000e-02
3.28007500e-06,1.39375000e+00,1.21750000e+01,5.81250000e-02,4.76562500e-02
3.28039500e-06,1.41562500e+00,1.21375000e+01,6.56250000e-02,3.90625000e-03
3.28071500e-06,1.37500000e+00,1.21875000e+01,4.31250000e-02,-8.04687500e-02
3.28103500e-06,1.20937500e+00,1.22750000e+01,7.06250000e-02,-4.53125000e-02
3.28135500e-06,1.36875000e+00,1.23000000e+01,5.81250000e-02,1.79687500e-02
3.28167500e-06,1.28125000e+00,1.22625000e+01,5.06250000e-02,7.81250000e-02
3.28199500e-06,1.27187500e+00,1.23875000e+01,7.31250000e-02,4.53125000e-02
3.28231500e-06,1.35312500e+00,1.23625000e+01,1.03750000e-01,3.98437500e-02
3.28263500e-06,1.11875000e+00,1.23000000e+01,6.31250000e-02,-1.56250000e-03
3.28295500e-06,1.38125000e+00,1.20625000e+01,6.56250000e-02,-7.10937500e-02
3.28327500e-06,1.46562500e+00,1.22750000e+01,6.81250000e-02,-5.62500000e-02
3.28359500e-06,1.30312500e+00,1.21750000e+01,7.31250000e-02,9.37500000e-03
3.28391500e-06,1.31562500e+00,1.22500000e+01,6.31250000e-02,-2.34375000e-02
3.28423500e-06,1.40625000e+00,1.23375000e+01,4.31250000e-02,1.40625000e-02
3.28455500e-06,1.34062500e+00,1.24000000e+01,4.81250000e-02,6.40625000e-02
3.28487500e-06,1.23750000e+00,1.23875000e+01,5.56250000e-02,1.07812500e-01
3.28519500e-06,1.59375000e+00,1.21375000e+01,5.06250000e-02,3.12500000e-02
3.28551500e-06,1.42812500e+00,1.22000000e+01,6.06250000e-02,3.90625000e-03
3.28583500e-06,1.32812500e+00,1.22500000e+01,5.31250000e-02,-6.25000000e-03
3.28615500e-06,1.30312500e+00,1.22875000e+01,7.56250000e-02,4.84375000e-02
3.28647500e-06,1.35625000e+00,1.22250000e+01,6.56250000e-02,6.09375000e-02
3.28679500e-06,1.36562500e+00,1.21750000e+01,4.31250000e-02,7.96875000e-02
3.28711500e-06,1.25937500e+00,1.23250000e+01,6.56250000e-02,1.79687500e-02
3.28743500e-06,1.31875000e+00,1.24625000e+01,1.01250000e-01,-6.56250000e-02
3.28775500e-06,1.34062500e+00,1.22625000e+01,4.81250000e-02,-4.60937500e-02
3.28807500e-06,1.37812500e+00,1.22125000e+01,8.06250000e-02,3.35937500e-02
3.28839500e-06,1.34062500e+00,1.22875000e+01,6.31250000e-02,-3.20312500e-02
3.28871500e-06,1.23750000e+00,1.21250000e+01,6.56250000e-02,-2.89062500e-02
3.28903500e-06,1.45625000e+00,1.22125000e+01,5.31250000e-02,-5.23437500e-02
3.28935500e-06,1.49062500e+00,1.22875000e+01,4.81250000e-02,1.56250000e-03
3.28967500e-06,1.43125000e+00,1.22625000e+01,8.31250000e-02,6.17187500e-02
3.28999500e-06,1.31562500e+00,1.23750000e+01,4.81250000e-02,5.70312500e-02
3.29031500e-06,1.50625000e+00,1.23750000e+01,5.31250000e-02,1.25000000e-02
3.29063500e-06,1.39375000e+00,1.22750000e+01,6.31250000e-02,-5.46875000e-03
3.29095500e-06,1.35312500e+00,1.21375000e+01,5.81250000e-02,-8.12500000e-02
3.29127500e-06,1.35625000e+00,1.21875000e+01,8.06250000e-02,-7.57812500e-02
3.29159500e-06,1.53125000e+00,1.21500000e+01,5.06250000e-02,-3.28125000e-02
3.29191500e-06,1.28437500e+00,1.22000000e+01,8.31250000e-02,-1.79687500e-02
3.29223500e-06,1.25625000e+00,1.21750000e+01,6.56250000e-02,-4.84375000e-02
3.29255500e-06,1.30625000e+00,1.23375000e+01,3.06250000e-02,-5.46875000e-03
3.29287500e-06,1.45312500e+00,1.23125000e+01,3.81250000e-02,1.40625000e-02
3.29319500e-06,1.44062500e+00,1.22375000e+01,7.31250000e-02,-1.71875000e-02
3.29351500e-06,1.43125000e+00,1.22125000e+01,7.31250000e-02,-4.92187500e-02
3.29383500e-06,1.30625000e+00,1.22750000e+01,8.31250000e-02,-5.62500000e-02
3.29415500e-06,1.35625000e+00,1.21625000e+01,5.81250000e-02,-6.01562500e-02
3.29447500e-06,1.23437500e+00,1.21375000e+01,4.06250000e-02,2.81250000e-02
3.29479500e-06,1.34375000e+00,1.22625000e+01,5.31250000e-02,6.48437500e-02
3.29511500e-06,1.25000000e+00,1.22625000e+01,5.31250000e-02,5.39062500e-02
3.29543500e-06,1.54062500e+00,1.23500000e+01,4.56250000e-02,1.25000000e-02
3.29575500e-06,1.40625000e+00,1.22625000e+01,7.56250000e-02,-2.34375000e-02
3.29607500e-06,1.36562500e+00,1.22000000e+01,4.56250000e-02,-4.76562500e-02
3.29639500e-06,1.35312500e+00,1.21500000e+01,6.31250000e-02,-1.17187500e-01
3.29671500e-06,1.23437500e+00,1.22750000e+01,2.56250000e-02,-7.18750000e-02
3.29703500e-06,1.28750000e+00,1.22500000e+01,8.12500000e-02,6.71875000e-02
3.29735500e-06,1.47812500e+00,1.23125000e+01,9.06250000e-02,1.38281250e-01
3.29767500e-06,1.35312500e+00,1.22250000e+01,7.81250000e-02,8.04687500e-02
3.29799500e-06,1.31875000e+00,1.22500000e+01,4.06250000e-02,-4.21875000e-02
3.29831500e-06,1.41875000e+00,1.23000000e+01,3.81250000e-02,-2.81250000e-02
3.29863500e-06,1.34062500e+00,1.21875000e+01,7.56250000e-02,-2.73437500e-02
3.29895500e-06,1.34375000e+00,1.22750000e+01,5.56250000e-02,-3.04687500e-02
3.29927500e-06,1.33125000e+00,1.22750000e+01,5.56250000e-02,-5.93750000e-02
3.29959500e-06,1.32812500e+00,1.22875000e+01,6.31250000e-02,-2.65625000e-02
3.29991500e-06,1.35312500e+00,1.22875000e+01,7.56250000e-02,-9.60937500e-02
3.30023500e-06,1.20937500e+00,1.23500000e+01,3.81250000e-02,-4.06250000e-02
3.30055500e-06,1.38125000e+00,1.21750000e+01,7.31250000e-02,-6.17187500e-02
3.30087500e-06,1.31250000e+00,1.22750000e+01,8.56250000e-02,-1.08593750e-01
3.30119500e-06,1.16875000e+00,1.22250000e+01,6.81250000e-02,-9.21875000e-02
3.30151500e-06,1.34375000e+00,1.21750000e+01,5.81250000e-02,-7.10937500e-02
3.30183500e-06,1.27187500e+00,1.21750000e+01,7.81250000e-02,-5.62500000e-02
3.30215500e-06,1.30000000e+00,1.23625000e+01,8.31250000e-02,-8.98437500e-02
3.30247500e-06,1.24687500e+00,1.22750000e+01,7.06250000e-02,-1.14843750e-01
3.30279500e-06,1.13437500e+00,1.23500000e+01,4.81250000e-02,-3.04687500e-02
3.30311500e-06,1.25625000e+00,1.22000000e+01,4.31250000e-02,1.09375000e-02
3.30343500e-06,1.28437500e+00,1.22875000e+01,5.31250000e-02,-2.57812500e-02
3.30375500e-06,1.42812500e+00,1.22625000e+01,7.06250000e-02,-3.67187500e-02
3.30407500e-06,1.37812500e+00,1.22000000e+01,9.31250000e-02,-1.35156250e-01
3.30439500e-06,1.34375000e+00,1.21875000e+01,3.06250000e-02,-1.13281250e-01
3.30471500e-06,1.34062500e+00,1.22250000e+01,4.81250000e-02,-2.81250000e-02
3.30503500e-06,1.25000000e+00,1.22375000e+01,6.06250000e-02,-3.35937500e-02
3.30535500e-06,1.37812500e+00,1.22875000e+01,3.81250000e-02,3.12500000e-03
3.30567500e-06,1.28437500e+00,1.23000000e+01,6.81250000e-02,-5.00000000e-02
3.30599500e-06,1.41875000e+00,1.22875000e+01,5.31250000e-02,7.03125000e-03
3.30631500e-06,1.40312500e+00,1.21375000e+01,5.31250000e-02,-3.43750000e-02
3.30663500e-06,1.33125000e+00,1.23125000e+01,6.81250000e-02,-1.12500000e-01
3.30695500e-06,1.41875000e+00,1.22500000e+01,6.06250000e-02,-4.60937500e-02
3.30727500e-06,1.35625000e+00,1.23625000e+01,5.31250000e-02,-7.81250000e-02
3.30759500e-06,1.41562500e+00,1.22250000e+01,5.56250000e-02,-1.28906250e-01
3.30791500e-06,1.22187500e+00,1.23375000e+01,5.81250000e-02,-2.81250000e-02
3.30823500e-06,1.27187500e+00,1.22500000e+01,4.31250000e-02,1.95312500e-02
3.30855500e-06,1.25937500e+00,1.22125000e+01,6.06250000e-02,-2.10937500e-02
3.30887500e-06,1.41562500e+00,1.23500000e+01,6.06250000e-02,-5.62500000e-02
3.30919500e-06,1.39062500e+00,1.22500000e+01,5.06250000e-02,-9.45312500e-02
3.30951500e-06,1.46875000e+00,1.22000000e+01,5.56250000e-02,-6.09375000e-02
3.30983500e-06,1.31875000e+00,1.23250000e+01,5.56250000e-02,-8.12500000e-02
3.31015500e-06,1.44375000e+00,1.23375000e+01,5.81250000e-02,-8.28125000e-02
3.31047500e-06,1.35625000e+00,1.23875000e+01,5.81250000e-02,-2.50000000e-02
3.31079500e-06,1.39375000e+00,1.22625000e+01,2.81250000e-02,-3.12500000e-02
3.31111500e-06,1.40625000e+00,1.23125000e+01,5.81250000e-02,-6.79687500e-02
3.31143500e-06,1.43125000e+00,1.21875000e+01,5.81250000e-02,-1.00781250e-01
3.31175500e-06,1.30625000e+00,1.22250000e+01,6.56250000e-02,-3.98437500e-02
3.31207500e-06,1.34375000e+00,1.22875000e+01,3.56250000e-02,-1.56250000e-03
3.31239500e-06,1.35625000e+00,1.23250000e+01,5.56250000e-02,-8.90625000e-02
3.31271500e-06,1.37812500e+00,1.21500000e+01,9.06250000e-02,-1.27343750e-01
3.31303500e-06,1.25937500e+00,1.22500000e+01,2.06250000e-02,-7.10937500e-02
3.31335500e-06,1.30625000e+00,1.22625000e+01,5.81250000e-02,4.68750000e-03
3.31367500e-06,1.39062500e+00,1.21375000e+01,6.31250000e-02,-3.04687500e-02
3.31399500e-06,1.39062500e+00,1.23250000e+01,6.81250000e-02,-7.81250000e-02
3.31431500e-06,1.34375000e+00,1.23125000e+01,5.56250000e-02,-6.32812500e-02
3.31463500e-06,1.41875000e+00,1.22375000e+01,6.56250000e-02,-3.67187500e-02
3.31495500e-06,1.38125000e+00,1.22125000e+01,3.56250000e-02,-1.56250000e-03
3.31527500e-06,1.25937500e+00,1.22000000e+01,6.31250000e-02,7.81250000e-03
3.31559500e-06,1.23750000e+00,1.24000000e+01,4.31250000e-02,3.98437500e-02
3.31591500e-06,1.51875000e+00,1.22000000e+01,3.06250000e-02,-3.98437500e-02
3.31623500e-06,1.40312500e+00,1.22875000e+01,5.81250000e-02,-3.90625000e-02
3.31655500e-06,1.26875000e+00,1.22375000e+01,8.06250000e-02,2.34375000e-03
3.31687500e-06,1.17187500e+00,1.22625000e+01,6.81250000e-02,5.23437500e-02
3.31719500e-06,1.26250000e+00,1.22250000e+01,4.31250000e-02,9.37500000e-03
3.31751500e-06,1.31250000e+00,1.22000000e+01,7.81250000e-02,-4.45312500e-02
3.31783500e-06,1.30000000e+00,1.22250000e+01,5.56250000e-02,-7.57812500e-02
3.31815500e-06,1.21250000e+00,1.22375000e+01,5.81250000e-02,-1.64843750e-01
3.31847500e-06,1.54062500e+00,1.21625000e+01,3.06250000e-02,-1.58593750e-01
3.31879500e-06,1.37812500e+00,1.22625000e+01,7.81250000e-02,-8.67187500e-02
3.31911500e-06,1.31562500e+00,1.23000000e+01,8.31250000e-02,-1.00000000e-01
3.31943500e-06,1.43125000e+00,1.23125000e+01,8.56250000e-02,-1.30468750e-01
3.31975500e-06,1.27187500e+00,1.22125000e+01,4.81250000e-02,-9.68750000e-02
3.32007500e-06,1.27187500e+00,1.22375000e+01,6.31250000e-02,-5.00000000e-02
3.32039500e-06,1.31875000e+00,1.24125000e+01,4.56250000e-02,-7.26562500e-02
3.32071500e-06,1.42812500e+00,1.23250000e+01,4.56250000e-02,-8.43750000e-02
3.32103500e-06,1.40312500e+00,1.21875000e+01,3.31250000e-02,2.65625000e-02
3.32135500e-06,1.39375000e+00,1.22875000e+01,6.81250000e-02,-6.25000000e-03
3.32167500e-06,1.35312500e+00,1.21000000e+01,3.31250000e-02,-1.03906250e-01
3.32199500e-06,1.22500000e+00,1.21750000e+01,8.56250000e-02,-4.68750000e-02
3.32231500e-06,1.39375000e+00,1.23000000e+01,6.81250000e-02,6.87500000e-02
3.32263500e-06,1.28437500e+00,1.23375000e+01,5.31250000e-02,-1.25000000e-02
3.32295500e-06,1.51875000e+00,1.22750000e+01,9.06250000e-02,-7.34375000e-02
3.32327500e-06,1.43125000e+00,1.22250000e+01,6.81250000e-02,-3.43750000e-02
3.32359500e-06,1.25625000e+00,1.21500000e+01,7.06250000e-02,-2.34375000e-02
3.32391500e-06,1.25937500e+00,1.23250000e+01,5.56250000e-02,-3.98437500e-02
3.32423500e-06,1.39375000e+00,1.23625000e+01,7.31250000e-02,-6.25000000e-03
3.32455500e-06,1.60312500e+00,1.22750000e+01,6.81250000e-02,-3.82812500e-02
3.32487500e-06,1.38125000e+00,1.21875000e+01,6.31250000e-02,-9.29687500e-02
3.32519500e-06,1.23125000e+00,1.21500000e+01,5.81250000e-02,7.81250000e-04
3.32551500e-06,1.32812500e+00,1.22250000e+01,7.31250000e-02,3.28125000e-02
3.32583500e-06,1.34375000e+00,1.23250000e+01,7.31250000e-02,-3.90625000e-02
3.32615500e-06,1.28125000e+00,1.21625000e+01,6.81250000e-02,-4.76562500e-02
3.32647500e-06,1.34375000e+00,1.23875000e+01,7.06250000e-02,-4.37500000e-02
3.32679500e-06,1.36562500e+00,1.23500000e+01,7.81250000e-02,-8.67187500e-02
3.32711500e-06,1.23437500e+00,1.22375000e+01,8.31250000e-02,-1.23437500e-01
3.32743500e-06,1.38125000e+00,1.22750000e+01,4.06250000e-02,-9.45312500e-02
3.32775500e-06,1.50312500e+00,1.22500000e+01,4.81250000e-02,-9.92187500e-02
3.32807500e-06,1.34375000e+00,1.22875000e+01,7.31250000e-02,-1.21875000e-01
3.32839500e-06,1.37812500e+00,1.22875000e+01,6.31250000e-02,-6.87500000e-02
3.32871500e-06,1.41875000e+00,1.22625000e+01,9.06250000e-02,-5.39062500e-02
3.32903500e-06,1.26250000e+00,1.21750000e+01,7.81250000e-02,-7.03125000e-03
3.32935500e-06,1.45625000e+00,1.21625000e+01,7.06250000e-02,-4.21875000e-02
3.32967500e-06,1.39375000e+00,1.22500000e+01,6.81250000e-02,-5.62500000e-02
3.32999500e-06,1.44375000e+00,1.21500000e+01,4.81250000e-02,-5.85937500e-02
3.33031500e-06,1.38125000e+00,1.22375000e+01,6.31250000e-02,-2.50000000e-02
3.33063500e-06,1.30625000e+00,1.22000000e+01,8.56250000e-02,7.03125000e-03
3.33095500e-06,1.39375000e+00,1.21875000e+01,4.06250000e-02,-4.37500000e-02
3.33127500e-06,1.33125000e+00,1.23875000e+01,5.06250000e-02,-9.68750000e-02
3.33159500e-06,1.33125000e+00,1.23375000e+01,5.06250000e-02,-6.71875000e-02
3.33191500e-06,1.40625000e+00,1.22625000e+01,6.56250000e-02,-3.67187500e-02
3.33223500e-06,1.34375000e+00,1.22875000e+01,6.06250000e-02,-7.57812500e-02
3.33255500e-06,1.27187500e+00,1.22750000e+01,5.81250000e-02,-2.42187500e-02
3.33287500e-06,1.21250000e+00,1.24375000e+01,4.06250000e-02,9.37500000e-03
3.33319500e-06,1.44375000e+00,1.23750000e+01,8.06250000e-02,-6.95312500e-02
3.33351500e-06,1.37812500e+00,1.22000000e+01,2.06250000e-02,-8.59375000e-03
3.33383500e-06,1.38125000e+00,1.22250000e+01,3.06250000e-02,-6.56250000e-02
3.33415500e-06,1.30625000e+00,1.21875000e+01,5.81250000e-02,-1.03125000e-01
3.33447500e-06,1.43125000e+00,1.23375000e+01,6.31250000e-02,-4.14062500e-02
3.33479500e-06,1.46875000e+00,1.23750000e+01,6.81250000e-02,-3.12500000e-02
3.33511500e-06,1.41875000e+00,1.22875000e+01,9.56250000e-02,-5.23437500e-02
3.33543500e-06,1.20937500e+00,1.22625000e+01,8.06250000e-02,-2.10937500e-02
3.33575500e-06,1.30312500e+00,1.23125000e+01,7.31250000e-02,-5.39062500e-02
3.33607500e-06,1.19687500e+00,1.23875000e+01,4.31250000e-02,5.31250000e-02
3.33639500e-06,1.41562500e+00,1.22750000e+01,6.31250000e-02,6.71875000e-02
3.33671500e-06,1.40312500e+00,1.23500000e+01,8.31250000e-02,-5.54687500e-02
3.33703500e-06,1.30312500e+00,1.22375000e+01,7.31250000e-02,-5.62500000e-02
3.33735500e-06,1.38125000e+00,1.22750000e+01,7.56250000e-02,-8.43750000e-02
3.33767500e-06,1.32812500e+00,1.21250000e+01,7.56250000e-02,-3.43750000e-02
3.33799500e-06,1.25937500e+00,1.22500000e+01,5.06250000e-02,-9.37500000e-03
3.33831500e-06,1.34375000e+00,1.22375000e+01,7.56250000e-02,-5.46875000e-02
3.33863500e-06,1.28437500e+00,1.22750000e+01,8.56250000e-02,-1.50000000e-01
3.33895500e-06,1.44062500e+00,1.23250000e+01,7.56250000e-02,-7.50000000e-02
3.33927500e-06,1.34375000e+00,1.23500000e+01,5.06250000e-02,-2.34375000e-03
3.33959500e-06,1.35625000e+00,1.21750000e+01,7.12500000e-02,-4.29687500e-02
3.33991500e-06,1.39375000e+00,1.22375000e+01,9.31250000e-02,-8.98437500e-02
3.34023500e-06,1.40625000e+00,1.21125000e+01,6.31250000e-02,-6.25000000e-03
3.34055500e-06,1.45625000e+00,1.23125000e+01,5.06250000e-02,9.37500000e-03
3.34087500e-06,1.26250000e+00,1.23250000e+01,6.06250000e-02,-1.87500000e-02
3.34119500e-06,1.36875000e+00,1.23875000e+01,9.87500000e-02,-1.40625000e-02
3.34151500e-06,1.33125000e+00,1.24250000e+01,7.81250000e-02,2.42187500e-02
3.34183500e-06,1.35625000e+00,1.21875000e+01,1.01875000e-01,1.25000000e-02
3.34215500e-06,1.58125000e+00,1.21500000e+01,8.06250000e-02,-1.51562500e-01
3.34247500e-06,1.44375000e+00,1.23500000e+01,4.56250000e-02,-8.98437500e-02
3.34279500e-06,1.35312500e+00,1.22500000e+01,6.56250000e-02,-3.67187500e-02
3.34311500e-06,1.40312500e+00,1.22500000e+01,2.06250000e-02,-1.79687500e-02
3.34343500e-06,1.34375000e+00,1.20750000e+01,9.62500000e-02,3.59375000e-02
3.34375500e-06,1.31875000e+00,1.21500000e+01,7.06250000e-02,-1.09375000e-02
3.34407500e-06,1.35625000e+00,1.23625000e+01,4.56250000e-02,1.32812500e-02
3.34439500e-06,1.38125000e+00,1.24875000e+01,3.31250000e-02,7.34375000e-02
3.34471500e-06,1.43125000e+00,1.22500000e+01,6.56250000e-02,-1.87500000e-02
3.34503500e-06,1.48125000e+00,1.22875000e+01,6.81250000e-02,-7.42187500e-02
3.34535500e-06,1.43125000e+00,1.22125000e+01,6.31250000e-02,-5.31250000e-02
3.34567500e-06,1.36875000e+00,1.22500000e+01,8.31250000e-02,-4.92187500e-02
3.34599500e-06,1.43125000e+00,1.21500000e+01,5.31250000e-02,-5.85937500e-02
3.34631500e-06,1.34062500e+00,1.23250000e+01,6.56250000e-02,-1.56250000e-02
3.34663500e-06,1.31875000e+00,1.22250000e+01,7.06250000e-02,-1.09375000e-02
3.34695500e-06,1.38125000e+00,1.23625000e+01,9.56250000e-02,-2.73437500e-02
3.34727500e-06,1.45312500e+00,1.22500000e+01,7.31250000e-02,-5.70312500e-02
3.34759500e-06,1.30625000e+00,1.22625000e+01,8.31250000e-02,-4.68750000e-02
3.34791500e-06,1.34375000e+00,1.22625000e+01,7.56250000e-02,-7.03125000e-03
3.34823500e-06,1.28750000e+00,1.23000000e+01,8.56250000e-02,2.34375000e-03
3.34855500e-06,1.45625000e+00,1.23750000e+01,6.56250000e-02,-1.25000000e-02
3.34887500e-06,1.33125000e+00,1.24875000e+01,3.56250000e-02,4.21875000e-02
3.34919500e-06,1.41875000e+00,1.23500000e+01,6.06250000e-02,1.71875000e-02
3.34951500e-06,1.36875000e+00,1.22625000e+01,5.31250000e-02,-3.90625000e-03
3.34983500e-06,1.36875000e+00,1.22500000e+01,6.56250000e-02,-3.43750000e-02
3.35015500e-06,1.45625000e+00,1.23250000e+01,8.31250000e-02,-6.40625000e-02
3.35047500e-06,1.46875000e+00,1.22625000e+01,6.56250000e-02,-8.90625000e-02
3.35079500e-06,1.43125000e+00,1.23375000e+01,8.06250000e-02,-1.10937500e-01
3.35111500e-06,1.26875000e+00,1.21625000e+01,7.31250000e-02,-5.00000000e-02
3.35143500e-06,1.31875000e+00,1.22125000e+01,6.56250000e-02,-4.68750000e-03
3.35175500e-06,1.28437500e+00,1.22250000e+01,6.81250000e-02,-1.56250000e-03
3.35207500e-06,1.28437500e+00,1.24750000e+01,7.31250000e-02,-1.17187500e-02
3.35239500e-06,1.35312500e+00,1.22125000e+01,6.81250000e-02,-6.79687500e-02
3.35271500e-06,1.31562500e+00,1.22250000e+01,7.56250000e-02,-7.96875000e-02
3.35303500e-06,1.44375000e+00,1.22375000e+01,7.06250000e-02,-6.01562500e-02
3.35335500e-06,1.50312500e+00,1.23625000e+01,5.06250000e-02,-8.59375000e-02
3.35367500e-06,1.39375000e+00,1.21625000e+01,5.81250000e-02,-1.41406250e-01
3.35399500e-06,1.36562500e+00,1.22375000e+01,4.56250000e-02,-9.06250000e-02
3.35431500e-06,1.34375000e+00,1.22625000e+01,6.56250000e-02,-1.17187500e-02
3.35463500e-06,1.33125000e+00,1.24250000e+01,8.06250000e-02,-1.24218750e-01
3.35495500e-06,1.38125000e+00,1.22625000e+01,6.06250000e-02,-8.90625000e-02
3.35527500e-06,1.41875000e+00,1.22250000e+01,7.06250000e-02,-5.54687500e-02
3.35559500e-06,1.35625000e+00,1.21875000e+01,6.56250000e-02,-3.28125000e-02
3.35591500e-06,1.34062500e+00,1.24000000e+01,7.31250000e-02,-2.34375000e-03
3.35623500e-06,1.30625000e+00,1.22250000e+01,6.56250000e-02,2.89062500e-02
3.35655500e-06,1.46875000e+00,1.23250000e+01,4.06250000e-02,2.03125000e-02
3.35687500e-06,1.49062500e+00,1.24125000e+01,8.06250000e-02,-5.15625000e-02
3.35719500e-06,1.48125000e+00,1.23500000e+01,5.06250000e-02,-8.28125000e-02
3.35751500e-06,1.36875000e+00,1.21000000e+01,5.56250000e-02,-8.20312500e-02
3.35783500e-06,1.32812500e+00,1.23125000e+01,6.56250000e-02,-6.32812500e-02
3.35815500e-06,1.36875000e+00,1.21125000e+01,5.06250000e-02,1.32812500e-02
3.35847500e-06,1.40625000e+00,1.22125000e+01,6.31250000e-02,4.68750000e-03
3.35879500e-06,1.45625000e+00,1.22750000e+01,7.56250000e-02,-8.12500000e-02
3.35911500e-06,1.31875000e+00,1.24250000e+01,7.81250000e-02,-8.67187500e-02
3.35943500e-06,1.41562500e+00,1.23000000e+01,1.01250000e-01,1.48437500e-02
3.35975500e-06,1.45625000e+00,1.22500000e+01,5.81250000e-02,-4.21875000e-02
3.36007500e-06,1.43125000e+00,1.23000000e+01,6.31250000e-02,-1.39843750e-01
3.36039500e-06,1.41875000e+00,1.22875000e+01,4.81250000e-02,-5.07812500e-02
3.36071500e-06,1.22187500e+00,1.22125000e+01,6.31250000e-02,9.37500000e-03
3.36103500e-06,1.33125000e+00,1.23125000e+01,6.81250000e-02,-6.64062500e-02
3.36135500e-06,1.41875000e+00,1.23125000e+01,7.56250000e-02,-1.01562500e-02
3.36167500e-06,1.34062500e+00,1.23750000e+01,5.31250000e-02,2.57812500e-02
3.36199500e-06,1.39375000e+00,1.23125000e+01,4.56250000e-02,-2.89062500e-02
3.36231500e-06,1.48125000e+00,1.22875000e+01,8.81250000e-02,-5.46875000e-02
3.36263500e-06,1.48125000e+00,1.22375000e+01,6.56250000e-02,-1.26562500e-01
3.36295500e-06,1.39375000e+00,1.22125000e+01,6.06250000e-02,-1.07812500e-01
3.36327500e-06,1.25625000e+00,1.23250000e+01,2.81250000e-02,-1.32812500e-01
3.36359500e-06,1.25000000e+00,1.21750000e+01,5.81250000e-02,-1.52343750e-01
3.36391500e-06,1.38125000e+00,1.22250000e+01,7.56250000e-02,-7.57812500e-02
3.36423500e-06,1.40312500e+00,1.22875000e+01,7.56250000e-02,-3.90625000e-02
3.36455500e-06,1.39375000e+00,1.22375000e+01,5.31250000e-02,-4.37500000e-02
3.36487500e-06,1.33125000e+00,1.21250000e+01,7.06250000e-02,-4.53125000e-02
3.36519500e-06,1.30312500e+00,1.22125000e+01,7.87500000e-02,3.12500000e-03
3.36551500e-06,1.23750000e+00,1.23500000e+01,8.56250000e-02,4.92187500e-02
3.36583500e-06,1.43125000e+00,1.22000000e+01,3.56250000e-02,2.18750000e-02
3.36615500e-06,1.36250000e+00,1.22250000e+01,4.81250000e-02,-2.10937500e-02
3.36647500e-06,1.30312500e+00,1.23375000e+01,7.31250000e-02,-1.95312500e-02
3.36679500e-06,1.24687500e+00,1.23625000e+01,4.56250000e-02,-1.32812500e-02
3.36711500e-06,1.19375000e+00,1.22125000e+01,5.56250000e-02,-4.68750000e-02
3.36743500e-06,1.35312500e+00,1.23750000e+01,8.81250000e-02,-5.39062500e-02
3.36775500e-06,1.31562500e+00,1.23000000e+01,5.81250000e-02,3.82812500e-02
3.36807500e-06,1.31562500e+00,1.23000000e+01,6.81250000e-02,3.35937500e-02
3.36839500e-06,1.36875000e+00,1.23500000e+01,7.81250000e-02,-5.15625000e-02
3.36871500e-06,1.39062500e+00,1.22875000e+01,5.81250000e-02,-1.48437500e-02
3.36903500e-06,1.24687500e+00,1.21625000e+01,7.31250000e-02,4.92187500e-02
3.36935500e-06,1.34375000e+00,1.23500000e+01,4.06250000e-02,6.64062500e-02
3.36967500e-06,1.44062500e+00,1.20375000e+01,7.56250000e-02,1.48437500e-02
3.36999500e-06,1.21875000e+00,1.22375000e+01,5.56250000e-02,-4.68750000e-03
3.37031500e-06,1.27500000e+00,1.22500000e+01,6.81250000e-02,1.48437500e-02
3.37063500e-06,1.32812500e+00,1.23125000e+01,7.56250000e-02,-6.25000000e-03
3.37095500e-06,1.36562500e+00,1.21375000e+01,4.81250000e-02,6.25000000e-03
3.37127500e-06,1.44375000e+00,1.23375000e+01,7.06250000e-02,5.00000000e-02
3.37159500e-06,1.31250000e+00,1.23375000e+01,1.01250000e-01,1.01562500e-02
3.37191500e-06,1.33125000e+00,1.23750000e+01,5.56250000e-02,3.12500000e-03
3.37223500e-06,1.32812500e+00,1.23000000e+01,4.56250000e-02,1.79687500e-02
3.37255500e-06,1.32812500e+00,1.23625000e+01,6.56250000e-02,3.90625000e-03
3.37287500e-06,1.25937500e+00,1.23000000e+01,4.81250000e-02,-5.78125000e-02
3.37319500e-06,1.32812500e+00,1.22500000e+01,1.06250000e-01,-4.92187500e-02
3.37351500e-06,1.44375000e+00,1.23125000e+01,5.81250000e-02,-3.51562500e-02
3.37383500e-06,1.41562500e+00,1.23125000e+01,7.81250000e-02,-3.67187500e-02
3.37415500e-06,1.33125000e+00,1.23625000e+01,8.31250000e-02,-6.95312500e-02
3.37447500e-06,1.40625000e+00,1.23000000e+01,7.81250000e-02,3.43750000e-02
3.37479500e-06,1.36562500e+00,1.23000000e+01,4.31250000e-02,9.84375000e-02
3.37511500e-06,1.18437500e+00,1.22750000e+01,7.06250000e-02,-2.65625000e-02
3.37543500e-06,1.25937500e+00,1.22625000e+01,7.56250000e-02,-6.40625000e-02
3.37575500e-06,1.39062500e+00,1.23625000e+01,8.31250000e-02,1.48437500e-02
3.37607500e-06,1.47812500e+00,1.22500000e+01,6.06250000e-02,3.12500000e-03
3.37639500e-06,1.31562500e+00,1.21875000e+01,5.81250000e-02,7.03125000e-03
3.37671500e-06,1.39375000e+00,1.23500000e+01,5.56250000e-02,-3.90625000e-02
3.37703500e-06,1.27500000e+00,1.23500000e+01,5.06250000e-02,-6.64062500e-02
3.37735500e-06,1.43125000e+00,1.22875000e+01,5.81250000e-02,-4.14062500e-02
3.37767500e-06,1.30312500e+00,1.21125000e+01,6.56250000e-02,-3.51562500e-02
3.37799500e-06,1.35625000e+00,1.22875000e+01,8.81250000e-02,-3.59375000e-02
3.37831500e-06,1.36875000e+00,1.22875000e+01,6.81250000e-02,1.48437500e-02
3.37863500e-06,1.35312500e+00,1.21375000e+01,5.81250000e-02,-4.76562500e-02
3.37895500e-06,1.31562500e+00,1.21125000e+01,5.81250000e-02,-2.42187500e-02
3.37927500e-06,1.34375000e+00,1.21875000e+01,7.81250000e-02,-6.56250000e-02
3.37959500e-06,1.40625000e+00,1.23125000e+01,7.56250000e-02,-1.16406250e-01
3.37991500e-06,1.39062500e+00,1.22750000e+01,7.56250000e-02,-2.89062500e-02
3.38023500e-06,1.41875000e+00,1.23125000e+01,7.81250000e-02,4.37500000e-02
3.38055500e-06,1.40312500e+00,1.22750000e+01,7.56250000e-02,3.59375000e-02
3.38087500e-06,1.30625000e+00,1.21875000e+01,7.31250000e-02,-4.14062500e-02
3.38119500e-06,1.26250000e+00,1.21375000e+01,5.31250000e-02,-8.35937500e-02
3.38151500e-06,1.31250000e+00,1.22500000e+01,7.56250000e-02,1.95312500e-02
3.38183500e-06,1.24687500e+00,1.22375000e+01,6.81250000e-02,1.48437500e-02
3.38215500e-06,1.28750000e+00,1.23750000e+01,4.06250000e-02,-2.89062500e-02
3.38247500e-06,1.46562500e+00,1.22250000e+01,7.81250000e-02,-1.87500000e-02
3.38279500e-06,1.40312500e+00,1.23625000e+01,7.31250000e-02,-1.25781250e-01
3.38311500e-06,1.34062500e+00,1.22750000e+01,2.81250000e-02,-1.43750000e-01
3.38343500e-06,1.38125000e+00,1.22125000e+01,5.06250000e-02,-1.16406250e-01
3.38375500e-06,1.31875000e+00,1.23250000e+01,5.06250000e-02,-1.75000000e-01
3.38407500e-06,1.25625000e+00,1.23250000e+01,5.56250000e-02,-1.37500000e-01
3.38439500e-06,1.25937500e+00,1.23125000e+01,6.06250000e-02,-2.73437500e-02
3.38471500e-06,1.26250000e+00,1.23000000e+01,5.56250000e-02,8.59375000e-03
3.38503500e-06,1.39062500e+00,1.22125000e+01,7.56250000e-02,2.03125000e-02
3.38535500e-06,1.31250000e+00,1.23125000e+01,7.31250000e-02,-1.95312500e-02
3.38567500e-06,1.27500000e+00,1.22375000e+01,4.31250000e-02,-5.78125000e-02
3.38599500e-06,1.46875000e+00,1.22625000e+01,3.06250000e-02,-6.79687500e-02
3.38631500e-06,1.35312500e+00,1.22875000e+01,5.31250000e-02,-5.23437500e-02
3.38663500e-06,1.33125000e+00,1.22000000e+01,8.56250000e-02,1.95312500e-02
3.38695500e-06,1.45625000e+00,1.22625000e+01,7.56250000e-02,1.87500000e-02
3.38727500e-06,1.50625000e+00,1.23125000e+01,6.06250000e-02,3.04687500e-02
3.38759500e-06,1.34062500e+00,1.22250000e+01,5.31250000e-02,6.87500000e-02
3.38791500e-06,1.21875000e+00,1.23000000e+01,6.56250000e-02,2.10937500e-02
3.38823500e-06,1.22187500e+00,1.21875000e+01,5.81250000e-02,-4.37500000e-02
3.38855500e-06,1.32812500e+00,1.23500000e+01,7.81250000e-02,4.68750000e-03
3.38887500e-06,1.31562500e+00,1.24250000e+01,7.81250000e-02,2.57812500e-02
3.38919500e-06,1.37812500e+00,1.22000000e+01,5.31250000e-02,3.35937500e-02
3.38951500e-06,1.35625000e+00,1.21250000e+01,6.06250000e-02,3.59375000e-02
3.38983500e-06,1.53125000e+00,1.23375000e+01,7.31250000e-02,5.07812500e-02
3.39015500e-06,1.40625000e+00,1.22500000e+01,5.81250000e-02,-1.48437500e-02
3.39047500e-06,1.35312500e+00,1.23625000e+01,4.06250000e-02,7.10937500e-02
3.39079500e-06,1.39375000e+00,1.22750000e+01,1.06875000e-01,5.78125000e-02
3.39111500e-06,1.40625000e+00,1.22125000e+01,7.31250000e-02,-6.01562500e-02
3.39143500e-06,1.25000000e+00,1.22625000e+01,5.56250000e-02,-7.81250000e-02
3.39175500e-06,1.36875000e+00,1.23250000e+01,5.56250000e-02,-3.20312500e-02
3.39207500e-06,1.41875000e+00,1.23000000e+01,4.56250000e-02,-2.50000000e-02
3.39239500e-06,1.44375000e+00,1.22500000e+01,8.62500000e-02,1.32812500e-02
3.39271500e-06,1.31562500e+00,1.23250000e+01,9.87500000e-02,3.12500000e-02
3.39303500e-06,1.38125000e+00,1.23375000e+01,8.06250000e-02,1.01562500e-01
3.39335500e-06,1.49375000e+00,1.21875000e+01,5.56250000e-02,6.01562500e-02
3.39367500e-06,1.20625000e+00,1.22750000e+01,6.31250000e-02,1.01562500e-02
3.39399500e-06,1.32812500e+00,1.23250000e+01,6.56250000e-02,1.79687500e-02
3.39431500e-06,1.51875000e+00,1.23250000e+01,6.81250000e-02,2.34375000e-03
3.39463500e-06,1.35000000e+00,1.22625000e+01,9.31250000e-02,5.46875000e-02
3.39495500e-06,1.24375000e+00,1.23250000e+01,6.81250000e-02,2.03125000e-02
3.39527500e-06,1.30625000e+00,1.22500000e+01,5.31250000e-02,-1.56250000e-02
3.39559500e-06,1.34062500e+00,1.23125000e+01,7.06250000e-02,3.35937500e-02
3.39591500e-06,1.36562500e+00,1.22625000e+01,6.06250000e-02,3.51562500e-02
3.39623500e-06,1.28437500e+00,1.22125000e+01,4.31250000e-02,3.51562500e-02
3.39655500e-06,1.30625000e+00,1.22500000e+01,7.56250000e-02,-2.89062500e-02
3.39687500e-06,1.45625000e+00,1.23875000e+01,5.81250000e-02,-7.73437500e-02
3.39719500e-06,1.38750000e+00,1.22875000e+01,4.81250000e-02,-7.81250000e-04
3.39751500e-06,1.15937500e+00,1.23375000e+01,5.81250000e-02,7.50000000e-02
3.39783500e-06,1.35625000e+00,1.23250000e+01,4.31250000e-02,4.68750000e-02
3.39815500e-06,1.32812500e+00,1.23375000e+01,7.56250000e-02,3.28125000e-02
3.39847500e-06,1.30000000e+00,1.22000000e+01,7.06250000e-02,-8.59375000e-03
3.39879500e-06,1.26250000e+00,1.23000000e+01,5.31250000e-02,-2.26562500e-02
3.39911500e-06,1.43125000e+00,1.22500000e+01,5.06250000e-02,-3.82812500e-02
3.39943500e-06,1.31562500e+00,1.22625000e+01,5.31250000e-02,2.34375000e-02
3.39975500e-06,1.40625000e+00,1.21750000e+01,7.31250000e-02,-1.17187500e-02
