Model,MSO56B
Channel,CH2,,Channel,CH3,,Channel,CH4,,Channel,CH5
Label,,,Label,,,Label,,,Label,
Waveform Type,ANALOG,,Waveform Type,ANALOG,,Waveform Type,ANALOG,,Waveform Type,ANALOG
Horizontal Units,s,,Horizontal Units,s,,Horizontal Units,s,,Horizontal Units,s
Sample Interval,3.20000000e-10,,Sample Interval,3.20000000e-10,,Sample Interval,3.20000000e-10,,Sample Interval,3.20000000e-10
Record Length,12500,,Record Length,12500,,Record Length,12500,,Record Length,12500
Zero Index,1874.50000000,,Zero Index,1874.50000000,,Zero Index,1874.50000000,,Zero Index,1874.50000000
Vertical Units,V,,Vertical Units,V,,Vertical Units,V,,Vertical Units,A
,,,,,,,,,,
ANALOG_Thumbnail,,,ANALOG_Thumbnail,,,ANALOG_Thumbnail,,,ANALOG_Thumbnail,
yOffset,0.000000,,yOffset,0.000000,,yOffset,0.000000,,yOffset,0.000000
yPosition,-3.000000,,yPosition,-3.000000,,yPosition,-3.000000,,yPosition,-3.000000

Labels,,,,
TIME,CH2,CH3,CH4,CH5
-5.99840000e-07,1.87500000e-01,9.75000000e-01,-8.75000000e-03,-1.19531250e-01
-5.99520000e-07,2.50000000e-02,9.62500000e-01,-2.00000000e-02,-8.98437500e-02
-5.99200000e-07,1.75000000e-01,1.07500000e+00,-1.93750000e-02,-1.25000000e-01
-5.98880000e-07,2.37500000e-01,1.17500000e+00,-4.37500000e-02,-6.56250000e-02
-5.98560000e-07,1.87500000e-01,1.15000000e+00,-1.43750000e-02,-1.10937500e-01
-5.98240000e-07,1.25000000e-01,1.02500000e+00,-1.06250000e-02,-7.57812500e-02
-5.97920000e-07,1.50000000e-01,1.01250000e+00,-4.12500000e-02,-9.84375000e-02
-5.97600000e-07,1.25000000e-01,1.01250000e+00,-3.06250000e-02,-6.25000000e-02
-5.97280000e-07,1.62500000e-01,1.07500000e+00,-2.50000000e-02,-5.46875000e-02
-5.96960000e-07,1.00000000e-01,8.87500000e-01,8.75000000e-03,-9.21875000e-02
-5.96640000e-07,1.00000000e-01,1.10000000e+00,-2.50000000e-02,-1.09375000e-01
-5.96320000e-07,7.50000000e-02,1.06250000e+00,-9.37500000e-03,-8.67187500e-02
-5.96000000e-07,1.50000000e-01,1.03750000e+00,-4.12500000e-02,-1.41406250e-01
-5.95680000e-07,1.50000000e-01,1.12500000e+00,-3.31250000e-02,-7.89062500e-02
-5.95360000e-07,1.25000000e-02,1.15000000e+00,-3.12500000e-02,1.01562500e-02
-5.95040000e-07,1.00000000e-01,9.50000000e-01,-4.06250000e-02,-9.14062500e-02
-5.94720000e-07,1.37500000e-01,9.50000000e-01,-3.37500000e-02,-6.09375000e-02
-5.94400000e-07,2.00000000e-01,8.50000000e-01,-3.06250000e-02,1.87500000e-02
-5.94080000e-07,3.75000000e-02,1.17500000e+00,-2.56250000e-02,-2.81250000e-02
-5.93760000e-07,1.87500000e-01,9.50000000e-01,-4.31250000e-02,-3.98437500e-02
-5.93440000e-07,1.62500000e-01,9.87500000e-01,-4.50000000e-02,-3.43750000e-02
-5.93120000e-07,-1.25000000e-02,1.07500000e+00,1.25000000e-03,-7.10937500e-02
-5.92800000e-07,5.00000000e-02,1.16250000e+00,-1.62500000e-02,-1.95312500e-02
-5.92480000e-07,2.12500000e-01,9.62500000e-01,-3.87500000e-02,-2.18750000e-02
-5.92160000e-07,1.25000000e-02,1.16250000e+00,-5.37500000e-02,-4.37500000e-02
-5.91840000e-07,8.75000000e-02,9.75000000e-01,-1.93750000e-02,-8.67187500e-02
-5.91520000e-07,1.50000000e-01,1.01250000e+00,3.12500000e-03,-1.02343750e-01
-5.91200000e-07,6.25000000e-02,1.12500000e+00,-4.87500000e-02,-5.23437500e-02
-5.90880000e-07,1.87500000e-01,1.11250000e+00,-4.31250000e-02,1.71875000e-02
-5.90560000e-07,8.75000000e-02,9.75000000e-01,-1.50000000e-02,-7.03125000e-03
-5.90240000e-07,6.25000000e-02,1.05000000e+00,-1.87500000e-02,-6.87500000e-02
-5.89920000e-07,1.25000000e-01,1.07500000e+00,-3.56250000e-02,-2.57812500e-02
-5.89600000e-07,8.75000000e-02,1.12500000e+00,-2.00000000e-02,-1.09375000e-02
-5.89280000e-07,1.25000000e-02,9.12500000e-01,-5.87500000e-02,-1.46093750e-01
-5.88960000e-07,3.75000000e-02,1.08750000e+00,-3.75000000e-03,-8.28125000e-02
-5.88640000e-07,5.00000000e-02,1.08750000e+00,-1.75000000e-02,2.34375000e-02
-5.88320000e-07,1.25000000e-01,1.02500000e+00,-6.75000000e-02,-2.96875000e-02
-5.88000000e-07,1.00000000e-01,1.06250000e+00,-3.56250000e-02,-1.56250000e-02
-5.87680000e-07,7.50000000e-02,1.02500000e+00,-2.75000000e-02,4.45312500e-02
-5.87360000e-07,1.50000000e-01,9.50000000e-01,-8.75000000e-03,2.03125000e-02
-5.87040000e-07,1.25000000e-01,1.13750000e+00,-1.43750000e-02,-3.35937500e-02
-5.86720000e-07,1.62500000e-01,1.02500000e+00,-3.56250000e-02,-6.71875000e-02
-5.86400000e-07,8.75000000e-02,1.07500000e+00,-2.81250000e-02,2.96875000e-02
-5.86080000e-07,2.25000000e-01,9.12500000e-01,-4.56250000e-02,-2.73437500e-02
-5.85760000e-07,1.25000000e-01,1.11250000e+00,-1.93750000e-02,-1.24218750e-01
-5.85440000e-07,1.25000000e-02,1.17500000e+00,-2.00000000e-02,-8.67187500e-02
-5.85120000e-07,-1.25000000e-02,1.13750000e+00,-5.87500000e-02,1.01562500e-02
-5.84800000e-07,2.25000000e-01,1.08750000e+00,-3.56250000e-02,-7.03125000e-03
-5.84480000e-07,1.12500000e-01,1.08750000e+00,-2.75000000e-02,-7.10937500e-02
-5.84160000e-07,1.12500000e-01,1.12500000e+00,-1.68750000e-02,-5.15625000e-02
-5.83840000e-07,7.50000000e-02,1.13750000e+00,-2.81250000e-02,-1.55468750e-01
-5.83520000e-07,-2.50000000e-02,1.15000000e+00,-2.12500000e-02,-1.09375000e-01
-5.83200000e-07,1.00000000e-01,9.62500000e-01,-1.68750000e-02,3.67187500e-02
-5.82880000e-07,1.75000000e-01,1.06250000e+00,-2.25000000e-02,3.90625000e-02
-5.82560000e-07,1.75000000e-01,1.07500000e+00,-7.50000000e-02,2.10937500e-02
-5.82240000e-07,1.00000000e-01,9.25000000e-01,-3.56250000e-02,-2.34375000e-03
-5.81920000e-07,8.75000000e-02,1.13750000e+00,-3.06250000e-02,-3.75000000e-02
-5.81600000e-07,-6.25000000e-02,9.75000000e-01,-4.31250000e-02,-1.10937500e-01
-5.81280000e-07,1.50000000e-01,1.08750000e+00,-1.25000000e-03,-7.81250000e-02
-5.80960000e-07,1.37500000e-01,1.17500000e+00,-1.87500000e-03,-3.20312500e-02
-5.80640000e-07,1.25000000e-02,1.23750000e+00,-4.37500000e-02,-1.42968750e-01
-5.80320000e-07,6.25000000e-02,1.02500000e+00,6.25000000e-04,-1.38281250e-01
-5.80000000e-07,1.87500000e-01,1.00000000e+00,-2.62500000e-02,-4.68750000e-02
-5.79680000e-07,1.12500000e-01,1.05000000e+00,-2.62500000e-02,-6.64062500e-02
-5.79360000e-07,1.37500000e-01,1.07500000e+00,-4.12500000e-02,-9.37500000e-02
-5.79040000e-07,2.37500000e-01,1.02500000e+00,-2.56250000e-02,-1.17968750e-01
-5.78720000e-07,1.37500000e-01,1.17500000e+00,-1.68750000e-02,-1.46875000e-01
-5.78400000e-07,5.00000000e-02,1.06250000e+00,-5.56250000e-02,-1.26562500e-01
-5.78080000e-07,1.12500000e-01,1.02500000e+00,-1.87500000e-02,-1.12500000e-01
-5.77760000e-07,2.62500000e-01,9.50000000e-01,3.12500000e-03,-6.95312500e-02
-5.77440000e-07,1.00000000e-01,9.87500000e-01,-2.62500000e-02,-5.15625000e-02
-5.77120000e-07,7.50000000e-02,1.03750000e+00,-3.56250000e-02,-8.20312500e-02
-5.76800000e-07,2.00000000e-01,1.03750000e+00,-9.37500000e-03,-1.10156250e-01
-5.76480000e-07,1.50000000e-01,1.00000000e+00,-1.62500000e-02,-1.38281250e-01
-5.76160000e-07,5.00000000e-02,1.03750000e+00,-4.37500000e-03,-9.53125000e-02
-5.75840000e-07,1.25000000e-01,9.87500000e-01,-1.75000000e-02,3.90625000e-03
-5.75520000e-07,7.50000000e-02,1.08750000e+00,-3.87500000e-02,-1.79687500e-02
-5.75200000e-07,1.00000000e-01,1.12500000e+00,-2.50000000e-02,-7.18750000e-02
-5.74880000e-07,6.25000000e-02,1.00000000e+00,-1.87500000e-02,-1.14062500e-01
-5.74560000e-07,-2.50000000e-02,1.20000000e+00,-3.31250000e-02,-1.21093750e-01
-5.74240000e-07,2.37500000e-01,1.08750000e+00,-1.68750000e-02,-1.04687500e-01
-5.73920000e-07,2.00000000e-01,9.75000000e-01,-2.06250000e-02,-1.07031250e-01
-5.73600000e-07,2.25000000e-01,1.11250000e+00,-4.87500000e-02,-6.87500000e-02
-5.73280000e-07,-6.25000000e-02,9.12500000e-01,-5.06250000e-02,-6.48437500e-02
-5.72960000e-07,1.25000000e-01,1.13750000e+00,-4.31250000e-02,-1.49218750e-01
-5.72640000e-07,2.25000000e-01,1.02500000e+00,-5.06250000e-02,-8.82812500e-02
-5.72320000e-07,7.50000000e-02,9.62500000e-01,-4.81250000e-02,-4.60937500e-02
-5.72000000e-07,5.00000000e-02,9.00000000e-01,-4.31250000e-02,-8.59375000e-02
-5.71680000e-07,1.25000000e-02,1.10000000e+00,-4.31250000e-02,-1.32812500e-01
-5.71360000e-07,1.75000000e-01,1.10000000e+00,-3.50000000e-02,-1.00781250e-01
-5.71040000e-07,3.75000000e-02,1.23750000e+00,-4.31250000e-02,-8.04687500e-02
-5.70720000e-07,2.50000000e-02,9.75000000e-01,-6.06250000e-02,-7.10937500e-02
-5.70400000e-07,1.37500000e-01,1.05000000e+00,-3.87500000e-02,-8.28125000e-02
-5.70080000e-07,1.50000000e-01,1.08750000e+00,-4.06250000e-02,-1.21093750e-01
-5.69760000e-07,1.12500000e-01,1.06250000e+00,-3.56250000e-02,-4.37500000e-02
-5.69440000e-07,1.12500000e-01,1.02500000e+00,-5.56250000e-02,-8.82812500e-02
-5.69120000e-07,-5.00000000e-02,1.10000000e+00,-3.31250000e-02,-1.10937500e-01
-5.68800000e-07,1.75000000e-01,9.12500000e-01,-3.56250000e-02,-6.87500000e-02
-5.68480000e-07,8.75000000e-02,1.06250000e+00,-1.87500000e-02,-6.56250000e-02
-5.68160000e-07,1.50000000e-01,9.12500000e-01,-1.68750000e-02,-8.67187500e-02
-5.67840000e-07,3.37500000e-01,1.12500000e+00,-1.68750000e-02,-8.04687500e-02
-5.67520000e-07,8.75000000e-02,1.22500000e+00,-2.87500000e-02,-4.29687500e-02
-5.67200000e-07,5.00000000e-02,9.25000000e-01,-9.37500000e-03,-1.29687500e-01
-5.66880000e-07,1.75000000e-01,9.37500000e-01,-3.62500000e-02,-9.53125000e-02
-5.66560000e-07,5.00000000e-02,1.13750000e+00,-1.25000000e-02,-2.42187500e-02
-5.66240000e-07,1.87500000e-01,1.01250000e+00,-4.37500000e-02,-1.27343750e-01
-5.65920000e-07,1.87500000e-01,1.12500000e+00,-3.00000000e-02,-1.03906250e-01
-5.65600000e-07,1.75000000e-01,9.75000000e-01,-1.25000000e-03,-3.04687500e-02
-5.65280000e-07,6.25000000e-02,1.01250000e+00,-2.81250000e-02,-1.32812500e-02
-5.64960000e-07,6.25000000e-02,1.02500000e+00,-6.81250000e-02,-3.43750000e-02
-5.64640000e-07,1.37500000e-01,1.06250000e+00,-4.12500000e-02,-7.42187500e-02
-5.64320000e-07,1.37500000e-01,1.05000000e+00,-3.31250000e-02,-5.62500000e-02
-5.64000000e-07,2.50000000e-02,1.06250000e+00,-2.00000000e-02,-1.21093750e-01
-5.63680000e-07,6.25000000e-02,9.87500000e-01,-4.87500000e-02,-6.95312500e-02
-5.63360000e-07,6.25000000e-02,1.16250000e+00,-5.06250000e-02,-5.23437500e-02
-5.63040000e-07,1.75000000e-01,1.15000000e+00,-3.06250000e-02,-1.05468750e-01
-5.62720000e-07,0.00000000e+00,1.07500000e+00,-4.56250000e-02,-1.64062500e-01
-5.62400000e-07,1.75000000e-01,1.08750000e+00,-6.25000000e-03,-1.27343750e-01
-5.62080000e-07,1.12500000e-01,1.20000000e+00,-1.43750000e-02,-4.53125000e-02
-5.61760000e-07,6.25000000e-02,1.00000000e+00,-2.56250000e-02,-3.82812500e-02
-5.61440000e-07,2.00000000e-01,1.05000000e+00,-1.68750000e-02,-2.10937500e-02
-5.61120000e-07,2.75000000e-01,1.05000000e+00,-2.81250000e-02,-3.12500000e-02
-5.60800000e-07,1.00000000e-01,1.11250000e+00,-1.25000000e-02,-3.12500000e-03
-5.60480000e-07,1.25000000e-02,1.08750000e+00,-4.06250000e-02,-2.57812500e-02
-5.60160000e-07,5.00000000e-02,1.02500000e+00,1.25000000e-03,-6.95312500e-02
-5.59840000e-07,1.25000000e-01,1.02500000e+00,-1.37500000e-02,-8.28125000e-02
-5.59520000e-07,1.62500000e-01,1.01250000e+00,-2.00000000e-02,-5.46875000e-02
-5.59200000e-07,1.25000000e-01,1.03750000e+00,-3.06250000e-02,1.79687500e-02
-5.58880000e-07,1.37500000e-01,1.07500000e+00,-8.75000000e-03,-8.51562500e-02
-5.58560000e-07,7.50000000e-02,9.50000000e-01,-2.50000000e-02,-6.01562500e-02
-5.58240000e-07,1.12500000e-01,1.07500000e+00,-1.43750000e-02,-1.04687500e-01
-5.57920000e-07,8.75000000e-02,1.08750000e+00,-3.62500000e-02,-9.84375000e-02
-5.57600000e-07,1.75000000e-01,1.06250000e+00,-2.56250000e-02,-1.02343750e-01
-5.57280000e-07,6.25000000e-02,1.00000000e+00,-2.00000000e-02,-5.70312500e-02
-5.56960000e-07,6.25000000e-02,1.16250000e+00,-4.31250000e-02,-5.00000000e-02
-5.56640000e-07,1.12500000e-01,1.01250000e+00,-2.56250000e-02,-4.92187500e-02
-5.56320000e-07,-1.25000000e-02,1.22500000e+00,-4.31250000e-02,-1.18750000e-01
-5.56000000e-07,6.25000000e-02,1.10000000e+00,-2.50000000e-02,-1.07812500e-01
-5.55680000e-07,1.25000000e-02,1.17500000e+00,-3.56250000e-02,-4.84375000e-02
-5.55360000e-07,5.00000000e-02,7.75000000e-01,-3.25000000e-02,-1.03125000e-01
-5.55040000e-07,1.12500000e-01,1.03750000e+00,-1.87500000e-03,-1.26562500e-01
-5.54720000e-07,1.62500000e-01,1.20000000e+00,-2.56250000e-02,-9.92187500e-02
-5.54400000e-07,6.25000000e-02,1.03750000e+00,-1.68750000e-02,-5.78125000e-02
-5.54080000e-07,1.37500000e-01,1.11250000e+00,-2.93750000e-02,-6.71875000e-02
-5.53760000e-07,1.00000000e-01,1.07500000e+00,-3.62500000e-02,-9.06250000e-02
-5.53440000e-07,1.75000000e-01,8.75000000e-01,-2.87500000e-02,1.09375000e-02
-5.53120000e-07,1.25000000e-01,1.13750000e+00,-5.31250000e-02,-7.65625000e-02
-5.52800000e-07,1.12500000e-01,9.25000000e-01,-4.50000000e-02,-1.01562500e-01
-5.52480000e-07,8.75000000e-02,1.02500000e+00,1.62500000e-02,-3.82812500e-02
-5.52160000e-07,2.50000000e-01,1.02500000e+00,-2.18750000e-02,2.34375000e-02
-5.51840000e-07,1.62500000e-01,1.18750000e+00,-1.18750000e-02,-1.87500000e-02
-5.51520000e-07,2.37500000e-01,9.75000000e-01,-6.87500000e-03,-5.93750000e-02
-5.51200000e-07,2.37500000e-01,1.17500000e+00,-2.25000000e-02,-5.15625000e-02
-5.50880000e-07,1.37500000e-01,1.02500000e+00,-1.68750000e-02,-9.29687500e-02
-5.50560000e-07,6.25000000e-02,1.08750000e+00,-1.75000000e-02,-8.82812500e-02
-5.50240000e-07,2.12500000e-01,1.07500000e+00,-3.87500000e-02,-2.96875000e-02
-5.49920000e-07,2.00000000e-01,1.10000000e+00,-4.56250000e-02,-6.40625000e-02
-5.49600000e-07,2.37500000e-01,1.10000000e+00,-1.87500000e-02,-7.73437500e-02
-5.49280000e-07,3.75000000e-02,1.10000000e+00,-6.87500000e-03,-1.87500000e-02
-5.48960000e-07,1.37500000e-01,1.17500000e+00,-3.37500000e-02,-8.28125000e-02
-5.48640000e-07,1.37500000e-01,9.75000000e-01,-3.87500000e-02,-9.92187500e-02
-5.48320000e-07,1.87500000e-01,9.50000000e-01,-2.56250000e-02,-4.84375000e-02
-5.48000000e-07,1.62500000e-01,1.13750000e+00,-2.18750000e-02,-7.57812500e-02
-5.47680000e-07,1.25000000e-01,9.37500000e-01,-4.31250000e-02,-9.76562500e-02
-5.47360000e-07,8.75000000e-02,1.05000000e+00,-5.06250000e-02,-1.25781250e-01
-5.47040000e-07,1.87500000e-01,8.75000000e-01,-1.87500000e-02,-9.29687500e-02
-5.46720000e-07,8.75000000e-02,1.10000000e+00,-2.62500000e-02,-8.82812500e-02
-5.46400000e-07,7.50000000e-02,1.11250000e+00,-3.31250000e-02,-1.48437500e-01
-5.46080000e-07,-1.25000000e-02,1.08750000e+00,-4.37500000e-03,-1.33593750e-01
-5.45760000e-07,7.50000000e-02,9.12500000e-01,-2.12500000e-02,-1.17968750e-01
-5.45440000e-07,6.25000000e-02,1.03750000e+00,-2.87500000e-02,-1.28125000e-01
-5.45120000e-07,3.75000000e-02,1.05000000e+00,-2.62500000e-02,-6.01562500e-02
-5.44800000e-07,1.37500000e-01,1.06250000e+00,-7.75000000e-02,-1.01562500e-01
-5.44480000e-07,6.25000000e-02,1.08750000e+00,-2.56250000e-02,-1.65625000e-01
-5.44160000e-07,1.87500000e-01,1.21250000e+00,-5.06250000e-02,-1.50781250e-01
-5.43840000e-07,1.00000000e-01,1.17500000e+00,-3.50000000e-02,-1.66406250e-01
-5.43520000e-07,1.25000000e-02,1.13750000e+00,-1.43750000e-02,-1.03906250e-01
-5.43200000e-07,3.75000000e-02,1.05000000e+00,-4.81250000e-02,-1.22656250e-01
-5.42880000e-07,1.25000000e-02,1.03750000e+00,-2.18750000e-02,-1.18750000e-01
-5.42560000e-07,2.25000000e-01,1.00000000e+00,-3.37500000e-02,-1.17187500e-01
-5.42240000e-07,3.00000000e-01,9.50000000e-01,-3.31250000e-02,-6.17187500e-02
-5.41920000e-07,2.25000000e-01,1.03750000e+00,-1.87500000e-02,-3.98437500e-02
-5.41600000e-07,5.00000000e-02,1.01250000e+00,-1.43750000e-02,-2.96875000e-02
-5.41280000e-07,2.50000000e-02,1.01250000e+00,-3.37500000e-02,0.00000000e+00
-5.40960000e-07,-1.25000000e-02,1.21250000e+00,-2.18750000e-02,-8.51562500e-02
-5.40640000e-07,1.62500000e-01,1.06250000e+00,-2.93750000e-02,-1.39843750e-01
-5.40320000e-07,1.25000000e-02,9.87500000e-01,-5.37500000e-02,-9.45312500e-02
-5.40000000e-07,8.75000000e-02,9.12500000e-01,-9.37500000e-03,-5.62500000e-02
-5.39680000e-07,1.12500000e-01,1.07500000e+00,-4.06250000e-02,-9.37500000e-02
-5.39360000e-07,7.50000000e-02,9.62500000e-01,-4.37500000e-03,-5.39062500e-02
-5.39040000e-07,1.75000000e-01,1.06250000e+00,-2.56250000e-02,7.81250000e-03
-5.38720000e-07,2.00000000e-01,1.02500000e+00,-1.50000000e-02,-5.07812500e-02
-5.38400000e-07,3.75000000e-02,1.03750000e+00,-4.37500000e-02,-9.60937500e-02
-5.38080000e-07,2.12500000e-01,8.75000000e-01,-4.00000000e-02,-1.17187500e-02
-5.37760000e-07,-1.25000000e-02,1.00000000e+00,-6.25000000e-03,-9.53125000e-02
-5.37440000e-07,1.25000000e-01,9.75000000e-01,-1.12500000e-02,-1.02343750e-01
-5.37120000e-07,3.50000000e-01,9.50000000e-01,-4.62500000e-02,-6.17187500e-02
-5.36800000e-07,5.00000000e-02,9.37500000e-01,-4.31250000e-02,-1.17187500e-01
-5.36480000e-07,2.25000000e-01,1.12500000e+00,-6.87500000e-03,-1.62500000e-01
-5.36160000e-07,1.50000000e-01,1.08750000e+00,-1.93750000e-02,-6.17187500e-02
-5.35840000e-07,1.25000000e-02,1.17500000e+00,-2.25000000e-02,-6.17187500e-02
-5.35520000e-07,6.25000000e-02,9.62500000e-01,-2.87500000e-02,-7.03125000e-02
-5.35200000e-07,1.25000000e-01,1.10000000e+00,-3.56250000e-02,-7.26562500e-02
-5.34880000e-07,-6.25000000e-02,1.16250000e+00,-3.06250000e-02,-7.10937500e-02
-5.34560000e-07,7.50000000e-02,1.12500000e+00,-3.56250000e-02,-8.67187500e-02
-5.34240000e-07,1.50000000e-01,9.75000000e-01,-3.81250000e-02,-1.09375000e-01
-5.33920000e-07,2.50000000e-02,1.06250000e+00,-2.75000000e-02,-1.57031250e-01
-5.33600000e-07,1.37500000e-01,9.75000000e-01,-2.50000000e-02,-1.90625000e-01
-5.33280000e-07,7.50000000e-02,1.05000000e+00,-8.75000000e-03,-2.14843750e-01
-5.32960000e-07,1.62500000e-01,9.50000000e-01,-3.12500000e-02,-2.25781250e-01
-5.32640000e-07,3.75000000e-02,1.05000000e+00,-4.37500000e-02,-1.57031250e-01
-5.32320000e-07,-3.75000000e-02,9.50000000e-01,-4.93750000e-02,-1.28125000e-01
-5.32000000e-07,2.37500000e-01,1.07500000e+00,-8.68750000e-02,-8.20312500e-02
-5.31680000e-07,1.25000000e-01,1.10000000e+00,-3.31250000e-02,-7.03125000e-02
-5.31360000e-07,6.25000000e-02,1.08750000e+00,-2.18750000e-02,-6.40625000e-02
-5.31040000e-07,1.62500000e-01,9.12500000e-01,-2.25000000e-02,-9.92187500e-02
-5.30720000e-07,3.75000000e-02,1.07500000e+00,-3.62500000e-02,-1.24218750e-01
-5.30400000e-07,1.50000000e-01,9.87500000e-01,-3.06250000e-02,-9.37500000e-02
-5.30080000e-07,5.00000000e-02,1.00000000e+00,-3.06250000e-02,-1.84375000e-01
-5.29760000e-07,1.50000000e-01,1.03750000e+00,-3.56250000e-02,-1.17968750e-01
-5.29440000e-07,8.75000000e-02,1.13750000e+00,-1.62500000e-02,-2.18750000e-02
-5.29120000e-07,1.62500000e-01,1.15000000e+00,-1.50000000e-02,-1.39062500e-01
-5.28800000e-07,1.37500000e-01,1.12500000e+00,-5.62500000e-02,-1.19531250e-01
-5.28480000e-07,7.50000000e-02,1.11250000e+00,-5.06250000e-02,-9.68750000e-02
-5.28160000e-07,3.75000000e-02,1.07500000e+00,-3.56250000e-02,-1.52343750e-01
-5.27840000e-07,3.75000000e-02,9.50000000e-01,-3.06250000e-02,-1.74218750e-01
-5.27520000e-07,0.00000000e+00,1.00000000e+00,-3.31250000e-02,-9.53125000e-02
-5.27200000e-07,-1.25000000e-02,1.06250000e+00,-2.12500000e-02,-6.09375000e-02
-5.26880000e-07,-2.50000000e-02,1.15000000e+00,-4.37500000e-02,-1.09375000e-01
-5.26560000e-07,1.62500000e-01,1.07500000e+00,-3.81250000e-02,-1.61718750e-01
-5.26240000e-07,1.62500000e-01,1.00000000e+00,-3.12500000e-02,-1.17187500e-01
-5.25920000e-07,3.75000000e-02,1.10000000e+00,-4.81250000e-02,-1.42968750e-01
-5.25600000e-07,8.75000000e-02,1.16250000e+00,-3.31250000e-02,-1.89062500e-01
-5.25280000e-07,2.62500000e-01,8.87500000e-01,-1.12500000e-02,-9.84375000e-02
-5.24960000e-07,1.37500000e-01,1.16250000e+00,3.75000000e-03,2.81250000e-02
-5.24640000e-07,7.50000000e-02,9.37500000e-01,-2.56250000e-02,-1.25000000e-02
-5.24320000e-07,-7.50000000e-02,1.01250000e+00,-1.43750000e-02,-5.62500000e-02
-5.24000000e-07,1.25000000e-02,1.11250000e+00,-6.87500000e-03,-1.96093750e-01
-5.23680000e-07,1.25000000e-02,1.03750000e+00,-2.56250000e-02,-1.63281250e-01
-5.23360000e-07,1.12500000e-01,1.05000000e+00,-1.75000000e-02,-4.60937500e-02
-5.23040000e-07,1.50000000e-01,1.11250000e+00,-2.87500000e-02,-1.05468750e-01
-5.22720000e-07,1.12500000e-01,1.03750000e+00,-2.56250000e-02,-1.71093750e-01
-5.22400000e-07,1.12500000e-01,1.10000000e+00,-4.31250000e-02,-6.95312500e-02
-5.22080000e-07,1.62500000e-01,9.50000000e-01,-4.00000000e-02,-1.32812500e-02
-5.21760000e-07,1.12500000e-01,1.02500000e+00,-1.68750000e-02,-6.40625000e-02
-5.21440000e-07,1.87500000e-01,1.03750000e+00,-3.75000000e-02,-9.21875000e-02
-5.21120000e-07,8.75000000e-02,1.22500000e+00,6.25000000e-03,-1.12500000e-01
-5.20800000e-07,7.50000000e-02,1.01250000e+00,-3.06250000e-02,-1.39843750e-01
-5.20480000e-07,2.62500000e-01,1.06250000e+00,-3.56250000e-02,-8.59375000e-02
-5.20160000e-07,1.87500000e-01,9.37500000e-01,-1.93750000e-02,-9.37500000e-02
-5.19840000e-07,8.75000000e-02,1.00000000e+00,-1.25000000e-03,-1.47656250e-01
-5.19520000e-07,1.62500000e-01,9.50000000e-01,-2.62500000e-02,-3.59375000e-02
-5.19200000e-07,-3.75000000e-02,1.10000000e+00,-5.37500000e-02,-3.67187500e-02
-5.18880000e-07,1.25000000e-01,1.08750000e+00,-3.87500000e-02,-8.98437500e-02
-5.18560000e-07,0.00000000e+00,1.00000000e+00,-3.06250000e-02,-9.21875000e-02
-5.18240000e-07,1.12500000e-01,9.50000000e-01,-4.56250000e-02,-8.12500000e-02
-5.17920000e-07,1.25000000e-02,9.62500000e-01,-3.50000000e-02,-7.03125000e-02
-5.17600000e-07,1.00000000e-01,1.15000000e+00,-1.62500000e-02,-1.48437500e-02
-5.17280000e-07,1.00000000e-01,1.10000000e+00,-5.12500000e-02,-4.06250000e-02
-5.16960000e-07,1.12500000e-01,9.75000000e-01,-4.81250000e-02,-1.12500000e-01
-5.16640000e-07,5.00000000e-02,8.87500000e-01,8.12500000e-03,-1.35937500e-01
-5.16320000e-07,-2.50000000e-02,1.06250000e+00,-2.18750000e-02,-1.25000000e-01
-5.16000000e-07,2.00000000e-01,1.15000000e+00,-6.87500000e-03,-3.90625000e-02
-5.15680000e-07,2.25000000e-01,9.37500000e-01,-3.62500000e-02,-3.12500000e-02
-5.15360000e-07,1.12500000e-01,1.13750000e+00,-4.37500000e-02,-5.31250000e-02
-5.15040000e-07,8.75000000e-02,1.12500000e+00,-5.12500000e-02,-7.89062500e-02
-5.14720000e-07,2.00000000e-01,1.05000000e+00,3.75000000e-03,-6.79687500e-02
-5.14400000e-07,1.37500000e-01,9.25000000e-01,-4.62500000e-02,3.90625000e-03
-5.14080000e-07,3.75000000e-02,1.12500000e+00,-4.87500000e-02,-8.04687500e-02
-5.13760000e-07,1.12500000e-01,1.10000000e+00,-3.62500000e-02,-9.29687500e-02
-5.13440000e-07,3.75000000e-02,1.03750000e+00,-3.00000000e-02,-3.12500000e-02
-5.13120000e-07,1.25000000e-01,1.08750000e+00,-8.75000000e-03,-7.81250000e-02
-5.12800000e-07,3.75000000e-02,1.16250000e+00,-6.25000000e-03,-1.53125000e-01
-5.12480000e-07,2.50000000e-01,9.62500000e-01,5.62500000e-03,-1.64843750e-01
-5.12160000e-07,1.62500000e-01,1.02500000e+00,-3.37500000e-02,-1.32812500e-02
-5.11840000e-07,1.87500000e-01,9.25000000e-01,-6.12500000e-02,-4.37500000e-02
-5.11520000e-07,2.50000000e-01,1.05000000e+00,-4.12500000e-02,-2.10156250e-01
-5.11200000e-07,2.25000000e-01,9.12500000e-01,-2.12500000e-02,-2.00000000e-01
-5.10880000e-07,1.25000000e-01,1.05000000e+00,-1.75000000e-02,-1.50781250e-01
-5.10560000e-07,2.12500000e-01,1.13750000e+00,-3.37500000e-02,-9.29687500e-02
-5.10240000e-07,1.62500000e-01,1.07500000e+00,-3.00000000e-02,-1.64843750e-01
-5.09920000e-07,1.00000000e-01,9.25000000e-01,-3.56250000e-02,-1.87500000e-01
-5.09600000e-07,1.50000000e-01,1.08750000e+00,-4.31250000e-02,-1.50000000e-01
-5.09280000e-07,-6.25000000e-02,1.06250000e+00,-2.62500000e-02,-1.29687500e-01
-5.08960000e-07,1.25000000e-01,1.07500000e+00,-5.31250000e-02,-1.21093750e-01
-5.08640000e-07,1.37500000e-01,1.02500000e+00,-2.12500000e-02,-1.56250000e-01
-5.08320000e-07,0.00000000e+00,1.00000000e+00,-1.25000000e-02,-1.32031250e-01
-5.08000000e-07,1.12500000e-01,9.00000000e-01,-3.37500000e-02,-6.25000000e-02
-5.07680000e-07,1.12500000e-01,9.00000000e-01,-3.50000000e-02,-1.46093750e-01
-5.07360000e-07,8.75000000e-02,7.62500000e-01,-8.75000000e-03,-1.92187500e-01
-5.07040000e-07,7.50000000e-02,1.01250000e+00,-3.06250000e-02,-1.21875000e-01
-5.06720000e-07,7.50000000e-02,9.62500000e-01,-3.56250000e-02,-4.92187500e-02
-5.06400000e-07,8.75000000e-02,1.08750000e+00,-3.12500000e-02,-1.10937500e-01
-5.06080000e-07,1.12500000e-01,1.06250000e+00,-4.75000000e-02,-1.24218750e-01
-5.05760000e-07,3.75000000e-02,9.50000000e-01,-1.43750000e-02,-1.66406250e-01
-5.05440000e-07,1.37500000e-01,9.50000000e-01,-3.31250000e-02,-1.30468750e-01
-5.05120000e-07,1.50000000e-01,1.10000000e+00,-4.06250000e-02,-5.46875000e-02
-5.04800000e-07,1.12500000e-01,1.00000000e+00,-2.87500000e-02,-2.42187500e-02
-5.04480000e-07,8.75000000e-02,1.01250000e+00,-4.56250000e-02,-7.81250000e-02
-5.04160000e-07,6.25000000e-02,9.87500000e-01,-6.87500000e-03,-7.26562500e-02
-5.03840000e-07,1.75000000e-01,1.13750000e+00,-3.62500000e-02,-6.17187500e-02
-5.03520000e-07,8.75000000e-02,1.06250000e+00,-5.37500000e-02,-1.28125000e-01
-5.03200000e-07,7.50000000e-02,1.06250000e+00,-7.81250000e-02,-1.60156250e-01
-5.02880000e-07,8.75000000e-02,1.07500000e+00,-6.31250000e-02,-1.35937500e-01
-5.02560000e-07,1.25000000e-02,1.03750000e+00,-2.12500000e-02,-1.35937500e-01
-5.02240000e-07,1.12500000e-01,1.02500000e+00,-2.06250000e-02,-8.43750000e-02
-5.01920000e-07,2.50000000e-01,1.16250000e+00,-3.56250000e-02,-1.01562500e-01
-5.01600000e-07,1.25000000e-02,1.13750000e+00,-1.37500000e-02,-1.83593750e-01
-5.01280000e-07,2.50000000e-02,9.25000000e-01,-2.81250000e-02,-1.58593750e-01
-5.00960000e-07,2.25000000e-01,1.10000000e+00,-3.87500000e-02,-9.21875000e-02
-5.00640000e-07,8.75000000e-02,1.06250000e+00,-1.18750000e-02,-4.60937500e-02
-5.00320000e-07,5.00000000e-02,1.01250000e+00,-2.18750000e-02,-1.05468750e-01
-5.00000000e-07,0.00000000e+00,1.07500000e+00,-6.87500000e-03,-1.98437500e-01
-4.99680000e-07,2.75000000e-01,9.25000000e-01,-2.87500000e-02,-1.51562500e-01
-4.99360000e-07,2.00000000e-01,1.03750000e+00,-2.56250000e-02,-1.36718750e-01
-4.99040000e-07,1.12500000e-01,9.75000000e-01,-2.00000000e-02,-1.53125000e-01
-4.98720000e-07,1.75000000e-01,1.07500000e+00,-5.56250000e-02,-3.04687500e-02
-4.98400000e-07,8.75000000e-02,1.03750000e+00,-5.06250000e-02,-4.29687500e-02
-4.98080000e-07,8.75000000e-02,1.16250000e+00,-2.18750000e-02,-3.28125000e-02
-4.97760000e-07,3.75000000e-02,1.05000000e+00,-4.37500000e-02,-1.10156250e-01
-4.97440000e-07,1.62500000e-01,9.50000000e-01,-2.56250000e-02,-1.58593750e-01
-4.97120000e-07,5.00000000e-02,1.02500000e+00,-4.06250000e-02,-1.13281250e-01
-4.96800000e-07,5.00000000e-02,1.10000000e+00,-2.56250000e-02,-7.57812500e-02
-4.96480000e-07,5.00000000e-02,9.62500000e-01,-2.50000000e-02,-1.72656250e-01
-4.96160000e-07,1.37500000e-01,1.01250000e+00,-2.75000000e-02,-1.78125000e-01
-4.95840000e-07,6.25000000e-02,1.05000000e+00,1.25000000e-03,-1.68750000e-01
-4.95520000e-07,8.75000000e-02,1.00000000e+00,-4.37500000e-02,-9.06250000e-02
-4.95200000e-07,1.12500000e-01,1.02500000e+00,-1.93750000e-02,-4.84375000e-02
-4.94880000e-07,1.37500000e-01,1.08750000e+00,-1.31250000e-02,-9.92187500e-02
-4.94560000e-07,1.50000000e-01,8.62500000e-01,-7.25000000e-02,-7.96875000e-02
-4.94240000e-07,1.12500000e-01,9.37500000e-01,-6.25000000e-03,-7.03125000e-02
-4.93920000e-07,1.37500000e-01,9.75000000e-01,-1.75000000e-02,-6.32812500e-02
-4.93600000e-07,1.50000000e-01,9.00000000e-01,-5.37500000e-02,-7.65625000e-02
-4.93280000e-07,1.12500000e-01,1.10000000e+00,-3.00000000e-02,-1.42968750e-01
-4.92960000e-07,2.50000000e-02,1.07500000e+00,-2.18750000e-02,-1.81250000e-01
-4.92640000e-07,1.37500000e-01,1.06250000e+00,-3.25000000e-02,-1.25781250e-01
-4.92320000e-07,6.25000000e-02,9.87500000e-01,-1.87500000e-02,-1.24218750e-01
-4.92000000e-07,6.25000000e-02,9.37500000e-01,-1.62500000e-02,-9.92187500e-02
-4.91680000e-07,1.00000000e-01,1.11250000e+00,-9.37500000e-03,-3.90625000e-02
-4.91360000e-07,1.37500000e-01,9.25000000e-01,-2.62500000e-02,-1.49218750e-01
-4.91040000e-07,2.50000000e-02,9.87500000e-01,-3.37500000e-02,-1.39062500e-01
-4.90720000e-07,1.12500000e-01,1.10000000e+00,-9.37500000e-03,-1.12500000e-01
-4.90400000e-07,2.50000000e-02,1.05000000e+00,-2.25000000e-02,-7.89062500e-02
-4.90080000e-07,1.87500000e-01,9.12500000e-01,-3.87500000e-02,-2.42187500e-02
-4.89760000e-07,1.25000000e-01,9.62500000e-01,-3.56250000e-02,-1.13281250e-01
-4.89440000e-07,1.00000000e-01,9.75000000e-01,-2.56250000e-02,-2.28906250e-01
-4.89120000e-07,1.50000000e-01,1.02500000e+00,-3.25000000e-02,-1.45312500e-01
-4.88800000e-07,6.25000000e-02,9.00000000e-01,-2.56250000e-02,-6.71875000e-02
-4.88480000e-07,-3.75000000e-02,1.08750000e+00,-3.25000000e-02,-3.20312500e-02
-4.88160000e-07,7.50000000e-02,1.01250000e+00,5.62500000e-03,-2.81250000e-02
-4.87840000e-07,0.00000000e+00,9.50000000e-01,-4.06250000e-02,-4.06250000e-02
-4.87520000e-07,8.75000000e-02,1.20000000e+00,-4.37500000e-02,-4.14062500e-02
-4.87200000e-07,1.37500000e-01,1.16250000e+00,-3.37500000e-02,-4.45312500e-02
-4.86880000e-07,1.25000000e-01,9.00000000e-01,-2.50000000e-02,-9.76562500e-02
-4.86560000e-07,8.75000000e-02,1.06250000e+00,-3.31250000e-02,-9.92187500e-02
-4.86240000e-07,1.87500000e-01,1.00000000e+00,-4.00000000e-02,-7.96875000e-02
-4.85920000e-07,6.25000000e-02,1.13750000e+00,-1.87500000e-03,-1.21875000e-01
-4.85600000e-07,7.50000000e-02,1.07500000e+00,-4.56250000e-02,-1.28906250e-01
-4.85280000e-07,1.12500000e-01,1.03750000e+00,-1.18750000e-02,-6.56250000e-02
-4.84960000e-07,1.25000000e-01,9.62500000e-01,-3.18750000e-02,-9.76562500e-02
-4.84640000e-07,2.12500000e-01,1.13750000e+00,5.62500000e-03,-1.42968750e-01
-4.84320000e-07,2.50000000e-02,1.05000000e+00,-1.56250000e-02,-1.13281250e-01
-4.84000000e-07,8.75000000e-02,1.05000000e+00,-3.37500000e-02,-2.26562500e-02
-4.83680000e-07,8.75000000e-02,1.05000000e+00,-3.06250000e-02,-3.12500000e-02
-4.83360000e-07,1.00000000e-01,9.87500000e-01,-1.87500000e-02,-7.03125000e-02
-4.83040000e-07,1.62500000e-01,1.03750000e+00,-1.50000000e-02,-9.68750000e-02
-4.82720000e-07,1.62500000e-01,1.01250000e+00,-3.37500000e-02,-7.10937500e-02
-4.82400000e-07,1.87500000e-01,1.00000000e+00,-6.06250000e-02,1.48437500e-02
-4.82080000e-07,5.00000000e-02,1.17500000e+00,-1.37500000e-02,-3.12500000e-02
-4.81760000e-07,8.75000000e-02,1.01250000e+00,-1.75000000e-02,-7.65625000e-02
-4.81440000e-07,6.25000000e-02,1.07500000e+00,-4.37500000e-02,-3.35937500e-02
-4.81120000e-07,1.12500000e-01,1.02500000e+00,-2.12500000e-02,-8.51562500e-02
-4.80800000e-07,3.75000000e-02,9.87500000e-01,-5.00000000e-03,-1.11718750e-01
-4.80480000e-07,1.25000000e-02,1.06250000e+00,-3.87500000e-02,-2.65625000e-02
-4.80160000e-07,8.75000000e-02,1.15000000e+00,-1.68750000e-02,-2.57812500e-02
-4.79840000e-07,1.00000000e-01,1.07500000e+00,-2.81250000e-02,-1.34375000e-01
-4.79520000e-07,2.50000000e-02,1.15000000e+00,-1.37500000e-02,-1.07031250e-01
-4.79200000e-07,1.25000000e-01,9.00000000e-01,-1.12500000e-02,-1.18750000e-01
-4.78880000e-07,1.75000000e-01,9.37500000e-01,0.00000000e+00,-1.21093750e-01
-4.78560000e-07,-3.75000000e-02,1.03750000e+00,-6.12500000e-02,-1.31250000e-01
-4.78240000e-07,1.25000000e-02,1.03750000e+00,-1.87500000e-02,-1.72656250e-01
-4.77920000e-07,5.00000000e-02,1.02500000e+00,-9.37500000e-03,-1.60156250e-01
-4.77600000e-07,0.00000000e+00,1.12500000e+00,-3.12500000e-02,-1.06250000e-01
-4.77280000e-07,7.50000000e-02,1.06250000e+00,-3.37500000e-02,-4.37500000e-02
-4.76960000e-07,6.25000000e-02,1.13750000e+00,-5.12500000e-02,-7.57812500e-02
-4.76640000e-07,5.00000000e-02,9.75000000e-01,-1.37500000e-02,-6.87500000e-02
-4.76320000e-07,1.50000000e-01,1.00000000e+00,-3.87500000e-02,-7.34375000e-02
-4.76000000e-07,1.62500000e-01,1.02500000e+00,-5.56250000e-02,-5.07812500e-02
-4.75680000e-07,1.12500000e-01,9.62500000e-01,5.62500000e-03,-7.03125000e-03
-4.75360000e-07,1.87500000e-01,1.12500000e+00,-9.37500000e-03,-2.65625000e-02
-4.75040000e-07,1.62500000e-01,1.00000000e+00,-3.31250000e-02,-2.18750000e-02
-4.74720000e-07,1.00000000e-01,1.12500000e+00,-2.56250000e-02,-5.39062500e-02
-4.74400000e-07,8.75000000e-02,1.11250000e+00,-1.87500000e-02,-1.08593750e-01
-4.74080000e-07,1.37500000e-01,9.00000000e-01,-1.50000000e-02,-1.23437500e-01
-4.73760000e-07,6.25000000e-02,9.62500000e-01,-3.12500000e-02,-6.32812500e-02
-4.73440000e-07,-6.25000000e-02,1.01250000e+00,-3.56250000e-02,-1.57031250e-01
-4.73120000e-07,1.62500000e-01,1.16250000e+00,-9.37500000e-03,-1.53906250e-01
-4.72800000e-07,1.00000000e-01,1.06250000e+00,-8.75000000e-03,-9.21875000e-02
-4.72480000e-07,5.00000000e-02,1.06250000e+00,-1.75000000e-02,-3.51562500e-02
-4.72160000e-07,8.75000000e-02,1.05000000e+00,-2.18750000e-02,-2.65625000e-02
-4.71840000e-07,6.25000000e-02,1.03750000e+00,-2.62500000e-02,-1.16406250e-01
-4.71520000e-07,7.50000000e-02,1.12500000e+00,-4.87500000e-02,-1.10156250e-01
-4.71200000e-07,2.50000000e-02,1.10000000e+00,-3.37500000e-02,-1.21093750e-01
-4.70880000e-07,1.25000000e-02,1.00000000e+00,-5.56250000e-02,-1.07031250e-01
-4.70560000e-07,5.00000000e-02,1.00000000e+00,8.75000000e-03,-1.84375000e-01
-4.70240000e-07,6.25000000e-02,1.02500000e+00,-1.43750000e-02,-1.76562500e-01
-4.69920000e-07,1.00000000e-01,9.25000000e-01,6.25000000e-04,-6.71875000e-02
-4.69600000e-07,2.50000000e-02,9.37500000e-01,-3.87500000e-02,-1.78125000e-01
-4.69280000e-07,-2.50000000e-02,1.07500000e+00,-3.87500000e-02,-2.75000000e-01
-4.68960000e-07,1.37500000e-01,9.75000000e-01,-2.18750000e-02,-1.54687500e-01
-4.68640000e-07,6.25000000e-02,1.16250000e+00,-2.62500000e-02,-4.84375000e-02
-4.68320000e-07,1.12500000e-01,1.18750000e+00,-4.62500000e-02,-4.06250000e-02
-4.68000000e-07,-1.00000000e-01,1.22500000e+00,-3.87500000e-02,-1.13281250e-01
-4.67680000e-07,5.00000000e-02,1.06250000e+00,-2.75000000e-02,-1.36718750e-01
-4.67360000e-07,1.00000000e-01,9.62500000e-01,-2.81250000e-02,-9.76562500e-02
-4.67040000e-07,2.50000000e-02,1.00000000e+00,-1.87500000e-02,-5.78125000e-02
-4.66720000e-07,5.00000000e-02,1.06250000e+00,-1.25000000e-02,-9.29687500e-02
-4.66400000e-07,7.50000000e-02,1.11250000e+00,-1.43750000e-02,-1.11718750e-01
-4.66080000e-07,1.00000000e-01,1.16250000e+00,-9.37500000e-03,-1.07812500e-01
-4.65760000e-07,1.37500000e-01,9.62500000e-01,-2.00000000e-02,-1.30468750e-01
-4.65440000e-07,1.25000000e-01,9.87500000e-01,-4.12500000e-02,-8.67187500e-02
-4.65120000e-07,1.87500000e-01,1.01250000e+00,-4.31250000e-02,-1.12500000e-01
-4.64800000e-07,2.50000000e-02,1.03750000e+00,-4.00000000e-02,-1.41406250e-01
-4.64480000e-07,2.50000000e-02,1.15000000e+00,-1.37500000e-02,-1.50000000e-01
-4.64160000e-07,1.37500000e-01,1.12500000e+00,-3.75000000e-03,-2.36718750e-01
-4.63840000e-07,1.75000000e-01,9.75000000e-01,-1.93750000e-02,-2.31250000e-01
-4.63520000e-07,8.75000000e-02,1.12500000e+00,-2.00000000e-02,-1.53906250e-01
-4.63200000e-07,-1.25000000e-02,1.02500000e+00,-3.62500000e-02,-8.67187500e-02
-4.62880000e-07,7.50000000e-02,1.01250000e+00,-3.00000000e-02,-1.32812500e-01
-4.62560000e-07,1.00000000e-01,9.25000000e-01,-1.43750000e-02,-1.75000000e-01
-4.62240000e-07,1.25000000e-02,9.75000000e-01,-6.93750000e-02,-8.59375000e-02
-4.61920000e-07,2.12500000e-01,1.01250000e+00,-4.56250000e-02,-2.42187500e-02
-4.61600000e-07,8.75000000e-02,1.16250000e+00,-4.81250000e-02,-7.81250000e-02
-4.61280000e-07,1.00000000e-01,1.10000000e+00,-4.06250000e-02,-1.10937500e-01
-4.60960000e-07,5.00000000e-02,1.08750000e+00,-2.56250000e-02,-1.57812500e-01
-4.60640000e-07,1.12500000e-01,9.00000000e-01,-1.68750000e-02,-1.63281250e-01
-4.60320000e-07,2.00000000e-01,9.87500000e-01,-4.12500000e-02,-1.67187500e-01
-4.60000000e-07,5.00000000e-02,1.07500000e+00,-3.31250000e-02,-1.20312500e-01
-4.59680000e-07,1.00000000e-01,1.15000000e+00,-4.56250000e-02,-6.64062500e-02
-4.59360000e-07,2.37500000e-01,9.75000000e-01,-2.56250000e-02,-9.53125000e-02
-4.59040000e-07,2.12500000e-01,9.62500000e-01,-4.31250000e-02,-2.04687500e-01
-4.58720000e-07,1.87500000e-01,8.50000000e-01,-2.12500000e-02,-1.52343750e-01
-4.58400000e-07,3.75000000e-02,9.87500000e-01,-2.18750000e-02,-1.35937500e-01
-4.58080000e-07,0.00000000e+00,1.07500000e+00,-2.18750000e-02,-1.22656250e-01
-4.57760000e-07,1.25000000e-01,9.87500000e-01,-9.37500000e-03,-1.11718750e-01
-4.57440000e-07,7.50000000e-02,1.05000000e+00,-3.37500000e-02,-1.23437500e-01
-4.57120000e-07,2.50000000e-02,9.25000000e-01,-4.62500000e-02,-1.17968750e-01
-4.56800000e-07,1.00000000e-01,9.75000000e-01,-1.93750000e-02,-1.03125000e-01
-4.56480000e-07,1.87500000e-01,9.25000000e-01,-3.62500000e-02,-1.09375000e-01
-4.56160000e-07,7.50000000e-02,1.01250000e+00,-3.81250000e-02,-1.06250000e-01
-4.55840000e-07,0.00000000e+00,1.06250000e+00,-2.87500000e-02,-1.30468750e-01
-4.55520000e-07,1.12500000e-01,1.08750000e+00,-3.56250000e-02,-1.42968750e-01
-4.55200000e-07,-2.50000000e-02,1.08750000e+00,-4.12500000e-02,-4.14062500e-02
-4.54880000e-07,5.00000000e-02,9.12500000e-01,-5.56250000e-02,-1.79687500e-02
-4.54560000e-07,2.50000000e-02,8.25000000e-01,-2.50000000e-02,2.73437500e-02
-4.54240000e-07,1.25000000e-01,9.50000000e-01,-8.75000000e-03,4.84375000e-02
-4.53920000e-07,7.50000000e-02,1.17500000e+00,1.25000000e-03,-1.25000000e-01
-4.53600000e-07,1.62500000e-01,1.06250000e+00,-2.25000000e-02,-2.02343750e-01
-4.53280000e-07,2.50000000e-02,9.25000000e-01,-2.18750000e-02,-8.67187500e-02
-4.52960000e-07,-8.75000000e-02,1.01250000e+00,-2.50000000e-03,-2.89062500e-02
-4.52640000e-07,5.00000000e-02,1.12500000e+00,-3.56250000e-02,-9.21875000e-02
-4.52320000e-07,1.12500000e-01,9.50000000e-01,-1.62500000e-02,-1.28906250e-01
-4.52000000e-07,1.25000000e-01,1.07500000e+00,-2.18750000e-02,-1.28906250e-01
-4.51680000e-07,3.75000000e-02,9.87500000e-01,-5.62500000e-02,-9.21875000e-02
-4.51360000e-07,6.25000000e-02,1.01250000e+00,-1.62500000e-02,-5.23437500e-02
-4.51040000e-07,1.25000000e-01,1.10000000e+00,-1.93750000e-02,-1.03125000e-01
-4.50720000e-07,5.00000000e-02,1.07500000e+00,-1.18750000e-02,-1.39062500e-01
-4.50400000e-07,7.50000000e-02,1.07500000e+00,-1.87500000e-03,-1.06250000e-01
-4.50080000e-07,7.50000000e-02,1.02500000e+00,-1.93750000e-02,-1.25000000e-01
-4.49760000e-07,2.00000000e-01,1.02500000e+00,-2.25000000e-02,-1.40625000e-01
-4.49440000e-07,6.25000000e-02,1.10000000e+00,-3.62500000e-02,-1.13281250e-01
-4.49120000e-07,1.00000000e-01,9.50000000e-01,-4.56250000e-02,-2.17187500e-01
-4.48800000e-07,1.50000000e-01,1.00000000e+00,-2.50000000e-02,-2.39062500e-01
-4.48480000e-07,1.87500000e-01,9.62500000e-01,-1.12500000e-02,-1.38281250e-01
-4.48160000e-07,-3.75000000e-02,1.05000000e+00,-3.56250000e-02,-1.03906250e-01
-4.47840000e-07,5.00000000e-02,1.06250000e+00,-3.37500000e-02,-1.57031250e-01
-4.47520000e-07,1.50000000e-01,1.07500000e+00,-2.18750000e-02,-1.85937500e-01
-4.47200000e-07,2.00000000e-01,1.17500000e+00,-2.25000000e-02,-7.03125000e-02
-4.46880000e-07,1.50000000e-01,9.87500000e-01,-3.12500000e-02,-5.54687500e-02
-4.46560000e-07,1.75000000e-01,9.00000000e-01,-3.31250000e-02,-9.29687500e-02
-4.46240000e-07,3.75000000e-02,9.87500000e-01,-3.81250000e-02,-1.11718750e-01
-4.45920000e-07,1.62500000e-01,1.03750000e+00,-4.81250000e-02,-1.23437500e-01
-4.45600000e-07,-5.00000000e-02,1.08750000e+00,-1.93750000e-02,-8.90625000e-02
-4.45280000e-07,8.75000000e-02,9.75000000e-01,-4.12500000e-02,-1.32812500e-01
-4.44960000e-07,5.00000000e-02,9.75000000e-01,-2.50000000e-02,-9.14062500e-02
-4.44640000e-07,1.37500000e-01,1.10000000e+00,-1.62500000e-02,-7.89062500e-02
-4.44320000e-07,6.25000000e-02,1.07500000e+00,-2.75000000e-02,-1.03125000e-01
-4.44000000e-07,6.25000000e-02,9.50000000e-01,-2.25000000e-02,-1.17187500e-01
-4.43680000e-07,1.50000000e-01,1.12500000e+00,-1.75000000e-02,-1.69531250e-01
-4.43360000e-07,2.50000000e-01,1.01250000e+00,-5.87500000e-02,-6.56250000e-02
-4.43040000e-07,0.00000000e+00,1.05000000e+00,-2.75000000e-02,-6.17187500e-02
-4.42720000e-07,7.50000000e-02,1.00000000e+00,-3.75000000e-03,-1.71875000e-02
-4.42400000e-07,1.50000000e-01,1.06250000e+00,-3.00000000e-02,-7.26562500e-02
-4.42080000e-07,-5.00000000e-02,1.13750000e+00,-6.87500000e-03,-2.89062500e-02
-4.41760000e-07,-1.12500000e-01,1.11250000e+00,-3.12500000e-02,3.35937500e-02
-4.41440000e-07,1.75000000e-01,1.11250000e+00,-4.87500000e-02,-4.76562500e-02
-4.41120000e-07,2.00000000e-01,1.11250000e+00,-2.87500000e-02,-1.15625000e-01
-4.40800000e-07,3.75000000e-02,9.50000000e-01,-3.31250000e-02,-1.67187500e-01
-4.40480000e-07,-1.25000000e-01,1.07500000e+00,-3.31250000e-02,-2.06250000e-01
-4.40160000e-07,2.50000000e-02,1.05000000e+00,-4.75000000e-02,-1.39062500e-01
-4.39840000e-07,1.37500000e-01,1.00000000e+00,2.12500000e-02,-1.29687500e-01
-4.39520000e-07,-2.50000000e-02,1.05000000e+00,-1.93750000e-02,-1.06250000e-01
-4.39200000e-07,6.25000000e-02,9.62500000e-01,-3.12500000e-02,-5.78125000e-02
-4.38880000e-07,1.12500000e-01,1.01250000e+00,-3.25000000e-02,-3.43750000e-02
-4.38560000e-07,1.87500000e-01,1.15000000e+00,-3.75000000e-03,3.90625000e-03
-4.38240000e-07,1.62500000e-01,1.02500000e+00,-4.81250000e-02,1.01562500e-02
-4.37920000e-07,0.00000000e+00,1.00000000e+00,-2.87500000e-02,-3.59375000e-02
-4.37600000e-07,1.50000000e-01,1.17500000e+00,-3.87500000e-02,-9.29687500e-02
-4.37280000e-07,1.37500000e-01,9.87500000e-01,-3.00000000e-02,-8.20312500e-02
-4.36960000e-07,-5.00000000e-02,9.37500000e-01,-9.37500000e-03,-1.20312500e-01
-4.36640000e-07,1.25000000e-02,1.21250000e+00,-4.31250000e-02,-1.44531250e-01
-4.36320000e-07,5.00000000e-02,1.07500000e+00,-4.56250000e-02,-3.20312500e-02
-4.36000000e-07,6.25000000e-02,1.15000000e+00,-3.00000000e-02,-4.14062500e-02
-4.35680000e-07,7.50000000e-02,9.25000000e-01,-4.06250000e-02,-2.57812500e-02
-4.35360000e-07,1.25000000e-02,1.08750000e+00,-2.12500000e-02,-7.57812500e-02
-4.35040000e-07,0.00000000e+00,1.00000000e+00,-1.31250000e-02,-1.40625000e-01
-4.34720000e-07,2.25000000e-01,1.17500000e+00,-3.06250000e-02,-9.60937500e-02
-4.34400000e-07,1.12500000e-01,1.02500000e+00,-6.25000000e-03,-2.57812500e-02
-4.34080000e-07,0.00000000e+00,8.62500000e-01,-8.75000000e-03,6.71875000e-02
-4.33760000e-07,2.12500000e-01,9.87500000e-01,-3.62500000e-02,2.65625000e-02
-4.33440000e-07,0.00000000e+00,1.01250000e+00,-9.37500000e-03,-8.04687500e-02
-4.33120000e-07,1.25000000e-01,9.75000000e-01,-4.43750000e-02,-1.10937500e-01
-4.32800000e-07,8.75000000e-02,1.05000000e+00,-3.06250000e-02,-8.59375000e-02
-4.32480000e-07,0.00000000e+00,1.01250000e+00,-2.25000000e-02,-8.20312500e-02
-4.32160000e-07,1.37500000e-01,9.12500000e-01,-4.81250000e-02,3.82812500e-02
-4.31840000e-07,7.50000000e-02,1.13750000e+00,-9.37500000e-03,1.25000000e-01
-4.31520000e-07,7.50000000e-02,1.03750000e+00,-5.87500000e-02,6.40625000e-02
-4.31200000e-07,1.50000000e-01,1.01250000e+00,-2.50000000e-02,1.25000000e-02
-4.30880000e-07,1.12500000e-01,1.08750000e+00,-1.12500000e-02,3.82812500e-02
-4.30560000e-07,1.00000000e-01,1.01250000e+00,-8.75000000e-03,-6.56250000e-02
-4.30240000e-07,6.25000000e-02,1.16250000e+00,-2.18750000e-02,-1.15625000e-01
-4.29920000e-07,6.25000000e-02,8.25000000e-01,-1.18750000e-02,-7.18750000e-02
-4.29600000e-07,1.12500000e-01,1.02500000e+00,-2.81250000e-02,-6.09375000e-02
-4.29280000e-07,1.50000000e-01,1.05000000e+00,-9.37500000e-03,-8.35937500e-02
-4.28960000e-07,6.25000000e-02,1.11250000e+00,-4.62500000e-02,-3.35937500e-02
-4.28640000e-07,7.50000000e-02,1.01250000e+00,-4.81250000e-02,4.76562500e-02
-4.28320000e-07,-2.50000000e-02,9.62500000e-01,6.25000000e-04,3.90625000e-03
-4.28000000e-07,7.50000000e-02,9.37500000e-01,-3.56250000e-02,-6.87500000e-02
-4.27680000e-07,7.50000000e-02,1.10000000e+00,-3.06250000e-02,-1.25000000e-02
-4.27360000e-07,6.25000000e-02,9.87500000e-01,-2.62500000e-02,-8.43750000e-02
-4.27040000e-07,0.00000000e+00,1.05000000e+00,-2.12500000e-02,-7.10937500e-02
-4.26720000e-07,1.00000000e-01,1.02500000e+00,-2.06250000e-02,-3.59375000e-02
-4.26400000e-07,3.75000000e-02,1.01250000e+00,-2.87500000e-02,1.64062500e-02
-4.26080000e-07,1.75000000e-01,9.75000000e-01,-7.00000000e-02,-3.82812500e-02
-4.25760000e-07,1.25000000e-02,1.10000000e+00,-3.56250000e-02,-9.60937500e-02
-4.25440000e-07,1.50000000e-01,1.00000000e+00,-4.31250000e-02,-1.53906250e-01
-4.25120000e-07,1.00000000e-01,9.37500000e-01,-3.06250000e-02,-9.21875000e-02
-4.24800000e-07,1.12500000e-01,1.02500000e+00,-1.25000000e-03,-2.96875000e-02
-4.24480000e-07,8.75000000e-02,9.75000000e-01,-8.75000000e-03,7.34375000e-02
-4.24160000e-07,1.25000000e-01,9.87500000e-01,-2.62500000e-02,5.54687500e-02
-4.23840000e-07,1.25000000e-02,9.87500000e-01,-3.12500000e-02,-5.00000000e-02
-4.23520000e-07,2.50000000e-02,8.75000000e-01,-4.37500000e-02,-8.04687500e-02
-4.23200000e-07,7.50000000e-02,1.06250000e+00,3.75000000e-03,-1.12500000e-01
-4.22880000e-07,8.75000000e-02,8.62500000e-01,-3.06250000e-02,-1.47656250e-01
-4.22560000e-07,1.12500000e-01,9.87500000e-01,-2.25000000e-02,-1.16406250e-01
-4.22240000e-07,-1.25000000e-02,9.75000000e-01,-5.12500000e-02,-9.84375000e-02
-4.21920000e-07,-1.25000000e-02,1.02500000e+00,-1.62500000e-02,-1.11718750e-01
-4.21600000e-07,8.75000000e-02,1.13750000e+00,-3.62500000e-02,-1.09375000e-01
-4.21280000e-07,1.50000000e-01,9.62500000e-01,-4.37500000e-02,-6.17187500e-02
-4.20960000e-07,2.12500000e-01,1.00000000e+00,-4.37500000e-02,-1.28125000e-01
-4.20640000e-07,8.75000000e-02,1.05000000e+00,-3.06250000e-02,-1.41406250e-01
-4.20320000e-07,5.00000000e-02,9.87500000e-01,-5.06250000e-02,-1.00781250e-01
-4.20000000e-07,-2.50000000e-02,1.26250000e+00,-1.18750000e-02,-8.43750000e-02
-4.19680000e-07,2.50000000e-02,1.03750000e+00,-4.37500000e-02,-7.10937500e-02
-4.19360000e-07,1.75000000e-01,1.06250000e+00,-5.06250000e-02,-6.25000000e-02
-4.19040000e-07,5.00000000e-02,1.05000000e+00,-6.25000000e-03,-5.78125000e-02
-4.18720000e-07,-1.25000000e-02,9.12500000e-01,-1.18750000e-02,-4.53125000e-02
-4.18400000e-07,2.50000000e-01,1.08750000e+00,-5.37500000e-02,-6.25000000e-02
-4.18080000e-07,1.62500000e-01,1.03750000e+00,-6.87500000e-03,-3.90625000e-03
-4.17760000e-07,1.37500000e-01,9.62500000e-01,-2.31250000e-02,-4.60937500e-02
-4.17440000e-07,2.50000000e-02,1.12500000e+00,-2.56250000e-02,-1.15625000e-01
-4.17120000e-07,0.00000000e+00,8.37500000e-01,-3.75000000e-03,-1.03125000e-01
-4.16800000e-07,1.37500000e-01,1.17500000e+00,-3.81250000e-02,-1.03125000e-01
-4.16480000e-07,8.75000000e-02,9.75000000e-01,-2.81250000e-02,-5.39062500e-02
-4.16160000e-07,1.50000000e-01,9.50000000e-01,-1.43750000e-02,-2.65625000e-02
-4.15840000e-07,7.50000000e-02,1.11250000e+00,-3.81250000e-02,-2.73437500e-02
-4.15520000e-07,0.00000000e+00,1.06250000e+00,-2.62500000e-02,1.56250000e-03
-4.15200000e-07,2.50000000e-02,1.01250000e+00,-5.31250000e-02,-8.12500000e-02
-4.14880000e-07,1.75000000e-01,1.11250000e+00,8.75000000e-03,-1.12500000e-01
-4.14560000e-07,2.00000000e-01,9.50000000e-01,-2.56250000e-02,3.90625000e-03
-4.14240000e-07,1.50000000e-01,9.75000000e-01,-5.37500000e-02,7.57812500e-02
-4.13920000e-07,1.12500000e-01,9.12500000e-01,-3.37500000e-02,-1.09375000e-02
-4.13600000e-07,1.87500000e-01,1.03750000e+00,-2.81250000e-02,-6.40625000e-02
-4.13280000e-07,0.00000000e+00,1.08750000e+00,-8.75000000e-03,-1.71875000e-02
-4.12960000e-07,1.00000000e-01,1.00000000e+00,5.00000000e-03,-9.29687500e-02
-4.12640000e-07,1.12500000e-01,9.12500000e-01,-4.12500000e-02,-1.09375000e-01
-4.12320000e-07,8.75000000e-02,1.07500000e+00,-4.00000000e-02,-5.54687500e-02
-4.12000000e-07,5.00000000e-02,9.87500000e-01,-2.56250000e-02,-4.68750000e-03
-4.11680000e-07,0.00000000e+00,1.08750000e+00,-3.81250000e-02,2.50000000e-02
-4.11360000e-07,1.75000000e-01,1.17500000e+00,-3.12500000e-02,-1.28906250e-01
-4.11040000e-07,1.25000000e-02,1.06250000e+00,-4.31250000e-02,-7.34375000e-02
-4.10720000e-07,6.25000000e-02,8.87500000e-01,-3.81250000e-02,-1.56250000e-02
-4.10400000e-07,8.75000000e-02,1.07500000e+00,-6.25000000e-03,-5.70312500e-02
-4.10080000e-07,6.25000000e-02,9.12500000e-01,-3.87500000e-02,-8.67187500e-02
-4.09760000e-07,1.12500000e-01,1.11250000e+00,-5.37500000e-02,-1.41406250e-01
-4.09440000e-07,2.50000000e-02,1.07500000e+00,-1.43750000e-02,-1.02343750e-01
-4.09120000e-07,1.00000000e-01,9.62500000e-01,6.25000000e-04,-2.26562500e-02
-4.08800000e-07,1.37500000e-01,9.62500000e-01,0.00000000e+00,-1.56250000e-02
-4.08480000e-07,1.62500000e-01,1.07500000e+00,-4.62500000e-02,1.71875000e-02
-4.08160000e-07,-2.50000000e-02,9.75000000e-01,-6.25000000e-03,-1.87500000e-02
-4.07840000e-07,6.25000000e-02,1.05000000e+00,-1.00000000e-02,-7.50000000e-02
-4.07520000e-07,2.00000000e-01,9.87500000e-01,-4.62500000e-02,-6.56250000e-02
-4.07200000e-07,-3.75000000e-02,1.11250000e+00,-4.25000000e-02,-7.26562500e-02
-4.06880000e-07,3.75000000e-02,1.12500000e+00,-1.18750000e-02,-5.62500000e-02
-4.06560000e-07,1.62500000e-01,1.03750000e+00,-5.06250000e-02,-6.79687500e-02
-4.06240000e-07,6.25000000e-02,9.75000000e-01,-3.75000000e-03,-8.04687500e-02
-4.05920000e-07,1.12500000e-01,1.05000000e+00,-2.25000000e-02,-8.82812500e-02
-4.05600000e-07,2.12500000e-01,1.03750000e+00,-3.81250000e-02,-1.22656250e-01
-4.05280000e-07,7.50000000e-02,9.87500000e-01,-1.68750000e-02,-1.37500000e-01
-4.04960000e-07,3.75000000e-02,9.25000000e-01,-5.31250000e-02,-1.05468750e-01
-4.04640000e-07,2.50000000e-02,1.07500000e+00,-1.93750000e-02,-1.10937500e-01
-4.04320000e-07,6.25000000e-02,1.00000000e+00,-4.62500000e-02,-8.98437500e-02
-4.04000000e-07,1.75000000e-01,1.03750000e+00,-3.75000000e-03,0.00000000e+00
-4.03680000e-07,8.75000000e-02,9.75000000e-01,-1.75000000e-02,-1.25000000e-02
-4.03360000e-07,2.50000000e-02,9.12500000e-01,-5.31250000e-02,-9.45312500e-02
-4.03040000e-07,1.37500000e-01,9.75000000e-01,-9.37500000e-03,-1.13281250e-01
-4.02720000e-07,1.00000000e-01,1.03750000e+00,-5.31250000e-02,-1.49218750e-01
-4.02400000e-07,1.75000000e-01,1.03750000e+00,-3.75000000e-02,-1.18750000e-01
-4.02080000e-07,3.75000000e-02,1.12500000e+00,-6.25000000e-03,-5.62500000e-02
-4.01760000e-07,3.75000000e-02,1.06250000e+00,-1.37500000e-02,-1.11718750e-01
-4.01440000e-07,7.50000000e-02,1.07500000e+00,-3.12500000e-02,-2.01562500e-01
-4.01120000e-07,1.00000000e-01,9.87500000e-01,-4.62500000e-02,-1.67187500e-01
-4.00800000e-07,1.75000000e-01,9.25000000e-01,-1.50000000e-02,-4.53125000e-02
-4.00480000e-07,2.12500000e-01,1.02500000e+00,-5.37500000e-02,-5.31250000e-02
-4.00160000e-07,1.25000000e-02,1.11250000e+00,-3.06250000e-02,-9.06250000e-02
-3.99840000e-07,8.75000000e-02,9.87500000e-01,-4.31250000e-02,-7.65625000e-02
-3.99520000e-07,5.00000000e-02,1.10000000e+00,-4.00000000e-02,-8.35937500e-02
-3.99200000e-07,0.00000000e+00,1.02500000e+00,-8.75000000e-03,-1.10156250e-01
-3.98880000e-07,-5.00000000e-02,1.02500000e+00,-2.81250000e-02,-1.55468750e-01
-3.98560000e-07,6.25000000e-02,1.11250000e+00,-4.12500000e-02,-7.96875000e-02
-3.98240000e-07,1.00000000e-01,1.18750000e+00,-1.43750000e-02,-1.54687500e-01
-3.97920000e-07,5.00000000e-02,9.25000000e-01,-2.00000000e-02,-1.64843750e-01
-3.97600000e-07,1.25000000e-01,9.75000000e-01,-2.18750000e-02,-1.33593750e-01
-3.97280000e-07,1.00000000e-01,8.62500000e-01,-2.00000000e-02,-1.71093750e-01
-3.96960000e-07,-2.50000000e-02,1.13750000e+00,-3.62500000e-02,-1.48437500e-01
-3.96640000e-07,1.75000000e-01,1.11250000e+00,-2.75000000e-02,-1.13281250e-01
-3.96320000e-07,1.00000000e-01,1.03750000e+00,-6.25000000e-03,-6.01562500e-02
-3.96000000e-07,7.50000000e-02,1.07500000e+00,-3.75000000e-03,-9.14062500e-02
-3.95680000e-07,5.00000000e-02,1.03750000e+00,-1.68750000e-02,-9.21875000e-02
-3.95360000e-07,1.37500000e-01,1.08750000e+00,-2.56250000e-02,-7.65625000e-02
-3.95040000e-07,1.37500000e-01,1.16250000e+00,1.31250000e-02,-1.33593750e-01
-3.94720000e-07,1.00000000e-01,1.06250000e+00,-5.37500000e-02,-1.43750000e-01
-3.94400000e-07,-2.50000000e-02,1.03750000e+00,-2.62500000e-02,-1.22656250e-01
-3.94080000e-07,-3.75000000e-02,9.62500000e-01,-3.06250000e-02,-1.24218750e-01
-3.93760000e-07,1.25000000e-02,1.15000000e+00,-2.56250000e-02,-8.04687500e-02
-3.93440000e-07,8.75000000e-02,1.10000000e+00,-3.56250000e-02,-1.79687500e-02
-3.93120000e-07,1.25000000e-01,9.00000000e-01,-2.00000000e-02,-4.60937500e-02
-3.92800000e-07,1.87500000e-01,9.50000000e-01,-2.62500000e-02,-9.37500000e-02
-3.92480000e-07,1.25000000e-02,1.16250000e+00,-4.56250000e-02,-2.26562500e-02
-3.92160000e-07,8.75000000e-02,1.06250000e+00,-3.25000000e-02,-5.78125000e-02
-3.91840000e-07,1.25000000e-02,1.05000000e+00,-1.68750000e-02,-9.60937500e-02
-3.91520000e-07,5.00000000e-02,1.15000000e+00,-4.81250000e-02,-8.98437500e-02
-3.91200000e-07,-6.25000000e-02,1.05000000e+00,-2.56250000e-02,-1.34375000e-01
-3.90880000e-07,2.50000000e-02,9.87500000e-01,-5.81250000e-02,-1.38281250e-01
-3.90560000e-07,1.37500000e-01,1.12500000e+00,-2.81250000e-02,-1.42968750e-01
-3.90240000e-07,1.50000000e-01,1.05000000e+00,-5.06250000e-02,-1.36718750e-01
-3.89920000e-07,1.00000000e-01,9.75000000e-01,-1.37500000e-02,-8.82812500e-02
-3.89600000e-07,5.00000000e-02,9.87500000e-01,-1.87500000e-03,-1.58593750e-01
-3.89280000e-07,1.75000000e-01,1.12500000e+00,-3.12500000e-02,-1.30468750e-01
-3.88960000e-07,-2.50000000e-02,9.62500000e-01,-1.87500000e-03,-1.15625000e-01
-3.88640000e-07,1.00000000e-01,1.05000000e+00,-1.81250000e-02,-6.87500000e-02
-3.88320000e-07,1.00000000e-01,9.62500000e-01,-2.87500000e-02,1.17187500e-02
-3.88000000e-07,1.25000000e-01,1.01250000e+00,-4.81250000e-02,-1.32812500e-02
-3.87680000e-07,1.75000000e-01,9.50000000e-01,-1.87500000e-02,-5.00000000e-02
-3.87360000e-07,1.87500000e-01,1.16250000e+00,-1.43750000e-02,-7.89062500e-02
-3.87040000e-07,1.25000000e-01,9.12500000e-01,-1.93750000e-02,-9.21875000e-02
-3.86720000e-07,1.37500000e-01,1.10000000e+00,-4.37500000e-03,-8.75000000e-02
-3.86400000e-07,1.25000000e-01,1.20000000e+00,-1.87500000e-03,-5.85937500e-02
-3.86080000e-07,-8.75000000e-02,1.11250000e+00,-3.37500000e-02,-8.98437500e-02
-3.85760000e-07,3.75000000e-02,1.03750000e+00,-4.06250000e-02,-1.04687500e-01
-3.85440000e-07,1.25000000e-01,9.12500000e-01,-1.87500000e-03,-7.89062500e-02
-3.85120000e-07,1.25000000e-02,1.08750000e+00,-2.50000000e-02,-6.32812500e-02
-3.84800000e-07,1.37500000e-01,1.08750000e+00,-1.25000000e-02,-1.22656250e-01
-3.84480000e-07,1.62500000e-01,9.87500000e-01,-5.62500000e-02,-9.14062500e-02
-3.84160000e-07,1.12500000e-01,1.03750000e+00,-1.12500000e-02,1.56250000e-03
-3.83840000e-07,7.50000000e-02,1.13750000e+00,-6.87500000e-03,-6.01562500e-02
-3.83520000e-07,6.25000000e-02,9.75000000e-01,-1.25000000e-02,-1.00781250e-01
-3.83200000e-07,1.12500000e-01,1.08750000e+00,-5.87500000e-02,-6.95312500e-02
-3.82880000e-07,2.37500000e-01,1.03750000e+00,-3.25000000e-02,-7.81250000e-03
-3.82560000e-07,1.00000000e-01,9.50000000e-01,-1.62500000e-02,-2.89062500e-02
-3.82240000e-07,6.25000000e-02,1.10000000e+00,-1.87500000e-02,-7.42187500e-02
-3.81920000e-07,-2.50000000e-02,8.25000000e-01,-1.68750000e-02,-1.32031250e-01
-3.81600000e-07,2.50000000e-02,9.00000000e-01,6.25000000e-04,-9.53125000e-02
-3.81280000e-07,7.50000000e-02,1.06250000e+00,-4.12500000e-02,-7.73437500e-02
-3.80960000e-07,1.00000000e-01,1.05000000e+00,-3.31250000e-02,-3.04687500e-02
-3.80640000e-07,3.75000000e-02,1.10000000e+00,-1.93750000e-02,-6.48437500e-02
-3.80320000e-07,1.12500000e-01,1.01250000e+00,-2.81250000e-02,-1.02343750e-01
-3.80000000e-07,1.12500000e-01,9.25000000e-01,-4.62500000e-02,-8.12500000e-02
-3.79680000e-07,2.50000000e-02,1.05000000e+00,-4.12500000e-02,-8.59375000e-02
-3.79360000e-07,1.87500000e-01,9.87500000e-01,-3.50000000e-02,-4.76562500e-02
-3.79040000e-07,2.00000000e-01,1.23750000e+00,3.75000000e-03,3.90625000e-03
-3.78720000e-07,7.50000000e-02,1.15000000e+00,-2.18750000e-02,-5.00000000e-02
-3.78400000e-07,3.75000000e-02,1.12500000e+00,-3.06250000e-02,-1.62500000e-01
-3.78080000e-07,1.25000000e-01,1.12500000e+00,-3.31250000e-02,-2.49218750e-01
-3.77760000e-07,1.37500000e-01,1.12500000e+00,-8.75000000e-03,-1.57812500e-01
-3.77440000e-07,2.00000000e-01,1.01250000e+00,-2.62500000e-02,-8.67187500e-02
-3.77120000e-07,1.37500000e-01,1.00000000e+00,6.25000000e-04,-7.50000000e-02
-3.76800000e-07,6.25000000e-02,1.03750000e+00,-1.93750000e-02,-9.45312500e-02
-3.76480000e-07,1.12500000e-01,1.10000000e+00,-6.87500000e-03,-1.14062500e-01
-3.76160000e-07,1.00000000e-01,9.50000000e-01,-4.12500000e-02,-1.35937500e-01
-3.75840000e-07,1.50000000e-01,1.20000000e+00,-5.12500000e-02,-1.31250000e-01
-3.75520000e-07,5.00000000e-02,1.13750000e+00,-2.81250000e-02,-1.10937500e-01
-3.75200000e-07,2.50000000e-02,1.00000000e+00,-6.87500000e-03,-1.43750000e-01
-3.74880000e-07,1.37500000e-01,1.05000000e+00,-3.00000000e-02,-9.60937500e-02
-3.74560000e-07,7.50000000e-02,1.13750000e+00,3.75000000e-03,-7.42187500e-02
-3.74240000e-07,0.00000000e+00,9.87500000e-01,-3.31250000e-02,-1.31250000e-01
-3.73920000e-07,8.75000000e-02,1.15000000e+00,-4.12500000e-02,-1.76562500e-01
-3.73600000e-07,1.25000000e-02,1.07500000e+00,-3.37500000e-02,-1.49218750e-01
-3.73280000e-07,1.25000000e-01,1.03750000e+00,-3.25000000e-02,-9.21875000e-02
-3.72960000e-07,8.75000000e-02,1.08750000e+00,-6.87500000e-03,-9.29687500e-02
-3.72640000e-07,6.25000000e-02,1.01250000e+00,-1.87500000e-02,-5.07812500e-02
-3.72320000e-07,8.75000000e-02,9.37500000e-01,-3.12500000e-02,-4.14062500e-02
-3.72000000e-07,2.50000000e-02,1.00000000e+00,-3.37500000e-02,-1.24218750e-01
-3.71680000e-07,6.25000000e-02,1.02500000e+00,-3.37500000e-02,-1.74218750e-01
-3.71360000e-07,1.25000000e-02,1.17500000e+00,-3.75000000e-02,-1.67187500e-01
-3.71040000e-07,1.25000000e-02,9.62500000e-01,1.25000000e-03,-1.02343750e-01
-3.70720000e-07,1.25000000e-01,1.16250000e+00,-1.68750000e-02,-9.53125000e-02
-3.70400000e-07,3.75000000e-02,1.00000000e+00,-4.62500000e-02,-1.40625000e-01
-3.70080000e-07,5.00000000e-02,1.00000000e+00,-6.25000000e-03,-1.05468750e-01
-3.69760000e-07,1.12500000e-01,1.11250000e+00,-3.12500000e-02,-5.62500000e-02
-3.69440000e-07,1.12500000e-01,1.22500000e+00,-4.87500000e-02,-1.36718750e-01
-3.69120000e-07,1.25000000e-02,9.62500000e-01,-3.87500000e-02,-1.93750000e-01
-3.68800000e-07,0.00000000e+00,1.08750000e+00,-2.75000000e-02,-1.90625000e-01
-3.68480000e-07,7.50000000e-02,1.00000000e+00,-1.25000000e-03,-1.26562500e-01
-3.68160000e-07,8.75000000e-02,9.50000000e-01,-6.25000000e-03,-6.48437500e-02
-3.67840000e-07,1.37500000e-01,1.08750000e+00,-1.18750000e-02,-8.75000000e-02
-3.67520000e-07,1.37500000e-01,9.87500000e-01,-6.87500000e-03,-5.39062500e-02
-3.67200000e-07,2.12500000e-01,8.87500000e-01,-2.62500000e-02,-1.69531250e-01
-3.66880000e-07,3.75000000e-02,9.37500000e-01,-3.06250000e-02,-2.10937500e-01
-3.66560000e-07,7.50000000e-02,1.02500000e+00,-6.87500000e-03,-8.75000000e-02
-3.66240000e-07,1.62500000e-01,1.13750000e+00,-1.62500000e-02,-9.53125000e-02
-3.65920000e-07,1.00000000e-01,1.01250000e+00,-1.75000000e-02,-1.54687500e-01
-3.65600000e-07,2.50000000e-02,1.01250000e+00,-3.87500000e-02,-1.46093750e-01
-3.65280000e-07,1.00000000e-01,1.08750000e+00,-2.50000000e-02,-1.04687500e-01
-3.64960000e-07,3.75000000e-02,9.87500000e-01,-3.56250000e-02,-5.15625000e-02
-3.64640000e-07,1.25000000e-01,1.12500000e+00,-2.56250000e-02,-4.21875000e-02
-3.64320000e-07,1.12500000e-01,9.37500000e-01,-1.18750000e-02,-9.45312500e-02
-3.64000000e-07,1.50000000e-01,9.62500000e-01,-1.75000000e-02,-8.75000000e-02
-3.63680000e-07,1.87500000e-01,1.12500000e+00,-3.12500000e-02,-1.52343750e-01
-3.63360000e-07,1.50000000e-01,1.01250000e+00,-2.12500000e-02,-2.25000000e-01
-3.63040000e-07,6.25000000e-02,1.03750000e+00,3.12500000e-03,-1.98437500e-01
-3.62720000e-07,2.12500000e-01,1.15000000e+00,-1.18750000e-02,-1.22656250e-01
-3.62400000e-07,1.25000000e-01,9.75000000e-01,-6.87500000e-03,-1.40625000e-02
-3.62080000e-07,5.00000000e-02,8.50000000e-01,-5.62500000e-02,-5.31250000e-02
-3.61760000e-07,1.25000000e-02,1.07500000e+00,-3.31250000e-02,-1.32031250e-01
-3.61440000e-07,2.00000000e-01,1.05000000e+00,-1.87500000e-03,-1.24218750e-01
-3.61120000e-07,7.50000000e-02,9.87500000e-01,-8.75000000e-03,-9.68750000e-02
-3.60800000e-07,5.00000000e-02,9.87500000e-01,2.56250000e-02,-1.35156250e-01
-3.60480000e-07,-3.75000000e-02,1.02500000e+00,-6.87500000e-03,-7.18750000e-02
-3.60160000e-07,-1.25000000e-02,1.06250000e+00,-2.62500000e-02,-5.07812500e-02
-3.59840000e-07,7.50000000e-02,1.06250000e+00,-3.87500000e-02,-9.53125000e-02
-3.59520000e-07,1.75000000e-01,1.06250000e+00,-1.18750000e-02,-7.26562500e-02
-3.59200000e-07,0.00000000e+00,1.07500000e+00,-1.87500000e-03,-6.17187500e-02
-3.58880000e-07,1.00000000e-01,1.08750000e+00,-2.18750000e-02,-5.70312500e-02
-3.58560000e-07,1.00000000e-01,1.08750000e+00,-2.18750000e-02,-9.14062500e-02
-3.58240000e-07,1.12500000e-01,1.15000000e+00,-9.37500000e-03,-9.21875000e-02
-3.57920000e-07,8.75000000e-02,1.07500000e+00,-2.62500000e-02,-3.75000000e-02
-3.57600000e-07,6.25000000e-02,1.00000000e+00,-5.87500000e-02,-2.42187500e-02
-3.57280000e-07,-2.50000000e-02,1.03750000e+00,-1.68750000e-02,2.89062500e-02
-3.56960000e-07,5.00000000e-02,9.75000000e-01,-1.00000000e-02,7.81250000e-04
-3.56640000e-07,1.12500000e-01,1.16250000e+00,-3.87500000e-02,-4.45312500e-02
-3.56320000e-07,7.50000000e-02,9.00000000e-01,-2.56250000e-02,-9.21875000e-02
-3.56000000e-07,6.25000000e-02,1.07500000e+00,-3.25000000e-02,-6.17187500e-02
-3.55680000e-07,2.50000000e-02,1.03750000e+00,-1.25000000e-03,-1.09375000e-01
-3.55360000e-07,3.75000000e-02,1.00000000e+00,-1.68750000e-02,-1.44531250e-01
-3.55040000e-07,5.00000000e-02,1.06250000e+00,-2.25000000e-02,-6.09375000e-02
-3.54720000e-07,1.00000000e-01,1.08750000e+00,-3.62500000e-02,2.50000000e-02
-3.54400000e-07,8.75000000e-02,1.03750000e+00,-4.56250000e-02,-3.90625000e-02
-3.54080000e-07,7.50000000e-02,1.18750000e+00,-3.06250000e-02,-7.26562500e-02
-3.53760000e-07,6.25000000e-02,1.02500000e+00,-1.12500000e-02,-5.54687500e-02
-3.53440000e-07,6.25000000e-02,1.02500000e+00,-1.68750000e-02,-8.75000000e-02
-3.53120000e-07,1.50000000e-01,1.02500000e+00,-6.87500000e-03,-7.34375000e-02
-3.52800000e-07,-2.50000000e-02,1.13750000e+00,-5.00000000e-03,-1.79687500e-02
-3.52480000e-07,1.25000000e-02,1.08750000e+00,-4.37500000e-02,-4.76562500e-02
-3.52160000e-07,2.75000000e-01,1.15000000e+00,-1.62500000e-02,-1.95312500e-02
-3.51840000e-07,2.25000000e-01,1.02500000e+00,-4.37500000e-03,1.25000000e-02
-3.51520000e-07,7.50000000e-02,1.17500000e+00,-3.12500000e-02,-3.04687500e-02
-3.51200000e-07,2.25000000e-01,9.87500000e-01,-4.81250000e-02,-6.40625000e-02
-3.50880000e-07,1.00000000e-01,1.06250000e+00,-6.87500000e-03,4.21875000e-02
-3.50560000e-07,-3.75000000e-02,9.62500000e-01,-4.06250000e-02,-3.28125000e-02
-3.50240000e-07,0.00000000e+00,1.00000000e+00,-3.37500000e-02,-8.59375000e-02
-3.49920000e-07,2.25000000e-01,1.11250000e+00,-1.93750000e-02,-6.25000000e-03
-3.49600000e-07,1.12500000e-01,1.08750000e+00,-6.87500000e-03,-9.37500000e-03
-3.49280000e-07,1.25000000e-01,1.10000000e+00,-1.68750000e-02,-9.68750000e-02
-3.48960000e-07,1.37500000e-01,1.07500000e+00,-9.37500000e-03,-1.79687500e-01
-3.48640000e-07,8.75000000e-02,9.50000000e-01,-1.25000000e-02,-1.60156250e-01
-3.48320000e-07,8.75000000e-02,1.16250000e+00,-3.62500000e-02,-1.34375000e-01
-3.48000000e-07,2.00000000e-01,1.15000000e+00,-5.31250000e-02,-9.29687500e-02
-3.47680000e-07,0.00000000e+00,1.10000000e+00,-3.81250000e-02,-5.15625000e-02
-3.47360000e-07,2.00000000e-01,1.02500000e+00,-3.56250000e-02,-7.26562500e-02
-3.47040000e-07,1.75000000e-01,1.07500000e+00,-3.50000000e-02,-1.10937500e-01
-3.46720000e-07,1.12500000e-01,1.11250000e+00,-2.18750000e-02,-9.60937500e-02
-3.46400000e-07,1.50000000e-01,1.13750000e+00,-5.81250000e-02,-8.20312500e-02
-3.46080000e-07,2.00000000e-01,1.12500000e+00,-4.00000000e-02,-8.20312500e-02
-3.45760000e-07,1.12500000e-01,1.17500000e+00,-6.25000000e-03,-8.20312500e-02
-3.45440000e-07,1.25000000e-01,9.75000000e-01,-4.06250000e-02,-9.06250000e-02
-3.45120000e-07,1.50000000e-01,9.75000000e-01,-4.87500000e-02,-1.07812500e-01
-3.44800000e-07,2.62500000e-01,1.12500000e+00,-1.93750000e-02,-7.96875000e-02
-3.44480000e-07,1.25000000e-02,1.08750000e+00,-2.87500000e-02,-5.78125000e-02
-3.44160000e-07,1.00000000e-01,1.06250000e+00,-5.12500000e-02,-9.92187500e-02
-3.43840000e-07,2.50000000e-02,1.10000000e+00,-1.87500000e-03,-1.96093750e-01
-3.43520000e-07,1.12500000e-01,1.03750000e+00,-1.75000000e-02,-1.14843750e-01
-3.43200000e-07,2.50000000e-02,1.05000000e+00,-2.18750000e-02,-3.35937500e-02
-3.42880000e-07,1.37500000e-01,8.37500000e-01,-7.50000000e-03,-4.76562500e-02
-3.42560000e-07,8.75000000e-02,1.01250000e+00,-4.37500000e-02,-4.14062500e-02
-3.42240000e-07,8.75000000e-02,1.06250000e+00,-2.12500000e-02,-2.81250000e-02
-3.41920000e-07,7.50000000e-02,9.75000000e-01,-3.37500000e-02,-6.32812500e-02
-3.41600000e-07,3.75000000e-02,1.00000000e+00,-2.56250000e-02,-5.62500000e-02
-3.41280000e-07,7.50000000e-02,1.07500000e+00,8.12500000e-03,-7.18750000e-02
-3.40960000e-07,2.62500000e-01,1.01250000e+00,-3.31250000e-02,-7.10937500e-02
-3.40640000e-07,1.62500000e-01,1.11250000e+00,-5.12500000e-02,-1.32812500e-01
-3.40320000e-07,1.25000000e-01,1.01250000e+00,-2.87500000e-02,-1.53125000e-01
-3.40000000e-07,-2.50000000e-02,1.03750000e+00,-4.31250000e-02,-1.01562500e-01
-3.39680000e-07,6.25000000e-02,9.62500000e-01,-1.62500000e-02,2.10937500e-02
-3.39360000e-07,5.00000000e-02,1.10000000e+00,8.12500000e-03,-2.03125000e-02
-3.39040000e-07,1.62500000e-01,1.15000000e+00,-1.50000000e-02,-7.10937500e-02
-3.38720000e-07,1.37500000e-01,1.10000000e+00,-1.68750000e-02,-1.05468750e-01
-3.38400000e-07,1.50000000e-01,9.75000000e-01,3.12500000e-03,-7.73437500e-02
-3.38080000e-07,8.75000000e-02,1.10000000e+00,-2.00000000e-02,-3.35937500e-02
-3.37760000e-07,-2.50000000e-02,9.25000000e-01,-4.37500000e-02,-1.14062500e-01
-3.37440000e-07,1.75000000e-01,1.11250000e+00,-6.31250000e-02,-1.47656250e-01
-3.37120000e-07,1.25000000e-02,1.10000000e+00,-3.00000000e-02,-1.20312500e-01
-3.36800000e-07,2.50000000e-02,1.16250000e+00,-3.75000000e-03,-9.37500000e-02
-3.36480000e-07,1.37500000e-01,1.11250000e+00,-3.50000000e-02,-8.12500000e-02
-3.36160000e-07,2.00000000e-01,1.08750000e+00,-4.37500000e-03,-1.23437500e-01
-3.35840000e-07,1.12500000e-01,9.62500000e-01,-1.18750000e-02,-1.41406250e-01
-3.35520000e-07,6.25000000e-02,1.07500000e+00,-2.87500000e-02,-9.37500000e-02
-3.35200000e-07,1.37500000e-01,1.00000000e+00,-5.37500000e-02,-1.11718750e-01
-3.34880000e-07,5.00000000e-02,1.05000000e+00,-9.37500000e-03,-1.03125000e-01
-3.34560000e-07,6.25000000e-02,1.11250000e+00,-1.75000000e-02,-1.15625000e-01
-3.34240000e-07,6.25000000e-02,1.15000000e+00,-5.12500000e-02,-1.13281250e-01
-3.33920000e-07,7.50000000e-02,1.01250000e+00,-5.56250000e-02,-5.31250000e-02
-3.33600000e-07,1.25000000e-01,1.16250000e+00,-4.31250000e-02,-6.48437500e-02
-3.33280000e-07,2.25000000e-01,1.10000000e+00,-4.00000000e-02,-1.51562500e-01
-3.32960000e-07,1.87500000e-01,1.12500000e+00,-1.12500000e-02,-1.88281250e-01
-3.32640000e-07,1.00000000e-01,1.07500000e+00,-1.12500000e-02,-5.31250000e-02
-3.32320000e-07,8.75000000e-02,9.75000000e-01,-1.18750000e-02,7.03125000e-03
-3.32000000e-07,2.37500000e-01,1.06250000e+00,-7.50000000e-03,-2.18750000e-02
-3.31680000e-07,1.00000000e-01,1.02500000e+00,-2.81250000e-02,-1.48437500e-02
-3.31360000e-07,2.12500000e-01,1.00000000e+00,-3.06250000e-02,-4.21875000e-02
-3.31040000e-07,1.62500000e-01,1.12500000e+00,-4.81250000e-02,-1.15625000e-01
-3.30720000e-07,2.25000000e-01,9.62500000e-01,-2.18750000e-02,-1.48437500e-01
-3.30400000e-07,2.50000000e-02,9.62500000e-01,-2.18750000e-02,-1.18750000e-01
-3.30080000e-07,8.75000000e-02,9.50000000e-01,-2.25000000e-02,-1.41406250e-01
-3.29760000e-07,1.75000000e-01,1.12500000e+00,-3.62500000e-02,-2.57031250e-01
-3.29440000e-07,7.50000000e-02,1.07500000e+00,-2.56250000e-02,-2.40625000e-01
-3.29120000e-07,6.25000000e-02,1.01250000e+00,-3.25000000e-02,-1.10156250e-01
-3.28800000e-07,1.25000000e-01,1.10000000e+00,-2.75000000e-02,-8.82812500e-02
-3.28480000e-07,1.62500000e-01,1.02500000e+00,-1.25000000e-03,-3.67187500e-02
-3.28160000e-07,1.00000000e-01,1.02500000e+00,-3.87500000e-02,-5.07812500e-02
-3.27840000e-07,1.25000000e-01,1.08750000e+00,-4.37500000e-03,-3.04687500e-02
-3.27520000e-07,6.25000000e-02,1.01250000e+00,-2.06250000e-02,-3.75000000e-02
-3.27200000e-07,-5.00000000e-02,1.01250000e+00,-4.37500000e-02,8.59375000e-03
-3.26880000e-07,1.25000000e-01,1.00000000e+00,-3.81250000e-02,2.26562500e-02
-3.26560000e-07,1.12500000e-01,1.12500000e+00,-2.12500000e-02,-5.54687500e-02
-3.26240000e-07,1.12500000e-01,1.05000000e+00,-3.37500000e-02,-1.25000000e-01
-3.25920000e-07,1.62500000e-01,9.00000000e-01,-5.37500000e-02,-1.07031250e-01
-3.25600000e-07,1.37500000e-01,1.13750000e+00,-1.43750000e-02,-8.28125000e-02
-3.25280000e-07,1.37500000e-01,1.18750000e+00,-3.87500000e-02,-1.24218750e-01
-3.24960000e-07,7.50000000e-02,7.37500000e-01,-1.93750000e-02,-6.09375000e-02
-3.24640000e-07,2.12500000e-01,1.02500000e+00,-8.12500000e-03,-5.07812500e-02
-3.24320000e-07,5.00000000e-02,1.18750000e+00,-3.31250000e-02,-1.12500000e-01
-3.24000000e-07,1.87500000e-01,1.01250000e+00,-6.25000000e-03,-1.14062500e-01
-3.23680000e-07,1.12500000e-01,1.16250000e+00,-3.81250000e-02,-3.20312500e-02
-3.23360000e-07,1.50000000e-01,1.00000000e+00,-1.93750000e-02,2.42187500e-02
-3.23040000e-07,1.12500000e-01,9.37500000e-01,-3.18750000e-02,2.96875000e-02
-3.22720000e-07,2.25000000e-01,1.07500000e+00,-4.37500000e-02,-9.37500000e-02
-3.22400000e-07,2.50000000e-01,1.05000000e+00,-6.87500000e-03,-1.11718750e-01
-3.22080000e-07,1.37500000e-01,9.62500000e-01,-2.87500000e-02,-3.82812500e-02
-3.21760000e-07,6.25000000e-02,9.00000000e-01,-1.93750000e-02,-1.00781250e-01
-3.21440000e-07,8.75000000e-02,1.05000000e+00,-1.81250000e-02,-1.00000000e-01
-3.21120000e-07,8.75000000e-02,9.62500000e-01,-6.37500000e-02,-9.29687500e-02
-3.20800000e-07,1.62500000e-01,1.12500000e+00,6.25000000e-03,-3.82812500e-02
-3.20480000e-07,7.50000000e-02,9.25000000e-01,-1.50000000e-02,-5.00000000e-02
-3.20160000e-07,1.75000000e-01,1.11250000e+00,-4.62500000e-02,-1.32812500e-01
-3.19840000e-07,8.75000000e-02,1.10000000e+00,-3.31250000e-02,-2.03125000e-01
-3.19520000e-07,8.75000000e-02,1.15000000e+00,-2.50000000e-02,-2.29687500e-01
-3.19200000e-07,2.50000000e-02,1.07500000e+00,-1.93750000e-02,-8.67187500e-02
-3.18880000e-07,-6.25000000e-02,1.08750000e+00,-2.75000000e-02,-6.95312500e-02
-3.18560000e-07,2.25000000e-01,1.17500000e+00,-1.93750000e-02,-6.17187500e-02
-3.18240000e-07,1.00000000e-01,1.11250000e+00,-1.68750000e-02,-8.28125000e-02
-3.17920000e-07,1.25000000e-01,8.62500000e-01,-4.37500000e-02,-1.36718750e-01
-3.17600000e-07,1.37500000e-01,1.16250000e+00,-3.56250000e-02,-8.12500000e-02
-3.17280000e-07,2.12500000e-01,1.00000000e+00,-4.31250000e-02,-5.07812500e-02
-3.16960000e-07,7.50000000e-02,9.50000000e-01,-1.12500000e-02,-1.14843750e-01
-3.16640000e-07,1.12500000e-01,1.07500000e+00,-1.68750000e-02,-1.90625000e-01
-3.16320000e-07,1.25000000e-01,1.05000000e+00,6.25000000e-04,-1.56250000e-01
-3.16000000e-07,1.12500000e-01,1.00000000e+00,-2.18750000e-02,-1.19531250e-01
-3.15680000e-07,1.12500000e-01,1.00000000e+00,-7.50000000e-03,-1.85937500e-01
-3.15360000e-07,5.00000000e-02,1.02500000e+00,-5.37500000e-02,-1.88281250e-01
-3.15040000e-07,1.25000000e-02,1.17500000e+00,-1.43750000e-02,-1.17968750e-01
-3.14720000e-07,2.25000000e-01,1.03750000e+00,-4.37500000e-02,-1.82812500e-01
-3.14400000e-07,8.75000000e-02,1.13750000e+00,-3.75000000e-03,-2.00000000e-01
-3.14080000e-07,2.50000000e-02,1.06250000e+00,-2.00000000e-02,-1.53906250e-01
-3.13760000e-07,0.00000000e+00,9.12500000e-01,-3.31250000e-02,-1.29687500e-01
-3.13440000e-07,3.75000000e-02,1.10000000e+00,-4.06250000e-02,-1.04687500e-01
-3.13120000e-07,3.75000000e-02,1.06250000e+00,-3.56250000e-02,-1.14062500e-01
-3.12800000e-07,1.12500000e-01,1.02500000e+00,-5.12500000e-02,-1.66406250e-01
-3.12480000e-07,1.37500000e-01,1.13750000e+00,-3.25000000e-02,-1.52343750e-01
-3.12160000e-07,1.87500000e-01,1.05000000e+00,-1.87500000e-03,-9.92187500e-02
-3.11840000e-07,2.25000000e-01,9.50000000e-01,-3.56250000e-02,-1.88281250e-01
-3.11520000e-07,1.37500000e-01,1.02500000e+00,-3.75000000e-02,-2.54687500e-01
-3.11200000e-07,1.25000000e-01,1.08750000e+00,3.75000000e-03,-1.78906250e-01
-3.10880000e-07,1.12500000e-01,1.05000000e+00,-4.06250000e-02,-1.17968750e-01
-3.10560000e-07,1.37500000e-01,1.05000000e+00,-3.06250000e-02,-6.48437500e-02
-3.10240000e-07,1.25000000e-02,9.25000000e-01,-1.43750000e-02,-1.33593750e-01
-3.09920000e-07,1.00000000e-01,9.62500000e-01,-3.75000000e-03,-2.32812500e-01
-3.09600000e-07,6.25000000e-02,1.08750000e+00,6.25000000e-04,-1.77343750e-01
-3.09280000e-07,-3.75000000e-02,1.07500000e+00,-2.87500000e-02,-1.07031250e-01
-3.08960000e-07,1.25000000e-02,9.62500000e-01,-2.62500000e-02,-1.25000000e-01
-3.08640000e-07,1.50000000e-01,9.87500000e-01,-2.87500000e-02,-1.10156250e-01
-3.08320000e-07,7.50000000e-02,1.10000000e+00,-4.56250000e-02,-1.03906250e-01
-3.08000000e-07,8.75000000e-02,1.12500000e+00,-2.50000000e-02,-1.08593750e-01
-3.07680000e-07,1.37500000e-01,9.75000000e-01,-1.12500000e-02,-1.23437500e-01
-3.07360000e-07,1.12500000e-01,1.01250000e+00,-6.25000000e-03,-2.05468750e-01
-3.07040000e-07,7.50000000e-02,1.00000000e+00,-2.87500000e-02,-2.29687500e-01
-3.06720000e-07,1.37500000e-01,9.37500000e-01,-4.06250000e-02,-1.57812500e-01
-3.06400000e-07,7.50000000e-02,1.08750000e+00,-2.62500000e-02,-8.04687500e-02
-3.06080000e-07,7.50000000e-02,9.62500000e-01,-3.81250000e-02,-9.29687500e-02
-3.05760000e-07,7.50000000e-02,9.62500000e-01,-3.56250000e-02,-6.09375000e-02
-3.05440000e-07,1.25000000e-02,1.15000000e+00,-6.87500000e-03,-3.98437500e-02
-3.05120000e-07,7.50000000e-02,1.13750000e+00,-4.31250000e-02,-8.82812500e-02
-3.04800000e-07,1.00000000e-01,1.01250000e+00,-6.37500000e-02,-2.00000000e-01
-3.04480000e-07,1.75000000e-01,9.62500000e-01,-1.87500000e-02,-2.03906250e-01
-3.04160000e-07,1.25000000e-02,9.87500000e-01,1.12500000e-02,-1.76562500e-01
-3.03840000e-07,1.00000000e-01,1.07500000e+00,-4.43750000e-02,-9.14062500e-02
-3.03520000e-07,8.75000000e-02,1.03750000e+00,-3.56250000e-02,-8.12500000e-02
-3.03200000e-07,1.37500000e-01,1.03750000e+00,-2.00000000e-02,-7.96875000e-02
-3.02880000e-07,1.37500000e-01,1.13750000e+00,-4.12500000e-02,-1.17187500e-01
-3.02560000e-07,0.00000000e+00,9.00000000e-01,-2.50000000e-02,-1.23437500e-01
-3.02240000e-07,-5.00000000e-02,1.07500000e+00,-3.56250000e-02,-8.59375000e-02
-3.01920000e-07,1.37500000e-01,1.06250000e+00,-1.68750000e-02,-1.19531250e-01
-3.01600000e-07,2.00000000e-01,1.03750000e+00,-3.68750000e-02,-1.03906250e-01
-3.01280000e-07,2.75000000e-01,1.07500000e+00,-4.31250000e-02,-8.04687500e-02
-3.00960000e-07,1.00000000e-01,1.01250000e+00,-4.06250000e-02,-2.65625000e-02
-3.00640000e-07,1.25000000e-01,9.87500000e-01,-4.31250000e-02,5.46875000e-03
-3.00320000e-07,7.50000000e-02,1.12500000e+00,1.37500000e-02,-3.04687500e-02
-3.00000000e-07,-3.75000000e-02,9.50000000e-01,0.00000000e+00,-1.04687500e-01
-2.99680000e-07,7.50000000e-02,1.03750000e+00,-4.87500000e-02,-1.89062500e-01
-2.99360000e-07,1.25000000e-01,1.08750000e+00,-1.93750000e-02,-2.21875000e-01
-2.99040000e-07,6.25000000e-02,1.08750000e+00,-3.31250000e-02,-1.86718750e-01
-2.98720000e-07,1.00000000e-01,1.05000000e+00,1.87500000e-02,-1.11718750e-01
-2.98400000e-07,-1.25000000e-02,1.02500000e+00,-6.87500000e-03,-5.62500000e-02
-2.98080000e-07,1.12500000e-01,1.10000000e+00,-4.87500000e-02,-6.25000000e-02
-2.97760000e-07,1.00000000e-01,1.01250000e+00,-4.56250000e-02,-1.07031250e-01
-2.97440000e-07,1.62500000e-01,9.87500000e-01,-3.75000000e-02,-1.13281250e-01
-2.97120000e-07,0.00000000e+00,1.17500000e+00,-9.37500000e-03,-1.00000000e-01
-2.96800000e-07,3.75000000e-02,9.62500000e-01,-4.81250000e-02,-6.87500000e-02
-2.96480000e-07,0.00000000e+00,9.62500000e-01,-4.31250000e-02,-1.17968750e-01
-2.96160000e-07,8.75000000e-02,1.16250000e+00,-2.12500000e-02,-1.41406250e-01
-2.95840000e-07,1.37500000e-01,9.12500000e-01,-1.68750000e-02,-1.33593750e-01
-2.95520000e-07,1.37500000e-01,1.06250000e+00,-3.37500000e-02,-1.23437500e-01
-2.95200000e-07,5.00000000e-02,1.13750000e+00,-1.43750000e-02,-1.04687500e-01
-2.94880000e-07,8.75000000e-02,1.07500000e+00,-1.75000000e-02,-1.74218750e-01
-2.94560000e-07,1.25000000e-01,1.03750000e+00,-1.93750000e-02,-1.77343750e-01
-2.94240000e-07,1.75000000e-01,9.37500000e-01,-2.87500000e-02,-1.10156250e-01
-2.93920000e-07,1.25000000e-02,1.05000000e+00,-4.87500000e-02,-1.53125000e-01
-2.93600000e-07,8.75000000e-02,1.18750000e+00,-1.43750000e-02,-1.64062500e-01
-2.93280000e-07,2.62500000e-01,9.62500000e-01,-1.18750000e-02,-1.46875000e-01
-2.92960000e-07,1.62500000e-01,9.25000000e-01,-3.37500000e-02,-8.04687500e-02
-2.92640000e-07,1.25000000e-02,1.12500000e+00,-2.56250000e-02,-4.29687500e-02
-2.92320000e-07,1.87500000e-01,9.75000000e-01,-3.56250000e-02,-1.11718750e-01
-2.92000000e-07,-5.00000000e-02,1.11250000e+00,-1.43750000e-02,-1.53906250e-01
-2.91680000e-07,7.50000000e-02,1.00000000e+00,-5.37500000e-02,-1.67187500e-01
-2.91360000e-07,1.00000000e-01,9.87500000e-01,-2.75000000e-02,-1.47656250e-01
-2.91040000e-07,1.00000000e-01,9.25000000e-01,-1.12500000e-02,-9.84375000e-02
-2.90720000e-07,-8.75000000e-02,9.50000000e-01,-1.18750000e-02,-6.87500000e-02
-2.90400000e-07,5.00000000e-02,1.01250000e+00,-5.12500000e-02,-4.21875000e-02
-2.90080000e-07,1.12500000e-01,1.10000000e+00,-3.81250000e-02,-1.53125000e-01
-2.89760000e-07,0.00000000e+00,1.05000000e+00,-1.62500000e-02,-1.81250000e-01
-2.89440000e-07,1.25000000e-02,1.03750000e+00,-1.18750000e-02,-9.29687500e-02
-2.89120000e-07,1.87500000e-01,1.02500000e+00,-6.87500000e-03,-1.39062500e-01
-2.88800000e-07,0.00000000e+00,1.11250000e+00,-3.12500000e-02,-1.96875000e-01
-2.88480000e-07,1.37500000e-01,1.10000000e+00,-3.62500000e-02,-1.50781250e-01
-2.88160000e-07,0.00000000e+00,9.12500000e-01,-4.12500000e-02,-1.30468750e-01
-2.87840000e-07,1.37500000e-01,9.87500000e-01,-3.06250000e-02,-9.06250000e-02
-2.87520000e-07,1.87500000e-01,1.01250000e+00,-1.12500000e-02,-7.50000000e-02
-2.87200000e-07,5.00000000e-02,9.62500000e-01,-3.87500000e-02,-1.06250000e-01
-2.86880000e-07,3.75000000e-02,1.03750000e+00,-4.37500000e-02,-1.35156250e-01
-2.86560000e-07,7.50000000e-02,9.62500000e-01,-2.87500000e-02,-1.50781250e-01
-2.86240000e-07,6.25000000e-02,9.62500000e-01,-4.06250000e-02,-1.68750000e-01
-2.85920000e-07,-1.25000000e-02,9.37500000e-01,-3.81250000e-02,-8.98437500e-02
-2.85600000e-07,2.50000000e-02,1.16250000e+00,-2.75000000e-02,2.03125000e-02
-2.85280000e-07,1.37500000e-01,1.02500000e+00,-6.87500000e-03,-8.12500000e-02
-2.84960000e-07,5.00000000e-02,9.50000000e-01,-2.50000000e-02,-1.90625000e-01
-2.84640000e-07,2.50000000e-02,1.01250000e+00,3.75000000e-03,-2.04687500e-01
-2.84320000e-07,1.37500000e-01,1.21250000e+00,-2.18750000e-02,-1.78125000e-01
-2.84000000e-07,8.75000000e-02,1.01250000e+00,-2.87500000e-02,-1.37500000e-01
-2.83680000e-07,1.25000000e-02,1.11250000e+00,-1.37500000e-02,-1.03125000e-01
-2.83360000e-07,3.75000000e-02,9.62500000e-01,-2.00000000e-02,-1.85156250e-01
-2.83040000e-07,1.00000000e-01,1.00000000e+00,-4.06250000e-02,-1.14062500e-01
-2.82720000e-07,1.62500000e-01,9.87500000e-01,-2.50000000e-02,-4.45312500e-02
-2.82400000e-07,0.00000000e+00,1.13750000e+00,-6.25000000e-03,-1.31250000e-01
-2.82080000e-07,2.50000000e-02,9.50000000e-01,-2.18750000e-02,-9.45312500e-02
-2.81760000e-07,1.75000000e-01,1.00000000e+00,-2.62500000e-02,-1.03125000e-01
-2.81440000e-07,1.62500000e-01,9.87500000e-01,-3.56250000e-02,-7.89062500e-02
-2.81120000e-07,7.50000000e-02,1.15000000e+00,3.12500000e-03,-8.28125000e-02
-2.80800000e-07,2.25000000e-01,1.03750000e+00,-1.62500000e-02,-2.08593750e-01
-2.80480000e-07,1.00000000e-01,1.05000000e+00,3.12500000e-03,-1.58593750e-01
-2.80160000e-07,1.25000000e-02,1.06250000e+00,-4.06250000e-02,-8.67187500e-02
-2.79840000e-07,2.00000000e-01,1.05000000e+00,-1.87500000e-03,-1.59375000e-01
-2.79520000e-07,1.12500000e-01,9.00000000e-01,-4.62500000e-02,-1.86718750e-01
-2.79200000e-07,1.25000000e-01,1.05000000e+00,-2.62500000e-02,-1.26562500e-01
-2.78880000e-07,-2.50000000e-02,1.02500000e+00,-2.62500000e-02,-7.34375000e-02
-2.78560000e-07,0.00000000e+00,1.10000000e+00,-4.56250000e-02,-7.03125000e-02
-2.78240000e-07,1.00000000e-01,1.02500000e+00,-4.56250000e-02,-7.42187500e-02
-2.77920000e-07,1.00000000e-01,9.75000000e-01,-1.37500000e-02,-1.07812500e-01
-2.77600000e-07,1.50000000e-01,1.01250000e+00,-3.06250000e-02,-1.71093750e-01
-2.77280000e-07,7.50000000e-02,1.07500000e+00,8.12500000e-03,-9.92187500e-02
-2.76960000e-07,3.75000000e-02,1.08750000e+00,-5.12500000e-02,-5.85937500e-02
-2.76640000e-07,1.62500000e-01,1.12500000e+00,-1.43750000e-02,-6.01562500e-02
-2.76320000e-07,1.37500000e-01,8.37500000e-01,-2.87500000e-02,-1.47656250e-01
-2.76000000e-07,2.62500000e-01,1.05000000e+00,-1.68750000e-02,-9.76562500e-02
-2.75680000e-07,3.75000000e-02,1.06250000e+00,-3.37500000e-02,-3.04687500e-02
-2.75360000e-07,5.00000000e-02,1.06250000e+00,-4.06250000e-02,8.59375000e-03
-2.75040000e-07,1.25000000e-01,9.87500000e-01,-1.75000000e-02,-8.67187500e-02
-2.74720000e-07,8.75000000e-02,1.03750000e+00,-3.06250000e-02,-1.24218750e-01
-2.74400000e-07,2.50000000e-02,1.02500000e+00,-2.75000000e-02,-1.10937500e-01
-2.74080000e-07,1.25000000e-01,1.08750000e+00,-4.06250000e-02,-1.49218750e-01
-2.73760000e-07,2.00000000e-01,1.03750000e+00,-4.00000000e-02,-3.12500000e-02
-2.73440000e-07,1.00000000e-01,1.13750000e+00,-4.37500000e-03,-9.84375000e-02
-2.73120000e-07,1.25000000e-01,1.17500000e+00,1.25000000e-03,-1.77343750e-01
-2.72800000e-07,1.37500000e-01,1.07500000e+00,-1.93750000e-02,-8.20312500e-02
-2.72480000e-07,5.00000000e-02,1.07500000e+00,-2.81250000e-02,-1.79687500e-02
-2.72160000e-07,8.75000000e-02,9.62500000e-01,-2.62500000e-02,-2.03125000e-02
-2.71840000e-07,1.12500000e-01,9.87500000e-01,-1.93750000e-02,-6.64062500e-02
-2.71520000e-07,1.12500000e-01,1.08750000e+00,-5.62500000e-03,-1.45312500e-01
-2.71200000e-07,6.25000000e-02,1.02500000e+00,-4.12500000e-02,-1.65625000e-01
-2.70880000e-07,8.75000000e-02,1.21250000e+00,-3.25000000e-02,-1.82031250e-01
-2.70560000e-07,5.00000000e-02,1.08750000e+00,-1.18750000e-02,-1.53125000e-01
-2.70240000e-07,1.12500000e-01,1.08750000e+00,-5.81250000e-02,-5.54687500e-02
-2.69920000e-07,8.75000000e-02,1.03750000e+00,-2.56250000e-02,-8.82812500e-02
-2.69600000e-07,1.25000000e-01,1.18750000e+00,-4.06250000e-02,-1.02343750e-01
-2.69280000e-07,1.25000000e-01,1.01250000e+00,-5.06250000e-02,-1.84375000e-01
-2.68960000e-07,-1.00000000e-01,1.05000000e+00,-1.18750000e-02,-2.50781250e-01
-2.68640000e-07,7.50000000e-02,1.20000000e+00,-3.62500000e-02,-1.82812500e-01
-2.68320000e-07,1.00000000e-01,1.13750000e+00,-4.06250000e-02,-2.81250000e-02
-2.68000000e-07,5.00000000e-02,1.13750000e+00,-5.06250000e-02,6.25000000e-03
-2.67680000e-07,1.12500000e-01,1.05000000e+00,-3.06250000e-02,-5.62500000e-02
-2.67360000e-07,1.00000000e-01,9.62500000e-01,-4.56250000e-02,-5.07812500e-02
-2.67040000e-07,1.50000000e-01,1.07500000e+00,-3.31250000e-02,-3.59375000e-02
-2.66720000e-07,8.75000000e-02,1.02500000e+00,-3.56250000e-02,-1.46875000e-01
-2.66400000e-07,-2.50000000e-02,1.12500000e+00,-5.81250000e-02,-1.00000000e-01
-2.66080000e-07,1.75000000e-01,1.10000000e+00,-4.75000000e-02,-1.08593750e-01
-2.65760000e-07,1.12500000e-01,1.00000000e+00,-1.93750000e-02,-9.53125000e-02
-2.65440000e-07,7.50000000e-02,1.10000000e+00,-4.31250000e-02,-4.92187500e-02
-2.65120000e-07,2.50000000e-02,1.07500000e+00,-1.18750000e-02,-8.67187500e-02
-2.64800000e-07,1.25000000e-01,1.10000000e+00,-3.87500000e-02,-8.82812500e-02
-2.64480000e-07,3.75000000e-02,1.07500000e+00,-3.81250000e-02,-9.37500000e-02
-2.64160000e-07,1.87500000e-01,1.10000000e+00,-6.31250000e-02,-3.82812500e-02
-2.63840000e-07,1.00000000e-01,1.05000000e+00,-2.75000000e-02,-7.89062500e-02
-2.63520000e-07,2.50000000e-02,1.20000000e+00,-4.37500000e-03,-1.01562500e-01
-2.63200000e-07,0.00000000e+00,1.15000000e+00,-6.93750000e-02,-3.20312500e-02
-2.62880000e-07,1.00000000e-01,1.03750000e+00,-6.25000000e-03,-2.26562500e-02
-2.62560000e-07,5.00000000e-02,1.11250000e+00,-2.50000000e-03,-1.17968750e-01
-2.62240000e-07,2.00000000e-01,1.12500000e+00,-4.37500000e-02,-1.16406250e-01
-2.61920000e-07,1.62500000e-01,1.16250000e+00,-1.12500000e-02,-1.13281250e-01
-2.61600000e-07,1.37500000e-01,1.17500000e+00,-3.37500000e-02,-8.59375000e-02
-2.61280000e-07,2.50000000e-02,1.12500000e+00,-4.87500000e-02,-8.98437500e-02
-2.60960000e-07,8.75000000e-02,1.07500000e+00,-2.87500000e-02,-1.14843750e-01
-2.60640000e-07,1.25000000e-01,8.75000000e-01,-3.75000000e-02,-9.60937500e-02
-2.60320000e-07,1.12500000e-01,9.87500000e-01,-6.25000000e-03,-6.64062500e-02
-2.60000000e-07,1.00000000e-01,1.16250000e+00,-3.56250000e-02,-4.68750000e-03
-2.59680000e-07,3.75000000e-02,1.07500000e+00,-2.25000000e-02,2.57812500e-02
-2.59360000e-07,5.00000000e-02,1.05000000e+00,-2.62500000e-02,-9.45312500e-02
-2.59040000e-07,8.75000000e-02,9.12500000e-01,-1.12500000e-02,-7.89062500e-02
-2.58720000e-07,1.25000000e-02,9.87500000e-01,-2.12500000e-02,-9.06250000e-02
-2.58400000e-07,1.37500000e-01,9.62500000e-01,-6.87500000e-03,-1.14843750e-01
-2.58080000e-07,1.12500000e-01,1.07500000e+00,-3.87500000e-02,-1.43750000e-01
-2.57760000e-07,1.75000000e-01,1.15000000e+00,-3.81250000e-02,-1.35937500e-01
-2.57440000e-07,6.25000000e-02,1.01250000e+00,1.31250000e-02,-1.25000000e-01
-2.57120000e-07,6.25000000e-02,1.03750000e+00,-3.81250000e-02,-1.21093750e-01
-2.56800000e-07,2.50000000e-02,1.08750000e+00,-2.18750000e-02,-1.67968750e-01
-2.56480000e-07,1.37500000e-01,1.03750000e+00,-2.31250000e-02,-1.78125000e-01
-2.56160000e-07,1.37500000e-01,1.13750000e+00,-3.37500000e-02,-1.25781250e-01
-2.55840000e-07,5.00000000e-02,1.03750000e+00,-4.56250000e-02,-1.28906250e-01
-2.55520000e-07,-1.25000000e-02,1.03750000e+00,-2.75000000e-02,-1.55468750e-01
-2.55200000e-07,1.75000000e-01,1.10000000e+00,-8.75000000e-03,-6.64062500e-02
-2.54880000e-07,5.00000000e-02,1.13750000e+00,-2.50000000e-02,-4.29687500e-02
-2.54560000e-07,6.25000000e-02,1.02500000e+00,-1.68750000e-02,-1.28125000e-01
-2.54240000e-07,1.50000000e-01,1.02500000e+00,-2.25000000e-02,-1.17187500e-01
-2.53920000e-07,2.50000000e-01,1.01250000e+00,-9.37500000e-03,-1.07812500e-01
-2.53600000e-07,8.75000000e-02,1.06250000e+00,-7.50000000e-03,-1.14062500e-01
-2.53280000e-07,1.25000000e-01,9.87500000e-01,-3.62500000e-02,-1.67187500e-01
-2.52960000e-07,1.12500000e-01,1.07500000e+00,-4.06250000e-02,-1.99218750e-01
-2.52640000e-07,2.50000000e-02,1.02500000e+00,-4.31250000e-02,-1.32812500e-01
-2.52320000e-07,1.25000000e-02,1.15000000e+00,-5.31250000e-02,-4.76562500e-02
-2.52000000e-07,-2.50000000e-02,1.05000000e+00,-4.31250000e-02,-5.70312500e-02
-2.51680000e-07,8.75000000e-02,1.03750000e+00,-5.06250000e-02,-9.60937500e-02
-2.51360000e-07,2.50000000e-02,9.87500000e-01,-1.68750000e-02,-1.43750000e-01
-2.51040000e-07,3.75000000e-02,1.03750000e+00,-5.12500000e-02,-1.41406250e-01
-2.50720000e-07,0.00000000e+00,1.12500000e+00,-1.87500000e-02,-1.49218750e-01
-2.50400000e-07,2.25000000e-01,1.08750000e+00,-2.81250000e-02,-1.46875000e-01
-2.50080000e-07,1.25000000e-01,1.02500000e+00,6.25000000e-04,-1.07031250e-01
-2.49760000e-07,-3.75000000e-02,1.18750000e+00,-4.62500000e-02,-7.81250000e-03
-2.49440000e-07,8.75000000e-02,1.02500000e+00,-4.56250000e-02,3.04687500e-02
-2.49120000e-07,1.25000000e-02,1.06250000e+00,-2.00000000e-02,-3.28125000e-02
-2.48800000e-07,1.00000000e-01,1.01250000e+00,-1.37500000e-02,-4.21875000e-02
-2.48480000e-07,8.75000000e-02,1.08750000e+00,-3.37500000e-02,-4.68750000e-02
-2.48160000e-07,1.12500000e-01,9.25000000e-01,-2.18750000e-02,-1.22656250e-01
-2.47840000e-07,6.25000000e-02,1.02500000e+00,-4.43750000e-02,-1.28906250e-01
-2.47520000e-07,3.75000000e-02,1.16250000e+00,-3.37500000e-02,-9.76562500e-02
-2.47200000e-07,-2.50000000e-02,9.50000000e-01,-3.37500000e-02,-8.59375000e-02
-2.46880000e-07,1.25000000e-01,9.25000000e-01,-2.75000000e-02,-1.24218750e-01
-2.46560000e-07,2.50000000e-02,1.10000000e+00,-1.62500000e-02,-1.26562500e-01
-2.46240000e-07,-5.00000000e-02,1.15000000e+00,-2.12500000e-02,-4.92187500e-02
-2.45920000e-07,1.00000000e-01,1.30625000e+00,-5.00000000e-03,-1.34375000e-01
-2.45600000e-07,1.75000000e-01,9.37500000e-01,-4.87500000e-02,-2.31250000e-01
-2.45280000e-07,1.25000000e-01,9.50000000e-01,-4.06250000e-02,-8.90625000e-02
-2.44960000e-07,3.75000000e-02,1.06250000e+00,-3.31250000e-02,-3.12500000e-03
-2.44640000e-07,-1.25000000e-02,1.01250000e+00,-3.25000000e-02,-5.70312500e-02
-2.44320000e-07,2.25000000e-01,9.37500000e-01,-1.62500000e-02,-1.26562500e-01
-2.44000000e-07,1.50000000e-01,1.08750000e+00,-1.62500000e-02,-1.46093750e-01
-2.43680000e-07,2.00000000e-01,9.12500000e-01,-2.25000000e-02,-4.45312500e-02
-2.43360000e-07,1.75000000e-01,1.11250000e+00,-2.81250000e-02,-8.20312500e-02
-2.43040000e-07,1.37500000e-01,1.02500000e+00,-1.62500000e-02,-2.42968750e-01
-2.42720000e-07,1.50000000e-01,1.11250000e+00,-1.18750000e-02,-1.63281250e-01
-2.42400000e-07,7.50000000e-02,1.01250000e+00,-2.18750000e-02,-3.75000000e-02
-2.42080000e-07,-1.25000000e-02,1.12500000e+00,-1.75000000e-02,-9.37500000e-02
-2.41760000e-07,1.50000000e-01,1.01250000e+00,-2.81250000e-02,-1.07812500e-01
-2.41440000e-07,-2.50000000e-02,1.22500000e+00,-2.81250000e-02,-7.10937500e-02
-2.41120000e-07,1.25000000e-01,9.00000000e-01,-3.75000000e-02,7.81250000e-04
-2.40800000e-07,2.00000000e-01,1.03750000e+00,3.12500000e-03,1.09375000e-02
-2.40480000e-07,1.25000000e-01,1.06250000e+00,3.75000000e-03,-9.68750000e-02
-2.40160000e-07,0.00000000e+00,1.02500000e+00,-2.18750000e-02,-7.03125000e-02
-2.39840000e-07,1.62500000e-01,1.07500000e+00,-2.00000000e-02,-5.54687500e-02
-2.39520000e-07,1.25000000e-01,1.07500000e+00,-1.93750000e-02,-7.96875000e-02
-2.39200000e-07,1.62500000e-01,9.75000000e-01,-1.87500000e-03,-6.79687500e-02
-2.38880000e-07,1.25000000e-02,1.07500000e+00,-1.75000000e-02,-1.06250000e-01
-2.38560000e-07,1.25000000e-01,1.01250000e+00,-4.62500000e-02,-9.68750000e-02
-2.38240000e-07,6.25000000e-02,1.21250000e+00,-1.62500000e-02,-9.60937500e-02
-2.37920000e-07,2.50000000e-02,1.07500000e+00,-1.75000000e-02,-1.89843750e-01
-2.37600000e-07,3.75000000e-02,1.08750000e+00,-4.87500000e-02,-1.89843750e-01
-2.37280000e-07,8.75000000e-02,1.13750000e+00,-1.87500000e-02,-1.79687500e-01
-2.36960000e-07,1.25000000e-02,1.13750000e+00,-2.87500000e-02,-6.64062500e-02
-2.36640000e-07,1.12500000e-01,1.07500000e+00,-3.06250000e-02,-5.31250000e-02
-2.36320000e-07,1.50000000e-01,1.01250000e+00,2.31250000e-02,-9.37500000e-02
-2.36000000e-07,5.00000000e-02,9.12500000e-01,-9.37500000e-03,-5.31250000e-02
-2.35680000e-07,-5.00000000e-02,1.03750000e+00,-5.12500000e-02,-2.26562500e-02
-2.35360000e-07,8.75000000e-02,1.21250000e+00,-3.25000000e-02,-8.67187500e-02
-2.35040000e-07,1.12500000e-01,1.08750000e+00,-3.31250000e-02,-7.96875000e-02
-2.34720000e-07,8.75000000e-02,1.10000000e+00,-2.12500000e-02,-8.98437500e-02
-2.34400000e-07,2.50000000e-02,1.03750000e+00,-2.00000000e-02,-7.50000000e-02
-2.34080000e-07,1.75000000e-01,9.00000000e-01,-2.00000000e-02,-5.78125000e-02
-2.33760000e-07,3.75000000e-02,9.75000000e-01,-1.68750000e-02,-1.28906250e-01
-2.33440000e-07,7.50000000e-02,9.87500000e-01,-1.93750000e-02,-1.31250000e-01
-2.33120000e-07,6.25000000e-02,1.03750000e+00,-9.37500000e-03,-1.74218750e-01
-2.32800000e-07,1.25000000e-01,1.13750000e+00,1.31250000e-02,-1.36718750e-01
-2.32480000e-07,5.00000000e-02,1.11250000e+00,-4.37500000e-02,-1.79687500e-02
-2.32160000e-07,2.50000000e-02,1.08750000e+00,-2.56250000e-02,-6.95312500e-02
-2.31840000e-07,1.25000000e-02,1.01250000e+00,-5.00000000e-03,-1.09375000e-01
-2.31520000e-07,1.00000000e-01,1.11250000e+00,-4.25000000e-02,-1.06250000e-01
-2.31200000e-07,1.12500000e-01,1.11250000e+00,-8.75000000e-03,-1.10156250e-01
-2.30880000e-07,8.75000000e-02,1.01250000e+00,-5.06250000e-02,-8.67187500e-02
-2.30560000e-07,1.00000000e-01,1.08750000e+00,-3.62500000e-02,-2.57812500e-02
-2.30240000e-07,1.12500000e-01,1.03750000e+00,-3.87500000e-02,-8.59375000e-02
-2.29920000e-07,7.50000000e-02,1.10000000e+00,-2.12500000e-02,-1.32812500e-02
-2.29600000e-07,1.50000000e-01,1.06250000e+00,-6.87500000e-03,1.56250000e-03
-2.29280000e-07,7.50000000e-02,1.00000000e+00,1.06250000e-02,1.56250000e-02
-2.28960000e-07,1.62500000e-01,1.05000000e+00,-3.62500000e-02,-4.06250000e-02
-2.28640000e-07,1.12500000e-01,1.13750000e+00,-3.87500000e-02,-6.32812500e-02
-2.28320000e-07,5.00000000e-02,1.10000000e+00,-4.12500000e-02,-7.65625000e-02
-2.28000000e-07,7.50000000e-02,1.10000000e+00,-2.12500000e-02,-8.75000000e-02
-2.27680000e-07,1.25000000e-02,1.02500000e+00,5.62500000e-03,-6.25000000e-02
-2.27360000e-07,5.00000000e-02,1.06250000e+00,8.12500000e-03,-6.17187500e-02
-2.27040000e-07,-3.75000000e-02,1.11250000e+00,-1.93750000e-02,-1.06250000e-01
-2.26720000e-07,8.75000000e-02,9.25000000e-01,-2.18750000e-02,-7.73437500e-02
-2.26400000e-07,1.75000000e-01,9.87500000e-01,-1.68750000e-02,-5.78125000e-02
-2.26080000e-07,1.25000000e-01,1.05000000e+00,-1.87500000e-03,-3.98437500e-02
-2.25760000e-07,1.87500000e-01,1.15000000e+00,-1.43750000e-02,-5.39062500e-02
-2.25440000e-07,1.87500000e-01,1.12500000e+00,-1.43750000e-02,-3.28125000e-02
-2.25120000e-07,1.25000000e-02,1.07500000e+00,-3.62500000e-02,-5.07812500e-02
-2.24800000e-07,3.75000000e-02,1.08750000e+00,-1.93750000e-02,-1.02343750e-01
-2.24480000e-07,6.25000000e-02,1.13750000e+00,-2.31250000e-02,-5.15625000e-02
-2.24160000e-07,1.50000000e-01,9.87500000e-01,-3.37500000e-02,-5.85937500e-02
-2.23840000e-07,2.00000000e-01,1.05000000e+00,-3.06250000e-02,-5.93750000e-02
-2.23520000e-07,1.00000000e-01,1.08750000e+00,-8.75000000e-03,-6.25000000e-02
-2.23200000e-07,1.50000000e-01,9.37500000e-01,1.81250000e-02,-8.51562500e-02
-2.22880000e-07,1.25000000e-01,1.13750000e+00,-1.75000000e-02,-1.16406250e-01
-2.22560000e-07,-5.00000000e-02,1.06250000e+00,-3.62500000e-02,-7.50000000e-02
-2.22240000e-07,-8.75000000e-02,1.07500000e+00,-3.50000000e-02,-5.00000000e-02
-2.21920000e-07,6.25000000e-02,1.10000000e+00,-3.75000000e-03,-1.16406250e-01
-2.21600000e-07,7.50000000e-02,9.62500000e-01,-3.75000000e-03,-7.65625000e-02
-2.21280000e-07,1.50000000e-01,1.02500000e+00,-2.81250000e-02,-7.81250000e-04
-2.20960000e-07,3.75000000e-02,1.10000000e+00,-1.43750000e-02,-5.46875000e-02
-2.20640000e-07,1.00000000e-01,1.05000000e+00,-4.37500000e-03,-7.81250000e-03
-2.20320000e-07,-1.25000000e-02,1.10000000e+00,-2.62500000e-02,-1.17187500e-02
-2.20000000e-07,7.50000000e-02,1.00000000e+00,-3.37500000e-02,-3.75000000e-02
-2.19680000e-07,1.25000000e-01,1.10000000e+00,-1.43750000e-02,-2.96875000e-02
-2.19360000e-07,8.75000000e-02,1.16250000e+00,-2.25000000e-02,-1.34375000e-01
-2.19040000e-07,6.25000000e-02,1.03750000e+00,-3.62500000e-02,-2.26562500e-01
-2.18720000e-07,2.00000000e-01,1.10000000e+00,-3.31250000e-02,-1.96875000e-01
-2.18400000e-07,6.25000000e-02,1.17500000e+00,-1.62500000e-02,-1.44531250e-01
-2.18080000e-07,1.12500000e-01,1.07500000e+00,-6.87500000e-03,6.25000000e-03
-2.17760000e-07,5.00000000e-02,1.08750000e+00,-2.56250000e-02,4.14062500e-02
-2.17440000e-07,1.25000000e-02,1.00000000e+00,-1.25000000e-02,-9.45312500e-02
-2.17120000e-07,8.75000000e-02,1.08750000e+00,-4.37500000e-02,-1.94531250e-01
-2.16800000e-07,5.00000000e-02,1.11250000e+00,-3.06250000e-02,-3.82812500e-02
-2.16480000e-07,1.12500000e-01,9.75000000e-01,-4.06250000e-02,2.57812500e-02
-2.16160000e-07,6.25000000e-02,1.08750000e+00,-2.56250000e-02,-7.89062500e-02
-2.15840000e-07,3.75000000e-02,1.03750000e+00,-2.75000000e-02,-1.72656250e-01
-2.15520000e-07,8.75000000e-02,1.07500000e+00,-1.18750000e-02,-1.17968750e-01
-2.15200000e-07,1.37500000e-01,1.13750000e+00,-4.06250000e-02,-7.96875000e-02
-2.14880000e-07,2.50000000e-02,1.02500000e+00,-3.00000000e-02,-7.73437500e-02
-2.14560000e-07,6.25000000e-02,1.00000000e+00,-8.75000000e-03,-1.13281250e-01
-2.14240000e-07,6.25000000e-02,1.18750000e+00,5.62500000e-03,-1.24218750e-01
-2.13920000e-07,1.25000000e-01,1.10000000e+00,-3.31250000e-02,-1.60937500e-01
-2.13600000e-07,2.12500000e-01,1.11250000e+00,8.75000000e-03,-8.67187500e-02
-2.13280000e-07,5.00000000e-02,1.13750000e+00,-6.25000000e-03,-3.59375000e-02
-2.12960000e-07,3.75000000e-02,1.06250000e+00,-1.43750000e-02,-5.00000000e-02
-2.12640000e-07,2.75000000e-01,1.10000000e+00,-2.25000000e-02,-1.00781250e-01
-2.12320000e-07,3.75000000e-02,1.07500000e+00,-2.81250000e-02,-1.40625000e-01
-2.12000000e-07,1.00000000e-01,1.11250000e+00,-6.25000000e-03,-1.48437500e-01
-2.11680000e-07,3.75000000e-02,1.12500000e+00,-1.62500000e-02,-1.35937500e-01
-2.11360000e-07,1.50000000e-01,1.01250000e+00,-3.12500000e-02,-1.13281250e-01
-2.11040000e-07,-1.25000000e-02,9.87500000e-01,-5.12500000e-02,-1.89062500e-01
-2.10720000e-07,6.25000000e-02,1.21250000e+00,-4.12500000e-02,-1.80468750e-01
-2.10400000e-07,2.50000000e-02,1.19062500e+00,-3.75000000e-02,-1.57031250e-01
-2.10080000e-07,5.00000000e-02,1.22500000e+00,-1.93750000e-02,-1.34375000e-01
-2.09760000e-07,5.00000000e-02,8.62500000e-01,-3.31250000e-02,-1.86718750e-01
-2.09440000e-07,1.50000000e-01,1.01250000e+00,-1.68750000e-02,-2.19531250e-01
-2.09120000e-07,1.37500000e-01,1.13750000e+00,-2.81250000e-02,-2.14843750e-01
-2.08800000e-07,1.00000000e-01,1.03750000e+00,-1.25000000e-03,-1.00000000e-01
-2.08480000e-07,1.50000000e-01,1.01250000e+00,-3.00000000e-02,-1.02343750e-01
-2.08160000e-07,1.25000000e-02,1.07500000e+00,5.62500000e-03,-2.02343750e-01
-2.07840000e-07,1.62500000e-01,1.01250000e+00,-2.87500000e-02,-1.42187500e-01
-2.07520000e-07,2.12500000e-01,1.02500000e+00,-2.56250000e-02,-7.26562500e-02
-2.07200000e-07,2.12500000e-01,1.10000000e+00,-1.18750000e-02,-1.17187500e-01
-2.06880000e-07,1.25000000e-02,1.05000000e+00,-2.56250000e-02,-1.58593750e-01
-2.06560000e-07,-2.50000000e-02,1.02500000e+00,-3.62500000e-02,-1.37500000e-01
-2.06240000e-07,2.50000000e-02,1.06250000e+00,-1.18750000e-02,-1.28125000e-01
-2.05920000e-07,1.00000000e-01,1.06250000e+00,-2.81250000e-02,-1.02343750e-01
-2.05600000e-07,7.50000000e-02,1.10000000e+00,-6.87500000e-03,-1.15625000e-01
-2.05280000e-07,7.50000000e-02,1.10000000e+00,-2.87500000e-02,-7.57812500e-02
-2.04960000e-07,1.25000000e-01,1.02500000e+00,-3.37500000e-02,-2.81250000e-02
-2.04640000e-07,1.75000000e-01,1.06250000e+00,-1.43750000e-02,-5.54687500e-02
-2.04320000e-07,2.00000000e-01,1.10000000e+00,-1.18750000e-02,-2.02343750e-01
-2.04000000e-07,1.37500000e-01,1.13750000e+00,-1.50000000e-02,-1.96875000e-01
-2.03680000e-07,1.25000000e-01,1.08750000e+00,-2.87500000e-02,-5.23437500e-02
-2.03360000e-07,1.12500000e-01,9.87500000e-01,-3.75000000e-02,-4.68750000e-02
-2.03040000e-07,1.25000000e-02,1.11250000e+00,-6.25000000e-03,-2.18750000e-02
-2.02720000e-07,0.00000000e+00,1.06250000e+00,-4.00000000e-02,-2.03125000e-02
-2.02400000e-07,1.25000000e-02,1.08750000e+00,-1.25000000e-02,-7.57812500e-02
-2.02080000e-07,2.37500000e-01,1.00000000e+00,-2.56250000e-02,-8.20312500e-02
-2.01760000e-07,3.50000000e-01,1.17500000e+00,-1.68750000e-02,-1.08593750e-01
-2.01440000e-07,2.50000000e-01,1.11250000e+00,-1.87500000e-02,-1.57812500e-01
-2.01120000e-07,-1.25000000e-02,1.12500000e+00,-6.87500000e-03,-1.16406250e-01
-2.00800000e-07,-6.25000000e-02,1.07500000e+00,-3.12500000e-02,-7.10937500e-02
-2.00480000e-07,-3.75000000e-02,9.87500000e-01,-3.06250000e-02,-7.18750000e-02
-2.00160000e-07,2.12500000e-01,1.02500000e+00,-3.12500000e-02,-1.08593750e-01
-1.99840000e-07,2.50000000e-01,1.16250000e+00,-3.81250000e-02,-8.67187500e-02
-1.99520000e-07,-1.25000000e-02,1.02500000e+00,-1.93750000e-02,-2.57812500e-02
-1.99200000e-07,1.25000000e-02,9.12500000e-01,-1.93750000e-02,-1.40625000e-02
-1.98880000e-07,8.75000000e-02,1.03750000e+00,-1.43750000e-02,-8.59375000e-02
-1.98560000e-07,2.37500000e-01,1.10000000e+00,-2.00000000e-02,-1.24218750e-01
-1.98240000e-07,6.25000000e-02,1.07500000e+00,-5.12500000e-02,7.81250000e-03
-1.97920000e-07,1.12500000e-01,1.06250000e+00,-1.87500000e-02,-5.85937500e-02
-1.97600000e-07,6.25000000e-02,9.00000000e-01,-3.62500000e-02,-1.11718750e-01
-1.97280000e-07,3.75000000e-02,1.03750000e+00,-2.25000000e-02,-7.26562500e-02
-1.96960000e-07,5.00000000e-02,1.05000000e+00,-3.18750000e-02,-1.77343750e-01
-1.96640000e-07,1.25000000e-02,9.87500000e-01,-3.81250000e-02,-1.77343750e-01
-1.96320000e-07,5.00000000e-02,1.15000000e+00,-3.25000000e-02,-7.10937500e-02
-1.96000000e-07,2.12500000e-01,1.10000000e+00,-1.68750000e-02,-1.87500000e-02
-1.95680000e-07,8.75000000e-02,1.18750000e+00,-4.31250000e-02,0.00000000e+00
-1.95360000e-07,3.75000000e-02,1.20000000e+00,-8.75000000e-03,-1.10937500e-01
-1.95040000e-07,2.50000000e-02,1.13750000e+00,-1.93750000e-02,-1.20312500e-01
-1.94720000e-07,3.75000000e-02,1.11250000e+00,-1.00000000e-02,-6.17187500e-02
-1.94400000e-07,6.25000000e-02,1.01250000e+00,-3.62500000e-02,-6.64062500e-02
-1.94080000e-07,2.50000000e-02,1.00000000e+00,-4.56250000e-02,-9.92187500e-02
-1.93760000e-07,1.12500000e-01,1.11250000e+00,-3.00000000e-02,-9.68750000e-02
-1.93440000e-07,1.00000000e-01,1.08750000e+00,-1.12500000e-02,-9.76562500e-02
-1.93120000e-07,1.25000000e-01,1.07500000e+00,-1.12500000e-02,-1.35156250e-01
-1.92800000e-07,1.25000000e-01,1.17500000e+00,-2.00000000e-02,-1.11718750e-01
-1.92480000e-07,7.50000000e-02,7.75000000e-01,-3.62500000e-02,-4.37500000e-02
-1.92160000e-07,3.75000000e-02,9.87500000e-01,-2.81250000e-02,-9.53125000e-02
-1.91840000e-07,6.25000000e-02,1.15000000e+00,-3.50000000e-02,-1.07812500e-01
-1.91520000e-07,5.00000000e-02,1.15000000e+00,-1.93750000e-02,-1.05468750e-01
-1.91200000e-07,8.75000000e-02,1.03750000e+00,-3.56250000e-02,-2.50000000e-02
-1.90880000e-07,6.25000000e-02,1.03750000e+00,-3.06250000e-02,-3.12500000e-02
-1.90560000e-07,6.25000000e-02,9.50000000e-01,-4.00000000e-02,-7.03125000e-02
-1.90240000e-07,2.50000000e-02,1.06250000e+00,-6.25000000e-03,-8.67187500e-02
-1.89920000e-07,8.75000000e-02,1.00000000e+00,-1.87500000e-02,-1.79687500e-01
-1.89600000e-07,6.25000000e-02,1.17500000e+00,-2.62500000e-02,-1.82031250e-01
-1.89280000e-07,1.25000000e-02,1.07500000e+00,-3.12500000e-02,-1.10156250e-01
-1.88960000e-07,1.25000000e-01,1.01250000e+00,-4.12500000e-02,-5.93750000e-02
-1.88640000e-07,1.00000000e-01,9.75000000e-01,3.75000000e-03,-3.28125000e-02
-1.88320000e-07,1.37500000e-01,1.17500000e+00,8.12500000e-03,-6.95312500e-02
-1.88000000e-07,2.00000000e-01,1.23750000e+00,-3.31250000e-02,-1.40625000e-02
-1.87680000e-07,1.75000000e-01,1.07500000e+00,6.25000000e-04,-1.10156250e-01
-1.87360000e-07,1.37500000e-01,1.00000000e+00,-1.00000000e-02,-1.25781250e-01
-1.87040000e-07,2.25000000e-01,1.08750000e+00,-3.12500000e-02,-4.84375000e-02
-1.86720000e-07,1.12500000e-01,9.62500000e-01,-1.62500000e-02,-5.00000000e-02
-1.86400000e-07,-6.25000000e-02,1.13750000e+00,-2.56250000e-02,-1.25000000e-02
-1.86080000e-07,-3.75000000e-02,1.06250000e+00,-1.18750000e-02,-6.01562500e-02
-1.85760000e-07,1.00000000e-01,1.00000000e+00,-2.00000000e-02,-1.18750000e-01
-1.85440000e-07,1.12500000e-01,1.02500000e+00,-2.18750000e-02,-5.93750000e-02
-1.85120000e-07,1.12500000e-01,1.07500000e+00,-2.00000000e-02,-6.17187500e-02
-1.84800000e-07,6.25000000e-02,9.75000000e-01,-3.12500000e-02,-1.07031250e-01
-1.84480000e-07,1.12500000e-01,1.17500000e+00,-2.75000000e-02,-1.32031250e-01
-1.84160000e-07,7.50000000e-02,1.02500000e+00,-1.12500000e-02,-1.33593750e-01
-1.83840000e-07,1.00000000e-01,9.25000000e-01,-1.37500000e-02,-1.00000000e-01
-1.83520000e-07,-2.50000000e-02,1.12500000e+00,-6.87500000e-03,-1.53906250e-01
-1.83200000e-07,0.00000000e+00,1.12500000e+00,-1.18750000e-02,-1.47656250e-01
-1.82880000e-07,5.00000000e-02,1.01250000e+00,-6.87500000e-03,-3.98437500e-02
-1.82560000e-07,2.00000000e-01,1.10000000e+00,6.25000000e-04,-6.25000000e-03
-1.82240000e-07,1.87500000e-01,1.10000000e+00,-2.81250000e-02,-1.07812500e-01
-1.81920000e-07,5.00000000e-02,1.06250000e+00,-3.62500000e-02,-1.17187500e-01
-1.81600000e-07,6.25000000e-02,9.75000000e-01,-2.18750000e-02,-1.85937500e-01
-1.81280000e-07,2.12500000e-01,1.05000000e+00,-1.25000000e-02,-2.05468750e-01
-1.80960000e-07,1.25000000e-02,1.12500000e+00,-9.37500000e-03,-1.46875000e-01
-1.80640000e-07,1.12500000e-01,1.10000000e+00,-7.50000000e-03,-1.79687500e-02
-1.80320000e-07,1.87500000e-01,1.10000000e+00,-5.62500000e-02,-7.89062500e-02
-1.80000000e-07,2.00000000e-01,1.07500000e+00,-2.50000000e-02,-1.62500000e-01
-1.79680000e-07,2.75000000e-01,1.01250000e+00,-6.25000000e-03,-1.03125000e-01
-1.79360000e-07,5.00000000e-02,1.05000000e+00,-1.93750000e-02,-1.28125000e-01
-1.79040000e-07,1.62500000e-01,1.02500000e+00,-3.81250000e-02,-7.18750000e-02
-1.78720000e-07,1.62500000e-01,9.50000000e-01,-1.87500000e-02,-7.73437500e-02
-1.78400000e-07,-5.00000000e-02,1.06250000e+00,6.25000000e-03,-6.09375000e-02
-1.78080000e-07,-3.75000000e-02,1.13750000e+00,-4.37500000e-03,-7.57812500e-02
-1.77760000e-07,1.37500000e-01,1.06250000e+00,-3.12500000e-02,-1.41406250e-01
-1.77440000e-07,1.37500000e-01,1.07500000e+00,-4.62500000e-02,-1.78125000e-01
-1.77120000e-07,7.50000000e-02,1.01250000e+00,-1.68750000e-02,-1.34375000e-01
-1.76800000e-07,0.00000000e+00,1.07500000e+00,-1.68750000e-02,-7.96875000e-02
-1.76480000e-07,8.75000000e-02,1.00000000e+00,0.00000000e+00,-9.37500000e-02
-1.76160000e-07,1.12500000e-01,9.37500000e-01,-4.87500000e-02,-1.14062500e-01
-1.75840000e-07,6.25000000e-02,1.10000000e+00,-1.37500000e-02,-2.81250000e-02
-1.75520000e-07,-2.50000000e-02,1.00000000e+00,-6.87500000e-03,-5.39062500e-02
-1.75200000e-07,1.25000000e-01,1.01250000e+00,-3.12500000e-02,-1.20312500e-01
-1.74880000e-07,1.00000000e-01,1.15000000e+00,-3.12500000e-02,-4.76562500e-02
-1.74560000e-07,1.37500000e-01,1.02500000e+00,-3.62500000e-02,-3.43750000e-02
-1.74240000e-07,1.12500000e-01,9.87500000e-01,-4.31250000e-02,-7.65625000e-02
-1.73920000e-07,5.00000000e-02,1.02500000e+00,-2.12500000e-02,-9.53125000e-02
-1.73600000e-07,3.75000000e-02,1.13750000e+00,-2.87500000e-02,-5.93750000e-02
-1.73280000e-07,5.00000000e-02,1.01250000e+00,-3.12500000e-02,-4.14062500e-02
-1.72960000e-07,7.50000000e-02,1.03750000e+00,-3.87500000e-02,-6.09375000e-02
-1.72640000e-07,1.25000000e-01,9.25000000e-01,-2.18750000e-02,-6.17187500e-02
-1.72320000e-07,1.00000000e-01,1.02500000e+00,-3.62500000e-02,-1.17968750e-01
-1.72000000e-07,8.75000000e-02,9.75000000e-01,-4.31250000e-02,-5.93750000e-02
-1.71680000e-07,1.37500000e-01,1.10000000e+00,-3.56250000e-02,-2.42187500e-02
-1.71360000e-07,1.00000000e-01,9.37500000e-01,-1.87500000e-02,-1.03906250e-01
-1.71040000e-07,0.00000000e+00,9.87500000e-01,-1.75000000e-02,-1.48437500e-01
-1.70720000e-07,2.50000000e-02,9.37500000e-01,-9.37500000e-03,-4.45312500e-02
-1.70400000e-07,5.00000000e-02,1.11250000e+00,1.00000000e-02,-1.07812500e-01
-1.70080000e-07,3.75000000e-02,1.05000000e+00,-4.87500000e-02,-1.95312500e-01
-1.69760000e-07,6.25000000e-02,1.03750000e+00,-2.81250000e-02,-2.66406250e-01
-1.69440000e-07,6.25000000e-02,1.01250000e+00,-3.56250000e-02,-1.94531250e-01
-1.69120000e-07,8.75000000e-02,1.11250000e+00,-4.31250000e-02,-2.65625000e-02
-1.68800000e-07,1.12500000e-01,9.75000000e-01,-1.12500000e-02,-1.07812500e-01
-1.68480000e-07,1.62500000e-01,1.08750000e+00,-6.87500000e-03,-1.07812500e-01
-1.68160000e-07,1.75000000e-01,1.05000000e+00,-1.18750000e-02,-6.01562500e-02
-1.67840000e-07,1.25000000e-02,1.00000000e+00,6.25000000e-04,-1.00781250e-01
-1.67520000e-07,1.37500000e-01,1.05000000e+00,-1.25000000e-02,-1.08593750e-01
-1.67200000e-07,5.00000000e-02,1.08750000e+00,-3.87500000e-02,-3.35937500e-02
-1.66880000e-07,7.50000000e-02,1.01250000e+00,-3.31250000e-02,-3.12500000e-02
-1.66560000e-07,8.75000000e-02,1.06250000e+00,-5.81250000e-02,-1.00000000e-01
-1.66240000e-07,7.50000000e-02,1.06250000e+00,-3.25000000e-02,-1.03125000e-01
-1.65920000e-07,-5.00000000e-02,1.02500000e+00,-3.75000000e-03,-1.63281250e-01
-1.65600000e-07,1.00000000e-01,1.11250000e+00,-1.18750000e-02,-1.07812500e-01
-1.65280000e-07,7.50000000e-02,1.12500000e+00,-4.12500000e-02,-5.07812500e-02
-1.64960000e-07,8.75000000e-02,1.12500000e+00,-1.12500000e-02,-8.75000000e-02
-1.64640000e-07,8.75000000e-02,1.01250000e+00,-2.25000000e-02,-1.27343750e-01
-1.64320000e-07,1.12500000e-01,9.87500000e-01,-2.62500000e-02,-7.34375000e-02
-1.64000000e-07,3.75000000e-02,1.08750000e+00,-1.62500000e-02,-1.42968750e-01
-1.63680000e-07,-2.50000000e-02,1.11250000e+00,-2.56250000e-02,-1.38281250e-01
-1.63360000e-07,1.50000000e-01,1.02500000e+00,3.12500000e-03,-8.51562500e-02
-1.63040000e-07,2.50000000e-02,1.12500000e+00,-3.12500000e-02,-6.87500000e-02
-1.62720000e-07,-7.50000000e-02,1.12500000e+00,-2.18750000e-02,-6.17187500e-02
-1.62400000e-07,1.50000000e-01,1.05000000e+00,-3.37500000e-02,-1.28906250e-01
-1.62080000e-07,1.87500000e-01,1.20000000e+00,-1.25000000e-02,-1.86718750e-01
-1.61760000e-07,3.75000000e-02,9.50000000e-01,-3.06250000e-02,-1.39843750e-01
-1.61440000e-07,0.00000000e+00,9.37500000e-01,-6.87500000e-03,-1.10937500e-01
-1.61120000e-07,-6.25000000e-02,1.08750000e+00,-4.81250000e-02,-1.63281250e-01
-1.60800000e-07,1.00000000e-01,9.87500000e-01,-1.87500000e-02,-1.07031250e-01
-1.60480000e-07,1.62500000e-01,1.07500000e+00,-2.18750000e-02,-6.95312500e-02
-1.60160000e-07,0.00000000e+00,1.03750000e+00,-1.43750000e-02,-6.17187500e-02
-1.59840000e-07,1.87500000e-01,1.00000000e+00,-4.12500000e-02,-4.37500000e-02
-1.59520000e-07,7.50000000e-02,1.05000000e+00,-4.37500000e-02,-8.20312500e-02
-1.59200000e-07,1.75000000e-01,1.12500000e+00,-2.00000000e-02,-1.14062500e-01
-1.58880000e-07,8.75000000e-02,1.08750000e+00,-5.62500000e-02,-8.90625000e-02
-1.58560000e-07,1.25000000e-02,9.50000000e-01,-3.50000000e-02,-1.00781250e-01
-1.58240000e-07,0.00000000e+00,1.01250000e+00,-1.25000000e-03,-1.67968750e-01
-1.57920000e-07,2.12500000e-01,1.08750000e+00,6.25000000e-03,-1.57031250e-01
-1.57600000e-07,1.25000000e-02,1.08750000e+00,-2.62500000e-02,-4.21875000e-02
-1.57280000e-07,8.75000000e-02,1.05000000e+00,-2.56250000e-02,-7.81250000e-02
-1.56960000e-07,1.50000000e-01,1.12500000e+00,-2.62500000e-02,-1.53906250e-01
-1.56640000e-07,1.25000000e-01,1.05000000e+00,-3.56250000e-02,-1.40625000e-01
-1.56320000e-07,7.50000000e-02,1.03750000e+00,-4.12500000e-02,-1.14843750e-01
-1.56000000e-07,3.75000000e-02,1.05000000e+00,-4.31250000e-02,-1.22656250e-01
-1.55680000e-07,6.25000000e-02,1.10000000e+00,-1.43750000e-02,-1.35937500e-01
-1.55360000e-07,1.75000000e-01,9.87500000e-01,-1.68750000e-02,-1.56250000e-01
-1.55040000e-07,8.75000000e-02,1.11250000e+00,-9.37500000e-03,-2.07031250e-01
-1.54720000e-07,5.00000000e-02,1.07500000e+00,-3.87500000e-02,-6.01562500e-02
-1.54400000e-07,1.62500000e-01,1.05000000e+00,-3.56250000e-02,-1.56250000e-03
-1.54080000e-07,1.75000000e-01,1.03750000e+00,-2.25000000e-02,-1.10156250e-01
-1.53760000e-07,1.87500000e-01,1.02500000e+00,-3.31250000e-02,-1.27343750e-01
-1.53440000e-07,6.25000000e-02,1.01250000e+00,-3.75000000e-02,-1.34375000e-01
-1.53120000e-07,1.50000000e-01,1.11250000e+00,-9.37500000e-03,-1.32812500e-01
-1.52800000e-07,1.00000000e-01,9.37500000e-01,-4.31250000e-02,-7.96875000e-02
-1.52480000e-07,3.75000000e-02,8.87500000e-01,-4.50000000e-02,-6.25000000e-03
-1.52160000e-07,1.12500000e-01,1.08750000e+00,1.12500000e-02,1.48437500e-02
-1.51840000e-07,8.75000000e-02,1.03750000e+00,-2.18750000e-02,-1.00781250e-01
-1.51520000e-07,0.00000000e+00,1.01250000e+00,-3.87500000e-02,-9.84375000e-02
-1.51200000e-07,1.25000000e-01,1.13750000e+00,-4.06250000e-02,-1.03125000e-01
-1.50880000e-07,1.12500000e-01,1.08750000e+00,-3.31250000e-02,-1.45312500e-01
-1.50560000e-07,-5.00000000e-02,1.13750000e+00,-3.31250000e-02,-4.84375000e-02
-1.50240000e-07,1.00000000e-01,1.10000000e+00,-2.18750000e-02,-2.81250000e-02
-1.49920000e-07,2.50000000e-02,1.02500000e+00,-2.81250000e-02,-2.96875000e-02
-1.49600000e-07,1.25000000e-02,1.10000000e+00,3.75000000e-03,-8.28125000e-02
-1.49280000e-07,8.75000000e-02,1.12500000e+00,-8.75000000e-03,-9.37500000e-02
-1.48960000e-07,7.50000000e-02,1.12500000e+00,-2.87500000e-02,-8.04687500e-02
-1.48640000e-07,5.00000000e-02,9.50000000e-01,-3.93750000e-02,-1.42187500e-01
-1.48320000e-07,1.87500000e-01,1.10000000e+00,-5.87500000e-02,-4.29687500e-02
-1.48000000e-07,7.50000000e-02,1.21250000e+00,-3.56250000e-02,-1.95312500e-02
-1.47680000e-07,2.50000000e-02,1.20000000e+00,-1.50000000e-02,-1.05468750e-01
-1.47360000e-07,1.37500000e-01,1.07500000e+00,-3.62500000e-02,-8.20312500e-02
-1.47040000e-07,1.12500000e-01,1.02500000e+00,-3.00000000e-02,-1.14062500e-01
-1.46720000e-07,5.00000000e-02,1.12500000e+00,3.75000000e-03,-1.25000000e-01
-1.46400000e-07,2.50000000e-01,1.02500000e+00,-3.81250000e-02,-8.59375000e-02
-1.46080000e-07,1.37500000e-01,1.05000000e+00,-5.37500000e-02,5.46875000e-03
-1.45760000e-07,1.00000000e-01,1.02500000e+00,-6.87500000e-03,-2.65625000e-02
-1.45440000e-07,0.00000000e+00,1.01250000e+00,-2.56250000e-02,-1.16406250e-01
-1.45120000e-07,5.00000000e-02,1.11250000e+00,3.12500000e-03,-8.04687500e-02
-1.44800000e-07,1.00000000e-01,1.15000000e+00,-2.00000000e-02,-9.29687500e-02
-1.44480000e-07,1.50000000e-01,1.12500000e+00,-4.12500000e-02,-9.14062500e-02
-1.44160000e-07,-5.00000000e-02,1.11250000e+00,-3.00000000e-02,-1.79687500e-02
-1.43840000e-07,6.25000000e-02,8.75000000e-01,-1.87500000e-02,-7.89062500e-02
-1.43520000e-07,1.87500000e-01,1.11250000e+00,-1.25000000e-03,-1.53906250e-01
-1.43200000e-07,6.25000000e-02,1.03750000e+00,-3.31250000e-02,-1.68750000e-01
-1.42880000e-07,5.00000000e-02,1.02500000e+00,-6.87500000e-03,-9.29687500e-02
-1.42560000e-07,6.25000000e-02,1.03750000e+00,-1.68750000e-02,-3.28125000e-02
-1.42240000e-07,3.75000000e-02,1.15000000e+00,-4.37500000e-03,-7.10937500e-02
-1.41920000e-07,8.75000000e-02,1.12500000e+00,-4.12500000e-02,-8.67187500e-02
-1.41600000e-07,8.75000000e-02,9.25000000e-01,-5.37500000e-02,-1.22656250e-01
-1.41280000e-07,1.75000000e-01,9.12500000e-01,-4.12500000e-02,-1.28906250e-01
-1.40960000e-07,1.62500000e-01,1.11250000e+00,-1.93750000e-02,-8.28125000e-02
-1.40640000e-07,2.50000000e-02,1.03750000e+00,-3.37500000e-02,-1.07812500e-01
-1.40320000e-07,-7.50000000e-02,1.06250000e+00,-4.31250000e-02,-6.56250000e-02
-1.40000000e-07,1.12500000e-01,1.08750000e+00,-3.56250000e-02,-3.82812500e-02
-1.39680000e-07,8.75000000e-02,1.15000000e+00,-3.31250000e-02,-3.75000000e-02
-1.39360000e-07,1.62500000e-01,1.11250000e+00,-2.50000000e-02,-6.25000000e-02
-1.39040000e-07,3.75000000e-02,1.11250000e+00,-2.18750000e-02,-7.73437500e-02
-1.38720000e-07,1.25000000e-01,9.87500000e-01,-4.25000000e-02,-1.32031250e-01
-1.38400000e-07,1.62500000e-01,9.62500000e-01,-9.37500000e-03,-1.99218750e-01
-1.38080000e-07,1.12500000e-01,1.01250000e+00,-3.06250000e-02,-1.79687500e-01
-1.37760000e-07,-1.25000000e-02,9.75000000e-01,-2.81250000e-02,-2.00000000e-01
-1.37440000e-07,1.25000000e-01,1.12500000e+00,-4.31250000e-02,-1.42968750e-01
-1.37120000e-07,1.25000000e-02,1.00000000e+00,-3.25000000e-02,-1.21875000e-01
-1.36800000e-07,1.25000000e-01,1.05000000e+00,-4.81250000e-02,-1.27343750e-01
-1.36480000e-07,8.75000000e-02,1.06250000e+00,-1.62500000e-02,-8.35937500e-02
-1.36160000e-07,5.00000000e-02,1.05000000e+00,0.00000000e+00,-1.05468750e-01
-1.35840000e-07,2.12500000e-01,1.08750000e+00,-1.43750000e-02,-6.79687500e-02
-1.35520000e-07,1.62500000e-01,9.87500000e-01,-1.00000000e-02,-8.12500000e-02
-1.35200000e-07,1.25000000e-01,1.06250000e+00,-4.87500000e-02,-1.47656250e-01
-1.34880000e-07,-2.50000000e-02,1.12500000e+00,-5.31250000e-02,-1.63281250e-01
-1.34560000e-07,-1.00000000e-01,1.07500000e+00,-1.37500000e-02,-1.48437500e-01
-1.34240000e-07,1.62500000e-01,1.12500000e+00,-1.50000000e-02,-1.10156250e-01
-1.33920000e-07,1.00000000e-01,1.02500000e+00,-4.37500000e-02,-1.63281250e-01
-1.33600000e-07,7.50000000e-02,9.87500000e-01,-4.81250000e-02,-1.28906250e-01
-1.33280000e-07,1.00000000e-01,1.16250000e+00,-1.62500000e-02,-1.01562500e-01
-1.32960000e-07,1.00000000e-01,1.10000000e+00,-3.87500000e-02,-8.82812500e-02
-1.32640000e-07,7.50000000e-02,1.03750000e+00,-4.62500000e-02,-1.19531250e-01
-1.32320000e-07,1.12500000e-01,1.11250000e+00,6.25000000e-04,-1.12500000e-01
-1.32000000e-07,1.00000000e-01,1.06250000e+00,-2.87500000e-02,-1.14843750e-01
-1.31680000e-07,2.37500000e-01,1.00000000e+00,-3.06250000e-02,-6.71875000e-02
-1.31360000e-07,1.25000000e-01,9.87500000e-01,-6.87500000e-03,-1.42187500e-01
-1.31040000e-07,2.50000000e-01,1.13750000e+00,-3.56250000e-02,-1.17187500e-01
-1.30720000e-07,1.12500000e-01,1.06250000e+00,-4.87500000e-02,-1.13281250e-01
-1.30400000e-07,-1.25000000e-02,9.62500000e-01,-4.37500000e-03,-7.50000000e-02
-1.30080000e-07,1.25000000e-02,9.50000000e-01,-1.75000000e-02,-8.28125000e-02
-1.29760000e-07,1.12500000e-01,1.07500000e+00,-2.62500000e-02,-7.18750000e-02
-1.29440000e-07,1.00000000e-01,1.00000000e+00,-3.81250000e-02,-6.32812500e-02
-1.29120000e-07,2.12500000e-01,1.03750000e+00,-4.25000000e-02,-1.56250000e-02
-1.28800000e-07,2.50000000e-02,9.75000000e-01,-3.75000000e-03,-3.43750000e-02
-1.28480000e-07,5.00000000e-02,1.01250000e+00,-1.37500000e-02,-8.67187500e-02
-1.28160000e-07,1.50000000e-01,1.15000000e+00,1.06250000e-02,-9.84375000e-02
-1.27840000e-07,1.75000000e-01,9.00000000e-01,-2.62500000e-02,-9.37500000e-02
-1.27520000e-07,1.50000000e-01,1.03750000e+00,-6.18750000e-02,-3.12500000e-03
-1.27200000e-07,2.50000000e-02,9.25000000e-01,-7.00000000e-02,5.78125000e-02
-1.26880000e-07,-7.50000000e-02,1.00000000e+00,-1.37500000e-02,2.34375000e-02
-1.26560000e-07,1.50000000e-01,1.13750000e+00,-4.43750000e-02,-1.87500000e-02
-1.26240000e-07,7.50000000e-02,1.20000000e+00,-2.25000000e-02,-7.96875000e-02
-1.25920000e-07,2.00000000e-01,1.05000000e+00,-5.93750000e-02,6.25000000e-03
-1.25600000e-07,-3.75000000e-02,1.02500000e+00,-3.56250000e-02,3.90625000e-02
-1.25280000e-07,0.00000000e+00,1.05000000e+00,-2.81250000e-02,-2.57812500e-02
-1.24960000e-07,1.62500000e-01,1.07500000e+00,-2.81250000e-02,-1.51562500e-01
-1.24640000e-07,1.25000000e-01,1.06250000e+00,-3.81250000e-02,-1.27343750e-01
-1.24320000e-07,3.75000000e-02,1.08750000e+00,-3.31250000e-02,-1.32031250e-01
-1.24000000e-07,1.62500000e-01,1.15000000e+00,-3.06250000e-02,-8.90625000e-02
-1.23680000e-07,1.00000000e-01,1.07500000e+00,-3.00000000e-02,-6.17187500e-02
-1.23360000e-07,1.87500000e-01,1.01250000e+00,-2.12500000e-02,2.18750000e-02
-1.23040000e-07,1.12500000e-01,1.02500000e+00,-1.68750000e-02,3.90625000e-03
-1.22720000e-07,1.00000000e-01,1.03750000e+00,-5.12500000e-02,-1.12500000e-01
-1.22400000e-07,2.00000000e-01,1.08750000e+00,-1.25000000e-03,-1.12500000e-01
-1.22080000e-07,1.37500000e-01,1.10000000e+00,-1.75000000e-02,-9.76562500e-02
-1.21760000e-07,-2.50000000e-02,9.50000000e-01,-3.37500000e-02,-5.00000000e-02
-1.21440000e-07,1.62500000e-01,9.62500000e-01,-7.43750000e-02,-6.01562500e-02
-1.21120000e-07,1.50000000e-01,1.10000000e+00,-3.56250000e-02,-7.81250000e-02
-1.20800000e-07,1.25000000e-01,1.07500000e+00,-5.56250000e-02,-1.64062500e-02
-1.20480000e-07,7.50000000e-02,1.06250000e+00,-1.12500000e-02,-1.64062500e-02
-1.20160000e-07,1.00000000e-01,9.00000000e-01,-9.37500000e-03,-1.17187500e-02
-1.19840000e-07,1.50000000e-01,1.13750000e+00,-1.68750000e-02,-1.64062500e-02
-1.19520000e-07,0.00000000e+00,1.23750000e+00,-1.68750000e-02,-1.64062500e-02
-1.19200000e-07,1.00000000e-01,1.08750000e+00,-2.18750000e-02,8.59375000e-03
-1.18880000e-07,2.00000000e-01,1.00000000e+00,-2.87500000e-02,2.42187500e-02
-1.18560000e-07,1.37500000e-01,1.08750000e+00,-2.87500000e-02,2.03125000e-02
-1.18240000e-07,2.50000000e-01,9.12500000e-01,-6.37500000e-02,-3.59375000e-02
-1.17920000e-07,8.75000000e-02,1.03750000e+00,-2.81250000e-02,-3.59375000e-02
-1.17600000e-07,1.00000000e-01,1.06250000e+00,-3.81250000e-02,4.92187500e-02
-1.17280000e-07,1.25000000e-01,9.37500000e-01,-2.75000000e-02,5.62500000e-02
-1.16960000e-07,7.50000000e-02,1.11250000e+00,-8.75000000e-03,-8.04687500e-02
-1.16640000e-07,2.50000000e-02,1.01250000e+00,-4.06250000e-02,-1.07031250e-01
-1.16320000e-07,2.50000000e-02,9.87500000e-01,-2.81250000e-02,-5.93750000e-02
-1.16000000e-07,1.25000000e-02,1.07500000e+00,-2.62500000e-02,-1.35156250e-01
-1.15680000e-07,7.50000000e-02,1.03750000e+00,-4.81250000e-02,-6.32812500e-02
-1.15360000e-07,1.62500000e-01,1.01250000e+00,-4.37500000e-02,-2.73437500e-02
-1.15040000e-07,1.25000000e-01,1.02500000e+00,-5.06250000e-02,-2.18750000e-02
-1.14720000e-07,1.25000000e-02,1.07500000e+00,-5.81250000e-02,-5.93750000e-02
-1.14400000e-07,7.50000000e-02,1.11250000e+00,-3.75000000e-03,-1.24218750e-01
-1.14080000e-07,-3.75000000e-02,1.03750000e+00,-1.50000000e-02,-5.93750000e-02
-1.13760000e-07,0.00000000e+00,1.15000000e+00,-3.37500000e-02,-3.90625000e-02
-1.13440000e-07,1.25000000e-01,1.08750000e+00,-3.56250000e-02,-1.71875000e-01
-1.13120000e-07,-3.75000000e-02,1.08750000e+00,-3.25000000e-02,-1.39062500e-01
-1.12800000e-07,1.62500000e-01,1.17500000e+00,-1.12500000e-02,-4.76562500e-02
-1.12480000e-07,6.25000000e-02,1.00000000e+00,-3.81250000e-02,-1.03125000e-01
-1.12160000e-07,0.00000000e+00,1.02500000e+00,-3.87500000e-02,-1.95312500e-01
-1.11840000e-07,2.00000000e-01,1.18750000e+00,-2.56250000e-02,-9.29687500e-02
-1.11520000e-07,2.50000000e-02,1.03750000e+00,-1.62500000e-02,-2.57812500e-02
-1.11200000e-07,1.25000000e-02,1.05000000e+00,-1.87500000e-02,-2.50000000e-02
-1.10880000e-07,2.00000000e-01,1.12500000e+00,-1.18750000e-02,-5.39062500e-02
-1.10560000e-07,2.12500000e-01,1.11250000e+00,-1.75000000e-02,-1.18750000e-01
-1.10240000e-07,1.37500000e-01,1.07500000e+00,-3.37500000e-02,-1.36718750e-01
-1.09920000e-07,1.25000000e-01,9.37500000e-01,-2.18750000e-02,-1.76562500e-01
-1.09600000e-07,8.75000000e-02,9.75000000e-01,-3.81250000e-02,-6.32812500e-02
-1.09280000e-07,1.12500000e-01,1.05000000e+00,-6.87500000e-03,-5.31250000e-02
-1.08960000e-07,1.12500000e-01,1.01250000e+00,-4.06250000e-02,-1.71093750e-01
-1.08640000e-07,1.75000000e-01,1.03750000e+00,-1.37500000e-02,-1.75000000e-01
-1.08320000e-07,1.25000000e-02,1.03750000e+00,-2.00000000e-02,-9.21875000e-02
-1.08000000e-07,8.75000000e-02,9.25000000e-01,-6.12500000e-02,-6.64062500e-02
-1.07680000e-07,7.50000000e-02,1.06250000e+00,-1.62500000e-02,-7.26562500e-02
-1.07360000e-07,1.25000000e-01,9.25000000e-01,-2.18750000e-02,-9.68750000e-02
-1.07040000e-07,-1.25000000e-02,1.02500000e+00,-3.37500000e-02,-7.73437500e-02
-1.06720000e-07,7.50000000e-02,9.25000000e-01,-4.81250000e-02,-1.35156250e-01
-1.06400000e-07,7.50000000e-02,1.12500000e+00,2.06250000e-02,-1.23437500e-01
-1.06080000e-07,1.87500000e-01,1.02500000e+00,-1.93750000e-02,-6.32812500e-02
-1.05760000e-07,1.12500000e-01,1.16250000e+00,-3.31250000e-02,-1.14062500e-01
-1.05440000e-07,1.62500000e-01,9.50000000e-01,1.25000000e-03,-9.84375000e-02
-1.05120000e-07,1.37500000e-01,1.08750000e+00,-2.56250000e-02,-1.15625000e-01
-1.04800000e-07,1.37500000e-01,1.08750000e+00,-5.37500000e-02,-9.60937500e-02
-1.04480000e-07,-8.75000000e-02,1.12500000e+00,-3.12500000e-02,-1.37500000e-01
-1.04160000e-07,1.37500000e-01,1.16250000e+00,-3.31250000e-02,-1.57031250e-01
-1.03840000e-07,1.12500000e-01,1.08750000e+00,-2.18750000e-02,-1.39843750e-01
-1.03520000e-07,1.00000000e-01,1.07500000e+00,-2.87500000e-02,-8.98437500e-02
-1.03200000e-07,5.00000000e-02,1.08750000e+00,-1.87500000e-02,-9.92187500e-02
-1.02880000e-07,2.50000000e-01,1.07500000e+00,-1.18750000e-02,-9.45312500e-02
-1.02560000e-07,1.37500000e-01,1.13750000e+00,-2.18750000e-02,-1.37500000e-01
-1.02240000e-07,-3.75000000e-02,1.07500000e+00,-1.93750000e-02,-1.12500000e-01
-1.01920000e-07,1.25000000e-02,1.08750000e+00,-2.87500000e-02,-4.76562500e-02
-1.01600000e-07,1.87500000e-01,1.13750000e+00,-1.68750000e-02,-3.28125000e-02
-1.01280000e-07,1.12500000e-01,1.15000000e+00,-1.31250000e-02,-7.73437500e-02
-1.00960000e-07,2.25000000e-01,1.06250000e+00,-3.87500000e-02,-1.03125000e-01
-1.00640000e-07,2.75000000e-01,1.08750000e+00,-5.06250000e-02,-1.21875000e-01
-1.00320000e-07,2.00000000e-01,1.01250000e+00,-3.00000000e-02,-9.60937500e-02
-1.00000000e-07,1.12500000e-01,1.05000000e+00,-1.43750000e-02,-1.58593750e-01
-9.96800000e-08,1.37500000e-01,1.03750000e+00,-1.87500000e-02,-1.44531250e-01
-9.93600000e-08,1.25000000e-01,1.18750000e+00,-1.50000000e-02,-9.06250000e-02
-9.90400000e-08,-5.00000000e-02,1.06250000e+00,-3.37500000e-02,-1.05468750e-01
-9.87200000e-08,8.75000000e-02,1.11250000e+00,-1.12500000e-02,-7.89062500e-02
-9.84000000e-08,1.87500000e-01,1.08750000e+00,-1.75000000e-02,-9.76562500e-02
-9.80800000e-08,1.62500000e-01,1.03750000e+00,-1.75000000e-02,-1.25000000e-01
-9.77600000e-08,1.75000000e-01,1.05000000e+00,-5.62500000e-02,-1.24218750e-01
-9.74400000e-08,3.75000000e-02,1.10000000e+00,-4.31250000e-02,-1.42968750e-01
-9.71200000e-08,6.25000000e-02,8.87500000e-01,-3.00000000e-02,-7.65625000e-02
-9.68000000e-08,2.00000000e-01,9.87500000e-01,-1.25000000e-03,-1.87500000e-02
-9.64800000e-08,3.75000000e-02,1.08750000e+00,-8.75000000e-03,-5.54687500e-02
-9.61600000e-08,7.50000000e-02,1.00000000e+00,6.25000000e-04,-1.27343750e-01
-9.58400000e-08,2.12500000e-01,9.50000000e-01,-1.43750000e-02,-1.08593750e-01
-9.55200000e-08,1.50000000e-01,1.06250000e+00,-1.75000000e-02,-1.14843750e-01
-9.52000000e-08,1.50000000e-01,1.18750000e+00,-2.56250000e-02,-4.06250000e-02
-9.48800000e-08,3.75000000e-02,1.23750000e+00,-4.37500000e-03,-8.82812500e-02
-9.45600000e-08,-2.50000000e-02,1.00000000e+00,-3.06250000e-02,-1.00781250e-01
-9.42400000e-08,1.37500000e-01,1.16250000e+00,-2.50000000e-02,-1.27343750e-01
-9.39200000e-08,2.25000000e-01,1.10000000e+00,1.25000000e-03,-9.14062500e-02
-9.36000000e-08,1.50000000e-01,1.13750000e+00,-2.56250000e-02,-6.87500000e-02
-9.32800000e-08,1.12500000e-01,9.62500000e-01,-2.18750000e-02,-1.48437500e-01
-9.29600000e-08,1.25000000e-02,1.08750000e+00,2.50000000e-03,-1.30468750e-01
-9.26400000e-08,2.62500000e-01,1.03750000e+00,8.12500000e-03,-5.23437500e-02
-9.23200000e-08,2.00000000e-01,1.16250000e+00,-1.87500000e-03,-5.46875000e-02
-9.20000000e-08,1.00000000e-01,1.08750000e+00,-2.87500000e-02,-5.00000000e-02
-9.16800000e-08,8.75000000e-02,1.11250000e+00,-3.62500000e-02,-1.87500000e-02
-9.13600000e-08,2.50000000e-02,1.07500000e+00,-3.62500000e-02,-3.12500000e-03
-9.10400000e-08,-2.50000000e-02,1.20000000e+00,-4.50000000e-02,-3.59375000e-02
-9.07200000e-08,1.25000000e-02,1.13750000e+00,-1.37500000e-02,-6.87500000e-02
-9.04000000e-08,7.50000000e-02,1.08750000e+00,-2.12500000e-02,-6.48437500e-02
-9.00800000e-08,0.00000000e+00,1.07500000e+00,-1.18750000e-02,-9.37500000e-03
-8.97600000e-08,1.25000000e-02,1.12500000e+00,-1.87500000e-03,-5.54687500e-02
-8.94400000e-08,3.75000000e-02,1.02500000e+00,-1.93750000e-02,-8.51562500e-02
-8.91200000e-08,0.00000000e+00,1.07500000e+00,-7.50000000e-03,-9.92187500e-02
-8.88000000e-08,5.00000000e-02,1.16250000e+00,-3.31250000e-02,-1.50000000e-01
-8.84800000e-08,7.50000000e-02,1.06250000e+00,-1.12500000e-02,-1.43750000e-01
-8.81600000e-08,1.37500000e-01,1.05000000e+00,6.25000000e-03,-7.03125000e-03
-8.78400000e-08,5.00000000e-02,1.18750000e+00,8.12500000e-03,1.25000000e-02
-8.75200000e-08,7.50000000e-02,1.06250000e+00,-6.87500000e-03,-2.34375000e-02
-8.72000000e-08,2.25000000e-01,1.06250000e+00,-3.87500000e-02,-9.45312500e-02
-8.68800000e-08,6.25000000e-02,1.01250000e+00,-4.62500000e-02,-2.50000000e-02
-8.65600000e-08,1.50000000e-01,1.00000000e+00,-4.62500000e-02,-2.89062500e-02
-8.62400000e-08,3.75000000e-02,9.62500000e-01,-1.25000000e-03,-4.92187500e-02
-8.59200000e-08,8.75000000e-02,1.01250000e+00,-2.18750000e-02,-3.90625000e-02
-8.56000000e-08,2.37500000e-01,1.16250000e+00,-9.37500000e-03,-6.40625000e-02
-8.52800000e-08,2.00000000e-01,1.15000000e+00,-1.93750000e-02,-1.35937500e-01
-8.49600000e-08,1.37500000e-01,1.08750000e+00,-1.18750000e-02,-1.23437500e-01
-8.46400000e-08,1.12500000e-01,1.13750000e+00,-3.31250000e-02,-1.12500000e-01
-8.43200000e-08,1.00000000e-01,1.11250000e+00,-6.87500000e-03,-5.31250000e-02
-8.40000000e-08,1.87500000e-01,1.20000000e+00,-4.37500000e-02,-4.68750000e-02
-8.36800000e-08,1.00000000e-01,1.01250000e+00,-1.93750000e-02,-1.19531250e-01
-8.33600000e-08,2.50000000e-02,1.07500000e+00,-3.68750000e-02,-1.01562500e-01
-8.30400000e-08,2.12500000e-01,1.10000000e+00,-9.37500000e-03,-7.81250000e-02
-8.27200000e-08,1.00000000e-01,1.18750000e+00,5.00000000e-03,-1.01562500e-01
-8.24000000e-08,6.25000000e-02,1.01250000e+00,-2.81250000e-02,-1.27343750e-01
-8.20800000e-08,1.12500000e-01,1.12500000e+00,-4.37500000e-03,-2.50000000e-02
-8.17600000e-08,2.25000000e-01,1.06250000e+00,-1.43750000e-02,1.17187500e-02
-8.14400000e-08,1.87500000e-01,1.17500000e+00,6.25000000e-04,-1.04687500e-01
-8.11200000e-08,1.37500000e-01,1.15000000e+00,-1.43750000e-02,-6.71875000e-02
-8.08000000e-08,8.75000000e-02,1.10000000e+00,-7.50000000e-03,-3.75000000e-02
-8.04800000e-08,1.75000000e-01,1.03750000e+00,-5.12500000e-02,-8.59375000e-02
-8.01600000e-08,2.37500000e-01,1.02500000e+00,-8.75000000e-03,-6.48437500e-02
-7.98400000e-08,2.00000000e-01,1.10000000e+00,-4.12500000e-02,-8.75000000e-02
-7.95200000e-08,5.00000000e-02,1.18750000e+00,-4.31250000e-02,-1.07812500e-01
-7.92000000e-08,7.50000000e-02,9.62500000e-01,-2.00000000e-02,-1.55468750e-01
-7.88800000e-08,1.12500000e-01,1.13750000e+00,-3.56250000e-02,-1.61718750e-01
-7.85600000e-08,1.00000000e-01,9.50000000e-01,-4.56250000e-02,-1.37500000e-01
-7.82400000e-08,1.00000000e-01,1.11250000e+00,-1.37500000e-02,-1.47656250e-01
-7.79200000e-08,1.87500000e-01,9.62500000e-01,3.12500000e-03,-9.60937500e-02
-7.76000000e-08,7.50000000e-02,1.01250000e+00,-5.00000000e-03,-9.06250000e-02
-7.72800000e-08,5.00000000e-02,1.02500000e+00,-4.62500000e-02,-8.04687500e-02
-7.69600000e-08,2.62500000e-01,9.87500000e-01,-1.68750000e-02,-1.32031250e-01
-7.66400000e-08,1.75000000e-01,1.08750000e+00,-4.62500000e-02,-7.26562500e-02
-7.63200000e-08,1.37500000e-01,1.08750000e+00,-2.50000000e-02,-1.03125000e-01
-7.60000000e-08,-1.25000000e-02,1.00000000e+00,-1.12500000e-02,-1.69531250e-01
-7.56800000e-08,7.50000000e-02,1.03750000e+00,-3.56250000e-02,-1.62500000e-01
-7.53600000e-08,5.00000000e-02,9.50000000e-01,-5.37500000e-02,-6.87500000e-02
-7.50400000e-08,-3.75000000e-02,1.07500000e+00,-1.75000000e-02,-1.39843750e-01
-7.47200000e-08,1.25000000e-02,9.12500000e-01,-3.56250000e-02,-1.55468750e-01
-7.44000000e-08,1.25000000e-01,1.06250000e+00,-6.87500000e-03,3.90625000e-03
-7.40800000e-08,1.12500000e-01,1.10000000e+00,-4.56250000e-02,-6.48437500e-02
-7.37600000e-08,1.12500000e-01,1.13750000e+00,-3.56250000e-02,-1.61718750e-01
-7.34400000e-08,1.25000000e-02,1.11250000e+00,-3.00000000e-02,-1.38281250e-01
-7.31200000e-08,1.25000000e-01,1.03750000e+00,-1.93750000e-02,-2.09375000e-01
-7.28000000e-08,1.75000000e-01,1.10000000e+00,-4.56250000e-02,-2.00781250e-01
-7.24800000e-08,3.75000000e-02,1.13750000e+00,-1.62500000e-02,-1.21875000e-01
-7.21600000e-08,-1.25000000e-02,1.02500000e+00,-3.87500000e-02,-1.21093750e-01
-7.18400000e-08,7.50000000e-02,1.01250000e+00,-2.25000000e-02,-1.44531250e-01
-7.15200000e-08,3.75000000e-02,9.37500000e-01,-2.87500000e-02,-1.64843750e-01
-7.12000000e-08,2.50000000e-02,9.12500000e-01,-2.75000000e-02,-1.60937500e-01
-7.08800000e-08,8.75000000e-02,9.75000000e-01,-3.75000000e-03,-7.81250000e-02
-7.05600000e-08,7.50000000e-02,1.10000000e+00,-2.25000000e-02,-4.60937500e-02
-7.02400000e-08,1.62500000e-01,1.17500000e+00,-4.87500000e-02,-1.18750000e-01
-6.99200000e-08,1.25000000e-01,1.11250000e+00,-2.81250000e-02,-8.59375000e-02
-6.96000000e-08,1.62500000e-01,9.25000000e-01,-4.81250000e-02,-1.71875000e-02
-6.92800000e-08,-6.25000000e-02,1.08750000e+00,-3.31250000e-02,-4.06250000e-02
-6.89600000e-08,5.00000000e-02,1.08750000e+00,-4.06250000e-02,-6.71875000e-02
-6.86400000e-08,5.00000000e-02,1.15000000e+00,-2.18750000e-02,-1.01562500e-01
-6.83200000e-08,3.75000000e-02,1.05000000e+00,-2.81250000e-02,-6.32812500e-02
-6.80000000e-08,3.75000000e-02,9.87500000e-01,-3.06250000e-02,-6.64062500e-02
-6.76800000e-08,1.00000000e-01,1.05000000e+00,-4.56250000e-02,-5.70312500e-02
-6.73600000e-08,1.00000000e-01,1.15000000e+00,-3.37500000e-02,-4.76562500e-02
-6.70400000e-08,1.12500000e-01,1.11250000e+00,-4.81250000e-02,-2.57812500e-02
-6.67200000e-08,1.37500000e-01,1.18750000e+00,-1.25000000e-03,-8.43750000e-02
-6.64000000e-08,5.00000000e-02,1.00000000e+00,-2.87500000e-02,-7.18750000e-02
-6.60800000e-08,1.37500000e-01,1.08750000e+00,-2.62500000e-02,-5.62500000e-02
-6.57600000e-08,1.75000000e-01,1.21250000e+00,-3.06250000e-02,-1.06250000e-01
-6.54400000e-08,1.87500000e-01,1.03750000e+00,-2.81250000e-02,-1.05468750e-01
-6.51200000e-08,1.37500000e-01,1.01250000e+00,-4.06250000e-02,-9.37500000e-02
-6.48000000e-08,2.50000000e-02,1.15000000e+00,-2.56250000e-02,-1.17187500e-01
-6.44800000e-08,6.25000000e-02,1.02500000e+00,-2.81250000e-02,-5.62500000e-02
-6.41600000e-08,1.00000000e-01,1.10000000e+00,-1.87500000e-02,-3.12500000e-02
-6.38400000e-08,7.50000000e-02,9.75000000e-01,0.00000000e+00,-2.81250000e-02
-6.35200000e-08,-2.81250000e-02,1.21250000e+00,-3.37500000e-02,-1.48437500e-02
-6.32000000e-08,-1.40625000e-01,1.07500000e+00,-1.68750000e-02,-6.48437500e-02
-6.28800000e-08,7.81250000e-02,1.13750000e+00,7.50000000e-03,-2.89062500e-02
-6.25600000e-08,1.78125000e-01,1.05000000e+00,-2.87500000e-02,-6.25000000e-03
-6.22400000e-08,5.00000000e-02,1.12500000e+00,-4.37500000e-02,-8.28125000e-02
-6.19200000e-08,-2.50000000e-02,8.75000000e-01,-4.37500000e-02,-1.87500000e-02
-6.16000000e-08,1.25000000e-01,1.11250000e+00,-5.06250000e-02,-7.89062500e-02
-6.12800000e-08,1.25000000e-01,9.75000000e-01,-1.62500000e-02,-7.42187500e-02
-6.09600000e-08,1.25000000e-01,9.87500000e-01,-3.62500000e-02,-1.10156250e-01
-6.06400000e-08,2.12500000e-01,1.06250000e+00,-2.25000000e-02,-9.53125000e-02
-6.03200000e-08,5.00000000e-02,1.11250000e+00,-3.93750000e-02,-7.81250000e-02
-6.00000000e-08,-7.50000000e-02,9.62500000e-01,-1.12500000e-02,-6.25000000e-02
-5.96800000e-08,2.50000000e-02,1.07500000e+00,-6.87500000e-03,-3.20312500e-02
-5.93600000e-08,2.00000000e-01,9.87500000e-01,-6.87500000e-03,-1.33593750e-01
-5.90400000e-08,0.00000000e+00,1.08750000e+00,-2.00000000e-02,-1.46875000e-01
-5.87200000e-08,7.50000000e-02,1.01250000e+00,-3.87500000e-02,-1.03125000e-01
-5.84000000e-08,3.75000000e-02,1.05000000e+00,-5.06250000e-02,-1.38281250e-01
-5.80800000e-08,8.75000000e-02,1.06250000e+00,-5.56250000e-02,-1.04687500e-01
-5.77600000e-08,7.50000000e-02,1.15000000e+00,-3.25000000e-02,-9.29687500e-02
-5.74400000e-08,1.00000000e-01,1.13750000e+00,-3.56250000e-02,-7.96875000e-02
-5.71200000e-08,1.00000000e-01,1.15000000e+00,-2.75000000e-02,-8.82812500e-02
-5.68000000e-08,5.00000000e-02,9.87500000e-01,-2.25000000e-02,-1.53906250e-01
-5.64800000e-08,1.25000000e-01,1.05000000e+00,-4.81250000e-02,-9.29687500e-02
-5.61600000e-08,1.62500000e-01,8.87500000e-01,-3.25000000e-02,-3.75000000e-02
-5.58400000e-08,1.00000000e-01,1.01250000e+00,-3.75000000e-03,-6.95312500e-02
-5.55200000e-08,8.75000000e-02,9.37500000e-01,-1.12500000e-02,-1.14843750e-01
-5.52000000e-08,3.75000000e-02,9.75000000e-01,-1.43750000e-02,-1.67968750e-01
-5.48800000e-08,3.12500000e-01,1.08750000e+00,-3.37500000e-02,-1.90625000e-01
-5.45600000e-08,1.12500000e-01,1.16250000e+00,-2.81250000e-02,-7.10937500e-02
-5.42400000e-08,0.00000000e+00,9.87500000e-01,-2.87500000e-02,0.00000000e+00
-5.39200000e-08,-6.25000000e-02,1.05000000e+00,-1.87500000e-02,-7.73437500e-02
-5.36000000e-08,1.12500000e-01,1.10000000e+00,-2.50000000e-03,-1.03906250e-01
-5.32800000e-08,1.12500000e-01,1.16250000e+00,-4.12500000e-02,-1.21093750e-01
-5.29600000e-08,-1.43750000e-01,1.18750000e+00,-2.62500000e-02,-1.34375000e-01
-5.26400000e-08,-7.50000000e-02,1.07500000e+00,-2.81250000e-02,-1.01562500e-01
-5.23200000e-08,2.03125000e-01,9.00000000e-01,-1.62500000e-02,-5.31250000e-02
-5.20000000e-08,7.50000000e-02,1.03750000e+00,-1.18750000e-02,-5.78125000e-02
-5.16800000e-08,2.50000000e-02,1.12500000e+00,-2.81250000e-02,-8.98437500e-02
-5.13600000e-08,-2.50000000e-02,1.08750000e+00,-6.25000000e-03,-1.43750000e-01
-5.10400000e-08,1.25000000e-02,9.00000000e-01,-1.93750000e-02,-1.48437500e-01
-5.07200000e-08,5.00000000e-02,1.06250000e+00,-4.06250000e-02,-6.79687500e-02
-5.04000000e-08,2.50000000e-02,1.23750000e+00,-1.12500000e-02,3.12500000e-03
-5.00800000e-08,6.25000000e-02,9.87500000e-01,-5.06250000e-02,-4.45312500e-02
-4.97600000e-08,2.00000000e-01,9.12500000e-01,-4.87500000e-02,-1.55468750e-01
-4.94400000e-08,1.25000000e-01,1.07500000e+00,-2.62500000e-02,-2.21875000e-01
-4.91200000e-08,0.00000000e+00,1.12500000e+00,-3.75000000e-02,-2.59375000e-01
-4.88000000e-08,5.00000000e-02,1.12500000e+00,6.25000000e-04,-2.06250000e-01
-4.84800000e-08,1.50000000e-01,9.87500000e-01,-3.50000000e-02,-1.53906250e-01
-4.81600000e-08,8.75000000e-02,9.87500000e-01,-2.18750000e-02,-1.42968750e-01
-4.78400000e-08,1.37500000e-01,1.10000000e+00,-3.06250000e-02,-9.68750000e-02
-4.75200000e-08,1.50000000e-01,1.10000000e+00,-2.81250000e-02,-4.14062500e-02
-4.72000000e-08,3.75000000e-02,1.08750000e+00,-1.43750000e-02,-1.19531250e-01
-4.68800000e-08,7.50000000e-02,9.87500000e-01,-3.62500000e-02,-1.47656250e-01
-4.65600000e-08,8.75000000e-02,9.75000000e-01,-4.81250000e-02,-1.69531250e-01
-4.62400000e-08,6.25000000e-02,1.07500000e+00,-6.25000000e-03,-1.75781250e-01
-4.59200000e-08,0.00000000e+00,1.15000000e+00,-2.25000000e-02,-1.03125000e-01
-4.56000000e-08,1.62500000e-01,1.06250000e+00,-1.68750000e-02,-5.39062500e-02
-4.52800000e-08,8.75000000e-02,9.25000000e-01,-1.50000000e-02,-7.81250000e-02
-4.49600000e-08,0.00000000e+00,1.15000000e+00,-5.87500000e-02,-5.70312500e-02
-4.46400000e-08,2.25000000e-01,1.10000000e+00,-4.06250000e-02,-1.21875000e-01
-4.43200000e-08,-5.00000000e-02,9.87500000e-01,-4.06250000e-02,-1.81250000e-01
-4.40000000e-08,1.12500000e-01,1.06250000e+00,-2.50000000e-02,-1.83593750e-01
-4.36800000e-08,1.50000000e-01,1.26250000e+00,-3.56250000e-02,-1.07812500e-01
-4.33600000e-08,1.25000000e-02,1.01250000e+00,-4.06250000e-02,-1.06250000e-01
-4.30400000e-08,1.37500000e-01,1.10000000e+00,-3.37500000e-02,-1.01562500e-01
-4.27200000e-08,8.75000000e-02,1.01250000e+00,-4.56250000e-02,-1.57031250e-01
-4.24000000e-08,3.75000000e-02,9.50000000e-01,-2.56250000e-02,-1.93750000e-01
-4.20800000e-08,5.00000000e-02,1.00000000e+00,-2.50000000e-02,-6.79687500e-02
-4.17600000e-08,2.37500000e-01,1.12500000e+00,-1.87500000e-02,3.51562500e-02
-4.14400000e-08,8.75000000e-02,1.07500000e+00,-1.37500000e-02,-1.25000000e-02
-4.11200000e-08,1.00000000e-01,1.15000000e+00,-2.56250000e-02,-1.07031250e-01
-4.08000000e-08,2.50000000e-02,1.00000000e+00,6.25000000e-04,-5.78125000e-02
-4.04800000e-08,1.50000000e-01,1.21250000e+00,-1.87500000e-03,-8.12500000e-02
-4.01600000e-08,2.25000000e-01,1.20000000e+00,-3.12500000e-02,-1.45312500e-01
-3.98400000e-08,1.50000000e-01,1.08750000e+00,-2.18750000e-02,-1.68750000e-01
-3.95200000e-08,1.25000000e-01,9.62500000e-01,-2.25000000e-02,-1.39843750e-01
-3.92000000e-08,1.50000000e-01,1.07500000e+00,-2.62500000e-02,-1.29687500e-01
-3.88800000e-08,8.75000000e-02,1.13750000e+00,-4.12500000e-02,-1.53125000e-01
-3.85600000e-08,1.00000000e-01,1.11250000e+00,-3.31250000e-02,-1.32812500e-01
-3.82400000e-08,1.25000000e-01,1.05000000e+00,-1.87500000e-02,-1.04687500e-01
-3.79200000e-08,6.25000000e-02,1.03750000e+00,-1.25000000e-03,-1.38281250e-01
-3.76000000e-08,1.00000000e-01,1.15000000e+00,-1.18750000e-02,-1.13281250e-01
-3.72800000e-08,5.00000000e-02,1.13750000e+00,-6.87500000e-03,-7.34375000e-02
-3.69600000e-08,1.50000000e-01,1.01250000e+00,-3.31250000e-02,-5.15625000e-02
-3.66400000e-08,1.50000000e-01,1.08750000e+00,-1.93750000e-02,-2.57812500e-02
-3.63200000e-08,0.00000000e+00,9.50000000e-01,-1.18750000e-02,-6.32812500e-02
-3.60000000e-08,1.37500000e-01,1.10000000e+00,-2.87500000e-02,-1.27343750e-01
-3.56800000e-08,1.62500000e-01,1.03750000e+00,-3.06250000e-02,-1.44531250e-01
-3.53600000e-08,2.12500000e-01,1.11250000e+00,-4.37500000e-03,-7.18750000e-02
-3.50400000e-08,1.25000000e-01,9.62500000e-01,-2.56250000e-02,-5.07812500e-02
-3.47200000e-08,7.50000000e-02,1.01250000e+00,-4.12500000e-02,-1.09375000e-01
-3.44000000e-08,1.12500000e-01,1.15000000e+00,-1.43750000e-02,-5.46875000e-02
-3.40800000e-08,0.00000000e+00,1.03750000e+00,-2.25000000e-02,-9.14062500e-02
-3.37600000e-08,-3.75000000e-02,9.62500000e-01,-2.81250000e-02,-1.69531250e-01
-3.34400000e-08,1.25000000e-01,1.12500000e+00,-1.37500000e-02,-1.58593750e-01
-3.31200000e-08,8.75000000e-02,9.87500000e-01,-1.37500000e-02,-5.00000000e-02
-3.28000000e-08,6.25000000e-02,9.12500000e-01,-2.18750000e-02,-8.90625000e-02
-3.24800000e-08,8.75000000e-02,1.01250000e+00,-1.43750000e-02,-1.15625000e-01
-3.21600000e-08,2.37500000e-01,1.06250000e+00,-9.37500000e-03,-7.42187500e-02
-3.18400000e-08,3.75000000e-02,1.05000000e+00,-2.25000000e-02,-1.19531250e-01
-3.15200000e-08,1.00000000e-01,1.25000000e+00,-2.62500000e-02,-1.42968750e-01
-3.12000000e-08,2.50000000e-02,1.06250000e+00,-2.56250000e-02,-1.32031250e-01
-3.08800000e-08,8.75000000e-02,1.12500000e+00,-2.81250000e-02,-1.18750000e-01
-3.05600000e-08,2.50000000e-01,9.50000000e-01,-4.06250000e-02,-1.50781250e-01
-3.02400000e-08,1.62500000e-01,1.21250000e+00,-2.12500000e-02,-1.51562500e-01
-2.99200000e-08,3.75000000e-02,1.10000000e+00,-2.00000000e-02,-7.89062500e-02
-2.96000000e-08,3.75000000e-02,8.75000000e-01,-3.37500000e-02,-3.28125000e-02
-2.92800000e-08,1.12500000e-01,9.87500000e-01,-3.25000000e-02,-9.06250000e-02
-2.89600000e-08,1.37500000e-01,1.03750000e+00,3.75000000e-03,-2.03906250e-01
-2.86400000e-08,7.50000000e-02,1.02500000e+00,-8.75000000e-03,-1.27343750e-01
-2.83200000e-08,1.50000000e-01,1.13750000e+00,-1.93750000e-02,-1.49218750e-01
-2.80000000e-08,1.37500000e-01,1.10000000e+00,-1.18750000e-02,-2.96875000e-02
-2.76800000e-08,3.75000000e-02,1.06250000e+00,-3.12500000e-02,4.68750000e-03
-2.73600000e-08,1.25000000e-02,9.62500000e-01,-1.43750000e-02,0.00000000e+00
-2.70400000e-08,1.37500000e-01,1.20000000e+00,-3.18750000e-02,-1.56250000e-02
-2.67200000e-08,2.00000000e-01,1.10000000e+00,-4.12500000e-02,-1.00781250e-01
-2.64000000e-08,1.25000000e-01,1.05000000e+00,-1.18750000e-02,-9.14062500e-02
-2.60800000e-08,1.50000000e-01,9.00000000e-01,-1.68750000e-02,-6.09375000e-02
-2.57600000e-08,1.87500000e-01,9.62500000e-01,-1.68750000e-02,-2.00000000e-01
-2.54400000e-08,1.00000000e-01,1.01250000e+00,-2.25000000e-02,-1.81250000e-01
-2.51200000e-08,-1.25000000e-02,1.10000000e+00,-4.37500000e-02,-1.53906250e-01
-2.48000000e-08,1.25000000e-01,1.07500000e+00,-3.31250000e-02,-1.68750000e-01
-2.44800000e-08,1.00000000e-01,1.15000000e+00,-4.06250000e-02,-1.01562500e-01
-2.41600000e-08,1.37500000e-01,9.37500000e-01,-3.56250000e-02,-3.90625000e-03
-2.38400000e-08,8.75000000e-02,1.15000000e+00,-1.62500000e-02,-5.31250000e-02
-2.35200000e-08,1.50000000e-01,1.01250000e+00,-1.18750000e-02,-4.53125000e-02
-2.32000000e-08,6.25000000e-02,1.07500000e+00,-2.81250000e-02,2.73437500e-02
-2.28800000e-08,0.00000000e+00,9.87500000e-01,-2.00000000e-02,-3.51562500e-02
-2.25600000e-08,2.25000000e-01,9.50000000e-01,-4.37500000e-02,-6.48437500e-02
-2.22400000e-08,1.50000000e-01,9.12500000e-01,-2.12500000e-02,-1.14843750e-01
-2.19200000e-08,1.12500000e-01,1.10000000e+00,3.12500000e-03,-3.35937500e-02
-2.16000000e-08,6.25000000e-02,1.12500000e+00,-5.37500000e-02,3.67187500e-02
-2.12800000e-08,1.75000000e-01,1.00000000e+00,-2.00000000e-02,-5.00000000e-02
-2.09600000e-08,1.87500000e-01,9.25000000e-01,-3.68750000e-02,-7.81250000e-02
-2.06400000e-08,7.50000000e-02,9.37500000e-01,-3.56250000e-02,-1.07031250e-01
-2.03200000e-08,1.25000000e-01,9.37500000e-01,-8.75000000e-03,-5.78125000e-02
-2.00000000e-08,1.50000000e-01,9.62500000e-01,-1.18750000e-02,-4.45312500e-02
-1.96800000e-08,1.62500000e-01,1.06250000e+00,-1.75000000e-02,-4.37500000e-02
-1.93600000e-08,1.25000000e-01,1.07500000e+00,-7.25000000e-02,6.25000000e-03
-1.90400000e-08,8.75000000e-02,1.07500000e+00,-4.81250000e-02,-2.03125000e-02
-1.87200000e-08,1.87500000e-01,1.03750000e+00,-1.37500000e-02,-1.76562500e-01
-1.84000000e-08,8.75000000e-02,1.13750000e+00,-2.00000000e-02,-2.01562500e-01
-1.80800000e-08,1.37500000e-01,1.13750000e+00,-3.62500000e-02,-6.87500000e-02
-1.77600000e-08,3.75000000e-02,1.10000000e+00,-5.75000000e-02,-8.12500000e-02
-1.74400000e-08,8.75000000e-02,1.10000000e+00,-3.75000000e-03,-1.12500000e-01
-1.71200000e-08,3.75000000e-02,1.07500000e+00,-1.87500000e-02,-1.28125000e-01
-1.68000000e-08,3.75000000e-02,1.01250000e+00,-1.00000000e-02,-1.35156250e-01
-1.64800000e-08,2.25000000e-01,1.03750000e+00,-4.87500000e-02,-4.53125000e-02
-1.61600000e-08,1.87500000e-01,1.15000000e+00,-3.06250000e-02,-1.29687500e-01
-1.58400000e-08,1.75000000e-01,1.13750000e+00,-3.56250000e-02,-1.92187500e-01
-1.55200000e-08,2.50000000e-02,1.05000000e+00,-3.56250000e-02,-1.46875000e-01
-1.52000000e-08,1.00000000e-01,1.03750000e+00,-4.50000000e-02,-8.51562500e-02
-1.48800000e-08,6.25000000e-02,1.01250000e+00,6.25000000e-03,-5.39062500e-02
-1.45600000e-08,1.25000000e-02,9.87500000e-01,-3.31250000e-02,-5.46875000e-02
-1.42400000e-08,1.25000000e-01,1.12500000e+00,-1.75000000e-02,-2.65625000e-02
-1.39200000e-08,2.37500000e-01,9.62500000e-01,-4.18750000e-02,-6.32812500e-02
-1.36000000e-08,1.12500000e-01,1.10000000e+00,-2.56250000e-02,-1.37500000e-01
-1.32800000e-08,1.25000000e-02,1.05000000e+00,-5.06250000e-02,-1.08593750e-01
-1.29600000e-08,7.50000000e-02,1.15000000e+00,-2.12500000e-02,-1.04687500e-01
-1.26400000e-08,1.12500000e-01,1.15000000e+00,-1.87500000e-03,-9.68750000e-02
-1.23200000e-08,-6.25000000e-02,1.11250000e+00,8.12500000e-03,-1.44531250e-01
-1.20000000e-08,3.75000000e-02,1.11250000e+00,3.12500000e-03,-1.45312500e-01
-1.16800000e-08,1.12500000e-01,1.08750000e+00,-6.87500000e-03,-5.85937500e-02
-1.13600000e-08,6.25000000e-02,9.62500000e-01,-3.62500000e-02,-6.17187500e-02
-1.10400000e-08,1.37500000e-01,1.08750000e+00,-4.37500000e-02,-7.57812500e-02
-1.07200000e-08,1.75000000e-01,1.02500000e+00,-1.68750000e-02,-2.57812500e-02
-1.04000000e-08,1.50000000e-01,1.13750000e+00,-3.12500000e-02,-2.96875000e-02
-1.00800000e-08,2.25000000e-01,9.50000000e-01,-2.56250000e-02,-4.60937500e-02
-9.76000000e-09,2.50000000e-01,1.05000000e+00,-1.50000000e-02,-6.71875000e-02
-9.44000000e-09,2.00000000e-01,1.07500000e+00,-2.12500000e-02,-4.29687500e-02
-9.12000000e-09,-1.25000000e-02,1.08750000e+00,-9.37500000e-03,-8.75000000e-02
-8.80000000e-09,7.50000000e-02,1.01250000e+00,-6.87500000e-03,-1.17968750e-01
-8.48000000e-09,1.25000000e-01,1.08750000e+00,-2.25000000e-02,-1.43750000e-01
-8.16000000e-09,2.25000000e-01,1.08750000e+00,-4.87500000e-02,-5.39062500e-02
-7.84000000e-09,0.00000000e+00,1.02500000e+00,-2.75000000e-02,-9.84375000e-02
-7.52000000e-09,1.50000000e-01,1.07500000e+00,-1.37500000e-02,-1.38281250e-01
-7.20000000e-09,2.37500000e-01,1.07500000e+00,-1.25000000e-03,-1.13281250e-01
-6.88000000e-09,1.12500000e-01,9.12500000e-01,-1.50000000e-02,-4.68750000e-03
-6.56000000e-09,0.00000000e+00,1.10000000e+00,-4.12500000e-02,-6.95312500e-02
-6.24000000e-09,7.50000000e-02,1.02500000e+00,-2.75000000e-02,-8.90625000e-02
-5.92000000e-09,1.37500000e-01,9.37500000e-01,-1.87500000e-02,-7.73437500e-02
-5.60000000e-09,1.25000000e-01,1.01250000e+00,-6.25000000e-03,-9.14062500e-02
-5.28000000e-09,0.00000000e+00,1.01250000e+00,-2.62500000e-02,-1.32812500e-01
-4.96000000e-09,2.50000000e-02,9.87500000e-01,-6.12500000e-02,-1.94531250e-01
-4.64000000e-09,1.62500000e-01,1.13750000e+00,-3.81250000e-02,-1.68750000e-01
-4.32000000e-09,1.00000000e-01,1.10000000e+00,-8.75000000e-03,-1.95312500e-02
-4.00000000e-09,5.00000000e-02,1.01250000e+00,-2.81250000e-02,-1.79687500e-02
-3.68000000e-09,1.12500000e-01,1.11250000e+00,-2.81250000e-02,-7.57812500e-02
-3.36000000e-09,1.50000000e-01,1.16250000e+00,2.50000000e-03,-1.55468750e-01
-3.04000000e-09,1.37500000e-01,8.87500000e-01,-5.06250000e-02,-1.32031250e-01
-2.72000000e-09,1.00000000e-01,1.16250000e+00,-4.06250000e-02,-3.35937500e-02
-2.40000000e-09,1.87500000e-01,1.05000000e+00,-3.81250000e-02,5.46875000e-03
-2.08000000e-09,1.12500000e-01,1.02500000e+00,-3.00000000e-02,-1.30468750e-01
-1.76000000e-09,8.75000000e-02,1.05000000e+00,-1.25000000e-03,-1.46093750e-01
-1.44000000e-09,6.25000000e-02,1.12500000e+00,-1.87500000e-02,-8.59375000e-03
-1.12000000e-09,8.75000000e-02,1.01250000e+00,-2.56250000e-02,2.81250000e-02
-8.00000000e-10,7.50000000e-02,1.16250000e+00,-1.43750000e-02,-5.93750000e-02
-4.80000000e-10,5.00000000e-02,9.75000000e-01,-1.68750000e-02,-1.69531250e-01
-1.60000000e-10,1.37500000e-01,1.15000000e+00,-1.75000000e-02,-1.37500000e-01
1.60000000e-10,6.25000000e-02,1.06250000e+00,-3.87500000e-02,-1.06250000e-01
4.80000000e-10,1.75000000e-01,9.50000000e-01,-2.50000000e-02,-6.87500000e-02
8.00000000e-10,1.00000000e-01,9.37500000e-01,1.62500000e-02,-1.56250000e-02
1.12000000e-09,-5.00000000e-02,1.17500000e+00,-2.18750000e-02,2.65625000e-02
1.44000000e-09,2.25000000e-01,1.16250000e+00,-6.37500000e-02,-3.51562500e-02
1.76000000e-09,7.50000000e-02,1.18750000e+00,-1.25000000e-03,-1.29687500e-01
2.08000000e-09,2.12500000e-01,9.62500000e-01,-3.37500000e-02,-1.77343750e-01
2.40000000e-09,0.00000000e+00,1.01250000e+00,-4.06250000e-02,-2.00781250e-01
2.72000000e-09,8.75000000e-02,1.06250000e+00,-2.62500000e-02,-1.29687500e-01
3.04000000e-09,-2.50000000e-02,1.07500000e+00,-6.68750000e-02,-7.03125000e-02
3.36000000e-09,-5.00000000e-02,1.01250000e+00,-3.81250000e-02,-1.13281250e-01
3.68000000e-09,1.25000000e-01,1.00000000e+00,-8.75000000e-03,-1.55468750e-01
4.00000000e-09,2.87500000e-01,8.75000000e-01,-6.25000000e-03,-8.98437500e-02
4.32000000e-09,1.50000000e-01,1.12500000e+00,-2.18750000e-02,-1.15625000e-01
4.64000000e-09,1.37500000e-01,1.08750000e+00,-3.62500000e-02,-1.86718750e-01
4.96000000e-09,1.75000000e-01,1.00000000e+00,-4.62500000e-02,-1.06250000e-01
5.28000000e-09,1.50000000e-01,1.05000000e+00,-1.43750000e-02,-6.71875000e-02
5.60000000e-09,2.50000000e-02,1.12500000e+00,-2.81250000e-02,-8.51562500e-02
5.92000000e-09,6.25000000e-02,1.03750000e+00,6.25000000e-04,-1.21093750e-01
6.24000000e-09,8.75000000e-02,1.00000000e+00,-1.50000000e-02,-1.57812500e-01
6.56000000e-09,1.50000000e-01,9.87500000e-01,-4.31250000e-02,-1.10156250e-01
6.88000000e-09,8.75000000e-02,1.16250000e+00,1.25000000e-03,-1.58593750e-01
7.20000000e-09,2.12500000e-01,9.87500000e-01,-1.68750000e-02,-1.96875000e-01
7.52000000e-09,7.50000000e-02,1.01250000e+00,-2.56250000e-02,-1.01562500e-01
7.84000000e-09,1.25000000e-01,1.02500000e+00,-1.12500000e-02,-7.34375000e-02
8.16000000e-09,5.00000000e-02,1.08750000e+00,-1.62500000e-02,-1.03125000e-01
8.48000000e-09,1.12500000e-01,1.10000000e+00,3.12500000e-03,-8.04687500e-02
8.80000000e-09,5.00000000e-02,9.12500000e-01,-2.00000000e-02,-4.68750000e-02
9.12000000e-09,2.50000000e-02,9.75000000e-01,-6.06250000e-02,-9.45312500e-02
9.44000000e-09,7.50000000e-02,1.12500000e+00,1.37500000e-02,-8.90625000e-02
9.76000000e-09,1.12500000e-01,8.87500000e-01,-2.75000000e-02,-1.12500000e-01
1.00800000e-08,6.25000000e-02,1.18750000e+00,3.12500000e-03,-1.05468750e-01
1.04000000e-08,1.62500000e-01,1.03750000e+00,-3.37500000e-02,-1.03906250e-01
1.07200000e-08,5.00000000e-02,9.75000000e-01,-3.81250000e-02,-1.40625000e-01
1.10400000e-08,1.12500000e-01,1.15000000e+00,-2.87500000e-02,-2.03906250e-01
1.13600000e-08,6.25000000e-02,1.12500000e+00,-2.12500000e-02,-1.60156250e-01
1.16800000e-08,1.50000000e-01,9.62500000e-01,-2.25000000e-02,-9.76562500e-02
1.20000000e-08,2.50000000e-02,9.25000000e-01,-1.75000000e-02,-1.25000000e-01
1.23200000e-08,-6.25000000e-02,9.87500000e-01,-4.37500000e-02,-2.16406250e-01
1.26400000e-08,0.00000000e+00,1.16250000e+00,-2.56250000e-02,-1.66406250e-01
1.29600000e-08,1.62500000e-01,1.03750000e+00,-4.06250000e-02,-1.50000000e-01
1.32800000e-08,1.25000000e-02,9.75000000e-01,-5.31250000e-02,-1.12500000e-01
1.36000000e-08,5.00000000e-02,1.02500000e+00,-5.31250000e-02,-1.07031250e-01
1.39200000e-08,8.75000000e-02,1.05000000e+00,-3.75000000e-02,-1.03125000e-01
1.42400000e-08,1.00000000e-01,1.11250000e+00,3.75000000e-03,-1.37500000e-01
1.45600000e-08,1.62500000e-01,1.07500000e+00,-3.00000000e-02,-2.18750000e-01
1.48800000e-08,8.75000000e-02,8.62500000e-01,-2.18750000e-02,-1.03125000e-01
1.52000000e-08,6.25000000e-02,1.16250000e+00,1.06250000e-02,-6.40625000e-02
1.55200000e-08,1.00000000e-01,9.50000000e-01,-3.12500000e-02,-8.59375000e-02
1.58400000e-08,0.00000000e+00,9.25000000e-01,-7.25000000e-02,-6.09375000e-02
1.61600000e-08,1.37500000e-01,1.01250000e+00,-3.37500000e-02,-4.92187500e-02
1.64800000e-08,1.12500000e-01,1.01250000e+00,-3.56250000e-02,-1.33593750e-01
1.68000000e-08,1.37500000e-01,9.75000000e-01,-3.50000000e-02,-1.10156250e-01
1.71200000e-08,6.25000000e-02,9.75000000e-01,-6.87500000e-03,-7.26562500e-02
1.74400000e-08,1.25000000e-01,9.25000000e-01,-5.81250000e-02,-6.40625000e-02
1.77600000e-08,-1.25000000e-02,1.20000000e+00,-2.50000000e-02,-5.39062500e-02
1.80800000e-08,8.75000000e-02,1.01250000e+00,-3.31250000e-02,-9.76562500e-02
1.84000000e-08,-1.25000000e-02,1.07500000e+00,-2.75000000e-02,-1.14062500e-01
1.87200000e-08,2.50000000e-02,1.07500000e+00,-2.25000000e-02,-1.31250000e-01
1.90400000e-08,5.00000000e-02,1.00000000e+00,-1.87500000e-02,-1.35156250e-01
1.93600000e-08,6.25000000e-02,1.01250000e+00,-1.00000000e-02,-1.07031250e-01
1.96800000e-08,-5.00000000e-02,1.11250000e+00,-3.56250000e-02,-1.58593750e-01
2.00000000e-08,2.00000000e-01,1.07500000e+00,-1.18750000e-02,-1.03125000e-01
2.03200000e-08,7.50000000e-02,1.01250000e+00,-5.56250000e-02,-1.22656250e-01
2.06400000e-08,8.75000000e-02,1.02500000e+00,-4.25000000e-02,-5.15625000e-02
2.09600000e-08,3.75000000e-02,1.12500000e+00,-1.12500000e-02,-1.09375000e-02
2.12800000e-08,7.50000000e-02,1.15000000e+00,-3.87500000e-02,6.25000000e-03
2.16000000e-08,1.00000000e-01,1.03750000e+00,-5.87500000e-02,-6.25000000e-02
2.19200000e-08,1.62500000e-01,1.02500000e+00,-3.06250000e-02,-8.90625000e-02
2.22400000e-08,3.75000000e-02,1.02500000e+00,-2.00000000e-02,-6.95312500e-02
2.25600000e-08,3.75000000e-02,9.37500000e-01,-6.93750000e-02,-7.18750000e-02
2.28800000e-08,1.12500000e-01,1.07500000e+00,-3.06250000e-02,-5.23437500e-02
2.32000000e-08,1.37500000e-01,1.05000000e+00,-3.56250000e-02,-1.05468750e-01
2.35200000e-08,1.87500000e-01,1.03750000e+00,-5.06250000e-02,-1.26562500e-01
2.38400000e-08,1.25000000e-01,1.08750000e+00,-2.75000000e-02,-6.48437500e-02
2.41600000e-08,1.62500000e-01,9.62500000e-01,-2.56250000e-02,-1.25000000e-02
2.44800000e-08,1.25000000e-01,9.62500000e-01,-3.31250000e-02,-1.71875000e-02
2.48000000e-08,1.87500000e-01,1.07500000e+00,-9.37500000e-03,-6.95312500e-02
2.51200000e-08,1.50000000e-01,1.08750000e+00,-2.62500000e-02,-1.18750000e-01
2.54400000e-08,-1.25000000e-02,1.02500000e+00,-4.62500000e-02,-1.00000000e-01
2.57600000e-08,-2.50000000e-02,1.03750000e+00,-1.87500000e-03,1.25000000e-02
2.60800000e-08,1.12500000e-01,1.01250000e+00,-1.87500000e-03,-2.34375000e-03
2.64000000e-08,2.75000000e-01,1.11250000e+00,-3.87500000e-02,7.81250000e-04
2.67200000e-08,1.25000000e-01,1.10000000e+00,-2.00000000e-02,1.48437500e-02
2.70400000e-08,1.75000000e-01,1.00000000e+00,-4.43750000e-02,-6.56250000e-02
2.73600000e-08,7.50000000e-02,1.13750000e+00,-2.56250000e-02,-8.82812500e-02
2.76800000e-08,1.50000000e-01,9.12500000e-01,-3.00000000e-02,-7.73437500e-02
2.80000000e-08,1.00000000e-01,1.00000000e+00,-2.18750000e-02,-1.01562500e-01
2.83200000e-08,2.50000000e-02,1.25000000e+00,-4.06250000e-02,-1.39843750e-01
2.86400000e-08,0.00000000e+00,1.01250000e+00,-4.31250000e-02,-1.08593750e-01
2.89600000e-08,0.00000000e+00,9.87500000e-01,-3.50000000e-02,-5.00000000e-02
2.92800000e-08,-6.25000000e-02,9.25000000e-01,-1.12500000e-02,-1.00781250e-01
2.96000000e-08,-2.09375000e-01,1.10000000e+00,-3.06250000e-02,-1.08593750e-01
2.99200000e-08,-3.62500000e-01,1.20000000e+00,-1.43750000e-02,-5.54687500e-02
3.02400000e-08,-2.43750000e-01,1.12500000e+00,-1.75000000e-02,-6.01562500e-02
3.05600000e-08,-3.50000000e-01,1.36875000e+00,-2.00000000e-02,-7.50000000e-02
3.08800000e-08,-3.62500000e-01,1.03750000e+00,-1.75000000e-02,-3.82812500e-02
3.12000000e-08,-4.75000000e-01,1.18750000e+00,-2.56250000e-02,-1.01562500e-01
3.15200000e-08,-3.62500000e-01,1.12500000e+00,1.12500000e-02,-1.00781250e-01
3.18400000e-08,-4.65625000e-01,1.20000000e+00,-4.31250000e-02,-9.37500000e-03
3.21600000e-08,-4.15625000e-01,1.16250000e+00,-2.18750000e-02,3.28125000e-02
3.24800000e-08,-4.15625000e-01,1.23750000e+00,7.50000000e-03,-6.40625000e-02
3.28000000e-08,-3.65625000e-01,1.12500000e+00,6.25000000e-04,-5.78125000e-02
3.31200000e-08,-4.78125000e-01,1.08750000e+00,-1.50000000e-02,-1.30468750e-01
3.34400000e-08,-6.78125000e-01,9.75000000e-01,-3.37500000e-02,-1.21875000e-01
3.37600000e-08,-6.81250000e-01,1.23750000e+00,-2.75000000e-02,-4.68750000e-03
3.40800000e-08,-8.21875000e-01,1.08750000e+00,-1.87500000e-02,-8.98437500e-02
3.44000000e-08,-7.00000000e-01,1.00000000e+00,-2.56250000e-02,-1.33593750e-01
3.47200000e-08,-7.12500000e-01,1.20000000e+00,-3.06250000e-02,-1.17187500e-01
3.50400000e-08,-7.71875000e-01,1.03750000e+00,-1.18750000e-02,-1.34375000e-01
3.53600000e-08,-9.56250000e-01,1.06250000e+00,-4.06250000e-02,-1.64062500e-01
3.56800000e-08,-8.93750000e-01,1.18750000e+00,-2.56250000e-02,-1.09375000e-01
3.60000000e-08,-9.43750000e-01,1.20000000e+00,-6.87500000e-03,2.89062500e-02
3.63200000e-08,-1.05625000e+00,1.15000000e+00,8.75000000e-03,7.03125000e-03
3.66400000e-08,-1.04375000e+00,1.02500000e+00,-2.56250000e-02,-1.27343750e-01
3.69600000e-08,-1.27812500e+00,1.06250000e+00,-9.37500000e-03,-1.95312500e-01
3.72800000e-08,-1.27812500e+00,1.07500000e+00,-2.00000000e-02,-1.33593750e-01
3.76000000e-08,-1.11875000e+00,1.03750000e+00,-4.37500000e-02,-1.17968750e-01
3.79200000e-08,-1.03437500e+00,8.25000000e-01,-3.06250000e-02,-1.31250000e-01
3.82400000e-08,-1.30312500e+00,8.87500000e-01,-4.56250000e-02,-2.31250000e-01
3.85600000e-08,-1.19062500e+00,9.37500000e-01,-3.00000000e-02,-2.03906250e-01
3.88800000e-08,-1.41562500e+00,9.00000000e-01,-2.56250000e-02,-4.21875000e-02
3.92000000e-08,-1.32812500e+00,1.01250000e+00,-3.06250000e-02,-3.28125000e-02
3.95200000e-08,-1.25625000e+00,8.87500000e-01,-6.37500000e-02,-1.75000000e-01
3.98400000e-08,-1.36562500e+00,9.37500000e-01,-5.31250000e-02,-1.18750000e-01
4.01600000e-08,-1.35312500e+00,1.05000000e+00,-1.12500000e-02,-1.13281250e-01
4.04800000e-08,-1.49375000e+00,1.02500000e+00,-2.62500000e-02,-1.07812500e-01
4.08000000e-08,-1.50000000e+00,1.15000000e+00,-2.87500000e-02,-1.00781250e-01
4.11200000e-08,-1.58750000e+00,1.00000000e+00,-2.18750000e-02,-1.21093750e-01
4.14400000e-08,-1.67500000e+00,1.07500000e+00,-1.43750000e-02,-1.58593750e-01
4.17600000e-08,-1.68750000e+00,9.50000000e-01,-3.37500000e-02,-1.90625000e-01
4.20800000e-08,-1.82500000e+00,1.02500000e+00,-3.31250000e-02,-1.17968750e-01
4.24000000e-08,-1.85937500e+00,9.50000000e-01,-3.62500000e-02,-9.84375000e-02
4.27200000e-08,-1.99062500e+00,1.08750000e+00,-1.25000000e-03,-1.85937500e-01
4.30400000e-08,-1.88437500e+00,9.50000000e-01,-2.25000000e-02,-3.17187500e-01
4.33600000e-08,-1.85312500e+00,1.07500000e+00,-2.62500000e-02,-3.30468750e-01
4.36800000e-08,-2.04687500e+00,9.37500000e-01,-3.87500000e-02,-1.71093750e-01
4.40000000e-08,-2.15312500e+00,9.75000000e-01,-3.62500000e-02,-2.27343750e-01
4.43200000e-08,-2.14687500e+00,1.02500000e+00,-3.81250000e-02,-2.98437500e-01
4.46400000e-08,-2.09687500e+00,9.87500000e-01,-3.00000000e-02,-2.14843750e-01
4.49600000e-08,-2.16250000e+00,8.87500000e-01,-3.56250000e-02,-2.40625000e-01
4.52800000e-08,-2.13750000e+00,9.50000000e-01,-3.31250000e-02,-2.78906250e-01
4.56000000e-08,-1.98125000e+00,8.12500000e-01,-3.87500000e-02,-1.77343750e-01
4.59200000e-08,-1.98125000e+00,7.50000000e-01,-6.93750000e-02,-1.49218750e-01
4.62400000e-08,-2.20625000e+00,9.50000000e-01,-2.50000000e-02,-2.20312500e-01
4.65600000e-08,-2.08125000e+00,9.75000000e-01,-4.06250000e-02,-2.85937500e-01
4.68800000e-08,-1.90625000e+00,9.75000000e-01,-1.62500000e-02,-3.07812500e-01
4.72000000e-08,-2.07187500e+00,8.50000000e-01,-2.62500000e-02,-2.70312500e-01
4.75200000e-08,-1.97812500e+00,8.37500000e-01,-4.37500000e-03,-2.07031250e-01
4.78400000e-08,-1.92187500e+00,8.37500000e-01,-2.62500000e-02,-2.42968750e-01
4.81600000e-08,-1.75000000e+00,7.62500000e-01,-3.37500000e-02,-2.89062500e-01
4.84800000e-08,-1.75000000e+00,9.12500000e-01,-5.62500000e-02,-3.31250000e-01
4.88000000e-08,-1.77812500e+00,7.87500000e-01,-3.75000000e-02,-2.53906250e-01
4.91200000e-08,-1.76562500e+00,9.62500000e-01,6.25000000e-03,-1.60156250e-01
4.94400000e-08,-1.45312500e+00,8.87500000e-01,-3.75000000e-03,-1.88281250e-01
4.97600000e-08,-1.41875000e+00,9.25000000e-01,-1.68750000e-02,-2.46875000e-01
5.00800000e-08,-1.25312500e+00,8.00000000e-01,-2.87500000e-02,-2.87500000e-01
5.04000000e-08,-1.14687500e+00,9.37500000e-01,-3.37500000e-02,-2.90625000e-01
5.07200000e-08,-1.00625000e+00,8.62500000e-01,-3.31250000e-02,-2.73437500e-01
5.10400000e-08,-1.03437500e+00,8.75000000e-01,3.75000000e-03,-1.89843750e-01
5.13600000e-08,-1.10625000e+00,8.75000000e-01,-3.56250000e-02,-1.63281250e-01
5.16800000e-08,-9.56250000e-01,1.00000000e+00,-3.06250000e-02,-2.15625000e-01
5.20000000e-08,-8.15625000e-01,9.12500000e-01,-1.50000000e-02,-2.67968750e-01
5.23200000e-08,-7.25000000e-01,1.00000000e+00,-5.06250000e-02,-2.29687500e-01
5.26400000e-08,-5.78125000e-01,8.75000000e-01,-1.12500000e-02,-2.37500000e-01
5.29600000e-08,-4.65625000e-01,1.02500000e+00,-2.50000000e-03,-2.10937500e-01
5.32800000e-08,-4.90625000e-01,8.50000000e-01,-4.31250000e-02,-2.55468750e-01
5.36000000e-08,-3.50000000e-01,1.02500000e+00,-1.93750000e-02,-2.01562500e-01
5.39200000e-08,-2.06250000e-01,1.10000000e+00,-6.68750000e-02,-1.78906250e-01
5.42400000e-08,-2.15625000e-01,9.37500000e-01,-2.75000000e-02,-1.79687500e-01
5.45600000e-08,6.25000000e-03,8.87500000e-01,-2.50000000e-02,-2.46093750e-01
5.48800000e-08,6.56250000e-02,9.87500000e-01,-1.25000000e-03,-2.03906250e-01
5.52000000e-08,2.00000000e-01,8.87500000e-01,-1.50000000e-02,-1.09375000e-01
5.55200000e-08,1.62500000e-01,1.05000000e+00,-2.56250000e-02,-8.98437500e-02
5.58400000e-08,3.50000000e-01,8.00000000e-01,1.37500000e-02,-1.15625000e-01
5.61600000e-08,4.50000000e-01,9.62500000e-01,-5.12500000e-02,-1.30468750e-01
5.64800000e-08,5.06250000e-01,8.62500000e-01,-4.81250000e-02,-4.92187500e-02
5.68000000e-08,4.25000000e-01,1.01250000e+00,-1.75000000e-02,-1.09375000e-02
5.71200000e-08,5.18750000e-01,9.87500000e-01,-3.31250000e-02,-3.67187500e-02
5.74400000e-08,5.87500000e-01,8.87500000e-01,6.25000000e-03,-7.96875000e-02
5.77600000e-08,7.18750000e-01,9.00000000e-01,-9.37500000e-03,-7.18750000e-02
5.80800000e-08,7.18750000e-01,1.10000000e+00,-2.87500000e-02,-2.03125000e-02
5.84000000e-08,8.65625000e-01,8.75000000e-01,-4.31250000e-02,-4.84375000e-02
5.87200000e-08,7.78125000e-01,1.12500000e+00,-4.06250000e-02,-1.01562500e-01
5.90400000e-08,1.09375000e+00,1.10000000e+00,-2.50000000e-02,-7.42187500e-02
5.93600000e-08,1.00625000e+00,1.00000000e+00,-1.93750000e-02,-8.59375000e-03
5.96800000e-08,1.09375000e+00,9.87500000e-01,-1.87500000e-02,2.42187500e-02
6.00000000e-08,1.04375000e+00,1.02500000e+00,-2.25000000e-02,2.03125000e-02
6.03200000e-08,1.11875000e+00,1.00000000e+00,-5.62500000e-02,-4.21875000e-02
6.06400000e-08,1.47812500e+00,1.03750000e+00,-4.25000000e-02,-3.04687500e-02
6.09600000e-08,1.36562500e+00,1.06250000e+00,-1.62500000e-02,4.37500000e-02
6.12800000e-08,1.26875000e+00,1.11250000e+00,-2.50000000e-02,4.84375000e-02
6.16000000e-08,1.25000000e+00,1.00000000e+00,3.12500000e-03,8.04687500e-02
6.19200000e-08,1.40625000e+00,9.00000000e-01,-3.06250000e-02,8.28125000e-02
6.22400000e-08,1.66562500e+00,1.02500000e+00,-1.25000000e-02,9.37500000e-02
6.25600000e-08,1.41875000e+00,1.06250000e+00,-4.12500000e-02,8.51562500e-02
6.28800000e-08,1.46562500e+00,1.08750000e+00,-2.50000000e-02,6.95312500e-02
6.32000000e-08,1.57812500e+00,1.18750000e+00,1.87500000e-02,1.06250000e-01
6.35200000e-08,1.54375000e+00,9.87500000e-01,-3.31250000e-02,1.40625000e-01
6.38400000e-08,1.62812500e+00,1.10000000e+00,-5.37500000e-02,1.89062500e-01
6.41600000e-08,1.72812500e+00,1.11250000e+00,-2.56250000e-02,2.04687500e-01
6.44800000e-08,1.81562500e+00,1.16250000e+00,-3.81250000e-02,1.84375000e-01
6.48000000e-08,1.81562500e+00,1.25000000e+00,-5.56250000e-02,1.82812500e-01
6.51200000e-08,1.90312500e+00,1.08750000e+00,-3.37500000e-02,1.97656250e-01
6.54400000e-08,1.94062500e+00,1.10000000e+00,-1.87500000e-02,2.17968750e-01
6.57600000e-08,1.97812500e+00,1.06250000e+00,-2.62500000e-02,1.38281250e-01
6.60800000e-08,2.05312500e+00,9.00000000e-01,-1.18750000e-02,1.82031250e-01
6.64000000e-08,1.91562500e+00,1.07500000e+00,1.18750000e-02,2.06250000e-01
6.67200000e-08,1.89062500e+00,1.12500000e+00,-5.62500000e-02,7.89062500e-02
6.70400000e-08,2.08750000e+00,1.25000000e+00,-1.87500000e-02,1.32812500e-01
6.73600000e-08,2.06562500e+00,1.18750000e+00,-1.75000000e-02,2.49218750e-01
6.76800000e-08,2.00312500e+00,1.03750000e+00,-2.18750000e-02,2.89062500e-01
6.80000000e-08,2.02812500e+00,1.10000000e+00,-2.18750000e-02,2.46093750e-01
6.83200000e-08,2.18125000e+00,1.17500000e+00,-6.87500000e-03,2.63281250e-01
6.86400000e-08,2.13125000e+00,9.37500000e-01,-1.87500000e-03,2.03906250e-01
6.89600000e-08,2.15625000e+00,1.18750000e+00,-2.00000000e-02,1.31250000e-01
6.92800000e-08,2.19375000e+00,1.17500000e+00,-5.87500000e-02,2.53125000e-01
6.96000000e-08,2.17187500e+00,1.23750000e+00,-4.00000000e-02,2.79687500e-01
6.99200000e-08,2.13437500e+00,1.06250000e+00,-1.62500000e-02,2.35156250e-01
7.02400000e-08,2.23437500e+00,1.15000000e+00,-3.06250000e-02,2.71093750e-01
7.05600000e-08,2.07187500e+00,1.08750000e+00,-6.37500000e-02,2.50781250e-01
7.08800000e-08,2.08125000e+00,1.12500000e+00,-4.37500000e-02,2.48437500e-01
7.12000000e-08,2.20937500e+00,1.16250000e+00,-3.00000000e-02,2.10156250e-01
7.15200000e-08,1.95312500e+00,1.15000000e+00,-1.18750000e-02,2.09375000e-01
7.18400000e-08,2.00312500e+00,1.03750000e+00,-2.18750000e-02,3.23437500e-01
7.21600000e-08,2.05625000e+00,1.26250000e+00,-3.56250000e-02,3.45312500e-01
7.24800000e-08,2.02812500e+00,1.06250000e+00,-9.37500000e-03,3.61718750e-01
7.28000000e-08,2.12812500e+00,9.75000000e-01,-4.00000000e-02,3.25781250e-01
7.31200000e-08,2.06875000e+00,1.11250000e+00,3.75000000e-03,2.69531250e-01
7.34400000e-08,1.98125000e+00,1.21250000e+00,-1.12500000e-02,2.69531250e-01
7.37600000e-08,1.95312500e+00,1.03750000e+00,-3.62500000e-02,2.04687500e-01
7.40800000e-08,1.90625000e+00,1.21250000e+00,-3.87500000e-02,1.93750000e-01
7.44000000e-08,1.94062500e+00,1.02500000e+00,-2.18750000e-02,2.25000000e-01
7.47200000e-08,1.96562500e+00,1.20000000e+00,-3.62500000e-02,2.17968750e-01
7.50400000e-08,2.12812500e+00,1.15000000e+00,-1.93750000e-02,1.81250000e-01
7.53600000e-08,2.06875000e+00,1.08750000e+00,-3.68750000e-02,1.46093750e-01
7.56800000e-08,1.99375000e+00,1.16250000e+00,-5.62500000e-02,1.57812500e-01
7.60000000e-08,2.02812500e+00,1.23750000e+00,-2.62500000e-02,2.43750000e-01
7.63200000e-08,1.91875000e+00,1.18750000e+00,-4.25000000e-02,2.14843750e-01
7.66400000e-08,1.97812500e+00,1.20000000e+00,-9.37500000e-03,1.84375000e-01
7.69600000e-08,1.97812500e+00,1.02500000e+00,-4.81250000e-02,1.63281250e-01
7.72800000e-08,1.94062500e+00,1.02500000e+00,-6.06250000e-02,2.37500000e-01
7.76000000e-08,1.95312500e+00,1.11250000e+00,-2.81250000e-02,2.57031250e-01
7.79200000e-08,1.81562500e+00,1.13750000e+00,-2.50000000e-02,2.39843750e-01
7.82400000e-08,1.86562500e+00,1.15000000e+00,-2.81250000e-02,2.43750000e-01
7.85600000e-08,1.95312500e+00,1.23750000e+00,-4.31250000e-02,2.10156250e-01
7.88800000e-08,2.01562500e+00,1.15000000e+00,-3.06250000e-02,1.64843750e-01
7.92000000e-08,1.95312500e+00,1.16250000e+00,-1.43750000e-02,2.24218750e-01
7.95200000e-08,1.85312500e+00,1.06250000e+00,-4.06250000e-02,1.73437500e-01
7.98400000e-08,1.84062500e+00,1.06250000e+00,-3.31250000e-02,1.17968750e-01
8.01600000e-08,1.91562500e+00,1.06250000e+00,-3.56250000e-02,1.36718750e-01
8.04800000e-08,1.80312500e+00,1.01250000e+00,-1.87500000e-02,1.55468750e-01
8.08000000e-08,1.82812500e+00,9.37500000e-01,-7.50000000e-03,1.45312500e-01
8.11200000e-08,1.87812500e+00,1.10000000e+00,-4.12500000e-02,1.27343750e-01
8.14400000e-08,1.86562500e+00,1.18750000e+00,-3.31250000e-02,9.45312500e-02
8.17600000e-08,1.82812500e+00,1.23750000e+00,-4.81250000e-02,1.17968750e-01
8.20800000e-08,1.85312500e+00,1.00000000e+00,-3.06250000e-02,9.84375000e-02
8.24000000e-08,1.69062500e+00,1.02500000e+00,-4.81250000e-02,8.82812500e-02
8.27200000e-08,1.70312500e+00,1.12500000e+00,-2.18750000e-02,1.51562500e-01
8.30400000e-08,1.80312500e+00,1.08750000e+00,-3.37500000e-02,2.10156250e-01
8.33600000e-08,1.81562500e+00,1.03750000e+00,-3.75000000e-03,2.07031250e-01
8.36800000e-08,1.65312500e+00,1.12500000e+00,-1.00000000e-02,1.76562500e-01
8.40000000e-08,1.61562500e+00,1.13750000e+00,-5.87500000e-02,1.75000000e-01
8.43200000e-08,1.80312500e+00,1.11250000e+00,-2.75000000e-02,6.64062500e-02
8.46400000e-08,1.69062500e+00,1.08750000e+00,-1.12500000e-02,9.68750000e-02
8.49600000e-08,1.61562500e+00,1.02500000e+00,-3.81250000e-02,1.64062500e-01
8.52800000e-08,1.80312500e+00,1.03750000e+00,-1.43750000e-02,1.78125000e-01
8.56000000e-08,1.72812500e+00,1.16250000e+00,-1.75000000e-02,1.13281250e-01
8.59200000e-08,1.72812500e+00,1.21250000e+00,-2.87500000e-02,8.98437500e-02
8.62400000e-08,1.76562500e+00,1.10000000e+00,-2.56250000e-02,7.57812500e-02
8.65600000e-08,1.66562500e+00,1.07500000e+00,-2.25000000e-02,1.01562500e-02
8.68800000e-08,1.62812500e+00,1.10000000e+00,-4.31250000e-02,-2.42187500e-02
8.72000000e-08,1.56562500e+00,9.50000000e-01,-3.31250000e-02,6.79687500e-02
8.75200000e-08,1.69062500e+00,9.50000000e-01,-3.50000000e-02,6.25000000e-02
8.78400000e-08,1.70312500e+00,1.03750000e+00,-6.87500000e-03,1.09375000e-01
8.81600000e-08,1.60312500e+00,1.11250000e+00,-1.12500000e-02,6.48437500e-02
8.84800000e-08,1.55312500e+00,1.07500000e+00,1.06250000e-02,1.56250000e-03
8.88000000e-08,1.50312500e+00,1.05000000e+00,-1.18750000e-02,-3.12500000e-02
8.91200000e-08,1.76562500e+00,1.03750000e+00,-3.37500000e-02,-5.23437500e-02
8.94400000e-08,1.66562500e+00,1.08750000e+00,-4.37500000e-02,-5.46875000e-03
8.97600000e-08,1.66562500e+00,9.87500000e-01,-1.87500000e-03,3.43750000e-02
9.00800000e-08,1.60312500e+00,9.50000000e-01,6.25000000e-04,1.17187500e-02
9.04000000e-08,1.51562500e+00,1.10000000e+00,-5.37500000e-02,-9.76562500e-02
9.07200000e-08,1.47812500e+00,1.02500000e+00,-2.18750000e-02,-8.20312500e-02
9.10400000e-08,1.70312500e+00,9.00000000e-01,-5.75000000e-02,3.35937500e-02
9.13600000e-08,1.54375000e+00,1.00000000e+00,-3.56250000e-02,4.76562500e-02
9.16800000e-08,1.54062500e+00,1.03750000e+00,-9.37500000e-03,4.68750000e-03
9.20000000e-08,1.45312500e+00,1.11250000e+00,-2.00000000e-02,-9.53125000e-02
9.23200000e-08,1.49062500e+00,1.08750000e+00,-4.62500000e-02,-1.03125000e-01
9.26400000e-08,1.57812500e+00,9.87500000e-01,-2.50000000e-02,-7.81250000e-02
9.29600000e-08,1.54375000e+00,1.15000000e+00,1.12500000e-02,-7.81250000e-02
9.32800000e-08,1.50312500e+00,1.07500000e+00,-2.56250000e-02,-9.84375000e-02
9.36000000e-08,1.45312500e+00,1.13750000e+00,-4.12500000e-02,-4.06250000e-02
9.39200000e-08,1.52812500e+00,1.11250000e+00,-1.93750000e-02,-6.01562500e-02
9.42400000e-08,1.43125000e+00,1.01250000e+00,-2.56250000e-02,-6.01562500e-02
9.45600000e-08,1.37812500e+00,1.12500000e+00,-1.87500000e-03,1.56250000e-02
9.48800000e-08,1.31875000e+00,9.75000000e-01,-1.25000000e-02,-5.62500000e-02
9.52000000e-08,1.34375000e+00,1.25312500e+00,-3.81250000e-02,-1.69531250e-01
9.55200000e-08,1.35625000e+00,1.27500000e+00,-3.75000000e-03,-1.52343750e-01
9.58400000e-08,1.40625000e+00,1.05000000e+00,-3.56250000e-02,-6.32812500e-02
9.61600000e-08,1.37812500e+00,1.05000000e+00,-3.56250000e-02,2.03125000e-02
9.64800000e-08,1.26250000e+00,1.12500000e+00,-4.37500000e-03,2.57812500e-02
9.68000000e-08,1.49375000e+00,9.87500000e-01,-1.62500000e-02,-1.06250000e-01
9.71200000e-08,1.41562500e+00,1.18750000e+00,-2.87500000e-02,-1.67968750e-01
9.74400000e-08,1.36875000e+00,1.25000000e+00,-6.75000000e-02,-8.82812500e-02
9.77600000e-08,1.24687500e+00,1.06250000e+00,-2.18750000e-02,-9.60937500e-02
9.80800000e-08,1.17187500e+00,1.07500000e+00,1.31250000e-02,-9.92187500e-02
9.84000000e-08,1.30625000e+00,1.17500000e+00,-6.87500000e-03,-3.67187500e-02
9.87200000e-08,1.36562500e+00,9.25000000e-01,-3.12500000e-02,-2.34375000e-03
9.90400000e-08,1.26875000e+00,1.12500000e+00,-3.62500000e-02,-1.01562500e-01
9.93600000e-08,1.28437500e+00,1.07500000e+00,-3.87500000e-02,-1.25781250e-01
9.96800000e-08,1.08437500e+00,1.06250000e+00,-3.00000000e-02,-1.32031250e-01
1.00000000e-07,1.18125000e+00,1.02500000e+00,-6.25000000e-03,-1.57031250e-01
1.00320000e-07,1.16875000e+00,1.06250000e+00,-3.50000000e-02,-1.78906250e-01
1.00640000e-07,1.11875000e+00,1.07500000e+00,-1.87500000e-03,-1.22656250e-01
1.00960000e-07,1.20625000e+00,9.75000000e-01,-6.87500000e-03,-5.07812500e-02
1.01280000e-07,1.24375000e+00,1.01250000e+00,-3.87500000e-02,-7.89062500e-02
1.01600000e-07,1.18125000e+00,1.16250000e+00,-2.18750000e-02,-1.08593750e-01
1.01920000e-07,1.05625000e+00,1.06250000e+00,-2.06250000e-02,-1.60156250e-01
1.02240000e-07,1.14375000e+00,9.75000000e-01,-4.37500000e-02,-1.65625000e-01
1.02560000e-07,1.11875000e+00,1.01250000e+00,-4.81250000e-02,-1.35156250e-01
1.02880000e-07,1.05625000e+00,1.01250000e+00,-3.25000000e-02,-9.21875000e-02
1.03200000e-07,1.00625000e+00,1.12500000e+00,-1.87500000e-02,-5.54687500e-02
1.03520000e-07,1.04375000e+00,1.12500000e+00,1.25000000e-03,-1.17187500e-01
1.03840000e-07,1.05625000e+00,8.87500000e-01,-3.62500000e-02,-1.85156250e-01
1.04160000e-07,1.13125000e+00,1.13750000e+00,-4.62500000e-02,-2.23437500e-01
1.04480000e-07,1.10625000e+00,1.07500000e+00,-2.81250000e-02,-1.76562500e-01
1.04800000e-07,1.01875000e+00,1.15000000e+00,-1.25000000e-03,-1.53125000e-01
1.05120000e-07,9.93750000e-01,1.06250000e+00,-2.56250000e-02,-1.28125000e-01
1.05440000e-07,9.31250000e-01,1.06250000e+00,-2.87500000e-02,-7.89062500e-02
1.05760000e-07,1.05625000e+00,1.07500000e+00,-4.87500000e-02,-6.25000000e-02
1.06080000e-07,1.06875000e+00,1.08750000e+00,-1.12500000e-02,-8.43750000e-02
1.06400000e-07,1.01875000e+00,1.00000000e+00,-3.62500000e-02,-1.29687500e-01
1.06720000e-07,8.93750000e-01,9.00000000e-01,-4.87500000e-02,-1.49218750e-01
1.07040000e-07,1.03125000e+00,9.87500000e-01,-5.12500000e-02,-1.12500000e-01
1.07360000e-07,1.00625000e+00,1.15000000e+00,-1.37500000e-02,-8.82812500e-02
1.07680000e-07,9.68750000e-01,1.06250000e+00,-1.93750000e-02,-6.64062500e-02
1.08000000e-07,9.56250000e-01,1.08750000e+00,-2.62500000e-02,-7.96875000e-02
1.08320000e-07,8.56250000e-01,9.75000000e-01,-3.62500000e-02,-9.53125000e-02
1.08640000e-07,8.43750000e-01,1.07500000e+00,-9.37500000e-03,-9.21875000e-02
1.08960000e-07,1.06875000e+00,1.00000000e+00,-3.12500000e-02,-9.60937500e-02
1.09280000e-07,9.43750000e-01,1.12500000e+00,-3.12500000e-02,-9.37500000e-02
1.09600000e-07,1.01875000e+00,9.25000000e-01,-5.12500000e-02,-9.76562500e-02
1.09920000e-07,9.18750000e-01,1.12500000e+00,-2.81250000e-02,-2.02343750e-01
1.10240000e-07,1.02812500e+00,9.62500000e-01,-4.31250000e-02,-1.86718750e-01
1.10560000e-07,7.62500000e-01,9.75000000e-01,-4.81250000e-02,-4.21875000e-02
1.10880000e-07,6.78125000e-01,1.06250000e+00,-2.12500000e-02,-8.82812500e-02
1.11200000e-07,8.21875000e-01,1.07500000e+00,-6.87500000e-03,-1.15625000e-01
1.11520000e-07,1.06875000e+00,1.06250000e+00,-6.43750000e-02,-7.03125000e-02
1.11840000e-07,8.15625000e-01,1.06250000e+00,-4.62500000e-02,-2.10156250e-01
1.12160000e-07,9.31250000e-01,9.25000000e-01,-1.93750000e-02,-2.46093750e-01
1.12480000e-07,9.06250000e-01,1.00000000e+00,7.50000000e-03,-1.62500000e-01
1.12800000e-07,7.68750000e-01,9.00000000e-01,-3.87500000e-02,-1.26562500e-01
1.13120000e-07,8.43750000e-01,1.08750000e+00,-3.37500000e-02,-5.07812500e-02
1.13440000e-07,9.81250000e-01,9.37500000e-01,-1.93750000e-02,-2.73437500e-02
1.13760000e-07,1.05625000e+00,8.87500000e-01,3.12500000e-03,-3.67187500e-02
1.14080000e-07,7.81250000e-01,9.75000000e-01,-2.25000000e-02,-6.56250000e-02
1.14400000e-07,8.06250000e-01,1.08750000e+00,-2.56250000e-02,-8.28125000e-02
1.14720000e-07,8.81250000e-01,1.02500000e+00,-2.81250000e-02,-7.18750000e-02
1.15040000e-07,8.06250000e-01,9.87500000e-01,-1.87500000e-02,-9.92187500e-02
1.15360000e-07,8.81250000e-01,1.06250000e+00,-4.43750000e-02,-1.14843750e-01
1.15680000e-07,7.68750000e-01,1.11250000e+00,-5.62500000e-02,-1.96093750e-01
1.16000000e-07,7.93750000e-01,1.08750000e+00,-3.62500000e-02,-1.73437500e-01
1.16320000e-07,7.43750000e-01,1.02500000e+00,-2.56250000e-02,-9.37500000e-02
1.16640000e-07,9.43750000e-01,1.05000000e+00,-4.25000000e-02,-1.67187500e-01
1.16960000e-07,7.56250000e-01,1.12500000e+00,-1.25000000e-03,-1.15625000e-01
1.17280000e-07,8.93750000e-01,1.11250000e+00,-5.56250000e-02,-2.03125000e-02
1.17600000e-07,7.43750000e-01,1.16250000e+00,-2.18750000e-02,-5.31250000e-02
1.17920000e-07,7.56250000e-01,1.10000000e+00,-3.43750000e-02,-4.06250000e-02
1.18240000e-07,7.56250000e-01,1.11250000e+00,-4.62500000e-02,-3.82812500e-02
1.18560000e-07,7.68750000e-01,9.87500000e-01,-2.87500000e-02,-2.57812500e-02
1.18880000e-07,8.68750000e-01,1.11250000e+00,-3.81250000e-02,-9.45312500e-02
1.19200000e-07,8.43750000e-01,1.07500000e+00,-4.81250000e-02,-1.58593750e-01
1.19520000e-07,7.68750000e-01,1.11250000e+00,-3.00000000e-02,-1.39843750e-01
1.19840000e-07,8.93750000e-01,1.13750000e+00,-3.75000000e-03,-7.50000000e-02
1.20160000e-07,7.43750000e-01,1.01250000e+00,6.25000000e-04,-1.08593750e-01
1.20480000e-07,7.56250000e-01,1.02500000e+00,-4.87500000e-02,-2.00000000e-01
1.20800000e-07,8.43750000e-01,1.03750000e+00,-2.12500000e-02,-1.67968750e-01
1.21120000e-07,8.43750000e-01,9.37500000e-01,-2.00000000e-02,-8.51562500e-02
1.21440000e-07,7.43750000e-01,9.62500000e-01,-2.18750000e-02,-1.31250000e-01
1.21760000e-07,7.43750000e-01,1.11250000e+00,-4.62500000e-02,-9.06250000e-02
1.22080000e-07,1.00625000e+00,1.05000000e+00,-3.87500000e-02,-1.22656250e-01
1.22400000e-07,8.56250000e-01,1.03750000e+00,-2.62500000e-02,-1.46875000e-01
1.22720000e-07,7.81250000e-01,1.01250000e+00,-6.06250000e-02,-1.23437500e-01
1.23040000e-07,8.56250000e-01,9.62500000e-01,-3.00000000e-02,-8.82812500e-02
1.23360000e-07,7.93750000e-01,1.00000000e+00,-2.18750000e-02,-1.64062500e-01
1.23680000e-07,9.81250000e-01,1.10000000e+00,-4.06250000e-02,-1.25781250e-01
1.24000000e-07,8.06250000e-01,1.07500000e+00,-3.06250000e-02,-5.93750000e-02
1.24320000e-07,8.68750000e-01,1.05000000e+00,-3.56250000e-02,-3.12500000e-02
1.24640000e-07,8.56250000e-01,1.15000000e+00,-3.50000000e-02,-1.01562500e-01
1.24960000e-07,1.01875000e+00,1.02500000e+00,-1.62500000e-02,-1.82812500e-01
1.25280000e-07,9.31250000e-01,1.20000000e+00,-2.56250000e-02,-1.60937500e-01
1.25600000e-07,8.06250000e-01,1.08750000e+00,-3.31250000e-02,-6.09375000e-02
1.25920000e-07,9.31250000e-01,1.02500000e+00,-1.43750000e-02,-8.04687500e-02
1.26240000e-07,8.31250000e-01,9.87500000e-01,-3.06250000e-02,-1.52343750e-01
1.26560000e-07,9.68750000e-01,1.03750000e+00,-6.37500000e-02,-1.63281250e-01
1.26880000e-07,1.03125000e+00,1.06250000e+00,-2.62500000e-02,-1.32031250e-01
1.27200000e-07,1.03125000e+00,1.12500000e+00,-4.31250000e-02,-8.20312500e-02
1.27520000e-07,8.56250000e-01,1.08750000e+00,-4.81250000e-02,-5.39062500e-02
1.27840000e-07,8.68750000e-01,1.05000000e+00,-2.75000000e-02,-1.54687500e-01
1.28160000e-07,1.01875000e+00,9.87500000e-01,1.25000000e-03,-9.68750000e-02
1.28480000e-07,9.93750000e-01,1.10000000e+00,-2.50000000e-02,-1.59375000e-01
1.28800000e-07,1.04375000e+00,1.16250000e+00,-3.62500000e-02,-1.46875000e-01
1.29120000e-07,8.68750000e-01,9.87500000e-01,-2.56250000e-02,-1.25000000e-01
1.29440000e-07,9.93750000e-01,1.03750000e+00,-6.37500000e-02,-1.35937500e-01
1.29760000e-07,1.00625000e+00,1.21250000e+00,-3.50000000e-02,-8.90625000e-02
1.30080000e-07,9.18750000e-01,1.12500000e+00,-6.87500000e-03,-1.65625000e-01
1.30400000e-07,1.01875000e+00,1.03750000e+00,-2.56250000e-02,-1.96093750e-01
1.30720000e-07,9.31250000e-01,1.13750000e+00,-3.62500000e-02,-1.52343750e-01
1.31040000e-07,1.00625000e+00,1.11250000e+00,-5.12500000e-02,-7.89062500e-02
1.31360000e-07,1.00625000e+00,1.12500000e+00,-9.37500000e-03,7.03125000e-03
1.31680000e-07,9.81250000e-01,1.03750000e+00,-5.12500000e-02,-5.46875000e-02
1.32000000e-07,9.81250000e-01,1.05000000e+00,-3.81250000e-02,-1.19531250e-01
1.32320000e-07,1.03125000e+00,1.16250000e+00,-3.50000000e-02,-9.60937500e-02
1.32640000e-07,8.31250000e-01,1.00000000e+00,-3.75000000e-03,-1.72656250e-01
1.32960000e-07,1.03125000e+00,1.08750000e+00,-1.93750000e-02,-2.10156250e-01
1.33280000e-07,1.06875000e+00,1.10000000e+00,-4.62500000e-02,-1.75000000e-01
1.33600000e-07,1.01875000e+00,1.13750000e+00,-3.81250000e-02,-1.34375000e-01
1.33920000e-07,1.01875000e+00,1.07500000e+00,-2.56250000e-02,-1.25000000e-01
1.34240000e-07,1.03125000e+00,1.08750000e+00,-4.81250000e-02,-4.84375000e-02
1.34560000e-07,1.20625000e+00,1.05000000e+00,-4.31250000e-02,-8.98437500e-02
1.34880000e-07,1.18125000e+00,1.08750000e+00,-2.75000000e-02,-3.20312500e-02
1.35200000e-07,1.08125000e+00,1.08750000e+00,-1.12500000e-02,-1.87500000e-02
1.35520000e-07,1.08125000e+00,1.01250000e+00,-1.62500000e-02,-9.60937500e-02
1.35840000e-07,1.27187500e+00,1.03750000e+00,1.06250000e-02,-6.87500000e-02
1.36160000e-07,1.28125000e+00,1.03750000e+00,-1.68750000e-02,2.81250000e-02
1.36480000e-07,1.26875000e+00,1.16250000e+00,-1.25000000e-02,8.59375000e-03
1.36800000e-07,1.15937500e+00,1.05000000e+00,-4.12500000e-02,-7.03125000e-02
1.37120000e-07,1.20625000e+00,1.07500000e+00,-4.56250000e-02,-6.01562500e-02
1.37440000e-07,1.13125000e+00,1.07500000e+00,-4.50000000e-02,-4.68750000e-02
1.37760000e-07,1.30000000e+00,1.00000000e+00,-6.87500000e-03,-4.21875000e-02
1.38080000e-07,1.20625000e+00,1.22500000e+00,-4.56250000e-02,-3.90625000e-02
1.38400000e-07,1.11875000e+00,9.75000000e-01,3.75000000e-03,-5.00000000e-02
1.38720000e-07,9.68750000e-01,1.15000000e+00,1.06250000e-02,-1.25781250e-01
1.39040000e-07,1.25625000e+00,1.00000000e+00,-6.87500000e-03,-1.43750000e-01
1.39360000e-07,1.15625000e+00,1.08750000e+00,-1.43750000e-02,-2.50000000e-02
1.39680000e-07,1.24687500e+00,1.05000000e+00,-2.25000000e-02,3.75000000e-02
1.40000000e-07,1.35000000e+00,1.08750000e+00,-2.87500000e-02,-3.59375000e-02
1.40320000e-07,1.24687500e+00,1.10000000e+00,-2.12500000e-02,-3.12500000e-02
1.40640000e-07,1.30312500e+00,1.21250000e+00,-6.87500000e-03,2.42187500e-02
1.40960000e-07,1.14375000e+00,1.05000000e+00,-1.18750000e-02,-1.56250000e-03
1.41280000e-07,1.17187500e+00,1.06250000e+00,-1.93750000e-02,1.09375000e-02
1.41600000e-07,1.20625000e+00,9.87500000e-01,1.06250000e-02,-3.82812500e-02
1.41920000e-07,1.18125000e+00,1.13750000e+00,-3.87500000e-02,-4.84375000e-02
1.42240000e-07,1.25625000e+00,1.01250000e+00,-4.56250000e-02,-2.65625000e-02
1.42560000e-07,1.25625000e+00,9.25000000e-01,-1.43750000e-02,-6.01562500e-02
1.42880000e-07,1.32812500e+00,9.25000000e-01,-2.81250000e-02,-7.81250000e-02
1.43200000e-07,1.41250000e+00,1.21250000e+00,-3.62500000e-02,-8.20312500e-02
1.43520000e-07,1.04375000e+00,1.07500000e+00,-3.12500000e-02,-4.60937500e-02
1.43840000e-07,1.15937500e+00,1.01250000e+00,-3.31250000e-02,-3.98437500e-02
1.44160000e-07,1.30000000e+00,1.08750000e+00,-2.50000000e-02,-2.26562500e-02
1.44480000e-07,1.23437500e+00,9.87500000e-01,-1.12500000e-02,2.73437500e-02
1.44800000e-07,1.47812500e+00,1.00000000e+00,-3.81250000e-02,-3.12500000e-02
1.45120000e-07,1.24375000e+00,1.13750000e+00,-1.43750000e-02,-2.89062500e-02
1.45440000e-07,1.13437500e+00,9.75000000e-01,-5.43750000e-02,3.51562500e-02
1.45760000e-07,1.22187500e+00,1.11250000e+00,-2.81250000e-02,-7.81250000e-04
1.46080000e-07,1.37812500e+00,1.05000000e+00,-1.75000000e-02,1.48437500e-02
1.46400000e-07,1.34062500e+00,1.13750000e+00,-4.31250000e-02,4.84375000e-02
1.46720000e-07,1.45312500e+00,1.08750000e+00,-8.75000000e-03,-7.57812500e-02
1.47040000e-07,1.34062500e+00,9.12500000e-01,-6.87500000e-03,-7.57812500e-02
1.47360000e-07,1.30625000e+00,9.37500000e-01,-2.87500000e-02,-6.56250000e-02
1.47680000e-07,1.33125000e+00,1.08750000e+00,-3.87500000e-02,-7.26562500e-02
1.48000000e-07,1.37812500e+00,9.87500000e-01,-2.25000000e-02,4.84375000e-02
1.48320000e-07,1.30312500e+00,9.50000000e-01,-4.37500000e-02,6.48437500e-02
1.48640000e-07,1.20000000e+00,1.08750000e+00,-4.06250000e-02,-3.35937500e-02
1.48960000e-07,1.40625000e+00,1.03750000e+00,-1.18750000e-02,-1.40625000e-02
1.49280000e-07,1.36250000e+00,1.00000000e+00,-3.62500000e-02,8.59375000e-03
1.49600000e-07,1.16250000e+00,9.75000000e-01,-1.62500000e-02,-3.82812500e-02
1.49920000e-07,1.45625000e+00,9.50000000e-01,-2.18750000e-02,7.03125000e-03
1.50240000e-07,1.36562500e+00,1.13750000e+00,-1.93750000e-02,-1.64062500e-02
1.50560000e-07,1.39375000e+00,9.87500000e-01,-1.18750000e-02,1.01562500e-02
1.50880000e-07,1.33125000e+00,1.07500000e+00,-1.00000000e-02,7.03125000e-02
1.51200000e-07,1.39375000e+00,1.02500000e+00,-4.87500000e-02,1.32812500e-02
1.51520000e-07,1.23437500e+00,1.15000000e+00,-1.25000000e-03,-4.68750000e-02
1.51840000e-07,1.26250000e+00,1.06250000e+00,-2.62500000e-02,-3.98437500e-02
1.52160000e-07,1.41875000e+00,9.87500000e-01,-3.87500000e-02,-6.87500000e-02
1.52480000e-07,1.35312500e+00,1.06250000e+00,-1.43750000e-02,-8.67187500e-02
1.52800000e-07,1.34375000e+00,1.17500000e+00,-2.62500000e-02,-2.34375000e-02
1.53120000e-07,1.44375000e+00,9.50000000e-01,-4.62500000e-02,-3.98437500e-02
1.53440000e-07,1.24687500e+00,1.10000000e+00,-1.93750000e-02,-7.96875000e-02
1.53760000e-07,1.35625000e+00,1.12500000e+00,-2.56250000e-02,1.32812500e-02
1.54080000e-07,1.36562500e+00,1.20000000e+00,-1.68750000e-02,3.59375000e-02
1.54400000e-07,1.30000000e+00,1.06250000e+00,-3.87500000e-02,-1.95312500e-02
1.54720000e-07,1.19687500e+00,1.03750000e+00,-1.87500000e-03,3.59375000e-02
1.55040000e-07,1.39062500e+00,1.01250000e+00,-1.75000000e-02,-1.56250000e-03
1.55360000e-07,1.32500000e+00,9.75000000e-01,-3.37500000e-02,-1.16406250e-01
1.55680000e-07,1.27187500e+00,1.12500000e+00,-4.62500000e-02,-8.75000000e-02
1.56000000e-07,1.35625000e+00,1.16250000e+00,-2.18750000e-02,-4.60937500e-02
1.56320000e-07,1.33750000e+00,9.62500000e-01,-4.62500000e-02,-7.10937500e-02
1.56640000e-07,1.28750000e+00,1.01250000e+00,-5.62500000e-02,-3.59375000e-02
1.56960000e-07,1.35625000e+00,9.37500000e-01,-1.93750000e-02,1.48437500e-02
1.57280000e-07,1.35312500e+00,9.12500000e-01,-4.37500000e-03,1.87500000e-02
1.57600000e-07,1.30312500e+00,9.87500000e-01,-1.25000000e-02,-5.85937500e-02
1.57920000e-07,1.20000000e+00,1.06250000e+00,-2.25000000e-02,-7.57812500e-02
1.58240000e-07,1.36875000e+00,1.00000000e+00,-5.37500000e-02,-9.68750000e-02
1.58560000e-07,1.36562500e+00,1.05000000e+00,-6.31250000e-02,-3.43750000e-02
1.58880000e-07,1.28750000e+00,1.05000000e+00,-1.87500000e-02,3.82812500e-02
1.59200000e-07,1.34062500e+00,1.11250000e+00,-4.37500000e-03,-2.96875000e-02
1.59520000e-07,1.27500000e+00,9.62500000e-01,-1.25000000e-02,-6.95312500e-02
1.59840000e-07,1.36875000e+00,1.06250000e+00,-2.87500000e-02,-2.26562500e-02
1.60160000e-07,1.31250000e+00,1.01250000e+00,-2.81250000e-02,-3.12500000e-03
1.60480000e-07,1.26250000e+00,1.02500000e+00,-2.12500000e-02,-8.20312500e-02
1.60800000e-07,1.27187500e+00,1.01250000e+00,-1.93750000e-02,-1.03125000e-01
1.61120000e-07,1.15625000e+00,1.07500000e+00,-3.37500000e-02,-3.75000000e-02
1.61440000e-07,1.18437500e+00,1.00000000e+00,-3.06250000e-02,1.32812500e-02
1.61760000e-07,1.16875000e+00,1.01250000e+00,-2.18750000e-02,3.51562500e-02
1.62080000e-07,1.24375000e+00,1.05000000e+00,-2.56250000e-02,2.65625000e-02
1.62400000e-07,1.20625000e+00,1.15000000e+00,-2.18750000e-02,-1.95312500e-02
1.62720000e-07,1.39062500e+00,1.07500000e+00,-2.87500000e-02,-1.64062500e-02
1.63040000e-07,1.25625000e+00,1.06250000e+00,-1.25000000e-02,5.23437500e-02
1.63360000e-07,1.21875000e+00,1.07500000e+00,-3.87500000e-02,-5.15625000e-02
1.63680000e-07,1.02187500e+00,1.03750000e+00,-2.12500000e-02,-8.35937500e-02
1.64000000e-07,1.08125000e+00,9.75000000e-01,-1.00000000e-02,-7.10937500e-02
1.64320000e-07,1.10625000e+00,1.15000000e+00,-5.12500000e-02,-5.00000000e-02
1.64640000e-07,1.21875000e+00,1.12500000e+00,6.25000000e-03,-2.26562500e-02
1.64960000e-07,1.26875000e+00,1.05000000e+00,6.25000000e-04,5.54687500e-02
1.65280000e-07,1.25625000e+00,1.15000000e+00,-2.87500000e-02,8.82812500e-02
1.65600000e-07,1.19375000e+00,9.25000000e-01,-4.31250000e-02,5.39062500e-02
1.65920000e-07,1.16875000e+00,9.50000000e-01,-3.12500000e-02,2.34375000e-03
1.66240000e-07,1.13125000e+00,1.15000000e+00,-3.50000000e-02,-1.17187500e-02
1.66560000e-07,1.13125000e+00,1.13750000e+00,-3.12500000e-02,-1.56250000e-02
1.66880000e-07,1.19375000e+00,1.03750000e+00,-4.06250000e-02,-7.50000000e-02
1.67200000e-07,1.19375000e+00,9.62500000e-01,-1.43750000e-02,-6.95312500e-02
1.67520000e-07,1.26875000e+00,1.08750000e+00,-1.75000000e-02,-8.43750000e-02
1.67840000e-07,1.20625000e+00,1.01250000e+00,-4.87500000e-02,-6.17187500e-02
1.68160000e-07,1.04375000e+00,1.02500000e+00,-2.12500000e-02,-5.62500000e-02
1.68480000e-07,1.23125000e+00,9.00000000e-01,-2.87500000e-02,-8.98437500e-02
1.68800000e-07,1.14375000e+00,1.00000000e+00,-2.87500000e-02,-6.48437500e-02
1.69120000e-07,1.06875000e+00,1.05000000e+00,-3.62500000e-02,-1.05468750e-01
1.69440000e-07,1.05625000e+00,9.75000000e-01,-1.12500000e-02,-5.54687500e-02
1.69760000e-07,1.14375000e+00,1.07500000e+00,-4.87500000e-02,-2.73437500e-02
1.70080000e-07,1.15625000e+00,1.05000000e+00,-2.81250000e-02,-6.48437500e-02
1.70400000e-07,1.19375000e+00,1.06250000e+00,-2.25000000e-02,-1.01562500e-01
1.70720000e-07,1.06875000e+00,1.13750000e+00,-1.12500000e-02,-1.18750000e-01
1.71040000e-07,1.09375000e+00,7.87500000e-01,-1.75000000e-02,-1.23437500e-01
1.71360000e-07,1.04375000e+00,1.01250000e+00,-4.62500000e-02,-1.24218750e-01
1.71680000e-07,1.03125000e+00,1.01250000e+00,-3.00000000e-02,-5.62500000e-02
1.72000000e-07,1.09375000e+00,1.06250000e+00,-6.25000000e-03,-4.21875000e-02
1.72320000e-07,1.30312500e+00,1.11250000e+00,-2.12500000e-02,-1.09375000e-01
1.72640000e-07,1.20625000e+00,1.01250000e+00,-1.87500000e-03,-7.03125000e-02
1.72960000e-07,1.16875000e+00,1.07500000e+00,-4.37500000e-03,-1.32812500e-02
1.73280000e-07,1.17187500e+00,1.12500000e+00,-5.00000000e-03,-1.59375000e-01
1.73600000e-07,1.18125000e+00,1.00000000e+00,-3.37500000e-02,-2.41406250e-01
1.73920000e-07,9.43750000e-01,1.07500000e+00,-1.68750000e-02,-1.34375000e-01
1.74240000e-07,9.06250000e-01,1.16250000e+00,-1.68750000e-02,-7.81250000e-02
1.74560000e-07,8.93750000e-01,9.75000000e-01,-3.37500000e-02,-1.15625000e-01
1.74880000e-07,1.11875000e+00,9.50000000e-01,-1.43750000e-02,-1.25781250e-01
1.75200000e-07,1.15625000e+00,1.02500000e+00,-2.31250000e-02,-1.09375000e-01
1.75520000e-07,1.19375000e+00,1.06250000e+00,-2.87500000e-02,-1.98437500e-01
1.75840000e-07,1.21875000e+00,1.12500000e+00,-3.00000000e-02,-1.43750000e-01
1.76160000e-07,1.14375000e+00,9.37500000e-01,1.25000000e-03,-1.14062500e-01
1.76480000e-07,1.04375000e+00,1.06250000e+00,-8.75000000e-03,-7.18750000e-02
1.76800000e-07,1.03125000e+00,1.05000000e+00,-1.43750000e-02,-4.29687500e-02
1.77120000e-07,1.05625000e+00,1.13750000e+00,-1.75000000e-02,-4.84375000e-02
1.77440000e-07,1.03125000e+00,1.11250000e+00,-2.18750000e-02,-8.20312500e-02
1.77760000e-07,9.68750000e-01,1.02500000e+00,-4.37500000e-03,-1.25781250e-01
1.78080000e-07,1.24375000e+00,9.87500000e-01,-9.37500000e-03,-1.39062500e-01
1.78400000e-07,1.06875000e+00,1.07500000e+00,-9.37500000e-03,-1.27343750e-01
1.78720000e-07,1.25625000e+00,9.37500000e-01,-3.62500000e-02,-1.33593750e-01
1.79040000e-07,1.06875000e+00,1.06250000e+00,-4.12500000e-02,-1.41406250e-01
1.79360000e-07,9.43750000e-01,1.01250000e+00,-2.56250000e-02,-1.20312500e-01
1.79680000e-07,7.43750000e-01,1.02500000e+00,-1.93750000e-02,-1.24218750e-01
1.80000000e-07,9.93750000e-01,1.00000000e+00,-2.56250000e-02,-9.06250000e-02
1.80320000e-07,1.16875000e+00,1.10000000e+00,-3.31250000e-02,-3.98437500e-02
1.80640000e-07,1.16875000e+00,1.08750000e+00,-3.25000000e-02,-9.53125000e-02
1.80960000e-07,1.09375000e+00,1.12500000e+00,3.75000000e-03,-1.64843750e-01
1.81280000e-07,1.13125000e+00,1.12500000e+00,-4.31250000e-02,-1.63281250e-01
1.81600000e-07,9.43750000e-01,1.17500000e+00,-4.62500000e-02,-1.89062500e-01
1.81920000e-07,1.10625000e+00,9.75000000e-01,-1.18750000e-02,-1.90625000e-01
1.82240000e-07,9.93750000e-01,1.05000000e+00,-2.25000000e-02,-1.44531250e-01
1.82560000e-07,1.14375000e+00,1.08750000e+00,-3.37500000e-02,-7.10937500e-02
1.82880000e-07,1.08125000e+00,1.16250000e+00,-3.81250000e-02,-1.16406250e-01
1.83200000e-07,1.08125000e+00,1.12500000e+00,-4.06250000e-02,-1.73437500e-01
1.83520000e-07,1.05625000e+00,1.13750000e+00,-3.31250000e-02,-1.18750000e-01
1.83840000e-07,1.04375000e+00,1.02500000e+00,-2.75000000e-02,-8.12500000e-02
1.84160000e-07,1.11875000e+00,1.06250000e+00,-9.37500000e-03,-1.33593750e-01
1.84480000e-07,1.08125000e+00,9.62500000e-01,-3.75000000e-02,-2.11718750e-01
1.84800000e-07,1.11875000e+00,1.11250000e+00,6.25000000e-03,-1.40625000e-01
1.85120000e-07,1.09375000e+00,9.25000000e-01,6.25000000e-03,-1.17187500e-01
1.85440000e-07,9.43750000e-01,1.12500000e+00,-4.12500000e-02,-1.75000000e-01
1.85760000e-07,1.04375000e+00,9.75000000e-01,-4.37500000e-02,-9.92187500e-02
1.86080000e-07,1.08125000e+00,1.15000000e+00,-2.87500000e-02,-1.58593750e-01
1.86400000e-07,1.14375000e+00,1.02500000e+00,-3.31250000e-02,-1.65625000e-01
1.86720000e-07,1.03125000e+00,1.10000000e+00,-3.31250000e-02,-7.73437500e-02
1.87040000e-07,1.10625000e+00,1.12500000e+00,-2.81250000e-02,-1.25781250e-01
1.87360000e-07,1.04375000e+00,1.23750000e+00,-4.06250000e-02,-1.47656250e-01
1.87680000e-07,1.08125000e+00,1.02500000e+00,1.25000000e-03,-7.73437500e-02
1.88000000e-07,1.04375000e+00,1.02500000e+00,-1.25000000e-02,-6.40625000e-02
1.88320000e-07,1.06875000e+00,1.03750000e+00,-3.37500000e-02,-9.60937500e-02
1.88640000e-07,1.03125000e+00,9.37500000e-01,-2.81250000e-02,-8.12500000e-02
1.88960000e-07,1.01875000e+00,9.62500000e-01,-5.81250000e-02,-9.21875000e-02
1.89280000e-07,1.15625000e+00,1.08750000e+00,-1.18750000e-02,-9.92187500e-02
1.89600000e-07,1.13125000e+00,1.07500000e+00,-2.87500000e-02,-8.20312500e-02
1.89920000e-07,9.31250000e-01,1.01250000e+00,-3.31250000e-02,-1.30468750e-01
1.90240000e-07,1.05625000e+00,1.13750000e+00,-3.56250000e-02,-7.96875000e-02
1.90560000e-07,1.01875000e+00,1.15000000e+00,-2.56250000e-02,-6.25000000e-02
1.90880000e-07,1.15625000e+00,9.75000000e-01,-3.31250000e-02,-1.31250000e-01
1.91200000e-07,1.08125000e+00,1.11250000e+00,-6.06250000e-02,-1.72656250e-01
1.91520000e-07,1.05625000e+00,1.01250000e+00,-1.87500000e-02,-1.16406250e-01
1.91840000e-07,1.11875000e+00,1.17500000e+00,-2.00000000e-02,-4.84375000e-02
1.92160000e-07,1.11875000e+00,9.62500000e-01,-4.62500000e-02,-9.37500000e-02
1.92480000e-07,1.00625000e+00,1.06250000e+00,-4.06250000e-02,-1.01562500e-01
1.92800000e-07,1.11875000e+00,9.75000000e-01,-3.00000000e-02,-1.15625000e-01
1.93120000e-07,1.01875000e+00,1.11250000e+00,-1.93750000e-02,-1.00781250e-01
1.93440000e-07,1.04375000e+00,1.11250000e+00,-4.31250000e-02,-6.56250000e-02
1.93760000e-07,1.08125000e+00,1.16250000e+00,-1.12500000e-02,-4.45312500e-02
1.94080000e-07,1.04375000e+00,1.02500000e+00,-1.75000000e-02,-9.84375000e-02
1.94400000e-07,1.06875000e+00,9.87500000e-01,-3.31250000e-02,-1.15625000e-01
1.94720000e-07,1.06875000e+00,1.00000000e+00,8.75000000e-03,-1.27343750e-01
1.95040000e-07,1.11875000e+00,1.13750000e+00,-1.93750000e-02,-1.64062500e-02
1.95360000e-07,1.20625000e+00,8.75000000e-01,-1.68750000e-02,3.75000000e-02
1.95680000e-07,1.14375000e+00,1.05000000e+00,-2.62500000e-02,-1.09375000e-02
1.96000000e-07,1.05625000e+00,1.03750000e+00,-4.62500000e-02,-1.40625000e-02
1.96320000e-07,9.81250000e-01,1.05000000e+00,-4.12500000e-02,-1.35156250e-01
1.96640000e-07,1.13125000e+00,1.05000000e+00,-4.31250000e-02,-1.78906250e-01
1.96960000e-07,1.14375000e+00,1.05000000e+00,-5.31250000e-02,1.25000000e-02
1.97280000e-07,1.15625000e+00,9.12500000e-01,-3.81250000e-02,3.67187500e-02
1.97600000e-07,1.06875000e+00,9.62500000e-01,-2.50000000e-02,-4.92187500e-02
1.97920000e-07,1.09375000e+00,1.05000000e+00,-1.68750000e-02,-9.21875000e-02
1.98240000e-07,1.08125000e+00,1.13750000e+00,-2.75000000e-02,-9.84375000e-02
1.98560000e-07,1.14375000e+00,9.50000000e-01,-2.81250000e-02,-2.89062500e-02
1.98880000e-07,1.05625000e+00,1.00000000e+00,-1.93750000e-02,-9.37500000e-03
1.99200000e-07,1.11875000e+00,1.08750000e+00,-3.87500000e-02,-6.25000000e-02
1.99520000e-07,1.10625000e+00,1.02500000e+00,-1.43750000e-02,-1.24218750e-01
1.99840000e-07,1.04375000e+00,1.02500000e+00,-3.31250000e-02,-1.18750000e-01
2.00160000e-07,1.05625000e+00,9.12500000e-01,-5.31250000e-02,-1.60937500e-01
2.00480000e-07,1.06875000e+00,1.03750000e+00,-1.12500000e-02,-1.30468750e-01
2.00800000e-07,1.11875000e+00,1.10000000e+00,-2.00000000e-02,-1.31250000e-01
2.01120000e-07,1.19375000e+00,9.75000000e-01,-3.12500000e-02,-7.10937500e-02
2.01440000e-07,1.13125000e+00,1.12500000e+00,-2.12500000e-02,-2.96875000e-02
2.01760000e-07,1.26875000e+00,1.01250000e+00,-2.87500000e-02,-7.57812500e-02
2.02080000e-07,1.13125000e+00,9.75000000e-01,-4.12500000e-02,-1.46875000e-01
2.02400000e-07,1.14375000e+00,1.06250000e+00,-2.62500000e-02,-6.48437500e-02
2.02720000e-07,1.09375000e+00,1.01250000e+00,-4.56250000e-02,-1.79687500e-02
2.03040000e-07,1.18125000e+00,1.05000000e+00,1.25000000e-03,-5.23437500e-02
2.03360000e-07,1.06875000e+00,9.50000000e-01,-2.87500000e-02,-5.00000000e-02
2.03680000e-07,1.08125000e+00,1.07500000e+00,-4.81250000e-02,-8.75000000e-02
2.04000000e-07,1.01875000e+00,1.12500000e+00,5.62500000e-03,-6.32812500e-02
2.04320000e-07,1.01875000e+00,1.10000000e+00,-3.81250000e-02,-3.90625000e-03
2.04640000e-07,1.23125000e+00,1.03750000e+00,-2.18750000e-02,-7.96875000e-02
2.04960000e-07,1.15625000e+00,8.25000000e-01,-2.06250000e-02,-3.51562500e-02
2.05280000e-07,1.09375000e+00,1.02500000e+00,-5.12500000e-02,-1.17187500e-02
2.05600000e-07,1.14375000e+00,9.37500000e-01,-3.25000000e-02,-5.46875000e-02
2.05920000e-07,1.05625000e+00,1.13750000e+00,-1.25000000e-03,-7.10937500e-02
2.06240000e-07,1.08125000e+00,1.00000000e+00,-3.06250000e-02,-5.39062500e-02
2.06560000e-07,1.14375000e+00,1.12500000e+00,-4.62500000e-02,-1.02343750e-01
2.06880000e-07,1.23125000e+00,1.02500000e+00,-6.37500000e-02,-7.10937500e-02
2.07200000e-07,1.04375000e+00,9.50000000e-01,-2.12500000e-02,-4.06250000e-02
2.07520000e-07,1.09375000e+00,1.16250000e+00,-1.50000000e-02,-6.25000000e-02
2.07840000e-07,1.16875000e+00,1.16250000e+00,-6.12500000e-02,-2.34375000e-02
2.08160000e-07,1.13125000e+00,1.16250000e+00,-5.06250000e-02,-9.76562500e-02
2.08480000e-07,1.10625000e+00,1.11250000e+00,-2.12500000e-02,-1.42187500e-01
2.08800000e-07,1.05625000e+00,1.00000000e+00,-2.18750000e-02,-5.15625000e-02
2.09120000e-07,1.21875000e+00,1.01250000e+00,-1.43750000e-02,-8.20312500e-02
2.09440000e-07,1.11875000e+00,1.05000000e+00,-1.93750000e-02,-8.51562500e-02
2.09760000e-07,1.13125000e+00,1.12500000e+00,-1.43750000e-02,-4.76562500e-02
2.10080000e-07,1.03125000e+00,1.03750000e+00,-2.25000000e-02,-2.81250000e-02
2.10400000e-07,1.18125000e+00,1.00000000e+00,-1.93750000e-02,-8.35937500e-02
2.10720000e-07,1.33750000e+00,1.03750000e+00,-2.18750000e-02,-1.21875000e-01
2.11040000e-07,1.14375000e+00,1.13750000e+00,-1.93750000e-02,-1.57031250e-01
2.11360000e-07,1.23125000e+00,1.10000000e+00,3.12500000e-03,-7.03125000e-02
2.11680000e-07,1.20937500e+00,1.12500000e+00,-1.93750000e-02,-7.81250000e-02
2.12000000e-07,1.31250000e+00,1.00000000e+00,8.12500000e-03,-1.27343750e-01
2.12320000e-07,1.20625000e+00,1.00000000e+00,-1.68750000e-02,-7.65625000e-02
2.12640000e-07,1.18437500e+00,1.01250000e+00,-1.43750000e-02,-2.10937500e-02
2.12960000e-07,1.10625000e+00,1.13750000e+00,-3.12500000e-02,1.25000000e-02
2.13280000e-07,1.40312500e+00,1.05000000e+00,-4.12500000e-02,-1.43750000e-01
2.13600000e-07,1.24375000e+00,1.07500000e+00,-3.62500000e-02,-1.42187500e-01
2.13920000e-07,1.09375000e+00,1.06250000e+00,-5.06250000e-02,-2.73437500e-02
2.14240000e-07,1.22187500e+00,1.12500000e+00,-1.37500000e-02,-7.10937500e-02
2.14560000e-07,1.23125000e+00,9.75000000e-01,-1.43750000e-02,-1.32812500e-01
2.14880000e-07,1.14375000e+00,1.13750000e+00,-1.18750000e-02,-1.51562500e-01
2.15200000e-07,1.18125000e+00,1.03750000e+00,-7.50000000e-03,-1.09375000e-01
2.15520000e-07,1.32500000e+00,1.07500000e+00,-3.87500000e-02,-3.82812500e-02
2.15840000e-07,1.25625000e+00,9.62500000e-01,-1.12500000e-02,-2.89062500e-02
2.16160000e-07,1.18125000e+00,1.00000000e+00,-1.87500000e-03,-1.06250000e-01
2.16480000e-07,1.25625000e+00,1.15000000e+00,-2.56250000e-02,-8.28125000e-02
2.16800000e-07,1.30000000e+00,1.13750000e+00,-2.00000000e-02,-1.08593750e-01
2.17120000e-07,1.13125000e+00,9.75000000e-01,-4.87500000e-02,-1.56250000e-01
2.17440000e-07,1.11875000e+00,1.07500000e+00,-3.06250000e-02,-2.42187500e-02
2.17760000e-07,1.31562500e+00,1.01250000e+00,-3.81250000e-02,2.89062500e-02
2.18080000e-07,1.18125000e+00,1.10000000e+00,-2.12500000e-02,-8.67187500e-02
2.18400000e-07,1.16875000e+00,1.15000000e+00,-1.75000000e-02,-1.17187500e-02
2.18720000e-07,1.18437500e+00,1.08750000e+00,-3.37500000e-02,1.79687500e-02
2.19040000e-07,1.26875000e+00,9.87500000e-01,-3.81250000e-02,-1.32812500e-02
2.19360000e-07,1.21875000e+00,1.05000000e+00,-1.62500000e-02,-1.03906250e-01
2.19680000e-07,1.24687500e+00,1.11250000e+00,-1.43750000e-02,-1.00000000e-01
2.20000000e-07,1.21875000e+00,1.03750000e+00,-2.25000000e-02,-9.60937500e-02
2.20320000e-07,1.11875000e+00,1.03750000e+00,-4.37500000e-02,-9.92187500e-02
2.20640000e-07,1.33125000e+00,1.10000000e+00,-1.87500000e-02,-9.21875000e-02
2.20960000e-07,1.25625000e+00,1.07500000e+00,-1.43750000e-02,-1.24218750e-01
2.21280000e-07,1.13125000e+00,1.08750000e+00,-6.87500000e-03,-1.35156250e-01
2.21600000e-07,1.12187500e+00,9.87500000e-01,3.12500000e-03,-8.67187500e-02
2.21920000e-07,1.19375000e+00,1.07500000e+00,-4.37500000e-03,-8.59375000e-02
2.22240000e-07,1.16875000e+00,1.01250000e+00,-1.87500000e-03,-1.30468750e-01
2.22560000e-07,1.16875000e+00,1.05000000e+00,-5.00000000e-03,-1.93750000e-01
2.22880000e-07,1.32812500e+00,1.11250000e+00,-2.81250000e-02,-1.42968750e-01
2.23200000e-07,1.20625000e+00,1.12500000e+00,-8.75000000e-03,-1.14843750e-01
2.23520000e-07,1.23125000e+00,9.87500000e-01,-1.87500000e-02,-9.21875000e-02
2.23840000e-07,1.22187500e+00,1.07500000e+00,-2.18750000e-02,-3.28125000e-02
2.24160000e-07,1.16875000e+00,1.01250000e+00,-1.93750000e-02,-3.20312500e-02
2.24480000e-07,1.11875000e+00,1.00000000e+00,-2.00000000e-02,-1.02343750e-01
2.24800000e-07,1.16875000e+00,9.37500000e-01,-2.18750000e-02,-1.55468750e-01
2.25120000e-07,1.13125000e+00,1.25000000e+00,-2.87500000e-02,-1.81250000e-01
2.25440000e-07,1.16875000e+00,1.07500000e+00,-3.37500000e-02,-1.28906250e-01
2.25760000e-07,1.24687500e+00,1.13750000e+00,-3.62500000e-02,-5.54687500e-02
2.26080000e-07,1.30000000e+00,1.21250000e+00,-3.75000000e-02,-2.34375000e-03
2.26400000e-07,1.09375000e+00,1.11250000e+00,-1.93750000e-02,-1.01562500e-02
2.26720000e-07,1.24687500e+00,1.00000000e+00,-3.56250000e-02,-1.02343750e-01
2.27040000e-07,1.20625000e+00,1.08750000e+00,-2.75000000e-02,-5.31250000e-02
2.27360000e-07,1.23125000e+00,1.05000000e+00,-6.87500000e-03,-3.20312500e-02
2.27680000e-07,1.26875000e+00,1.10000000e+00,-4.56250000e-02,-4.92187500e-02
2.28000000e-07,1.10625000e+00,1.08750000e+00,-1.87500000e-02,-1.10937500e-01
2.28320000e-07,1.15625000e+00,1.12500000e+00,-1.75000000e-02,-1.43750000e-01
2.28640000e-07,1.23125000e+00,1.05000000e+00,-3.12500000e-02,-9.37500000e-02
2.28960000e-07,1.23125000e+00,1.00000000e+00,-2.56250000e-02,-9.21875000e-02
2.29280000e-07,1.16875000e+00,9.75000000e-01,-2.50000000e-02,-1.47656250e-01
2.29600000e-07,1.11875000e+00,9.37500000e-01,-1.12500000e-02,-8.20312500e-02
2.29920000e-07,1.36250000e+00,1.11250000e+00,-3.81250000e-02,-7.81250000e-02
2.30240000e-07,1.09375000e+00,1.16250000e+00,-2.56250000e-02,-1.46093750e-01
2.30560000e-07,1.14375000e+00,1.10000000e+00,-2.56250000e-02,-9.45312500e-02
2.30880000e-07,1.23125000e+00,1.01250000e+00,-8.75000000e-03,-4.76562500e-02
2.31200000e-07,1.24375000e+00,1.22500000e+00,-3.62500000e-02,-6.71875000e-02
2.31520000e-07,1.13125000e+00,1.05000000e+00,-2.18750000e-02,-3.90625000e-02
2.31840000e-07,1.16875000e+00,1.03750000e+00,-5.43750000e-02,-3.90625000e-02
2.32160000e-07,1.25625000e+00,1.07500000e+00,-1.68750000e-02,-8.67187500e-02
2.32480000e-07,1.15625000e+00,1.02500000e+00,-3.43750000e-02,-1.15625000e-01
2.32800000e-07,1.28437500e+00,1.12500000e+00,-3.87500000e-02,-1.21093750e-01
2.33120000e-07,1.30000000e+00,9.87500000e-01,-2.00000000e-02,-5.85937500e-02
2.33440000e-07,1.10625000e+00,1.07500000e+00,-5.37500000e-02,-3.90625000e-02
2.33760000e-07,1.20937500e+00,1.18750000e+00,-1.37500000e-02,-7.65625000e-02
2.34080000e-07,1.21875000e+00,1.11250000e+00,5.62500000e-03,-1.50781250e-01
2.34400000e-07,1.21875000e+00,1.08750000e+00,-3.37500000e-02,-3.59375000e-02
2.34720000e-07,1.18125000e+00,1.15000000e+00,-1.75000000e-02,-5.54687500e-02
2.35040000e-07,1.15625000e+00,1.07500000e+00,-5.18750000e-02,-1.01562500e-01
2.35360000e-07,1.20625000e+00,1.03750000e+00,-1.37500000e-02,-1.70312500e-01
2.35680000e-07,1.23125000e+00,1.00000000e+00,-1.93750000e-02,-1.68750000e-01
2.36000000e-07,1.15625000e+00,1.12500000e+00,-3.37500000e-02,4.37500000e-02
2.36320000e-07,1.14375000e+00,1.02500000e+00,-3.62500000e-02,7.81250000e-03
2.36640000e-07,1.11875000e+00,1.02500000e+00,-3.62500000e-02,-1.32812500e-02
2.36960000e-07,1.23125000e+00,1.00000000e+00,-3.00000000e-02,1.40625000e-02
2.37280000e-07,1.16875000e+00,1.17500000e+00,-8.75000000e-03,-1.04687500e-01
2.37600000e-07,1.22187500e+00,1.17500000e+00,-3.75000000e-03,-1.18750000e-01
2.37920000e-07,1.19375000e+00,1.17500000e+00,-2.87500000e-02,-1.57812500e-01
2.38240000e-07,1.19375000e+00,1.01250000e+00,-4.87500000e-02,-1.75000000e-01
2.38560000e-07,1.14687500e+00,1.11250000e+00,-5.12500000e-02,-1.00000000e-01
2.38880000e-07,1.09375000e+00,1.01250000e+00,-3.81250000e-02,-1.17187500e-02
2.39200000e-07,1.06875000e+00,1.07500000e+00,-4.31250000e-02,-4.84375000e-02
2.39520000e-07,1.16875000e+00,1.12500000e+00,-2.18750000e-02,-3.82812500e-02
2.39840000e-07,1.19375000e+00,1.21250000e+00,-1.43750000e-02,-8.04687500e-02
2.40160000e-07,1.27187500e+00,1.06250000e+00,-1.93750000e-02,-6.87500000e-02
2.40480000e-07,1.25625000e+00,1.10000000e+00,-1.50000000e-02,-4.53125000e-02
2.40800000e-07,1.24375000e+00,1.07500000e+00,-4.12500000e-02,-8.04687500e-02
2.41120000e-07,1.07187500e+00,1.11250000e+00,-3.81250000e-02,-4.14062500e-02
2.41440000e-07,1.10625000e+00,1.02500000e+00,-8.75000000e-03,-2.18750000e-02
2.41760000e-07,1.06875000e+00,1.01250000e+00,-1.18750000e-02,-2.81250000e-02
2.42080000e-07,1.33750000e+00,1.07500000e+00,-1.18750000e-02,-5.15625000e-02
2.42400000e-07,1.14375000e+00,1.08750000e+00,-2.18750000e-02,-1.12500000e-01
2.42720000e-07,1.03125000e+00,1.06250000e+00,5.62500000e-03,-1.14062500e-01
2.43040000e-07,1.20937500e+00,1.01250000e+00,1.56250000e-02,-8.51562500e-02
2.43360000e-07,1.25625000e+00,1.07500000e+00,-1.25000000e-02,-7.50000000e-02
2.43680000e-07,1.03125000e+00,1.20000000e+00,-3.81250000e-02,-5.07812500e-02
2.44000000e-07,1.09687500e+00,1.16250000e+00,-9.37500000e-03,1.40625000e-02
2.44320000e-07,1.15625000e+00,1.07500000e+00,-3.50000000e-02,-7.18750000e-02
2.44640000e-07,1.16875000e+00,9.62500000e-01,-1.93750000e-02,-1.08593750e-01
2.44960000e-07,1.05625000e+00,1.05000000e+00,-2.50000000e-02,-9.53125000e-02
2.45280000e-07,1.23125000e+00,1.01250000e+00,-1.43750000e-02,-3.35937500e-02
2.45600000e-07,1.15625000e+00,1.12500000e+00,-3.81250000e-02,-2.42187500e-02
2.45920000e-07,1.15625000e+00,1.15000000e+00,-3.81250000e-02,-5.62500000e-02
2.46240000e-07,1.14375000e+00,1.13750000e+00,-2.12500000e-02,-8.67187500e-02
2.46560000e-07,1.21875000e+00,1.10000000e+00,6.25000000e-04,-1.46093750e-01
2.46880000e-07,1.03125000e+00,1.02500000e+00,-2.56250000e-02,-1.28906250e-01
2.47200000e-07,1.18437500e+00,1.05000000e+00,-2.56250000e-02,-5.00000000e-02
2.47520000e-07,1.28125000e+00,1.23750000e+00,-6.87500000e-03,-6.01562500e-02
2.47840000e-07,1.15625000e+00,1.07500000e+00,-3.12500000e-02,-1.10156250e-01
2.48160000e-07,1.08437500e+00,1.06250000e+00,-2.56250000e-02,-7.10937500e-02
2.48480000e-07,1.14375000e+00,1.02500000e+00,-1.93750000e-02,-7.73437500e-02
2.48800000e-07,1.15625000e+00,1.07500000e+00,-1.62500000e-02,-1.24218750e-01
2.49120000e-07,1.16875000e+00,1.11250000e+00,-1.18750000e-02,-4.21875000e-02
2.49440000e-07,9.43750000e-01,1.15000000e+00,-3.12500000e-02,-1.38281250e-01
2.49760000e-07,1.03125000e+00,1.07500000e+00,-1.18750000e-02,-1.83593750e-01
2.50080000e-07,1.16875000e+00,1.21250000e+00,-5.00000000e-03,-1.82031250e-01
2.50400000e-07,1.10625000e+00,9.87500000e-01,-4.37500000e-03,-1.21093750e-01
2.50720000e-07,1.06875000e+00,1.05000000e+00,-1.68750000e-02,-8.20312500e-02
2.51040000e-07,9.43750000e-01,1.08750000e+00,-2.25000000e-02,-1.05468750e-01
2.51360000e-07,1.10625000e+00,9.50000000e-01,-2.56250000e-02,-1.13281250e-01
2.51680000e-07,1.06875000e+00,1.16250000e+00,2.12500000e-02,-1.32812500e-01
2.52000000e-07,9.81250000e-01,1.03750000e+00,-3.31250000e-02,-1.59375000e-01
2.52320000e-07,1.24375000e+00,1.08750000e+00,-2.87500000e-02,-1.42968750e-01
2.52640000e-07,1.14375000e+00,1.06250000e+00,-2.87500000e-02,-1.36718750e-01
2.52960000e-07,1.16875000e+00,1.08750000e+00,-4.56250000e-02,-1.38281250e-01
2.53280000e-07,1.15625000e+00,1.11250000e+00,-8.75000000e-03,-9.29687500e-02
2.53600000e-07,1.15625000e+00,1.15000000e+00,-1.87500000e-03,-8.98437500e-02
2.53920000e-07,9.93750000e-01,9.87500000e-01,-3.37500000e-02,-4.84375000e-02
2.54240000e-07,1.15625000e+00,1.03750000e+00,-2.62500000e-02,-8.82812500e-02
2.54560000e-07,1.03125000e+00,1.18750000e+00,-2.56250000e-02,-1.53906250e-01
2.54880000e-07,1.15625000e+00,1.07500000e+00,-3.06250000e-02,-1.10937500e-01
2.55200000e-07,1.19375000e+00,1.16250000e+00,-3.00000000e-02,-1.25000000e-01
2.55520000e-07,1.01875000e+00,1.11250000e+00,-1.75000000e-02,-1.06250000e-01
2.55840000e-07,1.09375000e+00,9.87500000e-01,-3.31250000e-02,-7.10937500e-02
2.56160000e-07,1.14375000e+00,1.00000000e+00,-2.50000000e-02,-1.92968750e-01
2.56480000e-07,1.14375000e+00,1.08750000e+00,-1.37500000e-02,-1.64843750e-01
2.56800000e-07,1.28125000e+00,1.08750000e+00,-1.43750000e-02,-1.20312500e-01
2.57120000e-07,1.10625000e+00,1.02500000e+00,-6.75000000e-02,-1.27343750e-01
2.57440000e-07,1.20625000e+00,1.08750000e+00,-5.56250000e-02,-1.92968750e-01
2.57760000e-07,1.15625000e+00,1.13750000e+00,-4.00000000e-02,-2.25781250e-01
2.58080000e-07,1.13125000e+00,1.13750000e+00,-3.75000000e-03,-1.43750000e-01
2.58400000e-07,1.16875000e+00,1.18750000e+00,-1.62500000e-02,-7.03125000e-02
2.58720000e-07,1.14375000e+00,1.13750000e+00,5.62500000e-03,-1.39843750e-01
2.59040000e-07,1.13125000e+00,1.17500000e+00,-1.00000000e-02,-1.57812500e-01
2.59360000e-07,1.18125000e+00,1.12500000e+00,-2.56250000e-02,-6.87500000e-02
2.59680000e-07,9.18750000e-01,9.87500000e-01,-9.37500000e-03,-4.76562500e-02
2.60000000e-07,1.14375000e+00,1.17500000e+00,-5.50000000e-02,-5.85937500e-02
2.60320000e-07,9.56250000e-01,1.23750000e+00,8.75000000e-03,-1.19531250e-01
2.60640000e-07,1.14375000e+00,9.12500000e-01,-9.37500000e-03,-1.04687500e-01
2.60960000e-07,1.16875000e+00,1.17500000e+00,-4.87500000e-02,-1.40625000e-01
2.61280000e-07,1.05625000e+00,1.15000000e+00,-2.56250000e-02,-1.08593750e-01
2.61600000e-07,1.13125000e+00,1.00000000e+00,-1.62500000e-02,-5.85937500e-02
2.61920000e-07,1.10625000e+00,1.05000000e+00,1.56250000e-02,-9.37500000e-02
2.62240000e-07,1.11875000e+00,1.02500000e+00,-2.18750000e-02,-4.29687500e-02
2.62560000e-07,1.21875000e+00,1.02500000e+00,-2.25000000e-02,-1.56250000e-02
2.62880000e-07,1.08125000e+00,1.10000000e+00,-1.43750000e-02,-9.14062500e-02
2.63200000e-07,1.09375000e+00,1.02500000e+00,6.25000000e-04,-1.22656250e-01
2.63520000e-07,1.15625000e+00,1.08750000e+00,-1.93750000e-02,-1.82031250e-01
2.63840000e-07,1.03125000e+00,1.05000000e+00,-1.68750000e-02,-6.79687500e-02
2.64160000e-07,9.93750000e-01,1.08750000e+00,-1.75000000e-02,-6.01562500e-02
2.64480000e-07,1.13125000e+00,1.10000000e+00,-4.37500000e-02,-1.07812500e-01
2.64800000e-07,1.30312500e+00,1.08750000e+00,-2.50000000e-02,-9.29687500e-02
2.65120000e-07,1.24375000e+00,1.10000000e+00,1.37500000e-02,-4.92187500e-02
2.65440000e-07,1.01875000e+00,1.23750000e+00,-3.31250000e-02,4.68750000e-03
2.65760000e-07,1.02187500e+00,1.15000000e+00,-1.43750000e-02,-6.71875000e-02
2.66080000e-07,9.93750000e-01,1.18750000e+00,-2.31250000e-02,-1.82812500e-01
2.66400000e-07,1.03125000e+00,1.07500000e+00,-6.37500000e-02,-1.28906250e-01
2.66720000e-07,1.13125000e+00,1.06250000e+00,-3.75000000e-03,-2.34375000e-02
2.67040000e-07,1.20625000e+00,9.87500000e-01,5.62500000e-03,-4.06250000e-02
2.67360000e-07,1.18125000e+00,9.12500000e-01,6.25000000e-04,-3.98437500e-02
2.67680000e-07,1.16875000e+00,1.05000000e+00,-1.75000000e-02,-3.67187500e-02
2.68000000e-07,1.14375000e+00,1.20000000e+00,-3.62500000e-02,-6.64062500e-02
2.68320000e-07,1.06875000e+00,9.62500000e-01,-5.75000000e-02,-4.68750000e-02
2.68640000e-07,1.03125000e+00,9.75000000e-01,-1.25000000e-03,-8.43750000e-02
2.68960000e-07,1.15625000e+00,1.11250000e+00,-1.62500000e-02,-8.90625000e-02
2.69280000e-07,1.10625000e+00,1.07500000e+00,-2.62500000e-02,-8.82812500e-02
2.69600000e-07,1.16875000e+00,1.06250000e+00,-2.56250000e-02,-8.51562500e-02
2.69920000e-07,1.06875000e+00,1.17500000e+00,-2.62500000e-02,-5.54687500e-02
2.70240000e-07,1.25625000e+00,1.08750000e+00,-4.06250000e-02,-7.81250000e-03
2.70560000e-07,1.14375000e+00,1.07500000e+00,-3.31250000e-02,-5.31250000e-02
2.70880000e-07,1.20625000e+00,9.00000000e-01,-1.62500000e-02,-9.92187500e-02
2.71200000e-07,1.20625000e+00,1.15000000e+00,-4.31250000e-02,-1.17968750e-01
2.71520000e-07,1.13125000e+00,9.75000000e-01,-2.18750000e-02,-2.65625000e-02
2.71840000e-07,1.15625000e+00,1.11250000e+00,-1.75000000e-02,3.20312500e-02
2.72160000e-07,1.16875000e+00,1.13750000e+00,-2.18750000e-02,9.37500000e-03
2.72480000e-07,1.03125000e+00,9.87500000e-01,-1.87500000e-03,-8.98437500e-02
2.72800000e-07,9.43750000e-01,1.02500000e+00,-1.00000000e-02,-9.60937500e-02
2.73120000e-07,1.14375000e+00,1.13750000e+00,-2.56250000e-02,-8.43750000e-02
2.73440000e-07,1.05625000e+00,1.01250000e+00,-1.93750000e-02,-6.40625000e-02
2.73760000e-07,1.08125000e+00,1.21250000e+00,-3.56250000e-02,-5.31250000e-02
2.74080000e-07,1.10625000e+00,1.11250000e+00,-3.50000000e-02,-3.20312500e-02
2.74400000e-07,1.05625000e+00,1.06250000e+00,-6.25000000e-03,-6.71875000e-02
2.74720000e-07,1.20625000e+00,1.03750000e+00,-2.50000000e-02,-6.71875000e-02
2.75040000e-07,1.20625000e+00,1.11250000e+00,6.25000000e-04,-5.39062500e-02
2.75360000e-07,1.26875000e+00,1.16250000e+00,-3.37500000e-02,-5.31250000e-02
2.75680000e-07,1.09375000e+00,1.08750000e+00,-3.31250000e-02,-1.28125000e-01
2.76000000e-07,1.21875000e+00,9.25000000e-01,-1.68750000e-02,-1.95312500e-02
2.76320000e-07,1.20625000e+00,1.21250000e+00,-2.81250000e-02,-5.78125000e-02
2.76640000e-07,1.06875000e+00,1.12500000e+00,-2.87500000e-02,-9.68750000e-02
2.76960000e-07,1.05625000e+00,1.10000000e+00,-4.62500000e-02,-3.59375000e-02
2.77280000e-07,1.20625000e+00,1.00000000e+00,-4.31250000e-02,-1.48437500e-02
2.77600000e-07,1.19375000e+00,1.07500000e+00,-4.75000000e-02,-7.81250000e-03
2.77920000e-07,1.25625000e+00,9.50000000e-01,-1.25000000e-03,-8.59375000e-02
2.78240000e-07,1.23125000e+00,1.15000000e+00,-1.87500000e-02,-9.84375000e-02
2.78560000e-07,1.27187500e+00,1.15000000e+00,-2.62500000e-02,-1.00000000e-01
2.78880000e-07,1.23125000e+00,1.08750000e+00,-3.62500000e-02,-1.92968750e-01
2.79200000e-07,1.03125000e+00,1.01250000e+00,-4.37500000e-02,-1.56250000e-01
2.79520000e-07,1.00937500e+00,1.15000000e+00,-2.75000000e-02,-1.03125000e-01
2.79840000e-07,1.01875000e+00,1.10000000e+00,-1.43750000e-02,-1.17968750e-01
2.80160000e-07,1.25625000e+00,1.08750000e+00,-4.06250000e-02,-1.27343750e-01
2.80480000e-07,1.21875000e+00,1.12500000e+00,-2.81250000e-02,-8.59375000e-02
2.80800000e-07,1.21875000e+00,1.18750000e+00,-1.62500000e-02,-4.14062500e-02
2.81120000e-07,1.13125000e+00,1.00000000e+00,-2.00000000e-02,-3.59375000e-02
2.81440000e-07,1.11875000e+00,1.07500000e+00,-3.62500000e-02,-4.60937500e-02
2.81760000e-07,1.06875000e+00,1.05000000e+00,-4.56250000e-02,-4.37500000e-02
2.82080000e-07,1.15625000e+00,1.02500000e+00,-1.37500000e-02,-8.20312500e-02
2.82400000e-07,1.25625000e+00,1.10000000e+00,0.00000000e+00,-8.67187500e-02
2.82720000e-07,9.31250000e-01,1.10000000e+00,-5.12500000e-02,-4.45312500e-02
2.83040000e-07,1.26875000e+00,1.01250000e+00,-2.75000000e-02,-5.62500000e-02
2.83360000e-07,1.08125000e+00,1.02500000e+00,-6.25000000e-03,-1.19531250e-01
2.83680000e-07,1.17187500e+00,1.02500000e+00,-1.25000000e-03,-1.17187500e-01
2.84000000e-07,1.30000000e+00,8.75000000e-01,-4.87500000e-02,-7.26562500e-02
2.84320000e-07,1.20625000e+00,9.87500000e-01,-4.56250000e-02,-1.07031250e-01
2.84640000e-07,1.13437500e+00,1.12500000e+00,-1.00000000e-02,-1.69531250e-01
2.84960000e-07,1.08125000e+00,1.11250000e+00,-3.56250000e-02,-1.22656250e-01
2.85280000e-07,1.14375000e+00,1.05000000e+00,-2.56250000e-02,-2.65625000e-02
2.85600000e-07,1.23125000e+00,1.06250000e+00,-1.37500000e-02,-6.95312500e-02
2.85920000e-07,1.10625000e+00,1.17500000e+00,-1.87500000e-03,-1.06250000e-01
2.86240000e-07,1.19375000e+00,1.05000000e+00,-3.37500000e-02,-1.22656250e-01
2.86560000e-07,1.27187500e+00,1.07500000e+00,-4.62500000e-02,-1.24218750e-01
2.86880000e-07,1.24375000e+00,1.11250000e+00,-5.62500000e-02,-6.95312500e-02
2.87200000e-07,1.06875000e+00,1.18750000e+00,-1.62500000e-02,-9.60937500e-02
2.87520000e-07,1.14687500e+00,1.05000000e+00,-1.93750000e-02,-9.60937500e-02
2.87840000e-07,1.18125000e+00,1.02500000e+00,1.06250000e-02,-6.17187500e-02
2.88160000e-07,1.19375000e+00,1.06250000e+00,-4.12500000e-02,-1.22656250e-01
2.88480000e-07,1.09375000e+00,1.06250000e+00,-1.68750000e-02,-1.54687500e-01
2.88800000e-07,1.24687500e+00,8.87500000e-01,-2.68750000e-02,-1.07812500e-01
2.89120000e-07,1.33750000e+00,1.12500000e+00,-1.93750000e-02,-1.17968750e-01
2.89440000e-07,1.06875000e+00,1.07500000e+00,-2.62500000e-02,-1.77343750e-01
2.89760000e-07,1.20000000e+00,1.01250000e+00,-9.37500000e-03,-1.07812500e-01
2.90080000e-07,1.28125000e+00,1.00000000e+00,-3.62500000e-02,-7.18750000e-02
2.90400000e-07,1.18125000e+00,1.15000000e+00,-2.81250000e-02,-4.92187500e-02
2.90720000e-07,1.39375000e+00,1.05000000e+00,3.31250000e-02,-8.67187500e-02
2.91040000e-07,1.19375000e+00,1.15000000e+00,-6.25000000e-03,-7.18750000e-02
2.91360000e-07,1.14375000e+00,1.07500000e+00,-4.87500000e-02,-6.09375000e-02
2.91680000e-07,1.17187500e+00,1.21250000e+00,-1.87500000e-03,-1.83593750e-01
2.92000000e-07,1.16875000e+00,9.75000000e-01,-3.43750000e-02,-1.59375000e-01
2.92320000e-07,1.25625000e+00,1.01250000e+00,-5.12500000e-02,-3.67187500e-02
2.92640000e-07,1.21875000e+00,1.01250000e+00,-2.18750000e-02,1.56250000e-02
2.92960000e-07,1.03125000e+00,1.00000000e+00,-2.62500000e-02,-7.50000000e-02
2.93280000e-07,1.28125000e+00,1.21250000e+00,-1.50000000e-02,-1.03125000e-01
2.93600000e-07,1.19375000e+00,1.18750000e+00,-1.50000000e-02,-1.24218750e-01
2.93920000e-07,1.18125000e+00,1.05000000e+00,-9.37500000e-03,-1.34375000e-01
2.94240000e-07,1.14375000e+00,1.05000000e+00,-2.18750000e-02,-1.00781250e-01
2.94560000e-07,1.00625000e+00,9.25000000e-01,-9.37500000e-03,-1.37500000e-01
2.94880000e-07,1.13125000e+00,1.17500000e+00,-2.18750000e-02,-9.29687500e-02
2.95200000e-07,1.13125000e+00,1.08750000e+00,-9.37500000e-03,-2.65625000e-02
2.95520000e-07,1.09375000e+00,9.62500000e-01,-4.12500000e-02,-9.45312500e-02
2.95840000e-07,1.20625000e+00,1.10000000e+00,-5.62500000e-02,-1.20312500e-01
2.96160000e-07,1.11875000e+00,1.17500000e+00,-1.68750000e-02,-7.65625000e-02
2.96480000e-07,1.15625000e+00,9.75000000e-01,-2.81250000e-02,-2.00781250e-01
2.96800000e-07,1.20625000e+00,1.07500000e+00,-4.37500000e-03,-2.28906250e-01
2.97120000e-07,1.21875000e+00,9.62500000e-01,-3.62500000e-02,-9.92187500e-02
2.97440000e-07,1.20625000e+00,1.10000000e+00,-3.81250000e-02,-4.14062500e-02
2.97760000e-07,1.31562500e+00,1.06250000e+00,-1.00000000e-02,-1.71875000e-02
2.98080000e-07,1.20625000e+00,1.03750000e+00,-3.25000000e-02,-3.35937500e-02
2.98400000e-07,1.13125000e+00,1.07500000e+00,-3.00000000e-02,-4.14062500e-02
2.98720000e-07,1.13437500e+00,1.08750000e+00,-1.43750000e-02,-6.64062500e-02
2.99040000e-07,1.19375000e+00,1.02500000e+00,-4.87500000e-02,-1.15625000e-01
2.99360000e-07,1.19375000e+00,1.18750000e+00,-3.75000000e-03,-7.73437500e-02
2.99680000e-07,1.28125000e+00,9.62500000e-01,8.12500000e-03,-5.78125000e-02
3.00000000e-07,1.00625000e+00,1.02500000e+00,-3.37500000e-02,-6.64062500e-02
3.00320000e-07,1.18125000e+00,1.12500000e+00,-1.18750000e-02,-1.02343750e-01
3.00640000e-07,1.16875000e+00,1.16250000e+00,-4.18750000e-02,-1.06250000e-01
3.00960000e-07,1.20625000e+00,9.75000000e-01,-4.37500000e-02,-7.81250000e-02
3.01280000e-07,1.14375000e+00,1.02500000e+00,-1.87500000e-03,-7.50000000e-02
3.01600000e-07,1.20937500e+00,9.87500000e-01,-1.25000000e-02,-4.21875000e-02
3.01920000e-07,1.26875000e+00,1.11250000e+00,-2.56250000e-02,-1.00781250e-01
3.02240000e-07,1.10625000e+00,1.02500000e+00,-1.18750000e-02,-1.13281250e-01
3.02560000e-07,1.02187500e+00,8.75000000e-01,-3.75000000e-02,-6.01562500e-02
3.02880000e-07,1.13125000e+00,1.03750000e+00,-9.37500000e-03,-5.62500000e-02
3.03200000e-07,1.16875000e+00,1.18750000e+00,-4.81250000e-02,-8.20312500e-02
3.03520000e-07,1.11875000e+00,9.37500000e-01,-3.81250000e-02,-1.14062500e-01
3.03840000e-07,1.03125000e+00,1.05000000e+00,-3.06250000e-02,-1.42187500e-01
3.04160000e-07,1.04375000e+00,8.75000000e-01,-3.81250000e-02,-8.67187500e-02
3.04480000e-07,1.18125000e+00,1.16250000e+00,-1.62500000e-02,-5.46875000e-02
3.04800000e-07,1.23437500e+00,1.02500000e+00,-1.50000000e-02,-3.35937500e-02
3.05120000e-07,1.31250000e+00,1.00000000e+00,-4.31250000e-02,-1.21093750e-01
3.05440000e-07,1.09375000e+00,1.10000000e+00,1.37500000e-02,-9.21875000e-02
3.05760000e-07,1.00937500e+00,1.06250000e+00,-1.18750000e-02,-1.46875000e-01
3.06080000e-07,1.10625000e+00,9.87500000e-01,-4.31250000e-02,-1.11718750e-01
3.06400000e-07,1.19375000e+00,9.87500000e-01,1.25000000e-03,-5.85937500e-02
3.06720000e-07,1.30000000e+00,1.07500000e+00,-4.81250000e-02,-4.53125000e-02
3.07040000e-07,1.21875000e+00,1.11250000e+00,-9.37500000e-03,-9.45312500e-02
3.07360000e-07,1.04375000e+00,8.75000000e-01,-1.81250000e-02,-8.98437500e-02
3.07680000e-07,1.11875000e+00,9.62500000e-01,-2.18750000e-02,-9.21875000e-02
3.08000000e-07,1.20625000e+00,1.08750000e+00,-2.56250000e-02,-3.51562500e-02
3.08320000e-07,1.06875000e+00,1.03750000e+00,-1.50000000e-02,-7.50000000e-02
3.08640000e-07,1.21875000e+00,1.02500000e+00,-4.62500000e-02,-9.84375000e-02
3.08960000e-07,9.93750000e-01,9.62500000e-01,-3.31250000e-02,-9.76562500e-02
3.09280000e-07,1.20625000e+00,9.75000000e-01,-5.31250000e-02,-4.06250000e-02
3.09600000e-07,1.08125000e+00,1.13750000e+00,-6.25000000e-03,-5.00000000e-02
3.09920000e-07,1.10625000e+00,1.03750000e+00,-2.25000000e-02,-1.36718750e-01
3.10240000e-07,1.18125000e+00,1.07500000e+00,-1.87500000e-03,-1.38281250e-01
3.10560000e-07,1.19375000e+00,1.12500000e+00,-5.00000000e-03,-6.17187500e-02
3.10880000e-07,1.10625000e+00,1.21250000e+00,-3.12500000e-02,-8.04687500e-02
3.11200000e-07,1.14375000e+00,1.06250000e+00,-3.06250000e-02,-2.96875000e-02
3.11520000e-07,1.08125000e+00,1.00000000e+00,-2.12500000e-02,7.50000000e-02
3.11840000e-07,1.20625000e+00,1.02500000e+00,-6.87500000e-03,-5.46875000e-03
3.12160000e-07,1.11875000e+00,1.02500000e+00,-1.50000000e-02,-1.08593750e-01
3.12480000e-07,1.03125000e+00,9.25000000e-01,-5.37500000e-02,-4.29687500e-02
3.12800000e-07,1.09375000e+00,1.05000000e+00,-3.06250000e-02,-4.68750000e-02
3.13120000e-07,1.08125000e+00,1.03750000e+00,-2.12500000e-02,-3.59375000e-02
3.13440000e-07,1.16875000e+00,1.03750000e+00,-4.37500000e-03,-1.01562500e-01
3.13760000e-07,1.19375000e+00,1.12500000e+00,-1.50000000e-02,-1.31250000e-01
3.14080000e-07,1.15625000e+00,1.05000000e+00,-4.37500000e-03,-1.03906250e-01
3.14400000e-07,1.11875000e+00,9.50000000e-01,-3.12500000e-02,-6.48437500e-02
3.14720000e-07,1.19375000e+00,1.00000000e+00,-6.87500000e-03,-1.35156250e-01
3.15040000e-07,1.01875000e+00,1.10000000e+00,-1.56250000e-02,-1.41406250e-01
3.15360000e-07,1.06875000e+00,1.13750000e+00,-2.81250000e-02,-1.80468750e-01
3.15680000e-07,1.23125000e+00,1.06250000e+00,-1.93750000e-02,-9.53125000e-02
3.16000000e-07,1.05625000e+00,9.75000000e-01,-2.12500000e-02,-7.34375000e-02
3.16320000e-07,1.15625000e+00,1.03750000e+00,-1.43750000e-02,-1.00781250e-01
3.16640000e-07,1.08125000e+00,9.87500000e-01,5.62500000e-03,-1.19531250e-01
3.16960000e-07,1.26875000e+00,9.87500000e-01,-6.87500000e-03,-8.20312500e-02
3.17280000e-07,1.16875000e+00,1.18750000e+00,-2.62500000e-02,-8.12500000e-02
3.17600000e-07,1.18125000e+00,1.05000000e+00,-5.37500000e-02,-7.50000000e-02
3.17920000e-07,1.05625000e+00,9.37500000e-01,-3.06250000e-02,-3.35937500e-02
3.18240000e-07,1.23125000e+00,1.05000000e+00,-2.56250000e-02,-6.95312500e-02
3.18560000e-07,1.08125000e+00,1.16250000e+00,-1.87500000e-02,-9.53125000e-02
3.18880000e-07,1.05625000e+00,1.01250000e+00,5.00000000e-03,-8.82812500e-02
3.19200000e-07,1.10625000e+00,1.16250000e+00,-7.50000000e-03,-1.85937500e-01
3.19520000e-07,1.06875000e+00,1.13750000e+00,-1.43750000e-02,-1.10156250e-01
3.19840000e-07,1.18125000e+00,1.03750000e+00,-2.87500000e-02,-2.34375000e-02
3.20160000e-07,1.11875000e+00,1.00000000e+00,-2.62500000e-02,-7.65625000e-02
3.20480000e-07,1.08125000e+00,1.16250000e+00,-4.37500000e-02,-1.39843750e-01
3.20800000e-07,1.10625000e+00,9.87500000e-01,-1.62500000e-02,-7.89062500e-02
3.21120000e-07,1.09375000e+00,9.75000000e-01,-1.18750000e-02,-6.40625000e-02
3.21440000e-07,1.10625000e+00,1.08750000e+00,-2.87500000e-02,-1.35937500e-01
3.21760000e-07,1.15625000e+00,1.10000000e+00,-1.43750000e-02,-7.89062500e-02
3.22080000e-07,1.10625000e+00,1.02500000e+00,-2.62500000e-02,-1.18750000e-01
3.22400000e-07,1.23125000e+00,1.12500000e+00,1.06250000e-02,-1.73437500e-01
3.22720000e-07,1.16875000e+00,1.12500000e+00,3.12500000e-03,-1.00781250e-01
3.23040000e-07,1.16875000e+00,9.87500000e-01,-2.00000000e-02,-9.92187500e-02
3.23360000e-07,1.16875000e+00,9.25000000e-01,-2.81250000e-02,-1.68750000e-01
3.23680000e-07,1.03125000e+00,1.10000000e+00,-1.25000000e-03,-1.53125000e-01
3.24000000e-07,1.13125000e+00,1.11250000e+00,-3.00000000e-02,-7.57812500e-02
3.24320000e-07,1.16875000e+00,1.12500000e+00,6.25000000e-04,-1.71875000e-02
3.24640000e-07,1.16875000e+00,9.62500000e-01,-3.12500000e-02,-7.89062500e-02
3.24960000e-07,1.15625000e+00,1.00000000e+00,-2.62500000e-02,-7.34375000e-02
3.25280000e-07,1.11875000e+00,8.75000000e-01,-2.18750000e-02,-6.17187500e-02
3.25600000e-07,1.05625000e+00,9.25000000e-01,-2.00000000e-02,-1.10156250e-01
3.25920000e-07,1.20625000e+00,1.18750000e+00,-2.81250000e-02,-1.14843750e-01
3.26240000e-07,1.08125000e+00,1.12500000e+00,8.75000000e-03,-1.07812500e-01
3.26560000e-07,1.19375000e+00,9.50000000e-01,-2.18750000e-02,-1.21093750e-01
3.26880000e-07,1.19375000e+00,1.07500000e+00,-3.12500000e-02,-9.92187500e-02
3.27200000e-07,1.13125000e+00,1.07500000e+00,-5.06250000e-02,-9.45312500e-02
3.27520000e-07,1.15625000e+00,1.11250000e+00,-1.87500000e-02,-1.96875000e-01
3.27840000e-07,1.14375000e+00,1.10000000e+00,1.31250000e-02,-1.14062500e-01
3.28160000e-07,1.16875000e+00,1.03750000e+00,-3.12500000e-02,-6.01562500e-02
3.28480000e-07,1.16875000e+00,1.06250000e+00,-2.18750000e-02,-9.14062500e-02
3.28800000e-07,1.05625000e+00,1.03750000e+00,-2.62500000e-02,-2.42187500e-02
3.29120000e-07,1.15625000e+00,9.62500000e-01,6.25000000e-04,-2.89062500e-02
3.29440000e-07,1.19375000e+00,1.20000000e+00,3.12500000e-03,-3.35937500e-02
3.29760000e-07,1.10625000e+00,9.87500000e-01,6.25000000e-04,-5.54687500e-02
3.30080000e-07,1.11875000e+00,1.07500000e+00,-2.87500000e-02,-6.25000000e-02
3.30400000e-07,1.14375000e+00,1.13750000e+00,-3.37500000e-02,-9.84375000e-02
3.30720000e-07,1.03125000e+00,1.13750000e+00,-1.68750000e-02,-1.33593750e-01
3.31040000e-07,1.08125000e+00,9.62500000e-01,-1.18750000e-02,-8.98437500e-02
3.31360000e-07,1.09375000e+00,1.02500000e+00,-1.18750000e-02,-7.34375000e-02
3.31680000e-07,1.13125000e+00,1.10000000e+00,-7.50000000e-03,-1.15625000e-01
3.32000000e-07,1.10625000e+00,1.11250000e+00,-1.93750000e-02,-1.48437500e-02
3.32320000e-07,1.06875000e+00,1.00000000e+00,3.12500000e-03,4.68750000e-02
3.32640000e-07,1.05625000e+00,1.06250000e+00,-4.62500000e-02,2.57812500e-02
3.32960000e-07,1.13125000e+00,1.01250000e+00,-4.37500000e-02,-5.46875000e-02
3.33280000e-07,1.11875000e+00,1.05000000e+00,-4.62500000e-02,-9.53125000e-02
3.33600000e-07,1.10625000e+00,1.12500000e+00,-1.37500000e-02,-6.95312500e-02
3.33920000e-07,1.30000000e+00,8.87500000e-01,-9.37500000e-03,-1.20312500e-01
3.34240000e-07,1.21875000e+00,1.00000000e+00,-4.37500000e-02,-1.78125000e-01
3.34560000e-07,1.14375000e+00,1.00000000e+00,-3.37500000e-02,-6.56250000e-02
3.34880000e-07,1.13125000e+00,1.10000000e+00,-4.37500000e-02,6.25000000e-03
3.35200000e-07,1.13125000e+00,1.05000000e+00,-3.06250000e-02,-8.98437500e-02
3.35520000e-07,1.19375000e+00,1.00000000e+00,-1.87500000e-02,-1.58593750e-01
3.35840000e-07,1.08125000e+00,1.00000000e+00,-1.68750000e-02,-1.58593750e-01
3.36160000e-07,1.11875000e+00,1.03750000e+00,-2.25000000e-02,-1.32812500e-02
3.36480000e-07,1.08125000e+00,1.06250000e+00,-4.12500000e-02,1.09375000e-02
3.36800000e-07,1.04375000e+00,9.00000000e-01,-4.31250000e-02,-8.67187500e-02
3.37120000e-07,1.11875000e+00,1.05000000e+00,-1.62500000e-02,-5.15625000e-02
3.37440000e-07,1.24375000e+00,1.03750000e+00,-6.87500000e-03,3.28125000e-02
3.37760000e-07,1.18125000e+00,1.12500000e+00,-1.00000000e-02,-4.45312500e-02
3.38080000e-07,1.14375000e+00,9.75000000e-01,-4.62500000e-02,-4.21875000e-02
3.38400000e-07,1.06875000e+00,1.15000000e+00,-3.25000000e-02,-5.15625000e-02
3.38720000e-07,1.13125000e+00,1.05000000e+00,-6.25000000e-03,-6.01562500e-02
3.39040000e-07,1.04375000e+00,1.12500000e+00,-2.81250000e-02,-1.48437500e-02
3.39360000e-07,1.28125000e+00,1.06250000e+00,-4.62500000e-02,-2.18750000e-02
3.39680000e-07,1.18125000e+00,1.22500000e+00,-3.06250000e-02,-1.07812500e-01
3.40000000e-07,1.18125000e+00,1.02500000e+00,-6.25000000e-03,-1.69531250e-01
3.40320000e-07,1.11875000e+00,1.05000000e+00,-2.56250000e-02,-1.10937500e-01
3.40640000e-07,1.19375000e+00,8.37500000e-01,-2.87500000e-02,-8.28125000e-02
3.40960000e-07,1.06875000e+00,9.62500000e-01,-4.37500000e-02,-1.31250000e-01
3.41280000e-07,1.06875000e+00,1.23750000e+00,-6.25000000e-03,-9.92187500e-02
3.41600000e-07,1.25625000e+00,1.13750000e+00,-1.43750000e-02,-9.53125000e-02
3.41920000e-07,1.04375000e+00,1.03750000e+00,-2.81250000e-02,-1.40625000e-01
3.42240000e-07,1.05625000e+00,1.02500000e+00,-4.37500000e-03,-1.17187500e-01
3.42560000e-07,1.20625000e+00,1.01250000e+00,-3.12500000e-02,-1.37500000e-01
3.42880000e-07,1.10625000e+00,1.01250000e+00,-3.06250000e-02,-9.84375000e-02
3.43200000e-07,1.05625000e+00,1.06250000e+00,-2.81250000e-02,-1.06250000e-01
3.43520000e-07,1.11875000e+00,1.06250000e+00,-2.81250000e-02,-1.00781250e-01
3.43840000e-07,1.13125000e+00,9.62500000e-01,-4.12500000e-02,-8.82812500e-02
3.44160000e-07,1.06875000e+00,1.08750000e+00,-3.81250000e-02,-1.23437500e-01
3.44480000e-07,1.05625000e+00,1.16250000e+00,-6.25000000e-03,-9.92187500e-02
3.44800000e-07,1.15625000e+00,1.12500000e+00,-2.56250000e-02,-1.13281250e-01
3.45120000e-07,1.18125000e+00,9.62500000e-01,-3.06250000e-02,-9.53125000e-02
3.45440000e-07,1.14375000e+00,1.29687500e+00,-1.18750000e-02,-2.34375000e-02
3.45760000e-07,1.04375000e+00,1.15000000e+00,-2.56250000e-02,-3.28125000e-02
3.46080000e-07,1.03125000e+00,1.03750000e+00,-2.81250000e-02,3.12500000e-03
3.46400000e-07,1.11875000e+00,9.75000000e-01,6.25000000e-04,-9.37500000e-03
3.46720000e-07,1.20625000e+00,1.01250000e+00,-9.37500000e-03,-6.87500000e-02
3.47040000e-07,1.19375000e+00,1.00000000e+00,-3.12500000e-02,-9.29687500e-02
3.47360000e-07,1.14375000e+00,1.05000000e+00,-2.12500000e-02,-8.28125000e-02
3.47680000e-07,1.01875000e+00,1.16250000e+00,-2.00000000e-02,-2.50000000e-02
3.48000000e-07,9.81250000e-01,1.20000000e+00,-3.37500000e-02,-3.98437500e-02
3.48320000e-07,1.05625000e+00,1.01250000e+00,-3.81250000e-02,-9.68750000e-02
3.48640000e-07,1.14375000e+00,1.13750000e+00,-4.00000000e-02,-8.28125000e-02
3.48960000e-07,1.18125000e+00,1.12500000e+00,-1.43750000e-02,-1.10156250e-01
3.49280000e-07,1.11875000e+00,1.06250000e+00,-3.25000000e-02,-9.53125000e-02
3.49600000e-07,1.16875000e+00,1.26250000e+00,-8.75000000e-03,-3.12500000e-02
3.49920000e-07,1.04375000e+00,1.15000000e+00,-4.37500000e-03,-2.50000000e-02
3.50240000e-07,1.24375000e+00,8.25000000e-01,-5.37500000e-02,-1.10156250e-01
3.50560000e-07,1.08125000e+00,1.18750000e+00,-3.25000000e-02,-1.20312500e-01
3.50880000e-07,1.14375000e+00,9.75000000e-01,-6.25000000e-03,-1.01562500e-01
3.51200000e-07,1.00625000e+00,1.00000000e+00,6.25000000e-03,-9.45312500e-02
3.51520000e-07,1.20625000e+00,1.00000000e+00,-2.62500000e-02,-1.39843750e-01
3.51840000e-07,1.20625000e+00,1.06250000e+00,-3.62500000e-02,-1.75000000e-01
3.52160000e-07,1.03125000e+00,1.06250000e+00,-3.62500000e-02,-1.64843750e-01
3.52480000e-07,1.08125000e+00,1.17500000e+00,-3.00000000e-02,-9.37500000e-02
3.52800000e-07,1.14375000e+00,1.05000000e+00,-2.18750000e-02,-1.53125000e-01
3.53120000e-07,1.11875000e+00,1.07500000e+00,-3.31250000e-02,-2.17187500e-01
3.53440000e-07,1.13125000e+00,9.87500000e-01,-2.12500000e-02,-1.25781250e-01
3.53760000e-07,1.25937500e+00,9.12500000e-01,-6.87500000e-03,-2.73437500e-02
3.54080000e-07,1.20625000e+00,1.21250000e+00,-2.00000000e-02,1.25000000e-02
3.54400000e-07,1.03125000e+00,9.75000000e-01,-5.12500000e-02,6.79687500e-02
3.54720000e-07,1.15937500e+00,1.20000000e+00,-4.81250000e-02,-4.84375000e-02
3.55040000e-07,1.24375000e+00,1.21250000e+00,-1.37500000e-02,-9.68750000e-02
3.55360000e-07,1.24375000e+00,9.62500000e-01,-1.68750000e-02,-6.56250000e-02
3.55680000e-07,1.14375000e+00,1.08750000e+00,-6.87500000e-03,-6.01562500e-02
3.56000000e-07,1.14375000e+00,9.62500000e-01,-1.68750000e-02,-1.16406250e-01
3.56320000e-07,9.68750000e-01,1.15000000e+00,-2.56250000e-02,-1.13281250e-01
3.56640000e-07,1.14375000e+00,1.17500000e+00,1.31250000e-02,-7.73437500e-02
3.56960000e-07,1.08125000e+00,1.01250000e+00,-3.87500000e-02,5.46875000e-03
3.57280000e-07,1.03125000e+00,1.12500000e+00,-3.31250000e-02,-2.73437500e-02
3.57600000e-07,1.04375000e+00,9.75000000e-01,-3.37500000e-02,-7.65625000e-02
3.57920000e-07,1.25625000e+00,1.08750000e+00,-3.81250000e-02,-1.04687500e-01
3.58240000e-07,1.14375000e+00,1.07500000e+00,-3.62500000e-02,-5.07812500e-02
3.58560000e-07,1.13125000e+00,1.18750000e+00,-3.00000000e-02,-4.68750000e-03
3.58880000e-07,1.20625000e+00,1.08750000e+00,-2.75000000e-02,-1.40625000e-02
3.59200000e-07,1.10625000e+00,1.00000000e+00,1.25000000e-03,-2.89062500e-02
3.59520000e-07,1.05625000e+00,1.07500000e+00,-4.37500000e-02,-5.07812500e-02
3.59840000e-07,1.21875000e+00,1.02500000e+00,-3.12500000e-02,-7.73437500e-02
3.60160000e-07,1.25625000e+00,1.11250000e+00,-3.12500000e-02,-5.15625000e-02
3.60480000e-07,1.13125000e+00,9.75000000e-01,-3.06250000e-02,-6.32812500e-02
3.60800000e-07,1.13125000e+00,1.08750000e+00,-3.06250000e-02,-4.68750000e-02
3.61120000e-07,1.09375000e+00,1.05000000e+00,-3.81250000e-02,7.03125000e-03
3.61440000e-07,1.01875000e+00,1.11250000e+00,-2.18750000e-02,-3.90625000e-02
3.61760000e-07,1.23125000e+00,1.15000000e+00,-4.37500000e-02,-5.00000000e-02
3.62080000e-07,1.25625000e+00,1.01250000e+00,-2.18750000e-02,-1.14843750e-01
3.62400000e-07,1.15625000e+00,1.00000000e+00,-1.68750000e-02,-1.87500000e-02
3.62720000e-07,1.10625000e+00,1.12500000e+00,-2.25000000e-02,-3.59375000e-02
3.63040000e-07,1.30000000e+00,1.08750000e+00,-3.62500000e-02,-1.27343750e-01
3.63360000e-07,1.15625000e+00,1.13750000e+00,-5.81250000e-02,-9.45312500e-02
3.63680000e-07,1.00625000e+00,1.07500000e+00,-3.00000000e-02,-8.90625000e-02
3.64000000e-07,1.03125000e+00,1.16250000e+00,-1.37500000e-02,-1.27343750e-01
3.64320000e-07,1.11875000e+00,1.03750000e+00,-2.56250000e-02,-2.42187500e-02
3.64640000e-07,1.20625000e+00,1.13750000e+00,-2.87500000e-02,5.78125000e-02
3.64960000e-07,1.30000000e+00,1.03750000e+00,-2.00000000e-02,5.46875000e-03
3.65280000e-07,1.25625000e+00,1.11250000e+00,-3.37500000e-02,-4.76562500e-02
3.65600000e-07,1.16875000e+00,1.05000000e+00,-1.62500000e-02,-4.84375000e-02
3.65920000e-07,1.23125000e+00,1.05000000e+00,-1.68750000e-02,-5.39062500e-02
3.66240000e-07,1.19375000e+00,9.75000000e-01,-1.75000000e-02,-4.92187500e-02
3.66560000e-07,1.05625000e+00,9.87500000e-01,-5.37500000e-02,-7.73437500e-02
3.66880000e-07,1.10625000e+00,1.05000000e+00,-2.81250000e-02,-1.10156250e-01
3.67200000e-07,1.21875000e+00,1.13750000e+00,-3.06250000e-02,-6.56250000e-02
3.67520000e-07,1.21875000e+00,1.06250000e+00,-3.56250000e-02,-1.01562500e-02
3.67840000e-07,1.11875000e+00,9.37500000e-01,-1.62500000e-02,-8.20312500e-02
3.68160000e-07,1.13125000e+00,1.05000000e+00,-1.93750000e-02,-9.53125000e-02
3.68480000e-07,1.23125000e+00,9.87500000e-01,-2.62500000e-02,-8.67187500e-02
3.68800000e-07,1.06875000e+00,9.37500000e-01,-1.93750000e-02,-3.98437500e-02
3.69120000e-07,1.14375000e+00,1.29375000e+00,-3.12500000e-02,-6.01562500e-02
3.69440000e-07,1.10625000e+00,1.21250000e+00,6.25000000e-04,-6.40625000e-02
3.69760000e-07,1.11875000e+00,1.05000000e+00,-4.37500000e-03,-3.51562500e-02
3.70080000e-07,1.26875000e+00,1.00000000e+00,-2.00000000e-02,-5.39062500e-02
3.70400000e-07,1.21875000e+00,1.12500000e+00,-2.56250000e-02,-1.79687500e-02
3.70720000e-07,1.18125000e+00,9.62500000e-01,-1.12500000e-02,-7.03125000e-02
3.71040000e-07,1.16875000e+00,1.21250000e+00,-2.81250000e-02,-5.70312500e-02
3.71360000e-07,1.18125000e+00,1.10000000e+00,-3.87500000e-02,-7.81250000e-02
3.71680000e-07,1.24375000e+00,1.15000000e+00,-4.87500000e-02,-4.21875000e-02
3.72000000e-07,1.24375000e+00,1.05000000e+00,-1.93750000e-02,-7.10937500e-02
3.72320000e-07,1.10625000e+00,1.03750000e+00,-3.56250000e-02,-6.56250000e-02
3.72640000e-07,1.32500000e+00,1.10000000e+00,-1.12500000e-02,-7.10937500e-02
3.72960000e-07,1.15625000e+00,1.06250000e+00,-3.75000000e-03,-9.45312500e-02
3.73280000e-07,1.18125000e+00,1.02500000e+00,-1.93750000e-02,-1.01562500e-01
3.73600000e-07,1.14375000e+00,1.10000000e+00,-1.68750000e-02,-1.63281250e-01
3.73920000e-07,1.10625000e+00,1.17500000e+00,-2.87500000e-02,-1.50000000e-01
3.74240000e-07,1.16875000e+00,1.06250000e+00,-3.12500000e-02,-1.32812500e-01
3.74560000e-07,1.16875000e+00,9.87500000e-01,-2.56250000e-02,-9.68750000e-02
3.74880000e-07,1.09375000e+00,1.02500000e+00,-1.12500000e-02,-6.32812500e-02
3.75200000e-07,1.24375000e+00,1.13750000e+00,-1.68750000e-02,-6.71875000e-02
3.75520000e-07,1.21875000e+00,1.21250000e+00,-3.12500000e-02,-7.73437500e-02
3.75840000e-07,1.20625000e+00,1.05000000e+00,-1.37500000e-02,-1.57031250e-01
3.76160000e-07,1.15625000e+00,1.08750000e+00,-9.37500000e-03,-8.82812500e-02
3.76480000e-07,1.18125000e+00,1.05000000e+00,-3.62500000e-02,-1.64062500e-02
3.76800000e-07,1.13125000e+00,1.13750000e+00,-5.37500000e-02,-8.51562500e-02
3.77120000e-07,1.11875000e+00,1.11250000e+00,-3.56250000e-02,-1.84375000e-01
3.77440000e-07,1.05625000e+00,1.13750000e+00,-6.25000000e-03,-1.36718750e-01
3.77760000e-07,1.09375000e+00,9.37500000e-01,-1.12500000e-02,-9.21875000e-02
3.78080000e-07,1.11875000e+00,1.16250000e+00,6.25000000e-04,-8.20312500e-02
3.78400000e-07,1.18125000e+00,1.08750000e+00,-1.43750000e-02,-9.60937500e-02
3.78720000e-07,1.03125000e+00,1.15000000e+00,-2.25000000e-02,-1.64062500e-01
3.79040000e-07,9.43750000e-01,9.87500000e-01,-2.18750000e-02,-1.03125000e-01
3.79360000e-07,1.05625000e+00,1.10000000e+00,-6.87500000e-03,-6.25000000e-02
3.79680000e-07,1.15625000e+00,1.01250000e+00,-9.37500000e-03,-3.12500000e-03
3.80000000e-07,1.18125000e+00,1.06250000e+00,-3.56250000e-02,-2.26562500e-02
3.80320000e-07,1.21875000e+00,1.18750000e+00,-4.37500000e-03,-6.17187500e-02
3.80640000e-07,1.11875000e+00,1.08750000e+00,-3.12500000e-02,-4.14062500e-02
3.80960000e-07,1.14375000e+00,9.37500000e-01,-4.06250000e-02,-6.25000000e-02
3.81280000e-07,1.13125000e+00,1.15000000e+00,-2.00000000e-02,-1.36718750e-01
3.81600000e-07,1.13125000e+00,1.07500000e+00,-5.56250000e-02,-1.46875000e-01
3.81920000e-07,1.06875000e+00,1.16250000e+00,-4.31250000e-02,-1.42187500e-01
3.82240000e-07,1.13125000e+00,1.10000000e+00,-1.93750000e-02,-5.62500000e-02
3.82560000e-07,1.18125000e+00,1.07500000e+00,-1.18750000e-02,1.56250000e-03
3.82880000e-07,1.11875000e+00,1.00000000e+00,-3.62500000e-02,-7.03125000e-02
3.83200000e-07,1.14375000e+00,1.08750000e+00,-3.06250000e-02,-7.10937500e-02
3.83520000e-07,1.16875000e+00,1.10000000e+00,-2.18750000e-02,-2.73437500e-02
3.83840000e-07,1.08125000e+00,1.13750000e+00,-4.37500000e-02,-1.02343750e-01
3.84160000e-07,1.10625000e+00,1.05000000e+00,-6.12500000e-02,-1.50781250e-01
3.84480000e-07,1.05625000e+00,1.00000000e+00,-3.12500000e-02,-4.76562500e-02
3.84800000e-07,1.05625000e+00,9.50000000e-01,-5.12500000e-02,3.20312500e-02
3.85120000e-07,1.16875000e+00,1.05000000e+00,-3.31250000e-02,5.46875000e-03
3.85440000e-07,1.20625000e+00,1.03750000e+00,-3.25000000e-02,-5.00000000e-02
3.85760000e-07,1.18125000e+00,1.08750000e+00,-1.12500000e-02,-1.26562500e-01
3.86080000e-07,1.19375000e+00,1.01250000e+00,-4.06250000e-02,-1.64062500e-01
3.86400000e-07,1.04375000e+00,1.12500000e+00,-5.37500000e-02,-1.35156250e-01
3.86720000e-07,1.11875000e+00,1.02500000e+00,-6.87500000e-03,-7.65625000e-02
3.87040000e-07,1.00625000e+00,9.87500000e-01,-2.62500000e-02,-7.81250000e-04
3.87360000e-07,1.14375000e+00,1.13750000e+00,-1.43750000e-02,-2.42187500e-02
3.87680000e-07,1.15625000e+00,1.16250000e+00,-2.93750000e-02,1.79687500e-02
3.88000000e-07,1.08125000e+00,1.15000000e+00,-3.81250000e-02,3.75000000e-02
3.88320000e-07,1.28437500e+00,1.15000000e+00,-6.87500000e-03,-5.93750000e-02
3.88640000e-07,1.24375000e+00,1.05000000e+00,-3.25000000e-02,-1.00000000e-01
3.88960000e-07,1.08125000e+00,1.17500000e+00,8.12500000e-03,-1.09375000e-01
3.89280000e-07,1.18437500e+00,1.01250000e+00,-2.00000000e-02,-8.75000000e-02
3.89600000e-07,1.11875000e+00,9.75000000e-01,-4.12500000e-02,-6.87500000e-02
3.89920000e-07,1.20625000e+00,9.62500000e-01,-1.12500000e-02,-6.01562500e-02
3.90240000e-07,1.00625000e+00,9.87500000e-01,-3.87500000e-02,-3.51562500e-02
3.90560000e-07,1.08125000e+00,1.00000000e+00,-2.56250000e-02,-8.90625000e-02
3.90880000e-07,1.18125000e+00,1.08750000e+00,-9.37500000e-03,-1.03125000e-01
3.91200000e-07,1.03125000e+00,9.37500000e-01,-1.43750000e-02,-5.23437500e-02
3.91520000e-07,1.04375000e+00,1.16250000e+00,-4.37500000e-02,-1.17187500e-02
3.91840000e-07,1.25625000e+00,1.05000000e+00,-1.12500000e-02,-6.01562500e-02
3.92160000e-07,1.04375000e+00,1.05000000e+00,6.25000000e-04,-5.15625000e-02
3.92480000e-07,1.10625000e+00,1.11250000e+00,2.50000000e-03,-4.53125000e-02
3.92800000e-07,1.01875000e+00,9.75000000e-01,-2.81250000e-02,-1.56250000e-03
3.93120000e-07,1.14375000e+00,1.06250000e+00,-9.37500000e-03,0.00000000e+00
3.93440000e-07,1.09375000e+00,1.17500000e+00,-4.06250000e-02,-4.14062500e-02
3.93760000e-07,1.10625000e+00,9.50000000e-01,-1.68750000e-02,-1.17187500e-01
3.94080000e-07,1.05625000e+00,9.25000000e-01,-4.62500000e-02,-6.17187500e-02
3.94400000e-07,1.01875000e+00,9.25000000e-01,-1.18750000e-02,-4.68750000e-02
3.94720000e-07,1.16875000e+00,9.37500000e-01,-5.12500000e-02,-1.06250000e-01
3.95040000e-07,1.20625000e+00,1.11250000e+00,-1.87500000e-02,-3.67187500e-02
3.95360000e-07,1.11875000e+00,1.15000000e+00,8.12500000e-03,2.57812500e-02
3.95680000e-07,1.19375000e+00,9.25000000e-01,-4.12500000e-02,-3.51562500e-02
3.96000000e-07,1.14375000e+00,1.01250000e+00,-4.37500000e-02,-1.01562500e-02
3.96320000e-07,1.20625000e+00,1.00000000e+00,-3.12500000e-02,-7.57812500e-02
3.96640000e-07,1.05625000e+00,1.18750000e+00,-1.62500000e-02,-8.67187500e-02
3.96960000e-07,1.14375000e+00,1.07500000e+00,-3.12500000e-02,-5.00000000e-02
3.97280000e-07,1.09375000e+00,9.50000000e-01,-3.06250000e-02,-1.16406250e-01
3.97600000e-07,1.23125000e+00,1.03750000e+00,-1.00000000e-02,-1.01562500e-01
3.97920000e-07,1.18125000e+00,1.02500000e+00,-2.12500000e-02,-2.81250000e-02
3.98240000e-07,1.10625000e+00,1.06250000e+00,-2.00000000e-02,-5.07812500e-02
3.98560000e-07,1.20625000e+00,1.13750000e+00,-2.62500000e-02,-8.51562500e-02
3.98880000e-07,1.13125000e+00,1.10000000e+00,-4.56250000e-02,-6.32812500e-02
3.99200000e-07,1.01875000e+00,1.02500000e+00,-2.12500000e-02,-6.64062500e-02
3.99520000e-07,1.10625000e+00,9.75000000e-01,-3.37500000e-02,-3.28125000e-02
3.99840000e-07,1.13125000e+00,1.03750000e+00,-3.56250000e-02,-3.12500000e-03
4.00160000e-07,1.06875000e+00,9.75000000e-01,-1.87500000e-03,-6.09375000e-02
4.00480000e-07,1.03125000e+00,1.05000000e+00,-1.37500000e-02,-8.59375000e-02
4.00800000e-07,1.10625000e+00,9.87500000e-01,-3.37500000e-02,-5.85937500e-02
4.01120000e-07,1.26875000e+00,1.11250000e+00,-3.62500000e-02,-1.87500000e-02
4.01440000e-07,1.26875000e+00,1.11250000e+00,-4.87500000e-02,-1.23437500e-01
4.01760000e-07,1.09375000e+00,1.17500000e+00,-4.81250000e-02,-1.57812500e-01
4.02080000e-07,1.06875000e+00,1.06250000e+00,-2.56250000e-02,-1.42968750e-01
4.02400000e-07,1.15625000e+00,1.10000000e+00,-3.00000000e-02,-1.04687500e-01
4.02720000e-07,1.28125000e+00,1.08750000e+00,-6.87500000e-03,-2.65625000e-02
4.03040000e-07,1.04375000e+00,1.05000000e+00,-5.56250000e-02,-5.78125000e-02
4.03360000e-07,1.05625000e+00,1.06250000e+00,-3.81250000e-02,-9.68750000e-02
4.03680000e-07,1.13125000e+00,1.23750000e+00,-1.68750000e-02,-1.64062500e-01
4.04000000e-07,1.24375000e+00,9.62500000e-01,-3.56250000e-02,-1.94531250e-01
4.04320000e-07,1.16875000e+00,1.10000000e+00,1.25000000e-03,-1.62500000e-01
4.04640000e-07,1.10625000e+00,9.62500000e-01,-3.56250000e-02,-2.03125000e-02
4.04960000e-07,9.68750000e-01,9.87500000e-01,-3.62500000e-02,-1.79687500e-02
4.05280000e-07,1.11875000e+00,1.05000000e+00,-4.06250000e-02,-5.15625000e-02
4.05600000e-07,1.16875000e+00,1.05000000e+00,1.12500000e-02,-8.82812500e-02
4.05920000e-07,1.31250000e+00,1.02500000e+00,-9.37500000e-03,-4.53125000e-02
4.06240000e-07,1.16875000e+00,1.06250000e+00,-3.31250000e-02,1.01562500e-02
4.06560000e-07,1.13125000e+00,8.62500000e-01,-3.75000000e-03,-9.68750000e-02
4.06880000e-07,1.10625000e+00,1.10000000e+00,-2.81250000e-02,-2.27343750e-01
4.07200000e-07,1.15625000e+00,9.62500000e-01,-6.12500000e-02,-1.75000000e-01
4.07520000e-07,1.05625000e+00,9.75000000e-01,6.25000000e-04,-1.32812500e-01
4.07840000e-07,1.20625000e+00,1.10000000e+00,-1.25000000e-02,-1.30468750e-01
4.08160000e-07,1.10625000e+00,1.03750000e+00,-2.81250000e-02,-9.68750000e-02
4.08480000e-07,1.05625000e+00,1.08750000e+00,-1.18750000e-02,-1.64843750e-01
4.08800000e-07,1.13125000e+00,1.08750000e+00,-4.31250000e-02,-1.99218750e-01
4.09120000e-07,1.10625000e+00,1.03750000e+00,-3.50000000e-02,-9.92187500e-02
4.09440000e-07,1.15625000e+00,1.07500000e+00,-6.25000000e-03,-6.71875000e-02
4.09760000e-07,1.10625000e+00,1.13750000e+00,-2.12500000e-02,-2.03125000e-02
4.10080000e-07,1.09375000e+00,1.20000000e+00,8.12500000e-03,-1.17187500e-01
4.10400000e-07,1.16875000e+00,1.07500000e+00,-9.37500000e-03,-1.25000000e-01
4.10720000e-07,1.05625000e+00,9.87500000e-01,-3.12500000e-02,-1.74218750e-01
4.11040000e-07,1.04375000e+00,1.03750000e+00,-4.06250000e-02,-1.87500000e-01
4.11360000e-07,1.11875000e+00,1.16250000e+00,-4.37500000e-03,-9.60937500e-02
4.11680000e-07,1.09375000e+00,9.12500000e-01,-2.50000000e-02,-7.89062500e-02
4.12000000e-07,1.08125000e+00,1.10000000e+00,-9.37500000e-03,-1.17187500e-01
4.12320000e-07,1.18125000e+00,9.87500000e-01,-2.62500000e-02,-1.55468750e-01
4.12640000e-07,1.15625000e+00,1.13750000e+00,-3.81250000e-02,-1.24218750e-01
4.12960000e-07,1.19375000e+00,1.01250000e+00,-4.37500000e-03,-8.35937500e-02
4.13280000e-07,1.04375000e+00,9.50000000e-01,-8.75000000e-03,-9.68750000e-02
4.13600000e-07,1.11875000e+00,1.07500000e+00,-2.56250000e-02,-1.87500000e-01
4.13920000e-07,1.33750000e+00,1.12500000e+00,-7.50000000e-03,-1.60156250e-01
4.14240000e-07,1.05625000e+00,8.87500000e-01,-5.18750000e-02,-1.28906250e-01
4.14560000e-07,1.16875000e+00,1.03750000e+00,-6.06250000e-02,-1.02343750e-01
4.14880000e-07,1.14375000e+00,1.06250000e+00,-8.75000000e-03,-1.27343750e-01
4.15200000e-07,1.03125000e+00,1.06250000e+00,1.50000000e-02,-1.26562500e-01
4.15520000e-07,1.19375000e+00,1.16250000e+00,-1.25000000e-02,-3.20312500e-02
4.15840000e-07,1.05625000e+00,1.17500000e+00,-3.06250000e-02,-1.08593750e-01
4.16160000e-07,1.19375000e+00,1.02500000e+00,-1.62500000e-02,-1.44531250e-01
4.16480000e-07,1.06875000e+00,1.05000000e+00,-2.50000000e-02,-1.34375000e-01
4.16800000e-07,1.13125000e+00,9.00000000e-01,-1.87500000e-03,-1.61718750e-01
4.17120000e-07,1.06875000e+00,1.12500000e+00,8.12500000e-03,-2.05468750e-01
4.17440000e-07,1.19375000e+00,1.15000000e+00,-2.87500000e-02,-1.39062500e-01
4.17760000e-07,1.05625000e+00,1.03750000e+00,-2.18750000e-02,-1.46875000e-01
4.18080000e-07,1.14375000e+00,1.08750000e+00,-1.00000000e-02,-7.81250000e-02
4.18400000e-07,1.14375000e+00,1.08750000e+00,-2.87500000e-02,-1.42187500e-01
4.18720000e-07,1.13125000e+00,1.05000000e+00,-3.62500000e-02,-1.74218750e-01
4.19040000e-07,1.04375000e+00,1.11250000e+00,-3.62500000e-02,-1.94531250e-01
4.19360000e-07,1.09375000e+00,1.02500000e+00,-5.56250000e-02,-2.03906250e-01
4.19680000e-07,1.21875000e+00,1.06250000e+00,-3.31250000e-02,-2.10937500e-01
4.20000000e-07,1.06875000e+00,1.02500000e+00,-2.12500000e-02,-1.07812500e-01
4.20320000e-07,1.09375000e+00,1.16250000e+00,-2.18750000e-02,-7.34375000e-02
4.20640000e-07,1.24375000e+00,1.03750000e+00,-2.00000000e-02,-1.24218750e-01
4.20960000e-07,1.19375000e+00,1.03750000e+00,-2.18750000e-02,-1.18750000e-01
4.21280000e-07,1.16875000e+00,1.10000000e+00,-2.00000000e-02,-7.73437500e-02
4.21600000e-07,1.23125000e+00,1.16250000e+00,-1.68750000e-02,-1.42187500e-01
4.21920000e-07,1.16875000e+00,8.62500000e-01,-2.87500000e-02,-1.72656250e-01
4.22240000e-07,1.09375000e+00,9.87500000e-01,-3.62500000e-02,-6.32812500e-02
4.22560000e-07,1.14375000e+00,1.08750000e+00,-3.06250000e-02,-7.10937500e-02
4.22880000e-07,1.16875000e+00,1.15000000e+00,-6.25000000e-03,-1.08593750e-01
4.23200000e-07,1.18125000e+00,1.15000000e+00,-1.93750000e-02,-1.53125000e-01
4.23520000e-07,1.18125000e+00,1.08750000e+00,-1.43750000e-02,-1.32812500e-01
4.23840000e-07,1.20625000e+00,9.87500000e-01,-1.43750000e-02,-1.11718750e-01
4.24160000e-07,1.13125000e+00,1.17500000e+00,-2.18750000e-02,-1.16406250e-01
4.24480000e-07,1.16875000e+00,1.00000000e+00,-2.56250000e-02,-7.10937500e-02
4.24800000e-07,1.13125000e+00,1.00000000e+00,-1.18750000e-02,-8.12500000e-02
4.25120000e-07,1.20625000e+00,9.25000000e-01,-3.12500000e-02,-6.25000000e-02
4.25440000e-07,1.03125000e+00,1.02500000e+00,-2.62500000e-02,-2.96875000e-02
4.25760000e-07,1.20625000e+00,1.02500000e+00,-3.31250000e-02,-2.10937500e-02
4.26080000e-07,1.13125000e+00,1.06250000e+00,-1.37500000e-02,-5.31250000e-02
4.26400000e-07,1.11875000e+00,1.02500000e+00,-5.56250000e-02,-1.45312500e-01
4.26720000e-07,1.21875000e+00,1.10000000e+00,-2.56250000e-02,-5.85937500e-02
4.27040000e-07,1.16875000e+00,1.01250000e+00,-1.50000000e-02,1.17187500e-02
4.27360000e-07,9.93750000e-01,1.07500000e+00,-4.25000000e-02,-1.17968750e-01
4.27680000e-07,1.18125000e+00,1.06250000e+00,-1.18750000e-02,-7.65625000e-02
4.28000000e-07,1.03125000e+00,1.05000000e+00,-2.50000000e-02,-6.64062500e-02
4.28320000e-07,1.18125000e+00,1.08750000e+00,-1.87500000e-02,1.09375000e-02
4.28640000e-07,1.24375000e+00,1.08750000e+00,-2.50000000e-02,4.68750000e-03
4.28960000e-07,1.20625000e+00,1.06250000e+00,-2.81250000e-02,-7.03125000e-03
4.29280000e-07,1.06875000e+00,1.16250000e+00,-1.18750000e-02,-7.26562500e-02
4.29600000e-07,1.18125000e+00,9.50000000e-01,-2.18750000e-02,-9.92187500e-02
4.29920000e-07,1.09375000e+00,1.00000000e+00,-2.62500000e-02,-5.07812500e-02
4.30240000e-07,9.81250000e-01,1.15000000e+00,-3.62500000e-02,-7.42187500e-02
4.30560000e-07,1.20937500e+00,9.87500000e-01,-4.37500000e-02,-9.45312500e-02
4.30880000e-07,1.24375000e+00,1.03750000e+00,-4.06250000e-02,-2.89062500e-02
4.31200000e-07,1.01875000e+00,9.62500000e-01,-6.06250000e-02,-1.24218750e-01
4.31520000e-07,1.13437500e+00,8.87500000e-01,-1.12500000e-02,-1.98437500e-01
4.31840000e-07,1.20625000e+00,1.07500000e+00,-2.50000000e-03,-1.35156250e-01
4.32160000e-07,1.11875000e+00,1.01250000e+00,-5.12500000e-02,-5.15625000e-02
4.32480000e-07,1.13125000e+00,1.06250000e+00,-2.12500000e-02,-3.43750000e-02
4.32800000e-07,1.16875000e+00,1.05000000e+00,-2.87500000e-02,-4.29687500e-02
4.33120000e-07,1.18125000e+00,9.87500000e-01,-4.12500000e-02,-7.50000000e-02
4.33440000e-07,1.19375000e+00,1.02500000e+00,-2.18750000e-02,-8.43750000e-02
4.33760000e-07,1.08125000e+00,1.18750000e+00,-2.87500000e-02,-4.53125000e-02
4.34080000e-07,1.09375000e+00,1.00000000e+00,-3.06250000e-02,-4.84375000e-02
4.34400000e-07,1.16875000e+00,1.12500000e+00,-4.37500000e-03,-4.76562500e-02
4.34720000e-07,1.05625000e+00,9.12500000e-01,-1.87500000e-02,-1.11718750e-01
4.35040000e-07,1.05625000e+00,1.03750000e+00,-9.37500000e-03,-1.44531250e-01
4.35360000e-07,1.22187500e+00,1.18750000e+00,-3.87500000e-02,-7.03125000e-02
4.35680000e-07,1.20625000e+00,1.21250000e+00,-4.56250000e-02,-7.03125000e-03
4.36000000e-07,1.23125000e+00,1.12500000e+00,-1.43750000e-02,-1.71875000e-02
4.36320000e-07,1.07187500e+00,1.01250000e+00,-2.12500000e-02,-1.95312500e-02
4.36640000e-07,1.10625000e+00,9.62500000e-01,-4.37500000e-03,8.59375000e-03
4.36960000e-07,1.18125000e+00,1.13750000e+00,3.12500000e-03,-3.35937500e-02
4.37280000e-07,1.14375000e+00,1.07500000e+00,-4.87500000e-02,-5.31250000e-02
4.37600000e-07,1.18125000e+00,1.11250000e+00,-5.06250000e-02,-4.06250000e-02
4.37920000e-07,1.04375000e+00,1.07500000e+00,-9.37500000e-03,-2.73437500e-02
4.38240000e-07,1.00625000e+00,1.08750000e+00,-1.68750000e-02,-2.26562500e-02
4.38560000e-07,1.20625000e+00,1.03750000e+00,-1.68750000e-02,-1.24218750e-01
4.38880000e-07,1.15625000e+00,1.06250000e+00,-2.62500000e-02,-5.62500000e-02
4.39200000e-07,1.10625000e+00,1.03750000e+00,-5.87500000e-02,2.03125000e-02
4.39520000e-07,1.05625000e+00,1.05000000e+00,-3.37500000e-02,5.46875000e-03
4.39840000e-07,1.26875000e+00,1.00000000e+00,-2.75000000e-02,-9.92187500e-02
4.40160000e-07,1.23125000e+00,1.16250000e+00,-2.18750000e-02,-1.17187500e-01
4.40480000e-07,1.10625000e+00,9.50000000e-01,-5.06250000e-02,-9.45312500e-02
4.40800000e-07,1.01875000e+00,1.10000000e+00,-3.00000000e-02,-5.07812500e-02
4.41120000e-07,1.18125000e+00,1.12500000e+00,-3.75000000e-03,-3.04687500e-02
4.41440000e-07,1.14375000e+00,9.00000000e-01,6.25000000e-03,-4.45312500e-02
4.41760000e-07,1.21875000e+00,1.01250000e+00,-3.31250000e-02,-9.06250000e-02
4.42080000e-07,1.21875000e+00,1.08750000e+00,-1.87500000e-03,-7.03125000e-02
4.42400000e-07,1.24375000e+00,1.03750000e+00,-3.62500000e-02,-9.14062500e-02
4.42720000e-07,1.18125000e+00,1.07500000e+00,-3.81250000e-02,-1.09375000e-01
4.43040000e-07,1.16875000e+00,9.00000000e-01,6.25000000e-04,-1.37500000e-01
4.43360000e-07,1.06875000e+00,1.20000000e+00,-4.56250000e-02,-1.13281250e-01
4.43680000e-07,1.11875000e+00,1.13750000e+00,-3.62500000e-02,-1.41406250e-01
4.44000000e-07,1.09375000e+00,1.06250000e+00,-3.12500000e-02,-1.21093750e-01
4.44320000e-07,1.23125000e+00,1.05000000e+00,-1.62500000e-02,-1.48437500e-01
4.44640000e-07,1.11875000e+00,1.11250000e+00,-2.25000000e-02,-1.61718750e-01
4.44960000e-07,1.23125000e+00,9.00000000e-01,-2.00000000e-02,-1.20312500e-01
4.45280000e-07,1.09375000e+00,1.03750000e+00,-3.37500000e-02,-1.37500000e-01
4.45600000e-07,1.08125000e+00,1.03750000e+00,-2.81250000e-02,-7.81250000e-02
4.45920000e-07,1.10625000e+00,1.07500000e+00,-4.06250000e-02,-5.23437500e-02
4.46240000e-07,1.04375000e+00,1.07500000e+00,-1.93750000e-02,-7.18750000e-02
4.46560000e-07,1.03125000e+00,1.08750000e+00,-5.62500000e-02,-8.04687500e-02
4.46880000e-07,1.13125000e+00,9.25000000e-01,-4.56250000e-02,-7.81250000e-04
4.47200000e-07,1.14375000e+00,1.13750000e+00,-1.25000000e-03,-2.81250000e-02
4.47520000e-07,1.19375000e+00,9.00000000e-01,-1.93750000e-02,-5.15625000e-02
4.47840000e-07,1.16875000e+00,1.07500000e+00,-6.87500000e-03,-3.90625000e-02
4.48160000e-07,1.11875000e+00,9.37500000e-01,-1.50000000e-02,-1.04687500e-01
4.48480000e-07,1.19375000e+00,1.11250000e+00,-5.37500000e-02,-1.33593750e-01
4.48800000e-07,1.11875000e+00,1.08750000e+00,-2.12500000e-02,-1.34375000e-01
4.49120000e-07,1.10625000e+00,1.03750000e+00,-1.93750000e-02,-9.45312500e-02
4.49440000e-07,1.21875000e+00,1.10000000e+00,-2.00000000e-02,-1.11718750e-01
4.49760000e-07,1.31562500e+00,1.06250000e+00,-4.93750000e-02,-1.77343750e-01
4.50080000e-07,1.20625000e+00,9.62500000e-01,-6.93750000e-02,-1.31250000e-01
4.50400000e-07,1.19375000e+00,1.08750000e+00,-1.93750000e-02,-5.46875000e-03
4.50720000e-07,1.19687500e+00,9.25000000e-01,-5.43750000e-02,-4.14062500e-02
4.51040000e-07,1.08125000e+00,1.07500000e+00,-3.25000000e-02,-8.59375000e-02
4.51360000e-07,1.11875000e+00,9.25000000e-01,-3.75000000e-03,-4.92187500e-02
4.51680000e-07,1.09375000e+00,1.07500000e+00,-3.00000000e-02,-4.45312500e-02
4.52000000e-07,1.14375000e+00,9.75000000e-01,-1.43750000e-02,-3.20312500e-02
4.52320000e-07,1.13125000e+00,1.10000000e+00,-2.00000000e-02,-6.79687500e-02
4.52640000e-07,1.25625000e+00,9.87500000e-01,-3.56250000e-02,-1.24218750e-01
4.52960000e-07,1.11875000e+00,1.10000000e+00,-1.93750000e-02,-7.10937500e-02
4.53280000e-07,1.10625000e+00,1.01250000e+00,-2.18750000e-02,-1.18750000e-01
4.53600000e-07,1.13125000e+00,1.00000000e+00,-5.87500000e-02,-2.17187500e-01
4.53920000e-07,1.24375000e+00,1.06250000e+00,-1.68750000e-02,-1.28125000e-01
4.54240000e-07,1.14375000e+00,1.06250000e+00,-4.62500000e-02,-4.53125000e-02
4.54560000e-07,1.03125000e+00,1.06250000e+00,-4.56250000e-02,-6.40625000e-02
4.54880000e-07,1.26875000e+00,1.07500000e+00,-1.37500000e-02,-8.51562500e-02
4.55200000e-07,1.20625000e+00,1.10000000e+00,-3.12500000e-02,-8.28125000e-02
4.55520000e-07,1.19375000e+00,1.11250000e+00,-3.87500000e-02,-1.39843750e-01
4.55840000e-07,1.15625000e+00,1.03750000e+00,-3.81250000e-02,-1.46875000e-01
4.56160000e-07,1.13125000e+00,1.03750000e+00,-8.75000000e-03,-1.08593750e-01
4.56480000e-07,1.23125000e+00,1.08750000e+00,-6.25000000e-03,-8.43750000e-02
4.56800000e-07,1.10625000e+00,1.11250000e+00,5.62500000e-03,-8.35937500e-02
4.57120000e-07,1.27187500e+00,1.00000000e+00,-3.12500000e-02,-6.71875000e-02
4.57440000e-07,1.26875000e+00,9.75000000e-01,-3.62500000e-02,-5.78125000e-02
4.57760000e-07,1.21875000e+00,9.00000000e-01,-1.93750000e-02,-5.15625000e-02
4.58080000e-07,1.23437500e+00,1.15000000e+00,-1.68750000e-02,-9.84375000e-02
4.58400000e-07,1.09375000e+00,9.50000000e-01,-3.93750000e-02,-7.03125000e-02
4.58720000e-07,1.04375000e+00,1.03750000e+00,-7.75000000e-02,-1.32812500e-02
4.59040000e-07,1.15625000e+00,1.20000000e+00,-3.12500000e-02,-2.73437500e-02
4.59360000e-07,1.15625000e+00,8.62500000e-01,-3.87500000e-02,-8.20312500e-02
4.59680000e-07,1.14375000e+00,1.03750000e+00,-3.31250000e-02,-8.35937500e-02
4.60000000e-07,1.18125000e+00,1.15000000e+00,-3.00000000e-02,-3.28125000e-02
4.60320000e-07,1.20625000e+00,1.13750000e+00,-1.87500000e-02,-1.03125000e-01
4.60640000e-07,1.13125000e+00,1.21250000e+00,-3.00000000e-02,-1.77343750e-01
4.60960000e-07,1.01875000e+00,1.07500000e+00,-2.62500000e-02,-1.04687500e-01
4.61280000e-07,1.08125000e+00,1.12500000e+00,-3.06250000e-02,-1.21093750e-01
4.61600000e-07,1.28125000e+00,1.11250000e+00,-2.25000000e-02,-2.03125000e-01
4.61920000e-07,1.14375000e+00,1.15000000e+00,-4.81250000e-02,-1.39062500e-01
4.62240000e-07,1.25625000e+00,1.01250000e+00,-1.62500000e-02,-3.51562500e-02
4.62560000e-07,1.18125000e+00,1.10000000e+00,5.62500000e-03,-6.17187500e-02
4.62880000e-07,1.23125000e+00,9.37500000e-01,-2.87500000e-02,-1.97656250e-01
4.63200000e-07,9.81250000e-01,1.02500000e+00,-4.37500000e-02,-2.07812500e-01
4.63520000e-07,1.10625000e+00,1.17500000e+00,-2.87500000e-02,-1.16406250e-01
4.63840000e-07,1.15625000e+00,1.00000000e+00,-4.81250000e-02,-3.82812500e-02
4.64160000e-07,1.18125000e+00,1.02500000e+00,-3.31250000e-02,-6.40625000e-02
4.64480000e-07,1.13125000e+00,9.62500000e-01,-3.25000000e-02,-8.67187500e-02
4.64800000e-07,1.23125000e+00,1.00000000e+00,-4.37500000e-03,-1.12500000e-01
4.65120000e-07,1.10625000e+00,1.08750000e+00,-5.06250000e-02,-1.84375000e-01
4.65440000e-07,1.11875000e+00,1.07500000e+00,-3.75000000e-02,-2.21093750e-01
4.65760000e-07,1.03125000e+00,1.02500000e+00,3.75000000e-03,-2.26562500e-01
4.66080000e-07,9.68750000e-01,9.87500000e-01,-3.56250000e-02,-1.94531250e-01
4.66400000e-07,1.04375000e+00,1.01250000e+00,-9.37500000e-03,-1.46093750e-01
4.66720000e-07,1.19375000e+00,1.13750000e+00,-1.75000000e-02,-2.18750000e-02
4.67040000e-07,1.04375000e+00,1.10000000e+00,-2.00000000e-02,-8.12500000e-02
4.67360000e-07,1.13125000e+00,1.11250000e+00,-4.12500000e-02,-2.05468750e-01
4.67680000e-07,1.15625000e+00,1.05000000e+00,-4.06250000e-02,-8.04687500e-02
4.68000000e-07,1.15625000e+00,9.00000000e-01,-2.56250000e-02,-1.28125000e-01
4.68320000e-07,1.14375000e+00,1.06250000e+00,-4.81250000e-02,-1.78906250e-01
4.68640000e-07,1.06875000e+00,9.87500000e-01,-8.75000000e-03,-2.00000000e-01
4.68960000e-07,1.05625000e+00,1.18750000e+00,-3.87500000e-02,-2.16406250e-01
4.69280000e-07,1.15625000e+00,1.07500000e+00,-3.62500000e-02,-1.36718750e-01
4.69600000e-07,1.14375000e+00,1.01250000e+00,-3.12500000e-02,-7.42187500e-02
4.69920000e-07,1.15625000e+00,1.12500000e+00,-3.81250000e-02,-1.35156250e-01
4.70240000e-07,1.25625000e+00,1.00000000e+00,-1.62500000e-02,-9.21875000e-02
4.70560000e-07,1.08125000e+00,1.05000000e+00,6.25000000e-04,-8.51562500e-02
4.70880000e-07,1.08125000e+00,1.12500000e+00,-2.87500000e-02,-1.10156250e-01
4.71200000e-07,1.14375000e+00,9.87500000e-01,-3.06250000e-02,-7.57812500e-02
4.71520000e-07,1.08125000e+00,1.06250000e+00,-1.75000000e-02,-4.45312500e-02
4.71840000e-07,1.09375000e+00,1.13750000e+00,-1.62500000e-02,-3.82812500e-02
4.72160000e-07,1.21875000e+00,1.13750000e+00,-3.37500000e-02,-1.21875000e-01
4.72480000e-07,1.23125000e+00,1.06250000e+00,-4.37500000e-02,-3.59375000e-02
4.72800000e-07,1.15625000e+00,9.75000000e-01,-2.00000000e-02,-3.35937500e-02
4.73120000e-07,1.13125000e+00,9.37500000e-01,-4.62500000e-02,-1.35937500e-01
4.73440000e-07,1.15625000e+00,1.05000000e+00,-2.56250000e-02,-1.50000000e-01
4.73760000e-07,1.21875000e+00,1.05000000e+00,-2.12500000e-02,-6.48437500e-02
4.74080000e-07,1.13125000e+00,9.50000000e-01,-4.12500000e-02,-4.68750000e-03
4.74400000e-07,1.14375000e+00,1.06250000e+00,-1.68750000e-02,-7.03125000e-02
4.74720000e-07,1.09375000e+00,1.00000000e+00,-1.06250000e-02,-7.81250000e-02
4.75040000e-07,1.21875000e+00,1.02500000e+00,-5.37500000e-02,-1.35156250e-01
4.75360000e-07,1.23125000e+00,1.06250000e+00,-1.62500000e-02,-1.13281250e-01
4.75680000e-07,1.05625000e+00,9.12500000e-01,-6.87500000e-03,-5.93750000e-02
4.76000000e-07,1.09375000e+00,1.03750000e+00,-2.25000000e-02,-1.39062500e-01
4.76320000e-07,1.19375000e+00,1.03750000e+00,-3.62500000e-02,-1.09375000e-01
4.76640000e-07,1.08125000e+00,9.87500000e-01,-4.06250000e-02,-6.56250000e-02
4.76960000e-07,1.25625000e+00,1.02500000e+00,-3.56250000e-02,-6.40625000e-02
4.77280000e-07,1.24375000e+00,1.03750000e+00,-6.06250000e-02,-1.52343750e-01
4.77600000e-07,1.19375000e+00,9.87500000e-01,-3.50000000e-02,-2.00781250e-01
4.77920000e-07,1.10625000e+00,1.00000000e+00,-2.56250000e-02,-1.26562500e-01
4.78240000e-07,1.15625000e+00,9.12500000e-01,-2.81250000e-02,-8.28125000e-02
4.78560000e-07,1.18125000e+00,1.16250000e+00,-5.12500000e-02,-1.03125000e-01
4.78880000e-07,1.05625000e+00,9.87500000e-01,-3.75000000e-02,-1.79687500e-01
4.79200000e-07,9.93750000e-01,1.00000000e+00,-1.93750000e-02,-1.67968750e-01
4.79520000e-07,1.09375000e+00,1.10000000e+00,-6.68750000e-02,-8.59375000e-02
4.79840000e-07,1.21875000e+00,1.08750000e+00,-2.75000000e-02,-3.35937500e-02
4.80160000e-07,1.28125000e+00,1.03750000e+00,-1.12500000e-02,-4.92187500e-02
4.80480000e-07,1.13125000e+00,1.10000000e+00,-2.18750000e-02,-1.03906250e-01
4.80800000e-07,1.04375000e+00,1.03750000e+00,-1.43750000e-02,-6.71875000e-02
4.81120000e-07,1.10625000e+00,1.10000000e+00,-6.87500000e-03,-9.06250000e-02
4.81440000e-07,1.08125000e+00,9.25000000e-01,-2.87500000e-02,-7.96875000e-02
4.81760000e-07,1.15625000e+00,9.62500000e-01,-2.87500000e-02,-5.70312500e-02
4.82080000e-07,1.32500000e+00,1.02500000e+00,-1.43750000e-02,-1.01562500e-01
4.82400000e-07,1.08125000e+00,1.06250000e+00,-6.87500000e-03,-2.50000000e-02
4.82720000e-07,1.19375000e+00,1.18750000e+00,-2.87500000e-02,2.89062500e-02
4.83040000e-07,1.18125000e+00,1.07500000e+00,-4.12500000e-02,-3.67187500e-02
4.83360000e-07,1.24375000e+00,1.00000000e+00,-1.43750000e-02,-1.29687500e-01
4.83680000e-07,1.15625000e+00,1.08750000e+00,-1.00000000e-02,-1.43750000e-01
4.84000000e-07,1.14375000e+00,1.00000000e+00,-3.56250000e-02,-7.50000000e-02
4.84320000e-07,1.00625000e+00,1.10000000e+00,-1.87500000e-03,-5.46875000e-03
4.84640000e-07,1.16875000e+00,1.05000000e+00,-4.56250000e-02,-1.00781250e-01
4.84960000e-07,1.14375000e+00,1.10000000e+00,-3.81250000e-02,-1.62500000e-01
4.85280000e-07,1.16875000e+00,1.08750000e+00,-7.68750000e-02,-1.17968750e-01
4.85600000e-07,1.14375000e+00,1.05000000e+00,-4.31250000e-02,-1.14062500e-01
4.85920000e-07,1.11875000e+00,1.10000000e+00,-6.25000000e-03,-1.82812500e-01
4.86240000e-07,1.11875000e+00,1.15000000e+00,-2.25000000e-02,-2.42968750e-01
4.86560000e-07,1.13125000e+00,9.50000000e-01,-2.18750000e-02,-1.51562500e-01
4.86880000e-07,1.13125000e+00,9.62500000e-01,-1.68750000e-02,-5.39062500e-02
4.87200000e-07,1.31250000e+00,1.15000000e+00,-2.56250000e-02,-1.14062500e-01
4.87520000e-07,1.10625000e+00,1.15000000e+00,-1.68750000e-02,-9.60937500e-02
4.87840000e-07,1.19375000e+00,1.17500000e+00,-1.87500000e-03,-1.10937500e-01
4.88160000e-07,1.08125000e+00,1.05000000e+00,-3.93750000e-02,-1.02343750e-01
4.88480000e-07,1.13125000e+00,1.06250000e+00,-4.81250000e-02,-8.82812500e-02
4.88800000e-07,1.04375000e+00,1.26250000e+00,1.81250000e-02,-1.03125000e-01
4.89120000e-07,1.09375000e+00,9.62500000e-01,-3.37500000e-02,-1.66406250e-01
4.89440000e-07,1.19375000e+00,1.20000000e+00,-2.56250000e-02,-1.92187500e-01
4.89760000e-07,1.24375000e+00,1.12500000e+00,-6.87500000e-03,-1.66406250e-01
4.90080000e-07,1.01875000e+00,1.00000000e+00,-1.37500000e-02,-1.24218750e-01
4.90400000e-07,1.10625000e+00,1.15000000e+00,-4.12500000e-02,-1.10156250e-01
4.90720000e-07,1.18125000e+00,1.11250000e+00,-1.18750000e-02,-1.21875000e-01
4.91040000e-07,1.15625000e+00,9.12500000e-01,-3.93750000e-02,-1.83593750e-01
4.91360000e-07,1.13125000e+00,1.05000000e+00,-3.62500000e-02,-2.17968750e-01
4.91680000e-07,1.05625000e+00,1.01250000e+00,-3.37500000e-02,-1.38281250e-01
4.92000000e-07,1.20625000e+00,1.10000000e+00,-1.62500000e-02,-1.07812500e-01
4.92320000e-07,1.20625000e+00,1.12500000e+00,6.25000000e-04,-1.83593750e-01
4.92640000e-07,1.10625000e+00,9.87500000e-01,-2.00000000e-02,-1.25781250e-01
4.92960000e-07,1.08125000e+00,9.37500000e-01,-7.50000000e-02,-4.76562500e-02
4.93280000e-07,1.18125000e+00,1.11250000e+00,-1.37500000e-02,-6.32812500e-02
4.93600000e-07,1.11875000e+00,1.05000000e+00,-2.87500000e-02,-1.07031250e-01
4.93920000e-07,1.18125000e+00,9.50000000e-01,-3.62500000e-02,-8.75000000e-02
4.94240000e-07,1.14375000e+00,1.07500000e+00,-3.12500000e-02,-4.21875000e-02
4.94560000e-07,1.03125000e+00,9.00000000e-01,-1.62500000e-02,-5.78125000e-02
4.94880000e-07,1.10625000e+00,1.06250000e+00,-1.93750000e-02,-3.35937500e-02
4.95200000e-07,1.18125000e+00,1.18750000e+00,-1.68750000e-02,-6.64062500e-02
4.95520000e-07,1.15625000e+00,1.15000000e+00,-4.62500000e-02,-8.51562500e-02
4.95840000e-07,1.11875000e+00,1.10000000e+00,-4.56250000e-02,-6.32812500e-02
4.96160000e-07,1.15625000e+00,1.00000000e+00,-2.87500000e-02,-4.37500000e-02
4.96480000e-07,1.18125000e+00,1.08750000e+00,-3.31250000e-02,-1.42187500e-01
4.96800000e-07,1.10625000e+00,9.75000000e-01,-3.37500000e-02,-1.77343750e-01
4.97120000e-07,1.11875000e+00,1.15000000e+00,-2.50000000e-02,-1.32812500e-01
4.97440000e-07,1.19375000e+00,1.10000000e+00,-1.12500000e-02,-5.39062500e-02
4.97760000e-07,1.18125000e+00,1.11250000e+00,-2.75000000e-02,-3.51562500e-02
4.98080000e-07,1.18125000e+00,1.12500000e+00,-3.12500000e-02,-7.26562500e-02
4.98400000e-07,1.11875000e+00,1.07500000e+00,-2.18750000e-02,-5.39062500e-02
4.98720000e-07,1.08125000e+00,1.05000000e+00,-2.68750000e-02,-3.35937500e-02
4.99040000e-07,1.16875000e+00,1.12500000e+00,-5.12500000e-02,-1.45312500e-01
4.99360000e-07,1.26875000e+00,9.50000000e-01,-3.87500000e-02,-1.85156250e-01
4.99680000e-07,1.05625000e+00,1.06250000e+00,-2.50000000e-02,-9.84375000e-02
5.00000000e-07,1.06875000e+00,1.15000000e+00,-1.68750000e-02,-3.98437500e-02
5.00320000e-07,1.14375000e+00,1.12500000e+00,-3.06250000e-02,-3.51562500e-02
5.00640000e-07,1.18125000e+00,1.12500000e+00,-3.31250000e-02,-5.85937500e-02
5.00960000e-07,1.16875000e+00,1.15000000e+00,-2.18750000e-02,-6.71875000e-02
5.01280000e-07,1.20625000e+00,1.02500000e+00,-2.56250000e-02,-1.56250000e-02
5.01600000e-07,1.06875000e+00,1.13750000e+00,-3.31250000e-02,-8.82812500e-02
5.01920000e-07,1.05625000e+00,9.37500000e-01,-4.31250000e-02,-8.04687500e-02
5.02240000e-07,1.10625000e+00,9.75000000e-01,-4.37500000e-03,-9.14062500e-02
5.02560000e-07,1.28125000e+00,9.75000000e-01,-5.00000000e-03,-1.78125000e-01
5.02880000e-07,1.19375000e+00,1.07500000e+00,-3.31250000e-02,-8.04687500e-02
5.03200000e-07,1.23125000e+00,1.18750000e+00,-8.75000000e-03,9.37500000e-03
5.03520000e-07,1.28437500e+00,1.21250000e+00,-1.68750000e-02,-1.32812500e-02
5.03840000e-07,1.30000000e+00,9.75000000e-01,-3.06250000e-02,-9.45312500e-02
5.04160000e-07,1.01875000e+00,1.12500000e+00,-1.87500000e-02,-1.03125000e-01
5.04480000e-07,1.08437500e+00,1.13750000e+00,-1.68750000e-02,-8.04687500e-02
5.04800000e-07,1.14375000e+00,1.03750000e+00,-5.37500000e-02,-1.07812500e-01
5.05120000e-07,1.16875000e+00,1.10000000e+00,-1.37500000e-02,-1.14843750e-01
5.05440000e-07,1.16875000e+00,1.13750000e+00,-2.87500000e-02,-4.29687500e-02
5.05760000e-07,1.25625000e+00,1.07500000e+00,-2.00000000e-02,-6.64062500e-02
5.06080000e-07,1.25625000e+00,1.13750000e+00,-2.87500000e-02,-1.42968750e-01
5.06400000e-07,1.18125000e+00,9.25000000e-01,-1.62500000e-02,-5.39062500e-02
5.06720000e-07,1.26875000e+00,1.05000000e+00,-2.56250000e-02,-6.40625000e-02
5.07040000e-07,1.10625000e+00,1.05000000e+00,-5.12500000e-02,-1.20312500e-01
5.07360000e-07,1.19375000e+00,1.08750000e+00,-3.87500000e-02,-4.92187500e-02
5.07680000e-07,1.09375000e+00,1.12500000e+00,-6.25000000e-03,1.48437500e-02
5.08000000e-07,1.11875000e+00,1.06250000e+00,-7.50000000e-03,1.25000000e-02
5.08320000e-07,1.28125000e+00,1.01250000e+00,-5.62500000e-02,-1.02343750e-01
5.08640000e-07,1.26875000e+00,1.08750000e+00,-3.00000000e-02,-1.10937500e-01
5.08960000e-07,1.10625000e+00,1.15000000e+00,-3.75000000e-03,-8.98437500e-02
5.09280000e-07,1.13125000e+00,1.15000000e+00,-2.18750000e-02,-1.12500000e-01
5.09600000e-07,1.14375000e+00,1.07500000e+00,-3.12500000e-02,-1.17968750e-01
5.09920000e-07,9.68750000e-01,9.62500000e-01,-8.75000000e-03,-1.36718750e-01
5.10240000e-07,1.16875000e+00,1.15000000e+00,8.12500000e-03,-5.85937500e-02
5.10560000e-07,1.15625000e+00,1.05000000e+00,-4.37500000e-02,-3.75000000e-02
5.10880000e-07,1.21875000e+00,1.05000000e+00,-3.87500000e-02,-1.00000000e-01
5.11200000e-07,1.21875000e+00,1.17500000e+00,-3.81250000e-02,-1.33593750e-01
5.11520000e-07,1.09375000e+00,9.25000000e-01,-6.25000000e-03,-1.12500000e-01
5.11840000e-07,1.19375000e+00,1.11250000e+00,-1.87500000e-02,-1.57812500e-01
5.12160000e-07,1.11875000e+00,1.01250000e+00,-4.37500000e-03,-1.95312500e-01
5.12480000e-07,1.14375000e+00,1.10000000e+00,-4.87500000e-02,-1.20312500e-01
5.12800000e-07,1.18125000e+00,1.05000000e+00,-3.37500000e-02,-6.56250000e-02
5.13120000e-07,1.14375000e+00,1.06250000e+00,-5.12500000e-02,-1.79687500e-02
5.13440000e-07,1.21875000e+00,1.16250000e+00,-2.12500000e-02,-8.59375000e-02
5.13760000e-07,1.25625000e+00,1.10000000e+00,-3.62500000e-02,-1.23437500e-01
5.14080000e-07,1.16875000e+00,9.62500000e-01,-1.43750000e-02,-6.71875000e-02
5.14400000e-07,1.18125000e+00,1.21250000e+00,-5.62500000e-03,-7.65625000e-02
5.14720000e-07,1.14375000e+00,1.07500000e+00,-3.56250000e-02,-7.65625000e-02
5.15040000e-07,1.08125000e+00,1.08750000e+00,-1.25000000e-03,-8.20312500e-02
5.15360000e-07,1.11875000e+00,1.00000000e+00,-2.81250000e-02,-1.60156250e-01
5.15680000e-07,1.14375000e+00,9.87500000e-01,-4.62500000e-02,-1.59375000e-01
5.16000000e-07,1.21875000e+00,1.13750000e+00,-2.81250000e-02,-8.28125000e-02
5.16320000e-07,1.14375000e+00,1.11250000e+00,-1.93750000e-02,-5.07812500e-02
5.16640000e-07,1.11875000e+00,1.00000000e+00,-3.00000000e-02,-1.09375000e-02
5.16960000e-07,1.06875000e+00,1.16250000e+00,-1.68750000e-02,-7.50000000e-02
5.17280000e-07,1.20625000e+00,1.03750000e+00,-4.00000000e-02,-1.40625000e-02
5.17600000e-07,1.06875000e+00,1.01250000e+00,-3.75000000e-03,-3.12500000e-03
5.17920000e-07,1.20625000e+00,9.62500000e-01,-2.81250000e-02,-1.42968750e-01
5.18240000e-07,1.13125000e+00,1.02500000e+00,-3.06250000e-02,-1.42187500e-01
5.18560000e-07,1.21875000e+00,1.06250000e+00,1.56250000e-02,-4.76562500e-02
5.18880000e-07,1.09375000e+00,1.07500000e+00,-3.56250000e-02,-9.06250000e-02
5.19200000e-07,1.13125000e+00,1.02500000e+00,-4.62500000e-02,-1.48437500e-01
5.19520000e-07,1.24375000e+00,1.07500000e+00,-6.87500000e-03,-3.04687500e-02
5.19840000e-07,1.20625000e+00,1.03750000e+00,-1.87500000e-03,-6.95312500e-02
5.20160000e-07,1.16875000e+00,9.75000000e-01,-3.81250000e-02,-1.16406250e-01
5.20480000e-07,1.23125000e+00,1.13750000e+00,-2.50000000e-03,-6.87500000e-02
5.20800000e-07,1.20625000e+00,1.13750000e+00,-5.87500000e-02,-1.21093750e-01
5.21120000e-07,1.09375000e+00,1.12500000e+00,-3.25000000e-02,-8.20312500e-02
5.21440000e-07,1.16875000e+00,1.08750000e+00,-1.87500000e-02,-7.89062500e-02
5.21760000e-07,1.25937500e+00,1.03750000e+00,-1.62500000e-02,-1.46875000e-01
5.22080000e-07,1.26875000e+00,1.08750000e+00,-3.87500000e-02,-2.02343750e-01
5.22400000e-07,1.18125000e+00,9.75000000e-01,-2.18750000e-02,-1.09375000e-01
5.22720000e-07,1.12187500e+00,1.03750000e+00,1.00000000e-02,-1.01562500e-01
5.23040000e-07,1.15625000e+00,9.00000000e-01,-3.12500000e-02,-9.06250000e-02
5.23360000e-07,1.21875000e+00,1.10000000e+00,-3.12500000e-02,-9.14062500e-02
5.23680000e-07,1.04375000e+00,1.08750000e+00,-4.37500000e-02,-2.89062500e-02
5.24000000e-07,1.15625000e+00,1.12500000e+00,-3.31250000e-02,2.57812500e-02
5.24320000e-07,1.15625000e+00,1.13750000e+00,-1.12500000e-02,-2.34375000e-02
5.24640000e-07,1.14375000e+00,1.11250000e+00,-1.75000000e-02,-6.48437500e-02
5.24960000e-07,1.11875000e+00,1.03750000e+00,-1.93750000e-02,-5.70312500e-02
5.25280000e-07,1.10625000e+00,1.07500000e+00,-4.37500000e-03,-8.51562500e-02
5.25600000e-07,1.10625000e+00,1.05000000e+00,-1.25000000e-02,-6.87500000e-02
5.25920000e-07,1.11875000e+00,9.50000000e-01,-3.37500000e-02,-5.23437500e-02
5.26240000e-07,1.24375000e+00,9.25000000e-01,-4.31250000e-02,-2.34375000e-02
5.26560000e-07,1.18125000e+00,9.37500000e-01,-2.81250000e-02,-1.22656250e-01
5.26880000e-07,1.18125000e+00,1.15000000e+00,-3.31250000e-02,-1.67968750e-01
5.27200000e-07,1.13125000e+00,1.18750000e+00,-4.31250000e-02,-1.21093750e-01
5.27520000e-07,1.06875000e+00,1.00000000e+00,-1.37500000e-02,-6.09375000e-02
5.27840000e-07,1.20625000e+00,1.07500000e+00,-6.87500000e-03,-1.64062500e-02
5.28160000e-07,1.23125000e+00,9.25000000e-01,6.25000000e-04,-4.68750000e-02
5.28480000e-07,1.11875000e+00,1.16250000e+00,-2.50000000e-03,-4.29687500e-02
5.28800000e-07,1.11875000e+00,1.03750000e+00,-6.12500000e-02,-3.43750000e-02
5.29120000e-07,1.20625000e+00,1.01250000e+00,-2.50000000e-02,-2.89062500e-02
5.29440000e-07,1.06875000e+00,1.02500000e+00,-2.81250000e-02,1.01562500e-02
5.29760000e-07,1.11875000e+00,1.03750000e+00,-2.12500000e-02,-1.32812500e-02
5.30080000e-07,1.13125000e+00,1.07500000e+00,-2.00000000e-02,-8.59375000e-02
5.30400000e-07,1.05625000e+00,1.08750000e+00,-3.06250000e-02,-3.04687500e-02
5.30720000e-07,1.19375000e+00,1.03750000e+00,8.12500000e-03,-4.60937500e-02
5.31040000e-07,1.14375000e+00,1.06250000e+00,-3.62500000e-02,-8.51562500e-02
5.31360000e-07,1.13125000e+00,1.05000000e+00,-9.37500000e-03,-5.00000000e-02
5.31680000e-07,1.18125000e+00,1.05000000e+00,-1.75000000e-02,-2.10937500e-02
5.32000000e-07,1.21875000e+00,1.06250000e+00,-3.62500000e-02,2.42187500e-02
5.32320000e-07,1.04375000e+00,1.06250000e+00,-5.87500000e-02,2.81250000e-02
5.32640000e-07,1.03125000e+00,1.03750000e+00,-2.25000000e-02,7.81250000e-04
5.32960000e-07,1.14375000e+00,1.07500000e+00,-4.37500000e-02,-1.04687500e-01
5.33280000e-07,1.30000000e+00,1.07500000e+00,-3.75000000e-03,-1.43750000e-01
5.33600000e-07,1.15625000e+00,1.06250000e+00,-2.87500000e-02,-4.37500000e-02
5.33920000e-07,1.21875000e+00,1.15000000e+00,-5.12500000e-02,-8.59375000e-03
5.34240000e-07,1.19375000e+00,1.12500000e+00,-2.62500000e-02,4.45312500e-02
5.34560000e-07,1.24375000e+00,1.07500000e+00,-2.12500000e-02,5.31250000e-02
5.34880000e-07,1.21875000e+00,1.05000000e+00,5.62500000e-03,-3.51562500e-02
5.35200000e-07,1.05625000e+00,1.07500000e+00,-2.25000000e-02,-1.17187500e-01
5.35520000e-07,1.06875000e+00,1.12500000e+00,-3.12500000e-02,-1.68750000e-01
5.35840000e-07,1.10625000e+00,1.11250000e+00,-2.50000000e-02,-2.09375000e-01
5.36160000e-07,1.20937500e+00,1.08750000e+00,6.25000000e-04,-1.34375000e-01
5.36480000e-07,1.37500000e+00,1.06250000e+00,-5.00000000e-02,-5.93750000e-02
5.36800000e-07,1.24375000e+00,1.22500000e+00,3.75000000e-03,-3.90625000e-03
5.37120000e-07,1.13437500e+00,9.87500000e-01,-5.06250000e-02,-5.23437500e-02
5.37440000e-07,1.24375000e+00,1.03750000e+00,-4.37500000e-02,-1.32031250e-01
5.37760000e-07,1.03125000e+00,8.87500000e-01,-1.68750000e-02,-9.68750000e-02
5.38080000e-07,1.04375000e+00,1.01250000e+00,0.00000000e+00,-9.92187500e-02
5.38400000e-07,1.23125000e+00,1.15000000e+00,-4.12500000e-02,-1.50000000e-01
5.38720000e-07,1.22187500e+00,1.05000000e+00,-3.25000000e-02,-5.70312500e-02
5.39040000e-07,1.35000000e+00,1.10000000e+00,-6.25000000e-03,-3.59375000e-02
5.39360000e-07,1.18125000e+00,1.15000000e+00,6.25000000e-03,-1.67968750e-01
5.39680000e-07,1.07187500e+00,1.07500000e+00,-1.43750000e-02,-1.40625000e-01
5.40000000e-07,1.11875000e+00,1.07500000e+00,-2.62500000e-02,-2.65625000e-02
5.40320000e-07,1.09375000e+00,1.01250000e+00,-3.12500000e-02,-1.54687500e-01
5.40640000e-07,1.09375000e+00,1.05000000e+00,-5.12500000e-02,-1.49218750e-01
5.40960000e-07,1.31250000e+00,1.12500000e+00,-8.75000000e-03,-6.64062500e-02
5.41280000e-07,1.08125000e+00,1.02500000e+00,-3.37500000e-02,-5.07812500e-02
5.41600000e-07,1.15625000e+00,1.05000000e+00,-2.87500000e-02,-5.23437500e-02
5.41920000e-07,1.16875000e+00,1.15000000e+00,-3.06250000e-02,-9.76562500e-02
5.42240000e-07,1.11875000e+00,1.12500000e+00,-9.37500000e-03,-1.08593750e-01
5.42560000e-07,1.10625000e+00,1.12500000e+00,-4.81250000e-02,-9.29687500e-02
5.42880000e-07,1.06875000e+00,9.50000000e-01,-8.75000000e-03,-1.30468750e-01
5.43200000e-07,1.04375000e+00,1.03750000e+00,-3.37500000e-02,-1.53125000e-01
5.43520000e-07,1.09375000e+00,1.02500000e+00,-2.62500000e-02,-1.18750000e-01
5.43840000e-07,1.15625000e+00,1.10000000e+00,-4.37500000e-02,-8.82812500e-02
5.44160000e-07,1.20625000e+00,1.03750000e+00,-2.12500000e-02,-8.51562500e-02
5.44480000e-07,1.21875000e+00,1.13750000e+00,-1.87500000e-03,-1.28125000e-01
5.44800000e-07,1.15625000e+00,1.06250000e+00,-4.62500000e-02,-7.65625000e-02
5.45120000e-07,9.93750000e-01,1.12500000e+00,-3.12500000e-02,-6.09375000e-02
5.45440000e-07,1.19375000e+00,1.01250000e+00,-5.62500000e-02,-5.07812500e-02
5.45760000e-07,1.10625000e+00,1.07500000e+00,-2.50000000e-02,-2.42187500e-02
5.46080000e-07,1.14375000e+00,1.07500000e+00,-1.68750000e-02,-5.93750000e-02
5.46400000e-07,1.20625000e+00,1.12500000e+00,-1.87500000e-02,-1.03906250e-01
5.46720000e-07,1.21875000e+00,1.00000000e+00,-1.18750000e-02,-1.15625000e-01
5.47040000e-07,1.24375000e+00,1.10000000e+00,-1.43750000e-02,-1.07812500e-01
5.47360000e-07,1.10625000e+00,1.03750000e+00,-1.75000000e-02,-1.10156250e-01
5.47680000e-07,1.08125000e+00,1.10000000e+00,-4.37500000e-02,-1.09375000e-01
5.48000000e-07,1.06875000e+00,1.00000000e+00,-1.12500000e-02,-8.28125000e-02
5.48320000e-07,1.06875000e+00,9.75000000e-01,1.06250000e-02,-5.23437500e-02
5.48640000e-07,9.93750000e-01,9.00000000e-01,3.12500000e-03,-5.15625000e-02
5.48960000e-07,1.10625000e+00,1.01250000e+00,-1.87500000e-03,-1.01562500e-02
5.49280000e-07,1.18125000e+00,1.16250000e+00,-3.87500000e-02,-3.12500000e-03
5.49600000e-07,1.13125000e+00,1.10000000e+00,-2.81250000e-02,-3.12500000e-02
5.49920000e-07,1.15625000e+00,1.13750000e+00,-1.93750000e-02,-1.95312500e-02
5.50240000e-07,1.11875000e+00,1.18750000e+00,-8.75000000e-03,-5.62500000e-02
5.50560000e-07,1.19375000e+00,1.01250000e+00,1.56250000e-02,-4.60937500e-02
5.50880000e-07,1.08125000e+00,1.07500000e+00,-5.87500000e-02,2.65625000e-02
5.51200000e-07,1.15625000e+00,1.03750000e+00,-2.18750000e-02,-1.25000000e-02
5.51520000e-07,1.15625000e+00,1.02500000e+00,5.00000000e-03,5.46875000e-03
5.51840000e-07,1.28125000e+00,1.11250000e+00,-1.93750000e-02,-3.59375000e-02
5.52160000e-07,1.18125000e+00,1.11250000e+00,-6.87500000e-03,-1.42187500e-01
5.52480000e-07,1.11875000e+00,1.03750000e+00,-3.62500000e-02,-1.35156250e-01
5.52800000e-07,1.14375000e+00,1.11250000e+00,-9.37500000e-03,-9.06250000e-02
5.53120000e-07,1.16875000e+00,1.03750000e+00,-2.62500000e-02,-9.37500000e-03
5.53440000e-07,9.56250000e-01,1.11250000e+00,-1.18750000e-02,-7.81250000e-03
5.53760000e-07,1.15625000e+00,1.06250000e+00,-1.25000000e-02,-1.09375000e-02
5.54080000e-07,1.19375000e+00,1.00000000e+00,-3.56250000e-02,1.01562500e-02
5.54400000e-07,1.23125000e+00,1.17500000e+00,-1.62500000e-02,-6.17187500e-02
5.54720000e-07,1.19375000e+00,1.11250000e+00,-1.93750000e-02,-1.33593750e-01
5.55040000e-07,1.11875000e+00,8.87500000e-01,-2.56250000e-02,-3.67187500e-02
5.55360000e-07,1.09375000e+00,1.12500000e+00,-1.25000000e-03,-2.50000000e-02
5.55680000e-07,1.14375000e+00,9.62500000e-01,-1.62500000e-02,-2.50000000e-02
5.56000000e-07,1.18125000e+00,1.02500000e+00,-1.93750000e-02,-6.40625000e-02
5.56320000e-07,1.18125000e+00,1.05000000e+00,-2.87500000e-02,-2.73437500e-02
5.56640000e-07,1.04375000e+00,1.06250000e+00,-3.37500000e-02,-1.48437500e-02
5.56960000e-07,1.14375000e+00,1.13750000e+00,-5.62500000e-02,-5.70312500e-02
5.57280000e-07,1.13125000e+00,1.08750000e+00,-3.56250000e-02,-3.59375000e-02
5.57600000e-07,1.11875000e+00,1.17500000e+00,-2.75000000e-02,-6.64062500e-02
5.57920000e-07,1.09375000e+00,1.00000000e+00,-3.31250000e-02,-1.30468750e-01
5.58240000e-07,1.11875000e+00,1.03750000e+00,-4.56250000e-02,-2.81250000e-02
5.58560000e-07,1.16875000e+00,1.05000000e+00,-1.43750000e-02,-1.79687500e-02
5.58880000e-07,1.10625000e+00,1.07500000e+00,-6.87500000e-03,-5.70312500e-02
5.59200000e-07,1.19375000e+00,1.13750000e+00,-2.87500000e-02,-3.28125000e-02
5.59520000e-07,1.21875000e+00,1.03750000e+00,-5.12500000e-02,3.90625000e-02
5.59840000e-07,1.15625000e+00,1.01250000e+00,-1.68750000e-02,1.71875000e-02
5.60160000e-07,1.13125000e+00,9.12500000e-01,-1.43750000e-02,-1.20312500e-01
5.60480000e-07,1.01875000e+00,1.07500000e+00,-9.37500000e-03,-1.24218750e-01
5.60800000e-07,1.18125000e+00,9.25000000e-01,-2.62500000e-02,-2.34375000e-02
5.61120000e-07,1.08125000e+00,1.03750000e+00,-1.93750000e-02,-3.20312500e-02
5.61440000e-07,1.14375000e+00,1.08750000e+00,-5.00000000e-03,-2.65625000e-02
5.61760000e-07,1.18437500e+00,1.12500000e+00,-2.87500000e-02,-6.71875000e-02
5.62080000e-07,1.26875000e+00,1.12500000e+00,-3.31250000e-02,-8.59375000e-02
5.62400000e-07,1.10625000e+00,1.05000000e+00,-1.43750000e-02,-3.51562500e-02
5.62720000e-07,1.17187500e+00,1.05000000e+00,-1.62500000e-02,-4.60937500e-02
5.63040000e-07,1.11875000e+00,1.12500000e+00,-1.00000000e-02,-1.48437500e-01
5.63360000e-07,1.13125000e+00,1.00000000e+00,-4.37500000e-02,-8.90625000e-02
5.63680000e-07,1.13125000e+00,9.75000000e-01,-2.75000000e-02,-2.81250000e-02
5.64000000e-07,1.18125000e+00,1.00000000e+00,-1.18750000e-02,-3.59375000e-02
5.64320000e-07,1.10625000e+00,1.16250000e+00,-5.56250000e-02,-1.79687500e-02
5.64640000e-07,1.03125000e+00,9.62500000e-01,-2.81250000e-02,-1.17187500e-02
5.64960000e-07,1.19375000e+00,1.07500000e+00,-1.12500000e-02,-5.00000000e-02
5.65280000e-07,1.16875000e+00,9.87500000e-01,-1.68750000e-02,-1.07031250e-01
5.65600000e-07,1.16875000e+00,1.13750000e+00,-2.00000000e-02,-6.09375000e-02
5.65920000e-07,1.14375000e+00,8.87500000e-01,-4.62500000e-02,-7.42187500e-02
5.66240000e-07,1.21875000e+00,1.03750000e+00,-3.75000000e-03,-1.39843750e-01
5.66560000e-07,1.11875000e+00,1.00000000e+00,-3.62500000e-02,-1.36718750e-01
5.66880000e-07,1.03125000e+00,1.07500000e+00,-2.62500000e-02,-1.77343750e-01
5.67200000e-07,1.28125000e+00,1.08750000e+00,-3.87500000e-02,-7.34375000e-02
5.67520000e-07,1.18125000e+00,9.87500000e-01,-6.37500000e-02,-9.53125000e-02
5.67840000e-07,1.16875000e+00,9.87500000e-01,-5.81250000e-02,-9.92187500e-02
5.68160000e-07,1.15625000e+00,1.16250000e+00,-1.62500000e-02,-8.67187500e-02
5.68480000e-07,1.11875000e+00,8.75000000e-01,-1.25000000e-02,-8.20312500e-02
5.68800000e-07,1.14687500e+00,1.05000000e+00,-4.12500000e-02,-5.00000000e-02
5.69120000e-07,1.38750000e+00,1.08750000e+00,-1.68750000e-02,-2.18750000e-02
5.69440000e-07,1.05625000e+00,1.05000000e+00,-5.00000000e-03,-7.26562500e-02
5.69760000e-07,1.08437500e+00,9.00000000e-01,-1.93750000e-02,-2.26562500e-02
5.70080000e-07,1.28437500e+00,1.03750000e+00,-9.37500000e-03,-1.71875000e-02
5.70400000e-07,1.32500000e+00,9.62500000e-01,-3.37500000e-02,-3.12500000e-03
5.70720000e-07,1.14375000e+00,1.16250000e+00,-4.87500000e-02,-2.96875000e-02
5.71040000e-07,1.25000000e+00,1.05000000e+00,-2.18750000e-02,6.25000000e-03
5.71360000e-07,1.36562500e+00,1.05000000e+00,3.12500000e-03,3.90625000e-03
5.71680000e-07,1.19375000e+00,1.00000000e+00,-2.62500000e-02,-7.10937500e-02
5.72000000e-07,1.04687500e+00,9.75000000e-01,-1.68750000e-02,-9.29687500e-02
5.72320000e-07,1.34062500e+00,1.02500000e+00,-2.93750000e-02,-1.18750000e-01
5.72640000e-07,1.22187500e+00,1.13750000e+00,-3.62500000e-02,-1.39062500e-01
5.72960000e-07,1.28125000e+00,1.00000000e+00,-1.43750000e-02,-1.03125000e-01
5.73280000e-07,1.11875000e+00,1.06250000e+00,-4.37500000e-03,-8.28125000e-02
5.73600000e-07,1.10000000e+00,8.75000000e-01,-3.37500000e-02,-6.32812500e-02
5.73920000e-07,1.36250000e+00,9.87500000e-01,-2.56250000e-02,-6.48437500e-02
5.74240000e-07,1.13125000e+00,1.22500000e+00,-9.37500000e-03,-4.68750000e-02
5.74560000e-07,1.17187500e+00,1.13750000e+00,-2.81250000e-02,-2.50000000e-02
5.74880000e-07,1.13125000e+00,9.50000000e-01,-3.31250000e-02,-4.68750000e-03
5.75200000e-07,1.16875000e+00,1.16250000e+00,-1.87500000e-03,3.35937500e-02
5.75520000e-07,1.04375000e+00,8.87500000e-01,-1.93750000e-02,-5.46875000e-02
5.75840000e-07,1.06875000e+00,1.07500000e+00,-4.12500000e-02,-1.20312500e-01
5.76160000e-07,1.13125000e+00,1.07500000e+00,-2.50000000e-02,-1.29687500e-01
5.76480000e-07,9.68750000e-01,1.11250000e+00,-1.62500000e-02,-6.01562500e-02
5.76800000e-07,1.13125000e+00,1.06250000e+00,-2.12500000e-02,1.87500000e-02
5.77120000e-07,1.14375000e+00,9.62500000e-01,-1.87500000e-03,-3.04687500e-02
5.77440000e-07,1.24375000e+00,9.87500000e-01,-1.68750000e-02,-8.51562500e-02
5.77760000e-07,1.16875000e+00,1.18750000e+00,-1.50000000e-02,-3.98437500e-02
5.78080000e-07,1.10625000e+00,9.75000000e-01,-4.12500000e-02,-7.81250000e-04
5.78400000e-07,1.09375000e+00,1.10000000e+00,-3.50000000e-02,-4.60937500e-02
5.78720000e-07,1.20625000e+00,1.05000000e+00,-1.12500000e-02,-1.10937500e-01
5.79040000e-07,1.24375000e+00,1.13750000e+00,-1.18750000e-02,-1.50781250e-01
5.79360000e-07,1.14375000e+00,9.87500000e-01,-4.87500000e-02,-6.95312500e-02
5.79680000e-07,1.05625000e+00,9.12500000e-01,-2.75000000e-02,-1.95312500e-02
5.80000000e-07,1.21875000e+00,1.07500000e+00,-1.87500000e-02,2.10937500e-02
5.80320000e-07,1.20625000e+00,1.12500000e+00,-2.81250000e-02,-7.10937500e-02
5.80640000e-07,1.13125000e+00,1.01250000e+00,-1.18750000e-02,-7.42187500e-02
5.80960000e-07,1.14375000e+00,1.18750000e+00,-2.50000000e-03,-1.48437500e-02
5.81280000e-07,1.11875000e+00,1.00000000e+00,-1.93750000e-02,-4.92187500e-02
5.81600000e-07,1.21875000e+00,1.00000000e+00,-3.12500000e-02,-1.70312500e-01
5.81920000e-07,1.16875000e+00,1.15000000e+00,-2.81250000e-02,-8.67187500e-02
5.82240000e-07,1.18125000e+00,1.10000000e+00,-9.37500000e-03,-1.01562500e-02
5.82560000e-07,1.19375000e+00,1.01250000e+00,-2.75000000e-02,-1.21875000e-01
5.82880000e-07,1.00625000e+00,1.05000000e+00,-1.25000000e-02,-1.02343750e-01
5.83200000e-07,1.15625000e+00,9.75000000e-01,-5.62500000e-02,-6.56250000e-02
5.83520000e-07,1.30000000e+00,1.03750000e+00,-2.81250000e-02,-1.02343750e-01
5.83840000e-07,1.08125000e+00,1.05000000e+00,-2.50000000e-02,-3.90625000e-02
5.84160000e-07,1.08125000e+00,1.02500000e+00,1.12500000e-02,-7.73437500e-02
5.84480000e-07,1.18125000e+00,1.01250000e+00,-1.43750000e-02,-7.96875000e-02
5.84800000e-07,1.16875000e+00,1.00000000e+00,-1.68750000e-02,-8.04687500e-02
5.85120000e-07,1.20625000e+00,1.08750000e+00,-4.37500000e-02,-4.45312500e-02
5.85440000e-07,1.32500000e+00,1.21250000e+00,-3.62500000e-02,-9.37500000e-02
5.85760000e-07,1.26875000e+00,1.00000000e+00,-2.56250000e-02,-1.10937500e-01
5.86080000e-07,1.15625000e+00,1.06250000e+00,1.12500000e-02,-1.21093750e-01
5.86400000e-07,1.18125000e+00,9.75000000e-01,-2.18750000e-02,-1.66406250e-01
5.86720000e-07,1.16875000e+00,1.01250000e+00,-4.12500000e-02,-1.20312500e-01
5.87040000e-07,1.23125000e+00,1.11250000e+00,-3.81250000e-02,-1.03906250e-01
5.87360000e-07,1.13125000e+00,1.12500000e+00,-2.12500000e-02,-4.60937500e-02
5.87680000e-07,1.10625000e+00,1.05000000e+00,-2.18750000e-02,-4.68750000e-02
5.88000000e-07,1.21875000e+00,1.07500000e+00,-6.87500000e-03,-6.95312500e-02
5.88320000e-07,1.23125000e+00,1.15000000e+00,5.62500000e-03,-9.53125000e-02
5.88640000e-07,1.13125000e+00,1.18750000e+00,-4.62500000e-02,-1.66406250e-01
5.88960000e-07,1.13125000e+00,1.08750000e+00,-3.12500000e-02,-9.68750000e-02
5.89280000e-07,1.10625000e+00,1.07500000e+00,-5.37500000e-02,-9.29687500e-02
5.89600000e-07,1.31562500e+00,1.11250000e+00,-3.25000000e-02,-1.30468750e-01
5.89920000e-07,1.21875000e+00,1.00000000e+00,3.75000000e-03,-5.78125000e-02
5.90240000e-07,1.06875000e+00,1.05000000e+00,-3.81250000e-02,-5.31250000e-02
5.90560000e-07,1.12187500e+00,1.07500000e+00,-9.37500000e-03,-1.77343750e-01
5.90880000e-07,1.20625000e+00,1.08750000e+00,-7.50000000e-03,-7.73437500e-02
5.91200000e-07,1.11875000e+00,1.02500000e+00,-1.00000000e-02,1.56250000e-02
5.91520000e-07,1.20625000e+00,9.50000000e-01,-3.37500000e-02,-1.17968750e-01
5.91840000e-07,1.08125000e+00,9.87500000e-01,-3.00000000e-02,-1.11718750e-01
5.92160000e-07,1.16875000e+00,1.03750000e+00,8.75000000e-03,-1.48437500e-02
5.92480000e-07,1.09375000e+00,1.15000000e+00,1.25000000e-03,-8.04687500e-02
5.92800000e-07,1.13125000e+00,1.07500000e+00,-7.50000000e-03,-1.12500000e-01
5.93120000e-07,1.09375000e+00,1.21250000e+00,-2.56250000e-02,-1.27343750e-01
5.93440000e-07,1.14375000e+00,8.87500000e-01,-1.68750000e-02,-7.18750000e-02
5.93760000e-07,1.23125000e+00,1.06250000e+00,-2.56250000e-02,-2.18750000e-02
5.94080000e-07,1.13125000e+00,1.03750000e+00,-3.31250000e-02,-4.53125000e-02
5.94400000e-07,9.81250000e-01,9.12500000e-01,-2.12500000e-02,-1.17187500e-01
5.94720000e-07,1.03125000e+00,1.06250000e+00,-2.50000000e-03,-1.45312500e-01
5.95040000e-07,1.15625000e+00,1.08750000e+00,-3.81250000e-02,-1.08593750e-01
5.95360000e-07,1.34062500e+00,1.03750000e+00,-1.93750000e-02,-1.40625000e-01
5.95680000e-07,1.23125000e+00,1.13750000e+00,-3.06250000e-02,-1.23437500e-01
5.96000000e-07,1.09375000e+00,1.02500000e+00,-2.56250000e-02,-1.49218750e-01
5.96320000e-07,1.31875000e+00,1.00000000e+00,-4.00000000e-02,-1.78125000e-01
5.96640000e-07,1.28125000e+00,9.87500000e-01,-2.18750000e-02,-7.42187500e-02
5.96960000e-07,1.14375000e+00,9.75000000e-01,-4.31250000e-02,-1.87500000e-02
5.97280000e-07,1.19687500e+00,1.03750000e+00,-1.62500000e-02,-9.06250000e-02
5.97600000e-07,1.31250000e+00,1.02500000e+00,-6.87500000e-03,-1.14843750e-01
5.97920000e-07,1.16875000e+00,1.07500000e+00,-4.37500000e-03,-7.03125000e-02
5.98240000e-07,1.19375000e+00,1.00000000e+00,-2.18750000e-02,-4.29687500e-02
5.98560000e-07,1.21875000e+00,9.75000000e-01,-9.37500000e-03,-8.82812500e-02
5.98880000e-07,1.21875000e+00,1.13750000e+00,8.12500000e-03,-1.42187500e-01
5.99200000e-07,1.20625000e+00,1.20000000e+00,-2.56250000e-02,-1.49218750e-01
5.99520000e-07,9.93750000e-01,1.10000000e+00,6.25000000e-04,-1.27343750e-01
5.99840000e-07,1.09375000e+00,1.11250000e+00,-3.62500000e-02,-1.77343750e-01
6.00160000e-07,1.20625000e+00,1.13750000e+00,-2.87500000e-02,-1.28906250e-01
6.00480000e-07,1.15625000e+00,9.25000000e-01,-4.12500000e-02,-3.51562500e-02
6.00800000e-07,1.19375000e+00,1.03750000e+00,-3.56250000e-02,-8.12500000e-02
6.01120000e-07,1.09375000e+00,9.25000000e-01,-3.31250000e-02,-1.11718750e-01
6.01440000e-07,9.93750000e-01,1.15000000e+00,-3.31250000e-02,-8.20312500e-02
6.01760000e-07,1.18125000e+00,1.07500000e+00,-4.56250000e-02,-7.57812500e-02
6.02080000e-07,1.13125000e+00,1.00000000e+00,-3.81250000e-02,-2.81250000e-02
6.02400000e-07,1.19375000e+00,1.02500000e+00,-1.62500000e-02,-8.82812500e-02
6.02720000e-07,1.21875000e+00,1.10000000e+00,-1.25000000e-02,-1.90625000e-01
6.03040000e-07,1.05625000e+00,9.87500000e-01,-5.12500000e-02,-2.41406250e-01
6.03360000e-07,1.13125000e+00,1.06250000e+00,-1.25000000e-03,-3.08593750e-01
6.03680000e-07,1.14375000e+00,1.10000000e+00,-1.68750000e-02,-1.79687500e-01
6.04000000e-07,1.11875000e+00,1.13750000e+00,-1.50000000e-02,-5.54687500e-02
6.04320000e-07,1.15625000e+00,9.87500000e-01,-4.37500000e-02,-2.34375000e-03
6.04640000e-07,1.15625000e+00,9.62500000e-01,-2.12500000e-02,-1.25000000e-02
6.04960000e-07,1.16875000e+00,9.50000000e-01,8.12500000e-03,-8.04687500e-02
6.05280000e-07,1.15625000e+00,1.12500000e+00,3.12500000e-03,-1.16406250e-01
6.05600000e-07,1.10625000e+00,9.87500000e-01,-5.12500000e-02,-6.25000000e-02
6.05920000e-07,1.20625000e+00,1.11250000e+00,-1.93750000e-02,-1.32812500e-01
6.06240000e-07,1.26875000e+00,1.10000000e+00,-2.06250000e-02,-8.82812500e-02
6.06560000e-07,1.20625000e+00,1.08750000e+00,-1.43750000e-02,-7.50000000e-02
6.06880000e-07,1.13125000e+00,1.01250000e+00,-3.12500000e-02,-9.60937500e-02
6.07200000e-07,1.09375000e+00,1.13750000e+00,-4.12500000e-02,-1.03125000e-01
6.07520000e-07,1.14375000e+00,1.13750000e+00,-2.00000000e-02,-1.42968750e-01
6.07840000e-07,1.16875000e+00,1.00000000e+00,-2.81250000e-02,-1.10937500e-01
6.08160000e-07,1.20625000e+00,1.05000000e+00,-2.81250000e-02,-1.45312500e-01
6.08480000e-07,1.14375000e+00,1.08750000e+00,-1.37500000e-02,-1.50000000e-01
6.08800000e-07,1.15625000e+00,1.05000000e+00,-2.00000000e-02,-1.82812500e-01
6.09120000e-07,1.06875000e+00,1.21250000e+00,6.25000000e-04,-2.15625000e-01
6.09440000e-07,1.20625000e+00,1.00000000e+00,-3.37500000e-02,-1.53125000e-01
6.09760000e-07,1.11875000e+00,1.07500000e+00,-3.31250000e-02,-3.90625000e-02
6.10080000e-07,1.15625000e+00,1.03750000e+00,-3.12500000e-02,-2.57812500e-02
6.10400000e-07,1.19375000e+00,9.37500000e-01,-3.50000000e-02,-5.15625000e-02
6.10720000e-07,1.20625000e+00,1.08750000e+00,-1.87500000e-03,-1.71875000e-02
6.11040000e-07,1.21875000e+00,1.16250000e+00,-1.87500000e-02,-2.57812500e-02
6.11360000e-07,1.16875000e+00,8.62500000e-01,2.81250000e-02,-9.68750000e-02
6.11680000e-07,1.06875000e+00,1.12500000e+00,-2.87500000e-02,-6.09375000e-02
6.12000000e-07,1.24687500e+00,1.07500000e+00,-1.93750000e-02,-8.12500000e-02
6.12320000e-07,1.25625000e+00,1.11250000e+00,-4.43750000e-02,-6.56250000e-02
6.12640000e-07,1.21875000e+00,1.11250000e+00,-2.81250000e-02,-1.23437500e-01
6.12960000e-07,1.05937500e+00,1.03750000e+00,-3.12500000e-02,-1.78125000e-01
6.13280000e-07,1.11875000e+00,1.11250000e+00,-3.56250000e-02,-1.21093750e-01
6.13600000e-07,1.19375000e+00,1.11250000e+00,-1.68750000e-02,-9.92187500e-02
6.13920000e-07,1.16875000e+00,1.11250000e+00,-2.56250000e-02,-7.18750000e-02
6.14240000e-07,1.09375000e+00,1.21250000e+00,-2.62500000e-02,-8.59375000e-02
6.14560000e-07,1.14375000e+00,9.37500000e-01,-3.06250000e-02,-6.71875000e-02
6.14880000e-07,1.14375000e+00,1.10000000e+00,6.25000000e-04,-1.09375000e-02
6.15200000e-07,1.19375000e+00,9.62500000e-01,-5.31250000e-02,-4.29687500e-02
6.15520000e-07,1.19375000e+00,1.06250000e+00,-3.31250000e-02,-5.70312500e-02
6.15840000e-07,1.25625000e+00,9.75000000e-01,-2.56250000e-02,-1.07812500e-01
6.16160000e-07,1.15625000e+00,1.02500000e+00,8.75000000e-03,-1.47656250e-01
6.16480000e-07,1.13125000e+00,8.62500000e-01,-7.50000000e-03,-1.04687500e-01
6.16800000e-07,1.06875000e+00,9.62500000e-01,-2.81250000e-02,-7.34375000e-02
6.17120000e-07,1.09375000e+00,1.08750000e+00,-3.06250000e-02,-7.50000000e-02
6.17440000e-07,1.13125000e+00,1.15000000e+00,-1.87500000e-02,-1.06250000e-01
6.17760000e-07,1.18125000e+00,9.87500000e-01,-1.00000000e-02,-4.76562500e-02
6.18080000e-07,1.01875000e+00,9.50000000e-01,-2.62500000e-02,-6.71875000e-02
6.18400000e-07,1.23125000e+00,1.11250000e+00,-3.81250000e-02,-1.07031250e-01
6.18720000e-07,1.18125000e+00,1.18750000e+00,-1.75000000e-02,-2.22656250e-01
6.19040000e-07,1.19375000e+00,9.12500000e-01,-3.06250000e-02,-2.01562500e-01
6.19360000e-07,1.05625000e+00,1.13750000e+00,-2.18750000e-02,-7.18750000e-02
6.19680000e-07,1.09375000e+00,8.75000000e-01,-1.43750000e-02,-8.12500000e-02
6.20000000e-07,1.09375000e+00,1.06250000e+00,-1.68750000e-02,-1.13281250e-01
6.20320000e-07,1.19375000e+00,1.10000000e+00,2.56250000e-02,-1.32812500e-01
6.20640000e-07,1.08125000e+00,1.05000000e+00,-4.37500000e-03,-1.37500000e-01
6.20960000e-07,1.16875000e+00,8.87500000e-01,-2.62500000e-02,-1.75000000e-01
6.21280000e-07,1.20625000e+00,1.01250000e+00,-1.68750000e-02,-1.14062500e-01
6.21600000e-07,1.23125000e+00,1.00000000e+00,-1.00000000e-02,-7.26562500e-02
6.21920000e-07,1.18125000e+00,1.10000000e+00,-2.00000000e-02,-4.06250000e-02
6.22240000e-07,1.23125000e+00,1.05000000e+00,-3.37500000e-02,-5.23437500e-02
6.22560000e-07,1.05625000e+00,9.87500000e-01,-3.81250000e-02,-6.79687500e-02
6.22880000e-07,1.03125000e+00,1.08750000e+00,-1.37500000e-02,-1.23437500e-01
6.23200000e-07,1.13125000e+00,1.15000000e+00,-6.87500000e-03,-1.39843750e-01
6.23520000e-07,1.09375000e+00,1.03750000e+00,-3.37500000e-02,-1.44531250e-01
6.23840000e-07,1.16875000e+00,1.15000000e+00,-2.87500000e-02,-2.06250000e-01
6.24160000e-07,1.23125000e+00,1.05000000e+00,-2.87500000e-02,-1.46875000e-01
6.24480000e-07,1.19375000e+00,1.00000000e+00,-1.87500000e-02,-1.17187500e-01
6.24800000e-07,1.14375000e+00,9.25000000e-01,-1.75000000e-02,-2.07031250e-01
6.25120000e-07,1.10625000e+00,1.06250000e+00,-4.37500000e-02,-1.13281250e-01
6.25440000e-07,1.25625000e+00,1.12500000e+00,-2.12500000e-02,-1.00000000e-01
6.25760000e-07,1.13125000e+00,1.11250000e+00,-1.18750000e-02,-7.65625000e-02
6.26080000e-07,1.14375000e+00,9.75000000e-01,3.12500000e-03,-3.90625000e-02
6.26400000e-07,1.13125000e+00,1.11250000e+00,8.12500000e-03,-7.73437500e-02
6.26720000e-07,1.25625000e+00,1.03750000e+00,-2.56250000e-02,-7.50000000e-02
6.27040000e-07,1.19375000e+00,1.06250000e+00,1.06250000e-02,-1.02343750e-01
6.27360000e-07,1.13125000e+00,9.87500000e-01,-4.37500000e-03,-7.73437500e-02
6.27680000e-07,1.24375000e+00,1.05000000e+00,-1.93750000e-02,-5.00000000e-02
6.28000000e-07,1.16875000e+00,9.00000000e-01,-1.18750000e-02,-1.35156250e-01
6.28320000e-07,1.24687500e+00,1.03750000e+00,-3.06250000e-02,-1.58593750e-01
6.28640000e-07,1.28125000e+00,1.02500000e+00,-2.18750000e-02,-9.21875000e-02
6.28960000e-07,1.01875000e+00,1.06250000e+00,-1.87500000e-03,-1.07812500e-01
6.29280000e-07,1.07187500e+00,9.37500000e-01,-4.37500000e-02,-1.02343750e-01
6.29600000e-07,1.09375000e+00,8.87500000e-01,-1.00000000e-02,-7.96875000e-02
6.29920000e-07,1.15625000e+00,9.00000000e-01,-3.37500000e-02,1.17187500e-02
6.30240000e-07,1.09375000e+00,9.75000000e-01,8.75000000e-03,-3.75000000e-02
6.30560000e-07,1.04375000e+00,1.07500000e+00,2.62500000e-02,-9.68750000e-02
6.30880000e-07,1.10625000e+00,1.01250000e+00,-5.00000000e-03,-9.29687500e-02
6.31200000e-07,1.19375000e+00,9.37500000e-01,-6.12500000e-02,-6.71875000e-02
6.31520000e-07,1.13125000e+00,1.03750000e+00,-1.62500000e-02,-7.81250000e-04
6.31840000e-07,1.10625000e+00,1.05000000e+00,3.12500000e-03,7.81250000e-04
6.32160000e-07,8.93750000e-01,9.25000000e-01,-1.93750000e-02,-7.18750000e-02
6.32480000e-07,1.01875000e+00,9.87500000e-01,-2.87500000e-02,-6.09375000e-02
6.32800000e-07,1.13125000e+00,1.06250000e+00,-4.81250000e-02,-6.48437500e-02
6.33120000e-07,1.23125000e+00,1.08750000e+00,-1.87500000e-03,-1.35156250e-01
6.33440000e-07,9.43750000e-01,1.07500000e+00,-2.81250000e-02,-1.70312500e-01
6.33760000e-07,1.14375000e+00,1.12500000e+00,-3.06250000e-02,-1.14062500e-01
6.34080000e-07,1.11875000e+00,1.13750000e+00,1.56250000e-02,-9.68750000e-02
6.34400000e-07,1.13125000e+00,1.05000000e+00,-1.68750000e-02,-5.85937500e-02
6.34720000e-07,1.15625000e+00,1.02500000e+00,-1.43750000e-02,-1.56250000e-02
6.35040000e-07,1.04375000e+00,9.62500000e-01,2.56250000e-02,5.70312500e-02
6.35360000e-07,9.93750000e-01,1.02500000e+00,-7.50000000e-03,1.00000000e-01
6.35680000e-07,1.16875000e+00,1.02500000e+00,-2.56250000e-02,-6.25000000e-03
6.36000000e-07,1.09375000e+00,1.00000000e+00,-1.25000000e-03,0.00000000e+00
6.36320000e-07,1.20625000e+00,9.75000000e-01,-1.62500000e-02,-1.79687500e-02
6.36640000e-07,1.14375000e+00,1.07500000e+00,-4.37500000e-02,-6.17187500e-02
6.36960000e-07,1.18125000e+00,1.00000000e+00,-2.81250000e-02,9.37500000e-03
6.37280000e-07,1.05625000e+00,1.07500000e+00,-2.62500000e-02,-9.68750000e-02
6.37600000e-07,1.18125000e+00,1.00000000e+00,-3.25000000e-02,-1.10937500e-01
6.37920000e-07,1.08125000e+00,1.08750000e+00,-1.75000000e-02,-2.03125000e-02
6.38240000e-07,1.23125000e+00,1.11250000e+00,-4.56250000e-02,-2.03125000e-02
6.38560000e-07,1.15625000e+00,1.00000000e+00,-1.37500000e-02,-1.64062500e-02
6.38880000e-07,1.14375000e+00,1.13750000e+00,-4.37500000e-03,-3.75000000e-02
6.39200000e-07,1.11875000e+00,1.16250000e+00,-2.00000000e-02,-8.90625000e-02
6.39520000e-07,1.25625000e+00,1.02500000e+00,-3.62500000e-02,-9.37500000e-02
6.39840000e-07,1.14375000e+00,1.07500000e+00,-3.56250000e-02,-1.26562500e-01
6.40160000e-07,1.08125000e+00,9.25000000e-01,-2.75000000e-02,-7.65625000e-02
6.40480000e-07,1.15625000e+00,1.05000000e+00,-1.25000000e-03,2.50000000e-02
6.40800000e-07,1.05625000e+00,1.15000000e+00,-9.37500000e-03,1.71875000e-02
6.41120000e-07,1.13125000e+00,1.07500000e+00,-2.81250000e-02,-5.78125000e-02
6.41440000e-07,1.15625000e+00,1.17500000e+00,-1.87500000e-02,-1.46875000e-01
6.41760000e-07,1.15937500e+00,1.07500000e+00,-6.25000000e-03,-1.42187500e-01
6.42080000e-07,1.40000000e+00,9.12500000e-01,-1.68750000e-02,-1.06250000e-01
6.42400000e-07,9.93750000e-01,1.11250000e+00,-2.25000000e-02,-9.14062500e-02
6.42720000e-07,1.10937500e+00,1.13750000e+00,-3.12500000e-02,-6.79687500e-02
6.43040000e-07,1.16875000e+00,1.02500000e+00,-4.81250000e-02,-2.73437500e-02
6.43360000e-07,1.24375000e+00,1.01250000e+00,-1.37500000e-02,2.03125000e-02
6.43680000e-07,1.11875000e+00,1.10000000e+00,-2.00000000e-02,-1.95312500e-02
6.44000000e-07,1.21875000e+00,1.06250000e+00,-4.37500000e-03,-2.96875000e-02
6.44320000e-07,1.15625000e+00,1.01250000e+00,-1.00000000e-02,7.81250000e-04
6.44640000e-07,1.14375000e+00,8.75000000e-01,-3.81250000e-02,-4.21875000e-02
6.44960000e-07,1.11875000e+00,1.07500000e+00,-6.25000000e-03,-8.43750000e-02
6.45280000e-07,1.21875000e+00,1.02500000e+00,-2.12500000e-02,-2.65625000e-02
6.45600000e-07,1.10625000e+00,1.07500000e+00,-1.18750000e-02,3.75000000e-02
6.45920000e-07,1.13125000e+00,1.02500000e+00,-1.50000000e-02,-1.64062500e-02
6.46240000e-07,1.16875000e+00,1.07500000e+00,-1.68750000e-02,-1.59375000e-01
6.46560000e-07,1.23125000e+00,1.16250000e+00,6.25000000e-04,-1.37500000e-01
6.46880000e-07,1.31250000e+00,1.00000000e+00,-9.37500000e-03,4.68750000e-03
6.47200000e-07,1.20625000e+00,9.75000000e-01,-1.18750000e-02,7.81250000e-02
6.47520000e-07,1.15625000e+00,1.08750000e+00,-2.62500000e-02,-5.23437500e-02
6.47840000e-07,1.18125000e+00,1.06250000e+00,-4.37500000e-02,-1.80468750e-01
6.48160000e-07,1.16875000e+00,1.00000000e+00,-1.18750000e-02,-1.67187500e-01
6.48480000e-07,1.15625000e+00,1.06250000e+00,-1.18750000e-02,-4.53125000e-02
6.48800000e-07,1.04375000e+00,1.01250000e+00,-1.68750000e-02,-7.81250000e-03
6.49120000e-07,1.16875000e+00,1.08750000e+00,-2.81250000e-02,-5.46875000e-03
6.49440000e-07,1.01875000e+00,1.12500000e+00,-1.93750000e-02,-2.65625000e-02
6.49760000e-07,1.10625000e+00,1.08750000e+00,-9.37500000e-03,-9.92187500e-02
6.50080000e-07,1.18125000e+00,1.21250000e+00,-3.37500000e-02,-1.32031250e-01
6.50400000e-07,1.08125000e+00,9.75000000e-01,-5.87500000e-02,-6.56250000e-02
6.50720000e-07,1.00625000e+00,1.01250000e+00,-3.37500000e-02,-7.18750000e-02
6.51040000e-07,1.23125000e+00,1.02500000e+00,-3.56250000e-02,-5.93750000e-02
6.51360000e-07,1.19375000e+00,1.07500000e+00,-6.25000000e-03,5.93750000e-02
6.51680000e-07,1.23125000e+00,1.03750000e+00,-4.37500000e-03,2.10937500e-02
6.52000000e-07,1.19375000e+00,1.01250000e+00,-1.25000000e-02,-5.93750000e-02
6.52320000e-07,1.14375000e+00,1.02500000e+00,-3.06250000e-02,-7.18750000e-02
6.52640000e-07,1.08125000e+00,1.13750000e+00,-2.18750000e-02,-4.06250000e-02
6.52960000e-07,1.08125000e+00,9.75000000e-01,-3.00000000e-02,-4.84375000e-02
6.53280000e-07,1.13125000e+00,1.11250000e+00,-3.75000000e-03,-6.64062500e-02
6.53600000e-07,1.13125000e+00,9.12500000e-01,-8.75000000e-03,-1.35156250e-01
6.53920000e-07,1.15625000e+00,9.37500000e-01,-6.87500000e-03,-1.64062500e-01
6.54240000e-07,1.11875000e+00,1.03750000e+00,-2.00000000e-02,-8.82812500e-02
6.54560000e-07,1.23125000e+00,9.87500000e-01,-4.37500000e-02,-7.26562500e-02
6.54880000e-07,1.14375000e+00,1.00000000e+00,-4.56250000e-02,-6.48437500e-02
6.55200000e-07,1.21875000e+00,1.05000000e+00,-1.25000000e-03,-1.16406250e-01
6.55520000e-07,1.15625000e+00,1.08750000e+00,-1.87500000e-03,-1.22656250e-01
6.55840000e-07,1.10625000e+00,9.75000000e-01,-1.50000000e-02,-1.41406250e-01
6.56160000e-07,1.05625000e+00,1.09062500e+00,-2.62500000e-02,-5.31250000e-02
6.56480000e-07,1.11875000e+00,1.20000000e+00,-2.18750000e-02,1.40625000e-02
6.56800000e-07,1.21875000e+00,9.37500000e-01,-3.56250000e-02,-7.81250000e-03
6.57120000e-07,1.14375000e+00,1.16250000e+00,-1.87500000e-02,-5.78125000e-02
6.57440000e-07,1.23125000e+00,9.12500000e-01,1.25000000e-03,8.59375000e-03
6.57760000e-07,9.43750000e-01,1.02500000e+00,-1.25000000e-02,-8.20312500e-02
6.58080000e-07,1.13125000e+00,1.00000000e+00,-5.87500000e-02,-1.73437500e-01
6.58400000e-07,1.09375000e+00,9.75000000e-01,-1.87500000e-02,-1.50000000e-01
6.58720000e-07,1.23125000e+00,1.10000000e+00,-1.43750000e-02,-1.25000000e-01
6.59040000e-07,1.21875000e+00,9.87500000e-01,-6.87500000e-03,-1.39843750e-01
6.59360000e-07,1.16875000e+00,1.10000000e+00,-3.62500000e-02,-1.25781250e-01
6.59680000e-07,1.15625000e+00,1.10000000e+00,-6.87500000e-03,-9.53125000e-02
6.60000000e-07,1.19375000e+00,1.02500000e+00,-1.25000000e-02,-1.16406250e-01
6.60320000e-07,1.10625000e+00,1.02500000e+00,1.81250000e-02,-1.34375000e-01
6.60640000e-07,1.13125000e+00,1.03750000e+00,-4.37500000e-02,-1.25781250e-01
6.60960000e-07,1.23125000e+00,1.03750000e+00,-4.37500000e-03,-5.70312500e-02
6.61280000e-07,1.21875000e+00,1.22500000e+00,-4.43750000e-02,-3.12500000e-03
6.61600000e-07,1.05625000e+00,1.12500000e+00,-1.68750000e-02,-4.21875000e-02
6.61920000e-07,1.14375000e+00,1.10000000e+00,1.00000000e-02,-5.31250000e-02
6.62240000e-07,1.16875000e+00,1.13750000e+00,-5.62500000e-02,-6.87500000e-02
6.62560000e-07,1.25625000e+00,8.62500000e-01,-2.56250000e-02,-6.71875000e-02
6.62880000e-07,1.11875000e+00,1.05000000e+00,-2.00000000e-02,-4.06250000e-02
6.63200000e-07,1.11875000e+00,9.62500000e-01,-2.12500000e-02,8.59375000e-03
6.63520000e-07,1.04375000e+00,1.12500000e+00,-1.50000000e-02,-1.71875000e-02
6.63840000e-07,1.09375000e+00,1.12500000e+00,-3.31250000e-02,1.56250000e-02
6.64160000e-07,1.10625000e+00,1.03750000e+00,-3.75000000e-03,-9.45312500e-02
6.64480000e-07,1.25625000e+00,8.75000000e-01,-2.56250000e-02,-1.87500000e-01
6.64800000e-07,1.24375000e+00,9.87500000e-01,-1.43750000e-02,-1.89062500e-01
6.65120000e-07,1.19375000e+00,1.07500000e+00,-3.93750000e-02,-1.19531250e-01
6.65440000e-07,1.10625000e+00,1.16250000e+00,-1.93750000e-02,-9.06250000e-02
6.65760000e-07,1.08125000e+00,1.06250000e+00,-3.68750000e-02,-1.11718750e-01
6.66080000e-07,1.05625000e+00,1.01250000e+00,-2.81250000e-02,-9.45312500e-02
6.66400000e-07,1.14375000e+00,1.03750000e+00,-2.18750000e-02,-4.45312500e-02
6.66720000e-07,1.23125000e+00,1.03750000e+00,-1.12500000e-02,-1.95312500e-02
6.67040000e-07,1.20625000e+00,1.06250000e+00,-1.00000000e-02,-1.71875000e-02
6.67360000e-07,1.16875000e+00,1.11250000e+00,-1.93750000e-02,-5.54687500e-02
6.67680000e-07,1.09375000e+00,1.03750000e+00,-1.50000000e-02,-1.32031250e-01
6.68000000e-07,8.68750000e-01,1.00000000e+00,-3.06250000e-02,-1.06250000e-01
6.68320000e-07,1.09375000e+00,1.01250000e+00,-2.56250000e-02,-6.25000000e-02
6.68640000e-07,1.01875000e+00,1.06250000e+00,-3.50000000e-02,-5.62500000e-02
6.68960000e-07,1.18125000e+00,1.06250000e+00,-1.43750000e-02,-2.96875000e-02
6.69280000e-07,1.06875000e+00,1.15000000e+00,-2.81250000e-02,-4.29687500e-02
6.69600000e-07,1.19375000e+00,1.03750000e+00,-5.12500000e-02,-5.85937500e-02
6.69920000e-07,1.19375000e+00,1.07500000e+00,-1.68750000e-02,-6.32812500e-02
6.70240000e-07,1.16875000e+00,1.02500000e+00,-2.00000000e-02,-8.35937500e-02
6.70560000e-07,1.09375000e+00,1.08750000e+00,-1.68750000e-02,-1.05468750e-01
6.70880000e-07,1.10625000e+00,1.01250000e+00,6.25000000e-04,-5.46875000e-02
6.71200000e-07,1.15625000e+00,1.16250000e+00,-1.93750000e-02,-6.87500000e-02
6.71520000e-07,1.11875000e+00,9.12500000e-01,3.12500000e-03,-9.14062500e-02
6.71840000e-07,1.11875000e+00,9.37500000e-01,1.06250000e-02,-3.12500000e-03
6.72160000e-07,1.19375000e+00,1.16250000e+00,-4.37500000e-03,2.81250000e-02
6.72480000e-07,1.10625000e+00,1.11250000e+00,-3.12500000e-02,-1.32812500e-01
6.72800000e-07,1.11875000e+00,8.62500000e-01,-1.68750000e-02,-1.14062500e-01
6.73120000e-07,1.18125000e+00,1.05000000e+00,-1.06250000e-02,-1.32812500e-02
6.73440000e-07,1.23125000e+00,9.25000000e-01,-5.12500000e-02,-2.73437500e-02
6.73760000e-07,1.14375000e+00,1.00000000e+00,-1.87500000e-02,-3.12500000e-03
6.74080000e-07,1.18125000e+00,1.07500000e+00,-1.43750000e-02,-1.95312500e-02
6.74400000e-07,1.14375000e+00,1.01250000e+00,-4.37500000e-03,-7.81250000e-02
6.74720000e-07,1.16875000e+00,1.11250000e+00,-3.37500000e-02,-8.59375000e-02
6.75040000e-07,1.08125000e+00,1.01250000e+00,-2.87500000e-02,-9.21875000e-02
6.75360000e-07,1.19375000e+00,9.37500000e-01,-3.62500000e-02,-1.06250000e-01
6.75680000e-07,1.16875000e+00,1.11250000e+00,-2.12500000e-02,-7.18750000e-02
6.76000000e-07,1.24375000e+00,1.00000000e+00,1.56250000e-02,-8.59375000e-03
6.76320000e-07,1.13125000e+00,9.87500000e-01,-9.37500000e-03,-2.34375000e-03
6.76640000e-07,1.23125000e+00,1.05000000e+00,-2.18750000e-02,-1.01562500e-02
6.76960000e-07,1.20625000e+00,1.07500000e+00,5.62500000e-03,-2.96875000e-02
6.77280000e-07,1.10625000e+00,1.06250000e+00,-1.93750000e-02,-2.96875000e-02
6.77600000e-07,1.10625000e+00,1.05000000e+00,-2.25000000e-02,2.03125000e-02
6.77920000e-07,1.09375000e+00,8.75000000e-01,-4.06250000e-02,-3.59375000e-02
6.78240000e-07,1.11875000e+00,1.03750000e+00,6.25000000e-03,5.46875000e-03
6.78560000e-07,1.13125000e+00,9.87500000e-01,-6.25000000e-03,-4.84375000e-02
6.78880000e-07,1.06875000e+00,1.03750000e+00,-9.37500000e-03,-9.29687500e-02
6.79200000e-07,1.20625000e+00,9.25000000e-01,2.50000000e-03,2.34375000e-02
6.79520000e-07,1.23437500e+00,1.12500000e+00,-4.37500000e-02,5.39062500e-02
6.79840000e-07,1.30000000e+00,1.12500000e+00,-3.06250000e-02,-6.64062500e-02
6.80160000e-07,1.05625000e+00,1.12500000e+00,-2.75000000e-02,-1.39843750e-01
6.80480000e-07,1.13437500e+00,9.12500000e-01,-1.37500000e-02,-6.25000000e-02
6.80800000e-07,1.13125000e+00,1.08750000e+00,-1.93750000e-02,-4.29687500e-02
6.81120000e-07,1.28125000e+00,1.06250000e+00,-3.12500000e-02,-5.78125000e-02
6.81440000e-07,1.15625000e+00,1.11250000e+00,-2.75000000e-02,1.87500000e-02
6.81760000e-07,1.31250000e+00,1.06250000e+00,-1.37500000e-02,-3.12500000e-03
6.82080000e-07,1.11875000e+00,1.03750000e+00,-1.12500000e-02,-3.51562500e-02
6.82400000e-07,1.18125000e+00,1.05000000e+00,-3.37500000e-02,-3.82812500e-02
6.82720000e-07,1.10625000e+00,1.17500000e+00,-3.12500000e-02,-3.51562500e-02
6.83040000e-07,1.15625000e+00,8.37500000e-01,-5.87500000e-02,-3.43750000e-02
6.83360000e-07,1.23125000e+00,1.10000000e+00,-2.12500000e-02,-3.43750000e-02
6.83680000e-07,1.10625000e+00,1.01250000e+00,-3.62500000e-02,-2.89062500e-02
6.84000000e-07,1.11875000e+00,1.10000000e+00,-3.06250000e-02,-7.03125000e-03
6.84320000e-07,1.16875000e+00,1.13750000e+00,-4.37500000e-03,-5.62500000e-02
6.84640000e-07,1.09375000e+00,1.11250000e+00,-2.56250000e-02,-7.18750000e-02
6.84960000e-07,1.11875000e+00,1.10000000e+00,-4.12500000e-02,-7.50000000e-02
6.85280000e-07,1.10625000e+00,9.87500000e-01,-2.56250000e-02,-6.95312500e-02
6.85600000e-07,1.13125000e+00,8.87500000e-01,-1.62500000e-02,-1.04687500e-01
6.85920000e-07,1.16875000e+00,1.08750000e+00,-1.43750000e-02,-1.71875000e-01
6.86240000e-07,1.08125000e+00,1.08750000e+00,-1.43750000e-02,-8.51562500e-02
6.86560000e-07,1.08125000e+00,1.13750000e+00,-1.93750000e-02,-1.17187500e-02
6.86880000e-07,1.08125000e+00,1.17500000e+00,-1.75000000e-02,-1.64062500e-02
6.87200000e-07,1.03125000e+00,1.02500000e+00,-2.56250000e-02,-3.67187500e-02
6.87520000e-07,1.18125000e+00,1.01250000e+00,-3.56250000e-02,1.01562500e-02
6.87840000e-07,1.20625000e+00,1.11250000e+00,-3.75000000e-03,1.40625000e-02
6.88160000e-07,1.04375000e+00,1.07500000e+00,-3.43750000e-02,-7.65625000e-02
6.88480000e-07,1.05625000e+00,1.01250000e+00,-2.87500000e-02,-5.93750000e-02
6.88800000e-07,1.20625000e+00,1.03750000e+00,-3.12500000e-02,-1.01562500e-01
6.89120000e-07,1.08125000e+00,1.08750000e+00,-3.31250000e-02,-1.39062500e-01
6.89440000e-07,1.16875000e+00,1.01250000e+00,-3.06250000e-02,-1.21875000e-01
6.89760000e-07,1.16875000e+00,1.11250000e+00,-4.00000000e-02,-1.21875000e-01
6.90080000e-07,1.26875000e+00,1.05000000e+00,-1.25000000e-03,-8.90625000e-02
6.90400000e-07,1.27187500e+00,1.10000000e+00,-8.75000000e-03,-1.32031250e-01
6.90720000e-07,1.28125000e+00,1.11250000e+00,-2.56250000e-02,-1.07031250e-01
6.91040000e-07,1.09375000e+00,1.12500000e+00,-2.18750000e-02,-1.77343750e-01
6.91360000e-07,1.10937500e+00,1.02500000e+00,-2.18750000e-02,-1.74218750e-01
6.91680000e-07,1.13125000e+00,1.15000000e+00,-3.62500000e-02,-5.62500000e-02
6.92000000e-07,1.20625000e+00,1.03750000e+00,-4.31250000e-02,-8.04687500e-02
6.92320000e-07,1.15625000e+00,9.87500000e-01,6.25000000e-04,-1.03125000e-01
6.92640000e-07,1.19375000e+00,1.02500000e+00,-2.81250000e-02,-1.14843750e-01
6.92960000e-07,1.19375000e+00,1.02500000e+00,-1.68750000e-02,-1.67968750e-01
6.93280000e-07,1.13125000e+00,9.75000000e-01,-5.00000000e-03,-1.11718750e-01
6.93600000e-07,1.23437500e+00,1.17500000e+00,-1.50000000e-02,-9.29687500e-02
6.93920000e-07,1.25625000e+00,1.10000000e+00,-3.37500000e-02,-1.56250000e-01
6.94240000e-07,1.14375000e+00,1.08750000e+00,-4.25000000e-02,-1.17968750e-01
6.94560000e-07,9.84375000e-01,1.06250000e+00,-1.68750000e-02,-6.48437500e-02
6.94880000e-07,1.11875000e+00,1.03750000e+00,-3.31250000e-02,-3.90625000e-03
6.95200000e-07,1.13125000e+00,1.08750000e+00,-2.12500000e-02,-7.81250000e-03
6.95520000e-07,1.11875000e+00,1.15000000e+00,-1.25000000e-02,-1.41406250e-01
6.95840000e-07,1.19375000e+00,8.37500000e-01,-1.93750000e-02,-1.54687500e-01
6.96160000e-07,1.31562500e+00,1.06250000e+00,-7.50000000e-03,-1.14062500e-01
6.96480000e-07,1.23125000e+00,1.12500000e+00,-3.87500000e-02,-4.53125000e-02
6.96800000e-07,1.01875000e+00,1.13750000e+00,-2.75000000e-02,-9.14062500e-02
6.97120000e-07,1.09687500e+00,1.10000000e+00,-1.25000000e-03,-1.71093750e-01
6.97440000e-07,1.36562500e+00,1.00000000e+00,-3.31250000e-02,-9.29687500e-02
6.97760000e-07,1.19375000e+00,1.05000000e+00,-4.31250000e-02,-1.07031250e-01
6.98080000e-07,1.14375000e+00,1.11250000e+00,-1.87500000e-03,-1.92187500e-01
6.98400000e-07,1.13437500e+00,1.00000000e+00,-2.81250000e-02,-9.60937500e-02
6.98720000e-07,1.20625000e+00,1.03750000e+00,-2.18750000e-02,-1.25000000e-02
6.99040000e-07,1.21875000e+00,1.05000000e+00,-2.06250000e-02,-7.73437500e-02
6.99360000e-07,1.14375000e+00,1.07500000e+00,-2.18750000e-02,-1.35156250e-01
6.99680000e-07,1.10625000e+00,1.10000000e+00,-1.68750000e-02,-1.07812500e-01
7.00000000e-07,1.18437500e+00,9.00000000e-01,6.25000000e-04,-1.64062500e-01
7.00320000e-07,1.26875000e+00,1.00000000e+00,-7.50000000e-03,-1.71875000e-01
7.00640000e-07,1.06875000e+00,9.00000000e-01,-4.62500000e-02,-6.95312500e-02
7.00960000e-07,1.13437500e+00,1.12500000e+00,-1.93750000e-02,-5.93750000e-02
7.01280000e-07,1.16875000e+00,1.08750000e+00,-4.37500000e-02,-9.29687500e-02
7.01600000e-07,1.03125000e+00,1.01250000e+00,-1.37500000e-02,-6.71875000e-02
7.01920000e-07,1.01875000e+00,1.13750000e+00,3.12500000e-03,-2.96875000e-02
7.02240000e-07,1.13125000e+00,9.75000000e-01,-4.62500000e-02,-6.56250000e-02
7.02560000e-07,1.15625000e+00,1.02500000e+00,-1.68750000e-02,-4.60937500e-02
7.02880000e-07,1.30000000e+00,1.11250000e+00,-7.50000000e-03,-3.12500000e-02
7.03200000e-07,1.18125000e+00,1.13750000e+00,3.12500000e-03,-4.53125000e-02
7.03520000e-07,1.20625000e+00,9.62500000e-01,-1.25000000e-02,-1.53906250e-01
7.03840000e-07,1.08125000e+00,1.01250000e+00,-3.12500000e-02,-1.60156250e-01
7.04160000e-07,1.20625000e+00,9.87500000e-01,-3.56250000e-02,-1.46875000e-01
7.04480000e-07,1.19375000e+00,1.01250000e+00,-2.50000000e-02,-1.46875000e-01
7.04800000e-07,1.18125000e+00,9.62500000e-01,-1.37500000e-02,-7.89062500e-02
7.05120000e-07,1.09375000e+00,1.02500000e+00,-1.37500000e-02,-5.39062500e-02
7.05440000e-07,1.14375000e+00,1.11250000e+00,-2.87500000e-02,-1.09375000e-01
7.05760000e-07,1.15625000e+00,1.03750000e+00,-2.81250000e-02,-9.06250000e-02
7.06080000e-07,1.26875000e+00,9.87500000e-01,-1.68750000e-02,-1.14062500e-01
7.06400000e-07,1.23125000e+00,1.12500000e+00,-1.93750000e-02,-1.07031250e-01
7.06720000e-07,1.09375000e+00,1.08750000e+00,-4.87500000e-02,-6.09375000e-02
7.07040000e-07,1.08125000e+00,1.13750000e+00,-3.00000000e-02,-1.21875000e-01
7.07360000e-07,1.13125000e+00,1.03750000e+00,-1.37500000e-02,-6.25000000e-02
7.07680000e-07,1.18125000e+00,9.75000000e-01,-1.37500000e-02,-1.56250000e-03
7.08000000e-07,1.19375000e+00,1.02500000e+00,-6.87500000e-03,-3.35937500e-02
7.08320000e-07,1.22187500e+00,1.23750000e+00,-1.43750000e-02,-8.90625000e-02
7.08640000e-07,1.28125000e+00,1.03750000e+00,6.25000000e-04,-1.10156250e-01
7.08960000e-07,1.13125000e+00,9.87500000e-01,-3.12500000e-02,-1.25781250e-01
7.09280000e-07,1.19687500e+00,1.21250000e+00,-5.06250000e-02,-4.60937500e-02
7.09600000e-07,1.18125000e+00,1.10000000e+00,-6.87500000e-03,-6.32812500e-02
7.09920000e-07,1.30312500e+00,1.03750000e+00,1.12500000e-02,-7.34375000e-02
7.10240000e-07,1.15625000e+00,1.03750000e+00,1.31250000e-02,-7.57812500e-02
7.10560000e-07,1.10625000e+00,1.00000000e+00,-1.50000000e-02,-1.16406250e-01
7.10880000e-07,1.24687500e+00,1.22500000e+00,-1.93750000e-02,-1.59375000e-01
7.11200000e-07,1.23125000e+00,1.03750000e+00,1.81250000e-02,-1.20312500e-01
7.11520000e-07,1.10625000e+00,1.02500000e+00,2.50000000e-03,-1.26562500e-01
7.11840000e-07,1.04375000e+00,1.03750000e+00,-3.31250000e-02,-1.27343750e-01
7.12160000e-07,1.28125000e+00,1.18750000e+00,-1.37500000e-02,-3.28125000e-02
7.12480000e-07,1.18125000e+00,9.50000000e-01,1.25000000e-03,-7.26562500e-02
7.12800000e-07,1.15625000e+00,1.11250000e+00,6.25000000e-04,-1.46875000e-01
7.13120000e-07,1.32500000e+00,1.02500000e+00,-2.00000000e-02,-1.05468750e-01
7.13440000e-07,1.19375000e+00,1.05000000e+00,-3.62500000e-02,-1.66406250e-01
7.13760000e-07,1.18125000e+00,1.05000000e+00,-2.50000000e-02,-1.60937500e-01
7.14080000e-07,1.23125000e+00,1.08750000e+00,-2.18750000e-02,-5.85937500e-02
7.14400000e-07,1.11875000e+00,9.87500000e-01,-3.81250000e-02,-1.10937500e-01
7.14720000e-07,1.10625000e+00,9.75000000e-01,-1.37500000e-02,-1.08593750e-01
7.15040000e-07,1.16875000e+00,1.15000000e+00,1.56250000e-02,-1.20312500e-01
7.15360000e-07,1.13125000e+00,1.06250000e+00,-6.87500000e-03,-1.35156250e-01
7.15680000e-07,1.13125000e+00,9.62500000e-01,-1.68750000e-02,-1.09375000e-01
7.16000000e-07,1.18125000e+00,1.07500000e+00,-1.18750000e-02,-1.63281250e-01
7.16320000e-07,1.25625000e+00,1.08750000e+00,6.25000000e-04,-1.28906250e-01
7.16640000e-07,1.10625000e+00,1.10000000e+00,-2.18750000e-02,-1.26562500e-01
7.16960000e-07,1.00625000e+00,1.07500000e+00,-1.93750000e-02,-1.72656250e-01
7.17280000e-07,1.26875000e+00,1.17500000e+00,-6.87500000e-03,-1.15625000e-01
7.17600000e-07,1.20625000e+00,9.75000000e-01,-4.37500000e-03,-5.62500000e-02
7.17920000e-07,1.15625000e+00,1.01250000e+00,5.62500000e-03,-4.92187500e-02
7.18240000e-07,1.30000000e+00,1.05000000e+00,-2.18750000e-02,-7.03125000e-02
7.18560000e-07,1.15625000e+00,1.08750000e+00,-6.87500000e-03,-1.25781250e-01
7.18880000e-07,1.19375000e+00,1.12500000e+00,-3.62500000e-02,-1.32031250e-01
7.19200000e-07,1.28437500e+00,1.22500000e+00,-4.62500000e-02,-7.10937500e-02
7.19520000e-07,1.23125000e+00,1.00000000e+00,-2.18750000e-02,-4.14062500e-02
7.19840000e-07,1.05625000e+00,1.05000000e+00,-2.56250000e-02,-9.45312500e-02
7.20160000e-07,1.23437500e+00,1.03750000e+00,-2.50000000e-03,-1.14843750e-01
7.20480000e-07,1.10625000e+00,9.62500000e-01,-4.37500000e-02,-8.51562500e-02
7.20800000e-07,1.06875000e+00,1.07500000e+00,-3.31250000e-02,-1.10156250e-01
7.21120000e-07,1.14375000e+00,1.01250000e+00,-3.25000000e-02,-1.76562500e-01
7.21440000e-07,1.24375000e+00,9.25000000e-01,-2.50000000e-02,-1.35156250e-01
7.21760000e-07,1.19375000e+00,1.10000000e+00,-2.12500000e-02,-6.25000000e-02
7.22080000e-07,1.31250000e+00,1.05000000e+00,-1.43750000e-02,-1.32812500e-01
7.22400000e-07,1.16875000e+00,1.07500000e+00,-9.37500000e-03,-1.91406250e-01
7.22720000e-07,1.19375000e+00,1.12500000e+00,-9.37500000e-03,-9.53125000e-02
7.23040000e-07,1.11875000e+00,1.12500000e+00,-6.87500000e-03,-1.48437500e-02
7.23360000e-07,1.19375000e+00,1.01250000e+00,-9.37500000e-03,-3.04687500e-02
7.23680000e-07,1.18125000e+00,9.75000000e-01,3.12500000e-03,-6.95312500e-02
7.24000000e-07,1.09375000e+00,9.00000000e-01,-1.68750000e-02,-7.65625000e-02
7.24320000e-07,1.10625000e+00,9.75000000e-01,-1.93750000e-02,-8.67187500e-02
7.24640000e-07,1.21875000e+00,1.07500000e+00,-1.00000000e-02,-1.26562500e-01
7.24960000e-07,1.13125000e+00,1.05000000e+00,-3.62500000e-02,-7.10937500e-02
7.25280000e-07,1.05625000e+00,1.10000000e+00,-1.12500000e-02,-7.03125000e-03
7.25600000e-07,1.10625000e+00,1.06250000e+00,-6.87500000e-03,-4.06250000e-02
7.25920000e-07,1.14375000e+00,1.07500000e+00,-1.18750000e-02,-1.01562500e-02
7.26240000e-07,1.16875000e+00,1.15000000e+00,-1.87500000e-03,-7.10937500e-02
7.26560000e-07,1.08125000e+00,9.87500000e-01,-4.37500000e-02,-8.28125000e-02
7.26880000e-07,1.04375000e+00,1.20000000e+00,-3.06250000e-02,-1.70312500e-01
7.27200000e-07,1.03125000e+00,9.87500000e-01,-1.93750000e-02,-1.95312500e-01
7.27520000e-07,1.04375000e+00,9.62500000e-01,-1.37500000e-02,-1.37500000e-01
7.27840000e-07,1.20625000e+00,1.18750000e+00,-1.50000000e-02,-9.14062500e-02
7.28160000e-07,1.15625000e+00,1.18750000e+00,-2.18750000e-02,-1.17187500e-02
7.28480000e-07,1.15625000e+00,1.07500000e+00,-1.87500000e-03,1.40625000e-02
7.28800000e-07,1.06875000e+00,1.16250000e+00,-3.62500000e-02,-8.59375000e-03
7.29120000e-07,1.09375000e+00,1.03750000e+00,-4.31250000e-02,-1.04687500e-01
7.29440000e-07,1.26875000e+00,1.12500000e+00,-6.87500000e-03,-1.24218750e-01
7.29760000e-07,1.25625000e+00,9.37500000e-01,-2.18750000e-02,-1.41406250e-01
7.30080000e-07,1.16875000e+00,1.01250000e+00,-2.81250000e-02,-1.16406250e-01
7.30400000e-07,1.20625000e+00,1.08750000e+00,-2.12500000e-02,-5.46875000e-02
7.30720000e-07,1.19375000e+00,1.05000000e+00,-6.25000000e-03,-6.01562500e-02
7.31040000e-07,1.09375000e+00,1.00000000e+00,-4.12500000e-02,-9.53125000e-02
7.31360000e-07,1.13125000e+00,1.07500000e+00,-1.93750000e-02,-8.67187500e-02
7.31680000e-07,1.28125000e+00,9.75000000e-01,7.50000000e-03,-9.53125000e-02
7.32000000e-07,1.18125000e+00,1.10000000e+00,-2.50000000e-03,-1.67968750e-01
7.32320000e-07,1.06875000e+00,1.15000000e+00,-3.62500000e-02,-1.52343750e-01
7.32640000e-07,1.16875000e+00,1.07500000e+00,-4.31250000e-02,-1.53906250e-01
7.32960000e-07,1.36562500e+00,9.50000000e-01,-3.00000000e-02,-1.62500000e-01
7.33280000e-07,1.23125000e+00,1.13750000e+00,-2.56250000e-02,-3.04687500e-02
7.33600000e-07,1.16875000e+00,1.08750000e+00,-2.75000000e-02,4.68750000e-03
7.33920000e-07,1.18437500e+00,1.08750000e+00,-1.68750000e-02,-9.45312500e-02
7.34240000e-07,1.18125000e+00,9.12500000e-01,-2.81250000e-02,-1.26562500e-01
7.34560000e-07,1.21875000e+00,1.15000000e+00,-1.93750000e-02,-1.13281250e-01
7.34880000e-07,1.11875000e+00,1.03750000e+00,-1.00000000e-02,-1.02343750e-01
7.35200000e-07,1.26875000e+00,1.13750000e+00,-3.62500000e-02,-8.28125000e-02
7.35520000e-07,1.08125000e+00,1.16250000e+00,-1.93750000e-02,-1.14843750e-01
7.35840000e-07,1.16875000e+00,1.05000000e+00,-2.50000000e-03,-1.59375000e-01
7.36160000e-07,1.23125000e+00,9.62500000e-01,-5.62500000e-02,-1.48437500e-01
7.36480000e-07,1.14375000e+00,1.12500000e+00,-2.18750000e-02,-1.87500000e-01
7.36800000e-07,1.10625000e+00,1.01250000e+00,-3.18750000e-02,-1.52343750e-01
7.37120000e-07,1.19375000e+00,1.13750000e+00,-2.62500000e-02,-1.54687500e-01
7.37440000e-07,1.08125000e+00,1.02500000e+00,-3.12500000e-02,-2.07031250e-01
7.37760000e-07,1.09375000e+00,1.01250000e+00,-3.25000000e-02,-1.78125000e-01
7.38080000e-07,1.28125000e+00,1.00000000e+00,-1.62500000e-02,-1.19531250e-01
7.38400000e-07,1.21875000e+00,1.12500000e+00,-1.87500000e-02,-8.67187500e-02
7.38720000e-07,1.16875000e+00,1.01250000e+00,-1.43750000e-02,-7.18750000e-02
7.39040000e-07,1.05625000e+00,1.18750000e+00,-6.87500000e-03,-1.10156250e-01
7.39360000e-07,1.24687500e+00,9.62500000e-01,-2.87500000e-02,-1.20312500e-01
7.39680000e-07,1.32500000e+00,1.07500000e+00,-5.37500000e-02,-6.56250000e-02
7.40000000e-07,1.21875000e+00,1.03750000e+00,-2.18750000e-02,-1.03125000e-01
7.40320000e-07,1.03437500e+00,9.75000000e-01,-1.00000000e-02,-2.00781250e-01
7.40640000e-07,1.11875000e+00,1.07500000e+00,-3.87500000e-02,-1.77343750e-01
7.40960000e-07,1.09375000e+00,1.18750000e+00,-8.75000000e-03,-9.53125000e-02
7.41280000e-07,1.21875000e+00,9.87500000e-01,-1.18750000e-02,-5.70312500e-02
7.41600000e-07,1.10625000e+00,9.62500000e-01,-2.87500000e-02,-1.07812500e-01
7.41920000e-07,1.28125000e+00,9.25000000e-01,-3.37500000e-02,-1.33593750e-01
7.42240000e-07,1.15625000e+00,1.12500000e+00,-1.93750000e-02,-6.71875000e-02
7.42560000e-07,1.06875000e+00,1.06250000e+00,-1.68750000e-02,-4.53125000e-02
7.42880000e-07,1.00625000e+00,1.07500000e+00,-1.18750000e-02,-8.59375000e-02
7.43200000e-07,1.14375000e+00,9.87500000e-01,-3.12500000e-02,-5.70312500e-02
7.43520000e-07,1.15625000e+00,1.05000000e+00,-3.56250000e-02,-6.87500000e-02
7.43840000e-07,1.21875000e+00,1.03750000e+00,-4.37500000e-03,-1.18750000e-01
7.44160000e-07,1.10625000e+00,1.05000000e+00,-9.37500000e-03,-7.42187500e-02
7.44480000e-07,1.15625000e+00,1.01250000e+00,-4.62500000e-02,-4.76562500e-02
7.44800000e-07,1.19375000e+00,1.22500000e+00,-1.87500000e-02,-1.32031250e-01
7.45120000e-07,1.24375000e+00,9.62500000e-01,-2.87500000e-02,-1.84375000e-01
7.45440000e-07,1.03125000e+00,1.08750000e+00,-6.12500000e-02,-1.52343750e-01
7.45760000e-07,1.16875000e+00,1.12500000e+00,-9.37500000e-03,-8.35937500e-02
7.46080000e-07,1.21875000e+00,1.03750000e+00,5.62500000e-03,-7.96875000e-02
7.46400000e-07,1.06875000e+00,1.16250000e+00,-3.12500000e-02,-1.13281250e-01
7.46720000e-07,1.16875000e+00,1.03750000e+00,-2.87500000e-02,-1.59375000e-01
7.47040000e-07,1.15625000e+00,1.03750000e+00,-3.62500000e-02,-1.07031250e-01
7.47360000e-07,1.19375000e+00,1.12500000e+00,-3.75000000e-03,-6.79687500e-02
7.47680000e-07,1.23125000e+00,1.00000000e+00,-2.62500000e-02,-7.57812500e-02
7.48000000e-07,9.68750000e-01,1.16250000e+00,-1.68750000e-02,-1.14062500e-01
7.48320000e-07,1.03125000e+00,1.05000000e+00,-8.12500000e-03,-5.23437500e-02
7.48640000e-07,1.14375000e+00,1.10000000e+00,-3.56250000e-02,1.56250000e-03
7.48960000e-07,1.11875000e+00,1.02500000e+00,-8.75000000e-03,1.17187500e-02
7.49280000e-07,1.08125000e+00,1.08750000e+00,-1.43750000e-02,-4.92187500e-02
7.49600000e-07,1.16875000e+00,1.02500000e+00,-5.12500000e-02,-7.26562500e-02
7.49920000e-07,1.19375000e+00,1.02500000e+00,-3.00000000e-02,-4.06250000e-02
7.50240000e-07,1.18125000e+00,1.10000000e+00,-1.62500000e-02,-1.19531250e-01
7.50560000e-07,1.08125000e+00,1.12500000e+00,6.25000000e-03,-1.05468750e-01
7.50880000e-07,1.09375000e+00,1.11250000e+00,-1.75000000e-02,-6.25000000e-02
7.51200000e-07,1.14375000e+00,1.08750000e+00,-1.43750000e-02,-7.89062500e-02
7.51520000e-07,1.26875000e+00,1.05000000e+00,-1.68750000e-02,-8.12500000e-02
7.51840000e-07,1.11875000e+00,1.12500000e+00,-4.37500000e-03,-6.95312500e-02
7.52160000e-07,1.08125000e+00,9.12500000e-01,-3.62500000e-02,-9.37500000e-02
7.52480000e-07,1.06875000e+00,1.01250000e+00,-3.12500000e-02,-1.04687500e-01
7.52800000e-07,1.14375000e+00,1.02500000e+00,-1.93750000e-02,-2.73437500e-02
7.53120000e-07,1.11875000e+00,1.16250000e+00,5.62500000e-03,7.81250000e-04
7.53440000e-07,1.14375000e+00,9.75000000e-01,6.25000000e-04,-4.68750000e-03
7.53760000e-07,1.16875000e+00,1.10000000e+00,-1.43750000e-02,-7.10937500e-02
7.54080000e-07,1.16875000e+00,1.05000000e+00,-1.68750000e-02,-7.96875000e-02
7.54400000e-07,1.14375000e+00,1.07500000e+00,-3.12500000e-02,-2.73437500e-02
7.54720000e-07,1.05625000e+00,9.87500000e-01,-3.12500000e-02,-4.84375000e-02
7.55040000e-07,1.03125000e+00,1.11250000e+00,-1.18750000e-02,-1.15625000e-01
7.55360000e-07,1.10625000e+00,1.07500000e+00,-9.37500000e-03,-1.04687500e-01
7.55680000e-07,1.06875000e+00,1.11250000e+00,-6.87500000e-03,-7.57812500e-02
7.56000000e-07,1.10625000e+00,1.11250000e+00,-4.37500000e-03,-5.39062500e-02
7.56320000e-07,1.10625000e+00,1.06250000e+00,-1.25000000e-02,-3.28125000e-02
7.56640000e-07,1.05625000e+00,1.03750000e+00,-3.81250000e-02,-1.56250000e-02
7.56960000e-07,1.16875000e+00,1.08750000e+00,-1.93750000e-02,-3.04687500e-02
7.57280000e-07,1.25625000e+00,1.17500000e+00,-4.31250000e-02,-9.29687500e-02
7.57600000e-07,1.13125000e+00,1.11250000e+00,-4.06250000e-02,-6.95312500e-02
7.57920000e-07,1.20625000e+00,9.87500000e-01,-1.87500000e-02,2.73437500e-02
7.58240000e-07,1.11875000e+00,1.01250000e+00,-1.68750000e-02,-7.81250000e-04
7.58560000e-07,1.16875000e+00,9.25000000e-01,-2.87500000e-02,-1.01562500e-01
7.58880000e-07,1.13125000e+00,1.00000000e+00,-3.06250000e-02,-1.00781250e-01
7.59200000e-07,1.18125000e+00,1.11250000e+00,-1.68750000e-02,-1.09375000e-01
7.59520000e-07,1.11875000e+00,1.16250000e+00,-1.43750000e-02,-1.12500000e-01
7.59840000e-07,1.10625000e+00,9.25000000e-01,-4.87500000e-02,-1.46093750e-01
7.60160000e-07,1.00625000e+00,1.01250000e+00,-1.12500000e-02,-1.96875000e-01
7.60480000e-07,1.19375000e+00,1.16250000e+00,-3.62500000e-02,-1.17187500e-01
7.60800000e-07,1.09375000e+00,1.08750000e+00,-3.37500000e-02,-8.59375000e-02
7.61120000e-07,1.08125000e+00,1.08750000e+00,-1.93750000e-02,-1.41406250e-01
7.61440000e-07,1.13125000e+00,1.08750000e+00,-1.18750000e-02,-1.64843750e-01
7.61760000e-07,1.13125000e+00,1.05000000e+00,-1.68750000e-02,-1.49218750e-01
7.62080000e-07,1.16875000e+00,1.10000000e+00,-2.87500000e-02,-7.96875000e-02
7.62400000e-07,1.19375000e+00,1.06250000e+00,-5.12500000e-02,-9.21875000e-02
7.62720000e-07,1.19375000e+00,9.62500000e-01,-2.62500000e-02,-1.83593750e-01
7.63040000e-07,9.68750000e-01,9.87500000e-01,-3.06250000e-02,-1.55468750e-01
7.63360000e-07,1.18125000e+00,1.13750000e+00,-4.31250000e-02,-7.73437500e-02
7.63680000e-07,1.15625000e+00,1.11250000e+00,-5.31250000e-02,-7.03125000e-02
7.64000000e-07,1.09375000e+00,1.01250000e+00,-2.75000000e-02,-6.32812500e-02
7.64320000e-07,1.24375000e+00,1.10000000e+00,-6.25000000e-03,-6.71875000e-02
7.64640000e-07,1.20625000e+00,1.00000000e+00,-1.18750000e-02,-2.34375000e-02
7.64960000e-07,1.16875000e+00,9.62500000e-01,-4.12500000e-02,-3.75000000e-02
7.65280000e-07,1.26875000e+00,1.18750000e+00,-5.06250000e-02,1.56250000e-02
7.65600000e-07,1.06875000e+00,1.00000000e+00,-3.00000000e-02,2.10937500e-02
7.65920000e-07,1.01875000e+00,1.10000000e+00,-1.43750000e-02,-8.20312500e-02
7.66240000e-07,1.20625000e+00,1.16250000e+00,-1.62500000e-02,-8.67187500e-02
7.66560000e-07,1.15625000e+00,1.15000000e+00,-1.93750000e-02,-1.09375000e-02
7.66880000e-07,1.06875000e+00,1.06250000e+00,-3.06250000e-02,-5.46875000e-02
7.67200000e-07,1.09375000e+00,1.05000000e+00,-1.18750000e-02,-1.21875000e-01
7.67520000e-07,1.37812500e+00,9.37500000e-01,-5.68750000e-02,-1.30468750e-01
7.67840000e-07,1.21875000e+00,1.06250000e+00,-5.12500000e-02,-1.55468750e-01
7.68160000e-07,1.15625000e+00,9.12500000e-01,-1.18750000e-02,-1.25000000e-01
7.68480000e-07,1.15937500e+00,1.00000000e+00,-3.18750000e-02,-1.11718750e-01
7.68800000e-07,1.14375000e+00,1.07500000e+00,-2.81250000e-02,-1.41406250e-01
7.69120000e-07,1.21875000e+00,1.22500000e+00,-1.50000000e-02,-1.64843750e-01
7.69440000e-07,1.10625000e+00,1.01250000e+00,-4.00000000e-02,-1.77343750e-01
7.69760000e-07,1.15625000e+00,1.12500000e+00,1.25000000e-03,-1.70312500e-01
7.70080000e-07,1.15625000e+00,1.07500000e+00,-4.31250000e-02,-9.29687500e-02
7.70400000e-07,1.13125000e+00,1.08750000e+00,-1.43750000e-02,-1.11718750e-01
7.70720000e-07,1.16875000e+00,8.37500000e-01,-1.31250000e-02,-1.44531250e-01
7.71040000e-07,1.23125000e+00,1.15000000e+00,-3.06250000e-02,-1.78125000e-01
7.71360000e-07,1.25625000e+00,1.12500000e+00,-2.81250000e-02,-1.25000000e-01
7.71680000e-07,1.16875000e+00,1.00000000e+00,-2.75000000e-02,-8.28125000e-02
7.72000000e-07,1.14375000e+00,1.11250000e+00,-1.68750000e-02,-2.34375000e-03
7.72320000e-07,1.25937500e+00,1.07500000e+00,-8.75000000e-03,-2.42187500e-02
7.72640000e-07,1.16875000e+00,1.06250000e+00,-1.75000000e-02,-9.21875000e-02
7.72960000e-07,1.09375000e+00,1.08750000e+00,-4.37500000e-02,-9.60937500e-02
7.73280000e-07,1.18437500e+00,1.05000000e+00,-6.25000000e-03,-1.40625000e-01
7.73600000e-07,1.24375000e+00,1.00000000e+00,-6.87500000e-03,-1.70312500e-01
7.73920000e-07,1.24375000e+00,1.10000000e+00,5.62500000e-03,-7.81250000e-03
7.74240000e-07,1.19375000e+00,1.11250000e+00,-2.87500000e-02,3.51562500e-02
7.74560000e-07,1.20625000e+00,1.12500000e+00,-3.31250000e-02,-4.29687500e-02
7.74880000e-07,1.11875000e+00,1.15000000e+00,-1.18750000e-02,-7.73437500e-02
7.75200000e-07,1.13125000e+00,8.75000000e-01,-2.12500000e-02,-8.20312500e-02
7.75520000e-07,1.11875000e+00,1.03750000e+00,8.12500000e-03,-1.32812500e-01
7.75840000e-07,1.26875000e+00,9.87500000e-01,-5.00000000e-03,-1.03906250e-01
7.76160000e-07,1.10625000e+00,9.75000000e-01,-7.06250000e-02,-9.37500000e-02
7.76480000e-07,1.20625000e+00,1.10000000e+00,-4.50000000e-02,-6.95312500e-02
7.76800000e-07,1.10625000e+00,9.62500000e-01,6.25000000e-03,-8.35937500e-02
7.77120000e-07,1.25625000e+00,1.00000000e+00,-3.62500000e-02,-7.89062500e-02
7.77440000e-07,1.21875000e+00,1.07500000e+00,-1.87500000e-03,-1.79687500e-02
7.77760000e-07,1.28125000e+00,1.05000000e+00,-2.68750000e-02,-5.15625000e-02
7.78080000e-07,1.14375000e+00,1.15000000e+00,-1.18750000e-02,-1.43750000e-01
7.78400000e-07,1.03125000e+00,9.62500000e-01,-3.68750000e-02,-1.47656250e-01
7.78720000e-07,1.20937500e+00,1.02500000e+00,-5.62500000e-02,-8.59375000e-02
7.79040000e-07,1.28125000e+00,1.11250000e+00,-3.31250000e-02,-2.03125000e-02
7.79360000e-07,1.06875000e+00,9.75000000e-01,-1.18750000e-02,-3.75000000e-02
7.79680000e-07,1.09687500e+00,9.75000000e-01,-2.50000000e-02,-1.46093750e-01
7.80000000e-07,1.14375000e+00,1.11250000e+00,-1.62500000e-02,-1.48437500e-01
7.80320000e-07,1.05625000e+00,1.05000000e+00,-3.00000000e-02,-8.75000000e-02
7.80640000e-07,1.11875000e+00,1.22500000e+00,-1.43750000e-02,-7.89062500e-02
7.80960000e-07,9.81250000e-01,1.10000000e+00,-2.62500000e-02,-1.21875000e-01
7.81280000e-07,1.13125000e+00,1.18750000e+00,-3.12500000e-02,3.90625000e-03
7.81600000e-07,1.33750000e+00,1.05000000e+00,-1.93750000e-02,-1.40625000e-02
7.81920000e-07,1.15625000e+00,1.11250000e+00,-6.87500000e-03,-2.89062500e-02
7.82240000e-07,1.14375000e+00,1.13750000e+00,-3.62500000e-02,3.98437500e-02
7.82560000e-07,1.09375000e+00,9.62500000e-01,-2.18750000e-02,-8.59375000e-03
7.82880000e-07,1.16875000e+00,1.06250000e+00,-1.50000000e-02,-6.40625000e-02
7.83200000e-07,1.33750000e+00,1.07500000e+00,-1.18750000e-02,-2.65625000e-02
7.83520000e-07,1.10625000e+00,9.87500000e-01,-6.87500000e-03,-4.06250000e-02
7.83840000e-07,1.01875000e+00,1.02500000e+00,-6.87500000e-03,-1.34375000e-01
7.84160000e-07,1.14375000e+00,1.15000000e+00,-2.56250000e-02,-1.40625000e-01
7.84480000e-07,1.16875000e+00,1.13750000e+00,-9.37500000e-03,-5.46875000e-03
7.84800000e-07,1.19375000e+00,1.03750000e+00,-2.00000000e-02,-1.17187500e-02
7.85120000e-07,1.09375000e+00,1.23750000e+00,-4.62500000e-02,-8.59375000e-02
7.85440000e-07,1.08125000e+00,9.87500000e-01,-4.81250000e-02,-1.10937500e-01
7.85760000e-07,1.24375000e+00,1.11250000e+00,-2.81250000e-02,-2.96875000e-02
7.86080000e-07,1.16875000e+00,9.75000000e-01,-6.25000000e-03,-2.42187500e-02
7.86400000e-07,1.13125000e+00,1.06250000e+00,-2.87500000e-02,-1.23437500e-01
7.86720000e-07,1.25625000e+00,9.62500000e-01,-5.37500000e-02,-1.17187500e-01
7.87040000e-07,1.00625000e+00,1.22500000e+00,-4.37500000e-03,-9.76562500e-02
7.87360000e-07,1.15625000e+00,1.08750000e+00,-1.18750000e-02,-9.60937500e-02
7.87680000e-07,1.10625000e+00,1.11250000e+00,-9.37500000e-03,-1.32031250e-01
7.88000000e-07,1.21875000e+00,1.01250000e+00,-2.87500000e-02,-1.11718750e-01
7.88320000e-07,1.11875000e+00,1.13750000e+00,-1.68750000e-02,-6.64062500e-02
7.88640000e-07,1.01875000e+00,9.75000000e-01,-3.37500000e-02,-1.30468750e-01
7.88960000e-07,1.21875000e+00,1.05000000e+00,5.62500000e-03,-1.14843750e-01
7.89280000e-07,1.15625000e+00,1.00000000e+00,-2.00000000e-02,2.81250000e-02
7.89600000e-07,1.19375000e+00,1.06250000e+00,-3.12500000e-02,1.17187500e-02
7.89920000e-07,1.18125000e+00,1.02500000e+00,-3.25000000e-02,-5.39062500e-02
7.90240000e-07,1.16875000e+00,1.02500000e+00,-6.25000000e-03,-3.75000000e-02
7.90560000e-07,1.24375000e+00,1.08750000e+00,-1.37500000e-02,-2.42187500e-02
7.90880000e-07,1.15625000e+00,1.18750000e+00,-1.43750000e-02,-1.25000000e-02
7.91200000e-07,1.13125000e+00,1.02500000e+00,-2.00000000e-02,-3.75000000e-02
7.91520000e-07,1.11875000e+00,1.05000000e+00,-2.87500000e-02,-1.17968750e-01
7.91840000e-07,1.21875000e+00,9.62500000e-01,-4.56250000e-02,-6.25000000e-02
7.92160000e-07,1.18125000e+00,1.12500000e+00,-6.25000000e-03,-7.10937500e-02
7.92480000e-07,1.19375000e+00,1.05000000e+00,-3.87500000e-02,-6.40625000e-02
7.92800000e-07,1.13125000e+00,9.50000000e-01,-1.93750000e-02,2.10937500e-02
7.93120000e-07,1.31562500e+00,1.02500000e+00,-2.93750000e-02,-4.84375000e-02
7.93440000e-07,1.15625000e+00,1.10000000e+00,-1.68750000e-02,-1.35156250e-01
7.93760000e-07,1.16875000e+00,1.01250000e+00,-2.68750000e-02,-1.17187500e-01
7.94080000e-07,1.12187500e+00,1.07500000e+00,-3.87500000e-02,-8.12500000e-02
7.94400000e-07,1.15625000e+00,1.08750000e+00,-2.81250000e-02,-9.84375000e-02
7.94720000e-07,1.05625000e+00,1.11250000e+00,1.25000000e-03,-1.78125000e-01
7.95040000e-07,1.11875000e+00,1.15000000e+00,-3.56250000e-02,-1.85937500e-01
7.95360000e-07,1.21875000e+00,1.20000000e+00,-1.87500000e-03,-1.35937500e-01
7.95680000e-07,1.16875000e+00,1.00000000e+00,-2.87500000e-02,-1.74218750e-01
7.96000000e-07,1.14375000e+00,1.12500000e+00,6.25000000e-04,-2.28906250e-01
7.96320000e-07,1.05625000e+00,9.62500000e-01,-4.37500000e-03,-1.42187500e-01
7.96640000e-07,1.06875000e+00,1.07500000e+00,-2.56250000e-02,-5.15625000e-02
7.96960000e-07,1.21875000e+00,1.08750000e+00,-1.18750000e-02,1.48437500e-02
7.97280000e-07,1.11875000e+00,1.11250000e+00,-1.18750000e-02,-2.03125000e-02
7.97600000e-07,1.15625000e+00,9.00000000e-01,-2.25000000e-02,-1.12500000e-01
7.97920000e-07,1.11875000e+00,1.17500000e+00,-3.81250000e-02,-1.35937500e-01
7.98240000e-07,1.13125000e+00,1.08750000e+00,-1.87500000e-02,-1.39843750e-01
7.98560000e-07,1.16875000e+00,1.06250000e+00,-3.56250000e-02,-1.30468750e-01
7.98880000e-07,1.28125000e+00,1.01250000e+00,-9.37500000e-03,-4.45312500e-02
7.99200000e-07,1.10625000e+00,1.15000000e+00,-1.06250000e-02,1.71875000e-02
7.99520000e-07,1.21875000e+00,1.13750000e+00,-1.43750000e-02,-9.37500000e-03
7.99840000e-07,1.19375000e+00,1.01250000e+00,-1.50000000e-02,-6.25000000e-02
8.00160000e-07,1.16875000e+00,1.08750000e+00,-5.81250000e-02,-2.34375000e-03
8.00480000e-07,1.19375000e+00,1.00000000e+00,1.62500000e-02,-4.76562500e-02
8.00800000e-07,1.24375000e+00,9.62500000e-01,-4.31250000e-02,-8.98437500e-02
8.01120000e-07,1.21875000e+00,1.01250000e+00,-4.37500000e-02,-8.12500000e-02
8.01440000e-07,1.09375000e+00,1.03750000e+00,-3.62500000e-02,-5.07812500e-02
8.01760000e-07,1.00625000e+00,1.12500000e+00,-3.31250000e-02,-8.75000000e-02
8.02080000e-07,1.18125000e+00,1.02500000e+00,-3.31250000e-02,-1.73437500e-01
8.02400000e-07,1.08125000e+00,9.87500000e-01,-2.12500000e-02,-8.82812500e-02
8.02720000e-07,1.15625000e+00,1.20000000e+00,-2.00000000e-02,-3.75000000e-02
8.03040000e-07,1.18125000e+00,1.00000000e+00,-3.06250000e-02,-9.06250000e-02
8.03360000e-07,1.26875000e+00,9.75000000e-01,-1.43750000e-02,-1.14843750e-01
8.03680000e-07,1.14375000e+00,1.12500000e+00,-6.06250000e-02,-1.73437500e-01
8.04000000e-07,1.25625000e+00,1.05000000e+00,-1.37500000e-02,-1.89843750e-01
8.04320000e-07,1.16875000e+00,1.03750000e+00,-1.50000000e-02,-2.31250000e-01
8.04640000e-07,1.03125000e+00,1.03750000e+00,-3.87500000e-02,-1.64062500e-01
8.04960000e-07,1.13125000e+00,1.23750000e+00,-1.12500000e-02,-3.43750000e-02
8.05280000e-07,1.30000000e+00,1.01250000e+00,-5.43750000e-02,-2.89062500e-02
8.05600000e-07,1.09375000e+00,1.07500000e+00,-4.87500000e-02,-1.08593750e-01
8.05920000e-07,1.09375000e+00,1.06250000e+00,-2.18750000e-02,-8.98437500e-02
8.06240000e-07,1.04375000e+00,1.08750000e+00,-2.06250000e-02,-1.47656250e-01
8.06560000e-07,1.10625000e+00,1.06250000e+00,-4.81250000e-02,-1.28125000e-01
8.06880000e-07,1.15625000e+00,1.06250000e+00,-3.75000000e-03,-9.21875000e-02
8.07200000e-07,1.16875000e+00,1.06250000e+00,-8.75000000e-03,-1.19531250e-01
8.07520000e-07,1.08125000e+00,1.07500000e+00,-2.81250000e-02,-7.03125000e-02
8.07840000e-07,1.09375000e+00,1.12500000e+00,-1.93750000e-02,-7.50000000e-02
8.08160000e-07,1.10625000e+00,1.12500000e+00,-9.37500000e-03,-9.84375000e-02
8.08480000e-07,1.21875000e+00,1.00000000e+00,-2.25000000e-02,-1.68750000e-01
8.08800000e-07,1.31562500e+00,1.01250000e+00,-9.37500000e-03,-2.29687500e-01
8.09120000e-07,1.15625000e+00,1.05000000e+00,-2.81250000e-02,-1.80468750e-01
8.09440000e-07,1.08125000e+00,1.11250000e+00,6.25000000e-04,-8.67187500e-02
8.09760000e-07,1.27187500e+00,1.06250000e+00,-1.93750000e-02,-1.46093750e-01
8.10080000e-07,1.14375000e+00,1.12500000e+00,-1.68750000e-02,-6.48437500e-02
8.10400000e-07,1.15625000e+00,1.06250000e+00,-2.00000000e-02,-9.84375000e-02
8.10720000e-07,1.18125000e+00,1.16250000e+00,-3.37500000e-02,-1.87500000e-01
8.11040000e-07,1.21875000e+00,9.00000000e-01,-4.06250000e-02,-1.39062500e-01
8.11360000e-07,1.30000000e+00,1.15000000e+00,-2.12500000e-02,-4.68750000e-02
8.11680000e-07,1.13125000e+00,1.05000000e+00,-9.37500000e-03,-2.03125000e-02
8.12000000e-07,1.10625000e+00,1.08750000e+00,5.62500000e-03,-8.75000000e-02
8.12320000e-07,1.16875000e+00,1.15000000e+00,6.25000000e-04,-9.29687500e-02
8.12640000e-07,1.28125000e+00,1.10000000e+00,-9.37500000e-03,-1.56250000e-03
8.12960000e-07,1.01875000e+00,1.07500000e+00,-1.75000000e-02,7.03125000e-03
8.13280000e-07,1.01875000e+00,1.11250000e+00,-5.12500000e-02,-6.40625000e-02
8.13600000e-07,1.15625000e+00,1.02500000e+00,-3.31250000e-02,-1.83593750e-01
8.13920000e-07,1.23125000e+00,1.10000000e+00,-2.12500000e-02,-1.96093750e-01
8.14240000e-07,1.13125000e+00,1.03750000e+00,-6.87500000e-03,-1.03906250e-01
8.14560000e-07,1.08125000e+00,1.12500000e+00,-9.37500000e-03,1.56250000e-03
8.14880000e-07,1.35312500e+00,1.16250000e+00,-1.00000000e-02,1.17187500e-02
8.15200000e-07,1.24375000e+00,1.05000000e+00,-4.06250000e-02,-1.15625000e-01
8.15520000e-07,1.14375000e+00,8.25000000e-01,-1.12500000e-02,-1.35937500e-01
8.15840000e-07,1.17187500e+00,9.87500000e-01,-2.50000000e-02,-1.63281250e-01
8.16160000e-07,1.20625000e+00,1.08750000e+00,-1.18750000e-02,-1.08593750e-01
8.16480000e-07,1.16875000e+00,1.10000000e+00,-1.50000000e-02,-7.73437500e-02
8.16800000e-07,1.10625000e+00,9.50000000e-01,-3.62500000e-02,-1.01562500e-01
8.17120000e-07,1.01875000e+00,1.16250000e+00,-3.56250000e-02,-6.56250000e-02
8.17440000e-07,1.33750000e+00,1.05000000e+00,-1.12500000e-02,-1.17968750e-01
8.17760000e-07,1.15625000e+00,9.75000000e-01,-2.00000000e-02,-1.31250000e-01
8.18080000e-07,1.13125000e+00,9.87500000e-01,-4.87500000e-02,-4.06250000e-02
8.18400000e-07,1.16875000e+00,9.75000000e-01,-2.81250000e-02,-8.04687500e-02
8.18720000e-07,1.15625000e+00,9.12500000e-01,-2.81250000e-02,-1.88281250e-01
8.19040000e-07,1.11875000e+00,1.03750000e+00,-1.93750000e-02,-1.12500000e-01
8.19360000e-07,1.13125000e+00,9.75000000e-01,-2.00000000e-02,-2.81250000e-02
8.19680000e-07,1.24375000e+00,1.08750000e+00,-2.81250000e-02,-5.07812500e-02
8.20000000e-07,1.09375000e+00,1.02500000e+00,-1.25000000e-03,-6.64062500e-02
8.20320000e-07,1.04375000e+00,9.37500000e-01,-4.31250000e-02,-9.06250000e-02
8.20640000e-07,1.13125000e+00,1.10000000e+00,-5.87500000e-02,-1.48437500e-01
8.20960000e-07,1.13125000e+00,1.06250000e+00,-4.37500000e-03,-1.60156250e-01
8.21280000e-07,1.18125000e+00,9.00000000e-01,6.25000000e-04,-1.14062500e-01
8.21600000e-07,1.13125000e+00,1.11250000e+00,-2.18750000e-02,-8.51562500e-02
8.21920000e-07,1.03125000e+00,9.62500000e-01,-4.37500000e-03,-5.39062500e-02
8.22240000e-07,1.09375000e+00,9.50000000e-01,1.31250000e-02,-5.07812500e-02
8.22560000e-07,1.19375000e+00,1.12500000e+00,-3.37500000e-02,-7.89062500e-02
8.22880000e-07,1.14375000e+00,1.15000000e+00,-4.87500000e-02,-1.47656250e-01
8.23200000e-07,1.13125000e+00,9.25000000e-01,-4.37500000e-02,-9.92187500e-02
8.23520000e-07,1.18125000e+00,1.11250000e+00,-2.75000000e-02,-1.01562500e-01
8.23840000e-07,1.14375000e+00,1.05000000e+00,-1.25000000e-03,-1.07812500e-01
8.24160000e-07,1.15625000e+00,1.13750000e+00,-9.37500000e-03,-1.30468750e-01
8.24480000e-07,1.26875000e+00,9.25000000e-01,-2.18750000e-02,-1.68750000e-01
8.24800000e-07,1.01875000e+00,1.03750000e+00,-3.12500000e-02,-1.26562500e-01
8.25120000e-07,1.16875000e+00,1.06250000e+00,-3.87500000e-02,-1.25781250e-01
8.25440000e-07,9.81250000e-01,1.13750000e+00,-4.87500000e-02,-7.50000000e-02
8.25760000e-07,1.10625000e+00,1.17500000e+00,-3.06250000e-02,-9.53125000e-02
8.26080000e-07,1.24687500e+00,1.06250000e+00,-1.62500000e-02,-1.60156250e-01
8.26400000e-07,1.30000000e+00,9.25000000e-01,-2.25000000e-02,-1.93750000e-01
8.26720000e-07,1.00625000e+00,1.11250000e+00,-2.18750000e-02,-1.59375000e-01
8.27040000e-07,1.20937500e+00,1.03750000e+00,-1.18750000e-02,-8.90625000e-02
8.27360000e-07,1.19375000e+00,1.03750000e+00,-2.25000000e-02,-1.40625000e-01
8.27680000e-07,1.21875000e+00,1.03750000e+00,-1.43750000e-02,-1.46093750e-01
8.28000000e-07,1.11875000e+00,1.06250000e+00,0.00000000e+00,-1.45312500e-01
8.28320000e-07,1.26875000e+00,1.10000000e+00,-3.37500000e-02,-3.43750000e-02
8.28640000e-07,1.13125000e+00,9.37500000e-01,-6.25000000e-03,-2.50000000e-02
8.28960000e-07,1.10625000e+00,1.12500000e+00,-1.18750000e-02,-5.54687500e-02
8.29280000e-07,1.06875000e+00,1.12500000e+00,-4.37500000e-03,-4.68750000e-03
8.29600000e-07,1.04375000e+00,9.50000000e-01,-1.68750000e-02,-2.89062500e-02
8.29920000e-07,1.15625000e+00,1.13750000e+00,-1.18750000e-02,-6.25000000e-02
8.30240000e-07,1.18125000e+00,9.75000000e-01,-1.93750000e-02,-9.37500000e-03
8.30560000e-07,1.06875000e+00,1.12500000e+00,-1.18750000e-02,-6.79687500e-02
8.30880000e-07,1.11875000e+00,1.08750000e+00,-1.87500000e-03,-1.25781250e-01
8.31200000e-07,1.10625000e+00,1.05000000e+00,1.56250000e-02,-9.60937500e-02
8.31520000e-07,1.14375000e+00,1.10000000e+00,-2.25000000e-02,-1.17187500e-02
8.31840000e-07,1.13125000e+00,1.05000000e+00,-3.06250000e-02,-3.20312500e-02
8.32160000e-07,1.19375000e+00,1.08750000e+00,-1.18750000e-02,-8.51562500e-02
8.32480000e-07,1.01875000e+00,1.08750000e+00,-5.81250000e-02,-9.76562500e-02
8.32800000e-07,1.20625000e+00,1.00000000e+00,-1.37500000e-02,-6.48437500e-02
8.33120000e-07,1.24375000e+00,1.10000000e+00,3.12500000e-03,-7.26562500e-02
8.33440000e-07,1.14375000e+00,1.15000000e+00,-3.12500000e-02,-3.51562500e-02
8.33760000e-07,1.08125000e+00,1.12500000e+00,-3.62500000e-02,-5.00000000e-02
8.34080000e-07,1.23437500e+00,1.10000000e+00,-2.87500000e-02,-1.49218750e-01
8.34400000e-07,1.30000000e+00,1.11250000e+00,-3.31250000e-02,-1.04687500e-01
8.34720000e-07,1.15625000e+00,9.87500000e-01,-1.62500000e-02,-1.10937500e-01
8.35040000e-07,1.15937500e+00,1.03750000e+00,-3.12500000e-02,-1.01562500e-01
8.35360000e-07,1.28125000e+00,1.00000000e+00,-2.62500000e-02,-1.24218750e-01
8.35680000e-07,1.26875000e+00,9.25000000e-01,-2.18750000e-02,-7.81250000e-02
8.36000000e-07,1.24375000e+00,9.25000000e-01,-2.00000000e-02,-6.64062500e-02
8.36320000e-07,1.16875000e+00,1.15000000e+00,-3.87500000e-02,-1.06250000e-01
8.36640000e-07,1.26875000e+00,9.87500000e-01,-2.75000000e-02,-6.01562500e-02
8.36960000e-07,1.09375000e+00,1.22500000e+00,-1.43750000e-02,-6.01562500e-02
8.37280000e-07,1.14375000e+00,1.00000000e+00,-3.81250000e-02,-9.84375000e-02
8.37600000e-07,1.08125000e+00,1.18750000e+00,-1.12500000e-02,-1.28125000e-01
8.37920000e-07,1.20625000e+00,1.07500000e+00,-2.62500000e-02,-1.33593750e-01
8.38240000e-07,1.19375000e+00,1.11250000e+00,-2.56250000e-02,-8.35937500e-02
8.38560000e-07,1.18125000e+00,1.00000000e+00,3.12500000e-03,-3.59375000e-02
8.38880000e-07,1.23125000e+00,1.07500000e+00,-4.37500000e-03,-8.35937500e-02
8.39200000e-07,1.05625000e+00,9.12500000e-01,-4.12500000e-02,-6.25000000e-02
8.39520000e-07,1.18125000e+00,1.06250000e+00,-1.43750000e-02,-5.46875000e-02
8.39840000e-07,1.14375000e+00,9.62500000e-01,-3.56250000e-02,-8.82812500e-02
8.40160000e-07,1.00625000e+00,1.13750000e+00,1.37500000e-02,-7.03125000e-02
8.40480000e-07,1.21875000e+00,1.01250000e+00,-3.75000000e-02,-1.14062500e-01
8.40800000e-07,1.23125000e+00,9.87500000e-01,-4.37500000e-03,-1.35937500e-01
8.41120000e-07,1.21875000e+00,9.75000000e-01,-1.93750000e-02,-1.03125000e-01
8.41440000e-07,1.08125000e+00,1.01250000e+00,-1.75000000e-02,-1.14062500e-01
8.41760000e-07,1.28125000e+00,1.02500000e+00,-5.12500000e-02,-1.89843750e-01
8.42080000e-07,1.13125000e+00,1.22500000e+00,-6.25000000e-03,-1.28906250e-01
8.42400000e-07,1.13125000e+00,1.05000000e+00,2.50000000e-03,-3.90625000e-02
8.42720000e-07,1.14375000e+00,1.06250000e+00,-4.87500000e-02,-1.10156250e-01
8.43040000e-07,1.13125000e+00,1.02500000e+00,-2.81250000e-02,-1.03906250e-01
8.43360000e-07,1.10625000e+00,1.13750000e+00,-2.50000000e-02,-8.75000000e-02
8.43680000e-07,1.18125000e+00,1.06250000e+00,-1.25000000e-03,-6.56250000e-02
8.44000000e-07,1.16875000e+00,9.00000000e-01,-1.12500000e-02,-1.15625000e-01
8.44320000e-07,1.25937500e+00,9.62500000e-01,-1.43750000e-02,-8.04687500e-02
8.44640000e-07,1.18125000e+00,1.08750000e+00,-9.37500000e-03,-6.64062500e-02
8.44960000e-07,1.18437500e+00,9.87500000e-01,-3.87500000e-02,-1.42968750e-01
8.45280000e-07,1.24687500e+00,1.02500000e+00,-5.12500000e-02,-1.39843750e-01
8.45600000e-07,1.16875000e+00,1.00000000e+00,-9.37500000e-03,-4.53125000e-02
8.45920000e-07,1.15937500e+00,1.12500000e+00,-1.75000000e-02,-4.37500000e-02
8.46240000e-07,1.19375000e+00,1.12500000e+00,-3.87500000e-02,-5.07812500e-02
8.46560000e-07,1.08125000e+00,9.87500000e-01,-3.56250000e-02,-1.23437500e-01
8.46880000e-07,1.09375000e+00,9.12500000e-01,-4.31250000e-02,-2.67968750e-01
8.47200000e-07,1.04375000e+00,1.23750000e+00,-6.25000000e-03,-2.49218750e-01
8.47520000e-07,1.03125000e+00,1.15000000e+00,-1.43750000e-02,-1.52343750e-01
8.47840000e-07,1.14375000e+00,9.50000000e-01,-3.12500000e-02,-7.65625000e-02
8.48160000e-07,1.06875000e+00,1.11250000e+00,-4.12500000e-02,-6.17187500e-02
8.48480000e-07,1.06875000e+00,1.08750000e+00,-4.37500000e-02,-7.96875000e-02
8.48800000e-07,1.25625000e+00,9.50000000e-01,-4.81250000e-02,-8.82812500e-02
8.49120000e-07,1.11875000e+00,1.11250000e+00,-1.37500000e-02,-7.50000000e-02
8.49440000e-07,1.15625000e+00,9.12500000e-01,-1.50000000e-02,-8.04687500e-02
8.49760000e-07,1.05625000e+00,1.02500000e+00,-5.12500000e-02,-9.14062500e-02
8.50080000e-07,1.25937500e+00,1.02500000e+00,-4.50000000e-02,-1.41406250e-01
8.50400000e-07,1.20625000e+00,1.07500000e+00,8.75000000e-03,-1.03906250e-01
8.50720000e-07,1.08125000e+00,1.06250000e+00,-1.25000000e-03,-2.81250000e-02
8.51040000e-07,1.10937500e+00,1.08750000e+00,-1.18750000e-02,-4.53125000e-02
8.51360000e-07,1.23125000e+00,1.06250000e+00,-2.00000000e-02,-1.24218750e-01
8.51680000e-07,1.26875000e+00,1.18750000e+00,-3.12500000e-02,-1.02343750e-01
8.52000000e-07,1.21875000e+00,1.16250000e+00,-1.62500000e-02,-2.50000000e-02
8.52320000e-07,1.18125000e+00,1.12500000e+00,-4.37500000e-03,-8.12500000e-02
8.52640000e-07,1.04375000e+00,1.07500000e+00,-1.68750000e-02,-7.73437500e-02
8.52960000e-07,1.05625000e+00,1.06250000e+00,-2.81250000e-02,-9.37500000e-02
8.53280000e-07,1.08125000e+00,1.06250000e+00,-1.87500000e-03,-8.35937500e-02
8.53600000e-07,1.04375000e+00,9.62500000e-01,-3.37500000e-02,-1.17968750e-01
8.53920000e-07,1.21875000e+00,1.15000000e+00,-2.56250000e-02,-1.15625000e-01
8.54240000e-07,1.15625000e+00,9.50000000e-01,5.62500000e-03,-1.07031250e-01
8.54560000e-07,1.16875000e+00,9.37500000e-01,-3.75000000e-03,-7.34375000e-02
8.54880000e-07,1.13125000e+00,1.10000000e+00,-2.00000000e-02,-1.96875000e-01
8.55200000e-07,1.13125000e+00,9.75000000e-01,-3.37500000e-02,-1.67187500e-01
8.55520000e-07,1.13125000e+00,1.03750000e+00,-4.81250000e-02,-5.23437500e-02
8.55840000e-07,1.01875000e+00,1.03750000e+00,-2.50000000e-02,-8.75000000e-02
8.56160000e-07,1.18125000e+00,1.13750000e+00,-3.75000000e-03,-7.57812500e-02
8.56480000e-07,1.23125000e+00,9.62500000e-01,-1.37500000e-02,-7.81250000e-02
8.56800000e-07,1.14375000e+00,1.06250000e+00,-1.18750000e-02,-1.55468750e-01
8.57120000e-07,1.21875000e+00,1.00000000e+00,-1.18750000e-02,-1.94531250e-01
8.57440000e-07,1.13125000e+00,1.16250000e+00,-4.12500000e-02,-1.82812500e-01
8.57760000e-07,1.09375000e+00,9.37500000e-01,-4.87500000e-02,-1.03125000e-01
8.58080000e-07,1.13125000e+00,1.07500000e+00,-4.37500000e-03,-1.21093750e-01
8.58400000e-07,1.23125000e+00,1.06250000e+00,2.31250000e-02,-1.78125000e-01
8.58720000e-07,1.20625000e+00,9.50000000e-01,8.12500000e-03,-1.48437500e-01
8.59040000e-07,1.23125000e+00,9.62500000e-01,-3.81250000e-02,-4.68750000e-02
8.59360000e-07,1.04375000e+00,1.11250000e+00,3.12500000e-03,-1.48437500e-02
8.59680000e-07,1.13125000e+00,9.75000000e-01,-2.62500000e-02,-6.01562500e-02
8.60000000e-07,1.18125000e+00,1.03750000e+00,-2.62500000e-02,-9.53125000e-02
8.60320000e-07,1.10625000e+00,1.01250000e+00,-2.87500000e-02,-1.12500000e-01
8.60640000e-07,1.08125000e+00,1.08750000e+00,-4.06250000e-02,-7.34375000e-02
8.60960000e-07,1.16875000e+00,1.15000000e+00,-2.75000000e-02,-5.15625000e-02
8.61280000e-07,1.13125000e+00,1.01250000e+00,-8.75000000e-03,-1.20312500e-01
8.61600000e-07,1.14375000e+00,1.03750000e+00,-1.62500000e-02,-8.98437500e-02
8.61920000e-07,1.20625000e+00,1.12500000e+00,-1.68750000e-02,-9.37500000e-02
8.62240000e-07,9.68750000e-01,1.07500000e+00,-9.37500000e-03,-1.00781250e-01
8.62560000e-07,1.09375000e+00,1.15000000e+00,-1.87500000e-03,-1.83593750e-01
8.62880000e-07,1.19375000e+00,1.03750000e+00,-4.12500000e-02,-1.30468750e-01
8.63200000e-07,1.14375000e+00,9.62500000e-01,-3.56250000e-02,-4.92187500e-02
8.63520000e-07,1.23125000e+00,9.50000000e-01,1.06250000e-02,-3.59375000e-02
8.63840000e-07,1.09375000e+00,1.07500000e+00,-1.25000000e-03,-3.51562500e-02
8.64160000e-07,1.13125000e+00,9.00000000e-01,-1.68750000e-02,-2.65625000e-02
8.64480000e-07,1.10625000e+00,1.01250000e+00,-4.37500000e-03,-1.07031250e-01
8.64800000e-07,1.03125000e+00,1.11250000e+00,-1.18750000e-02,-1.68750000e-01
8.65120000e-07,1.13125000e+00,1.11250000e+00,-1.25000000e-02,-5.46875000e-02
8.65440000e-07,1.04375000e+00,9.50000000e-01,-5.87500000e-02,-3.43750000e-02
8.65760000e-07,1.21875000e+00,1.00000000e+00,-3.00000000e-02,-7.89062500e-02
8.66080000e-07,1.15625000e+00,9.87500000e-01,-3.75000000e-03,-7.34375000e-02
8.66400000e-07,1.16875000e+00,1.18750000e+00,1.25000000e-03,7.81250000e-03
8.66720000e-07,1.18125000e+00,9.62500000e-01,-3.81250000e-02,-5.07812500e-02
8.67040000e-07,1.06875000e+00,1.05000000e+00,-4.37500000e-03,-7.10937500e-02
8.67360000e-07,1.20625000e+00,9.37500000e-01,-3.12500000e-02,-2.89062500e-02
8.67680000e-07,1.08125000e+00,1.10000000e+00,-1.68750000e-02,-2.81250000e-02
8.68000000e-07,1.01875000e+00,1.07500000e+00,-1.25000000e-02,-2.81250000e-02
8.68320000e-07,1.09375000e+00,1.00000000e+00,-1.75000000e-02,-5.00000000e-02
8.68640000e-07,1.19375000e+00,9.62500000e-01,-6.37500000e-02,-1.17968750e-01
8.68960000e-07,1.18125000e+00,1.05000000e+00,-2.75000000e-02,-1.33593750e-01
8.69280000e-07,1.23125000e+00,1.01250000e+00,-3.31250000e-02,-4.92187500e-02
8.69600000e-07,1.13125000e+00,1.10000000e+00,-1.87500000e-02,-1.56250000e-02
8.69920000e-07,1.26875000e+00,1.02500000e+00,-1.25000000e-02,-6.25000000e-02
8.70240000e-07,1.11875000e+00,1.10000000e+00,-2.25000000e-02,-8.43750000e-02
8.70560000e-07,9.93750000e-01,9.62500000e-01,-3.87500000e-02,-6.25000000e-02
8.70880000e-07,1.09375000e+00,1.10000000e+00,-5.56250000e-02,5.46875000e-03
8.71200000e-07,1.24375000e+00,1.07500000e+00,-2.50000000e-02,3.75000000e-02
8.71520000e-07,1.13125000e+00,1.15000000e+00,-8.75000000e-03,7.81250000e-04
8.71840000e-07,1.14375000e+00,1.02500000e+00,-1.62500000e-02,-1.17187500e-02
8.72160000e-07,1.10625000e+00,1.11250000e+00,-2.87500000e-02,2.10937500e-02
8.72480000e-07,1.08125000e+00,9.37500000e-01,-1.43750000e-02,7.81250000e-04
8.72800000e-07,1.08125000e+00,1.01250000e+00,-1.31250000e-02,-1.25000000e-02
8.73120000e-07,1.23125000e+00,1.02500000e+00,-4.37500000e-02,-3.04687500e-02
8.73440000e-07,1.08125000e+00,1.11250000e+00,-2.81250000e-02,-9.14062500e-02
8.73760000e-07,1.20625000e+00,1.06250000e+00,-1.37500000e-02,-7.81250000e-02
8.74080000e-07,1.24375000e+00,1.07500000e+00,-4.93750000e-02,-3.20312500e-02
8.74400000e-07,1.19375000e+00,1.15000000e+00,-7.50000000e-02,-7.50000000e-02
8.74720000e-07,1.14375000e+00,1.20000000e+00,-1.43750000e-02,-1.60156250e-01
8.75040000e-07,1.08125000e+00,1.13750000e+00,-5.18750000e-02,-6.64062500e-02
8.75360000e-07,1.13125000e+00,1.13750000e+00,-3.87500000e-02,-1.33593750e-01
8.75680000e-07,1.04375000e+00,1.07500000e+00,-6.75000000e-02,-1.53125000e-01
8.76000000e-07,1.01875000e+00,1.00000000e+00,-4.81250000e-02,-8.12500000e-02
8.76320000e-07,1.16875000e+00,1.07500000e+00,-6.25000000e-03,-3.59375000e-02
8.76640000e-07,1.11875000e+00,1.17500000e+00,-3.12500000e-02,-7.73437500e-02
8.76960000e-07,1.11875000e+00,1.08750000e+00,-2.62500000e-02,0.00000000e+00
8.77280000e-07,1.20625000e+00,1.03750000e+00,-5.12500000e-02,-3.20312500e-02
8.77600000e-07,1.23125000e+00,9.12500000e-01,-2.50000000e-02,-6.40625000e-02
8.77920000e-07,1.19375000e+00,1.03750000e+00,-6.25000000e-03,-8.98437500e-02
8.78240000e-07,1.06875000e+00,1.01250000e+00,-3.06250000e-02,-4.21875000e-02
8.78560000e-07,1.01875000e+00,9.87500000e-01,-1.93750000e-02,-7.65625000e-02
8.78880000e-07,1.23437500e+00,1.21250000e+00,-7.50000000e-03,-7.73437500e-02
8.79200000e-07,1.31250000e+00,1.08750000e+00,-4.93750000e-02,-4.29687500e-02
8.79520000e-07,1.13125000e+00,1.03750000e+00,-8.75000000e-02,-6.40625000e-02
8.79840000e-07,1.31562500e+00,1.08750000e+00,-1.93750000e-02,-1.10937500e-01
8.80160000e-07,1.11875000e+00,9.12500000e-01,-1.25000000e-02,-1.15625000e-01
8.80480000e-07,1.05625000e+00,1.01250000e+00,3.12500000e-03,-1.39843750e-01
8.80800000e-07,1.05625000e+00,1.02500000e+00,-2.25000000e-02,-1.11718750e-01
8.81120000e-07,1.04375000e+00,1.05000000e+00,-2.81250000e-02,-1.13281250e-01
8.81440000e-07,1.16875000e+00,1.17500000e+00,-2.18750000e-02,-1.92187500e-01
8.81760000e-07,1.20625000e+00,1.08750000e+00,-5.56250000e-02,-1.00781250e-01
8.82080000e-07,1.20625000e+00,1.02500000e+00,-4.31250000e-02,-5.46875000e-03
8.82400000e-07,1.09375000e+00,1.08750000e+00,-1.62500000e-02,-4.21875000e-02
8.82720000e-07,1.19375000e+00,1.07500000e+00,-2.62500000e-02,-7.50000000e-02
8.83040000e-07,1.21875000e+00,1.13750000e+00,-2.81250000e-02,-3.59375000e-02
8.83360000e-07,1.05625000e+00,9.87500000e-01,-1.87500000e-03,-1.32812500e-02
8.83680000e-07,1.20625000e+00,1.08750000e+00,-3.75000000e-03,-3.82812500e-02
8.84000000e-07,9.93750000e-01,1.13750000e+00,-2.00000000e-02,-8.90625000e-02
8.84320000e-07,1.03125000e+00,1.18750000e+00,-4.62500000e-02,-7.57812500e-02
8.84640000e-07,1.10625000e+00,1.10000000e+00,-8.75000000e-03,-5.39062500e-02
8.84960000e-07,1.16875000e+00,1.15000000e+00,-1.43750000e-02,-8.43750000e-02
8.85280000e-07,1.13125000e+00,9.62500000e-01,-1.18750000e-02,-9.84375000e-02
8.85600000e-07,1.06875000e+00,9.87500000e-01,-6.87500000e-03,-1.95312500e-01
8.85920000e-07,1.21875000e+00,9.50000000e-01,-3.37500000e-02,-1.36718750e-01
8.86240000e-07,1.04375000e+00,1.03750000e+00,-6.37500000e-02,-4.68750000e-02
8.86560000e-07,1.20625000e+00,1.01250000e+00,-1.93750000e-02,-2.73437500e-02
8.86880000e-07,1.18125000e+00,1.07500000e+00,-6.87500000e-03,-1.17187500e-01
8.87200000e-07,1.21875000e+00,9.87500000e-01,-1.75000000e-02,-1.56250000e-01
8.87520000e-07,1.16875000e+00,1.08750000e+00,-2.62500000e-02,-1.20312500e-01
8.87840000e-07,1.11875000e+00,9.12500000e-01,-3.06250000e-02,-9.76562500e-02
8.88160000e-07,1.13125000e+00,1.02500000e+00,-3.25000000e-02,-4.37500000e-02
8.88480000e-07,1.04375000e+00,1.01250000e+00,-1.25000000e-03,-8.67187500e-02
8.88800000e-07,1.15625000e+00,1.00000000e+00,-2.18750000e-02,-1.72656250e-01
8.89120000e-07,1.15625000e+00,1.06250000e+00,-3.62500000e-02,-1.15625000e-01
8.89440000e-07,1.08125000e+00,1.07500000e+00,-2.50000000e-02,-1.22656250e-01
8.89760000e-07,1.23125000e+00,1.15000000e+00,-2.50000000e-02,-1.58593750e-01
8.90080000e-07,1.06875000e+00,1.08750000e+00,-6.25000000e-03,-1.92187500e-01
8.90400000e-07,1.03125000e+00,9.87500000e-01,-2.25000000e-02,-1.47656250e-01
8.90720000e-07,1.10625000e+00,1.12500000e+00,-5.12500000e-02,-1.64843750e-01
8.91040000e-07,1.11875000e+00,9.87500000e-01,-4.00000000e-02,-1.38281250e-01
8.91360000e-07,1.13125000e+00,1.00000000e+00,-1.12500000e-02,-4.29687500e-02
8.91680000e-07,1.20625000e+00,1.20000000e+00,-6.25000000e-03,-6.25000000e-03
8.92000000e-07,1.14375000e+00,1.10000000e+00,-1.68750000e-02,3.12500000e-02
8.92320000e-07,1.23125000e+00,1.10000000e+00,-3.12500000e-02,-4.60937500e-02
8.92640000e-07,1.20625000e+00,1.20000000e+00,-4.37500000e-02,-1.14843750e-01
8.92960000e-07,1.04375000e+00,9.87500000e-01,-2.18750000e-02,-7.81250000e-02
8.93280000e-07,1.11875000e+00,1.00000000e+00,8.12500000e-03,-4.84375000e-02
8.93600000e-07,1.04375000e+00,1.02500000e+00,-3.62500000e-02,-6.87500000e-02
8.93920000e-07,1.15625000e+00,9.37500000e-01,-2.25000000e-02,-4.84375000e-02
8.94240000e-07,1.20625000e+00,1.10000000e+00,-1.50000000e-02,-7.03125000e-02
8.94560000e-07,1.14375000e+00,1.06250000e+00,-1.93750000e-02,-2.22656250e-01
8.94880000e-07,1.16875000e+00,1.00000000e+00,-3.62500000e-02,-2.33593750e-01
8.95200000e-07,1.18125000e+00,1.07500000e+00,-6.87500000e-03,-1.31250000e-01
8.95520000e-07,1.21875000e+00,9.87500000e-01,-2.93750000e-02,-1.21875000e-01
8.95840000e-07,1.16875000e+00,1.05000000e+00,-1.93750000e-02,-1.27343750e-01
8.96160000e-07,1.08125000e+00,1.21250000e+00,-1.75000000e-02,-1.75000000e-01
8.96480000e-07,1.00625000e+00,9.50000000e-01,-2.56250000e-02,-1.55468750e-01
8.96800000e-07,1.22187500e+00,1.06250000e+00,-1.75000000e-02,-1.22656250e-01
8.97120000e-07,1.32812500e+00,1.03750000e+00,-5.37500000e-02,-6.40625000e-02
8.97440000e-07,1.23125000e+00,1.08750000e+00,-2.50000000e-02,-2.50000000e-02
8.97760000e-07,1.14687500e+00,1.01250000e+00,-1.25000000e-03,-1.77343750e-01
8.98080000e-07,1.10937500e+00,8.87500000e-01,-5.31250000e-02,-2.50000000e-01
8.98400000e-07,1.18125000e+00,1.11250000e+00,-4.06250000e-02,-2.53906250e-01
8.98720000e-07,1.16875000e+00,1.07500000e+00,1.56250000e-02,-1.59375000e-01
8.99040000e-07,1.00625000e+00,1.07500000e+00,-1.18750000e-02,-9.60937500e-02
8.99360000e-07,1.20625000e+00,1.03750000e+00,-2.81250000e-02,-1.28906250e-01
8.99680000e-07,1.11875000e+00,1.08750000e+00,-1.68750000e-02,-1.22656250e-01
9.00000000e-07,1.15625000e+00,1.13750000e+00,-4.31250000e-02,-1.25000000e-01
9.00320000e-07,1.30312500e+00,1.17500000e+00,-2.56250000e-02,-1.07031250e-01
9.00640000e-07,1.32500000e+00,1.02500000e+00,-4.81250000e-02,-8.20312500e-02
9.00960000e-07,1.16875000e+00,1.16250000e+00,-3.00000000e-02,-1.64843750e-01
9.01280000e-07,1.24687500e+00,9.75000000e-01,-2.56250000e-02,-9.76562500e-02
9.01600000e-07,1.09375000e+00,9.25000000e-01,-4.00000000e-02,-3.82812500e-02
9.01920000e-07,1.16875000e+00,1.03750000e+00,-4.37500000e-03,-1.60937500e-01
9.02240000e-07,1.03125000e+00,9.12500000e-01,-3.31250000e-02,-1.39062500e-01
9.02560000e-07,1.14375000e+00,9.75000000e-01,-3.56250000e-02,-1.02343750e-01
9.02880000e-07,1.28125000e+00,1.10000000e+00,1.31250000e-02,-1.22656250e-01
9.03200000e-07,1.23125000e+00,1.06250000e+00,-4.00000000e-02,-1.14062500e-01
9.03520000e-07,1.19375000e+00,1.11250000e+00,-5.00000000e-03,-5.39062500e-02
9.03840000e-07,1.23125000e+00,1.02500000e+00,-4.12500000e-02,-4.29687500e-02
9.04160000e-07,1.06875000e+00,1.00000000e+00,-1.12500000e-02,-3.12500000e-02
9.04480000e-07,1.10625000e+00,1.03750000e+00,-1.25000000e-02,-6.48437500e-02
9.04800000e-07,1.18125000e+00,9.62500000e-01,-5.37500000e-02,-6.95312500e-02
9.05120000e-07,1.10625000e+00,1.13750000e+00,-4.06250000e-02,-1.08593750e-01
9.05440000e-07,1.21875000e+00,1.15000000e+00,-3.31250000e-02,-1.50000000e-01
9.05760000e-07,1.19375000e+00,9.37500000e-01,-3.25000000e-02,-4.60937500e-02
9.06080000e-07,1.24375000e+00,1.03750000e+00,-1.37500000e-02,-1.08593750e-01
9.06400000e-07,1.20625000e+00,9.75000000e-01,-2.50000000e-02,-1.34375000e-01
9.06720000e-07,1.04375000e+00,1.06250000e+00,-1.43750000e-02,-5.78125000e-02
9.07040000e-07,1.20625000e+00,1.05000000e+00,-2.62500000e-02,-3.67187500e-02
9.07360000e-07,1.15625000e+00,1.07500000e+00,-2.81250000e-02,-8.04687500e-02
9.07680000e-07,1.24375000e+00,1.05000000e+00,-3.31250000e-02,-1.28906250e-01
9.08000000e-07,1.19375000e+00,1.10000000e+00,-1.93750000e-02,-1.07812500e-01
9.08320000e-07,1.16875000e+00,1.07500000e+00,-3.87500000e-02,-1.18750000e-01
9.08640000e-07,1.28125000e+00,1.00000000e+00,-1.12500000e-02,-1.56250000e-01
9.08960000e-07,1.14375000e+00,9.37500000e-01,-3.37500000e-02,-1.16406250e-01
9.09280000e-07,1.09375000e+00,1.02500000e+00,-1.93750000e-02,-1.60937500e-01
9.09600000e-07,1.20625000e+00,1.06250000e+00,-5.00000000e-03,-1.19531250e-01
9.09920000e-07,9.81250000e-01,1.03750000e+00,-4.12500000e-02,-1.46093750e-01
9.10240000e-07,1.18125000e+00,1.12500000e+00,-5.37500000e-02,-2.14062500e-01
9.10560000e-07,1.19375000e+00,1.00000000e+00,-3.12500000e-02,-1.85937500e-01
9.10880000e-07,1.10625000e+00,1.02500000e+00,-1.12500000e-02,-1.35156250e-01
9.11200000e-07,1.21875000e+00,1.11250000e+00,-1.00000000e-02,-6.32812500e-02
9.11520000e-07,1.16875000e+00,9.50000000e-01,-3.37500000e-02,4.06250000e-02
9.11840000e-07,1.15625000e+00,9.87500000e-01,-2.50000000e-02,2.26562500e-02
9.12160000e-07,1.13125000e+00,1.07500000e+00,8.75000000e-03,-6.48437500e-02
9.12480000e-07,1.10625000e+00,1.05000000e+00,-1.37500000e-02,-8.67187500e-02
9.12800000e-07,1.24375000e+00,1.07500000e+00,-1.68750000e-02,-6.95312500e-02
9.13120000e-07,1.30312500e+00,1.08750000e+00,-4.12500000e-02,-6.79687500e-02
9.13440000e-07,1.31250000e+00,1.01250000e+00,-4.87500000e-02,-8.04687500e-02
9.13760000e-07,1.10625000e+00,1.20000000e+00,-1.43750000e-02,-9.14062500e-02
9.14080000e-07,1.13437500e+00,1.03750000e+00,-1.18750000e-02,-2.50000000e-02
9.14400000e-07,1.13125000e+00,1.01250000e+00,-3.62500000e-02,-2.89062500e-02
9.14720000e-07,1.26875000e+00,1.02500000e+00,-1.18750000e-02,-6.79687500e-02
9.15040000e-07,1.13125000e+00,1.06250000e+00,-3.93750000e-02,-5.78125000e-02
9.15360000e-07,1.03125000e+00,1.10000000e+00,-5.37500000e-02,-5.62500000e-02
9.15680000e-07,1.06875000e+00,1.08750000e+00,-3.87500000e-02,-1.17968750e-01
9.16000000e-07,1.16875000e+00,1.01250000e+00,-2.81250000e-02,-1.50781250e-01
9.16320000e-07,1.25625000e+00,1.07500000e+00,-4.06250000e-02,-1.37500000e-01
9.16640000e-07,1.01875000e+00,1.02500000e+00,-3.50000000e-02,-1.31250000e-01
9.16960000e-07,1.14375000e+00,1.12500000e+00,6.25000000e-03,-1.32812500e-01
9.17280000e-07,1.15625000e+00,1.13750000e+00,-1.87500000e-02,-9.60937500e-02
9.17600000e-07,1.10625000e+00,8.87500000e-01,6.25000000e-04,-7.03125000e-02
9.17920000e-07,1.16875000e+00,8.75000000e-01,-4.12500000e-02,-5.46875000e-03
9.18240000e-07,1.15625000e+00,1.15000000e+00,-1.43750000e-02,-1.22656250e-01
9.18560000e-07,1.21875000e+00,9.75000000e-01,-1.56250000e-02,-1.16406250e-01
9.18880000e-07,1.16875000e+00,1.10000000e+00,-3.37500000e-02,-7.42187500e-02
9.19200000e-07,1.10625000e+00,9.87500000e-01,-3.00000000e-02,-6.79687500e-02
9.19520000e-07,1.10625000e+00,1.10000000e+00,-1.62500000e-02,-6.87500000e-02
9.19840000e-07,1.28125000e+00,1.00000000e+00,-6.25000000e-03,-2.65625000e-02
9.20160000e-07,1.15625000e+00,1.11250000e+00,-9.37500000e-03,1.56250000e-03
9.20480000e-07,1.14375000e+00,1.00000000e+00,-2.81250000e-02,-3.82812500e-02
9.20800000e-07,1.06875000e+00,1.08750000e+00,-1.68750000e-02,-5.70312500e-02
9.21120000e-07,1.14375000e+00,1.00000000e+00,-3.12500000e-02,-1.14062500e-01
9.21440000e-07,1.18125000e+00,1.15000000e+00,-2.56250000e-02,-1.22656250e-01
9.21760000e-07,1.25937500e+00,9.75000000e-01,6.25000000e-04,-7.57812500e-02
9.22080000e-07,1.19375000e+00,1.05000000e+00,-1.37500000e-02,-3.20312500e-02
9.22400000e-07,1.03125000e+00,8.87500000e-01,5.62500000e-03,-8.75000000e-02
9.22720000e-07,1.09687500e+00,1.06250000e+00,-2.25000000e-02,-1.40625000e-01
9.23040000e-07,1.19375000e+00,1.05000000e+00,-3.37500000e-02,-1.43750000e-01
9.23360000e-07,1.13125000e+00,1.15000000e+00,-1.37500000e-02,-8.35937500e-02
9.23680000e-07,1.13125000e+00,1.07500000e+00,-2.50000000e-03,-8.43750000e-02
9.24000000e-07,1.10625000e+00,9.37500000e-01,-3.37500000e-02,-1.74218750e-01
9.24320000e-07,1.21875000e+00,1.00000000e+00,-4.56250000e-02,-2.35937500e-01
9.24640000e-07,1.10625000e+00,1.03750000e+00,-6.25000000e-03,-1.68750000e-01
9.24960000e-07,1.16875000e+00,1.15000000e+00,-6.87500000e-03,-2.15625000e-01
9.25280000e-07,1.11875000e+00,1.08750000e+00,-1.18750000e-02,-2.40625000e-01
9.25600000e-07,1.19375000e+00,1.05000000e+00,-2.00000000e-02,-9.68750000e-02
9.25920000e-07,1.19375000e+00,1.17500000e+00,-4.37500000e-02,-1.00781250e-01
9.26240000e-07,1.11875000e+00,9.62500000e-01,-2.75000000e-02,-6.87500000e-02
9.26560000e-07,1.13125000e+00,1.11250000e+00,-1.68750000e-02,-3.35937500e-02
9.26880000e-07,1.11875000e+00,1.10000000e+00,-3.00000000e-02,-5.00000000e-02
9.27200000e-07,1.09375000e+00,1.10000000e+00,-1.37500000e-02,-1.21875000e-01
9.27520000e-07,1.23125000e+00,1.05000000e+00,-6.87500000e-03,-1.61718750e-01
9.27840000e-07,1.09375000e+00,1.10000000e+00,-3.37500000e-02,-5.31250000e-02
9.28160000e-07,1.23125000e+00,1.07500000e+00,-1.62500000e-02,-4.76562500e-02
9.28480000e-07,1.16875000e+00,1.10000000e+00,1.06250000e-02,-1.40625000e-01
9.28800000e-07,1.11875000e+00,9.50000000e-01,-2.25000000e-02,-1.28125000e-01
9.29120000e-07,1.09375000e+00,1.11250000e+00,-4.37500000e-03,-7.34375000e-02
9.29440000e-07,9.93750000e-01,1.03750000e+00,-1.43750000e-02,-1.67187500e-01
9.29760000e-07,1.22187500e+00,1.01250000e+00,-1.25000000e-02,-1.53125000e-01
9.30080000e-07,1.32500000e+00,9.87500000e-01,-2.87500000e-02,-9.14062500e-02
9.30400000e-07,1.18125000e+00,1.01250000e+00,-2.75000000e-02,-8.28125000e-02
9.30720000e-07,1.20937500e+00,1.03750000e+00,-1.37500000e-02,-6.87500000e-02
9.31040000e-07,1.14375000e+00,1.05000000e+00,-2.56250000e-02,-1.94531250e-01
9.31360000e-07,1.19375000e+00,1.12500000e+00,-3.87500000e-02,-2.27343750e-01
9.31680000e-07,1.25625000e+00,1.13750000e+00,-2.56250000e-02,-1.74218750e-01
9.32000000e-07,1.11875000e+00,9.25000000e-01,-2.50000000e-02,-1.05468750e-01
9.32320000e-07,1.24375000e+00,1.00000000e+00,-1.62500000e-02,-5.54687500e-02
9.32640000e-07,1.24375000e+00,1.03750000e+00,-2.00000000e-02,-3.12500000e-03
9.32960000e-07,1.16875000e+00,1.12500000e+00,-1.75000000e-02,-3.28125000e-02
9.33280000e-07,1.19375000e+00,1.05000000e+00,-1.43750000e-02,-1.10156250e-01
9.33600000e-07,1.09375000e+00,1.07500000e+00,-1.87500000e-03,-1.07812500e-01
9.33920000e-07,1.24687500e+00,1.11250000e+00,-3.12500000e-02,-5.31250000e-02
9.34240000e-07,1.20625000e+00,1.06250000e+00,-3.62500000e-02,1.17187500e-02
9.34560000e-07,1.18125000e+00,1.06250000e+00,-3.12500000e-02,-2.50000000e-02
9.34880000e-07,1.09687500e+00,1.05000000e+00,-3.00000000e-02,-8.75000000e-02
9.35200000e-07,1.10625000e+00,1.17500000e+00,-3.75000000e-03,-1.47656250e-01
9.35520000e-07,1.25625000e+00,1.02500000e+00,-1.12500000e-02,-7.65625000e-02
9.35840000e-07,1.23125000e+00,1.00000000e+00,-1.68750000e-02,-2.73437500e-02
9.36160000e-07,1.19375000e+00,1.07500000e+00,-2.87500000e-02,7.81250000e-04
9.36480000e-07,1.04375000e+00,1.00000000e+00,-1.87500000e-03,-2.73437500e-02
9.36800000e-07,1.15625000e+00,1.13750000e+00,1.00000000e-02,-7.10937500e-02
9.37120000e-07,1.11875000e+00,9.50000000e-01,-1.68750000e-02,-8.12500000e-02
9.37440000e-07,1.19375000e+00,1.00000000e+00,-1.00000000e-02,-4.92187500e-02
9.37760000e-07,1.15625000e+00,1.01250000e+00,-3.37500000e-02,-4.06250000e-02
9.38080000e-07,1.10625000e+00,1.13750000e+00,-2.81250000e-02,-1.04687500e-01
9.38400000e-07,1.09375000e+00,9.87500000e-01,-4.31250000e-02,-5.54687500e-02
9.38720000e-07,1.20625000e+00,9.62500000e-01,-2.81250000e-02,4.37500000e-02
9.39040000e-07,1.19375000e+00,9.87500000e-01,-5.06250000e-02,-6.79687500e-02
9.39360000e-07,1.16875000e+00,1.05000000e+00,-2.18750000e-02,-1.21875000e-01
9.39680000e-07,1.06875000e+00,9.87500000e-01,-1.68750000e-02,-5.00000000e-02
9.40000000e-07,1.30312500e+00,9.87500000e-01,-6.87500000e-03,-3.28125000e-02
9.40320000e-07,1.20625000e+00,1.13750000e+00,-2.87500000e-02,-1.10937500e-01
9.40640000e-07,1.11875000e+00,1.17500000e+00,-2.18750000e-02,-1.22656250e-01
9.40960000e-07,1.15937500e+00,1.01250000e+00,-4.43750000e-02,-8.04687500e-02
9.41280000e-07,1.18125000e+00,1.05000000e+00,-3.87500000e-02,-1.15625000e-01
9.41600000e-07,1.14375000e+00,8.75000000e-01,-3.37500000e-02,-7.34375000e-02
9.41920000e-07,1.21875000e+00,9.75000000e-01,-4.56250000e-02,-3.90625000e-02
9.42240000e-07,1.10625000e+00,1.00000000e+00,-1.87500000e-02,5.46875000e-03
9.42560000e-07,1.06875000e+00,1.17500000e+00,-1.87500000e-03,-1.56250000e-03
9.42880000e-07,1.16875000e+00,1.08750000e+00,-5.00000000e-03,-1.05468750e-01
9.43200000e-07,1.18125000e+00,1.03750000e+00,-3.37500000e-02,-3.98437500e-02
9.43520000e-07,1.23125000e+00,9.62500000e-01,-2.18750000e-02,-1.17187500e-02
9.43840000e-07,1.08125000e+00,1.10000000e+00,-3.06250000e-02,-6.87500000e-02
9.44160000e-07,1.15625000e+00,9.00000000e-01,-1.12500000e-02,-1.95312500e-02
9.44480000e-07,1.09375000e+00,9.87500000e-01,-2.56250000e-02,1.56250000e-03
9.44800000e-07,1.13125000e+00,9.12500000e-01,-1.18750000e-02,-5.54687500e-02
9.45120000e-07,1.08125000e+00,1.00000000e+00,-2.31250000e-02,-8.12500000e-02
9.45440000e-07,1.18125000e+00,1.08750000e+00,-5.37500000e-02,-1.56250000e-02
9.45760000e-07,1.09375000e+00,1.07500000e+00,-2.50000000e-02,-3.90625000e-03
9.46080000e-07,1.28125000e+00,1.15000000e+00,-2.18750000e-02,-6.09375000e-02
9.46400000e-07,1.24375000e+00,1.08750000e+00,-1.87500000e-02,-2.18750000e-02
9.46720000e-07,1.15625000e+00,9.75000000e-01,-2.62500000e-02,-6.09375000e-02
9.47040000e-07,1.11875000e+00,1.07500000e+00,-2.56250000e-02,-1.21093750e-01
9.47360000e-07,1.16875000e+00,1.05000000e+00,-6.87500000e-03,-1.21875000e-01
9.47680000e-07,1.11875000e+00,1.06250000e+00,-3.06250000e-02,-1.17187500e-01
9.48000000e-07,1.14375000e+00,1.06250000e+00,-3.62500000e-02,-9.37500000e-02
9.48320000e-07,1.14375000e+00,1.12500000e+00,-1.93750000e-02,-8.04687500e-02
9.48640000e-07,1.20625000e+00,9.50000000e-01,-2.81250000e-02,-3.90625000e-02
9.48960000e-07,1.28437500e+00,1.07500000e+00,-4.37500000e-03,-5.23437500e-02
9.49280000e-07,1.33750000e+00,1.02500000e+00,-2.87500000e-02,-7.26562500e-02
9.49600000e-07,1.18125000e+00,1.11250000e+00,-9.37500000e-03,-6.87500000e-02
9.49920000e-07,1.22187500e+00,9.75000000e-01,-2.25000000e-02,-1.38281250e-01
9.50240000e-07,1.30000000e+00,1.05000000e+00,-9.37500000e-03,-1.04687500e-01
9.50560000e-07,1.21875000e+00,1.11250000e+00,-9.37500000e-03,-6.40625000e-02
9.50880000e-07,1.10625000e+00,1.25000000e+00,-2.25000000e-02,-6.95312500e-02
9.51200000e-07,1.11875000e+00,1.12500000e+00,-4.12500000e-02,-3.98437500e-02
9.51520000e-07,1.28437500e+00,9.25000000e-01,-1.87500000e-02,-5.39062500e-02
9.51840000e-07,1.28437500e+00,9.87500000e-01,-1.43750000e-02,-6.95312500e-02
9.52160000e-07,1.31250000e+00,1.02500000e+00,-9.37500000e-03,-1.35156250e-01
9.52480000e-07,1.15937500e+00,1.08750000e+00,-2.87500000e-02,-1.52343750e-01
9.52800000e-07,1.02187500e+00,1.06250000e+00,-2.56250000e-02,-7.81250000e-03
9.53120000e-07,1.18125000e+00,9.62500000e-01,-1.25000000e-02,6.71875000e-02
9.53440000e-07,1.09375000e+00,1.00000000e+00,-2.18750000e-02,-7.81250000e-04
9.53760000e-07,1.14375000e+00,9.50000000e-01,-4.87500000e-02,-4.06250000e-02
9.54080000e-07,1.11875000e+00,1.21250000e+00,-3.00000000e-02,-6.25000000e-02
9.54400000e-07,1.15625000e+00,1.02500000e+00,-1.12500000e-02,-8.90625000e-02
9.54720000e-07,1.19375000e+00,1.05000000e+00,-3.81250000e-02,-8.90625000e-02
9.55040000e-07,1.14375000e+00,1.01250000e+00,-4.62500000e-02,-8.82812500e-02
9.55360000e-07,1.14375000e+00,1.02500000e+00,-1.43750000e-02,-1.07812500e-01
9.55680000e-07,1.31250000e+00,1.11250000e+00,8.12500000e-03,-7.03125000e-02
9.56000000e-07,1.14375000e+00,9.25000000e-01,-1.87500000e-03,-7.10937500e-02
9.56320000e-07,1.15625000e+00,1.00000000e+00,-3.06250000e-02,-4.60937500e-02
9.56640000e-07,1.14375000e+00,1.06250000e+00,-1.25000000e-02,-5.31250000e-02
9.56960000e-07,1.19375000e+00,9.37500000e-01,-3.87500000e-02,-3.43750000e-02
9.57280000e-07,1.08125000e+00,1.10000000e+00,-4.56250000e-02,-7.50000000e-02
9.57600000e-07,1.18125000e+00,1.12500000e+00,-8.75000000e-03,-5.46875000e-03
9.57920000e-07,1.10625000e+00,1.01250000e+00,-1.87500000e-03,-1.01562500e-02
9.58240000e-07,1.13125000e+00,1.07500000e+00,-9.37500000e-03,-2.50000000e-02
9.58560000e-07,1.19375000e+00,1.11250000e+00,-2.00000000e-02,-3.51562500e-02
9.58880000e-07,1.16875000e+00,1.06250000e+00,-4.87500000e-02,-1.19531250e-01
9.59200000e-07,1.14375000e+00,1.22500000e+00,-2.56250000e-02,-1.76562500e-01
9.59520000e-07,1.19375000e+00,1.01250000e+00,-2.18750000e-02,-1.19531250e-01
9.59840000e-07,1.10625000e+00,1.03750000e+00,-4.12500000e-02,-1.37500000e-01
9.60160000e-07,1.16875000e+00,1.17500000e+00,-3.31250000e-02,-1.20312500e-01
9.60480000e-07,1.15625000e+00,1.08750000e+00,-6.25000000e-03,-6.17187500e-02
9.60800000e-07,1.19375000e+00,1.08750000e+00,-1.50000000e-02,-7.81250000e-04
9.61120000e-07,1.10625000e+00,9.75000000e-01,-2.56250000e-02,-4.84375000e-02
9.61440000e-07,1.10625000e+00,1.02500000e+00,-2.56250000e-02,-1.13281250e-01
9.61760000e-07,1.13125000e+00,1.12500000e+00,-1.12500000e-02,-9.21875000e-02
9.62080000e-07,1.25937500e+00,8.75000000e-01,-2.93750000e-02,-9.92187500e-02
9.62400000e-07,1.30000000e+00,1.12500000e+00,-4.87500000e-02,-7.50000000e-02
9.62720000e-07,1.19375000e+00,1.00000000e+00,-5.37500000e-02,-5.62500000e-02
9.63040000e-07,1.08437500e+00,9.75000000e-01,-1.37500000e-02,-6.79687500e-02
9.63360000e-07,1.33750000e+00,1.03750000e+00,-3.37500000e-02,-2.73437500e-02
9.63680000e-07,1.21875000e+00,9.37500000e-01,-9.37500000e-03,-7.89062500e-02
9.64000000e-07,1.11875000e+00,1.17500000e+00,-2.62500000e-02,-1.16406250e-01
9.64320000e-07,1.16875000e+00,1.11250000e+00,-2.25000000e-02,-7.96875000e-02
9.64640000e-07,1.20625000e+00,9.62500000e-01,-9.37500000e-03,-8.20312500e-02
9.64960000e-07,1.11875000e+00,1.06250000e+00,-2.62500000e-02,-7.96875000e-02
9.65280000e-07,1.06875000e+00,1.06250000e+00,-3.56250000e-02,-1.23437500e-01
9.65600000e-07,1.20625000e+00,1.26250000e+00,-4.37500000e-03,-1.67968750e-01
9.65920000e-07,1.28125000e+00,1.08750000e+00,-6.25000000e-03,-1.28906250e-01
9.66240000e-07,1.19375000e+00,1.05000000e+00,-9.37500000e-03,-1.34375000e-01
9.66560000e-07,1.08125000e+00,1.15000000e+00,-1.75000000e-02,-2.14843750e-01
9.66880000e-07,1.15625000e+00,1.07500000e+00,-3.87500000e-02,-1.99218750e-01
9.67200000e-07,1.16875000e+00,9.00000000e-01,-1.62500000e-02,-7.96875000e-02
9.67520000e-07,1.10625000e+00,1.05000000e+00,-2.62500000e-02,-6.40625000e-02
9.67840000e-07,9.68750000e-01,9.75000000e-01,-4.56250000e-02,-8.67187500e-02
9.68160000e-07,1.24375000e+00,1.12500000e+00,-4.37500000e-03,-1.76562500e-01
9.68480000e-07,1.18125000e+00,1.01250000e+00,-3.75000000e-03,-1.46875000e-01
9.68800000e-07,1.00625000e+00,1.02500000e+00,-4.37500000e-03,-5.46875000e-02
9.69120000e-07,1.18125000e+00,1.01250000e+00,-4.12500000e-02,-7.18750000e-02
9.69440000e-07,1.27187500e+00,1.21250000e+00,-4.37500000e-03,-5.85937500e-02
9.69760000e-07,1.24375000e+00,1.03750000e+00,-5.00000000e-03,-4.29687500e-02
9.70080000e-07,1.15625000e+00,9.50000000e-01,-3.37500000e-02,-5.07812500e-02
9.70400000e-07,1.19687500e+00,9.87500000e-01,-4.56250000e-02,-5.93750000e-02
9.70720000e-07,1.15625000e+00,1.10000000e+00,1.31250000e-02,-1.07812500e-01
9.71040000e-07,1.21875000e+00,1.07500000e+00,-2.81250000e-02,-6.09375000e-02
9.71360000e-07,1.16875000e+00,1.08750000e+00,-1.68750000e-02,-1.52343750e-01
9.71680000e-07,1.23437500e+00,1.05000000e+00,-1.56250000e-02,-9.76562500e-02
9.72000000e-07,1.26875000e+00,9.75000000e-01,-1.93750000e-02,-1.00000000e-01
9.72320000e-07,1.08125000e+00,1.01250000e+00,8.12500000e-03,-8.67187500e-02
9.72640000e-07,1.15937500e+00,1.18750000e+00,-2.25000000e-02,-3.59375000e-02
9.72960000e-07,1.20625000e+00,1.01250000e+00,-1.68750000e-02,-5.15625000e-02
9.73280000e-07,1.23125000e+00,9.25000000e-01,-9.37500000e-03,-1.05468750e-01
9.73600000e-07,1.08125000e+00,1.07500000e+00,2.81250000e-02,-9.21875000e-02
9.73920000e-07,1.14687500e+00,1.15000000e+00,3.12500000e-03,1.17187500e-02
9.74240000e-07,1.41562500e+00,1.13750000e+00,-4.37500000e-02,-3.12500000e-02
9.74560000e-07,1.28125000e+00,1.21250000e+00,3.12500000e-03,-1.50781250e-01
9.74880000e-07,1.22187500e+00,1.02500000e+00,-2.31250000e-02,-1.01562500e-01
9.75200000e-07,1.13437500e+00,1.06250000e+00,-1.50000000e-02,-4.14062500e-02
9.75520000e-07,1.14375000e+00,1.01250000e+00,-3.87500000e-02,-3.75000000e-02
9.75840000e-07,1.08125000e+00,1.01250000e+00,-3.31250000e-02,-9.06250000e-02
9.76160000e-07,1.23125000e+00,1.08750000e+00,-6.25000000e-03,-1.09375000e-01
9.76480000e-07,1.08125000e+00,1.18750000e+00,-2.00000000e-02,-2.96875000e-02
9.76800000e-07,1.01875000e+00,1.12500000e+00,-3.31250000e-02,1.48437500e-02
9.77120000e-07,1.19375000e+00,9.87500000e-01,-1.62500000e-02,-8.59375000e-03
9.77440000e-07,1.23125000e+00,9.12500000e-01,-3.06250000e-02,-3.59375000e-02
9.77760000e-07,1.21875000e+00,1.16250000e+00,-3.62500000e-02,-8.67187500e-02
9.78080000e-07,1.24375000e+00,1.10000000e+00,-1.43750000e-02,-1.04687500e-01
9.78400000e-07,1.15625000e+00,1.08750000e+00,-1.50000000e-02,-1.28906250e-01
9.78720000e-07,1.25625000e+00,1.08750000e+00,-4.87500000e-02,-1.00000000e-01
9.79040000e-07,1.08125000e+00,1.08750000e+00,-2.12500000e-02,-6.56250000e-02
9.79360000e-07,1.30312500e+00,9.75000000e-01,1.81250000e-02,-9.21875000e-02
9.79680000e-07,1.24375000e+00,1.03750000e+00,-2.56250000e-02,-1.32812500e-01
9.80000000e-07,1.24375000e+00,1.06250000e+00,-9.37500000e-03,-8.98437500e-02
9.80320000e-07,1.12187500e+00,1.11250000e+00,-9.37500000e-03,-5.62500000e-02
9.80640000e-07,1.22187500e+00,1.08750000e+00,-2.87500000e-02,-7.26562500e-02
9.80960000e-07,1.20625000e+00,1.02500000e+00,-3.81250000e-02,-5.93750000e-02
9.81280000e-07,1.19375000e+00,1.02500000e+00,3.12500000e-03,-5.46875000e-02
9.81600000e-07,1.15937500e+00,1.10000000e+00,-2.81250000e-02,-6.25000000e-02
9.81920000e-07,1.16875000e+00,9.25000000e-01,-2.81250000e-02,-7.96875000e-02
9.82240000e-07,1.18125000e+00,1.05000000e+00,-1.68750000e-02,-6.95312500e-02
9.82560000e-07,1.24375000e+00,1.02500000e+00,-1.25000000e-03,-6.71875000e-02
9.82880000e-07,1.13125000e+00,1.12500000e+00,-3.12500000e-02,-4.53125000e-02
9.83200000e-07,1.14375000e+00,1.10000000e+00,-3.87500000e-02,-1.71875000e-02
9.83520000e-07,1.18125000e+00,1.07500000e+00,-1.68750000e-02,-3.67187500e-02
9.83840000e-07,1.15625000e+00,1.10000000e+00,-1.93750000e-02,-1.17187500e-02
9.84160000e-07,1.19375000e+00,1.06250000e+00,-1.93750000e-02,-5.54687500e-02
9.84480000e-07,1.20625000e+00,8.87500000e-01,-2.62500000e-02,-7.18750000e-02
9.84800000e-07,1.11875000e+00,1.06250000e+00,-2.81250000e-02,-8.12500000e-02
9.85120000e-07,1.20625000e+00,9.62500000e-01,-2.62500000e-02,-8.12500000e-02
9.85440000e-07,1.18125000e+00,1.03750000e+00,-2.50000000e-02,-8.59375000e-03
9.85760000e-07,1.06875000e+00,1.02500000e+00,8.12500000e-03,1.25000000e-02
9.86080000e-07,1.30312500e+00,1.11250000e+00,-3.81250000e-02,-3.43750000e-02
9.86400000e-07,1.38750000e+00,9.87500000e-01,-1.18750000e-02,-1.39843750e-01
9.86720000e-07,1.15625000e+00,9.75000000e-01,-3.18750000e-02,-1.61718750e-01
9.87040000e-07,1.15937500e+00,1.12500000e+00,-1.93750000e-02,-7.65625000e-02
9.87360000e-07,1.21875000e+00,1.10000000e+00,-1.81250000e-02,-1.15625000e-01
9.87680000e-07,1.25625000e+00,1.07500000e+00,-5.62500000e-02,-8.51562500e-02
9.88000000e-07,1.11875000e+00,1.11250000e+00,-8.75000000e-03,-4.45312500e-02
9.88320000e-07,1.01875000e+00,1.05000000e+00,-2.87500000e-02,-4.53125000e-02
9.88640000e-07,1.18125000e+00,1.18750000e+00,-4.56250000e-02,-6.17187500e-02
9.88960000e-07,1.36250000e+00,1.06250000e+00,3.12500000e-03,-9.21875000e-02
9.89280000e-07,1.21875000e+00,9.62500000e-01,6.25000000e-03,-5.39062500e-02
9.89600000e-07,1.06875000e+00,1.07500000e+00,-3.87500000e-02,-6.25000000e-02
9.89920000e-07,1.14375000e+00,1.15000000e+00,-1.68750000e-02,-4.60937500e-02
9.90240000e-07,1.10625000e+00,1.02500000e+00,-2.93750000e-02,-7.03125000e-02
9.90560000e-07,1.19375000e+00,1.11250000e+00,-1.93750000e-02,-2.42187500e-02
9.90880000e-07,1.14375000e+00,1.05000000e+00,-1.75000000e-02,-5.93750000e-02
9.91200000e-07,1.03125000e+00,1.13750000e+00,-3.37500000e-02,-8.67187500e-02
9.91520000e-07,1.16875000e+00,1.02500000e+00,-3.81250000e-02,-8.35937500e-02
9.91840000e-07,1.14375000e+00,1.26250000e+00,-2.87500000e-02,-7.10937500e-02
9.92160000e-07,1.26875000e+00,1.15000000e+00,-2.50000000e-02,-8.67187500e-02
9.92480000e-07,1.16875000e+00,1.11250000e+00,-2.25000000e-02,-7.57812500e-02
9.92800000e-07,1.26875000e+00,9.75000000e-01,-5.56250000e-02,-4.92187500e-02
9.93120000e-07,1.14375000e+00,1.15000000e+00,-2.81250000e-02,-7.89062500e-02
9.93440000e-07,1.18125000e+00,1.05000000e+00,-2.12500000e-02,-1.17187500e-01
9.93760000e-07,1.03125000e+00,1.15000000e+00,-2.25000000e-02,0.00000000e+00
9.94080000e-07,1.15625000e+00,1.18750000e+00,-3.12500000e-02,6.25000000e-03
9.94400000e-07,1.09375000e+00,1.12500000e+00,-1.43750000e-02,-3.90625000e-02
9.94720000e-07,1.09375000e+00,1.02500000e+00,-3.87500000e-02,-1.39843750e-01
9.95040000e-07,1.20625000e+00,1.02500000e+00,-2.18750000e-02,-8.75000000e-02
9.95360000e-07,1.16875000e+00,1.03750000e+00,-3.06250000e-02,-7.81250000e-02
9.95680000e-07,1.20625000e+00,1.05000000e+00,-2.18750000e-02,-1.17187500e-01
9.96000000e-07,1.18125000e+00,9.87500000e-01,-1.62500000e-02,-1.03906250e-01
9.96320000e-07,1.18125000e+00,1.23750000e+00,-9.37500000e-03,-9.84375000e-02
9.96640000e-07,1.19375000e+00,1.15000000e+00,-2.00000000e-02,-3.28125000e-02
9.96960000e-07,1.26875000e+00,1.08750000e+00,-2.18750000e-02,-1.07812500e-01
9.97280000e-07,1.11875000e+00,1.21250000e+00,-1.18750000e-02,-1.08593750e-01
9.97600000e-07,1.25625000e+00,1.11250000e+00,-9.37500000e-03,-9.29687500e-02
9.97920000e-07,1.25625000e+00,1.01250000e+00,-2.25000000e-02,-9.53125000e-02
9.98240000e-07,1.18125000e+00,1.15000000e+00,-2.25000000e-02,-8.75000000e-02
9.98560000e-07,1.08125000e+00,1.07500000e+00,-5.12500000e-02,-7.96875000e-02
9.98880000e-07,1.08125000e+00,1.08750000e+00,-4.75000000e-02,-7.57812500e-02
9.99200000e-07,1.31250000e+00,1.02500000e+00,-6.25000000e-03,-5.62500000e-02
9.99520000e-07,1.15625000e+00,1.12500000e+00,-1.18750000e-02,-3.28125000e-02
9.99840000e-07,1.08125000e+00,1.15000000e+00,-6.37500000e-02,-1.18750000e-01
1.00016000e-06,1.15625000e+00,1.15000000e+00,-3.25000000e-02,-2.06250000e-01
1.00048000e-06,1.14687500e+00,1.06250000e+00,6.25000000e-03,-2.27343750e-01
1.00080000e-06,1.25625000e+00,1.13750000e+00,-3.75000000e-03,-1.57812500e-01
1.00112000e-06,1.09375000e+00,9.50000000e-01,-1.87500000e-03,-4.29687500e-02
1.00144000e-06,1.15937500e+00,9.62500000e-01,-3.06250000e-02,-2.50000000e-02
1.00176000e-06,1.33750000e+00,1.16250000e+00,-2.87500000e-02,-8.90625000e-02
1.00208000e-06,1.21875000e+00,1.11250000e+00,-2.56250000e-02,-4.68750000e-02
1.00240000e-06,1.24375000e+00,1.01250000e+00,-2.62500000e-02,-7.81250000e-02
1.00272000e-06,1.16875000e+00,1.27500000e+00,-1.62500000e-02,-1.39062500e-01
1.00304000e-06,1.24375000e+00,9.37500000e-01,-5.00000000e-03,-1.00000000e-01
1.00336000e-06,1.26875000e+00,1.08750000e+00,6.25000000e-04,-4.06250000e-02
1.00368000e-06,1.24375000e+00,1.05000000e+00,-2.25000000e-02,1.87500000e-02
1.00400000e-06,1.11875000e+00,1.02500000e+00,-2.56250000e-02,-2.96875000e-02
1.00432000e-06,1.13125000e+00,1.06250000e+00,8.75000000e-03,-3.67187500e-02
1.00464000e-06,1.16875000e+00,1.07500000e+00,-1.25000000e-03,-8.98437500e-02
1.00496000e-06,1.10625000e+00,1.06250000e+00,-1.00000000e-02,-1.18750000e-01
1.00528000e-06,1.18125000e+00,1.10000000e+00,-2.81250000e-02,-1.10156250e-01
1.00560000e-06,1.20625000e+00,1.01250000e+00,3.75000000e-03,-1.19531250e-01
1.00592000e-06,1.18125000e+00,1.08750000e+00,-1.87500000e-03,-8.59375000e-02
1.00624000e-06,1.14375000e+00,1.07500000e+00,-4.12500000e-02,-7.03125000e-02
1.00656000e-06,1.10625000e+00,1.15000000e+00,-1.62500000e-02,-7.10937500e-02
1.00688000e-06,1.13125000e+00,1.10000000e+00,-5.00000000e-03,-9.53125000e-02
1.00720000e-06,1.15625000e+00,1.16250000e+00,-3.81250000e-02,-1.22656250e-01
1.00752000e-06,1.24375000e+00,1.06250000e+00,1.87500000e-02,-1.75000000e-01
1.00784000e-06,1.14375000e+00,9.12500000e-01,1.37500000e-02,-1.42968750e-01
1.00816000e-06,1.23125000e+00,9.62500000e-01,-1.75000000e-02,-1.17968750e-01
1.00848000e-06,1.14375000e+00,1.01250000e+00,-3.87500000e-02,-9.53125000e-02
1.00880000e-06,1.21875000e+00,1.15000000e+00,-2.56250000e-02,-1.66406250e-01
1.00912000e-06,1.19375000e+00,1.13750000e+00,-4.56250000e-02,-9.92187500e-02
1.00944000e-06,1.24375000e+00,1.05000000e+00,-3.50000000e-02,-7.81250000e-03
1.00976000e-06,1.21875000e+00,9.87500000e-01,-3.75000000e-03,0.00000000e+00
1.01008000e-06,1.14375000e+00,9.50000000e-01,-3.31250000e-02,-8.43750000e-02
1.01040000e-06,1.11875000e+00,1.17500000e+00,-1.93750000e-02,-1.05468750e-01
1.01072000e-06,1.20625000e+00,1.00000000e+00,-3.18750000e-02,-7.18750000e-02
1.01104000e-06,1.26875000e+00,1.06250000e+00,-2.81250000e-02,-9.92187500e-02
1.01136000e-06,1.31250000e+00,1.08750000e+00,-1.43750000e-02,-1.10156250e-01
1.01168000e-06,1.10625000e+00,1.13750000e+00,-3.75000000e-03,-9.68750000e-02
1.01200000e-06,1.16875000e+00,1.11250000e+00,-1.43750000e-02,-1.03906250e-01
1.01232000e-06,1.13125000e+00,1.13750000e+00,-1.43750000e-02,-1.09375000e-01
1.01264000e-06,1.23125000e+00,1.00000000e+00,-1.87500000e-03,-1.28906250e-01
1.01296000e-06,1.10625000e+00,1.05000000e+00,-1.43750000e-02,-1.49218750e-01
1.01328000e-06,1.20937500e+00,9.50000000e-01,-6.87500000e-03,-6.56250000e-02
1.01360000e-06,1.32500000e+00,1.05000000e+00,-2.87500000e-02,-6.25000000e-02
1.01392000e-06,1.20625000e+00,9.50000000e-01,-4.62500000e-02,-8.35937500e-02
1.01424000e-06,1.07187500e+00,1.05000000e+00,-1.68750000e-02,-5.78125000e-02
1.01456000e-06,1.13125000e+00,1.11250000e+00,-4.37500000e-03,-1.36718750e-01
1.01488000e-06,1.20625000e+00,1.12500000e+00,-2.81250000e-02,-1.24218750e-01
1.01520000e-06,1.30000000e+00,1.07500000e+00,-3.06250000e-02,-5.15625000e-02
1.01552000e-06,1.24375000e+00,1.26250000e+00,-6.87500000e-03,-8.28125000e-02
1.01584000e-06,1.18125000e+00,1.06250000e+00,-1.87500000e-03,-7.03125000e-02
1.01616000e-06,1.18125000e+00,1.10000000e+00,-1.18750000e-02,-6.25000000e-02
1.01648000e-06,1.13125000e+00,1.06250000e+00,-2.56250000e-02,-1.03906250e-01
1.01680000e-06,1.15625000e+00,1.22500000e+00,-3.62500000e-02,-9.45312500e-02
1.01712000e-06,1.32500000e+00,1.16250000e+00,-5.62500000e-02,-1.17187500e-01
1.01744000e-06,1.13125000e+00,1.06250000e+00,-3.87500000e-02,-1.53125000e-01
1.01776000e-06,1.23125000e+00,1.02500000e+00,-4.06250000e-02,-9.29687500e-02
1.01808000e-06,1.23125000e+00,1.01250000e+00,-3.56250000e-02,-8.12500000e-02
1.01840000e-06,1.21875000e+00,1.10000000e+00,-3.75000000e-03,-1.35937500e-01
1.01872000e-06,1.13125000e+00,1.16250000e+00,-5.00000000e-03,-1.30468750e-01
1.01904000e-06,1.19687500e+00,1.13750000e+00,-2.81250000e-02,-1.57812500e-01
1.01936000e-06,1.26875000e+00,1.17500000e+00,1.12500000e-02,-1.07031250e-01
1.01968000e-06,1.18125000e+00,1.11250000e+00,2.37500000e-02,-1.56250000e-01
1.02000000e-06,1.20937500e+00,1.08750000e+00,-2.62500000e-02,-1.53125000e-01
1.02032000e-06,1.28125000e+00,8.75000000e-01,-5.12500000e-02,-1.06250000e-01
1.02064000e-06,1.24687500e+00,1.13750000e+00,-1.93750000e-02,-8.04687500e-02
1.02096000e-06,1.25625000e+00,9.37500000e-01,-1.75000000e-02,-9.29687500e-02
1.02128000e-06,1.06875000e+00,1.08750000e+00,-5.87500000e-02,-1.15625000e-01
1.02160000e-06,1.24687500e+00,1.12500000e+00,1.25000000e-03,-4.53125000e-02
1.02192000e-06,1.08125000e+00,1.10000000e+00,-2.00000000e-02,-8.20312500e-02
1.02224000e-06,1.20625000e+00,1.15000000e+00,-5.37500000e-02,-1.25000000e-01
1.02256000e-06,1.18125000e+00,1.18750000e+00,-2.12500000e-02,-9.06250000e-02
1.02288000e-06,1.18125000e+00,1.17500000e+00,2.06250000e-02,-1.11718750e-01
1.02320000e-06,1.14375000e+00,9.50000000e-01,-1.00000000e-02,-7.10937500e-02
1.02352000e-06,1.24687500e+00,9.62500000e-01,-3.62500000e-02,-1.00000000e-01
1.02384000e-06,1.21875000e+00,1.07500000e+00,-4.00000000e-02,-1.42968750e-01
1.02416000e-06,9.81250000e-01,1.01250000e+00,-1.93750000e-02,-1.46093750e-01
1.02448000e-06,1.18437500e+00,1.08750000e+00,-8.75000000e-03,-5.15625000e-02
1.02480000e-06,1.23125000e+00,1.17500000e+00,-1.43750000e-02,-7.26562500e-02
1.02512000e-06,1.13125000e+00,1.10000000e+00,-6.87500000e-03,-9.45312500e-02
1.02544000e-06,1.25937500e+00,9.87500000e-01,-3.37500000e-02,-1.22656250e-01
1.02576000e-06,1.41562500e+00,1.05000000e+00,-1.68750000e-02,-1.18750000e-01
1.02608000e-06,1.19375000e+00,1.11250000e+00,-5.00000000e-03,-7.34375000e-02
1.02640000e-06,1.14687500e+00,1.18750000e+00,-2.18750000e-02,-3.59375000e-02
1.02672000e-06,1.13437500e+00,1.00000000e+00,-1.93750000e-02,-6.25000000e-03
1.02704000e-06,1.15625000e+00,1.05000000e+00,-1.87500000e-03,-5.39062500e-02
1.02736000e-06,1.19375000e+00,9.87500000e-01,-3.12500000e-02,-5.15625000e-02
1.02768000e-06,1.04375000e+00,1.07500000e+00,-2.56250000e-02,-1.14843750e-01
1.02800000e-06,1.20625000e+00,9.00000000e-01,-4.37500000e-03,-9.60937500e-02
1.02832000e-06,1.13125000e+00,1.03750000e+00,-3.75000000e-03,-6.48437500e-02
1.02864000e-06,1.24687500e+00,1.03750000e+00,-6.87500000e-03,-7.89062500e-02
1.02896000e-06,1.23125000e+00,1.06250000e+00,2.56250000e-02,-6.87500000e-02
1.02928000e-06,1.06875000e+00,1.03750000e+00,-7.50000000e-03,-1.00781250e-01
1.02960000e-06,1.20937500e+00,1.05000000e+00,-4.87500000e-02,-9.37500000e-02
1.02992000e-06,1.19375000e+00,1.08750000e+00,-1.12500000e-02,-3.28125000e-02
1.03024000e-06,1.08125000e+00,1.06250000e+00,-1.93750000e-02,-6.32812500e-02
1.03056000e-06,1.08125000e+00,1.01250000e+00,-1.93750000e-02,-9.60937500e-02
1.03088000e-06,1.18125000e+00,1.16250000e+00,-2.81250000e-02,-5.62500000e-02
1.03120000e-06,1.15625000e+00,9.87500000e-01,-1.43750000e-02,-7.65625000e-02
1.03152000e-06,1.18125000e+00,1.15000000e+00,-6.87500000e-03,-1.41406250e-01
1.03184000e-06,1.25625000e+00,1.10000000e+00,-1.68750000e-02,-5.62500000e-02
1.03216000e-06,1.20625000e+00,1.03750000e+00,-1.87500000e-03,-2.65625000e-02
1.03248000e-06,1.37500000e+00,1.03750000e+00,-1.00000000e-02,-7.50000000e-02
1.03280000e-06,1.08125000e+00,1.06250000e+00,-3.06250000e-02,-7.73437500e-02
1.03312000e-06,1.10625000e+00,1.02500000e+00,-1.37500000e-02,-4.37500000e-02
1.03344000e-06,1.10625000e+00,1.11250000e+00,8.75000000e-03,-4.68750000e-03
1.03376000e-06,1.21875000e+00,1.05000000e+00,-2.00000000e-02,-5.62500000e-02
1.03408000e-06,1.11875000e+00,1.02500000e+00,-2.18750000e-02,-8.04687500e-02
1.03440000e-06,1.21875000e+00,1.05000000e+00,2.50000000e-03,-4.76562500e-02
1.03472000e-06,1.11875000e+00,1.01250000e+00,-4.37500000e-02,0.00000000e+00
1.03504000e-06,1.26875000e+00,9.75000000e-01,-2.12500000e-02,-3.59375000e-02
1.03536000e-06,1.15625000e+00,1.16250000e+00,-1.43750000e-02,9.37500000e-03
1.03568000e-06,1.19375000e+00,1.10000000e+00,1.06250000e-02,2.65625000e-02
1.03600000e-06,1.24375000e+00,1.12500000e+00,-1.00000000e-02,-3.43750000e-02
1.03632000e-06,1.11875000e+00,1.03750000e+00,-1.93750000e-02,-2.18750000e-02
1.03664000e-06,1.04375000e+00,1.17500000e+00,-6.87500000e-03,-3.82812500e-02
1.03696000e-06,1.18125000e+00,9.37500000e-01,-3.12500000e-02,-1.33593750e-01
1.03728000e-06,1.11875000e+00,1.13750000e+00,-3.56250000e-02,-1.27343750e-01
1.03760000e-06,1.23125000e+00,1.08750000e+00,-1.87500000e-03,-1.14843750e-01
1.03792000e-06,1.15625000e+00,1.13750000e+00,-2.18750000e-02,-2.18750000e-02
1.03824000e-06,1.06875000e+00,1.06250000e+00,-5.62500000e-02,-2.42187500e-02
1.03856000e-06,1.08125000e+00,9.50000000e-01,-4.50000000e-02,-5.39062500e-02
1.03888000e-06,1.19375000e+00,9.50000000e-01,8.75000000e-03,-8.04687500e-02
1.03920000e-06,1.19375000e+00,1.07500000e+00,-3.31250000e-02,-1.48437500e-01
1.03952000e-06,1.14375000e+00,1.00000000e+00,-2.18750000e-02,-1.09375000e-01
1.03984000e-06,1.08125000e+00,9.62500000e-01,-1.25000000e-02,-6.25000000e-02
1.04016000e-06,1.18125000e+00,1.03750000e+00,1.56250000e-02,-3.35937500e-02
1.04048000e-06,1.13125000e+00,1.10000000e+00,-2.62500000e-02,-3.75000000e-02
1.04080000e-06,1.13125000e+00,1.05000000e+00,-2.56250000e-02,-7.03125000e-02
1.04112000e-06,1.23125000e+00,1.16250000e+00,-1.18750000e-02,-9.60937500e-02
1.04144000e-06,1.19375000e+00,1.03750000e+00,-1.43750000e-02,-7.96875000e-02
1.04176000e-06,1.15625000e+00,1.13750000e+00,-3.12500000e-02,-1.32031250e-01
1.04208000e-06,1.15625000e+00,1.00000000e+00,-5.06250000e-02,-1.84375000e-01
1.04240000e-06,1.05625000e+00,1.18750000e+00,-3.06250000e-02,-1.52343750e-01
1.04272000e-06,1.16875000e+00,1.08750000e+00,-2.75000000e-02,-1.26562500e-01
1.04304000e-06,1.13125000e+00,9.12500000e-01,3.75000000e-03,-1.18750000e-01
1.04336000e-06,1.11875000e+00,1.07500000e+00,-3.50000000e-02,-1.52343750e-01
1.04368000e-06,1.23125000e+00,1.07500000e+00,2.31250000e-02,-1.78125000e-01
1.04400000e-06,1.14375000e+00,1.06250000e+00,-3.62500000e-02,-8.82812500e-02
1.04432000e-06,1.15625000e+00,1.12500000e+00,-4.31250000e-02,-3.35937500e-02
1.04464000e-06,1.23125000e+00,1.02500000e+00,-1.43750000e-02,-1.32812500e-02
1.04496000e-06,1.06875000e+00,1.01250000e+00,-1.18750000e-02,-3.75000000e-02
1.04528000e-06,1.25625000e+00,1.22500000e+00,-1.93750000e-02,-1.15625000e-01
1.04560000e-06,1.05625000e+00,1.03750000e+00,1.06250000e-02,-1.12500000e-01
1.04592000e-06,1.16875000e+00,1.11250000e+00,-5.12500000e-02,-4.60937500e-02
1.04624000e-06,1.16875000e+00,1.16250000e+00,6.25000000e-04,-1.71875000e-02
1.04656000e-06,1.32500000e+00,1.02500000e+00,-2.93750000e-02,-1.28125000e-01
1.04688000e-06,1.15625000e+00,9.75000000e-01,-2.56250000e-02,-1.34375000e-01
1.04720000e-06,1.19375000e+00,1.07500000e+00,-1.87500000e-03,-7.73437500e-02
1.04752000e-06,1.19375000e+00,1.23750000e+00,-1.87500000e-02,-1.46875000e-01
1.04784000e-06,1.00625000e+00,1.08750000e+00,-1.50000000e-02,-1.86718750e-01
1.04816000e-06,1.15625000e+00,1.06250000e+00,-3.87500000e-02,-1.67187500e-01
1.04848000e-06,1.16875000e+00,1.06250000e+00,-1.62500000e-02,-1.45312500e-01
1.04880000e-06,1.14375000e+00,1.20000000e+00,-6.87500000e-03,-1.10156250e-01
1.04912000e-06,1.16875000e+00,9.50000000e-01,-1.68750000e-02,-1.71875000e-02
1.04944000e-06,1.09375000e+00,1.03750000e+00,8.12500000e-03,-9.21875000e-02
1.04976000e-06,1.15625000e+00,1.13750000e+00,-7.50000000e-03,-1.57031250e-01
1.05008000e-06,1.11875000e+00,1.07500000e+00,-9.37500000e-03,-1.03125000e-01
1.05040000e-06,1.11875000e+00,9.37500000e-01,1.81250000e-02,-1.41406250e-01
1.05072000e-06,1.03125000e+00,1.15000000e+00,-3.06250000e-02,-1.17187500e-01
1.05104000e-06,1.32500000e+00,1.11250000e+00,-1.43750000e-02,-1.52343750e-01
1.05136000e-06,1.14375000e+00,1.02500000e+00,8.12500000e-03,-1.25781250e-01
1.05168000e-06,1.14375000e+00,1.05000000e+00,-1.68750000e-02,-4.45312500e-02
1.05200000e-06,1.03125000e+00,1.25000000e+00,-3.12500000e-02,-5.46875000e-02
1.05232000e-06,1.18125000e+00,1.01250000e+00,-3.81250000e-02,-1.69531250e-01
1.05264000e-06,1.11875000e+00,9.75000000e-01,1.06250000e-02,-1.81250000e-01
1.05296000e-06,1.06875000e+00,1.06250000e+00,-1.68750000e-02,-7.73437500e-02
1.05328000e-06,1.23125000e+00,1.05000000e+00,-2.18750000e-02,-3.20312500e-02
1.05360000e-06,1.18125000e+00,1.03750000e+00,-9.37500000e-03,-1.07031250e-01
1.05392000e-06,1.14375000e+00,1.20000000e+00,-2.62500000e-02,-6.17187500e-02
1.05424000e-06,1.28437500e+00,1.12500000e+00,-3.62500000e-02,-4.14062500e-02
1.05456000e-06,1.19375000e+00,1.12500000e+00,-3.62500000e-02,-1.20312500e-01
1.05488000e-06,1.11875000e+00,1.03750000e+00,-3.56250000e-02,-1.97656250e-01
1.05520000e-06,1.09687500e+00,1.01250000e+00,-3.56250000e-02,-8.35937500e-02
1.05552000e-06,1.23125000e+00,1.11250000e+00,-2.81250000e-02,2.34375000e-02
1.05584000e-06,1.30000000e+00,1.06250000e+00,-2.50000000e-02,-5.15625000e-02
1.05616000e-06,1.24375000e+00,9.87500000e-01,-2.75000000e-02,-2.00781250e-01
1.05648000e-06,1.16875000e+00,1.00000000e+00,6.25000000e-03,-2.33593750e-01
1.05680000e-06,1.11875000e+00,9.50000000e-01,-6.87500000e-03,-1.03125000e-01
1.05712000e-06,1.08125000e+00,1.06250000e+00,-2.62500000e-02,-1.00000000e-01
1.05744000e-06,1.24375000e+00,1.03750000e+00,-3.62500000e-02,-1.69531250e-01
1.05776000e-06,1.11875000e+00,1.17500000e+00,-3.62500000e-02,-1.17968750e-01
1.05808000e-06,1.26875000e+00,1.01250000e+00,-1.87500000e-02,-3.20312500e-02
1.05840000e-06,1.25625000e+00,9.62500000e-01,-1.93750000e-02,-7.96875000e-02
1.05872000e-06,1.16875000e+00,1.10000000e+00,-3.56250000e-02,-4.53125000e-02
1.05904000e-06,1.15625000e+00,1.23750000e+00,-1.43750000e-02,-3.51562500e-02
1.05936000e-06,1.28125000e+00,9.50000000e-01,-4.87500000e-02,-1.69531250e-01
1.05968000e-06,1.15625000e+00,1.18750000e+00,-3.06250000e-02,-2.39062500e-01
1.06000000e-06,1.22187500e+00,1.12500000e+00,-4.37500000e-03,-3.20312500e-02
1.06032000e-06,1.23125000e+00,1.12500000e+00,-6.87500000e-03,7.03125000e-03
1.06064000e-06,1.14375000e+00,1.08750000e+00,-1.68750000e-02,-6.87500000e-02
1.06096000e-06,9.96875000e-01,1.08750000e+00,-4.37500000e-02,1.56250000e-02
1.06128000e-06,1.10625000e+00,1.15000000e+00,-4.37500000e-02,-1.00000000e-01
1.06160000e-06,1.37500000e+00,1.15000000e+00,-2.18750000e-02,-8.35937500e-02
1.06192000e-06,1.05625000e+00,1.07500000e+00,-1.68750000e-02,-5.46875000e-02
1.06224000e-06,1.09375000e+00,9.75000000e-01,-1.50000000e-02,-1.00781250e-01
1.06256000e-06,1.14375000e+00,1.07500000e+00,-4.06250000e-02,-1.29687500e-01
1.06288000e-06,1.08125000e+00,1.05000000e+00,-1.43750000e-02,-9.14062500e-02
1.06320000e-06,9.93750000e-01,1.07500000e+00,-3.06250000e-02,-6.56250000e-02
1.06352000e-06,1.13125000e+00,1.02500000e+00,-2.12500000e-02,-1.07812500e-01
1.06384000e-06,1.25625000e+00,9.37500000e-01,6.25000000e-04,-1.71875000e-01
1.06416000e-06,1.14375000e+00,1.10000000e+00,-3.12500000e-02,-1.57031250e-01
1.06448000e-06,1.15625000e+00,1.15000000e+00,-1.18750000e-02,-1.42187500e-01
1.06480000e-06,1.23125000e+00,1.18750000e+00,-1.31250000e-02,-1.48437500e-01
1.06512000e-06,1.15625000e+00,1.02500000e+00,-4.06250000e-02,-2.03125000e-02
1.06544000e-06,1.16875000e+00,1.01250000e+00,-1.68750000e-02,4.37500000e-02
1.06576000e-06,1.09375000e+00,1.11250000e+00,-4.00000000e-02,3.35937500e-02
1.06608000e-06,9.93750000e-01,1.13750000e+00,-6.25000000e-03,-2.81250000e-02
1.06640000e-06,9.93750000e-01,9.75000000e-01,1.25000000e-03,-1.00000000e-01
1.06672000e-06,1.18125000e+00,1.06250000e+00,1.31250000e-02,-1.39062500e-01
1.06704000e-06,1.08125000e+00,9.37500000e-01,-2.62500000e-02,-1.53906250e-01
1.06736000e-06,1.09375000e+00,1.02500000e+00,-3.81250000e-02,-1.00781250e-01
1.06768000e-06,1.24375000e+00,1.05000000e+00,-1.68750000e-02,-1.41406250e-01
1.06800000e-06,9.43750000e-01,1.18750000e+00,-6.25000000e-03,-1.03125000e-01
1.06832000e-06,1.15625000e+00,1.02500000e+00,-3.12500000e-02,-1.05468750e-01
1.06864000e-06,1.13125000e+00,9.62500000e-01,-5.37500000e-02,-1.33593750e-01
1.06896000e-06,1.19375000e+00,1.01250000e+00,-6.87500000e-03,-1.39843750e-01
1.06928000e-06,1.16875000e+00,1.17500000e+00,-1.25000000e-02,-1.30468750e-01
1.06960000e-06,1.28125000e+00,1.05000000e+00,-2.56250000e-02,-7.89062500e-02
1.06992000e-06,1.13125000e+00,1.02500000e+00,-1.37500000e-02,-7.89062500e-02
1.07024000e-06,1.11875000e+00,1.12500000e+00,-1.62500000e-02,-1.72656250e-01
1.07056000e-06,1.21875000e+00,1.12500000e+00,-1.25000000e-02,-1.68750000e-01
1.07088000e-06,1.19375000e+00,1.00000000e+00,-2.56250000e-02,-1.06250000e-01
1.07120000e-06,1.14375000e+00,1.01250000e+00,-8.75000000e-03,-7.81250000e-03
1.07152000e-06,1.08125000e+00,1.12500000e+00,-1.87500000e-02,-6.48437500e-02
1.07184000e-06,1.05625000e+00,1.12500000e+00,-7.50000000e-03,-1.64843750e-01
1.07216000e-06,1.15625000e+00,1.01250000e+00,-3.62500000e-02,-1.40625000e-01
1.07248000e-06,1.24375000e+00,1.16250000e+00,-2.56250000e-02,-8.43750000e-02
1.07280000e-06,1.19375000e+00,9.75000000e-01,-3.81250000e-02,-6.01562500e-02
1.07312000e-06,1.16875000e+00,1.05000000e+00,-5.50000000e-02,-1.21875000e-01
1.07344000e-06,1.13125000e+00,1.12500000e+00,1.25000000e-03,-1.76562500e-01
1.07376000e-06,1.09375000e+00,1.07500000e+00,-1.93750000e-02,-5.93750000e-02
1.07408000e-06,1.10625000e+00,9.87500000e-01,-6.12500000e-02,-7.81250000e-02
1.07440000e-06,1.08125000e+00,1.06250000e+00,-2.75000000e-02,-1.71875000e-01
1.07472000e-06,1.26875000e+00,1.01250000e+00,-6.25000000e-03,-1.48437500e-01
1.07504000e-06,1.11875000e+00,9.87500000e-01,-3.31250000e-02,-1.79687500e-02
1.07536000e-06,1.13125000e+00,1.16250000e+00,-2.18750000e-02,-8.59375000e-02
1.07568000e-06,1.14375000e+00,1.03750000e+00,-2.50000000e-03,-1.39843750e-01
1.07600000e-06,1.23125000e+00,1.02500000e+00,-6.87500000e-03,-9.06250000e-02
1.07632000e-06,1.18125000e+00,1.11250000e+00,-2.62500000e-02,-4.06250000e-02
1.07664000e-06,1.19375000e+00,1.16250000e+00,-2.18750000e-02,-4.68750000e-02
1.07696000e-06,1.30000000e+00,1.16250000e+00,-1.56250000e-02,-1.22656250e-01
1.07728000e-06,1.21875000e+00,1.07500000e+00,-3.06250000e-02,-1.50000000e-01
1.07760000e-06,1.09375000e+00,1.05000000e+00,-6.87500000e-03,-1.61718750e-01
1.07792000e-06,1.18125000e+00,1.00000000e+00,-4.81250000e-02,-1.14062500e-01
1.07824000e-06,9.93750000e-01,1.11250000e+00,-8.75000000e-03,-7.50000000e-02
1.07856000e-06,1.28125000e+00,1.23750000e+00,-2.25000000e-02,-1.54687500e-01
1.07888000e-06,1.22187500e+00,9.87500000e-01,-6.87500000e-03,-1.60156250e-01
1.07920000e-06,1.35000000e+00,1.03750000e+00,-1.50000000e-02,-7.89062500e-02
1.07952000e-06,1.03125000e+00,1.11250000e+00,-3.87500000e-02,-1.37500000e-01
1.07984000e-06,1.22187500e+00,9.75000000e-01,-2.75000000e-02,-1.46875000e-01
1.08016000e-06,1.13125000e+00,1.10000000e+00,-8.75000000e-03,-1.73437500e-01
1.08048000e-06,1.10625000e+00,1.23750000e+00,-1.93750000e-02,-1.46093750e-01
1.08080000e-06,1.11875000e+00,1.18750000e+00,-2.62500000e-02,-7.10937500e-02
1.08112000e-06,1.14375000e+00,1.03750000e+00,-2.12500000e-02,-3.04687500e-02
1.08144000e-06,1.19375000e+00,1.11250000e+00,-6.87500000e-03,0.00000000e+00
1.08176000e-06,1.21875000e+00,1.01250000e+00,-3.62500000e-02,-3.20312500e-02
1.08208000e-06,1.14375000e+00,1.01250000e+00,-2.81250000e-02,-1.09375000e-01
1.08240000e-06,1.19375000e+00,1.00000000e+00,-1.18750000e-02,-1.99218750e-01
1.08272000e-06,1.15625000e+00,1.13750000e+00,2.62500000e-02,-1.67187500e-01
1.08304000e-06,9.93750000e-01,1.05000000e+00,-9.37500000e-03,-1.19531250e-01
1.08336000e-06,1.13125000e+00,1.10000000e+00,-3.12500000e-02,-1.12500000e-01
1.08368000e-06,1.21875000e+00,1.13750000e+00,-4.37500000e-02,-1.04687500e-01
1.08400000e-06,1.13125000e+00,1.06250000e+00,-2.56250000e-02,-1.50000000e-01
1.08432000e-06,1.20625000e+00,1.08750000e+00,1.25000000e-03,-1.30468750e-01
1.08464000e-06,1.09375000e+00,1.05000000e+00,-1.37500000e-02,-1.49218750e-01
1.08496000e-06,1.13125000e+00,1.00000000e+00,-5.12500000e-02,-1.25781250e-01
1.08528000e-06,1.18125000e+00,1.05000000e+00,-1.93750000e-02,-9.53125000e-02
1.08560000e-06,1.16875000e+00,9.87500000e-01,2.50000000e-03,-1.20312500e-01
1.08592000e-06,1.21875000e+00,9.00000000e-01,3.12500000e-03,-1.39062500e-01
1.08624000e-06,1.24375000e+00,9.62500000e-01,-3.31250000e-02,-1.36718750e-01
1.08656000e-06,1.15625000e+00,1.12500000e+00,-1.68750000e-02,-1.62500000e-01
1.08688000e-06,1.05625000e+00,1.01250000e+00,-2.25000000e-02,-8.75000000e-02
1.08720000e-06,1.24375000e+00,1.05000000e+00,-1.93750000e-02,-5.54687500e-02
1.08752000e-06,1.14375000e+00,8.50000000e-01,6.25000000e-04,-9.84375000e-02
1.08784000e-06,1.21875000e+00,1.11250000e+00,-1.50000000e-02,-1.90625000e-01
1.08816000e-06,1.21875000e+00,9.87500000e-01,-3.56250000e-02,-1.74218750e-01
1.08848000e-06,1.15625000e+00,1.07500000e+00,-8.75000000e-03,-1.09375000e-01
1.08880000e-06,1.11875000e+00,1.03750000e+00,-3.75000000e-03,-1.34375000e-01
1.08912000e-06,1.19375000e+00,1.05000000e+00,8.12500000e-03,-1.28906250e-01
1.08944000e-06,1.18125000e+00,9.25000000e-01,-2.87500000e-02,-1.41406250e-01
1.08976000e-06,1.10625000e+00,1.05000000e+00,-3.56250000e-02,-1.37500000e-01
1.09008000e-06,1.15625000e+00,1.11250000e+00,-2.62500000e-02,-9.84375000e-02
1.09040000e-06,1.14375000e+00,1.12500000e+00,-2.81250000e-02,-2.65625000e-02
1.09072000e-06,1.14375000e+00,1.00000000e+00,-2.62500000e-02,-1.01562500e-02
1.09104000e-06,1.11875000e+00,1.03750000e+00,-3.25000000e-02,-6.71875000e-02
1.09136000e-06,1.18125000e+00,1.01250000e+00,1.25000000e-03,-1.55468750e-01
1.09168000e-06,1.14375000e+00,1.05000000e+00,-4.31250000e-02,-9.29687500e-02
1.09200000e-06,1.32500000e+00,9.75000000e-01,-1.43750000e-02,-3.35937500e-02
1.09232000e-06,1.08125000e+00,1.10000000e+00,-2.93750000e-02,-4.29687500e-02
1.09264000e-06,1.09375000e+00,1.07500000e+00,-1.75000000e-02,-4.21875000e-02
1.09296000e-06,1.13125000e+00,1.13750000e+00,-2.62500000e-02,-5.85937500e-02
1.09328000e-06,1.14375000e+00,9.50000000e-01,-1.37500000e-02,-2.81250000e-02
1.09360000e-06,1.18125000e+00,1.10000000e+00,-1.62500000e-02,7.81250000e-04
1.09392000e-06,1.28125000e+00,9.37500000e-01,-7.50000000e-03,-2.73437500e-02
1.09424000e-06,1.21875000e+00,1.07500000e+00,-4.62500000e-02,3.90625000e-03
1.09456000e-06,1.16875000e+00,1.11250000e+00,-1.12500000e-02,-4.53125000e-02
1.09488000e-06,1.25625000e+00,1.10000000e+00,1.56250000e-02,-1.42968750e-01
1.09520000e-06,1.09375000e+00,1.01250000e+00,-4.37500000e-03,-3.98437500e-02
1.09552000e-06,1.05625000e+00,1.05000000e+00,-2.62500000e-02,-3.75000000e-02
1.09584000e-06,1.15625000e+00,1.01250000e+00,-3.12500000e-02,-1.77343750e-01
1.09616000e-06,1.19375000e+00,1.02500000e+00,-4.56250000e-02,-1.38281250e-01
1.09648000e-06,1.33750000e+00,1.08750000e+00,-1.25000000e-03,-3.43750000e-02
1.09680000e-06,1.15625000e+00,1.05000000e+00,-3.81250000e-02,-7.89062500e-02
1.09712000e-06,1.14375000e+00,1.17500000e+00,-1.43750000e-02,-1.31250000e-01
1.09744000e-06,1.15625000e+00,1.25000000e+00,-1.81250000e-02,-6.87500000e-02
1.09776000e-06,1.16875000e+00,8.00000000e-01,-4.37500000e-02,-7.89062500e-02
1.09808000e-06,1.28125000e+00,1.02500000e+00,-1.12500000e-02,-1.21875000e-01
1.09840000e-06,1.23125000e+00,1.06250000e+00,6.25000000e-04,-6.95312500e-02
1.09872000e-06,1.30000000e+00,9.87500000e-01,-1.93750000e-02,-4.68750000e-02
1.09904000e-06,1.15625000e+00,1.07500000e+00,-6.87500000e-03,-4.53125000e-02
1.09936000e-06,1.15625000e+00,1.15000000e+00,-1.93750000e-02,-8.04687500e-02
1.09968000e-06,1.28125000e+00,9.37500000e-01,-4.37500000e-02,-1.33593750e-01
1.10000000e-06,1.19375000e+00,1.07500000e+00,-1.93750000e-02,-1.42968750e-01
1.10032000e-06,1.08125000e+00,9.50000000e-01,-2.06250000e-02,-1.39062500e-01
1.10064000e-06,1.23125000e+00,1.20000000e+00,-4.93750000e-02,-1.76562500e-01
1.10096000e-06,1.14375000e+00,1.07500000e+00,-4.81250000e-02,-1.82031250e-01
1.10128000e-06,1.14375000e+00,1.01250000e+00,-8.75000000e-03,-9.68750000e-02
1.10160000e-06,1.18125000e+00,1.06250000e+00,-7.50000000e-03,-8.98437500e-02
1.10192000e-06,1.10625000e+00,1.05000000e+00,1.31250000e-02,-1.57812500e-01
1.10224000e-06,1.35000000e+00,1.03750000e+00,-3.87500000e-02,-1.52343750e-01
1.10256000e-06,1.16875000e+00,1.21250000e+00,-2.81250000e-02,-8.12500000e-02
1.10288000e-06,1.32812500e+00,1.15000000e+00,0.00000000e+00,-1.17187500e-01
1.10320000e-06,1.21875000e+00,9.87500000e-01,-4.06250000e-02,-2.02343750e-01
1.10352000e-06,1.10625000e+00,8.87500000e-01,-2.50000000e-02,-1.30468750e-01
1.10384000e-06,1.07187500e+00,1.10000000e+00,-1.25000000e-03,-1.16406250e-01
1.10416000e-06,1.19375000e+00,1.17500000e+00,-3.31250000e-02,-2.00781250e-01
1.10448000e-06,1.00625000e+00,1.15000000e+00,-2.81250000e-02,-2.35156250e-01
1.10480000e-06,1.25625000e+00,8.75000000e-01,-9.37500000e-03,-1.86718750e-01
1.10512000e-06,1.15625000e+00,9.25000000e-01,-3.75000000e-03,-1.57812500e-01
1.10544000e-06,1.11875000e+00,9.50000000e-01,-3.37500000e-02,-1.25000000e-01
1.10576000e-06,1.16875000e+00,1.02500000e+00,-2.81250000e-02,-1.24218750e-01
1.10608000e-06,1.00625000e+00,1.00000000e+00,-1.00000000e-02,-2.28906250e-01
1.10640000e-06,1.05625000e+00,1.06250000e+00,-7.93750000e-02,-2.14062500e-01
1.10672000e-06,1.18125000e+00,1.08750000e+00,1.25000000e-03,-1.52343750e-01
1.10704000e-06,1.21875000e+00,9.50000000e-01,5.62500000e-03,-1.63281250e-01
1.10736000e-06,1.18125000e+00,1.00000000e+00,-2.81250000e-02,-1.26562500e-01
1.10768000e-06,1.16875000e+00,1.13750000e+00,-2.25000000e-02,-1.54687500e-01
1.10800000e-06,1.19375000e+00,1.03750000e+00,-4.37500000e-02,-1.62500000e-01
1.10832000e-06,1.10625000e+00,1.18750000e+00,-1.12500000e-02,-8.43750000e-02
1.10864000e-06,1.21875000e+00,1.03750000e+00,5.62500000e-03,-1.81250000e-01
1.10896000e-06,9.93750000e-01,1.07500000e+00,-3.87500000e-02,-1.72656250e-01
1.10928000e-06,1.08125000e+00,1.15000000e+00,-6.37500000e-02,-1.19531250e-01
1.10960000e-06,1.14375000e+00,1.02500000e+00,-3.06250000e-02,-7.26562500e-02
1.10992000e-06,1.14375000e+00,1.02500000e+00,1.25000000e-03,-2.34375000e-02
1.11024000e-06,1.10625000e+00,1.16250000e+00,-1.93750000e-02,-1.03906250e-01
1.11056000e-06,1.19375000e+00,1.01250000e+00,-2.62500000e-02,-1.64062500e-01
1.11088000e-06,1.06875000e+00,1.10000000e+00,-3.31250000e-02,-1.59375000e-01
1.11120000e-06,1.11875000e+00,1.02500000e+00,-2.18750000e-02,-2.08593750e-01
1.11152000e-06,1.09375000e+00,1.07500000e+00,-3.62500000e-02,-2.23437500e-01
1.11184000e-06,1.11875000e+00,8.75000000e-01,-1.37500000e-02,-1.48437500e-01
1.11216000e-06,1.03125000e+00,9.75000000e-01,-6.87500000e-03,-5.23437500e-02
1.11248000e-06,1.10625000e+00,9.75000000e-01,-4.37500000e-02,3.90625000e-03
1.11280000e-06,1.15625000e+00,1.07500000e+00,-1.93750000e-02,-5.70312500e-02
1.11312000e-06,1.15625000e+00,1.20000000e+00,-3.18750000e-02,-4.37500000e-02
1.11344000e-06,1.09375000e+00,1.00000000e+00,-3.62500000e-02,-1.22656250e-01
1.11376000e-06,1.03125000e+00,1.01250000e+00,-1.68750000e-02,-1.82812500e-01
1.11408000e-06,1.04375000e+00,1.08750000e+00,-2.25000000e-02,-1.96093750e-01
1.11440000e-06,1.05625000e+00,8.25000000e-01,-2.56250000e-02,-1.18750000e-01
1.11472000e-06,1.14375000e+00,1.06250000e+00,-6.25000000e-03,-5.31250000e-02
1.11504000e-06,1.00625000e+00,1.05000000e+00,-2.56250000e-02,-1.06250000e-01
1.11536000e-06,1.19687500e+00,1.07500000e+00,-2.56250000e-02,-2.06250000e-01
1.11568000e-06,1.19375000e+00,9.75000000e-01,-2.25000000e-02,-2.28125000e-01
1.11600000e-06,1.11875000e+00,1.16250000e+00,-1.37500000e-02,-1.79687500e-01
1.11632000e-06,1.10937500e+00,1.12500000e+00,-1.68750000e-02,-1.32812500e-01
1.11664000e-06,1.13125000e+00,9.62500000e-01,-1.93750000e-02,-9.92187500e-02
1.11696000e-06,1.11875000e+00,1.02500000e+00,-2.18750000e-02,-7.73437500e-02
1.11728000e-06,1.18125000e+00,1.18750000e+00,-1.68750000e-02,-6.64062500e-02
1.11760000e-06,1.26875000e+00,1.02500000e+00,-5.37500000e-02,-4.45312500e-02
1.11792000e-06,1.15625000e+00,9.87500000e-01,-2.81250000e-02,-1.49218750e-01
1.11824000e-06,1.04375000e+00,8.37500000e-01,-2.62500000e-02,-1.62500000e-01
1.11856000e-06,1.10625000e+00,1.10000000e+00,-1.25000000e-03,-1.12500000e-01
1.11888000e-06,1.04375000e+00,9.37500000e-01,1.00000000e-02,-9.76562500e-02
1.11920000e-06,1.15625000e+00,1.03750000e+00,-1.68750000e-02,-7.96875000e-02
1.11952000e-06,9.43750000e-01,1.07500000e+00,-3.12500000e-02,-9.37500000e-02
1.11984000e-06,1.11875000e+00,9.37500000e-01,-3.37500000e-02,-9.45312500e-02
1.12016000e-06,1.21875000e+00,1.03750000e+00,-9.37500000e-03,-1.65625000e-01
1.12048000e-06,1.00625000e+00,1.10000000e+00,-1.50000000e-02,-1.63281250e-01
1.12080000e-06,1.25625000e+00,9.25000000e-01,-4.12500000e-02,-1.07812500e-01
1.12112000e-06,1.18125000e+00,1.00000000e+00,-3.06250000e-02,-1.54687500e-01
1.12144000e-06,1.06875000e+00,8.75000000e-01,-3.75000000e-02,-1.57812500e-01
1.12176000e-06,1.14375000e+00,1.10000000e+00,1.25000000e-03,-1.67968750e-01
1.12208000e-06,1.26875000e+00,1.06250000e+00,-1.93750000e-02,-1.89843750e-01
1.12240000e-06,1.04375000e+00,1.12500000e+00,-6.12500000e-02,-6.40625000e-02
1.12272000e-06,1.31562500e+00,9.50000000e-01,-1.37500000e-02,-5.15625000e-02
1.12304000e-06,1.23125000e+00,1.05000000e+00,3.12500000e-03,-5.31250000e-02
1.12336000e-06,1.09375000e+00,1.05000000e+00,-6.87500000e-03,-4.45312500e-02
1.12368000e-06,1.10937500e+00,1.00000000e+00,-6.87500000e-03,-1.00781250e-01
1.12400000e-06,9.68750000e-01,9.87500000e-01,-3.12500000e-02,-4.45312500e-02
1.12432000e-06,1.05625000e+00,1.17500000e+00,-1.68750000e-02,-4.06250000e-02
1.12464000e-06,1.19375000e+00,1.03750000e+00,2.00000000e-02,-1.18750000e-01
1.12496000e-06,1.10625000e+00,1.10000000e+00,-1.43750000e-02,-1.61718750e-01
1.12528000e-06,1.13125000e+00,1.17500000e+00,-3.12500000e-02,-1.34375000e-01
1.12560000e-06,1.25625000e+00,1.05000000e+00,-2.56250000e-02,-8.43750000e-02
1.12592000e-06,1.03125000e+00,9.50000000e-01,-2.87500000e-02,-9.21875000e-02
1.12624000e-06,1.05625000e+00,1.03750000e+00,-4.81250000e-02,-7.10937500e-02
1.12656000e-06,1.06875000e+00,1.03750000e+00,-2.87500000e-02,-5.62500000e-02
1.12688000e-06,1.13125000e+00,9.87500000e-01,-3.31250000e-02,-5.00000000e-02
1.12720000e-06,1.13125000e+00,1.11250000e+00,-6.25000000e-03,3.12500000e-03
1.12752000e-06,1.05625000e+00,1.13750000e+00,-1.18750000e-02,-2.65625000e-02
1.12784000e-06,1.19375000e+00,1.11250000e+00,-2.87500000e-02,-7.96875000e-02
1.12816000e-06,1.08125000e+00,1.03750000e+00,-3.62500000e-02,-1.57031250e-01
1.12848000e-06,1.13125000e+00,9.25000000e-01,-2.25000000e-02,-9.29687500e-02
1.12880000e-06,1.08125000e+00,1.23750000e+00,-1.43750000e-02,2.57812500e-02
1.12912000e-06,1.18125000e+00,1.11250000e+00,-1.75000000e-02,-4.14062500e-02
1.12944000e-06,1.11875000e+00,1.03750000e+00,-3.06250000e-02,-1.37500000e-01
1.12976000e-06,1.20625000e+00,1.08750000e+00,-1.93750000e-02,-8.67187500e-02
1.13008000e-06,1.18125000e+00,1.01250000e+00,-2.50000000e-02,-4.45312500e-02
1.13040000e-06,1.18125000e+00,1.05000000e+00,3.75000000e-03,-1.82812500e-01
1.13072000e-06,1.18125000e+00,1.07500000e+00,-2.12500000e-02,-1.97656250e-01
1.13104000e-06,1.14375000e+00,9.75000000e-01,-4.37500000e-03,-1.08593750e-01
1.13136000e-06,1.08125000e+00,1.06250000e+00,-2.00000000e-02,-7.34375000e-02
1.13168000e-06,1.16875000e+00,9.50000000e-01,-1.68750000e-02,-7.57812500e-02
1.13200000e-06,1.10625000e+00,1.08750000e+00,-1.93750000e-02,-1.52343750e-01
1.13232000e-06,1.15625000e+00,1.11250000e+00,-1.43750000e-02,-1.69531250e-01
1.13264000e-06,1.16875000e+00,9.75000000e-01,-1.18750000e-02,-1.11718750e-01
1.13296000e-06,1.15625000e+00,9.75000000e-01,-3.37500000e-02,-7.50000000e-02
1.13328000e-06,1.15625000e+00,1.07500000e+00,-2.87500000e-02,-1.11718750e-01
1.13360000e-06,1.21875000e+00,9.75000000e-01,-5.62500000e-02,-1.26562500e-01
1.13392000e-06,1.19375000e+00,1.11250000e+00,-1.93750000e-02,-9.68750000e-02
1.13424000e-06,1.15625000e+00,1.13750000e+00,-4.12500000e-02,-9.37500000e-02
1.13456000e-06,1.11875000e+00,1.15000000e+00,-1.87500000e-02,-1.10156250e-01
1.13488000e-06,1.16875000e+00,1.06250000e+00,-1.43750000e-02,-1.16406250e-01
1.13520000e-06,1.13125000e+00,9.75000000e-01,-2.25000000e-02,-1.85156250e-01
1.13552000e-06,1.15625000e+00,1.03750000e+00,-2.62500000e-02,-1.82812500e-01
1.13584000e-06,1.05625000e+00,1.10000000e+00,-3.00000000e-02,-8.35937500e-02
1.13616000e-06,1.31562500e+00,1.06250000e+00,-1.62500000e-02,-4.53125000e-02
1.13648000e-06,1.18125000e+00,1.10000000e+00,-1.12500000e-02,-9.29687500e-02
1.13680000e-06,9.81250000e-01,1.00000000e+00,-2.87500000e-02,-1.00000000e-01
1.13712000e-06,1.04687500e+00,1.12500000e+00,-3.81250000e-02,-1.36718750e-01
1.13744000e-06,1.15625000e+00,1.01250000e+00,-1.50000000e-02,-7.34375000e-02
1.13776000e-06,1.06875000e+00,1.03750000e+00,-5.81250000e-02,-4.76562500e-02
1.13808000e-06,1.26875000e+00,1.00000000e+00,-8.75000000e-03,-1.29687500e-01
1.13840000e-06,1.19375000e+00,1.16250000e+00,-7.50000000e-03,-1.00000000e-01
1.13872000e-06,1.09375000e+00,1.05000000e+00,-3.31250000e-02,-1.14843750e-01
1.13904000e-06,1.27187500e+00,1.00000000e+00,-4.37500000e-03,-1.18750000e-01
1.13936000e-06,1.24375000e+00,1.00000000e+00,-4.56250000e-02,-8.12500000e-02
1.13968000e-06,1.05625000e+00,1.16250000e+00,-1.37500000e-02,-1.28906250e-01
1.14000000e-06,1.18437500e+00,1.15000000e+00,-9.37500000e-03,-1.13281250e-01
1.14032000e-06,1.14375000e+00,1.11250000e+00,-3.12500000e-02,-1.59375000e-01
1.14064000e-06,1.13125000e+00,1.08750000e+00,-5.12500000e-02,-1.55468750e-01
1.14096000e-06,1.08125000e+00,9.62500000e-01,-1.68750000e-02,-1.13281250e-01
1.14128000e-06,1.15625000e+00,1.11250000e+00,-2.62500000e-02,-6.48437500e-02
1.14160000e-06,1.20625000e+00,1.16250000e+00,-3.37500000e-02,-1.32812500e-02
1.14192000e-06,1.11875000e+00,1.03750000e+00,-2.56250000e-02,-1.15625000e-01
1.14224000e-06,1.11875000e+00,1.03750000e+00,-1.25000000e-03,-1.75781250e-01
1.14256000e-06,1.19375000e+00,1.15000000e+00,-3.81250000e-02,-1.24218750e-01
1.14288000e-06,1.11875000e+00,1.03750000e+00,-2.62500000e-02,-1.03125000e-01
1.14320000e-06,1.16875000e+00,9.37500000e-01,-6.12500000e-02,-1.00781250e-01
1.14352000e-06,1.20625000e+00,1.07500000e+00,-1.12500000e-02,-1.21875000e-01
1.14384000e-06,9.93750000e-01,9.50000000e-01,-1.43750000e-02,-1.40625000e-01
1.14416000e-06,1.15625000e+00,1.12500000e+00,-1.75000000e-02,-1.14062500e-01
1.14448000e-06,1.14375000e+00,1.02500000e+00,-3.81250000e-02,-1.45312500e-01
1.14480000e-06,1.13125000e+00,1.07500000e+00,-1.68750000e-02,-1.64843750e-01
1.14512000e-06,1.25625000e+00,1.16250000e+00,-3.06250000e-02,-1.97656250e-01
1.14544000e-06,1.06875000e+00,1.02500000e+00,-1.87500000e-02,-2.67968750e-01
1.14576000e-06,1.13125000e+00,9.62500000e-01,-2.62500000e-02,-1.73437500e-01
1.14608000e-06,1.10625000e+00,1.12500000e+00,-3.06250000e-02,-4.76562500e-02
1.14640000e-06,1.19375000e+00,1.13750000e+00,-2.87500000e-02,-9.29687500e-02
1.14672000e-06,1.14375000e+00,1.20000000e+00,-3.50000000e-02,-1.60156250e-01
1.14704000e-06,1.04375000e+00,9.12500000e-01,6.25000000e-04,-8.51562500e-02
1.14736000e-06,1.16875000e+00,9.75000000e-01,-3.00000000e-02,-6.79687500e-02
1.14768000e-06,1.19375000e+00,1.21250000e+00,-1.50000000e-02,-9.60937500e-02
1.14800000e-06,1.16875000e+00,1.02500000e+00,-3.12500000e-02,-8.43750000e-02
1.14832000e-06,1.19375000e+00,9.87500000e-01,-2.81250000e-02,-4.84375000e-02
1.14864000e-06,1.15625000e+00,1.08750000e+00,1.25000000e-03,-3.75000000e-02
1.14896000e-06,1.14375000e+00,1.08750000e+00,-4.37500000e-03,-8.90625000e-02
1.14928000e-06,1.10625000e+00,1.16250000e+00,-2.87500000e-02,-5.00000000e-02
1.14960000e-06,1.09375000e+00,1.02500000e+00,-4.12500000e-02,-1.87500000e-02
1.14992000e-06,1.03125000e+00,1.01250000e+00,-2.18750000e-02,-8.28125000e-02
1.15024000e-06,1.05625000e+00,1.10000000e+00,-2.25000000e-02,-7.42187500e-02
1.15056000e-06,1.18125000e+00,1.05000000e+00,-1.68750000e-02,-1.56250000e-02
1.15088000e-06,1.26875000e+00,1.01250000e+00,-2.00000000e-02,-6.71875000e-02
1.15120000e-06,1.08125000e+00,1.20000000e+00,-1.87500000e-03,-8.59375000e-02
1.15152000e-06,1.19375000e+00,1.07500000e+00,-7.50000000e-03,-4.14062500e-02
1.15184000e-06,1.10625000e+00,1.06250000e+00,-5.12500000e-02,-1.26562500e-01
1.15216000e-06,1.05625000e+00,9.75000000e-01,-2.50000000e-02,-8.51562500e-02
1.15248000e-06,1.16875000e+00,1.02500000e+00,-3.75000000e-03,1.32812500e-02
1.15280000e-06,1.10625000e+00,1.07500000e+00,-8.75000000e-03,-3.51562500e-02
1.15312000e-06,1.09375000e+00,1.15000000e+00,-3.87500000e-02,-6.25000000e-02
1.15344000e-06,1.16875000e+00,9.87500000e-01,-3.87500000e-02,-1.94531250e-01
1.15376000e-06,1.23437500e+00,1.10000000e+00,-3.81250000e-02,-1.59375000e-01
1.15408000e-06,1.33750000e+00,1.01250000e+00,-1.62500000e-02,-2.07031250e-01
1.15440000e-06,1.10625000e+00,1.02500000e+00,-1.87500000e-02,-1.25781250e-01
1.15472000e-06,1.24687500e+00,1.10000000e+00,-1.43750000e-02,-1.40625000e-02
1.15504000e-06,1.05625000e+00,9.50000000e-01,-1.18750000e-02,-1.01562500e-01
1.15536000e-06,1.15625000e+00,9.50000000e-01,-2.18750000e-02,-1.43750000e-01
1.15568000e-06,1.18125000e+00,1.12500000e+00,3.12500000e-03,-1.39062500e-01
1.15600000e-06,1.23125000e+00,1.05000000e+00,3.12500000e-03,-1.19531250e-01
1.15632000e-06,1.15625000e+00,1.01250000e+00,-3.06250000e-02,5.46875000e-03
1.15664000e-06,1.21875000e+00,9.50000000e-01,8.12500000e-03,3.67187500e-02
1.15696000e-06,1.15625000e+00,1.21250000e+00,-5.62500000e-02,-2.65625000e-02
1.15728000e-06,1.19375000e+00,1.05000000e+00,-3.37500000e-02,-3.20312500e-02
1.15760000e-06,1.06875000e+00,1.03750000e+00,-5.62500000e-02,-1.22656250e-01
1.15792000e-06,1.23125000e+00,1.06250000e+00,-8.75000000e-03,-4.37500000e-02
1.15824000e-06,1.09375000e+00,1.10000000e+00,-2.00000000e-02,-5.70312500e-02
1.15856000e-06,1.05625000e+00,9.75000000e-01,-2.62500000e-02,-1.82812500e-01
1.15888000e-06,1.08125000e+00,1.11250000e+00,-2.75000000e-02,-1.25000000e-01
1.15920000e-06,1.16875000e+00,1.05000000e+00,-2.12500000e-02,-5.70312500e-02
1.15952000e-06,1.13125000e+00,1.03750000e+00,-1.12500000e-02,-8.51562500e-02
1.15984000e-06,1.09375000e+00,9.87500000e-01,-2.81250000e-02,-8.20312500e-02
1.16016000e-06,1.06875000e+00,1.05000000e+00,1.56250000e-02,-5.07812500e-02
1.16048000e-06,1.09375000e+00,1.12500000e+00,-1.75000000e-02,-8.82812500e-02
1.16080000e-06,1.06875000e+00,9.50000000e-01,-1.18750000e-02,-9.84375000e-02
1.16112000e-06,1.10625000e+00,1.06250000e+00,-3.37500000e-02,-1.52343750e-01
1.16144000e-06,1.08125000e+00,1.06250000e+00,-4.31250000e-02,-1.46093750e-01
1.16176000e-06,1.18437500e+00,9.62500000e-01,3.12500000e-03,-6.40625000e-02
1.16208000e-06,1.28125000e+00,1.10000000e+00,-1.43750000e-02,-4.14062500e-02
1.16240000e-06,1.04375000e+00,1.00000000e+00,-4.06250000e-02,-5.70312500e-02
1.16272000e-06,1.13437500e+00,1.11250000e+00,-2.12500000e-02,-9.45312500e-02
1.16304000e-06,1.19375000e+00,1.07500000e+00,6.25000000e-03,-3.43750000e-02
1.16336000e-06,1.14375000e+00,1.13750000e+00,-3.12500000e-02,-3.51562500e-02
1.16368000e-06,1.05625000e+00,1.01250000e+00,-5.87500000e-02,-8.75000000e-02
1.16400000e-06,1.04375000e+00,1.03750000e+00,-2.81250000e-02,-4.37500000e-02
1.16432000e-06,1.05625000e+00,1.07500000e+00,-1.25000000e-03,-3.98437500e-02
1.16464000e-06,1.16875000e+00,1.16250000e+00,-6.87500000e-03,-6.56250000e-02
1.16496000e-06,1.06875000e+00,1.01250000e+00,-3.56250000e-02,-6.56250000e-02
1.16528000e-06,1.05625000e+00,1.03750000e+00,-1.43750000e-02,-8.35937500e-02
1.16560000e-06,1.23125000e+00,1.11250000e+00,-4.31250000e-02,-1.59375000e-01
1.16592000e-06,1.09375000e+00,1.06250000e+00,-1.87500000e-02,-8.20312500e-02
1.16624000e-06,1.10625000e+00,1.05000000e+00,-3.37500000e-02,1.64062500e-02
1.16656000e-06,1.09375000e+00,1.15000000e+00,-6.87500000e-03,3.20312500e-02
1.16688000e-06,1.10625000e+00,1.03750000e+00,-2.31250000e-02,-1.64062500e-02
1.16720000e-06,1.19375000e+00,9.87500000e-01,-3.12500000e-02,-4.06250000e-02
1.16752000e-06,1.06875000e+00,1.02500000e+00,-3.00000000e-02,-1.06250000e-01
1.16784000e-06,1.10625000e+00,9.75000000e-01,-3.75000000e-03,-1.28125000e-01
1.16816000e-06,1.23125000e+00,1.18750000e+00,-4.37500000e-03,-7.81250000e-02
1.16848000e-06,1.15625000e+00,1.03750000e+00,-4.12500000e-02,-4.45312500e-02
1.16880000e-06,1.06875000e+00,9.75000000e-01,-2.75000000e-02,-6.87500000e-02
1.16912000e-06,1.16875000e+00,9.87500000e-01,-6.87500000e-03,-6.48437500e-02
1.16944000e-06,1.19375000e+00,1.13750000e+00,-4.06250000e-02,-8.12500000e-02
1.16976000e-06,1.09375000e+00,1.05000000e+00,-1.12500000e-02,-4.76562500e-02
1.17008000e-06,1.05625000e+00,1.03750000e+00,-2.18750000e-02,-9.53125000e-02
1.17040000e-06,9.68750000e-01,1.27500000e+00,-1.75000000e-02,-1.88281250e-01
1.17072000e-06,1.14375000e+00,1.06250000e+00,-2.56250000e-02,-1.67187500e-01
1.17104000e-06,1.16875000e+00,9.87500000e-01,-3.75000000e-03,-1.03125000e-01
1.17136000e-06,1.16875000e+00,1.06250000e+00,-2.12500000e-02,-4.29687500e-02
1.17168000e-06,1.28125000e+00,1.05000000e+00,5.62500000e-03,-1.07031250e-01
1.17200000e-06,1.09375000e+00,9.62500000e-01,5.62500000e-03,-1.66406250e-01
1.17232000e-06,1.00625000e+00,1.17500000e+00,-2.81250000e-02,-1.17968750e-01
1.17264000e-06,1.13125000e+00,9.37500000e-01,-2.56250000e-02,-6.48437500e-02
1.17296000e-06,1.21875000e+00,1.07500000e+00,6.25000000e-04,-3.59375000e-02
1.17328000e-06,1.19375000e+00,9.87500000e-01,-2.87500000e-02,-4.06250000e-02
1.17360000e-06,1.08125000e+00,1.06250000e+00,-9.37500000e-03,7.03125000e-03
1.17392000e-06,1.11875000e+00,1.15000000e+00,2.50000000e-03,-2.34375000e-03
1.17424000e-06,1.15625000e+00,1.13750000e+00,-1.93750000e-02,-8.20312500e-02
1.17456000e-06,1.08125000e+00,1.02500000e+00,6.25000000e-04,-6.56250000e-02
1.17488000e-06,1.19375000e+00,1.08750000e+00,-1.75000000e-02,-4.76562500e-02
1.17520000e-06,1.19375000e+00,8.87500000e-01,-3.87500000e-02,-4.14062500e-02
1.17552000e-06,1.19375000e+00,1.17500000e+00,-2.50000000e-02,-6.25000000e-02
1.17584000e-06,1.24375000e+00,1.06250000e+00,-2.56250000e-02,-9.06250000e-02
1.17616000e-06,1.11875000e+00,1.10000000e+00,-2.56250000e-02,-3.90625000e-03
1.17648000e-06,1.19375000e+00,1.08750000e+00,-3.31250000e-02,6.40625000e-02
1.17680000e-06,1.03125000e+00,1.01250000e+00,-1.25000000e-03,1.87500000e-02
1.17712000e-06,1.10625000e+00,9.75000000e-01,-2.50000000e-02,-7.57812500e-02
1.17744000e-06,1.14375000e+00,1.11250000e+00,-3.12500000e-02,-1.42187500e-01
1.17776000e-06,9.81250000e-01,1.01250000e+00,-2.62500000e-02,-7.34375000e-02
1.17808000e-06,1.15625000e+00,1.03750000e+00,-6.87500000e-03,-4.29687500e-02
1.17840000e-06,1.31250000e+00,8.75000000e-01,-1.50000000e-02,-2.57812500e-02
1.17872000e-06,1.21875000e+00,1.00000000e+00,-2.81250000e-02,2.03125000e-02
1.17904000e-06,1.37812500e+00,1.08750000e+00,-1.25000000e-03,2.57812500e-02
1.17936000e-06,1.35312500e+00,1.12500000e+00,-1.93750000e-02,-2.89062500e-02
1.17968000e-06,1.23125000e+00,9.50000000e-01,-3.62500000e-02,-6.25000000e-02
1.18000000e-06,1.15937500e+00,1.05000000e+00,-1.37500000e-02,-9.76562500e-02
1.18032000e-06,1.17187500e+00,1.07500000e+00,1.06250000e-02,-1.25000000e-01
1.18064000e-06,9.31250000e-01,1.10000000e+00,-3.87500000e-02,-9.84375000e-02
1.18096000e-06,1.18125000e+00,1.12500000e+00,-1.18750000e-02,-5.62500000e-02
1.18128000e-06,1.26875000e+00,1.07500000e+00,-3.68750000e-02,-3.67187500e-02
1.18160000e-06,1.24375000e+00,1.00000000e+00,-4.62500000e-02,-1.00000000e-01
1.18192000e-06,1.14375000e+00,1.02500000e+00,-2.56250000e-02,-6.71875000e-02
1.18224000e-06,1.15625000e+00,1.01250000e+00,-1.93750000e-02,-7.18750000e-02
1.18256000e-06,1.10625000e+00,1.10000000e+00,-3.56250000e-02,-1.10156250e-01
1.18288000e-06,1.16875000e+00,1.06250000e+00,-3.06250000e-02,-7.65625000e-02
1.18320000e-06,1.10625000e+00,9.75000000e-01,-2.12500000e-02,-1.10156250e-01
1.18352000e-06,1.11875000e+00,1.01250000e+00,-1.75000000e-02,-5.39062500e-02
1.18384000e-06,1.09375000e+00,1.07500000e+00,-3.62500000e-02,-8.20312500e-02
1.18416000e-06,1.19375000e+00,9.75000000e-01,-1.37500000e-02,-1.11718750e-01
1.18448000e-06,1.15625000e+00,1.10000000e+00,3.12500000e-03,-7.03125000e-02
1.18480000e-06,1.19375000e+00,1.06250000e+00,-1.50000000e-02,-6.25000000e-03
1.18512000e-06,1.19375000e+00,1.12500000e+00,-3.12500000e-02,2.81250000e-02
1.18544000e-06,1.25625000e+00,9.62500000e-01,-3.06250000e-02,-2.50000000e-02
1.18576000e-06,1.10625000e+00,1.02500000e+00,-1.37500000e-02,-1.00000000e-01
1.18608000e-06,1.11875000e+00,1.07500000e+00,-2.00000000e-02,-4.92187500e-02
1.18640000e-06,1.13125000e+00,1.07500000e+00,-3.12500000e-02,-5.00000000e-02
1.18672000e-06,1.16875000e+00,1.17500000e+00,-2.18750000e-02,-7.42187500e-02
1.18704000e-06,1.19375000e+00,1.12500000e+00,-3.62500000e-02,-7.81250000e-02
1.18736000e-06,1.20625000e+00,9.25000000e-01,-1.12500000e-02,-7.89062500e-02
1.18768000e-06,1.05625000e+00,1.00000000e+00,-1.50000000e-02,-1.17968750e-01
1.18800000e-06,1.13125000e+00,1.06250000e+00,-4.37500000e-02,-7.03125000e-02
1.18832000e-06,1.25937500e+00,1.15000000e+00,-3.75000000e-03,-1.17187500e-01
1.18864000e-06,1.30000000e+00,1.13750000e+00,1.06250000e-02,-1.50781250e-01
1.18896000e-06,9.43750000e-01,1.06250000e+00,-2.00000000e-02,-8.67187500e-02
1.18928000e-06,1.10937500e+00,1.00000000e+00,-3.62500000e-02,-1.53125000e-01
1.18960000e-06,1.19375000e+00,1.11250000e+00,-3.50000000e-02,-1.95312500e-01
1.18992000e-06,1.19375000e+00,9.25000000e-01,1.25000000e-03,-1.73437500e-01
1.19024000e-06,1.28125000e+00,1.06250000e+00,-2.75000000e-02,-1.13281250e-01
1.19056000e-06,1.23125000e+00,1.06250000e+00,-1.87500000e-03,-7.57812500e-02
1.19088000e-06,1.14375000e+00,1.03750000e+00,-3.37500000e-02,-1.06250000e-01
1.19120000e-06,1.08125000e+00,1.07500000e+00,-1.93750000e-02,-1.31250000e-01
1.19152000e-06,1.05625000e+00,1.00000000e+00,-3.43750000e-02,-9.37500000e-02
1.19184000e-06,1.21875000e+00,1.07500000e+00,-1.43750000e-02,-1.16406250e-01
1.19216000e-06,1.09375000e+00,1.05000000e+00,-3.18750000e-02,-1.54687500e-01
1.19248000e-06,1.19375000e+00,9.75000000e-01,-1.43750000e-02,-1.52343750e-01
1.19280000e-06,1.28125000e+00,1.26250000e+00,-3.18750000e-02,-1.39062500e-01
1.19312000e-06,1.06875000e+00,1.08750000e+00,-6.87500000e-03,-1.21875000e-01
1.19344000e-06,1.08125000e+00,1.08750000e+00,-1.06250000e-02,-1.01562500e-01
1.19376000e-06,1.08125000e+00,1.05000000e+00,-3.12500000e-02,-7.03125000e-02
1.19408000e-06,9.81250000e-01,9.87500000e-01,-1.68750000e-02,2.34375000e-03
1.19440000e-06,1.13125000e+00,1.11250000e+00,-2.18750000e-02,-4.45312500e-02
1.19472000e-06,1.21875000e+00,1.16250000e+00,-1.75000000e-02,-1.48437500e-01
1.19504000e-06,1.14375000e+00,9.87500000e-01,-2.18750000e-02,-9.92187500e-02
1.19536000e-06,1.10625000e+00,1.08750000e+00,-4.93750000e-02,-1.47656250e-01
1.19568000e-06,1.24375000e+00,1.08750000e+00,-4.81250000e-02,-2.21875000e-01
1.19600000e-06,1.16875000e+00,1.05000000e+00,6.25000000e-04,-1.76562500e-01
1.19632000e-06,1.18125000e+00,1.08750000e+00,-1.50000000e-02,-1.05468750e-01
1.19664000e-06,1.13125000e+00,1.07500000e+00,-3.12500000e-02,-1.50781250e-01
1.19696000e-06,1.24375000e+00,1.06250000e+00,-4.37500000e-02,-1.46875000e-01
1.19728000e-06,1.03125000e+00,9.87500000e-01,-4.50000000e-02,-8.67187500e-02
1.19760000e-06,1.09375000e+00,9.87500000e-01,-2.12500000e-02,-4.92187500e-02
1.19792000e-06,1.25625000e+00,1.16250000e+00,-1.00000000e-02,-9.21875000e-02
1.19824000e-06,1.24375000e+00,1.06250000e+00,-3.62500000e-02,-1.63281250e-01
1.19856000e-06,1.08125000e+00,9.75000000e-01,-6.25000000e-03,-9.06250000e-02
1.19888000e-06,1.10625000e+00,1.03750000e+00,-4.37500000e-03,-9.76562500e-02
1.19920000e-06,1.23125000e+00,1.10000000e+00,-2.81250000e-02,-1.56250000e-03
1.19952000e-06,1.21875000e+00,1.10000000e+00,-2.50000000e-03,2.34375000e-02
1.19984000e-06,1.18125000e+00,1.06250000e+00,-2.56250000e-02,4.68750000e-03
1.20016000e-06,1.20625000e+00,1.05000000e+00,1.25000000e-03,-7.89062500e-02
1.20048000e-06,1.08125000e+00,9.62500000e-01,-2.56250000e-02,-1.06250000e-01
1.20080000e-06,1.21875000e+00,9.25000000e-01,-3.56250000e-02,-1.44531250e-01
1.20112000e-06,1.05625000e+00,1.12500000e+00,-1.68750000e-02,-1.46875000e-01
1.20144000e-06,1.11875000e+00,1.11250000e+00,-1.12500000e-02,-7.18750000e-02
1.20176000e-06,1.14375000e+00,1.08750000e+00,-1.18750000e-02,-6.25000000e-02
1.20208000e-06,1.21875000e+00,1.02500000e+00,1.06250000e-02,-6.79687500e-02
1.20240000e-06,1.15625000e+00,1.02500000e+00,-1.87500000e-03,-1.09375000e-01
1.20272000e-06,1.20625000e+00,9.12500000e-01,-3.12500000e-02,-8.28125000e-02
1.20304000e-06,1.15625000e+00,1.06250000e+00,-1.18750000e-02,-4.68750000e-02
1.20336000e-06,1.04375000e+00,1.15000000e+00,-3.18750000e-02,-6.95312500e-02
1.20368000e-06,1.19375000e+00,1.07500000e+00,-5.81250000e-02,-6.17187500e-02
1.20400000e-06,1.20625000e+00,1.06250000e+00,3.06250000e-02,-5.46875000e-02
1.20432000e-06,1.11875000e+00,9.37500000e-01,-4.06250000e-02,-2.03125000e-02
1.20464000e-06,1.20625000e+00,9.75000000e-01,-4.31250000e-02,-8.75000000e-02
1.20496000e-06,1.18125000e+00,1.10000000e+00,3.56250000e-02,-7.96875000e-02
1.20528000e-06,1.14375000e+00,1.02500000e+00,-4.37500000e-03,-6.48437500e-02
1.20560000e-06,1.06875000e+00,1.10000000e+00,-1.93750000e-02,-7.42187500e-02
1.20592000e-06,1.09375000e+00,9.37500000e-01,-2.00000000e-02,-6.25000000e-02
1.20624000e-06,1.24687500e+00,1.07500000e+00,-5.12500000e-02,-1.25000000e-02
1.20656000e-06,1.30000000e+00,1.07500000e+00,-1.87500000e-02,1.64062500e-02
1.20688000e-06,1.10625000e+00,1.00000000e+00,-2.18750000e-02,-3.12500000e-03
1.20720000e-06,1.13437500e+00,1.02500000e+00,-4.37500000e-03,-2.96875000e-02
1.20752000e-06,1.09375000e+00,1.07500000e+00,-1.00000000e-02,-6.56250000e-02
1.20784000e-06,1.25625000e+00,1.01250000e+00,-4.37500000e-02,-1.42187500e-01
1.20816000e-06,1.16875000e+00,9.25000000e-01,-3.06250000e-02,-9.14062500e-02
1.20848000e-06,1.01875000e+00,1.15000000e+00,-1.62500000e-02,-6.87500000e-02
1.20880000e-06,1.30000000e+00,1.13750000e+00,-1.87500000e-03,-8.12500000e-02
1.20912000e-06,1.19375000e+00,1.15000000e+00,-1.68750000e-02,-1.32812500e-02
1.20944000e-06,1.09375000e+00,1.03750000e+00,-1.68750000e-02,2.34375000e-03
1.20976000e-06,1.13125000e+00,1.02500000e+00,-2.87500000e-02,-2.81250000e-02
1.21008000e-06,1.18125000e+00,1.07500000e+00,-3.87500000e-02,0.00000000e+00
1.21040000e-06,1.19375000e+00,1.08750000e+00,-4.06250000e-02,-6.95312500e-02
1.21072000e-06,1.18125000e+00,1.08750000e+00,-1.25000000e-03,-5.93750000e-02
1.21104000e-06,1.24375000e+00,1.02500000e+00,-9.37500000e-03,8.59375000e-03
1.21136000e-06,1.15625000e+00,1.13750000e+00,-3.31250000e-02,2.96875000e-02
1.21168000e-06,1.13125000e+00,1.10000000e+00,-1.93750000e-02,-2.73437500e-02
1.21200000e-06,1.13125000e+00,1.07500000e+00,-3.50000000e-02,-3.28125000e-02
1.21232000e-06,1.30000000e+00,1.01250000e+00,-2.12500000e-02,-2.96875000e-02
1.21264000e-06,1.13125000e+00,1.15000000e+00,-1.37500000e-02,-1.14843750e-01
1.21296000e-06,1.06875000e+00,1.11250000e+00,-2.87500000e-02,-9.60937500e-02
1.21328000e-06,1.20625000e+00,1.05000000e+00,-4.31250000e-02,-8.98437500e-02
1.21360000e-06,1.19375000e+00,9.87500000e-01,-1.18750000e-02,5.46875000e-03
1.21392000e-06,1.14375000e+00,1.08750000e+00,-1.18750000e-02,3.67187500e-02
1.21424000e-06,1.16875000e+00,1.12500000e+00,-5.37500000e-02,-6.71875000e-02
1.21456000e-06,1.14375000e+00,1.03750000e+00,-4.75000000e-02,-4.06250000e-02
1.21488000e-06,1.18125000e+00,1.11250000e+00,-1.93750000e-02,-2.57812500e-02
1.21520000e-06,1.21875000e+00,1.15000000e+00,-2.75000000e-02,-5.39062500e-02
1.21552000e-06,1.26875000e+00,1.06250000e+00,-6.25000000e-03,-7.81250000e-03
1.21584000e-06,1.23125000e+00,1.20000000e+00,-3.56250000e-02,-9.37500000e-03
1.21616000e-06,1.11875000e+00,1.02500000e+00,-1.87500000e-03,7.81250000e-04
1.21648000e-06,1.06875000e+00,1.13750000e+00,7.50000000e-03,-6.79687500e-02
1.21680000e-06,1.20625000e+00,9.62500000e-01,-1.00000000e-02,-1.40625000e-01
1.21712000e-06,1.13125000e+00,9.75000000e-01,-4.12500000e-02,-2.03125000e-02
1.21744000e-06,1.15625000e+00,1.10000000e+00,-2.50000000e-02,4.06250000e-02
1.21776000e-06,1.11875000e+00,9.62500000e-01,1.25000000e-03,-5.85937500e-02
1.21808000e-06,1.15625000e+00,9.25000000e-01,-4.31250000e-02,-8.43750000e-02
1.21840000e-06,1.14375000e+00,1.12500000e+00,-2.18750000e-02,-1.79687500e-02
1.21872000e-06,1.06875000e+00,1.03750000e+00,1.00000000e-02,-4.14062500e-02
1.21904000e-06,1.18125000e+00,9.12500000e-01,-1.93750000e-02,-2.73437500e-02
1.21936000e-06,1.23125000e+00,1.02500000e+00,-1.25000000e-02,4.76562500e-02
1.21968000e-06,1.11875000e+00,1.06250000e+00,-5.06250000e-02,7.96875000e-02
1.22000000e-06,1.16875000e+00,8.87500000e-01,-8.75000000e-03,2.89062500e-02
1.22032000e-06,1.16875000e+00,1.11250000e+00,-1.93750000e-02,4.76562500e-02
1.22064000e-06,1.16875000e+00,1.02500000e+00,-4.37500000e-02,-7.81250000e-03
1.22096000e-06,1.14375000e+00,1.10000000e+00,-3.50000000e-02,-7.89062500e-02
1.22128000e-06,1.06875000e+00,9.75000000e-01,-3.06250000e-02,-3.90625000e-03
1.22160000e-06,1.14375000e+00,1.01250000e+00,-1.62500000e-02,-2.50000000e-02
1.22192000e-06,1.18125000e+00,9.75000000e-01,-1.50000000e-02,3.12500000e-03
1.22224000e-06,1.18125000e+00,9.75000000e-01,-2.56250000e-02,1.32812500e-02
1.22256000e-06,1.14375000e+00,9.75000000e-01,-1.75000000e-02,-7.34375000e-02
1.22288000e-06,1.11875000e+00,1.02500000e+00,-4.12500000e-02,-2.42187500e-02
1.22320000e-06,1.21875000e+00,9.62500000e-01,-1.37500000e-02,6.25000000e-03
1.22352000e-06,1.24375000e+00,1.06250000e+00,-1.93750000e-02,-7.26562500e-02
1.22384000e-06,1.10625000e+00,1.01250000e+00,-1.18750000e-02,-7.50000000e-02
1.22416000e-06,1.15625000e+00,9.87500000e-01,3.12500000e-03,-1.21093750e-01
1.22448000e-06,1.24375000e+00,1.05000000e+00,-1.68750000e-02,-9.45312500e-02
1.22480000e-06,1.21875000e+00,9.25000000e-01,-4.37500000e-03,-7.65625000e-02
1.22512000e-06,1.03125000e+00,1.07500000e+00,-4.12500000e-02,-4.92187500e-02
1.22544000e-06,1.20625000e+00,1.13750000e+00,-1.93750000e-02,-7.50000000e-02
1.22576000e-06,1.14375000e+00,1.05000000e+00,-2.06250000e-02,-1.67187500e-01
1.22608000e-06,1.14375000e+00,1.06250000e+00,-3.12500000e-02,-1.91406250e-01
1.22640000e-06,1.01875000e+00,9.87500000e-01,-2.81250000e-02,-3.28125000e-02
1.22672000e-06,9.93750000e-01,1.22500000e+00,-3.81250000e-02,7.81250000e-03
1.22704000e-06,1.09375000e+00,1.18750000e+00,-2.18750000e-02,-1.48437500e-02
1.22736000e-06,1.24375000e+00,1.03750000e+00,-2.87500000e-02,-1.71875000e-01
1.22768000e-06,1.10625000e+00,1.03750000e+00,-5.06250000e-02,-1.32812500e-01
1.22800000e-06,1.24375000e+00,1.08750000e+00,-4.25000000e-02,-8.59375000e-03
1.22832000e-06,1.23125000e+00,1.05000000e+00,-2.12500000e-02,-1.38281250e-01
1.22864000e-06,1.25625000e+00,1.15000000e+00,-1.62500000e-02,-1.53906250e-01
1.22896000e-06,9.93750000e-01,1.03750000e+00,-2.87500000e-02,-4.92187500e-02
1.22928000e-06,1.09375000e+00,1.12500000e+00,-4.87500000e-02,0.00000000e+00
1.22960000e-06,1.10625000e+00,1.02500000e+00,-4.37500000e-03,-3.82812500e-02
1.22992000e-06,1.23125000e+00,1.06250000e+00,-1.50000000e-02,-2.65625000e-02
1.23024000e-06,1.06875000e+00,1.03750000e+00,-5.06250000e-02,2.73437500e-02
1.23056000e-06,1.11875000e+00,1.08750000e+00,-6.25000000e-03,-2.26562500e-02
1.23088000e-06,1.19375000e+00,1.05000000e+00,-1.62500000e-02,-5.46875000e-02
1.23120000e-06,1.06875000e+00,1.03750000e+00,-1.75000000e-02,-1.43750000e-01
1.23152000e-06,1.08125000e+00,1.07500000e+00,-3.81250000e-02,-5.23437500e-02
1.23184000e-06,8.93750000e-01,1.03750000e+00,6.25000000e-03,-3.90625000e-02
1.23216000e-06,1.14375000e+00,1.17500000e+00,-1.43750000e-02,-9.37500000e-02
1.23248000e-06,1.15625000e+00,9.37500000e-01,-3.37500000e-02,-1.00781250e-01
1.23280000e-06,1.20625000e+00,9.37500000e-01,-3.00000000e-02,-1.78906250e-01
1.23312000e-06,1.11875000e+00,1.03750000e+00,-1.93750000e-02,-1.21875000e-01
1.23344000e-06,1.01875000e+00,1.17500000e+00,-5.06250000e-02,5.39062500e-02
1.23376000e-06,1.10625000e+00,1.18750000e+00,-3.31250000e-02,-5.31250000e-02
1.23408000e-06,1.16875000e+00,1.03750000e+00,-1.62500000e-02,-9.92187500e-02
1.23440000e-06,1.14375000e+00,9.75000000e-01,-3.62500000e-02,-1.01562500e-02
1.23472000e-06,1.28125000e+00,1.03750000e+00,-6.87500000e-03,-5.46875000e-03
1.23504000e-06,1.09375000e+00,1.05000000e+00,-3.43750000e-02,-1.64062500e-02
1.23536000e-06,1.06875000e+00,8.50000000e-01,-1.93750000e-02,-1.87500000e-02
1.23568000e-06,1.08125000e+00,9.87500000e-01,-5.00000000e-03,-1.56250000e-03
1.23600000e-06,1.14375000e+00,1.05000000e+00,2.50000000e-03,-2.65625000e-02
1.23632000e-06,1.05625000e+00,1.03750000e+00,-4.37500000e-02,-6.25000000e-02
1.23664000e-06,1.14375000e+00,1.01250000e+00,-3.25000000e-02,-5.70312500e-02
1.23696000e-06,1.16875000e+00,1.11250000e+00,-2.56250000e-02,7.03125000e-03
1.23728000e-06,1.19375000e+00,1.08750000e+00,-2.50000000e-02,7.81250000e-04
1.23760000e-06,1.06875000e+00,1.15000000e+00,-6.87500000e-03,-7.42187500e-02
1.23792000e-06,1.18125000e+00,1.03750000e+00,-1.37500000e-02,-6.09375000e-02
1.23824000e-06,1.15625000e+00,1.06250000e+00,-3.37500000e-02,-3.90625000e-02
1.23856000e-06,1.14375000e+00,1.10000000e+00,-1.68750000e-02,-4.53125000e-02
1.23888000e-06,1.08125000e+00,1.17500000e+00,-2.06250000e-02,-1.17187500e-01
1.23920000e-06,1.11875000e+00,9.12500000e-01,-3.12500000e-02,-6.40625000e-02
1.23952000e-06,1.09375000e+00,1.01250000e+00,-1.87500000e-02,-7.65625000e-02
1.23984000e-06,1.18125000e+00,1.07500000e+00,-1.25000000e-02,-8.28125000e-02
1.24016000e-06,1.19375000e+00,1.01250000e+00,-3.87500000e-02,-2.03125000e-02
1.24048000e-06,1.20625000e+00,9.37500000e-01,-2.75000000e-02,-4.76562500e-02
1.24080000e-06,1.03125000e+00,1.08750000e+00,-8.75000000e-03,-7.73437500e-02
1.24112000e-06,1.16875000e+00,1.11250000e+00,-2.75000000e-02,-7.42187500e-02
1.24144000e-06,1.08125000e+00,1.10000000e+00,-1.68750000e-02,-4.76562500e-02
1.24176000e-06,1.13125000e+00,1.02500000e+00,-3.62500000e-02,-4.60937500e-02
1.24208000e-06,1.01875000e+00,1.18750000e+00,-4.37500000e-02,-1.53906250e-01
1.24240000e-06,1.15625000e+00,1.10000000e+00,-2.87500000e-02,-1.17187500e-01
1.24272000e-06,1.21875000e+00,1.05000000e+00,-4.06250000e-02,-1.71875000e-02
1.24304000e-06,1.18125000e+00,1.01250000e+00,-2.18750000e-02,-2.73437500e-02
1.24336000e-06,1.10625000e+00,1.16250000e+00,-2.18750000e-02,1.40625000e-02
1.24368000e-06,1.08125000e+00,1.16250000e+00,-2.87500000e-02,-5.54687500e-02
1.24400000e-06,1.11875000e+00,9.62500000e-01,-2.18750000e-02,-1.34375000e-01
1.24432000e-06,1.05625000e+00,8.50000000e-01,-1.56250000e-02,-7.34375000e-02
1.24464000e-06,1.14375000e+00,1.08750000e+00,-3.31250000e-02,-9.14062500e-02
1.24496000e-06,1.28125000e+00,1.21250000e+00,-3.75000000e-03,-1.51562500e-01
1.24528000e-06,1.08125000e+00,1.00000000e+00,-6.25000000e-03,-9.06250000e-02
1.24560000e-06,1.24375000e+00,1.01250000e+00,-3.87500000e-02,-7.96875000e-02
1.24592000e-06,1.13125000e+00,1.07500000e+00,-5.12500000e-02,-1.53906250e-01
1.24624000e-06,1.15625000e+00,1.03750000e+00,-2.18750000e-02,-6.64062500e-02
1.24656000e-06,1.13125000e+00,1.03750000e+00,1.81250000e-02,-5.23437500e-02
1.24688000e-06,1.10625000e+00,9.87500000e-01,-1.25000000e-02,-4.29687500e-02
1.24720000e-06,1.08125000e+00,1.02500000e+00,-6.37500000e-02,-5.46875000e-02
1.24752000e-06,1.21875000e+00,1.03750000e+00,6.25000000e-03,-1.09375000e-01
1.24784000e-06,1.09375000e+00,1.15000000e+00,-2.00000000e-02,-5.07812500e-02
1.24816000e-06,1.24375000e+00,1.08750000e+00,-6.12500000e-02,-7.81250000e-02
1.24848000e-06,1.13125000e+00,1.11250000e+00,-1.62500000e-02,-1.35156250e-01
1.24880000e-06,1.11875000e+00,9.50000000e-01,2.50000000e-03,-3.98437500e-02
1.24912000e-06,1.25625000e+00,1.21250000e+00,-5.12500000e-02,-2.50000000e-02
1.24944000e-06,1.06875000e+00,8.87500000e-01,-3.75000000e-03,-6.09375000e-02
1.24976000e-06,1.00625000e+00,9.75000000e-01,-1.87500000e-03,3.82812500e-02
1.25008000e-06,1.28125000e+00,1.05000000e+00,-1.75000000e-02,7.81250000e-04
1.25040000e-06,1.26875000e+00,1.03750000e+00,-2.62500000e-02,-7.03125000e-03
1.25072000e-06,1.09375000e+00,1.13750000e+00,-4.56250000e-02,7.81250000e-04
1.25104000e-06,1.10625000e+00,1.15000000e+00,-6.25000000e-03,-1.12500000e-01
1.25136000e-06,1.05625000e+00,8.12500000e-01,-1.93750000e-02,-1.25000000e-01
1.25168000e-06,1.08125000e+00,9.62500000e-01,-9.37500000e-03,-8.12500000e-02
1.25200000e-06,1.23125000e+00,1.00000000e+00,-4.37500000e-02,-9.53125000e-02
1.25232000e-06,1.14375000e+00,1.12500000e+00,-4.37500000e-02,-1.23437500e-01
1.25264000e-06,1.03125000e+00,1.07500000e+00,-4.62500000e-02,-1.96875000e-01
1.25296000e-06,1.05625000e+00,9.25000000e-01,-2.75000000e-02,-1.57812500e-01
1.25328000e-06,1.18125000e+00,1.06250000e+00,-1.87500000e-02,-1.59375000e-01
1.25360000e-06,1.06875000e+00,1.15000000e+00,-3.75000000e-03,-1.20312500e-01
1.25392000e-06,1.11875000e+00,1.05000000e+00,-3.12500000e-02,-6.56250000e-02
1.25424000e-06,1.16875000e+00,1.20000000e+00,-3.87500000e-02,-9.45312500e-02
1.25456000e-06,1.09375000e+00,9.12500000e-01,-3.31250000e-02,-7.57812500e-02
1.25488000e-06,1.13125000e+00,1.01250000e+00,-3.56250000e-02,-7.65625000e-02
1.25520000e-06,1.06875000e+00,1.08750000e+00,-2.12500000e-02,-1.04687500e-01
1.25552000e-06,1.25625000e+00,1.08750000e+00,-1.75000000e-02,-9.60937500e-02
1.25584000e-06,1.15625000e+00,1.16250000e+00,-4.37500000e-03,-1.14843750e-01
1.25616000e-06,1.09375000e+00,1.15000000e+00,2.50000000e-03,-1.89843750e-01
1.25648000e-06,1.23125000e+00,1.17500000e+00,-6.37500000e-02,-1.48437500e-01
1.25680000e-06,1.15625000e+00,1.10000000e+00,-6.25000000e-03,-1.40625000e-01
1.25712000e-06,1.13125000e+00,9.75000000e-01,-3.87500000e-02,-8.82812500e-02
1.25744000e-06,1.09375000e+00,1.06250000e+00,-4.62500000e-02,-1.32812500e-02
1.25776000e-06,1.03125000e+00,1.13750000e+00,-4.87500000e-02,-8.28125000e-02
1.25808000e-06,1.08125000e+00,1.00000000e+00,-1.87500000e-02,-5.70312500e-02
1.25840000e-06,1.18125000e+00,9.50000000e-01,-9.37500000e-03,-3.20312500e-02
1.25872000e-06,1.18125000e+00,1.08750000e+00,-9.37500000e-03,-7.42187500e-02
1.25904000e-06,1.08125000e+00,1.05000000e+00,6.25000000e-04,-8.59375000e-02
1.25936000e-06,1.08125000e+00,1.08750000e+00,-6.87500000e-03,2.42187500e-02
1.25968000e-06,1.16875000e+00,1.02500000e+00,-2.87500000e-02,4.68750000e-02
1.26000000e-06,1.06875000e+00,9.75000000e-01,-3.62500000e-02,-1.56250000e-02
1.26032000e-06,1.15625000e+00,1.02500000e+00,-3.12500000e-02,-5.00000000e-02
1.26064000e-06,1.21875000e+00,1.07500000e+00,-1.37500000e-02,-5.07812500e-02
1.26096000e-06,1.23125000e+00,9.50000000e-01,-1.68750000e-02,-1.09375000e-02
1.26128000e-06,1.20625000e+00,1.08750000e+00,-1.43750000e-02,-8.51562500e-02
1.26160000e-06,1.13125000e+00,9.75000000e-01,-1.18750000e-02,-4.76562500e-02
1.26192000e-06,1.08125000e+00,1.06250000e+00,-2.50000000e-03,3.67187500e-02
1.26224000e-06,1.15625000e+00,9.12500000e-01,-4.62500000e-02,-5.54687500e-02
1.26256000e-06,1.03125000e+00,9.75000000e-01,-4.81250000e-02,-9.68750000e-02
1.26288000e-06,1.23125000e+00,1.05000000e+00,-1.37500000e-02,-8.43750000e-02
1.26320000e-06,1.01875000e+00,1.01250000e+00,-6.87500000e-03,-3.67187500e-02
1.26352000e-06,1.13125000e+00,1.02500000e+00,-2.62500000e-02,-7.65625000e-02
1.26384000e-06,1.15625000e+00,1.05000000e+00,-4.12500000e-02,-1.00000000e-01
1.26416000e-06,1.20625000e+00,9.75000000e-01,-4.37500000e-02,-1.00000000e-01
1.26448000e-06,1.18125000e+00,1.05000000e+00,-3.00000000e-02,-1.31250000e-01
1.26480000e-06,1.15625000e+00,1.08750000e+00,-1.37500000e-02,-1.09375000e-01
1.26512000e-06,1.08125000e+00,1.05000000e+00,-3.81250000e-02,-4.06250000e-02
1.26544000e-06,1.15625000e+00,1.07500000e+00,-3.12500000e-02,-5.39062500e-02
1.26576000e-06,1.18125000e+00,1.07500000e+00,-4.12500000e-02,-1.09375000e-02
1.26608000e-06,1.19375000e+00,1.10000000e+00,-1.87500000e-02,-2.18750000e-02
1.26640000e-06,1.09375000e+00,1.02500000e+00,-6.87500000e-03,-9.14062500e-02
1.26672000e-06,1.19375000e+00,1.01250000e+00,-6.87500000e-03,-1.50781250e-01
1.26704000e-06,1.08125000e+00,1.02500000e+00,-2.25000000e-02,-1.48437500e-01
1.26736000e-06,1.18125000e+00,9.50000000e-01,-3.31250000e-02,-5.46875000e-02
1.26768000e-06,1.16875000e+00,1.12500000e+00,-3.06250000e-02,4.68750000e-03
1.26800000e-06,1.15625000e+00,1.07500000e+00,-1.62500000e-02,-7.81250000e-03
1.26832000e-06,1.10625000e+00,1.11250000e+00,-7.50000000e-03,-4.84375000e-02
1.26864000e-06,1.11875000e+00,9.75000000e-01,-1.93750000e-02,-6.32812500e-02
1.26896000e-06,1.05625000e+00,1.13750000e+00,-1.68750000e-02,-4.60937500e-02
1.26928000e-06,1.10625000e+00,9.62500000e-01,-3.62500000e-02,-4.60937500e-02
1.26960000e-06,1.15625000e+00,1.08750000e+00,-2.00000000e-02,-5.15625000e-02
1.26992000e-06,1.19375000e+00,9.75000000e-01,-2.87500000e-02,-3.67187500e-02
1.27024000e-06,1.10625000e+00,9.87500000e-01,1.25000000e-03,-1.02343750e-01
1.27056000e-06,1.21875000e+00,9.62500000e-01,-4.37500000e-03,-9.21875000e-02
1.27088000e-06,1.01875000e+00,1.03750000e+00,-1.68750000e-02,-1.26562500e-01
1.27120000e-06,1.21875000e+00,9.75000000e-01,-2.00000000e-02,-1.46093750e-01
1.27152000e-06,9.06250000e-01,1.10000000e+00,-3.37500000e-02,-1.82031250e-01
1.27184000e-06,1.08125000e+00,1.02500000e+00,-3.31250000e-02,-1.48437500e-01
1.27216000e-06,1.06875000e+00,1.10000000e+00,-2.50000000e-02,-9.37500000e-02
1.27248000e-06,1.09375000e+00,9.75000000e-01,-2.81250000e-02,-5.46875000e-02
1.27280000e-06,1.08125000e+00,1.10000000e+00,-2.12500000e-02,-5.07812500e-02
1.27312000e-06,1.19375000e+00,1.08750000e+00,-3.93750000e-02,-4.14062500e-02
1.27344000e-06,1.08125000e+00,9.87500000e-01,-2.56250000e-02,-6.64062500e-02
1.27376000e-06,1.10625000e+00,1.20000000e+00,-1.75000000e-02,-1.05468750e-01
1.27408000e-06,1.11875000e+00,1.12500000e+00,-2.18750000e-02,-1.85156250e-01
1.27440000e-06,1.08125000e+00,1.00000000e+00,-4.12500000e-02,-2.36718750e-01
1.27472000e-06,1.10625000e+00,1.03750000e+00,-3.81250000e-02,-2.31250000e-01
1.27504000e-06,9.93750000e-01,1.03750000e+00,-2.12500000e-02,-1.99218750e-01
1.27536000e-06,1.10625000e+00,1.10000000e+00,-1.68750000e-02,-9.60937500e-02
1.27568000e-06,1.21875000e+00,1.05000000e+00,-1.68750000e-02,-7.26562500e-02
1.27600000e-06,1.06875000e+00,1.05000000e+00,-1.00000000e-02,-1.26562500e-01
1.27632000e-06,1.15625000e+00,1.06250000e+00,-8.06250000e-02,-1.75000000e-01
1.27664000e-06,1.09375000e+00,1.18750000e+00,-7.18750000e-02,-2.13281250e-01
1.27696000e-06,1.08125000e+00,1.02500000e+00,-1.12500000e-02,-1.85156250e-01
1.27728000e-06,1.08125000e+00,1.01250000e+00,-2.31250000e-02,-8.51562500e-02
1.27760000e-06,1.20625000e+00,9.87500000e-01,-3.31250000e-02,-1.10937500e-01
1.27792000e-06,1.13125000e+00,1.00000000e+00,-1.25000000e-03,-1.77343750e-01
1.27824000e-06,1.09375000e+00,1.02500000e+00,-1.25000000e-03,-8.82812500e-02
1.27856000e-06,1.14375000e+00,1.00000000e+00,6.25000000e-04,-1.09375000e-01
1.27888000e-06,1.23125000e+00,1.07500000e+00,-3.37500000e-02,-8.82812500e-02
1.27920000e-06,1.28125000e+00,1.06250000e+00,-3.37500000e-02,-1.28906250e-01
1.27952000e-06,1.23125000e+00,1.07500000e+00,-3.37500000e-02,-1.17968750e-01
1.27984000e-06,1.26875000e+00,9.87500000e-01,-4.81250000e-02,-1.66406250e-01
1.28016000e-06,1.25625000e+00,1.02500000e+00,-4.25000000e-02,-1.89843750e-01
1.28048000e-06,1.06875000e+00,1.07500000e+00,8.75000000e-03,-1.80468750e-01
1.28080000e-06,1.14375000e+00,1.01250000e+00,-2.18750000e-02,-1.83593750e-01
1.28112000e-06,1.26875000e+00,1.00000000e+00,-4.87500000e-02,-3.98437500e-02
1.28144000e-06,1.16875000e+00,9.12500000e-01,-1.37500000e-02,-2.34375000e-02
1.28176000e-06,1.14375000e+00,1.11250000e+00,-2.25000000e-02,-1.28125000e-01
1.28208000e-06,1.25625000e+00,9.75000000e-01,-5.37500000e-02,-2.25000000e-01
1.28240000e-06,1.14375000e+00,1.18750000e+00,-8.75000000e-03,-1.82031250e-01
1.28272000e-06,1.09375000e+00,1.12500000e+00,-1.50000000e-02,-9.45312500e-02
1.28304000e-06,1.09375000e+00,1.05000000e+00,-3.37500000e-02,-7.73437500e-02
1.28336000e-06,1.16875000e+00,9.75000000e-01,-2.75000000e-02,-8.12500000e-02
1.28368000e-06,1.18125000e+00,1.00000000e+00,-8.75000000e-03,-1.27343750e-01
1.28400000e-06,1.03125000e+00,1.07500000e+00,-1.87500000e-02,-1.05468750e-01
1.28432000e-06,1.15625000e+00,1.13750000e+00,-7.50000000e-03,-1.57812500e-01
1.28464000e-06,1.23125000e+00,9.12500000e-01,-4.62500000e-02,-1.80468750e-01
1.28496000e-06,1.20625000e+00,9.37500000e-01,-2.12500000e-02,-9.84375000e-02
1.28528000e-06,1.21875000e+00,1.07500000e+00,6.25000000e-04,-7.03125000e-02
1.28560000e-06,1.06875000e+00,1.05000000e+00,-1.18750000e-02,-7.03125000e-02
1.28592000e-06,1.24375000e+00,1.07500000e+00,-1.18750000e-02,-4.68750000e-03
1.28624000e-06,1.11875000e+00,1.13750000e+00,-2.81250000e-02,-4.29687500e-02
1.28656000e-06,1.28125000e+00,1.12500000e+00,-3.37500000e-02,-1.50781250e-01
1.28688000e-06,1.20625000e+00,1.13750000e+00,-4.12500000e-02,-1.64843750e-01
1.28720000e-06,1.18125000e+00,9.75000000e-01,-1.75000000e-02,-1.41406250e-01
1.28752000e-06,1.09375000e+00,1.22500000e+00,-4.06250000e-02,-1.64843750e-01
1.28784000e-06,1.18125000e+00,1.06250000e+00,1.62500000e-02,-2.25781250e-01
1.28816000e-06,1.18125000e+00,1.06250000e+00,3.75000000e-03,-1.85156250e-01
1.28848000e-06,1.14375000e+00,1.06250000e+00,-7.50000000e-03,-6.01562500e-02
1.28880000e-06,1.30000000e+00,9.87500000e-01,-5.12500000e-02,2.42187500e-02
1.28912000e-06,1.11875000e+00,1.03750000e+00,-3.75000000e-02,-3.82812500e-02
1.28944000e-06,1.13125000e+00,1.11250000e+00,-6.25000000e-03,-1.36718750e-01
1.28976000e-06,1.16875000e+00,9.62500000e-01,-1.12500000e-02,-1.22656250e-01
1.29008000e-06,1.05625000e+00,1.07500000e+00,-1.68750000e-02,-8.43750000e-02
1.29040000e-06,1.27187500e+00,9.50000000e-01,-2.25000000e-02,-6.17187500e-02
1.29072000e-06,1.19375000e+00,1.01250000e+00,-6.12500000e-02,-1.07031250e-01
1.29104000e-06,1.19375000e+00,1.17500000e+00,-2.12500000e-02,-1.02343750e-01
1.29136000e-06,1.13437500e+00,1.06250000e+00,-7.50000000e-03,-5.78125000e-02
1.29168000e-06,1.13125000e+00,9.62500000e-01,-4.56250000e-02,1.95312500e-02
1.29200000e-06,1.23125000e+00,1.16250000e+00,1.12500000e-02,-7.81250000e-03
1.29232000e-06,1.21875000e+00,1.01250000e+00,-1.12500000e-02,-3.98437500e-02
1.29264000e-06,1.06875000e+00,9.75000000e-01,-4.37500000e-03,-7.42187500e-02
1.29296000e-06,1.21875000e+00,9.00000000e-01,-1.93750000e-02,-7.10937500e-02
1.29328000e-06,1.20625000e+00,1.05000000e+00,-2.62500000e-02,-1.35937500e-01
1.29360000e-06,1.11875000e+00,1.17500000e+00,-2.56250000e-02,-8.98437500e-02
1.29392000e-06,1.13125000e+00,1.07500000e+00,-1.75000000e-02,-6.25000000e-03
1.29424000e-06,1.10625000e+00,1.11250000e+00,-2.50000000e-02,-6.09375000e-02
1.29456000e-06,1.21875000e+00,1.07500000e+00,-1.12500000e-02,-1.10156250e-01
1.29488000e-06,1.14375000e+00,1.03750000e+00,-3.31250000e-02,-1.06250000e-01
1.29520000e-06,1.08125000e+00,1.05000000e+00,-2.25000000e-02,-1.06250000e-01
1.29552000e-06,1.10625000e+00,1.07500000e+00,-3.68750000e-02,-1.26562500e-01
1.29584000e-06,1.00625000e+00,1.07500000e+00,-3.00000000e-02,-1.32031250e-01
1.29616000e-06,1.30000000e+00,1.07500000e+00,3.75000000e-03,-5.00000000e-02
1.29648000e-06,1.14375000e+00,1.05000000e+00,-2.50000000e-02,-7.81250000e-02
1.29680000e-06,1.13125000e+00,1.00000000e+00,-2.18750000e-02,-6.48437500e-02
1.29712000e-06,1.18125000e+00,1.03750000e+00,-1.25000000e-02,-1.14062500e-01
1.29744000e-06,1.09375000e+00,1.10000000e+00,-5.37500000e-02,-1.18750000e-01
1.29776000e-06,1.15625000e+00,1.08750000e+00,-1.87500000e-02,-5.46875000e-02
1.29808000e-06,1.14375000e+00,1.22500000e+00,-1.43750000e-02,-1.10156250e-01
1.29840000e-06,1.18125000e+00,1.07500000e+00,-2.18750000e-02,-6.17187500e-02
1.29872000e-06,1.08125000e+00,9.37500000e-01,8.12500000e-03,-5.46875000e-02
1.29904000e-06,1.13125000e+00,9.75000000e-01,-1.18750000e-02,-1.32812500e-01
1.29936000e-06,1.26875000e+00,1.05000000e+00,-1.18750000e-02,-1.03125000e-01
1.29968000e-06,1.13125000e+00,1.03750000e+00,-2.62500000e-02,-5.07812500e-02
1.30000000e-06,1.19375000e+00,9.87500000e-01,-1.50000000e-02,-2.89062500e-02
1.30032000e-06,1.14375000e+00,1.15000000e+00,-3.18750000e-02,-2.03125000e-02
1.30064000e-06,1.10625000e+00,9.50000000e-01,-5.06250000e-02,-2.57812500e-02
1.30096000e-06,1.05625000e+00,1.02500000e+00,-3.81250000e-02,-1.25000000e-02
1.30128000e-06,1.14375000e+00,1.13750000e+00,-1.37500000e-02,-4.06250000e-02
1.30160000e-06,1.11875000e+00,9.00000000e-01,-2.25000000e-02,-1.13281250e-01
1.30192000e-06,1.20625000e+00,1.12500000e+00,-3.06250000e-02,-9.06250000e-02
1.30224000e-06,1.11875000e+00,1.18750000e+00,6.25000000e-03,-7.18750000e-02
1.30256000e-06,1.14375000e+00,9.12500000e-01,-2.81250000e-02,-4.53125000e-02
1.30288000e-06,1.13125000e+00,1.10000000e+00,-2.00000000e-02,-5.93750000e-02
1.30320000e-06,1.21875000e+00,1.13750000e+00,-3.12500000e-02,-2.03125000e-02
1.30352000e-06,1.05625000e+00,1.07500000e+00,-2.18750000e-02,-2.34375000e-03
1.30384000e-06,1.15625000e+00,9.87500000e-01,-1.62500000e-02,1.71875000e-02
1.30416000e-06,1.10625000e+00,1.00000000e+00,-2.50000000e-03,-5.31250000e-02
1.30448000e-06,1.15625000e+00,1.10000000e+00,-3.81250000e-02,-9.45312500e-02
1.30480000e-06,1.06875000e+00,1.08750000e+00,-1.37500000e-02,-1.62500000e-01
1.30512000e-06,1.09375000e+00,8.75000000e-01,-1.25000000e-03,-1.80468750e-01
1.30544000e-06,1.23125000e+00,1.08750000e+00,-5.00000000e-03,-1.12500000e-01
1.30576000e-06,1.09375000e+00,1.00000000e+00,-3.37500000e-02,-4.68750000e-02
1.30608000e-06,1.20625000e+00,1.05000000e+00,-3.75000000e-03,-1.35937500e-01
1.30640000e-06,1.14375000e+00,9.87500000e-01,-1.18750000e-02,-1.42968750e-01
1.30672000e-06,1.21875000e+00,1.03750000e+00,-3.06250000e-02,-1.79687500e-02
1.30704000e-06,1.16875000e+00,1.06250000e+00,-3.12500000e-02,-3.67187500e-02
1.30736000e-06,1.19375000e+00,1.21250000e+00,-3.06250000e-02,-1.69531250e-01
1.30768000e-06,1.13125000e+00,1.03750000e+00,-1.75000000e-02,-1.68750000e-01
1.30800000e-06,1.15625000e+00,1.01250000e+00,-3.31250000e-02,-1.50000000e-01
1.30832000e-06,1.08125000e+00,1.08750000e+00,-2.81250000e-02,-7.26562500e-02
1.30864000e-06,1.13125000e+00,1.06250000e+00,-3.25000000e-02,-1.00000000e-01
1.30896000e-06,1.20625000e+00,1.06250000e+00,-1.37500000e-02,-1.81250000e-01
1.30928000e-06,1.14375000e+00,1.13750000e+00,-1.12500000e-02,-1.88281250e-01
1.30960000e-06,1.11875000e+00,1.08750000e+00,-9.37500000e-03,-1.38281250e-01
1.30992000e-06,1.14375000e+00,9.50000000e-01,-1.43750000e-02,-9.14062500e-02
1.31024000e-06,1.21875000e+00,1.05000000e+00,-3.62500000e-02,-1.09375000e-01
1.31056000e-06,1.11875000e+00,1.01250000e+00,-9.37500000e-03,-1.93750000e-01
1.31088000e-06,1.19375000e+00,9.87500000e-01,-2.93750000e-02,-2.03906250e-01
1.31120000e-06,1.26875000e+00,1.05000000e+00,-3.12500000e-02,-1.47656250e-01
1.31152000e-06,1.23125000e+00,1.07500000e+00,-3.37500000e-02,-6.87500000e-02
1.31184000e-06,1.28125000e+00,1.05000000e+00,-3.56250000e-02,-1.16406250e-01
1.31216000e-06,1.05625000e+00,1.02500000e+00,-1.43750000e-02,-2.21093750e-01
1.31248000e-06,1.10625000e+00,1.10000000e+00,-3.06250000e-02,-2.59375000e-01
1.31280000e-06,1.14375000e+00,1.05000000e+00,-6.25000000e-03,-1.38281250e-01
1.31312000e-06,1.10625000e+00,9.87500000e-01,-4.81250000e-02,-5.39062500e-02
1.31344000e-06,1.18125000e+00,1.01250000e+00,-1.68750000e-02,-1.23437500e-01
1.31376000e-06,1.08125000e+00,1.16250000e+00,-5.00000000e-03,-1.47656250e-01
1.31408000e-06,1.19375000e+00,1.05000000e+00,-1.43750000e-02,-1.04687500e-01
1.31440000e-06,1.16875000e+00,9.12500000e-01,3.12500000e-03,-1.27343750e-01
1.31472000e-06,1.05625000e+00,1.10000000e+00,-3.31250000e-02,-2.32812500e-01
1.31504000e-06,1.15625000e+00,1.03750000e+00,6.25000000e-04,-2.25781250e-01
1.31536000e-06,1.05625000e+00,1.00000000e+00,-6.87500000e-03,-1.40625000e-01
1.31568000e-06,1.19375000e+00,1.12500000e+00,-1.75000000e-02,-1.28906250e-01
1.31600000e-06,1.08125000e+00,9.00000000e-01,-2.81250000e-02,-1.17187500e-01
1.31632000e-06,1.13125000e+00,1.01250000e+00,6.25000000e-03,-1.60937500e-01
1.31664000e-06,1.23125000e+00,1.03750000e+00,-3.06250000e-02,-1.07031250e-01
1.31696000e-06,1.16875000e+00,1.01250000e+00,-3.56250000e-02,-3.04687500e-02
1.31728000e-06,9.93750000e-01,1.00000000e+00,-1.43750000e-02,-1.08593750e-01
1.31760000e-06,1.23125000e+00,1.08750000e+00,1.25000000e-03,-1.34375000e-01
1.31792000e-06,1.13125000e+00,9.62500000e-01,-6.87500000e-03,-6.01562500e-02
1.31824000e-06,1.14375000e+00,1.23750000e+00,-1.43750000e-02,-7.34375000e-02
1.31856000e-06,1.10625000e+00,1.16250000e+00,1.31250000e-02,-1.62500000e-01
1.31888000e-06,1.24375000e+00,1.11250000e+00,8.12500000e-03,-2.11718750e-01
1.31920000e-06,1.21875000e+00,1.03750000e+00,-2.25000000e-02,-1.10156250e-01
1.31952000e-06,1.05625000e+00,1.03750000e+00,-4.12500000e-02,-5.23437500e-02
1.31984000e-06,1.10625000e+00,1.03750000e+00,-3.00000000e-02,-5.78125000e-02
1.32016000e-06,1.15625000e+00,1.13750000e+00,-1.37500000e-02,-5.54687500e-02
1.32048000e-06,1.11875000e+00,8.37500000e-01,-3.25000000e-02,-6.40625000e-02
1.32080000e-06,1.13125000e+00,1.11250000e+00,-1.75000000e-02,-1.46875000e-01
1.32112000e-06,1.15625000e+00,9.62500000e-01,-3.37500000e-02,-1.53125000e-01
1.32144000e-06,1.13125000e+00,1.05000000e+00,-3.00000000e-02,-9.53125000e-02
1.32176000e-06,1.20625000e+00,1.16250000e+00,8.75000000e-03,-1.19531250e-01
1.32208000e-06,1.21875000e+00,1.05000000e+00,-3.81250000e-02,-9.37500000e-02
1.32240000e-06,1.19375000e+00,1.00000000e+00,-3.12500000e-02,-4.14062500e-02
1.32272000e-06,1.16875000e+00,9.87500000e-01,-2.00000000e-02,-1.25781250e-01
1.32304000e-06,1.04375000e+00,9.62500000e-01,-2.18750000e-02,-1.67187500e-01
1.32336000e-06,1.11875000e+00,1.11250000e+00,-2.18750000e-02,-1.44531250e-01
1.32368000e-06,1.28125000e+00,1.03750000e+00,-1.50000000e-02,-1.03906250e-01
1.32400000e-06,1.09375000e+00,1.15000000e+00,-3.56250000e-02,-7.89062500e-02
1.32432000e-06,1.00625000e+00,1.17500000e+00,-9.37500000e-03,-1.24218750e-01
1.32464000e-06,1.17187500e+00,9.62500000e-01,-2.75000000e-02,-7.26562500e-02
1.32496000e-06,1.32500000e+00,1.07500000e+00,-3.75000000e-03,-1.09375000e-01
1.32528000e-06,1.21875000e+00,1.08750000e+00,8.75000000e-03,-1.62500000e-01
1.32560000e-06,1.23437500e+00,9.37500000e-01,-1.25000000e-02,-1.44531250e-01
1.32592000e-06,1.20625000e+00,1.25000000e+00,-2.18750000e-02,-9.92187500e-02
1.32624000e-06,1.11875000e+00,1.07500000e+00,-1.50000000e-02,-1.66406250e-01
1.32656000e-06,1.23125000e+00,1.08750000e+00,-2.18750000e-02,-1.75000000e-01
1.32688000e-06,1.16875000e+00,1.08750000e+00,1.81250000e-02,-1.34375000e-01
1.32720000e-06,1.20625000e+00,1.10000000e+00,-3.37500000e-02,-8.90625000e-02
1.32752000e-06,1.24375000e+00,1.01250000e+00,-4.62500000e-02,-6.79687500e-02
1.32784000e-06,1.14375000e+00,1.06250000e+00,-9.37500000e-03,-1.06250000e-01
1.32816000e-06,1.14375000e+00,1.02500000e+00,-2.00000000e-02,-1.79687500e-01
1.32848000e-06,1.19375000e+00,1.03750000e+00,-4.12500000e-02,-2.39062500e-01
1.32880000e-06,1.13125000e+00,1.06250000e+00,-8.75000000e-03,-1.44531250e-01
1.32912000e-06,1.14375000e+00,1.16250000e+00,-2.18750000e-02,-7.73437500e-02
1.32944000e-06,1.10625000e+00,1.03750000e+00,-6.87500000e-03,-8.67187500e-02
1.32976000e-06,1.23125000e+00,1.05000000e+00,-1.68750000e-02,-1.09375000e-01
1.33008000e-06,1.27187500e+00,1.08750000e+00,-1.87500000e-03,-1.21093750e-01
1.33040000e-06,1.37812500e+00,1.06250000e+00,-1.50000000e-02,-1.24218750e-01
1.33072000e-06,1.21875000e+00,9.75000000e-01,-2.18750000e-02,-1.53906250e-01
1.33104000e-06,1.08437500e+00,1.10000000e+00,1.06250000e-02,-1.14062500e-01
1.33136000e-06,1.05937500e+00,1.02500000e+00,-2.00000000e-02,-1.14843750e-01
1.33168000e-06,1.21875000e+00,9.87500000e-01,-4.37500000e-02,-1.19531250e-01
1.33200000e-06,1.13125000e+00,1.06250000e+00,-8.75000000e-03,-9.76562500e-02
1.33232000e-06,1.08125000e+00,1.05000000e+00,-2.25000000e-02,-1.13281250e-01
1.33264000e-06,1.15625000e+00,1.11250000e+00,-3.31250000e-02,-7.18750000e-02
1.33296000e-06,1.19375000e+00,1.05000000e+00,-2.12500000e-02,-6.64062500e-02
1.33328000e-06,1.19375000e+00,1.00000000e+00,-2.50000000e-02,-8.04687500e-02
1.33360000e-06,1.14375000e+00,1.21250000e+00,2.06250000e-02,-1.69531250e-01
1.33392000e-06,1.28125000e+00,9.87500000e-01,-7.50000000e-03,-1.35156250e-01
1.33424000e-06,1.00625000e+00,1.07500000e+00,-3.56250000e-02,-4.60937500e-02
1.33456000e-06,9.93750000e-01,1.11250000e+00,1.37500000e-02,-4.68750000e-02
1.33488000e-06,1.14375000e+00,1.15000000e+00,-2.18750000e-02,-1.71875000e-02
1.33520000e-06,1.18125000e+00,1.15000000e+00,-2.81250000e-02,-6.25000000e-02
1.33552000e-06,1.28125000e+00,1.08750000e+00,-1.25000000e-03,-1.17968750e-01
1.33584000e-06,1.25625000e+00,9.87500000e-01,-8.75000000e-03,-1.73437500e-01
1.33616000e-06,1.10625000e+00,1.12500000e+00,-1.93750000e-02,-1.84375000e-01
1.33648000e-06,1.09375000e+00,1.10000000e+00,-1.43750000e-02,-1.07031250e-01
1.33680000e-06,1.14375000e+00,1.16250000e+00,-1.93750000e-02,-1.20312500e-01
1.33712000e-06,1.14375000e+00,9.50000000e-01,-4.37500000e-03,-1.17968750e-01
1.33744000e-06,1.08125000e+00,9.37500000e-01,1.06250000e-02,1.25000000e-02
1.33776000e-06,1.09375000e+00,1.11250000e+00,-6.87500000e-03,3.04687500e-02
1.33808000e-06,1.16875000e+00,1.05000000e+00,-9.37500000e-03,-3.43750000e-02
1.33840000e-06,1.18125000e+00,1.01250000e+00,-2.18750000e-02,-9.60937500e-02
1.33872000e-06,1.15625000e+00,1.21250000e+00,-4.37500000e-03,-1.50781250e-01
1.33904000e-06,1.06875000e+00,9.75000000e-01,-1.50000000e-02,-1.32031250e-01
1.33936000e-06,1.08125000e+00,1.12500000e+00,-3.06250000e-02,-1.42968750e-01
1.33968000e-06,1.20625000e+00,1.12500000e+00,3.75000000e-03,-1.39843750e-01
1.34000000e-06,1.14375000e+00,1.06250000e+00,-1.93750000e-02,-1.15625000e-01
1.34032000e-06,1.13125000e+00,1.06250000e+00,-1.68750000e-02,-8.51562500e-02
1.34064000e-06,1.03125000e+00,1.06250000e+00,-1.87500000e-03,-8.28125000e-02
1.34096000e-06,1.15625000e+00,1.10000000e+00,-9.37500000e-03,-9.53125000e-02
1.34128000e-06,1.16875000e+00,1.27500000e+00,-3.37500000e-02,-1.25781250e-01
1.34160000e-06,1.13125000e+00,1.03750000e+00,-1.43750000e-02,-6.95312500e-02
1.34192000e-06,1.09375000e+00,1.06250000e+00,-1.50000000e-02,-9.53125000e-02
1.34224000e-06,1.28125000e+00,1.17500000e+00,-6.87500000e-03,-6.87500000e-02
1.34256000e-06,1.10625000e+00,1.05000000e+00,-1.75000000e-02,-1.03125000e-01
1.34288000e-06,1.13125000e+00,1.11250000e+00,-2.81250000e-02,-3.98437500e-02
1.34320000e-06,1.21875000e+00,1.12500000e+00,3.75000000e-03,3.28125000e-02
1.34352000e-06,1.16875000e+00,9.87500000e-01,-3.50000000e-02,-1.56250000e-02
1.34384000e-06,1.09375000e+00,1.12500000e+00,-7.50000000e-03,-3.82812500e-02
1.34416000e-06,1.21875000e+00,1.10000000e+00,-3.62500000e-02,-4.76562500e-02
1.34448000e-06,1.08125000e+00,1.15000000e+00,6.25000000e-03,-4.53125000e-02
1.34480000e-06,1.15625000e+00,9.87500000e-01,-7.50000000e-03,-9.14062500e-02
1.34512000e-06,1.09375000e+00,1.10000000e+00,-4.06250000e-02,-1.77343750e-01
1.34544000e-06,1.25625000e+00,1.15000000e+00,3.75000000e-03,-6.32812500e-02
1.34576000e-06,1.15625000e+00,1.10000000e+00,8.75000000e-03,-9.53125000e-02
1.34608000e-06,1.08125000e+00,8.75000000e-01,-1.93750000e-02,-1.10937500e-01
1.34640000e-06,1.19375000e+00,1.12500000e+00,-9.37500000e-03,-9.06250000e-02
1.34672000e-06,1.26875000e+00,1.16250000e+00,-2.18750000e-02,-4.21875000e-02
1.34704000e-06,1.14375000e+00,1.03750000e+00,-1.87500000e-03,-4.92187500e-02
1.34736000e-06,1.08125000e+00,1.02500000e+00,-1.50000000e-02,-9.45312500e-02
1.34768000e-06,1.10625000e+00,1.05000000e+00,-4.87500000e-02,-5.62500000e-02
1.34800000e-06,1.24375000e+00,9.50000000e-01,-1.12500000e-02,-2.73437500e-02
1.34832000e-06,1.19375000e+00,1.13750000e+00,-1.43750000e-02,-1.15625000e-01
1.34864000e-06,1.26875000e+00,1.03750000e+00,-9.37500000e-03,-1.32812500e-01
1.34896000e-06,1.16875000e+00,1.10000000e+00,-3.06250000e-02,-1.17968750e-01
1.34928000e-06,1.10625000e+00,9.50000000e-01,-4.37500000e-03,-7.96875000e-02
1.34960000e-06,1.13125000e+00,1.07500000e+00,-6.87500000e-03,-1.63281250e-01
1.34992000e-06,1.19375000e+00,1.11250000e+00,5.62500000e-03,-1.71875000e-01
1.35024000e-06,1.13125000e+00,1.01250000e+00,-1.68750000e-02,-1.34375000e-01
1.35056000e-06,1.05625000e+00,1.08750000e+00,-4.37500000e-03,-6.79687500e-02
1.35088000e-06,1.24375000e+00,1.18750000e+00,-9.37500000e-03,-9.76562500e-02
1.35120000e-06,1.16875000e+00,1.01250000e+00,1.06250000e-02,-1.46875000e-01
1.35152000e-06,1.20625000e+00,1.00000000e+00,-2.25000000e-02,-1.73437500e-01
1.35184000e-06,1.28125000e+00,1.00000000e+00,-4.62500000e-02,-1.39062500e-01
1.35216000e-06,1.10625000e+00,1.10000000e+00,-1.87500000e-02,-1.21875000e-01
1.35248000e-06,1.19375000e+00,1.13750000e+00,8.12500000e-03,-6.40625000e-02
1.35280000e-06,1.15625000e+00,1.00000000e+00,1.81250000e-02,-6.79687500e-02
1.35312000e-06,1.14375000e+00,1.17500000e+00,-3.31250000e-02,-8.43750000e-02
1.35344000e-06,1.31250000e+00,1.11250000e+00,-9.37500000e-03,-5.85937500e-02
1.35376000e-06,1.19375000e+00,1.08750000e+00,-2.56250000e-02,-2.18750000e-02
1.35408000e-06,1.11875000e+00,1.06250000e+00,-2.25000000e-02,-1.13281250e-01
1.35440000e-06,1.09375000e+00,9.87500000e-01,-3.62500000e-02,-1.03125000e-01
1.35472000e-06,1.06875000e+00,1.00000000e+00,-3.56250000e-02,-1.45312500e-01
1.35504000e-06,1.13125000e+00,1.11250000e+00,-2.75000000e-02,-2.03125000e-01
1.35536000e-06,1.18125000e+00,1.12500000e+00,-1.18750000e-02,-1.56250000e-01
1.35568000e-06,1.18125000e+00,1.10000000e+00,-4.00000000e-02,-1.98437500e-01
1.35600000e-06,1.26875000e+00,1.11250000e+00,2.62500000e-02,-1.41406250e-01
1.35632000e-06,1.16875000e+00,1.03750000e+00,-4.06250000e-02,-1.00000000e-01
1.35664000e-06,1.32812500e+00,1.07500000e+00,-1.87500000e-03,-1.61718750e-01
1.35696000e-06,1.16875000e+00,1.11250000e+00,-1.31250000e-02,-1.14843750e-01
1.35728000e-06,1.09375000e+00,9.62500000e-01,-3.87500000e-02,-8.51562500e-02
1.35760000e-06,1.28437500e+00,1.05000000e+00,-1.37500000e-02,-3.59375000e-02
1.35792000e-06,1.21875000e+00,1.07500000e+00,-2.00000000e-02,1.48437500e-02
1.35824000e-06,1.09375000e+00,1.05000000e+00,-3.56250000e-02,-8.82812500e-02
1.35856000e-06,1.21875000e+00,1.13750000e+00,1.12500000e-02,-8.82812500e-02
1.35888000e-06,1.13125000e+00,1.11250000e+00,-1.68750000e-02,-8.43750000e-02
1.35920000e-06,1.09375000e+00,1.13750000e+00,-6.87500000e-03,-9.21875000e-02
1.35952000e-06,1.10625000e+00,9.62500000e-01,-3.62500000e-02,-4.92187500e-02
1.35984000e-06,1.14375000e+00,1.15000000e+00,-4.56250000e-02,-2.34375000e-02
1.36016000e-06,1.25625000e+00,1.21250000e+00,-1.25000000e-02,-5.00000000e-02
1.36048000e-06,1.13125000e+00,1.02500000e+00,-4.31250000e-02,-1.17968750e-01
1.36080000e-06,1.10625000e+00,1.10000000e+00,-4.56250000e-02,-1.35937500e-01
1.36112000e-06,1.23125000e+00,1.07500000e+00,-2.50000000e-02,-1.48437500e-01
1.36144000e-06,1.19375000e+00,1.15000000e+00,-1.68750000e-02,-7.03125000e-02
1.36176000e-06,1.06875000e+00,1.21250000e+00,-6.93750000e-02,-2.81250000e-02
1.36208000e-06,1.19375000e+00,1.02500000e+00,-2.12500000e-02,-5.15625000e-02
1.36240000e-06,9.43750000e-01,1.15000000e+00,-1.87500000e-03,-1.11718750e-01
1.36272000e-06,1.09375000e+00,1.16250000e+00,5.62500000e-03,-1.32031250e-01
1.36304000e-06,1.19375000e+00,1.07500000e+00,-2.62500000e-02,-3.67187500e-02
1.36336000e-06,1.06875000e+00,1.01250000e+00,-2.81250000e-02,-9.21875000e-02
1.36368000e-06,1.16875000e+00,1.10000000e+00,-1.68750000e-02,-1.49218750e-01
1.36400000e-06,1.20625000e+00,1.16250000e+00,-2.12500000e-02,-5.15625000e-02
1.36432000e-06,1.24375000e+00,1.13750000e+00,-3.12500000e-02,-5.15625000e-02
1.36464000e-06,1.05625000e+00,1.02500000e+00,-2.62500000e-02,-7.26562500e-02
1.36496000e-06,1.14375000e+00,1.05000000e+00,-3.06250000e-02,-7.26562500e-02
1.36528000e-06,1.10625000e+00,9.50000000e-01,-1.12500000e-02,-9.53125000e-02
1.36560000e-06,1.14375000e+00,1.08750000e+00,-3.81250000e-02,-1.23437500e-01
1.36592000e-06,1.28125000e+00,1.05000000e+00,-4.62500000e-02,-1.21093750e-01
1.36624000e-06,1.18125000e+00,1.20000000e+00,-6.87500000e-03,-1.03125000e-01
1.36656000e-06,1.16875000e+00,1.00000000e+00,-1.93750000e-02,-9.53125000e-02
1.36688000e-06,1.11875000e+00,9.87500000e-01,-1.68750000e-02,-1.35937500e-01
1.36720000e-06,1.08125000e+00,1.10000000e+00,-1.93750000e-02,-1.41406250e-01
1.36752000e-06,1.13125000e+00,1.10000000e+00,-9.37500000e-03,-7.03125000e-02
1.36784000e-06,1.24375000e+00,9.50000000e-01,-2.62500000e-02,-7.26562500e-02
1.36816000e-06,1.13125000e+00,1.07500000e+00,-2.00000000e-02,-1.05468750e-01
1.36848000e-06,1.16875000e+00,1.03750000e+00,-4.68750000e-02,-1.23437500e-01
1.36880000e-06,1.27187500e+00,1.07500000e+00,-2.75000000e-02,-1.12500000e-01
1.36912000e-06,1.25625000e+00,1.18750000e+00,-2.50000000e-02,-1.38281250e-01
1.36944000e-06,9.93750000e-01,1.02500000e+00,8.75000000e-03,-1.33593750e-01
1.36976000e-06,1.17187500e+00,1.02500000e+00,-2.18750000e-02,-1.72656250e-01
1.37008000e-06,1.16875000e+00,1.07500000e+00,-2.00000000e-02,-1.28906250e-01
1.37040000e-06,1.21875000e+00,1.07500000e+00,-1.68750000e-02,-1.61718750e-01
1.37072000e-06,1.21875000e+00,1.02500000e+00,-3.87500000e-02,-1.96093750e-01
1.37104000e-06,1.20625000e+00,9.50000000e-01,-4.06250000e-02,-1.39843750e-01
1.37136000e-06,1.21875000e+00,1.26250000e+00,-4.37500000e-03,-1.95312500e-01
1.37168000e-06,1.18125000e+00,1.07500000e+00,-3.31250000e-02,-1.50781250e-01
1.37200000e-06,1.18125000e+00,1.03750000e+00,-6.87500000e-03,-1.42187500e-01
1.37232000e-06,1.15625000e+00,1.03750000e+00,5.00000000e-03,-1.15625000e-01
1.37264000e-06,1.08125000e+00,1.13750000e+00,-2.25000000e-02,-4.68750000e-02
1.37296000e-06,1.18125000e+00,1.05000000e+00,-3.12500000e-02,-1.00000000e-01
1.37328000e-06,1.14375000e+00,9.62500000e-01,-1.68750000e-02,-6.79687500e-02
1.37360000e-06,1.18125000e+00,1.22500000e+00,-3.06250000e-02,-4.14062500e-02
1.37392000e-06,1.18437500e+00,1.05000000e+00,-1.62500000e-02,-1.54687500e-01
1.37424000e-06,1.36250000e+00,1.01250000e+00,-1.93750000e-02,-8.04687500e-02
1.37456000e-06,1.11875000e+00,1.18750000e+00,-2.87500000e-02,-1.10937500e-01
1.37488000e-06,1.20937500e+00,1.11250000e+00,-3.56250000e-02,-8.20312500e-02
1.37520000e-06,1.16875000e+00,1.03750000e+00,-2.50000000e-02,-6.01562500e-02
1.37552000e-06,1.14375000e+00,1.12500000e+00,-1.93750000e-02,-1.35156250e-01
1.37584000e-06,1.11875000e+00,1.12500000e+00,-2.12500000e-02,-1.03125000e-01
1.37616000e-06,1.30000000e+00,1.03750000e+00,-3.37500000e-02,-5.15625000e-02
1.37648000e-06,1.18125000e+00,1.01250000e+00,-5.37500000e-02,-1.36718750e-01
1.37680000e-06,1.25625000e+00,9.87500000e-01,-3.56250000e-02,-1.61718750e-01
1.37712000e-06,1.18125000e+00,1.07500000e+00,-8.75000000e-03,-1.44531250e-01
1.37744000e-06,1.08125000e+00,1.11250000e+00,-2.50000000e-02,-1.49218750e-01
1.37776000e-06,1.08125000e+00,9.62500000e-01,-1.87500000e-03,-1.53125000e-01
1.37808000e-06,1.14375000e+00,1.07500000e+00,-9.37500000e-03,-8.43750000e-02
1.37840000e-06,1.13125000e+00,1.20000000e+00,-3.62500000e-02,-5.54687500e-02
1.37872000e-06,1.16875000e+00,9.25000000e-01,-2.62500000e-02,-9.76562500e-02
1.37904000e-06,1.21875000e+00,1.11250000e+00,-3.87500000e-02,-1.26562500e-01
1.37936000e-06,1.20625000e+00,9.75000000e-01,-1.87500000e-02,-7.03125000e-02
1.37968000e-06,1.06875000e+00,1.00000000e+00,-2.25000000e-02,-9.21875000e-02
1.38000000e-06,1.25937500e+00,9.62500000e-01,-4.81250000e-02,-1.35156250e-01
1.38032000e-06,1.20625000e+00,1.07500000e+00,3.75000000e-03,-6.32812500e-02
1.38064000e-06,1.20625000e+00,1.10000000e+00,-1.18750000e-02,-6.79687500e-02
1.38096000e-06,1.13437500e+00,1.06250000e+00,-3.37500000e-02,-1.21875000e-01
1.38128000e-06,1.16875000e+00,1.02500000e+00,-2.50000000e-02,-1.82031250e-01
1.38160000e-06,1.06875000e+00,1.12500000e+00,-8.75000000e-03,-1.42968750e-01
1.38192000e-06,1.14375000e+00,1.11250000e+00,-6.25000000e-03,-6.48437500e-02
1.38224000e-06,1.11875000e+00,1.18750000e+00,-2.87500000e-02,-8.43750000e-02
1.38256000e-06,1.18125000e+00,9.12500000e-01,-3.06250000e-02,-2.81250000e-02
1.38288000e-06,1.09375000e+00,1.05000000e+00,-6.87500000e-03,-5.70312500e-02
1.38320000e-06,1.09375000e+00,1.15000000e+00,1.12500000e-02,-3.75000000e-02
1.38352000e-06,1.14375000e+00,1.05000000e+00,5.62500000e-03,-1.09375000e-02
1.38384000e-06,1.16875000e+00,1.11250000e+00,-2.62500000e-02,-1.00781250e-01
1.38416000e-06,1.14375000e+00,1.16250000e+00,-9.37500000e-03,-1.18750000e-01
1.38448000e-06,1.03125000e+00,1.00000000e+00,-3.93750000e-02,-7.50000000e-02
1.38480000e-06,1.14375000e+00,1.11250000e+00,-1.43750000e-02,-9.06250000e-02
1.38512000e-06,1.24375000e+00,1.15000000e+00,-1.31250000e-02,-1.29687500e-01
1.38544000e-06,1.09375000e+00,9.75000000e-01,-3.62500000e-02,-1.07812500e-01
1.38576000e-06,1.10625000e+00,1.23750000e+00,-2.50000000e-02,-1.28125000e-01
1.38608000e-06,1.14375000e+00,1.15000000e+00,-1.62500000e-02,-5.62500000e-02
1.38640000e-06,1.11875000e+00,9.87500000e-01,-3.56250000e-02,1.40625000e-02
1.38672000e-06,1.11875000e+00,1.05000000e+00,-2.62500000e-02,-8.98437500e-02
1.38704000e-06,1.16875000e+00,1.05000000e+00,-8.25000000e-02,-1.75000000e-01
1.38736000e-06,1.24375000e+00,1.25000000e+00,-6.25000000e-03,-1.26562500e-01
1.38768000e-06,1.15625000e+00,1.05000000e+00,-2.18750000e-02,-6.79687500e-02
1.38800000e-06,1.25625000e+00,9.25000000e-01,-9.37500000e-03,-5.00000000e-02
1.38832000e-06,1.23125000e+00,1.05000000e+00,6.25000000e-04,-9.60937500e-02
1.38864000e-06,1.13125000e+00,9.87500000e-01,-7.50000000e-03,-9.37500000e-02
1.38896000e-06,1.06875000e+00,1.10000000e+00,-4.06250000e-02,-8.90625000e-02
1.38928000e-06,1.21875000e+00,1.18750000e+00,3.75000000e-03,-1.57031250e-01
1.38960000e-06,1.16875000e+00,1.06250000e+00,-1.43750000e-02,-1.25781250e-01
1.38992000e-06,1.15625000e+00,1.15000000e+00,-1.18750000e-02,-8.35937500e-02
1.39024000e-06,1.10625000e+00,1.03750000e+00,-2.18750000e-02,-1.26562500e-01
1.39056000e-06,1.04375000e+00,1.07500000e+00,-2.62500000e-02,-1.87500000e-01
1.39088000e-06,1.19375000e+00,1.06250000e+00,-1.93750000e-02,-1.78906250e-01
1.39120000e-06,1.08125000e+00,1.03750000e+00,-1.75000000e-02,-6.17187500e-02
1.39152000e-06,1.16875000e+00,9.87500000e-01,-2.62500000e-02,-2.03125000e-02
1.39184000e-06,1.11875000e+00,1.06250000e+00,-3.37500000e-02,-1.00000000e-01
1.39216000e-06,1.09375000e+00,1.00000000e+00,-3.56250000e-02,-1.39843750e-01
1.39248000e-06,1.18125000e+00,1.25000000e+00,6.25000000e-03,-2.02343750e-01
1.39280000e-06,1.21875000e+00,9.25000000e-01,-8.75000000e-03,-1.89843750e-01
1.39312000e-06,1.09375000e+00,1.05000000e+00,-3.06250000e-02,-1.38281250e-01
1.39344000e-06,1.20625000e+00,1.01250000e+00,3.12500000e-03,-1.48437500e-01
1.39376000e-06,1.16875000e+00,9.50000000e-01,-9.37500000e-03,-8.04687500e-02
1.39408000e-06,1.10625000e+00,1.10000000e+00,8.12500000e-03,-1.00000000e-01
1.39440000e-06,1.20625000e+00,1.06250000e+00,-2.25000000e-02,-1.18750000e-01
1.39472000e-06,1.20625000e+00,1.05000000e+00,-5.62500000e-02,-1.31250000e-01
1.39504000e-06,1.20625000e+00,1.12500000e+00,-1.37500000e-02,-1.89062500e-01
1.39536000e-06,1.09375000e+00,9.75000000e-01,-3.12500000e-02,-1.66406250e-01
1.39568000e-06,9.93750000e-01,1.06250000e+00,-1.93750000e-02,-6.17187500e-02
1.39600000e-06,1.19375000e+00,9.00000000e-01,-1.25000000e-02,-1.33593750e-01
1.39632000e-06,1.19375000e+00,1.13750000e+00,-2.56250000e-02,-1.26562500e-01
1.39664000e-06,1.21875000e+00,1.10000000e+00,-3.62500000e-02,-3.82812500e-02
1.39696000e-06,1.16875000e+00,1.05000000e+00,-2.87500000e-02,3.90625000e-03
1.39728000e-06,1.23125000e+00,9.50000000e-01,-4.12500000e-02,-5.31250000e-02
1.39760000e-06,1.14375000e+00,1.21250000e+00,-2.12500000e-02,-5.46875000e-02
1.39792000e-06,1.18125000e+00,9.75000000e-01,-1.18750000e-02,-5.23437500e-02
1.39824000e-06,1.06875000e+00,1.02500000e+00,-3.12500000e-02,-4.84375000e-02
1.39856000e-06,1.13125000e+00,1.21250000e+00,-3.87500000e-02,-7.81250000e-02
1.39888000e-06,1.21875000e+00,1.08750000e+00,-1.68750000e-02,-5.23437500e-02
1.39920000e-06,1.24375000e+00,1.01250000e+00,-1.93750000e-02,-3.51562500e-02
1.39952000e-06,1.16875000e+00,1.08750000e+00,-1.18750000e-02,-8.43750000e-02
1.39984000e-06,1.21875000e+00,1.02500000e+00,-2.62500000e-02,-4.53125000e-02
1.40016000e-06,1.09375000e+00,1.18750000e+00,-4.87500000e-02,-1.14062500e-01
1.40048000e-06,1.19375000e+00,1.02500000e+00,-3.56250000e-02,-6.64062500e-02
1.40080000e-06,1.18125000e+00,1.16250000e+00,-3.75000000e-03,-3.75000000e-02
1.40112000e-06,1.21875000e+00,1.05000000e+00,-1.12500000e-02,-3.82812500e-02
1.40144000e-06,1.19375000e+00,1.12500000e+00,-1.75000000e-02,-1.01562500e-02
1.40176000e-06,1.21875000e+00,1.07500000e+00,-2.25000000e-02,-3.35937500e-02
1.40208000e-06,1.11875000e+00,9.87500000e-01,-4.62500000e-02,-7.73437500e-02
1.40240000e-06,1.11875000e+00,1.02500000e+00,-4.31250000e-02,-1.03125000e-01
1.40272000e-06,1.25625000e+00,1.12500000e+00,-2.12500000e-02,-1.43750000e-01
1.40304000e-06,1.20625000e+00,1.07500000e+00,-1.68750000e-02,-1.17968750e-01
1.40336000e-06,1.15625000e+00,1.06250000e+00,6.25000000e-04,-6.87500000e-02
1.40368000e-06,1.14375000e+00,1.05000000e+00,-1.68750000e-02,-7.18750000e-02
1.40400000e-06,1.10625000e+00,1.03750000e+00,-2.18750000e-02,-1.18750000e-01
1.40432000e-06,1.24375000e+00,9.50000000e-01,-1.43750000e-02,-1.35937500e-01
1.40464000e-06,1.26875000e+00,1.12500000e+00,3.12500000e-03,-1.78906250e-01
1.40496000e-06,1.30312500e+00,1.05000000e+00,-1.93750000e-02,-1.82031250e-01
1.40528000e-06,1.24375000e+00,1.05000000e+00,5.62500000e-03,-1.57812500e-01
1.40560000e-06,1.15625000e+00,8.87500000e-01,-3.12500000e-02,-6.01562500e-02
1.40592000e-06,1.02187500e+00,1.08750000e+00,-4.37500000e-02,-8.35937500e-02
1.40624000e-06,1.14375000e+00,1.01250000e+00,-1.43750000e-02,-1.03906250e-01
1.40656000e-06,1.15625000e+00,9.62500000e-01,-3.12500000e-02,-5.46875000e-02
1.40688000e-06,1.10625000e+00,1.00000000e+00,-4.31250000e-02,-8.98437500e-02
1.40720000e-06,1.03125000e+00,1.21250000e+00,5.62500000e-03,-7.34375000e-02
1.40752000e-06,1.13125000e+00,9.25000000e-01,-1.93750000e-02,-9.29687500e-02
1.40784000e-06,1.20625000e+00,1.13750000e+00,-4.37500000e-03,-1.66406250e-01
1.40816000e-06,1.21875000e+00,1.02500000e+00,-1.75000000e-02,-1.19531250e-01
1.40848000e-06,1.14375000e+00,1.16250000e+00,-4.31250000e-02,-1.01562500e-01
1.40880000e-06,1.19375000e+00,1.10000000e+00,-1.12500000e-02,-3.51562500e-02
1.40912000e-06,1.13125000e+00,9.50000000e-01,-1.12500000e-02,-2.18750000e-02
1.40944000e-06,1.26875000e+00,9.75000000e-01,-2.25000000e-02,-5.54687500e-02
1.40976000e-06,1.11875000e+00,1.02500000e+00,-9.37500000e-03,-1.02343750e-01
1.41008000e-06,1.35000000e+00,1.01250000e+00,-1.93750000e-02,-8.04687500e-02
1.41040000e-06,1.18125000e+00,1.06250000e+00,5.62500000e-03,-1.06250000e-01
1.41072000e-06,1.01875000e+00,1.05000000e+00,-3.62500000e-02,-9.92187500e-02
1.41104000e-06,1.06875000e+00,1.08750000e+00,-4.31250000e-02,-1.13281250e-01
1.41136000e-06,1.21875000e+00,1.10000000e+00,0.00000000e+00,-1.08593750e-01
1.41168000e-06,1.08125000e+00,1.01250000e+00,-3.56250000e-02,-8.51562500e-02
1.41200000e-06,1.19375000e+00,1.00000000e+00,-8.75000000e-03,-1.49218750e-01
1.41232000e-06,1.13125000e+00,1.05000000e+00,5.62500000e-03,-1.94531250e-01
1.41264000e-06,1.04375000e+00,9.00000000e-01,3.12500000e-03,-1.32812500e-01
1.41296000e-06,1.14375000e+00,1.05000000e+00,-4.37500000e-03,-9.06250000e-02
1.41328000e-06,1.14375000e+00,1.00000000e+00,8.12500000e-03,-1.43750000e-01
1.41360000e-06,1.15625000e+00,1.05000000e+00,-2.56250000e-02,-1.34375000e-01
1.41392000e-06,1.20625000e+00,1.07500000e+00,-1.00000000e-02,-1.19531250e-01
1.41424000e-06,1.14375000e+00,1.01250000e+00,-3.56250000e-02,-9.53125000e-02
1.41456000e-06,1.10625000e+00,1.05000000e+00,-6.25000000e-03,-1.15625000e-01
1.41488000e-06,1.14375000e+00,1.05000000e+00,-3.75000000e-03,-9.06250000e-02
1.41520000e-06,1.03125000e+00,1.03750000e+00,-1.68750000e-02,-1.20312500e-01
1.41552000e-06,1.16875000e+00,1.26250000e+00,-2.56250000e-02,-1.12500000e-01
1.41584000e-06,1.30000000e+00,1.02500000e+00,-9.37500000e-03,-9.21875000e-02
1.41616000e-06,1.14375000e+00,1.21250000e+00,-6.87500000e-03,-5.78125000e-02
1.41648000e-06,1.15625000e+00,1.15000000e+00,-2.25000000e-02,-2.89062500e-02
1.41680000e-06,1.21875000e+00,1.10000000e+00,-2.18750000e-02,-6.79687500e-02
1.41712000e-06,1.19375000e+00,9.12500000e-01,-9.37500000e-03,-6.79687500e-02
1.41744000e-06,1.18437500e+00,9.00000000e-01,-1.18750000e-02,-1.24218750e-01
1.41776000e-06,1.30000000e+00,9.50000000e-01,-2.87500000e-02,-1.24218750e-01
1.41808000e-06,1.15625000e+00,1.06250000e+00,-2.18750000e-02,-9.68750000e-02
1.41840000e-06,1.22187500e+00,1.05000000e+00,-1.75000000e-02,-1.12500000e-01
1.41872000e-06,1.09375000e+00,1.00000000e+00,6.25000000e-04,2.18750000e-02
1.41904000e-06,1.16875000e+00,1.06250000e+00,1.06250000e-02,2.42187500e-02
1.41936000e-06,1.14375000e+00,1.18750000e+00,-1.50000000e-02,-1.00000000e-01
1.41968000e-06,1.19375000e+00,1.05000000e+00,-7.00000000e-02,-8.51562500e-02
1.42000000e-06,1.11875000e+00,1.00000000e+00,-3.75000000e-03,-7.34375000e-02
1.42032000e-06,1.19375000e+00,9.62500000e-01,-2.25000000e-02,-1.99218750e-01
1.42064000e-06,1.15625000e+00,1.02500000e+00,-3.62500000e-02,-1.28125000e-01
1.42096000e-06,1.14375000e+00,1.10000000e+00,-2.56250000e-02,6.09375000e-02
1.42128000e-06,1.08125000e+00,9.62500000e-01,-4.56250000e-02,-3.35937500e-02
1.42160000e-06,1.20625000e+00,1.15000000e+00,1.12500000e-02,-1.30468750e-01
1.42192000e-06,1.14375000e+00,1.03750000e+00,-3.12500000e-02,-9.37500000e-02
1.42224000e-06,1.28125000e+00,9.75000000e-01,-4.62500000e-02,-6.25000000e-02
1.42256000e-06,1.16875000e+00,1.03750000e+00,-1.93750000e-02,-1.05468750e-01
1.42288000e-06,1.26875000e+00,9.62500000e-01,-1.93750000e-02,-1.75000000e-01
1.42320000e-06,1.15625000e+00,1.20000000e+00,-3.62500000e-02,-1.71875000e-01
1.42352000e-06,1.13125000e+00,1.13750000e+00,-1.68750000e-02,-8.59375000e-02
1.42384000e-06,1.20625000e+00,1.08750000e+00,-2.87500000e-02,-1.21875000e-01
1.42416000e-06,1.18125000e+00,1.03750000e+00,-1.68750000e-02,-8.43750000e-02
1.42448000e-06,1.21875000e+00,1.01250000e+00,-6.87500000e-03,-1.64062500e-02
1.42480000e-06,1.09375000e+00,1.12500000e+00,-2.81250000e-02,-8.35937500e-02
1.42512000e-06,1.26875000e+00,9.62500000e-01,6.25000000e-04,-1.37500000e-01
1.42544000e-06,1.16875000e+00,9.12500000e-01,-1.87500000e-03,-1.17968750e-01
1.42576000e-06,1.15625000e+00,1.07500000e+00,-3.87500000e-02,-1.38281250e-01
1.42608000e-06,1.20625000e+00,1.13750000e+00,-1.43750000e-02,-1.40625000e-01
1.42640000e-06,1.10625000e+00,1.07500000e+00,-5.62500000e-03,-1.25000000e-01
1.42672000e-06,1.24375000e+00,1.02500000e+00,-2.56250000e-02,-1.05468750e-01
1.42704000e-06,1.11875000e+00,1.12500000e+00,6.25000000e-03,-1.18750000e-01
1.42736000e-06,1.20625000e+00,1.16250000e+00,-1.93750000e-02,-1.24218750e-01
1.42768000e-06,1.14375000e+00,1.06250000e+00,-1.93750000e-02,-1.23437500e-01
1.42800000e-06,1.28125000e+00,1.05000000e+00,-2.87500000e-02,-8.90625000e-02
1.42832000e-06,1.19375000e+00,1.12500000e+00,-3.87500000e-02,-9.14062500e-02
1.42864000e-06,1.06875000e+00,9.37500000e-01,-3.56250000e-02,-1.33593750e-01
1.42896000e-06,1.20625000e+00,1.01250000e+00,-1.12500000e-02,-1.37500000e-01
1.42928000e-06,1.14375000e+00,1.00000000e+00,-3.75000000e-03,-1.11718750e-01
1.42960000e-06,1.11875000e+00,1.10000000e+00,8.12500000e-03,-7.81250000e-03
1.42992000e-06,1.15625000e+00,1.07500000e+00,-4.56250000e-02,-7.03125000e-02
1.43024000e-06,1.20625000e+00,1.23750000e+00,5.62500000e-03,-1.62500000e-01
1.43056000e-06,1.11875000e+00,1.13750000e+00,-4.37500000e-02,-1.10937500e-01
1.43088000e-06,1.10625000e+00,1.03750000e+00,-4.12500000e-02,-9.29687500e-02
1.43120000e-06,1.18125000e+00,1.07500000e+00,-2.18750000e-02,-1.71093750e-01
1.43152000e-06,1.06875000e+00,1.08750000e+00,-1.00000000e-02,-1.86718750e-01
1.43184000e-06,1.14375000e+00,9.50000000e-01,-2.18750000e-02,-1.88281250e-01
1.43216000e-06,1.14375000e+00,1.13750000e+00,-4.37500000e-03,-1.00000000e-01
1.43248000e-06,1.20625000e+00,1.01250000e+00,-2.62500000e-02,-6.56250000e-02
1.43280000e-06,1.13125000e+00,1.06250000e+00,-3.62500000e-02,-1.13281250e-01
1.43312000e-06,1.20625000e+00,1.03750000e+00,-1.68750000e-02,-9.53125000e-02
1.43344000e-06,1.09375000e+00,1.11250000e+00,6.25000000e-04,-5.78125000e-02
1.43376000e-06,1.08125000e+00,1.07500000e+00,-2.00000000e-02,-7.03125000e-02
1.43408000e-06,1.09375000e+00,1.05000000e+00,-1.43750000e-02,-1.18750000e-01
1.43440000e-06,1.14375000e+00,9.25000000e-01,-9.37500000e-03,-1.33593750e-01
1.43472000e-06,1.11875000e+00,1.01250000e+00,-9.37500000e-03,-1.19531250e-01
1.43504000e-06,1.21875000e+00,1.12500000e+00,-4.87500000e-02,-1.19531250e-01
1.43536000e-06,1.19375000e+00,1.02500000e+00,-4.12500000e-02,-7.89062500e-02
1.43568000e-06,1.25937500e+00,9.12500000e-01,-1.93750000e-02,-2.73437500e-02
1.43600000e-06,1.30000000e+00,9.87500000e-01,-2.00000000e-02,-5.00000000e-02
1.43632000e-06,1.20625000e+00,1.00000000e+00,-2.18750000e-02,-1.16406250e-01
1.43664000e-06,1.12187500e+00,1.13750000e+00,-2.81250000e-02,-1.35156250e-01
1.43696000e-06,1.16875000e+00,1.17500000e+00,6.25000000e-04,-1.73437500e-01
1.43728000e-06,1.20625000e+00,1.11250000e+00,-2.62500000e-02,-1.30468750e-01
1.43760000e-06,1.23125000e+00,1.08750000e+00,-1.43750000e-02,-9.06250000e-02
1.43792000e-06,1.18125000e+00,1.03750000e+00,-2.68750000e-02,-1.60156250e-01
1.43824000e-06,1.19375000e+00,9.37500000e-01,-4.37500000e-02,-1.68750000e-01
1.43856000e-06,1.08125000e+00,1.12500000e+00,-1.43750000e-02,-1.84375000e-01
1.43888000e-06,1.14375000e+00,9.87500000e-01,-1.18750000e-02,-6.01562500e-02
1.43920000e-06,1.20625000e+00,9.75000000e-01,-9.37500000e-03,-6.25000000e-02
1.43952000e-06,1.26875000e+00,1.02500000e+00,8.12500000e-03,-1.08593750e-01
1.43984000e-06,1.04375000e+00,9.50000000e-01,-2.62500000e-02,-1.43750000e-01
1.44016000e-06,1.19375000e+00,9.62500000e-01,-6.37500000e-02,-1.53125000e-01
1.44048000e-06,1.19375000e+00,1.16250000e+00,-3.06250000e-02,-8.35937500e-02
1.44080000e-06,1.18125000e+00,9.12500000e-01,-2.12500000e-02,-8.51562500e-02
1.44112000e-06,1.11875000e+00,9.50000000e-01,-1.62500000e-02,-1.34375000e-01
1.44144000e-06,1.19375000e+00,1.05000000e+00,-4.37500000e-03,-2.08593750e-01
1.44176000e-06,1.11875000e+00,1.12500000e+00,-9.37500000e-03,-1.13281250e-01
1.44208000e-06,1.21875000e+00,1.11250000e+00,1.06250000e-02,-1.24218750e-01
1.44240000e-06,1.14375000e+00,1.10000000e+00,-2.81250000e-02,-2.07031250e-01
1.44272000e-06,1.24375000e+00,1.00000000e+00,-1.93750000e-02,-1.26562500e-01
1.44304000e-06,1.20625000e+00,1.03750000e+00,-1.50000000e-02,-1.31250000e-01
1.44336000e-06,1.11875000e+00,9.37500000e-01,-5.12500000e-02,-1.10156250e-01
1.44368000e-06,1.16875000e+00,1.20000000e+00,-1.87500000e-02,-1.91406250e-01
1.44400000e-06,1.10625000e+00,9.62500000e-01,-1.68750000e-02,-2.12500000e-01
1.44432000e-06,1.10625000e+00,1.07500000e+00,-1.43750000e-02,-1.76562500e-01
1.44464000e-06,1.25625000e+00,1.00000000e+00,-1.75000000e-02,-1.51562500e-01
1.44496000e-06,1.20625000e+00,1.11250000e+00,-5.37500000e-02,-1.28125000e-01
1.44528000e-06,1.24375000e+00,1.08750000e+00,-3.81250000e-02,-1.21875000e-01
1.44560000e-06,1.21875000e+00,1.15000000e+00,-2.12500000e-02,-1.06250000e-01
1.44592000e-06,1.15625000e+00,1.00000000e+00,-2.56250000e-02,-1.25781250e-01
1.44624000e-06,1.23125000e+00,1.06250000e+00,6.25000000e-04,-7.65625000e-02
1.44656000e-06,1.13125000e+00,1.10000000e+00,-6.87500000e-03,-6.01562500e-02
1.44688000e-06,1.22187500e+00,1.00000000e+00,-6.87500000e-03,-9.68750000e-02
1.44720000e-06,1.25625000e+00,1.11250000e+00,-5.00000000e-03,-1.57031250e-01
1.44752000e-06,1.00625000e+00,1.20000000e+00,-4.56250000e-02,-1.13281250e-01
1.44784000e-06,1.17187500e+00,1.11250000e+00,-3.31250000e-02,-5.62500000e-02
1.44816000e-06,1.10625000e+00,1.03750000e+00,-3.75000000e-03,-5.93750000e-02
1.44848000e-06,1.20625000e+00,9.00000000e-01,-1.56250000e-02,-9.37500000e-02
1.44880000e-06,1.24375000e+00,1.08750000e+00,-3.62500000e-02,-6.56250000e-02
1.44912000e-06,1.09375000e+00,1.07500000e+00,-3.50000000e-02,-1.24218750e-01
1.44944000e-06,1.15625000e+00,1.10000000e+00,-2.75000000e-02,-1.67968750e-01
1.44976000e-06,1.16875000e+00,1.10000000e+00,6.25000000e-03,-1.52343750e-01
1.45008000e-06,1.11875000e+00,1.03750000e+00,-1.25000000e-02,-1.43750000e-01
1.45040000e-06,1.16875000e+00,9.75000000e-01,-2.18750000e-02,-1.18750000e-01
1.45072000e-06,1.21875000e+00,1.05000000e+00,-2.00000000e-02,-6.56250000e-02
1.45104000e-06,1.16875000e+00,9.75000000e-01,-2.18750000e-02,-1.10937500e-01
1.45136000e-06,1.10625000e+00,1.06250000e+00,6.25000000e-04,-1.90625000e-01
1.45168000e-06,1.03125000e+00,9.37500000e-01,-4.62500000e-02,-1.30468750e-01
1.45200000e-06,1.08125000e+00,1.15000000e+00,-5.37500000e-02,-1.51562500e-01
1.45232000e-06,1.16875000e+00,1.10000000e+00,-1.43750000e-02,-1.89843750e-01
1.45264000e-06,1.15625000e+00,1.10000000e+00,-9.37500000e-03,-6.95312500e-02
1.45296000e-06,1.19375000e+00,1.07500000e+00,-2.81250000e-02,-1.08593750e-01
1.45328000e-06,1.15625000e+00,1.08750000e+00,-1.87500000e-03,-1.57031250e-01
1.45360000e-06,1.18125000e+00,9.37500000e-01,-3.06250000e-02,-1.57812500e-01
1.45392000e-06,1.05625000e+00,1.11250000e+00,-1.18750000e-02,-1.10937500e-01
1.45424000e-06,1.06875000e+00,1.07500000e+00,-2.25000000e-02,-1.09375000e-01
1.45456000e-06,1.15625000e+00,9.25000000e-01,-1.68750000e-02,-1.87500000e-01
1.45488000e-06,1.28125000e+00,1.00000000e+00,-1.75000000e-02,-1.54687500e-01
1.45520000e-06,1.14375000e+00,1.02500000e+00,-5.87500000e-02,-1.55468750e-01
1.45552000e-06,1.14375000e+00,1.00000000e+00,-3.06250000e-02,-1.04687500e-01
1.45584000e-06,1.21875000e+00,1.13750000e+00,-2.56250000e-02,-1.22656250e-01
1.45616000e-06,1.23125000e+00,9.25000000e-01,-5.56250000e-02,-1.67968750e-01
1.45648000e-06,1.08125000e+00,1.06250000e+00,-3.31250000e-02,-3.90625000e-02
1.45680000e-06,1.11875000e+00,1.00000000e+00,-2.50000000e-02,-5.15625000e-02
1.45712000e-06,1.21875000e+00,1.01250000e+00,-1.93750000e-02,-1.29687500e-01
1.45744000e-06,1.21875000e+00,1.17500000e+00,-2.81250000e-02,-1.58593750e-01
1.45776000e-06,1.11875000e+00,1.16250000e+00,-3.56250000e-02,-1.25781250e-01
1.45808000e-06,1.15625000e+00,1.05000000e+00,-3.75000000e-02,-7.81250000e-03
1.45840000e-06,1.11875000e+00,1.03750000e+00,8.75000000e-03,-1.64062500e-02
1.45872000e-06,1.20625000e+00,1.06250000e+00,-2.50000000e-02,-1.37500000e-01
1.45904000e-06,1.09375000e+00,1.06250000e+00,-9.37500000e-03,-1.57031250e-01
1.45936000e-06,1.30312500e+00,9.87500000e-01,8.12500000e-03,-1.46875000e-01
1.45968000e-06,1.23125000e+00,1.02500000e+00,-1.87500000e-03,-1.35156250e-01
1.46000000e-06,1.03125000e+00,1.18750000e+00,-1.43750000e-02,-4.06250000e-02
1.46032000e-06,1.04687500e+00,1.07500000e+00,-3.12500000e-02,-2.10937500e-02
1.46064000e-06,1.15625000e+00,1.01250000e+00,-4.06250000e-02,-1.13281250e-01
1.46096000e-06,1.21875000e+00,1.10000000e+00,-4.37500000e-03,-1.21093750e-01
1.46128000e-06,1.24687500e+00,1.01250000e+00,-2.81250000e-02,-1.14062500e-01
1.46160000e-06,1.28125000e+00,1.08750000e+00,-3.62500000e-02,-1.78906250e-01
1.46192000e-06,1.14375000e+00,9.75000000e-01,-1.18750000e-02,-2.32031250e-01
1.46224000e-06,1.18437500e+00,9.75000000e-01,-2.56250000e-02,-8.82812500e-02
1.46256000e-06,1.23125000e+00,1.21250000e+00,-1.18750000e-02,-6.87500000e-02
1.46288000e-06,1.05625000e+00,1.11250000e+00,-2.56250000e-02,-3.28125000e-02
1.46320000e-06,1.10625000e+00,1.12500000e+00,-1.93750000e-02,-6.01562500e-02
1.46352000e-06,1.20625000e+00,1.07500000e+00,2.56250000e-02,-1.20312500e-01
1.46384000e-06,1.16875000e+00,1.03750000e+00,-1.87500000e-03,-1.53906250e-01
1.46416000e-06,1.11875000e+00,1.07500000e+00,-1.18750000e-02,-1.21093750e-01
1.46448000e-06,1.08125000e+00,9.25000000e-01,8.12500000e-03,-9.84375000e-02
1.46480000e-06,1.15625000e+00,1.20000000e+00,-1.18750000e-02,-8.90625000e-02
1.46512000e-06,1.24375000e+00,1.07500000e+00,5.62500000e-03,-1.22656250e-01
1.46544000e-06,1.14375000e+00,1.10000000e+00,-4.37500000e-02,-1.53125000e-01
1.46576000e-06,1.08125000e+00,1.00000000e+00,-4.06250000e-02,-1.56250000e-01
1.46608000e-06,1.05625000e+00,1.07500000e+00,-9.37500000e-03,-1.64843750e-01
1.46640000e-06,1.28437500e+00,8.62500000e-01,-1.87500000e-02,-9.76562500e-02
1.46672000e-06,1.21875000e+00,9.50000000e-01,6.25000000e-04,-3.59375000e-02
1.46704000e-06,1.09375000e+00,1.02500000e+00,-2.81250000e-02,-7.10937500e-02
1.46736000e-06,1.07187500e+00,9.75000000e-01,-2.25000000e-02,-7.34375000e-02
1.46768000e-06,1.16875000e+00,1.11250000e+00,-1.93750000e-02,-1.09375000e-01
1.46800000e-06,1.05625000e+00,9.75000000e-01,-2.25000000e-02,-1.42187500e-01
1.46832000e-06,1.16875000e+00,1.07500000e+00,-4.31250000e-02,-7.81250000e-02
1.46864000e-06,1.00625000e+00,1.05000000e+00,1.37500000e-02,-9.92187500e-02
1.46896000e-06,1.18125000e+00,9.75000000e-01,-6.25000000e-03,-1.58593750e-01
1.46928000e-06,1.23125000e+00,1.11250000e+00,-1.68750000e-02,-1.32031250e-01
1.46960000e-06,1.11875000e+00,1.03750000e+00,-1.87500000e-03,-8.43750000e-02
1.46992000e-06,1.13125000e+00,1.00000000e+00,-4.37500000e-03,-9.60937500e-02
1.47024000e-06,1.28125000e+00,1.17500000e+00,-2.81250000e-02,-8.43750000e-02
1.47056000e-06,1.26875000e+00,1.16250000e+00,3.12500000e-03,-8.98437500e-02
1.47088000e-06,1.20625000e+00,9.25000000e-01,-2.00000000e-02,-7.26562500e-02
1.47120000e-06,1.05625000e+00,9.87500000e-01,-1.93750000e-02,-8.04687500e-02
1.47152000e-06,1.26875000e+00,9.50000000e-01,-2.25000000e-02,-1.90625000e-01
1.47184000e-06,1.14375000e+00,9.87500000e-01,-4.37500000e-02,-1.45312500e-01
1.47216000e-06,1.28125000e+00,9.87500000e-01,-3.06250000e-02,-6.32812500e-02
1.47248000e-06,1.08125000e+00,9.75000000e-01,-3.81250000e-02,-7.50000000e-02
1.47280000e-06,1.18125000e+00,1.00000000e+00,-1.37500000e-02,-1.20312500e-01
1.47312000e-06,1.14375000e+00,9.75000000e-01,5.62500000e-03,-1.10156250e-01
1.47344000e-06,1.11875000e+00,1.01250000e+00,-2.87500000e-02,-9.60937500e-02
1.47376000e-06,1.23437500e+00,1.21250000e+00,-3.06250000e-02,-8.98437500e-02
1.47408000e-06,1.34062500e+00,9.87500000e-01,-1.43750000e-02,-4.92187500e-02
1.47440000e-06,1.23125000e+00,1.07500000e+00,-8.75000000e-03,-1.70312500e-01
1.47472000e-06,1.12187500e+00,9.25000000e-01,1.06250000e-02,-1.77343750e-01
1.47504000e-06,1.17187500e+00,1.17500000e+00,-3.37500000e-02,-6.09375000e-02
1.47536000e-06,1.14375000e+00,1.12500000e+00,-9.37500000e-03,-3.59375000e-02
1.47568000e-06,1.11875000e+00,9.62500000e-01,-1.50000000e-02,-7.73437500e-02
1.47600000e-06,1.06875000e+00,1.01250000e+00,-4.12500000e-02,-1.19531250e-01
1.47632000e-06,1.04375000e+00,1.06250000e+00,-3.06250000e-02,-2.55468750e-01
1.47664000e-06,1.04375000e+00,1.01250000e+00,1.31250000e-02,-2.17187500e-01
1.47696000e-06,1.11875000e+00,1.06250000e+00,-3.75000000e-03,-1.63281250e-01
1.47728000e-06,1.05625000e+00,9.37500000e-01,-2.18750000e-02,-1.04687500e-01
1.47760000e-06,1.10625000e+00,8.75000000e-01,-2.87500000e-02,-1.02343750e-01
1.47792000e-06,1.15625000e+00,1.06250000e+00,-2.62500000e-02,-8.28125000e-02
1.47824000e-06,1.25625000e+00,1.12500000e+00,-4.37500000e-02,-1.42968750e-01
1.47856000e-06,1.18125000e+00,1.06250000e+00,-1.93750000e-02,-1.65625000e-01
1.47888000e-06,1.06875000e+00,1.08750000e+00,-3.06250000e-02,-9.76562500e-02
1.47920000e-06,1.15625000e+00,9.37500000e-01,-3.75000000e-03,-6.40625000e-02
1.47952000e-06,1.13125000e+00,9.87500000e-01,-1.43750000e-02,-1.35937500e-01
1.47984000e-06,1.30000000e+00,1.03750000e+00,-3.31250000e-02,-1.64062500e-01
1.48016000e-06,1.05625000e+00,9.87500000e-01,-2.18750000e-02,-1.27343750e-01
1.48048000e-06,1.23125000e+00,1.08750000e+00,-1.62500000e-02,-1.92968750e-01
1.48080000e-06,1.21875000e+00,1.00000000e+00,-1.87500000e-03,-1.66406250e-01
1.48112000e-06,1.14375000e+00,1.01250000e+00,-2.56250000e-02,-1.07031250e-01
1.48144000e-06,1.10625000e+00,9.75000000e-01,-2.00000000e-02,-8.12500000e-02
1.48176000e-06,1.26875000e+00,9.00000000e-01,-4.06250000e-02,-9.92187500e-02
1.48208000e-06,1.19375000e+00,1.12500000e+00,-3.75000000e-03,-5.62500000e-02
1.48240000e-06,1.15625000e+00,9.75000000e-01,-2.12500000e-02,-4.53125000e-02
1.48272000e-06,1.15625000e+00,1.05000000e+00,-9.37500000e-03,-5.93750000e-02
1.48304000e-06,1.33750000e+00,1.06250000e+00,-1.68750000e-02,-1.28125000e-01
1.48336000e-06,1.10625000e+00,1.03750000e+00,-1.68750000e-02,-1.71093750e-01
1.48368000e-06,1.08125000e+00,1.16250000e+00,-2.62500000e-02,-3.28125000e-02
1.48400000e-06,1.16875000e+00,1.05000000e+00,-2.56250000e-02,-2.10937500e-02
1.48432000e-06,1.14375000e+00,9.75000000e-01,-3.87500000e-02,-1.53906250e-01
1.48464000e-06,1.24375000e+00,1.20000000e+00,-1.12500000e-02,-1.68750000e-01
1.48496000e-06,1.19375000e+00,1.06250000e+00,-8.12500000e-03,-7.96875000e-02
1.48528000e-06,1.09375000e+00,1.02500000e+00,-3.12500000e-02,-1.00781250e-01
1.48560000e-06,1.21875000e+00,1.01250000e+00,-2.50000000e-02,-1.53125000e-01
1.48592000e-06,1.20625000e+00,1.01250000e+00,-1.62500000e-02,-8.67187500e-02
1.48624000e-06,1.04375000e+00,9.62500000e-01,-4.56250000e-02,-9.45312500e-02
1.48656000e-06,1.08125000e+00,1.15000000e+00,-2.62500000e-02,-1.08593750e-01
1.48688000e-06,1.13125000e+00,9.87500000e-01,-3.56250000e-02,-9.53125000e-02
1.48720000e-06,1.26875000e+00,1.11250000e+00,3.75000000e-03,-1.46875000e-01
1.48752000e-06,1.09375000e+00,9.37500000e-01,-1.93750000e-02,-9.29687500e-02
1.48784000e-06,1.11875000e+00,1.10000000e+00,-3.06250000e-02,-9.37500000e-02
1.48816000e-06,1.30000000e+00,1.05000000e+00,-1.25000000e-03,-8.35937500e-02
1.48848000e-06,1.13125000e+00,9.37500000e-01,-2.50000000e-02,-8.98437500e-02
1.48880000e-06,1.26875000e+00,1.10000000e+00,-6.87500000e-03,-1.22656250e-01
1.48912000e-06,1.21875000e+00,1.08750000e+00,-4.37500000e-03,-6.09375000e-02
1.48944000e-06,1.16875000e+00,1.01250000e+00,-2.62500000e-02,-1.31250000e-01
1.48976000e-06,1.31562500e+00,1.05000000e+00,-2.56250000e-02,-1.82812500e-01
1.49008000e-06,1.19375000e+00,1.02500000e+00,-1.50000000e-02,-1.57031250e-01
1.49040000e-06,1.08125000e+00,9.37500000e-01,-5.06250000e-02,-1.11718750e-01
1.49072000e-06,1.09687500e+00,9.50000000e-01,-3.75000000e-03,-6.79687500e-02
1.49104000e-06,1.13125000e+00,1.21250000e+00,-4.37500000e-03,-5.62500000e-02
1.49136000e-06,1.16875000e+00,1.11250000e+00,-9.37500000e-03,-6.56250000e-02
1.49168000e-06,1.14375000e+00,9.62500000e-01,-1.43750000e-02,-1.36718750e-01
1.49200000e-06,1.11875000e+00,9.25000000e-01,-3.87500000e-02,-1.78906250e-01
1.49232000e-06,1.03125000e+00,1.00000000e+00,-1.18750000e-02,-4.60937500e-02
1.49264000e-06,1.27187500e+00,1.01250000e+00,-2.25000000e-02,-1.56250000e-03
1.49296000e-06,1.16875000e+00,1.17500000e+00,-2.87500000e-02,-1.04687500e-01
1.49328000e-06,1.03125000e+00,1.17500000e+00,-5.62500000e-02,-1.89843750e-01
1.49360000e-06,1.23437500e+00,1.11250000e+00,-4.06250000e-02,-1.28125000e-01
1.49392000e-06,1.08125000e+00,1.10000000e+00,-2.75000000e-02,-7.26562500e-02
1.49424000e-06,1.06875000e+00,1.13750000e+00,-1.37500000e-02,-1.23437500e-01
1.49456000e-06,1.16875000e+00,9.00000000e-01,-2.62500000e-02,-1.78906250e-01
1.49488000e-06,1.10625000e+00,1.12500000e+00,-1.68750000e-02,-1.39843750e-01
1.49520000e-06,1.11875000e+00,1.03750000e+00,-1.06250000e-02,-9.76562500e-02
1.49552000e-06,1.09375000e+00,1.10000000e+00,-3.62500000e-02,-7.26562500e-02
1.49584000e-06,1.06875000e+00,9.37500000e-01,-2.75000000e-02,-1.07812500e-01
1.49616000e-06,1.30000000e+00,1.10000000e+00,-8.75000000e-03,-4.53125000e-02
1.49648000e-06,1.13125000e+00,1.02500000e+00,-3.31250000e-02,-2.26562500e-02
1.49680000e-06,9.93750000e-01,1.00000000e+00,-4.12500000e-02,-5.07812500e-02
1.49712000e-06,1.20625000e+00,9.50000000e-01,-4.12500000e-02,-1.14062500e-01
1.49744000e-06,1.11875000e+00,1.18750000e+00,-1.37500000e-02,-1.52343750e-01
1.49776000e-06,1.24375000e+00,1.15000000e+00,-3.12500000e-02,-2.10156250e-01
1.49808000e-06,1.09375000e+00,1.05000000e+00,-5.62500000e-02,-1.32812500e-01
1.49840000e-06,1.23125000e+00,1.01250000e+00,-6.87500000e-03,-1.38281250e-01
1.49872000e-06,1.19375000e+00,1.01250000e+00,1.31250000e-02,-2.10156250e-01
1.49904000e-06,1.18125000e+00,1.06250000e+00,-3.87500000e-02,-1.89843750e-01
1.49936000e-06,1.25625000e+00,9.75000000e-01,6.25000000e-04,-1.06250000e-01
1.49968000e-06,1.19375000e+00,1.00000000e+00,-3.18750000e-02,-8.59375000e-02
1.50000000e-06,1.23437500e+00,1.00000000e+00,-1.87500000e-03,-1.53906250e-01
1.50032000e-06,1.24375000e+00,1.01250000e+00,-8.12500000e-03,-1.86718750e-01
1.50064000e-06,1.06875000e+00,1.01250000e+00,-2.81250000e-02,-1.41406250e-01
1.50096000e-06,1.09687500e+00,9.75000000e-01,-3.81250000e-02,-6.87500000e-02
1.50128000e-06,1.28437500e+00,1.10000000e+00,-5.56250000e-02,-1.40625000e-02
1.50160000e-06,1.33750000e+00,1.07500000e+00,-5.62500000e-02,2.65625000e-02
1.50192000e-06,1.14375000e+00,1.13750000e+00,-3.75000000e-03,-1.32812500e-02
1.50224000e-06,1.03437500e+00,9.87500000e-01,-4.37500000e-03,-1.46875000e-01
1.50256000e-06,1.08125000e+00,1.03750000e+00,-4.37500000e-03,-1.96875000e-01
1.50288000e-06,1.14375000e+00,1.06250000e+00,-4.37500000e-02,-1.85937500e-01
1.50320000e-06,1.20625000e+00,1.02500000e+00,-4.12500000e-02,-8.59375000e-02
1.50352000e-06,1.25625000e+00,1.05000000e+00,-2.87500000e-02,-6.79687500e-02
1.50384000e-06,1.11875000e+00,1.13750000e+00,-3.00000000e-02,-1.05468750e-01
1.50416000e-06,1.20625000e+00,1.02500000e+00,-2.81250000e-02,-1.17187500e-01
1.50448000e-06,1.21875000e+00,9.50000000e-01,-3.25000000e-02,-1.68750000e-01
1.50480000e-06,1.10625000e+00,9.37500000e-01,1.06250000e-02,-2.10937500e-01
1.50512000e-06,1.08125000e+00,1.10000000e+00,-9.37500000e-03,-1.63281250e-01
1.50544000e-06,1.16875000e+00,1.01250000e+00,-6.87500000e-03,-4.92187500e-02
1.50576000e-06,1.19375000e+00,1.00000000e+00,-9.37500000e-03,-4.68750000e-02
1.50608000e-06,1.11875000e+00,1.10000000e+00,-9.37500000e-03,-9.68750000e-02
1.50640000e-06,1.03125000e+00,1.07500000e+00,5.62500000e-03,-7.81250000e-02
1.50672000e-06,1.14375000e+00,1.16250000e+00,-3.62500000e-02,-1.64843750e-01
1.50704000e-06,1.24375000e+00,1.11250000e+00,-3.31250000e-02,-1.54687500e-01
1.50736000e-06,1.14375000e+00,9.75000000e-01,-1.93750000e-02,-9.21875000e-02
1.50768000e-06,1.11875000e+00,1.10000000e+00,-6.25000000e-03,-1.42968750e-01
1.50800000e-06,1.13125000e+00,1.10000000e+00,-1.43750000e-02,-1.25000000e-01
1.50832000e-06,1.10625000e+00,9.75000000e-01,-3.12500000e-02,-9.60937500e-02
1.50864000e-06,1.23125000e+00,9.62500000e-01,-5.12500000e-02,-1.00000000e-01
1.50896000e-06,1.14375000e+00,1.07500000e+00,-1.93750000e-02,-1.57812500e-01
1.50928000e-06,1.14375000e+00,9.75000000e-01,-3.37500000e-02,-2.26562500e-01
1.50960000e-06,1.21875000e+00,1.08750000e+00,-1.18750000e-02,-2.56250000e-01
1.50992000e-06,1.10625000e+00,9.62500000e-01,-1.81250000e-02,-1.85156250e-01
1.51024000e-06,1.10625000e+00,1.02500000e+00,-2.18750000e-02,-7.73437500e-02
1.51056000e-06,1.13125000e+00,1.05000000e+00,-1.43750000e-02,-1.15625000e-01
1.51088000e-06,1.05625000e+00,1.02500000e+00,-1.00000000e-02,-1.76562500e-01
1.51120000e-06,1.11875000e+00,1.01250000e+00,-3.37500000e-02,-1.15625000e-01
1.51152000e-06,1.04375000e+00,1.08750000e+00,-8.75000000e-03,-8.35937500e-02
1.51184000e-06,1.08125000e+00,1.05000000e+00,-3.37500000e-02,-1.33593750e-01
1.51216000e-06,1.13437500e+00,1.15000000e+00,-1.93750000e-02,-1.16406250e-01
1.51248000e-06,1.31250000e+00,1.00000000e+00,-1.75000000e-02,-1.19531250e-01
1.51280000e-06,1.10625000e+00,9.12500000e-01,-9.37500000e-03,-9.84375000e-02
1.51312000e-06,1.17187500e+00,9.62500000e-01,-1.18750000e-02,-1.59375000e-01
1.51344000e-06,1.11875000e+00,1.11250000e+00,-2.56250000e-02,-1.71875000e-01
1.51376000e-06,1.16875000e+00,1.02500000e+00,-3.12500000e-02,-1.32031250e-01
1.51408000e-06,1.21875000e+00,1.05000000e+00,-2.18750000e-02,-1.14062500e-01
1.51440000e-06,1.05625000e+00,1.05000000e+00,-3.37500000e-02,-7.50000000e-02
1.51472000e-06,1.11875000e+00,1.03750000e+00,3.12500000e-03,-1.32031250e-01
1.51504000e-06,1.09375000e+00,1.21250000e+00,-3.37500000e-02,-1.16406250e-01
1.51536000e-06,1.00625000e+00,1.03750000e+00,-2.56250000e-02,-6.56250000e-02
1.51568000e-06,1.26875000e+00,1.05000000e+00,-3.12500000e-02,-7.34375000e-02
1.51600000e-06,1.13125000e+00,1.12500000e+00,-3.31250000e-02,-4.45312500e-02
1.51632000e-06,1.15625000e+00,9.00000000e-01,-3.12500000e-02,-2.50000000e-02
1.51664000e-06,1.13125000e+00,1.06250000e+00,-4.56250000e-02,-1.56250000e-03
1.51696000e-06,1.18125000e+00,1.06250000e+00,-8.75000000e-03,-3.43750000e-02
1.51728000e-06,1.06875000e+00,1.01250000e+00,1.81250000e-02,-9.29687500e-02
1.51760000e-06,1.20625000e+00,1.00000000e+00,-4.62500000e-02,-1.37500000e-01
1.51792000e-06,1.09375000e+00,1.03750000e+00,-4.31250000e-02,-8.51562500e-02
1.51824000e-06,1.03125000e+00,1.00000000e+00,-9.37500000e-03,-1.26562500e-01
1.51856000e-06,1.08125000e+00,1.10000000e+00,-3.56250000e-02,-7.73437500e-02
1.51888000e-06,1.30000000e+00,1.02500000e+00,-3.62500000e-02,-8.90625000e-02
1.51920000e-06,1.14375000e+00,1.07500000e+00,-2.62500000e-02,-1.87500000e-01
1.51952000e-06,1.21875000e+00,1.22500000e+00,-3.56250000e-02,-2.14062500e-01
1.51984000e-06,1.19375000e+00,1.10000000e+00,-4.81250000e-02,-1.05468750e-01
1.52016000e-06,1.18125000e+00,1.00000000e+00,-2.75000000e-02,-1.50781250e-01
1.52048000e-06,1.16875000e+00,1.02500000e+00,-9.37500000e-03,-1.89062500e-01
1.52080000e-06,1.13125000e+00,9.25000000e-01,-4.25000000e-02,-1.07812500e-01
1.52112000e-06,1.10625000e+00,9.87500000e-01,-1.12500000e-02,-9.45312500e-02
1.52144000e-06,1.19375000e+00,1.10000000e+00,-3.31250000e-02,-1.48437500e-02
1.52176000e-06,1.09375000e+00,1.05000000e+00,-2.56250000e-02,4.68750000e-03
1.52208000e-06,1.08125000e+00,9.62500000e-01,1.06250000e-02,-5.62500000e-02
1.52240000e-06,1.16875000e+00,1.11250000e+00,-3.56250000e-02,-4.21875000e-02
1.52272000e-06,1.19375000e+00,9.00000000e-01,-2.56250000e-02,-6.25000000e-02
1.52304000e-06,1.11875000e+00,9.37500000e-01,5.62500000e-03,-1.22656250e-01
1.52336000e-06,1.13125000e+00,1.10000000e+00,-3.56250000e-02,-1.63281250e-01
1.52368000e-06,1.01875000e+00,1.17500000e+00,-2.87500000e-02,-1.00781250e-01
1.52400000e-06,1.24375000e+00,1.12500000e+00,-3.31250000e-02,-9.84375000e-02
1.52432000e-06,1.16875000e+00,9.50000000e-01,-1.12500000e-02,-1.25000000e-01
1.52464000e-06,1.01875000e+00,9.75000000e-01,-3.31250000e-02,-1.20312500e-01
1.52496000e-06,1.00625000e+00,1.01250000e+00,-3.06250000e-02,-9.76562500e-02
1.52528000e-06,1.25937500e+00,1.12500000e+00,-2.62500000e-02,-1.00000000e-01
1.52560000e-06,1.26875000e+00,1.08750000e+00,-2.18750000e-02,-1.14843750e-01
1.52592000e-06,1.06875000e+00,1.07500000e+00,-5.43750000e-02,-7.34375000e-02
1.52624000e-06,1.08437500e+00,1.05000000e+00,-4.56250000e-02,4.84375000e-02
1.52656000e-06,1.11875000e+00,1.17500000e+00,-3.75000000e-03,-1.09375000e-02
1.52688000e-06,1.14375000e+00,1.08750000e+00,6.25000000e-04,-3.04687500e-02
1.52720000e-06,1.28125000e+00,1.06250000e+00,-1.93750000e-02,-6.32812500e-02
1.52752000e-06,1.11875000e+00,1.11250000e+00,6.25000000e-04,-1.02343750e-01
1.52784000e-06,1.10625000e+00,9.87500000e-01,-1.93750000e-02,-1.01562500e-01
1.52816000e-06,1.19375000e+00,1.11250000e+00,-1.75000000e-02,-7.57812500e-02
1.52848000e-06,1.15625000e+00,1.02500000e+00,-3.87500000e-02,-1.07031250e-01
1.52880000e-06,1.13125000e+00,1.01250000e+00,-4.06250000e-02,-2.32031250e-01
1.52912000e-06,1.23125000e+00,1.15000000e+00,-1.37500000e-02,-1.54687500e-01
1.52944000e-06,1.19375000e+00,1.17500000e+00,-1.75000000e-02,-1.17968750e-01
1.52976000e-06,1.09375000e+00,1.21250000e+00,-4.87500000e-02,-2.32031250e-01
1.53008000e-06,1.13125000e+00,1.08750000e+00,-2.50000000e-02,-1.79687500e-01
1.53040000e-06,1.15625000e+00,9.87500000e-01,-1.62500000e-02,-5.31250000e-02
1.53072000e-06,1.19375000e+00,9.12500000e-01,-8.75000000e-03,-2.57812500e-02
1.53104000e-06,1.03125000e+00,8.87500000e-01,-1.87500000e-03,-3.75000000e-02
1.53136000e-06,1.15625000e+00,1.20000000e+00,-1.50000000e-02,-6.25000000e-02
1.53168000e-06,1.24375000e+00,1.11250000e+00,-3.12500000e-02,-9.60937500e-02
1.53200000e-06,1.15625000e+00,9.12500000e-01,-2.56250000e-02,-5.85937500e-02
1.53232000e-06,1.14375000e+00,1.11250000e+00,-4.25000000e-02,-8.35937500e-02
1.53264000e-06,1.16875000e+00,1.10000000e+00,-1.25000000e-03,-1.72656250e-01
1.53296000e-06,1.23125000e+00,9.75000000e-01,-3.75000000e-03,-1.56250000e-01
1.53328000e-06,1.06875000e+00,1.18750000e+00,-6.87500000e-03,-7.18750000e-02
1.53360000e-06,1.15625000e+00,1.08750000e+00,-9.37500000e-03,-8.59375000e-02
1.53392000e-06,1.14375000e+00,1.01250000e+00,-2.00000000e-02,-1.15625000e-01
1.53424000e-06,1.11875000e+00,9.87500000e-01,-4.87500000e-02,-8.67187500e-02
1.53456000e-06,1.09375000e+00,1.03750000e+00,-3.81250000e-02,-1.61718750e-01
1.53488000e-06,1.23125000e+00,1.05000000e+00,-1.87500000e-02,-1.90625000e-01
1.53520000e-06,1.18125000e+00,9.87500000e-01,-1.87500000e-03,-1.23437500e-01
1.53552000e-06,1.23125000e+00,9.62500000e-01,-2.18750000e-02,-1.60937500e-01
1.53584000e-06,1.19375000e+00,9.75000000e-01,6.25000000e-04,-1.85156250e-01
1.53616000e-06,1.13125000e+00,1.02500000e+00,-4.62500000e-02,-1.50000000e-01
1.53648000e-06,1.05625000e+00,1.02500000e+00,-1.18750000e-02,-1.39062500e-01
1.53680000e-06,1.20625000e+00,1.07500000e+00,1.00000000e-02,-1.82812500e-01
1.53712000e-06,1.15625000e+00,1.15000000e+00,-5.12500000e-02,-1.49218750e-01
1.53744000e-06,1.26875000e+00,1.00000000e+00,-4.87500000e-02,-1.55468750e-01
1.53776000e-06,1.16875000e+00,1.03750000e+00,-1.18750000e-02,-1.72656250e-01
1.53808000e-06,1.15625000e+00,1.03750000e+00,2.06250000e-02,-1.79687500e-01
1.53840000e-06,1.15625000e+00,1.01250000e+00,0.00000000e+00,-2.29687500e-01
1.53872000e-06,1.14375000e+00,9.62500000e-01,-3.87500000e-02,-2.66406250e-01
1.53904000e-06,1.06875000e+00,1.03750000e+00,-2.81250000e-02,-3.16406250e-01
1.53936000e-06,1.11875000e+00,1.12500000e+00,-2.18750000e-02,-2.50781250e-01
1.53968000e-06,1.11875000e+00,1.07500000e+00,-4.56250000e-02,-1.17187500e-01
1.54000000e-06,1.05625000e+00,1.01250000e+00,-1.68750000e-02,-1.07812500e-01
1.54032000e-06,1.19687500e+00,1.18750000e+00,-2.12500000e-02,-1.25781250e-01
1.54064000e-06,1.30000000e+00,1.01250000e+00,-1.18750000e-02,-1.27343750e-01
1.54096000e-06,1.16875000e+00,1.03750000e+00,-4.12500000e-02,-1.76562500e-01
1.54128000e-06,1.13437500e+00,1.00000000e+00,-2.81250000e-02,-1.14843750e-01
1.54160000e-06,1.09375000e+00,1.10000000e+00,6.25000000e-04,-8.51562500e-02
1.54192000e-06,1.15625000e+00,1.05000000e+00,-4.06250000e-02,-1.47656250e-01
1.54224000e-06,1.18125000e+00,1.10000000e+00,-6.87500000e-03,-1.71093750e-01
1.54256000e-06,1.18125000e+00,1.16250000e+00,2.50000000e-03,-1.71093750e-01
1.54288000e-06,1.28125000e+00,1.06250000e+00,-4.37500000e-03,-1.16406250e-01
1.54320000e-06,1.19375000e+00,1.03750000e+00,-1.87500000e-03,-8.35937500e-02
1.54352000e-06,1.06875000e+00,1.13750000e+00,-2.81250000e-02,-1.26562500e-01
1.54384000e-06,1.10625000e+00,1.08750000e+00,-1.87500000e-03,-1.67968750e-01
1.54416000e-06,1.01875000e+00,1.13750000e+00,-4.12500000e-02,-1.35156250e-01
1.54448000e-06,1.13125000e+00,1.20000000e+00,-3.62500000e-02,-1.52343750e-01
1.54480000e-06,1.26875000e+00,9.75000000e-01,-1.68750000e-02,-1.38281250e-01
1.54512000e-06,1.19375000e+00,1.01250000e+00,-4.62500000e-02,-1.28125000e-01
1.54544000e-06,1.14375000e+00,9.75000000e-01,-1.93750000e-02,-6.79687500e-02
1.54576000e-06,1.23437500e+00,1.03750000e+00,-4.18750000e-02,-6.56250000e-02
1.54608000e-06,1.35312500e+00,1.08750000e+00,-2.81250000e-02,-3.35937500e-02
1.54640000e-06,1.10625000e+00,9.75000000e-01,-6.87500000e-03,-1.10937500e-01
1.54672000e-06,1.12187500e+00,1.10000000e+00,1.87500000e-02,-1.99218750e-01
1.54704000e-06,1.23437500e+00,1.12500000e+00,-4.37500000e-03,-1.39843750e-01
1.54736000e-06,1.08125000e+00,1.05000000e+00,3.12500000e-03,-1.04687500e-01
1.54768000e-06,1.11875000e+00,1.12500000e+00,-9.37500000e-03,-1.65625000e-01
1.54800000e-06,1.15625000e+00,1.16250000e+00,6.25000000e-04,-1.73437500e-01
1.54832000e-06,1.20625000e+00,1.02500000e+00,-1.00000000e-02,-1.60937500e-01
1.54864000e-06,1.16875000e+00,1.11250000e+00,-3.62500000e-02,-1.37500000e-01
1.54896000e-06,1.15625000e+00,1.08750000e+00,-4.00000000e-02,-5.31250000e-02
1.54928000e-06,1.11875000e+00,9.87500000e-01,-1.18750000e-02,-4.45312500e-02
1.54960000e-06,1.13125000e+00,9.75000000e-01,-2.50000000e-02,-1.38281250e-01
1.54992000e-06,1.18125000e+00,1.07500000e+00,-1.12500000e-02,-1.36718750e-01
1.55024000e-06,1.20625000e+00,1.08750000e+00,-1.37500000e-02,-4.92187500e-02
1.55056000e-06,1.19375000e+00,1.12500000e+00,-2.25000000e-02,-7.65625000e-02
1.55088000e-06,1.19375000e+00,1.07500000e+00,-2.81250000e-02,-1.08593750e-01
1.55120000e-06,1.15625000e+00,1.07500000e+00,-1.43750000e-02,-1.30468750e-01
1.55152000e-06,1.31250000e+00,8.75000000e-01,-4.00000000e-02,-5.70312500e-02
1.55184000e-06,1.16875000e+00,1.12500000e+00,-1.12500000e-02,-1.46093750e-01
1.55216000e-06,1.23125000e+00,1.00000000e+00,-8.75000000e-03,-1.39843750e-01
1.55248000e-06,1.19375000e+00,8.25000000e-01,-2.00000000e-02,-1.31250000e-01
1.55280000e-06,1.30000000e+00,1.10000000e+00,-5.87500000e-02,-1.19531250e-01
1.55312000e-06,1.16875000e+00,1.20000000e+00,-1.62500000e-02,-3.90625000e-02
1.55344000e-06,9.68750000e-01,1.10000000e+00,8.12500000e-03,-1.21875000e-01
1.55376000e-06,1.08125000e+00,1.20000000e+00,-6.87500000e-03,-1.75000000e-01
1.55408000e-06,1.24375000e+00,9.62500000e-01,6.25000000e-04,-1.20312500e-01
1.55440000e-06,9.81250000e-01,9.75000000e-01,-3.62500000e-02,-4.84375000e-02
1.55472000e-06,1.01875000e+00,1.08750000e+00,-6.87500000e-03,-1.48437500e-01
1.55504000e-06,1.19375000e+00,9.87500000e-01,0.00000000e+00,-1.32031250e-01
1.55536000e-06,1.35000000e+00,1.10000000e+00,-2.62500000e-02,-1.69531250e-01
1.55568000e-06,1.10625000e+00,1.15000000e+00,-1.68750000e-02,-1.92968750e-01
1.55600000e-06,1.16875000e+00,9.12500000e-01,-3.37500000e-02,-1.85156250e-01
1.55632000e-06,1.30000000e+00,9.87500000e-01,-4.37500000e-03,-1.72656250e-01
1.55664000e-06,1.18125000e+00,9.75000000e-01,-1.93750000e-02,-1.70312500e-01
1.55696000e-06,1.09375000e+00,1.00000000e+00,-4.37500000e-03,-1.42187500e-01
1.55728000e-06,1.18125000e+00,1.11250000e+00,-1.87500000e-03,-1.08593750e-01
1.55760000e-06,1.15625000e+00,1.01250000e+00,-1.00000000e-02,-9.68750000e-02
1.55792000e-06,1.23125000e+00,1.16250000e+00,-2.81250000e-02,-1.22656250e-01
1.55824000e-06,1.21875000e+00,1.02500000e+00,-6.25000000e-03,-2.02343750e-01
1.55856000e-06,1.31562500e+00,8.87500000e-01,6.25000000e-03,-1.24218750e-01
1.55888000e-06,1.26875000e+00,9.87500000e-01,1.06250000e-02,-1.95312500e-02
1.55920000e-06,1.16875000e+00,1.03750000e+00,-3.12500000e-02,-1.42187500e-01
1.55952000e-06,1.13437500e+00,1.10000000e+00,-3.06250000e-02,-2.24218750e-01
1.55984000e-06,1.23125000e+00,1.05000000e+00,-3.62500000e-02,-2.57031250e-01
1.56016000e-06,1.18125000e+00,9.75000000e-01,-3.00000000e-02,-2.16406250e-01
1.56048000e-06,1.24375000e+00,1.03750000e+00,-1.93750000e-02,-1.41406250e-01
1.56080000e-06,1.13125000e+00,1.07500000e+00,8.75000000e-03,-1.52343750e-01
1.56112000e-06,1.04375000e+00,1.01250000e+00,-2.56250000e-02,-1.59375000e-01
1.56144000e-06,1.09375000e+00,9.87500000e-01,1.06250000e-02,-1.64062500e-01
1.56176000e-06,1.06875000e+00,9.75000000e-01,3.12500000e-03,-9.45312500e-02
1.56208000e-06,1.09375000e+00,1.16250000e+00,8.12500000e-03,-1.00781250e-01
1.56240000e-06,1.20625000e+00,9.75000000e-01,-1.50000000e-02,-2.03125000e-01
1.56272000e-06,1.14375000e+00,1.00000000e+00,-3.37500000e-02,-1.62500000e-01
1.56304000e-06,1.26875000e+00,1.26250000e+00,-1.87500000e-02,-8.04687500e-02
1.56336000e-06,1.11875000e+00,1.11250000e+00,6.25000000e-04,-1.39843750e-01
1.56368000e-06,1.09375000e+00,1.08750000e+00,-2.87500000e-02,-1.39843750e-01
1.56400000e-06,1.19375000e+00,1.08750000e+00,-1.68750000e-02,-2.13281250e-01
1.56432000e-06,1.04375000e+00,9.75000000e-01,-1.81250000e-02,-1.78125000e-01
1.56464000e-06,1.08125000e+00,1.18750000e+00,-3.31250000e-02,-7.18750000e-02
1.56496000e-06,1.15625000e+00,1.05000000e+00,6.25000000e-03,-9.37500000e-02
1.56528000e-06,1.10625000e+00,1.01250000e+00,-1.12500000e-02,-1.25781250e-01
1.56560000e-06,1.24375000e+00,1.08750000e+00,-2.56250000e-02,-7.96875000e-02
1.56592000e-06,1.21875000e+00,1.07500000e+00,-4.37500000e-03,-8.82812500e-02
1.56624000e-06,1.03125000e+00,9.62500000e-01,-1.87500000e-03,-1.14843750e-01
1.56656000e-06,1.01875000e+00,1.06250000e+00,1.06250000e-02,-1.39062500e-01
1.56688000e-06,1.06875000e+00,1.00000000e+00,-3.81250000e-02,-1.25781250e-01
1.56720000e-06,1.25625000e+00,1.12500000e+00,5.62500000e-03,-2.18750000e-02
1.56752000e-06,1.21875000e+00,1.16250000e+00,6.25000000e-04,-7.03125000e-02
1.56784000e-06,1.20625000e+00,1.03750000e+00,-1.75000000e-02,-6.48437500e-02
1.56816000e-06,1.31250000e+00,9.25000000e-01,-5.12500000e-02,-1.26562500e-01
1.56848000e-06,1.14375000e+00,1.01250000e+00,-8.75000000e-03,-2.14843750e-01
1.56880000e-06,1.09375000e+00,1.00000000e+00,-3.62500000e-02,-2.14062500e-01
1.56912000e-06,1.23125000e+00,9.12500000e-01,-9.37500000e-03,-1.17968750e-01
1.56944000e-06,1.28125000e+00,1.08750000e+00,4.50000000e-02,-1.06250000e-01
1.56976000e-06,1.18125000e+00,1.10000000e+00,-1.50000000e-02,-1.52343750e-01
1.57008000e-06,1.15625000e+00,1.10000000e+00,-3.56250000e-02,-1.81250000e-01
1.57040000e-06,1.13125000e+00,1.12500000e+00,-9.37500000e-03,-1.14062500e-01
1.57072000e-06,1.14375000e+00,1.05000000e+00,-5.31250000e-02,-1.00000000e-01
1.57104000e-06,1.23125000e+00,1.03750000e+00,-1.12500000e-02,-9.21875000e-02
1.57136000e-06,1.16875000e+00,1.02500000e+00,-2.87500000e-02,-7.96875000e-02
1.57168000e-06,1.06875000e+00,1.22500000e+00,-3.62500000e-02,-1.21875000e-01
1.57200000e-06,1.18125000e+00,1.03750000e+00,-1.43750000e-02,-1.39843750e-01
1.57232000e-06,1.11875000e+00,1.13750000e+00,-2.00000000e-02,-6.95312500e-02
1.57264000e-06,1.20625000e+00,1.00000000e+00,-2.18750000e-02,-3.98437500e-02
1.57296000e-06,1.24375000e+00,1.00000000e+00,-4.37500000e-03,-1.48437500e-02
1.57328000e-06,1.33750000e+00,1.05000000e+00,-6.87500000e-03,0.00000000e+00
1.57360000e-06,1.21875000e+00,1.12500000e+00,5.62500000e-03,-4.76562500e-02
1.57392000e-06,1.19375000e+00,1.07500000e+00,-3.37500000e-02,-5.54687500e-02
1.57424000e-06,1.23125000e+00,1.01250000e+00,-1.18750000e-02,-5.85937500e-02
1.57456000e-06,1.19375000e+00,1.01250000e+00,-2.06250000e-02,-1.64062500e-01
1.57488000e-06,1.06875000e+00,1.02500000e+00,-2.18750000e-02,-1.50000000e-01
1.57520000e-06,1.20625000e+00,1.08750000e+00,-2.18750000e-02,-7.03125000e-02
1.57552000e-06,1.08125000e+00,1.05000000e+00,-9.37500000e-03,-7.81250000e-02
1.57584000e-06,1.15625000e+00,9.37500000e-01,0.00000000e+00,-1.79687500e-01
1.57616000e-06,1.13125000e+00,1.00000000e+00,-5.87500000e-02,-1.18750000e-01
1.57648000e-06,1.25625000e+00,1.01250000e+00,-2.12500000e-02,-6.64062500e-02
1.57680000e-06,1.20625000e+00,1.20000000e+00,-2.18750000e-02,-1.04687500e-01
1.57712000e-06,1.11875000e+00,1.05000000e+00,-4.37500000e-03,-1.56250000e-02
1.57744000e-06,1.13125000e+00,1.00000000e+00,-2.56250000e-02,-4.45312500e-02
1.57776000e-06,1.21875000e+00,9.50000000e-01,-7.50000000e-03,-6.95312500e-02
1.57808000e-06,1.05625000e+00,1.00000000e+00,-3.37500000e-02,-7.96875000e-02
1.57840000e-06,1.30000000e+00,1.05000000e+00,-3.75000000e-02,-1.26562500e-01
1.57872000e-06,1.14375000e+00,1.03750000e+00,-1.43750000e-02,-1.23437500e-01
1.57904000e-06,1.19375000e+00,1.01250000e+00,-3.81250000e-02,-1.24218750e-01
1.57936000e-06,1.01875000e+00,1.17500000e+00,-8.75000000e-03,-1.15625000e-01
1.57968000e-06,1.16875000e+00,9.75000000e-01,-4.37500000e-03,-6.79687500e-02
1.58000000e-06,1.06875000e+00,1.15000000e+00,-2.56250000e-02,-5.54687500e-02
1.58032000e-06,1.15625000e+00,1.17500000e+00,-1.00000000e-02,-1.67968750e-01
1.58064000e-06,1.13125000e+00,1.12500000e+00,-3.31250000e-02,-2.01562500e-01
1.58096000e-06,1.24375000e+00,1.03750000e+00,-8.75000000e-03,-1.50781250e-01
1.58128000e-06,1.14375000e+00,1.00000000e+00,-1.18750000e-02,-1.91406250e-01
1.58160000e-06,1.20625000e+00,1.02500000e+00,-2.18750000e-02,-2.17187500e-01
1.58192000e-06,1.23125000e+00,1.26250000e+00,-1.75000000e-02,-1.28125000e-01
1.58224000e-06,1.10625000e+00,1.05000000e+00,-3.31250000e-02,-8.59375000e-02
1.58256000e-06,1.06875000e+00,1.11250000e+00,2.62500000e-02,-9.53125000e-02
1.58288000e-06,1.32812500e+00,1.11250000e+00,-1.68750000e-02,-7.18750000e-02
1.58320000e-06,1.19375000e+00,1.02500000e+00,-3.56250000e-02,-1.02343750e-01
1.58352000e-06,1.09375000e+00,1.02500000e+00,1.12500000e-02,-8.59375000e-02
1.58384000e-06,1.23437500e+00,1.17500000e+00,1.62500000e-02,-1.07812500e-01
1.58416000e-06,1.18125000e+00,9.87500000e-01,-3.12500000e-02,-1.41406250e-01
1.58448000e-06,1.13125000e+00,1.01250000e+00,-1.43750000e-02,-1.23437500e-01
1.58480000e-06,1.11875000e+00,1.10000000e+00,-7.50000000e-03,-9.53125000e-02
1.58512000e-06,1.18125000e+00,1.01250000e+00,-4.12500000e-02,-4.06250000e-02
1.58544000e-06,1.13125000e+00,1.05000000e+00,-1.43750000e-02,-1.25000000e-02
1.58576000e-06,1.14375000e+00,1.07500000e+00,-2.31250000e-02,-6.56250000e-02
1.58608000e-06,1.18125000e+00,1.11250000e+00,-2.18750000e-02,-9.14062500e-02
1.58640000e-06,1.19375000e+00,1.11250000e+00,1.81250000e-02,-3.43750000e-02
1.58672000e-06,1.20625000e+00,1.05000000e+00,-1.68750000e-02,-6.95312500e-02
1.58704000e-06,1.13125000e+00,1.11250000e+00,-6.87500000e-03,-1.19531250e-01
1.58736000e-06,1.05625000e+00,1.07500000e+00,-2.62500000e-02,-8.28125000e-02
1.58768000e-06,1.05625000e+00,1.00000000e+00,-2.81250000e-02,-8.43750000e-02
1.58800000e-06,1.24375000e+00,9.87500000e-01,-2.25000000e-02,-1.06250000e-01
1.58832000e-06,1.13125000e+00,1.03750000e+00,-4.56250000e-02,-7.73437500e-02
1.58864000e-06,1.18125000e+00,1.02500000e+00,-4.56250000e-02,-8.20312500e-02
1.58896000e-06,1.19375000e+00,1.08750000e+00,-1.12500000e-02,-4.68750000e-02
1.58928000e-06,1.09375000e+00,1.00000000e+00,-9.37500000e-03,-7.73437500e-02
1.58960000e-06,1.13125000e+00,1.10000000e+00,6.25000000e-04,-1.65625000e-01
1.58992000e-06,1.19375000e+00,1.17500000e+00,-1.50000000e-02,-9.84375000e-02
1.59024000e-06,1.18125000e+00,1.16250000e+00,-3.12500000e-02,-9.14062500e-02
1.59056000e-06,1.14375000e+00,1.01250000e+00,-3.31250000e-02,-1.53125000e-01
1.59088000e-06,1.24375000e+00,1.02500000e+00,-2.50000000e-02,-1.09375000e-01
1.59120000e-06,1.25625000e+00,1.02500000e+00,-2.18750000e-02,-1.07812500e-01
1.59152000e-06,1.09375000e+00,1.06250000e+00,-3.81250000e-02,-9.14062500e-02
1.59184000e-06,1.13125000e+00,1.07500000e+00,-2.12500000e-02,-1.31250000e-01
1.59216000e-06,1.20625000e+00,1.15000000e+00,-1.43750000e-02,-1.78125000e-01
1.59248000e-06,1.20625000e+00,1.00000000e+00,1.06250000e-02,-1.35156250e-01
1.59280000e-06,1.18125000e+00,1.16250000e+00,-9.37500000e-03,-8.67187500e-02
1.59312000e-06,1.21875000e+00,1.06250000e+00,1.81250000e-02,-4.92187500e-02
1.59344000e-06,1.09375000e+00,9.00000000e-01,-2.87500000e-02,-4.60937500e-02
1.59376000e-06,1.14375000e+00,1.07500000e+00,-2.81250000e-02,-1.28125000e-01
1.59408000e-06,1.09375000e+00,1.15000000e+00,-1.87500000e-03,-1.16406250e-01
1.59440000e-06,1.20625000e+00,1.02500000e+00,6.25000000e-03,-3.82812500e-02
1.59472000e-06,1.25625000e+00,1.02500000e+00,1.31250000e-02,-8.43750000e-02
1.59504000e-06,1.18125000e+00,1.16250000e+00,-1.18750000e-02,-1.47656250e-01
1.59536000e-06,1.10625000e+00,1.27500000e+00,-2.81250000e-02,-1.22656250e-01
1.59568000e-06,1.20625000e+00,1.07500000e+00,-4.37500000e-03,-1.31250000e-01
1.59600000e-06,1.24687500e+00,1.01250000e+00,-1.43750000e-02,-1.78906250e-01
1.59632000e-06,1.33750000e+00,1.02500000e+00,-4.06250000e-02,-1.49218750e-01
1.59664000e-06,1.20625000e+00,1.08750000e+00,-1.50000000e-02,-8.59375000e-02
1.59696000e-06,1.25937500e+00,1.07500000e+00,-3.87500000e-02,-1.17968750e-01
1.59728000e-06,1.16875000e+00,1.03750000e+00,-3.25000000e-02,-1.46093750e-01
1.59760000e-06,1.21875000e+00,9.37500000e-01,-6.25000000e-03,-1.21093750e-01
1.59792000e-06,1.13125000e+00,1.11250000e+00,-8.75000000e-03,-4.45312500e-02
1.59824000e-06,1.10625000e+00,1.11250000e+00,5.62500000e-03,-9.06250000e-02
1.59856000e-06,1.13125000e+00,1.11250000e+00,-4.37500000e-03,-1.49218750e-01
1.59888000e-06,1.18125000e+00,1.06250000e+00,-2.25000000e-02,-1.33593750e-01
1.59920000e-06,1.21875000e+00,1.11250000e+00,-2.18750000e-02,-8.51562500e-02
1.59952000e-06,1.09375000e+00,1.13750000e+00,-4.37500000e-03,-4.84375000e-02
1.59984000e-06,1.13125000e+00,1.02500000e+00,6.25000000e-04,-9.37500000e-02
1.60016000e-06,1.16875000e+00,1.02500000e+00,8.12500000e-03,-1.11718750e-01
1.60048000e-06,1.13125000e+00,1.08750000e+00,-3.87500000e-02,-7.65625000e-02
1.60080000e-06,1.13125000e+00,1.06250000e+00,-4.31250000e-02,-1.37500000e-01
1.60112000e-06,1.10625000e+00,9.75000000e-01,-1.87500000e-03,-1.39843750e-01
1.60144000e-06,1.18125000e+00,9.62500000e-01,3.75000000e-03,-1.26562500e-01
1.60176000e-06,1.25937500e+00,1.11250000e+00,-6.87500000e-03,-1.37500000e-01
1.60208000e-06,1.28125000e+00,1.03750000e+00,-5.37500000e-02,-1.40625000e-01
1.60240000e-06,1.23125000e+00,1.10000000e+00,6.25000000e-04,-9.92187500e-02
1.60272000e-06,1.09687500e+00,1.07500000e+00,0.00000000e+00,-8.04687500e-02
1.60304000e-06,1.18125000e+00,1.07500000e+00,5.62500000e-03,-8.28125000e-02
1.60336000e-06,1.13125000e+00,1.02500000e+00,-1.68750000e-02,-7.34375000e-02
1.60368000e-06,1.18125000e+00,9.50000000e-01,-9.37500000e-03,-7.10937500e-02
1.60400000e-06,1.24375000e+00,1.12500000e+00,-3.31250000e-02,-5.85937500e-02
1.60432000e-06,1.16875000e+00,1.23750000e+00,5.62500000e-03,-7.73437500e-02
1.60464000e-06,1.10625000e+00,1.05000000e+00,-4.87500000e-02,-1.03125000e-01
1.60496000e-06,1.16875000e+00,1.08750000e+00,-1.43750000e-02,-1.05468750e-01
1.60528000e-06,1.24375000e+00,1.03750000e+00,-1.75000000e-02,-3.82812500e-02
1.60560000e-06,1.14375000e+00,8.62500000e-01,-1.43750000e-02,1.56250000e-02
1.60592000e-06,1.21875000e+00,1.01250000e+00,-6.87500000e-03,-3.04687500e-02
1.60624000e-06,1.20625000e+00,1.23750000e+00,-9.37500000e-03,-7.57812500e-02
1.60656000e-06,1.16875000e+00,1.15000000e+00,-3.87500000e-02,-9.06250000e-02
1.60688000e-06,1.04375000e+00,9.50000000e-01,-2.25000000e-02,-1.74218750e-01
1.60720000e-06,1.24375000e+00,9.62500000e-01,-2.62500000e-02,-1.21093750e-01
1.60752000e-06,1.21875000e+00,1.22500000e+00,8.75000000e-03,-1.09375000e-02
1.60784000e-06,1.09375000e+00,1.13750000e+00,-8.75000000e-03,-7.50000000e-02
1.60816000e-06,1.16875000e+00,1.03750000e+00,-2.00000000e-02,-7.42187500e-02
1.60848000e-06,1.21875000e+00,1.05000000e+00,-3.31250000e-02,-3.98437500e-02
1.60880000e-06,1.21875000e+00,1.13750000e+00,-9.37500000e-03,-8.67187500e-02
1.60912000e-06,1.37812500e+00,1.05000000e+00,-3.81250000e-02,-8.51562500e-02
1.60944000e-06,1.30000000e+00,1.03750000e+00,-1.62500000e-02,-6.32812500e-02
1.60976000e-06,1.18125000e+00,1.12500000e+00,-3.87500000e-02,-6.87500000e-02
1.61008000e-06,1.14687500e+00,1.11250000e+00,-1.68750000e-02,-6.01562500e-02
1.61040000e-06,1.19375000e+00,9.62500000e-01,-7.50000000e-03,-3.98437500e-02
1.61072000e-06,1.19375000e+00,9.75000000e-01,-9.37500000e-03,-2.50000000e-02
1.61104000e-06,1.16875000e+00,1.16250000e+00,-9.37500000e-03,-1.28125000e-01
1.61136000e-06,1.04375000e+00,1.12500000e+00,-2.62500000e-02,-9.14062500e-02
1.61168000e-06,1.11875000e+00,1.13750000e+00,-2.81250000e-02,-5.23437500e-02
1.61200000e-06,1.23125000e+00,1.16250000e+00,-9.37500000e-03,-7.26562500e-02
1.61232000e-06,1.16875000e+00,1.08750000e+00,-1.43750000e-02,-1.60156250e-01
1.61264000e-06,1.35000000e+00,1.10000000e+00,-3.62500000e-02,-1.25781250e-01
1.61296000e-06,1.16875000e+00,9.87500000e-01,-1.12500000e-02,-6.71875000e-02
1.61328000e-06,1.11875000e+00,1.11250000e+00,-1.75000000e-02,-4.92187500e-02
1.61360000e-06,1.19375000e+00,1.03750000e+00,-1.68750000e-02,-6.87500000e-02
1.61392000e-06,1.14375000e+00,1.08750000e+00,6.25000000e-04,-7.50000000e-02
1.61424000e-06,1.11875000e+00,9.37500000e-01,-1.75000000e-02,-5.23437500e-02
1.61456000e-06,1.21875000e+00,1.00000000e+00,-1.93750000e-02,-3.67187500e-02
1.61488000e-06,1.31250000e+00,1.00000000e+00,1.56250000e-02,-2.81250000e-02
1.61520000e-06,1.06875000e+00,1.06250000e+00,8.12500000e-03,-6.64062500e-02
1.61552000e-06,1.05937500e+00,1.02500000e+00,3.12500000e-03,-1.15625000e-01
1.61584000e-06,1.32500000e+00,1.06250000e+00,-5.12500000e-02,-8.82812500e-02
1.61616000e-06,1.20625000e+00,1.13750000e+00,-1.93750000e-02,-1.33593750e-01
1.61648000e-06,1.24687500e+00,1.12500000e+00,0.00000000e+00,-1.50781250e-01
1.61680000e-06,1.19375000e+00,1.08750000e+00,-1.50000000e-02,-6.79687500e-02
1.61712000e-06,1.09375000e+00,1.17500000e+00,-3.31250000e-02,-7.26562500e-02
1.61744000e-06,1.16875000e+00,9.62500000e-01,-1.25000000e-03,-9.14062500e-02
1.61776000e-06,1.11875000e+00,1.12500000e+00,-1.93750000e-02,-1.34375000e-01
1.61808000e-06,1.20937500e+00,9.62500000e-01,-3.56250000e-02,-1.32812500e-01
1.61840000e-06,1.19375000e+00,1.01250000e+00,-6.25000000e-03,-6.40625000e-02
1.61872000e-06,1.15625000e+00,1.01250000e+00,-1.37500000e-02,-1.23437500e-01
1.61904000e-06,1.23437500e+00,9.50000000e-01,-9.37500000e-03,-1.54687500e-01
1.61936000e-06,1.20625000e+00,1.07500000e+00,-3.87500000e-02,-9.45312500e-02
1.61968000e-06,1.15625000e+00,1.16250000e+00,-1.93750000e-02,-9.29687500e-02
1.62000000e-06,1.20625000e+00,1.05000000e+00,-2.50000000e-03,-1.33593750e-01
1.62032000e-06,1.06875000e+00,1.17500000e+00,6.25000000e-04,-1.03906250e-01
1.62064000e-06,1.05625000e+00,1.01250000e+00,6.25000000e-04,-9.06250000e-02
1.62096000e-06,1.05625000e+00,1.01250000e+00,-9.37500000e-03,-7.50000000e-02
1.62128000e-06,1.13125000e+00,1.11250000e+00,2.06250000e-02,-1.13281250e-01
1.62160000e-06,1.28125000e+00,1.17500000e+00,-2.00000000e-02,-1.76562500e-01
1.62192000e-06,1.15625000e+00,1.12500000e+00,-4.12500000e-02,-1.78906250e-01
1.62224000e-06,1.26875000e+00,1.18750000e+00,-1.12500000e-02,-1.94531250e-01
1.62256000e-06,1.10625000e+00,1.11250000e+00,-4.37500000e-03,-1.53906250e-01
1.62288000e-06,1.25625000e+00,1.10000000e+00,-2.62500000e-02,-9.68750000e-02
1.62320000e-06,1.19375000e+00,9.75000000e-01,-3.87500000e-02,-1.53125000e-01
1.62352000e-06,1.14375000e+00,9.25000000e-01,-1.75000000e-02,-1.67187500e-01
1.62384000e-06,1.28437500e+00,1.06250000e+00,-1.93750000e-02,-9.92187500e-02
1.62416000e-06,1.25625000e+00,1.22500000e+00,6.25000000e-04,-6.17187500e-02
1.62448000e-06,1.08125000e+00,1.01250000e+00,-5.12500000e-02,-8.43750000e-02
1.62480000e-06,1.05937500e+00,9.62500000e-01,8.12500000e-03,-1.35156250e-01
1.62512000e-06,1.24375000e+00,1.08750000e+00,-1.31250000e-02,-8.67187500e-02
1.62544000e-06,1.26875000e+00,1.17500000e+00,-1.87500000e-03,-4.14062500e-02
1.62576000e-06,1.09375000e+00,1.08750000e+00,-2.18750000e-02,-5.62500000e-02
1.62608000e-06,1.04375000e+00,1.05000000e+00,1.31250000e-02,-1.06250000e-01
1.62640000e-06,1.25625000e+00,1.02500000e+00,1.06250000e-02,-1.15625000e-01
1.62672000e-06,1.15625000e+00,1.01250000e+00,-1.87500000e-03,-1.78125000e-01
1.62704000e-06,1.20625000e+00,1.12500000e+00,-2.56250000e-02,-7.96875000e-02
1.62736000e-06,1.23125000e+00,1.05000000e+00,-2.25000000e-02,-2.26562500e-02
1.62768000e-06,1.16875000e+00,9.75000000e-01,-3.56250000e-02,-7.18750000e-02
1.62800000e-06,1.19375000e+00,1.06250000e+00,-3.75000000e-03,-1.02343750e-01
1.62832000e-06,1.11875000e+00,1.05000000e+00,-1.18750000e-02,-4.53125000e-02
1.62864000e-06,1.13125000e+00,1.03750000e+00,-3.81250000e-02,-5.15625000e-02
1.62896000e-06,1.21875000e+00,1.07500000e+00,6.25000000e-03,-1.65625000e-01
1.62928000e-06,1.19375000e+00,1.21250000e+00,1.25000000e-03,-1.50781250e-01
1.62960000e-06,1.14375000e+00,1.10000000e+00,-2.81250000e-02,-1.48437500e-02
1.62992000e-06,1.21875000e+00,1.12500000e+00,2.06250000e-02,-9.84375000e-02
1.63024000e-06,1.21875000e+00,1.06250000e+00,-2.00000000e-02,-1.23437500e-01
1.63056000e-06,1.14375000e+00,9.62500000e-01,-1.18750000e-02,-6.95312500e-02
1.63088000e-06,1.15625000e+00,1.06250000e+00,-2.50000000e-03,-6.40625000e-02
1.63120000e-06,1.06875000e+00,1.03750000e+00,-5.37500000e-02,-7.42187500e-02
1.63152000e-06,1.23125000e+00,1.05000000e+00,-1.25000000e-03,-7.42187500e-02
1.63184000e-06,1.14375000e+00,1.12500000e+00,0.00000000e+00,-1.14843750e-01
1.63216000e-06,1.13125000e+00,1.05000000e+00,-5.12500000e-02,-1.71875000e-01
1.63248000e-06,1.18125000e+00,1.15000000e+00,-3.31250000e-02,-1.94531250e-01
1.63280000e-06,1.10625000e+00,1.06250000e+00,-3.00000000e-02,-1.44531250e-01
1.63312000e-06,1.20625000e+00,1.20000000e+00,1.62500000e-02,-1.06250000e-01
1.63344000e-06,1.18125000e+00,1.07500000e+00,-1.93750000e-02,-8.12500000e-02
1.63376000e-06,1.13125000e+00,1.08750000e+00,-3.56250000e-02,-6.17187500e-02
1.63408000e-06,1.25625000e+00,1.12500000e+00,-6.25000000e-03,-7.96875000e-02
1.63440000e-06,1.15625000e+00,1.17500000e+00,6.25000000e-03,-1.03125000e-01
1.63472000e-06,1.26875000e+00,1.08750000e+00,6.25000000e-04,-9.37500000e-02
1.63504000e-06,1.26875000e+00,1.11250000e+00,-2.56250000e-02,-1.20312500e-01
1.63536000e-06,1.21875000e+00,1.16250000e+00,-1.25000000e-02,-1.82031250e-01
1.63568000e-06,1.09375000e+00,1.08750000e+00,-3.81250000e-02,-1.00000000e-01
1.63600000e-06,1.14375000e+00,1.02500000e+00,-1.25000000e-03,-4.53125000e-02
1.63632000e-06,1.10625000e+00,1.06250000e+00,6.25000000e-03,-1.01562500e-01
1.63664000e-06,1.14375000e+00,1.10000000e+00,-9.37500000e-03,-1.76562500e-01
1.63696000e-06,1.18125000e+00,1.08750000e+00,-2.87500000e-02,-5.54687500e-02
1.63728000e-06,1.14375000e+00,1.11250000e+00,-6.12500000e-02,7.03125000e-03
1.63760000e-06,1.18125000e+00,1.11250000e+00,-1.93750000e-02,-3.75000000e-02
1.63792000e-06,1.15625000e+00,1.11250000e+00,-3.06250000e-02,-7.34375000e-02
1.63824000e-06,1.11875000e+00,1.10000000e+00,-1.43750000e-02,-8.98437500e-02
1.63856000e-06,9.68750000e-01,1.01250000e+00,-1.43750000e-02,-8.67187500e-02
1.63888000e-06,1.05625000e+00,1.08750000e+00,-1.43750000e-02,-8.28125000e-02
1.63920000e-06,1.08125000e+00,1.01250000e+00,-4.37500000e-03,-6.17187500e-02
1.63952000e-06,1.23125000e+00,1.08750000e+00,-3.12500000e-02,-1.32812500e-02
1.63984000e-06,1.20625000e+00,1.18750000e+00,-5.62500000e-02,-6.40625000e-02
1.64016000e-06,1.35000000e+00,1.03750000e+00,-6.87500000e-03,-1.57031250e-01
1.64048000e-06,1.10625000e+00,1.03750000e+00,-2.56250000e-02,-1.12500000e-01
1.64080000e-06,9.93750000e-01,1.11250000e+00,1.06250000e-02,-7.18750000e-02
1.64112000e-06,1.19375000e+00,1.07500000e+00,-1.00000000e-02,-7.10937500e-02
1.64144000e-06,1.08125000e+00,1.12500000e+00,-3.31250000e-02,-6.40625000e-02
1.64176000e-06,1.23125000e+00,1.05000000e+00,-1.25000000e-03,-1.45312500e-01
1.64208000e-06,1.14375000e+00,1.11250000e+00,1.25000000e-03,-2.25000000e-01
1.64240000e-06,1.09375000e+00,1.08750000e+00,-4.37500000e-02,-1.72656250e-01
1.64272000e-06,1.16875000e+00,1.18750000e+00,-4.06250000e-02,-1.27343750e-01
1.64304000e-06,1.15625000e+00,9.50000000e-01,-2.00000000e-02,-1.78906250e-01
1.64336000e-06,9.81250000e-01,1.17500000e+00,-3.31250000e-02,-1.08593750e-01
1.64368000e-06,1.05625000e+00,1.10000000e+00,-6.25000000e-03,-1.38281250e-01
1.64400000e-06,1.08125000e+00,9.62500000e-01,-3.81250000e-02,-1.50781250e-01
1.64432000e-06,1.24375000e+00,1.10000000e+00,1.31250000e-02,-8.59375000e-02
1.64464000e-06,1.20625000e+00,1.01250000e+00,-1.75000000e-02,-6.09375000e-02
1.64496000e-06,1.30000000e+00,1.10000000e+00,-2.87500000e-02,-1.42187500e-01
1.64528000e-06,1.19375000e+00,9.75000000e-01,-1.25000000e-03,-1.90625000e-01
1.64560000e-06,1.21875000e+00,1.01250000e+00,-9.37500000e-03,-1.60937500e-01
1.64592000e-06,1.01875000e+00,1.05000000e+00,-2.25000000e-02,-1.22656250e-01
1.64624000e-06,1.14375000e+00,1.17500000e+00,-5.62500000e-02,-1.58593750e-01
1.64656000e-06,1.19375000e+00,1.13750000e+00,-3.25000000e-02,-1.13281250e-01
1.64688000e-06,1.03125000e+00,1.00000000e+00,-2.18750000e-02,-7.18750000e-02
1.64720000e-06,1.16875000e+00,9.75000000e-01,-3.25000000e-02,-8.43750000e-02
1.64752000e-06,1.01875000e+00,1.11250000e+00,8.75000000e-03,-3.59375000e-02
1.64784000e-06,1.11875000e+00,1.21250000e+00,1.25000000e-03,-1.28125000e-01
1.64816000e-06,1.14375000e+00,1.01250000e+00,8.12500000e-03,-1.81250000e-01
1.64848000e-06,1.14375000e+00,1.11250000e+00,-3.12500000e-02,-1.33593750e-01
1.64880000e-06,1.21875000e+00,1.08750000e+00,-1.68750000e-02,-7.57812500e-02
1.64912000e-06,1.14375000e+00,1.12500000e+00,7.50000000e-03,-1.20312500e-01
1.64944000e-06,1.13125000e+00,1.18750000e+00,1.31250000e-02,-7.26562500e-02
1.64976000e-06,1.15625000e+00,9.87500000e-01,8.12500000e-03,-9.45312500e-02
1.65008000e-06,1.10625000e+00,9.87500000e-01,6.25000000e-04,-1.42187500e-01
1.65040000e-06,1.16875000e+00,1.02500000e+00,-1.75000000e-02,-8.75000000e-02
1.65072000e-06,1.31250000e+00,1.16250000e+00,-3.81250000e-02,-6.40625000e-02
1.65104000e-06,1.03125000e+00,1.21250000e+00,-1.37500000e-02,-4.92187500e-02
1.65136000e-06,1.03125000e+00,1.06250000e+00,-4.06250000e-02,-4.92187500e-02
1.65168000e-06,1.30000000e+00,1.12500000e+00,-2.62500000e-02,-5.31250000e-02
1.65200000e-06,1.16875000e+00,1.03750000e+00,-1.93750000e-02,-1.53906250e-01
1.65232000e-06,1.16875000e+00,9.12500000e-01,-1.18750000e-02,-1.35937500e-01
1.65264000e-06,1.40312500e+00,9.12500000e-01,-9.37500000e-03,-1.24218750e-01
1.65296000e-06,1.18125000e+00,1.21250000e+00,-9.37500000e-03,-1.74218750e-01
1.65328000e-06,1.09375000e+00,1.07500000e+00,-3.37500000e-02,-1.64843750e-01
1.65360000e-06,1.28437500e+00,1.26250000e+00,-1.18750000e-02,-4.21875000e-02
1.65392000e-06,9.93750000e-01,1.06250000e+00,-3.12500000e-02,2.50000000e-02
1.65424000e-06,1.18125000e+00,1.12500000e+00,5.62500000e-03,-3.51562500e-02
1.65456000e-06,1.13125000e+00,1.00000000e+00,1.81250000e-02,-8.75000000e-02
1.65488000e-06,1.21875000e+00,1.22500000e+00,1.06250000e-02,-9.37500000e-02
1.65520000e-06,1.19375000e+00,1.06250000e+00,8.12500000e-03,-1.33593750e-01
1.65552000e-06,1.18125000e+00,1.21250000e+00,6.25000000e-04,-6.95312500e-02
1.65584000e-06,1.26875000e+00,1.11250000e+00,-5.00000000e-03,-2.42187500e-02
1.65616000e-06,1.15625000e+00,1.11250000e+00,-3.06250000e-02,-8.35937500e-02
1.65648000e-06,1.23125000e+00,9.75000000e-01,-1.37500000e-02,-5.70312500e-02
1.65680000e-06,1.00625000e+00,1.10000000e+00,-1.12500000e-02,2.65625000e-02
1.65712000e-06,1.06875000e+00,1.08750000e+00,-1.68750000e-02,-7.26562500e-02
1.65744000e-06,1.13125000e+00,1.16250000e+00,6.25000000e-04,-1.28125000e-01
1.65776000e-06,1.19375000e+00,1.16250000e+00,-1.87500000e-03,-5.39062500e-02
1.65808000e-06,1.18125000e+00,1.16250000e+00,-6.87500000e-03,-7.34375000e-02
1.65840000e-06,1.20625000e+00,1.06250000e+00,1.06250000e-02,-9.76562500e-02
1.65872000e-06,1.19375000e+00,1.26250000e+00,1.06250000e-02,-1.17187500e-01
1.65904000e-06,1.08125000e+00,9.25000000e-01,-1.93750000e-02,-7.18750000e-02
1.65936000e-06,1.15625000e+00,1.02500000e+00,-1.68750000e-02,-7.10937500e-02
1.65968000e-06,1.18125000e+00,1.13750000e+00,-6.87500000e-03,-8.35937500e-02
1.66000000e-06,1.15625000e+00,1.08750000e+00,-1.93750000e-02,-9.53125000e-02
1.66032000e-06,1.31562500e+00,1.12500000e+00,-1.87500000e-03,-1.61718750e-01
1.66064000e-06,1.32500000e+00,1.06250000e+00,-1.25000000e-02,-1.14843750e-01
1.66096000e-06,1.16875000e+00,1.13750000e+00,-2.56250000e-02,-1.50781250e-01
1.66128000e-06,1.18437500e+00,1.10000000e+00,-2.18750000e-02,-1.80468750e-01
1.66160000e-06,1.09375000e+00,1.05000000e+00,-1.93750000e-02,-9.06250000e-02
1.66192000e-06,1.09375000e+00,1.01250000e+00,-2.81250000e-02,-1.04687500e-01
1.66224000e-06,1.19375000e+00,1.11250000e+00,-1.18750000e-02,-1.94531250e-01
1.66256000e-06,1.06875000e+00,1.05000000e+00,-3.00000000e-02,-2.26562500e-01
1.66288000e-06,1.20625000e+00,9.87500000e-01,-3.75000000e-03,-1.71875000e-01
1.66320000e-06,1.15625000e+00,1.18750000e+00,-9.37500000e-03,-1.25781250e-01
1.66352000e-06,1.01875000e+00,1.01250000e+00,-4.87500000e-02,-9.37500000e-02
1.66384000e-06,1.08125000e+00,1.16250000e+00,-2.75000000e-02,-1.57812500e-01
1.66416000e-06,1.20625000e+00,1.02500000e+00,-1.18750000e-02,-1.68750000e-01
1.66448000e-06,1.14375000e+00,1.02500000e+00,-2.50000000e-02,-1.50781250e-01
1.66480000e-06,1.13125000e+00,1.08750000e+00,1.25000000e-03,-6.09375000e-02
1.66512000e-06,1.06875000e+00,1.07500000e+00,3.75000000e-03,-9.45312500e-02
1.66544000e-06,1.16875000e+00,1.07500000e+00,-3.37500000e-02,-1.58593750e-01
1.66576000e-06,1.24375000e+00,1.17500000e+00,-2.62500000e-02,-1.51562500e-01
1.66608000e-06,1.19375000e+00,8.75000000e-01,-1.68750000e-02,-9.68750000e-02
1.66640000e-06,1.15625000e+00,1.05000000e+00,5.62500000e-03,-5.07812500e-02
1.66672000e-06,1.16875000e+00,1.01250000e+00,-1.68750000e-02,-1.36718750e-01
1.66704000e-06,1.09375000e+00,1.13750000e+00,-6.87500000e-03,-2.02343750e-01
1.66736000e-06,1.10625000e+00,1.17500000e+00,-1.18750000e-02,-2.58593750e-01
1.66768000e-06,1.10625000e+00,1.07500000e+00,3.12500000e-03,-1.67187500e-01
1.66800000e-06,1.24375000e+00,1.08750000e+00,-2.56250000e-02,-7.10937500e-02
1.66832000e-06,1.20625000e+00,1.00000000e+00,-1.87500000e-03,-1.11718750e-01
1.66864000e-06,1.19375000e+00,1.05000000e+00,-4.37500000e-02,-9.84375000e-02
1.66896000e-06,1.13125000e+00,1.18750000e+00,-2.87500000e-02,-1.64843750e-01
1.66928000e-06,9.68750000e-01,9.50000000e-01,-3.31250000e-02,-2.02343750e-01
1.66960000e-06,9.93750000e-01,1.05000000e+00,-3.75000000e-03,-1.75781250e-01
1.66992000e-06,1.18125000e+00,1.18750000e+00,-2.18750000e-02,-8.43750000e-02
1.67024000e-06,1.16875000e+00,1.11250000e+00,-1.18750000e-02,-9.21875000e-02
1.67056000e-06,1.10625000e+00,1.02500000e+00,-1.18750000e-02,-1.64062500e-01
1.67088000e-06,1.06875000e+00,1.16250000e+00,-5.00000000e-03,-1.04687500e-01
1.67120000e-06,1.25625000e+00,1.00000000e+00,-3.87500000e-02,-6.64062500e-02
1.67152000e-06,1.18125000e+00,1.05000000e+00,-8.75000000e-03,-1.23437500e-01
1.67184000e-06,1.20937500e+00,1.08750000e+00,3.12500000e-03,-1.75781250e-01
1.67216000e-06,1.28437500e+00,1.05000000e+00,-3.31250000e-02,-3.59375000e-02
1.67248000e-06,1.31250000e+00,1.05000000e+00,-1.75000000e-02,-7.50000000e-02
1.67280000e-06,1.12187500e+00,1.13750000e+00,-3.31250000e-02,-1.67968750e-01
1.67312000e-06,1.22187500e+00,1.15000000e+00,-6.25000000e-03,-1.41406250e-01
1.67344000e-06,1.20625000e+00,1.07500000e+00,-1.62500000e-02,-7.57812500e-02
1.67376000e-06,1.11875000e+00,1.07500000e+00,-6.87500000e-03,-1.61718750e-01
1.67408000e-06,1.08125000e+00,1.13750000e+00,-3.87500000e-02,-2.12500000e-01
1.67440000e-06,1.01875000e+00,1.03750000e+00,-1.68750000e-02,-1.17968750e-01
1.67472000e-06,1.11875000e+00,1.07500000e+00,-1.81250000e-02,-9.53125000e-02
1.67504000e-06,1.21875000e+00,1.13750000e+00,-2.81250000e-02,-3.51562500e-02
1.67536000e-06,1.16875000e+00,1.00000000e+00,3.75000000e-03,-4.92187500e-02
1.67568000e-06,1.03125000e+00,1.06250000e+00,-1.93750000e-02,-1.33593750e-01
1.67600000e-06,1.22187500e+00,1.22500000e+00,-2.81250000e-02,-1.45312500e-01
1.67632000e-06,1.19375000e+00,1.05000000e+00,-6.25000000e-03,-1.67187500e-01
1.67664000e-06,1.10625000e+00,1.13750000e+00,-1.37500000e-02,-1.60156250e-01
1.67696000e-06,1.22187500e+00,1.08750000e+00,-2.56250000e-02,-1.00000000e-01
1.67728000e-06,1.14375000e+00,1.02500000e+00,-2.87500000e-02,-1.99218750e-01
1.67760000e-06,1.21875000e+00,1.10000000e+00,-2.56250000e-02,-2.03125000e-01
1.67792000e-06,1.10625000e+00,1.00000000e+00,-1.50000000e-02,-1.69531250e-01
1.67824000e-06,1.21875000e+00,1.00000000e+00,-3.06250000e-02,-1.08593750e-01
1.67856000e-06,1.16875000e+00,1.12500000e+00,-1.68750000e-02,-3.28125000e-02
1.67888000e-06,1.23125000e+00,1.05000000e+00,-4.87500000e-02,-9.21875000e-02
1.67920000e-06,1.03125000e+00,1.03750000e+00,-1.87500000e-02,-1.38281250e-01
1.67952000e-06,1.09375000e+00,9.62500000e-01,-1.68750000e-02,-1.75000000e-01
1.67984000e-06,1.18125000e+00,1.06250000e+00,-4.37500000e-03,-1.69531250e-01
1.68016000e-06,1.15625000e+00,1.11250000e+00,-3.37500000e-02,-7.03125000e-02
1.68048000e-06,1.20625000e+00,1.13750000e+00,-1.43750000e-02,2.18750000e-02
1.68080000e-06,1.13125000e+00,9.50000000e-01,-2.06250000e-02,-3.82812500e-02
1.68112000e-06,1.09375000e+00,1.11250000e+00,-2.25000000e-02,-9.45312500e-02
1.68144000e-06,1.10625000e+00,9.12500000e-01,-1.68750000e-02,-1.52343750e-01
1.68176000e-06,1.20625000e+00,1.22500000e+00,-6.87500000e-03,-1.53906250e-01
1.68208000e-06,1.21875000e+00,1.03750000e+00,-3.37500000e-02,-1.40625000e-01
1.68240000e-06,1.08125000e+00,8.87500000e-01,-1.93750000e-02,-2.11718750e-01
1.68272000e-06,1.14375000e+00,1.08750000e+00,-2.68750000e-02,-1.92968750e-01
1.68304000e-06,1.20625000e+00,1.06250000e+00,-3.62500000e-02,-9.76562500e-02
1.68336000e-06,1.24375000e+00,1.12500000e+00,-4.87500000e-02,-7.18750000e-02
1.68368000e-06,1.16875000e+00,1.16250000e+00,-1.37500000e-02,-1.26562500e-01
1.68400000e-06,1.25625000e+00,9.12500000e-01,-2.62500000e-02,-1.24218750e-01
1.68432000e-06,1.16875000e+00,1.06250000e+00,-2.56250000e-02,-1.56250000e-01
1.68464000e-06,1.25937500e+00,1.23750000e+00,-9.37500000e-03,-8.67187500e-02
1.68496000e-06,1.18125000e+00,1.12500000e+00,-2.81250000e-02,-6.40625000e-02
1.68528000e-06,1.20625000e+00,1.15000000e+00,-2.56250000e-02,-1.21875000e-01
1.68560000e-06,1.10937500e+00,1.16250000e+00,-1.87500000e-03,-9.68750000e-02
1.68592000e-06,1.21875000e+00,1.07500000e+00,-1.37500000e-02,-6.56250000e-02
1.68624000e-06,1.15625000e+00,1.03750000e+00,-6.87500000e-03,-1.02343750e-01
1.68656000e-06,1.20625000e+00,1.03750000e+00,-3.87500000e-02,-6.32812500e-02
1.68688000e-06,1.10625000e+00,1.18750000e+00,-2.56250000e-02,-3.28125000e-02
1.68720000e-06,1.15625000e+00,1.10000000e+00,-4.37500000e-03,-3.20312500e-02
1.68752000e-06,1.09375000e+00,1.06250000e+00,3.75000000e-03,-1.64062500e-02
1.68784000e-06,1.11875000e+00,1.18750000e+00,-9.37500000e-03,-1.64062500e-02
1.68816000e-06,1.19375000e+00,1.02500000e+00,5.62500000e-03,-6.09375000e-02
1.68848000e-06,1.21875000e+00,9.25000000e-01,-1.43750000e-02,-8.90625000e-02
1.68880000e-06,1.16875000e+00,9.62500000e-01,-4.37500000e-03,-1.02343750e-01
1.68912000e-06,1.20625000e+00,1.02500000e+00,-1.50000000e-02,-1.15625000e-01
1.68944000e-06,1.14375000e+00,1.22500000e+00,-2.18750000e-02,-6.79687500e-02
1.68976000e-06,1.20625000e+00,1.15000000e+00,-1.93750000e-02,-1.18750000e-01
1.69008000e-06,1.06875000e+00,1.07500000e+00,-1.68750000e-02,-1.23437500e-01
1.69040000e-06,1.19375000e+00,1.12500000e+00,-4.37500000e-03,-7.03125000e-02
1.69072000e-06,1.13125000e+00,1.11250000e+00,-2.25000000e-02,-1.17187500e-02
1.69104000e-06,1.19375000e+00,1.10000000e+00,-5.12500000e-02,2.73437500e-02
1.69136000e-06,1.18125000e+00,1.15000000e+00,3.75000000e-03,-1.10937500e-01
1.69168000e-06,1.14375000e+00,1.00000000e+00,-4.37500000e-03,-1.46093750e-01
1.69200000e-06,1.23125000e+00,1.16250000e+00,-2.00000000e-02,-1.25781250e-01
1.69232000e-06,1.16875000e+00,8.75000000e-01,-2.56250000e-02,-8.59375000e-02
1.69264000e-06,1.05625000e+00,1.08750000e+00,-2.81250000e-02,-7.34375000e-02
1.69296000e-06,1.19375000e+00,1.08750000e+00,-2.12500000e-02,-5.31250000e-02
1.69328000e-06,1.21875000e+00,1.05000000e+00,2.50000000e-03,-1.03906250e-01
1.69360000e-06,1.14375000e+00,1.11250000e+00,-2.62500000e-02,-8.82812500e-02
1.69392000e-06,1.32812500e+00,1.01250000e+00,-3.12500000e-02,-9.14062500e-02
1.69424000e-06,1.19375000e+00,1.11250000e+00,-3.87500000e-02,-5.70312500e-02
1.69456000e-06,1.05625000e+00,1.18750000e+00,-1.12500000e-02,-5.54687500e-02
1.69488000e-06,1.17187500e+00,9.75000000e-01,-2.62500000e-02,-1.00781250e-01
1.69520000e-06,1.11875000e+00,1.02500000e+00,-3.62500000e-02,-1.95312500e-02
1.69552000e-06,1.06875000e+00,1.03750000e+00,-2.56250000e-02,-6.25000000e-03
1.69584000e-06,1.04375000e+00,1.11250000e+00,1.12500000e-02,-1.02343750e-01
1.69616000e-06,1.11875000e+00,9.87500000e-01,-2.12500000e-02,-8.82812500e-02
1.69648000e-06,1.10625000e+00,1.17500000e+00,-2.62500000e-02,1.09375000e-02
1.69680000e-06,1.20625000e+00,1.01250000e+00,-4.12500000e-02,-6.64062500e-02
1.69712000e-06,1.00625000e+00,1.07500000e+00,-1.25000000e-02,-1.36718750e-01
1.69744000e-06,1.18125000e+00,1.02500000e+00,-4.06250000e-02,-1.32812500e-01
1.69776000e-06,1.20625000e+00,1.07500000e+00,-4.37500000e-03,-1.00000000e-01
1.69808000e-06,1.16875000e+00,1.01250000e+00,-6.06250000e-02,-7.81250000e-02
1.69840000e-06,1.16875000e+00,1.05000000e+00,-3.50000000e-02,-6.95312500e-02
1.69872000e-06,1.19375000e+00,1.16250000e+00,-2.75000000e-02,-6.71875000e-02
1.69904000e-06,1.21875000e+00,1.07500000e+00,8.75000000e-03,-4.53125000e-02
1.69936000e-06,1.18125000e+00,1.01250000e+00,-1.50000000e-02,-1.66406250e-01
1.69968000e-06,1.11875000e+00,9.75000000e-01,-3.12500000e-02,-1.60937500e-01
1.70000000e-06,1.06875000e+00,9.75000000e-01,-4.81250000e-02,-4.53125000e-02
1.70032000e-06,1.04375000e+00,1.02500000e+00,-1.18750000e-02,-4.37500000e-02
1.70064000e-06,1.34062500e+00,9.37500000e-01,-4.62500000e-02,-7.73437500e-02
1.70096000e-06,1.21875000e+00,1.02500000e+00,-3.56250000e-02,-1.20312500e-01
1.70128000e-06,1.14375000e+00,9.87500000e-01,-4.00000000e-02,-8.67187500e-02
1.70160000e-06,1.14687500e+00,1.17500000e+00,-1.43750000e-02,-5.93750000e-02
1.70192000e-06,1.11875000e+00,1.08750000e+00,-3.31250000e-02,-2.89062500e-02
1.70224000e-06,1.16875000e+00,1.10000000e+00,-1.62500000e-02,-5.00000000e-02
1.70256000e-06,1.18125000e+00,1.06250000e+00,-1.43750000e-02,-8.59375000e-02
1.70288000e-06,1.11875000e+00,1.06250000e+00,-4.37500000e-03,-1.18750000e-01
1.70320000e-06,1.18125000e+00,1.07500000e+00,-4.37500000e-03,-1.00781250e-01
1.70352000e-06,1.21875000e+00,1.01250000e+00,-1.50000000e-02,-4.53125000e-02
1.70384000e-06,1.24375000e+00,9.50000000e-01,-5.87500000e-02,-4.84375000e-02
1.70416000e-06,1.13125000e+00,1.00000000e+00,3.75000000e-03,-1.21875000e-01
1.70448000e-06,1.04375000e+00,1.07500000e+00,2.50000000e-03,-1.20312500e-01
1.70480000e-06,1.28125000e+00,1.08750000e+00,-8.31250000e-02,-1.55468750e-01
1.70512000e-06,1.18125000e+00,1.05000000e+00,-4.25000000e-02,-1.77343750e-01
1.70544000e-06,1.15625000e+00,1.10000000e+00,-6.25000000e-03,-8.28125000e-02
1.70576000e-06,1.20625000e+00,1.02500000e+00,-1.87500000e-03,-1.24218750e-01
1.70608000e-06,1.13125000e+00,1.03750000e+00,-3.62500000e-02,-1.44531250e-01
1.70640000e-06,1.24375000e+00,9.37500000e-01,-5.62500000e-02,-1.04687500e-01
1.70672000e-06,1.10625000e+00,1.10000000e+00,-2.62500000e-02,-1.06250000e-01
1.70704000e-06,1.11875000e+00,9.62500000e-01,-2.12500000e-02,-1.07812500e-01
1.70736000e-06,1.20625000e+00,1.06250000e+00,0.00000000e+00,-1.21093750e-01
1.70768000e-06,1.25625000e+00,1.00000000e+00,-3.12500000e-02,-1.65625000e-01
1.70800000e-06,1.11875000e+00,1.07500000e+00,-4.31250000e-02,-2.02343750e-01
1.70832000e-06,9.93750000e-01,1.12500000e+00,-3.56250000e-02,-9.53125000e-02
1.70864000e-06,1.09375000e+00,1.00000000e+00,-3.81250000e-02,-4.68750000e-02
1.70896000e-06,1.20625000e+00,1.02500000e+00,-5.06250000e-02,-1.68750000e-01
1.70928000e-06,1.24375000e+00,1.00000000e+00,-3.75000000e-03,-1.98437500e-01
1.70960000e-06,1.20625000e+00,9.75000000e-01,-3.12500000e-02,-1.48437500e-01
1.70992000e-06,1.18125000e+00,1.15000000e+00,-5.12500000e-02,-1.10937500e-01
1.71024000e-06,1.16875000e+00,1.02500000e+00,-1.68750000e-02,-2.89062500e-02
1.71056000e-06,1.13125000e+00,1.06250000e+00,5.62500000e-03,-7.96875000e-02
1.71088000e-06,1.25625000e+00,1.10000000e+00,-2.62500000e-02,-1.01562500e-01
1.71120000e-06,1.18125000e+00,1.05000000e+00,-6.87500000e-03,-1.92968750e-01
1.71152000e-06,1.16875000e+00,9.87500000e-01,-3.43750000e-02,-2.19531250e-01
1.71184000e-06,1.16875000e+00,1.06250000e+00,-3.37500000e-02,-8.98437500e-02
1.71216000e-06,1.13125000e+00,8.62500000e-01,-6.87500000e-03,-5.85937500e-02
1.71248000e-06,1.14375000e+00,9.62500000e-01,6.25000000e-04,-1.62500000e-01
1.71280000e-06,1.19375000e+00,1.15000000e+00,-5.00000000e-03,-2.00000000e-01
1.71312000e-06,1.23125000e+00,1.02500000e+00,-4.31250000e-02,-1.39062500e-01
1.71344000e-06,1.14375000e+00,9.87500000e-01,6.25000000e-03,-1.72656250e-01
1.71376000e-06,1.14375000e+00,1.03750000e+00,-3.31250000e-02,-1.54687500e-01
1.71408000e-06,1.33750000e+00,1.22500000e+00,-1.93750000e-02,-7.34375000e-02
1.71440000e-06,1.15625000e+00,1.22500000e+00,-5.00000000e-03,-1.76562500e-01
1.71472000e-06,1.23125000e+00,1.02500000e+00,-1.43750000e-02,-1.85937500e-01
1.71504000e-06,1.21875000e+00,1.03750000e+00,-2.25000000e-02,-9.68750000e-02
1.71536000e-06,1.11875000e+00,9.75000000e-01,-2.81250000e-02,-7.03125000e-02
1.71568000e-06,9.93750000e-01,1.12500000e+00,-1.68750000e-02,-1.12500000e-01
1.71600000e-06,1.11875000e+00,9.62500000e-01,-2.75000000e-02,-1.25000000e-01
1.71632000e-06,1.15625000e+00,1.01250000e+00,-6.25000000e-03,-1.44531250e-01
1.71664000e-06,1.31250000e+00,9.62500000e-01,-1.25000000e-03,-9.60937500e-02
1.71696000e-06,1.15625000e+00,1.00000000e+00,-9.37500000e-03,-1.34375000e-01
1.71728000e-06,1.23125000e+00,1.00000000e+00,-1.18750000e-02,-1.58593750e-01
1.71760000e-06,1.15625000e+00,1.17500000e+00,3.12500000e-03,-9.53125000e-02
1.71792000e-06,1.11875000e+00,1.16250000e+00,-1.75000000e-02,-7.73437500e-02
1.71824000e-06,1.11875000e+00,1.08750000e+00,-3.56250000e-02,-9.68750000e-02
1.71856000e-06,1.18125000e+00,1.05000000e+00,-3.75000000e-03,-8.75000000e-02
1.71888000e-06,1.04375000e+00,1.00000000e+00,-1.37500000e-02,2.18750000e-02
1.71920000e-06,1.19375000e+00,1.13750000e+00,-3.37500000e-02,-5.46875000e-02
1.71952000e-06,1.16875000e+00,1.07500000e+00,-1.93750000e-02,-8.12500000e-02
1.71984000e-06,1.16875000e+00,9.62500000e-01,-2.25000000e-02,-5.70312500e-02
1.72016000e-06,1.14375000e+00,1.13750000e+00,-3.12500000e-02,-1.35156250e-01
1.72048000e-06,9.81250000e-01,9.87500000e-01,-2.18750000e-02,-1.83593750e-01
1.72080000e-06,1.18125000e+00,1.02500000e+00,-2.00000000e-02,-2.10937500e-01
1.72112000e-06,1.15625000e+00,1.07500000e+00,-4.37500000e-03,-2.36718750e-01
1.72144000e-06,1.13125000e+00,1.07500000e+00,-1.87500000e-03,-2.23437500e-01
1.72176000e-06,1.19375000e+00,1.05000000e+00,-4.37500000e-02,-1.65625000e-01
1.72208000e-06,1.19375000e+00,1.02500000e+00,-3.62500000e-02,-9.60937500e-02
1.72240000e-06,1.08125000e+00,1.07500000e+00,-4.12500000e-02,-5.00000000e-02
1.72272000e-06,1.08125000e+00,1.05000000e+00,-1.62500000e-02,-1.04687500e-01
1.72304000e-06,1.21875000e+00,1.02500000e+00,5.62500000e-03,-3.59375000e-02
1.72336000e-06,1.14375000e+00,1.08750000e+00,-9.37500000e-03,-1.71875000e-02
1.72368000e-06,1.14375000e+00,9.50000000e-01,-2.50000000e-03,-7.10937500e-02
1.72400000e-06,1.14375000e+00,1.03750000e+00,-4.37500000e-02,-5.93750000e-02
1.72432000e-06,1.20625000e+00,8.87500000e-01,-2.81250000e-02,-7.89062500e-02
1.72464000e-06,1.10625000e+00,1.01250000e+00,-3.06250000e-02,-1.54687500e-01
1.72496000e-06,1.09375000e+00,1.02500000e+00,-8.75000000e-03,-1.15625000e-01
1.72528000e-06,1.18125000e+00,1.11250000e+00,3.12500000e-03,-5.39062500e-02
1.72560000e-06,1.26875000e+00,1.03750000e+00,-3.06250000e-02,-1.02343750e-01
1.72592000e-06,1.13125000e+00,9.87500000e-01,-1.00000000e-02,-2.32031250e-01
1.72624000e-06,1.15625000e+00,9.12500000e-01,-3.37500000e-02,-1.94531250e-01
1.72656000e-06,1.24375000e+00,1.11250000e+00,-2.18750000e-02,-2.81250000e-02
1.72688000e-06,1.09375000e+00,1.05000000e+00,-1.43750000e-02,2.26562500e-02
1.72720000e-06,1.10625000e+00,1.06250000e+00,1.31250000e-02,-1.21093750e-01
1.72752000e-06,1.20625000e+00,8.87500000e-01,-1.43750000e-02,-1.46093750e-01
1.72784000e-06,1.23125000e+00,1.03750000e+00,-1.25000000e-02,-2.81250000e-02
1.72816000e-06,1.14375000e+00,1.05000000e+00,-4.37500000e-02,-2.81250000e-02
1.72848000e-06,1.11875000e+00,1.11250000e+00,-3.25000000e-02,-9.84375000e-02
1.72880000e-06,1.11875000e+00,1.07500000e+00,-2.12500000e-02,-1.25000000e-01
1.72912000e-06,1.13125000e+00,1.11250000e+00,-6.25000000e-03,-1.05468750e-01
1.72944000e-06,1.03125000e+00,9.87500000e-01,-2.56250000e-02,-5.54687500e-02
1.72976000e-06,1.22187500e+00,1.03750000e+00,-1.87500000e-03,-6.95312500e-02
1.73008000e-06,1.39062500e+00,1.07500000e+00,-1.18750000e-02,-7.96875000e-02
1.73040000e-06,1.10625000e+00,1.06250000e+00,-3.12500000e-02,-4.45312500e-02
1.73072000e-06,9.59375000e-01,1.13750000e+00,-3.06250000e-02,-9.06250000e-02
1.73104000e-06,1.08437500e+00,1.08750000e+00,-1.87500000e-03,-1.51562500e-01
1.73136000e-06,1.13125000e+00,8.62500000e-01,-1.68750000e-02,-3.51562500e-02
1.73168000e-06,1.14375000e+00,1.12500000e+00,-3.62500000e-02,-4.29687500e-02
1.73200000e-06,1.15625000e+00,1.00000000e+00,-3.81250000e-02,-6.01562500e-02
1.73232000e-06,1.19375000e+00,1.02500000e+00,-1.87500000e-02,-6.79687500e-02
1.73264000e-06,1.15625000e+00,9.00000000e-01,-2.56250000e-02,-5.62500000e-02
1.73296000e-06,1.21875000e+00,1.10000000e+00,-6.87500000e-03,-3.20312500e-02
1.73328000e-06,1.18125000e+00,9.50000000e-01,-1.87500000e-03,-7.96875000e-02
1.73360000e-06,1.20625000e+00,1.06250000e+00,6.25000000e-04,-8.51562500e-02
1.73392000e-06,1.20625000e+00,1.01250000e+00,-1.25000000e-02,-7.96875000e-02
1.73424000e-06,1.05625000e+00,9.62500000e-01,-2.56250000e-02,-9.53125000e-02
1.73456000e-06,1.09375000e+00,1.05000000e+00,-2.18750000e-02,-1.43750000e-01
1.73488000e-06,1.15625000e+00,1.05000000e+00,-8.75000000e-03,-7.96875000e-02
1.73520000e-06,1.06875000e+00,9.25000000e-01,-1.50000000e-02,-5.23437500e-02
1.73552000e-06,1.16875000e+00,1.15000000e+00,-2.18750000e-02,-3.59375000e-02
1.73584000e-06,1.11875000e+00,1.05000000e+00,-1.50000000e-02,-5.15625000e-02
1.73616000e-06,1.15625000e+00,9.87500000e-01,-5.12500000e-02,-5.31250000e-02
1.73648000e-06,1.10625000e+00,1.01250000e+00,-3.56250000e-02,-5.39062500e-02
1.73680000e-06,1.13125000e+00,1.01250000e+00,-2.50000000e-02,-7.34375000e-02
1.73712000e-06,1.21875000e+00,9.87500000e-01,-5.56250000e-02,-5.70312500e-02
1.73744000e-06,1.25625000e+00,1.13750000e+00,-2.12500000e-02,-5.15625000e-02
1.73776000e-06,1.06875000e+00,1.18750000e+00,-7.50000000e-03,-1.13281250e-01
1.73808000e-06,1.19375000e+00,1.07500000e+00,-1.00000000e-02,-1.31250000e-01
1.73840000e-06,1.15625000e+00,1.03750000e+00,-2.56250000e-02,-1.34375000e-01
1.73872000e-06,9.43750000e-01,1.08750000e+00,-3.81250000e-02,-1.95312500e-01
1.73904000e-06,1.05625000e+00,1.11250000e+00,-3.00000000e-02,-9.53125000e-02
1.73936000e-06,1.04375000e+00,1.00000000e+00,-9.37500000e-03,-1.95312500e-02
1.73968000e-06,1.19375000e+00,9.75000000e-01,-1.37500000e-02,-1.05468750e-01
1.74000000e-06,1.14375000e+00,1.06250000e+00,-2.25000000e-02,-7.18750000e-02
1.74032000e-06,1.16875000e+00,1.05000000e+00,-2.56250000e-02,-3.67187500e-02
1.74064000e-06,1.16875000e+00,1.18750000e+00,-4.06250000e-02,-1.21093750e-01
1.74096000e-06,1.05625000e+00,9.37500000e-01,-4.06250000e-02,-1.14062500e-01
1.74128000e-06,1.10625000e+00,1.06250000e+00,-1.18750000e-02,-7.65625000e-02
1.74160000e-06,1.15625000e+00,1.00000000e+00,-3.12500000e-02,-7.34375000e-02
1.74192000e-06,1.13125000e+00,1.06250000e+00,-1.18750000e-02,2.10937500e-02
1.74224000e-06,1.23125000e+00,1.05000000e+00,-2.87500000e-02,-1.48437500e-02
1.74256000e-06,1.18125000e+00,1.10000000e+00,-1.87500000e-03,-7.96875000e-02
1.74288000e-06,1.18125000e+00,9.62500000e-01,-3.12500000e-02,-1.57031250e-01
1.74320000e-06,1.19375000e+00,1.15000000e+00,-1.18750000e-02,-1.65625000e-01
1.74352000e-06,1.18125000e+00,1.13750000e+00,-1.25000000e-02,-1.50000000e-01
1.74384000e-06,1.19375000e+00,9.37500000e-01,-2.62500000e-02,-7.81250000e-02
1.74416000e-06,1.16875000e+00,1.06250000e+00,-4.12500000e-02,-6.17187500e-02
1.74448000e-06,1.13125000e+00,1.07500000e+00,-2.81250000e-02,-7.81250000e-02
1.74480000e-06,1.08125000e+00,1.08750000e+00,-8.75000000e-03,-1.17187500e-02
1.74512000e-06,1.16875000e+00,1.03750000e+00,3.75000000e-03,5.46875000e-03
1.74544000e-06,1.03125000e+00,1.01250000e+00,-9.37500000e-03,-7.50000000e-02
1.74576000e-06,1.10625000e+00,1.11250000e+00,1.06250000e-02,-1.56250000e-01
1.74608000e-06,1.08125000e+00,1.01250000e+00,-6.87500000e-03,-1.06250000e-01
1.74640000e-06,1.10625000e+00,1.05000000e+00,3.12500000e-03,-4.76562500e-02
1.74672000e-06,1.19375000e+00,1.10000000e+00,-6.87500000e-03,-3.90625000e-03
1.74704000e-06,1.11875000e+00,1.03750000e+00,6.25000000e-04,3.82812500e-02
1.74736000e-06,1.19375000e+00,9.87500000e-01,-1.50000000e-02,-8.59375000e-02
1.74768000e-06,1.11875000e+00,1.11250000e+00,-3.12500000e-02,-1.42187500e-01
1.74800000e-06,1.14375000e+00,1.03750000e+00,-3.06250000e-02,-1.92968750e-01
1.74832000e-06,1.11875000e+00,1.16250000e+00,-8.75000000e-03,-2.09375000e-01
1.74864000e-06,1.05625000e+00,1.02500000e+00,-1.50000000e-02,-9.92187500e-02
1.74896000e-06,1.16875000e+00,9.25000000e-01,-3.62500000e-02,-8.28125000e-02
1.74928000e-06,1.19375000e+00,1.10000000e+00,-1.87500000e-02,-1.28906250e-01
1.74960000e-06,1.15625000e+00,1.00000000e+00,-6.87500000e-03,-2.23437500e-01
1.74992000e-06,1.14375000e+00,9.25000000e-01,-2.87500000e-02,-1.28906250e-01
1.75024000e-06,1.04375000e+00,1.13750000e+00,-9.37500000e-03,-3.75000000e-02
1.75056000e-06,1.10625000e+00,1.07500000e+00,-3.43750000e-02,-7.73437500e-02
1.75088000e-06,1.16875000e+00,1.03750000e+00,-5.12500000e-02,-8.28125000e-02
1.75120000e-06,9.81250000e-01,1.01250000e+00,-2.18750000e-02,-1.35937500e-01
1.75152000e-06,9.93750000e-01,1.03750000e+00,-1.25000000e-02,-1.63281250e-01
1.75184000e-06,1.16875000e+00,1.08750000e+00,-4.12500000e-02,-1.10156250e-01
1.75216000e-06,1.19375000e+00,9.87500000e-01,-2.56250000e-02,-5.70312500e-02
1.75248000e-06,1.20625000e+00,9.50000000e-01,-1.62500000e-02,-8.51562500e-02
1.75280000e-06,1.20625000e+00,1.08750000e+00,-4.37500000e-03,-1.42187500e-01
1.75312000e-06,1.26875000e+00,1.05000000e+00,-4.37500000e-02,-1.07812500e-01
1.75344000e-06,1.11875000e+00,1.08750000e+00,-4.12500000e-02,-1.14062500e-01
1.75376000e-06,1.04375000e+00,1.05000000e+00,-2.56250000e-02,-2.34375000e-02
1.75408000e-06,1.20625000e+00,1.13750000e+00,-1.68750000e-02,-9.37500000e-02
1.75440000e-06,1.26875000e+00,1.08750000e+00,-3.81250000e-02,-8.12500000e-02
1.75472000e-06,1.25625000e+00,1.13750000e+00,-6.25000000e-03,-9.60937500e-02
1.75504000e-06,1.10625000e+00,9.37500000e-01,-2.81250000e-02,-1.05468750e-01
1.75536000e-06,1.05625000e+00,1.06250000e+00,6.25000000e-04,-1.44531250e-01
1.75568000e-06,1.20625000e+00,9.75000000e-01,-2.18750000e-02,-1.39843750e-01
1.75600000e-06,1.16875000e+00,1.21250000e+00,-2.00000000e-02,-1.03906250e-01
1.75632000e-06,1.14375000e+00,1.07500000e+00,-2.56250000e-02,-9.37500000e-02
1.75664000e-06,1.14375000e+00,9.75000000e-01,-3.75000000e-03,-7.50000000e-02
1.75696000e-06,1.21875000e+00,9.62500000e-01,3.75000000e-03,-6.25000000e-02
1.75728000e-06,9.93750000e-01,9.87500000e-01,-2.00000000e-02,-3.04687500e-02
1.75760000e-06,1.09375000e+00,9.87500000e-01,-4.62500000e-02,-2.18750000e-02
1.75792000e-06,1.19687500e+00,1.15000000e+00,-1.25000000e-03,3.90625000e-03
1.75824000e-06,1.31250000e+00,1.06250000e+00,3.12500000e-03,-1.09375000e-02
1.75856000e-06,1.20625000e+00,1.13750000e+00,-3.62500000e-02,-1.48437500e-02
1.75888000e-06,1.09687500e+00,9.62500000e-01,-3.81250000e-02,-8.20312500e-02
1.75920000e-06,1.25625000e+00,1.13750000e+00,5.62500000e-03,-1.32031250e-01
1.75952000e-06,1.20625000e+00,1.10000000e+00,-1.43750000e-02,-1.85937500e-01
1.75984000e-06,1.09375000e+00,1.07500000e+00,-3.37500000e-02,-1.17187500e-01
1.76016000e-06,1.05625000e+00,1.11250000e+00,-3.75000000e-03,-1.71875000e-02
1.76048000e-06,1.01875000e+00,1.10000000e+00,5.62500000e-03,-4.14062500e-02
1.76080000e-06,1.06875000e+00,9.50000000e-01,-2.62500000e-02,-1.10156250e-01
1.76112000e-06,1.05625000e+00,1.12500000e+00,-4.12500000e-02,-8.82812500e-02
1.76144000e-06,1.13437500e+00,1.08750000e+00,-3.12500000e-02,-6.71875000e-02
1.76176000e-06,1.25625000e+00,9.75000000e-01,-1.87500000e-02,2.89062500e-02
1.76208000e-06,1.20625000e+00,1.11250000e+00,2.31250000e-02,5.39062500e-02
1.76240000e-06,1.02187500e+00,9.87500000e-01,-1.18750000e-02,-1.40625000e-02
1.76272000e-06,1.08125000e+00,1.01250000e+00,-4.37500000e-02,-7.57812500e-02
1.76304000e-06,1.11875000e+00,1.06250000e+00,-1.00000000e-02,-6.71875000e-02
1.76336000e-06,1.05625000e+00,1.01250000e+00,-4.18750000e-02,-5.46875000e-03
1.76368000e-06,1.08125000e+00,1.11250000e+00,-6.87500000e-03,-3.59375000e-02
1.76400000e-06,1.15625000e+00,8.12500000e-01,-2.87500000e-02,-1.28906250e-01
1.76432000e-06,1.18125000e+00,9.75000000e-01,-3.25000000e-02,-1.08593750e-01
1.76464000e-06,1.18125000e+00,9.25000000e-01,-1.18750000e-02,-2.26562500e-02
1.76496000e-06,1.16875000e+00,1.11250000e+00,-3.50000000e-02,-9.21875000e-02
1.76528000e-06,1.01875000e+00,1.11250000e+00,-2.56250000e-02,-8.04687500e-02
1.76560000e-06,1.13125000e+00,1.05000000e+00,-4.56250000e-02,-7.50000000e-02
1.76592000e-06,1.14375000e+00,1.01250000e+00,-2.18750000e-02,-5.00000000e-02
1.76624000e-06,1.15625000e+00,1.01250000e+00,-1.68750000e-02,-7.03125000e-03
1.76656000e-06,1.20625000e+00,9.50000000e-01,-2.00000000e-02,-6.48437500e-02
1.76688000e-06,1.19375000e+00,1.10000000e+00,-3.87500000e-02,-7.73437500e-02
1.76720000e-06,1.06875000e+00,1.12500000e+00,-4.06250000e-02,-6.01562500e-02
1.76752000e-06,1.04375000e+00,1.07500000e+00,-8.75000000e-03,-1.95312500e-02
1.76784000e-06,1.05625000e+00,1.06250000e+00,-2.18750000e-02,-3.90625000e-02
1.76816000e-06,1.14375000e+00,1.07500000e+00,-2.00000000e-02,-4.14062500e-02
1.76848000e-06,1.18125000e+00,9.87500000e-01,-3.06250000e-02,-6.40625000e-02
1.76880000e-06,1.05625000e+00,1.07500000e+00,-1.68750000e-02,-1.65625000e-01
1.76912000e-06,1.16875000e+00,9.75000000e-01,-4.56250000e-02,-1.81250000e-01
1.76944000e-06,1.10625000e+00,9.00000000e-01,-2.75000000e-02,-9.21875000e-02
1.76976000e-06,1.08125000e+00,1.03750000e+00,-3.75000000e-03,-2.73437500e-02
1.77008000e-06,1.08125000e+00,1.10000000e+00,-3.06250000e-02,-3.12500000e-02
1.77040000e-06,1.10625000e+00,1.01250000e+00,-1.75000000e-02,-1.13281250e-01
1.77072000e-06,1.20625000e+00,1.02500000e+00,-2.00000000e-02,-1.53125000e-01
1.77104000e-06,1.31562500e+00,1.05000000e+00,-4.12500000e-02,-1.18750000e-01
1.77136000e-06,1.16875000e+00,1.03750000e+00,-5.62500000e-02,-7.18750000e-02
1.77168000e-06,1.15625000e+00,9.62500000e-01,-3.12500000e-02,1.01562500e-02
1.77200000e-06,1.22187500e+00,1.00000000e+00,-2.50000000e-02,-2.65625000e-02
1.77232000e-06,1.25625000e+00,9.37500000e-01,-2.81250000e-02,-5.00000000e-02
1.77264000e-06,1.13125000e+00,1.00000000e+00,-3.81250000e-02,-4.06250000e-02
1.77296000e-06,1.04375000e+00,1.00000000e+00,-4.62500000e-02,-1.24218750e-01
1.77328000e-06,1.15625000e+00,1.11250000e+00,-2.12500000e-02,-1.35156250e-01
1.77360000e-06,1.10625000e+00,1.00000000e+00,-1.93750000e-02,-8.20312500e-02
1.77392000e-06,1.08125000e+00,1.03750000e+00,-1.75000000e-02,-1.06250000e-01
1.77424000e-06,1.14375000e+00,1.02500000e+00,-4.62500000e-02,-1.48437500e-02
1.77456000e-06,9.93750000e-01,1.00000000e+00,-3.25000000e-02,-6.17187500e-02
1.77488000e-06,1.10625000e+00,1.05000000e+00,-3.75000000e-03,-7.10937500e-02
1.77520000e-06,1.18125000e+00,9.50000000e-01,-1.12500000e-02,-4.37500000e-02
1.77552000e-06,1.04375000e+00,9.75000000e-01,3.12500000e-03,-5.23437500e-02
1.77584000e-06,1.03125000e+00,1.00000000e+00,-2.25000000e-02,-1.07812500e-01
1.77616000e-06,1.19375000e+00,9.87500000e-01,-4.62500000e-02,-7.18750000e-02
1.77648000e-06,1.32500000e+00,1.07500000e+00,-1.37500000e-02,-5.00000000e-02
1.77680000e-06,1.16875000e+00,9.75000000e-01,-4.37500000e-02,-5.93750000e-02
1.77712000e-06,1.21875000e+00,1.02500000e+00,-5.37500000e-02,-5.00000000e-02
1.77744000e-06,1.08125000e+00,1.08750000e+00,-2.62500000e-02,-1.14062500e-01
1.77776000e-06,1.11875000e+00,1.17500000e+00,-3.06250000e-02,-7.96875000e-02
1.77808000e-06,1.20625000e+00,1.07500000e+00,-2.18750000e-02,-5.31250000e-02
1.77840000e-06,1.18125000e+00,1.06250000e+00,-3.62500000e-02,-7.34375000e-02
1.77872000e-06,1.23125000e+00,9.75000000e-01,-2.50000000e-02,-8.12500000e-02
1.77904000e-06,1.10625000e+00,1.15000000e+00,-1.12500000e-02,-6.48437500e-02
1.77936000e-06,1.00625000e+00,9.50000000e-01,-1.93750000e-02,-8.51562500e-02
1.77968000e-06,1.09375000e+00,1.02500000e+00,-4.37500000e-02,-1.64062500e-01
1.78000000e-06,1.05625000e+00,9.12500000e-01,-3.81250000e-02,-1.26562500e-01
1.78032000e-06,1.13125000e+00,9.75000000e-01,-4.06250000e-02,-7.10937500e-02
1.78064000e-06,1.14375000e+00,1.07500000e+00,-2.81250000e-02,-1.95312500e-02
1.78096000e-06,1.21875000e+00,1.05000000e+00,-1.37500000e-02,-3.12500000e-03
1.78128000e-06,1.01875000e+00,1.01250000e+00,-3.12500000e-02,-9.76562500e-02
1.78160000e-06,1.26875000e+00,1.16250000e+00,-2.18750000e-02,-6.56250000e-02
1.78192000e-06,1.11875000e+00,1.02500000e+00,-2.00000000e-02,-3.20312500e-02
1.78224000e-06,1.04375000e+00,9.37500000e-01,-1.18750000e-02,-7.81250000e-02
1.78256000e-06,1.26875000e+00,1.11250000e+00,-4.12500000e-02,-1.25000000e-02
1.78288000e-06,1.04375000e+00,1.07500000e+00,-2.56250000e-02,1.71875000e-02
1.78320000e-06,1.20625000e+00,1.00000000e+00,-4.12500000e-02,-1.71875000e-02
1.78352000e-06,1.11875000e+00,1.10000000e+00,-3.56250000e-02,-1.44531250e-01
1.78384000e-06,1.14375000e+00,9.25000000e-01,-1.68750000e-02,-8.90625000e-02
1.78416000e-06,1.16875000e+00,1.13750000e+00,-3.37500000e-02,-1.27343750e-01
1.78448000e-06,1.10625000e+00,8.87500000e-01,-1.68750000e-02,-1.56250000e-01
1.78480000e-06,1.20625000e+00,9.50000000e-01,-1.31250000e-02,-7.42187500e-02
1.78512000e-06,1.06875000e+00,1.03750000e+00,-2.25000000e-02,-7.65625000e-02
1.78544000e-06,9.18750000e-01,1.11250000e+00,-2.87500000e-02,-7.03125000e-02
1.78576000e-06,1.11875000e+00,9.25000000e-01,-4.31250000e-02,-5.70312500e-02
1.78608000e-06,1.05625000e+00,8.87500000e-01,-4.31250000e-02,-4.68750000e-02
1.78640000e-06,1.19375000e+00,1.02500000e+00,-2.50000000e-02,1.48437500e-02
1.78672000e-06,1.23125000e+00,1.16250000e+00,-1.62500000e-02,-3.90625000e-02
1.78704000e-06,1.08125000e+00,9.00000000e-01,-2.81250000e-02,-1.28125000e-01
1.78736000e-06,9.81250000e-01,1.05000000e+00,-1.18750000e-02,-1.69531250e-01
1.78768000e-06,1.21875000e+00,1.13750000e+00,-2.31250000e-02,-9.84375000e-02
1.78800000e-06,1.11875000e+00,1.01250000e+00,-3.12500000e-02,-6.56250000e-02
1.78832000e-06,1.24375000e+00,1.01250000e+00,-5.56250000e-02,-6.87500000e-02
1.78864000e-06,1.15625000e+00,1.20000000e+00,-3.75000000e-03,-1.32812500e-01
1.78896000e-06,1.21875000e+00,1.03750000e+00,-9.37500000e-03,-1.75781250e-01
1.78928000e-06,1.13125000e+00,1.06250000e+00,-2.62500000e-02,-1.30468750e-01
1.78960000e-06,1.13125000e+00,1.02500000e+00,-1.68750000e-02,-1.05468750e-01
1.78992000e-06,1.04375000e+00,1.01250000e+00,-2.62500000e-02,-1.23437500e-01
1.79024000e-06,1.20625000e+00,1.05000000e+00,8.12500000e-03,-1.03906250e-01
1.79056000e-06,1.16875000e+00,9.62500000e-01,-7.50000000e-03,-1.07031250e-01
1.79088000e-06,1.08125000e+00,1.01250000e+00,-5.87500000e-02,-7.73437500e-02
1.79120000e-06,1.11875000e+00,9.75000000e-01,-3.25000000e-02,-7.96875000e-02
1.79152000e-06,1.10625000e+00,1.01250000e+00,-3.31250000e-02,-1.50781250e-01
1.79184000e-06,1.15625000e+00,1.23750000e+00,-5.56250000e-02,-1.92968750e-01
1.79216000e-06,1.18125000e+00,1.11250000e+00,-1.43750000e-02,-7.81250000e-02
1.79248000e-06,1.01875000e+00,9.87500000e-01,-1.25000000e-02,-7.81250000e-02
1.79280000e-06,1.24375000e+00,1.01250000e+00,-5.62500000e-02,-1.27343750e-01
1.79312000e-06,1.16875000e+00,1.11250000e+00,-3.75000000e-02,-7.26562500e-02
1.79344000e-06,1.10625000e+00,1.08750000e+00,-1.12500000e-02,-3.82812500e-02
1.79376000e-06,1.09375000e+00,1.02500000e+00,-8.75000000e-03,-7.26562500e-02
1.79408000e-06,1.06875000e+00,9.87500000e-01,-1.93750000e-02,-7.10937500e-02
1.79440000e-06,1.28125000e+00,1.15000000e+00,-1.18750000e-02,-1.32031250e-01
1.79472000e-06,1.20625000e+00,1.13750000e+00,-3.12500000e-02,-1.75000000e-01
1.79504000e-06,1.06875000e+00,1.02500000e+00,-4.87500000e-02,-1.75781250e-01
1.79536000e-06,1.08125000e+00,1.12500000e+00,-1.43750000e-02,-1.07031250e-01
1.79568000e-06,1.10625000e+00,1.03750000e+00,-4.12500000e-02,-7.10937500e-02
1.79600000e-06,1.18125000e+00,1.05000000e+00,-5.37500000e-02,-8.59375000e-02
1.79632000e-06,1.05625000e+00,1.11250000e+00,-2.87500000e-02,-6.25000000e-02
1.79664000e-06,1.09375000e+00,9.62500000e-01,-3.56250000e-02,-1.11718750e-01
1.79696000e-06,1.08125000e+00,1.02500000e+00,-3.31250000e-02,-1.73437500e-01
1.79728000e-06,9.06250000e-01,1.02500000e+00,-4.56250000e-02,-1.82812500e-01
1.79760000e-06,1.14375000e+00,1.02500000e+00,6.25000000e-03,-9.45312500e-02
1.79792000e-06,1.23125000e+00,1.01250000e+00,-4.37500000e-03,2.18750000e-02
1.79824000e-06,1.13125000e+00,1.01250000e+00,-2.87500000e-02,-6.71875000e-02
1.79856000e-06,1.13125000e+00,1.11250000e+00,-4.87500000e-02,-1.07031250e-01
1.79888000e-06,1.24375000e+00,1.11250000e+00,-3.62500000e-02,-8.04687500e-02
1.79920000e-06,1.20625000e+00,9.50000000e-01,-3.31250000e-02,-1.26562500e-01
1.79952000e-06,1.16875000e+00,1.08750000e+00,-5.06250000e-02,-2.25781250e-01
1.79984000e-06,1.20625000e+00,9.87500000e-01,-3.25000000e-02,-2.32812500e-01
1.80016000e-06,1.08125000e+00,1.05000000e+00,-2.56250000e-02,-2.04687500e-01
1.80048000e-06,1.06875000e+00,1.08750000e+00,-3.75000000e-02,-9.92187500e-02
1.80080000e-06,1.11875000e+00,1.02500000e+00,6.25000000e-04,-1.00000000e-01
1.80112000e-06,1.14375000e+00,1.06250000e+00,-1.43750000e-02,-7.73437500e-02
1.80144000e-06,1.09375000e+00,1.00000000e+00,-3.31250000e-02,-9.14062500e-02
1.80176000e-06,1.15625000e+00,9.37500000e-01,-1.93750000e-02,-1.15625000e-01
1.80208000e-06,1.30000000e+00,1.02500000e+00,-3.31250000e-02,-1.37500000e-01
1.80240000e-06,1.15625000e+00,1.05000000e+00,-4.06250000e-02,-2.40625000e-01
1.80272000e-06,1.10625000e+00,1.06250000e+00,-1.37500000e-02,-2.07812500e-01
1.80304000e-06,1.13125000e+00,1.01250000e+00,-3.62500000e-02,-1.03906250e-01
1.80336000e-06,1.09375000e+00,1.05000000e+00,-4.87500000e-02,-4.21875000e-02
1.80368000e-06,1.09375000e+00,9.75000000e-01,-4.12500000e-02,-5.93750000e-02
1.80400000e-06,1.13125000e+00,1.01250000e+00,-8.75000000e-03,-1.59375000e-01
1.80432000e-06,1.03125000e+00,8.87500000e-01,-1.50000000e-02,-1.49218750e-01
1.80464000e-06,1.06875000e+00,1.12500000e+00,-3.37500000e-02,-9.14062500e-02
1.80496000e-06,1.09375000e+00,9.75000000e-01,-2.50000000e-02,-1.50781250e-01
1.80528000e-06,1.04375000e+00,1.05000000e+00,-6.25000000e-03,-1.35937500e-01
1.80560000e-06,1.24375000e+00,1.16250000e+00,-3.81250000e-02,-6.32812500e-02
1.80592000e-06,1.14375000e+00,9.62500000e-01,-3.37500000e-02,-1.49218750e-01
1.80624000e-06,1.11875000e+00,1.00000000e+00,-4.87500000e-02,-2.06250000e-01
1.80656000e-06,1.09375000e+00,1.07500000e+00,-2.12500000e-02,-1.59375000e-01
1.80688000e-06,1.13125000e+00,1.06250000e+00,-1.75000000e-02,-1.38281250e-01
1.80720000e-06,1.19375000e+00,1.06250000e+00,-5.62500000e-02,-1.14062500e-01
1.80752000e-06,1.05625000e+00,1.05000000e+00,-6.25000000e-03,-9.29687500e-02
1.80784000e-06,1.00625000e+00,1.06250000e+00,-1.00000000e-02,-4.60937500e-02
1.80816000e-06,1.21875000e+00,1.06250000e+00,-3.56250000e-02,-1.11718750e-01
1.80848000e-06,1.14375000e+00,9.87500000e-01,-2.56250000e-02,-1.35937500e-01
1.80880000e-06,1.15625000e+00,1.02500000e+00,-3.75000000e-03,-6.32812500e-02
1.80912000e-06,1.24375000e+00,1.06250000e+00,-5.00000000e-03,-1.08593750e-01
1.80944000e-06,1.18125000e+00,9.50000000e-01,-2.62500000e-02,-1.77343750e-01
1.80976000e-06,1.16875000e+00,1.20000000e+00,-2.00000000e-02,-1.60937500e-01
1.81008000e-06,1.19375000e+00,1.08750000e+00,-4.43750000e-02,-9.84375000e-02
1.81040000e-06,9.68750000e-01,9.50000000e-01,-2.50000000e-02,-9.76562500e-02
1.81072000e-06,1.13125000e+00,1.06250000e+00,-3.75000000e-03,-1.23437500e-01
1.81104000e-06,1.19375000e+00,9.75000000e-01,-8.75000000e-03,-2.18750000e-02
1.81136000e-06,1.18125000e+00,9.37500000e-01,-4.62500000e-02,-1.09375000e-02
1.81168000e-06,1.13125000e+00,1.13750000e+00,-4.87500000e-02,-1.30468750e-01
1.81200000e-06,1.26875000e+00,8.62500000e-01,-9.37500000e-03,-1.28906250e-01
1.81232000e-06,1.18125000e+00,1.00000000e+00,-9.37500000e-03,-4.60937500e-02
1.81264000e-06,1.04375000e+00,1.08750000e+00,-1.18750000e-02,-9.21875000e-02
1.81296000e-06,1.16875000e+00,9.87500000e-01,-9.37500000e-03,-1.53125000e-01
1.81328000e-06,1.14375000e+00,1.03750000e+00,3.12500000e-03,-8.04687500e-02
1.81360000e-06,1.06875000e+00,1.01250000e+00,-4.37500000e-02,-1.03125000e-01
1.81392000e-06,1.23125000e+00,9.12500000e-01,-3.06250000e-02,-1.71093750e-01
1.81424000e-06,1.30000000e+00,1.00000000e+00,-2.18750000e-02,-1.53906250e-01
1.81456000e-06,1.20625000e+00,8.87500000e-01,-2.56250000e-02,-1.32812500e-01
1.81488000e-06,1.23125000e+00,1.05000000e+00,-2.62500000e-02,-7.57812500e-02
1.81520000e-06,1.23125000e+00,9.00000000e-01,-4.37500000e-02,-1.25781250e-01
1.81552000e-06,1.05625000e+00,1.03750000e+00,-1.62500000e-02,-1.75000000e-01
1.81584000e-06,1.08125000e+00,9.87500000e-01,-2.00000000e-02,-1.18750000e-01
1.81616000e-06,1.14375000e+00,1.15000000e+00,-1.18750000e-02,-1.32031250e-01
1.81648000e-06,1.30000000e+00,1.00000000e+00,-2.56250000e-02,-1.85156250e-01
1.81680000e-06,1.20625000e+00,9.87500000e-01,6.25000000e-04,-1.53906250e-01
1.81712000e-06,1.26875000e+00,9.62500000e-01,-2.18750000e-02,-3.59375000e-02
1.81744000e-06,1.13125000e+00,1.06250000e+00,-9.37500000e-03,-5.62500000e-02
1.81776000e-06,9.81250000e-01,8.62500000e-01,-4.37500000e-03,-9.68750000e-02
1.81808000e-06,1.10625000e+00,1.02500000e+00,-1.43750000e-02,-8.28125000e-02
1.81840000e-06,1.19375000e+00,1.08750000e+00,-4.37500000e-03,-1.07031250e-01
1.81872000e-06,1.11875000e+00,1.10000000e+00,-4.12500000e-02,-5.23437500e-02
1.81904000e-06,1.08125000e+00,9.00000000e-01,-3.37500000e-02,1.87500000e-02
1.81936000e-06,1.11875000e+00,1.08750000e+00,-2.18750000e-02,1.32812500e-02
1.81968000e-06,1.08125000e+00,1.00000000e+00,-9.37500000e-03,-4.53125000e-02
1.82000000e-06,1.18125000e+00,1.21250000e+00,-4.37500000e-02,-1.20312500e-01
1.82032000e-06,1.11875000e+00,1.02500000e+00,-4.56250000e-02,-7.34375000e-02
1.82064000e-06,1.04375000e+00,1.07500000e+00,6.25000000e-04,-1.47656250e-01
1.82096000e-06,1.13125000e+00,1.02500000e+00,-2.18750000e-02,-1.73437500e-01
1.82128000e-06,1.15625000e+00,1.06250000e+00,-3.87500000e-02,-8.59375000e-02
1.82160000e-06,1.25625000e+00,1.11250000e+00,-3.31250000e-02,-7.57812500e-02
1.82192000e-06,1.14375000e+00,1.07500000e+00,-4.06250000e-02,-1.05468750e-01
1.82224000e-06,1.06875000e+00,9.87500000e-01,-2.75000000e-02,-1.13281250e-01
1.82256000e-06,1.23125000e+00,1.07500000e+00,6.25000000e-03,-9.21875000e-02
1.82288000e-06,9.93750000e-01,1.00000000e+00,-4.06250000e-02,-7.89062500e-02
1.82320000e-06,1.13125000e+00,1.08750000e+00,-3.37500000e-02,-6.71875000e-02
1.82352000e-06,1.10625000e+00,1.02500000e+00,-1.93750000e-02,-2.26562500e-02
1.82384000e-06,1.08125000e+00,9.37500000e-01,-4.37500000e-03,-1.40625000e-02
1.82416000e-06,1.20625000e+00,1.06250000e+00,-4.62500000e-02,-8.67187500e-02
1.82448000e-06,1.15625000e+00,1.10000000e+00,-2.56250000e-02,-1.62500000e-01
1.82480000e-06,1.20625000e+00,8.37500000e-01,-5.00000000e-03,-1.14843750e-01
1.82512000e-06,1.09375000e+00,1.06250000e+00,-3.06250000e-02,-9.37500000e-02
1.82544000e-06,1.20625000e+00,1.05000000e+00,-5.81250000e-02,-1.18750000e-01
1.82576000e-06,1.23125000e+00,9.87500000e-01,-3.25000000e-02,-1.82812500e-01
1.82608000e-06,1.08125000e+00,9.87500000e-01,-1.62500000e-02,-1.62500000e-01
1.82640000e-06,1.03125000e+00,1.02500000e+00,-1.37500000e-02,-7.50000000e-02
1.82672000e-06,1.05625000e+00,1.01250000e+00,-1.75000000e-02,-3.43750000e-02
1.82704000e-06,1.13125000e+00,1.01250000e+00,-4.12500000e-02,-9.14062500e-02
1.82736000e-06,1.31250000e+00,1.02500000e+00,-3.25000000e-02,-9.84375000e-02
1.82768000e-06,1.10625000e+00,9.87500000e-01,-2.56250000e-02,-6.95312500e-02
1.82800000e-06,1.00625000e+00,9.50000000e-01,-4.31250000e-02,-1.16406250e-01
1.82832000e-06,1.23125000e+00,1.01250000e+00,-4.37500000e-02,-1.32031250e-01
1.82864000e-06,1.21875000e+00,9.75000000e-01,-4.25000000e-02,-1.07031250e-01
1.82896000e-06,9.68750000e-01,1.11250000e+00,-8.75000000e-03,-5.78125000e-02
1.82928000e-06,1.05625000e+00,9.87500000e-01,-5.06250000e-02,-4.29687500e-02
1.82960000e-06,1.14375000e+00,9.12500000e-01,-4.12500000e-02,-6.95312500e-02
1.82992000e-06,1.15625000e+00,1.06250000e+00,-4.12500000e-02,-1.51562500e-01
1.83024000e-06,9.93750000e-01,1.02500000e+00,-4.56250000e-02,-1.63281250e-01
1.83056000e-06,1.04375000e+00,1.00000000e+00,-2.18750000e-02,-9.21875000e-02
1.83088000e-06,1.08125000e+00,1.03750000e+00,-4.62500000e-02,-7.50000000e-02
1.83120000e-06,1.10625000e+00,1.07500000e+00,-2.18750000e-02,-6.17187500e-02
1.83152000e-06,1.18125000e+00,1.06250000e+00,-4.62500000e-02,-1.24218750e-01
1.83184000e-06,1.24375000e+00,1.01250000e+00,-2.81250000e-02,-9.06250000e-02
1.83216000e-06,1.13125000e+00,1.05000000e+00,-4.81250000e-02,-5.93750000e-02
1.83248000e-06,1.16875000e+00,8.87500000e-01,-4.06250000e-02,-1.32031250e-01
1.83280000e-06,1.14375000e+00,1.12500000e+00,-2.81250000e-02,-1.26562500e-01
1.83312000e-06,1.16875000e+00,9.87500000e-01,-3.50000000e-02,-5.85937500e-02
1.83344000e-06,1.08125000e+00,1.08750000e+00,-1.43750000e-02,1.32812500e-02
1.83376000e-06,1.16875000e+00,9.37500000e-01,-1.93750000e-02,1.71875000e-02
1.83408000e-06,1.27187500e+00,1.06250000e+00,-4.37500000e-02,2.57812500e-02
1.83440000e-06,1.24375000e+00,1.07500000e+00,-1.18750000e-02,-3.59375000e-02
1.83472000e-06,1.03125000e+00,1.15000000e+00,-5.12500000e-02,-7.50000000e-02
1.83504000e-06,1.18437500e+00,9.37500000e-01,-5.06250000e-02,-5.07812500e-02
1.83536000e-06,1.08125000e+00,1.10000000e+00,-4.56250000e-02,1.87500000e-02
1.83568000e-06,1.15625000e+00,1.16250000e+00,-1.62500000e-02,-3.82812500e-02
1.83600000e-06,8.81250000e-01,9.87500000e-01,-1.43750000e-02,-2.73437500e-02
1.83632000e-06,1.20625000e+00,1.11250000e+00,-1.18750000e-02,-1.12500000e-01
1.83664000e-06,1.19375000e+00,1.16250000e+00,-1.43750000e-02,-1.17187500e-01
1.83696000e-06,1.31250000e+00,1.05000000e+00,-3.12500000e-02,-6.95312500e-02
1.83728000e-06,1.13125000e+00,1.07500000e+00,-2.81250000e-02,-7.34375000e-02
1.83760000e-06,1.08125000e+00,9.75000000e-01,-4.37500000e-03,-7.57812500e-02
1.83792000e-06,1.13125000e+00,1.06250000e+00,-1.87500000e-03,-9.68750000e-02
1.83824000e-06,1.20625000e+00,1.07500000e+00,-5.12500000e-02,-1.09375000e-02
1.83856000e-06,1.10625000e+00,1.00000000e+00,-1.87500000e-02,4.53125000e-02
1.83888000e-06,1.23125000e+00,9.62500000e-01,-1.25000000e-02,-1.64062500e-02
1.83920000e-06,1.14375000e+00,1.06250000e+00,-4.62500000e-02,-4.29687500e-02
1.83952000e-06,1.24375000e+00,1.00000000e+00,-5.56250000e-02,-7.34375000e-02
1.83984000e-06,1.24375000e+00,9.87500000e-01,-1.12500000e-02,-8.67187500e-02
1.84016000e-06,1.20625000e+00,9.75000000e-01,-2.87500000e-02,-8.35937500e-02
1.84048000e-06,1.11875000e+00,1.05000000e+00,-5.87500000e-02,-1.40625000e-02
1.84080000e-06,1.11875000e+00,1.05000000e+00,6.25000000e-04,1.56250000e-02
1.84112000e-06,1.08125000e+00,1.00000000e+00,-2.62500000e-02,-2.57812500e-02
1.84144000e-06,1.36250000e+00,9.75000000e-01,-4.06250000e-02,-6.25000000e-02
1.84176000e-06,1.05625000e+00,9.62500000e-01,6.25000000e-04,-4.60937500e-02
1.84208000e-06,1.13125000e+00,1.23750000e+00,-3.31250000e-02,-6.79687500e-02
1.84240000e-06,1.15625000e+00,1.10000000e+00,-6.12500000e-02,-9.53125000e-02
1.84272000e-06,1.16875000e+00,1.01250000e+00,-1.18750000e-02,-2.26562500e-02
1.84304000e-06,1.19375000e+00,1.06250000e+00,-1.68750000e-02,-4.53125000e-02
1.84336000e-06,1.09375000e+00,1.08750000e+00,2.06250000e-02,-6.01562500e-02
1.84368000e-06,1.06875000e+00,1.03750000e+00,-3.62500000e-02,-3.12500000e-02
1.84400000e-06,1.31250000e+00,1.07500000e+00,-2.18750000e-02,-3.67187500e-02
1.84432000e-06,1.16875000e+00,1.08750000e+00,-3.18750000e-02,-6.17187500e-02
1.84464000e-06,1.01875000e+00,9.75000000e-01,-4.62500000e-02,-2.50000000e-02
1.84496000e-06,1.15625000e+00,9.75000000e-01,-2.81250000e-02,-1.71875000e-02
1.84528000e-06,1.11875000e+00,1.05000000e+00,3.75000000e-03,-3.04687500e-02
1.84560000e-06,9.93750000e-01,1.07500000e+00,3.75000000e-03,-1.64062500e-02
1.84592000e-06,1.19375000e+00,9.50000000e-01,-3.62500000e-02,-2.34375000e-03
1.84624000e-06,1.00625000e+00,1.16250000e+00,-1.93750000e-02,-7.81250000e-02
1.84656000e-06,1.14375000e+00,9.62500000e-01,-1.75000000e-02,-1.67968750e-01
1.84688000e-06,1.25625000e+00,1.13750000e+00,-1.43750000e-02,-4.53125000e-02
1.84720000e-06,1.10625000e+00,1.08750000e+00,-2.62500000e-02,3.12500000e-03
1.84752000e-06,1.24375000e+00,1.01250000e+00,-5.62500000e-02,-4.06250000e-02
1.84784000e-06,1.06875000e+00,1.07500000e+00,-3.87500000e-02,-1.13281250e-01
1.84816000e-06,1.06875000e+00,1.05000000e+00,-3.75000000e-02,-1.75781250e-01
1.84848000e-06,1.11875000e+00,1.00000000e+00,-8.75000000e-03,-8.12500000e-02
1.84880000e-06,1.09375000e+00,9.87500000e-01,-2.56250000e-02,2.18750000e-02
1.84912000e-06,1.08125000e+00,1.11250000e+00,-4.62500000e-02,1.87500000e-02
1.84944000e-06,1.00625000e+00,1.30625000e+00,-4.06250000e-02,-1.71875000e-02
1.84976000e-06,1.27187500e+00,9.87500000e-01,-2.81250000e-02,-2.03125000e-02
1.85008000e-06,1.23125000e+00,1.15000000e+00,-3.81250000e-02,-4.68750000e-02
1.85040000e-06,1.13125000e+00,9.75000000e-01,-3.06250000e-02,-1.35156250e-01
1.85072000e-06,1.02187500e+00,9.00000000e-01,-1.68750000e-02,-1.74218750e-01
1.85104000e-06,1.08125000e+00,9.50000000e-01,-3.81250000e-02,-1.98437500e-01
1.85136000e-06,1.04375000e+00,1.08750000e+00,-1.87500000e-02,-1.58593750e-01
1.85168000e-06,1.16875000e+00,1.10000000e+00,1.81250000e-02,-7.34375000e-02
1.85200000e-06,1.05625000e+00,1.22500000e+00,-5.62500000e-02,-5.54687500e-02
1.85232000e-06,1.20625000e+00,1.03750000e+00,-4.12500000e-02,-2.81250000e-02
1.85264000e-06,1.10625000e+00,1.03750000e+00,-3.87500000e-02,-8.20312500e-02
1.85296000e-06,1.18125000e+00,1.00000000e+00,-3.31250000e-02,-1.22656250e-01
1.85328000e-06,1.18125000e+00,1.11250000e+00,-3.81250000e-02,-1.37500000e-01
1.85360000e-06,1.13125000e+00,1.01250000e+00,-2.12500000e-02,-1.25781250e-01
1.85392000e-06,1.04375000e+00,1.05000000e+00,-3.06250000e-02,-6.64062500e-02
1.85424000e-06,1.16875000e+00,1.15000000e+00,-4.37500000e-03,-4.45312500e-02
1.85456000e-06,1.21875000e+00,1.08750000e+00,-1.50000000e-02,-8.90625000e-02
1.85488000e-06,1.21875000e+00,9.87500000e-01,-3.06250000e-02,-8.28125000e-02
1.85520000e-06,1.23125000e+00,1.08750000e+00,-1.18750000e-02,-8.28125000e-02
1.85552000e-06,1.16875000e+00,9.62500000e-01,-2.50000000e-02,-7.81250000e-03
1.85584000e-06,9.93750000e-01,1.11250000e+00,-2.18750000e-02,-1.79687500e-02
1.85616000e-06,1.16875000e+00,1.07500000e+00,-2.50000000e-02,-6.64062500e-02
1.85648000e-06,1.15625000e+00,9.12500000e-01,-6.25000000e-03,-5.39062500e-02
1.85680000e-06,1.23125000e+00,1.05000000e+00,-2.81250000e-02,-1.27343750e-01
1.85712000e-06,1.11875000e+00,1.00000000e+00,-1.43750000e-02,-1.73437500e-01
1.85744000e-06,1.10625000e+00,1.00000000e+00,-1.00000000e-02,-7.03125000e-02
1.85776000e-06,1.10625000e+00,1.13750000e+00,-2.87500000e-02,-6.01562500e-02
1.85808000e-06,1.13125000e+00,1.02500000e+00,-1.43750000e-02,-1.20312500e-01
1.85840000e-06,1.20625000e+00,1.07500000e+00,-8.12500000e-03,-1.70312500e-01
1.85872000e-06,1.19375000e+00,9.25000000e-01,-6.37500000e-02,-1.73437500e-01
1.85904000e-06,1.16875000e+00,1.03750000e+00,-1.62500000e-02,-1.46093750e-01
1.85936000e-06,1.24375000e+00,1.02500000e+00,-2.87500000e-02,-8.67187500e-02
1.85968000e-06,1.21875000e+00,9.87500000e-01,-6.87500000e-03,-2.73437500e-02
1.86000000e-06,1.14375000e+00,8.75000000e-01,-1.81250000e-02,-8.59375000e-03
1.86032000e-06,1.21875000e+00,1.13750000e+00,-3.56250000e-02,-4.53125000e-02
1.86064000e-06,1.11875000e+00,1.07500000e+00,-8.75000000e-03,-7.65625000e-02
1.86096000e-06,1.26875000e+00,1.02500000e+00,-1.25000000e-03,-1.34375000e-01
1.86128000e-06,1.05625000e+00,9.37500000e-01,-3.37500000e-02,-1.33593750e-01
1.86160000e-06,1.10625000e+00,1.05000000e+00,-3.12500000e-02,-1.17187500e-01
1.86192000e-06,1.11875000e+00,1.07500000e+00,-3.31250000e-02,-7.18750000e-02
1.86224000e-06,1.06875000e+00,1.11250000e+00,-1.37500000e-02,-5.85937500e-02
1.86256000e-06,1.03125000e+00,1.03750000e+00,-3.56250000e-02,-7.18750000e-02
1.86288000e-06,1.24375000e+00,1.08750000e+00,-1.18750000e-02,-1.11718750e-01
1.86320000e-06,1.14375000e+00,1.11250000e+00,2.50000000e-03,-4.92187500e-02
1.86352000e-06,1.19375000e+00,1.03750000e+00,-1.93750000e-02,-3.12500000e-03
1.86384000e-06,9.93750000e-01,1.03750000e+00,-9.37500000e-03,-7.18750000e-02
1.86416000e-06,1.06875000e+00,1.08750000e+00,-2.25000000e-02,-5.46875000e-02
1.86448000e-06,1.20625000e+00,9.25000000e-01,-2.25000000e-02,-3.12500000e-03
1.86480000e-06,1.13125000e+00,1.03750000e+00,-2.56250000e-02,-2.96875000e-02
1.86512000e-06,1.09375000e+00,1.06250000e+00,-2.81250000e-02,-6.09375000e-02
1.86544000e-06,1.13125000e+00,1.07500000e+00,-4.81250000e-02,-2.26562500e-02
1.86576000e-06,1.15625000e+00,9.75000000e-01,-1.18750000e-02,-3.12500000e-02
1.86608000e-06,1.24375000e+00,9.25000000e-01,-1.50000000e-02,-5.23437500e-02
1.86640000e-06,1.18125000e+00,1.05000000e+00,-1.93750000e-02,-4.76562500e-02
1.86672000e-06,1.14375000e+00,1.06250000e+00,-1.68750000e-02,-1.15625000e-01
1.86704000e-06,1.03125000e+00,1.05000000e+00,-6.87500000e-03,-8.28125000e-02
1.86736000e-06,1.13125000e+00,1.03750000e+00,-1.68750000e-02,-6.87500000e-02
1.86768000e-06,1.15625000e+00,1.08750000e+00,-4.37500000e-02,-5.70312500e-02
1.86800000e-06,1.09375000e+00,9.50000000e-01,-7.00000000e-02,-4.14062500e-02
1.86832000e-06,1.24375000e+00,1.00000000e+00,-5.12500000e-02,-1.03125000e-01
1.86864000e-06,1.09375000e+00,9.62500000e-01,-4.06250000e-02,-1.32812500e-01
1.86896000e-06,1.10625000e+00,1.00000000e+00,-2.81250000e-02,-9.14062500e-02
1.86928000e-06,1.03125000e+00,1.17500000e+00,-3.50000000e-02,-5.07812500e-02
1.86960000e-06,1.06875000e+00,1.02500000e+00,-6.25000000e-03,-4.45312500e-02
1.86992000e-06,1.19375000e+00,9.25000000e-01,-1.87500000e-02,-7.65625000e-02
1.87024000e-06,1.14375000e+00,9.25000000e-01,-1.18750000e-02,-8.67187500e-02
1.87056000e-06,1.13125000e+00,1.11250000e+00,1.06250000e-02,-1.15625000e-01
1.87088000e-06,1.08125000e+00,1.07500000e+00,-1.18750000e-02,-7.50000000e-02
1.87120000e-06,1.09375000e+00,1.00000000e+00,-1.75000000e-02,-6.32812500e-02
1.87152000e-06,1.04375000e+00,1.12500000e+00,-3.81250000e-02,-8.43750000e-02
1.87184000e-06,1.04375000e+00,9.00000000e-01,-1.93750000e-02,-6.56250000e-02
1.87216000e-06,1.05625000e+00,1.11250000e+00,-1.62500000e-02,-3.82812500e-02
1.87248000e-06,1.08125000e+00,1.08750000e+00,1.56250000e-02,-7.89062500e-02
1.87280000e-06,1.25625000e+00,1.03750000e+00,-3.06250000e-02,-3.90625000e-02
1.87312000e-06,1.11875000e+00,1.06250000e+00,3.12500000e-03,-2.65625000e-02
1.87344000e-06,1.14375000e+00,9.00000000e-01,-4.12500000e-02,-6.64062500e-02
1.87376000e-06,1.14375000e+00,9.87500000e-01,-2.56250000e-02,-8.75000000e-02
1.87408000e-06,1.14375000e+00,9.62500000e-01,-9.37500000e-03,-8.59375000e-02
1.87440000e-06,1.14375000e+00,1.08750000e+00,-2.50000000e-02,-5.93750000e-02
1.87472000e-06,1.25625000e+00,9.37500000e-01,-1.43750000e-02,-7.42187500e-02
1.87504000e-06,1.10625000e+00,9.62500000e-01,3.12500000e-03,-1.05468750e-01
1.87536000e-06,1.04375000e+00,9.87500000e-01,-3.62500000e-02,-1.34375000e-01
1.87568000e-06,1.14375000e+00,1.08750000e+00,-2.81250000e-02,-9.14062500e-02
1.87600000e-06,1.18125000e+00,1.07500000e+00,-3.37500000e-02,-6.64062500e-02
1.87632000e-06,1.10625000e+00,1.12500000e+00,-3.06250000e-02,-4.92187500e-02
1.87664000e-06,1.15625000e+00,1.12500000e+00,-1.93750000e-02,-8.28125000e-02
1.87696000e-06,1.09375000e+00,1.15000000e+00,-2.00000000e-02,-1.33593750e-01
1.87728000e-06,1.19375000e+00,1.02500000e+00,-3.62500000e-02,-9.06250000e-02
1.87760000e-06,1.05625000e+00,1.08750000e+00,-8.75000000e-03,-7.50000000e-02
1.87792000e-06,1.08125000e+00,1.17500000e+00,-3.06250000e-02,-1.02343750e-01
1.87824000e-06,1.09375000e+00,1.13750000e+00,8.12500000e-03,-1.70312500e-01
1.87856000e-06,1.25625000e+00,9.50000000e-01,-9.37500000e-03,-1.25781250e-01
1.87888000e-06,1.10625000e+00,1.03750000e+00,-9.37500000e-03,-7.57812500e-02
1.87920000e-06,1.25937500e+00,1.01250000e+00,-9.37500000e-03,-7.42187500e-02
1.87952000e-06,1.14375000e+00,9.62500000e-01,-2.18750000e-02,-1.56250000e-02
1.87984000e-06,1.04375000e+00,1.10000000e+00,-3.12500000e-02,-4.76562500e-02
1.88016000e-06,1.05937500e+00,1.01250000e+00,-9.37500000e-03,-1.03906250e-01
1.88048000e-06,1.19375000e+00,1.07500000e+00,-2.50000000e-03,-1.50781250e-01
1.88080000e-06,1.08125000e+00,1.15000000e+00,-6.87500000e-03,-1.18750000e-01
1.88112000e-06,1.11875000e+00,9.50000000e-01,-2.00000000e-02,-8.04687500e-02
1.88144000e-06,1.14375000e+00,1.03750000e+00,-3.37500000e-02,-1.69531250e-01
1.88176000e-06,1.03125000e+00,1.16250000e+00,-2.75000000e-02,-1.37500000e-01
1.88208000e-06,9.68750000e-01,1.03750000e+00,-1.37500000e-02,-9.68750000e-02
1.88240000e-06,1.16875000e+00,1.02500000e+00,-1.12500000e-02,-1.25781250e-01
1.88272000e-06,9.93750000e-01,9.50000000e-01,-6.87500000e-03,-1.22656250e-01
1.88304000e-06,1.06875000e+00,1.10000000e+00,1.06250000e-02,-5.07812500e-02
1.88336000e-06,1.19687500e+00,1.17500000e+00,5.62500000e-03,-6.09375000e-02
1.88368000e-06,1.30000000e+00,9.25000000e-01,-3.12500000e-02,-5.39062500e-02
1.88400000e-06,1.05625000e+00,1.07500000e+00,-2.81250000e-02,-3.98437500e-02
1.88432000e-06,1.04687500e+00,9.25000000e-01,-1.50000000e-02,-1.00781250e-01
1.88464000e-06,1.06875000e+00,1.05000000e+00,-2.75000000e-02,-1.05468750e-01
1.88496000e-06,1.16875000e+00,1.08750000e+00,-1.62500000e-02,-7.26562500e-02
1.88528000e-06,1.23125000e+00,1.01250000e+00,-1.93750000e-02,1.09375000e-02
1.88560000e-06,1.19375000e+00,1.11250000e+00,-4.62500000e-02,-8.35937500e-02
1.88592000e-06,1.14375000e+00,1.20000000e+00,-3.25000000e-02,-1.14843750e-01
1.88624000e-06,1.15625000e+00,9.62500000e-01,8.75000000e-03,-8.82812500e-02
1.88656000e-06,1.09375000e+00,9.87500000e-01,-3.06250000e-02,-1.98437500e-01
1.88688000e-06,1.15625000e+00,9.62500000e-01,-3.87500000e-02,-1.35156250e-01
1.88720000e-06,1.09375000e+00,1.10000000e+00,-3.87500000e-02,-8.12500000e-02
1.88752000e-06,1.09375000e+00,1.05000000e+00,-1.37500000e-02,-9.53125000e-02
1.88784000e-06,1.11875000e+00,1.05000000e+00,-1.43750000e-02,-8.59375000e-03
1.88816000e-06,1.15625000e+00,1.08750000e+00,-1.68750000e-02,-6.40625000e-02
1.88848000e-06,1.14375000e+00,1.06250000e+00,-6.87500000e-03,-1.60156250e-01
1.88880000e-06,1.11875000e+00,9.50000000e-01,-1.87500000e-03,-1.03125000e-01
1.88912000e-06,1.15625000e+00,1.02500000e+00,-2.00000000e-02,-7.03125000e-02
1.88944000e-06,1.06875000e+00,1.00000000e+00,-2.81250000e-02,-6.09375000e-02
1.88976000e-06,1.16875000e+00,1.10000000e+00,-3.31250000e-02,-1.79687500e-01
1.89008000e-06,1.25625000e+00,1.12500000e+00,-3.81250000e-02,-1.92187500e-01
1.89040000e-06,1.05625000e+00,9.62500000e-01,-2.81250000e-02,-1.35937500e-01
1.89072000e-06,1.04375000e+00,1.16250000e+00,-1.12500000e-02,-1.88281250e-01
1.89104000e-06,1.10625000e+00,1.22500000e+00,-6.25000000e-03,-2.22656250e-01
1.89136000e-06,1.23125000e+00,1.06250000e+00,-1.87500000e-03,-1.77343750e-01
1.89168000e-06,1.14375000e+00,1.10000000e+00,-1.93750000e-02,-1.75781250e-01
1.89200000e-06,1.28125000e+00,1.02500000e+00,-1.87500000e-03,-1.83593750e-01
1.89232000e-06,1.04375000e+00,9.62500000e-01,-7.50000000e-03,-8.35937500e-02
1.89264000e-06,1.19375000e+00,9.50000000e-01,-4.12500000e-02,-1.31250000e-01
1.89296000e-06,1.21875000e+00,1.07500000e+00,-1.25000000e-03,-1.69531250e-01
1.89328000e-06,1.13125000e+00,1.16250000e+00,1.06250000e-02,-1.67187500e-01
1.89360000e-06,1.19375000e+00,1.05000000e+00,2.50000000e-03,-1.65625000e-01
1.89392000e-06,1.08125000e+00,1.00000000e+00,-6.12500000e-02,-1.44531250e-01
1.89424000e-06,1.15625000e+00,1.12500000e+00,-1.93750000e-02,-1.13281250e-01
1.89456000e-06,1.14375000e+00,9.00000000e-01,-4.06250000e-02,-1.31250000e-01
1.89488000e-06,1.08125000e+00,1.02500000e+00,6.25000000e-03,-1.63281250e-01
1.89520000e-06,1.05625000e+00,1.08750000e+00,-6.25000000e-03,-1.39843750e-01
1.89552000e-06,1.16875000e+00,1.11250000e+00,-1.93750000e-02,-1.69531250e-01
1.89584000e-06,1.18125000e+00,1.05000000e+00,-4.87500000e-02,-7.34375000e-02
1.89616000e-06,1.19375000e+00,1.08750000e+00,-2.81250000e-02,-7.81250000e-02
1.89648000e-06,1.24375000e+00,9.87500000e-01,-4.37500000e-03,-1.24218750e-01
1.89680000e-06,1.18125000e+00,1.01250000e+00,-1.43750000e-02,-5.78125000e-02
1.89712000e-06,1.19375000e+00,8.00000000e-01,-3.62500000e-02,-7.73437500e-02
1.89744000e-06,1.09375000e+00,1.06250000e+00,-1.62500000e-02,-1.67968750e-01
1.89776000e-06,1.09375000e+00,1.11250000e+00,-1.68750000e-02,-8.75000000e-02
1.89808000e-06,1.20625000e+00,9.75000000e-01,-1.25000000e-02,-2.57812500e-02
1.89840000e-06,1.24375000e+00,1.02500000e+00,-4.37500000e-02,-2.10937500e-02
1.89872000e-06,1.11875000e+00,1.00000000e+00,-2.50000000e-02,-1.48437500e-02
1.89904000e-06,1.18125000e+00,1.03750000e+00,-1.37500000e-02,-7.81250000e-02
1.89936000e-06,1.20625000e+00,1.01250000e+00,-1.37500000e-02,-1.11718750e-01
1.89968000e-06,1.04375000e+00,1.08750000e+00,-1.18750000e-02,-1.06250000e-01
1.90000000e-06,9.56250000e-01,1.06250000e+00,-3.12500000e-02,-1.56250000e-01
1.90032000e-06,1.11875000e+00,9.37500000e-01,-3.62500000e-02,-9.37500000e-02
1.90064000e-06,1.24375000e+00,1.08750000e+00,-3.31250000e-02,-3.28125000e-02
1.90096000e-06,1.08125000e+00,8.87500000e-01,-2.56250000e-02,-1.01562500e-02
1.90128000e-06,1.14375000e+00,1.17500000e+00,-3.56250000e-02,-1.22656250e-01
1.90160000e-06,1.08125000e+00,1.05000000e+00,-1.43750000e-02,-1.55468750e-01
1.90192000e-06,1.14375000e+00,1.10000000e+00,-1.87500000e-03,-9.68750000e-02
1.90224000e-06,1.15625000e+00,9.87500000e-01,-2.00000000e-02,-7.34375000e-02
1.90256000e-06,1.10625000e+00,1.07500000e+00,-5.12500000e-02,-1.08593750e-01
1.90288000e-06,1.20625000e+00,1.11250000e+00,-3.56250000e-02,-1.83593750e-01
1.90320000e-06,1.19375000e+00,9.87500000e-01,-4.06250000e-02,-2.35156250e-01
1.90352000e-06,1.21875000e+00,1.06250000e+00,-3.81250000e-02,-1.12500000e-01
1.90384000e-06,1.01875000e+00,1.06250000e+00,-1.37500000e-02,-3.59375000e-02
1.90416000e-06,1.05625000e+00,1.03750000e+00,-3.62500000e-02,-4.68750000e-02
1.90448000e-06,1.10625000e+00,9.75000000e-01,-2.25000000e-02,-5.23437500e-02
1.90480000e-06,1.10625000e+00,9.50000000e-01,-1.50000000e-02,-5.00000000e-02
1.90512000e-06,1.10625000e+00,1.18750000e+00,1.31250000e-02,-1.06250000e-01
1.90544000e-06,1.16875000e+00,1.12500000e+00,-1.50000000e-02,-7.89062500e-02
1.90576000e-06,1.18125000e+00,1.10000000e+00,-2.18750000e-02,-1.14062500e-01
1.90608000e-06,1.19375000e+00,1.02500000e+00,-2.25000000e-02,-1.00781250e-01
1.90640000e-06,1.16875000e+00,1.12500000e+00,-4.37500000e-02,-1.42187500e-01
1.90672000e-06,1.23125000e+00,9.00000000e-01,-2.18750000e-02,-1.67968750e-01
1.90704000e-06,1.20625000e+00,1.08750000e+00,-1.75000000e-02,-1.08593750e-01
1.90736000e-06,1.06875000e+00,1.08750000e+00,-1.93750000e-02,-4.21875000e-02
1.90768000e-06,1.08125000e+00,9.50000000e-01,-1.68750000e-02,1.17187500e-02
1.90800000e-06,1.19375000e+00,1.01250000e+00,-1.87500000e-03,-4.21875000e-02
1.90832000e-06,1.06875000e+00,1.07500000e+00,-3.62500000e-02,-9.53125000e-02
1.90864000e-06,1.14375000e+00,1.10000000e+00,-4.62500000e-02,-3.04687500e-02
1.90896000e-06,1.28125000e+00,1.11250000e+00,-2.81250000e-02,-1.64062500e-02
1.90928000e-06,1.24375000e+00,1.00000000e+00,-1.62500000e-02,-9.92187500e-02
1.90960000e-06,1.20625000e+00,1.10000000e+00,-4.06250000e-02,-1.21093750e-01
1.90992000e-06,1.06875000e+00,9.25000000e-01,-3.56250000e-02,-8.98437500e-02
1.91024000e-06,1.06875000e+00,1.12500000e+00,5.62500000e-03,-1.42968750e-01
1.91056000e-06,1.23125000e+00,1.11250000e+00,-1.18750000e-02,-9.92187500e-02
1.91088000e-06,1.06875000e+00,1.03750000e+00,-2.18750000e-02,3.43750000e-02
1.91120000e-06,1.16875000e+00,1.13750000e+00,-2.62500000e-02,5.07812500e-02
1.91152000e-06,1.03125000e+00,1.07500000e+00,-3.87500000e-02,-5.07812500e-02
1.91184000e-06,1.18125000e+00,1.01250000e+00,-4.12500000e-02,-7.57812500e-02
1.91216000e-06,1.11875000e+00,1.18750000e+00,-3.75000000e-03,-5.23437500e-02
1.91248000e-06,1.18125000e+00,9.25000000e-01,-1.68750000e-02,-4.37500000e-02
1.91280000e-06,1.15625000e+00,1.11250000e+00,-1.68750000e-02,6.25000000e-03
1.91312000e-06,1.23437500e+00,1.11250000e+00,-1.75000000e-02,5.15625000e-02
1.91344000e-06,1.31250000e+00,1.10000000e+00,-3.62500000e-02,-8.12500000e-02
1.91376000e-06,1.20625000e+00,1.08750000e+00,-4.25000000e-02,-7.81250000e-02
1.91408000e-06,1.13437500e+00,1.02500000e+00,-6.25000000e-03,-4.14062500e-02
1.91440000e-06,1.15625000e+00,9.75000000e-01,-3.06250000e-02,1.87500000e-02
1.91472000e-06,1.15625000e+00,9.50000000e-01,-4.12500000e-02,-2.42187500e-02
1.91504000e-06,1.08125000e+00,1.07500000e+00,-1.93750000e-02,-6.40625000e-02
1.91536000e-06,1.05625000e+00,1.13750000e+00,-1.87500000e-03,-6.25000000e-03
1.91568000e-06,1.21875000e+00,9.00000000e-01,-3.37500000e-02,-6.79687500e-02
1.91600000e-06,1.04375000e+00,9.50000000e-01,-6.87500000e-03,-2.50000000e-02
1.91632000e-06,1.18125000e+00,1.00000000e+00,-1.50000000e-02,-6.01562500e-02
1.91664000e-06,1.11875000e+00,1.13750000e+00,-2.00000000e-02,-4.45312500e-02
1.91696000e-06,1.06875000e+00,9.25000000e-01,-2.81250000e-02,-5.85937500e-02
1.91728000e-06,1.00625000e+00,1.01250000e+00,1.12500000e-02,-5.70312500e-02
1.91760000e-06,1.16875000e+00,1.06250000e+00,-2.18750000e-02,-1.87500000e-02
1.91792000e-06,1.05625000e+00,1.10000000e+00,-5.87500000e-02,-6.32812500e-02
1.91824000e-06,1.25625000e+00,9.50000000e-01,-6.25000000e-03,-4.29687500e-02
1.91856000e-06,1.09375000e+00,9.75000000e-01,-3.12500000e-02,3.90625000e-03
1.91888000e-06,1.11875000e+00,1.00000000e+00,-9.37500000e-03,-5.62500000e-02
1.91920000e-06,1.20625000e+00,1.07500000e+00,1.50000000e-02,-3.28125000e-02
1.91952000e-06,1.16875000e+00,9.25000000e-01,-2.62500000e-02,-9.92187500e-02
1.91984000e-06,1.08125000e+00,1.13750000e+00,-3.06250000e-02,-1.23437500e-01
1.92016000e-06,1.06875000e+00,1.08750000e+00,-2.18750000e-02,-1.64062500e-02
1.92048000e-06,1.23125000e+00,1.00000000e+00,-3.00000000e-02,-5.15625000e-02
1.92080000e-06,1.20625000e+00,1.05000000e+00,-1.75000000e-02,1.40625000e-02
1.92112000e-06,1.11875000e+00,9.87500000e-01,-3.81250000e-02,2.65625000e-02
1.92144000e-06,1.14375000e+00,1.01250000e+00,-1.12500000e-02,-5.07812500e-02
1.92176000e-06,1.19375000e+00,1.13750000e+00,-6.87500000e-03,-1.32812500e-01
1.92208000e-06,1.24375000e+00,8.75000000e-01,-6.75000000e-02,-1.08593750e-01
1.92240000e-06,1.14375000e+00,1.08750000e+00,-3.81250000e-02,-1.25000000e-02
1.92272000e-06,1.14375000e+00,1.10000000e+00,-3.00000000e-02,-7.81250000e-03
1.92304000e-06,1.10625000e+00,1.03750000e+00,-1.25000000e-03,-1.25000000e-02
1.92336000e-06,1.04375000e+00,8.75000000e-01,-1.62500000e-02,-1.71875000e-02
1.92368000e-06,1.01875000e+00,1.05000000e+00,-1.68750000e-02,-8.43750000e-02
1.92400000e-06,9.68750000e-01,1.02500000e+00,-5.12500000e-02,-9.06250000e-02
1.92432000e-06,1.10625000e+00,9.50000000e-01,-3.31250000e-02,-9.84375000e-02
1.92464000e-06,1.24375000e+00,1.03750000e+00,-4.37500000e-03,-4.29687500e-02
1.92496000e-06,1.14375000e+00,1.20000000e+00,1.25000000e-03,-9.84375000e-02
1.92528000e-06,1.09375000e+00,1.03750000e+00,-3.37500000e-02,-1.28906250e-01
1.92560000e-06,1.21875000e+00,1.05000000e+00,6.25000000e-04,-1.44531250e-01
1.92592000e-06,1.13125000e+00,1.06250000e+00,-1.31250000e-02,-4.14062500e-02
1.92624000e-06,1.11875000e+00,1.05000000e+00,-4.12500000e-02,-3.82812500e-02
1.92656000e-06,1.10625000e+00,9.75000000e-01,-2.56250000e-02,-3.90625000e-03
1.92688000e-06,1.18125000e+00,1.05000000e+00,-1.87500000e-02,-9.92187500e-02
1.92720000e-06,1.23125000e+00,1.05000000e+00,-9.37500000e-03,-7.96875000e-02
1.92752000e-06,1.13125000e+00,1.11250000e+00,-1.75000000e-02,2.34375000e-03
1.92784000e-06,1.15625000e+00,8.75000000e-01,-5.12500000e-02,-3.35937500e-02
1.92816000e-06,1.18125000e+00,1.06250000e+00,-3.75000000e-02,-1.47656250e-01
1.92848000e-06,1.09375000e+00,1.00000000e+00,-1.25000000e-03,-1.75000000e-01
1.92880000e-06,1.14375000e+00,1.07500000e+00,-2.75000000e-02,-1.61718750e-01
1.92912000e-06,1.14375000e+00,1.15000000e+00,-3.62500000e-02,-5.00000000e-02
1.92944000e-06,1.13125000e+00,1.06250000e+00,-2.00000000e-02,-3.12500000e-02
1.92976000e-06,1.08125000e+00,1.08750000e+00,-4.43750000e-02,-1.24218750e-01
1.93008000e-06,1.14375000e+00,1.03750000e+00,-4.00000000e-02,-9.53125000e-02
1.93040000e-06,1.09375000e+00,1.08750000e+00,-3.75000000e-03,-3.51562500e-02
1.93072000e-06,1.11875000e+00,1.11250000e+00,-1.25000000e-03,-1.09375000e-02
1.93104000e-06,1.15625000e+00,1.02500000e+00,-1.43750000e-02,-5.39062500e-02
1.93136000e-06,1.03125000e+00,1.00000000e+00,-2.81250000e-02,-5.00000000e-02
1.93168000e-06,1.18125000e+00,9.87500000e-01,-1.50000000e-02,-5.54687500e-02
1.93200000e-06,1.19687500e+00,1.17500000e+00,-2.81250000e-02,-4.37500000e-02
1.93232000e-06,1.32500000e+00,1.03750000e+00,-1.93750000e-02,-8.82812500e-02
1.93264000e-06,1.06875000e+00,9.75000000e-01,-3.00000000e-02,-8.82812500e-02
1.93296000e-06,1.17187500e+00,9.50000000e-01,-1.25000000e-03,-1.48437500e-01
1.93328000e-06,1.05625000e+00,1.11250000e+00,-2.50000000e-02,-1.42968750e-01
1.93360000e-06,1.11875000e+00,9.00000000e-01,-9.37500000e-03,-1.26562500e-01
1.93392000e-06,1.19375000e+00,1.13750000e+00,-2.56250000e-02,-9.92187500e-02
1.93424000e-06,1.06875000e+00,1.22500000e+00,-3.06250000e-02,-1.32812500e-02
1.93456000e-06,1.13125000e+00,1.08750000e+00,8.12500000e-03,3.98437500e-02
1.93488000e-06,1.15625000e+00,9.25000000e-01,-7.50000000e-03,3.59375000e-02
1.93520000e-06,1.06875000e+00,1.07500000e+00,-5.87500000e-02,-3.28125000e-02
1.93552000e-06,1.08125000e+00,1.02500000e+00,-4.00000000e-02,-6.56250000e-02
1.93584000e-06,1.24375000e+00,9.37500000e-01,-8.75000000e-03,-9.21875000e-02
1.93616000e-06,1.21875000e+00,1.08750000e+00,-1.68750000e-02,-6.09375000e-02
1.93648000e-06,1.16875000e+00,1.03750000e+00,-3.12500000e-02,-4.76562500e-02
1.93680000e-06,1.33750000e+00,1.00000000e+00,-2.81250000e-02,-2.03125000e-02
1.93712000e-06,1.18125000e+00,1.03750000e+00,-1.62500000e-02,-2.03125000e-02
1.93744000e-06,1.25625000e+00,9.87500000e-01,-3.12500000e-02,-4.68750000e-02
1.93776000e-06,1.13125000e+00,1.02500000e+00,-1.18750000e-02,-9.68750000e-02
1.93808000e-06,1.21875000e+00,1.01250000e+00,-5.00000000e-03,-1.40625000e-01
1.93840000e-06,9.81250000e-01,1.10000000e+00,-2.56250000e-02,-1.32812500e-01
1.93872000e-06,1.19375000e+00,1.01250000e+00,5.62500000e-03,-1.36718750e-01
1.93904000e-06,1.09375000e+00,1.12500000e+00,-2.00000000e-02,-7.34375000e-02
1.93936000e-06,1.14375000e+00,1.00000000e+00,-5.62500000e-02,-5.15625000e-02
1.93968000e-06,1.16875000e+00,1.11250000e+00,-3.75000000e-02,1.48437500e-02
1.94000000e-06,1.16875000e+00,1.07500000e+00,-1.12500000e-02,3.43750000e-02
1.94032000e-06,1.13125000e+00,1.13750000e+00,-4.31250000e-02,-5.78125000e-02
1.94064000e-06,1.11875000e+00,1.02500000e+00,-3.31250000e-02,-1.10156250e-01
1.94096000e-06,1.10937500e+00,1.10000000e+00,-1.50000000e-02,-5.15625000e-02
1.94128000e-06,1.40000000e+00,1.01250000e+00,-3.31250000e-02,1.48437500e-02
1.94160000e-06,1.08125000e+00,1.06250000e+00,-1.93750000e-02,-1.64062500e-02
1.94192000e-06,1.10937500e+00,1.02500000e+00,-4.62500000e-02,-5.46875000e-02
1.94224000e-06,1.10625000e+00,1.01250000e+00,-4.31250000e-02,-1.19531250e-01
1.94256000e-06,1.26875000e+00,9.12500000e-01,-3.31250000e-02,-1.57812500e-01
1.94288000e-06,1.19375000e+00,1.00000000e+00,-2.50000000e-02,-6.48437500e-02
1.94320000e-06,1.15625000e+00,1.12500000e+00,8.75000000e-03,6.56250000e-02
1.94352000e-06,1.05625000e+00,1.18750000e+00,-1.12500000e-02,-4.14062500e-02
1.94384000e-06,1.09375000e+00,1.01250000e+00,6.25000000e-04,-6.25000000e-02
1.94416000e-06,1.05625000e+00,1.00000000e+00,-2.87500000e-02,1.95312500e-02
1.94448000e-06,1.04375000e+00,1.15000000e+00,-4.87500000e-02,-5.62500000e-02
1.94480000e-06,1.14375000e+00,9.87500000e-01,-9.37500000e-03,-7.89062500e-02
1.94512000e-06,1.21875000e+00,1.00000000e+00,-2.25000000e-02,-1.14843750e-01
1.94544000e-06,1.14375000e+00,1.20000000e+00,-3.87500000e-02,-1.12500000e-01
1.94576000e-06,1.05625000e+00,1.05000000e+00,-2.12500000e-02,-9.60937500e-02
1.94608000e-06,1.05625000e+00,1.07500000e+00,6.25000000e-04,-1.03125000e-01
1.94640000e-06,1.23125000e+00,9.75000000e-01,-9.37500000e-03,-9.21875000e-02
1.94672000e-06,1.09375000e+00,1.15000000e+00,3.12500000e-03,-5.00000000e-02
1.94704000e-06,1.11875000e+00,1.06250000e+00,-1.50000000e-02,1.56250000e-03
1.94736000e-06,1.18125000e+00,1.03750000e+00,-9.37500000e-03,-6.32812500e-02
1.94768000e-06,1.20625000e+00,9.75000000e-01,6.25000000e-04,-1.50000000e-01
1.94800000e-06,1.19375000e+00,1.00000000e+00,-1.43750000e-02,-8.59375000e-02
1.94832000e-06,1.14375000e+00,1.08750000e+00,-1.18750000e-02,-7.26562500e-02
1.94864000e-06,9.56250000e-01,1.12500000e+00,-2.25000000e-02,-9.06250000e-02
1.94896000e-06,1.15625000e+00,1.05000000e+00,-3.06250000e-02,-1.08593750e-01
1.94928000e-06,1.18125000e+00,1.05000000e+00,-1.25000000e-03,-1.05468750e-01
1.94960000e-06,1.25625000e+00,1.06250000e+00,-1.12500000e-02,-7.26562500e-02
1.94992000e-06,1.21875000e+00,1.06250000e+00,-2.18750000e-02,-9.60937500e-02
1.95024000e-06,1.15937500e+00,9.25000000e-01,-2.18750000e-02,-5.07812500e-02
1.95056000e-06,1.40312500e+00,1.08750000e+00,-9.37500000e-03,-8.98437500e-02
1.95088000e-06,1.13125000e+00,1.01250000e+00,-3.06250000e-02,-1.32812500e-01
1.95120000e-06,9.96875000e-01,9.75000000e-01,-1.18750000e-02,-8.51562500e-02
1.95152000e-06,1.10937500e+00,1.05000000e+00,-4.12500000e-02,-1.20312500e-01
1.95184000e-06,1.20625000e+00,1.01250000e+00,-3.37500000e-02,-2.10937500e-02
1.95216000e-06,1.23125000e+00,1.05000000e+00,-2.56250000e-02,-1.87500000e-02
1.95248000e-06,1.19375000e+00,1.08750000e+00,-1.87500000e-02,-5.39062500e-02
1.95280000e-06,1.24687500e+00,8.87500000e-01,-6.25000000e-03,-5.39062500e-02
1.95312000e-06,1.25625000e+00,1.05000000e+00,-9.37500000e-03,-7.81250000e-02
1.95344000e-06,1.15625000e+00,1.02500000e+00,-3.12500000e-02,-4.60937500e-02
1.95376000e-06,1.05937500e+00,1.08750000e+00,-3.62500000e-02,-2.34375000e-02
1.95408000e-06,1.16875000e+00,1.10000000e+00,-2.56250000e-02,-6.56250000e-02
1.95440000e-06,1.05625000e+00,9.25000000e-01,-1.12500000e-02,-2.81250000e-02
1.95472000e-06,1.13125000e+00,1.08750000e+00,-9.37500000e-03,-3.12500000e-03
1.95504000e-06,1.05625000e+00,9.50000000e-01,-4.62500000e-02,4.60937500e-02
1.95536000e-06,1.16875000e+00,9.37500000e-01,-2.50000000e-02,-6.64062500e-02
1.95568000e-06,1.15625000e+00,1.15000000e+00,-2.18750000e-02,-2.06250000e-01
1.95600000e-06,1.13125000e+00,9.87500000e-01,-5.56250000e-02,-1.41406250e-01
1.95632000e-06,1.00625000e+00,1.01250000e+00,-1.62500000e-02,-1.08593750e-01
1.95664000e-06,1.18125000e+00,9.50000000e-01,3.12500000e-03,-7.03125000e-02
1.95696000e-06,1.23125000e+00,1.02500000e+00,-1.18750000e-02,-5.46875000e-03
1.95728000e-06,1.16875000e+00,1.02500000e+00,-3.87500000e-02,-3.12500000e-02
1.95760000e-06,1.15625000e+00,1.07500000e+00,-1.18750000e-02,-1.87500000e-02
1.95792000e-06,1.06875000e+00,8.75000000e-01,-7.50000000e-03,-9.92187500e-02
1.95824000e-06,1.15625000e+00,9.87500000e-01,-2.18750000e-02,-2.37500000e-01
1.95856000e-06,1.13125000e+00,1.08750000e+00,-1.18750000e-02,-1.95312500e-01
1.95888000e-06,1.11875000e+00,1.01250000e+00,-2.18750000e-02,-9.37500000e-02
1.95920000e-06,1.23125000e+00,1.08750000e+00,-1.43750000e-02,-6.01562500e-02
1.95952000e-06,1.09375000e+00,9.62500000e-01,-1.43750000e-02,-7.26562500e-02
1.95984000e-06,1.08125000e+00,9.62500000e-01,-1.68750000e-02,-1.22656250e-01
1.96016000e-06,1.14375000e+00,9.25000000e-01,-9.37500000e-03,-1.51562500e-01
1.96048000e-06,1.11875000e+00,1.02500000e+00,-1.50000000e-02,-1.21093750e-01
1.96080000e-06,1.13125000e+00,1.17500000e+00,-3.37500000e-02,-6.95312500e-02
1.96112000e-06,1.14375000e+00,1.06250000e+00,-3.06250000e-02,-1.28125000e-01
1.96144000e-06,1.08125000e+00,1.11250000e+00,-4.00000000e-02,-1.53906250e-01
1.96176000e-06,1.39062500e+00,9.87500000e-01,8.75000000e-03,-8.12500000e-02
1.96208000e-06,1.16875000e+00,1.15000000e+00,-1.25000000e-03,9.37500000e-03
1.96240000e-06,1.25937500e+00,1.12500000e+00,-2.56250000e-02,-1.56250000e-03
1.96272000e-06,1.23437500e+00,1.00000000e+00,3.12500000e-03,-2.34375000e-03
1.96304000e-06,1.21875000e+00,1.02500000e+00,-1.50000000e-02,-7.73437500e-02
1.96336000e-06,1.18437500e+00,1.11250000e+00,-3.12500000e-02,-6.64062500e-02
1.96368000e-06,1.09375000e+00,1.02500000e+00,-4.31250000e-02,-7.10937500e-02
1.96400000e-06,1.11875000e+00,1.05000000e+00,-5.06250000e-02,-1.53906250e-01
1.96432000e-06,1.24375000e+00,1.06250000e+00,-8.75000000e-03,-5.93750000e-02
1.96464000e-06,1.10625000e+00,1.12500000e+00,-1.00000000e-02,-3.12500000e-02
1.96496000e-06,1.26875000e+00,9.75000000e-01,-1.18750000e-02,-1.10156250e-01
1.96528000e-06,1.10625000e+00,1.21250000e+00,-1.87500000e-03,-7.89062500e-02
1.96560000e-06,1.09375000e+00,1.13750000e+00,-1.18750000e-02,-8.90625000e-02
1.96592000e-06,1.18125000e+00,9.12500000e-01,1.31250000e-02,-1.49218750e-01
1.96624000e-06,1.09375000e+00,1.07500000e+00,-1.75000000e-02,-1.19531250e-01
1.96656000e-06,1.15625000e+00,1.06250000e+00,-2.56250000e-02,-7.18750000e-02
1.96688000e-06,1.13125000e+00,1.02500000e+00,6.25000000e-03,-4.84375000e-02
1.96720000e-06,1.21875000e+00,1.00000000e+00,-1.12500000e-02,-4.60937500e-02
1.96752000e-06,1.21875000e+00,1.16250000e+00,-3.62500000e-02,-4.14062500e-02
1.96784000e-06,1.19375000e+00,1.13750000e+00,-2.62500000e-02,-3.51562500e-02
1.96816000e-06,1.01875000e+00,1.05000000e+00,-2.87500000e-02,-1.50000000e-01
1.96848000e-06,1.16875000e+00,9.75000000e-01,-4.50000000e-02,-1.88281250e-01
1.96880000e-06,1.23125000e+00,1.00000000e+00,-1.43750000e-02,-2.16406250e-01
1.96912000e-06,1.01875000e+00,9.50000000e-01,-5.31250000e-02,-1.56250000e-01
1.96944000e-06,1.19375000e+00,1.05000000e+00,-3.06250000e-02,-8.90625000e-02
1.96976000e-06,1.28125000e+00,1.01250000e+00,-1.87500000e-02,-1.53906250e-01
1.97008000e-06,1.19375000e+00,1.02500000e+00,-1.75000000e-02,-1.62500000e-01
1.97040000e-06,1.00625000e+00,1.16250000e+00,-1.68750000e-02,-1.32031250e-01
1.97072000e-06,1.08125000e+00,9.37500000e-01,-4.37500000e-03,-1.29687500e-01
1.97104000e-06,1.03125000e+00,1.10000000e+00,-1.18750000e-02,-1.77343750e-01
1.97136000e-06,1.06875000e+00,1.03750000e+00,-9.37500000e-03,-1.08593750e-01
1.97168000e-06,1.15625000e+00,1.06250000e+00,-1.18750000e-02,-7.50000000e-02
1.97200000e-06,1.19375000e+00,1.15000000e+00,-1.50000000e-02,-1.11718750e-01
1.97232000e-06,1.10625000e+00,8.75000000e-01,-4.12500000e-02,-3.51562500e-02
1.97264000e-06,1.20625000e+00,9.75000000e-01,-6.06250000e-02,-9.37500000e-03
1.97296000e-06,1.19375000e+00,1.16250000e+00,-1.87500000e-02,-9.53125000e-02
1.97328000e-06,1.16875000e+00,1.11250000e+00,-1.68750000e-02,-1.49218750e-01
1.97360000e-06,1.19375000e+00,1.03750000e+00,-2.00000000e-02,-1.28906250e-01
1.97392000e-06,1.19375000e+00,1.02500000e+00,-3.06250000e-02,-1.73437500e-01
1.97424000e-06,1.11875000e+00,1.07500000e+00,6.25000000e-03,-1.58593750e-01
1.97456000e-06,1.20625000e+00,1.06250000e+00,-3.31250000e-02,-1.27343750e-01
1.97488000e-06,1.20625000e+00,1.05000000e+00,-3.87500000e-02,-1.54687500e-01
1.97520000e-06,1.21875000e+00,9.75000000e-01,-4.06250000e-02,-9.29687500e-02
1.97552000e-06,1.15625000e+00,1.11250000e+00,6.25000000e-03,-8.82812500e-02
1.97584000e-06,1.09375000e+00,1.10000000e+00,-1.18750000e-02,-4.21875000e-02
1.97616000e-06,1.10625000e+00,1.02500000e+00,-2.81250000e-02,-6.17187500e-02
1.97648000e-06,1.13125000e+00,1.05000000e+00,-3.75000000e-03,-1.21093750e-01
1.97680000e-06,1.04375000e+00,1.00000000e+00,-4.81250000e-02,-8.20312500e-02
1.97712000e-06,1.21875000e+00,1.11250000e+00,-1.18750000e-02,-8.90625000e-02
1.97744000e-06,1.19687500e+00,1.02500000e+00,-3.18750000e-02,-8.20312500e-02
1.97776000e-06,1.35000000e+00,9.62500000e-01,-5.62500000e-02,-9.37500000e-02
1.97808000e-06,1.14375000e+00,1.13750000e+00,-1.18750000e-02,-1.61718750e-01
1.97840000e-06,1.25937500e+00,9.37500000e-01,2.81250000e-02,-1.53125000e-01
1.97872000e-06,1.15625000e+00,1.02500000e+00,-1.18750000e-02,-1.23437500e-01
1.97904000e-06,1.19375000e+00,1.10000000e+00,-1.43750000e-02,-1.28125000e-01
1.97936000e-06,1.08125000e+00,1.18750000e+00,-2.87500000e-02,-3.90625000e-02
1.97968000e-06,1.25625000e+00,1.13750000e+00,-1.93750000e-02,-8.35937500e-02
1.98000000e-06,1.10625000e+00,1.03750000e+00,1.25000000e-02,-1.50781250e-01
1.98032000e-06,1.18125000e+00,1.16250000e+00,-2.00000000e-02,-1.17187500e-01
1.98064000e-06,1.23125000e+00,9.87500000e-01,-1.43750000e-02,-1.25000000e-02
1.98096000e-06,1.21875000e+00,1.00000000e+00,-1.68750000e-02,2.18750000e-02
1.98128000e-06,1.19375000e+00,1.17500000e+00,-7.50000000e-03,-7.42187500e-02
1.98160000e-06,1.19375000e+00,1.11250000e+00,-3.81250000e-02,-8.20312500e-02
1.98192000e-06,1.08125000e+00,1.20000000e+00,1.12500000e-02,-2.42187500e-02
1.98224000e-06,1.06875000e+00,9.87500000e-01,-2.75000000e-02,-9.68750000e-02
1.98256000e-06,1.18125000e+00,1.06250000e+00,-9.37500000e-03,-1.66406250e-01
1.98288000e-06,1.13125000e+00,1.07500000e+00,-4.37500000e-02,-7.73437500e-02
1.98320000e-06,1.14375000e+00,1.12500000e+00,-4.37500000e-03,-9.76562500e-02
1.98352000e-06,1.19375000e+00,1.07500000e+00,-1.56250000e-02,-8.75000000e-02
1.98384000e-06,1.28125000e+00,1.05000000e+00,-1.93750000e-02,-7.65625000e-02
1.98416000e-06,1.21875000e+00,9.25000000e-01,-1.93750000e-02,-8.20312500e-02
1.98448000e-06,1.06875000e+00,1.13750000e+00,-1.93750000e-02,-7.57812500e-02
1.98480000e-06,1.14375000e+00,1.17500000e+00,-1.50000000e-02,-3.67187500e-02
1.98512000e-06,1.16875000e+00,1.01250000e+00,-3.87500000e-02,-7.57812500e-02
1.98544000e-06,1.11875000e+00,1.03750000e+00,-3.50000000e-02,-6.48437500e-02
1.98576000e-06,1.19375000e+00,1.12500000e+00,1.37500000e-02,-9.84375000e-02
1.98608000e-06,1.15625000e+00,1.16250000e+00,-2.81250000e-02,-1.37500000e-01
1.98640000e-06,1.24375000e+00,1.06250000e+00,-3.62500000e-02,-3.51562500e-02
1.98672000e-06,1.18125000e+00,1.16250000e+00,-1.68750000e-02,-9.37500000e-03
1.98704000e-06,1.15625000e+00,1.06250000e+00,-4.37500000e-03,-5.46875000e-03
1.98736000e-06,1.13125000e+00,1.01250000e+00,-9.37500000e-03,-7.03125000e-03
1.98768000e-06,1.19375000e+00,1.15000000e+00,3.12500000e-03,-1.56250000e-02
1.98800000e-06,1.26875000e+00,1.00000000e+00,-4.87500000e-02,-1.07031250e-01
1.98832000e-06,1.21875000e+00,1.07500000e+00,-2.18750000e-02,-8.51562500e-02
1.98864000e-06,1.11875000e+00,9.62500000e-01,-1.75000000e-02,-1.25000000e-01
1.98896000e-06,1.08125000e+00,1.17500000e+00,-1.43750000e-02,-1.04687500e-01
1.98928000e-06,9.31250000e-01,1.02500000e+00,-2.25000000e-02,-1.37500000e-01
1.98960000e-06,1.03125000e+00,1.05000000e+00,-3.81250000e-02,-1.91406250e-01
1.98992000e-06,1.14375000e+00,9.75000000e-01,-2.18750000e-02,-1.33593750e-01
1.99024000e-06,1.25625000e+00,1.06250000e+00,-2.50000000e-02,-1.10937500e-01
1.99056000e-06,1.28125000e+00,1.17500000e+00,-9.37500000e-03,-1.01562500e-01
1.99088000e-06,1.20625000e+00,1.18750000e+00,-2.81250000e-02,-1.13281250e-01
1.99120000e-06,1.08125000e+00,9.00000000e-01,-3.31250000e-02,-6.09375000e-02
1.99152000e-06,1.20625000e+00,1.08750000e+00,-1.87500000e-02,-2.18750000e-02
1.99184000e-06,1.23125000e+00,1.00000000e+00,-2.18750000e-02,-3.59375000e-02
1.99216000e-06,1.08125000e+00,1.07500000e+00,3.12500000e-03,-4.14062500e-02
1.99248000e-06,1.14375000e+00,1.10000000e+00,8.12500000e-03,-1.22656250e-01
1.99280000e-06,1.10625000e+00,1.05000000e+00,-1.50000000e-02,-9.76562500e-02
1.99312000e-06,1.21875000e+00,1.10000000e+00,-3.12500000e-02,-5.15625000e-02
1.99344000e-06,1.14375000e+00,1.07500000e+00,-3.00000000e-02,-6.64062500e-02
1.99376000e-06,1.14375000e+00,1.05000000e+00,-1.25000000e-03,-7.50000000e-02
1.99408000e-06,1.26875000e+00,1.07500000e+00,-2.56250000e-02,-1.02343750e-01
1.99440000e-06,1.11875000e+00,1.00000000e+00,-2.25000000e-02,-1.04687500e-01
1.99472000e-06,1.06875000e+00,1.06250000e+00,-4.18750000e-02,-5.23437500e-02
1.99504000e-06,1.20625000e+00,1.02500000e+00,-3.56250000e-02,-7.34375000e-02
1.99536000e-06,1.24375000e+00,1.06250000e+00,-3.81250000e-02,-1.17187500e-01
1.99568000e-06,1.21875000e+00,1.10000000e+00,-5.81250000e-02,-6.25000000e-03
1.99600000e-06,1.10625000e+00,1.21250000e+00,-3.75000000e-03,3.82812500e-02
1.99632000e-06,1.13125000e+00,1.06250000e+00,-2.87500000e-02,1.17187500e-02
1.99664000e-06,1.11875000e+00,1.16250000e+00,-1.18750000e-02,-1.39062500e-01
1.99696000e-06,1.21875000e+00,1.03750000e+00,-3.18750000e-02,-1.29687500e-01
1.99728000e-06,1.05625000e+00,1.21250000e+00,-9.37500000e-03,-8.20312500e-02
1.99760000e-06,1.16875000e+00,1.08750000e+00,-2.31250000e-02,-8.43750000e-02
1.99792000e-06,1.18125000e+00,1.07500000e+00,-9.37500000e-03,-7.81250000e-04
1.99824000e-06,1.11875000e+00,1.01250000e+00,-2.25000000e-02,7.81250000e-04
1.99856000e-06,1.19375000e+00,1.29375000e+00,-2.18750000e-02,-6.25000000e-02
1.99888000e-06,1.21875000e+00,9.62500000e-01,-3.06250000e-02,-7.10937500e-02
1.99920000e-06,1.15625000e+00,1.01250000e+00,-1.43750000e-02,-6.32812500e-02
1.99952000e-06,1.13125000e+00,1.02500000e+00,-2.87500000e-02,-4.84375000e-02
1.99984000e-06,1.09375000e+00,1.02500000e+00,-3.37500000e-02,-8.04687500e-02
2.00016000e-06,1.20625000e+00,1.07500000e+00,-4.37500000e-02,-1.04687500e-01
2.00048000e-06,1.09375000e+00,1.03750000e+00,-3.31250000e-02,-1.32031250e-01
2.00080000e-06,1.10625000e+00,1.12500000e+00,-2.81250000e-02,-1.06250000e-01
2.00112000e-06,1.14375000e+00,1.12500000e+00,-4.81250000e-02,-1.14062500e-01
2.00144000e-06,1.18125000e+00,1.05000000e+00,-2.81250000e-02,-1.39062500e-01
2.00176000e-06,1.15625000e+00,1.01250000e+00,-3.06250000e-02,-1.08593750e-01
2.00208000e-06,1.11875000e+00,9.87500000e-01,-3.06250000e-02,-5.62500000e-02
2.00240000e-06,1.20625000e+00,1.07500000e+00,-1.12500000e-02,-4.92187500e-02
2.00272000e-06,1.23125000e+00,1.11250000e+00,2.56250000e-02,-1.42187500e-01
2.00304000e-06,1.10625000e+00,1.11250000e+00,-9.37500000e-03,-1.19531250e-01
2.00336000e-06,1.31250000e+00,1.11250000e+00,-2.00000000e-02,-3.04687500e-02
2.00368000e-06,1.14375000e+00,1.11250000e+00,-4.37500000e-02,-1.17968750e-01
2.00400000e-06,1.14375000e+00,1.00000000e+00,-1.62500000e-02,-1.96875000e-01
2.00432000e-06,1.21875000e+00,1.11250000e+00,-3.62500000e-02,-1.28125000e-01
2.00464000e-06,1.20625000e+00,9.75000000e-01,-6.87500000e-03,-1.32812500e-02
2.00496000e-06,9.93750000e-01,9.87500000e-01,2.00000000e-02,-3.12500000e-02
2.00528000e-06,1.14375000e+00,1.01250000e+00,-2.00000000e-02,-1.40625000e-01
2.00560000e-06,1.04375000e+00,1.10000000e+00,-6.37500000e-02,-2.01562500e-01
2.00592000e-06,1.15625000e+00,1.08750000e+00,-6.25000000e-03,-1.33593750e-01
2.00624000e-06,1.16875000e+00,1.06250000e+00,-1.25000000e-02,-7.34375000e-02
2.00656000e-06,1.11875000e+00,9.50000000e-01,-3.31250000e-02,-3.67187500e-02
2.00688000e-06,1.13125000e+00,1.08750000e+00,-2.12500000e-02,-7.18750000e-02
2.00720000e-06,1.10625000e+00,9.87500000e-01,-3.75000000e-03,-5.46875000e-02
2.00752000e-06,1.16875000e+00,9.87500000e-01,-9.37500000e-03,-5.62500000e-02
2.00784000e-06,1.16875000e+00,1.11250000e+00,-9.37500000e-03,-5.07812500e-02
2.00816000e-06,1.14375000e+00,9.87500000e-01,1.31250000e-02,-7.81250000e-04
2.00848000e-06,1.23125000e+00,1.05000000e+00,-2.25000000e-02,-2.81250000e-02
2.00880000e-06,1.15625000e+00,1.06250000e+00,-3.12500000e-02,-1.11718750e-01
2.00912000e-06,1.06875000e+00,9.87500000e-01,-2.75000000e-02,-1.82812500e-01
2.00944000e-06,1.18125000e+00,1.11250000e+00,3.62500000e-02,-1.12500000e-01
2.00976000e-06,1.04375000e+00,1.01250000e+00,-1.18750000e-02,-2.96875000e-02
2.01008000e-06,9.81250000e-01,9.87500000e-01,-6.37500000e-02,-5.31250000e-02
2.01040000e-06,1.09375000e+00,1.13750000e+00,-2.81250000e-02,-3.28125000e-02
2.01072000e-06,1.11875000e+00,1.20000000e+00,-4.25000000e-02,-5.85937500e-02
2.01104000e-06,1.16875000e+00,9.87500000e-01,-1.25000000e-03,-7.89062500e-02
2.01136000e-06,1.06875000e+00,1.11250000e+00,-1.25000000e-03,-4.53125000e-02
2.01168000e-06,1.14375000e+00,1.06250000e+00,-1.43750000e-02,-8.98437500e-02
2.01200000e-06,1.16875000e+00,9.87500000e-01,-2.87500000e-02,-1.00781250e-01
2.01232000e-06,1.06875000e+00,1.08750000e+00,-3.81250000e-02,-4.29687500e-02
2.01264000e-06,1.00625000e+00,1.10000000e+00,-1.18750000e-02,-4.60937500e-02
2.01296000e-06,1.16875000e+00,1.03750000e+00,-3.06250000e-02,-6.40625000e-02
2.01328000e-06,1.18125000e+00,1.12500000e+00,-1.68750000e-02,-1.37500000e-01
2.01360000e-06,1.15625000e+00,1.11250000e+00,-5.00000000e-03,-5.70312500e-02
2.01392000e-06,1.10625000e+00,1.11250000e+00,-2.25000000e-02,-8.82812500e-02
2.01424000e-06,1.15625000e+00,1.03750000e+00,-2.81250000e-02,-1.12500000e-01
2.01456000e-06,1.16875000e+00,1.13750000e+00,-3.75000000e-03,-1.23437500e-01
2.01488000e-06,1.19375000e+00,9.87500000e-01,-3.81250000e-02,-1.45312500e-01
2.01520000e-06,1.11875000e+00,9.75000000e-01,-3.06250000e-02,-1.67968750e-01
2.01552000e-06,1.05625000e+00,1.08750000e+00,-4.37500000e-03,-6.48437500e-02
2.01584000e-06,1.19375000e+00,1.15000000e+00,-1.12500000e-02,-7.26562500e-02
2.01616000e-06,1.18125000e+00,1.08750000e+00,6.25000000e-04,-1.26562500e-01
2.01648000e-06,1.13125000e+00,1.01250000e+00,-9.37500000e-03,-1.67187500e-01
2.01680000e-06,1.18125000e+00,9.75000000e-01,-1.25000000e-02,-2.03906250e-01
2.01712000e-06,1.11875000e+00,1.11250000e+00,-7.00000000e-02,-1.82031250e-01
2.01744000e-06,1.14375000e+00,1.05000000e+00,-3.81250000e-02,-1.26562500e-01
2.01776000e-06,1.11875000e+00,1.03750000e+00,-1.37500000e-02,-1.44531250e-01
2.01808000e-06,9.81250000e-01,9.50000000e-01,-1.87500000e-03,-1.42187500e-01
2.01840000e-06,1.03125000e+00,1.07500000e+00,-6.87500000e-03,-3.82812500e-02
2.01872000e-06,1.11875000e+00,1.13750000e+00,-2.62500000e-02,-1.31250000e-01
2.01904000e-06,1.21875000e+00,1.10000000e+00,-2.81250000e-02,-1.81250000e-01
2.01936000e-06,1.18125000e+00,9.62500000e-01,-4.37500000e-03,-1.54687500e-01
2.01968000e-06,1.11875000e+00,1.02500000e+00,-6.87500000e-03,-1.22656250e-01
2.02000000e-06,1.06875000e+00,1.06250000e+00,-5.12500000e-02,-1.02343750e-01
2.02032000e-06,1.19375000e+00,9.25000000e-01,-2.56250000e-02,-7.42187500e-02
2.02064000e-06,1.15625000e+00,9.37500000e-01,-4.50000000e-02,-1.22656250e-01
2.02096000e-06,1.00625000e+00,9.50000000e-01,-1.25000000e-03,-1.69531250e-01
2.02128000e-06,1.09375000e+00,9.87500000e-01,-1.87500000e-02,-1.25000000e-01
2.02160000e-06,1.13125000e+00,1.02500000e+00,5.62500000e-03,-1.61718750e-01
2.02192000e-06,1.13125000e+00,9.37500000e-01,-2.62500000e-02,-1.95312500e-01
2.02224000e-06,1.15625000e+00,1.12500000e+00,-4.62500000e-02,-1.55468750e-01
2.02256000e-06,1.23125000e+00,1.03750000e+00,-1.93750000e-02,-1.96093750e-01
2.02288000e-06,1.19375000e+00,9.75000000e-01,-2.81250000e-02,-1.74218750e-01
2.02320000e-06,1.24375000e+00,1.03750000e+00,3.12500000e-03,-7.42187500e-02
2.02352000e-06,1.13125000e+00,1.02500000e+00,-1.18750000e-02,3.12500000e-03
2.02384000e-06,1.14375000e+00,1.08750000e+00,-9.37500000e-03,-2.10937500e-02
2.02416000e-06,1.11875000e+00,1.10000000e+00,-2.62500000e-02,-1.70312500e-01
2.02448000e-06,1.11875000e+00,8.87500000e-01,-3.12500000e-02,-1.34375000e-01
2.02480000e-06,1.13125000e+00,1.17500000e+00,-3.12500000e-02,-1.05468750e-01
2.02512000e-06,1.03125000e+00,1.02500000e+00,-2.81250000e-02,-1.10156250e-01
2.02544000e-06,1.05625000e+00,9.87500000e-01,-4.00000000e-02,-1.56250000e-01
2.02576000e-06,1.20625000e+00,1.06250000e+00,1.25000000e-03,-8.67187500e-02
2.02608000e-06,1.21875000e+00,1.08750000e+00,-2.12500000e-02,-9.92187500e-02
2.02640000e-06,1.11875000e+00,1.21250000e+00,-4.37500000e-03,-1.21093750e-01
2.02672000e-06,1.20625000e+00,1.02500000e+00,-6.87500000e-03,-1.40625000e-01
2.02704000e-06,1.20625000e+00,1.00000000e+00,-3.62500000e-02,-7.89062500e-02
2.02736000e-06,1.19375000e+00,1.05000000e+00,-1.75000000e-02,-2.26562500e-02
2.02768000e-06,1.14375000e+00,1.01250000e+00,-4.43750000e-02,-8.98437500e-02
2.02800000e-06,1.11875000e+00,1.26250000e+00,-1.62500000e-02,-1.00781250e-01
2.02832000e-06,1.18125000e+00,1.05000000e+00,-1.18750000e-02,-4.37500000e-02
2.02864000e-06,1.14375000e+00,1.00000000e+00,-1.00000000e-02,-7.96875000e-02
2.02896000e-06,1.13125000e+00,1.06250000e+00,-4.87500000e-02,-8.75000000e-02
2.02928000e-06,1.25625000e+00,1.18750000e+00,-3.25000000e-02,-1.24218750e-01
2.02960000e-06,1.06875000e+00,1.06250000e+00,-6.25000000e-03,-9.53125000e-02
2.02992000e-06,1.00625000e+00,1.26250000e+00,1.62500000e-02,-1.60937500e-01
2.03024000e-06,1.06875000e+00,1.06250000e+00,-3.37500000e-02,-2.25781250e-01
2.03056000e-06,1.09375000e+00,8.87500000e-01,-4.37500000e-02,-1.65625000e-01
2.03088000e-06,1.19375000e+00,1.02500000e+00,-3.06250000e-02,-8.04687500e-02
2.03120000e-06,1.11875000e+00,1.01250000e+00,-8.75000000e-03,-7.57812500e-02
2.03152000e-06,1.14375000e+00,1.11250000e+00,-9.37500000e-03,-1.00000000e-01
2.03184000e-06,1.19375000e+00,1.05000000e+00,-3.12500000e-02,-1.12500000e-01
2.03216000e-06,1.28125000e+00,9.25000000e-01,-4.31250000e-02,-5.78125000e-02
2.03248000e-06,1.10625000e+00,9.87500000e-01,-5.56250000e-02,-1.03906250e-01
2.03280000e-06,1.11875000e+00,1.07500000e+00,-2.56250000e-02,-1.12500000e-01
2.03312000e-06,1.21875000e+00,1.17500000e+00,-3.00000000e-02,-1.12500000e-01
2.03344000e-06,1.10625000e+00,1.10000000e+00,-1.12500000e-02,-8.43750000e-02
2.03376000e-06,1.06875000e+00,9.75000000e-01,-1.37500000e-02,-3.43750000e-02
2.03408000e-06,1.10625000e+00,1.00000000e+00,3.12500000e-03,-7.50000000e-02
2.03440000e-06,1.23125000e+00,1.08750000e+00,-1.25000000e-02,-8.82812500e-02
2.03472000e-06,1.14375000e+00,9.50000000e-01,-2.87500000e-02,-4.84375000e-02
2.03504000e-06,1.13125000e+00,1.01250000e+00,-3.31250000e-02,-5.46875000e-02
2.03536000e-06,1.18125000e+00,9.75000000e-01,-2.12500000e-02,-6.87500000e-02
2.03568000e-06,1.00625000e+00,1.06250000e+00,-1.50000000e-02,-6.79687500e-02
2.03600000e-06,1.10625000e+00,1.00000000e+00,-3.62500000e-02,-6.48437500e-02
2.03632000e-06,1.10625000e+00,1.06250000e+00,-4.06250000e-02,-1.14062500e-01
2.03664000e-06,1.32500000e+00,1.01250000e+00,-1.87500000e-02,-1.15625000e-01
2.03696000e-06,1.19375000e+00,1.11250000e+00,-6.87500000e-03,-9.06250000e-02
2.03728000e-06,1.18125000e+00,1.00000000e+00,-1.68750000e-02,-8.90625000e-02
2.03760000e-06,1.13125000e+00,1.12500000e+00,5.62500000e-03,-8.59375000e-02
2.03792000e-06,1.16875000e+00,1.12500000e+00,-1.93750000e-02,-5.46875000e-02
2.03824000e-06,1.03125000e+00,1.12500000e+00,-6.87500000e-03,-6.95312500e-02
2.03856000e-06,1.16875000e+00,1.06250000e+00,8.12500000e-03,-1.31250000e-01
2.03888000e-06,1.20625000e+00,9.75000000e-01,-9.37500000e-03,-8.04687500e-02
2.03920000e-06,1.24375000e+00,9.87500000e-01,-2.81250000e-02,-6.87500000e-02
2.03952000e-06,1.15625000e+00,1.07500000e+00,-1.43750000e-02,-7.26562500e-02
2.03984000e-06,1.08125000e+00,1.03750000e+00,5.00000000e-03,-1.54687500e-01
2.04016000e-06,1.23125000e+00,1.00000000e+00,-5.12500000e-02,-1.78906250e-01
2.04048000e-06,1.09375000e+00,1.07500000e+00,-2.75000000e-02,-1.09375000e-01
2.04080000e-06,1.19375000e+00,1.01250000e+00,-1.87500000e-02,-9.76562500e-02
2.04112000e-06,1.30000000e+00,1.02500000e+00,6.25000000e-03,-9.84375000e-02
2.04144000e-06,1.23125000e+00,1.02500000e+00,-1.25000000e-02,-9.21875000e-02
2.04176000e-06,1.11875000e+00,1.00000000e+00,-3.81250000e-02,-6.64062500e-02
2.04208000e-06,1.01875000e+00,1.11250000e+00,-1.12500000e-02,-3.28125000e-02
2.04240000e-06,1.18125000e+00,9.25000000e-01,-8.75000000e-03,-5.62500000e-02
2.04272000e-06,1.18125000e+00,1.06250000e+00,5.62500000e-03,-1.21093750e-01
2.04304000e-06,1.21875000e+00,1.05000000e+00,-2.87500000e-02,-5.46875000e-02
2.04336000e-06,1.09375000e+00,1.11250000e+00,-6.87500000e-03,7.81250000e-03
2.04368000e-06,1.31250000e+00,1.07500000e+00,-1.56250000e-02,-8.82812500e-02
2.04400000e-06,1.31562500e+00,9.87500000e-01,-2.18750000e-02,-1.17187500e-01
2.04432000e-06,1.47812500e+00,7.75000000e-01,-2.87500000e-02,-1.46875000e-01
2.04464000e-06,1.32812500e+00,8.50000000e-01,-1.43750000e-02,-5.62500000e-02
2.04496000e-06,1.45625000e+00,8.75000000e-01,-1.31250000e-02,-6.40625000e-02
2.04528000e-06,1.55625000e+00,1.08750000e+00,-4.06250000e-02,-2.34375000e-02
2.04560000e-06,1.55625000e+00,9.00000000e-01,-1.43750000e-02,-7.18750000e-02
2.04592000e-06,1.42812500e+00,9.00000000e-01,-5.06250000e-02,-6.48437500e-02
2.04624000e-06,1.45312500e+00,9.25000000e-01,-1.37500000e-02,-4.14062500e-02
2.04656000e-06,1.45312500e+00,1.16250000e+00,-2.25000000e-02,-1.30468750e-01
2.04688000e-06,1.55625000e+00,1.10000000e+00,-9.37500000e-03,-9.29687500e-02
2.04720000e-06,1.35625000e+00,1.12500000e+00,-2.81250000e-02,-4.53125000e-02
2.04752000e-06,1.42812500e+00,9.75000000e-01,-2.62500000e-02,-2.42187500e-02
2.04784000e-06,1.48125000e+00,1.20000000e+00,-2.81250000e-02,-7.57812500e-02
2.04816000e-06,1.38125000e+00,1.05000000e+00,-2.18750000e-02,-7.03125000e-02
2.04848000e-06,1.37812500e+00,9.37500000e-01,-3.75000000e-03,-4.06250000e-02
2.04880000e-06,1.41875000e+00,1.01250000e+00,-1.68750000e-02,-1.37500000e-01
2.04912000e-06,1.58125000e+00,1.05000000e+00,-9.37500000e-03,-5.85937500e-02
2.04944000e-06,1.60625000e+00,9.50000000e-01,-1.87500000e-03,-4.60937500e-02
2.04976000e-06,1.45312500e+00,1.21250000e+00,-1.43750000e-02,-9.60937500e-02
2.05008000e-06,1.31562500e+00,9.62500000e-01,-1.93750000e-02,-1.56250000e-01
2.05040000e-06,1.49062500e+00,1.12500000e+00,-1.68750000e-02,-1.41406250e-01
2.05072000e-06,1.55625000e+00,1.22500000e+00,8.12500000e-03,-4.14062500e-02
2.05104000e-06,1.41875000e+00,1.08750000e+00,-2.62500000e-02,-3.51562500e-02
2.05136000e-06,1.41562500e+00,1.25000000e+00,-1.43750000e-02,-1.16406250e-01
2.05168000e-06,1.44062500e+00,1.18750000e+00,-3.18750000e-02,-1.86718750e-01
2.05200000e-06,1.53125000e+00,1.00000000e+00,6.25000000e-04,-2.36718750e-01
2.05232000e-06,1.44375000e+00,1.17500000e+00,-1.06250000e-02,-1.60156250e-01
2.05264000e-06,1.54062500e+00,1.08750000e+00,-3.31250000e-02,-8.67187500e-02
2.05296000e-06,1.59375000e+00,1.07500000e+00,8.75000000e-03,-8.12500000e-02
2.05328000e-06,1.46562500e+00,9.87500000e-01,-1.87500000e-02,-1.14062500e-01
2.05360000e-06,1.49062500e+00,9.00000000e-01,-3.56250000e-02,-1.75000000e-01
2.05392000e-06,1.56562500e+00,1.03750000e+00,8.12500000e-03,-1.22656250e-01
2.05424000e-06,1.50312500e+00,1.10000000e+00,-4.37500000e-03,-1.53906250e-01
2.05456000e-06,1.52812500e+00,9.37500000e-01,-1.75000000e-02,-2.46875000e-01
2.05488000e-06,1.41562500e+00,1.03750000e+00,-2.25000000e-02,-1.79687500e-01
2.05520000e-06,1.60312500e+00,9.37500000e-01,-2.56250000e-02,-9.37500000e-02
2.05552000e-06,1.51875000e+00,9.62500000e-01,8.75000000e-03,-1.39843750e-01
2.05584000e-06,1.65312500e+00,9.87500000e-01,-3.31250000e-02,-2.32812500e-01
2.05616000e-06,1.52812500e+00,1.06250000e+00,-3.31250000e-02,-2.25781250e-01
2.05648000e-06,1.61562500e+00,1.05000000e+00,-1.87500000e-03,-1.51562500e-01
2.05680000e-06,1.44062500e+00,1.02500000e+00,-1.37500000e-02,-9.06250000e-02
2.05712000e-06,1.47812500e+00,1.07500000e+00,-2.25000000e-02,-9.21875000e-02
2.05744000e-06,1.54062500e+00,1.15000000e+00,-3.12500000e-02,-6.87500000e-02
2.05776000e-06,1.54375000e+00,1.03750000e+00,-1.12500000e-02,-2.81250000e-02
2.05808000e-06,1.70312500e+00,1.11250000e+00,-6.87500000e-03,-8.59375000e-02
2.05840000e-06,1.57812500e+00,9.87500000e-01,-1.50000000e-02,-1.09375000e-01
2.05872000e-06,1.51562500e+00,1.20000000e+00,-2.81250000e-02,-9.45312500e-02
2.05904000e-06,1.59062500e+00,1.12500000e+00,1.37500000e-02,-1.16406250e-01
2.05936000e-06,1.56562500e+00,1.17500000e+00,-1.93750000e-02,-7.10937500e-02
2.05968000e-06,1.57812500e+00,1.15000000e+00,-3.81250000e-02,-2.18750000e-02
2.06000000e-06,1.54062500e+00,1.15000000e+00,-1.87500000e-02,-4.68750000e-02
2.06032000e-06,1.65312500e+00,1.12500000e+00,3.75000000e-03,-6.64062500e-02
2.06064000e-06,1.67812500e+00,1.30937500e+00,-9.37500000e-03,-7.03125000e-02
2.06096000e-06,1.60312500e+00,1.15000000e+00,-1.50000000e-02,-5.23437500e-02
2.06128000e-06,1.52812500e+00,1.15000000e+00,-3.87500000e-02,-8.04687500e-02
2.06160000e-06,1.52812500e+00,1.17500000e+00,-5.75000000e-02,-9.37500000e-03
2.06192000e-06,1.49062500e+00,1.12500000e+00,-3.75000000e-03,-5.39062500e-02
2.06224000e-06,1.67812500e+00,1.12500000e+00,-3.31250000e-02,-1.77343750e-01
2.06256000e-06,1.63125000e+00,1.16250000e+00,-3.62500000e-02,-1.31250000e-01
2.06288000e-06,1.56562500e+00,1.01250000e+00,-5.37500000e-02,-3.12500000e-02
2.06320000e-06,1.61562500e+00,1.11250000e+00,1.25000000e-03,-4.76562500e-02
2.06352000e-06,1.60312500e+00,9.87500000e-01,-3.12500000e-02,-5.15625000e-02
2.06384000e-06,1.75312500e+00,9.50000000e-01,-2.56250000e-02,-5.46875000e-02
2.06416000e-06,1.75312500e+00,1.16250000e+00,-4.37500000e-03,-3.20312500e-02
2.06448000e-06,1.52812500e+00,8.62500000e-01,-3.75000000e-03,-1.56250000e-02
2.06480000e-06,1.64062500e+00,8.87500000e-01,-4.37500000e-03,-9.37500000e-03
2.06512000e-06,1.50312500e+00,1.10000000e+00,-1.75000000e-02,-2.42187500e-02
2.06544000e-06,1.61562500e+00,9.62500000e-01,-3.06250000e-02,-2.50000000e-02
2.06576000e-06,1.54062500e+00,1.17500000e+00,1.25000000e-03,-6.87500000e-02
2.06608000e-06,1.64062500e+00,9.00000000e-01,-1.62500000e-02,-8.43750000e-02
2.06640000e-06,1.57812500e+00,9.75000000e-01,-1.68750000e-02,-9.29687500e-02
2.06672000e-06,1.52812500e+00,9.75000000e-01,5.62500000e-03,-6.32812500e-02
2.06704000e-06,1.56562500e+00,9.87500000e-01,-1.87500000e-03,-1.03906250e-01
2.06736000e-06,1.72812500e+00,1.07500000e+00,-3.37500000e-02,-5.78125000e-02
2.06768000e-06,1.50312500e+00,9.87500000e-01,-2.87500000e-02,-5.39062500e-02
2.06800000e-06,1.55312500e+00,1.03750000e+00,-2.81250000e-02,-1.07031250e-01
2.06832000e-06,1.56562500e+00,1.13750000e+00,-1.12500000e-02,-4.84375000e-02
2.06864000e-06,1.52812500e+00,1.01250000e+00,-2.56250000e-02,-7.03125000e-03
2.06896000e-06,1.49062500e+00,1.00000000e+00,-2.56250000e-02,-4.37500000e-02
2.06928000e-06,1.47812500e+00,1.08750000e+00,-2.00000000e-02,-2.89062500e-02
2.06960000e-06,1.49062500e+00,1.11250000e+00,-2.56250000e-02,3.98437500e-02
2.06992000e-06,1.54375000e+00,1.06250000e+00,-3.81250000e-02,6.25000000e-02
2.07024000e-06,1.56875000e+00,1.13750000e+00,-4.06250000e-02,-4.60937500e-02
2.07056000e-06,1.61562500e+00,1.22500000e+00,-4.56250000e-02,-1.00000000e-01
2.07088000e-06,1.57812500e+00,1.21250000e+00,-4.56250000e-02,-5.46875000e-02
2.07120000e-06,1.61562500e+00,1.20000000e+00,6.25000000e-03,-9.29687500e-02
2.07152000e-06,1.49062500e+00,1.10000000e+00,-4.37500000e-03,-6.79687500e-02
2.07184000e-06,1.59062500e+00,9.50000000e-01,-2.25000000e-02,-1.56250000e-02
2.07216000e-06,1.54062500e+00,1.13750000e+00,-2.81250000e-02,4.14062500e-02
2.07248000e-06,1.46562500e+00,1.03750000e+00,-1.37500000e-02,-8.59375000e-02
2.07280000e-06,1.39062500e+00,1.03750000e+00,-8.75000000e-03,-1.39062500e-01
2.07312000e-06,1.49062500e+00,1.01250000e+00,-1.93750000e-02,-3.43750000e-02
2.07344000e-06,1.49375000e+00,1.05000000e+00,5.62500000e-03,-8.59375000e-02
2.07376000e-06,1.43125000e+00,9.75000000e-01,-3.12500000e-02,-1.42187500e-01
2.07408000e-06,1.47812500e+00,1.03750000e+00,-1.93750000e-02,-8.82812500e-02
2.07440000e-06,1.64375000e+00,9.37500000e-01,-3.68750000e-02,-2.57812500e-02
2.07472000e-06,1.48125000e+00,1.02500000e+00,-4.56250000e-02,-5.54687500e-02
2.07504000e-06,1.45312500e+00,1.08750000e+00,-1.93750000e-02,-3.43750000e-02
2.07536000e-06,1.56562500e+00,1.05000000e+00,-2.12500000e-02,-6.64062500e-02
2.07568000e-06,1.48125000e+00,9.87500000e-01,6.25000000e-04,-1.06250000e-01
2.07600000e-06,1.60312500e+00,9.25000000e-01,-1.18750000e-02,-8.67187500e-02
2.07632000e-06,1.62812500e+00,9.00000000e-01,-1.50000000e-02,-9.60937500e-02
2.07664000e-06,1.47812500e+00,9.62500000e-01,-4.87500000e-02,-1.22656250e-01
2.07696000e-06,1.66562500e+00,9.37500000e-01,-1.25000000e-03,-8.90625000e-02
2.07728000e-06,1.65312500e+00,1.01250000e+00,-2.87500000e-02,-1.14843750e-01
2.07760000e-06,1.54062500e+00,9.87500000e-01,-5.37500000e-02,-1.53125000e-01
2.07792000e-06,1.55312500e+00,1.01250000e+00,-4.37500000e-03,-1.00000000e-01
2.07824000e-06,1.71562500e+00,9.12500000e-01,-3.87500000e-02,-2.10937500e-02
2.07856000e-06,1.50312500e+00,1.08750000e+00,-2.18750000e-02,-5.39062500e-02
2.07888000e-06,1.45312500e+00,9.87500000e-01,-2.68750000e-02,-1.48437500e-01
2.07920000e-06,1.47812500e+00,1.00000000e+00,-2.87500000e-02,-1.28125000e-01
2.07952000e-06,1.54375000e+00,1.07500000e+00,-3.37500000e-02,-1.54687500e-01
2.07984000e-06,1.56875000e+00,1.07500000e+00,-8.75000000e-03,-9.60937500e-02
2.08016000e-06,1.57812500e+00,1.08750000e+00,-2.00000000e-02,-9.68750000e-02
2.08048000e-06,1.46562500e+00,1.06250000e+00,-4.62500000e-02,-1.72656250e-01
2.08080000e-06,1.60312500e+00,1.15000000e+00,-3.81250000e-02,-1.31250000e-01
2.08112000e-06,1.64375000e+00,1.07500000e+00,-1.62500000e-02,-1.35156250e-01
2.08144000e-06,1.67812500e+00,9.62500000e-01,1.06250000e-02,-1.25781250e-01
2.08176000e-06,1.46562500e+00,1.08750000e+00,-3.37500000e-02,-1.09375000e-01
2.08208000e-06,1.56562500e+00,1.01250000e+00,-3.06250000e-02,-1.32812500e-01
2.08240000e-06,1.60312500e+00,1.16250000e+00,-6.87500000e-03,-1.27343750e-01
2.08272000e-06,1.61562500e+00,9.87500000e-01,-2.18750000e-02,-1.65625000e-01
2.08304000e-06,1.49062500e+00,1.07500000e+00,-1.75000000e-02,-2.00781250e-01
2.08336000e-06,1.69062500e+00,1.01250000e+00,-5.12500000e-02,-1.78906250e-01
2.08368000e-06,1.69062500e+00,1.05000000e+00,-3.00000000e-02,-8.98437500e-02
2.08400000e-06,1.75312500e+00,9.50000000e-01,-3.56250000e-02,-1.41406250e-01
2.08432000e-06,1.61562500e+00,1.03750000e+00,-3.75000000e-03,-1.82031250e-01
2.08464000e-06,1.70312500e+00,9.62500000e-01,-3.18750000e-02,-1.53125000e-01
2.08496000e-06,1.65312500e+00,8.87500000e-01,-1.93750000e-02,-3.04687500e-02
2.08528000e-06,1.59062500e+00,8.37500000e-01,-1.56250000e-02,-9.45312500e-02
2.08560000e-06,1.46562500e+00,1.05000000e+00,-1.68750000e-02,-1.35937500e-01
2.08592000e-06,1.62812500e+00,8.87500000e-01,-4.37500000e-03,-1.25781250e-01
2.08624000e-06,1.66562500e+00,1.02500000e+00,-6.87500000e-03,-1.56250000e-01
2.08656000e-06,1.79062500e+00,1.00000000e+00,-3.87500000e-02,-1.67187500e-01
2.08688000e-06,1.71562500e+00,8.75000000e-01,-4.12500000e-02,-1.64843750e-01
2.08720000e-06,1.65312500e+00,1.07500000e+00,-1.68750000e-02,-1.40625000e-01
2.08752000e-06,1.75312500e+00,1.02500000e+00,-1.25000000e-02,-1.39062500e-01
2.08784000e-06,1.82812500e+00,9.87500000e-01,-5.12500000e-02,-8.12500000e-02
2.08816000e-06,1.67812500e+00,1.12500000e+00,-2.56250000e-02,-1.15625000e-01
2.08848000e-06,1.87812500e+00,9.12500000e-01,-2.12500000e-02,-8.43750000e-02
2.08880000e-06,1.91562500e+00,1.08750000e+00,-5.00000000e-03,-3.43750000e-02
2.08912000e-06,1.75312500e+00,9.62500000e-01,-1.93750000e-02,-1.16406250e-01
2.08944000e-06,1.74062500e+00,9.37500000e-01,-9.37500000e-03,-1.40625000e-01
2.08976000e-06,1.80312500e+00,9.75000000e-01,1.56250000e-02,-2.42187500e-02
2.09008000e-06,1.75312500e+00,1.01250000e+00,-1.25000000e-02,-2.50000000e-02
2.09040000e-06,1.85312500e+00,9.00000000e-01,-5.87500000e-02,-6.71875000e-02
2.09072000e-06,1.74062500e+00,1.07500000e+00,-2.18750000e-02,-3.28125000e-02
2.09104000e-06,1.75312500e+00,1.01250000e+00,-3.87500000e-02,-3.67187500e-02
2.09136000e-06,1.67812500e+00,1.21250000e+00,-3.06250000e-02,-3.12500000e-02
2.09168000e-06,1.74062500e+00,1.03750000e+00,-5.00000000e-02,-5.31250000e-02
2.09200000e-06,1.60312500e+00,1.00000000e+00,6.25000000e-03,-1.00000000e-01
2.09232000e-06,1.66562500e+00,1.10000000e+00,-6.87500000e-03,-1.38281250e-01
2.09264000e-06,1.85312500e+00,1.02500000e+00,-6.87500000e-03,-1.44531250e-01
2.09296000e-06,1.86562500e+00,1.17500000e+00,-4.37500000e-03,-9.29687500e-02
2.09328000e-06,1.69062500e+00,1.11250000e+00,-3.62500000e-02,-1.23437500e-01
2.09360000e-06,1.87812500e+00,9.50000000e-01,-4.37500000e-02,-3.59375000e-02
2.09392000e-06,1.84062500e+00,1.11250000e+00,-3.06250000e-02,-3.43750000e-02
2.09424000e-06,1.89062500e+00,1.02500000e+00,1.25000000e-03,-7.03125000e-02
2.09456000e-06,1.81562500e+00,1.06250000e+00,-2.81250000e-02,-6.25000000e-02
2.09488000e-06,1.81562500e+00,1.11250000e+00,-1.18750000e-02,-1.40625000e-02
2.09520000e-06,1.87812500e+00,1.08750000e+00,-1.56250000e-02,-7.81250000e-04
2.09552000e-06,2.00312500e+00,9.50000000e-01,-4.62500000e-02,-1.64062500e-02
2.09584000e-06,1.81562500e+00,1.11250000e+00,-1.25000000e-03,-9.29687500e-02
2.09616000e-06,1.86562500e+00,1.02500000e+00,-1.50000000e-02,-7.57812500e-02
2.09648000e-06,1.96562500e+00,1.11250000e+00,-6.12500000e-02,1.09375000e-02
2.09680000e-06,1.85312500e+00,1.03750000e+00,-2.50000000e-02,-2.34375000e-02
2.09712000e-06,1.85312500e+00,1.07500000e+00,-3.56250000e-02,-1.08593750e-01
2.09744000e-06,1.82812500e+00,1.06250000e+00,-1.62500000e-02,-2.73437500e-02
2.09776000e-06,1.89062500e+00,8.25000000e-01,-1.81250000e-02,1.95312500e-02
2.09808000e-06,1.84062500e+00,1.07500000e+00,-3.62500000e-02,-3.59375000e-02
2.09840000e-06,1.82812500e+00,1.15000000e+00,-1.62500000e-02,-2.50000000e-02
2.09872000e-06,1.87812500e+00,1.05000000e+00,-1.87500000e-03,-1.25000000e-02
2.09904000e-06,1.96562500e+00,1.00000000e+00,-5.37500000e-02,2.26562500e-02
2.09936000e-06,1.84062500e+00,9.75000000e-01,-4.81250000e-02,1.09375000e-02
2.09968000e-06,1.81562500e+00,1.13750000e+00,-1.25000000e-02,7.18750000e-02
2.10000000e-06,1.91562500e+00,1.01250000e+00,-5.62500000e-02,7.81250000e-02
2.10032000e-06,1.71562500e+00,1.00000000e+00,-5.06250000e-02,5.39062500e-02
2.10064000e-06,1.75312500e+00,1.06250000e+00,-6.93750000e-02,-2.42187500e-02
2.10096000e-06,1.74062500e+00,1.13750000e+00,-1.68750000e-02,-1.00781250e-01
2.10128000e-06,1.90312500e+00,1.15000000e+00,-2.56250000e-02,-6.64062500e-02
2.10160000e-06,1.81562500e+00,1.01250000e+00,-2.87500000e-02,-3.90625000e-03
2.10192000e-06,1.77812500e+00,9.75000000e-01,-1.93750000e-02,-2.50000000e-02
2.10224000e-06,1.71562500e+00,1.12500000e+00,-3.18750000e-02,-1.61718750e-01
2.10256000e-06,1.76562500e+00,1.20000000e+00,-4.87500000e-02,-1.07031250e-01
2.10288000e-06,1.79062500e+00,1.05000000e+00,-1.43750000e-02,1.01562500e-02
2.10320000e-06,1.72812500e+00,1.02500000e+00,-2.25000000e-02,1.40625000e-02
2.10352000e-06,1.72812500e+00,1.02500000e+00,-3.06250000e-02,-3.67187500e-02
2.10384000e-06,1.75312500e+00,1.07500000e+00,3.75000000e-03,-7.73437500e-02
2.10416000e-06,1.70312500e+00,1.22500000e+00,6.25000000e-03,-7.89062500e-02
2.10448000e-06,1.71562500e+00,1.08750000e+00,-4.12500000e-02,-4.68750000e-03
2.10480000e-06,1.96562500e+00,1.05000000e+00,-4.06250000e-02,2.50000000e-02
2.10512000e-06,1.79062500e+00,9.87500000e-01,-2.25000000e-02,1.64062500e-02
2.10544000e-06,1.80312500e+00,1.15000000e+00,-5.50000000e-02,6.01562500e-02
2.10576000e-06,1.77812500e+00,1.03750000e+00,-1.25000000e-03,-2.18750000e-02
2.10608000e-06,1.76562500e+00,1.23750000e+00,-9.37500000e-03,-3.90625000e-02
2.10640000e-06,1.80312500e+00,1.03750000e+00,-4.37500000e-02,1.79687500e-02
2.10672000e-06,1.62812500e+00,1.12500000e+00,-5.06250000e-02,-3.51562500e-02
2.10704000e-06,1.66562500e+00,1.02500000e+00,-5.81250000e-02,-9.92187500e-02
2.10736000e-06,1.57812500e+00,1.12500000e+00,-3.00000000e-02,-5.00000000e-02
2.10768000e-06,1.81562500e+00,1.03750000e+00,-1.62500000e-02,-2.96875000e-02
2.10800000e-06,1.77812500e+00,1.00000000e+00,-6.25000000e-03,-1.13281250e-01
2.10832000e-06,1.89062500e+00,9.25000000e-01,-2.25000000e-02,-7.10937500e-02
2.10864000e-06,1.85312500e+00,1.07500000e+00,-3.87500000e-02,-4.45312500e-02
2.10896000e-06,1.55312500e+00,1.00000000e+00,-4.56250000e-02,-8.51562500e-02
2.10928000e-06,1.67812500e+00,1.02500000e+00,-2.56250000e-02,-6.95312500e-02
2.10960000e-06,1.81562500e+00,1.01250000e+00,-3.31250000e-02,-5.85937500e-02
2.10992000e-06,1.77812500e+00,1.06250000e+00,-4.31250000e-02,-4.68750000e-03
2.11024000e-06,1.86562500e+00,9.62500000e-01,-1.68750000e-02,8.59375000e-03
2.11056000e-06,1.94062500e+00,9.50000000e-01,-5.12500000e-02,-2.96875000e-02
2.11088000e-06,1.65312500e+00,1.02500000e+00,-3.81250000e-02,6.25000000e-03
2.11120000e-06,1.67812500e+00,1.06250000e+00,-3.81250000e-02,-2.65625000e-02
2.11152000e-06,1.79062500e+00,9.62500000e-01,-4.06250000e-02,-7.96875000e-02
2.11184000e-06,1.75312500e+00,1.12500000e+00,-2.50000000e-02,-5.93750000e-02
2.11216000e-06,1.66562500e+00,1.02500000e+00,-2.18750000e-02,-4.21875000e-02
2.11248000e-06,1.62812500e+00,1.05000000e+00,-3.81250000e-02,-5.23437500e-02
2.11280000e-06,1.65312500e+00,1.13750000e+00,-4.56250000e-02,2.34375000e-03
2.11312000e-06,1.67812500e+00,1.17500000e+00,-2.50000000e-02,-2.03125000e-02
2.11344000e-06,1.75312500e+00,1.03750000e+00,-1.25000000e-03,-3.12500000e-02
2.11376000e-06,1.62812500e+00,1.08750000e+00,-2.75000000e-02,-1.79687500e-02
2.11408000e-06,1.70312500e+00,9.50000000e-01,-2.18750000e-02,-5.39062500e-02
2.11440000e-06,1.66562500e+00,1.08750000e+00,-1.00000000e-02,-9.92187500e-02
2.11472000e-06,1.59062500e+00,1.00000000e+00,-4.87500000e-02,-3.90625000e-02
2.11504000e-06,1.62812500e+00,1.11250000e+00,-5.06250000e-02,5.46875000e-03
2.11536000e-06,1.62812500e+00,1.13750000e+00,-3.06250000e-02,-1.03125000e-01
2.11568000e-06,1.62812500e+00,1.06250000e+00,-3.00000000e-02,-4.92187500e-02
2.11600000e-06,1.61562500e+00,9.50000000e-01,-3.56250000e-02,6.71875000e-02
2.11632000e-06,1.71562500e+00,1.21250000e+00,-1.68750000e-02,-2.81250000e-02
2.11664000e-06,1.77812500e+00,1.07500000e+00,-3.68750000e-02,-3.98437500e-02
2.11696000e-06,1.65312500e+00,1.06250000e+00,-3.31250000e-02,5.62500000e-02
2.11728000e-06,1.64062500e+00,1.02500000e+00,-2.12500000e-02,3.75000000e-02
2.11760000e-06,1.66562500e+00,1.11250000e+00,-1.18750000e-02,-1.16406250e-01
2.11792000e-06,1.89062500e+00,1.08750000e+00,-1.93750000e-02,-8.51562500e-02
2.11824000e-06,1.74062500e+00,1.03750000e+00,-2.00000000e-02,-7.42187500e-02
2.11856000e-06,1.57812500e+00,1.02500000e+00,-5.37500000e-02,-1.17968750e-01
2.11888000e-06,1.60312500e+00,1.05000000e+00,-3.00000000e-02,-1.95312500e-02
2.11920000e-06,1.70312500e+00,9.87500000e-01,-1.12500000e-02,-3.20312500e-02
2.11952000e-06,1.75312500e+00,1.08750000e+00,1.37500000e-02,-1.08593750e-01
2.11984000e-06,1.51562500e+00,9.87500000e-01,-2.25000000e-02,-9.37500000e-02
2.12016000e-06,1.66562500e+00,1.05000000e+00,-2.81250000e-02,-3.75000000e-02
2.12048000e-06,1.77812500e+00,9.87500000e-01,-1.68750000e-02,-1.48437500e-02
2.12080000e-06,1.67812500e+00,1.01250000e+00,-3.00000000e-02,3.35937500e-02
2.12112000e-06,1.52812500e+00,1.01250000e+00,-2.12500000e-02,-1.79687500e-02
2.12144000e-06,1.70312500e+00,1.10000000e+00,-6.87500000e-03,-1.01562500e-01
2.12176000e-06,1.76562500e+00,1.05000000e+00,-3.12500000e-02,-1.14062500e-01
2.12208000e-06,1.59062500e+00,1.05000000e+00,-3.81250000e-02,-6.01562500e-02
2.12240000e-06,1.69062500e+00,1.01250000e+00,-4.06250000e-02,-4.68750000e-02
2.12272000e-06,1.64062500e+00,1.03750000e+00,-4.06250000e-02,-2.73437500e-02
2.12304000e-06,1.82812500e+00,1.10000000e+00,-1.62500000e-02,-3.35937500e-02
2.12336000e-06,1.66562500e+00,1.11250000e+00,-1.43750000e-02,-1.01562500e-01
2.12368000e-06,1.64062500e+00,9.87500000e-01,-3.87500000e-02,-3.20312500e-02
2.12400000e-06,1.52812500e+00,1.06250000e+00,-3.37500000e-02,-6.32812500e-02
2.12432000e-06,1.61562500e+00,8.75000000e-01,-1.93750000e-02,-1.07812500e-01
2.12464000e-06,1.67812500e+00,8.87500000e-01,-1.25000000e-02,-7.42187500e-02
2.12496000e-06,1.59062500e+00,1.02500000e+00,-5.06250000e-02,-1.03906250e-01
2.12528000e-06,1.54062500e+00,1.07500000e+00,-6.25000000e-03,-1.10937500e-01
2.12560000e-06,1.67812500e+00,1.11250000e+00,-1.87500000e-02,1.48437500e-02
2.12592000e-06,1.59062500e+00,1.10000000e+00,-3.06250000e-02,-1.56250000e-02
2.12624000e-06,1.52812500e+00,1.07500000e+00,-1.18750000e-02,-8.12500000e-02
2.12656000e-06,1.54062500e+00,1.11250000e+00,-4.37500000e-03,-7.34375000e-02
2.12688000e-06,1.69062500e+00,1.22500000e+00,-2.87500000e-02,-2.65625000e-02
2.12720000e-06,1.60312500e+00,1.20000000e+00,-4.12500000e-02,-4.68750000e-02
2.12752000e-06,1.61562500e+00,1.01250000e+00,-5.87500000e-02,1.79687500e-02
2.12784000e-06,1.65312500e+00,1.08750000e+00,-3.56250000e-02,-2.34375000e-02
2.12816000e-06,1.69062500e+00,1.06250000e+00,-2.75000000e-02,-8.90625000e-02
2.12848000e-06,1.54062500e+00,1.07500000e+00,-3.75000000e-03,-1.17968750e-01
2.12880000e-06,1.66562500e+00,1.21250000e+00,-1.37500000e-02,-5.39062500e-02
2.12912000e-06,1.52812500e+00,9.87500000e-01,-1.43750000e-02,-1.09375000e-01
2.12944000e-06,1.62812500e+00,9.37500000e-01,-1.00000000e-02,-1.04687500e-01
2.12976000e-06,1.70312500e+00,1.05000000e+00,-5.37500000e-02,-4.06250000e-02
2.13008000e-06,1.61562500e+00,1.00000000e+00,-2.12500000e-02,-2.73437500e-02
2.13040000e-06,1.65312500e+00,1.02500000e+00,-3.12500000e-02,-5.93750000e-02
2.13072000e-06,1.69062500e+00,8.75000000e-01,-1.43750000e-02,-5.78125000e-02
2.13104000e-06,1.56562500e+00,9.37500000e-01,-1.25000000e-02,-6.64062500e-02
2.13136000e-06,1.72812500e+00,9.25000000e-01,-5.12500000e-02,-1.12500000e-01
2.13168000e-06,1.71562500e+00,9.50000000e-01,-2.56250000e-02,-9.53125000e-02
2.13200000e-06,1.66562500e+00,1.01250000e+00,1.31250000e-02,-6.95312500e-02
2.13232000e-06,1.57812500e+00,1.22500000e+00,-2.12500000e-02,-1.03125000e-01
2.13264000e-06,1.60312500e+00,1.00000000e+00,-1.93750000e-02,-5.62500000e-02
2.13296000e-06,1.57812500e+00,1.07500000e+00,-1.43750000e-02,-5.54687500e-02
2.13328000e-06,1.69062500e+00,1.07500000e+00,-1.25000000e-02,-9.21875000e-02
2.13360000e-06,1.59062500e+00,1.03750000e+00,-3.87500000e-02,-1.47656250e-01
2.13392000e-06,1.59062500e+00,1.03750000e+00,-2.50000000e-02,-1.14062500e-01
2.13424000e-06,1.67812500e+00,1.18750000e+00,-1.93750000e-02,-8.20312500e-02
2.13456000e-06,1.60312500e+00,1.06250000e+00,-3.50000000e-02,-6.25000000e-02
2.13488000e-06,1.74062500e+00,9.75000000e-01,-1.43750000e-02,-7.96875000e-02
2.13520000e-06,1.70312500e+00,1.12500000e+00,-4.81250000e-02,-7.73437500e-02
2.13552000e-06,1.56562500e+00,1.13750000e+00,-1.87500000e-02,-1.15625000e-01
2.13584000e-06,1.69062500e+00,1.05000000e+00,-2.25000000e-02,-7.65625000e-02
2.13616000e-06,1.59062500e+00,1.12500000e+00,-1.68750000e-02,-1.03906250e-01
2.13648000e-06,1.51562500e+00,1.03750000e+00,-2.62500000e-02,-9.37500000e-02
2.13680000e-06,1.64062500e+00,1.08750000e+00,-3.87500000e-02,-5.15625000e-02
2.13712000e-06,1.55312500e+00,1.01250000e+00,-5.12500000e-02,-6.79687500e-02
2.13744000e-06,1.45312500e+00,1.15000000e+00,-2.12500000e-02,-7.03125000e-02
2.13776000e-06,1.62812500e+00,1.03750000e+00,-1.18750000e-02,-5.78125000e-02
2.13808000e-06,1.56875000e+00,1.06250000e+00,-4.37500000e-03,-5.93750000e-02
2.13840000e-06,1.69062500e+00,9.62500000e-01,-9.37500000e-03,-9.37500000e-03
2.13872000e-06,1.62812500e+00,1.01250000e+00,-1.87500000e-03,-7.18750000e-02
2.13904000e-06,1.51562500e+00,1.00000000e+00,-3.62500000e-02,-1.60156250e-01
2.13936000e-06,1.51562500e+00,1.00000000e+00,-1.93750000e-02,-1.00781250e-01
2.13968000e-06,1.41562500e+00,1.00000000e+00,-2.93750000e-02,2.42187500e-02
2.14000000e-06,1.61562500e+00,1.16250000e+00,-1.68750000e-02,-5.93750000e-02
2.14032000e-06,1.64375000e+00,9.50000000e-01,-3.93750000e-02,1.01562500e-02
2.14064000e-06,1.55312500e+00,1.06250000e+00,-3.06250000e-02,3.90625000e-02
2.14096000e-06,1.54062500e+00,1.07500000e+00,-3.12500000e-02,-7.73437500e-02
2.14128000e-06,1.64062500e+00,9.75000000e-01,-3.56250000e-02,-7.03125000e-03
2.14160000e-06,1.69062500e+00,1.08750000e+00,-2.87500000e-02,4.68750000e-02
2.14192000e-06,1.49062500e+00,1.01250000e+00,-1.37500000e-02,-6.64062500e-02
2.14224000e-06,1.66562500e+00,8.50000000e-01,-1.18750000e-02,-1.98437500e-01
2.14256000e-06,1.56562500e+00,9.12500000e-01,-3.12500000e-02,-2.00000000e-01
2.14288000e-06,1.65312500e+00,9.75000000e-01,-1.43750000e-02,-1.64062500e-01
2.14320000e-06,1.56562500e+00,1.01250000e+00,-2.50000000e-03,-6.01562500e-02
2.14352000e-06,1.64062500e+00,9.37500000e-01,-1.75000000e-02,-9.14062500e-02
2.14384000e-06,1.69062500e+00,9.87500000e-01,-3.81250000e-02,-8.12500000e-02
2.14416000e-06,1.62812500e+00,1.01250000e+00,3.12500000e-03,-1.32812500e-02
2.14448000e-06,1.59062500e+00,1.01250000e+00,-4.56250000e-02,-1.17187500e-02
2.14480000e-06,1.62812500e+00,9.00000000e-01,-3.75000000e-02,-1.39062500e-01
2.14512000e-06,1.52812500e+00,1.01250000e+00,-3.31250000e-02,-1.56250000e-01
2.14544000e-06,1.49062500e+00,9.87500000e-01,-1.87500000e-02,-7.34375000e-02
2.14576000e-06,1.51562500e+00,1.05000000e+00,-1.50000000e-02,-4.21875000e-02
2.14608000e-06,1.58125000e+00,1.12500000e+00,-2.81250000e-02,1.48437500e-02
2.14640000e-06,1.57812500e+00,1.12500000e+00,-7.50000000e-03,2.34375000e-03
2.14672000e-06,1.51562500e+00,9.50000000e-01,-6.87500000e-03,-1.09375000e-02
2.14704000e-06,1.65312500e+00,1.10000000e+00,-1.50000000e-02,-4.29687500e-02
2.14736000e-06,1.61562500e+00,1.13750000e+00,-3.31250000e-02,-5.39062500e-02
2.14768000e-06,1.52812500e+00,1.12500000e+00,1.87500000e-02,-4.60937500e-02
2.14800000e-06,1.39062500e+00,1.11250000e+00,1.37500000e-02,6.25000000e-03
2.14832000e-06,1.59062500e+00,1.08750000e+00,-4.37500000e-03,-7.34375000e-02
2.14864000e-06,1.53125000e+00,1.06250000e+00,-1.43750000e-02,-1.43750000e-01
2.14896000e-06,1.49062500e+00,1.00000000e+00,-2.00000000e-02,-7.89062500e-02
2.14928000e-06,1.46562500e+00,1.11250000e+00,-6.75000000e-02,-6.71875000e-02
2.14960000e-06,1.57812500e+00,1.12500000e+00,-1.12500000e-02,-7.73437500e-02
2.14992000e-06,1.51875000e+00,1.02500000e+00,-6.87500000e-03,-2.57812500e-02
2.15024000e-06,1.47812500e+00,1.11250000e+00,-4.62500000e-02,-9.76562500e-02
2.15056000e-06,1.47812500e+00,9.50000000e-01,-2.81250000e-02,-7.96875000e-02
2.15088000e-06,1.45625000e+00,9.12500000e-01,8.12500000e-03,-3.20312500e-02
2.15120000e-06,1.61562500e+00,1.06250000e+00,-2.56250000e-02,-4.60937500e-02
2.15152000e-06,1.58125000e+00,1.00000000e+00,-2.81250000e-02,-1.56250000e-03
2.15184000e-06,1.61562500e+00,1.08750000e+00,-1.18750000e-02,-3.90625000e-03
2.15216000e-06,1.49062500e+00,1.06250000e+00,-9.37500000e-03,-6.40625000e-02
2.15248000e-06,1.50312500e+00,1.11250000e+00,-2.56250000e-02,-3.67187500e-02
2.15280000e-06,1.60312500e+00,1.05000000e+00,-8.75000000e-03,-3.67187500e-02
2.15312000e-06,1.51562500e+00,9.62500000e-01,-1.12500000e-02,-2.89062500e-02
2.15344000e-06,1.51562500e+00,1.18750000e+00,-2.87500000e-02,-7.89062500e-02
2.15376000e-06,1.51562500e+00,1.05000000e+00,-2.00000000e-02,-1.05468750e-01
2.15408000e-06,1.45312500e+00,1.01250000e+00,-3.12500000e-02,-1.64843750e-01
2.15440000e-06,1.65312500e+00,1.06250000e+00,-1.68750000e-02,-2.10937500e-02
2.15472000e-06,1.56875000e+00,9.87500000e-01,-5.87500000e-02,6.25000000e-02
2.15504000e-06,1.65312500e+00,1.06250000e+00,-3.25000000e-02,-7.81250000e-03
2.15536000e-06,1.55312500e+00,1.06250000e+00,-1.43750000e-02,-3.35937500e-02
2.15568000e-06,1.51562500e+00,9.50000000e-01,-5.87500000e-02,2.34375000e-03
2.15600000e-06,1.46562500e+00,1.03750000e+00,-2.12500000e-02,-7.81250000e-02
2.15632000e-06,1.50312500e+00,9.50000000e-01,-1.43750000e-02,-1.13281250e-01
2.15664000e-06,1.54062500e+00,1.18750000e+00,-2.18750000e-02,-8.43750000e-02
2.15696000e-06,1.57812500e+00,1.16250000e+00,1.56250000e-02,-6.79687500e-02
2.15728000e-06,1.55312500e+00,1.20000000e+00,-1.68750000e-02,-5.15625000e-02
2.15760000e-06,1.51562500e+00,1.02500000e+00,3.12500000e-03,-7.26562500e-02
2.15792000e-06,1.51562500e+00,1.06250000e+00,-1.50000000e-02,-6.48437500e-02
2.15824000e-06,1.51562500e+00,1.03750000e+00,-3.62500000e-02,-3.12500000e-03
2.15856000e-06,1.54062500e+00,1.22500000e+00,-4.56250000e-02,-4.21875000e-02
2.15888000e-06,1.56562500e+00,1.08750000e+00,-1.62500000e-02,-2.26562500e-02
2.15920000e-06,1.52812500e+00,9.37500000e-01,5.62500000e-03,-1.40625000e-02
2.15952000e-06,1.41562500e+00,1.10000000e+00,-4.37500000e-03,-3.67187500e-02
2.15984000e-06,1.61562500e+00,1.27500000e+00,8.12500000e-03,-5.70312500e-02
2.16016000e-06,1.55625000e+00,1.13750000e+00,-3.62500000e-02,-9.21875000e-02
2.16048000e-06,1.47812500e+00,1.06250000e+00,-4.12500000e-02,-1.30468750e-01
2.16080000e-06,1.35312500e+00,1.01250000e+00,-1.43750000e-02,-4.06250000e-02
2.16112000e-06,1.61875000e+00,9.75000000e-01,-1.87500000e-03,-4.53125000e-02
2.16144000e-06,1.54375000e+00,1.11250000e+00,2.06250000e-02,-1.63281250e-01
2.16176000e-06,1.54062500e+00,1.02500000e+00,-5.00000000e-03,-1.65625000e-01
2.16208000e-06,1.44062500e+00,1.08750000e+00,-3.62500000e-02,-5.00000000e-02
2.16240000e-06,1.47812500e+00,1.16250000e+00,-1.62500000e-02,-9.60937500e-02
2.16272000e-06,1.64375000e+00,9.87500000e-01,-1.68750000e-02,-2.01562500e-01
2.16304000e-06,1.53125000e+00,1.02500000e+00,-1.18750000e-02,-1.39843750e-01
2.16336000e-06,1.52812500e+00,1.15000000e+00,-2.18750000e-02,-7.73437500e-02
2.16368000e-06,1.51562500e+00,1.07500000e+00,-3.12500000e-02,-8.75000000e-02
2.16400000e-06,1.50312500e+00,1.07500000e+00,-2.56250000e-02,-3.28125000e-02
2.16432000e-06,1.49062500e+00,9.87500000e-01,-2.25000000e-02,-4.14062500e-02
2.16464000e-06,1.62812500e+00,1.13750000e+00,-1.12500000e-02,-9.92187500e-02
2.16496000e-06,1.54375000e+00,1.12500000e+00,-7.50000000e-03,-1.58593750e-01
2.16528000e-06,1.52812500e+00,1.01250000e+00,-3.12500000e-02,-1.48437500e-01
2.16560000e-06,1.55312500e+00,1.11250000e+00,-1.87500000e-02,-6.79687500e-02
2.16592000e-06,1.60312500e+00,1.03750000e+00,-2.87500000e-02,-9.21875000e-02
2.16624000e-06,1.54062500e+00,1.07500000e+00,-3.06250000e-02,-4.60937500e-02
2.16656000e-06,1.72812500e+00,1.10000000e+00,-2.56250000e-02,-2.81250000e-02
2.16688000e-06,1.56562500e+00,1.11250000e+00,-6.25000000e-03,-5.07812500e-02
2.16720000e-06,1.55312500e+00,1.07500000e+00,-1.43750000e-02,-1.71875000e-02
2.16752000e-06,1.42812500e+00,1.12500000e+00,-1.00000000e-02,0.00000000e+00
2.16784000e-06,1.51562500e+00,1.00000000e+00,-4.62500000e-02,-1.25000000e-02
2.16816000e-06,1.44062500e+00,1.12500000e+00,-1.12500000e-02,-6.01562500e-02
2.16848000e-06,1.49062500e+00,1.08750000e+00,-1.68750000e-02,-8.90625000e-02
2.16880000e-06,1.45625000e+00,1.11250000e+00,-4.37500000e-03,-8.59375000e-02
2.16912000e-06,1.65625000e+00,1.10000000e+00,3.12500000e-03,-7.42187500e-02
2.16944000e-06,1.59375000e+00,9.62500000e-01,-1.75000000e-02,-6.25000000e-02
2.16976000e-06,1.56562500e+00,1.05000000e+00,-3.37500000e-02,-2.96875000e-02
2.17008000e-06,1.40312500e+00,1.11250000e+00,-2.12500000e-02,-7.81250000e-03
2.17040000e-06,1.57812500e+00,9.00000000e-01,-1.18750000e-02,-6.01562500e-02
2.17072000e-06,1.60625000e+00,9.12500000e-01,-1.93750000e-02,-1.62500000e-01
2.17104000e-06,1.46562500e+00,1.05000000e+00,-1.18750000e-02,-1.02343750e-01
2.17136000e-06,1.46562500e+00,1.01250000e+00,-3.37500000e-02,-9.60937500e-02
2.17168000e-06,1.50312500e+00,1.05000000e+00,-1.18750000e-02,-1.09375000e-01
2.17200000e-06,1.50625000e+00,9.75000000e-01,-1.25000000e-02,-2.89062500e-02
2.17232000e-06,1.57812500e+00,1.01250000e+00,-3.87500000e-02,-4.76562500e-02
2.17264000e-06,1.41562500e+00,9.87500000e-01,-3.31250000e-02,-1.23437500e-01
2.17296000e-06,1.60312500e+00,9.50000000e-01,-6.87500000e-03,-1.18750000e-01
2.17328000e-06,1.58125000e+00,1.01250000e+00,-6.25000000e-03,-8.28125000e-02
2.17360000e-06,1.57812500e+00,1.03750000e+00,-1.93750000e-02,-9.92187500e-02
2.17392000e-06,1.30000000e+00,9.87500000e-01,1.31250000e-02,-1.46875000e-01
2.17424000e-06,1.42812500e+00,1.02500000e+00,-1.68750000e-02,-1.04687500e-01
2.17456000e-06,1.60312500e+00,9.62500000e-01,3.12500000e-03,-6.64062500e-02
2.17488000e-06,1.52812500e+00,1.08750000e+00,-4.87500000e-02,-3.90625000e-03
2.17520000e-06,1.52812500e+00,1.10000000e+00,-2.56250000e-02,-6.40625000e-02
2.17552000e-06,1.51562500e+00,9.12500000e-01,-1.43750000e-02,-9.29687500e-02
2.17584000e-06,1.56562500e+00,9.25000000e-01,-8.75000000e-03,-6.79687500e-02
2.17616000e-06,1.57812500e+00,9.37500000e-01,3.12500000e-03,-5.31250000e-02
2.17648000e-06,1.51562500e+00,1.12500000e+00,2.56250000e-02,-1.08593750e-01
2.17680000e-06,1.57812500e+00,9.50000000e-01,-7.50000000e-03,-1.14062500e-01
2.17712000e-06,1.50312500e+00,1.01250000e+00,-3.12500000e-02,-6.32812500e-02
2.17744000e-06,1.40312500e+00,1.00000000e+00,-2.50000000e-02,6.25000000e-03
2.17776000e-06,1.46562500e+00,1.08750000e+00,-1.62500000e-02,-4.37500000e-02
2.17808000e-06,1.44375000e+00,1.07500000e+00,-3.06250000e-02,-9.53125000e-02
2.17840000e-06,1.38125000e+00,1.07500000e+00,-4.12500000e-02,-1.04687500e-01
2.17872000e-06,1.63125000e+00,8.50000000e-01,-5.37500000e-02,-1.29687500e-01
2.17904000e-06,1.70625000e+00,1.15000000e+00,-3.75000000e-03,-9.21875000e-02
2.17936000e-06,1.59062500e+00,1.10000000e+00,-1.68750000e-02,-7.50000000e-02
2.17968000e-06,1.44062500e+00,1.11250000e+00,-1.43750000e-02,-7.42187500e-02
2.18000000e-06,1.37812500e+00,1.12500000e+00,-1.43750000e-02,-5.00000000e-02
2.18032000e-06,1.46875000e+00,1.06250000e+00,-9.37500000e-03,-7.03125000e-02
2.18064000e-06,1.56875000e+00,9.50000000e-01,-1.68750000e-02,-9.60937500e-02
2.18096000e-06,1.45625000e+00,1.15000000e+00,6.25000000e-04,-1.59375000e-01
2.18128000e-06,1.40312500e+00,9.12500000e-01,-2.56250000e-02,-1.38281250e-01
2.18160000e-06,1.45312500e+00,1.08750000e+00,-4.37500000e-03,-9.45312500e-02
2.18192000e-06,1.61875000e+00,1.13750000e+00,-1.43750000e-02,-1.48437500e-02
2.18224000e-06,1.53125000e+00,1.05000000e+00,-4.37500000e-03,-3.82812500e-02
2.18256000e-06,1.55312500e+00,9.12500000e-01,-2.62500000e-02,-7.34375000e-02
2.18288000e-06,1.59062500e+00,1.07500000e+00,-2.18750000e-02,-1.00000000e-01
2.18320000e-06,1.47812500e+00,9.87500000e-01,-1.75000000e-02,-6.01562500e-02
2.18352000e-06,1.34062500e+00,1.06250000e+00,-1.50000000e-02,-8.35937500e-02
2.18384000e-06,1.42812500e+00,1.03750000e+00,-4.62500000e-02,-9.21875000e-02
2.18416000e-06,1.54375000e+00,9.75000000e-01,-1.68750000e-02,-4.06250000e-02
2.18448000e-06,1.51875000e+00,1.02500000e+00,-1.68750000e-02,-1.95312500e-02
2.18480000e-06,1.50312500e+00,1.05000000e+00,-1.93750000e-02,-8.12500000e-02
2.18512000e-06,1.55312500e+00,1.20000000e+00,-3.12500000e-02,-1.28125000e-01
2.18544000e-06,1.42812500e+00,1.10000000e+00,-2.18750000e-02,-6.95312500e-02
2.18576000e-06,1.49062500e+00,9.62500000e-01,-2.68750000e-02,-3.90625000e-02
2.18608000e-06,1.54062500e+00,1.01250000e+00,-1.68750000e-02,-7.73437500e-02
2.18640000e-06,1.51875000e+00,1.00000000e+00,0.00000000e+00,-1.07812500e-01
2.18672000e-06,1.41562500e+00,1.10000000e+00,-2.81250000e-02,-8.12500000e-02
2.18704000e-06,1.44062500e+00,1.05000000e+00,6.25000000e-04,-1.05468750e-01
2.18736000e-06,1.55312500e+00,1.05000000e+00,-3.62500000e-02,-1.62500000e-01
2.18768000e-06,1.46875000e+00,1.06250000e+00,-1.93750000e-02,-6.87500000e-02
2.18800000e-06,1.45312500e+00,1.21250000e+00,-3.12500000e-03,-7.03125000e-03
2.18832000e-06,1.56875000e+00,1.08750000e+00,-3.06250000e-02,-1.15625000e-01
2.18864000e-06,1.55625000e+00,1.06250000e+00,8.75000000e-03,-1.53125000e-01
2.18896000e-06,1.54062500e+00,1.00000000e+00,-2.56250000e-02,-1.10156250e-01
2.18928000e-06,1.47812500e+00,1.00000000e+00,-3.37500000e-02,-1.03125000e-01
2.18960000e-06,1.49062500e+00,1.11250000e+00,-1.75000000e-02,1.32812500e-02
2.18992000e-06,1.45312500e+00,1.07500000e+00,-5.62500000e-02,-2.18750000e-02
2.19024000e-06,1.51875000e+00,1.13750000e+00,-4.31250000e-02,-1.15625000e-01
2.19056000e-06,1.45312500e+00,1.11250000e+00,-1.37500000e-02,-8.12500000e-02
2.19088000e-06,1.47812500e+00,1.16250000e+00,8.12500000e-03,-4.37500000e-02
2.19120000e-06,1.59062500e+00,1.23750000e+00,-9.37500000e-03,-1.17968750e-01
2.19152000e-06,1.48125000e+00,1.07500000e+00,-3.12500000e-02,-6.87500000e-02
2.19184000e-06,1.46562500e+00,1.12500000e+00,-2.81250000e-02,-2.57812500e-02
2.19216000e-06,1.46875000e+00,1.06250000e+00,-2.00000000e-02,-7.26562500e-02
2.19248000e-06,1.52812500e+00,1.01250000e+00,-1.37500000e-02,-4.21875000e-02
2.19280000e-06,1.48125000e+00,1.16250000e+00,-1.18750000e-02,-8.98437500e-02
2.19312000e-06,1.41562500e+00,9.87500000e-01,1.06250000e-02,-1.18750000e-01
2.19344000e-06,1.52812500e+00,1.03750000e+00,-3.06250000e-02,-1.05468750e-01
2.19376000e-06,1.41875000e+00,1.15000000e+00,6.25000000e-04,-8.75000000e-02
2.19408000e-06,1.40312500e+00,1.05000000e+00,-1.68750000e-02,-5.70312500e-02
2.19440000e-06,1.48125000e+00,1.12500000e+00,-4.37500000e-03,-2.34375000e-03
2.19472000e-06,1.60625000e+00,1.06250000e+00,-2.00000000e-02,3.90625000e-03
2.19504000e-06,1.61875000e+00,1.08750000e+00,-2.56250000e-02,-1.36718750e-01
2.19536000e-06,1.60312500e+00,1.03750000e+00,-6.87500000e-03,-1.54687500e-01
2.19568000e-06,1.37812500e+00,9.75000000e-01,-4.56250000e-02,-7.65625000e-02
2.19600000e-06,1.46562500e+00,1.11250000e+00,-3.81250000e-02,-7.42187500e-02
2.19632000e-06,1.51875000e+00,1.08750000e+00,-2.12500000e-02,-1.12500000e-01
2.19664000e-06,1.43125000e+00,9.75000000e-01,-1.87500000e-03,-1.04687500e-01
2.19696000e-06,1.44062500e+00,1.13750000e+00,-6.87500000e-03,-3.98437500e-02
2.19728000e-06,1.59062500e+00,1.06250000e+00,-1.18750000e-02,-1.09375000e-01
2.19760000e-06,1.58125000e+00,1.06250000e+00,-1.87500000e-03,-1.41406250e-01
2.19792000e-06,1.46562500e+00,1.08750000e+00,-2.87500000e-02,-1.26562500e-01
2.19824000e-06,1.55312500e+00,1.02500000e+00,-3.37500000e-02,-1.17187500e-01
2.19856000e-06,1.49062500e+00,8.50000000e-01,-3.12500000e-02,-5.62500000e-02
2.19888000e-06,1.44062500e+00,1.05000000e+00,-2.12500000e-02,-2.89062500e-02
2.19920000e-06,1.39062500e+00,1.03750000e+00,5.62500000e-03,-6.09375000e-02
2.19952000e-06,1.31875000e+00,1.12500000e+00,-2.87500000e-02,-1.07031250e-01
2.19984000e-06,1.45625000e+00,1.12500000e+00,-3.06250000e-02,-1.50781250e-01
2.20016000e-06,1.40625000e+00,1.06250000e+00,-2.00000000e-02,-1.62500000e-01
2.20048000e-06,1.51875000e+00,1.00000000e+00,-4.00000000e-02,-1.28125000e-01
2.20080000e-06,1.53125000e+00,1.10000000e+00,3.75000000e-03,-1.02343750e-01
2.20112000e-06,1.50312500e+00,1.12500000e+00,-3.06250000e-02,-4.06250000e-02
2.20144000e-06,1.54062500e+00,1.11250000e+00,-3.31250000e-02,-6.71875000e-02
2.20176000e-06,1.41562500e+00,1.15000000e+00,-1.50000000e-02,-1.10937500e-01
2.20208000e-06,1.35312500e+00,1.02500000e+00,-4.81250000e-02,-5.46875000e-02
2.20240000e-06,1.46562500e+00,1.02500000e+00,-8.75000000e-03,-7.81250000e-03
2.20272000e-06,1.51875000e+00,1.11250000e+00,-4.12500000e-02,-7.73437500e-02
2.20304000e-06,1.48125000e+00,1.08750000e+00,-3.06250000e-02,-6.25000000e-02
2.20336000e-06,1.42812500e+00,1.02500000e+00,8.12500000e-03,-1.13281250e-01
2.20368000e-06,1.54375000e+00,9.00000000e-01,-1.12500000e-02,-1.45312500e-01
2.20400000e-06,1.38125000e+00,1.12500000e+00,-1.87500000e-03,-9.37500000e-02
2.20432000e-06,1.44062500e+00,1.08750000e+00,-3.62500000e-02,-9.68750000e-02
2.20464000e-06,1.49375000e+00,1.15000000e+00,-3.06250000e-02,-9.92187500e-02
2.20496000e-06,1.56875000e+00,1.12500000e+00,-1.93750000e-02,-6.09375000e-02
2.20528000e-06,1.35625000e+00,1.11250000e+00,-1.37500000e-02,-1.40625000e-01
2.20560000e-06,1.52812500e+00,1.03750000e+00,-3.12500000e-02,-6.56250000e-02
2.20592000e-06,1.40625000e+00,1.07500000e+00,-3.62500000e-02,-3.20312500e-02
2.20624000e-06,1.51562500e+00,1.13750000e+00,-3.87500000e-02,-1.00781250e-01
2.20656000e-06,1.55625000e+00,1.12500000e+00,-2.50000000e-02,-1.00781250e-01
2.20688000e-06,1.32812500e+00,9.87500000e-01,1.12500000e-02,-1.50781250e-01
2.20720000e-06,1.49062500e+00,1.05000000e+00,-8.75000000e-03,-1.34375000e-01
2.20752000e-06,1.36875000e+00,1.10000000e+00,-3.06250000e-02,-1.03906250e-01
2.20784000e-06,1.30625000e+00,1.03750000e+00,-4.37500000e-03,-8.35937500e-02
2.20816000e-06,1.41875000e+00,9.75000000e-01,-1.18750000e-02,-1.07812500e-01
2.20848000e-06,1.49375000e+00,1.08750000e+00,-6.87500000e-03,-1.09375000e-01
2.20880000e-06,1.46875000e+00,9.75000000e-01,-1.43750000e-02,-8.75000000e-02
2.20912000e-06,1.43125000e+00,1.16250000e+00,-2.62500000e-02,-1.05468750e-01
2.20944000e-06,1.47812500e+00,8.87500000e-01,-1.68750000e-02,-9.45312500e-02
2.20976000e-06,1.43125000e+00,1.03750000e+00,-2.87500000e-02,-9.06250000e-02
2.21008000e-06,1.34375000e+00,1.06250000e+00,-1.25000000e-02,-8.82812500e-02
2.21040000e-06,1.38125000e+00,1.01250000e+00,-2.56250000e-02,-1.06250000e-01
2.21072000e-06,1.46875000e+00,1.13750000e+00,-2.81250000e-02,-5.39062500e-02
2.21104000e-06,1.41875000e+00,1.10000000e+00,-3.31250000e-02,-6.48437500e-02
2.21136000e-06,1.38125000e+00,1.10000000e+00,-4.31250000e-02,-1.27343750e-01
2.21168000e-06,1.50625000e+00,9.62500000e-01,-1.12500000e-02,-1.57031250e-01
2.21200000e-06,1.35625000e+00,9.62500000e-01,-2.81250000e-02,-1.24218750e-01
2.21232000e-06,1.37812500e+00,1.05000000e+00,-9.37500000e-03,-7.81250000e-02
2.21264000e-06,1.51875000e+00,1.10000000e+00,-2.25000000e-02,-1.92968750e-01
2.21296000e-06,1.51875000e+00,1.05000000e+00,3.12500000e-03,-2.09375000e-01
2.21328000e-06,1.49062500e+00,1.10000000e+00,-1.50000000e-02,-1.53125000e-01
2.21360000e-06,1.37812500e+00,1.08750000e+00,-3.12500000e-02,-1.88281250e-01
2.21392000e-06,1.47812500e+00,8.62500000e-01,-3.81250000e-02,-9.84375000e-02
2.21424000e-06,1.36875000e+00,1.12500000e+00,-4.31250000e-02,-4.68750000e-02
2.21456000e-06,1.35625000e+00,9.87500000e-01,-1.62500000e-02,-1.41406250e-01
2.21488000e-06,1.35625000e+00,1.03750000e+00,1.06250000e-02,-1.32031250e-01
2.21520000e-06,1.38125000e+00,1.05000000e+00,-1.68750000e-02,-1.36718750e-01
2.21552000e-06,1.35625000e+00,1.10000000e+00,-9.37500000e-03,-1.03125000e-01
2.21584000e-06,1.39375000e+00,9.37500000e-01,-2.87500000e-02,-2.10937500e-02
2.21616000e-06,1.44375000e+00,1.07500000e+00,-1.93750000e-02,-8.90625000e-02
2.21648000e-06,1.56875000e+00,9.75000000e-01,-1.06250000e-02,-9.45312500e-02
2.21680000e-06,1.45625000e+00,1.05000000e+00,-3.31250000e-02,-5.46875000e-02
2.21712000e-06,1.39062500e+00,1.01250000e+00,-8.75000000e-03,-8.28125000e-02
2.21744000e-06,1.39062500e+00,9.75000000e-01,-3.06250000e-02,-1.85937500e-01
2.21776000e-06,1.45625000e+00,1.08750000e+00,-4.87500000e-02,-2.50000000e-01
2.21808000e-06,1.44375000e+00,1.15000000e+00,-3.31250000e-02,-1.62500000e-01
2.21840000e-06,1.39375000e+00,9.87500000e-01,-1.87500000e-02,-1.39062500e-01
2.21872000e-06,1.40625000e+00,1.07500000e+00,-1.68750000e-02,-1.62500000e-01
2.21904000e-06,1.49375000e+00,1.02500000e+00,-2.18750000e-02,-1.54687500e-01
2.21936000e-06,1.43125000e+00,1.01250000e+00,2.56250000e-02,-2.00781250e-01
2.21968000e-06,1.40625000e+00,1.02500000e+00,-6.87500000e-03,-1.94531250e-01
2.22000000e-06,1.30625000e+00,1.00000000e+00,-2.18750000e-02,-1.50781250e-01
2.22032000e-06,1.46875000e+00,1.11250000e+00,-1.18750000e-02,-1.10937500e-01
2.22064000e-06,1.35625000e+00,1.01250000e+00,6.25000000e-04,-1.46875000e-01
2.22096000e-06,1.46875000e+00,1.06250000e+00,-1.87500000e-03,-1.95312500e-01
2.22128000e-06,1.41875000e+00,1.12500000e+00,5.62500000e-03,-1.28125000e-01
2.22160000e-06,1.53125000e+00,1.02500000e+00,-4.12500000e-02,-1.42968750e-01
2.22192000e-06,1.36875000e+00,1.02500000e+00,-1.43750000e-02,-2.53906250e-01
2.22224000e-06,1.36562500e+00,1.01250000e+00,-5.18750000e-02,-2.14062500e-01
2.22256000e-06,1.36875000e+00,1.08750000e+00,-3.81250000e-02,-1.08593750e-01
2.22288000e-06,1.46875000e+00,1.08750000e+00,-9.37500000e-03,-9.21875000e-02
2.22320000e-06,1.49375000e+00,1.13750000e+00,-1.62500000e-02,-1.03125000e-01
2.22352000e-06,1.46875000e+00,1.08750000e+00,-2.81250000e-02,-1.58593750e-01
2.22384000e-06,1.27500000e+00,1.23750000e+00,-1.18750000e-02,-1.25781250e-01
2.22416000e-06,1.53125000e+00,1.01250000e+00,-3.62500000e-02,-9.76562500e-02
2.22448000e-06,1.50625000e+00,1.06250000e+00,-6.87500000e-03,-1.28906250e-01
2.22480000e-06,1.37812500e+00,1.08750000e+00,-1.56250000e-02,-1.32031250e-01
2.22512000e-06,1.41562500e+00,1.10000000e+00,-4.06250000e-02,-1.32031250e-01
2.22544000e-06,1.55625000e+00,1.10000000e+00,6.25000000e-03,-9.60937500e-02
2.22576000e-06,1.48125000e+00,1.10000000e+00,1.37500000e-02,-9.06250000e-02
2.22608000e-06,1.55312500e+00,1.02500000e+00,-3.37500000e-02,-4.53125000e-02
2.22640000e-06,1.34375000e+00,1.13750000e+00,-2.56250000e-02,-6.40625000e-02
2.22672000e-06,1.37812500e+00,1.11250000e+00,-1.75000000e-02,-6.48437500e-02
2.22704000e-06,1.40625000e+00,1.06250000e+00,-3.25000000e-02,-6.17187500e-02
2.22736000e-06,1.38125000e+00,1.03750000e+00,-1.25000000e-03,-1.30468750e-01
2.22768000e-06,1.22187500e+00,1.01250000e+00,-4.31250000e-02,-1.57031250e-01
2.22800000e-06,1.35625000e+00,1.02500000e+00,-6.87500000e-03,-9.37500000e-02
2.22832000e-06,1.40625000e+00,1.06250000e+00,-5.00000000e-03,-1.35156250e-01
2.22864000e-06,1.49062500e+00,9.62500000e-01,-4.62500000e-02,-1.89843750e-01
2.22896000e-06,1.32812500e+00,1.07500000e+00,-1.68750000e-02,-1.19531250e-01
2.22928000e-06,1.27187500e+00,1.05000000e+00,7.50000000e-03,-4.21875000e-02
2.22960000e-06,1.33125000e+00,1.03750000e+00,-5.12500000e-02,-1.41406250e-01
2.22992000e-06,1.55312500e+00,8.87500000e-01,-3.56250000e-02,-2.14843750e-01
2.23024000e-06,1.42812500e+00,9.12500000e-01,-4.37500000e-03,-9.92187500e-02
2.23056000e-06,1.40312500e+00,1.15000000e+00,-1.18750000e-02,-6.25000000e-02
2.23088000e-06,1.38125000e+00,1.01250000e+00,-1.18750000e-02,-6.95312500e-02
2.23120000e-06,1.50625000e+00,1.01250000e+00,1.31250000e-02,-1.46875000e-01
2.23152000e-06,1.36875000e+00,1.16250000e+00,-3.56250000e-02,-1.53125000e-01
2.23184000e-06,1.32812500e+00,1.10000000e+00,2.56250000e-02,-1.35937500e-01
2.23216000e-06,1.41875000e+00,1.06250000e+00,6.25000000e-04,-1.25781250e-01
2.23248000e-06,1.45625000e+00,8.50000000e-01,-3.37500000e-02,-8.90625000e-02
2.23280000e-06,1.27187500e+00,9.25000000e-01,-4.37500000e-02,-4.92187500e-02
2.23312000e-06,1.36875000e+00,1.02500000e+00,-9.37500000e-03,-5.70312500e-02
2.23344000e-06,1.48125000e+00,1.01250000e+00,-6.87500000e-03,-8.98437500e-02
2.23376000e-06,1.49062500e+00,1.05000000e+00,-6.87500000e-03,-1.39062500e-01
2.23408000e-06,1.39375000e+00,1.07500000e+00,-1.43750000e-02,-2.12500000e-01
2.23440000e-06,1.34375000e+00,1.02500000e+00,-4.37500000e-03,-1.59375000e-01
2.23472000e-06,1.48125000e+00,1.15000000e+00,-6.87500000e-03,-8.20312500e-02
2.23504000e-06,1.38125000e+00,9.87500000e-01,-1.93750000e-02,-1.63281250e-01
2.23536000e-06,1.30625000e+00,9.50000000e-01,-1.50000000e-02,-1.87500000e-01
2.23568000e-06,1.40625000e+00,1.08750000e+00,-3.37500000e-02,-7.73437500e-02
2.23600000e-06,1.33125000e+00,1.23750000e+00,-4.31250000e-02,-6.64062500e-02
2.23632000e-06,1.27187500e+00,1.05000000e+00,-1.87500000e-02,-7.10937500e-02
2.23664000e-06,1.36875000e+00,1.07500000e+00,6.25000000e-04,-5.85937500e-02
2.23696000e-06,1.43125000e+00,9.25000000e-01,-9.37500000e-03,-8.20312500e-02
2.23728000e-06,1.45312500e+00,1.11250000e+00,-1.18750000e-02,-1.45312500e-01
2.23760000e-06,1.33125000e+00,1.07500000e+00,6.25000000e-04,-8.98437500e-02
2.23792000e-06,1.44375000e+00,1.07500000e+00,-4.62500000e-02,-5.54687500e-02
2.23824000e-06,1.31875000e+00,1.02500000e+00,-1.93750000e-02,-6.25000000e-03
2.23856000e-06,1.40625000e+00,1.15000000e+00,-1.00000000e-02,-7.57812500e-02
2.23888000e-06,1.40625000e+00,1.06250000e+00,-2.00000000e-02,-1.44531250e-01
2.23920000e-06,1.31875000e+00,1.08750000e+00,-2.18750000e-02,-1.17187500e-01
2.23952000e-06,1.43125000e+00,1.08750000e+00,-1.43750000e-02,-1.65625000e-01
2.23984000e-06,1.41875000e+00,1.12500000e+00,-2.00000000e-02,-4.06250000e-02
2.24016000e-06,1.43125000e+00,1.06250000e+00,-1.68750000e-02,-8.98437500e-02
2.24048000e-06,1.35625000e+00,1.03750000e+00,-1.25000000e-02,-8.75000000e-02
2.24080000e-06,1.49375000e+00,9.50000000e-01,-9.37500000e-03,-5.70312500e-02
2.24112000e-06,1.33125000e+00,1.12500000e+00,-1.18750000e-02,-1.20312500e-01
2.24144000e-06,1.46875000e+00,1.18750000e+00,-2.81250000e-02,-5.39062500e-02
2.24176000e-06,1.38125000e+00,1.13750000e+00,8.12500000e-03,-1.64062500e-02
2.24208000e-06,1.51875000e+00,9.87500000e-01,-3.12500000e-02,-7.57812500e-02
2.24240000e-06,1.39375000e+00,1.13750000e+00,-1.75000000e-02,-7.65625000e-02
2.24272000e-06,1.47812500e+00,1.05000000e+00,-3.12500000e-02,-6.79687500e-02
2.24304000e-06,1.44375000e+00,1.05000000e+00,1.25000000e-03,-9.21875000e-02
2.24336000e-06,1.33125000e+00,1.03750000e+00,-3.75000000e-03,-1.17968750e-01
2.24368000e-06,1.42812500e+00,1.00000000e+00,-3.12500000e-02,-1.06250000e-01
2.24400000e-06,1.41875000e+00,9.75000000e-01,-2.00000000e-02,-6.48437500e-02
2.24432000e-06,1.36875000e+00,1.13750000e+00,-2.62500000e-02,-2.03125000e-02
2.24464000e-06,1.50625000e+00,1.03750000e+00,-3.75000000e-03,-8.59375000e-03
2.24496000e-06,1.34375000e+00,1.10000000e+00,-2.75000000e-02,-1.11718750e-01
2.24528000e-06,1.39062500e+00,1.05000000e+00,6.25000000e-04,-5.07812500e-02
2.24560000e-06,1.43125000e+00,1.12500000e+00,-2.25000000e-02,-7.81250000e-04
2.24592000e-06,1.45625000e+00,1.08750000e+00,-2.56250000e-02,-2.96875000e-02
2.24624000e-06,1.39375000e+00,1.21250000e+00,-1.18750000e-02,-8.59375000e-02
2.24656000e-06,1.49375000e+00,1.02500000e+00,-2.81250000e-02,-4.06250000e-02
2.24688000e-06,1.38125000e+00,1.03750000e+00,-2.50000000e-02,1.95312500e-02
2.24720000e-06,1.48125000e+00,1.07500000e+00,6.25000000e-03,7.03125000e-02
2.24752000e-06,1.43125000e+00,1.20000000e+00,-8.75000000e-03,-7.81250000e-03
2.24784000e-06,1.30625000e+00,1.06250000e+00,-1.43750000e-02,-6.01562500e-02
2.24816000e-06,1.44375000e+00,1.02500000e+00,-6.87500000e-03,-7.26562500e-02
2.24848000e-06,1.59375000e+00,1.20000000e+00,1.56250000e-02,-9.29687500e-02
2.24880000e-06,1.54375000e+00,1.08750000e+00,-7.50000000e-03,-9.76562500e-02
2.24912000e-06,1.33750000e+00,9.62500000e-01,-5.12500000e-02,-1.32812500e-01
2.24944000e-06,1.31562500e+00,1.11250000e+00,-8.75000000e-03,-1.00000000e-01
2.24976000e-06,1.43125000e+00,1.15000000e+00,-1.18750000e-02,-6.01562500e-02
2.25008000e-06,1.44062500e+00,1.08750000e+00,-6.87500000e-03,-1.64843750e-01
2.25040000e-06,1.43125000e+00,1.01250000e+00,-3.37500000e-02,-1.37500000e-01
2.25072000e-06,1.23437500e+00,9.87500000e-01,-4.37500000e-02,-1.28125000e-01
2.25104000e-06,1.36562500e+00,9.87500000e-01,5.62500000e-03,-7.73437500e-02
2.25136000e-06,1.50625000e+00,1.16250000e+00,2.06250000e-02,-8.98437500e-02
2.25168000e-06,1.61562500e+00,1.12500000e+00,-1.43750000e-02,-1.21875000e-01
2.25200000e-06,1.40312500e+00,1.03750000e+00,-6.87500000e-03,-1.25000000e-01
2.25232000e-06,1.50312500e+00,1.10000000e+00,-1.25000000e-02,-5.07812500e-02
2.25264000e-06,1.30312500e+00,1.08750000e+00,-2.18750000e-02,2.89062500e-02
2.25296000e-06,1.27187500e+00,9.87500000e-01,-2.62500000e-02,-2.34375000e-03
2.25328000e-06,1.31875000e+00,1.07500000e+00,-3.31250000e-02,-6.40625000e-02
2.25360000e-06,1.45312500e+00,1.10000000e+00,-4.37500000e-03,-1.00000000e-01
2.25392000e-06,1.44375000e+00,1.13750000e+00,-3.75000000e-03,-1.41406250e-01
2.25424000e-06,1.49375000e+00,1.06250000e+00,-2.18750000e-02,-1.28125000e-01
2.25456000e-06,1.43125000e+00,1.10000000e+00,-1.43750000e-02,-1.14062500e-01
2.25488000e-06,1.34375000e+00,1.07500000e+00,-2.25000000e-02,-6.71875000e-02
2.25520000e-06,1.38125000e+00,1.11250000e+00,-4.37500000e-02,-1.09375000e-01
2.25552000e-06,1.34062500e+00,1.06250000e+00,-2.18750000e-02,-1.64062500e-01
2.25584000e-06,1.18437500e+00,1.00000000e+00,-4.62500000e-02,-1.73437500e-01
2.25616000e-06,1.36875000e+00,1.05000000e+00,-1.87500000e-02,-1.50000000e-01
2.25648000e-06,1.49062500e+00,1.06250000e+00,-1.18750000e-02,-1.29687500e-01
2.25680000e-06,1.47812500e+00,1.03750000e+00,-1.18750000e-02,-5.78125000e-02
2.25712000e-06,1.34375000e+00,1.02500000e+00,6.25000000e-04,1.56250000e-03
2.25744000e-06,1.45312500e+00,1.11250000e+00,6.25000000e-04,-7.03125000e-03
2.25776000e-06,1.40625000e+00,1.10000000e+00,-1.25000000e-02,-1.10156250e-01
2.25808000e-06,1.38125000e+00,1.10000000e+00,-3.62500000e-02,-1.13281250e-01
2.25840000e-06,1.39375000e+00,1.06250000e+00,-3.75000000e-02,-1.21093750e-01
2.25872000e-06,1.45625000e+00,1.05000000e+00,1.37500000e-02,-1.03906250e-01
2.25904000e-06,1.33125000e+00,1.10000000e+00,1.12500000e-02,7.81250000e-04
2.25936000e-06,1.39375000e+00,1.01250000e+00,-2.87500000e-02,-1.01562500e-02
2.25968000e-06,1.50625000e+00,1.16250000e+00,-3.37500000e-02,-9.14062500e-02
2.26000000e-06,1.40625000e+00,9.50000000e-01,-3.87500000e-02,-4.14062500e-02
2.26032000e-06,1.36562500e+00,1.06250000e+00,-3.06250000e-02,-1.13281250e-01
2.26064000e-06,1.31875000e+00,1.20000000e+00,-3.00000000e-02,-1.53125000e-01
2.26096000e-06,1.38125000e+00,1.12500000e+00,-8.75000000e-03,-9.21875000e-02
2.26128000e-06,1.36875000e+00,1.05000000e+00,-2.81250000e-02,-1.13281250e-01
2.26160000e-06,1.44375000e+00,9.75000000e-01,-3.62500000e-02,-1.75000000e-01
2.26192000e-06,1.51875000e+00,1.07500000e+00,-1.18750000e-02,-1.57031250e-01
2.26224000e-06,1.41875000e+00,1.06250000e+00,1.06250000e-02,-1.45312500e-01
2.26256000e-06,1.44062500e+00,9.00000000e-01,3.12500000e-03,-1.39062500e-01
2.26288000e-06,1.45312500e+00,1.02500000e+00,-4.62500000e-02,-2.03125000e-01
2.26320000e-06,1.50625000e+00,9.75000000e-01,-1.68750000e-02,-1.95312500e-01
2.26352000e-06,1.41875000e+00,9.62500000e-01,-1.00000000e-02,-1.10156250e-01
2.26384000e-06,1.46562500e+00,1.08750000e+00,-1.93750000e-02,-1.64843750e-01
2.26416000e-06,1.44375000e+00,1.13750000e+00,-2.87500000e-02,-5.15625000e-02
2.26448000e-06,1.41875000e+00,1.12500000e+00,-3.06250000e-02,-5.93750000e-02
2.26480000e-06,1.35625000e+00,1.01250000e+00,-1.18750000e-02,-1.51562500e-01
2.26512000e-06,1.34375000e+00,9.25000000e-01,-4.06250000e-02,-6.64062500e-02
2.26544000e-06,1.44375000e+00,1.07500000e+00,-3.62500000e-02,-9.14062500e-02
2.26576000e-06,1.36875000e+00,1.05000000e+00,-3.37500000e-02,-1.49218750e-01
2.26608000e-06,1.20937500e+00,1.20000000e+00,1.25000000e-03,-1.75781250e-01
2.26640000e-06,1.23437500e+00,1.08750000e+00,-1.25000000e-02,-1.11718750e-01
2.26672000e-06,1.33125000e+00,9.75000000e-01,-4.37500000e-02,-1.07812500e-01
2.26704000e-06,1.54062500e+00,1.16250000e+00,-4.06250000e-02,-8.20312500e-02
2.26736000e-06,1.30312500e+00,1.23750000e+00,-1.25000000e-03,-1.64062500e-01
2.26768000e-06,1.49062500e+00,9.00000000e-01,3.12500000e-03,-1.85156250e-01
2.26800000e-06,1.28437500e+00,1.12500000e+00,-2.00000000e-02,-1.07031250e-01
2.26832000e-06,1.36875000e+00,1.06250000e+00,-4.12500000e-02,-5.07812500e-02
2.26864000e-06,1.40312500e+00,1.01250000e+00,-2.56250000e-02,-1.26562500e-01
2.26896000e-06,1.31562500e+00,1.10000000e+00,-1.87500000e-02,-1.57031250e-01
2.26928000e-06,1.44375000e+00,1.11250000e+00,1.56250000e-02,-1.00781250e-01
2.26960000e-06,1.42812500e+00,1.00000000e+00,-3.62500000e-02,-1.61718750e-01
2.26992000e-06,1.46875000e+00,1.05000000e+00,-6.87500000e-03,-1.40625000e-01
2.27024000e-06,1.41875000e+00,9.75000000e-01,-1.56250000e-02,-1.73437500e-01
2.27056000e-06,1.40625000e+00,1.06250000e+00,-3.12500000e-02,-1.67187500e-01
2.27088000e-06,1.36875000e+00,1.03750000e+00,-2.56250000e-02,-8.82812500e-02
2.27120000e-06,1.36875000e+00,1.06250000e+00,-2.75000000e-02,-1.04687500e-01
2.27152000e-06,1.35625000e+00,9.87500000e-01,3.12500000e-02,-6.32812500e-02
2.27184000e-06,1.38125000e+00,1.00000000e+00,-1.37500000e-02,-2.34375000e-02
2.27216000e-06,1.44375000e+00,1.02500000e+00,-3.37500000e-02,-7.73437500e-02
2.27248000e-06,1.35625000e+00,1.00000000e+00,-1.68750000e-02,-7.50000000e-02
2.27280000e-06,1.39375000e+00,1.03750000e+00,-1.00000000e-02,-7.89062500e-02
2.27312000e-06,1.43125000e+00,1.20000000e+00,-1.93750000e-02,-1.09375000e-01
2.27344000e-06,1.58125000e+00,1.02500000e+00,-1.87500000e-03,-1.43750000e-01
2.27376000e-06,1.34062500e+00,1.12500000e+00,-2.87500000e-02,-1.70312500e-01
2.27408000e-06,1.31562500e+00,1.16250000e+00,-1.93750000e-02,-9.37500000e-02
2.27440000e-06,1.35000000e+00,1.00000000e+00,-2.06250000e-02,-1.39843750e-01
2.27472000e-06,1.25937500e+00,1.01250000e+00,-3.62500000e-02,-7.26562500e-02
2.27504000e-06,1.41875000e+00,1.03750000e+00,-2.50000000e-02,-1.07031250e-01
2.27536000e-06,1.42812500e+00,9.50000000e-01,1.12500000e-02,-1.04687500e-01
2.27568000e-06,1.45625000e+00,1.03750000e+00,1.62500000e-02,-1.13281250e-01
2.27600000e-06,1.40625000e+00,1.02500000e+00,-2.18750000e-02,-1.31250000e-01
2.27632000e-06,1.34062500e+00,1.00000000e+00,-1.00000000e-02,-1.32031250e-01
2.27664000e-06,1.23750000e+00,1.18750000e+00,-1.93750000e-02,-1.06250000e-01
2.27696000e-06,1.33125000e+00,1.15000000e+00,5.62500000e-03,-1.92187500e-01
2.27728000e-06,1.40312500e+00,1.15000000e+00,-2.56250000e-02,-1.99218750e-01
2.27760000e-06,1.40625000e+00,1.11250000e+00,-2.25000000e-02,-1.12500000e-01
2.27792000e-06,1.48125000e+00,1.02500000e+00,-3.56250000e-02,-6.32812500e-02
2.27824000e-06,1.38125000e+00,1.05000000e+00,6.25000000e-03,-1.10156250e-01
2.27856000e-06,1.38125000e+00,1.05000000e+00,-6.25000000e-03,-9.68750000e-02
2.27888000e-06,1.38125000e+00,1.12500000e+00,-6.87500000e-03,-1.23437500e-01
2.27920000e-06,1.41875000e+00,1.18750000e+00,-4.37500000e-03,-1.82031250e-01
2.27952000e-06,1.36875000e+00,1.06250000e+00,-3.62500000e-02,-1.57812500e-01
2.27984000e-06,1.34375000e+00,1.11250000e+00,-4.37500000e-02,-1.24218750e-01
2.28016000e-06,1.43125000e+00,1.12500000e+00,-4.06250000e-02,-4.92187500e-02
2.28048000e-06,1.39375000e+00,1.05000000e+00,6.25000000e-03,-1.19531250e-01
2.28080000e-06,1.32812500e+00,1.07500000e+00,8.75000000e-03,-1.60156250e-01
2.28112000e-06,1.28750000e+00,1.01250000e+00,-4.12500000e-02,-3.59375000e-02
2.28144000e-06,1.34375000e+00,1.03750000e+00,-6.87500000e-03,-1.64062500e-02
2.28176000e-06,1.39062500e+00,1.07500000e+00,-2.50000000e-03,-6.95312500e-02
2.28208000e-06,1.31875000e+00,1.05000000e+00,-9.37500000e-03,-7.34375000e-02
2.28240000e-06,1.36875000e+00,9.75000000e-01,-4.68750000e-02,-5.85937500e-02
2.28272000e-06,1.36875000e+00,1.16250000e+00,-5.37500000e-02,-8.20312500e-02
2.28304000e-06,1.34375000e+00,1.13750000e+00,-2.18750000e-02,-1.44531250e-01
2.28336000e-06,1.35625000e+00,9.25000000e-01,-3.18750000e-02,-1.68750000e-01
2.28368000e-06,1.38125000e+00,9.62500000e-01,-2.56250000e-02,-1.87500000e-01
2.28400000e-06,1.36875000e+00,1.11250000e+00,-4.37500000e-03,-1.60156250e-01
2.28432000e-06,1.49375000e+00,1.20000000e+00,1.87500000e-02,-5.62500000e-02
2.28464000e-06,1.44375000e+00,1.12500000e+00,-3.62500000e-02,2.89062500e-02
2.28496000e-06,1.34375000e+00,1.07500000e+00,-6.31250000e-02,3.90625000e-02
2.28528000e-06,1.41562500e+00,1.07500000e+00,5.62500000e-03,-6.32812500e-02
2.28560000e-06,1.27187500e+00,9.75000000e-01,-1.37500000e-02,-1.46875000e-01
2.28592000e-06,1.27500000e+00,1.10000000e+00,2.56250000e-02,-9.37500000e-02
2.28624000e-06,1.40625000e+00,1.05000000e+00,-3.12500000e-02,-1.13281250e-01
2.28656000e-06,1.37812500e+00,1.07500000e+00,-2.56250000e-02,-1.30468750e-01
2.28688000e-06,1.28437500e+00,1.10000000e+00,3.12500000e-03,-9.53125000e-02
2.28720000e-06,1.38125000e+00,1.05000000e+00,-8.75000000e-03,-3.12500000e-02
2.28752000e-06,1.48125000e+00,1.00000000e+00,-1.50000000e-02,-6.09375000e-02
2.28784000e-06,1.45312500e+00,9.75000000e-01,-2.81250000e-02,-1.42968750e-01
2.28816000e-06,1.48125000e+00,9.62500000e-01,-3.75000000e-03,-8.82812500e-02
2.28848000e-06,1.44375000e+00,1.00000000e+00,-2.18750000e-02,-1.35937500e-01
2.28880000e-06,1.35625000e+00,9.87500000e-01,-2.56250000e-02,-2.32031250e-01
2.28912000e-06,1.30625000e+00,1.18750000e+00,-1.87500000e-02,-1.14843750e-01
2.28944000e-06,1.41875000e+00,1.02500000e+00,-6.25000000e-03,-9.37500000e-02
2.28976000e-06,1.31875000e+00,1.07500000e+00,3.12500000e-03,-6.56250000e-02
2.29008000e-06,1.39375000e+00,9.62500000e-01,-3.12500000e-02,-6.64062500e-02
2.29040000e-06,1.40625000e+00,1.21250000e+00,-4.12500000e-02,-1.49218750e-01
2.29072000e-06,1.41875000e+00,1.02500000e+00,-2.56250000e-02,-1.59375000e-01
2.29104000e-06,1.39375000e+00,1.15000000e+00,6.25000000e-03,-1.86718750e-01
2.29136000e-06,1.32812500e+00,1.16250000e+00,-3.56250000e-02,-2.09375000e-01
2.29168000e-06,1.20000000e+00,1.12500000e+00,-4.37500000e-02,-1.76562500e-01
2.29200000e-06,1.40625000e+00,9.87500000e-01,-2.18750000e-02,-1.29687500e-01
2.29232000e-06,1.34062500e+00,1.07500000e+00,-1.68750000e-02,-7.81250000e-02
2.29264000e-06,1.31562500e+00,1.05000000e+00,-1.18750000e-02,-1.21875000e-01
2.29296000e-06,1.23437500e+00,1.08750000e+00,-2.87500000e-02,-1.42187500e-01
2.29328000e-06,1.35625000e+00,9.00000000e-01,-1.43750000e-02,-1.12500000e-01
2.29360000e-06,1.41562500e+00,1.05000000e+00,2.75000000e-02,-5.78125000e-02
2.29392000e-06,1.30312500e+00,1.01250000e+00,-3.62500000e-02,-3.59375000e-02
2.29424000e-06,1.38125000e+00,1.02500000e+00,-3.31250000e-02,-7.18750000e-02
2.29456000e-06,1.36875000e+00,1.10000000e+00,-1.87500000e-03,-6.56250000e-02
2.29488000e-06,1.39375000e+00,1.08750000e+00,-4.56250000e-02,-3.12500000e-02
2.29520000e-06,1.33125000e+00,9.75000000e-01,-4.87500000e-02,-2.03125000e-02
2.29552000e-06,1.40625000e+00,1.01250000e+00,-2.62500000e-02,-7.81250000e-02
2.29584000e-06,1.41875000e+00,1.01250000e+00,-5.56250000e-02,-7.96875000e-02
2.29616000e-06,1.40625000e+00,1.16250000e+00,1.25000000e-03,-7.18750000e-02
2.29648000e-06,1.39375000e+00,1.10000000e+00,6.25000000e-04,-7.57812500e-02
2.29680000e-06,1.44375000e+00,1.01250000e+00,-1.93750000e-02,-8.75000000e-02
2.29712000e-06,1.36875000e+00,1.11250000e+00,-7.50000000e-03,-7.42187500e-02
2.29744000e-06,1.43125000e+00,1.12500000e+00,-3.56250000e-02,-1.50000000e-01
2.29776000e-06,1.35625000e+00,1.06250000e+00,-8.75000000e-03,-1.99218750e-01
2.29808000e-06,1.30625000e+00,8.62500000e-01,-1.87500000e-02,-2.21875000e-01
2.29840000e-06,1.36875000e+00,9.37500000e-01,-1.18750000e-02,-1.58593750e-01
2.29872000e-06,1.36875000e+00,1.01250000e+00,-3.87500000e-02,-1.57812500e-01
2.29904000e-06,1.36875000e+00,1.00000000e+00,-2.81250000e-02,-1.00000000e-01
2.29936000e-06,1.39375000e+00,9.87500000e-01,-1.87500000e-03,-5.31250000e-02
2.29968000e-06,1.28437500e+00,1.02500000e+00,-1.62500000e-02,-8.28125000e-02
2.30000000e-06,1.20937500e+00,1.00000000e+00,-1.18750000e-02,-4.29687500e-02
2.30032000e-06,1.40625000e+00,1.11250000e+00,-1.68750000e-02,3.43750000e-02
2.30064000e-06,1.36250000e+00,1.06250000e+00,-1.00000000e-02,-6.48437500e-02
2.30096000e-06,1.32812500e+00,9.62500000e-01,-3.62500000e-02,-1.45312500e-01
2.30128000e-06,1.39375000e+00,1.15000000e+00,-3.31250000e-02,-1.42968750e-01
2.30160000e-06,1.41562500e+00,1.02500000e+00,-3.31250000e-02,-9.37500000e-02
2.30192000e-06,1.33125000e+00,1.21250000e+00,-2.75000000e-02,-8.51562500e-02
2.30224000e-06,1.33125000e+00,1.03750000e+00,1.37500000e-02,-5.23437500e-02
2.30256000e-06,1.24687500e+00,1.02500000e+00,-1.25000000e-03,-3.43750000e-02
2.30288000e-06,1.35625000e+00,1.06250000e+00,-4.12500000e-02,-1.12500000e-01
2.30320000e-06,1.35625000e+00,1.00000000e+00,-3.62500000e-02,-1.15625000e-01
2.30352000e-06,1.36562500e+00,9.87500000e-01,-3.87500000e-02,-9.68750000e-02
2.30384000e-06,1.38125000e+00,9.62500000e-01,-6.25000000e-03,-8.35937500e-02
2.30416000e-06,1.20937500e+00,1.02500000e+00,-1.00000000e-02,-4.29687500e-02
2.30448000e-06,1.18750000e+00,1.13750000e+00,-3.62500000e-02,-7.03125000e-02
2.30480000e-06,1.43125000e+00,1.05000000e+00,1.25000000e-03,-9.76562500e-02
2.30512000e-06,1.20625000e+00,1.10000000e+00,8.12500000e-03,-6.01562500e-02
2.30544000e-06,1.38125000e+00,1.06250000e+00,-3.62500000e-02,-4.45312500e-02
2.30576000e-06,1.35625000e+00,1.03750000e+00,-1.68750000e-02,-8.82812500e-02
2.30608000e-06,1.35312500e+00,8.12500000e-01,-2.50000000e-03,-6.87500000e-02
2.30640000e-06,1.36875000e+00,1.10000000e+00,-1.43750000e-02,-1.14843750e-01
2.30672000e-06,1.34375000e+00,1.20000000e+00,-2.62500000e-02,-7.50000000e-02
2.30704000e-06,1.36875000e+00,1.11250000e+00,-4.62500000e-02,-3.51562500e-02
2.30736000e-06,1.23437500e+00,1.05000000e+00,5.62500000e-03,7.03125000e-03
2.30768000e-06,1.38125000e+00,9.62500000e-01,-3.37500000e-02,-5.00000000e-02
2.30800000e-06,1.34375000e+00,1.18750000e+00,-4.62500000e-02,-1.21875000e-01
2.30832000e-06,1.40312500e+00,1.06250000e+00,-1.18750000e-02,-7.34375000e-02
2.30864000e-06,1.48125000e+00,9.87500000e-01,-3.12500000e-02,-1.04687500e-01
2.30896000e-06,1.41875000e+00,1.10000000e+00,-1.93750000e-02,-1.38281250e-01
2.30928000e-06,1.32812500e+00,9.87500000e-01,-2.93750000e-02,-7.57812500e-02
2.30960000e-06,1.24687500e+00,1.02500000e+00,-4.62500000e-02,-2.34375000e-02
2.30992000e-06,1.33125000e+00,1.03750000e+00,-2.62500000e-02,-7.81250000e-04
2.31024000e-06,1.25625000e+00,1.02500000e+00,-3.06250000e-02,-6.17187500e-02
2.31056000e-06,1.36562500e+00,1.01250000e+00,-4.06250000e-02,-1.28125000e-01
2.31088000e-06,1.32812500e+00,9.75000000e-01,-2.81250000e-02,-6.87500000e-02
2.31120000e-06,1.27187500e+00,9.12500000e-01,-5.81250000e-02,-4.06250000e-02
2.31152000e-06,1.34375000e+00,1.06250000e+00,-3.56250000e-02,-9.92187500e-02
2.31184000e-06,1.37812500e+00,1.05000000e+00,-2.81250000e-02,-1.44531250e-01
2.31216000e-06,1.22187500e+00,1.11250000e+00,-4.31250000e-02,-1.50781250e-01
2.31248000e-06,1.35625000e+00,9.12500000e-01,-1.25000000e-03,-1.48437500e-01
2.31280000e-06,1.48125000e+00,1.03750000e+00,-1.75000000e-02,-8.51562500e-02
2.31312000e-06,1.37500000e+00,1.05000000e+00,-3.06250000e-02,-6.56250000e-02
2.31344000e-06,1.26250000e+00,1.00000000e+00,-1.25000000e-03,-1.14062500e-01
2.31376000e-06,1.45625000e+00,1.06250000e+00,-1.62500000e-02,-1.82812500e-01
2.31408000e-06,1.32812500e+00,1.02500000e+00,-2.00000000e-02,-2.02343750e-01
2.31440000e-06,1.30625000e+00,1.06250000e+00,-3.06250000e-02,-1.26562500e-01
2.31472000e-06,1.31562500e+00,1.17500000e+00,-6.25000000e-03,-7.18750000e-02
2.31504000e-06,1.31875000e+00,9.50000000e-01,-2.18750000e-02,-6.48437500e-02
2.31536000e-06,1.38125000e+00,1.07500000e+00,-2.25000000e-02,-4.37500000e-02
2.31568000e-06,1.40312500e+00,1.03750000e+00,-1.93750000e-02,1.64062500e-02
2.31600000e-06,1.45625000e+00,1.00000000e+00,-9.37500000e-03,-2.42187500e-02
2.31632000e-06,1.22187500e+00,8.37500000e-01,-2.56250000e-02,-1.38281250e-01
2.31664000e-06,1.30312500e+00,9.87500000e-01,8.12500000e-03,-1.11718750e-01
2.31696000e-06,1.35625000e+00,1.02500000e+00,-4.12500000e-02,-1.04687500e-01
2.31728000e-06,1.35312500e+00,9.75000000e-01,-1.18750000e-02,-9.60937500e-02
2.31760000e-06,1.44375000e+00,8.25000000e-01,-1.00000000e-02,-1.95312500e-02
2.31792000e-06,1.28437500e+00,9.50000000e-01,3.12500000e-03,-7.89062500e-02
2.31824000e-06,1.20000000e+00,1.05000000e+00,-2.87500000e-02,-5.07812500e-02
2.31856000e-06,1.43125000e+00,1.02500000e+00,-3.12500000e-02,-9.06250000e-02
2.31888000e-06,1.54062500e+00,1.08750000e+00,-3.37500000e-02,-1.05468750e-01
2.31920000e-06,1.28750000e+00,1.06250000e+00,-1.37500000e-02,-3.04687500e-02
2.31952000e-06,1.32812500e+00,9.87500000e-01,-7.50000000e-03,-5.39062500e-02
2.31984000e-06,1.31875000e+00,1.03750000e+00,-3.06250000e-02,-1.06250000e-01
2.32016000e-06,1.44375000e+00,9.87500000e-01,1.37500000e-02,-1.13281250e-01
2.32048000e-06,1.24687500e+00,1.16250000e+00,3.75000000e-03,-7.42187500e-02
2.32080000e-06,1.22187500e+00,1.15000000e+00,-3.87500000e-02,-2.03125000e-02
2.32112000e-06,1.27500000e+00,9.75000000e-01,-2.87500000e-02,-4.68750000e-02
2.32144000e-06,1.39062500e+00,1.13750000e+00,-3.62500000e-02,-4.45312500e-02
2.32176000e-06,1.32812500e+00,9.37500000e-01,-3.56250000e-02,-1.28125000e-01
2.32208000e-06,1.33125000e+00,1.01250000e+00,6.25000000e-03,-1.10156250e-01
2.32240000e-06,1.31875000e+00,1.07500000e+00,-3.37500000e-02,-6.17187500e-02
2.32272000e-06,1.31875000e+00,9.62500000e-01,-1.93750000e-02,-1.10937500e-01
2.32304000e-06,1.35312500e+00,9.62500000e-01,-2.50000000e-03,-4.68750000e-02
2.32336000e-06,1.24687500e+00,9.37500000e-01,-1.43750000e-02,-7.57812500e-02
2.32368000e-06,1.19687500e+00,9.37500000e-01,3.12500000e-03,-3.67187500e-02
2.32400000e-06,1.31562500e+00,1.05000000e+00,-2.00000000e-02,5.39062500e-02
2.32432000e-06,1.41562500e+00,9.87500000e-01,-4.37500000e-02,-1.33593750e-01
2.32464000e-06,1.32812500e+00,1.06250000e+00,-2.18750000e-02,-1.82031250e-01
2.32496000e-06,1.27500000e+00,1.27500000e+00,-3.31250000e-02,-8.75000000e-02
2.32528000e-06,1.39375000e+00,1.10000000e+00,-8.75000000e-03,-9.29687500e-02
2.32560000e-06,1.23437500e+00,9.87500000e-01,-2.18750000e-02,-5.46875000e-02
2.32592000e-06,1.20937500e+00,9.25000000e-01,-3.81250000e-02,-7.96875000e-02
2.32624000e-06,1.34375000e+00,1.06250000e+00,-1.18750000e-02,-8.43750000e-02
2.32656000e-06,1.35312500e+00,1.10000000e+00,-2.12500000e-02,-6.32812500e-02
2.32688000e-06,1.32812500e+00,1.17500000e+00,-4.37500000e-03,-4.37500000e-02
2.32720000e-06,1.41562500e+00,1.07500000e+00,-1.75000000e-02,-5.62500000e-02
2.32752000e-06,1.17187500e+00,1.02500000e+00,-4.62500000e-02,-3.98437500e-02
2.32784000e-06,1.20937500e+00,1.07500000e+00,-1.87500000e-02,-5.78125000e-02
2.32816000e-06,1.32812500e+00,1.03750000e+00,-6.87500000e-03,-5.62500000e-02
2.32848000e-06,1.37812500e+00,1.05000000e+00,-1.93750000e-02,-1.28125000e-01
2.32880000e-06,1.35312500e+00,1.15000000e+00,-2.25000000e-02,-1.44531250e-01
2.32912000e-06,1.38125000e+00,1.00000000e+00,-3.62500000e-02,-9.21875000e-02
2.32944000e-06,1.44375000e+00,1.05000000e+00,-2.12500000e-02,-1.10156250e-01
2.32976000e-06,1.40625000e+00,9.37500000e-01,1.56250000e-02,-1.05468750e-01
2.33008000e-06,1.34375000e+00,1.05000000e+00,-4.12500000e-02,-8.28125000e-02
2.33040000e-06,1.33125000e+00,9.87500000e-01,-1.68750000e-02,-1.00000000e-01
2.33072000e-06,1.41875000e+00,1.05000000e+00,-2.68750000e-02,-1.32031250e-01
2.33104000e-06,1.48125000e+00,1.00000000e+00,-5.87500000e-02,-3.43750000e-02
2.33136000e-06,1.31875000e+00,1.07500000e+00,-3.12500000e-02,7.81250000e-04
2.33168000e-06,1.35625000e+00,9.87500000e-01,-2.50000000e-02,-7.03125000e-02
2.33200000e-06,1.28750000e+00,1.08750000e+00,-2.50000000e-02,-8.28125000e-02
2.33232000e-06,1.33125000e+00,8.37500000e-01,-8.75000000e-03,-4.68750000e-02
2.33264000e-06,1.28750000e+00,1.08750000e+00,-1.87500000e-03,3.67187500e-02
2.33296000e-06,1.40625000e+00,1.11250000e+00,-1.18750000e-02,-5.70312500e-02
2.33328000e-06,1.41875000e+00,1.06250000e+00,-1.18750000e-02,-1.21093750e-01
2.33360000e-06,1.28750000e+00,1.06250000e+00,-3.56250000e-02,-3.20312500e-02
2.33392000e-06,1.30625000e+00,1.01250000e+00,1.06250000e-02,-1.95312500e-02
2.33424000e-06,1.33125000e+00,1.05000000e+00,-2.56250000e-02,-4.84375000e-02
2.33456000e-06,1.39375000e+00,1.18750000e+00,-9.37500000e-03,-1.07812500e-01
2.33488000e-06,1.41875000e+00,9.25000000e-01,-3.06250000e-02,-4.29687500e-02
2.33520000e-06,1.25000000e+00,1.01250000e+00,-4.37500000e-03,1.56250000e-02
2.33552000e-06,1.50625000e+00,9.75000000e-01,-3.62500000e-02,-3.98437500e-02
2.33584000e-06,1.35312500e+00,1.01250000e+00,-2.87500000e-02,1.56250000e-02
2.33616000e-06,1.31562500e+00,1.05000000e+00,-3.37500000e-02,5.54687500e-02
2.33648000e-06,1.36875000e+00,1.16250000e+00,1.25000000e-03,2.18750000e-02
2.33680000e-06,1.31562500e+00,1.02500000e+00,-2.25000000e-02,-5.15625000e-02
2.33712000e-06,1.36875000e+00,1.15000000e+00,-3.62500000e-02,-6.48437500e-02
2.33744000e-06,1.24687500e+00,1.10000000e+00,-3.50000000e-02,-3.35937500e-02
2.33776000e-06,1.25937500e+00,1.00000000e+00,-3.06250000e-02,-6.87500000e-02
2.33808000e-06,1.30312500e+00,9.50000000e-01,-3.56250000e-02,-3.43750000e-02
2.33840000e-06,1.31562500e+00,1.01250000e+00,-3.06250000e-02,-8.43750000e-02
2.33872000e-06,1.36250000e+00,1.07500000e+00,-1.12500000e-02,-9.37500000e-02
2.33904000e-06,1.27187500e+00,9.87500000e-01,-3.06250000e-02,-8.28125000e-02
2.33936000e-06,1.43125000e+00,8.62500000e-01,-5.12500000e-02,-9.76562500e-02
2.33968000e-06,1.26875000e+00,1.10000000e+00,-1.93750000e-02,-9.84375000e-02
2.34000000e-06,1.20000000e+00,1.03750000e+00,-1.68750000e-02,3.82812500e-02
2.34032000e-06,1.35625000e+00,1.20000000e+00,-9.37500000e-03,-6.01562500e-02
2.34064000e-06,1.39062500e+00,1.10000000e+00,-3.06250000e-02,-1.07812500e-01
2.34096000e-06,1.36875000e+00,9.62500000e-01,-6.87500000e-03,-8.90625000e-02
2.34128000e-06,1.35625000e+00,1.11250000e+00,-4.37500000e-03,-7.10937500e-02
2.34160000e-06,1.44375000e+00,1.06250000e+00,-3.12500000e-02,-5.78125000e-02
2.34192000e-06,1.46875000e+00,9.12500000e-01,-3.56250000e-02,-6.32812500e-02
2.34224000e-06,1.24687500e+00,1.23750000e+00,-6.87500000e-03,-6.56250000e-02
2.34256000e-06,1.20937500e+00,1.00000000e+00,-2.12500000e-02,-3.20312500e-02
2.34288000e-06,1.27187500e+00,9.87500000e-01,-4.37500000e-03,-5.15625000e-02
2.34320000e-06,1.30312500e+00,1.11250000e+00,3.12500000e-03,-6.87500000e-02
2.34352000e-06,1.36562500e+00,1.06250000e+00,-4.87500000e-02,-1.05468750e-01
2.34384000e-06,1.32500000e+00,1.12500000e+00,-5.12500000e-02,-9.60937500e-02
2.34416000e-06,1.28437500e+00,1.08750000e+00,-3.56250000e-02,-1.87500000e-02
2.34448000e-06,1.34375000e+00,9.50000000e-01,-1.43750000e-02,-2.50000000e-02
2.34480000e-06,1.37812500e+00,1.11250000e+00,-5.81250000e-02,-9.76562500e-02
2.34512000e-06,1.35312500e+00,1.01250000e+00,-3.75000000e-02,-4.84375000e-02
2.34544000e-06,1.22187500e+00,1.02500000e+00,-1.25000000e-03,1.40625000e-02
2.34576000e-06,1.38125000e+00,1.06250000e+00,-1.87500000e-02,-6.25000000e-03
2.34608000e-06,1.41875000e+00,9.87500000e-01,-4.37500000e-03,1.56250000e-03
2.34640000e-06,1.41562500e+00,1.02500000e+00,-3.06250000e-02,2.73437500e-02
2.34672000e-06,1.44375000e+00,1.05000000e+00,-1.75000000e-02,-7.03125000e-02
2.34704000e-06,1.28437500e+00,1.10000000e+00,-3.87500000e-02,-1.39062500e-01
2.34736000e-06,1.27187500e+00,1.12500000e+00,-8.75000000e-03,-9.45312500e-02
2.34768000e-06,1.23750000e+00,9.37500000e-01,-2.87500000e-02,-9.76562500e-02
2.34800000e-06,1.39062500e+00,1.10000000e+00,-4.87500000e-02,-9.06250000e-02
2.34832000e-06,1.30000000e+00,1.12500000e+00,-4.31250000e-02,-3.12500000e-02
2.34864000e-06,1.25000000e+00,1.23750000e+00,-3.75000000e-03,-2.42187500e-02
2.34896000e-06,1.32812500e+00,9.87500000e-01,-1.43750000e-02,-5.93750000e-02
2.34928000e-06,1.30312500e+00,1.11250000e+00,-4.12500000e-02,-5.93750000e-02
2.34960000e-06,1.36875000e+00,1.03750000e+00,-3.00000000e-02,-2.42187500e-02
2.34992000e-06,1.30000000e+00,1.13750000e+00,-1.93750000e-02,-1.32031250e-01
2.35024000e-06,1.27500000e+00,1.05000000e+00,-1.87500000e-02,-1.76562500e-01
2.35056000e-06,1.34062500e+00,1.05000000e+00,-2.18750000e-02,-2.96875000e-02
2.35088000e-06,1.24687500e+00,9.87500000e-01,-1.87500000e-03,2.65625000e-02
2.35120000e-06,1.30312500e+00,1.07500000e+00,-1.87500000e-03,-5.70312500e-02
2.35152000e-06,1.16875000e+00,1.02500000e+00,-1.18750000e-02,-7.10937500e-02
2.35184000e-06,1.40625000e+00,1.18750000e+00,-2.62500000e-02,-1.09375000e-01
2.35216000e-06,1.42812500e+00,1.02500000e+00,-3.37500000e-02,-1.05468750e-01
2.35248000e-06,1.34062500e+00,1.11250000e+00,-2.00000000e-02,-1.02343750e-01
2.35280000e-06,1.27187500e+00,9.87500000e-01,-3.62500000e-02,-1.57812500e-01
2.35312000e-06,1.17187500e+00,1.11250000e+00,-3.00000000e-02,-1.03125000e-01
2.35344000e-06,1.31875000e+00,1.15000000e+00,-1.12500000e-02,-1.53906250e-01
2.35376000e-06,1.30000000e+00,1.07500000e+00,-2.18750000e-02,-1.67187500e-01
2.35408000e-06,1.16875000e+00,9.87500000e-01,-4.06250000e-02,-1.16406250e-01
2.35440000e-06,1.30625000e+00,8.75000000e-01,-8.75000000e-03,-7.42187500e-02
2.35472000e-06,1.36562500e+00,9.75000000e-01,-3.56250000e-02,-7.26562500e-02
2.35504000e-06,1.38750000e+00,1.18750000e+00,-4.37500000e-02,-5.07812500e-02
2.35536000e-06,1.20937500e+00,1.01250000e+00,-9.37500000e-03,-1.56250000e-02
2.35568000e-06,1.30625000e+00,1.01250000e+00,-1.18750000e-02,-6.71875000e-02
2.35600000e-06,1.20625000e+00,1.05000000e+00,-2.00000000e-02,-1.17968750e-01
2.35632000e-06,1.18125000e+00,1.03750000e+00,-3.31250000e-02,-5.31250000e-02
2.35664000e-06,1.36875000e+00,1.05000000e+00,-3.75000000e-03,-5.31250000e-02
2.35696000e-06,1.21875000e+00,1.12500000e+00,-2.18750000e-02,-1.02343750e-01
2.35728000e-06,1.23125000e+00,1.01250000e+00,-2.56250000e-02,-8.04687500e-02
2.35760000e-06,1.25937500e+00,1.13750000e+00,-9.37500000e-03,-6.32812500e-02
2.35792000e-06,1.25937500e+00,1.00000000e+00,-4.31250000e-02,-8.59375000e-02
2.35824000e-06,1.28437500e+00,1.02500000e+00,-1.37500000e-02,-9.92187500e-02
2.35856000e-06,1.35000000e+00,1.02500000e+00,1.31250000e-02,-8.82812500e-02
2.35888000e-06,1.28750000e+00,1.06250000e+00,-2.25000000e-02,-5.54687500e-02
2.35920000e-06,1.35625000e+00,1.01250000e+00,-5.87500000e-02,-7.73437500e-02
2.35952000e-06,1.35312500e+00,1.07500000e+00,-6.25000000e-03,-1.00000000e-01
2.35984000e-06,1.48125000e+00,1.05000000e+00,-4.87500000e-02,-4.14062500e-02
2.36016000e-06,1.28437500e+00,1.11250000e+00,-3.87500000e-02,-8.35937500e-02
2.36048000e-06,1.14687500e+00,9.50000000e-01,-2.56250000e-02,-1.07031250e-01
2.36080000e-06,1.36875000e+00,1.06250000e+00,2.37500000e-02,-9.45312500e-02
2.36112000e-06,1.40312500e+00,1.08750000e+00,-1.68750000e-02,-9.68750000e-02
2.36144000e-06,1.40312500e+00,1.12500000e+00,-1.43750000e-02,-1.40625000e-02
2.36176000e-06,1.33125000e+00,1.02500000e+00,-2.25000000e-02,-5.78125000e-02
2.36208000e-06,1.30625000e+00,1.03750000e+00,-2.00000000e-02,-1.64843750e-01
2.36240000e-06,1.36562500e+00,8.37500000e-01,-4.56250000e-02,-1.36718750e-01
2.36272000e-06,1.22187500e+00,1.02500000e+00,-6.25000000e-03,-1.10156250e-01
2.36304000e-06,1.19687500e+00,1.03750000e+00,-2.18750000e-02,-1.81250000e-01
2.36336000e-06,1.23437500e+00,1.10000000e+00,-3.12500000e-02,-1.92968750e-01
2.36368000e-06,1.33750000e+00,1.10000000e+00,-1.62500000e-02,-1.31250000e-01
2.36400000e-06,1.30312500e+00,1.00000000e+00,-2.25000000e-02,-1.42187500e-01
2.36432000e-06,1.36562500e+00,9.62500000e-01,-3.87500000e-02,-1.03125000e-01
2.36464000e-06,1.10625000e+00,9.50000000e-01,-1.37500000e-02,-1.36718750e-01
2.36496000e-06,1.35625000e+00,8.87500000e-01,-1.75000000e-02,-1.04687500e-01
2.36528000e-06,1.37812500e+00,1.11250000e+00,-2.87500000e-02,-3.43750000e-02
2.36560000e-06,1.32812500e+00,9.50000000e-01,-2.12500000e-02,-8.51562500e-02
2.36592000e-06,1.22187500e+00,1.01250000e+00,-4.12500000e-02,-1.43750000e-01
2.36624000e-06,1.40625000e+00,1.07500000e+00,-1.18750000e-02,-9.92187500e-02
2.36656000e-06,1.25937500e+00,1.11250000e+00,-5.62500000e-03,-7.96875000e-02
2.36688000e-06,1.24687500e+00,1.07500000e+00,-3.62500000e-02,-5.15625000e-02
2.36720000e-06,1.41562500e+00,1.12500000e+00,-3.81250000e-02,-4.45312500e-02
2.36752000e-06,1.19375000e+00,1.17500000e+00,-3.06250000e-02,-9.29687500e-02
2.36784000e-06,1.25937500e+00,1.08750000e+00,-3.06250000e-02,-1.33593750e-01
2.36816000e-06,1.34062500e+00,1.06250000e+00,-3.56250000e-02,-1.21093750e-01
2.36848000e-06,1.39062500e+00,1.12500000e+00,-4.00000000e-02,-9.06250000e-02
2.36880000e-06,1.31250000e+00,1.01250000e+00,-3.75000000e-03,-1.05468750e-01
2.36912000e-06,1.25000000e+00,9.37500000e-01,1.12500000e-02,-1.75781250e-01
2.36944000e-06,1.39375000e+00,1.01250000e+00,-2.18750000e-02,-1.30468750e-01
2.36976000e-06,1.23125000e+00,1.01250000e+00,-1.00000000e-02,-2.18750000e-02
2.37008000e-06,1.27500000e+00,9.37500000e-01,-3.87500000e-02,-1.03125000e-01
2.37040000e-06,1.30625000e+00,1.13750000e+00,-3.31250000e-02,-1.43750000e-01
2.37072000e-06,1.30000000e+00,9.37500000e-01,-5.06250000e-02,-1.17968750e-01
2.37104000e-06,1.17187500e+00,1.01250000e+00,-4.25000000e-02,-1.11718750e-01
2.37136000e-06,1.25937500e+00,9.87500000e-01,8.75000000e-03,-4.76562500e-02
2.37168000e-06,1.14375000e+00,9.62500000e-01,-1.93750000e-02,5.46875000e-03
2.37200000e-06,1.27187500e+00,1.03750000e+00,-4.37500000e-02,-2.34375000e-03
2.37232000e-06,1.31250000e+00,1.07500000e+00,-3.75000000e-03,-1.34375000e-01
2.37264000e-06,1.34062500e+00,9.50000000e-01,-1.68750000e-02,-1.33593750e-01
2.37296000e-06,1.28750000e+00,1.07500000e+00,-9.37500000e-03,-1.09375000e-01
2.37328000e-06,1.42812500e+00,9.87500000e-01,-2.62500000e-02,-1.29687500e-01
2.37360000e-06,1.50625000e+00,9.75000000e-01,-4.56250000e-02,-2.08593750e-01
2.37392000e-06,1.36875000e+00,9.75000000e-01,-1.87500000e-03,-5.70312500e-02
2.37424000e-06,1.20625000e+00,1.10000000e+00,-2.81250000e-02,0.00000000e+00
2.37456000e-06,1.24687500e+00,9.62500000e-01,-3.31250000e-02,-1.25781250e-01
2.37488000e-06,1.22187500e+00,1.11250000e+00,-6.87500000e-03,-1.64843750e-01
2.37520000e-06,1.36562500e+00,1.06250000e+00,-2.50000000e-02,-7.18750000e-02
2.37552000e-06,1.34062500e+00,1.03750000e+00,-2.62500000e-02,-8.12500000e-02
2.37584000e-06,1.41562500e+00,9.25000000e-01,-2.81250000e-02,-2.03906250e-01
2.37616000e-06,1.25937500e+00,1.03750000e+00,-2.25000000e-02,-1.80468750e-01
2.37648000e-06,1.26250000e+00,1.06250000e+00,-3.31250000e-02,-1.27343750e-01
2.37680000e-06,1.36875000e+00,1.07500000e+00,-1.62500000e-02,-7.18750000e-02
2.37712000e-06,1.44062500e+00,1.03750000e+00,-9.37500000e-03,-1.29687500e-01
2.37744000e-06,1.25937500e+00,1.18750000e+00,-6.87500000e-03,-2.37500000e-01
2.37776000e-06,1.31875000e+00,9.25000000e-01,-2.62500000e-02,-2.11718750e-01
2.37808000e-06,1.39375000e+00,1.06250000e+00,-1.93750000e-02,-1.22656250e-01
2.37840000e-06,1.35312500e+00,1.05000000e+00,-1.75000000e-02,-4.21875000e-02
2.37872000e-06,1.24687500e+00,1.05000000e+00,-4.37500000e-03,-1.71093750e-01
2.37904000e-06,1.30312500e+00,1.25000000e+00,-3.62500000e-02,-2.32031250e-01
2.37936000e-06,1.30625000e+00,9.25000000e-01,-4.06250000e-02,-1.89843750e-01
2.37968000e-06,1.39062500e+00,9.25000000e-01,-1.50000000e-02,-1.26562500e-01
2.38000000e-06,1.14375000e+00,1.01250000e+00,-2.50000000e-02,-1.20312500e-01
2.38032000e-06,1.33125000e+00,9.75000000e-01,-3.75000000e-03,-1.39062500e-01
2.38064000e-06,1.28437500e+00,1.22500000e+00,-3.81250000e-02,-1.70312500e-01
2.38096000e-06,1.25625000e+00,1.07500000e+00,-3.56250000e-02,-1.33593750e-01
2.38128000e-06,1.20937500e+00,9.75000000e-01,-1.87500000e-03,-1.28906250e-01
2.38160000e-06,1.32812500e+00,1.01250000e+00,-1.68750000e-02,-1.20312500e-01
2.38192000e-06,1.44062500e+00,9.75000000e-01,-1.68750000e-02,-9.37500000e-02
2.38224000e-06,1.38750000e+00,1.07500000e+00,-2.18750000e-02,-1.53125000e-01
2.38256000e-06,1.26250000e+00,1.06250000e+00,-9.37500000e-03,-1.03906250e-01
2.38288000e-06,1.30625000e+00,1.07500000e+00,-2.25000000e-02,-7.96875000e-02
2.38320000e-06,1.31562500e+00,9.50000000e-01,-1.43750000e-02,-1.94531250e-01
2.38352000e-06,1.26250000e+00,1.07500000e+00,-2.81250000e-02,-1.63281250e-01
2.38384000e-06,1.38125000e+00,1.15000000e+00,-1.18750000e-02,-2.65625000e-02
2.38416000e-06,1.30312500e+00,9.75000000e-01,-2.25000000e-02,-5.54687500e-02
2.38448000e-06,1.25937500e+00,1.00000000e+00,-4.37500000e-02,-1.10156250e-01
2.38480000e-06,1.30625000e+00,9.75000000e-01,-4.25000000e-02,-8.90625000e-02
2.38512000e-06,1.36562500e+00,1.08750000e+00,-1.25000000e-03,-4.60937500e-02
2.38544000e-06,1.28437500e+00,1.05000000e+00,-1.68750000e-02,-9.14062500e-02
2.38576000e-06,1.36875000e+00,1.05000000e+00,-1.93750000e-02,-1.24218750e-01
2.38608000e-06,1.35625000e+00,9.00000000e-01,-3.12500000e-02,-8.98437500e-02
2.38640000e-06,1.28437500e+00,1.00000000e+00,-1.68750000e-02,-1.50000000e-01
2.38672000e-06,1.19687500e+00,1.12500000e+00,-2.25000000e-02,-1.33593750e-01
2.38704000e-06,1.17500000e+00,1.16250000e+00,6.25000000e-04,-1.33593750e-01
2.38736000e-06,1.39062500e+00,1.05000000e+00,-1.75000000e-02,-1.48437500e-01
2.38768000e-06,1.30000000e+00,1.06250000e+00,5.62500000e-03,-1.10156250e-01
2.38800000e-06,1.27500000e+00,1.02500000e+00,1.06250000e-02,-9.06250000e-02
2.38832000e-06,1.31562500e+00,1.07500000e+00,-1.43750000e-02,-1.32031250e-01
2.38864000e-06,1.30312500e+00,1.08750000e+00,-1.18750000e-02,-9.14062500e-02
2.38896000e-06,1.18437500e+00,1.13750000e+00,-9.37500000e-03,-7.73437500e-02
2.38928000e-06,1.19375000e+00,1.03750000e+00,-2.87500000e-02,-1.10937500e-01
2.38960000e-06,1.30625000e+00,9.50000000e-01,-2.81250000e-02,-2.73437500e-02
2.38992000e-06,1.24375000e+00,9.25000000e-01,-1.18750000e-02,-2.57812500e-02
2.39024000e-06,1.27187500e+00,1.18750000e+00,-3.81250000e-02,-1.25781250e-01
2.39056000e-06,1.32812500e+00,9.75000000e-01,-3.81250000e-02,-1.34375000e-01
2.39088000e-06,1.16875000e+00,1.10000000e+00,3.12500000e-03,-1.46093750e-01
2.39120000e-06,1.28750000e+00,1.08750000e+00,-4.06250000e-02,-1.06250000e-01
2.39152000e-06,1.40312500e+00,1.13750000e+00,-4.12500000e-02,-5.54687500e-02
2.39184000e-06,1.35312500e+00,1.02500000e+00,-1.93750000e-02,-7.03125000e-02
2.39216000e-06,1.31875000e+00,9.50000000e-01,1.81250000e-02,-3.90625000e-02
2.39248000e-06,1.31562500e+00,1.01250000e+00,-2.87500000e-02,-3.43750000e-02
2.39280000e-06,1.17187500e+00,1.05000000e+00,3.12500000e-03,-3.12500000e-02
2.39312000e-06,1.33125000e+00,1.03750000e+00,-7.50000000e-03,-1.25000000e-02
2.39344000e-06,1.35312500e+00,1.03750000e+00,5.62500000e-03,-2.10937500e-02
2.39376000e-06,1.31250000e+00,9.50000000e-01,8.12500000e-03,-1.32812500e-02
2.39408000e-06,1.19687500e+00,1.13750000e+00,6.25000000e-04,1.17187500e-02
2.39440000e-06,1.23437500e+00,1.10000000e+00,-2.87500000e-02,-7.57812500e-02
2.39472000e-06,1.13125000e+00,1.10000000e+00,-2.62500000e-02,-1.16406250e-01
2.39504000e-06,1.35312500e+00,9.87500000e-01,-2.62500000e-02,-1.03125000e-01
2.39536000e-06,1.34062500e+00,1.11250000e+00,-3.31250000e-02,-9.06250000e-02
2.39568000e-06,1.36562500e+00,1.12500000e+00,-2.75000000e-02,-8.98437500e-02
2.39600000e-06,1.36875000e+00,1.11250000e+00,-6.25000000e-03,-1.44531250e-01
2.39632000e-06,1.40625000e+00,1.10000000e+00,-4.06250000e-02,-9.60937500e-02
2.39664000e-06,1.25937500e+00,9.50000000e-01,-3.87500000e-02,-8.67187500e-02
2.39696000e-06,1.30312500e+00,1.11250000e+00,-2.81250000e-02,-1.00000000e-01
2.39728000e-06,1.28437500e+00,1.13750000e+00,-8.75000000e-03,-5.31250000e-02
2.39760000e-06,1.32812500e+00,9.00000000e-01,-1.62500000e-02,-3.51562500e-02
2.39792000e-06,1.32500000e+00,9.00000000e-01,6.25000000e-04,-5.54687500e-02
2.39824000e-06,1.18125000e+00,1.00000000e+00,-4.37500000e-03,-1.00781250e-01
2.39856000e-06,1.31875000e+00,1.16250000e+00,-9.37500000e-03,-1.50781250e-01
2.39888000e-06,1.39062500e+00,1.06250000e+00,-2.00000000e-02,-3.98437500e-02
2.39920000e-06,1.20625000e+00,1.05000000e+00,-2.18750000e-02,-2.26562500e-02
2.39952000e-06,1.27187500e+00,1.17500000e+00,-1.93750000e-02,-1.17187500e-01
2.39984000e-06,1.25937500e+00,1.11250000e+00,-1.87500000e-03,-8.98437500e-02
2.40016000e-06,1.28125000e+00,1.15000000e+00,-2.18750000e-02,-5.23437500e-02
2.40048000e-06,1.25625000e+00,1.23750000e+00,-7.50000000e-03,-5.31250000e-02
2.40080000e-06,1.27187500e+00,1.00000000e+00,-3.62500000e-02,-1.13281250e-01
2.40112000e-06,1.35312500e+00,9.12500000e-01,-2.12500000e-02,-1.48437500e-01
2.40144000e-06,1.30000000e+00,1.00000000e+00,-3.12500000e-02,-5.78125000e-02
2.40176000e-06,1.18437500e+00,1.02500000e+00,-2.56250000e-02,-2.26562500e-02
2.40208000e-06,1.25000000e+00,1.18750000e+00,-3.37500000e-02,-1.51562500e-01
2.40240000e-06,1.35312500e+00,9.12500000e-01,-2.50000000e-02,-6.09375000e-02
2.40272000e-06,1.28125000e+00,1.00000000e+00,-4.37500000e-03,-4.84375000e-02
2.40304000e-06,1.13437500e+00,1.10000000e+00,1.25000000e-03,-1.39062500e-01
2.40336000e-06,1.22187500e+00,1.05000000e+00,8.12500000e-03,-7.03125000e-02
2.40368000e-06,1.40312500e+00,1.10000000e+00,1.56250000e-02,-5.00000000e-02
2.40400000e-06,1.47812500e+00,1.00000000e+00,-1.43750000e-02,-3.43750000e-02
2.40432000e-06,1.20625000e+00,9.62500000e-01,-2.87500000e-02,-5.23437500e-02
2.40464000e-06,1.28750000e+00,1.00000000e+00,-4.87500000e-02,-3.12500000e-02
2.40496000e-06,1.28750000e+00,1.15000000e+00,-4.87500000e-02,-2.73437500e-02
2.40528000e-06,1.37812500e+00,1.16250000e+00,-2.12500000e-02,-4.76562500e-02
2.40560000e-06,1.43125000e+00,1.08750000e+00,-4.37500000e-03,-8.90625000e-02
2.40592000e-06,1.30312500e+00,1.02500000e+00,-2.56250000e-02,-5.54687500e-02
2.40624000e-06,1.25937500e+00,1.16250000e+00,-9.37500000e-03,-5.15625000e-02
2.40656000e-06,1.19687500e+00,1.08750000e+00,-2.81250000e-02,-7.42187500e-02
2.40688000e-06,1.27187500e+00,1.16250000e+00,-1.93750000e-02,-4.37500000e-02
2.40720000e-06,1.36562500e+00,1.16250000e+00,-1.43750000e-02,-1.28125000e-01
2.40752000e-06,1.40000000e+00,1.07500000e+00,-1.87500000e-03,-1.40625000e-01
2.40784000e-06,1.17187500e+00,9.87500000e-01,-2.18750000e-02,-5.93750000e-02
2.40816000e-06,1.22187500e+00,1.10000000e+00,-4.37500000e-03,-5.39062500e-02
2.40848000e-06,1.26875000e+00,1.06250000e+00,-2.81250000e-02,-5.39062500e-02
2.40880000e-06,1.35312500e+00,1.31875000e+00,-1.18750000e-02,-1.62500000e-01
2.40912000e-06,1.21875000e+00,1.00000000e+00,-4.62500000e-02,-1.41406250e-01
2.40944000e-06,1.08125000e+00,1.01250000e+00,-5.12500000e-02,-1.14843750e-01
2.40976000e-06,1.34375000e+00,1.03750000e+00,-1.68750000e-02,-7.65625000e-02
2.41008000e-06,1.35312500e+00,1.13750000e+00,-2.00000000e-02,-1.21875000e-01
2.41040000e-06,1.46562500e+00,9.25000000e-01,-4.06250000e-02,-1.32812500e-01
2.41072000e-06,1.20937500e+00,1.02500000e+00,-1.25000000e-03,-1.00781250e-01
2.41104000e-06,1.33125000e+00,1.08750000e+00,-1.62500000e-02,-1.56250000e-01
2.41136000e-06,1.24687500e+00,1.10000000e+00,-3.62500000e-02,-1.01562500e-01
2.41168000e-06,1.15625000e+00,9.62500000e-01,-4.37500000e-02,3.12500000e-03
2.41200000e-06,1.17187500e+00,9.37500000e-01,-1.68750000e-02,0.00000000e+00
2.41232000e-06,1.27187500e+00,9.62500000e-01,-2.62500000e-02,7.81250000e-04
2.41264000e-06,1.41562500e+00,1.10000000e+00,-3.06250000e-02,-7.18750000e-02
2.41296000e-06,1.26875000e+00,1.13750000e+00,-3.06250000e-02,-1.92187500e-01
2.41328000e-06,1.34062500e+00,1.11250000e+00,-1.25000000e-03,-2.08593750e-01
2.41360000e-06,1.18437500e+00,1.00000000e+00,-2.62500000e-02,-1.13281250e-01
2.41392000e-06,1.22187500e+00,1.02500000e+00,-3.12500000e-02,-7.03125000e-02
2.41424000e-06,1.45312500e+00,1.01250000e+00,-2.81250000e-02,-1.39062500e-01
2.41456000e-06,1.23125000e+00,1.01250000e+00,-1.62500000e-02,-1.45312500e-01
2.41488000e-06,1.28750000e+00,1.15000000e+00,-1.37500000e-02,-1.50781250e-01
2.41520000e-06,1.28750000e+00,1.06250000e+00,-6.87500000e-03,-8.98437500e-02
2.41552000e-06,1.40312500e+00,1.13750000e+00,1.06250000e-02,-9.53125000e-02
2.41584000e-06,1.28437500e+00,1.17500000e+00,-1.93750000e-02,-8.51562500e-02
2.41616000e-06,1.23750000e+00,1.03750000e+00,-2.00000000e-02,-3.28125000e-02
2.41648000e-06,1.31562500e+00,1.12500000e+00,-1.43750000e-02,-5.23437500e-02
2.41680000e-06,1.21875000e+00,9.87500000e-01,-1.25000000e-02,-1.10156250e-01
2.41712000e-06,1.14687500e+00,1.06250000e+00,-5.37500000e-02,-6.01562500e-02
2.41744000e-06,1.32812500e+00,1.12500000e+00,-3.75000000e-03,-8.82812500e-02
2.41776000e-06,1.30000000e+00,1.01250000e+00,-6.87500000e-03,-6.17187500e-02
2.41808000e-06,1.28125000e+00,1.00000000e+00,-2.00000000e-02,-3.20312500e-02
2.41840000e-06,1.19687500e+00,1.05000000e+00,-3.31250000e-02,-8.67187500e-02
2.41872000e-06,1.30312500e+00,9.12500000e-01,-1.37500000e-02,-7.57812500e-02
2.41904000e-06,1.32500000e+00,1.03750000e+00,-2.18750000e-02,7.81250000e-04
2.41936000e-06,1.23125000e+00,9.62500000e-01,-3.06250000e-02,-1.30468750e-01
2.41968000e-06,1.22187500e+00,1.02500000e+00,-1.87500000e-02,-8.51562500e-02
2.42000000e-06,1.24375000e+00,1.15000000e+00,1.37500000e-02,-3.82812500e-02
2.42032000e-06,1.31562500e+00,1.12500000e+00,-1.75000000e-02,-7.96875000e-02
2.42064000e-06,1.36250000e+00,1.01250000e+00,-4.37500000e-02,-1.79687500e-02
2.42096000e-06,1.30312500e+00,1.10000000e+00,-2.56250000e-02,-6.09375000e-02
2.42128000e-06,1.39375000e+00,1.01250000e+00,-3.81250000e-02,-8.59375000e-02
2.42160000e-06,1.27187500e+00,1.08750000e+00,-8.75000000e-03,-9.37500000e-02
2.42192000e-06,1.36875000e+00,8.75000000e-01,-2.25000000e-02,-1.07812500e-01
2.42224000e-06,1.23437500e+00,1.10000000e+00,-1.93750000e-02,-7.26562500e-02
2.42256000e-06,1.33125000e+00,1.13750000e+00,-1.18750000e-02,-8.90625000e-02
2.42288000e-06,1.35312500e+00,1.06250000e+00,-1.68750000e-02,-9.45312500e-02
2.42320000e-06,1.27187500e+00,1.03750000e+00,-3.37500000e-02,-1.56250000e-02
2.42352000e-06,1.39375000e+00,1.10000000e+00,-1.68750000e-02,-4.76562500e-02
2.42384000e-06,1.25625000e+00,9.87500000e-01,-2.87500000e-02,-2.07031250e-01
2.42416000e-06,1.25000000e+00,1.07500000e+00,-1.93750000e-02,-9.68750000e-02
2.42448000e-06,1.22187500e+00,1.08750000e+00,-1.18750000e-02,-3.28125000e-02
2.42480000e-06,1.18125000e+00,9.62500000e-01,-1.18750000e-02,-9.29687500e-02
2.42512000e-06,1.31875000e+00,1.02500000e+00,-4.37500000e-03,-3.82812500e-02
2.42544000e-06,1.41562500e+00,1.12500000e+00,-4.12500000e-02,-1.09375000e-02
2.42576000e-06,1.25625000e+00,1.02500000e+00,-4.81250000e-02,-6.48437500e-02
2.42608000e-06,1.25000000e+00,1.08750000e+00,1.31250000e-02,-8.20312500e-02
2.42640000e-06,1.45625000e+00,1.05000000e+00,-3.81250000e-02,-1.14843750e-01
2.42672000e-06,1.46562500e+00,1.20000000e+00,-2.56250000e-02,-1.40625000e-01
2.42704000e-06,1.23437500e+00,9.00000000e-01,-9.37500000e-03,-1.01562500e-01
2.42736000e-06,1.10937500e+00,1.03750000e+00,-2.50000000e-02,-1.39843750e-01
2.42768000e-06,1.34375000e+00,1.17500000e+00,-9.37500000e-03,-6.48437500e-02
2.42800000e-06,1.25625000e+00,1.20000000e+00,-3.31250000e-02,-7.42187500e-02
2.42832000e-06,1.28125000e+00,9.75000000e-01,-1.87500000e-03,-9.68750000e-02
2.42864000e-06,1.33125000e+00,1.02500000e+00,-2.00000000e-02,-3.51562500e-02
2.42896000e-06,1.37812500e+00,1.01250000e+00,-4.37500000e-02,-5.07812500e-02
2.42928000e-06,1.25625000e+00,1.05000000e+00,-8.75000000e-03,-4.60937500e-02
2.42960000e-06,1.23437500e+00,9.25000000e-01,-1.68750000e-02,-5.31250000e-02
2.42992000e-06,1.31875000e+00,1.11250000e+00,-3.62500000e-02,-3.59375000e-02
2.43024000e-06,1.46562500e+00,1.11250000e+00,-2.81250000e-02,-1.01562500e-02
2.43056000e-06,1.39062500e+00,1.08750000e+00,-1.18750000e-02,-9.21875000e-02
2.43088000e-06,1.35625000e+00,1.16250000e+00,-1.62500000e-02,-1.24218750e-01
2.43120000e-06,1.24687500e+00,1.08750000e+00,-2.25000000e-02,-7.10937500e-02
2.43152000e-06,1.20937500e+00,9.12500000e-01,-4.12500000e-02,-7.26562500e-02
2.43184000e-06,1.31875000e+00,1.07500000e+00,-3.25000000e-02,-1.17968750e-01
2.43216000e-06,1.39062500e+00,1.01250000e+00,-2.18750000e-02,-7.26562500e-02
2.43248000e-06,1.32812500e+00,9.37500000e-01,-2.12500000e-02,-3.04687500e-02
2.43280000e-06,1.32812500e+00,1.05000000e+00,-1.43750000e-02,-7.42187500e-02
2.43312000e-06,1.19687500e+00,1.03750000e+00,-4.37500000e-03,-1.03906250e-01
2.43344000e-06,1.31875000e+00,1.02500000e+00,-4.87500000e-02,-3.51562500e-02
2.43376000e-06,1.36250000e+00,1.08750000e+00,-9.37500000e-03,-5.70312500e-02
2.43408000e-06,1.19375000e+00,1.05000000e+00,-1.81250000e-02,-7.73437500e-02
2.43440000e-06,1.30625000e+00,1.13750000e+00,-4.12500000e-02,-4.92187500e-02
2.43472000e-06,1.34062500e+00,1.01250000e+00,-6.25000000e-03,-5.46875000e-02
2.43504000e-06,1.30000000e+00,1.08750000e+00,-1.50000000e-02,-3.90625000e-02
2.43536000e-06,1.34375000e+00,1.07500000e+00,-3.37500000e-02,-7.34375000e-02
2.43568000e-06,1.38125000e+00,1.01250000e+00,-3.25000000e-02,-8.59375000e-02
2.43600000e-06,1.35312500e+00,1.06250000e+00,6.25000000e-03,-7.65625000e-02
2.43632000e-06,1.28750000e+00,1.11250000e+00,3.75000000e-03,-1.10156250e-01
2.43664000e-06,1.31875000e+00,9.25000000e-01,-1.93750000e-02,-8.98437500e-02
2.43696000e-06,1.31562500e+00,1.11250000e+00,6.25000000e-04,-8.59375000e-02
2.43728000e-06,1.27500000e+00,9.00000000e-01,-2.62500000e-02,-1.28906250e-01
2.43760000e-06,1.34062500e+00,1.06250000e+00,-1.93750000e-02,-9.53125000e-02
2.43792000e-06,1.32500000e+00,1.07500000e+00,-2.93750000e-02,-6.87500000e-02
2.43824000e-06,1.27187500e+00,9.62500000e-01,-2.81250000e-02,-1.17187500e-02
2.43856000e-06,1.37812500e+00,1.03750000e+00,-6.87500000e-03,-7.18750000e-02
2.43888000e-06,1.39062500e+00,1.11250000e+00,1.37500000e-02,-1.60156250e-01
2.43920000e-06,1.35000000e+00,1.05000000e+00,-2.87500000e-02,-7.50000000e-02
2.43952000e-06,1.28750000e+00,1.03750000e+00,-2.87500000e-02,-7.57812500e-02
2.43984000e-06,1.39375000e+00,1.03750000e+00,-3.87500000e-02,-1.29687500e-01
2.44016000e-06,1.32812500e+00,1.07500000e+00,-3.06250000e-02,-6.09375000e-02
2.44048000e-06,1.38125000e+00,1.02500000e+00,-1.62500000e-02,-8.20312500e-02
2.44080000e-06,1.28437500e+00,1.03750000e+00,5.62500000e-03,-8.98437500e-02
2.44112000e-06,1.31562500e+00,1.15000000e+00,-3.37500000e-02,-9.06250000e-02
2.44144000e-06,1.19687500e+00,1.08750000e+00,-3.62500000e-02,-1.11718750e-01
2.44176000e-06,1.21875000e+00,9.12500000e-01,-4.06250000e-02,-1.72656250e-01
2.44208000e-06,1.19375000e+00,1.11250000e+00,-1.68750000e-02,-2.01562500e-01
2.44240000e-06,1.25625000e+00,9.50000000e-01,-3.50000000e-02,-2.09375000e-01
2.44272000e-06,1.19375000e+00,1.06250000e+00,-6.25000000e-03,-9.21875000e-02
2.44304000e-06,1.18125000e+00,9.50000000e-01,-2.18750000e-02,8.59375000e-03
2.44336000e-06,1.31562500e+00,1.10000000e+00,-1.43750000e-02,-1.87500000e-02
2.44368000e-06,1.31562500e+00,1.16250000e+00,-2.87500000e-02,-3.28125000e-02
2.44400000e-06,1.40312500e+00,1.08750000e+00,-9.37500000e-03,-6.09375000e-02
2.44432000e-06,1.34062500e+00,8.62500000e-01,-1.50000000e-02,-6.79687500e-02
2.44464000e-06,1.18437500e+00,1.03750000e+00,-1.00000000e-02,-7.57812500e-02
2.44496000e-06,1.27500000e+00,1.06250000e+00,-3.12500000e-02,-1.24218750e-01
2.44528000e-06,1.31562500e+00,1.07500000e+00,-3.56250000e-02,-1.16406250e-01
2.44560000e-06,1.32500000e+00,1.07500000e+00,-4.31250000e-02,-1.28125000e-01
2.44592000e-06,1.24687500e+00,1.01250000e+00,-2.12500000e-02,-1.64062500e-01
2.44624000e-06,1.30312500e+00,1.16250000e+00,-4.62500000e-02,-1.78906250e-01
2.44656000e-06,1.36562500e+00,1.07500000e+00,-3.12500000e-02,-8.98437500e-02
2.44688000e-06,1.45312500e+00,8.62500000e-01,-3.12500000e-02,-2.73437500e-02
2.44720000e-06,1.40312500e+00,1.06250000e+00,-2.81250000e-02,-8.12500000e-02
2.44752000e-06,1.27187500e+00,1.03750000e+00,-2.75000000e-02,-9.14062500e-02
2.44784000e-06,1.25000000e+00,1.10000000e+00,8.75000000e-03,-8.35937500e-02
2.44816000e-06,1.35625000e+00,1.01250000e+00,-3.87500000e-02,-8.82812500e-02
2.44848000e-06,1.23125000e+00,1.06250000e+00,-3.81250000e-02,-9.37500000e-03
2.44880000e-06,1.25000000e+00,9.37500000e-01,1.31250000e-02,-3.28125000e-02
2.44912000e-06,1.48125000e+00,1.15000000e+00,8.12500000e-03,-1.67187500e-01
2.44944000e-06,1.35312500e+00,1.03750000e+00,5.62500000e-03,-2.11718750e-01
2.44976000e-06,1.25937500e+00,1.06250000e+00,-7.50000000e-03,-7.73437500e-02
2.45008000e-06,1.25937500e+00,1.15000000e+00,-4.87500000e-02,-6.01562500e-02
2.45040000e-06,1.05937500e+00,1.12500000e+00,-1.12500000e-02,-1.14843750e-01
2.45072000e-06,1.18125000e+00,1.00000000e+00,-1.87500000e-03,-1.33593750e-01
2.45104000e-06,1.32500000e+00,1.00000000e+00,-1.93750000e-02,-1.21875000e-01
2.45136000e-06,1.21875000e+00,1.03750000e+00,-1.68750000e-02,-1.82812500e-01
2.45168000e-06,1.21875000e+00,1.03750000e+00,-5.00000000e-03,-2.12500000e-01
2.45200000e-06,1.36562500e+00,9.62500000e-01,-4.12500000e-02,-1.53125000e-01
2.45232000e-06,1.35312500e+00,1.08750000e+00,-1.93750000e-02,-1.20312500e-01
2.45264000e-06,1.20625000e+00,1.03750000e+00,-5.62500000e-02,-1.51562500e-01
2.45296000e-06,1.25937500e+00,1.00000000e+00,-8.75000000e-03,-1.46875000e-01
2.45328000e-06,1.33125000e+00,1.11250000e+00,-1.18750000e-02,-1.85937500e-01
2.45360000e-06,1.36250000e+00,1.16250000e+00,1.06250000e-02,-2.22656250e-01
2.45392000e-06,1.30000000e+00,1.01250000e+00,-3.87500000e-02,-1.96093750e-01
2.45424000e-06,1.18437500e+00,1.06250000e+00,-3.87500000e-02,-4.45312500e-02
2.45456000e-06,1.25937500e+00,9.50000000e-01,-3.56250000e-02,-9.76562500e-02
2.45488000e-06,1.39062500e+00,1.11250000e+00,-6.25000000e-03,-1.45312500e-01
2.45520000e-06,1.36562500e+00,9.62500000e-01,-8.75000000e-03,-1.17968750e-01
2.45552000e-06,1.24687500e+00,1.01250000e+00,5.62500000e-03,-1.35937500e-01
2.45584000e-06,1.27187500e+00,1.25000000e+00,-3.62500000e-02,-1.25000000e-01
2.45616000e-06,1.13437500e+00,1.03750000e+00,-5.62500000e-02,-1.70312500e-01
2.45648000e-06,1.34062500e+00,1.07500000e+00,-4.62500000e-02,-1.67187500e-01
2.45680000e-06,1.32812500e+00,1.13750000e+00,-2.12500000e-02,-1.34375000e-01
2.45712000e-06,1.25625000e+00,8.87500000e-01,-1.87500000e-03,-1.07812500e-01
2.45744000e-06,1.24687500e+00,1.06250000e+00,-1.75000000e-02,-1.14843750e-01
2.45776000e-06,1.17187500e+00,9.62500000e-01,-3.37500000e-02,-1.53906250e-01
2.45808000e-06,1.25625000e+00,1.11250000e+00,-3.75000000e-02,-1.56250000e-01
2.45840000e-06,1.36562500e+00,1.07500000e+00,-9.37500000e-03,-1.58593750e-01
2.45872000e-06,1.19375000e+00,1.06250000e+00,-4.06250000e-02,-1.12500000e-01
2.45904000e-06,1.32812500e+00,1.11250000e+00,-3.00000000e-02,-9.21875000e-02
2.45936000e-06,1.27187500e+00,1.16250000e+00,-9.37500000e-03,-9.84375000e-02
2.45968000e-06,1.16875000e+00,1.13750000e+00,-4.56250000e-02,-1.06250000e-01
2.46000000e-06,1.32812500e+00,1.07500000e+00,-1.18750000e-02,-1.18750000e-01
2.46032000e-06,1.25625000e+00,7.87500000e-01,-3.56250000e-02,-1.14843750e-01
2.46064000e-06,1.23437500e+00,1.07500000e+00,-6.25000000e-03,-1.29687500e-01
2.46096000e-06,1.34062500e+00,9.75000000e-01,-1.37500000e-02,-8.12500000e-02
2.46128000e-06,1.24375000e+00,9.50000000e-01,-3.12500000e-02,-1.03906250e-01
2.46160000e-06,1.30312500e+00,9.37500000e-01,-5.37500000e-02,-6.87500000e-02
2.46192000e-06,1.15937500e+00,1.06250000e+00,-2.87500000e-02,-9.14062500e-02
2.46224000e-06,1.17187500e+00,1.01250000e+00,-3.56250000e-02,-7.50000000e-02
2.46256000e-06,1.39062500e+00,1.08750000e+00,-2.18750000e-02,-4.29687500e-02
2.46288000e-06,1.26875000e+00,9.37500000e-01,-3.62500000e-02,-8.59375000e-02
2.46320000e-06,1.30625000e+00,1.13750000e+00,-1.37500000e-02,-1.09375000e-01
2.46352000e-06,1.39375000e+00,1.11250000e+00,-1.50000000e-02,-1.31250000e-01
2.46384000e-06,1.32500000e+00,1.01250000e+00,-1.93750000e-02,-9.21875000e-02
2.46416000e-06,1.20937500e+00,9.37500000e-01,-1.18750000e-02,-1.29687500e-01
2.46448000e-06,1.22187500e+00,1.06250000e+00,-1.43750000e-02,-1.44531250e-01
2.46480000e-06,1.31562500e+00,1.05000000e+00,-3.12500000e-02,-1.13281250e-01
2.46512000e-06,1.26875000e+00,1.18750000e+00,-3.37500000e-02,-1.81250000e-01
2.46544000e-06,1.20625000e+00,1.02500000e+00,-1.93750000e-02,-1.32031250e-01
2.46576000e-06,1.12187500e+00,1.07500000e+00,-1.18750000e-02,-2.26562500e-02
2.46608000e-06,1.32500000e+00,9.87500000e-01,-2.25000000e-02,-1.27343750e-01
2.46640000e-06,1.31562500e+00,1.08750000e+00,-5.37500000e-02,-1.62500000e-01
2.46672000e-06,1.44062500e+00,1.03750000e+00,-1.37500000e-02,-2.07031250e-01
2.46704000e-06,1.24375000e+00,1.06250000e+00,-1.87500000e-03,-1.56250000e-01
2.46736000e-06,1.26250000e+00,1.10000000e+00,-1.50000000e-02,-6.71875000e-02
2.46768000e-06,1.35312500e+00,1.17500000e+00,-2.18750000e-02,-1.37500000e-01
2.46800000e-06,1.18125000e+00,9.62500000e-01,-2.25000000e-02,-1.96875000e-01
2.46832000e-06,1.35625000e+00,1.05000000e+00,-1.93750000e-02,-1.58593750e-01
2.46864000e-06,1.41562500e+00,9.87500000e-01,-2.18750000e-02,-8.59375000e-02
2.46896000e-06,1.35312500e+00,1.06250000e+00,-2.87500000e-02,-1.09375000e-01
2.46928000e-06,1.34062500e+00,1.02500000e+00,-5.62500000e-02,-1.32812500e-01
2.46960000e-06,1.25000000e+00,1.18750000e+00,-1.87500000e-03,-2.10937500e-01
2.46992000e-06,1.35625000e+00,1.22500000e+00,-6.87500000e-03,-9.60937500e-02
2.47024000e-06,1.25625000e+00,1.02500000e+00,-1.00000000e-02,-3.43750000e-02
2.47056000e-06,1.26250000e+00,9.87500000e-01,-3.37500000e-02,-5.46875000e-02
2.47088000e-06,1.30625000e+00,1.10000000e+00,-2.12500000e-02,-9.29687500e-02
2.47120000e-06,1.36562500e+00,9.37500000e-01,-2.00000000e-02,-1.64062500e-01
2.47152000e-06,1.31562500e+00,1.05000000e+00,-2.25000000e-02,-2.08593750e-01
2.47184000e-06,1.28750000e+00,1.21250000e+00,-3.12500000e-02,-1.19531250e-01
2.47216000e-06,1.34062500e+00,1.05000000e+00,-2.56250000e-02,-5.54687500e-02
2.47248000e-06,1.14375000e+00,1.00000000e+00,-3.31250000e-02,-9.68750000e-02
2.47280000e-06,1.10937500e+00,1.15000000e+00,-4.31250000e-02,-1.54687500e-01
2.47312000e-06,1.18125000e+00,9.62500000e-01,-5.56250000e-02,-1.42968750e-01
2.47344000e-06,1.28125000e+00,1.05000000e+00,-1.62500000e-02,-1.25000000e-01
2.47376000e-06,1.21875000e+00,1.03750000e+00,-6.87500000e-03,-1.26562500e-01
2.47408000e-06,1.34062500e+00,1.03750000e+00,-2.25000000e-02,-1.15625000e-01
2.47440000e-06,1.24375000e+00,1.06250000e+00,-1.43750000e-02,-1.85937500e-01
2.47472000e-06,1.31562500e+00,1.01250000e+00,6.25000000e-04,-2.04687500e-01
2.47504000e-06,1.31562500e+00,9.50000000e-01,-1.43750000e-02,-1.68750000e-01
2.47536000e-06,1.30312500e+00,1.11250000e+00,-6.87500000e-03,-1.23437500e-01
2.47568000e-06,1.27187500e+00,1.07500000e+00,-3.12500000e-02,-1.34375000e-01
2.47600000e-06,1.19375000e+00,9.12500000e-01,-4.37500000e-02,-1.23437500e-01
2.47632000e-06,1.35625000e+00,1.02500000e+00,-1.93750000e-02,-9.92187500e-02
2.47664000e-06,1.30000000e+00,1.07500000e+00,-6.87500000e-03,-1.28906250e-01
2.47696000e-06,1.20625000e+00,1.11250000e+00,-2.00000000e-02,-2.06250000e-01
2.47728000e-06,1.31875000e+00,1.16250000e+00,-1.18750000e-02,-1.67968750e-01
2.47760000e-06,1.31250000e+00,1.15000000e+00,-1.87500000e-03,-1.93750000e-01
2.47792000e-06,1.23125000e+00,1.06250000e+00,-1.68750000e-02,-1.03906250e-01
2.47824000e-06,1.12187500e+00,9.87500000e-01,3.12500000e-03,-7.42187500e-02
2.47856000e-06,1.24375000e+00,9.50000000e-01,-2.00000000e-02,-7.50000000e-02
2.47888000e-06,1.31250000e+00,1.07500000e+00,-1.93750000e-02,-1.57031250e-01
2.47920000e-06,1.23125000e+00,1.05000000e+00,-1.18750000e-02,-1.57812500e-01
2.47952000e-06,1.33750000e+00,1.16250000e+00,-2.62500000e-02,-1.03125000e-01
2.47984000e-06,1.23437500e+00,1.07500000e+00,-2.81250000e-02,-1.21875000e-01
2.48016000e-06,1.32812500e+00,1.00000000e+00,-1.93750000e-02,-1.33593750e-01
2.48048000e-06,1.33750000e+00,9.87500000e-01,-1.25000000e-03,-2.20312500e-01
2.48080000e-06,1.26250000e+00,1.03750000e+00,-5.00000000e-03,-2.10937500e-01
2.48112000e-06,1.30312500e+00,1.08750000e+00,-4.37500000e-02,-4.29687500e-02
2.48144000e-06,1.21875000e+00,1.08750000e+00,-1.87500000e-02,-6.48437500e-02
2.48176000e-06,1.33125000e+00,1.03750000e+00,5.62500000e-03,-1.09375000e-01
2.48208000e-06,1.39062500e+00,1.21250000e+00,-3.12500000e-02,-1.04687500e-01
2.48240000e-06,1.36562500e+00,1.12500000e+00,-3.56250000e-02,-1.99218750e-01
2.48272000e-06,1.28750000e+00,1.23750000e+00,-1.87500000e-03,-2.00000000e-01
2.48304000e-06,1.33125000e+00,1.06250000e+00,-1.37500000e-02,-1.92968750e-01
2.48336000e-06,1.31875000e+00,9.12500000e-01,-2.25000000e-02,-1.57812500e-01
2.48368000e-06,1.25937500e+00,9.37500000e-01,-3.87500000e-02,-7.03125000e-02
2.48400000e-06,1.35312500e+00,9.87500000e-01,-1.87500000e-02,-3.04687500e-02
2.48432000e-06,1.22187500e+00,1.22500000e+00,-2.18750000e-02,-9.76562500e-02
2.48464000e-06,1.15625000e+00,1.22500000e+00,-9.37500000e-03,-1.48437500e-01
2.48496000e-06,1.27187500e+00,1.16250000e+00,-1.43750000e-02,-1.36718750e-01
2.48528000e-06,1.35312500e+00,9.12500000e-01,-2.25000000e-02,-1.78125000e-01
2.48560000e-06,1.37812500e+00,1.08750000e+00,-4.62500000e-02,-1.49218750e-01
2.48592000e-06,1.36875000e+00,9.75000000e-01,-1.93750000e-02,-1.53125000e-01
2.48624000e-06,1.24687500e+00,9.62500000e-01,-3.06250000e-02,-1.00000000e-01
2.48656000e-06,1.33125000e+00,1.11250000e+00,-1.25000000e-03,-5.93750000e-02
2.48688000e-06,1.27187500e+00,1.11250000e+00,-2.81250000e-02,-1.01562500e-01
2.48720000e-06,1.36562500e+00,1.15000000e+00,-4.87500000e-02,-8.67187500e-02
2.48752000e-06,1.41875000e+00,1.18750000e+00,-1.75000000e-02,-5.85937500e-02
2.48784000e-06,1.21875000e+00,9.50000000e-01,-5.37500000e-02,-2.03125000e-02
2.48816000e-06,1.27187500e+00,1.01250000e+00,-1.12500000e-02,-7.50000000e-02
2.48848000e-06,1.19687500e+00,1.01250000e+00,-1.50000000e-02,-1.06250000e-01
2.48880000e-06,1.22187500e+00,9.75000000e-01,-3.06250000e-02,-1.06250000e-01
2.48912000e-06,1.36562500e+00,1.02500000e+00,-4.37500000e-03,-9.53125000e-02
2.48944000e-06,1.24375000e+00,1.01250000e+00,-5.00000000e-02,-2.26562500e-02
2.48976000e-06,1.33125000e+00,1.21250000e+00,1.12500000e-02,-5.15625000e-02
2.49008000e-06,1.33125000e+00,9.87500000e-01,-2.18750000e-02,-1.12500000e-01
2.49040000e-06,1.46562500e+00,9.75000000e-01,-1.68750000e-02,-1.32031250e-01
2.49072000e-06,1.53125000e+00,1.15000000e+00,-2.62500000e-02,-1.32031250e-01
2.49104000e-06,1.43125000e+00,9.25000000e-01,-5.37500000e-02,-5.07812500e-02
2.49136000e-06,1.20625000e+00,1.10000000e+00,-3.87500000e-02,-1.48437500e-02
2.49168000e-06,1.31562500e+00,1.00000000e+00,-2.18750000e-02,-1.32812500e-02
2.49200000e-06,1.25937500e+00,1.21250000e+00,-5.37500000e-02,-3.67187500e-02
2.49232000e-06,1.33750000e+00,1.11250000e+00,-3.31250000e-02,-3.43750000e-02
2.49264000e-06,1.25937500e+00,1.11250000e+00,-1.37500000e-02,-7.18750000e-02
2.49296000e-06,1.19375000e+00,1.01250000e+00,-6.87500000e-03,-1.02343750e-01
2.49328000e-06,1.35312500e+00,1.07500000e+00,3.12500000e-03,-9.53125000e-02
2.49360000e-06,1.30000000e+00,9.75000000e-01,-6.87500000e-03,-1.11718750e-01
2.49392000e-06,1.23437500e+00,1.00000000e+00,6.25000000e-04,-5.78125000e-02
2.49424000e-06,1.43125000e+00,8.62500000e-01,5.62500000e-03,-5.46875000e-02
2.49456000e-06,1.24375000e+00,1.07500000e+00,-2.87500000e-02,-1.33593750e-01
2.49488000e-06,1.27500000e+00,1.05000000e+00,-3.62500000e-02,-1.03125000e-01
2.49520000e-06,1.36562500e+00,1.01250000e+00,-3.87500000e-02,-3.43750000e-02
2.49552000e-06,1.23125000e+00,1.05000000e+00,-2.81250000e-02,-3.67187500e-02
2.49584000e-06,1.30625000e+00,1.06250000e+00,-1.87500000e-02,-5.15625000e-02
2.49616000e-06,1.32812500e+00,1.05000000e+00,-1.25000000e-02,-4.76562500e-02
2.49648000e-06,1.24375000e+00,9.50000000e-01,-1.43750000e-02,-7.65625000e-02
2.49680000e-06,1.35625000e+00,1.15000000e+00,8.12500000e-03,-1.52343750e-01
2.49712000e-06,1.48125000e+00,1.17500000e+00,-1.43750000e-02,-9.68750000e-02
2.49744000e-06,1.26875000e+00,1.20000000e+00,-5.12500000e-02,-7.03125000e-03
2.49776000e-06,1.31875000e+00,1.03750000e+00,-6.87500000e-03,-8.28125000e-02
2.49808000e-06,1.24687500e+00,9.12500000e-01,-3.12500000e-03,-9.06250000e-02
2.49840000e-06,1.35312500e+00,1.21250000e+00,-5.37500000e-02,-1.03906250e-01
2.49872000e-06,1.31562500e+00,1.01250000e+00,-2.75000000e-02,-1.17187500e-02
2.49904000e-06,1.14375000e+00,1.06250000e+00,1.12500000e-02,3.28125000e-02
2.49936000e-06,1.20937500e+00,1.00000000e+00,-3.56250000e-02,-7.03125000e-03
2.49968000e-06,1.23125000e+00,1.06250000e+00,-4.06250000e-02,-3.75000000e-02
2.50000000e-06,1.28125000e+00,1.06250000e+00,-6.87500000e-03,-9.76562500e-02
2.50032000e-06,1.18125000e+00,1.12500000e+00,-6.25000000e-03,-8.67187500e-02
2.50064000e-06,1.30312500e+00,9.37500000e-01,8.12500000e-03,-7.34375000e-02
2.50096000e-06,1.39062500e+00,1.13750000e+00,-2.56250000e-02,-2.34375000e-02
2.50128000e-06,1.28125000e+00,9.87500000e-01,-4.37500000e-03,-3.59375000e-02
2.50160000e-06,1.19687500e+00,1.08750000e+00,-4.37500000e-03,-3.51562500e-02
2.50192000e-06,1.33125000e+00,1.20000000e+00,-1.93750000e-02,-8.67187500e-02
2.50224000e-06,1.24375000e+00,1.00000000e+00,-6.87500000e-03,-6.25000000e-02
2.50256000e-06,1.28125000e+00,1.10000000e+00,-3.37500000e-02,-6.25000000e-03
2.50288000e-06,1.32812500e+00,1.01250000e+00,-9.37500000e-03,-8.59375000e-03
2.50320000e-06,1.19375000e+00,1.05000000e+00,-2.25000000e-02,-1.45312500e-01
2.50352000e-06,1.30312500e+00,1.10000000e+00,-4.37500000e-03,-1.25781250e-01
2.50384000e-06,1.30000000e+00,1.00000000e+00,6.25000000e-04,-9.45312500e-02
2.50416000e-06,1.18125000e+00,1.20000000e+00,5.62500000e-03,-2.03125000e-02
2.50448000e-06,1.25000000e+00,1.02500000e+00,2.50000000e-03,-8.59375000e-03
2.50480000e-06,1.28125000e+00,1.11250000e+00,-3.87500000e-02,-7.34375000e-02
2.50512000e-06,1.31250000e+00,1.15000000e+00,-2.75000000e-02,-7.03125000e-02
2.50544000e-06,1.28437500e+00,1.10000000e+00,-1.25000000e-03,-1.56250000e-02
2.50576000e-06,1.26875000e+00,9.37500000e-01,-3.81250000e-02,-1.32812500e-02
2.50608000e-06,1.23125000e+00,1.10000000e+00,-4.37500000e-02,-1.46875000e-01
2.50640000e-06,1.18125000e+00,1.06250000e+00,-1.93750000e-02,-8.98437500e-02
2.50672000e-06,1.31562500e+00,1.10000000e+00,5.62500000e-03,-3.90625000e-03
2.50704000e-06,1.36250000e+00,1.11250000e+00,-3.12500000e-02,3.82812500e-02
2.50736000e-06,1.18125000e+00,1.16250000e+00,-2.56250000e-02,-5.46875000e-03
2.50768000e-06,1.30625000e+00,1.10000000e+00,-9.37500000e-03,-8.20312500e-02
2.50800000e-06,1.28437500e+00,1.05000000e+00,1.12500000e-02,-1.14843750e-01
2.50832000e-06,1.39062500e+00,1.01250000e+00,6.25000000e-04,-1.36718750e-01
2.50864000e-06,1.34062500e+00,1.18750000e+00,-4.12500000e-02,-1.08593750e-01
2.50896000e-06,1.23437500e+00,1.01250000e+00,-3.81250000e-02,-6.48437500e-02
2.50928000e-06,1.19687500e+00,1.22500000e+00,2.06250000e-02,2.34375000e-03
2.50960000e-06,1.32812500e+00,1.06250000e+00,-6.87500000e-03,2.42187500e-02
2.50992000e-06,1.28437500e+00,9.50000000e-01,-9.37500000e-03,-5.23437500e-02
2.51024000e-06,1.42500000e+00,1.16250000e+00,-1.18750000e-02,-7.89062500e-02
2.51056000e-06,1.22187500e+00,1.10000000e+00,-2.62500000e-02,-1.67968750e-01
2.51088000e-06,1.39375000e+00,1.17500000e+00,-3.62500000e-02,-1.50000000e-01
2.51120000e-06,1.39062500e+00,1.17500000e+00,-1.93750000e-02,-5.78125000e-02
2.51152000e-06,1.24375000e+00,1.15000000e+00,5.62500000e-03,-4.92187500e-02
2.51184000e-06,1.22187500e+00,1.15000000e+00,-3.12500000e-02,-8.12500000e-02
2.51216000e-06,1.23437500e+00,1.02500000e+00,-2.81250000e-02,-9.84375000e-02
2.51248000e-06,1.25937500e+00,1.06250000e+00,6.25000000e-04,-4.37500000e-02
2.51280000e-06,1.32500000e+00,1.10000000e+00,-4.06250000e-02,-1.21875000e-01
2.51312000e-06,1.30312500e+00,1.05000000e+00,-2.81250000e-02,-1.76562500e-01
2.51344000e-06,1.28437500e+00,1.10000000e+00,-1.43750000e-02,-1.07031250e-01
2.51376000e-06,1.21875000e+00,1.25000000e+00,-6.25000000e-03,-2.18750000e-02
2.51408000e-06,1.20937500e+00,9.62500000e-01,-2.25000000e-02,-1.14062500e-01
2.51440000e-06,1.19375000e+00,1.03750000e+00,-2.87500000e-02,-1.09375000e-01
2.51472000e-06,1.35000000e+00,1.10000000e+00,-1.62500000e-02,-4.53125000e-02
2.51504000e-06,1.24375000e+00,1.01250000e+00,-3.12500000e-02,-5.93750000e-02
2.51536000e-06,1.33750000e+00,1.02500000e+00,-3.12500000e-02,-1.46093750e-01
2.51568000e-06,1.30312500e+00,1.07500000e+00,-4.12500000e-02,-1.34375000e-01
2.51600000e-06,1.32500000e+00,9.62500000e-01,-2.75000000e-02,-6.17187500e-02
2.51632000e-06,1.15625000e+00,1.12500000e+00,-3.75000000e-03,-7.57812500e-02
2.51664000e-06,1.28750000e+00,1.07500000e+00,-3.06250000e-02,-1.33593750e-01
2.51696000e-06,1.24375000e+00,1.03750000e+00,-2.62500000e-02,-1.28906250e-01
2.51728000e-06,1.25625000e+00,1.10000000e+00,-1.93750000e-02,-1.35156250e-01
2.51760000e-06,1.12187500e+00,9.12500000e-01,6.25000000e-04,-9.14062500e-02
2.51792000e-06,1.39062500e+00,1.06250000e+00,-3.62500000e-02,-2.89062500e-02
2.51824000e-06,1.21875000e+00,1.06250000e+00,-1.18750000e-02,-1.01562500e-01
2.51856000e-06,1.31250000e+00,9.62500000e-01,-2.31250000e-02,-1.50000000e-01
2.51888000e-06,1.27500000e+00,1.08750000e+00,-3.56250000e-02,-9.68750000e-02
2.51920000e-06,1.42812500e+00,1.11250000e+00,3.75000000e-03,-7.65625000e-02
2.51952000e-06,1.36250000e+00,1.22500000e+00,1.25000000e-03,-4.37500000e-02
2.51984000e-06,1.27500000e+00,1.03750000e+00,-3.62500000e-02,-7.03125000e-02
2.52016000e-06,1.36875000e+00,1.05000000e+00,-2.56250000e-02,-2.50000000e-02
2.52048000e-06,1.30000000e+00,1.17500000e+00,-4.37500000e-03,-5.31250000e-02
2.52080000e-06,1.34375000e+00,9.87500000e-01,-1.93750000e-02,-1.67187500e-01
2.52112000e-06,1.35312500e+00,8.25000000e-01,-1.93750000e-02,-2.12500000e-01
2.52144000e-06,1.25937500e+00,9.25000000e-01,-1.50000000e-02,-4.06250000e-02
2.52176000e-06,1.27187500e+00,1.20000000e+00,-1.68750000e-02,-2.50000000e-02
2.52208000e-06,1.21875000e+00,1.21250000e+00,-1.18750000e-02,-1.37500000e-01
2.52240000e-06,1.38125000e+00,1.11250000e+00,-4.37500000e-03,-7.81250000e-02
2.52272000e-06,1.23125000e+00,1.08750000e+00,-1.43750000e-02,-1.28125000e-01
2.52304000e-06,1.39062500e+00,1.12500000e+00,-2.18750000e-02,-1.78906250e-01
2.52336000e-06,1.43125000e+00,1.17500000e+00,-1.43750000e-02,-1.15625000e-01
2.52368000e-06,1.36562500e+00,1.00000000e+00,-6.87500000e-03,-8.04687500e-02
2.52400000e-06,1.36875000e+00,1.11250000e+00,-9.37500000e-03,-1.23437500e-01
2.52432000e-06,1.30625000e+00,1.11250000e+00,-2.25000000e-02,-4.45312500e-02
2.52464000e-06,1.35312500e+00,9.62500000e-01,-3.31250000e-02,-1.56250000e-03
2.52496000e-06,1.27187500e+00,1.11250000e+00,-6.87500000e-03,-1.14062500e-01
2.52528000e-06,1.18437500e+00,1.11250000e+00,-4.31250000e-02,-1.50781250e-01
2.52560000e-06,1.36562500e+00,9.87500000e-01,-3.25000000e-02,-9.76562500e-02
2.52592000e-06,1.46562500e+00,1.15000000e+00,-3.75000000e-03,-1.79687500e-02
2.52624000e-06,1.26875000e+00,1.17500000e+00,1.37500000e-02,-3.90625000e-03
2.52656000e-06,1.20937500e+00,1.12500000e+00,8.12500000e-03,-7.26562500e-02
2.52688000e-06,1.20937500e+00,9.87500000e-01,-2.62500000e-02,-3.98437500e-02
2.52720000e-06,1.16875000e+00,1.13750000e+00,-1.68750000e-02,-7.18750000e-02
2.52752000e-06,1.30000000e+00,1.13750000e+00,-2.06250000e-02,-9.45312500e-02
2.52784000e-06,1.30312500e+00,1.18750000e+00,-1.43750000e-02,-1.40625000e-02
2.52816000e-06,1.30000000e+00,1.17500000e+00,-3.87500000e-02,-2.81250000e-02
2.52848000e-06,1.24687500e+00,1.12500000e+00,-2.81250000e-02,-1.10156250e-01
2.52880000e-06,1.31562500e+00,1.01250000e+00,-1.43750000e-02,-7.57812500e-02
2.52912000e-06,1.32812500e+00,9.62500000e-01,1.37500000e-02,-9.53125000e-02
2.52944000e-06,1.24687500e+00,9.50000000e-01,-1.25000000e-02,-6.87500000e-02
2.52976000e-06,1.13125000e+00,1.03750000e+00,-3.31250000e-02,-2.89062500e-02
2.53008000e-06,1.36875000e+00,1.08750000e+00,-8.75000000e-03,-3.20312500e-02
2.53040000e-06,1.30312500e+00,1.03750000e+00,-3.75000000e-03,-5.46875000e-03
2.53072000e-06,1.40312500e+00,1.00000000e+00,-2.81250000e-02,-6.48437500e-02
2.53104000e-06,1.27500000e+00,1.10000000e+00,5.62500000e-03,-1.17187500e-01
2.53136000e-06,1.33125000e+00,1.08750000e+00,-1.87500000e-03,-5.31250000e-02
2.53168000e-06,1.27187500e+00,1.11250000e+00,-1.75000000e-02,-7.34375000e-02
2.53200000e-06,1.23437500e+00,1.01250000e+00,-1.68750000e-02,-5.78125000e-02
2.53232000e-06,1.10937500e+00,9.50000000e-01,-9.37500000e-03,-2.81250000e-02
2.53264000e-06,1.30312500e+00,1.08750000e+00,-9.37500000e-03,-2.65625000e-02
2.53296000e-06,1.39062500e+00,1.22500000e+00,-4.37500000e-03,2.81250000e-02
2.53328000e-06,1.40312500e+00,1.03750000e+00,-3.87500000e-02,-7.81250000e-03
2.53360000e-06,1.34375000e+00,1.20000000e+00,-3.62500000e-02,-1.28125000e-01
2.53392000e-06,1.35625000e+00,9.87500000e-01,-2.87500000e-02,-7.42187500e-02
2.53424000e-06,1.44375000e+00,9.75000000e-01,-1.12500000e-02,-7.81250000e-04
2.53456000e-06,1.15937500e+00,1.06250000e+00,-1.25000000e-02,-7.10937500e-02
2.53488000e-06,1.00937500e+00,1.15000000e+00,-3.31250000e-02,-8.28125000e-02
2.53520000e-06,1.35625000e+00,1.11250000e+00,6.25000000e-03,-4.29687500e-02
2.53552000e-06,1.30000000e+00,1.03750000e+00,6.25000000e-03,2.34375000e-02
2.53584000e-06,1.27187500e+00,1.02500000e+00,-4.37500000e-02,-8.20312500e-02
2.53616000e-06,1.35625000e+00,1.00000000e+00,-2.56250000e-02,-1.46875000e-01
2.53648000e-06,1.32500000e+00,1.10000000e+00,6.25000000e-04,-1.08593750e-01
2.53680000e-06,1.35625000e+00,1.12500000e+00,-2.18750000e-02,-1.03906250e-01
2.53712000e-06,1.28437500e+00,1.02500000e+00,-2.18750000e-02,-1.10156250e-01
2.53744000e-06,1.14375000e+00,1.03750000e+00,-9.37500000e-03,-1.51562500e-01
2.53776000e-06,1.31562500e+00,1.07500000e+00,-1.18750000e-02,-1.01562500e-01
2.53808000e-06,1.24687500e+00,1.08750000e+00,-7.50000000e-03,-8.20312500e-02
2.53840000e-06,1.38750000e+00,1.07500000e+00,-3.56250000e-02,-7.03125000e-02
2.53872000e-06,1.18125000e+00,1.08750000e+00,1.12500000e-02,-8.51562500e-02
2.53904000e-06,1.30625000e+00,1.07500000e+00,-6.25000000e-03,-1.18750000e-01
2.53936000e-06,1.21875000e+00,1.06250000e+00,-1.18750000e-02,-6.95312500e-02
2.53968000e-06,1.24687500e+00,1.21250000e+00,-1.87500000e-03,-7.03125000e-02
2.54000000e-06,1.34375000e+00,1.10000000e+00,8.12500000e-03,-6.71875000e-02
2.54032000e-06,1.32500000e+00,9.87500000e-01,-1.87500000e-03,-1.57031250e-01
2.54064000e-06,1.15937500e+00,1.07500000e+00,-2.25000000e-02,-2.07031250e-01
2.54096000e-06,1.27187500e+00,9.87500000e-01,-2.81250000e-02,-1.63281250e-01
2.54128000e-06,1.32812500e+00,1.18750000e+00,6.25000000e-03,-1.17187500e-01
2.54160000e-06,1.32812500e+00,1.07500000e+00,1.25000000e-03,-1.25000000e-01
2.54192000e-06,1.37812500e+00,1.02500000e+00,-1.43750000e-02,-6.87500000e-02
2.54224000e-06,1.33125000e+00,1.11250000e+00,1.31250000e-02,-3.59375000e-02
2.54256000e-06,1.24687500e+00,9.50000000e-01,-1.18750000e-02,-7.65625000e-02
2.54288000e-06,1.25937500e+00,9.62500000e-01,-1.68750000e-02,-1.10937500e-01
2.54320000e-06,1.24687500e+00,1.18750000e+00,-2.81250000e-02,-6.56250000e-02
2.54352000e-06,1.26875000e+00,1.02500000e+00,-6.87500000e-03,-1.25000000e-02
2.54384000e-06,1.24375000e+00,1.07500000e+00,-5.00000000e-03,-1.02343750e-01
2.54416000e-06,1.19375000e+00,1.11250000e+00,-7.56250000e-02,-8.98437500e-02
2.54448000e-06,1.18125000e+00,1.21250000e+00,-3.75000000e-02,-8.90625000e-02
2.54480000e-06,1.28125000e+00,9.62500000e-01,-9.37500000e-03,-7.34375000e-02
2.54512000e-06,1.20937500e+00,9.25000000e-01,-1.93750000e-02,-5.93750000e-02
2.54544000e-06,1.36562500e+00,1.15000000e+00,-6.87500000e-03,-1.25000000e-01
2.54576000e-06,1.28125000e+00,1.16250000e+00,8.12500000e-03,-1.20312500e-01
2.54608000e-06,1.24687500e+00,1.07500000e+00,-2.18750000e-02,-4.60937500e-02
2.54640000e-06,1.28750000e+00,1.11250000e+00,-6.87500000e-03,-9.45312500e-02
2.54672000e-06,1.34062500e+00,9.50000000e-01,-1.87500000e-03,-1.52343750e-01
2.54704000e-06,1.32500000e+00,1.17500000e+00,-7.50000000e-03,-1.71093750e-01
2.54736000e-06,1.23750000e+00,1.11250000e+00,-4.62500000e-02,-1.10937500e-01
2.54768000e-06,1.23437500e+00,1.08750000e+00,-3.00000000e-02,-8.75000000e-02
2.54800000e-06,1.34062500e+00,1.08750000e+00,-1.12500000e-02,-1.02343750e-01
2.54832000e-06,1.33125000e+00,1.06250000e+00,1.25000000e-03,-1.31250000e-01
2.54864000e-06,1.28125000e+00,1.12500000e+00,-3.12500000e-02,-1.31250000e-01
2.54896000e-06,1.33125000e+00,1.16250000e+00,-3.81250000e-02,-3.04687500e-02
2.54928000e-06,1.41875000e+00,1.00000000e+00,-2.62500000e-02,2.10937500e-02
2.54960000e-06,1.36250000e+00,1.12500000e+00,-3.75000000e-02,-1.79687500e-02
2.54992000e-06,1.23437500e+00,1.06250000e+00,6.25000000e-04,-1.17968750e-01
2.55024000e-06,1.15937500e+00,1.00000000e+00,-2.81250000e-02,-1.76562500e-01
2.55056000e-06,1.23125000e+00,1.10000000e+00,-2.56250000e-02,-1.66406250e-01
2.55088000e-06,1.13125000e+00,1.08750000e+00,-9.37500000e-03,-1.98437500e-01
2.55120000e-06,1.25937500e+00,1.12500000e+00,-1.37500000e-02,-9.53125000e-02
2.55152000e-06,1.45312500e+00,1.07500000e+00,8.12500000e-03,-9.21875000e-02
2.55184000e-06,1.36562500e+00,9.75000000e-01,8.12500000e-03,-4.92187500e-02
2.55216000e-06,1.24687500e+00,1.15000000e+00,-1.93750000e-02,-6.56250000e-02
2.55248000e-06,1.23437500e+00,1.08750000e+00,-4.37500000e-03,-1.00781250e-01
2.55280000e-06,1.23437500e+00,1.02500000e+00,-1.93750000e-02,-8.67187500e-02
2.55312000e-06,1.30312500e+00,1.07500000e+00,-2.56250000e-02,-7.18750000e-02
2.55344000e-06,1.26875000e+00,1.16250000e+00,-3.12500000e-02,-1.41406250e-01
2.55376000e-06,1.24375000e+00,9.87500000e-01,-1.43750000e-02,-1.10156250e-01
2.55408000e-06,1.20937500e+00,1.15000000e+00,1.87500000e-03,-1.08593750e-01
2.55440000e-06,1.27187500e+00,1.25000000e+00,-4.37500000e-02,-1.21875000e-01
2.55472000e-06,1.32812500e+00,1.11250000e+00,-2.56250000e-02,-1.39062500e-01
2.55504000e-06,1.26875000e+00,9.50000000e-01,-3.56250000e-02,-1.48437500e-01
2.55536000e-06,1.24687500e+00,1.15000000e+00,-2.50000000e-02,-1.94531250e-01
2.55568000e-06,1.28437500e+00,1.07500000e+00,-2.12500000e-02,-1.25781250e-01
2.55600000e-06,1.16875000e+00,1.26250000e+00,-1.37500000e-02,2.18750000e-02
2.55632000e-06,1.23125000e+00,1.03750000e+00,-9.37500000e-03,-9.68750000e-02
2.55664000e-06,1.30312500e+00,1.03750000e+00,-1.68750000e-02,-1.14062500e-01
2.55696000e-06,1.41562500e+00,1.16250000e+00,-4.37500000e-03,-6.95312500e-02
2.55728000e-06,1.24375000e+00,1.07500000e+00,-1.00000000e-02,-9.76562500e-02
2.55760000e-06,1.17187500e+00,1.05000000e+00,-4.87500000e-02,-1.18750000e-01
2.55792000e-06,1.18437500e+00,1.03750000e+00,-4.00000000e-02,-1.12500000e-01
2.55824000e-06,1.34062500e+00,1.07500000e+00,-3.75000000e-03,-3.67187500e-02
2.55856000e-06,1.20625000e+00,1.10000000e+00,-2.50000000e-02,-3.75000000e-02
2.55888000e-06,1.16875000e+00,1.02500000e+00,-1.43750000e-02,-7.73437500e-02
2.55920000e-06,1.16250000e+00,1.03750000e+00,3.12500000e-03,-4.84375000e-02
2.55952000e-06,1.39062500e+00,1.08750000e+00,-4.62500000e-02,1.09375000e-02
2.55984000e-06,1.24375000e+00,1.05000000e+00,-5.62500000e-02,-1.87500000e-02
2.56016000e-06,1.12187500e+00,9.87500000e-01,-2.18750000e-02,-6.09375000e-02
2.56048000e-06,1.23437500e+00,1.07500000e+00,-1.00000000e-02,2.18750000e-02
2.56080000e-06,1.30000000e+00,1.11250000e+00,-1.75000000e-02,3.04687500e-02
2.56112000e-06,1.18125000e+00,1.12500000e+00,-4.62500000e-02,-1.95312500e-02
2.56144000e-06,1.35312500e+00,1.11250000e+00,-1.37500000e-02,-4.06250000e-02
2.56176000e-06,1.41562500e+00,1.06250000e+00,-1.18750000e-02,-1.87500000e-02
2.56208000e-06,1.31250000e+00,1.02500000e+00,3.12500000e-03,-1.56250000e-02
2.56240000e-06,1.17187500e+00,1.01250000e+00,-1.50000000e-02,-1.71875000e-02
2.56272000e-06,1.22187500e+00,1.00000000e+00,-3.87500000e-02,-4.21875000e-02
2.56304000e-06,1.11875000e+00,1.00000000e+00,-2.50000000e-02,-3.51562500e-02
2.56336000e-06,1.30312500e+00,9.50000000e-01,-1.43750000e-02,-5.00000000e-02
2.56368000e-06,1.38750000e+00,1.08750000e+00,-3.25000000e-02,-9.92187500e-02
2.56400000e-06,1.21875000e+00,1.06250000e+00,-1.62500000e-02,-9.53125000e-02
2.56432000e-06,1.22500000e+00,1.03750000e+00,-2.81250000e-02,-7.50000000e-02
2.56464000e-06,1.31562500e+00,1.02500000e+00,-1.93750000e-02,-6.01562500e-02
2.56496000e-06,1.28125000e+00,1.00000000e+00,-2.31250000e-02,-1.46875000e-01
2.56528000e-06,1.17187500e+00,9.75000000e-01,-3.87500000e-02,-1.00781250e-01
2.56560000e-06,1.15937500e+00,1.07500000e+00,-3.06250000e-02,-2.65625000e-02
2.56592000e-06,1.26875000e+00,1.07500000e+00,-2.56250000e-02,-1.79687500e-02
2.56624000e-06,1.21875000e+00,1.16250000e+00,-1.37500000e-02,-3.12500000e-03
2.56656000e-06,1.42812500e+00,1.06250000e+00,-4.12500000e-02,-7.03125000e-02
2.56688000e-06,1.46562500e+00,1.15000000e+00,-4.87500000e-02,-9.29687500e-02
2.56720000e-06,1.21875000e+00,9.12500000e-01,-2.18750000e-02,-4.68750000e-03
2.56752000e-06,1.10625000e+00,1.12500000e+00,-6.87500000e-03,-6.40625000e-02
2.56784000e-06,1.28437500e+00,1.05000000e+00,-1.75000000e-02,-1.75781250e-01
2.56816000e-06,1.15625000e+00,1.15000000e+00,-1.68750000e-02,-1.37500000e-01
2.56848000e-06,1.18125000e+00,1.12500000e+00,-1.50000000e-02,-1.83593750e-01
2.56880000e-06,1.25937500e+00,1.06250000e+00,-2.81250000e-02,-1.60937500e-01
2.56912000e-06,1.39062500e+00,1.03750000e+00,-6.25000000e-03,-5.78125000e-02
2.56944000e-06,1.20625000e+00,1.07500000e+00,-3.06250000e-02,-5.23437500e-02
2.56976000e-06,1.22500000e+00,9.12500000e-01,-2.87500000e-02,-1.25000000e-01
2.57008000e-06,1.20937500e+00,1.11250000e+00,-3.87500000e-02,-1.31250000e-01
2.57040000e-06,1.14375000e+00,1.03750000e+00,-2.75000000e-02,-1.22656250e-01
2.57072000e-06,1.20937500e+00,1.13750000e+00,-1.87500000e-02,-7.34375000e-02
2.57104000e-06,1.25625000e+00,1.16250000e+00,-1.43750000e-02,-4.14062500e-02
2.57136000e-06,1.25625000e+00,1.22500000e+00,-2.56250000e-02,-7.03125000e-02
2.57168000e-06,1.11875000e+00,1.12500000e+00,6.25000000e-03,-4.14062500e-02
2.57200000e-06,1.18125000e+00,1.02500000e+00,-8.75000000e-03,-5.78125000e-02
2.57232000e-06,1.21875000e+00,1.12500000e+00,-2.62500000e-02,-9.37500000e-02
2.57264000e-06,1.35312500e+00,1.13750000e+00,-2.81250000e-02,-1.00781250e-01
2.57296000e-06,1.28125000e+00,1.00000000e+00,-2.25000000e-02,-1.15625000e-01
2.57328000e-06,1.08125000e+00,1.12500000e+00,-4.56250000e-02,-1.65625000e-01
2.57360000e-06,1.34375000e+00,1.11250000e+00,-3.81250000e-02,-7.65625000e-02
2.57392000e-06,1.32812500e+00,1.10000000e+00,-2.56250000e-02,-6.87500000e-02
2.57424000e-06,1.41562500e+00,1.00000000e+00,-2.75000000e-02,-1.25781250e-01
2.57456000e-06,1.27187500e+00,1.13750000e+00,-8.75000000e-03,-1.71875000e-01
2.57488000e-06,1.19687500e+00,1.12500000e+00,-1.93750000e-02,-1.48437500e-01
2.57520000e-06,1.43125000e+00,1.16250000e+00,-4.87500000e-02,-1.54687500e-01
2.57552000e-06,1.35000000e+00,9.12500000e-01,-3.56250000e-02,-6.64062500e-02
2.57584000e-06,1.09375000e+00,1.16250000e+00,-3.56250000e-02,-4.68750000e-02
2.57616000e-06,1.18750000e+00,1.01250000e+00,-1.93750000e-02,-1.67968750e-01
2.57648000e-06,1.31562500e+00,9.87500000e-01,-3.37500000e-02,-2.09375000e-01
2.57680000e-06,1.39062500e+00,1.16250000e+00,-8.75000000e-03,-6.64062500e-02
2.57712000e-06,1.32812500e+00,1.15000000e+00,-1.00000000e-02,-4.53125000e-02
2.57744000e-06,1.27187500e+00,1.20000000e+00,-3.87500000e-02,-8.75000000e-02
2.57776000e-06,1.28750000e+00,1.12500000e+00,-3.06250000e-02,-7.73437500e-02
2.57808000e-06,1.20625000e+00,1.05000000e+00,-5.31250000e-02,-5.00000000e-02
2.57840000e-06,1.20625000e+00,1.03750000e+00,-4.25000000e-02,-1.01562500e-01
2.57872000e-06,1.20937500e+00,1.23750000e+00,-1.25000000e-03,-8.82812500e-02
2.57904000e-06,1.20625000e+00,9.62500000e-01,-2.18750000e-02,-1.28125000e-01
2.57936000e-06,1.32812500e+00,9.87500000e-01,-1.43750000e-02,-8.59375000e-02
2.57968000e-06,1.27187500e+00,1.12500000e+00,-2.25000000e-02,-1.35937500e-01
2.58000000e-06,1.31562500e+00,9.75000000e-01,-2.56250000e-02,-6.87500000e-02
2.58032000e-06,1.31562500e+00,1.07500000e+00,6.25000000e-04,-5.23437500e-02
2.58064000e-06,1.20937500e+00,9.00000000e-01,-4.31250000e-02,-5.54687500e-02
2.58096000e-06,1.19687500e+00,1.00000000e+00,-2.56250000e-02,-4.37500000e-02
2.58128000e-06,1.15937500e+00,1.12500000e+00,-4.06250000e-02,-1.73437500e-01
2.58160000e-06,1.36562500e+00,1.13750000e+00,-4.56250000e-02,-1.22656250e-01
2.58192000e-06,1.34062500e+00,1.08750000e+00,-4.06250000e-02,-5.00000000e-02
2.58224000e-06,1.35625000e+00,1.08750000e+00,-3.81250000e-02,-6.71875000e-02
2.58256000e-06,1.27187500e+00,9.12500000e-01,-3.56250000e-02,-8.43750000e-02
2.58288000e-06,1.22187500e+00,1.11250000e+00,-1.43750000e-02,-4.68750000e-03
2.58320000e-06,1.28750000e+00,1.10000000e+00,-2.56250000e-02,9.37500000e-03
2.58352000e-06,1.19375000e+00,1.01250000e+00,-2.18750000e-02,-1.71875000e-02
2.58384000e-06,1.30000000e+00,9.50000000e-01,-3.81250000e-02,-2.50000000e-02
2.58416000e-06,1.33125000e+00,1.21250000e+00,-2.56250000e-02,-9.21875000e-02
2.58448000e-06,1.32500000e+00,1.03750000e+00,-4.31250000e-02,-1.26562500e-01
2.58480000e-06,1.18125000e+00,1.02500000e+00,-3.00000000e-02,-4.29687500e-02
2.58512000e-06,1.27187500e+00,9.50000000e-01,-1.12500000e-02,-7.18750000e-02
2.58544000e-06,1.24375000e+00,1.07500000e+00,-1.25000000e-03,-8.04687500e-02
2.58576000e-06,1.23125000e+00,9.87500000e-01,-1.87500000e-03,-4.68750000e-02
2.58608000e-06,1.16875000e+00,9.37500000e-01,-6.87500000e-03,-9.21875000e-02
2.58640000e-06,1.23125000e+00,1.10000000e+00,-1.25000000e-02,-7.50000000e-02
2.58672000e-06,1.28125000e+00,1.12500000e+00,-3.12500000e-02,-5.70312500e-02
2.58704000e-06,1.06875000e+00,1.11250000e+00,-3.00000000e-02,-8.04687500e-02
2.58736000e-06,1.19375000e+00,1.15000000e+00,-6.25000000e-03,-7.10937500e-02
2.58768000e-06,1.16875000e+00,1.13750000e+00,-2.81250000e-02,-1.25000000e-02
2.58800000e-06,1.31250000e+00,1.06250000e+00,-4.37500000e-02,-5.23437500e-02
2.58832000e-06,1.16875000e+00,1.00000000e+00,-2.18750000e-02,-5.00000000e-02
2.58864000e-06,1.20937500e+00,1.08750000e+00,-1.68750000e-02,-4.45312500e-02
2.58896000e-06,1.46562500e+00,1.08750000e+00,-1.93750000e-02,-1.28906250e-01
2.58928000e-06,1.20625000e+00,1.08750000e+00,-9.37500000e-03,-1.42187500e-01
2.58960000e-06,1.32812500e+00,1.02500000e+00,-1.75000000e-02,-4.06250000e-02
2.58992000e-06,1.25000000e+00,9.37500000e-01,-3.12500000e-02,-7.57812500e-02
2.59024000e-06,1.37812500e+00,9.75000000e-01,-2.12500000e-02,-1.35937500e-01
2.59056000e-06,1.19375000e+00,1.11250000e+00,-1.43750000e-02,-1.32812500e-01
2.59088000e-06,1.25937500e+00,9.00000000e-01,-4.62500000e-02,-1.29687500e-01
2.59120000e-06,1.18437500e+00,9.75000000e-01,-4.31250000e-02,-1.06250000e-01
2.59152000e-06,1.20625000e+00,1.05000000e+00,-1.25000000e-02,-7.26562500e-02
2.59184000e-06,1.26875000e+00,1.17500000e+00,-3.56250000e-02,-7.42187500e-02
2.59216000e-06,1.30312500e+00,1.03750000e+00,-3.81250000e-02,-1.09375000e-01
2.59248000e-06,1.34062500e+00,1.08750000e+00,-8.75000000e-03,-1.44531250e-01
2.59280000e-06,1.31250000e+00,9.00000000e-01,-1.68750000e-02,-1.66406250e-01
2.59312000e-06,1.10937500e+00,1.03750000e+00,-1.43750000e-02,-1.07812500e-01
2.59344000e-06,1.20937500e+00,1.05000000e+00,-3.37500000e-02,-1.12500000e-01
2.59376000e-06,1.10625000e+00,1.00000000e+00,-3.87500000e-02,-9.76562500e-02
2.59408000e-06,1.42812500e+00,1.15000000e+00,-1.68750000e-02,-7.81250000e-02
2.59440000e-06,1.35312500e+00,1.05000000e+00,-6.87500000e-03,-8.59375000e-02
2.59472000e-06,1.25625000e+00,1.00000000e+00,-1.93750000e-02,-1.28906250e-01
2.59504000e-06,1.30625000e+00,9.37500000e-01,-3.12500000e-02,-9.60937500e-02
2.59536000e-06,1.32812500e+00,9.75000000e-01,-1.43750000e-02,-9.84375000e-02
2.59568000e-06,1.15625000e+00,1.01250000e+00,-1.56250000e-02,-2.02343750e-01
2.59600000e-06,1.10937500e+00,8.87500000e-01,-3.06250000e-02,-1.60937500e-01
2.59632000e-06,1.34062500e+00,1.05000000e+00,-4.06250000e-02,-5.62500000e-02
2.59664000e-06,1.46562500e+00,1.21250000e+00,-1.87500000e-02,-2.10937500e-02
2.59696000e-06,1.21875000e+00,1.18750000e+00,-1.25000000e-02,3.20312500e-02
2.59728000e-06,1.25000000e+00,1.01250000e+00,-1.68750000e-02,-2.10937500e-02
2.59760000e-06,1.39375000e+00,1.15000000e+00,-1.18750000e-02,-8.75000000e-02
2.59792000e-06,1.24375000e+00,1.10000000e+00,-3.06250000e-02,-3.35937500e-02
2.59824000e-06,1.23437500e+00,1.01250000e+00,8.12500000e-03,3.51562500e-02
2.59856000e-06,1.30625000e+00,1.00000000e+00,-9.37500000e-03,3.51562500e-02
2.59888000e-06,1.20625000e+00,1.07500000e+00,-2.87500000e-02,-4.53125000e-02
2.59920000e-06,1.23437500e+00,1.11250000e+00,-9.37500000e-03,-5.39062500e-02
2.59952000e-06,1.28437500e+00,1.05000000e+00,-2.31250000e-02,1.56250000e-03
2.59984000e-06,1.21875000e+00,1.08750000e+00,-4.31250000e-02,-1.21875000e-01
2.60016000e-06,1.17187500e+00,1.05000000e+00,1.37500000e-02,-2.01562500e-01
2.60048000e-06,1.31562500e+00,1.06250000e+00,-4.06250000e-02,-8.98437500e-02
2.60080000e-06,1.26875000e+00,1.16250000e+00,-2.62500000e-02,-1.14062500e-01
2.60112000e-06,1.20625000e+00,1.00000000e+00,-3.31250000e-02,-1.24218750e-01
2.60144000e-06,1.13437500e+00,1.02500000e+00,3.75000000e-03,-4.37500000e-02
2.60176000e-06,1.16875000e+00,1.23750000e+00,-2.50000000e-02,1.64062500e-02
2.60208000e-06,1.28437500e+00,1.10000000e+00,-9.37500000e-03,2.57812500e-02
2.60240000e-06,1.37812500e+00,1.16250000e+00,-3.37500000e-02,-5.46875000e-03
2.60272000e-06,1.32812500e+00,1.00000000e+00,-6.87500000e-03,-1.15625000e-01
2.60304000e-06,1.40312500e+00,8.00000000e-01,-1.31250000e-02,-1.27343750e-01
2.60336000e-06,1.13437500e+00,1.03750000e+00,-3.37500000e-02,-1.07031250e-01
2.60368000e-06,1.27187500e+00,9.37500000e-01,-2.12500000e-02,-1.09375000e-01
2.60400000e-06,1.20625000e+00,1.16250000e+00,-5.00000000e-03,-5.62500000e-02
2.60432000e-06,1.30312500e+00,1.11250000e+00,-2.62500000e-02,-1.40625000e-02
2.60464000e-06,1.26875000e+00,9.75000000e-01,-1.12500000e-02,1.95312500e-02
2.60496000e-06,1.23125000e+00,1.07500000e+00,-2.56250000e-02,1.64062500e-02
2.60528000e-06,1.18750000e+00,1.15000000e+00,-1.18750000e-02,4.68750000e-03
2.60560000e-06,1.31250000e+00,9.87500000e-01,-2.18750000e-02,-3.75000000e-02
2.60592000e-06,1.18125000e+00,1.01250000e+00,-7.50000000e-03,-2.10937500e-02
2.60624000e-06,1.18437500e+00,9.87500000e-01,-3.37500000e-02,0.00000000e+00
2.60656000e-06,1.23125000e+00,1.15000000e+00,-3.81250000e-02,-4.92187500e-02
2.60688000e-06,1.20625000e+00,1.02500000e+00,-1.37500000e-02,-5.54687500e-02
2.60720000e-06,1.23125000e+00,1.10000000e+00,3.12500000e-03,-7.03125000e-03
2.60752000e-06,1.18125000e+00,1.02500000e+00,-4.31250000e-02,-4.60937500e-02
2.60784000e-06,1.31250000e+00,1.15000000e+00,1.81250000e-02,-7.26562500e-02
2.60816000e-06,1.21875000e+00,1.01250000e+00,-4.93750000e-02,-6.48437500e-02
2.60848000e-06,1.26875000e+00,1.12500000e+00,-4.31250000e-02,-3.43750000e-02
2.60880000e-06,1.24687500e+00,1.17500000e+00,-7.50000000e-03,-5.78125000e-02
2.60912000e-06,1.28437500e+00,1.10000000e+00,-3.31250000e-02,-1.32031250e-01
2.60944000e-06,1.39062500e+00,1.05000000e+00,-1.25000000e-03,-1.32031250e-01
2.60976000e-06,1.24687500e+00,1.01250000e+00,-1.87500000e-02,-8.43750000e-02
2.61008000e-06,1.23437500e+00,1.06250000e+00,-1.93750000e-02,-4.29687500e-02
2.61040000e-06,1.20937500e+00,1.20000000e+00,-1.75000000e-02,-4.14062500e-02
2.61072000e-06,1.20625000e+00,9.25000000e-01,-4.06250000e-02,-1.02343750e-01
2.61104000e-06,1.32500000e+00,9.75000000e-01,-1.18750000e-02,-3.90625000e-02
2.61136000e-06,1.25937500e+00,1.06250000e+00,-5.31250000e-02,-5.78125000e-02
2.61168000e-06,1.19375000e+00,1.13750000e+00,-2.12500000e-02,-7.42187500e-02
2.61200000e-06,1.16875000e+00,9.87500000e-01,-1.18750000e-02,-8.12500000e-02
2.61232000e-06,1.23437500e+00,9.62500000e-01,-2.81250000e-02,-7.18750000e-02
2.61264000e-06,1.30312500e+00,1.07500000e+00,-1.18750000e-02,-7.50000000e-02
2.61296000e-06,1.32812500e+00,1.13750000e+00,-6.87500000e-03,-7.81250000e-02
2.61328000e-06,1.35312500e+00,1.02500000e+00,-3.12500000e-02,-1.10937500e-01
2.61360000e-06,1.25937500e+00,1.01250000e+00,-3.12500000e-02,-9.92187500e-02
2.61392000e-06,1.23437500e+00,9.37500000e-01,-9.37500000e-03,-1.23437500e-01
2.61424000e-06,1.19687500e+00,1.15000000e+00,-1.18750000e-02,-1.09375000e-01
2.61456000e-06,1.28125000e+00,1.12500000e+00,-1.87500000e-03,-1.42187500e-01
2.61488000e-06,1.25625000e+00,9.87500000e-01,-9.37500000e-03,-1.81250000e-01
2.61520000e-06,1.15625000e+00,1.03750000e+00,-1.43750000e-02,-1.05468750e-01
2.61552000e-06,1.15625000e+00,1.13750000e+00,-1.93750000e-02,-1.54687500e-01
2.61584000e-06,1.26875000e+00,1.06250000e+00,1.81250000e-02,-9.06250000e-02
2.61616000e-06,1.25937500e+00,1.10000000e+00,0.00000000e+00,-1.79687500e-02
2.61648000e-06,1.34062500e+00,1.01250000e+00,-4.81250000e-02,-7.10937500e-02
2.61680000e-06,1.16875000e+00,1.16250000e+00,1.62500000e-02,-1.72656250e-01
2.61712000e-06,1.10937500e+00,1.12500000e+00,1.37500000e-02,-1.50000000e-01
2.61744000e-06,1.15937500e+00,9.87500000e-01,-4.87500000e-02,-4.21875000e-02
2.61776000e-06,1.15625000e+00,1.16250000e+00,-2.81250000e-02,-5.54687500e-02
2.61808000e-06,1.27187500e+00,1.15000000e+00,-2.00000000e-02,-5.31250000e-02
2.61840000e-06,1.30000000e+00,1.07500000e+00,-2.12500000e-02,-4.92187500e-02
2.61872000e-06,1.09375000e+00,1.12500000e+00,-2.00000000e-02,-9.84375000e-02
2.61904000e-06,1.20937500e+00,9.75000000e-01,-3.62500000e-02,-6.17187500e-02
2.61936000e-06,1.25937500e+00,1.05000000e+00,-3.31250000e-02,-5.93750000e-02
2.61968000e-06,1.40312500e+00,1.03750000e+00,-6.25000000e-03,-1.60156250e-01
2.62000000e-06,1.30000000e+00,1.03750000e+00,8.12500000e-03,-1.55468750e-01
2.62032000e-06,1.26250000e+00,9.75000000e-01,-1.93750000e-02,-7.73437500e-02
2.62064000e-06,1.40625000e+00,1.13750000e+00,-2.50000000e-03,-4.76562500e-02
2.62096000e-06,1.33750000e+00,9.37500000e-01,-4.56250000e-02,-2.26562500e-02
2.62128000e-06,1.13437500e+00,1.15000000e+00,6.25000000e-03,-5.46875000e-02
2.62160000e-06,1.26250000e+00,1.13750000e+00,3.75000000e-03,-9.68750000e-02
2.62192000e-06,1.24375000e+00,1.00000000e+00,-4.37500000e-03,-1.42968750e-01
2.62224000e-06,1.30000000e+00,9.62500000e-01,-2.00000000e-02,-1.10937500e-01
2.62256000e-06,1.07187500e+00,1.17500000e+00,-1.93750000e-02,-3.90625000e-02
2.62288000e-06,1.13125000e+00,1.10000000e+00,-3.62500000e-02,-8.43750000e-02
2.62320000e-06,1.35312500e+00,1.13750000e+00,-5.87500000e-02,-1.40625000e-02
2.62352000e-06,1.27187500e+00,1.00000000e+00,6.25000000e-04,4.53125000e-02
2.62384000e-06,1.28125000e+00,1.11250000e+00,-4.37500000e-03,-6.64062500e-02
2.62416000e-06,1.15937500e+00,1.02500000e+00,-3.62500000e-02,-1.25781250e-01
2.62448000e-06,1.12187500e+00,1.02500000e+00,-5.37500000e-02,-8.35937500e-02
2.62480000e-06,1.30312500e+00,1.03750000e+00,-1.18750000e-02,-4.37500000e-02
2.62512000e-06,1.23125000e+00,1.05000000e+00,-1.50000000e-02,-7.65625000e-02
2.62544000e-06,1.19375000e+00,9.87500000e-01,-4.87500000e-02,-6.01562500e-02
2.62576000e-06,1.22187500e+00,1.01250000e+00,-2.75000000e-02,-3.12500000e-02
2.62608000e-06,1.26875000e+00,8.25000000e-01,-1.37500000e-02,-3.35937500e-02
2.62640000e-06,1.18125000e+00,1.08750000e+00,-9.37500000e-03,-5.70312500e-02
2.62672000e-06,1.14375000e+00,1.03750000e+00,-4.87500000e-02,-4.92187500e-02
2.62704000e-06,1.18125000e+00,1.02500000e+00,-3.06250000e-02,-4.14062500e-02
2.62736000e-06,1.21875000e+00,1.10000000e+00,-5.06250000e-02,-3.04687500e-02
2.62768000e-06,1.24687500e+00,1.16250000e+00,-2.75000000e-02,1.87500000e-02
2.62800000e-06,1.32500000e+00,1.11250000e+00,-1.12500000e-02,-6.01562500e-02
2.62832000e-06,1.31250000e+00,1.13750000e+00,-1.68750000e-02,-8.59375000e-02
2.62864000e-06,1.19687500e+00,1.08750000e+00,-4.37500000e-02,2.34375000e-03
2.62896000e-06,1.19375000e+00,1.11250000e+00,-2.18750000e-02,-2.89062500e-02
2.62928000e-06,1.25625000e+00,1.05000000e+00,-4.37500000e-02,-7.89062500e-02
2.62960000e-06,1.19375000e+00,9.62500000e-01,-4.56250000e-02,-1.03125000e-01
2.62992000e-06,1.27187500e+00,1.07500000e+00,1.25000000e-03,-1.39062500e-01
2.63024000e-06,1.32500000e+00,1.01250000e+00,-1.43750000e-02,-1.29687500e-01
2.63056000e-06,1.13125000e+00,9.87500000e-01,-2.56250000e-02,-6.79687500e-02
2.63088000e-06,1.31875000e+00,1.13750000e+00,-1.50000000e-02,-8.59375000e-03
2.63120000e-06,1.33750000e+00,1.00000000e+00,-2.56250000e-02,-6.71875000e-02
2.63152000e-06,1.31562500e+00,1.13750000e+00,-2.56250000e-02,-1.28906250e-01
2.63184000e-06,1.27187500e+00,9.62500000e-01,-1.62500000e-02,-1.95312500e-02
2.63216000e-06,1.16875000e+00,1.06250000e+00,-1.81250000e-02,-2.10937500e-02
2.63248000e-06,1.36875000e+00,1.05000000e+00,-1.87500000e-03,-4.76562500e-02
2.63280000e-06,1.18125000e+00,9.87500000e-01,-7.50000000e-03,-3.20312500e-02
2.63312000e-06,1.32812500e+00,1.01250000e+00,-4.06250000e-02,-3.51562500e-02
2.63344000e-06,1.38125000e+00,1.15000000e+00,2.12500000e-02,-5.62500000e-02
2.63376000e-06,1.25625000e+00,9.75000000e-01,-1.93750000e-02,-1.25000000e-02
2.63408000e-06,1.27187500e+00,9.87500000e-01,-5.37500000e-02,-6.87500000e-02
2.63440000e-06,1.30625000e+00,1.05000000e+00,-4.06250000e-02,-1.44531250e-01
2.63472000e-06,1.18125000e+00,1.12500000e+00,-1.37500000e-02,-8.98437500e-02
2.63504000e-06,1.21875000e+00,1.07500000e+00,-4.37500000e-03,-1.07812500e-01
2.63536000e-06,1.31875000e+00,9.87500000e-01,-3.62500000e-02,-1.67187500e-01
2.63568000e-06,1.26875000e+00,1.01250000e+00,-2.56250000e-02,-1.53906250e-01
2.63600000e-06,1.19375000e+00,1.08750000e+00,-1.75000000e-02,-1.57812500e-01
2.63632000e-06,1.38125000e+00,1.00000000e+00,-3.00000000e-02,-9.60937500e-02
2.63664000e-06,1.35312500e+00,1.18750000e+00,-8.75000000e-03,-3.51562500e-02
2.63696000e-06,1.19375000e+00,9.37500000e-01,-1.37500000e-02,-4.84375000e-02
2.63728000e-06,1.04687500e+00,1.01250000e+00,1.31250000e-02,-7.81250000e-02
2.63760000e-06,1.10937500e+00,1.11250000e+00,-2.25000000e-02,-3.20312500e-02
2.63792000e-06,1.13125000e+00,1.02500000e+00,-2.62500000e-02,2.96875000e-02
2.63824000e-06,1.24375000e+00,1.08750000e+00,-4.56250000e-02,-5.23437500e-02
2.63856000e-06,1.21875000e+00,1.11250000e+00,-3.31250000e-02,-2.07812500e-01
2.63888000e-06,1.11875000e+00,9.62500000e-01,-8.75000000e-03,-1.67187500e-01
2.63920000e-06,1.32812500e+00,9.87500000e-01,-1.87500000e-03,-7.03125000e-02
2.63952000e-06,1.26875000e+00,9.00000000e-01,-2.81250000e-02,-5.00000000e-02
2.63984000e-06,1.13125000e+00,1.05000000e+00,-1.18750000e-02,-6.40625000e-02
2.64016000e-06,1.27187500e+00,1.08750000e+00,-2.87500000e-02,-6.87500000e-02
2.64048000e-06,1.23125000e+00,9.75000000e-01,-1.68750000e-02,-1.02343750e-01
2.64080000e-06,1.14375000e+00,1.01250000e+00,-1.00000000e-02,-7.50000000e-02
2.64112000e-06,1.14375000e+00,1.18750000e+00,-1.18750000e-02,-7.81250000e-03
2.64144000e-06,1.30312500e+00,1.13750000e+00,3.12500000e-03,-1.01562500e-02
2.64176000e-06,1.25625000e+00,9.50000000e-01,-2.25000000e-02,-9.14062500e-02
2.64208000e-06,1.01875000e+00,9.87500000e-01,-1.68750000e-02,-7.57812500e-02
2.64240000e-06,1.27187500e+00,1.06250000e+00,-2.50000000e-03,-6.79687500e-02
2.64272000e-06,1.33750000e+00,1.06250000e+00,-3.37500000e-02,-9.37500000e-03
2.64304000e-06,1.13125000e+00,9.75000000e-01,-4.31250000e-02,-2.34375000e-03
2.64336000e-06,1.20625000e+00,9.12500000e-01,-3.25000000e-02,-7.73437500e-02
2.64368000e-06,1.21875000e+00,1.25000000e+00,-1.93750000e-02,-6.71875000e-02
2.64400000e-06,1.21875000e+00,9.25000000e-01,-3.50000000e-02,-4.84375000e-02
2.64432000e-06,1.16875000e+00,9.00000000e-01,3.12500000e-03,-4.21875000e-02
2.64464000e-06,1.35312500e+00,1.08750000e+00,-5.56250000e-02,-4.84375000e-02
2.64496000e-06,1.11875000e+00,1.11250000e+00,-3.31250000e-02,-7.03125000e-03
2.64528000e-06,1.23125000e+00,1.01250000e+00,-2.50000000e-02,-3.12500000e-03
2.64560000e-06,1.23437500e+00,9.25000000e-01,-1.37500000e-02,-1.07812500e-01
2.64592000e-06,1.28125000e+00,1.05000000e+00,-1.37500000e-02,-9.29687500e-02
2.64624000e-06,1.25625000e+00,1.11250000e+00,-1.87500000e-03,-5.62500000e-02
2.64656000e-06,1.11875000e+00,1.06250000e+00,-2.00000000e-02,-1.15625000e-01
2.64688000e-06,1.09375000e+00,9.87500000e-01,-1.93750000e-02,-1.00781250e-01
2.64720000e-06,1.18125000e+00,9.37500000e-01,2.50000000e-03,-5.39062500e-02
2.64752000e-06,1.15625000e+00,1.16250000e+00,-3.62500000e-02,-2.03125000e-02
2.64784000e-06,1.20625000e+00,1.07500000e+00,-8.75000000e-03,-2.96875000e-02
2.64816000e-06,1.08125000e+00,1.08750000e+00,-4.12500000e-02,-7.10937500e-02
2.64848000e-06,1.21875000e+00,9.62500000e-01,-5.62500000e-02,-1.33593750e-01
2.64880000e-06,1.23125000e+00,1.08750000e+00,-1.18750000e-02,-1.07031250e-01
2.64912000e-06,1.20937500e+00,9.25000000e-01,-3.37500000e-02,-4.21875000e-02
2.64944000e-06,1.36250000e+00,1.07500000e+00,-3.87500000e-02,1.25000000e-02
2.64976000e-06,1.21875000e+00,1.02500000e+00,-9.37500000e-03,7.03125000e-03
2.65008000e-06,1.23437500e+00,1.01250000e+00,-1.18750000e-02,-1.10937500e-01
2.65040000e-06,1.21875000e+00,1.00000000e+00,-1.75000000e-02,-1.06250000e-01
2.65072000e-06,1.24375000e+00,1.08750000e+00,-4.37500000e-02,-7.50000000e-02
2.65104000e-06,1.25625000e+00,1.08750000e+00,-6.25000000e-03,-6.79687500e-02
2.65136000e-06,1.19375000e+00,1.00000000e+00,2.06250000e-02,-8.12500000e-02
2.65168000e-06,1.31562500e+00,9.50000000e-01,-4.37500000e-03,-6.01562500e-02
2.65200000e-06,1.25625000e+00,1.10000000e+00,-3.87500000e-02,-1.14062500e-01
2.65232000e-06,1.11875000e+00,9.00000000e-01,-3.62500000e-02,-9.14062500e-02
2.65264000e-06,1.20937500e+00,1.06250000e+00,-3.62500000e-02,-7.10937500e-02
2.65296000e-06,1.25937500e+00,1.13750000e+00,-2.50000000e-02,-1.19531250e-01
2.65328000e-06,1.21875000e+00,1.21250000e+00,-8.75000000e-03,-1.77343750e-01
2.65360000e-06,1.26875000e+00,1.00000000e+00,-4.81250000e-02,-3.43750000e-02
2.65392000e-06,1.33125000e+00,1.08750000e+00,-1.93750000e-02,-2.50000000e-02
2.65424000e-06,1.30000000e+00,9.37500000e-01,-1.25000000e-02,-5.07812500e-02
2.65456000e-06,1.14375000e+00,1.07500000e+00,-2.25000000e-02,-2.73437500e-02
2.65488000e-06,1.21250000e+00,1.11250000e+00,-1.43750000e-02,-5.62500000e-02
2.65520000e-06,1.31250000e+00,1.10000000e+00,-9.37500000e-03,-7.50000000e-02
2.65552000e-06,1.23125000e+00,1.02500000e+00,-2.87500000e-02,-4.68750000e-02
2.65584000e-06,1.22187500e+00,1.06250000e+00,-1.68750000e-02,-3.67187500e-02
2.65616000e-06,1.21875000e+00,1.05000000e+00,-2.06250000e-02,-1.39843750e-01
2.65648000e-06,1.23125000e+00,1.02500000e+00,-9.37500000e-03,-9.45312500e-02
2.65680000e-06,1.35312500e+00,8.37500000e-01,8.12500000e-03,-9.14062500e-02
2.65712000e-06,1.31562500e+00,1.07500000e+00,-1.87500000e-03,-1.82031250e-01
2.65744000e-06,1.28125000e+00,9.87500000e-01,-7.50000000e-03,-1.05468750e-01
2.65776000e-06,1.30625000e+00,1.06250000e+00,-4.37500000e-02,5.46875000e-03
2.65808000e-06,1.32812500e+00,1.10000000e+00,-1.12500000e-02,-5.31250000e-02
2.65840000e-06,1.14375000e+00,1.02500000e+00,-9.37500000e-03,-1.13281250e-01
2.65872000e-06,1.25937500e+00,9.50000000e-01,-3.56250000e-02,-3.04687500e-02
2.65904000e-06,1.16875000e+00,1.13750000e+00,6.25000000e-04,-2.73437500e-02
2.65936000e-06,1.28125000e+00,1.03750000e+00,-9.37500000e-03,-1.32812500e-02
2.65968000e-06,1.06875000e+00,1.12500000e+00,-2.87500000e-02,-7.03125000e-03
2.66000000e-06,1.24687500e+00,1.03750000e+00,-3.56250000e-02,-7.81250000e-02
2.66032000e-06,1.26875000e+00,9.50000000e-01,8.12500000e-03,-1.93750000e-01
2.66064000e-06,1.24375000e+00,1.07500000e+00,1.25000000e-03,-5.46875000e-02
2.66096000e-06,1.17187500e+00,1.07500000e+00,-1.18750000e-02,3.12500000e-02
2.66128000e-06,1.18125000e+00,1.15000000e+00,-1.68750000e-02,-7.03125000e-02
2.66160000e-06,1.28437500e+00,1.18750000e+00,-1.93750000e-02,-6.64062500e-02
2.66192000e-06,1.30000000e+00,1.00000000e+00,3.12500000e-03,-1.71875000e-02
2.66224000e-06,1.23125000e+00,1.02500000e+00,6.25000000e-04,-5.46875000e-03
2.66256000e-06,1.12187500e+00,9.12500000e-01,-1.18750000e-02,-7.03125000e-02
2.66288000e-06,1.17187500e+00,1.11250000e+00,-6.87500000e-03,-4.92187500e-02
2.66320000e-06,1.35312500e+00,1.10000000e+00,-1.68750000e-02,-5.54687500e-02
2.66352000e-06,1.25625000e+00,1.12500000e+00,-1.18750000e-02,-7.10937500e-02
2.66384000e-06,1.17187500e+00,9.75000000e-01,6.25000000e-04,-4.84375000e-02
2.66416000e-06,1.31562500e+00,1.02500000e+00,-1.87500000e-03,-9.84375000e-02
2.66448000e-06,1.24375000e+00,9.62500000e-01,-2.25000000e-02,-6.40625000e-02
2.66480000e-06,1.24375000e+00,1.12500000e+00,-4.37500000e-02,-6.95312500e-02
2.66512000e-06,1.21875000e+00,1.07500000e+00,-2.50000000e-02,-1.89843750e-01
2.66544000e-06,1.20625000e+00,1.00000000e+00,-3.56250000e-02,-1.47656250e-01
2.66576000e-06,1.20625000e+00,1.11250000e+00,-1.87500000e-02,-6.71875000e-02
2.66608000e-06,1.11875000e+00,1.06250000e+00,-2.31250000e-02,-4.21875000e-02
2.66640000e-06,1.23125000e+00,1.05000000e+00,-1.93750000e-02,-1.01562500e-02
2.66672000e-06,1.19375000e+00,1.11250000e+00,-2.00000000e-02,0.00000000e+00
2.66704000e-06,1.20937500e+00,9.12500000e-01,-2.18750000e-02,-3.90625000e-02
2.66736000e-06,1.45000000e+00,1.11250000e+00,-2.00000000e-02,-7.73437500e-02
2.66768000e-06,1.09375000e+00,1.01250000e+00,-2.18750000e-02,-1.14843750e-01
2.66800000e-06,1.10937500e+00,1.10000000e+00,-1.75000000e-02,-1.21093750e-01
2.66832000e-06,1.19375000e+00,1.05000000e+00,-2.87500000e-02,-5.70312500e-02
2.66864000e-06,1.13125000e+00,1.01250000e+00,-2.18750000e-02,-6.64062500e-02
2.66896000e-06,1.32812500e+00,1.13750000e+00,-3.62500000e-02,-1.17187500e-01
2.66928000e-06,1.34062500e+00,1.06250000e+00,-3.00000000e-02,-8.35937500e-02
2.66960000e-06,1.26875000e+00,9.87500000e-01,-8.75000000e-03,-1.28906250e-01
2.66992000e-06,1.15937500e+00,1.12500000e+00,-1.37500000e-02,-1.55468750e-01
2.67024000e-06,1.13437500e+00,1.03750000e+00,-1.18750000e-02,-1.07812500e-01
2.67056000e-06,1.14375000e+00,1.05000000e+00,-3.62500000e-02,-1.22656250e-01
2.67088000e-06,1.23125000e+00,1.16250000e+00,-1.18750000e-02,-1.96093750e-01
2.67120000e-06,1.27187500e+00,1.07500000e+00,-5.00000000e-03,-1.75000000e-01
2.67152000e-06,1.43750000e+00,1.05000000e+00,-3.37500000e-02,-1.25000000e-01
2.67184000e-06,1.13125000e+00,1.00000000e+00,-5.37500000e-02,-6.87500000e-02
2.67216000e-06,1.28750000e+00,9.12500000e-01,-3.12500000e-02,-8.12500000e-02
2.67248000e-06,1.23125000e+00,1.12500000e+00,-4.06250000e-02,-7.65625000e-02
2.67280000e-06,1.14375000e+00,1.02500000e+00,-3.81250000e-02,-6.71875000e-02
2.67312000e-06,1.31875000e+00,1.07500000e+00,-2.12500000e-02,-1.42187500e-01
2.67344000e-06,1.33750000e+00,1.08750000e+00,-2.62500000e-02,-1.60156250e-01
2.67376000e-06,1.16875000e+00,1.08750000e+00,-1.18750000e-02,-1.06250000e-01
2.67408000e-06,1.25937500e+00,1.05000000e+00,-7.50000000e-03,-1.33593750e-01
2.67440000e-06,1.16875000e+00,1.11250000e+00,-1.50000000e-02,-1.35156250e-01
2.67472000e-06,1.20625000e+00,1.01250000e+00,-3.87500000e-02,-9.53125000e-02
2.67504000e-06,1.20625000e+00,1.00000000e+00,-1.37500000e-02,-7.18750000e-02
2.67536000e-06,1.18125000e+00,9.50000000e-01,-2.81250000e-02,-1.42187500e-01
2.67568000e-06,1.20625000e+00,1.05000000e+00,-1.43750000e-02,-1.86718750e-01
2.67600000e-06,1.25625000e+00,1.02500000e+00,-2.87500000e-02,-1.67968750e-01
2.67632000e-06,1.08125000e+00,9.75000000e-01,-4.12500000e-02,-1.25781250e-01
2.67664000e-06,1.28437500e+00,1.15000000e+00,-2.62500000e-02,-1.76562500e-01
2.67696000e-06,1.31562500e+00,1.22500000e+00,-1.68750000e-02,-1.07031250e-01
2.67728000e-06,1.27187500e+00,1.01250000e+00,-3.37500000e-02,-7.65625000e-02
2.67760000e-06,1.40625000e+00,1.17500000e+00,-2.50000000e-02,-1.55468750e-01
2.67792000e-06,1.25937500e+00,9.75000000e-01,-6.87500000e-03,-1.25781250e-01
2.67824000e-06,1.08437500e+00,1.02500000e+00,-4.00000000e-02,-6.40625000e-02
2.67856000e-06,1.15937500e+00,1.02500000e+00,-1.37500000e-02,-3.59375000e-02
2.67888000e-06,1.14375000e+00,1.06250000e+00,-8.75000000e-03,-3.51562500e-02
2.67920000e-06,1.25625000e+00,9.62500000e-01,-1.68750000e-02,-1.82812500e-01
2.67952000e-06,1.20625000e+00,1.15000000e+00,2.56250000e-02,-3.06250000e-01
2.67984000e-06,1.27187500e+00,1.02500000e+00,-3.37500000e-02,-1.76562500e-01
2.68016000e-06,1.32500000e+00,1.07500000e+00,-9.37500000e-03,-1.01562500e-01
2.68048000e-06,1.20625000e+00,1.11250000e+00,-2.50000000e-03,-1.37500000e-01
2.68080000e-06,1.20937500e+00,1.02500000e+00,-1.18750000e-02,-9.92187500e-02
2.68112000e-06,1.31250000e+00,1.10000000e+00,0.00000000e+00,-9.06250000e-02
2.68144000e-06,1.13125000e+00,9.87500000e-01,-3.06250000e-02,-1.46093750e-01
2.68176000e-06,1.14375000e+00,1.03750000e+00,-2.81250000e-02,-1.46875000e-01
2.68208000e-06,1.20625000e+00,1.05000000e+00,-2.50000000e-02,-1.27343750e-01
2.68240000e-06,1.19687500e+00,1.03750000e+00,8.12500000e-03,-6.01562500e-02
2.68272000e-06,1.35000000e+00,1.10000000e+00,-2.75000000e-02,-8.35937500e-02
2.68304000e-06,1.14375000e+00,1.08750000e+00,-2.62500000e-02,-1.92187500e-01
2.68336000e-06,1.22187500e+00,1.17500000e+00,-1.43750000e-02,-1.14062500e-01
2.68368000e-06,1.14375000e+00,1.10000000e+00,-7.50000000e-03,-8.59375000e-02
2.68400000e-06,1.17187500e+00,1.10000000e+00,-1.87500000e-03,-1.40625000e-02
2.68432000e-06,1.36250000e+00,1.03750000e+00,-2.25000000e-02,-2.42187500e-02
2.68464000e-06,1.16875000e+00,1.11250000e+00,-1.68750000e-02,-5.62500000e-02
2.68496000e-06,1.19687500e+00,1.08750000e+00,-1.18750000e-02,-8.98437500e-02
2.68528000e-06,1.24375000e+00,1.01250000e+00,-2.56250000e-02,-8.28125000e-02
2.68560000e-06,1.15625000e+00,1.10000000e+00,-1.18750000e-02,-1.21093750e-01
2.68592000e-06,1.23125000e+00,1.01250000e+00,-6.87500000e-03,-1.89843750e-01
2.68624000e-06,1.18125000e+00,1.06250000e+00,-1.87500000e-03,-1.10937500e-01
2.68656000e-06,1.19375000e+00,1.12500000e+00,-2.00000000e-02,-3.35937500e-02
2.68688000e-06,1.24375000e+00,1.08750000e+00,-5.12500000e-02,-2.34375000e-02
2.68720000e-06,1.26875000e+00,1.15000000e+00,-3.25000000e-02,-1.18750000e-01
2.68752000e-06,1.28125000e+00,1.07500000e+00,-2.12500000e-02,-1.65625000e-01
2.68784000e-06,1.20625000e+00,1.08750000e+00,3.75000000e-03,-1.78906250e-01
2.68816000e-06,1.08125000e+00,1.03750000e+00,-3.81250000e-02,-1.71093750e-01
2.68848000e-06,1.24375000e+00,1.03750000e+00,-1.87500000e-03,-7.50000000e-02
2.68880000e-06,1.14375000e+00,1.05000000e+00,-3.06250000e-02,-4.68750000e-02
2.68912000e-06,1.31562500e+00,1.11250000e+00,-1.87500000e-03,1.25000000e-02
2.68944000e-06,1.31250000e+00,1.05000000e+00,-1.75000000e-02,-7.57812500e-02
2.68976000e-06,1.20625000e+00,1.01250000e+00,-3.62500000e-02,-1.49218750e-01
2.69008000e-06,1.19687500e+00,1.02500000e+00,-4.81250000e-02,-1.00000000e-01
2.69040000e-06,1.18125000e+00,1.07500000e+00,-1.37500000e-02,-6.01562500e-02
2.69072000e-06,1.23125000e+00,1.16250000e+00,8.12500000e-03,-9.68750000e-02
2.69104000e-06,1.22187500e+00,1.06250000e+00,-1.18750000e-02,-1.25781250e-01
2.69136000e-06,1.36250000e+00,9.25000000e-01,-1.68750000e-02,-1.08593750e-01
2.69168000e-06,1.21875000e+00,1.12500000e+00,-6.87500000e-03,-9.68750000e-02
2.69200000e-06,1.30625000e+00,1.10000000e+00,-2.56250000e-02,-1.00000000e-01
2.69232000e-06,1.26875000e+00,1.20000000e+00,-1.25000000e-02,-1.07031250e-01
2.69264000e-06,1.26875000e+00,9.62500000e-01,-3.31250000e-02,-1.93750000e-01
2.69296000e-06,1.24687500e+00,1.11250000e+00,-3.75000000e-03,-1.53125000e-01
2.69328000e-06,1.23125000e+00,9.62500000e-01,-2.12500000e-02,-8.43750000e-02
2.69360000e-06,1.11875000e+00,1.07500000e+00,-6.87500000e-03,-1.24218750e-01
2.69392000e-06,1.27187500e+00,1.05000000e+00,-1.50000000e-02,-1.46875000e-01
2.69424000e-06,1.25625000e+00,1.02500000e+00,-4.12500000e-02,-7.81250000e-02
2.69456000e-06,1.35000000e+00,1.01250000e+00,-1.37500000e-02,-7.89062500e-02
2.69488000e-06,1.25937500e+00,1.15000000e+00,-4.37500000e-03,-5.93750000e-02
2.69520000e-06,1.20625000e+00,1.02500000e+00,-1.18750000e-02,-1.49218750e-01
2.69552000e-06,1.15625000e+00,1.17500000e+00,1.31250000e-02,-1.96875000e-01
2.69584000e-06,1.24375000e+00,1.16250000e+00,-1.68750000e-02,-1.64843750e-01
2.69616000e-06,1.09375000e+00,1.10000000e+00,-2.18750000e-02,-1.79687500e-01
2.69648000e-06,1.24687500e+00,1.08750000e+00,-2.62500000e-02,-1.22656250e-01
2.69680000e-06,1.31562500e+00,1.16250000e+00,-4.62500000e-02,-6.64062500e-02
2.69712000e-06,1.34062500e+00,1.03750000e+00,-2.18750000e-02,-1.32812500e-01
2.69744000e-06,1.22187500e+00,1.03750000e+00,2.31250000e-02,-1.26562500e-01
2.69776000e-06,1.14687500e+00,1.05000000e+00,2.56250000e-02,-9.68750000e-02
2.69808000e-06,1.30312500e+00,1.01250000e+00,-2.87500000e-02,-9.76562500e-02
2.69840000e-06,1.13125000e+00,1.03750000e+00,-2.81250000e-02,-1.57031250e-01
2.69872000e-06,1.34062500e+00,1.06250000e+00,8.12500000e-03,-1.31250000e-01
2.69904000e-06,1.28125000e+00,1.12500000e+00,-6.25000000e-03,-1.20312500e-01
2.69936000e-06,1.15625000e+00,1.17500000e+00,-1.93750000e-02,-8.28125000e-02
2.69968000e-06,1.23437500e+00,1.10000000e+00,-2.62500000e-02,-9.14062500e-02
2.70000000e-06,1.24687500e+00,1.12500000e+00,-2.87500000e-02,-1.23437500e-01
2.70032000e-06,1.28125000e+00,9.75000000e-01,-1.93750000e-02,-1.98437500e-01
2.70064000e-06,1.24375000e+00,1.15000000e+00,-4.12500000e-02,-1.70312500e-01
2.70096000e-06,1.30312500e+00,1.06250000e+00,-5.06250000e-02,-9.68750000e-02
2.70128000e-06,1.13125000e+00,1.13750000e+00,-1.50000000e-02,-1.37500000e-01
2.70160000e-06,1.19375000e+00,1.06250000e+00,-3.56250000e-02,-2.54687500e-01
2.70192000e-06,1.19375000e+00,1.10000000e+00,-4.06250000e-02,-2.01562500e-01
2.70224000e-06,1.23125000e+00,1.13750000e+00,-3.00000000e-02,-1.25781250e-01
2.70256000e-06,1.14375000e+00,1.12500000e+00,-6.25000000e-03,-1.50781250e-01
2.70288000e-06,1.28125000e+00,1.06250000e+00,-1.12500000e-02,-1.50781250e-01
2.70320000e-06,1.24375000e+00,1.15000000e+00,-1.87500000e-03,-2.05468750e-01
2.70352000e-06,1.16875000e+00,9.37500000e-01,-1.75000000e-02,-1.23437500e-01
2.70384000e-06,1.31562500e+00,1.01250000e+00,-4.12500000e-02,-7.03125000e-02
2.70416000e-06,1.35000000e+00,1.07500000e+00,-3.50000000e-02,-1.07031250e-01
2.70448000e-06,1.19375000e+00,1.13750000e+00,-1.18750000e-02,-1.25781250e-01
2.70480000e-06,1.23437500e+00,1.06250000e+00,-5.81250000e-02,-7.65625000e-02
2.70512000e-06,1.18125000e+00,1.11250000e+00,-8.75000000e-03,-9.68750000e-02
2.70544000e-06,1.24375000e+00,9.62500000e-01,-1.43750000e-02,-2.14843750e-01
2.70576000e-06,1.24375000e+00,1.15000000e+00,-5.00000000e-03,-1.57812500e-01
2.70608000e-06,1.21875000e+00,1.02500000e+00,-3.62500000e-02,-7.89062500e-02
2.70640000e-06,1.19375000e+00,1.08750000e+00,-4.56250000e-02,-1.23437500e-01
2.70672000e-06,1.14375000e+00,1.12500000e+00,-3.06250000e-02,-2.09375000e-01
2.70704000e-06,1.21875000e+00,1.05000000e+00,-1.87500000e-02,-1.78125000e-01
2.70736000e-06,1.24375000e+00,1.17500000e+00,-2.87500000e-02,-1.08593750e-01
2.70768000e-06,1.23437500e+00,1.05000000e+00,-2.62500000e-02,-1.42187500e-01
2.70800000e-06,1.24375000e+00,9.50000000e-01,-6.75000000e-02,-1.30468750e-01
2.70832000e-06,1.16875000e+00,1.13750000e+00,-1.62500000e-02,-1.59375000e-01
2.70864000e-06,1.20937500e+00,1.20000000e+00,-2.87500000e-02,-1.00000000e-01
2.70896000e-06,1.20625000e+00,9.87500000e-01,-3.12500000e-02,-7.81250000e-02
2.70928000e-06,1.21875000e+00,9.37500000e-01,-3.81250000e-02,-7.89062500e-02
2.70960000e-06,1.16875000e+00,1.12500000e+00,1.37500000e-02,-1.14062500e-01
2.70992000e-06,1.19375000e+00,1.05000000e+00,-1.87500000e-03,-1.28906250e-01
2.71024000e-06,1.15937500e+00,1.06250000e+00,-4.87500000e-02,-1.72656250e-01
2.71056000e-06,1.40312500e+00,1.16250000e+00,-3.75000000e-03,-1.39062500e-01
2.71088000e-06,1.23125000e+00,1.03750000e+00,1.50000000e-02,-7.57812500e-02
2.71120000e-06,1.24687500e+00,1.13750000e+00,-4.62500000e-02,-2.96875000e-02
2.71152000e-06,1.14687500e+00,1.03750000e+00,-8.75000000e-03,-1.75781250e-01
2.71184000e-06,1.28125000e+00,9.62500000e-01,-1.75000000e-02,-1.68750000e-01
2.71216000e-06,1.32812500e+00,1.07500000e+00,-3.56250000e-02,-7.42187500e-02
2.71248000e-06,1.31250000e+00,1.06250000e+00,-2.75000000e-02,-5.15625000e-02
2.71280000e-06,1.24375000e+00,9.75000000e-01,-6.25000000e-03,-1.28125000e-01
2.71312000e-06,1.25937500e+00,1.07500000e+00,-1.68750000e-02,-1.58593750e-01
2.71344000e-06,1.23125000e+00,1.13750000e+00,-1.93750000e-02,-1.14062500e-01
2.71376000e-06,1.24375000e+00,1.05000000e+00,-1.93750000e-02,-6.40625000e-02
2.71408000e-06,1.03125000e+00,1.06250000e+00,-4.37500000e-03,-1.08593750e-01
2.71440000e-06,1.19375000e+00,1.11250000e+00,-2.50000000e-03,-8.28125000e-02
2.71472000e-06,1.28437500e+00,9.25000000e-01,-5.37500000e-02,-4.45312500e-02
2.71504000e-06,1.33750000e+00,1.00000000e+00,-4.06250000e-02,-5.93750000e-02
2.71536000e-06,1.20625000e+00,1.01250000e+00,-2.12500000e-02,-8.67187500e-02
2.71568000e-06,1.20937500e+00,9.87500000e-01,-1.68750000e-02,-6.71875000e-02
2.71600000e-06,1.20625000e+00,1.08750000e+00,-1.43750000e-02,-4.68750000e-02
2.71632000e-06,1.26875000e+00,1.06250000e+00,0.00000000e+00,-6.64062500e-02
2.71664000e-06,1.16875000e+00,1.07500000e+00,-6.75000000e-02,-8.82812500e-02
2.71696000e-06,1.24375000e+00,1.15000000e+00,-1.43750000e-02,-4.92187500e-02
2.71728000e-06,1.15625000e+00,1.10000000e+00,-4.37500000e-02,-7.03125000e-03
2.71760000e-06,1.20937500e+00,1.12500000e+00,-3.75000000e-02,-8.20312500e-02
2.71792000e-06,1.26875000e+00,1.07500000e+00,-1.68750000e-02,-1.20312500e-01
2.71824000e-06,1.10625000e+00,1.07500000e+00,-4.56250000e-02,-5.39062500e-02
2.71856000e-06,1.19687500e+00,1.01250000e+00,-1.12500000e-02,-9.45312500e-02
2.71888000e-06,1.22187500e+00,9.75000000e-01,-4.12500000e-02,-1.17187500e-01
2.71920000e-06,1.31562500e+00,1.00000000e+00,-5.37500000e-02,-7.26562500e-02
2.71952000e-06,1.28125000e+00,1.16250000e+00,-3.31250000e-02,-2.42187500e-02
2.71984000e-06,1.28750000e+00,1.10000000e+00,-2.56250000e-02,1.32812500e-02
2.72016000e-06,1.39062500e+00,1.02500000e+00,-5.06250000e-02,0.00000000e+00
2.72048000e-06,1.21875000e+00,1.08750000e+00,-2.56250000e-02,-7.81250000e-02
2.72080000e-06,1.22187500e+00,1.00000000e+00,-2.12500000e-02,-7.34375000e-02
2.72112000e-06,1.28125000e+00,1.08750000e+00,-1.12500000e-02,1.17187500e-02
2.72144000e-06,1.20625000e+00,1.02500000e+00,-1.00000000e-02,-3.43750000e-02
2.72176000e-06,1.19375000e+00,1.08750000e+00,-7.00000000e-02,-1.43750000e-01
2.72208000e-06,1.31562500e+00,1.12500000e+00,-2.12500000e-02,-1.60156250e-01
2.72240000e-06,1.24375000e+00,1.15000000e+00,-6.87500000e-03,-1.28125000e-01
2.72272000e-06,1.25625000e+00,1.07500000e+00,-1.93750000e-02,-1.17968750e-01
2.72304000e-06,1.27500000e+00,9.00000000e-01,-1.25000000e-02,-8.20312500e-02
2.72336000e-06,1.24375000e+00,1.00000000e+00,-4.87500000e-02,-9.53125000e-02
2.72368000e-06,1.06875000e+00,1.08750000e+00,-1.12500000e-02,-4.68750000e-03
2.72400000e-06,1.17187500e+00,1.02500000e+00,-9.37500000e-03,2.89062500e-02
2.72432000e-06,1.14375000e+00,1.01250000e+00,-1.50000000e-02,-4.21875000e-02
2.72464000e-06,1.25625000e+00,9.00000000e-01,-4.62500000e-02,-1.20312500e-01
2.72496000e-06,1.11875000e+00,1.12500000e+00,-3.75000000e-03,-1.87500000e-02
2.72528000e-06,1.25625000e+00,1.10000000e+00,-5.12500000e-02,-2.34375000e-02
2.72560000e-06,1.23125000e+00,1.16250000e+00,8.12500000e-03,-9.37500000e-02
2.72592000e-06,1.14375000e+00,9.12500000e-01,-1.31250000e-02,-1.09375000e-01
2.72624000e-06,1.14375000e+00,1.10000000e+00,-4.87500000e-02,-8.59375000e-02
2.72656000e-06,1.18125000e+00,1.08750000e+00,-5.06250000e-02,-1.15625000e-01
2.72688000e-06,1.10625000e+00,1.01250000e+00,-4.56250000e-02,-7.73437500e-02
2.72720000e-06,1.25625000e+00,1.15000000e+00,1.25000000e-03,-7.26562500e-02
2.72752000e-06,1.23125000e+00,1.16250000e+00,8.12500000e-03,-1.07031250e-01
2.72784000e-06,1.19375000e+00,1.05000000e+00,-4.37500000e-02,-8.04687500e-02
2.72816000e-06,1.31562500e+00,1.05000000e+00,-1.18750000e-02,-6.95312500e-02
2.72848000e-06,1.28125000e+00,1.03750000e+00,-4.43750000e-02,-9.37500000e-02
2.72880000e-06,1.32812500e+00,1.06250000e+00,-1.68750000e-02,-1.14843750e-01
2.72912000e-06,1.33125000e+00,9.12500000e-01,-1.75000000e-02,-1.11718750e-01
2.72944000e-06,1.16875000e+00,1.08750000e+00,-6.87500000e-03,-9.68750000e-02
2.72976000e-06,1.17500000e+00,1.08750000e+00,-2.18750000e-02,-1.29687500e-01
2.73008000e-06,1.35625000e+00,1.08750000e+00,-1.43750000e-02,-1.00781250e-01
2.73040000e-06,1.30312500e+00,1.03750000e+00,-5.00000000e-03,-2.65625000e-02
2.73072000e-06,1.30312500e+00,1.15000000e+00,-3.62500000e-02,-8.12500000e-02
2.73104000e-06,1.17187500e+00,1.02500000e+00,-3.81250000e-02,-1.35156250e-01
2.73136000e-06,1.17187500e+00,1.10000000e+00,-1.12500000e-02,-1.07031250e-01
2.73168000e-06,1.31562500e+00,1.01250000e+00,-1.75000000e-02,-5.62500000e-02
2.73200000e-06,1.15625000e+00,1.06250000e+00,-3.31250000e-02,-1.11718750e-01
2.73232000e-06,1.14375000e+00,1.05000000e+00,1.12500000e-02,-1.53906250e-01
2.73264000e-06,1.25000000e+00,1.16250000e+00,-3.81250000e-02,-1.12500000e-01
2.73296000e-06,1.45312500e+00,1.15000000e+00,-3.37500000e-02,-2.57812500e-02
2.73328000e-06,1.16875000e+00,1.05000000e+00,-4.62500000e-02,-5.62500000e-02
2.73360000e-06,1.25000000e+00,9.50000000e-01,-8.75000000e-03,-9.60937500e-02
2.73392000e-06,1.30312500e+00,9.75000000e-01,0.00000000e+00,-1.20312500e-01
2.73424000e-06,1.21875000e+00,1.02500000e+00,-4.31250000e-02,-3.20312500e-02
2.73456000e-06,1.18437500e+00,1.05000000e+00,-2.56250000e-02,1.48437500e-02
2.73488000e-06,1.28437500e+00,1.10000000e+00,-2.18750000e-02,-4.76562500e-02
2.73520000e-06,1.36562500e+00,1.06250000e+00,-2.31250000e-02,-3.67187500e-02
2.73552000e-06,1.31250000e+00,1.08750000e+00,-1.43750000e-02,-3.35937500e-02
2.73584000e-06,1.20937500e+00,1.13750000e+00,-2.00000000e-02,-8.59375000e-02
2.73616000e-06,1.12187500e+00,1.02500000e+00,-3.56250000e-02,-1.31250000e-01
2.73648000e-06,1.08125000e+00,1.11250000e+00,-1.12500000e-02,-1.63281250e-01
2.73680000e-06,1.20625000e+00,1.06250000e+00,-6.25000000e-03,-1.32031250e-01
2.73712000e-06,1.11875000e+00,1.03750000e+00,-2.18750000e-02,-1.05468750e-01
2.73744000e-06,1.16875000e+00,1.11250000e+00,-1.43750000e-02,-1.06250000e-01
2.73776000e-06,1.23125000e+00,1.11250000e+00,-9.37500000e-03,-1.60156250e-01
2.73808000e-06,1.35000000e+00,1.13750000e+00,-1.68750000e-02,-1.85937500e-01
2.73840000e-06,1.15625000e+00,1.10000000e+00,-2.87500000e-02,-1.07031250e-01
2.73872000e-06,1.24375000e+00,1.13750000e+00,-5.87500000e-02,-1.40625000e-01
2.73904000e-06,1.24375000e+00,1.10000000e+00,-2.00000000e-02,-1.50000000e-01
2.73936000e-06,1.25937500e+00,1.03750000e+00,-4.62500000e-02,-2.14062500e-01
2.73968000e-06,1.18125000e+00,1.13750000e+00,6.25000000e-03,-2.17968750e-01
2.74000000e-06,1.10625000e+00,1.00000000e+00,-1.68750000e-02,-8.75000000e-02
2.74032000e-06,1.22187500e+00,1.00000000e+00,-4.37500000e-03,-6.40625000e-02
2.74064000e-06,1.25625000e+00,1.05000000e+00,-2.00000000e-02,-1.57031250e-01
2.74096000e-06,1.37812500e+00,1.15000000e+00,-1.68750000e-02,-1.75000000e-01
2.74128000e-06,1.28125000e+00,1.07500000e+00,-2.62500000e-02,-1.03125000e-01
2.74160000e-06,1.16875000e+00,1.08750000e+00,-3.87500000e-02,-1.10937500e-01
2.74192000e-06,1.25000000e+00,9.75000000e-01,-4.12500000e-02,-1.73437500e-01
2.74224000e-06,1.28125000e+00,1.00000000e+00,-4.81250000e-02,-1.36718750e-01
2.74256000e-06,1.23125000e+00,1.13750000e+00,-6.25000000e-03,-1.16406250e-01
2.74288000e-06,1.17187500e+00,1.13750000e+00,-1.18750000e-02,-5.78125000e-02
2.74320000e-06,1.23125000e+00,1.08750000e+00,-2.81250000e-02,-3.51562500e-02
2.74352000e-06,1.10625000e+00,1.16250000e+00,-1.75000000e-02,-1.53125000e-01
2.74384000e-06,1.18437500e+00,9.50000000e-01,-3.12500000e-02,-2.34375000e-01
2.74416000e-06,1.23125000e+00,1.01250000e+00,-3.56250000e-02,-1.62500000e-01
2.74448000e-06,1.20937500e+00,1.00000000e+00,-1.87500000e-02,-9.53125000e-02
2.74480000e-06,1.30312500e+00,1.13750000e+00,3.06250000e-02,-8.67187500e-02
2.74512000e-06,1.23125000e+00,1.12500000e+00,-1.18750000e-02,-7.50000000e-02
2.74544000e-06,1.14687500e+00,1.05000000e+00,-1.93750000e-02,3.90625000e-03
2.74576000e-06,1.15625000e+00,1.10000000e+00,-4.87500000e-02,-1.25000000e-02
2.74608000e-06,1.21875000e+00,1.06250000e+00,-2.56250000e-02,-1.11718750e-01
2.74640000e-06,1.25625000e+00,1.12500000e+00,-9.37500000e-03,-1.52343750e-01
2.74672000e-06,1.25625000e+00,1.08750000e+00,-3.81250000e-02,-1.62500000e-01
2.74704000e-06,1.26875000e+00,9.75000000e-01,-1.18750000e-02,-1.56250000e-01
2.74736000e-06,1.20625000e+00,1.10000000e+00,-1.56250000e-02,-1.05468750e-01
2.74768000e-06,1.20625000e+00,1.03750000e+00,-1.43750000e-02,-7.03125000e-02
2.74800000e-06,1.14375000e+00,1.11250000e+00,-9.37500000e-03,-8.98437500e-02
2.74832000e-06,1.24375000e+00,1.03750000e+00,-2.18750000e-02,-1.23437500e-01
2.74864000e-06,1.19375000e+00,1.06250000e+00,-9.37500000e-03,-1.19531250e-01
2.74896000e-06,1.18125000e+00,9.75000000e-01,-5.12500000e-02,-1.42968750e-01
2.74928000e-06,1.25625000e+00,1.01250000e+00,-3.87500000e-02,-1.85937500e-01
2.74960000e-06,1.10625000e+00,1.05000000e+00,-2.87500000e-02,-9.37500000e-02
2.74992000e-06,1.19375000e+00,1.10000000e+00,-4.56250000e-02,-1.13281250e-01
2.75024000e-06,1.18125000e+00,1.08750000e+00,-3.50000000e-02,-1.88281250e-01
2.75056000e-06,1.04375000e+00,1.07500000e+00,-1.37500000e-02,-2.03906250e-01
2.75088000e-06,1.23125000e+00,1.08750000e+00,-2.50000000e-02,-1.25781250e-01
2.75120000e-06,1.23125000e+00,1.01250000e+00,-1.87500000e-03,-1.45312500e-01
2.75152000e-06,1.16875000e+00,9.75000000e-01,-3.87500000e-02,-1.65625000e-01
2.75184000e-06,1.35312500e+00,1.02500000e+00,-4.12500000e-02,-1.32812500e-01
2.75216000e-06,1.28125000e+00,8.37500000e-01,-3.06250000e-02,-1.79687500e-01
2.75248000e-06,1.15625000e+00,1.07500000e+00,1.25000000e-03,-2.44531250e-01
2.75280000e-06,1.22187500e+00,1.15000000e+00,3.75000000e-03,-1.83593750e-01
2.75312000e-06,1.21875000e+00,1.07500000e+00,1.06250000e-02,-1.01562500e-01
2.75344000e-06,1.31250000e+00,1.07500000e+00,-3.62500000e-02,-7.73437500e-02
2.75376000e-06,1.31250000e+00,1.02500000e+00,-3.56250000e-02,-9.84375000e-02
2.75408000e-06,1.20625000e+00,1.06250000e+00,-4.37500000e-03,-6.25000000e-02
2.75440000e-06,1.19375000e+00,1.16250000e+00,2.37500000e-02,-1.70312500e-01
2.75472000e-06,1.13125000e+00,1.07500000e+00,-2.25000000e-02,-2.29687500e-01
2.75504000e-06,1.24375000e+00,1.07500000e+00,-3.87500000e-02,-1.79687500e-01
2.75536000e-06,1.23125000e+00,1.02500000e+00,-2.81250000e-02,-1.10156250e-01
2.75568000e-06,1.13125000e+00,1.15000000e+00,-3.06250000e-02,-1.50781250e-01
2.75600000e-06,1.25625000e+00,1.08750000e+00,-3.81250000e-02,-1.89843750e-01
2.75632000e-06,1.22187500e+00,1.01250000e+00,-2.18750000e-02,-1.36718750e-01
2.75664000e-06,1.30000000e+00,9.25000000e-01,-1.18750000e-02,-1.26562500e-01
2.75696000e-06,1.11875000e+00,1.15000000e+00,-7.50000000e-03,-1.24218750e-01
2.75728000e-06,1.18750000e+00,9.75000000e-01,-1.43750000e-02,-1.45312500e-01
2.75760000e-06,1.31250000e+00,1.02500000e+00,-2.62500000e-02,-1.93750000e-01
2.75792000e-06,1.13125000e+00,1.11250000e+00,-3.31250000e-02,-1.33593750e-01
2.75824000e-06,1.05937500e+00,1.03750000e+00,-1.43750000e-02,-1.42968750e-01
2.75856000e-06,1.31562500e+00,9.00000000e-01,-1.62500000e-02,-1.43750000e-01
2.75888000e-06,1.15625000e+00,9.50000000e-01,8.12500000e-03,-1.20312500e-01
2.75920000e-06,1.22187500e+00,1.03750000e+00,-1.87500000e-03,-6.87500000e-02
2.75952000e-06,1.24687500e+00,1.01250000e+00,-1.43750000e-02,-1.53125000e-01
2.75984000e-06,1.10625000e+00,9.37500000e-01,5.62500000e-03,-1.44531250e-01
2.76016000e-06,1.24687500e+00,1.00000000e+00,-9.37500000e-03,-1.63281250e-01
2.76048000e-06,1.25937500e+00,1.08750000e+00,-9.37500000e-03,-2.64062500e-01
2.76080000e-06,1.40312500e+00,1.07500000e+00,-1.93750000e-02,-1.89062500e-01
2.76112000e-06,1.30000000e+00,1.11250000e+00,-3.37500000e-02,-1.59375000e-01
2.76144000e-06,1.28750000e+00,1.16250000e+00,-1.18750000e-02,-1.16406250e-01
2.76176000e-06,1.32812500e+00,9.87500000e-01,-2.00000000e-02,-8.28125000e-02
2.76208000e-06,1.15625000e+00,1.17500000e+00,-2.00000000e-02,-1.52343750e-01
2.76240000e-06,1.26250000e+00,1.11250000e+00,-4.12500000e-02,-1.03125000e-01
2.76272000e-06,1.20625000e+00,1.06250000e+00,-2.12500000e-02,-6.64062500e-02
2.76304000e-06,1.22187500e+00,1.01250000e+00,3.12500000e-03,-1.00781250e-01
2.76336000e-06,1.37812500e+00,1.15000000e+00,-4.37500000e-03,-1.35937500e-01
2.76368000e-06,1.08125000e+00,1.12500000e+00,-2.18750000e-02,-1.74218750e-01
2.76400000e-06,1.18437500e+00,1.16250000e+00,-7.50000000e-03,-1.43750000e-01
2.76432000e-06,1.26875000e+00,1.05000000e+00,-5.62500000e-02,-1.01562500e-01
2.76464000e-06,1.21875000e+00,1.11250000e+00,-2.81250000e-02,-1.08593750e-01
2.76496000e-06,1.11875000e+00,9.25000000e-01,-1.62500000e-02,-1.06250000e-01
2.76528000e-06,1.23125000e+00,1.05000000e+00,-6.87500000e-03,-9.84375000e-02
2.76560000e-06,1.19375000e+00,1.07500000e+00,-1.68750000e-02,-1.12500000e-01
2.76592000e-06,1.21875000e+00,1.12500000e+00,-1.87500000e-03,-1.29687500e-01
2.76624000e-06,1.30000000e+00,1.08750000e+00,-1.87500000e-03,-1.72656250e-01
2.76656000e-06,1.30000000e+00,1.02500000e+00,-1.87500000e-03,-2.06250000e-01
2.76688000e-06,1.23125000e+00,1.08750000e+00,-2.81250000e-02,-1.36718750e-01
2.76720000e-06,1.16875000e+00,1.01250000e+00,-1.18750000e-02,-1.35156250e-01
2.76752000e-06,1.13125000e+00,1.08750000e+00,-3.06250000e-02,-1.42968750e-01
2.76784000e-06,1.11875000e+00,1.08750000e+00,-7.50000000e-03,-1.39843750e-01
2.76816000e-06,1.14375000e+00,1.00000000e+00,-2.81250000e-02,-1.19531250e-01
2.76848000e-06,1.37812500e+00,1.00000000e+00,-9.37500000e-03,-9.84375000e-02
2.76880000e-06,1.32500000e+00,9.50000000e-01,-3.81250000e-02,-7.34375000e-02
2.76912000e-06,1.20625000e+00,1.11250000e+00,-1.37500000e-02,-9.92187500e-02
2.76944000e-06,1.25937500e+00,1.08750000e+00,-1.68750000e-02,-1.42968750e-01
2.76976000e-06,1.24375000e+00,1.06250000e+00,-2.25000000e-02,-1.81250000e-01
2.77008000e-06,1.21875000e+00,1.02500000e+00,-5.37500000e-02,-2.06250000e-01
2.77040000e-06,1.20625000e+00,1.00000000e+00,-3.75000000e-02,-2.11718750e-01
2.77072000e-06,1.35312500e+00,1.15000000e+00,-1.12500000e-02,-1.71093750e-01
2.77104000e-06,1.25625000e+00,9.62500000e-01,-1.37500000e-02,-1.25781250e-01
2.77136000e-06,1.19375000e+00,1.06250000e+00,-2.00000000e-02,-1.78906250e-01
2.77168000e-06,1.05937500e+00,1.18750000e+00,-1.93750000e-02,-1.67968750e-01
2.77200000e-06,1.28437500e+00,9.12500000e-01,3.12500000e-03,-1.62500000e-01
2.77232000e-06,1.28125000e+00,1.03750000e+00,1.31250000e-02,-2.40625000e-01
2.77264000e-06,1.20625000e+00,1.05000000e+00,-2.62500000e-02,-2.35156250e-01
2.77296000e-06,1.14687500e+00,1.00000000e+00,-2.81250000e-02,-2.28125000e-01
2.77328000e-06,1.24375000e+00,1.11250000e+00,-3.12500000e-02,-1.83593750e-01
2.77360000e-06,1.23437500e+00,1.11250000e+00,-4.00000000e-02,-1.13281250e-01
2.77392000e-06,1.35312500e+00,1.18750000e+00,-4.37500000e-03,-1.28125000e-01
2.77424000e-06,1.21875000e+00,1.18750000e+00,1.12500000e-02,-1.46093750e-01
2.77456000e-06,1.23437500e+00,1.00000000e+00,-3.37500000e-02,-9.37500000e-02
2.77488000e-06,1.12187500e+00,1.08750000e+00,-9.37500000e-03,-1.51562500e-01
2.77520000e-06,1.15625000e+00,9.75000000e-01,9.37500000e-03,-1.99218750e-01
2.77552000e-06,1.21875000e+00,1.06250000e+00,-5.62500000e-02,-2.27343750e-01
2.77584000e-06,1.24375000e+00,1.20000000e+00,-2.50000000e-02,-2.35156250e-01
2.77616000e-06,1.21875000e+00,1.05000000e+00,-1.37500000e-02,-1.46875000e-01
2.77648000e-06,1.32500000e+00,9.75000000e-01,-3.75000000e-03,-7.81250000e-02
2.77680000e-06,1.24375000e+00,1.07500000e+00,-3.37500000e-02,-9.37500000e-02
2.77712000e-06,1.23125000e+00,1.11250000e+00,-3.62500000e-02,-1.72656250e-01
2.77744000e-06,1.23125000e+00,1.10000000e+00,-1.68750000e-02,-1.92187500e-01
2.77776000e-06,1.25625000e+00,1.00000000e+00,-2.00000000e-02,-1.21093750e-01
2.77808000e-06,1.26875000e+00,8.62500000e-01,-2.81250000e-02,-9.53125000e-02
2.77840000e-06,1.23125000e+00,1.07500000e+00,-6.25000000e-03,-1.50781250e-01
2.77872000e-06,1.19375000e+00,1.26250000e+00,-1.37500000e-02,-2.22656250e-01
2.77904000e-06,1.18125000e+00,1.15000000e+00,-1.43750000e-02,-1.50781250e-01
2.77936000e-06,1.19687500e+00,1.02500000e+00,-3.12500000e-02,-1.31250000e-01
2.77968000e-06,1.31250000e+00,9.62500000e-01,-3.06250000e-02,-8.75000000e-02
2.78000000e-06,1.19375000e+00,1.07500000e+00,-1.93750000e-02,-1.38281250e-01
2.78032000e-06,1.12187500e+00,8.50000000e-01,1.25000000e-03,-1.21875000e-01
2.78064000e-06,1.04375000e+00,1.07500000e+00,2.06250000e-02,-5.54687500e-02
2.78096000e-06,1.00625000e+00,1.11250000e+00,-2.25000000e-02,-5.93750000e-02
2.78128000e-06,1.20625000e+00,1.15000000e+00,-1.43750000e-02,-1.10937500e-01
2.78160000e-06,1.30000000e+00,9.50000000e-01,-5.37500000e-02,-1.67187500e-01
2.78192000e-06,1.06875000e+00,1.11250000e+00,-2.81250000e-02,-2.16406250e-01
2.78224000e-06,1.28437500e+00,1.03750000e+00,-1.75000000e-02,-1.87500000e-01
2.78256000e-06,1.19375000e+00,1.01250000e+00,-3.56250000e-02,-1.57812500e-01
2.78288000e-06,1.21875000e+00,1.05000000e+00,-5.81250000e-02,-8.28125000e-02
2.78320000e-06,1.15937500e+00,1.16250000e+00,-3.25000000e-02,-8.12500000e-02
2.78352000e-06,1.19375000e+00,1.08750000e+00,-1.37500000e-02,-1.62500000e-01
2.78384000e-06,1.26875000e+00,9.62500000e-01,-1.62500000e-02,-2.10156250e-01
2.78416000e-06,1.26875000e+00,9.75000000e-01,-3.12500000e-02,-2.00781250e-01
2.78448000e-06,1.16875000e+00,1.12500000e+00,-3.37500000e-02,-8.35937500e-02
2.78480000e-06,1.24375000e+00,1.18750000e+00,-1.50000000e-02,-7.03125000e-03
2.78512000e-06,1.24375000e+00,1.10000000e+00,-5.37500000e-02,-3.82812500e-02
2.78544000e-06,1.31562500e+00,1.05000000e+00,-3.00000000e-02,-8.12500000e-02
2.78576000e-06,1.16875000e+00,1.03750000e+00,1.56250000e-02,-1.08593750e-01
2.78608000e-06,1.06875000e+00,1.01250000e+00,-5.56250000e-02,-1.17968750e-01
2.78640000e-06,1.15937500e+00,1.02500000e+00,-2.50000000e-02,-1.10937500e-01
2.78672000e-06,1.18125000e+00,1.11250000e+00,-2.75000000e-02,-6.48437500e-02
2.78704000e-06,1.23125000e+00,1.07500000e+00,1.25000000e-03,-8.90625000e-02
2.78736000e-06,1.32500000e+00,1.06250000e+00,-2.25000000e-02,-1.19531250e-01
2.78768000e-06,1.20625000e+00,1.10000000e+00,-4.56250000e-02,-1.49218750e-01
2.78800000e-06,1.05625000e+00,1.03750000e+00,1.12500000e-02,-1.11718750e-01
2.78832000e-06,1.14375000e+00,1.06250000e+00,-1.18750000e-02,-6.48437500e-02
2.78864000e-06,1.20625000e+00,1.11250000e+00,-9.37500000e-03,-1.23437500e-01
2.78896000e-06,1.10625000e+00,9.37500000e-01,-2.87500000e-02,-1.38281250e-01
2.78928000e-06,1.23125000e+00,1.00000000e+00,-4.06250000e-02,-9.06250000e-02
2.78960000e-06,1.04375000e+00,1.06250000e+00,-9.37500000e-03,-8.12500000e-02
2.78992000e-06,1.16875000e+00,1.08750000e+00,-1.12500000e-02,-1.46093750e-01
2.79024000e-06,1.24687500e+00,1.05000000e+00,-2.00000000e-02,-1.32031250e-01
2.79056000e-06,1.23125000e+00,1.05000000e+00,-2.56250000e-02,-1.75000000e-01
2.79088000e-06,1.10625000e+00,1.08750000e+00,-2.75000000e-02,-9.76562500e-02
2.79120000e-06,1.30625000e+00,9.50000000e-01,1.25000000e-03,-9.29687500e-02
2.79152000e-06,1.23125000e+00,1.18750000e+00,-5.12500000e-02,-1.89062500e-01
2.79184000e-06,1.13125000e+00,1.00000000e+00,-1.43750000e-02,-1.93750000e-01
2.79216000e-06,1.22187500e+00,9.25000000e-01,-2.06250000e-02,-1.57812500e-01
2.79248000e-06,1.19375000e+00,9.62500000e-01,-1.93750000e-02,-1.60937500e-01
2.79280000e-06,1.28437500e+00,1.15000000e+00,-1.25000000e-02,-1.09375000e-01
2.79312000e-06,1.35000000e+00,1.07500000e+00,-2.81250000e-02,-1.25781250e-01
2.79344000e-06,1.16875000e+00,1.03750000e+00,-3.31250000e-02,-1.25781250e-01
2.79376000e-06,1.18437500e+00,1.08750000e+00,-1.87500000e-02,-1.42968750e-01
2.79408000e-06,1.21875000e+00,1.03750000e+00,-1.00000000e-02,-1.67968750e-01
2.79440000e-06,1.31250000e+00,1.01250000e+00,-3.12500000e-02,-1.92187500e-01
2.79472000e-06,1.20625000e+00,1.01250000e+00,-3.87500000e-02,-1.69531250e-01
2.79504000e-06,1.13125000e+00,9.50000000e-01,-1.93750000e-02,-1.05468750e-01
2.79536000e-06,1.18125000e+00,1.01250000e+00,2.06250000e-02,-9.68750000e-02
2.79568000e-06,1.21875000e+00,1.00000000e+00,-2.87500000e-02,-1.53125000e-01
2.79600000e-06,1.19375000e+00,1.03750000e+00,-2.25000000e-02,-1.28125000e-01
2.79632000e-06,1.17187500e+00,9.25000000e-01,-5.18750000e-02,-8.67187500e-02
2.79664000e-06,1.41562500e+00,8.75000000e-01,-5.81250000e-02,-1.32031250e-01
2.79696000e-06,1.28125000e+00,1.10000000e+00,-1.62500000e-02,-1.58593750e-01
2.79728000e-06,1.28437500e+00,1.03750000e+00,-3.37500000e-02,-1.10937500e-01
2.79760000e-06,1.24687500e+00,9.12500000e-01,-3.06250000e-02,-6.95312500e-02
2.79792000e-06,1.24375000e+00,9.87500000e-01,-3.62500000e-02,-1.89843750e-01
2.79824000e-06,1.09375000e+00,1.13750000e+00,-4.25000000e-02,-1.19531250e-01
2.79856000e-06,1.30312500e+00,9.75000000e-01,-1.43750000e-02,-9.76562500e-02
2.79888000e-06,1.26875000e+00,1.08750000e+00,-1.62500000e-02,-1.01562500e-01
2.79920000e-06,1.18125000e+00,1.08750000e+00,-1.93750000e-02,-1.17187500e-01
2.79952000e-06,1.23437500e+00,1.03750000e+00,-1.68750000e-02,-8.75000000e-02
2.79984000e-06,1.20625000e+00,1.05000000e+00,2.00000000e-02,-1.02343750e-01
2.80016000e-06,1.20625000e+00,9.37500000e-01,-5.87500000e-02,-1.57031250e-01
2.80048000e-06,1.20625000e+00,1.00000000e+00,-2.81250000e-02,-1.28125000e-01
2.80080000e-06,1.28437500e+00,9.25000000e-01,-4.50000000e-02,-1.74218750e-01
2.80112000e-06,1.21875000e+00,1.01250000e+00,2.12500000e-02,-1.10937500e-01
2.80144000e-06,1.11875000e+00,1.05000000e+00,-1.43750000e-02,-1.27343750e-01
2.80176000e-06,1.12500000e+00,1.25000000e+00,-4.37500000e-02,-1.64062500e-01
2.80208000e-06,1.37500000e+00,1.05000000e+00,-3.31250000e-02,-5.46875000e-02
2.80240000e-06,1.23125000e+00,1.08750000e+00,-1.62500000e-02,-3.82812500e-02
2.80272000e-06,1.17187500e+00,1.00000000e+00,-1.87500000e-03,-6.48437500e-02
2.80304000e-06,1.15625000e+00,1.15000000e+00,-5.00000000e-03,-1.46875000e-01
2.80336000e-06,1.35000000e+00,1.03750000e+00,-5.12500000e-02,-1.55468750e-01
2.80368000e-06,1.04375000e+00,9.50000000e-01,-2.12500000e-02,-1.17968750e-01
2.80400000e-06,1.16875000e+00,1.02500000e+00,-4.37500000e-03,-7.96875000e-02
2.80432000e-06,1.31250000e+00,1.13750000e+00,-5.00000000e-03,-1.15625000e-01
2.80464000e-06,1.23125000e+00,1.03750000e+00,-4.87500000e-02,-1.28125000e-01
2.80496000e-06,1.20625000e+00,1.00000000e+00,-1.93750000e-02,-1.53125000e-01
2.80528000e-06,1.16875000e+00,1.15000000e+00,-4.87500000e-02,-2.00000000e-01
2.80560000e-06,1.14375000e+00,1.07500000e+00,-3.75000000e-03,-1.41406250e-01
2.80592000e-06,1.15625000e+00,9.12500000e-01,-3.37500000e-02,-1.09375000e-01
2.80624000e-06,1.24375000e+00,1.10000000e+00,-6.87500000e-03,-9.37500000e-02
2.80656000e-06,1.23125000e+00,1.05000000e+00,-2.50000000e-03,-1.29687500e-01
2.80688000e-06,1.10625000e+00,9.75000000e-01,-4.62500000e-02,-9.45312500e-02
2.80720000e-06,1.28125000e+00,1.13750000e+00,-3.87500000e-02,-1.15625000e-01
2.80752000e-06,1.20625000e+00,1.07500000e+00,-1.43750000e-02,-1.14843750e-01
2.80784000e-06,1.20625000e+00,9.00000000e-01,6.25000000e-04,-1.53906250e-01
2.80816000e-06,1.10625000e+00,1.03750000e+00,-1.18750000e-02,-1.34375000e-01
2.80848000e-06,1.16875000e+00,1.06250000e+00,-2.18750000e-02,-1.14062500e-01
2.80880000e-06,1.11875000e+00,1.07500000e+00,-3.62500000e-02,-1.33593750e-01
2.80912000e-06,1.23125000e+00,1.02500000e+00,-1.93750000e-02,-7.57812500e-02
2.80944000e-06,1.14375000e+00,1.02500000e+00,0.00000000e+00,-8.90625000e-02
2.80976000e-06,1.24375000e+00,1.05000000e+00,-3.87500000e-02,-5.78125000e-02
2.81008000e-06,1.23125000e+00,1.16250000e+00,-2.87500000e-02,-3.28125000e-02
2.81040000e-06,1.27187500e+00,1.06250000e+00,-3.87500000e-02,-1.39843750e-01
2.81072000e-06,1.25625000e+00,1.08750000e+00,-1.37500000e-02,-1.50000000e-01
2.81104000e-06,1.21875000e+00,1.00000000e+00,1.06250000e-02,-8.75000000e-02
2.81136000e-06,1.07187500e+00,1.03750000e+00,-1.25000000e-02,-6.48437500e-02
2.81168000e-06,1.15625000e+00,1.10000000e+00,-4.12500000e-02,-3.98437500e-02
2.81200000e-06,1.23437500e+00,9.75000000e-01,-1.12500000e-02,-4.53125000e-02
2.81232000e-06,1.26875000e+00,1.08750000e+00,-3.62500000e-02,-8.04687500e-02
2.81264000e-06,1.10625000e+00,1.08750000e+00,-1.93750000e-02,-3.90625000e-02
2.81296000e-06,1.26250000e+00,9.50000000e-01,-2.93750000e-02,-6.48437500e-02
2.81328000e-06,1.23125000e+00,1.02500000e+00,-4.12500000e-02,-3.59375000e-02
2.81360000e-06,1.15625000e+00,1.11250000e+00,-4.37500000e-02,-7.34375000e-02
2.81392000e-06,1.15937500e+00,1.13750000e+00,-8.75000000e-03,-1.08593750e-01
2.81424000e-06,1.28125000e+00,1.15000000e+00,-2.81250000e-02,-8.67187500e-02
2.81456000e-06,1.14375000e+00,1.01250000e+00,-9.37500000e-03,-6.17187500e-02
2.81488000e-06,1.24375000e+00,1.12500000e+00,-3.37500000e-02,-5.00000000e-02
2.81520000e-06,1.13125000e+00,1.12500000e+00,-1.68750000e-02,-8.67187500e-02
2.81552000e-06,1.19375000e+00,1.05000000e+00,-1.56250000e-02,-1.09375000e-01
2.81584000e-06,1.21875000e+00,1.02500000e+00,-3.12500000e-02,-9.14062500e-02
2.81616000e-06,1.15625000e+00,1.02500000e+00,-1.37500000e-02,-7.10937500e-02
2.81648000e-06,9.81250000e-01,1.11250000e+00,-3.37500000e-02,-9.06250000e-02
2.81680000e-06,1.15625000e+00,1.16250000e+00,-4.62500000e-02,-6.48437500e-02
2.81712000e-06,1.18125000e+00,1.10000000e+00,-4.31250000e-02,-1.42187500e-01
2.81744000e-06,1.32500000e+00,1.02500000e+00,-3.75000000e-03,-1.77343750e-01
2.81776000e-06,1.11875000e+00,1.07500000e+00,-1.37500000e-02,-1.32031250e-01
2.81808000e-06,1.37812500e+00,1.03750000e+00,3.12500000e-03,-2.04687500e-01
2.81840000e-06,1.24375000e+00,1.02500000e+00,-3.12500000e-02,-1.84375000e-01
2.81872000e-06,1.15625000e+00,9.50000000e-01,-1.68750000e-02,-6.48437500e-02
2.81904000e-06,1.08437500e+00,1.11250000e+00,-1.75000000e-02,-1.17187500e-01
2.81936000e-06,1.19687500e+00,1.13750000e+00,0.00000000e+00,-1.01562500e-01
2.81968000e-06,1.26875000e+00,1.12500000e+00,-8.06250000e-02,-7.81250000e-02
2.82000000e-06,1.15625000e+00,9.75000000e-01,-3.50000000e-02,-1.51562500e-01
2.82032000e-06,1.18437500e+00,8.50000000e-01,2.87500000e-02,-1.43750000e-01
2.82064000e-06,1.30312500e+00,1.07500000e+00,-3.37500000e-02,-7.03125000e-02
2.82096000e-06,1.33750000e+00,1.00000000e+00,-3.06250000e-02,-7.96875000e-02
2.82128000e-06,1.00625000e+00,9.75000000e-01,-1.43750000e-02,-7.26562500e-02
2.82160000e-06,1.05937500e+00,9.37500000e-01,-1.12500000e-02,-1.23437500e-01
2.82192000e-06,1.19375000e+00,1.02500000e+00,3.12500000e-03,-1.60156250e-01
2.82224000e-06,1.10625000e+00,9.62500000e-01,-2.00000000e-02,-5.93750000e-02
2.82256000e-06,1.18125000e+00,1.10000000e+00,-2.18750000e-02,-3.35937500e-02
2.82288000e-06,1.19375000e+00,1.12500000e+00,-6.87500000e-03,-2.89062500e-02
2.82320000e-06,1.13125000e+00,1.10000000e+00,-3.37500000e-02,-4.60937500e-02
2.82352000e-06,1.18125000e+00,1.07500000e+00,-3.31250000e-02,-1.28906250e-01
2.82384000e-06,1.27187500e+00,9.37500000e-01,-1.87500000e-03,-2.26562500e-01
2.82416000e-06,1.30000000e+00,1.06250000e+00,-4.31250000e-02,-2.10937500e-01
2.82448000e-06,1.25625000e+00,1.18750000e+00,-1.87500000e-03,-1.35937500e-01
2.82480000e-06,1.19687500e+00,1.07500000e+00,-2.25000000e-02,-1.11718750e-01
2.82512000e-06,1.25625000e+00,9.75000000e-01,-3.12500000e-02,-1.31250000e-01
2.82544000e-06,1.35312500e+00,1.06250000e+00,-3.12500000e-02,-1.04687500e-01
2.82576000e-06,1.25625000e+00,1.06250000e+00,-3.37500000e-02,-1.36718750e-01
2.82608000e-06,1.23125000e+00,9.87500000e-01,-2.75000000e-02,-1.92968750e-01
2.82640000e-06,1.22187500e+00,1.08750000e+00,-6.25000000e-03,-8.75000000e-02
2.82672000e-06,1.14375000e+00,1.05000000e+00,-3.06250000e-02,-3.98437500e-02
2.82704000e-06,1.18125000e+00,1.08750000e+00,-9.37500000e-03,-7.18750000e-02
2.82736000e-06,1.15625000e+00,1.00000000e+00,7.50000000e-03,-1.56250000e-02
2.82768000e-06,1.13125000e+00,1.05000000e+00,-1.93750000e-02,-7.65625000e-02
2.82800000e-06,1.25937500e+00,9.87500000e-01,-2.56250000e-02,-1.16406250e-01
2.82832000e-06,1.26875000e+00,9.75000000e-01,-6.87500000e-03,-9.53125000e-02
2.82864000e-06,1.13125000e+00,1.06250000e+00,-1.75000000e-02,-7.42187500e-02
2.82896000e-06,1.24687500e+00,1.01250000e+00,-2.87500000e-02,-8.20312500e-02
2.82928000e-06,1.18125000e+00,1.05000000e+00,-3.56250000e-02,-1.59375000e-01
2.82960000e-06,1.16875000e+00,9.75000000e-01,-1.87500000e-02,-1.42968750e-01
2.82992000e-06,1.14375000e+00,1.18750000e+00,-2.56250000e-02,-1.25781250e-01
2.83024000e-06,1.15625000e+00,1.02500000e+00,-2.62500000e-02,-9.68750000e-02
2.83056000e-06,1.24375000e+00,1.06250000e+00,-3.06250000e-02,-1.15625000e-01
2.83088000e-06,1.30312500e+00,1.18750000e+00,3.12500000e-03,-1.32031250e-01
2.83120000e-06,1.26875000e+00,1.07500000e+00,-1.87500000e-02,-1.08593750e-01
2.83152000e-06,1.11875000e+00,9.62500000e-01,-3.12500000e-02,-1.11718750e-01
2.83184000e-06,1.17187500e+00,1.10000000e+00,-2.87500000e-02,-1.68750000e-01
2.83216000e-06,1.20625000e+00,1.10000000e+00,-1.18750000e-02,-1.40625000e-01
2.83248000e-06,1.06875000e+00,1.05000000e+00,-2.87500000e-02,-6.17187500e-02
2.83280000e-06,1.27187500e+00,1.06250000e+00,-2.87500000e-02,-5.54687500e-02
2.83312000e-06,1.28125000e+00,1.05000000e+00,-1.68750000e-02,-1.10937500e-01
2.83344000e-06,1.32500000e+00,9.37500000e-01,-1.68750000e-02,-1.46875000e-01
2.83376000e-06,1.30625000e+00,1.06250000e+00,-1.93750000e-02,-1.09375000e-01
2.83408000e-06,1.28125000e+00,1.03750000e+00,-2.62500000e-02,-6.32812500e-02
2.83440000e-06,1.05625000e+00,1.07500000e+00,-5.12500000e-02,-6.48437500e-02
2.83472000e-06,1.15937500e+00,8.50000000e-01,-2.56250000e-02,-1.35156250e-01
2.83504000e-06,1.24687500e+00,9.75000000e-01,-8.75000000e-03,-9.06250000e-02
2.83536000e-06,1.32500000e+00,1.02500000e+00,-1.62500000e-02,-7.50000000e-02
2.83568000e-06,1.28437500e+00,1.00000000e+00,-9.37500000e-03,-8.67187500e-02
2.83600000e-06,1.15937500e+00,9.75000000e-01,-2.81250000e-02,-8.82812500e-02
2.83632000e-06,1.16875000e+00,1.00000000e+00,5.62500000e-03,-7.10937500e-02
2.83664000e-06,1.14687500e+00,1.05000000e+00,-2.62500000e-02,-6.79687500e-02
2.83696000e-06,1.13125000e+00,9.87500000e-01,-3.87500000e-02,-9.37500000e-02
2.83728000e-06,1.33750000e+00,1.03750000e+00,-2.25000000e-02,-2.65625000e-02
2.83760000e-06,1.15625000e+00,1.01250000e+00,-3.37500000e-02,1.25000000e-02
2.83792000e-06,1.18125000e+00,1.00000000e+00,-4.31250000e-02,-7.03125000e-02
2.83824000e-06,1.20625000e+00,1.17500000e+00,-1.37500000e-02,-1.70312500e-01
2.83856000e-06,1.21875000e+00,1.00000000e+00,-6.87500000e-03,-1.35156250e-01
2.83888000e-06,1.09375000e+00,1.05000000e+00,-3.87500000e-02,-8.59375000e-02
2.83920000e-06,1.18125000e+00,9.75000000e-01,-6.87500000e-03,-2.89062500e-02
2.83952000e-06,1.11875000e+00,1.07500000e+00,1.00000000e-02,-1.56250000e-02
2.83984000e-06,1.21875000e+00,1.16250000e+00,-4.37500000e-03,-6.32812500e-02
2.84016000e-06,1.25625000e+00,1.00000000e+00,-1.43750000e-02,-1.78125000e-01
2.84048000e-06,1.11875000e+00,1.12500000e+00,-1.18750000e-02,-6.48437500e-02
2.84080000e-06,1.23437500e+00,1.05000000e+00,5.62500000e-03,-5.54687500e-02
2.84112000e-06,1.31250000e+00,9.25000000e-01,-1.43750000e-02,-1.26562500e-01
2.84144000e-06,1.14375000e+00,1.07500000e+00,-1.50000000e-02,-7.26562500e-02
2.84176000e-06,1.19687500e+00,1.03750000e+00,-4.62500000e-02,-7.81250000e-03
2.84208000e-06,1.10625000e+00,9.25000000e-01,-4.00000000e-02,1.71875000e-02
2.84240000e-06,1.15625000e+00,9.12500000e-01,-1.12500000e-02,-2.73437500e-02
2.84272000e-06,1.27187500e+00,1.11250000e+00,-2.81250000e-02,-7.03125000e-02
2.84304000e-06,1.26875000e+00,1.08750000e+00,-2.87500000e-02,-1.41406250e-01
2.84336000e-06,1.19375000e+00,1.16250000e+00,-5.12500000e-02,-1.02343750e-01
2.84368000e-06,1.24687500e+00,1.01250000e+00,-6.25000000e-03,-5.85937500e-02
2.84400000e-06,1.18125000e+00,1.02500000e+00,6.25000000e-04,-1.28125000e-01
2.84432000e-06,1.24375000e+00,1.05000000e+00,6.25000000e-04,-4.21875000e-02
2.84464000e-06,1.15625000e+00,1.11250000e+00,-3.56250000e-02,3.12500000e-02
2.84496000e-06,1.20625000e+00,1.01250000e+00,8.12500000e-03,-1.07031250e-01
2.84528000e-06,1.14375000e+00,9.50000000e-01,-3.31250000e-02,-1.34375000e-01
2.84560000e-06,1.13125000e+00,1.15000000e+00,-1.18750000e-02,-1.47656250e-01
2.84592000e-06,1.10625000e+00,1.15000000e+00,-3.12500000e-02,-1.39843750e-01
2.84624000e-06,1.22187500e+00,9.87500000e-01,-3.62500000e-02,-1.03125000e-01
2.84656000e-06,1.24375000e+00,1.03750000e+00,-3.06250000e-02,-1.09375000e-01
2.84688000e-06,1.15625000e+00,9.75000000e-01,-3.75000000e-03,-9.68750000e-02
2.84720000e-06,1.12187500e+00,1.08750000e+00,-2.56250000e-02,-1.50781250e-01
2.84752000e-06,1.11875000e+00,9.00000000e-01,-2.18750000e-02,-1.23437500e-01
2.84784000e-06,1.11875000e+00,1.06250000e+00,-2.31250000e-02,-1.79687500e-02
2.84816000e-06,1.30312500e+00,1.13750000e+00,-3.87500000e-02,2.57812500e-02
2.84848000e-06,1.27187500e+00,9.87500000e-01,-1.62500000e-02,0.00000000e+00
2.84880000e-06,1.37812500e+00,9.75000000e-01,-1.43750000e-02,-1.10156250e-01
2.84912000e-06,1.19687500e+00,9.00000000e-01,3.12500000e-03,-1.09375000e-01
2.84944000e-06,1.17187500e+00,1.01250000e+00,5.62500000e-03,-2.03125000e-02
2.84976000e-06,1.14687500e+00,1.07500000e+00,-9.37500000e-03,-1.17968750e-01
2.85008000e-06,1.26875000e+00,1.03750000e+00,-2.87500000e-02,-9.84375000e-02
2.85040000e-06,1.16875000e+00,1.00000000e+00,-5.87500000e-02,-7.03125000e-02
2.85072000e-06,1.11875000e+00,1.10000000e+00,-1.43750000e-02,-1.78125000e-01
2.85104000e-06,1.23125000e+00,1.15000000e+00,-6.87500000e-03,-1.33593750e-01
2.85136000e-06,1.16875000e+00,1.07500000e+00,5.62500000e-03,-5.78125000e-02
2.85168000e-06,1.32812500e+00,1.02500000e+00,-1.50000000e-02,-1.07812500e-01
2.85200000e-06,1.28125000e+00,1.08750000e+00,-4.56250000e-02,-1.15625000e-01
2.85232000e-06,1.14375000e+00,1.05000000e+00,-3.75000000e-03,-1.28125000e-01
2.85264000e-06,1.22187500e+00,8.62500000e-01,-3.31250000e-02,-6.09375000e-02
2.85296000e-06,1.03125000e+00,1.06250000e+00,-4.37500000e-02,-3.43750000e-02
2.85328000e-06,1.08125000e+00,1.08750000e+00,-1.68750000e-02,-5.78125000e-02
2.85360000e-06,1.18125000e+00,1.12500000e+00,-1.50000000e-02,-1.53906250e-01
2.85392000e-06,1.30312500e+00,1.02500000e+00,-2.56250000e-02,-1.71875000e-01
2.85424000e-06,1.25625000e+00,1.02500000e+00,6.25000000e-04,-9.60937500e-02
2.85456000e-06,1.24375000e+00,9.37500000e-01,-3.00000000e-02,-5.46875000e-02
2.85488000e-06,1.13437500e+00,1.05000000e+00,-2.50000000e-02,-9.92187500e-02
2.85520000e-06,1.16875000e+00,9.87500000e-01,-1.12500000e-02,-1.10156250e-01
2.85552000e-06,1.18125000e+00,9.25000000e-01,-1.25000000e-02,-7.57812500e-02
2.85584000e-06,1.21875000e+00,9.62500000e-01,-4.62500000e-02,-8.43750000e-02
2.85616000e-06,1.19375000e+00,1.13750000e+00,-4.31250000e-02,-5.46875000e-03
2.85648000e-06,1.23125000e+00,1.01250000e+00,-1.12500000e-02,2.26562500e-02
2.85680000e-06,1.15625000e+00,1.10000000e+00,-4.37500000e-03,-4.84375000e-02
2.85712000e-06,1.15625000e+00,1.08750000e+00,1.06250000e-02,-4.76562500e-02
2.85744000e-06,1.24375000e+00,1.00000000e+00,-1.68750000e-02,-3.28125000e-02
2.85776000e-06,1.25625000e+00,1.07500000e+00,-1.75000000e-02,-1.13281250e-01
2.85808000e-06,1.01875000e+00,1.16250000e+00,-4.62500000e-02,-9.06250000e-02
2.85840000e-06,1.09375000e+00,1.15000000e+00,-4.06250000e-02,-7.34375000e-02
2.85872000e-06,1.18125000e+00,1.08750000e+00,-2.18750000e-02,-1.10156250e-01
2.85904000e-06,1.20625000e+00,9.25000000e-01,-5.87500000e-02,-4.53125000e-02
2.85936000e-06,1.20625000e+00,1.03750000e+00,-3.75000000e-03,-7.96875000e-02
2.85968000e-06,1.08125000e+00,1.08750000e+00,-4.37500000e-03,-1.48437500e-01
2.86000000e-06,1.16875000e+00,1.13750000e+00,-3.62500000e-02,-3.35937500e-02
2.86032000e-06,1.20625000e+00,1.01250000e+00,-2.18750000e-02,-3.43750000e-02
2.86064000e-06,1.26875000e+00,1.11250000e+00,-5.62500000e-03,-1.32812500e-01
2.86096000e-06,1.21875000e+00,1.03750000e+00,-5.87500000e-02,-1.61718750e-01
2.86128000e-06,1.21875000e+00,1.07500000e+00,-2.12500000e-02,-1.55468750e-01
2.86160000e-06,1.09375000e+00,1.02500000e+00,-1.18750000e-02,-1.14062500e-01
2.86192000e-06,1.10625000e+00,9.25000000e-01,-3.37500000e-02,-7.18750000e-02
2.86224000e-06,1.13125000e+00,1.02500000e+00,-2.18750000e-02,-9.21875000e-02
2.86256000e-06,1.15625000e+00,1.03750000e+00,-7.50000000e-03,-1.04687500e-01
2.86288000e-06,1.25625000e+00,1.08750000e+00,-6.87500000e-03,-5.46875000e-02
2.86320000e-06,1.25625000e+00,1.08750000e+00,6.25000000e-04,-7.34375000e-02
2.86352000e-06,1.20625000e+00,9.25000000e-01,-1.68750000e-02,-7.73437500e-02
2.86384000e-06,1.13125000e+00,1.02500000e+00,-1.87500000e-03,-1.25781250e-01
2.86416000e-06,1.26875000e+00,1.00000000e+00,-2.81250000e-02,-1.27343750e-01
2.86448000e-06,1.14375000e+00,1.11250000e+00,1.06250000e-02,-7.65625000e-02
2.86480000e-06,1.19375000e+00,9.62500000e-01,-2.25000000e-02,-9.76562500e-02
2.86512000e-06,1.26875000e+00,9.75000000e-01,-3.87500000e-02,-1.36718750e-01
2.86544000e-06,1.06875000e+00,9.25000000e-01,-6.25000000e-03,-9.92187500e-02
2.86576000e-06,1.20937500e+00,1.02500000e+00,-1.87500000e-03,-1.25781250e-01
2.86608000e-06,1.23125000e+00,1.08750000e+00,-3.12500000e-02,-1.29687500e-01
2.86640000e-06,1.18125000e+00,1.00000000e+00,-2.62500000e-02,-2.10156250e-01
2.86672000e-06,1.20937500e+00,1.00000000e+00,-4.37500000e-02,-1.89843750e-01
2.86704000e-06,1.21875000e+00,1.02500000e+00,-5.56250000e-02,-1.41406250e-01
2.86736000e-06,1.09375000e+00,9.87500000e-01,-3.25000000e-02,-1.09375000e-01
2.86768000e-06,1.19375000e+00,1.00000000e+00,1.25000000e-03,-1.21875000e-01
2.86800000e-06,1.14375000e+00,9.12500000e-01,3.75000000e-03,-9.60937500e-02
2.86832000e-06,1.15625000e+00,1.11250000e+00,-4.62500000e-02,-7.26562500e-02
2.86864000e-06,1.31562500e+00,1.11250000e+00,-3.06250000e-02,-1.09375000e-02
2.86896000e-06,1.24375000e+00,9.12500000e-01,-1.68750000e-02,-7.57812500e-02
2.86928000e-06,1.21875000e+00,1.05000000e+00,-8.75000000e-03,-6.71875000e-02
2.86960000e-06,1.23437500e+00,1.18750000e+00,-1.18750000e-02,-7.34375000e-02
2.86992000e-06,1.13125000e+00,8.75000000e-01,-2.18750000e-02,-9.92187500e-02
2.87024000e-06,1.17187500e+00,9.62500000e-01,-1.87500000e-03,-1.22656250e-01
2.87056000e-06,1.37500000e+00,9.87500000e-01,0.00000000e+00,-8.20312500e-02
2.87088000e-06,1.15625000e+00,9.75000000e-01,-4.12500000e-02,-1.35937500e-01
2.87120000e-06,1.12187500e+00,1.02500000e+00,-1.37500000e-02,-1.33593750e-01
2.87152000e-06,1.08125000e+00,1.11250000e+00,-6.87500000e-03,-9.45312500e-02
2.87184000e-06,1.28125000e+00,9.87500000e-01,-1.43750000e-02,-1.35937500e-01
2.87216000e-06,1.16875000e+00,1.12500000e+00,6.25000000e-04,-9.06250000e-02
2.87248000e-06,1.14375000e+00,9.62500000e-01,-1.18750000e-02,-9.21875000e-02
2.87280000e-06,1.05625000e+00,1.05000000e+00,-3.31250000e-02,-2.10937500e-02
2.87312000e-06,1.16875000e+00,1.03750000e+00,8.12500000e-03,4.29687500e-02
2.87344000e-06,1.08125000e+00,9.50000000e-01,-4.62500000e-02,-3.90625000e-02
2.87376000e-06,1.33750000e+00,1.16250000e+00,-4.81250000e-02,-1.50781250e-01
2.87408000e-06,1.06875000e+00,1.02500000e+00,-9.37500000e-03,-1.69531250e-01
2.87440000e-06,1.04375000e+00,9.25000000e-01,-3.06250000e-02,-6.64062500e-02
2.87472000e-06,1.18125000e+00,1.07500000e+00,-1.43750000e-02,-1.03906250e-01
2.87504000e-06,1.06875000e+00,1.05000000e+00,-1.31250000e-02,-1.28125000e-01
2.87536000e-06,1.05625000e+00,1.05000000e+00,-2.81250000e-02,-1.25781250e-01
2.87568000e-06,1.30000000e+00,1.18750000e+00,-1.37500000e-02,-6.48437500e-02
2.87600000e-06,1.09375000e+00,1.11250000e+00,-8.75000000e-03,-9.45312500e-02
2.87632000e-06,1.16875000e+00,1.07500000e+00,-9.37500000e-03,-9.76562500e-02
2.87664000e-06,1.20625000e+00,9.62500000e-01,-1.93750000e-02,-8.04687500e-02
2.87696000e-06,1.30312500e+00,1.05000000e+00,-4.37500000e-03,-5.70312500e-02
2.87728000e-06,1.20625000e+00,1.15000000e+00,-2.00000000e-02,-1.88281250e-01
2.87760000e-06,1.24687500e+00,9.25000000e-01,-4.62500000e-02,-1.77343750e-01
2.87792000e-06,1.36562500e+00,1.06250000e+00,-4.31250000e-02,-6.48437500e-02
2.87824000e-06,1.25625000e+00,9.75000000e-01,-1.25000000e-03,-6.64062500e-02
2.87856000e-06,1.23750000e+00,1.02500000e+00,3.12500000e-03,-6.32812500e-02
2.87888000e-06,1.36562500e+00,9.87500000e-01,-1.18750000e-02,-7.73437500e-02
2.87920000e-06,1.31250000e+00,1.11250000e+00,-3.87500000e-02,-1.03125000e-01
2.87952000e-06,1.17187500e+00,1.01250000e+00,-3.06250000e-02,-1.19531250e-01
2.87984000e-06,1.18437500e+00,1.02500000e+00,-5.00000000e-03,-1.86718750e-01
2.88016000e-06,1.06875000e+00,1.00000000e+00,-3.06250000e-02,-1.17968750e-01
2.88048000e-06,1.13125000e+00,9.87500000e-01,-3.81250000e-02,-3.28125000e-02
2.88080000e-06,1.30000000e+00,1.10000000e+00,-1.87500000e-02,-8.51562500e-02
2.88112000e-06,1.18125000e+00,1.11250000e+00,-3.62500000e-02,-5.54687500e-02
2.88144000e-06,1.16875000e+00,1.01250000e+00,-4.62500000e-02,-9.37500000e-03
2.88176000e-06,1.27187500e+00,9.87500000e-01,-2.81250000e-02,1.95312500e-02
2.88208000e-06,1.34062500e+00,1.02500000e+00,-6.87500000e-03,-1.09375000e-02
2.88240000e-06,1.25625000e+00,1.21250000e+00,-4.56250000e-02,-9.68750000e-02
2.88272000e-06,1.22187500e+00,1.02500000e+00,-8.75000000e-03,-1.28906250e-01
2.88304000e-06,1.07187500e+00,1.06250000e+00,-2.25000000e-02,-4.60937500e-02
2.88336000e-06,1.25625000e+00,1.06250000e+00,-1.93750000e-02,-6.64062500e-02
2.88368000e-06,1.06875000e+00,1.01250000e+00,-6.87500000e-03,-1.34375000e-01
2.88400000e-06,1.16875000e+00,1.12500000e+00,-4.37500000e-02,-1.24218750e-01
2.88432000e-06,1.16875000e+00,1.02500000e+00,-3.56250000e-02,-1.32812500e-01
2.88464000e-06,1.06875000e+00,9.25000000e-01,-1.75000000e-02,-6.64062500e-02
2.88496000e-06,1.13125000e+00,1.06250000e+00,-5.31250000e-02,-5.07812500e-02
2.88528000e-06,1.06875000e+00,1.18750000e+00,-3.75000000e-02,-2.42187500e-02
2.88560000e-06,1.15625000e+00,1.03750000e+00,-1.87500000e-02,-8.51562500e-02
2.88592000e-06,1.24375000e+00,1.07500000e+00,-6.87500000e-03,-8.04687500e-02
2.88624000e-06,1.10625000e+00,1.05000000e+00,-5.12500000e-02,-5.31250000e-02
2.88656000e-06,1.13125000e+00,1.00000000e+00,-4.06250000e-02,-2.81250000e-02
2.88688000e-06,1.28437500e+00,1.06250000e+00,-1.12500000e-02,-1.41406250e-01
2.88720000e-06,1.18125000e+00,1.00000000e+00,-1.43750000e-02,-1.94531250e-01
2.88752000e-06,1.18125000e+00,1.01250000e+00,-2.00000000e-02,-6.17187500e-02
2.88784000e-06,1.18750000e+00,1.00000000e+00,-2.81250000e-02,-2.96875000e-02
2.88816000e-06,1.28125000e+00,1.11250000e+00,1.12500000e-02,-8.67187500e-02
2.88848000e-06,1.18125000e+00,1.05000000e+00,-8.75000000e-03,-9.37500000e-02
2.88880000e-06,1.08437500e+00,9.12500000e-01,-3.87500000e-02,-7.26562500e-02
2.88912000e-06,1.19375000e+00,1.10000000e+00,-2.56250000e-02,-7.18750000e-02
2.88944000e-06,1.25625000e+00,1.21250000e+00,1.31250000e-02,-5.85937500e-02
2.88976000e-06,1.20625000e+00,1.01250000e+00,-6.25000000e-03,5.46875000e-03
2.89008000e-06,1.25937500e+00,1.01250000e+00,3.12500000e-03,-3.28125000e-02
2.89040000e-06,1.24375000e+00,1.00000000e+00,-3.37500000e-02,2.34375000e-03
2.89072000e-06,9.56250000e-01,1.02500000e+00,-2.56250000e-02,-3.75000000e-02
2.89104000e-06,1.18437500e+00,1.07500000e+00,6.25000000e-04,-7.03125000e-02
2.89136000e-06,1.25625000e+00,1.00000000e+00,-1.68750000e-02,-1.79687500e-02
2.89168000e-06,1.24375000e+00,1.06250000e+00,-3.06250000e-02,-6.48437500e-02
2.89200000e-06,1.31562500e+00,1.22500000e+00,-6.87500000e-03,-1.37500000e-01
2.89232000e-06,1.24375000e+00,1.11250000e+00,-5.06250000e-02,-7.89062500e-02
2.89264000e-06,1.06875000e+00,1.22500000e+00,-4.31250000e-02,-6.95312500e-02
2.89296000e-06,9.96875000e-01,9.75000000e-01,-2.50000000e-02,-1.38281250e-01
2.89328000e-06,1.30312500e+00,1.05000000e+00,-3.00000000e-02,-1.34375000e-01
2.89360000e-06,1.20625000e+00,1.15000000e+00,3.75000000e-03,-1.64062500e-02
2.89392000e-06,1.15625000e+00,1.07500000e+00,-3.12500000e-02,-1.21093750e-01
2.89424000e-06,1.24687500e+00,1.08750000e+00,-1.68750000e-02,-1.35156250e-01
2.89456000e-06,1.28125000e+00,1.20000000e+00,-1.50000000e-02,-9.92187500e-02
2.89488000e-06,1.22187500e+00,1.13750000e+00,-1.93750000e-02,-8.75000000e-02
2.89520000e-06,1.33750000e+00,1.11250000e+00,6.25000000e-04,-1.09375000e-01
2.89552000e-06,1.15625000e+00,1.01250000e+00,-2.18750000e-02,-1.60937500e-01
2.89584000e-06,1.12187500e+00,1.12500000e+00,-2.62500000e-02,-2.01562500e-01
2.89616000e-06,1.32500000e+00,1.08750000e+00,-9.37500000e-03,-1.91406250e-01
2.89648000e-06,1.10625000e+00,1.18750000e+00,-2.50000000e-03,-1.97656250e-01
2.89680000e-06,1.11875000e+00,1.03750000e+00,-3.12500000e-02,-1.27343750e-01
2.89712000e-06,1.14375000e+00,1.10000000e+00,-5.12500000e-02,-1.18750000e-01
2.89744000e-06,1.31562500e+00,1.00000000e+00,-3.06250000e-02,-2.07031250e-01
2.89776000e-06,1.19375000e+00,1.03750000e+00,-8.75000000e-03,-1.27343750e-01
2.89808000e-06,1.20625000e+00,1.15000000e+00,6.25000000e-03,-1.12500000e-01
2.89840000e-06,1.19687500e+00,1.06250000e+00,1.31250000e-02,-6.09375000e-02
2.89872000e-06,1.23125000e+00,1.03750000e+00,-1.18750000e-02,-1.40625000e-01
2.89904000e-06,1.11875000e+00,1.01250000e+00,-2.18750000e-02,-1.66406250e-01
2.89936000e-06,1.20625000e+00,9.00000000e-01,3.12500000e-03,-1.23437500e-01
2.89968000e-06,1.14375000e+00,1.33437500e+00,-1.93750000e-02,-1.90625000e-01
2.90000000e-06,1.23125000e+00,1.06250000e+00,-1.75000000e-02,-1.41406250e-01
2.90032000e-06,1.18125000e+00,1.02500000e+00,-3.06250000e-02,-8.12500000e-02
2.90064000e-06,1.31250000e+00,9.62500000e-01,8.75000000e-03,-1.76562500e-01
2.90096000e-06,1.14375000e+00,1.18750000e+00,-1.93750000e-02,-1.64843750e-01
2.90128000e-06,1.13125000e+00,1.12500000e+00,-2.81250000e-02,-1.28125000e-01
2.90160000e-06,1.15625000e+00,1.20000000e+00,-1.68750000e-02,-7.57812500e-02
2.90192000e-06,1.15625000e+00,9.62500000e-01,-3.56250000e-02,-8.98437500e-02
2.90224000e-06,1.23125000e+00,1.08750000e+00,-3.06250000e-02,-2.21875000e-01
2.90256000e-06,1.19375000e+00,1.03750000e+00,-2.75000000e-02,-2.00000000e-01
2.90288000e-06,1.13125000e+00,9.87500000e-01,2.62500000e-02,-1.26562500e-01
2.90320000e-06,1.21875000e+00,1.20312500e+00,-1.68750000e-02,-1.24218750e-01
2.90352000e-06,1.19687500e+00,1.33125000e+00,-2.56250000e-02,-1.11718750e-01
2.90384000e-06,1.35000000e+00,1.18750000e+00,1.25000000e-03,-1.35937500e-01
2.90416000e-06,1.08125000e+00,1.07500000e+00,-2.81250000e-02,-2.15625000e-01
2.90448000e-06,1.08437500e+00,1.13750000e+00,-2.81250000e-02,-5.62500000e-02
2.90480000e-06,1.28437500e+00,1.13750000e+00,-3.12500000e-02,-6.32812500e-02
2.90512000e-06,1.37500000e+00,1.13750000e+00,-3.50000000e-02,-7.03125000e-02
2.90544000e-06,1.16875000e+00,1.08750000e+00,-1.00000000e-02,-3.20312500e-02
2.90576000e-06,1.23437500e+00,9.37500000e-01,-4.06250000e-02,-1.39062500e-01
2.90608000e-06,1.14375000e+00,1.00000000e+00,-3.00000000e-02,-1.14843750e-01
2.90640000e-06,1.25625000e+00,1.12500000e+00,-9.37500000e-03,-6.48437500e-02
2.90672000e-06,1.13125000e+00,1.01250000e+00,-4.06250000e-02,-1.29687500e-01
2.90704000e-06,1.18125000e+00,1.16250000e+00,-6.06250000e-02,-1.31250000e-01
2.90736000e-06,1.25625000e+00,1.22500000e+00,-1.68750000e-02,-1.67968750e-01
2.90768000e-06,1.21875000e+00,1.05000000e+00,-7.25000000e-02,-1.64843750e-01
2.90800000e-06,1.10625000e+00,1.05000000e+00,1.12500000e-02,-1.21875000e-01
2.90832000e-06,1.19375000e+00,1.03750000e+00,-1.00000000e-02,-1.13281250e-01
2.90864000e-06,1.19375000e+00,9.87500000e-01,-4.31250000e-02,-7.96875000e-02
2.90896000e-06,1.25625000e+00,8.87500000e-01,1.37500000e-02,-9.14062500e-02
2.90928000e-06,1.23125000e+00,1.08750000e+00,-1.62500000e-02,-8.43750000e-02
2.90960000e-06,1.18125000e+00,9.12500000e-01,-2.62500000e-02,-9.68750000e-02
2.90992000e-06,1.18125000e+00,1.02500000e+00,-6.75000000e-02,-1.13281250e-01
2.91024000e-06,1.23125000e+00,1.08750000e+00,-4.37500000e-03,-1.64062500e-01
2.91056000e-06,1.19375000e+00,1.08750000e+00,6.25000000e-04,-2.10156250e-01
2.91088000e-06,1.13125000e+00,9.37500000e-01,-1.50000000e-02,-1.23437500e-01
2.91120000e-06,1.23125000e+00,1.06250000e+00,-3.81250000e-02,-1.01562500e-01
2.91152000e-06,1.20625000e+00,1.08750000e+00,-3.75000000e-03,-6.71875000e-02
2.91184000e-06,1.13125000e+00,1.10000000e+00,-2.75000000e-02,-7.81250000e-02
2.91216000e-06,1.28125000e+00,1.17500000e+00,-6.87500000e-03,-3.51562500e-02
2.91248000e-06,1.18125000e+00,1.06250000e+00,-3.62500000e-02,-5.23437500e-02
2.91280000e-06,1.20937500e+00,9.75000000e-01,-6.87500000e-03,-1.00000000e-01
2.91312000e-06,1.36250000e+00,1.11250000e+00,-1.56250000e-02,-1.17187500e-01
2.91344000e-06,1.05625000e+00,1.02500000e+00,-3.12500000e-02,-5.15625000e-02
2.91376000e-06,1.12187500e+00,1.18750000e+00,-4.56250000e-02,-6.79687500e-02
2.91408000e-06,1.20625000e+00,9.75000000e-01,-3.50000000e-02,-1.16406250e-01
2.91440000e-06,1.23125000e+00,1.17500000e+00,-6.25000000e-03,-1.17187500e-01
2.91472000e-06,1.30000000e+00,1.11250000e+00,-8.75000000e-03,-7.65625000e-02
2.91504000e-06,1.18125000e+00,1.07500000e+00,-1.87500000e-03,-5.46875000e-03
2.91536000e-06,1.23125000e+00,1.10000000e+00,-2.25000000e-02,2.96875000e-02
2.91568000e-06,1.23125000e+00,1.18750000e+00,-2.56250000e-02,-7.34375000e-02
2.91600000e-06,1.21875000e+00,1.02500000e+00,-2.81250000e-02,-8.75000000e-02
2.91632000e-06,1.15625000e+00,1.01250000e+00,-3.00000000e-02,-9.29687500e-02
2.91664000e-06,1.21875000e+00,1.11250000e+00,-2.62500000e-02,-8.20312500e-02
2.91696000e-06,1.20625000e+00,9.50000000e-01,-4.50000000e-02,-5.70312500e-02
2.91728000e-06,1.25937500e+00,1.03750000e+00,-4.37500000e-03,-6.87500000e-02
2.91760000e-06,1.33750000e+00,1.20000000e+00,-8.75000000e-03,-8.20312500e-02
2.91792000e-06,1.23125000e+00,1.02500000e+00,-1.68750000e-02,-1.10156250e-01
2.91824000e-06,1.20937500e+00,1.07500000e+00,-1.93750000e-02,-1.35937500e-01
2.91856000e-06,1.11875000e+00,1.01250000e+00,-1.18750000e-02,-1.08593750e-01
2.91888000e-06,1.08125000e+00,1.00000000e+00,-2.18750000e-02,-5.07812500e-02
2.91920000e-06,1.25625000e+00,1.12500000e+00,-1.87500000e-03,-1.76562500e-01
2.91952000e-06,1.16875000e+00,1.10000000e+00,-9.37500000e-03,-1.34375000e-01
2.91984000e-06,1.25625000e+00,1.13750000e+00,-1.75000000e-02,-4.21875000e-02
2.92016000e-06,1.27187500e+00,1.16250000e+00,-1.93750000e-02,-3.35937500e-02
2.92048000e-06,1.28125000e+00,9.50000000e-01,-1.75000000e-02,-4.53125000e-02
2.92080000e-06,1.06875000e+00,9.62500000e-01,-1.93750000e-02,-6.87500000e-02
2.92112000e-06,1.22500000e+00,1.08750000e+00,-4.37500000e-03,-8.51562500e-02
2.92144000e-06,1.19375000e+00,1.20000000e+00,-4.87500000e-02,-1.03125000e-01
2.92176000e-06,1.10625000e+00,1.05000000e+00,-2.62500000e-02,-3.75000000e-02
2.92208000e-06,1.23437500e+00,1.03750000e+00,-3.37500000e-02,2.34375000e-03
2.92240000e-06,1.19375000e+00,9.87500000e-01,-2.81250000e-02,1.56250000e-03
2.92272000e-06,1.20625000e+00,1.03750000e+00,-3.06250000e-02,-9.37500000e-03
2.92304000e-06,1.10625000e+00,9.00000000e-01,-5.06250000e-02,-1.03906250e-01
2.92336000e-06,1.15625000e+00,1.02500000e+00,-3.56250000e-02,-1.64843750e-01
2.92368000e-06,1.10625000e+00,1.07500000e+00,-2.50000000e-02,-1.50781250e-01
2.92400000e-06,1.04375000e+00,1.16250000e+00,-8.75000000e-03,-1.28125000e-01
2.92432000e-06,1.14375000e+00,1.05000000e+00,-3.75000000e-03,-1.39843750e-01
2.92464000e-06,1.08125000e+00,1.03750000e+00,-6.87500000e-03,-1.22656250e-01
2.92496000e-06,1.03125000e+00,1.06250000e+00,-3.62500000e-02,-4.53125000e-02
2.92528000e-06,1.18125000e+00,1.06250000e+00,-3.31250000e-02,-1.01562500e-01
2.92560000e-06,1.20625000e+00,9.12500000e-01,-1.50000000e-02,-9.06250000e-02
2.92592000e-06,1.33750000e+00,1.10000000e+00,-2.81250000e-02,-7.18750000e-02
2.92624000e-06,1.19375000e+00,1.03750000e+00,-2.18750000e-02,-1.25781250e-01
2.92656000e-06,1.06875000e+00,1.10000000e+00,-2.56250000e-02,-1.44531250e-01
2.92688000e-06,1.04375000e+00,1.02500000e+00,8.75000000e-03,-5.23437500e-02
2.92720000e-06,1.15625000e+00,1.07500000e+00,-2.18750000e-02,-1.56250000e-02
2.92752000e-06,1.19375000e+00,1.07500000e+00,-5.12500000e-02,-2.42187500e-02
2.92784000e-06,1.04375000e+00,1.12500000e+00,-6.25000000e-03,-8.20312500e-02
2.92816000e-06,1.11875000e+00,1.06250000e+00,-3.87500000e-02,-1.16406250e-01
2.92848000e-06,1.16875000e+00,1.03750000e+00,-1.18750000e-02,-1.26562500e-01
2.92880000e-06,1.19375000e+00,8.87500000e-01,-8.12500000e-03,1.71875000e-02
2.92912000e-06,1.03125000e+00,1.03750000e+00,-4.37500000e-02,-1.87500000e-02
2.92944000e-06,1.14375000e+00,1.07500000e+00,-3.00000000e-02,-1.15625000e-01
2.92976000e-06,1.14375000e+00,1.08750000e+00,-1.43750000e-02,-1.90625000e-01
2.93008000e-06,1.05625000e+00,1.05000000e+00,-1.62500000e-02,-1.13281250e-01
2.93040000e-06,1.10625000e+00,1.12500000e+00,-2.62500000e-02,-1.27343750e-01
2.93072000e-06,1.18125000e+00,1.02500000e+00,-3.62500000e-02,-1.28906250e-01
2.93104000e-06,1.09375000e+00,1.07500000e+00,-4.06250000e-02,-3.43750000e-02
2.93136000e-06,1.20937500e+00,1.02500000e+00,-1.37500000e-02,8.59375000e-03
2.93168000e-06,1.15625000e+00,9.87500000e-01,-6.87500000e-03,-4.37500000e-02
2.93200000e-06,1.20625000e+00,1.05000000e+00,-1.68750000e-02,-8.43750000e-02
2.93232000e-06,1.12187500e+00,1.03750000e+00,-1.87500000e-03,-6.01562500e-02
2.93264000e-06,1.13125000e+00,1.05000000e+00,-2.62500000e-02,-1.95312500e-02
2.93296000e-06,1.24375000e+00,1.03750000e+00,-4.62500000e-02,-8.04687500e-02
2.93328000e-06,1.32812500e+00,1.21250000e+00,-5.12500000e-02,-4.84375000e-02
2.93360000e-06,1.25625000e+00,1.13750000e+00,-3.75000000e-02,3.20312500e-02
2.93392000e-06,1.21875000e+00,1.01250000e+00,-1.37500000e-02,-4.76562500e-02
2.93424000e-06,1.13437500e+00,1.07500000e+00,-3.06250000e-02,-7.81250000e-02
2.93456000e-06,1.19375000e+00,1.01250000e+00,-1.93750000e-02,8.59375000e-03
2.93488000e-06,1.09375000e+00,9.87500000e-01,-5.00000000e-03,-4.06250000e-02
2.93520000e-06,1.06875000e+00,1.02500000e+00,-4.37500000e-03,-5.15625000e-02
2.93552000e-06,1.39062500e+00,1.17500000e+00,-1.43750000e-02,-9.76562500e-02
2.93584000e-06,1.25625000e+00,9.75000000e-01,-4.12500000e-02,-1.73437500e-01
2.93616000e-06,1.05625000e+00,1.11250000e+00,-1.93750000e-02,-1.54687500e-01
2.93648000e-06,1.22500000e+00,1.05000000e+00,-2.31250000e-02,-6.01562500e-02
2.93680000e-06,1.36250000e+00,1.12500000e+00,-1.68750000e-02,-1.08593750e-01
2.93712000e-06,1.15625000e+00,1.10000000e+00,-4.37500000e-03,-8.12500000e-02
2.93744000e-06,1.17187500e+00,1.07500000e+00,-3.31250000e-02,3.43750000e-02
2.93776000e-06,1.32500000e+00,1.00000000e+00,-4.37500000e-03,-3.28125000e-02
2.93808000e-06,1.18125000e+00,1.22500000e+00,-1.93750000e-02,-1.71875000e-01
2.93840000e-06,1.19375000e+00,1.08750000e+00,-1.43750000e-02,-1.57031250e-01
2.93872000e-06,1.26875000e+00,1.16250000e+00,-2.62500000e-02,-1.16406250e-01
2.93904000e-06,1.00625000e+00,9.25000000e-01,-4.31250000e-02,-1.02343750e-01
2.93936000e-06,1.09375000e+00,1.12500000e+00,1.31250000e-02,-5.39062500e-02
2.93968000e-06,1.15625000e+00,1.18750000e+00,-3.81250000e-02,-8.04687500e-02
2.94000000e-06,1.28125000e+00,1.08750000e+00,-1.93750000e-02,-7.81250000e-02
2.94032000e-06,1.26875000e+00,1.11250000e+00,-3.12500000e-02,-1.14062500e-01
2.94064000e-06,1.21875000e+00,1.07500000e+00,1.06250000e-02,-1.56250000e-01
2.94096000e-06,1.19375000e+00,1.12500000e+00,-2.62500000e-02,-2.10156250e-01
2.94128000e-06,1.18125000e+00,1.00000000e+00,-1.93750000e-02,-1.64843750e-01
2.94160000e-06,1.35312500e+00,9.75000000e-01,5.00000000e-03,-9.53125000e-02
2.94192000e-06,1.18125000e+00,1.17500000e+00,-1.25000000e-02,-1.98437500e-01
2.94224000e-06,1.06875000e+00,9.75000000e-01,-1.68750000e-02,-1.98437500e-01
2.94256000e-06,1.27500000e+00,1.02500000e+00,-6.87500000e-03,-1.42968750e-01
2.94288000e-06,1.31250000e+00,1.08750000e+00,-3.12500000e-02,-1.68750000e-01
2.94320000e-06,1.16875000e+00,1.26250000e+00,-3.37500000e-02,-6.17187500e-02
2.94352000e-06,1.18437500e+00,9.37500000e-01,-4.12500000e-02,-8.20312500e-02
2.94384000e-06,1.10625000e+00,1.12500000e+00,-6.25000000e-03,-1.17968750e-01
2.94416000e-06,1.05625000e+00,1.08750000e+00,-1.75000000e-02,-3.51562500e-02
2.94448000e-06,1.08125000e+00,1.05000000e+00,-3.37500000e-02,-2.10937500e-02
2.94480000e-06,1.23125000e+00,1.17500000e+00,-3.31250000e-02,-1.07812500e-01
2.94512000e-06,1.16875000e+00,1.10000000e+00,-1.12500000e-02,-1.85937500e-01
2.94544000e-06,1.21875000e+00,1.01250000e+00,-1.50000000e-02,-1.10937500e-01
2.94576000e-06,1.08125000e+00,1.15000000e+00,-5.37500000e-02,-4.53125000e-02
2.94608000e-06,1.15625000e+00,9.37500000e-01,-8.75000000e-03,-8.98437500e-02
2.94640000e-06,1.21875000e+00,1.10000000e+00,-3.12500000e-02,-1.17968750e-01
2.94672000e-06,1.18125000e+00,8.75000000e-01,-3.62500000e-02,-1.17968750e-01
2.94704000e-06,1.11875000e+00,1.21250000e+00,-4.37500000e-02,-1.05468750e-01
2.94736000e-06,1.25625000e+00,1.02500000e+00,-8.75000000e-03,-1.07812500e-01
2.94768000e-06,1.25625000e+00,1.00000000e+00,-9.37500000e-03,-1.55468750e-01
2.94800000e-06,1.10625000e+00,1.10000000e+00,-3.87500000e-02,-1.20312500e-01
2.94832000e-06,1.22187500e+00,9.87500000e-01,-1.43750000e-02,-2.81250000e-02
2.94864000e-06,1.35000000e+00,9.75000000e-01,-1.56250000e-02,-5.39062500e-02
2.94896000e-06,1.13125000e+00,1.12500000e+00,-3.12500000e-02,-1.07031250e-01
2.94928000e-06,1.22187500e+00,9.75000000e-01,-3.06250000e-02,-1.04687500e-01
2.94960000e-06,1.15625000e+00,9.00000000e-01,-1.12500000e-02,-4.14062500e-02
2.94992000e-06,1.25937500e+00,1.05000000e+00,-6.87500000e-03,-4.06250000e-02
2.95024000e-06,1.24375000e+00,1.07500000e+00,-2.18750000e-02,-1.21093750e-01
2.95056000e-06,1.09375000e+00,1.01250000e+00,-6.87500000e-03,-1.40625000e-01
2.95088000e-06,1.19687500e+00,1.05000000e+00,-3.62500000e-02,-1.55468750e-01
2.95120000e-06,1.15625000e+00,9.37500000e-01,-9.37500000e-03,-8.82812500e-02
2.95152000e-06,1.13125000e+00,9.62500000e-01,-2.68750000e-02,-6.32812500e-02
2.95184000e-06,1.24375000e+00,1.03750000e+00,-2.56250000e-02,-1.03125000e-01
2.95216000e-06,1.16875000e+00,1.02500000e+00,-2.25000000e-02,-8.75000000e-02
2.95248000e-06,1.24375000e+00,1.13750000e+00,-2.81250000e-02,-1.27343750e-01
2.95280000e-06,1.25625000e+00,1.08750000e+00,-2.81250000e-02,-1.15625000e-01
2.95312000e-06,1.13125000e+00,1.10000000e+00,-3.06250000e-02,-1.12500000e-01
2.95344000e-06,1.14375000e+00,1.12500000e+00,-3.00000000e-02,-1.08593750e-01
2.95376000e-06,1.23125000e+00,1.01250000e+00,1.87500000e-02,-1.32812500e-01
2.95408000e-06,1.18125000e+00,1.10000000e+00,-3.31250000e-02,-1.12500000e-01
2.95440000e-06,1.21875000e+00,9.50000000e-01,-2.18750000e-02,7.81250000e-03
2.95472000e-06,1.08125000e+00,1.15000000e+00,-3.43750000e-02,1.09375000e-02
2.95504000e-06,1.24687500e+00,1.01250000e+00,-4.12500000e-02,-6.56250000e-02
2.95536000e-06,1.32500000e+00,9.00000000e-01,-3.37500000e-02,-1.04687500e-01
2.95568000e-06,1.21875000e+00,1.06250000e+00,-4.06250000e-02,-1.40625000e-01
2.95600000e-06,1.19687500e+00,1.13750000e+00,-2.50000000e-02,-1.11718750e-01
2.95632000e-06,1.24375000e+00,1.07500000e+00,-2.75000000e-02,-6.48437500e-02
2.95664000e-06,1.08125000e+00,1.11250000e+00,-1.12500000e-02,-3.28125000e-02
2.95696000e-06,1.18125000e+00,9.12500000e-01,-3.12500000e-02,-5.54687500e-02
2.95728000e-06,1.14375000e+00,1.16250000e+00,-1.43750000e-02,-8.43750000e-02
2.95760000e-06,1.20625000e+00,1.16250000e+00,-2.50000000e-03,-7.96875000e-02
2.95792000e-06,1.11875000e+00,1.10000000e+00,-1.18750000e-02,-1.17968750e-01
2.95824000e-06,1.30000000e+00,1.10000000e+00,-3.12500000e-02,-1.11718750e-01
2.95856000e-06,1.18125000e+00,1.12500000e+00,-5.37500000e-02,-1.25781250e-01
2.95888000e-06,1.31250000e+00,1.01250000e+00,-3.56250000e-02,-6.71875000e-02
2.95920000e-06,1.16875000e+00,1.06250000e+00,-1.25000000e-03,-5.93750000e-02
2.95952000e-06,1.19375000e+00,8.75000000e-01,-1.18750000e-02,-1.31250000e-01
2.95984000e-06,1.19375000e+00,1.15000000e+00,-4.87500000e-02,-1.03125000e-01
2.96016000e-06,1.19375000e+00,1.07500000e+00,-3.81250000e-02,-4.84375000e-02
2.96048000e-06,1.24375000e+00,9.87500000e-01,-3.06250000e-02,2.57812500e-02
2.96080000e-06,1.28125000e+00,1.08750000e+00,-2.18750000e-02,-2.18750000e-02
2.96112000e-06,1.05625000e+00,1.11250000e+00,-1.93750000e-02,-1.25781250e-01
2.96144000e-06,1.10625000e+00,1.13750000e+00,-1.43750000e-02,-1.58593750e-01
2.96176000e-06,1.20625000e+00,1.08750000e+00,-2.62500000e-02,-1.67968750e-01
2.96208000e-06,1.09375000e+00,1.06250000e+00,-4.62500000e-02,-1.08593750e-01
2.96240000e-06,1.24375000e+00,9.12500000e-01,-3.37500000e-02,-5.46875000e-02
2.96272000e-06,1.15625000e+00,9.12500000e-01,-1.62500000e-02,-1.17187500e-02
2.96304000e-06,1.04375000e+00,1.21250000e+00,-2.62500000e-02,-2.34375000e-03
2.96336000e-06,1.24687500e+00,1.10000000e+00,-4.12500000e-02,-8.43750000e-02
2.96368000e-06,1.24375000e+00,1.06250000e+00,-2.18750000e-02,-8.43750000e-02
2.96400000e-06,1.26875000e+00,9.87500000e-01,-1.68750000e-02,-7.50000000e-02
2.96432000e-06,1.15937500e+00,1.03750000e+00,-3.62500000e-02,-1.07812500e-01
2.96464000e-06,1.01875000e+00,1.08750000e+00,-4.37500000e-02,-5.62500000e-02
2.96496000e-06,1.13125000e+00,1.05000000e+00,-2.56250000e-02,-6.79687500e-02
2.96528000e-06,1.20625000e+00,1.08750000e+00,-1.93750000e-02,-1.06250000e-01
2.96560000e-06,1.18125000e+00,1.13750000e+00,-3.56250000e-02,-3.75000000e-02
2.96592000e-06,1.20625000e+00,9.75000000e-01,-1.68750000e-02,-4.68750000e-02
2.96624000e-06,1.28125000e+00,1.08750000e+00,-1.18750000e-02,-9.60937500e-02
2.96656000e-06,1.19375000e+00,8.87500000e-01,6.25000000e-04,-1.46875000e-01
2.96688000e-06,1.14375000e+00,1.07500000e+00,-3.06250000e-02,-1.30468750e-01
2.96720000e-06,1.15625000e+00,9.75000000e-01,-1.25000000e-02,-5.15625000e-02
2.96752000e-06,1.09375000e+00,1.06250000e+00,-5.06250000e-02,-3.20312500e-02
2.96784000e-06,1.26875000e+00,1.02500000e+00,-9.37500000e-03,-3.12500000e-02
2.96816000e-06,1.24375000e+00,1.16250000e+00,-5.06250000e-02,-8.59375000e-02
2.96848000e-06,1.01875000e+00,1.05000000e+00,-4.25000000e-02,-1.21875000e-01
2.96880000e-06,1.10625000e+00,9.75000000e-01,-1.93750000e-02,-1.11718750e-01
2.96912000e-06,1.23125000e+00,1.01250000e+00,-3.25000000e-02,-6.56250000e-02
2.96944000e-06,1.21875000e+00,1.03750000e+00,-9.37500000e-03,-1.25781250e-01
2.96976000e-06,1.09375000e+00,1.01250000e+00,-4.31250000e-02,-9.68750000e-02
2.97008000e-06,1.09375000e+00,9.50000000e-01,-3.31250000e-02,-4.76562500e-02
2.97040000e-06,1.21875000e+00,1.10000000e+00,-2.56250000e-02,-7.65625000e-02
2.97072000e-06,1.26875000e+00,1.00000000e+00,-2.50000000e-02,-3.75000000e-02
2.97104000e-06,1.23125000e+00,1.21250000e+00,-1.25000000e-03,-4.37500000e-02
2.97136000e-06,1.24375000e+00,1.11250000e+00,-1.37500000e-02,-5.23437500e-02
2.97168000e-06,1.18437500e+00,8.87500000e-01,6.25000000e-04,-1.01562500e-02
2.97200000e-06,1.35312500e+00,1.06250000e+00,1.06250000e-02,-6.56250000e-02
2.97232000e-06,1.14375000e+00,8.75000000e-01,-2.62500000e-02,-1.76562500e-01
2.97264000e-06,1.03437500e+00,1.15000000e+00,-7.25000000e-02,-1.24218750e-01
2.97296000e-06,1.05937500e+00,1.10000000e+00,-2.81250000e-02,-7.57812500e-02
2.97328000e-06,1.13125000e+00,1.01250000e+00,-3.31250000e-02,-6.09375000e-02
2.97360000e-06,1.24375000e+00,1.03750000e+00,-3.56250000e-02,-6.09375000e-02
2.97392000e-06,1.30000000e+00,9.50000000e-01,-1.68750000e-02,-1.01562500e-01
2.97424000e-06,1.16875000e+00,9.87500000e-01,-2.18750000e-02,-1.17968750e-01
2.97456000e-06,1.18125000e+00,1.22500000e+00,-2.62500000e-02,-7.18750000e-02
2.97488000e-06,1.11875000e+00,1.00000000e+00,-4.12500000e-02,-9.84375000e-02
2.97520000e-06,1.14375000e+00,1.05000000e+00,-4.62500000e-02,-1.01562500e-01
2.97552000e-06,1.15625000e+00,1.10000000e+00,-2.56250000e-02,-6.32812500e-02
2.97584000e-06,1.22187500e+00,1.05000000e+00,-3.56250000e-02,-1.23437500e-01
2.97616000e-06,1.36250000e+00,1.15000000e+00,1.25000000e-03,-1.51562500e-01
2.97648000e-06,1.15625000e+00,1.10000000e+00,-4.37500000e-03,-1.14062500e-01
2.97680000e-06,1.13437500e+00,9.75000000e-01,-1.25000000e-02,-7.81250000e-02
2.97712000e-06,1.19375000e+00,1.16250000e+00,-4.87500000e-02,-7.34375000e-02
2.97744000e-06,1.25625000e+00,1.01250000e+00,-3.81250000e-02,-9.84375000e-02
2.97776000e-06,1.18125000e+00,1.05000000e+00,-5.56250000e-02,-1.36718750e-01
2.97808000e-06,1.16875000e+00,1.00000000e+00,-2.12500000e-02,-1.76562500e-01
2.97840000e-06,1.10625000e+00,1.18750000e+00,-7.50000000e-03,-1.73437500e-01
2.97872000e-06,1.20625000e+00,1.11250000e+00,-5.12500000e-02,-8.51562500e-02
2.97904000e-06,1.24687500e+00,1.10000000e+00,-4.62500000e-02,-1.13281250e-01
2.97936000e-06,1.31250000e+00,1.05000000e+00,-6.68750000e-02,-1.44531250e-01
2.97968000e-06,1.11875000e+00,1.10000000e+00,-1.93750000e-02,-6.48437500e-02
2.98000000e-06,1.20000000e+00,1.03750000e+00,-2.87500000e-02,-4.60937500e-02
2.98032000e-06,1.26875000e+00,1.08750000e+00,-6.25000000e-03,-5.62500000e-02
2.98064000e-06,1.16875000e+00,9.37500000e-01,-2.56250000e-02,-9.84375000e-02
2.98096000e-06,1.17500000e+00,1.13750000e+00,-2.87500000e-02,-6.48437500e-02
2.98128000e-06,1.28125000e+00,1.15000000e+00,-3.31250000e-02,-3.04687500e-02
2.98160000e-06,1.08125000e+00,1.07500000e+00,1.25000000e-03,-1.26562500e-01
2.98192000e-06,1.22187500e+00,9.62500000e-01,-1.62500000e-02,-1.57031250e-01
2.98224000e-06,1.19375000e+00,1.10000000e+00,-2.87500000e-02,-9.60937500e-02
2.98256000e-06,1.23437500e+00,1.03750000e+00,-5.87500000e-02,-9.76562500e-02
2.98288000e-06,1.16875000e+00,1.11250000e+00,-9.37500000e-03,-1.32812500e-01
2.98320000e-06,1.08125000e+00,1.03750000e+00,-1.68750000e-02,-6.56250000e-02
2.98352000e-06,1.24687500e+00,1.05000000e+00,-7.50000000e-03,-1.15625000e-01
2.98384000e-06,1.24375000e+00,1.03750000e+00,-4.37500000e-02,-5.07812500e-02
2.98416000e-06,1.18125000e+00,1.07500000e+00,-2.12500000e-02,-4.68750000e-03
2.98448000e-06,1.19375000e+00,1.12500000e+00,-1.50000000e-02,-5.15625000e-02
2.98480000e-06,1.11875000e+00,1.11250000e+00,-2.56250000e-02,-9.76562500e-02
2.98512000e-06,1.08125000e+00,1.11250000e+00,-3.31250000e-02,-1.24218750e-01
2.98544000e-06,1.05625000e+00,1.12500000e+00,-5.56250000e-02,-1.49218750e-01
2.98576000e-06,1.25625000e+00,9.50000000e-01,-4.06250000e-02,-1.45312500e-01
2.98608000e-06,1.18125000e+00,1.08750000e+00,-1.25000000e-03,-6.17187500e-02
2.98640000e-06,1.24375000e+00,1.12500000e+00,-1.68750000e-02,-6.40625000e-02
2.98672000e-06,1.19375000e+00,1.11250000e+00,-1.18750000e-02,-1.16406250e-01
2.98704000e-06,1.18125000e+00,1.06250000e+00,-2.56250000e-02,-4.60937500e-02
2.98736000e-06,1.21875000e+00,1.07500000e+00,-9.37500000e-03,-9.53125000e-02
2.98768000e-06,1.14375000e+00,9.75000000e-01,-1.50000000e-02,-8.75000000e-02
2.98800000e-06,1.20625000e+00,1.00000000e+00,-3.06250000e-02,-5.70312500e-02
2.98832000e-06,1.20625000e+00,1.12500000e+00,-1.68750000e-02,-5.78125000e-02
2.98864000e-06,1.20625000e+00,1.15000000e+00,-3.00000000e-02,3.12500000e-03
2.98896000e-06,1.25625000e+00,1.02500000e+00,-3.75000000e-03,-4.53125000e-02
2.98928000e-06,1.21875000e+00,9.50000000e-01,-1.87500000e-02,-1.15625000e-01
2.98960000e-06,1.20625000e+00,1.02500000e+00,-6.87500000e-03,-6.17187500e-02
2.98992000e-06,1.13125000e+00,1.15000000e+00,-7.50000000e-03,-7.89062500e-02
2.99024000e-06,1.20625000e+00,1.12500000e+00,-5.37500000e-02,-1.42187500e-01
2.99056000e-06,1.14375000e+00,1.18750000e+00,-3.25000000e-02,-1.11718750e-01
2.99088000e-06,1.20625000e+00,1.01250000e+00,-3.12500000e-02,-9.68750000e-02
2.99120000e-06,1.13125000e+00,1.01250000e+00,-7.18750000e-02,-8.90625000e-02
2.99152000e-06,1.31250000e+00,1.06250000e+00,-3.62500000e-02,-9.68750000e-02
2.99184000e-06,1.06875000e+00,1.05000000e+00,-6.87500000e-03,-1.25000000e-01
2.99216000e-06,1.20625000e+00,1.00000000e+00,-1.93750000e-02,-1.04687500e-01
2.99248000e-06,1.15625000e+00,1.11250000e+00,-2.87500000e-02,-1.07031250e-01
2.99280000e-06,1.18125000e+00,1.07500000e+00,-6.87500000e-03,-1.82812500e-01
2.99312000e-06,1.11875000e+00,1.21250000e+00,7.50000000e-03,-1.53125000e-01
2.99344000e-06,1.19375000e+00,1.10000000e+00,8.12500000e-03,-1.08593750e-01
2.99376000e-06,1.19375000e+00,1.07500000e+00,-3.37500000e-02,-1.17187500e-01
2.99408000e-06,1.25625000e+00,9.75000000e-01,-3.87500000e-02,-1.15625000e-01
2.99440000e-06,1.16875000e+00,9.25000000e-01,-2.87500000e-02,-1.79687500e-02
2.99472000e-06,1.16875000e+00,1.02500000e+00,-2.12500000e-02,7.81250000e-04
2.99504000e-06,1.20625000e+00,1.17500000e+00,3.12500000e-03,-4.92187500e-02
2.99536000e-06,1.13125000e+00,1.06250000e+00,-2.00000000e-02,-4.29687500e-02
2.99568000e-06,1.20625000e+00,1.12500000e+00,-5.37500000e-02,-7.10937500e-02
2.99600000e-06,1.21875000e+00,1.12500000e+00,-2.50000000e-02,-3.12500000e-02
2.99632000e-06,1.08125000e+00,1.26250000e+00,-8.75000000e-03,3.12500000e-02
2.99664000e-06,1.35312500e+00,1.02500000e+00,-6.25000000e-03,1.56250000e-03
2.99696000e-06,1.32812500e+00,1.08750000e+00,-1.75000000e-02,-4.06250000e-02
2.99728000e-06,1.30000000e+00,8.87500000e-01,-3.12500000e-02,-2.65625000e-02
2.99760000e-06,1.17187500e+00,1.13750000e+00,-3.31250000e-02,-2.26562500e-02
2.99792000e-06,1.12187500e+00,1.08750000e+00,-2.75000000e-02,-7.57812500e-02
2.99824000e-06,1.18125000e+00,1.02500000e+00,-8.75000000e-03,-4.84375000e-02
2.99856000e-06,1.20625000e+00,1.20000000e+00,-1.68750000e-02,-4.84375000e-02
2.99888000e-06,1.20625000e+00,1.11250000e+00,-4.12500000e-02,-2.50000000e-02
2.99920000e-06,1.10625000e+00,9.62500000e-01,-1.12500000e-02,-2.34375000e-03
2.99952000e-06,1.09375000e+00,1.02500000e+00,-1.25000000e-02,-5.15625000e-02
2.99984000e-06,1.11875000e+00,9.75000000e-01,-4.37500000e-02,-9.21875000e-02
3.00016000e-06,1.05625000e+00,1.15000000e+00,-3.00000000e-02,-8.35937500e-02
3.00048000e-06,1.10625000e+00,1.16250000e+00,-1.37500000e-02,-3.51562500e-02
3.00080000e-06,1.03125000e+00,1.02500000e+00,-1.68750000e-02,8.59375000e-03
3.00112000e-06,1.18125000e+00,1.01250000e+00,-3.56250000e-02,3.12500000e-02
3.00144000e-06,1.15625000e+00,1.07500000e+00,-1.25000000e-03,-5.31250000e-02
3.00176000e-06,1.35312500e+00,9.75000000e-01,-4.81250000e-02,-1.61718750e-01
3.00208000e-06,1.24375000e+00,1.17500000e+00,-3.06250000e-02,-1.02343750e-01
3.00240000e-06,1.15625000e+00,9.25000000e-01,-1.43750000e-02,-4.76562500e-02
3.00272000e-06,1.08437500e+00,1.06250000e+00,-1.37500000e-02,-5.70312500e-02
3.00304000e-06,1.21875000e+00,1.08750000e+00,-1.25000000e-02,-3.28125000e-02
3.00336000e-06,1.23125000e+00,9.25000000e-01,-5.37500000e-02,-3.75000000e-02
3.00368000e-06,1.11875000e+00,1.12500000e+00,-1.87500000e-02,-1.03906250e-01
3.00400000e-06,1.18125000e+00,1.02500000e+00,-1.75000000e-02,-1.43750000e-01
3.00432000e-06,1.31250000e+00,1.02500000e+00,-2.62500000e-02,-8.98437500e-02
3.00464000e-06,1.20625000e+00,1.06250000e+00,-3.56250000e-02,-5.70312500e-02
3.00496000e-06,1.19375000e+00,9.12500000e-01,-1.87500000e-02,-4.76562500e-02
3.00528000e-06,1.20625000e+00,9.62500000e-01,5.62500000e-03,-7.73437500e-02
3.00560000e-06,1.20937500e+00,9.87500000e-01,-1.18750000e-02,-1.18750000e-01
3.00592000e-06,1.24375000e+00,1.01250000e+00,-1.43750000e-02,-1.63281250e-01
3.00624000e-06,1.23125000e+00,1.06250000e+00,-3.37500000e-02,-1.29687500e-01
3.00656000e-06,1.08437500e+00,1.11250000e+00,-4.06250000e-02,3.90625000e-03
3.00688000e-06,1.25625000e+00,1.01250000e+00,6.25000000e-04,2.81250000e-02
3.00720000e-06,1.19375000e+00,9.62500000e-01,-3.75000000e-03,-3.04687500e-02
3.00752000e-06,1.09375000e+00,1.01250000e+00,-1.93750000e-02,-5.46875000e-02
3.00784000e-06,1.19375000e+00,1.17500000e+00,-4.37500000e-03,-3.28125000e-02
3.00816000e-06,1.24375000e+00,1.08750000e+00,-3.62500000e-02,-7.81250000e-04
3.00848000e-06,1.11875000e+00,1.08750000e+00,-5.87500000e-02,-6.79687500e-02
3.00880000e-06,1.05625000e+00,1.08750000e+00,-1.68750000e-02,-9.92187500e-02
3.00912000e-06,1.09375000e+00,1.15000000e+00,-4.37500000e-03,-9.84375000e-02
3.00944000e-06,1.21875000e+00,1.08750000e+00,-4.12500000e-02,-6.09375000e-02
3.00976000e-06,1.30000000e+00,1.11250000e+00,-3.12500000e-02,-7.42187500e-02
3.01008000e-06,1.09375000e+00,9.37500000e-01,-3.87500000e-02,-8.28125000e-02
3.01040000e-06,1.03125000e+00,1.10000000e+00,-3.75000000e-03,-1.03906250e-01
3.01072000e-06,1.11875000e+00,1.03750000e+00,-1.93750000e-02,-5.31250000e-02
3.01104000e-06,1.11875000e+00,1.00000000e+00,-1.87500000e-03,-3.98437500e-02
3.01136000e-06,1.25625000e+00,1.06250000e+00,6.25000000e-04,-5.62500000e-02
3.01168000e-06,1.19375000e+00,1.00000000e+00,-3.12500000e-02,1.71875000e-02
3.01200000e-06,1.23125000e+00,1.10000000e+00,-5.62500000e-02,3.43750000e-02
3.01232000e-06,1.21875000e+00,1.06250000e+00,-3.81250000e-02,1.64062500e-02
3.01264000e-06,1.14375000e+00,1.06250000e+00,-1.12500000e-02,-9.53125000e-02
3.01296000e-06,1.16875000e+00,1.11250000e+00,-1.37500000e-02,-1.09375000e-01
3.01328000e-06,1.10625000e+00,1.06250000e+00,-3.87500000e-02,-2.34375000e-02
3.01360000e-06,1.18125000e+00,1.05000000e+00,-1.87500000e-03,-6.64062500e-02
3.01392000e-06,9.81250000e-01,1.11250000e+00,-2.50000000e-03,-1.26562500e-01
3.01424000e-06,1.15625000e+00,1.16250000e+00,-2.56250000e-02,-1.60937500e-01
3.01456000e-06,1.15625000e+00,9.50000000e-01,-4.37500000e-03,-1.46875000e-01
3.01488000e-06,1.03125000e+00,1.12500000e+00,-1.87500000e-03,-8.43750000e-02
3.01520000e-06,1.14375000e+00,9.12500000e-01,-2.00000000e-02,-9.29687500e-02
3.01552000e-06,1.23125000e+00,1.10000000e+00,-4.37500000e-02,-8.98437500e-02
3.01584000e-06,1.19375000e+00,1.03750000e+00,-1.87500000e-02,-3.35937500e-02
3.01616000e-06,1.03125000e+00,1.05000000e+00,-2.81250000e-02,-7.50000000e-02
3.01648000e-06,1.14375000e+00,1.10000000e+00,-1.68750000e-02,-5.62500000e-02
3.01680000e-06,1.14375000e+00,1.00000000e+00,-2.81250000e-02,-1.09375000e-02
3.01712000e-06,1.18125000e+00,1.03750000e+00,-1.68750000e-02,-4.14062500e-02
3.01744000e-06,1.03125000e+00,1.13750000e+00,-2.87500000e-02,-8.43750000e-02
3.01776000e-06,1.16875000e+00,9.62500000e-01,-4.37500000e-02,-9.53125000e-02
3.01808000e-06,1.21875000e+00,1.12500000e+00,-1.93750000e-02,-3.43750000e-02
3.01840000e-06,1.08125000e+00,1.01250000e+00,-2.25000000e-02,-9.76562500e-02
3.01872000e-06,9.93750000e-01,1.02500000e+00,-2.56250000e-02,-8.51562500e-02
3.01904000e-06,1.09375000e+00,1.13750000e+00,-2.56250000e-02,-2.89062500e-02
3.01936000e-06,1.16875000e+00,1.02500000e+00,-3.81250000e-02,-8.04687500e-02
3.01968000e-06,1.21875000e+00,1.05000000e+00,-4.62500000e-02,-9.21875000e-02
3.02000000e-06,1.25625000e+00,1.07500000e+00,-2.75000000e-02,-2.50000000e-02
3.02032000e-06,1.23125000e+00,1.00000000e+00,-2.18750000e-02,2.10937500e-02
3.02064000e-06,1.15625000e+00,1.11250000e+00,-2.12500000e-02,-5.70312500e-02
3.02096000e-06,1.10625000e+00,9.50000000e-01,-2.00000000e-02,-4.29687500e-02
3.02128000e-06,1.09375000e+00,1.00000000e+00,-2.87500000e-02,7.81250000e-04
3.02160000e-06,1.21875000e+00,9.50000000e-01,-3.00000000e-02,-1.42968750e-01
3.02192000e-06,1.13125000e+00,1.17500000e+00,1.12500000e-02,-1.30468750e-01
3.02224000e-06,1.13125000e+00,1.00000000e+00,3.75000000e-03,-8.90625000e-02
3.02256000e-06,1.20625000e+00,9.00000000e-01,-1.43750000e-02,-1.39062500e-01
3.02288000e-06,1.20625000e+00,8.50000000e-01,6.25000000e-04,-1.36718750e-01
3.02320000e-06,1.01875000e+00,9.50000000e-01,-5.00000000e-03,-6.01562500e-02
3.02352000e-06,1.13125000e+00,1.03750000e+00,-4.87500000e-02,-5.15625000e-02
3.02384000e-06,1.05625000e+00,9.87500000e-01,-1.43750000e-02,-9.06250000e-02
3.02416000e-06,1.15625000e+00,1.05000000e+00,-4.37500000e-02,-1.37500000e-01
3.02448000e-06,1.18125000e+00,1.07500000e+00,6.25000000e-03,-1.53906250e-01
3.02480000e-06,1.16875000e+00,1.08750000e+00,-1.75000000e-02,-1.36718750e-01
3.02512000e-06,1.13125000e+00,1.08750000e+00,-3.31250000e-02,-1.65625000e-01
3.02544000e-06,1.08125000e+00,8.62500000e-01,-2.18750000e-02,-1.28125000e-01
3.02576000e-06,1.11875000e+00,1.00000000e+00,-3.25000000e-02,-1.34375000e-01
3.02608000e-06,1.10625000e+00,9.75000000e-01,-1.25000000e-03,-1.31250000e-01
3.02640000e-06,1.14375000e+00,1.05000000e+00,-1.37500000e-02,-1.03906250e-01
3.02672000e-06,1.15625000e+00,1.07500000e+00,-1.18750000e-02,-4.84375000e-02
3.02704000e-06,1.20625000e+00,9.87500000e-01,-2.56250000e-02,-5.39062500e-02
3.02736000e-06,1.14375000e+00,9.87500000e-01,-4.37500000e-02,-1.40625000e-02
3.02768000e-06,1.26875000e+00,1.11250000e+00,-3.12500000e-02,-6.64062500e-02
3.02800000e-06,1.16875000e+00,8.87500000e-01,-5.37500000e-02,-8.59375000e-02
3.02832000e-06,1.06875000e+00,1.03750000e+00,-3.81250000e-02,-7.03125000e-03
3.02864000e-06,1.19375000e+00,9.87500000e-01,-2.75000000e-02,-6.32812500e-02
3.02896000e-06,1.24375000e+00,1.13750000e+00,-2.50000000e-02,-1.64062500e-01
3.02928000e-06,1.13125000e+00,1.01250000e+00,-3.75000000e-03,-7.57812500e-02
3.02960000e-06,1.15625000e+00,1.08750000e+00,-4.87500000e-02,-2.65625000e-02
3.02992000e-06,1.21875000e+00,1.10000000e+00,-5.12500000e-02,-1.17968750e-01
3.03024000e-06,1.15625000e+00,1.12500000e+00,-2.81250000e-02,-1.50000000e-01
3.03056000e-06,1.05625000e+00,9.50000000e-01,-6.87500000e-03,-7.50000000e-02
3.03088000e-06,1.10625000e+00,1.15000000e+00,-5.31250000e-02,-3.28125000e-02
3.03120000e-06,1.05625000e+00,1.05000000e+00,-2.75000000e-02,-1.79687500e-02
3.03152000e-06,1.11875000e+00,9.37500000e-01,-2.75000000e-02,-6.25000000e-03
3.03184000e-06,1.21875000e+00,1.05000000e+00,-3.75000000e-03,-8.82812500e-02
3.03216000e-06,1.09375000e+00,1.07500000e+00,-9.37500000e-03,-1.29687500e-01
3.03248000e-06,1.13125000e+00,9.50000000e-01,-5.87500000e-02,-3.51562500e-02
3.03280000e-06,1.05625000e+00,9.75000000e-01,3.12500000e-03,-7.34375000e-02
3.03312000e-06,1.15625000e+00,9.37500000e-01,-1.00000000e-02,-8.98437500e-02
3.03344000e-06,1.25625000e+00,1.07500000e+00,-2.00000000e-02,-6.17187500e-02
3.03376000e-06,1.13125000e+00,1.02500000e+00,-3.87500000e-02,-5.46875000e-02
3.03408000e-06,1.11875000e+00,1.07500000e+00,-2.56250000e-02,-8.35937500e-02
3.03440000e-06,1.16875000e+00,1.03750000e+00,-2.81250000e-02,-9.21875000e-02
3.03472000e-06,1.15625000e+00,9.62500000e-01,-4.56250000e-02,-7.34375000e-02
3.03504000e-06,1.28125000e+00,1.07500000e+00,-3.31250000e-02,-7.57812500e-02
3.03536000e-06,1.13125000e+00,1.13750000e+00,-3.31250000e-02,-5.62500000e-02
3.03568000e-06,1.23125000e+00,1.11250000e+00,-5.00000000e-02,-6.17187500e-02
3.03600000e-06,1.15625000e+00,9.87500000e-01,-9.37500000e-03,-9.68750000e-02
3.03632000e-06,1.01875000e+00,9.87500000e-01,-3.81250000e-02,-1.03906250e-01
3.03664000e-06,1.14375000e+00,1.03750000e+00,-2.56250000e-02,-9.92187500e-02
3.03696000e-06,1.24375000e+00,1.05000000e+00,-2.75000000e-02,-6.25000000e-02
3.03728000e-06,1.20625000e+00,9.50000000e-01,-3.06250000e-02,-4.14062500e-02
3.03760000e-06,1.23125000e+00,1.01250000e+00,-3.56250000e-02,-6.79687500e-02
3.03792000e-06,1.15625000e+00,1.10000000e+00,-2.62500000e-02,-8.98437500e-02
3.03824000e-06,1.20625000e+00,9.50000000e-01,-2.81250000e-02,-9.53125000e-02
3.03856000e-06,9.56250000e-01,1.18750000e+00,-4.06250000e-02,-5.46875000e-02
3.03888000e-06,1.15625000e+00,1.01250000e+00,-1.62500000e-02,-5.78125000e-02
3.03920000e-06,1.05625000e+00,1.07500000e+00,-2.00000000e-02,-9.21875000e-02
3.03952000e-06,1.19375000e+00,9.37500000e-01,-6.87500000e-03,-8.28125000e-02
3.03984000e-06,1.09375000e+00,1.10000000e+00,-1.25000000e-02,-1.18750000e-01
3.04016000e-06,1.31250000e+00,1.00000000e+00,-4.62500000e-02,-1.92968750e-01
3.04048000e-06,1.08125000e+00,9.87500000e-01,-2.18750000e-02,-1.56250000e-01
3.04080000e-06,1.19687500e+00,9.50000000e-01,-3.37500000e-02,-1.50000000e-01
3.04112000e-06,1.25625000e+00,1.11250000e+00,-2.81250000e-02,-1.16406250e-01
3.04144000e-06,1.06875000e+00,9.25000000e-01,-3.31250000e-02,-1.46093750e-01
3.04176000e-06,1.05937500e+00,1.00000000e+00,-5.56250000e-02,-1.78125000e-01
3.04208000e-06,1.15625000e+00,1.08750000e+00,-1.87500000e-02,-1.30468750e-01
3.04240000e-06,1.26875000e+00,9.87500000e-01,-2.87500000e-02,-5.23437500e-02
3.04272000e-06,1.15625000e+00,9.37500000e-01,-5.62500000e-02,5.00000000e-02
3.04304000e-06,1.33750000e+00,9.75000000e-01,-4.37500000e-03,3.82812500e-02
3.04336000e-06,1.06875000e+00,9.25000000e-01,-2.00000000e-02,-7.42187500e-02
3.04368000e-06,1.10625000e+00,1.12500000e+00,-1.93750000e-02,-1.55468750e-01
3.04400000e-06,1.04375000e+00,9.37500000e-01,-2.62500000e-02,-1.29687500e-01
3.04432000e-06,1.04375000e+00,9.37500000e-01,-4.62500000e-02,-1.52343750e-01
3.04464000e-06,1.08125000e+00,1.06250000e+00,-2.81250000e-02,-1.58593750e-01
3.04496000e-06,9.81250000e-01,1.02500000e+00,-1.93750000e-02,-1.13281250e-01
3.04528000e-06,1.19375000e+00,1.07500000e+00,-3.06250000e-02,-1.34375000e-01
3.04560000e-06,1.04375000e+00,1.02500000e+00,-4.31250000e-02,-1.31250000e-01
3.04592000e-06,1.08125000e+00,9.75000000e-01,3.75000000e-03,-1.32031250e-01
3.04624000e-06,1.19375000e+00,1.05000000e+00,-1.25000000e-02,-1.46875000e-01
3.04656000e-06,1.18125000e+00,9.62500000e-01,-4.37500000e-02,-1.03125000e-01
3.04688000e-06,1.14375000e+00,1.05000000e+00,-4.50000000e-02,-8.67187500e-02
3.04720000e-06,1.15625000e+00,1.07500000e+00,-3.75000000e-03,-1.56250000e-02
3.04752000e-06,1.01875000e+00,1.02500000e+00,-6.87500000e-03,-1.95312500e-02
3.04784000e-06,1.24375000e+00,9.87500000e-01,-9.37500000e-03,-6.71875000e-02
3.04816000e-06,1.19375000e+00,1.03750000e+00,-7.50000000e-03,-1.14843750e-01
3.04848000e-06,1.11875000e+00,1.02500000e+00,-2.18750000e-02,-1.50781250e-01
3.04880000e-06,1.20625000e+00,1.15000000e+00,-2.25000000e-02,-5.15625000e-02
3.04912000e-06,1.15625000e+00,1.11250000e+00,-4.62500000e-02,2.34375000e-02
3.04944000e-06,1.06875000e+00,1.08750000e+00,-3.00000000e-02,-1.17187500e-01
3.04976000e-06,1.15625000e+00,1.01250000e+00,1.87500000e-02,-1.16406250e-01
3.05008000e-06,1.16875000e+00,1.03750000e+00,-3.31250000e-02,-1.26562500e-01
3.05040000e-06,1.24375000e+00,1.03750000e+00,-4.87500000e-02,-1.63281250e-01
3.05072000e-06,1.09375000e+00,1.00000000e+00,-4.06250000e-02,-6.87500000e-02
3.05104000e-06,1.09375000e+00,9.87500000e-01,1.87500000e-02,-8.12500000e-02
3.05136000e-06,1.15625000e+00,1.10000000e+00,2.12500000e-02,-1.95312500e-01
3.05168000e-06,1.16875000e+00,9.87500000e-01,-1.18750000e-02,-1.57031250e-01
3.05200000e-06,1.03125000e+00,1.08750000e+00,-2.87500000e-02,-8.90625000e-02
3.05232000e-06,1.15625000e+00,1.08750000e+00,-4.12500000e-02,-1.15625000e-01
3.05264000e-06,1.25625000e+00,1.06250000e+00,-4.87500000e-02,-1.28125000e-01
3.05296000e-06,1.25625000e+00,1.03750000e+00,-5.56250000e-02,-1.24218750e-01
3.05328000e-06,1.19375000e+00,8.75000000e-01,-4.81250000e-02,-1.86718750e-01
3.05360000e-06,1.21875000e+00,9.75000000e-01,-3.06250000e-02,-1.42968750e-01
3.05392000e-06,1.11875000e+00,1.01250000e+00,-1.62500000e-02,-3.90625000e-03
3.05424000e-06,1.06875000e+00,1.03750000e+00,-2.62500000e-02,1.79687500e-02
3.05456000e-06,1.10625000e+00,1.13750000e+00,-3.06250000e-02,-6.95312500e-02
3.05488000e-06,1.26875000e+00,9.87500000e-01,8.12500000e-03,-1.37500000e-01
3.05520000e-06,1.20625000e+00,1.02500000e+00,-2.12500000e-02,-6.09375000e-02
3.05552000e-06,1.03125000e+00,1.01250000e+00,3.12500000e-03,-4.53125000e-02
3.05584000e-06,1.14375000e+00,1.05000000e+00,-1.43750000e-02,-9.76562500e-02
3.05616000e-06,1.25937500e+00,9.37500000e-01,-2.62500000e-02,-1.38281250e-01
3.05648000e-06,1.30000000e+00,1.08750000e+00,-5.37500000e-02,-1.42968750e-01
3.05680000e-06,1.03125000e+00,1.07500000e+00,-1.18750000e-02,-1.35156250e-01
3.05712000e-06,1.02187500e+00,1.01250000e+00,5.62500000e-03,-1.57031250e-01
3.05744000e-06,1.16875000e+00,1.00000000e+00,-1.50000000e-02,-7.18750000e-02
3.05776000e-06,1.18125000e+00,1.08750000e+00,-3.81250000e-02,4.06250000e-02
3.05808000e-06,1.05625000e+00,1.03750000e+00,-1.93750000e-02,5.62500000e-02
3.05840000e-06,1.06875000e+00,1.21250000e+00,-2.81250000e-02,4.68750000e-02
3.05872000e-06,1.09375000e+00,8.62500000e-01,-5.06250000e-02,-7.26562500e-02
3.05904000e-06,1.00625000e+00,9.37500000e-01,-2.50000000e-02,-1.21875000e-01
3.05936000e-06,1.06875000e+00,1.03750000e+00,-1.93750000e-02,-8.59375000e-02
3.05968000e-06,1.06875000e+00,1.06250000e+00,-4.81250000e-02,-8.75000000e-02
3.06000000e-06,1.23125000e+00,1.07500000e+00,-1.87500000e-02,-8.75000000e-02
3.06032000e-06,1.11875000e+00,9.62500000e-01,-2.00000000e-02,-9.06250000e-02
3.06064000e-06,1.31562500e+00,1.18750000e+00,-3.62500000e-02,-1.00000000e-01
3.06096000e-06,1.21875000e+00,9.87500000e-01,-4.56250000e-02,-1.09375000e-01
3.06128000e-06,1.21875000e+00,9.75000000e-01,-3.56250000e-02,-2.26562500e-02
3.06160000e-06,1.13437500e+00,1.30625000e+00,-1.62500000e-02,-2.57812500e-02
3.06192000e-06,1.25625000e+00,1.03750000e+00,-3.62500000e-02,-2.73437500e-02
3.06224000e-06,1.15625000e+00,1.10000000e+00,-2.18750000e-02,-3.82812500e-02
3.06256000e-06,1.14375000e+00,9.50000000e-01,2.50000000e-03,-7.57812500e-02
3.06288000e-06,1.10625000e+00,9.50000000e-01,-1.87500000e-03,-2.34375000e-02
3.06320000e-06,1.20625000e+00,1.10000000e+00,-1.25000000e-02,-2.10937500e-02
3.06352000e-06,1.15625000e+00,9.50000000e-01,-4.12500000e-02,-1.03125000e-01
3.06384000e-06,1.16875000e+00,9.37500000e-01,-5.81250000e-02,-1.65625000e-01
3.06416000e-06,1.11875000e+00,1.13750000e+00,-6.25000000e-03,-6.40625000e-02
3.06448000e-06,1.25625000e+00,9.75000000e-01,-3.12500000e-02,-7.57812500e-02
3.06480000e-06,1.15625000e+00,1.00000000e+00,-3.37500000e-02,-1.16406250e-01
3.06512000e-06,1.15625000e+00,9.87500000e-01,-2.18750000e-02,-5.23437500e-02
3.06544000e-06,1.10625000e+00,9.87500000e-01,-3.87500000e-02,-9.84375000e-02
3.06576000e-06,1.25625000e+00,1.01250000e+00,-4.12500000e-02,-1.51562500e-01
3.06608000e-06,1.09375000e+00,1.08750000e+00,-4.37500000e-02,-9.45312500e-02
3.06640000e-06,1.18125000e+00,1.11250000e+00,-3.00000000e-02,-8.04687500e-02
3.06672000e-06,1.19375000e+00,1.17500000e+00,-1.43750000e-02,-1.33593750e-01
3.06704000e-06,1.06875000e+00,1.03750000e+00,-5.06250000e-02,-6.56250000e-02
3.06736000e-06,1.14375000e+00,9.75000000e-01,-5.06250000e-02,-5.46875000e-02
3.06768000e-06,1.21875000e+00,1.07500000e+00,-6.25000000e-03,-6.56250000e-02
3.06800000e-06,1.05625000e+00,9.62500000e-01,-6.87500000e-03,-5.23437500e-02
3.06832000e-06,1.24375000e+00,1.07500000e+00,-1.43750000e-02,-6.25000000e-02
3.06864000e-06,1.21875000e+00,1.11250000e+00,-3.12500000e-02,-5.31250000e-02
3.06896000e-06,1.03125000e+00,9.62500000e-01,-4.37500000e-02,-8.12500000e-02
3.06928000e-06,1.11875000e+00,9.75000000e-01,-3.12500000e-02,-1.44531250e-01
3.06960000e-06,1.08125000e+00,1.00000000e+00,-2.75000000e-02,-1.52343750e-01
3.06992000e-06,1.14375000e+00,1.20000000e+00,-3.31250000e-02,-1.09375000e-01
3.07024000e-06,1.19375000e+00,1.20000000e+00,-2.18750000e-02,-8.43750000e-02
3.07056000e-06,1.11875000e+00,1.07500000e+00,-3.68750000e-02,-1.34375000e-01
3.07088000e-06,1.10625000e+00,8.75000000e-01,-5.00000000e-02,-1.37500000e-01
3.07120000e-06,1.19375000e+00,1.06250000e+00,2.62500000e-02,-1.33593750e-01
3.07152000e-06,1.24375000e+00,1.03750000e+00,-2.50000000e-02,-2.06250000e-01
3.07184000e-06,1.09375000e+00,1.00000000e+00,6.25000000e-04,-1.35937500e-01
3.07216000e-06,1.13125000e+00,9.12500000e-01,-2.62500000e-02,-6.64062500e-02
3.07248000e-06,1.08125000e+00,9.50000000e-01,-1.93750000e-02,-4.68750000e-02
3.07280000e-06,1.08125000e+00,1.12500000e+00,-1.81250000e-02,-7.89062500e-02
3.07312000e-06,1.09375000e+00,1.05000000e+00,-2.87500000e-02,-1.40625000e-02
3.07344000e-06,1.19375000e+00,1.01250000e+00,-4.81250000e-02,-8.28125000e-02
3.07376000e-06,1.26875000e+00,1.10000000e+00,-3.06250000e-02,-1.42187500e-01
3.07408000e-06,1.11875000e+00,1.06250000e+00,-2.18750000e-02,-1.93750000e-01
3.07440000e-06,1.03125000e+00,9.37500000e-01,-3.87500000e-02,-1.50781250e-01
3.07472000e-06,1.11875000e+00,1.07500000e+00,-1.62500000e-02,-1.29687500e-01
3.07504000e-06,1.09375000e+00,1.10000000e+00,-1.50000000e-02,-1.32812500e-01
3.07536000e-06,1.18125000e+00,1.10000000e+00,-2.00000000e-02,-1.64062500e-01
3.07568000e-06,1.19375000e+00,9.87500000e-01,-5.37500000e-02,-1.17968750e-01
3.07600000e-06,1.15625000e+00,1.21250000e+00,-4.56250000e-02,-6.17187500e-02
3.07632000e-06,1.18125000e+00,1.07500000e+00,-2.12500000e-02,-9.21875000e-02
3.07664000e-06,1.16875000e+00,1.06250000e+00,-1.43750000e-02,-1.21875000e-01
3.07696000e-06,1.24375000e+00,1.12500000e+00,-2.00000000e-02,-8.75000000e-02
3.07728000e-06,1.18125000e+00,9.50000000e-01,-5.37500000e-02,-1.07812500e-01
3.07760000e-06,1.23125000e+00,1.00000000e+00,-1.62500000e-02,-1.45312500e-01
3.07792000e-06,1.16875000e+00,9.87500000e-01,-2.50000000e-03,-5.00000000e-02
3.07824000e-06,1.16875000e+00,1.15000000e+00,-3.81250000e-02,-1.07812500e-01
3.07856000e-06,1.14375000e+00,1.00000000e+00,-2.56250000e-02,-1.31250000e-01
3.07888000e-06,1.21875000e+00,1.16250000e+00,-4.06250000e-02,-8.82812500e-02
3.07920000e-06,1.03125000e+00,9.87500000e-01,-3.56250000e-02,-1.26562500e-01
3.07952000e-06,1.18125000e+00,1.01250000e+00,-2.12500000e-02,-1.00781250e-01
3.07984000e-06,1.16875000e+00,1.07500000e+00,-3.75000000e-03,-5.07812500e-02
3.08016000e-06,1.05625000e+00,1.27500000e+00,-3.62500000e-02,-1.01562500e-01
3.08048000e-06,1.16875000e+00,1.13750000e+00,-1.68750000e-02,-1.15625000e-01
3.08080000e-06,1.09375000e+00,1.15000000e+00,-1.50000000e-02,-1.08593750e-01
3.08112000e-06,1.35000000e+00,1.02500000e+00,-4.37500000e-03,-1.34375000e-01
3.08144000e-06,1.14375000e+00,1.06250000e+00,-3.12500000e-02,-7.03125000e-02
3.08176000e-06,1.10625000e+00,9.62500000e-01,-1.93750000e-02,-7.03125000e-02
3.08208000e-06,1.13125000e+00,1.02500000e+00,-1.56250000e-02,-1.40625000e-01
3.08240000e-06,1.14375000e+00,1.07500000e+00,-5.12500000e-02,-1.07031250e-01
3.08272000e-06,1.16875000e+00,1.12500000e+00,-1.12500000e-02,-9.53125000e-02
3.08304000e-06,1.21875000e+00,1.12500000e+00,-3.37500000e-02,-1.08593750e-01
3.08336000e-06,1.19375000e+00,1.03750000e+00,-3.06250000e-02,-6.25000000e-03
3.08368000e-06,1.11875000e+00,9.75000000e-01,-2.56250000e-02,-5.00000000e-02
3.08400000e-06,1.19375000e+00,1.02500000e+00,-2.56250000e-02,-1.50781250e-01
3.08432000e-06,1.04375000e+00,9.75000000e-01,-6.12500000e-02,-1.02343750e-01
3.08464000e-06,1.16875000e+00,1.06250000e+00,-1.43750000e-02,-1.47656250e-01
3.08496000e-06,1.15625000e+00,1.08750000e+00,-1.50000000e-02,-1.57812500e-01
3.08528000e-06,1.18125000e+00,9.75000000e-01,-3.12500000e-02,-5.70312500e-02
3.08560000e-06,1.28125000e+00,1.00000000e+00,-4.56250000e-02,-1.25000000e-02
3.08592000e-06,1.16875000e+00,9.50000000e-01,-8.75000000e-03,1.25000000e-02
3.08624000e-06,1.11875000e+00,9.87500000e-01,-1.50000000e-02,-7.03125000e-02
3.08656000e-06,1.13125000e+00,1.07500000e+00,-3.56250000e-02,-1.18750000e-01
3.08688000e-06,1.06875000e+00,9.25000000e-01,-1.18750000e-02,-1.05468750e-01
3.08720000e-06,1.08125000e+00,1.00000000e+00,-3.06250000e-02,-1.35156250e-01
3.08752000e-06,1.13125000e+00,1.08750000e+00,-4.81250000e-02,-1.11718750e-01
3.08784000e-06,1.16875000e+00,9.75000000e-01,-2.50000000e-02,-1.21875000e-01
3.08816000e-06,1.18125000e+00,1.11250000e+00,-3.06250000e-02,-1.46875000e-01
3.08848000e-06,1.10625000e+00,1.01250000e+00,-4.06250000e-02,-5.62500000e-02
3.08880000e-06,1.24375000e+00,9.75000000e-01,-3.87500000e-02,-3.82812500e-02
3.08912000e-06,1.13125000e+00,1.17500000e+00,-3.00000000e-02,-1.00781250e-01
3.08944000e-06,1.15937500e+00,1.02500000e+00,-1.12500000e-02,-8.98437500e-02
3.08976000e-06,1.21875000e+00,1.06250000e+00,-3.06250000e-02,-1.17968750e-01
3.09008000e-06,9.81250000e-01,1.13750000e+00,-4.62500000e-02,-1.46875000e-01
3.09040000e-06,1.07187500e+00,1.00000000e+00,-3.87500000e-02,-8.75000000e-02
3.09072000e-06,1.13125000e+00,8.75000000e-01,-3.00000000e-02,-1.23437500e-01
3.09104000e-06,1.14375000e+00,1.03750000e+00,-2.56250000e-02,-1.03906250e-01
3.09136000e-06,1.23437500e+00,1.02500000e+00,-3.00000000e-02,-2.72656250e-01
3.09168000e-06,1.31250000e+00,1.08750000e+00,-6.87500000e-03,-2.06250000e-01
3.09200000e-06,1.24375000e+00,1.05000000e+00,-1.93750000e-02,-9.37500000e-02
3.09232000e-06,1.02187500e+00,1.00000000e+00,-3.62500000e-02,-3.35937500e-02
3.09264000e-06,1.00625000e+00,1.08750000e+00,-2.81250000e-02,-2.65625000e-02
3.09296000e-06,1.21875000e+00,1.15000000e+00,-4.06250000e-02,-2.65625000e-02
3.09328000e-06,1.05625000e+00,1.11250000e+00,-3.81250000e-02,-5.62500000e-02
3.09360000e-06,1.08125000e+00,9.50000000e-01,-3.25000000e-02,-1.71875000e-02
3.09392000e-06,1.19375000e+00,9.87500000e-01,-3.31250000e-02,-1.61718750e-01
3.09424000e-06,1.15625000e+00,1.12500000e+00,-4.25000000e-02,-1.46875000e-01
3.09456000e-06,1.19375000e+00,1.01250000e+00,3.12500000e-03,-1.17968750e-01
3.09488000e-06,1.18125000e+00,9.12500000e-01,-2.81250000e-02,-1.41406250e-01
3.09520000e-06,1.21875000e+00,9.00000000e-01,-3.37500000e-02,-6.79687500e-02
3.09552000e-06,1.15625000e+00,1.11250000e+00,-2.81250000e-02,-7.96875000e-02
3.09584000e-06,1.15625000e+00,9.62500000e-01,6.25000000e-03,-1.79687500e-01
3.09616000e-06,9.93750000e-01,1.02500000e+00,1.62500000e-02,-1.78125000e-01
3.09648000e-06,1.16875000e+00,1.02500000e+00,-4.62500000e-02,-1.56250000e-01
3.09680000e-06,1.15625000e+00,8.50000000e-01,-2.18750000e-02,-1.42968750e-01
3.09712000e-06,1.15625000e+00,1.02500000e+00,-2.68750000e-02,-8.59375000e-02
3.09744000e-06,1.14375000e+00,1.05000000e+00,-3.62500000e-02,-7.18750000e-02
3.09776000e-06,1.08125000e+00,1.00000000e+00,-3.37500000e-02,-1.21093750e-01
3.09808000e-06,1.03125000e+00,1.15000000e+00,-3.06250000e-02,-1.56250000e-01
3.09840000e-06,1.08125000e+00,1.00000000e+00,-3.56250000e-02,-1.85937500e-01
3.09872000e-06,1.06875000e+00,1.02500000e+00,-4.56250000e-02,-1.31250000e-01
3.09904000e-06,1.28125000e+00,9.25000000e-01,-6.25000000e-03,-1.74218750e-01
3.09936000e-06,9.68750000e-01,1.08750000e+00,-2.00000000e-02,-2.14062500e-01
3.09968000e-06,1.30312500e+00,1.05000000e+00,-3.06250000e-02,-1.86718750e-01
3.10000000e-06,1.19375000e+00,1.06250000e+00,-4.37500000e-03,-1.52343750e-01
3.10032000e-06,1.06875000e+00,1.01250000e+00,-5.06250000e-02,-1.57812500e-01
3.10064000e-06,1.04687500e+00,1.16250000e+00,-1.37500000e-02,-1.84375000e-01
3.10096000e-06,1.23125000e+00,1.15000000e+00,-9.37500000e-03,-2.25000000e-01
3.10128000e-06,1.06875000e+00,9.00000000e-01,-1.43750000e-02,-1.67187500e-01
3.10160000e-06,1.09375000e+00,9.75000000e-01,-1.25000000e-02,-1.42968750e-01
3.10192000e-06,1.15625000e+00,1.06250000e+00,-3.62500000e-02,-1.71093750e-01
3.10224000e-06,1.08125000e+00,9.75000000e-01,-1.37500000e-02,-1.41406250e-01
3.10256000e-06,1.19375000e+00,1.07500000e+00,-2.87500000e-02,-1.50781250e-01
3.10288000e-06,1.08125000e+00,9.75000000e-01,-2.18750000e-02,-1.41406250e-01
3.10320000e-06,1.08125000e+00,1.05000000e+00,-2.87500000e-02,-8.35937500e-02
3.10352000e-06,1.19375000e+00,1.03750000e+00,-1.75000000e-02,-6.09375000e-02
3.10384000e-06,1.04375000e+00,1.05000000e+00,-3.31250000e-02,-6.40625000e-02
3.10416000e-06,1.16875000e+00,9.37500000e-01,6.25000000e-03,-7.03125000e-02
3.10448000e-06,1.19375000e+00,1.11250000e+00,-3.06250000e-02,-7.42187500e-02
3.10480000e-06,1.16875000e+00,1.00000000e+00,-3.31250000e-02,-1.40625000e-01
3.10512000e-06,1.08125000e+00,9.75000000e-01,-4.37500000e-03,-1.81250000e-01
3.10544000e-06,9.93750000e-01,1.03750000e+00,-3.56250000e-02,-1.50781250e-01
3.10576000e-06,1.11875000e+00,1.15000000e+00,-5.12500000e-02,-1.61718750e-01
3.10608000e-06,1.13125000e+00,1.06250000e+00,-3.12500000e-02,-1.85937500e-01
3.10640000e-06,1.13125000e+00,1.06250000e+00,-2.12500000e-02,-1.68750000e-01
3.10672000e-06,1.23125000e+00,1.06250000e+00,-1.93750000e-02,-1.01562500e-01
3.10704000e-06,1.11875000e+00,1.05000000e+00,-1.43750000e-02,-6.56250000e-02
3.10736000e-06,1.28125000e+00,9.62500000e-01,-2.87500000e-02,-1.50781250e-01
3.10768000e-06,1.10625000e+00,1.02500000e+00,-2.62500000e-02,-2.22656250e-01
3.10800000e-06,1.11875000e+00,1.01250000e+00,-2.18750000e-02,-1.10156250e-01
3.10832000e-06,1.14375000e+00,1.08750000e+00,1.31250000e-02,-9.68750000e-02
3.10864000e-06,1.14375000e+00,1.10000000e+00,-3.37500000e-02,-1.08593750e-01
3.10896000e-06,1.15625000e+00,1.06250000e+00,-2.56250000e-02,-1.04687500e-01
3.10928000e-06,1.09375000e+00,1.02500000e+00,3.12500000e-03,-1.09375000e-01
3.10960000e-06,1.16875000e+00,1.11250000e+00,3.75000000e-03,-9.37500000e-02
3.10992000e-06,1.21875000e+00,9.75000000e-01,-6.87500000e-03,-1.51562500e-01
3.11024000e-06,1.21875000e+00,1.03750000e+00,-1.18750000e-02,-1.50000000e-01
3.11056000e-06,1.16875000e+00,1.12500000e+00,-4.37500000e-03,-1.10156250e-01
3.11088000e-06,1.15625000e+00,1.10000000e+00,-4.87500000e-02,-1.24218750e-01
3.11120000e-06,1.11875000e+00,1.13750000e+00,-2.56250000e-02,-1.38281250e-01
3.11152000e-06,1.13125000e+00,1.06250000e+00,-9.37500000e-03,-1.11718750e-01
3.11184000e-06,1.24375000e+00,9.50000000e-01,-1.87500000e-02,-7.03125000e-02
3.11216000e-06,1.25625000e+00,1.10000000e+00,-4.37500000e-03,-4.53125000e-02
3.11248000e-06,1.14375000e+00,1.07500000e+00,-3.62500000e-02,-7.50000000e-02
3.11280000e-06,1.11875000e+00,1.10000000e+00,-3.87500000e-02,-1.07812500e-01
3.11312000e-06,1.08125000e+00,9.25000000e-01,-3.06250000e-02,-9.14062500e-02
3.11344000e-06,1.13125000e+00,9.25000000e-01,-1.43750000e-02,-4.21875000e-02
3.11376000e-06,1.20625000e+00,1.10000000e+00,-3.56250000e-02,-8.75000000e-02
3.11408000e-06,1.16875000e+00,1.07500000e+00,-1.37500000e-02,-1.27343750e-01
3.11440000e-06,1.19375000e+00,1.07500000e+00,-1.18750000e-02,-1.14843750e-01
3.11472000e-06,1.24375000e+00,1.07500000e+00,-1.18750000e-02,-8.04687500e-02
3.11504000e-06,1.11875000e+00,1.07500000e+00,8.12500000e-03,-8.04687500e-02
3.11536000e-06,1.08125000e+00,1.16250000e+00,-3.37500000e-02,-1.05468750e-01
3.11568000e-06,1.15625000e+00,9.25000000e-01,-4.12500000e-02,-7.57812500e-02
3.11600000e-06,1.13125000e+00,1.05000000e+00,-4.37500000e-03,-6.64062500e-02
3.11632000e-06,1.15625000e+00,1.16250000e+00,5.00000000e-03,-1.44531250e-01
3.11664000e-06,1.10625000e+00,1.05000000e+00,-4.62500000e-02,-9.53125000e-02
3.11696000e-06,1.23125000e+00,1.07500000e+00,-5.00000000e-02,-6.32812500e-02
3.11728000e-06,1.25625000e+00,1.16250000e+00,5.62500000e-03,-7.73437500e-02
3.11760000e-06,1.11875000e+00,9.50000000e-01,-5.81250000e-02,7.81250000e-04
3.11792000e-06,1.05625000e+00,9.87500000e-01,-2.56250000e-02,-2.26562500e-02
3.11824000e-06,1.06875000e+00,9.75000000e-01,-3.06250000e-02,-1.14843750e-01
3.11856000e-06,1.18125000e+00,9.75000000e-01,-2.75000000e-02,-1.31250000e-01
3.11888000e-06,1.30000000e+00,9.25000000e-01,-1.12500000e-02,-5.39062500e-02
3.11920000e-06,1.11875000e+00,1.00000000e+00,-1.12500000e-02,-4.06250000e-02
3.11952000e-06,1.18125000e+00,9.50000000e-01,-4.12500000e-02,-3.43750000e-02
3.11984000e-06,1.10625000e+00,1.01250000e+00,-3.37500000e-02,-1.32812500e-02
3.12016000e-06,1.24375000e+00,1.02500000e+00,-1.43750000e-02,-4.84375000e-02
3.12048000e-06,1.10625000e+00,1.07500000e+00,-9.37500000e-03,-5.23437500e-02
3.12080000e-06,1.05625000e+00,1.15000000e+00,-2.62500000e-02,-8.04687500e-02
3.12112000e-06,1.11875000e+00,1.03750000e+00,-4.06250000e-02,-9.14062500e-02
3.12144000e-06,1.05625000e+00,1.10000000e+00,1.56250000e-02,-9.29687500e-02
3.12176000e-06,1.10625000e+00,1.05000000e+00,5.62500000e-03,-5.39062500e-02
3.12208000e-06,1.16875000e+00,1.08750000e+00,-4.31250000e-02,-4.92187500e-02
3.12240000e-06,1.21875000e+00,9.87500000e-01,3.75000000e-03,-1.29687500e-01
3.12272000e-06,1.24375000e+00,1.01250000e+00,-2.81250000e-02,-1.61718750e-01
3.12304000e-06,1.11875000e+00,1.11250000e+00,-6.37500000e-02,-3.67187500e-02
3.12336000e-06,1.21875000e+00,9.87500000e-01,6.25000000e-04,-6.09375000e-02
3.12368000e-06,1.04375000e+00,1.02500000e+00,-5.00000000e-03,-1.65625000e-01
3.12400000e-06,1.10625000e+00,1.06250000e+00,-3.31250000e-02,-7.34375000e-02
3.12432000e-06,1.06875000e+00,8.75000000e-01,6.25000000e-03,-1.71875000e-02
3.12464000e-06,1.20625000e+00,1.01250000e+00,-1.62500000e-02,-6.32812500e-02
3.12496000e-06,1.06875000e+00,1.00000000e+00,3.12500000e-03,-3.98437500e-02
3.12528000e-06,1.10625000e+00,1.01250000e+00,-2.62500000e-02,-9.37500000e-02
3.12560000e-06,1.06875000e+00,1.11250000e+00,-4.62500000e-02,-1.21875000e-01
3.12592000e-06,9.93750000e-01,1.17500000e+00,-3.87500000e-02,-4.29687500e-02
3.12624000e-06,1.06875000e+00,1.12500000e+00,-5.31250000e-02,2.42187500e-02
3.12656000e-06,1.10625000e+00,1.07500000e+00,-3.00000000e-02,6.87500000e-02
3.12688000e-06,1.23125000e+00,9.37500000e-01,-1.18750000e-02,-1.48437500e-02
3.12720000e-06,1.19375000e+00,1.02500000e+00,-2.50000000e-02,-9.84375000e-02
3.12752000e-06,1.11875000e+00,1.10000000e+00,1.12500000e-02,-1.59375000e-01
3.12784000e-06,1.11875000e+00,1.12500000e+00,-2.81250000e-02,-1.32031250e-01
3.12816000e-06,1.09375000e+00,9.00000000e-01,-1.93750000e-02,-1.63281250e-01
3.12848000e-06,1.09375000e+00,9.12500000e-01,-1.81250000e-02,-1.31250000e-01
3.12880000e-06,1.06875000e+00,1.02500000e+00,-4.62500000e-02,-5.46875000e-02
3.12912000e-06,1.15625000e+00,1.02500000e+00,-1.37500000e-02,-6.17187500e-02
3.12944000e-06,1.10625000e+00,9.75000000e-01,-1.93750000e-02,-6.09375000e-02
3.12976000e-06,1.19375000e+00,1.01250000e+00,-6.87500000e-03,-9.92187500e-02
3.13008000e-06,1.08125000e+00,1.06250000e+00,-9.37500000e-03,-1.02343750e-01
3.13040000e-06,8.93750000e-01,9.25000000e-01,-2.18750000e-02,-1.71093750e-01
3.13072000e-06,1.14375000e+00,1.20000000e+00,-2.25000000e-02,-1.97656250e-01
3.13104000e-06,1.21875000e+00,9.37500000e-01,-4.87500000e-02,-9.60937500e-02
3.13136000e-06,1.00625000e+00,1.01250000e+00,-3.00000000e-02,-2.50000000e-02
3.13168000e-06,1.16875000e+00,1.10000000e+00,-1.93750000e-02,-1.09375000e-01
3.13200000e-06,1.23125000e+00,1.05000000e+00,-1.87500000e-02,-6.09375000e-02
3.13232000e-06,1.16875000e+00,1.02500000e+00,-1.43750000e-02,-6.01562500e-02
3.13264000e-06,1.15625000e+00,1.01250000e+00,-2.87500000e-02,-9.60937500e-02
3.13296000e-06,1.13125000e+00,1.03750000e+00,-1.18750000e-02,-1.09375000e-01
3.13328000e-06,1.33750000e+00,1.21250000e+00,-2.06250000e-02,-5.31250000e-02
3.13360000e-06,1.14375000e+00,9.50000000e-01,-4.37500000e-02,-3.35937500e-02
3.13392000e-06,1.23125000e+00,1.06250000e+00,-1.18750000e-02,-9.84375000e-02
3.13424000e-06,1.28125000e+00,1.01250000e+00,-2.18750000e-02,-1.24218750e-01
3.13456000e-06,1.05625000e+00,9.62500000e-01,-1.87500000e-03,-2.10937500e-02
3.13488000e-06,1.23125000e+00,9.25000000e-01,-2.87500000e-02,-1.71875000e-02
3.13520000e-06,1.16875000e+00,1.13750000e+00,-3.06250000e-02,-1.07812500e-01
3.13552000e-06,1.16875000e+00,9.25000000e-01,-1.25000000e-02,-1.21875000e-01
3.13584000e-06,1.18125000e+00,9.62500000e-01,-3.31250000e-02,-1.04687500e-01
3.13616000e-06,1.28125000e+00,1.05000000e+00,-1.87500000e-02,-8.51562500e-02
3.13648000e-06,1.10625000e+00,1.06250000e+00,-3.87500000e-02,-6.64062500e-02
3.13680000e-06,1.16875000e+00,1.12500000e+00,-3.56250000e-02,-7.18750000e-02
3.13712000e-06,1.11875000e+00,1.05000000e+00,-9.37500000e-03,-6.40625000e-02
3.13744000e-06,1.04375000e+00,1.08750000e+00,-9.37500000e-03,-1.25000000e-01
3.13776000e-06,1.16875000e+00,1.03750000e+00,-3.87500000e-02,-1.42968750e-01
3.13808000e-06,1.24687500e+00,1.01250000e+00,-3.06250000e-02,-3.90625000e-02
3.13840000e-06,1.26875000e+00,1.25000000e+00,-2.81250000e-02,-1.13281250e-01
3.13872000e-06,9.81250000e-01,9.87500000e-01,-3.00000000e-02,-1.02343750e-01
3.13904000e-06,1.18437500e+00,1.00000000e+00,-2.12500000e-02,-5.15625000e-02
3.13936000e-06,1.25937500e+00,1.01250000e+00,-1.37500000e-02,-1.01562500e-01
3.13968000e-06,1.21875000e+00,9.50000000e-01,3.12500000e-03,-9.84375000e-02
3.14000000e-06,1.21875000e+00,1.11250000e+00,3.12500000e-03,-2.34375000e-02
3.14032000e-06,1.35625000e+00,9.87500000e-01,-1.68750000e-02,-8.59375000e-03
3.14064000e-06,1.25625000e+00,9.50000000e-01,-1.68750000e-02,-8.75000000e-02
3.14096000e-06,1.18125000e+00,9.50000000e-01,-3.37500000e-02,-1.19531250e-01
3.14128000e-06,1.14687500e+00,1.03750000e+00,-3.56250000e-02,-9.84375000e-02
3.14160000e-06,9.68750000e-01,1.05000000e+00,-3.37500000e-02,-7.50000000e-02
3.14192000e-06,1.18125000e+00,1.03750000e+00,-3.31250000e-02,-7.96875000e-02
3.14224000e-06,1.15625000e+00,9.62500000e-01,-3.12500000e-02,-5.54687500e-02
3.14256000e-06,1.21875000e+00,1.15000000e+00,-3.56250000e-02,-7.89062500e-02
3.14288000e-06,1.14375000e+00,1.08750000e+00,-1.87500000e-02,-1.19531250e-01
3.14320000e-06,1.11875000e+00,9.00000000e-01,-2.62500000e-02,-1.47656250e-01
3.14352000e-06,1.11875000e+00,9.62500000e-01,-2.56250000e-02,-9.84375000e-02
3.14384000e-06,1.04375000e+00,9.12500000e-01,-4.37500000e-03,-1.01562500e-02
3.14416000e-06,1.18125000e+00,1.05000000e+00,-1.12500000e-02,-4.92187500e-02
3.14448000e-06,1.21875000e+00,1.03750000e+00,-2.00000000e-02,-1.07812500e-01
3.14480000e-06,1.22187500e+00,1.07500000e+00,-3.62500000e-02,-8.98437500e-02
3.14512000e-06,1.31250000e+00,9.50000000e-01,-4.81250000e-02,-8.67187500e-02
3.14544000e-06,1.06875000e+00,1.08750000e+00,-2.50000000e-02,-5.78125000e-02
3.14576000e-06,1.09687500e+00,9.50000000e-01,-1.18750000e-02,-1.00781250e-01
3.14608000e-06,1.11875000e+00,1.03750000e+00,-5.31250000e-02,-8.43750000e-02
3.14640000e-06,1.04375000e+00,9.50000000e-01,-1.43750000e-02,-1.26562500e-01
3.14672000e-06,1.11875000e+00,1.17500000e+00,-5.37500000e-02,-1.21093750e-01
3.14704000e-06,1.20625000e+00,1.00000000e+00,-1.87500000e-02,-1.67968750e-01
3.14736000e-06,1.19375000e+00,1.00000000e+00,-5.00000000e-03,-1.07031250e-01
3.14768000e-06,1.06875000e+00,1.00000000e+00,-2.87500000e-02,-1.38281250e-01
3.14800000e-06,1.01875000e+00,1.08750000e+00,-3.00000000e-02,-1.48437500e-01
3.14832000e-06,1.19687500e+00,9.62500000e-01,-8.75000000e-03,-1.51562500e-01
3.14864000e-06,1.23125000e+00,1.06250000e+00,1.12500000e-02,-2.41406250e-01
3.14896000e-06,1.06875000e+00,9.87500000e-01,-5.00000000e-03,-1.58593750e-01
3.14928000e-06,1.04687500e+00,1.00000000e+00,-3.62500000e-02,-4.68750000e-02
3.14960000e-06,1.30000000e+00,9.50000000e-01,-2.81250000e-02,-3.90625000e-02
3.14992000e-06,1.09375000e+00,1.08750000e+00,-3.75000000e-03,-5.07812500e-02
3.15024000e-06,1.19375000e+00,1.01250000e+00,-1.25000000e-02,-6.25000000e-02
3.15056000e-06,1.19375000e+00,9.00000000e-01,-4.87500000e-02,-1.17187500e-01
3.15088000e-06,1.09375000e+00,9.00000000e-01,-3.25000000e-02,-1.33593750e-01
3.15120000e-06,1.01875000e+00,1.07500000e+00,-1.93750000e-02,-8.12500000e-02
3.15152000e-06,1.11875000e+00,1.07500000e+00,-3.50000000e-02,-7.57812500e-02
3.15184000e-06,1.13125000e+00,1.02500000e+00,-6.25000000e-03,-5.78125000e-02
3.15216000e-06,1.16875000e+00,1.10000000e+00,-1.37500000e-02,-9.53125000e-02
3.15248000e-06,1.19375000e+00,1.11250000e+00,-9.37500000e-03,-1.48437500e-01
3.15280000e-06,1.26875000e+00,9.50000000e-01,-1.93750000e-02,-1.23437500e-01
3.15312000e-06,1.06875000e+00,1.13750000e+00,-1.68750000e-02,-1.72656250e-01
3.15344000e-06,1.05625000e+00,1.07500000e+00,-2.62500000e-02,-1.81250000e-01
3.15376000e-06,1.19375000e+00,9.75000000e-01,-1.68750000e-02,-1.15625000e-01
3.15408000e-06,9.93750000e-01,1.05000000e+00,0.00000000e+00,-7.96875000e-02
3.15440000e-06,1.27187500e+00,1.12500000e+00,-1.43750000e-02,-9.45312500e-02
3.15472000e-06,1.25625000e+00,1.07500000e+00,-1.43750000e-02,-1.16406250e-01
3.15504000e-06,1.14375000e+00,1.18750000e+00,-1.50000000e-02,-2.10937500e-02
3.15536000e-06,1.25937500e+00,1.11250000e+00,-4.12500000e-02,-3.75000000e-02
3.15568000e-06,1.14375000e+00,1.08750000e+00,-1.87500000e-02,-1.60937500e-01
3.15600000e-06,1.13125000e+00,9.50000000e-01,-1.00000000e-02,-1.96875000e-01
3.15632000e-06,1.27187500e+00,1.10000000e+00,-2.18750000e-02,-1.46093750e-01
3.15664000e-06,1.19375000e+00,1.05000000e+00,-2.87500000e-02,-1.28906250e-01
3.15696000e-06,1.06875000e+00,1.06250000e+00,-4.12500000e-02,-1.35937500e-01
3.15728000e-06,1.20937500e+00,1.15000000e+00,-6.87500000e-03,-1.14062500e-01
3.15760000e-06,1.06875000e+00,1.05000000e+00,-1.00000000e-02,-1.11718750e-01
3.15792000e-06,1.20625000e+00,1.06250000e+00,-3.62500000e-02,-1.34375000e-01
3.15824000e-06,9.93750000e-01,1.08750000e+00,-5.31250000e-02,-9.92187500e-02
3.15856000e-06,1.27187500e+00,1.08750000e+00,-1.87500000e-02,-1.08593750e-01
3.15888000e-06,1.15625000e+00,1.00000000e+00,-3.37500000e-02,-1.03125000e-01
3.15920000e-06,1.10625000e+00,9.75000000e-01,-3.81250000e-02,-7.81250000e-02
3.15952000e-06,1.18437500e+00,1.03750000e+00,8.12500000e-03,-7.50000000e-02
3.15984000e-06,1.28125000e+00,1.02500000e+00,8.75000000e-03,-5.07812500e-02
3.16016000e-06,1.09375000e+00,8.75000000e-01,-3.12500000e-02,-2.03125000e-02
3.16048000e-06,1.18125000e+00,9.25000000e-01,-3.87500000e-02,-5.62500000e-02
3.16080000e-06,1.28125000e+00,1.11250000e+00,-1.93750000e-02,-1.60937500e-01
3.16112000e-06,1.09375000e+00,1.12500000e+00,-9.37500000e-03,-1.25781250e-01
3.16144000e-06,1.28125000e+00,1.11250000e+00,-3.62500000e-02,-9.37500000e-02
3.16176000e-06,1.11875000e+00,9.75000000e-01,-3.31250000e-02,-1.43750000e-01
3.16208000e-06,1.11875000e+00,1.08750000e+00,-6.87500000e-03,-1.25781250e-01
3.16240000e-06,1.24375000e+00,9.87500000e-01,-4.37500000e-03,-1.09375000e-01
3.16272000e-06,1.05625000e+00,1.08750000e+00,-4.37500000e-02,-1.91406250e-01
3.16304000e-06,1.15625000e+00,1.08750000e+00,-3.81250000e-02,-1.89062500e-01
3.16336000e-06,1.10625000e+00,1.00000000e+00,-3.31250000e-02,-9.06250000e-02
3.16368000e-06,1.15625000e+00,1.05000000e+00,-3.00000000e-02,-7.73437500e-02
3.16400000e-06,1.15625000e+00,1.11250000e+00,-6.25000000e-03,-1.15625000e-01
3.16432000e-06,1.20625000e+00,1.08750000e+00,-3.56250000e-02,-2.53906250e-01
3.16464000e-06,1.13125000e+00,1.03750000e+00,-1.18750000e-02,-1.96875000e-01
3.16496000e-06,1.11875000e+00,9.75000000e-01,-1.50000000e-02,-5.78125000e-02
3.16528000e-06,1.14375000e+00,1.05000000e+00,-1.18750000e-02,-6.32812500e-02
3.16560000e-06,1.14375000e+00,1.00000000e+00,-6.87500000e-03,-1.03906250e-01
3.16592000e-06,1.24375000e+00,8.50000000e-01,-2.00000000e-02,-1.21093750e-01
3.16624000e-06,1.10625000e+00,8.87500000e-01,-2.25000000e-02,-1.50000000e-01
3.16656000e-06,1.00625000e+00,9.87500000e-01,-3.37500000e-02,-1.30468750e-01
3.16688000e-06,1.05625000e+00,9.87500000e-01,-4.31250000e-02,-1.47656250e-01
3.16720000e-06,1.05625000e+00,1.11250000e+00,-8.75000000e-03,-5.07812500e-02
3.16752000e-06,1.19375000e+00,1.01250000e+00,-2.87500000e-02,-4.53125000e-02
3.16784000e-06,1.30312500e+00,1.01250000e+00,-2.56250000e-02,-1.38281250e-01
3.16816000e-06,1.26875000e+00,1.05000000e+00,-3.62500000e-02,-1.64062500e-01
3.16848000e-06,1.10625000e+00,1.03750000e+00,-2.12500000e-02,-1.35937500e-01
3.16880000e-06,1.14687500e+00,9.50000000e-01,-1.00000000e-02,-1.25000000e-01
3.16912000e-06,1.15625000e+00,1.03750000e+00,-1.25000000e-02,-1.51562500e-01
3.16944000e-06,1.10625000e+00,1.06250000e+00,-5.12500000e-02,-1.42968750e-01
3.16976000e-06,1.09375000e+00,1.01250000e+00,-4.25000000e-02,-1.61718750e-01
3.17008000e-06,1.04375000e+00,1.06250000e+00,-1.43750000e-02,-2.05468750e-01
3.17040000e-06,1.05625000e+00,1.06250000e+00,-3.25000000e-02,-1.11718750e-01
3.17072000e-06,1.20625000e+00,1.02500000e+00,1.25000000e-03,-5.78125000e-02
3.17104000e-06,1.11875000e+00,1.11250000e+00,-1.25000000e-03,-1.15625000e-01
3.17136000e-06,1.16875000e+00,9.37500000e-01,-3.62500000e-02,-1.41406250e-01
3.17168000e-06,1.30312500e+00,1.01250000e+00,-3.12500000e-02,-5.70312500e-02
3.17200000e-06,1.19375000e+00,1.02500000e+00,-3.81250000e-02,-9.76562500e-02
3.17232000e-06,9.56250000e-01,1.11250000e+00,-8.75000000e-03,-1.71875000e-01
3.17264000e-06,1.20937500e+00,1.07500000e+00,-1.62500000e-02,-1.35937500e-01
3.17296000e-06,1.05625000e+00,1.13750000e+00,-1.50000000e-02,-1.07812500e-01
3.17328000e-06,1.20625000e+00,1.01250000e+00,-4.37500000e-02,-1.03906250e-01
3.17360000e-06,1.21875000e+00,9.62500000e-01,-2.18750000e-02,-1.75000000e-01
3.17392000e-06,1.13125000e+00,9.12500000e-01,-5.62500000e-02,-1.28125000e-01
3.17424000e-06,1.27187500e+00,1.02500000e+00,-5.06250000e-02,-1.19531250e-01
3.17456000e-06,1.24375000e+00,1.12500000e+00,-2.75000000e-02,-1.69531250e-01
3.17488000e-06,1.09375000e+00,1.11250000e+00,1.37500000e-02,-1.52343750e-01
3.17520000e-06,1.24687500e+00,1.02500000e+00,-1.25000000e-03,-1.53125000e-01
3.17552000e-06,1.19375000e+00,1.02500000e+00,-1.18750000e-02,-1.05468750e-01
3.17584000e-06,1.09375000e+00,9.50000000e-01,-9.37500000e-03,-1.47656250e-01
3.17616000e-06,1.25625000e+00,1.07500000e+00,-9.37500000e-03,-2.22656250e-01
3.17648000e-06,1.11875000e+00,9.50000000e-01,-2.62500000e-02,-1.46875000e-01
3.17680000e-06,9.68750000e-01,9.87500000e-01,-3.81250000e-02,-1.42187500e-01
3.17712000e-06,1.18125000e+00,1.06250000e+00,-6.87500000e-03,-2.28125000e-01
3.17744000e-06,1.11875000e+00,1.01250000e+00,-8.75000000e-03,-2.51562500e-01
3.17776000e-06,1.37812500e+00,1.05000000e+00,-1.18750000e-02,-2.03906250e-01
3.17808000e-06,1.28125000e+00,1.10000000e+00,-2.81250000e-02,-7.42187500e-02
3.17840000e-06,1.23125000e+00,1.05000000e+00,-2.81250000e-02,-5.70312500e-02
3.17872000e-06,1.13437500e+00,1.12500000e+00,-1.75000000e-02,-9.14062500e-02
3.17904000e-06,1.15625000e+00,1.06250000e+00,-2.18750000e-02,-1.26562500e-01
3.17936000e-06,1.15625000e+00,1.07500000e+00,-2.00000000e-02,-1.35937500e-01
3.17968000e-06,1.08125000e+00,1.05000000e+00,-2.25000000e-02,-2.10937500e-02
3.18000000e-06,1.06875000e+00,1.10000000e+00,-2.18750000e-02,2.18750000e-02
3.18032000e-06,1.18125000e+00,1.17500000e+00,6.25000000e-04,-9.06250000e-02
3.18064000e-06,1.19375000e+00,9.62500000e-01,-3.12500000e-02,-1.28906250e-01
3.18096000e-06,1.34062500e+00,1.00000000e+00,-1.68750000e-02,-3.98437500e-02
3.18128000e-06,1.38750000e+00,1.01250000e+00,4.37500000e-03,-1.23437500e-01
3.18160000e-06,1.08125000e+00,9.37500000e-01,-5.62500000e-02,-2.30468750e-01
3.18192000e-06,1.12187500e+00,1.08750000e+00,-1.37500000e-02,-1.31250000e-01
3.18224000e-06,1.19375000e+00,1.06250000e+00,-9.37500000e-03,-7.73437500e-02
3.18256000e-06,9.81250000e-01,1.10000000e+00,6.25000000e-04,-4.14062500e-02
3.18288000e-06,1.06875000e+00,1.12500000e+00,-7.50000000e-03,-1.10156250e-01
3.18320000e-06,1.14375000e+00,9.50000000e-01,-3.62500000e-02,-1.57812500e-01
3.18352000e-06,1.25625000e+00,1.15000000e+00,-1.12500000e-02,-1.03125000e-01
3.18384000e-06,1.19375000e+00,1.02500000e+00,8.12500000e-03,-1.50000000e-01
3.18416000e-06,1.34062500e+00,1.10000000e+00,-4.37500000e-03,-2.46875000e-01
3.18448000e-06,1.21875000e+00,1.11250000e+00,-1.50000000e-02,-1.86718750e-01
3.18480000e-06,1.06875000e+00,9.75000000e-01,-3.37500000e-02,-8.51562500e-02
3.18512000e-06,1.05937500e+00,1.01250000e+00,-5.06250000e-02,-8.82812500e-02
3.18544000e-06,1.13125000e+00,1.02500000e+00,-4.00000000e-02,-3.98437500e-02
3.18576000e-06,1.09375000e+00,1.08750000e+00,-1.93750000e-02,-5.78125000e-02
3.18608000e-06,1.25937500e+00,1.11250000e+00,-4.81250000e-02,-1.77343750e-01
3.18640000e-06,1.23125000e+00,1.12500000e+00,-2.12500000e-02,-2.10156250e-01
3.18672000e-06,1.05625000e+00,1.06250000e+00,-1.43750000e-02,-1.98437500e-01
3.18704000e-06,1.17187500e+00,9.62500000e-01,-2.87500000e-02,-1.89843750e-01
3.18736000e-06,1.25625000e+00,9.75000000e-01,-3.31250000e-02,-9.14062500e-02
3.18768000e-06,1.13125000e+00,1.08750000e+00,-2.62500000e-02,-4.14062500e-02
3.18800000e-06,1.15625000e+00,1.00000000e+00,-3.56250000e-02,-6.25000000e-02
3.18832000e-06,1.10625000e+00,1.13750000e+00,-1.43750000e-02,-1.28906250e-01
3.18864000e-06,1.13125000e+00,1.01250000e+00,-5.00000000e-03,-1.64843750e-01
3.18896000e-06,1.10625000e+00,1.08750000e+00,-2.18750000e-02,-1.66406250e-01
3.18928000e-06,1.11875000e+00,9.62500000e-01,-1.93750000e-02,-1.24218750e-01
3.18960000e-06,9.81250000e-01,1.01250000e+00,-4.12500000e-02,-1.20312500e-01
3.18992000e-06,1.06875000e+00,9.87500000e-01,-5.12500000e-02,-1.55468750e-01
3.19024000e-06,1.06875000e+00,9.87500000e-01,-1.93750000e-02,-1.85156250e-01
3.19056000e-06,1.21875000e+00,1.08750000e+00,-9.37500000e-03,-1.12500000e-01
3.19088000e-06,1.06875000e+00,1.01250000e+00,-2.18750000e-02,-6.40625000e-02
3.19120000e-06,1.24375000e+00,1.08750000e+00,-1.68750000e-02,1.17187500e-02
3.19152000e-06,1.15625000e+00,1.06250000e+00,6.25000000e-04,-6.56250000e-02
3.19184000e-06,1.14375000e+00,9.62500000e-01,-2.25000000e-02,-1.47656250e-01
3.19216000e-06,9.56250000e-01,1.07500000e+00,-2.56250000e-02,-1.32031250e-01
3.19248000e-06,1.20625000e+00,1.12500000e+00,-1.87500000e-02,-1.21093750e-01
3.19280000e-06,1.08125000e+00,9.37500000e-01,-4.06250000e-02,-5.85937500e-02
3.19312000e-06,1.18125000e+00,1.08750000e+00,-3.62500000e-02,-7.57812500e-02
3.19344000e-06,1.08125000e+00,1.13750000e+00,-1.68750000e-02,-1.48437500e-01
3.19376000e-06,1.20625000e+00,1.03750000e+00,-2.00000000e-02,-7.34375000e-02
3.19408000e-06,1.23125000e+00,1.00000000e+00,-4.31250000e-02,-1.05468750e-01
3.19440000e-06,1.10625000e+00,8.50000000e-01,-1.37500000e-02,-1.17187500e-01
3.19472000e-06,1.10625000e+00,1.00000000e+00,-3.75000000e-03,-1.25000000e-01
3.19504000e-06,1.10625000e+00,9.75000000e-01,-5.00000000e-03,-1.07812500e-01
3.19536000e-06,1.20625000e+00,1.07500000e+00,-7.25000000e-02,-1.14843750e-01
3.19568000e-06,1.21875000e+00,1.06250000e+00,-3.75000000e-03,-1.81250000e-01
3.19600000e-06,1.13125000e+00,9.87500000e-01,-4.87500000e-02,-9.37500000e-02
3.19632000e-06,1.10625000e+00,1.06250000e+00,-3.56250000e-02,-5.70312500e-02
3.19664000e-06,1.21875000e+00,1.08750000e+00,-1.75000000e-02,-9.84375000e-02
3.19696000e-06,1.19375000e+00,9.00000000e-01,-4.06250000e-02,-1.60156250e-01
3.19728000e-06,1.23125000e+00,1.06250000e+00,-1.12500000e-02,-8.28125000e-02
3.19760000e-06,1.13125000e+00,1.08750000e+00,-2.25000000e-02,-5.31250000e-02
3.19792000e-06,1.16875000e+00,1.11250000e+00,-3.62500000e-02,-8.28125000e-02
3.19824000e-06,1.24375000e+00,1.07500000e+00,-3.81250000e-02,-1.87500000e-01
3.19856000e-06,1.16875000e+00,1.01250000e+00,-4.56250000e-02,-2.75000000e-01
3.19888000e-06,1.09375000e+00,1.08750000e+00,-2.75000000e-02,-2.30468750e-01
3.19920000e-06,1.27187500e+00,1.08750000e+00,3.75000000e-03,-1.24218750e-01
3.19952000e-06,1.28125000e+00,9.25000000e-01,-1.62500000e-02,-6.17187500e-02
3.19984000e-06,1.01875000e+00,1.03750000e+00,-1.75000000e-02,-1.35937500e-01
3.20016000e-06,1.09687500e+00,1.05000000e+00,-3.37500000e-02,-1.07031250e-01
3.20048000e-06,1.09375000e+00,1.11250000e+00,-6.06250000e-02,-5.93750000e-02
3.20080000e-06,1.13125000e+00,1.05000000e+00,-6.25000000e-03,-1.09375000e-01
3.20112000e-06,1.13125000e+00,9.87500000e-01,-4.37500000e-02,-1.33593750e-01
3.20144000e-06,1.26875000e+00,9.87500000e-01,-4.37500000e-02,-9.45312500e-02
3.20176000e-06,1.21875000e+00,1.02500000e+00,-1.18750000e-02,-1.86718750e-01
3.20208000e-06,1.21875000e+00,9.37500000e-01,-1.25000000e-02,-1.80468750e-01
3.20240000e-06,1.15625000e+00,1.11250000e+00,-5.37500000e-02,-1.00781250e-01
3.20272000e-06,1.11875000e+00,1.13750000e+00,-3.06250000e-02,-1.04687500e-01
3.20304000e-06,9.43750000e-01,1.20000000e+00,-5.81250000e-02,-1.28125000e-01
3.20336000e-06,1.09375000e+00,1.06250000e+00,-1.12500000e-02,-9.84375000e-02
3.20368000e-06,1.19375000e+00,9.50000000e-01,-1.25000000e-02,-1.03906250e-01
3.20400000e-06,1.18125000e+00,1.03750000e+00,-2.62500000e-02,-1.92187500e-01
3.20432000e-06,1.06875000e+00,1.08750000e+00,-2.12500000e-02,-1.98437500e-01
3.20464000e-06,1.16875000e+00,1.01250000e+00,-3.31250000e-02,-1.71875000e-01
3.20496000e-06,1.10625000e+00,1.10000000e+00,3.12500000e-03,-1.78906250e-01
3.20528000e-06,1.10625000e+00,1.10000000e+00,-1.43750000e-02,-9.21875000e-02
3.20560000e-06,1.18125000e+00,1.15000000e+00,6.25000000e-04,-6.64062500e-02
3.20592000e-06,1.25625000e+00,1.11250000e+00,-1.25000000e-02,-9.53125000e-02
3.20624000e-06,1.13125000e+00,1.10000000e+00,-3.06250000e-02,-6.79687500e-02
3.20656000e-06,1.24375000e+00,1.01250000e+00,-2.56250000e-02,-9.92187500e-02
3.20688000e-06,1.19375000e+00,1.16250000e+00,-3.25000000e-02,-7.18750000e-02
3.20720000e-06,1.23125000e+00,9.75000000e-01,-1.18750000e-02,-5.85937500e-02
3.20752000e-06,1.14375000e+00,1.10000000e+00,-4.31250000e-02,-1.34375000e-01
3.20784000e-06,1.09375000e+00,9.87500000e-01,-4.37500000e-02,-9.84375000e-02
3.20816000e-06,1.06875000e+00,1.10000000e+00,-3.12500000e-02,-8.67187500e-02
3.20848000e-06,1.16875000e+00,1.12500000e+00,-2.12500000e-02,-8.51562500e-02
3.20880000e-06,1.23125000e+00,1.12500000e+00,-3.37500000e-02,-1.45312500e-01
3.20912000e-06,1.05625000e+00,9.75000000e-01,-6.12500000e-02,-2.11718750e-01
3.20944000e-06,1.23437500e+00,1.06250000e+00,-2.81250000e-02,-1.91406250e-01
3.20976000e-06,1.18125000e+00,1.01250000e+00,-1.25000000e-03,-7.26562500e-02
3.21008000e-06,1.20625000e+00,1.10000000e+00,-2.18750000e-02,-7.65625000e-02
3.21040000e-06,1.07187500e+00,9.50000000e-01,-2.18750000e-02,-8.75000000e-02
3.21072000e-06,1.09375000e+00,1.02500000e+00,-3.87500000e-02,-7.89062500e-02
3.21104000e-06,1.06875000e+00,1.13750000e+00,-4.12500000e-02,-1.09375000e-01
3.21136000e-06,1.11875000e+00,1.03750000e+00,-2.62500000e-02,-1.67968750e-01
3.21168000e-06,1.18125000e+00,9.62500000e-01,-4.00000000e-02,-6.01562500e-02
3.21200000e-06,1.18125000e+00,1.11250000e+00,3.75000000e-03,-1.32031250e-01
3.21232000e-06,1.04375000e+00,9.75000000e-01,-4.37500000e-03,-1.78125000e-01
3.21264000e-06,1.22187500e+00,1.13750000e+00,-4.37500000e-02,-5.46875000e-02
3.21296000e-06,1.20625000e+00,1.07500000e+00,-2.75000000e-02,-9.53125000e-02
3.21328000e-06,1.03125000e+00,1.10000000e+00,-1.37500000e-02,-1.39062500e-01
3.21360000e-06,1.07187500e+00,1.03750000e+00,-2.18750000e-02,-1.50000000e-01
3.21392000e-06,1.14375000e+00,1.06250000e+00,-3.87500000e-02,-1.07031250e-01
3.21424000e-06,1.30000000e+00,1.01250000e+00,-3.75000000e-03,-1.15625000e-01
3.21456000e-06,1.06875000e+00,1.07500000e+00,-1.50000000e-02,-1.35937500e-01
3.21488000e-06,1.18125000e+00,9.62500000e-01,-5.37500000e-02,-1.46093750e-01
3.21520000e-06,1.23125000e+00,1.06250000e+00,-1.87500000e-02,-1.47656250e-01
3.21552000e-06,1.05625000e+00,8.87500000e-01,-2.25000000e-02,-9.14062500e-02
3.21584000e-06,1.08125000e+00,1.07500000e+00,-1.68750000e-02,-9.53125000e-02
3.21616000e-06,1.18125000e+00,1.05000000e+00,-3.12500000e-02,-7.26562500e-02
3.21648000e-06,1.10625000e+00,1.01250000e+00,-2.18750000e-02,-5.31250000e-02
3.21680000e-06,1.10625000e+00,1.10000000e+00,-1.56250000e-02,-1.06250000e-01
3.21712000e-06,1.16875000e+00,1.12500000e+00,-4.37500000e-02,-1.09375000e-01
3.21744000e-06,1.24375000e+00,1.05000000e+00,-5.81250000e-02,-8.04687500e-02
3.21776000e-06,9.93750000e-01,1.02500000e+00,-3.25000000e-02,-7.81250000e-02
3.21808000e-06,1.14375000e+00,1.01250000e+00,-1.68750000e-02,-6.71875000e-02
3.21840000e-06,1.08125000e+00,1.03750000e+00,-5.31250000e-02,-7.57812500e-02
3.21872000e-06,1.15625000e+00,1.08750000e+00,-4.81250000e-02,-9.53125000e-02
3.21904000e-06,1.26875000e+00,1.17500000e+00,-1.62500000e-02,-7.18750000e-02
3.21936000e-06,1.19375000e+00,1.05000000e+00,-6.87500000e-03,-8.67187500e-02
3.21968000e-06,1.01875000e+00,1.06250000e+00,-4.87500000e-02,-1.08593750e-01
3.22000000e-06,1.11875000e+00,1.11250000e+00,-4.37500000e-02,-1.17968750e-01
3.22032000e-06,1.14375000e+00,1.16250000e+00,-2.87500000e-02,-8.59375000e-02
3.22064000e-06,1.16875000e+00,1.01250000e+00,-3.31250000e-02,-5.31250000e-02
3.22096000e-06,1.05625000e+00,1.05000000e+00,-1.62500000e-02,-5.39062500e-02
3.22128000e-06,1.09375000e+00,1.01250000e+00,8.12500000e-03,-2.89062500e-02
3.22160000e-06,1.20625000e+00,9.37500000e-01,-4.37500000e-03,-8.43750000e-02
3.22192000e-06,1.21875000e+00,1.05000000e+00,-1.18750000e-02,-8.04687500e-02
3.22224000e-06,1.14375000e+00,1.12500000e+00,-5.00000000e-03,-5.46875000e-02
3.22256000e-06,1.23125000e+00,1.03750000e+00,-4.37500000e-02,-5.46875000e-02
3.22288000e-06,1.11875000e+00,1.03750000e+00,-4.00000000e-02,-4.37500000e-02
3.22320000e-06,1.13125000e+00,1.02500000e+00,-6.25000000e-03,-3.90625000e-02
3.22352000e-06,1.16875000e+00,1.03750000e+00,-5.06250000e-02,-7.34375000e-02
3.22384000e-06,1.19375000e+00,1.02500000e+00,-9.37500000e-03,-6.01562500e-02
3.22416000e-06,1.15625000e+00,8.75000000e-01,2.50000000e-03,-1.25000000e-02
3.22448000e-06,1.13125000e+00,1.03750000e+00,-1.43750000e-02,-5.23437500e-02
3.22480000e-06,1.19375000e+00,1.01250000e+00,-1.68750000e-02,-8.51562500e-02
3.22512000e-06,1.13125000e+00,9.25000000e-01,-1.93750000e-02,-3.28125000e-02
3.22544000e-06,1.18125000e+00,1.10000000e+00,-2.87500000e-02,-2.50000000e-02
3.22576000e-06,1.04375000e+00,1.05000000e+00,-4.62500000e-02,-2.73437500e-02
3.22608000e-06,1.08125000e+00,1.03750000e+00,-1.68750000e-02,-1.19531250e-01
3.22640000e-06,1.28125000e+00,9.87500000e-01,-3.12500000e-02,-1.27343750e-01
3.22672000e-06,1.14375000e+00,1.01250000e+00,-4.06250000e-02,-6.25000000e-02
3.22704000e-06,1.08125000e+00,1.12500000e+00,-1.87500000e-03,-7.81250000e-04
3.22736000e-06,1.15625000e+00,1.11250000e+00,-1.12500000e-02,-4.76562500e-02
3.22768000e-06,1.03125000e+00,1.00000000e+00,-2.00000000e-02,-8.43750000e-02
3.22800000e-06,9.93750000e-01,1.05000000e+00,-5.37500000e-02,-7.96875000e-02
3.22832000e-06,1.16875000e+00,1.00000000e+00,-2.18750000e-02,-1.10937500e-01
3.22864000e-06,1.10625000e+00,9.00000000e-01,-7.25000000e-02,-1.56250000e-01
3.22896000e-06,1.10625000e+00,9.37500000e-01,-6.25000000e-03,-8.51562500e-02
3.22928000e-06,1.21875000e+00,1.15000000e+00,-7.50000000e-03,-7.26562500e-02
3.22960000e-06,1.18125000e+00,1.10000000e+00,-7.25000000e-02,-5.07812500e-02
3.22992000e-06,1.14375000e+00,1.03750000e+00,-6.25000000e-03,-2.18750000e-02
3.23024000e-06,1.10625000e+00,9.37500000e-01,-2.87500000e-02,-6.64062500e-02
3.23056000e-06,1.13125000e+00,1.11250000e+00,-4.37500000e-02,-5.62500000e-02
3.23088000e-06,1.05625000e+00,1.08750000e+00,-3.06250000e-02,-2.89062500e-02
3.23120000e-06,1.10625000e+00,1.06250000e+00,-1.68750000e-02,-4.84375000e-02
3.23152000e-06,1.23125000e+00,9.87500000e-01,-1.37500000e-02,-1.24218750e-01
3.23184000e-06,1.26875000e+00,1.06250000e+00,-2.62500000e-02,-1.14062500e-01
3.23216000e-06,1.18125000e+00,1.11250000e+00,-3.87500000e-02,-4.53125000e-02
3.23248000e-06,1.13125000e+00,1.16250000e+00,-1.75000000e-02,-1.25781250e-01
3.23280000e-06,1.20625000e+00,9.75000000e-01,-3.31250000e-02,-1.46875000e-01
3.23312000e-06,1.14375000e+00,1.06250000e+00,1.12500000e-02,-1.84375000e-01
3.23344000e-06,1.11875000e+00,9.12500000e-01,-1.93750000e-02,-1.92187500e-01
3.23376000e-06,1.14375000e+00,9.37500000e-01,-5.37500000e-02,-1.37500000e-01
3.23408000e-06,1.20625000e+00,1.01250000e+00,-1.18750000e-02,-1.15625000e-01
3.23440000e-06,1.08125000e+00,1.23750000e+00,-2.18750000e-02,-1.34375000e-01
3.23472000e-06,1.15625000e+00,1.12500000e+00,-3.62500000e-02,-1.71875000e-01
3.23504000e-06,1.04375000e+00,1.06250000e+00,-4.12500000e-02,-1.30468750e-01
3.23536000e-06,1.16875000e+00,1.08750000e+00,-4.62500000e-02,-1.29687500e-01
3.23568000e-06,1.20625000e+00,1.10000000e+00,-3.75000000e-02,-2.07812500e-01
3.23600000e-06,1.13125000e+00,1.08750000e+00,-3.75000000e-03,-1.82031250e-01
3.23632000e-06,1.16875000e+00,1.07500000e+00,-1.93750000e-02,-1.26562500e-01
3.23664000e-06,1.20625000e+00,1.02500000e+00,-1.50000000e-02,-7.26562500e-02
3.23696000e-06,1.13125000e+00,9.12500000e-01,-3.37500000e-02,-1.14843750e-01
3.23728000e-06,1.03125000e+00,1.08750000e+00,-1.93750000e-02,-1.19531250e-01
3.23760000e-06,1.30000000e+00,1.17500000e+00,-2.56250000e-02,-1.49218750e-01
3.23792000e-06,1.11875000e+00,1.07500000e+00,-8.75000000e-03,-5.00000000e-02
3.23824000e-06,1.16875000e+00,1.01250000e+00,-6.25000000e-03,4.68750000e-03
3.23856000e-06,1.16875000e+00,9.37500000e-01,-3.87500000e-02,-8.28125000e-02
3.23888000e-06,1.03125000e+00,1.01250000e+00,-1.43750000e-02,-4.21875000e-02
3.23920000e-06,1.30312500e+00,9.62500000e-01,-2.50000000e-03,-4.06250000e-02
3.23952000e-06,1.16875000e+00,1.03750000e+00,-2.00000000e-02,-1.30468750e-01
3.23984000e-06,1.23125000e+00,1.01250000e+00,-4.62500000e-02,-1.78125000e-01
3.24016000e-06,1.24687500e+00,1.06250000e+00,-1.12500000e-02,-1.75000000e-01
3.24048000e-06,1.10625000e+00,1.00000000e+00,-1.75000000e-02,-1.57812500e-01
3.24080000e-06,1.11875000e+00,1.10000000e+00,-6.12500000e-02,-1.14062500e-01
3.24112000e-06,1.09375000e+00,9.87500000e-01,-4.56250000e-02,-1.10156250e-01
3.24144000e-06,1.11875000e+00,1.08750000e+00,-3.56250000e-02,-1.69531250e-01
3.24176000e-06,1.13125000e+00,9.75000000e-01,-3.50000000e-02,-1.28906250e-01
3.24208000e-06,1.10625000e+00,9.87500000e-01,-1.43750000e-02,-9.45312500e-02
3.24240000e-06,1.06875000e+00,1.06250000e+00,-3.81250000e-02,-1.06250000e-01
3.24272000e-06,1.13125000e+00,1.12500000e+00,-2.56250000e-02,-1.36718750e-01
3.24304000e-06,1.08125000e+00,9.50000000e-01,-3.56250000e-02,-1.33593750e-01
3.24336000e-06,1.15625000e+00,1.08750000e+00,-6.25000000e-03,-1.09375000e-01
3.24368000e-06,1.16875000e+00,9.00000000e-01,-1.93750000e-02,-3.90625000e-02
3.24400000e-06,1.09375000e+00,9.87500000e-01,-2.87500000e-02,-4.14062500e-02
3.24432000e-06,1.09375000e+00,9.50000000e-01,-4.37500000e-02,-8.98437500e-02
3.24464000e-06,1.19375000e+00,1.03750000e+00,-2.56250000e-02,-1.22656250e-01
3.24496000e-06,1.19375000e+00,9.75000000e-01,-1.12500000e-02,-1.71875000e-01
3.24528000e-06,1.11875000e+00,9.37500000e-01,1.12500000e-02,-1.80468750e-01
3.24560000e-06,1.11875000e+00,1.11250000e+00,-2.00000000e-02,-1.56250000e-01
3.24592000e-06,1.09375000e+00,1.07500000e+00,-3.37500000e-02,-1.06250000e-01
3.24624000e-06,1.14687500e+00,1.15000000e+00,-4.56250000e-02,-7.42187500e-02
3.24656000e-06,1.35000000e+00,1.00000000e+00,-8.75000000e-03,-6.48437500e-02
3.24688000e-06,1.10625000e+00,1.08750000e+00,-2.87500000e-02,-3.59375000e-02
3.24720000e-06,1.04687500e+00,1.18750000e+00,-1.43750000e-02,-3.98437500e-02
3.24752000e-06,1.11875000e+00,1.11250000e+00,-3.43750000e-02,-9.84375000e-02
3.24784000e-06,1.10625000e+00,1.11250000e+00,-3.81250000e-02,-1.10937500e-01
3.24816000e-06,1.06875000e+00,1.02500000e+00,-2.25000000e-02,-1.26562500e-01
3.24848000e-06,1.19375000e+00,1.15000000e+00,-1.12500000e-02,-1.61718750e-01
3.24880000e-06,1.13125000e+00,1.00000000e+00,5.62500000e-03,-1.76562500e-01
3.24912000e-06,1.06875000e+00,1.01250000e+00,-1.93750000e-02,-1.17187500e-01
3.24944000e-06,1.11875000e+00,1.07500000e+00,-1.43750000e-02,-1.20312500e-01
3.24976000e-06,1.16875000e+00,1.02500000e+00,-2.62500000e-02,-1.22656250e-01
3.25008000e-06,1.13125000e+00,1.10000000e+00,-4.62500000e-02,-1.16406250e-01
3.25040000e-06,1.04375000e+00,1.02500000e+00,-4.12500000e-02,-6.71875000e-02
3.25072000e-06,1.06875000e+00,1.01250000e+00,-3.31250000e-02,-1.21093750e-01
3.25104000e-06,1.08125000e+00,1.06250000e+00,-4.31250000e-02,-2.00781250e-01
3.25136000e-06,9.81250000e-01,8.25000000e-01,-2.50000000e-02,-8.51562500e-02
3.25168000e-06,1.13125000e+00,9.87500000e-01,-2.56250000e-02,-7.34375000e-02
3.25200000e-06,1.09375000e+00,1.11250000e+00,-1.12500000e-02,-1.49218750e-01
3.25232000e-06,1.27187500e+00,1.06250000e+00,-2.93750000e-02,-8.59375000e-02
3.25264000e-06,1.30000000e+00,1.06250000e+00,-4.12500000e-02,-1.18750000e-01
3.25296000e-06,1.10625000e+00,1.16250000e+00,-1.43750000e-02,-1.51562500e-01
3.25328000e-06,1.04687500e+00,8.75000000e-01,-1.68750000e-02,-8.43750000e-02
3.25360000e-06,1.09375000e+00,1.11250000e+00,3.12500000e-03,-7.34375000e-02
3.25392000e-06,1.10625000e+00,1.03750000e+00,-2.50000000e-03,-6.25000000e-02
3.25424000e-06,1.04375000e+00,1.15000000e+00,-6.81250000e-02,-1.44531250e-01
3.25456000e-06,1.20625000e+00,1.07500000e+00,-2.50000000e-02,-1.67187500e-01
3.25488000e-06,1.19375000e+00,9.25000000e-01,-6.87500000e-03,-8.59375000e-02
3.25520000e-06,1.13125000e+00,1.07500000e+00,-3.12500000e-02,-9.53125000e-02
3.25552000e-06,1.00625000e+00,1.11250000e+00,-2.12500000e-02,-1.11718750e-01
3.25584000e-06,1.20625000e+00,1.10000000e+00,-2.56250000e-02,-2.96875000e-02
3.25616000e-06,1.21875000e+00,1.07500000e+00,-9.37500000e-03,-5.78125000e-02
3.25648000e-06,1.15625000e+00,8.87500000e-01,-1.93750000e-02,-8.75000000e-02
3.25680000e-06,1.04375000e+00,1.16250000e+00,-3.37500000e-02,-1.03125000e-01
3.25712000e-06,1.19375000e+00,1.07500000e+00,-3.62500000e-02,-8.75000000e-02
3.25744000e-06,1.10625000e+00,9.37500000e-01,-4.37500000e-02,-2.34375000e-03
3.25776000e-06,1.10625000e+00,1.05000000e+00,-3.06250000e-02,3.90625000e-03
3.25808000e-06,1.10625000e+00,1.08750000e+00,-6.25000000e-03,-1.17187500e-01
3.25840000e-06,1.18125000e+00,1.02500000e+00,1.06250000e-02,-1.15625000e-01
3.25872000e-06,1.16875000e+00,1.08750000e+00,-2.00000000e-02,-6.56250000e-02
3.25904000e-06,1.14375000e+00,1.10000000e+00,-3.12500000e-02,-4.76562500e-02
3.25936000e-06,1.08125000e+00,9.87500000e-01,-2.81250000e-02,1.71875000e-02
3.25968000e-06,1.23125000e+00,9.75000000e-01,-4.31250000e-02,-4.68750000e-02
3.26000000e-06,1.14375000e+00,9.87500000e-01,-2.18750000e-02,-1.43750000e-01
3.26032000e-06,1.26875000e+00,1.08750000e+00,-3.37500000e-02,-1.37500000e-01
3.26064000e-06,1.11875000e+00,1.15000000e+00,-3.06250000e-02,-9.60937500e-02
3.26096000e-06,1.19375000e+00,1.21250000e+00,-3.75000000e-02,-9.76562500e-02
3.26128000e-06,1.10625000e+00,1.10000000e+00,-1.93750000e-02,1.01562500e-02
3.26160000e-06,9.68750000e-01,9.50000000e-01,-5.56250000e-02,-2.73437500e-02
3.26192000e-06,1.08125000e+00,1.02500000e+00,-1.37500000e-02,-6.87500000e-02
3.26224000e-06,1.14375000e+00,1.00000000e+00,-6.87500000e-03,-2.89062500e-02
3.26256000e-06,1.01875000e+00,1.21250000e+00,-1.93750000e-02,-2.81250000e-02
3.26288000e-06,1.18125000e+00,1.02500000e+00,-2.18750000e-02,-7.81250000e-04
3.26320000e-06,1.16875000e+00,1.07500000e+00,6.25000000e-04,6.25000000e-03
3.26352000e-06,1.08125000e+00,1.00000000e+00,-2.62500000e-02,-9.53125000e-02
3.26384000e-06,9.93750000e-01,1.11250000e+00,-5.12500000e-02,-1.01562500e-01
3.26416000e-06,1.16875000e+00,1.07500000e+00,-3.81250000e-02,-1.01562500e-01
3.26448000e-06,1.08125000e+00,1.10000000e+00,-2.18750000e-02,-1.50781250e-01
3.26480000e-06,1.11875000e+00,1.05000000e+00,-2.50000000e-02,-6.56250000e-02
3.26512000e-06,1.13125000e+00,1.02500000e+00,-1.68750000e-02,-3.28125000e-02
3.26544000e-06,1.23125000e+00,1.02500000e+00,-3.06250000e-02,-1.55468750e-01
3.26576000e-06,1.10625000e+00,1.17500000e+00,-1.12500000e-02,-1.73437500e-01
3.26608000e-06,1.18125000e+00,9.37500000e-01,-3.62500000e-02,-8.67187500e-02
3.26640000e-06,1.30312500e+00,9.87500000e-01,-1.50000000e-02,-4.53125000e-02
3.26672000e-06,1.18125000e+00,9.12500000e-01,-5.68750000e-02,1.48437500e-02
3.26704000e-06,1.10625000e+00,1.08750000e+00,-2.12500000e-02,-2.96875000e-02
3.26736000e-06,1.09687500e+00,9.87500000e-01,-4.37500000e-03,-8.90625000e-02
3.26768000e-06,1.04375000e+00,1.16250000e+00,-1.87500000e-03,-9.06250000e-02
3.26800000e-06,1.23125000e+00,1.02500000e+00,-4.87500000e-02,-5.70312500e-02
3.26832000e-06,1.31562500e+00,1.03750000e+00,-1.43750000e-02,-1.56250000e-03
3.26864000e-06,1.28125000e+00,9.62500000e-01,-3.43750000e-02,7.03125000e-03
3.26896000e-06,1.16875000e+00,1.03750000e+00,-2.81250000e-02,-1.71875000e-02
3.26928000e-06,1.10937500e+00,1.05000000e+00,-1.50000000e-02,-1.10156250e-01
3.26960000e-06,1.11875000e+00,9.50000000e-01,-5.06250000e-02,-1.66406250e-01
3.26992000e-06,1.18125000e+00,1.08750000e+00,-1.87500000e-02,-6.09375000e-02
3.27024000e-06,9.93750000e-01,1.15000000e+00,-3.12500000e-02,-1.64062500e-02
3.27056000e-06,1.03125000e+00,1.10000000e+00,-1.43750000e-02,-5.70312500e-02
3.27088000e-06,1.21875000e+00,1.08750000e+00,9.37500000e-03,-1.57031250e-01
3.27120000e-06,1.14375000e+00,1.00000000e+00,-5.87500000e-02,-9.29687500e-02
3.27152000e-06,1.09375000e+00,1.03750000e+00,-3.75000000e-03,-1.02343750e-01
3.27184000e-06,1.13125000e+00,9.12500000e-01,-1.75000000e-02,-9.92187500e-02
3.27216000e-06,9.81250000e-01,1.02500000e+00,-1.93750000e-02,-2.57812500e-02
3.27248000e-06,1.20625000e+00,1.06250000e+00,1.31250000e-02,-7.73437500e-02
3.27280000e-06,1.21875000e+00,9.75000000e-01,-3.37500000e-02,-8.82812500e-02
3.27312000e-06,1.15625000e+00,1.05000000e+00,-2.81250000e-02,5.46875000e-03
3.27344000e-06,1.04375000e+00,9.75000000e-01,6.25000000e-04,-7.50000000e-02
3.27376000e-06,1.21875000e+00,9.25000000e-01,-6.25000000e-03,-1.34375000e-01
3.27408000e-06,1.06875000e+00,1.05000000e+00,-3.62500000e-02,-6.40625000e-02
3.27440000e-06,1.10625000e+00,1.01250000e+00,-2.81250000e-02,-6.32812500e-02
3.27472000e-06,1.19375000e+00,9.75000000e-01,-5.00000000e-03,-9.53125000e-02
3.27504000e-06,1.11875000e+00,9.87500000e-01,-4.56250000e-02,-1.53125000e-01
3.27536000e-06,1.05625000e+00,1.01250000e+00,-4.56250000e-02,-1.20312500e-01
3.27568000e-06,1.21875000e+00,1.03750000e+00,-1.62500000e-02,-8.04687500e-02
3.27600000e-06,1.11875000e+00,1.03750000e+00,-3.87500000e-02,-8.04687500e-02
3.27632000e-06,1.18125000e+00,1.02500000e+00,-5.62500000e-02,-4.76562500e-02
3.27664000e-06,1.10625000e+00,1.22500000e+00,-4.37500000e-02,-7.42187500e-02
3.27696000e-06,1.11875000e+00,1.06250000e+00,-1.87500000e-02,-9.29687500e-02
3.27728000e-06,1.06875000e+00,1.03750000e+00,-1.18750000e-02,-2.65625000e-02
3.27760000e-06,1.21875000e+00,9.25000000e-01,-4.37500000e-03,-6.71875000e-02
3.27792000e-06,1.14375000e+00,1.05000000e+00,-2.00000000e-02,-5.62500000e-02
3.27824000e-06,1.05625000e+00,1.11250000e+00,-4.62500000e-02,-1.17187500e-02
3.27856000e-06,1.19375000e+00,1.11250000e+00,-2.75000000e-02,-9.29687500e-02
3.27888000e-06,1.18125000e+00,1.00000000e+00,-8.75000000e-03,-1.03906250e-01
3.27920000e-06,1.14375000e+00,9.87500000e-01,-1.25000000e-03,-7.81250000e-02
3.27952000e-06,1.19375000e+00,1.05000000e+00,-3.87500000e-02,-1.24218750e-01
3.27984000e-06,1.01875000e+00,1.21250000e+00,-4.56250000e-02,-5.78125000e-02
3.28016000e-06,1.18125000e+00,1.11250000e+00,-7.50000000e-03,-1.71875000e-02
3.28048000e-06,1.09375000e+00,1.02500000e+00,-4.81250000e-02,-1.42187500e-01
3.28080000e-06,1.15625000e+00,9.75000000e-01,-3.75000000e-02,-1.88281250e-01
3.28112000e-06,1.21875000e+00,1.11250000e+00,-3.75000000e-03,-1.46875000e-01
3.28144000e-06,1.18125000e+00,9.25000000e-01,6.25000000e-03,-1.40625000e-01
3.28176000e-06,1.16875000e+00,1.05000000e+00,-1.25000000e-02,-1.60156250e-01
3.28208000e-06,1.09375000e+00,1.05000000e+00,-3.37500000e-02,-1.35937500e-01
3.28240000e-06,1.10625000e+00,1.16250000e+00,-3.25000000e-02,-1.14843750e-01
3.28272000e-06,1.21875000e+00,9.37500000e-01,-1.87500000e-03,-1.51562500e-01
3.28304000e-06,1.18125000e+00,9.87500000e-01,-6.06250000e-02,-1.53125000e-01
3.28336000e-06,1.11875000e+00,1.00000000e+00,-3.31250000e-02,-1.29687500e-01
3.28368000e-06,1.23125000e+00,1.05000000e+00,-4.06250000e-02,-1.67968750e-01
3.28400000e-06,1.19375000e+00,9.00000000e-01,-2.56250000e-02,-2.07812500e-01
3.28432000e-06,1.10625000e+00,1.10000000e+00,-2.50000000e-02,-1.36718750e-01
3.28464000e-06,1.18125000e+00,1.08750000e+00,1.62500000e-02,-5.07812500e-02
3.28496000e-06,1.09375000e+00,9.87500000e-01,-3.06250000e-02,-8.75000000e-02
3.28528000e-06,1.20625000e+00,9.75000000e-01,-2.81250000e-02,-1.42187500e-01
3.28560000e-06,1.13125000e+00,1.11250000e+00,8.12500000e-03,-1.23437500e-01
3.28592000e-06,1.20625000e+00,1.07500000e+00,-4.56250000e-02,-9.06250000e-02
3.28624000e-06,1.21875000e+00,1.02500000e+00,-2.81250000e-02,-7.57812500e-02
3.28656000e-06,1.21875000e+00,9.62500000e-01,-3.37500000e-02,-1.59375000e-01
3.28688000e-06,1.19375000e+00,1.03750000e+00,-4.81250000e-02,-2.35937500e-01
3.28720000e-06,1.23125000e+00,1.06250000e+00,-1.18750000e-02,-1.81250000e-01
3.28752000e-06,1.14375000e+00,1.06250000e+00,-9.37500000e-03,-7.96875000e-02
3.28784000e-06,1.16875000e+00,1.26250000e+00,-1.50000000e-02,-2.20312500e-01
3.28816000e-06,1.15625000e+00,1.12500000e+00,-1.43750000e-02,-1.89843750e-01
3.28848000e-06,1.19375000e+00,9.37500000e-01,-4.37500000e-03,-9.53125000e-02
3.28880000e-06,1.06875000e+00,1.11250000e+00,-1.93750000e-02,-1.08593750e-01
3.28912000e-06,1.15625000e+00,1.01250000e+00,-2.87500000e-02,-7.89062500e-02
3.28944000e-06,1.13125000e+00,1.01250000e+00,-3.81250000e-02,-1.18750000e-01
3.28976000e-06,1.09375000e+00,1.06250000e+00,6.25000000e-04,-1.64843750e-01
3.29008000e-06,1.10625000e+00,1.07500000e+00,-3.06250000e-02,-1.46875000e-01
3.29040000e-06,9.81250000e-01,1.11250000e+00,-2.56250000e-02,-2.42187500e-02
3.29072000e-06,1.23125000e+00,1.18750000e+00,-9.37500000e-03,3.20312500e-02
3.29104000e-06,9.56250000e-01,1.01250000e+00,-3.81250000e-02,-4.84375000e-02
3.29136000e-06,1.10625000e+00,1.00000000e+00,-2.87500000e-02,-7.18750000e-02
3.29168000e-06,1.13125000e+00,9.87500000e-01,-5.87500000e-02,-1.20312500e-01
3.29200000e-06,1.13125000e+00,1.02500000e+00,-2.12500000e-02,-1.35937500e-01
3.29232000e-06,1.11875000e+00,9.62500000e-01,-1.68750000e-02,-9.14062500e-02
3.29264000e-06,1.24375000e+00,1.06250000e+00,8.12500000e-03,-1.24218750e-01
3.29296000e-06,1.13125000e+00,1.13750000e+00,-1.50000000e-02,-1.39062500e-01
3.29328000e-06,1.14375000e+00,1.00000000e+00,-9.37500000e-03,-5.70312500e-02
3.29360000e-06,1.15625000e+00,1.08750000e+00,-1.75000000e-02,-2.96875000e-02
3.29392000e-06,1.21875000e+00,1.10000000e+00,-4.37500000e-02,-3.35937500e-02
3.29424000e-06,1.09375000e+00,9.25000000e-01,-2.81250000e-02,-5.31250000e-02
3.29456000e-06,1.01875000e+00,1.02500000e+00,-3.31250000e-02,-3.59375000e-02
3.29488000e-06,1.09375000e+00,1.05000000e+00,-4.31250000e-02,-1.00000000e-01
3.29520000e-06,1.09375000e+00,1.06250000e+00,-3.31250000e-02,-8.51562500e-02
3.29552000e-06,1.24375000e+00,1.08750000e+00,-3.56250000e-02,1.64062500e-02
3.29584000e-06,1.19375000e+00,1.20000000e+00,-3.31250000e-02,-9.68750000e-02
3.29616000e-06,1.24375000e+00,1.06250000e+00,-3.56250000e-02,-1.36718750e-01
3.29648000e-06,1.09375000e+00,9.62500000e-01,-1.12500000e-02,-1.03125000e-01
3.29680000e-06,1.25937500e+00,9.00000000e-01,-2.00000000e-02,-1.58593750e-01
3.29712000e-06,1.20625000e+00,1.13750000e+00,-4.81250000e-02,-1.07812500e-01
3.29744000e-06,1.01875000e+00,1.01250000e+00,1.25000000e-03,-4.68750000e-02
3.29776000e-06,1.10937500e+00,1.05000000e+00,-4.50000000e-02,-7.42187500e-02
3.29808000e-06,1.10625000e+00,1.08750000e+00,1.06250000e-02,-8.82812500e-02
3.29840000e-06,1.13125000e+00,1.15000000e+00,-3.87500000e-02,-1.15625000e-01
3.29872000e-06,1.19375000e+00,1.01250000e+00,-4.37500000e-02,-1.08593750e-01
3.29904000e-06,1.15625000e+00,1.01250000e+00,-2.00000000e-02,-8.43750000e-02
3.29936000e-06,1.21875000e+00,1.03750000e+00,-3.37500000e-02,-1.29687500e-01
3.29968000e-06,1.20625000e+00,1.10000000e+00,-3.56250000e-02,-1.33593750e-01
3.30000000e-06,1.00625000e+00,9.75000000e-01,-2.50000000e-02,-1.67187500e-01
3.30032000e-06,9.06250000e-01,1.12500000e+00,-4.37500000e-03,-1.43750000e-01
3.30064000e-06,1.16875000e+00,9.62500000e-01,-2.75000000e-02,-8.43750000e-02
3.30096000e-06,1.23125000e+00,1.11250000e+00,6.25000000e-04,-9.92187500e-02
3.30128000e-06,1.30000000e+00,1.10000000e+00,-1.87500000e-02,-8.43750000e-02
3.30160000e-06,1.25625000e+00,9.25000000e-01,-1.50000000e-02,-1.03125000e-01
3.30192000e-06,1.04375000e+00,1.06250000e+00,-5.12500000e-02,-9.53125000e-02
3.30224000e-06,1.01875000e+00,9.75000000e-01,-1.37500000e-02,-7.18750000e-02
3.30256000e-06,1.16875000e+00,9.87500000e-01,-2.18750000e-02,-1.07812500e-01
3.30288000e-06,1.24375000e+00,1.18750000e+00,-1.87500000e-03,-1.13281250e-01
3.30320000e-06,1.24375000e+00,1.06250000e+00,-1.75000000e-02,-7.10937500e-02
3.30352000e-06,1.01875000e+00,1.05000000e+00,-4.62500000e-02,-5.15625000e-02
3.30384000e-06,1.05625000e+00,1.11250000e+00,-5.06250000e-02,-7.50000000e-02
3.30416000e-06,1.30000000e+00,9.75000000e-01,-1.12500000e-02,-1.27343750e-01
3.30448000e-06,1.16875000e+00,9.50000000e-01,-2.81250000e-02,-1.22656250e-01
3.30480000e-06,1.11875000e+00,1.07500000e+00,5.62500000e-03,-1.05468750e-01
3.30512000e-06,1.21875000e+00,1.01250000e+00,5.62500000e-03,-1.54687500e-01
3.30544000e-06,1.13125000e+00,1.13750000e+00,-4.12500000e-02,-1.73437500e-01
3.30576000e-06,1.19375000e+00,1.10000000e+00,-1.93750000e-02,-1.51562500e-01
3.30608000e-06,1.09375000e+00,9.37500000e-01,-1.31250000e-02,-1.08593750e-01
3.30640000e-06,1.21875000e+00,1.00000000e+00,-5.12500000e-02,-1.46093750e-01
3.30672000e-06,1.25625000e+00,1.11250000e+00,-4.56250000e-02,-9.21875000e-02
3.30704000e-06,1.14375000e+00,9.75000000e-01,-4.56250000e-02,-9.76562500e-02
3.30736000e-06,1.18437500e+00,1.15000000e+00,-1.43750000e-02,-1.57031250e-01
3.30768000e-06,1.19375000e+00,9.50000000e-01,-2.81250000e-02,-9.14062500e-02
3.30800000e-06,1.04375000e+00,9.50000000e-01,-1.43750000e-02,-1.40625000e-01
3.30832000e-06,1.13437500e+00,1.13750000e+00,-3.06250000e-02,-1.40625000e-01
3.30864000e-06,1.04375000e+00,1.03750000e+00,-2.50000000e-02,-1.06250000e-01
3.30896000e-06,1.19375000e+00,9.87500000e-01,-1.18750000e-02,-1.22656250e-01
3.30928000e-06,1.25937500e+00,1.11250000e+00,-4.56250000e-02,-6.48437500e-02
3.30960000e-06,1.24375000e+00,9.62500000e-01,-4.06250000e-02,-1.17187500e-01
3.30992000e-06,1.04375000e+00,9.87500000e-01,-3.25000000e-02,-2.39843750e-01
3.31024000e-06,1.12187500e+00,1.02500000e+00,-8.75000000e-03,-1.28906250e-01
3.31056000e-06,1.13125000e+00,1.02500000e+00,-1.37500000e-02,-6.17187500e-02
3.31088000e-06,1.19375000e+00,1.02500000e+00,-2.25000000e-02,-1.57812500e-01
3.31120000e-06,1.09375000e+00,1.05000000e+00,-2.62500000e-02,-1.96093750e-01
3.31152000e-06,1.24375000e+00,1.07500000e+00,-5.56250000e-02,-1.28906250e-01
3.31184000e-06,1.13125000e+00,1.02500000e+00,-5.31250000e-02,-1.03906250e-01
3.31216000e-06,1.26875000e+00,9.62500000e-01,-5.56250000e-02,-1.72656250e-01
3.31248000e-06,1.14375000e+00,1.15000000e+00,-1.37500000e-02,-1.55468750e-01
3.31280000e-06,8.81250000e-01,1.02500000e+00,-1.50000000e-02,-1.36718750e-01
3.31312000e-06,1.10625000e+00,1.01250000e+00,-3.12500000e-02,-1.25000000e-01
3.31344000e-06,1.18125000e+00,1.10000000e+00,-3.81250000e-02,-1.57812500e-01
3.31376000e-06,1.06875000e+00,1.05000000e+00,-3.75000000e-02,-1.17187500e-01
3.31408000e-06,1.08125000e+00,1.15000000e+00,-2.18750000e-02,-1.39843750e-01
3.31440000e-06,1.11875000e+00,1.13750000e+00,-2.12500000e-02,-1.63281250e-01
3.31472000e-06,1.11875000e+00,9.75000000e-01,-1.50000000e-02,-1.13281250e-01
3.31504000e-06,1.15625000e+00,9.75000000e-01,-5.62500000e-02,-5.54687500e-02
3.31536000e-06,1.09375000e+00,9.37500000e-01,-4.50000000e-02,-7.26562500e-02
3.31568000e-06,1.08125000e+00,1.00000000e+00,-1.37500000e-02,-1.69531250e-01
3.31600000e-06,1.15625000e+00,1.03750000e+00,-2.81250000e-02,-8.12500000e-02
3.31632000e-06,1.11875000e+00,1.03750000e+00,-2.62500000e-02,-2.42187500e-02
3.31664000e-06,1.14375000e+00,9.37500000e-01,-3.37500000e-02,-8.59375000e-02
3.31696000e-06,1.05625000e+00,9.25000000e-01,-2.56250000e-02,-9.21875000e-02
3.31728000e-06,1.13125000e+00,8.87500000e-01,-2.12500000e-02,-7.18750000e-02
3.31760000e-06,1.19375000e+00,1.11250000e+00,-2.25000000e-02,-7.73437500e-02
3.31792000e-06,1.14375000e+00,9.75000000e-01,-3.06250000e-02,-9.37500000e-02
3.31824000e-06,1.04375000e+00,9.75000000e-01,-6.25000000e-03,-1.07031250e-01
3.31856000e-06,1.20625000e+00,1.01250000e+00,-1.62500000e-02,-9.37500000e-02
3.31888000e-06,1.11875000e+00,1.02500000e+00,-3.06250000e-02,-9.76562500e-02
3.31920000e-06,1.04375000e+00,8.87500000e-01,0.00000000e+00,-8.28125000e-02
3.31952000e-06,1.10625000e+00,1.13750000e+00,-5.12500000e-02,-1.42968750e-01
3.31984000e-06,1.24375000e+00,1.06250000e+00,-2.12500000e-02,-1.84375000e-01
3.32016000e-06,1.10625000e+00,9.87500000e-01,-2.18750000e-02,-1.63281250e-01
3.32048000e-06,1.14375000e+00,1.00000000e+00,-1.43750000e-02,-7.10937500e-02
3.32080000e-06,1.14375000e+00,1.20000000e+00,-3.37500000e-02,-7.26562500e-02
3.32112000e-06,1.18125000e+00,1.11250000e+00,-3.06250000e-02,-1.07031250e-01
3.32144000e-06,1.03125000e+00,9.75000000e-01,-7.50000000e-03,-1.03125000e-01
3.32176000e-06,1.21875000e+00,1.13750000e+00,-4.56250000e-02,-3.35937500e-02
3.32208000e-06,1.14375000e+00,1.01250000e+00,-8.75000000e-03,-1.71875000e-02
3.32240000e-06,1.06875000e+00,8.75000000e-01,-3.12500000e-02,-2.26562500e-02
3.32272000e-06,1.15625000e+00,1.07500000e+00,-1.18750000e-02,1.95312500e-02
3.32304000e-06,1.15625000e+00,9.00000000e-01,-1.81250000e-02,7.81250000e-04
3.32336000e-06,1.09375000e+00,1.02500000e+00,-5.87500000e-02,-6.25000000e-03
3.32368000e-06,1.14375000e+00,9.00000000e-01,1.12500000e-02,1.32812500e-02
3.32400000e-06,1.20625000e+00,1.12500000e+00,-7.50000000e-03,3.59375000e-02
3.32432000e-06,1.18125000e+00,1.10000000e+00,-6.75000000e-02,-9.29687500e-02
3.32464000e-06,1.21875000e+00,1.06250000e+00,-3.50000000e-02,-9.92187500e-02
3.32496000e-06,1.08125000e+00,1.00000000e+00,-1.25000000e-03,-6.40625000e-02
3.32528000e-06,9.93750000e-01,1.02500000e+00,-2.18750000e-02,-2.26562500e-02
3.32560000e-06,1.00625000e+00,9.62500000e-01,-6.81250000e-02,-6.01562500e-02
3.32592000e-06,1.20625000e+00,1.01250000e+00,-4.75000000e-02,-1.00781250e-01
3.32624000e-06,1.25625000e+00,1.08750000e+00,-6.87500000e-03,-1.13281250e-01
3.32656000e-06,1.16875000e+00,1.12500000e+00,-4.87500000e-02,-9.68750000e-02
3.32688000e-06,1.04375000e+00,1.07500000e+00,-4.56250000e-02,-5.62500000e-02
3.32720000e-06,1.08125000e+00,9.25000000e-01,-3.31250000e-02,-7.03125000e-02
3.32752000e-06,1.10625000e+00,1.07500000e+00,-1.37500000e-02,-1.00000000e-01
3.32784000e-06,1.08125000e+00,9.75000000e-01,-9.37500000e-03,-1.79687500e-02
3.32816000e-06,1.03125000e+00,8.87500000e-01,-1.50000000e-02,-3.51562500e-02
3.32848000e-06,1.19375000e+00,1.06250000e+00,-7.00000000e-02,-7.10937500e-02
3.32880000e-06,1.18125000e+00,1.10000000e+00,-1.37500000e-02,-7.26562500e-02
3.32912000e-06,1.06875000e+00,1.06250000e+00,-2.87500000e-02,-2.42187500e-02
3.32944000e-06,1.11875000e+00,1.07500000e+00,-4.81250000e-02,1.25000000e-02
3.32976000e-06,1.09375000e+00,1.03750000e+00,5.00000000e-03,-9.76562500e-02
3.33008000e-06,1.11875000e+00,9.87500000e-01,-7.00000000e-02,-1.00000000e-01
3.33040000e-06,1.14375000e+00,1.05000000e+00,-4.81250000e-02,4.68750000e-03
3.33072000e-06,1.04375000e+00,1.00000000e+00,-1.87500000e-02,2.50000000e-02
3.33104000e-06,1.04375000e+00,9.37500000e-01,-2.50000000e-03,-6.09375000e-02
3.33136000e-06,1.26875000e+00,1.08750000e+00,-1.68750000e-02,-4.84375000e-02
3.33168000e-06,1.10625000e+00,1.03750000e+00,8.12500000e-03,-6.40625000e-02
3.33200000e-06,1.11875000e+00,9.87500000e-01,-3.87500000e-02,-1.17968750e-01
3.33232000e-06,1.18125000e+00,1.05000000e+00,-3.87500000e-02,-1.13281250e-01
3.33264000e-06,1.14375000e+00,1.02500000e+00,-4.37500000e-02,-7.03125000e-02
3.33296000e-06,1.18125000e+00,1.03750000e+00,-2.81250000e-02,-7.03125000e-02
3.33328000e-06,1.20625000e+00,9.12500000e-01,-5.56250000e-02,-6.48437500e-02
3.33360000e-06,1.08125000e+00,1.06250000e+00,-4.81250000e-02,-6.48437500e-02
3.33392000e-06,1.06875000e+00,8.37500000e-01,-2.56250000e-02,-9.29687500e-02
3.33424000e-06,9.81250000e-01,9.62500000e-01,-4.81250000e-02,-6.71875000e-02
3.33456000e-06,1.11875000e+00,1.08750000e+00,-3.50000000e-02,-1.00000000e-01
3.33488000e-06,1.15625000e+00,1.06250000e+00,-1.43750000e-02,-1.04687500e-01
3.33520000e-06,1.10625000e+00,1.07500000e+00,-4.56250000e-02,-2.73437500e-02
3.33552000e-06,1.10625000e+00,1.03750000e+00,-1.12500000e-02,-4.45312500e-02
3.33584000e-06,1.13125000e+00,9.37500000e-01,-1.43750000e-02,-8.98437500e-02
3.33616000e-06,9.93750000e-01,1.06250000e+00,-3.37500000e-02,-1.28906250e-01
3.33648000e-06,1.19375000e+00,9.12500000e-01,-3.06250000e-02,-1.18750000e-01
3.33680000e-06,1.08125000e+00,1.08750000e+00,-1.75000000e-02,-9.37500000e-02
3.33712000e-06,1.16875000e+00,9.62500000e-01,-4.81250000e-02,-2.89062500e-02
3.33744000e-06,1.11875000e+00,1.03750000e+00,-3.25000000e-02,-1.56250000e-03
3.33776000e-06,1.10625000e+00,1.06250000e+00,-1.68750000e-02,-1.25000000e-02
3.33808000e-06,1.18125000e+00,1.10000000e+00,-5.56250000e-02,-7.57812500e-02
3.33840000e-06,1.19375000e+00,1.01250000e+00,-3.56250000e-02,-8.04687500e-02
3.33872000e-06,1.00625000e+00,9.87500000e-01,-4.56250000e-02,-1.59375000e-01
3.33904000e-06,1.14375000e+00,1.06250000e+00,-6.12500000e-02,-2.18750000e-01
3.33936000e-06,1.19375000e+00,1.05000000e+00,-6.68750000e-02,-7.50000000e-02
3.33968000e-06,1.24375000e+00,9.87500000e-01,-3.50000000e-02,-5.31250000e-02
3.34000000e-06,1.09375000e+00,1.12500000e+00,-1.43750000e-02,-1.59375000e-01
3.34032000e-06,1.16875000e+00,1.00000000e+00,-2.81250000e-02,-1.94531250e-01
3.34064000e-06,1.18125000e+00,1.07500000e+00,-3.87500000e-02,-2.11718750e-01
3.34096000e-06,1.18125000e+00,9.62500000e-01,-5.12500000e-02,-1.46875000e-01
3.34128000e-06,1.06875000e+00,1.01250000e+00,-3.06250000e-02,-1.05468750e-01
3.34160000e-06,1.10625000e+00,1.05000000e+00,-3.81250000e-02,-5.93750000e-02
3.34192000e-06,1.09375000e+00,1.07500000e+00,-3.06250000e-02,-5.46875000e-03
3.34224000e-06,1.09375000e+00,1.10000000e+00,-4.81250000e-02,-5.78125000e-02
3.34256000e-06,1.15625000e+00,1.00000000e+00,-4.06250000e-02,-2.06250000e-01
3.34288000e-06,1.26875000e+00,8.75000000e-01,-2.75000000e-02,-1.00000000e-01
3.34320000e-06,1.15625000e+00,1.02500000e+00,2.62500000e-02,-5.00000000e-02
3.34352000e-06,1.16875000e+00,9.00000000e-01,-1.18750000e-02,-1.17968750e-01
3.34384000e-06,1.09375000e+00,9.87500000e-01,-4.62500000e-02,-2.08593750e-01
3.34416000e-06,1.08125000e+00,9.00000000e-01,-4.56250000e-02,-2.23437500e-01
3.34448000e-06,1.01875000e+00,1.10000000e+00,-2.75000000e-02,-1.59375000e-01
3.34480000e-06,9.93750000e-01,9.87500000e-01,-1.25000000e-03,-1.34375000e-01
3.34512000e-06,1.14375000e+00,1.01250000e+00,-9.37500000e-03,-9.29687500e-02
3.34544000e-06,1.18125000e+00,9.62500000e-01,-3.87500000e-02,-7.89062500e-02
3.34576000e-06,1.13125000e+00,1.08750000e+00,-2.50000000e-02,-8.28125000e-02
3.34608000e-06,1.21875000e+00,1.03750000e+00,-1.62500000e-02,-1.28125000e-01
3.34640000e-06,1.20625000e+00,1.05000000e+00,-1.43750000e-02,-1.84375000e-01
3.34672000e-06,1.11875000e+00,9.87500000e-01,-3.62500000e-02,-1.28906250e-01
3.34704000e-06,1.15625000e+00,9.87500000e-01,-3.06250000e-02,-1.52343750e-01
3.34736000e-06,1.14375000e+00,1.03750000e+00,-3.56250000e-02,-1.19531250e-01
3.34768000e-06,1.11875000e+00,1.06250000e+00,-3.00000000e-02,-4.45312500e-02
3.34800000e-06,1.32500000e+00,9.87500000e-01,-1.68750000e-02,-1.87500000e-02
3.34832000e-06,1.06875000e+00,1.07500000e+00,-4.81250000e-02,-9.14062500e-02
3.34864000e-06,9.93750000e-01,9.87500000e-01,-2.12500000e-02,-8.67187500e-02
3.34896000e-06,9.81250000e-01,1.00000000e+00,8.12500000e-03,-6.32812500e-02
3.34928000e-06,1.13125000e+00,9.25000000e-01,-1.18750000e-02,-5.62500000e-02
3.34960000e-06,1.15625000e+00,1.03750000e+00,-2.62500000e-02,-3.59375000e-02
3.34992000e-06,1.14375000e+00,9.75000000e-01,-4.31250000e-02,-6.71875000e-02
3.35024000e-06,1.20625000e+00,1.12500000e+00,-9.37500000e-03,-5.31250000e-02
3.35056000e-06,1.13125000e+00,9.25000000e-01,-1.87500000e-02,-6.95312500e-02
3.35088000e-06,1.10625000e+00,1.07500000e+00,-4.37500000e-03,-1.35156250e-01
3.35120000e-06,1.09375000e+00,9.87500000e-01,-2.87500000e-02,-1.07812500e-01
3.35152000e-06,1.13125000e+00,9.87500000e-01,-4.12500000e-02,-1.40625000e-01
3.35184000e-06,1.03125000e+00,9.12500000e-01,-2.56250000e-02,-1.83593750e-01
3.35216000e-06,1.08125000e+00,1.07500000e+00,-2.18750000e-02,-1.07031250e-01
3.35248000e-06,1.18125000e+00,1.15000000e+00,-3.81250000e-02,-7.42187500e-02
3.35280000e-06,1.06875000e+00,1.00000000e+00,-3.81250000e-02,-9.21875000e-02
3.35312000e-06,1.15625000e+00,9.25000000e-01,-5.31250000e-02,-5.31250000e-02
3.35344000e-06,1.16875000e+00,1.06250000e+00,-1.25000000e-03,-1.87500000e-02
3.35376000e-06,1.06875000e+00,8.62500000e-01,3.12500000e-03,-6.40625000e-02
3.35408000e-06,9.93750000e-01,1.05000000e+00,-4.12500000e-02,-6.71875000e-02
3.35440000e-06,1.16875000e+00,9.62500000e-01,-2.18750000e-02,-1.25000000e-01
3.35472000e-06,1.11875000e+00,9.75000000e-01,-2.00000000e-02,-1.75000000e-01
3.35504000e-06,1.16875000e+00,1.02500000e+00,-1.68750000e-02,-7.96875000e-02
3.35536000e-06,1.15625000e+00,1.05000000e+00,-1.50000000e-02,-1.02343750e-01
3.35568000e-06,1.11875000e+00,1.07500000e+00,-2.87500000e-02,-1.46875000e-01
3.35600000e-06,1.15625000e+00,1.01250000e+00,-5.06250000e-02,-1.00000000e-01
3.35632000e-06,9.93750000e-01,1.05000000e+00,-9.37500000e-03,-1.60937500e-01
3.35664000e-06,1.03125000e+00,1.13750000e+00,-4.62500000e-02,-1.58593750e-01
3.35696000e-06,1.26875000e+00,9.37500000e-01,1.25000000e-03,-1.35937500e-01
3.35728000e-06,1.23125000e+00,1.17500000e+00,-1.87500000e-03,-1.49218750e-01
3.35760000e-06,1.23125000e+00,1.06250000e+00,-2.81250000e-02,-1.35937500e-01
3.35792000e-06,1.06875000e+00,1.20000000e+00,-1.18750000e-02,-1.02343750e-01
3.35824000e-06,1.23437500e+00,8.75000000e-01,-3.37500000e-02,-4.53125000e-02
3.35856000e-06,1.30000000e+00,1.02500000e+00,-5.87500000e-02,-1.39843750e-01
3.35888000e-06,9.81250000e-01,1.11250000e+00,-3.31250000e-02,-1.40625000e-01
3.35920000e-06,9.71875000e-01,1.01250000e+00,-1.37500000e-02,-7.57812500e-02
3.35952000e-06,1.16875000e+00,9.75000000e-01,-1.93750000e-02,-3.43750000e-02
3.35984000e-06,1.13125000e+00,9.87500000e-01,-3.62500000e-02,-5.70312500e-02
3.36016000e-06,1.05625000e+00,9.37500000e-01,-3.56250000e-02,-1.16406250e-01
3.36048000e-06,9.68750000e-01,1.02500000e+00,-1.87500000e-02,-1.14062500e-01
3.36080000e-06,1.25625000e+00,9.25000000e-01,-2.87500000e-02,-3.12500000e-02
3.36112000e-06,1.13125000e+00,9.87500000e-01,-3.62500000e-02,-8.75000000e-02
3.36144000e-06,1.11875000e+00,1.01250000e+00,-4.12500000e-02,-1.36718750e-01
3.36176000e-06,1.00625000e+00,1.06250000e+00,-1.68750000e-02,-8.90625000e-02
3.36208000e-06,1.06875000e+00,1.10000000e+00,-4.18750000e-02,-1.50000000e-01
3.36240000e-06,1.18125000e+00,1.03750000e+00,-9.75000000e-02,-9.37500000e-02
3.36272000e-06,1.01875000e+00,1.05000000e+00,-3.50000000e-02,-1.40625000e-01
3.36304000e-06,1.06875000e+00,1.02500000e+00,-1.43750000e-02,-1.14062500e-01
3.36336000e-06,1.23125000e+00,8.75000000e-01,-1.25000000e-02,-9.21875000e-02
3.36368000e-06,1.14375000e+00,1.16250000e+00,-5.87500000e-02,-1.44531250e-01
3.36400000e-06,1.09375000e+00,9.50000000e-01,-1.12500000e-02,-1.37500000e-01
3.36432000e-06,1.11875000e+00,1.07500000e+00,-1.68750000e-02,-1.17187500e-01
3.36464000e-06,1.16875000e+00,1.02500000e+00,-2.87500000e-02,-1.19531250e-01
3.36496000e-06,1.09375000e+00,9.25000000e-01,-4.62500000e-02,-9.60937500e-02
3.36528000e-06,1.19375000e+00,1.03750000e+00,-4.62500000e-02,-1.20312500e-01
3.36560000e-06,1.16875000e+00,1.05000000e+00,-4.31250000e-02,-1.30468750e-01
3.36592000e-06,1.00625000e+00,1.05000000e+00,-5.81250000e-02,-1.01562500e-01
3.36624000e-06,9.93750000e-01,1.15000000e+00,-3.56250000e-02,-5.70312500e-02
3.36656000e-06,1.06875000e+00,1.00000000e+00,-1.62500000e-02,-7.89062500e-02
3.36688000e-06,9.68750000e-01,9.87500000e-01,1.81250000e-02,-1.03125000e-01
3.36720000e-06,1.04375000e+00,9.37500000e-01,-3.12500000e-02,-1.48437500e-01
3.36752000e-06,1.09375000e+00,1.06250000e+00,-2.18750000e-02,-1.64843750e-01
3.36784000e-06,1.14375000e+00,9.50000000e-01,-2.50000000e-03,-1.84375000e-01
3.36816000e-06,1.03125000e+00,1.03750000e+00,-3.12500000e-02,-1.85156250e-01
3.36848000e-06,1.18125000e+00,9.00000000e-01,-3.37500000e-02,-1.25781250e-01
3.36880000e-06,1.14375000e+00,1.11250000e+00,-5.43750000e-02,-8.43750000e-02
3.36912000e-06,1.05625000e+00,9.50000000e-01,-6.68750000e-02,-1.09375000e-01
3.36944000e-06,1.08125000e+00,1.02500000e+00,-6.25000000e-03,-1.18750000e-01
3.36976000e-06,1.05625000e+00,1.08750000e+00,-2.93750000e-02,-1.64062500e-01
3.37008000e-06,1.13125000e+00,1.12500000e+00,-1.68750000e-02,-1.39062500e-01
3.37040000e-06,1.05625000e+00,1.00000000e+00,-3.68750000e-02,-8.59375000e-02
3.37072000e-06,1.05625000e+00,1.06250000e+00,-3.87500000e-02,-1.96875000e-01
3.37104000e-06,1.13125000e+00,1.05000000e+00,-6.12500000e-02,-1.53906250e-01
3.37136000e-06,1.09375000e+00,1.07500000e+00,-2.12500000e-02,-1.32812500e-02
3.37168000e-06,1.24375000e+00,1.02500000e+00,-6.87500000e-03,2.18750000e-02
3.37200000e-06,1.04375000e+00,1.03750000e+00,-1.50000000e-02,-5.23437500e-02
3.37232000e-06,1.05625000e+00,1.08750000e+00,-3.56250000e-02,-1.96875000e-01
3.37264000e-06,1.13125000e+00,9.87500000e-01,1.25000000e-03,-2.25781250e-01
3.37296000e-06,1.15625000e+00,1.15000000e+00,-4.31250000e-02,-1.50000000e-01
3.37328000e-06,1.24375000e+00,1.01250000e+00,-3.31250000e-02,-1.36718750e-01
3.37360000e-06,1.09375000e+00,1.01250000e+00,-1.75000000e-02,-6.87500000e-02
3.37392000e-06,1.20625000e+00,1.12500000e+00,-2.81250000e-02,-1.03125000e-01
3.37424000e-06,1.11875000e+00,9.50000000e-01,-3.25000000e-02,-8.43750000e-02
3.37456000e-06,1.06875000e+00,1.05000000e+00,6.25000000e-03,1.01562500e-02
3.37488000e-06,1.15625000e+00,9.75000000e-01,-4.12500000e-02,7.81250000e-04
3.37520000e-06,1.15625000e+00,8.62500000e-01,-7.50000000e-02,-1.87500000e-02
3.37552000e-06,1.18125000e+00,1.01250000e+00,-2.81250000e-02,-4.84375000e-02
3.37584000e-06,1.15625000e+00,1.01250000e+00,-2.00000000e-02,-5.23437500e-02
3.37616000e-06,1.14375000e+00,1.01250000e+00,-3.50000000e-02,-1.32812500e-02
3.37648000e-06,1.20625000e+00,1.10000000e+00,1.25000000e-03,-8.04687500e-02
3.37680000e-06,1.16875000e+00,1.01250000e+00,-3.56250000e-02,-1.26562500e-01
3.37712000e-06,1.15625000e+00,1.06250000e+00,-2.25000000e-02,-6.71875000e-02
3.37744000e-06,1.14375000e+00,8.75000000e-01,-5.68750000e-02,-8.04687500e-02
3.37776000e-06,1.18125000e+00,9.00000000e-01,-1.87500000e-02,-5.07812500e-02
3.37808000e-06,1.04375000e+00,9.50000000e-01,-2.62500000e-02,-1.25000000e-02
3.37840000e-06,1.11875000e+00,1.03750000e+00,-1.93750000e-02,-3.04687500e-02
3.37872000e-06,1.13125000e+00,9.62500000e-01,-1.00000000e-02,-3.98437500e-02
3.37904000e-06,1.21875000e+00,8.87500000e-01,-2.18750000e-02,-7.26562500e-02
3.37936000e-06,1.19687500e+00,1.01250000e+00,-3.12500000e-02,-9.37500000e-02
3.37968000e-06,1.24375000e+00,1.07500000e+00,-6.12500000e-02,-7.50000000e-02
3.38000000e-06,9.81250000e-01,1.11250000e+00,-3.56250000e-02,-1.07812500e-01
3.38032000e-06,1.04687500e+00,1.07500000e+00,-2.56250000e-02,-1.10156250e-01
3.38064000e-06,1.18125000e+00,1.01250000e+00,-3.25000000e-02,-9.14062500e-02
3.38096000e-06,1.14375000e+00,1.17500000e+00,-1.87500000e-03,-1.38281250e-01
3.38128000e-06,1.20625000e+00,1.05000000e+00,-6.25000000e-03,-1.04687500e-01
3.38160000e-06,1.16875000e+00,9.62500000e-01,-2.56250000e-02,-8.75000000e-02
3.38192000e-06,1.14375000e+00,9.62500000e-01,-1.50000000e-02,-1.05468750e-01
3.38224000e-06,1.05625000e+00,1.08750000e+00,-4.87500000e-02,-1.72656250e-01
3.38256000e-06,1.14375000e+00,1.02500000e+00,-2.12500000e-02,-1.20312500e-01
3.38288000e-06,1.13125000e+00,9.62500000e-01,-2.87500000e-02,-4.53125000e-02
3.38320000e-06,1.09375000e+00,9.62500000e-01,-5.12500000e-02,-8.28125000e-02
3.38352000e-06,1.24687500e+00,1.07500000e+00,-9.37500000e-03,-1.36718750e-01
3.38384000e-06,1.24375000e+00,1.01250000e+00,-4.87500000e-02,-9.45312500e-02
3.38416000e-06,1.05625000e+00,1.06250000e+00,-4.62500000e-02,-1.46093750e-01
3.38448000e-06,1.13437500e+00,1.07500000e+00,-1.75000000e-02,-1.64062500e-01
3.38480000e-06,1.19375000e+00,1.11250000e+00,-3.56250000e-02,-1.10156250e-01
3.38512000e-06,1.05625000e+00,1.07500000e+00,-1.43750000e-02,-6.40625000e-02
3.38544000e-06,1.05625000e+00,9.37500000e-01,-4.81250000e-02,-5.93750000e-02
3.38576000e-06,1.15625000e+00,1.07500000e+00,-5.00000000e-02,-7.26562500e-02
3.38608000e-06,1.18125000e+00,1.03750000e+00,6.25000000e-03,-1.21093750e-01
3.38640000e-06,1.11875000e+00,1.03750000e+00,-3.56250000e-02,-1.38281250e-01
3.38672000e-06,1.14375000e+00,1.12500000e+00,-1.75000000e-02,-8.12500000e-02
3.38704000e-06,1.24375000e+00,1.00000000e+00,-5.18750000e-02,-6.56250000e-02
3.38736000e-06,1.15625000e+00,1.06250000e+00,-1.37500000e-02,-6.95312500e-02
3.38768000e-06,1.10625000e+00,9.62500000e-01,-3.12500000e-02,-5.46875000e-03
3.38800000e-06,9.93750000e-01,1.13750000e+00,-3.56250000e-02,-7.65625000e-02
3.38832000e-06,1.08125000e+00,9.25000000e-01,-2.87500000e-02,-8.90625000e-02
3.38864000e-06,9.43750000e-01,1.02500000e+00,-3.00000000e-02,-1.28906250e-01
3.38896000e-06,1.28125000e+00,9.25000000e-01,-4.37500000e-03,-1.42968750e-01
3.38928000e-06,1.10625000e+00,1.20000000e+00,-2.18750000e-02,-3.67187500e-02
3.38960000e-06,1.05625000e+00,1.00000000e+00,-3.62500000e-02,1.09375000e-02
3.38992000e-06,1.00625000e+00,9.12500000e-01,-3.00000000e-02,-5.31250000e-02
3.39024000e-06,1.04375000e+00,1.08750000e+00,3.75000000e-03,-1.17187500e-02
3.39056000e-06,1.15625000e+00,1.07500000e+00,-2.81250000e-02,-4.68750000e-02
3.39088000e-06,1.26875000e+00,9.37500000e-01,-2.18750000e-02,-1.57031250e-01
3.39120000e-06,1.14375000e+00,9.50000000e-01,-1.06250000e-02,-1.72656250e-01
3.39152000e-06,1.13125000e+00,9.50000000e-01,-3.37500000e-02,-1.22656250e-01
3.39184000e-06,1.19375000e+00,1.18750000e+00,-2.50000000e-02,-1.39062500e-01
3.39216000e-06,1.13125000e+00,1.02500000e+00,-2.50000000e-02,-9.53125000e-02
3.39248000e-06,1.08125000e+00,9.37500000e-01,-1.43750000e-02,-1.14062500e-01
3.39280000e-06,1.13125000e+00,1.06250000e+00,-6.87500000e-03,-2.00781250e-01
3.39312000e-06,1.11875000e+00,1.08750000e+00,3.12500000e-03,-1.69531250e-01
3.39344000e-06,1.15625000e+00,1.05000000e+00,-2.18750000e-02,-1.50781250e-01
3.39376000e-06,1.24375000e+00,9.62500000e-01,-4.37500000e-03,-5.70312500e-02
3.39408000e-06,1.23125000e+00,9.50000000e-01,-3.37500000e-02,-2.57812500e-02
3.39440000e-06,1.04375000e+00,1.13750000e+00,-1.43750000e-02,-1.53125000e-01
3.39472000e-06,1.03125000e+00,9.62500000e-01,-4.43750000e-02,-1.48437500e-01
3.39504000e-06,1.19375000e+00,9.75000000e-01,-4.06250000e-02,-8.51562500e-02
3.39536000e-06,1.16875000e+00,9.75000000e-01,0.00000000e+00,-1.75000000e-01
3.39568000e-06,1.08125000e+00,1.10000000e+00,-4.25000000e-02,-1.08593750e-01
3.39600000e-06,1.10625000e+00,1.05000000e+00,-1.43750000e-02,-1.45312500e-01
3.39632000e-06,1.14375000e+00,1.05000000e+00,-3.06250000e-02,-2.06250000e-01
3.39664000e-06,1.10625000e+00,1.03750000e+00,-3.25000000e-02,-1.17187500e-01
3.39696000e-06,1.14375000e+00,9.37500000e-01,-2.56250000e-02,-7.10937500e-02
3.39728000e-06,1.15625000e+00,1.02500000e+00,-1.12500000e-02,-1.85156250e-01
3.39760000e-06,1.15625000e+00,1.03750000e+00,-7.50000000e-03,-2.10156250e-01
3.39792000e-06,1.11875000e+00,1.10000000e+00,-2.25000000e-02,-1.02343750e-01
3.39824000e-06,1.14375000e+00,9.87500000e-01,-2.87500000e-02,-1.17187500e-01
3.39856000e-06,1.10625000e+00,9.62500000e-01,-3.25000000e-02,-1.83593750e-01
3.39888000e-06,1.15625000e+00,9.62500000e-01,1.25000000e-03,-1.26562500e-01
3.39920000e-06,1.20625000e+00,9.50000000e-01,-1.87500000e-02,-1.10937500e-01
3.39952000e-06,1.10625000e+00,1.02500000e+00,-1.50000000e-02,-1.66406250e-01
3.39984000e-06,1.11875000e+00,1.00000000e+00,-4.87500000e-02,-1.42968750e-01
