Model,MSO56B
Channel,CH2,,Channel,CH3,,Channel,CH4,,Channel,CH5
Label,,,Label,,,Label,,,Label,
Waveform Type,ANALOG,,Waveform Type,ANALOG,,Waveform Type,ANALOG,,Waveform Type,ANALOG
Horizontal Units,s,,Horizontal Units,s,,Horizontal Units,s,,Horizontal Units,s
Sample Interval,3.20000000e-10,,Sample Interval,3.20000000e-10,,Sample Interval,3.20000000e-10,,Sample Interval,3.20000000e-10
Record Length,12500,,Record Length,12500,,Record Length,12500,,Record Length,12500
Zero Index,1874.25000000,,Zero Index,1874.25000000,,Zero Index,1874.25000000,,Zero Index,1874.25000000
Vertical Units,V,,Vertical Units,V,,Vertical Units,V,,Vertical Units,A
,,,,,,,,,,
ANALOG_Thumbnail,,,ANALOG_Thumbnail,,,ANALOG_Thumbnail,,,ANALOG_Thumbnail,
yOffset,0.000000,,yOffset,0.000000,,yOffset,0.000000,,yOffset,0.000000
yPosition,-3.000000,,yPosition,-3.000000,,yPosition,-3.000000,,yPosition,-3.000000

Labels,,,,
TIME,CH2,CH3,CH4,CH5
-5.99760000e-07,-1.25000000e-01,2.53437500e+00,-9.37500000e-03,-7.81250000e-02
-5.99440000e-07,1.00000000e-01,2.55937500e+00,-2.18750000e-02,-8.28125000e-02
-5.99120000e-07,0.00000000e+00,2.58437500e+00,-4.12500000e-02,-4.29687500e-02
-5.98800000e-07,-5.00000000e-02,2.58437500e+00,-2.56250000e-02,5.31250000e-02
-5.98480000e-07,6.25000000e-02,2.65937500e+00,-9.37500000e-03,5.85937500e-02
-5.98160000e-07,1.75000000e-01,2.60937500e+00,-1.68750000e-02,-4.60937500e-02
-5.97840000e-07,6.25000000e-02,2.54687500e+00,-3.62500000e-02,-3.75000000e-02
-5.97520000e-07,1.25000000e-01,2.52187500e+00,-3.75000000e-02,-4.76562500e-02
-5.97200000e-07,1.25000000e-02,2.54687500e+00,-2.18750000e-02,-7.03125000e-02
-5.96880000e-07,8.75000000e-02,2.53437500e+00,-2.75000000e-02,-4.53125000e-02
-5.96560000e-07,8.75000000e-02,2.58437500e+00,-2.12500000e-02,5.23437500e-02
-5.96240000e-07,1.00000000e-01,2.47187500e+00,-1.37500000e-02,4.45312500e-02
-5.95920000e-07,1.00000000e-01,2.69687500e+00,-1.43750000e-02,2.18750000e-02
-5.95600000e-07,1.62500000e-01,2.65937500e+00,-2.18750000e-02,-5.31250000e-02
-5.95280000e-07,1.25000000e-01,2.60937500e+00,-1.18750000e-02,4.68750000e-03
-5.94960000e-07,1.75000000e-01,2.48437500e+00,-2.87500000e-02,2.89062500e-02
-5.94640000e-07,5.00000000e-02,2.52187500e+00,-3.37500000e-02,-1.71875000e-02
-5.94320000e-07,1.25000000e-02,2.44687500e+00,-1.93750000e-02,-8.90625000e-02
-5.94000000e-07,8.75000000e-02,2.59687500e+00,-9.37500000e-03,-3.35937500e-02
-5.93680000e-07,1.25000000e-02,2.64687500e+00,-3.62500000e-02,1.71875000e-02
-5.93360000e-07,8.75000000e-02,2.67187500e+00,-1.68750000e-02,5.00000000e-02
-5.93040000e-07,1.37500000e-01,2.47187500e+00,0.00000000e+00,5.78125000e-02
-5.92720000e-07,3.75000000e-02,2.52187500e+00,-6.87500000e-03,-1.08593750e-01
-5.92400000e-07,2.12500000e-01,2.62187500e+00,-1.50000000e-02,-1.18750000e-01
-5.92080000e-07,1.50000000e-01,2.68437500e+00,-3.56250000e-02,-3.90625000e-02
-5.91760000e-07,1.00000000e-01,2.55937500e+00,-2.50000000e-02,-5.23437500e-02
-5.91440000e-07,-1.25000000e-02,2.68437500e+00,-1.68750000e-02,0.00000000e+00
-5.91120000e-07,3.75000000e-02,2.62187500e+00,-3.37500000e-02,4.68750000e-02
-5.90800000e-07,1.75000000e-01,2.62187500e+00,-3.00000000e-02,-2.10937500e-02
-5.90480000e-07,8.75000000e-02,2.48437500e+00,-3.75000000e-03,-7.34375000e-02
-5.90160000e-07,0.00000000e+00,2.54687500e+00,-8.75000000e-03,-4.60937500e-02
-5.89840000e-07,5.00000000e-02,2.50937500e+00,-1.43750000e-02,-3.90625000e-02
-5.89520000e-07,7.50000000e-02,2.57187500e+00,-2.87500000e-02,-7.81250000e-02
-5.89200000e-07,1.00000000e-01,2.49687500e+00,-3.62500000e-02,-9.76562500e-02
-5.88880000e-07,1.37500000e-01,2.70937500e+00,-2.87500000e-02,-2.57812500e-02
-5.88560000e-07,1.75000000e-01,2.63437500e+00,-2.18750000e-02,-3.35937500e-02
-5.88240000e-07,1.25000000e-01,2.68437500e+00,-3.87500000e-02,-1.17187500e-02
-5.87920000e-07,1.25000000e-01,2.67187500e+00,-2.50000000e-02,2.34375000e-03
-5.87600000e-07,1.00000000e-01,2.60937500e+00,3.75000000e-03,-2.50000000e-02
-5.87280000e-07,1.25000000e-02,2.57187500e+00,-2.50000000e-02,-5.31250000e-02
-5.86960000e-07,8.75000000e-02,2.57187500e+00,-7.50000000e-03,-1.09375000e-02
-5.86640000e-07,-6.25000000e-02,2.58437500e+00,-4.81250000e-02,-1.06250000e-01
-5.86320000e-07,7.50000000e-02,2.57187500e+00,-3.75000000e-03,-1.47656250e-01
-5.86000000e-07,-7.50000000e-02,2.60937500e+00,-3.31250000e-02,-7.26562500e-02
-5.85680000e-07,8.75000000e-02,2.68437500e+00,-3.81250000e-02,-7.18750000e-02
-5.85360000e-07,1.75000000e-01,2.59687500e+00,5.62500000e-03,-3.35937500e-02
-5.85040000e-07,-5.00000000e-02,2.65937500e+00,-2.56250000e-02,-3.82812500e-02
-5.84720000e-07,0.00000000e+00,2.62187500e+00,-5.12500000e-02,-7.42187500e-02
-5.84400000e-07,1.25000000e-01,2.58437500e+00,-3.37500000e-02,-6.79687500e-02
-5.84080000e-07,1.37500000e-01,2.48437500e+00,-3.25000000e-02,-1.40625000e-02
-5.83760000e-07,2.00000000e-01,2.60937500e+00,-3.75000000e-03,-6.17187500e-02
-5.83440000e-07,1.50000000e-01,2.53437500e+00,-2.12500000e-02,-5.23437500e-02
-5.83120000e-07,1.75000000e-01,2.55937500e+00,-1.43750000e-02,-1.40625000e-02
-5.82800000e-07,5.00000000e-02,2.53437500e+00,-2.18750000e-02,-1.40625000e-02
-5.82480000e-07,6.25000000e-02,2.68437500e+00,2.06250000e-02,-2.34375000e-03
-5.82160000e-07,6.25000000e-02,2.62187500e+00,-3.62500000e-02,-4.53125000e-02
-5.81840000e-07,6.25000000e-02,2.52187500e+00,-2.62500000e-02,-8.28125000e-02
-5.81520000e-07,5.00000000e-02,2.44687500e+00,-1.43750000e-02,-9.29687500e-02
-5.81200000e-07,1.25000000e-02,2.62187500e+00,5.62500000e-03,-8.43750000e-02
-5.80880000e-07,1.00000000e-01,2.45937500e+00,-1.68750000e-02,-7.03125000e-03
-5.80560000e-07,1.62500000e-01,2.57187500e+00,-4.62500000e-02,1.95312500e-02
-5.80240000e-07,1.12500000e-01,2.57187500e+00,-3.56250000e-02,-2.81250000e-02
-5.79920000e-07,2.50000000e-02,2.53437500e+00,3.12500000e-03,-9.06250000e-02
-5.79600000e-07,-1.25000000e-02,2.48437500e+00,-3.75000000e-03,-9.60937500e-02
-5.79280000e-07,-1.25000000e-02,2.54687500e+00,-1.18750000e-02,-8.12500000e-02
-5.78960000e-07,1.37500000e-01,2.63437500e+00,-6.87500000e-03,-1.05468750e-01
-5.78640000e-07,1.12500000e-01,2.45937500e+00,-3.87500000e-02,-7.65625000e-02
-5.78320000e-07,7.50000000e-02,2.47187500e+00,-2.81250000e-02,-1.55468750e-01
-5.78000000e-07,1.25000000e-02,2.72187500e+00,1.06250000e-02,-1.04687500e-01
-5.77680000e-07,2.25000000e-01,2.47187500e+00,-4.31250000e-02,-4.76562500e-02
-5.77360000e-07,1.62500000e-01,2.62187500e+00,-2.18750000e-02,-5.31250000e-02
-5.77040000e-07,7.50000000e-02,2.57187500e+00,-7.50000000e-03,-9.45312500e-02
-5.76720000e-07,3.75000000e-02,2.58437500e+00,-1.87500000e-03,-1.29687500e-01
-5.76400000e-07,-6.25000000e-02,2.55937500e+00,-3.87500000e-02,-8.67187500e-02
-5.76080000e-07,8.75000000e-02,2.52187500e+00,-1.18750000e-02,-1.35937500e-01
-5.75760000e-07,0.00000000e+00,2.59687500e+00,-3.68750000e-02,-9.14062500e-02
-5.75440000e-07,1.37500000e-01,2.54687500e+00,-1.43750000e-02,-3.35937500e-02
-5.75120000e-07,2.50000000e-02,2.44687500e+00,-1.00000000e-02,-4.29687500e-02
-5.74800000e-07,1.12500000e-01,2.58437500e+00,-4.37500000e-03,-5.00000000e-02
-5.74480000e-07,1.75000000e-01,2.57187500e+00,-2.62500000e-02,-6.25000000e-02
-5.74160000e-07,8.75000000e-02,2.55937500e+00,-4.87500000e-02,-4.68750000e-02
-5.73840000e-07,1.37500000e-01,2.48437500e+00,-3.56250000e-02,-5.46875000e-03
-5.73520000e-07,1.87500000e-01,2.75937500e+00,-3.56250000e-02,7.03125000e-03
-5.73200000e-07,8.75000000e-02,2.55937500e+00,-2.50000000e-02,-2.57812500e-02
-5.72880000e-07,7.50000000e-02,2.55937500e+00,-1.18750000e-02,3.12500000e-02
-5.72560000e-07,1.25000000e-02,2.60937500e+00,-1.68750000e-02,-6.01562500e-02
-5.72240000e-07,0.00000000e+00,2.50937500e+00,-1.93750000e-02,-1.60156250e-01
-5.71920000e-07,5.00000000e-02,2.60937500e+00,-1.43750000e-02,-1.43750000e-01
-5.71600000e-07,1.12500000e-01,2.49687500e+00,8.12500000e-03,-5.93750000e-02
-5.71280000e-07,5.00000000e-02,2.53437500e+00,-2.00000000e-02,-5.78125000e-02
-5.70960000e-07,1.75000000e-01,2.63437500e+00,-4.12500000e-02,-1.25000000e-02
-5.70640000e-07,7.50000000e-02,2.59687500e+00,-1.12500000e-02,-2.42187500e-02
-5.70320000e-07,-6.25000000e-02,2.70937500e+00,-4.37500000e-03,-3.04687500e-02
-5.70000000e-07,2.50000000e-02,2.45937500e+00,-5.37500000e-02,2.03125000e-02
-5.69680000e-07,2.50000000e-02,2.47187500e+00,-3.31250000e-02,-4.68750000e-03
-5.69360000e-07,3.75000000e-02,2.59687500e+00,-1.68750000e-02,-8.04687500e-02
-5.69040000e-07,3.75000000e-02,2.52187500e+00,-1.12500000e-02,-1.08593750e-01
-5.68720000e-07,7.50000000e-02,2.63437500e+00,-2.00000000e-02,-9.53125000e-02
-5.68400000e-07,3.75000000e-02,2.47187500e+00,-5.12500000e-02,-4.68750000e-03
-5.68080000e-07,8.75000000e-02,2.57187500e+00,-4.81250000e-02,-4.68750000e-03
-5.67760000e-07,6.25000000e-02,2.67187500e+00,-1.12500000e-02,-7.73437500e-02
-5.67440000e-07,1.87500000e-01,2.55937500e+00,-1.18750000e-02,-1.56250000e-02
-5.67120000e-07,2.62500000e-01,2.65937500e+00,-1.75000000e-02,3.35937500e-02
-5.66800000e-07,1.37500000e-01,2.50937500e+00,-3.31250000e-02,-5.00000000e-02
-5.66480000e-07,2.50000000e-02,2.55937500e+00,-2.12500000e-02,-8.35937500e-02
-5.66160000e-07,-6.25000000e-02,2.59687500e+00,-2.50000000e-02,-4.21875000e-02
-5.65840000e-07,5.00000000e-02,2.62187500e+00,-3.12500000e-02,-4.68750000e-03
-5.65520000e-07,1.37500000e-01,2.50937500e+00,-1.43750000e-02,-3.75000000e-02
-5.65200000e-07,5.00000000e-02,2.50937500e+00,7.50000000e-03,-1.25000000e-02
-5.64880000e-07,1.25000000e-01,2.37187500e+00,-5.62500000e-02,1.64062500e-02
-5.64560000e-07,5.00000000e-02,2.43437500e+00,-5.12500000e-02,-4.60937500e-02
-5.64240000e-07,1.50000000e-01,2.54687500e+00,-2.18750000e-02,-1.21093750e-01
-5.63920000e-07,1.37500000e-01,2.60937500e+00,-9.37500000e-03,-7.57812500e-02
-5.63600000e-07,2.00000000e-01,2.58437500e+00,-6.87500000e-03,1.17187500e-02
-5.63280000e-07,8.75000000e-02,2.63437500e+00,-7.50000000e-03,1.64062500e-02
-5.62960000e-07,1.62500000e-01,2.42187500e+00,-2.56250000e-02,3.20312500e-02
-5.62640000e-07,1.25000000e-01,2.57187500e+00,-9.37500000e-03,3.28125000e-02
-5.62320000e-07,0.00000000e+00,2.53437500e+00,-6.37500000e-02,-5.70312500e-02
-5.62000000e-07,8.75000000e-02,2.59687500e+00,-4.31250000e-02,-5.70312500e-02
-5.61680000e-07,2.50000000e-02,2.58437500e+00,-5.31250000e-02,-5.54687500e-02
-5.61360000e-07,-3.75000000e-02,2.58437500e+00,-1.68750000e-02,-8.12500000e-02
-5.61040000e-07,3.75000000e-02,2.57187500e+00,-2.00000000e-02,-2.81250000e-02
-5.60720000e-07,1.12500000e-01,2.57187500e+00,-3.87500000e-02,2.34375000e-03
-5.60400000e-07,8.75000000e-02,2.40937500e+00,-3.06250000e-02,-2.34375000e-03
-5.60080000e-07,8.75000000e-02,2.64687500e+00,-1.93750000e-02,-5.62500000e-02
-5.59760000e-07,1.00000000e-01,2.48437500e+00,-3.12500000e-02,-9.92187500e-02
-5.59440000e-07,5.00000000e-02,2.48437500e+00,-1.87500000e-02,-2.34375000e-02
-5.59120000e-07,1.12500000e-01,2.55937500e+00,-1.43750000e-02,-6.25000000e-02
-5.58800000e-07,5.00000000e-02,2.58437500e+00,-3.87500000e-02,-5.70312500e-02
-5.58480000e-07,-3.75000000e-02,2.49687500e+00,-5.12500000e-02,-1.32812500e-01
-5.58160000e-07,1.25000000e-01,2.72187500e+00,-3.37500000e-02,-1.42968750e-01
-5.57840000e-07,2.00000000e-01,2.55937500e+00,-3.81250000e-02,-7.81250000e-03
-5.57520000e-07,1.12500000e-01,2.69687500e+00,-2.81250000e-02,7.26562500e-02
-5.57200000e-07,1.37500000e-01,2.68437500e+00,-5.06250000e-02,5.31250000e-02
-5.56880000e-07,3.75000000e-02,2.57187500e+00,-1.62500000e-02,-4.45312500e-02
-5.56560000e-07,2.00000000e-01,2.52187500e+00,3.12500000e-03,-1.18750000e-01
-5.56240000e-07,1.12500000e-01,2.60937500e+00,-2.00000000e-02,-6.71875000e-02
-5.55920000e-07,1.25000000e-02,2.50937500e+00,-3.87500000e-02,-2.34375000e-02
-5.55600000e-07,0.00000000e+00,2.60937500e+00,-3.81250000e-02,-5.93750000e-02
-5.55280000e-07,3.75000000e-02,2.40937500e+00,-1.62500000e-02,-1.21093750e-01
-5.54960000e-07,1.62500000e-01,2.70937500e+00,-6.87500000e-03,-8.90625000e-02
-5.54640000e-07,1.12500000e-01,2.50937500e+00,-4.87500000e-02,-4.06250000e-02
-5.54320000e-07,1.50000000e-01,2.54687500e+00,-4.37500000e-03,1.64062500e-02
-5.54000000e-07,1.00000000e-01,2.53437500e+00,-2.93750000e-02,4.45312500e-02
-5.53680000e-07,6.25000000e-02,2.60937500e+00,-1.75000000e-02,2.42187500e-02
-5.53360000e-07,1.12500000e-01,2.63437500e+00,-5.75000000e-02,-5.62500000e-02
-5.53040000e-07,2.12500000e-01,2.59687500e+00,-5.75000000e-02,-2.08593750e-01
-5.52720000e-07,0.00000000e+00,2.55937500e+00,-3.75000000e-03,-1.11718750e-01
-5.52400000e-07,2.50000000e-02,2.67187500e+00,-2.81250000e-02,6.79687500e-02
-5.52080000e-07,8.75000000e-02,2.50937500e+00,-9.37500000e-03,2.57812500e-02
-5.51760000e-07,1.50000000e-01,2.54687500e+00,5.62500000e-03,-4.21875000e-02
-5.51440000e-07,8.75000000e-02,2.42187500e+00,-1.87500000e-03,-9.21875000e-02
-5.51120000e-07,-2.50000000e-02,2.62187500e+00,6.25000000e-04,-2.73437500e-02
-5.50800000e-07,3.75000000e-02,2.55937500e+00,-3.62500000e-02,-4.68750000e-03
-5.50480000e-07,6.25000000e-02,2.49687500e+00,-4.37500000e-02,-1.06250000e-01
-5.50160000e-07,5.00000000e-02,2.50937500e+00,-2.56250000e-02,-1.05468750e-01
-5.49840000e-07,7.50000000e-02,2.58437500e+00,-1.93750000e-02,-8.28125000e-02
-5.49520000e-07,7.50000000e-02,2.52187500e+00,-4.06250000e-02,-5.70312500e-02
-5.49200000e-07,1.00000000e-01,2.55937500e+00,1.37500000e-02,-6.09375000e-02
-5.48880000e-07,6.25000000e-02,2.39687500e+00,-3.12500000e-02,-4.53125000e-02
-5.48560000e-07,3.75000000e-02,2.60937500e+00,-3.37500000e-02,5.15625000e-02
-5.48240000e-07,1.25000000e-02,2.48437500e+00,-2.81250000e-02,4.76562500e-02
-5.47920000e-07,1.25000000e-01,2.64687500e+00,-2.18750000e-02,-9.68750000e-02
-5.47600000e-07,2.00000000e-01,2.50937500e+00,-2.81250000e-02,-3.35937500e-02
-5.47280000e-07,5.00000000e-02,2.59687500e+00,-6.75000000e-02,5.23437500e-02
-5.46960000e-07,0.00000000e+00,2.67187500e+00,-3.75000000e-02,4.76562500e-02
-5.46640000e-07,1.37500000e-01,2.62187500e+00,1.62500000e-02,0.00000000e+00
-5.46320000e-07,1.25000000e-01,2.57187500e+00,-2.87500000e-02,-2.34375000e-03
-5.46000000e-07,-3.75000000e-02,2.49687500e+00,-1.93750000e-02,-7.03125000e-02
-5.45680000e-07,6.25000000e-02,2.52187500e+00,-2.68750000e-02,-1.56250000e-03
-5.45360000e-07,2.50000000e-01,2.62187500e+00,-3.31250000e-02,4.53125000e-02
-5.45040000e-07,1.50000000e-01,2.67187500e+00,1.81250000e-02,-3.20312500e-02
-5.44720000e-07,-6.25000000e-02,2.72187500e+00,-1.25000000e-03,7.81250000e-03
-5.44400000e-07,8.75000000e-02,2.62187500e+00,-3.37500000e-02,-1.79687500e-02
-5.44080000e-07,8.75000000e-02,2.59687500e+00,-4.87500000e-02,-6.87500000e-02
-5.43760000e-07,-3.75000000e-02,2.55937500e+00,-5.37500000e-02,-1.00781250e-01
-5.43440000e-07,8.75000000e-02,2.48437500e+00,3.75000000e-03,-3.75000000e-02
-5.43120000e-07,3.75000000e-02,2.55937500e+00,-1.75000000e-02,4.68750000e-02
-5.42800000e-07,1.37500000e-01,2.64687500e+00,-4.62500000e-02,-3.51562500e-02
-5.42480000e-07,1.25000000e-02,2.48437500e+00,-1.93750000e-02,-3.59375000e-02
-5.42160000e-07,-1.25000000e-02,2.58437500e+00,-3.12500000e-02,4.92187500e-02
-5.41840000e-07,7.50000000e-02,2.64687500e+00,-3.06250000e-02,4.14062500e-02
-5.41520000e-07,6.25000000e-02,2.65937500e+00,-2.56250000e-02,-1.02343750e-01
-5.41200000e-07,2.50000000e-02,2.52187500e+00,-2.75000000e-02,-1.77343750e-01
-5.40880000e-07,7.50000000e-02,2.43437500e+00,6.25000000e-03,-4.53125000e-02
-5.40560000e-07,5.00000000e-02,2.58437500e+00,-1.62500000e-02,-6.09375000e-02
-5.40240000e-07,1.50000000e-01,2.62187500e+00,-1.68750000e-02,-9.14062500e-02
-5.39920000e-07,2.50000000e-02,2.58437500e+00,-4.37500000e-03,-1.07031250e-01
-5.39600000e-07,1.25000000e-01,2.73437500e+00,-1.25000000e-02,-8.67187500e-02
-5.39280000e-07,5.00000000e-02,2.54687500e+00,-4.12500000e-02,1.01562500e-02
-5.38960000e-07,3.75000000e-02,2.59687500e+00,-2.56250000e-02,-4.92187500e-02
-5.38640000e-07,1.25000000e-02,2.62187500e+00,-4.06250000e-02,-9.14062500e-02
-5.38320000e-07,2.37500000e-01,2.58437500e+00,-3.56250000e-02,3.51562500e-02
-5.38000000e-07,7.50000000e-02,2.48437500e+00,-1.25000000e-03,2.65625000e-02
-5.37680000e-07,2.37500000e-01,2.69687500e+00,-3.62500000e-02,-7.65625000e-02
-5.37360000e-07,1.25000000e-02,2.54687500e+00,-6.87500000e-03,-7.81250000e-02
-5.37040000e-07,5.00000000e-02,2.57187500e+00,-8.12500000e-03,-4.37500000e-02
-5.36720000e-07,1.75000000e-01,2.53437500e+00,-5.37500000e-02,-1.95312500e-02
-5.36400000e-07,5.00000000e-02,2.49687500e+00,-1.68750000e-02,-3.35937500e-02
-5.36080000e-07,3.75000000e-02,2.40937500e+00,-1.93750000e-02,-4.76562500e-02
-5.35760000e-07,8.75000000e-02,2.54687500e+00,-1.87500000e-03,-8.67187500e-02
-5.35440000e-07,5.00000000e-02,2.58437500e+00,-2.18750000e-02,-1.53125000e-01
-5.35120000e-07,2.50000000e-02,2.74687500e+00,6.25000000e-04,-1.20312500e-01
-5.34800000e-07,1.50000000e-01,2.60937500e+00,-1.18750000e-02,-1.15625000e-01
-5.34480000e-07,1.37500000e-01,2.65937500e+00,6.25000000e-04,-1.73437500e-01
-5.34160000e-07,1.25000000e-02,2.48437500e+00,-1.43750000e-02,-1.57031250e-01
-5.33840000e-07,8.75000000e-02,2.50937500e+00,-2.00000000e-02,-5.23437500e-02
-5.33520000e-07,1.25000000e-02,2.47187500e+00,-2.87500000e-02,1.25000000e-02
-5.33200000e-07,1.25000000e-02,2.55937500e+00,-3.06250000e-02,-3.75000000e-02
-5.32880000e-07,7.50000000e-02,2.54687500e+00,-4.25000000e-02,-9.06250000e-02
-5.32560000e-07,1.75000000e-01,2.50937500e+00,-9.37500000e-03,-8.59375000e-02
-5.32240000e-07,1.87500000e-01,2.53437500e+00,-3.25000000e-02,-8.51562500e-02
-5.31920000e-07,6.25000000e-02,2.52187500e+00,-3.75000000e-03,2.18750000e-02
-5.31600000e-07,1.50000000e-01,2.47187500e+00,-1.12500000e-02,9.37500000e-03
-5.31280000e-07,3.75000000e-02,2.75937500e+00,-1.87500000e-03,-1.52343750e-01
-5.30960000e-07,0.00000000e+00,2.59687500e+00,-1.18750000e-02,-4.53125000e-02
-5.30640000e-07,0.00000000e+00,2.70937500e+00,-1.43750000e-02,5.85937500e-02
-5.30320000e-07,7.50000000e-02,2.47187500e+00,-3.37500000e-02,2.81250000e-02
-5.30000000e-07,2.50000000e-02,2.69687500e+00,-2.87500000e-02,-2.81250000e-02
-5.29680000e-07,1.12500000e-01,2.69687500e+00,-2.25000000e-02,-2.10937500e-02
-5.29360000e-07,-1.25000000e-02,2.64687500e+00,-4.62500000e-02,-1.64062500e-02
-5.29040000e-07,1.25000000e-02,2.52187500e+00,-1.62500000e-02,-7.73437500e-02
-5.28720000e-07,1.12500000e-01,2.50937500e+00,-3.62500000e-02,-2.81250000e-02
-5.28400000e-07,2.50000000e-02,2.52187500e+00,-2.18750000e-02,-3.82812500e-02
-5.28080000e-07,3.75000000e-02,2.54687500e+00,-1.81250000e-02,-2.10937500e-02
-5.27760000e-07,1.50000000e-01,2.50937500e+00,-5.62500000e-02,1.17187500e-02
-5.27440000e-07,1.87500000e-01,2.68437500e+00,-6.25000000e-03,-5.70312500e-02
-5.27120000e-07,1.75000000e-01,2.44687500e+00,-2.25000000e-02,-8.43750000e-02
-5.26800000e-07,2.50000000e-02,2.57187500e+00,-5.12500000e-02,-7.96875000e-02
-5.26480000e-07,1.25000000e-02,2.55937500e+00,-5.06250000e-02,-4.84375000e-02
-5.26160000e-07,7.50000000e-02,2.60937500e+00,-3.75000000e-03,-1.56250000e-02
-5.25840000e-07,1.12500000e-01,2.42187500e+00,-1.75000000e-02,8.59375000e-03
-5.25520000e-07,1.00000000e-01,2.52187500e+00,-3.87500000e-02,-2.73437500e-02
-5.25200000e-07,1.62500000e-01,2.53437500e+00,-4.06250000e-02,3.59375000e-02
-5.24880000e-07,2.50000000e-02,2.58437500e+00,-1.12500000e-02,4.29687500e-02
-5.24560000e-07,5.00000000e-02,2.45937500e+00,-2.62500000e-02,3.04687500e-02
-5.24240000e-07,3.75000000e-02,2.59687500e+00,-2.81250000e-02,4.92187500e-02
-5.23920000e-07,7.50000000e-02,2.54687500e+00,-2.25000000e-02,7.03125000e-03
-5.23600000e-07,2.50000000e-02,2.59687500e+00,-5.56250000e-02,-7.81250000e-02
-5.23280000e-07,2.50000000e-02,2.55937500e+00,-3.00000000e-02,-8.28125000e-02
-5.22960000e-07,1.25000000e-02,2.50937500e+00,-9.37500000e-03,-4.14062500e-02
-5.22640000e-07,0.00000000e+00,2.50937500e+00,-4.31250000e-02,7.81250000e-03
-5.22320000e-07,8.75000000e-02,2.62187500e+00,-8.75000000e-03,-6.09375000e-02
-5.22000000e-07,0.00000000e+00,2.49687500e+00,-2.18750000e-02,7.81250000e-03
-5.21680000e-07,-1.25000000e-02,2.69687500e+00,1.31250000e-02,-1.56250000e-02
-5.21360000e-07,8.75000000e-02,2.45937500e+00,-1.75000000e-02,-1.87500000e-02
-5.21040000e-07,1.25000000e-01,2.40937500e+00,-2.87500000e-02,-5.07812500e-02
-5.20720000e-07,-2.50000000e-02,2.50937500e+00,-2.50000000e-02,-2.34375000e-02
-5.20400000e-07,0.00000000e+00,2.54687500e+00,-1.43750000e-02,-3.43750000e-02
-5.20080000e-07,6.25000000e-02,2.45937500e+00,-3.00000000e-02,4.60937500e-02
-5.19760000e-07,-5.00000000e-02,2.54687500e+00,-6.25000000e-03,-3.98437500e-02
-5.19440000e-07,0.00000000e+00,2.40937500e+00,3.75000000e-03,-1.36718750e-01
-5.19120000e-07,1.12500000e-01,2.58437500e+00,-1.68750000e-02,-8.35937500e-02
-5.18800000e-07,1.50000000e-01,2.54687500e+00,-4.37500000e-03,7.03125000e-03
-5.18480000e-07,0.00000000e+00,2.48437500e+00,-2.62500000e-02,1.40625000e-02
-5.18160000e-07,-3.75000000e-02,2.38437500e+00,-3.37500000e-02,-6.64062500e-02
-5.17840000e-07,1.12500000e-01,2.44687500e+00,-4.31250000e-02,-1.54687500e-01
-5.17520000e-07,7.50000000e-02,2.73437500e+00,1.37500000e-02,-1.19531250e-01
-5.17200000e-07,1.37500000e-01,2.68437500e+00,-6.25000000e-03,-4.60937500e-02
-5.16880000e-07,7.50000000e-02,2.60937500e+00,-1.75000000e-02,-1.56250000e-03
-5.16560000e-07,2.12500000e-01,2.37187500e+00,-5.87500000e-02,6.32812500e-02
-5.16240000e-07,1.25000000e-01,2.54687500e+00,-2.50000000e-02,6.56250000e-02
-5.15920000e-07,7.50000000e-02,2.58437500e+00,-2.18750000e-02,3.28125000e-02
-5.15600000e-07,6.25000000e-02,2.45937500e+00,-4.50000000e-02,-1.40625000e-02
-5.15280000e-07,0.00000000e+00,2.59687500e+00,-3.75000000e-03,-7.10937500e-02
-5.14960000e-07,1.25000000e-01,2.48437500e+00,-3.25000000e-02,-1.17187500e-02
-5.14640000e-07,0.00000000e+00,2.55937500e+00,3.12500000e-03,-9.37500000e-03
-5.14320000e-07,0.00000000e+00,2.67187500e+00,3.12500000e-03,-7.34375000e-02
-5.14000000e-07,3.75000000e-02,2.59687500e+00,3.12500000e-03,-9.29687500e-02
-5.13680000e-07,5.00000000e-02,2.39687500e+00,-9.37500000e-03,-6.56250000e-02
-5.13360000e-07,1.62500000e-01,2.55937500e+00,-3.62500000e-02,2.96875000e-02
-5.13040000e-07,1.75000000e-01,2.57187500e+00,-5.37500000e-02,-8.59375000e-03
-5.12720000e-07,3.75000000e-02,2.50937500e+00,-3.12500000e-02,-5.07812500e-02
-5.12400000e-07,1.00000000e-01,2.53437500e+00,-1.87500000e-02,7.81250000e-04
-5.12080000e-07,1.00000000e-01,2.63437500e+00,2.06250000e-02,2.42187500e-02
-5.11760000e-07,3.12500000e-01,2.54687500e+00,-1.50000000e-02,6.71875000e-02
-5.11440000e-07,1.00000000e-01,2.68437500e+00,-5.62500000e-02,-7.03125000e-03
-5.11120000e-07,1.25000000e-01,2.52187500e+00,-5.06250000e-02,-8.59375000e-02
-5.10800000e-07,1.62500000e-01,2.67187500e+00,-3.06250000e-02,-8.90625000e-02
-5.10480000e-07,1.62500000e-01,2.59687500e+00,-2.50000000e-02,-2.81250000e-02
-5.10160000e-07,2.50000000e-02,2.52187500e+00,6.25000000e-04,2.50000000e-02
-5.09840000e-07,0.00000000e+00,2.67187500e+00,-3.81250000e-02,-1.56250000e-02
-5.09520000e-07,8.75000000e-02,2.53437500e+00,-1.12500000e-02,-5.23437500e-02
-5.09200000e-07,8.75000000e-02,2.49687500e+00,6.25000000e-04,3.04687500e-02
-5.08880000e-07,2.50000000e-02,2.63437500e+00,-2.62500000e-02,4.53125000e-02
-5.08560000e-07,1.00000000e-01,2.50937500e+00,-4.62500000e-02,-6.25000000e-03
-5.08240000e-07,1.25000000e-02,2.48437500e+00,-3.31250000e-02,-3.35937500e-02
-5.07920000e-07,3.75000000e-02,2.49687500e+00,-3.75000000e-03,-1.48437500e-02
-5.07600000e-07,1.12500000e-01,2.55937500e+00,-6.25000000e-03,-1.01562500e-02
-5.07280000e-07,2.50000000e-02,2.52187500e+00,-2.00000000e-02,1.56250000e-02
-5.06960000e-07,1.37500000e-01,2.62187500e+00,-2.56250000e-02,4.14062500e-02
-5.06640000e-07,3.75000000e-02,2.59687500e+00,-1.25000000e-03,1.56250000e-03
-5.06320000e-07,0.00000000e+00,2.53437500e+00,-1.37500000e-02,1.79687500e-02
-5.06000000e-07,1.25000000e-01,2.47187500e+00,-1.87500000e-03,6.25000000e-03
-5.05680000e-07,5.00000000e-02,2.59687500e+00,-1.87500000e-03,-5.46875000e-03
-5.05360000e-07,1.87500000e-01,2.52187500e+00,-4.37500000e-03,-8.12500000e-02
-5.05040000e-07,1.25000000e-01,2.52187500e+00,-4.37500000e-03,-1.24218750e-01
-5.04720000e-07,1.25000000e-01,2.52187500e+00,-1.87500000e-03,1.01562500e-02
-5.04400000e-07,-7.50000000e-02,2.67187500e+00,-9.37500000e-03,-4.68750000e-03
-5.04080000e-07,1.25000000e-02,2.48437500e+00,-2.25000000e-02,-6.64062500e-02
-5.03760000e-07,-2.50000000e-02,2.55937500e+00,-2.56250000e-02,-8.59375000e-02
-5.03440000e-07,1.37500000e-01,2.57187500e+00,-1.12500000e-02,-2.10937500e-02
-5.03120000e-07,1.12500000e-01,2.52187500e+00,1.12500000e-02,-4.76562500e-02
-5.02800000e-07,7.50000000e-02,2.47187500e+00,-2.62500000e-02,-7.26562500e-02
-5.02480000e-07,1.25000000e-01,2.58437500e+00,-2.18750000e-02,-4.06250000e-02
-5.02160000e-07,2.25000000e-01,2.48437500e+00,5.00000000e-03,-6.17187500e-02
-5.01840000e-07,1.75000000e-01,2.58437500e+00,-3.12500000e-02,-2.34375000e-03
-5.01520000e-07,1.75000000e-01,2.55937500e+00,-9.37500000e-03,4.84375000e-02
-5.01200000e-07,6.25000000e-02,2.60937500e+00,-7.50000000e-03,-1.40625000e-02
-5.00880000e-07,1.00000000e-01,2.70937500e+00,-1.68750000e-02,-6.71875000e-02
-5.00560000e-07,5.00000000e-02,2.57187500e+00,-2.62500000e-02,-1.01562500e-02
-5.00240000e-07,0.00000000e+00,2.40937500e+00,-3.62500000e-02,-1.56250000e-02
-4.99920000e-07,7.50000000e-02,2.43437500e+00,-1.18750000e-02,4.06250000e-02
-4.99600000e-07,1.62500000e-01,2.45937500e+00,0.00000000e+00,7.18750000e-02
-4.99280000e-07,7.50000000e-02,2.67187500e+00,-4.31250000e-02,-6.25000000e-03
-4.98960000e-07,-2.50000000e-02,2.50937500e+00,1.25000000e-03,1.17187500e-02
-4.98640000e-07,8.75000000e-02,2.65937500e+00,-4.31250000e-02,-1.25000000e-02
-4.98320000e-07,3.75000000e-02,2.54687500e+00,-1.18750000e-02,-2.42187500e-02
-4.98000000e-07,6.25000000e-02,2.53437500e+00,-1.56250000e-02,-6.40625000e-02
-4.97680000e-07,0.00000000e+00,2.49687500e+00,-3.62500000e-02,-7.89062500e-02
-4.97360000e-07,3.75000000e-02,2.55937500e+00,-2.75000000e-02,-4.37500000e-02
-4.97040000e-07,1.12500000e-01,2.54687500e+00,-2.81250000e-02,-3.90625000e-02
-4.96720000e-07,3.75000000e-02,2.53437500e+00,-2.12500000e-02,-7.42187500e-02
-4.96400000e-07,1.25000000e-01,2.47187500e+00,-1.25000000e-02,-9.45312500e-02
-4.96080000e-07,1.25000000e-01,2.50937500e+00,-9.37500000e-03,-6.25000000e-02
-4.95760000e-07,1.25000000e-01,2.54687500e+00,5.62500000e-03,-2.50000000e-02
-4.95440000e-07,1.25000000e-01,2.58437500e+00,-2.25000000e-02,-3.98437500e-02
-4.95120000e-07,2.25000000e-01,2.54687500e+00,-3.37500000e-02,-5.39062500e-02
-4.94800000e-07,1.00000000e-01,2.55937500e+00,-4.06250000e-02,-5.07812500e-02
-4.94480000e-07,1.00000000e-01,2.45937500e+00,-6.25000000e-03,-1.95312500e-02
-4.94160000e-07,1.12500000e-01,2.44687500e+00,-3.37500000e-02,1.17187500e-02
-4.93840000e-07,1.12500000e-01,2.45937500e+00,-6.87500000e-03,0.00000000e+00
-4.93520000e-07,1.25000000e-02,2.60937500e+00,-2.25000000e-02,-7.26562500e-02
-4.93200000e-07,-1.25000000e-02,2.60937500e+00,-3.12500000e-02,-2.03125000e-02
-4.92880000e-07,1.12500000e-01,2.64687500e+00,-1.43750000e-02,-5.00000000e-02
-4.92560000e-07,1.25000000e-01,2.39687500e+00,-1.75000000e-02,-1.32812500e-02
-4.92240000e-07,-8.75000000e-02,2.42187500e+00,-5.00000000e-03,-1.32812500e-02
-4.91920000e-07,0.00000000e+00,2.49687500e+00,-3.87500000e-02,-2.03125000e-02
-4.91600000e-07,7.50000000e-02,2.67187500e+00,-2.50000000e-02,-1.95312500e-02
-4.91280000e-07,7.50000000e-02,2.57187500e+00,3.62500000e-02,-8.59375000e-03
-4.90960000e-07,5.00000000e-02,2.48437500e+00,-3.56250000e-02,4.68750000e-03
-4.90640000e-07,1.12500000e-01,2.49687500e+00,-5.37500000e-02,-2.26562500e-02
-4.90320000e-07,1.75000000e-01,2.52187500e+00,-2.25000000e-02,-6.79687500e-02
-4.90000000e-07,6.25000000e-02,2.34687500e+00,-3.37500000e-02,-1.79687500e-02
-4.89680000e-07,7.50000000e-02,2.48437500e+00,-1.87500000e-02,6.25000000e-03
-4.89360000e-07,0.00000000e+00,2.60937500e+00,-6.87500000e-03,-2.42187500e-02
-4.89040000e-07,-2.50000000e-02,2.53437500e+00,-2.81250000e-02,-4.45312500e-02
-4.88720000e-07,8.75000000e-02,2.48437500e+00,3.12500000e-03,-1.40625000e-02
-4.88400000e-07,1.75000000e-01,2.63437500e+00,-2.56250000e-02,5.85937500e-02
-4.88080000e-07,7.50000000e-02,2.55937500e+00,-1.93750000e-02,-3.12500000e-03
-4.87760000e-07,1.50000000e-01,2.68437500e+00,-2.62500000e-02,-2.50000000e-02
-4.87440000e-07,3.75000000e-02,2.39687500e+00,-5.12500000e-02,-6.25000000e-03
-4.87120000e-07,0.00000000e+00,2.53437500e+00,8.12500000e-03,1.25000000e-02
-4.86800000e-07,3.75000000e-02,2.62187500e+00,-1.25000000e-02,-9.21875000e-02
-4.86480000e-07,1.50000000e-01,2.50937500e+00,-4.87500000e-02,-1.20312500e-01
-4.86160000e-07,2.25000000e-01,2.54687500e+00,-2.56250000e-02,-4.14062500e-02
-4.85840000e-07,7.50000000e-02,2.70937500e+00,-1.37500000e-02,4.92187500e-02
-4.85520000e-07,1.12500000e-01,2.60937500e+00,-1.43750000e-02,2.50000000e-02
-4.85200000e-07,-7.50000000e-02,2.60937500e+00,-1.25000000e-02,3.35937500e-02
-4.84880000e-07,7.50000000e-02,2.45937500e+00,-4.12500000e-02,-1.56250000e-03
-4.84560000e-07,1.00000000e-01,2.54687500e+00,-1.68750000e-02,-3.04687500e-02
-4.84240000e-07,1.50000000e-01,2.58437500e+00,-3.06250000e-02,-3.04687500e-02
-4.83920000e-07,1.62500000e-01,2.57187500e+00,-4.31250000e-02,-5.62500000e-02
-4.83600000e-07,2.50000000e-02,2.48437500e+00,-4.25000000e-02,2.34375000e-03
-4.83280000e-07,6.25000000e-02,2.55937500e+00,3.12500000e-03,2.10937500e-02
-4.82960000e-07,0.00000000e+00,2.48437500e+00,-3.06250000e-02,-2.73437500e-02
-4.82640000e-07,-2.50000000e-02,2.60937500e+00,-4.62500000e-02,-8.90625000e-02
-4.82320000e-07,0.00000000e+00,2.53437500e+00,-2.18750000e-02,-1.22656250e-01
-4.82000000e-07,1.62500000e-01,2.49687500e+00,-6.87500000e-03,-6.40625000e-02
-4.81680000e-07,-1.12500000e-01,2.48437500e+00,-1.25000000e-02,-5.00000000e-02
-4.81360000e-07,1.25000000e-01,2.53437500e+00,-4.37500000e-02,6.56250000e-02
-4.81040000e-07,1.75000000e-01,2.53437500e+00,-2.12500000e-02,4.92187500e-02
-4.80720000e-07,1.25000000e-01,2.68437500e+00,-1.87500000e-03,-5.39062500e-02
-4.80400000e-07,1.37500000e-01,2.60937500e+00,-5.37500000e-02,-6.40625000e-02
-4.80080000e-07,7.50000000e-02,2.55937500e+00,-4.12500000e-02,-8.51562500e-02
-4.79760000e-07,6.25000000e-02,2.64687500e+00,-1.68750000e-02,-8.90625000e-02
-4.79440000e-07,1.12500000e-01,2.64687500e+00,-1.50000000e-02,-5.62500000e-02
-4.79120000e-07,-1.25000000e-02,2.64687500e+00,-5.12500000e-02,-9.14062500e-02
-4.78800000e-07,3.75000000e-02,2.67187500e+00,-1.12500000e-02,-1.12500000e-01
-4.78480000e-07,1.62500000e-01,2.48437500e+00,1.06250000e-02,-9.37500000e-02
-4.78160000e-07,1.00000000e-01,2.53437500e+00,-4.37500000e-03,-2.34375000e-03
-4.77840000e-07,1.00000000e-01,2.54687500e+00,-2.56250000e-02,-4.45312500e-02
-4.77520000e-07,-2.50000000e-02,2.57187500e+00,-2.25000000e-02,-8.35937500e-02
-4.77200000e-07,1.00000000e-01,2.45937500e+00,-5.12500000e-02,-6.95312500e-02
-4.76880000e-07,1.25000000e-02,2.57187500e+00,-3.81250000e-02,-1.48437500e-01
-4.76560000e-07,3.75000000e-02,2.57187500e+00,-5.06250000e-02,-1.90625000e-01
-4.76240000e-07,1.00000000e-01,2.58437500e+00,-3.75000000e-03,-7.50000000e-02
-4.75920000e-07,-3.75000000e-02,2.72187500e+00,-4.37500000e-03,1.40625000e-02
-4.75600000e-07,5.00000000e-02,2.67187500e+00,-1.18750000e-02,-1.09375000e-02
-4.75280000e-07,1.75000000e-01,2.44687500e+00,-2.18750000e-02,-5.00000000e-02
-4.74960000e-07,1.50000000e-01,2.43437500e+00,8.12500000e-03,3.90625000e-03
-4.74640000e-07,2.50000000e-02,2.37187500e+00,-5.12500000e-02,-3.90625000e-03
-4.74320000e-07,1.25000000e-02,2.58437500e+00,-1.50000000e-02,-5.07812500e-02
-4.74000000e-07,6.25000000e-02,2.58437500e+00,-2.25000000e-02,-5.46875000e-02
-4.73680000e-07,1.37500000e-01,2.59687500e+00,-3.87500000e-02,-4.68750000e-02
-4.73360000e-07,2.50000000e-02,2.33437500e+00,-2.18750000e-02,-6.25000000e-02
-4.73040000e-07,2.50000000e-02,2.44687500e+00,1.00000000e-02,2.73437500e-02
-4.72720000e-07,7.50000000e-02,2.70937500e+00,-3.37500000e-02,1.17187500e-02
-4.72400000e-07,1.25000000e-02,2.50937500e+00,-2.81250000e-02,-2.57812500e-02
-4.72080000e-07,7.50000000e-02,2.47187500e+00,-1.75000000e-02,-5.70312500e-02
-4.71760000e-07,1.37500000e-01,2.60937500e+00,-3.81250000e-02,-1.10156250e-01
-4.71440000e-07,-2.50000000e-02,2.63437500e+00,-3.81250000e-02,-1.79687500e-01
-4.71120000e-07,6.25000000e-02,2.64687500e+00,-3.25000000e-02,-1.00781250e-01
-4.70800000e-07,2.50000000e-02,2.45937500e+00,-2.12500000e-02,7.03125000e-03
-4.70480000e-07,7.50000000e-02,2.58437500e+00,-1.62500000e-02,6.71875000e-02
-4.70160000e-07,1.00000000e-01,2.65937500e+00,-3.87500000e-02,-2.42187500e-02
-4.69840000e-07,7.50000000e-02,2.64687500e+00,-2.25000000e-02,-7.57812500e-02
-4.69520000e-07,-1.25000000e-02,2.40937500e+00,-2.62500000e-02,-3.67187500e-02
-4.69200000e-07,1.12500000e-01,2.69687500e+00,-8.75000000e-03,-6.79687500e-02
-4.68880000e-07,2.50000000e-02,2.48437500e+00,-8.75000000e-03,-1.01562500e-02
-4.68560000e-07,8.75000000e-02,2.59687500e+00,-4.37500000e-02,-2.50000000e-02
-4.68240000e-07,1.25000000e-01,2.52187500e+00,-4.56250000e-02,-7.50000000e-02
-4.67920000e-07,7.50000000e-02,2.58437500e+00,-2.00000000e-02,-6.48437500e-02
-4.67600000e-07,1.75000000e-01,2.58437500e+00,-5.06250000e-02,-5.15625000e-02
-4.67280000e-07,1.25000000e-02,2.49687500e+00,-8.75000000e-03,-6.32812500e-02
-4.66960000e-07,1.37500000e-01,2.40937500e+00,-2.62500000e-02,-3.28125000e-02
-4.66640000e-07,1.25000000e-01,2.52187500e+00,-2.18750000e-02,-7.65625000e-02
-4.66320000e-07,8.75000000e-02,2.45937500e+00,-1.00000000e-02,-7.50000000e-02
-4.66000000e-07,6.25000000e-02,2.60937500e+00,-2.18750000e-02,-2.65625000e-02
-4.65680000e-07,3.75000000e-02,2.54687500e+00,-4.37500000e-03,-3.59375000e-02
-4.65360000e-07,-3.75000000e-02,2.42187500e+00,-4.87500000e-02,-2.10937500e-02
-4.65040000e-07,-6.25000000e-02,2.50937500e+00,-3.31250000e-02,-3.75000000e-02
-4.64720000e-07,1.12500000e-01,2.48437500e+00,-2.25000000e-02,3.90625000e-03
-4.64400000e-07,5.00000000e-02,2.55937500e+00,-4.06250000e-02,-6.25000000e-03
-4.64080000e-07,-3.75000000e-02,2.59687500e+00,-2.18750000e-02,-9.60937500e-02
-4.63760000e-07,-5.00000000e-02,2.49687500e+00,-2.56250000e-02,-8.35937500e-02
-4.63440000e-07,2.37500000e-01,2.55937500e+00,-3.06250000e-02,-8.59375000e-02
-4.63120000e-07,2.50000000e-02,2.53437500e+00,-3.06250000e-02,-9.68750000e-02
-4.62800000e-07,-6.25000000e-02,2.55937500e+00,-3.87500000e-02,-6.32812500e-02
-4.62480000e-07,1.75000000e-01,2.45937500e+00,-4.56250000e-02,-1.00781250e-01
-4.62160000e-07,0.00000000e+00,2.62187500e+00,-2.12500000e-02,-6.56250000e-02
-4.61840000e-07,8.75000000e-02,2.42187500e+00,-1.18750000e-02,-2.65625000e-02
-4.61520000e-07,2.50000000e-01,2.59687500e+00,-3.62500000e-02,-5.15625000e-02
-4.61200000e-07,3.75000000e-02,2.48437500e+00,-3.06250000e-02,-2.10937500e-02
-4.60880000e-07,1.25000000e-01,2.57187500e+00,-1.43750000e-02,1.71875000e-02
-4.60560000e-07,1.75000000e-01,2.54687500e+00,-2.56250000e-02,-9.37500000e-03
-4.60240000e-07,7.50000000e-02,2.53437500e+00,-1.18750000e-02,-3.98437500e-02
-4.59920000e-07,2.50000000e-02,2.60937500e+00,-2.62500000e-02,-1.21093750e-01
-4.59600000e-07,1.37500000e-01,2.54687500e+00,-6.87500000e-03,-1.07031250e-01
-4.59280000e-07,8.75000000e-02,2.48437500e+00,-2.62500000e-02,-1.02343750e-01
-4.58960000e-07,-8.75000000e-02,2.59687500e+00,-3.31250000e-02,-7.73437500e-02
-4.58640000e-07,3.75000000e-02,2.47187500e+00,-1.75000000e-02,4.76562500e-02
-4.58320000e-07,7.50000000e-02,2.52187500e+00,-5.06250000e-02,4.37500000e-02
-4.58000000e-07,3.75000000e-02,2.57187500e+00,-1.87500000e-02,-4.37500000e-02
-4.57680000e-07,-1.00000000e-01,2.67187500e+00,-1.00000000e-02,1.56250000e-03
-4.57360000e-07,7.50000000e-02,2.42187500e+00,-5.62500000e-02,2.34375000e-03
-4.57040000e-07,1.62500000e-01,2.40937500e+00,-3.06250000e-02,-7.34375000e-02
-4.56720000e-07,1.25000000e-02,2.43437500e+00,-3.31250000e-02,-9.53125000e-02
-4.56400000e-07,1.25000000e-01,2.44687500e+00,-2.56250000e-02,-7.50000000e-02
-4.56080000e-07,8.75000000e-02,2.65937500e+00,-3.00000000e-02,-2.89062500e-02
-4.55760000e-07,3.75000000e-02,2.68437500e+00,-6.25000000e-03,3.90625000e-02
-4.55440000e-07,2.00000000e-01,2.44687500e+00,-6.25000000e-03,2.50000000e-02
-4.55120000e-07,-9.06250000e-02,2.63437500e+00,-2.62500000e-02,1.40625000e-02
-4.54800000e-07,-3.75000000e-02,2.57187500e+00,-4.87500000e-02,-4.68750000e-03
-4.54480000e-07,1.78125000e-01,2.49687500e+00,-3.31250000e-02,-3.90625000e-03
-4.54160000e-07,1.12500000e-01,2.59687500e+00,1.25000000e-03,-4.84375000e-02
-4.53840000e-07,1.37500000e-01,2.67187500e+00,-2.12500000e-02,-8.67187500e-02
-4.53520000e-07,1.12500000e-01,2.48437500e+00,-1.87500000e-03,-8.12500000e-02
-4.53200000e-07,1.00000000e-01,2.59687500e+00,-4.37500000e-03,-4.45312500e-02
-4.52880000e-07,1.25000000e-02,2.42187500e+00,6.25000000e-04,-1.17968750e-01
-4.52560000e-07,5.00000000e-02,2.45937500e+00,-2.18750000e-02,-6.17187500e-02
-4.52240000e-07,8.75000000e-02,2.60937500e+00,-2.87500000e-02,5.15625000e-02
-4.51920000e-07,1.25000000e-02,2.55937500e+00,-3.62500000e-02,-4.76562500e-02
-4.51600000e-07,5.00000000e-02,2.45937500e+00,-4.87500000e-02,-3.90625000e-03
-4.51280000e-07,6.25000000e-02,2.45937500e+00,-2.18750000e-02,1.17187500e-02
-4.50960000e-07,6.25000000e-02,2.52187500e+00,-4.62500000e-02,7.03125000e-03
-4.50640000e-07,2.50000000e-02,2.58437500e+00,-1.37500000e-02,-3.90625000e-02
-4.50320000e-07,0.00000000e+00,2.64687500e+00,5.62500000e-03,-1.35156250e-01
-4.50000000e-07,3.75000000e-02,2.58437500e+00,-1.18750000e-02,8.04687500e-02
-4.49680000e-07,5.00000000e-02,2.59687500e+00,-1.68750000e-02,9.92187500e-02
-4.49360000e-07,1.87500000e-01,2.54687500e+00,-1.75000000e-02,-4.37500000e-02
-4.49040000e-07,1.12500000e-01,2.48437500e+00,-3.12500000e-02,-3.59375000e-02
-4.48720000e-07,0.00000000e+00,2.63437500e+00,-2.50000000e-02,1.87500000e-02
-4.48400000e-07,1.12500000e-01,2.68437500e+00,3.75000000e-03,-1.56250000e-02
-4.48080000e-07,3.75000000e-02,2.55937500e+00,-1.18750000e-02,1.56250000e-02
-4.47760000e-07,3.75000000e-02,2.48437500e+00,-4.37500000e-02,6.25000000e-02
-4.47440000e-07,-2.50000000e-02,2.59687500e+00,-3.56250000e-02,4.06250000e-02
-4.47120000e-07,3.75000000e-02,2.65937500e+00,-4.56250000e-02,5.93750000e-02
-4.46800000e-07,6.25000000e-02,2.54687500e+00,-1.68750000e-02,6.64062500e-02
-4.46480000e-07,-1.00000000e-01,2.57187500e+00,-5.06250000e-02,1.17187500e-02
-4.46160000e-07,1.00000000e-01,2.64687500e+00,6.25000000e-03,-1.12500000e-01
-4.45840000e-07,1.00000000e-01,2.55937500e+00,-3.81250000e-02,-1.17968750e-01
-4.45520000e-07,-2.50000000e-02,2.50937500e+00,-5.87500000e-02,-6.64062500e-02
-4.45200000e-07,5.00000000e-02,2.43437500e+00,3.12500000e-03,7.81250000e-04
-4.44880000e-07,-1.25000000e-02,2.70937500e+00,-1.87500000e-03,-1.25000000e-02
-4.44560000e-07,7.50000000e-02,2.63437500e+00,-2.56250000e-02,6.40625000e-02
-4.44240000e-07,3.75000000e-02,2.43437500e+00,-1.68750000e-02,5.00000000e-02
-4.43920000e-07,-5.00000000e-02,2.62187500e+00,-9.37500000e-03,-7.34375000e-02
-4.43600000e-07,0.00000000e+00,2.64687500e+00,-3.12500000e-02,8.59375000e-03
-4.43280000e-07,-1.25000000e-02,2.54687500e+00,-3.31250000e-02,1.40625000e-02
-4.42960000e-07,1.25000000e-01,2.44687500e+00,-1.93750000e-02,-6.95312500e-02
-4.42640000e-07,0.00000000e+00,2.52187500e+00,-4.37500000e-03,-5.39062500e-02
-4.42320000e-07,5.00000000e-02,2.67187500e+00,-3.31250000e-02,3.90625000e-02
-4.42000000e-07,2.37500000e-01,2.44687500e+00,-1.37500000e-02,7.81250000e-04
-4.41680000e-07,1.00000000e-01,2.52187500e+00,1.12500000e-02,-4.53125000e-02
-4.41360000e-07,6.25000000e-02,2.47187500e+00,-6.87500000e-03,-4.53125000e-02
-4.41040000e-07,1.25000000e-02,2.47187500e+00,-3.12500000e-02,-5.46875000e-02
-4.40720000e-07,-2.50000000e-02,2.45937500e+00,-4.37500000e-02,-5.78125000e-02
-4.40400000e-07,6.25000000e-02,2.57187500e+00,-3.31250000e-02,-5.78125000e-02
-4.40080000e-07,-5.00000000e-02,2.49687500e+00,-1.93750000e-02,-4.45312500e-02
-4.39760000e-07,-2.50000000e-02,2.70937500e+00,-1.87500000e-02,1.06250000e-01
-4.39440000e-07,1.50000000e-01,2.58437500e+00,-2.87500000e-02,9.14062500e-02
-4.39120000e-07,3.75000000e-02,2.53437500e+00,-5.37500000e-02,-2.96875000e-02
-4.38800000e-07,8.75000000e-02,2.52187500e+00,-1.18750000e-02,-1.09375000e-02
-4.38480000e-07,1.00000000e-01,2.73437500e+00,-2.62500000e-02,4.68750000e-03
-4.38160000e-07,1.00000000e-01,2.50937500e+00,-4.12500000e-02,-1.01562500e-02
-4.37840000e-07,5.00000000e-02,2.45937500e+00,-3.56250000e-02,2.03125000e-02
-4.37520000e-07,7.50000000e-02,2.52187500e+00,-3.75000000e-03,1.09375000e-02
-4.37200000e-07,6.25000000e-02,2.50937500e+00,-4.31250000e-02,-3.12500000e-02
-4.36880000e-07,-7.50000000e-02,2.69687500e+00,-3.87500000e-02,-1.95312500e-02
-4.36560000e-07,2.50000000e-02,2.63437500e+00,-2.25000000e-02,-8.51562500e-02
-4.36240000e-07,1.25000000e-02,2.47187500e+00,-3.62500000e-02,-2.57812500e-02
-4.35920000e-07,1.25000000e-01,2.38437500e+00,-3.25000000e-02,3.20312500e-02
-4.35600000e-07,1.00000000e-01,2.47187500e+00,1.25000000e-03,-3.35937500e-02
-4.35280000e-07,6.25000000e-02,2.72187500e+00,-3.31250000e-02,-5.93750000e-02
-4.34960000e-07,1.62500000e-01,2.50937500e+00,-4.62500000e-02,-2.65625000e-02
-4.34640000e-07,1.12500000e-01,2.69687500e+00,-2.18750000e-02,3.43750000e-02
-4.34320000e-07,1.37500000e-01,2.63437500e+00,-2.56250000e-02,0.00000000e+00
-4.34000000e-07,-2.50000000e-02,2.47187500e+00,-1.75000000e-02,2.81250000e-02
-4.33680000e-07,7.50000000e-02,2.45937500e+00,-2.87500000e-02,8.43750000e-02
-4.33360000e-07,-1.25000000e-02,2.52187500e+00,-2.75000000e-02,9.37500000e-03
-4.33040000e-07,1.25000000e-02,2.40937500e+00,3.75000000e-03,-7.42187500e-02
-4.32720000e-07,7.50000000e-02,2.59687500e+00,3.75000000e-03,-4.45312500e-02
-4.32400000e-07,5.00000000e-02,2.47187500e+00,-1.68750000e-02,-7.10937500e-02
-4.32080000e-07,1.25000000e-01,2.65937500e+00,-6.87500000e-03,-6.01562500e-02
-4.31760000e-07,2.25000000e-01,2.59687500e+00,-1.43750000e-02,-1.48437500e-02
-4.31440000e-07,1.25000000e-01,2.54687500e+00,-1.75000000e-02,-6.95312500e-02
-4.31120000e-07,2.12500000e-01,2.57187500e+00,-5.12500000e-02,-7.03125000e-02
-4.30800000e-07,7.50000000e-02,2.69687500e+00,-3.06250000e-02,-5.15625000e-02
-4.30480000e-07,-3.75000000e-02,2.57187500e+00,-8.75000000e-03,1.32812500e-02
-4.30160000e-07,8.75000000e-02,2.60937500e+00,-1.75000000e-02,6.32812500e-02
-4.29840000e-07,2.50000000e-02,2.52187500e+00,-2.81250000e-02,1.87500000e-02
-4.29520000e-07,1.12500000e-01,2.57187500e+00,-1.25000000e-03,-1.56250000e-03
-4.29200000e-07,1.00000000e-01,2.53437500e+00,-1.62500000e-02,7.03125000e-03
-4.28880000e-07,3.75000000e-02,2.62187500e+00,-2.18750000e-02,3.98437500e-02
-4.28560000e-07,6.25000000e-02,2.52187500e+00,-2.00000000e-02,3.28125000e-02
-4.28240000e-07,1.12500000e-01,2.50937500e+00,-4.12500000e-02,-1.64062500e-02
-4.27920000e-07,-2.50000000e-02,2.55937500e+00,-2.50000000e-02,-9.37500000e-03
-4.27600000e-07,0.00000000e+00,2.54687500e+00,-2.18750000e-02,3.98437500e-02
-4.27280000e-07,-2.50000000e-02,2.54687500e+00,-3.25000000e-02,3.43750000e-02
-4.26960000e-07,2.50000000e-02,2.64687500e+00,-3.06250000e-02,-7.34375000e-02
-4.26640000e-07,1.87500000e-01,2.48437500e+00,-5.81250000e-02,-1.81250000e-01
-4.26320000e-07,7.50000000e-02,2.55937500e+00,-2.00000000e-02,-8.04687500e-02
-4.26000000e-07,5.00000000e-02,2.48437500e+00,-5.87500000e-02,-1.56250000e-02
-4.25680000e-07,3.75000000e-02,2.54687500e+00,-1.43750000e-02,-1.95312500e-02
-4.25360000e-07,-2.50000000e-02,2.53437500e+00,-6.12500000e-02,-3.04687500e-02
-4.25040000e-07,-3.75000000e-02,2.64687500e+00,-3.56250000e-02,-5.93750000e-02
-4.24720000e-07,1.25000000e-02,2.59687500e+00,-1.62500000e-02,-1.17187500e-02
-4.24400000e-07,-2.50000000e-02,2.72187500e+00,-1.43750000e-02,-6.32812500e-02
-4.24080000e-07,-2.50000000e-02,2.49687500e+00,-4.12500000e-02,-8.12500000e-02
-4.23760000e-07,1.87500000e-01,2.47187500e+00,-4.62500000e-02,-8.04687500e-02
-4.23440000e-07,2.50000000e-02,2.45937500e+00,-2.00000000e-02,-5.54687500e-02
-4.23120000e-07,8.75000000e-02,2.55937500e+00,-2.87500000e-02,-2.03125000e-02
-4.22800000e-07,1.25000000e-01,2.48437500e+00,-3.75000000e-02,-9.92187500e-02
-4.22480000e-07,6.25000000e-02,2.64687500e+00,-8.75000000e-03,-1.52343750e-01
-4.22160000e-07,-1.25000000e-02,2.54687500e+00,-2.81250000e-02,-9.29687500e-02
-4.21840000e-07,1.00000000e-01,2.52187500e+00,-3.56250000e-02,-8.82812500e-02
-4.21520000e-07,1.00000000e-01,2.57187500e+00,-2.87500000e-02,-3.67187500e-02
-4.21200000e-07,0.00000000e+00,2.63437500e+00,-2.75000000e-02,1.95312500e-02
-4.20880000e-07,1.25000000e-02,2.43437500e+00,-9.37500000e-03,-9.14062500e-02
-4.20560000e-07,1.50000000e-01,2.60937500e+00,-3.06250000e-02,-2.14843750e-01
-4.20240000e-07,-1.25000000e-02,2.55937500e+00,-2.87500000e-02,-1.46875000e-01
-4.19920000e-07,6.25000000e-02,2.69687500e+00,-3.87500000e-02,-7.81250000e-02
-4.19600000e-07,1.25000000e-02,2.59687500e+00,-3.25000000e-02,-1.56250000e-03
-4.19280000e-07,3.75000000e-02,2.68437500e+00,-8.75000000e-03,7.03125000e-02
-4.18960000e-07,1.00000000e-01,2.62187500e+00,-3.50000000e-02,-2.96875000e-02
-4.18640000e-07,1.00000000e-01,2.58437500e+00,-1.00000000e-02,-9.53125000e-02
-4.18320000e-07,1.12500000e-01,2.45937500e+00,-4.37500000e-02,-3.75000000e-02
-4.18000000e-07,-1.25000000e-02,2.70937500e+00,-1.62500000e-02,-7.50000000e-02
-4.17680000e-07,1.50000000e-01,2.53437500e+00,-1.18750000e-02,-1.19531250e-01
-4.17360000e-07,1.00000000e-01,2.48437500e+00,-1.93750000e-02,-1.03906250e-01
-4.17040000e-07,1.25000000e-02,2.40937500e+00,-3.12500000e-02,-1.12500000e-01
-4.16720000e-07,-5.00000000e-02,2.57187500e+00,-3.31250000e-02,-1.28906250e-01
-4.16400000e-07,6.25000000e-02,2.57187500e+00,-4.12500000e-02,-6.95312500e-02
-4.16080000e-07,8.75000000e-02,2.49687500e+00,-4.81250000e-02,-6.32812500e-02
-4.15760000e-07,5.00000000e-02,2.57187500e+00,-3.87500000e-02,-6.64062500e-02
-4.15440000e-07,2.37500000e-01,2.49687500e+00,-4.31250000e-02,-6.01562500e-02
-4.15120000e-07,0.00000000e+00,2.40937500e+00,-3.75000000e-02,-5.85937500e-02
-4.14800000e-07,3.75000000e-02,2.68437500e+00,-1.12500000e-02,-1.56250000e-03
-4.14480000e-07,1.50000000e-01,2.44687500e+00,-2.18750000e-02,4.68750000e-03
-4.14160000e-07,2.12500000e-01,2.49687500e+00,-3.12500000e-02,-1.71875000e-02
-4.13840000e-07,3.75000000e-02,2.58437500e+00,-5.31250000e-02,1.79687500e-02
-4.13520000e-07,2.50000000e-02,2.38437500e+00,-3.00000000e-02,-1.95312500e-02
-4.13200000e-07,1.87500000e-01,2.48437500e+00,-6.25000000e-03,-7.03125000e-02
-4.12880000e-07,6.25000000e-02,2.59687500e+00,-1.93750000e-02,-2.34375000e-02
-4.12560000e-07,-2.50000000e-02,2.40937500e+00,-3.62500000e-02,7.03125000e-03
-4.12240000e-07,2.50000000e-02,2.53437500e+00,-3.81250000e-02,-1.56250000e-02
-4.11920000e-07,6.25000000e-02,2.35937500e+00,-1.12500000e-02,-3.12500000e-02
-4.11600000e-07,1.00000000e-01,2.53437500e+00,-2.56250000e-02,-2.73437500e-02
-4.11280000e-07,1.50000000e-01,2.64687500e+00,-3.12500000e-02,-3.12500000e-03
-4.10960000e-07,1.62500000e-01,2.50937500e+00,-9.37500000e-03,-8.20312500e-02
-4.10640000e-07,1.75000000e-01,2.54687500e+00,-2.87500000e-02,-1.32812500e-01
-4.10320000e-07,1.87500000e-01,2.52187500e+00,5.62500000e-03,-8.12500000e-02
-4.10000000e-07,-1.12500000e-01,2.57187500e+00,-3.56250000e-02,-3.28125000e-02
-4.09680000e-07,6.25000000e-02,2.70937500e+00,-6.87500000e-03,4.21875000e-02
-4.09360000e-07,1.50000000e-01,2.48437500e+00,-1.75000000e-02,7.50000000e-02
-4.09040000e-07,1.37500000e-01,2.47187500e+00,-3.37500000e-02,3.75000000e-02
-4.08720000e-07,1.25000000e-01,2.60937500e+00,-3.25000000e-02,-3.90625000e-02
-4.08400000e-07,6.25000000e-02,2.42187500e+00,-1.68750000e-02,-6.64062500e-02
-4.08080000e-07,1.12500000e-01,2.53437500e+00,-6.31250000e-02,-8.67187500e-02
-4.07760000e-07,1.37500000e-01,2.53437500e+00,-2.75000000e-02,-5.31250000e-02
-4.07440000e-07,7.50000000e-02,2.55937500e+00,-4.06250000e-02,-2.57812500e-02
-4.07120000e-07,3.75000000e-02,2.54687500e+00,-6.06250000e-02,-1.48437500e-02
-4.06800000e-07,0.00000000e+00,2.52187500e+00,-3.06250000e-02,-2.89062500e-02
-4.06480000e-07,-8.75000000e-02,2.62187500e+00,1.12500000e-02,0.00000000e+00
-4.06160000e-07,1.12500000e-01,2.53437500e+00,-2.81250000e-02,-2.34375000e-02
-4.05840000e-07,-1.25000000e-02,2.60937500e+00,-6.12500000e-02,3.75000000e-02
-4.05520000e-07,7.50000000e-02,2.45937500e+00,-4.12500000e-02,-2.34375000e-03
-4.05200000e-07,1.00000000e-01,2.55937500e+00,-5.56250000e-02,-5.23437500e-02
-4.04880000e-07,1.12500000e-01,2.49687500e+00,-8.75000000e-03,-3.75000000e-02
-4.04560000e-07,5.00000000e-02,2.55937500e+00,-2.50000000e-03,-7.03125000e-03
-4.04240000e-07,1.62500000e-01,2.42187500e+00,-4.37500000e-02,-2.81250000e-02
-4.03920000e-07,7.50000000e-02,2.54687500e+00,-8.75000000e-03,-2.50000000e-02
-4.03600000e-07,5.00000000e-02,2.50937500e+00,-2.81250000e-02,2.57812500e-02
-4.03280000e-07,1.37500000e-01,2.62187500e+00,-9.37500000e-03,-1.32812500e-02
-4.02960000e-07,2.50000000e-02,2.50937500e+00,-4.12500000e-02,-3.28125000e-02
-4.02640000e-07,1.25000000e-01,2.54687500e+00,-3.37500000e-02,-6.87500000e-02
-4.02320000e-07,1.62500000e-01,2.49687500e+00,-4.62500000e-02,3.12500000e-03
-4.02000000e-07,1.12500000e-01,2.63437500e+00,-4.81250000e-02,-7.18750000e-02
-4.01680000e-07,1.00000000e-01,2.52187500e+00,-1.18750000e-02,-3.90625000e-03
-4.01360000e-07,2.50000000e-02,2.57187500e+00,-3.56250000e-02,8.90625000e-02
-4.01040000e-07,-7.81250000e-02,2.48437500e+00,3.75000000e-03,7.81250000e-02
-4.00720000e-07,-8.75000000e-02,2.60937500e+00,-3.06250000e-02,1.56250000e-02
-4.00400000e-07,1.53125000e-01,2.44687500e+00,-4.37500000e-02,-3.35937500e-02
-4.00080000e-07,1.25000000e-01,2.58437500e+00,-2.62500000e-02,-6.95312500e-02
-3.99760000e-07,2.00000000e-01,2.53437500e+00,-5.06250000e-02,-3.67187500e-02
-3.99440000e-07,1.00000000e-01,2.50937500e+00,-1.12500000e-02,-6.56250000e-02
-3.99120000e-07,1.37500000e-01,2.49687500e+00,-1.68750000e-02,-1.25000000e-02
-3.98800000e-07,-1.25000000e-02,2.69687500e+00,-1.18750000e-02,6.09375000e-02
-3.98480000e-07,-3.75000000e-02,2.68437500e+00,-2.87500000e-02,1.56250000e-02
-3.98160000e-07,-2.50000000e-02,2.60937500e+00,-2.81250000e-02,-2.81250000e-02
-3.97840000e-07,5.00000000e-02,2.52187500e+00,-2.25000000e-02,-6.87500000e-02
-3.97520000e-07,8.75000000e-02,2.50937500e+00,-2.18750000e-02,1.01562500e-02
-3.97200000e-07,-2.50000000e-02,2.54687500e+00,-4.87500000e-02,3.12500000e-03
-3.96880000e-07,6.25000000e-02,2.59687500e+00,-4.81250000e-02,5.85937500e-02
-3.96560000e-07,-7.50000000e-02,2.63437500e+00,-4.56250000e-02,1.64062500e-02
-3.96240000e-07,-1.25000000e-02,2.53437500e+00,-3.31250000e-02,-4.76562500e-02
-3.95920000e-07,8.75000000e-02,2.59687500e+00,-4.81250000e-02,-4.53125000e-02
-3.95600000e-07,2.50000000e-02,2.52187500e+00,-1.87500000e-02,-5.31250000e-02
-3.95280000e-07,7.50000000e-02,2.43437500e+00,-3.12500000e-02,-7.96875000e-02
-3.94960000e-07,-5.00000000e-02,2.60937500e+00,-3.87500000e-02,-1.10937500e-01
-3.94640000e-07,-7.50000000e-02,2.57187500e+00,-3.06250000e-02,-1.01562500e-02
-3.94320000e-07,7.50000000e-02,2.57187500e+00,-1.43750000e-02,4.53125000e-02
-3.94000000e-07,-1.25000000e-02,2.54687500e+00,-4.56250000e-02,5.70312500e-02
-3.93680000e-07,-1.25000000e-02,2.67187500e+00,-8.75000000e-03,7.81250000e-02
-3.93360000e-07,1.62500000e-01,2.58437500e+00,-2.87500000e-02,2.26562500e-02
-3.93040000e-07,1.50000000e-01,2.54687500e+00,-3.12500000e-02,-3.90625000e-02
-3.92720000e-07,3.75000000e-02,2.54687500e+00,-3.87500000e-02,-5.54687500e-02
-3.92400000e-07,-1.40625000e-01,2.49687500e+00,-1.25000000e-03,-1.71875000e-02
-3.92080000e-07,5.31250000e-02,2.47187500e+00,-1.75000000e-02,-3.82812500e-02
-3.91760000e-07,-1.25000000e-02,2.59687500e+00,-3.37500000e-02,-5.39062500e-02
-3.91440000e-07,2.50000000e-02,2.59687500e+00,-2.81250000e-02,-1.17187500e-02
-3.91120000e-07,1.00000000e-01,2.54687500e+00,-3.31250000e-02,5.46875000e-03
-3.90800000e-07,-7.50000000e-02,2.57187500e+00,-3.56250000e-02,-7.18750000e-02
-3.90480000e-07,1.00000000e-01,2.57187500e+00,-1.68750000e-02,5.46875000e-03
-3.90160000e-07,6.25000000e-02,2.40937500e+00,-4.12500000e-02,6.32812500e-02
-3.89840000e-07,0.00000000e+00,2.49687500e+00,-3.81250000e-02,8.67187500e-02
-3.89520000e-07,3.75000000e-02,2.45937500e+00,-2.50000000e-02,8.82812500e-02
-3.89200000e-07,1.50000000e-01,2.63437500e+00,-1.37500000e-02,4.37500000e-02
-3.88880000e-07,7.50000000e-02,2.57187500e+00,-2.18750000e-02,-2.03125000e-02
-3.88560000e-07,-5.00000000e-02,2.50937500e+00,-4.87500000e-02,-4.68750000e-03
-3.88240000e-07,2.25000000e-01,2.60937500e+00,-2.56250000e-02,-4.14062500e-02
-3.87920000e-07,1.50000000e-01,2.60937500e+00,-3.31250000e-02,-7.73437500e-02
-3.87600000e-07,2.50000000e-02,2.45937500e+00,-4.81250000e-02,-4.84375000e-02
-3.87280000e-07,7.50000000e-02,2.55937500e+00,-1.62500000e-02,-8.04687500e-02
-3.86960000e-07,7.50000000e-02,2.40937500e+00,-1.25000000e-02,-7.42187500e-02
-3.86640000e-07,-2.50000000e-02,2.49687500e+00,-5.12500000e-02,1.56250000e-03
-3.86320000e-07,1.25000000e-02,2.54687500e+00,-3.25000000e-02,2.10937500e-02
-3.86000000e-07,1.87500000e-01,2.58437500e+00,-1.12500000e-02,2.10937500e-02
-3.85680000e-07,1.25000000e-02,2.65937500e+00,-4.06250000e-02,-1.79687500e-02
-3.85360000e-07,-2.50000000e-02,2.54687500e+00,-1.18750000e-02,-7.03125000e-03
-3.85040000e-07,7.50000000e-02,2.50937500e+00,-3.62500000e-02,5.46875000e-02
-3.84720000e-07,0.00000000e+00,2.65937500e+00,1.81250000e-02,-1.79687500e-02
-3.84400000e-07,-5.00000000e-02,2.50937500e+00,-2.87500000e-02,-5.31250000e-02
-3.84080000e-07,1.25000000e-02,2.62187500e+00,-4.37500000e-02,2.10937500e-02
-3.83760000e-07,-1.25000000e-02,2.43437500e+00,-4.12500000e-02,-4.84375000e-02
-3.83440000e-07,5.00000000e-02,2.57187500e+00,-2.56250000e-02,-8.43750000e-02
-3.83120000e-07,1.37500000e-01,2.57187500e+00,-3.31250000e-02,5.46875000e-03
-3.82800000e-07,8.75000000e-02,2.45937500e+00,-2.18750000e-02,1.27343750e-01
-3.82480000e-07,1.25000000e-02,2.59687500e+00,-2.81250000e-02,5.39062500e-02
-3.82160000e-07,1.12500000e-01,2.69687500e+00,-8.75000000e-03,2.34375000e-02
-3.81840000e-07,0.00000000e+00,2.54687500e+00,-1.93750000e-02,1.32812500e-02
-3.81520000e-07,-2.50000000e-02,2.78437500e+00,-3.56250000e-02,2.42187500e-02
-3.81200000e-07,1.25000000e-01,2.59687500e+00,-1.68750000e-02,3.35937500e-02
-3.80880000e-07,1.50000000e-01,2.58437500e+00,-3.50000000e-02,6.09375000e-02
-3.80560000e-07,1.25000000e-01,2.68437500e+00,-1.93750000e-02,2.65625000e-02
-3.80240000e-07,1.00000000e-01,2.54687500e+00,-2.18750000e-02,-2.18750000e-02
-3.79920000e-07,5.00000000e-02,2.57187500e+00,-3.06250000e-02,-2.26562500e-02
-3.79600000e-07,1.00000000e-01,2.65937500e+00,-1.25000000e-03,5.07812500e-02
-3.79280000e-07,1.12500000e-01,2.53437500e+00,-1.25000000e-03,7.26562500e-02
-3.78960000e-07,1.87500000e-01,2.55937500e+00,-1.18750000e-02,-2.03125000e-02
-3.78640000e-07,7.50000000e-02,2.45937500e+00,-4.12500000e-02,-4.29687500e-02
-3.78320000e-07,5.00000000e-02,2.64687500e+00,-2.81250000e-02,-1.56250000e-03
-3.78000000e-07,1.37500000e-01,2.63437500e+00,-1.50000000e-02,-2.81250000e-02
-3.77680000e-07,1.12500000e-01,2.49687500e+00,-3.00000000e-02,-3.12500000e-02
-3.77360000e-07,1.12500000e-01,2.40937500e+00,-1.37500000e-02,2.10937500e-02
-3.77040000e-07,1.25000000e-02,2.58437500e+00,-3.81250000e-02,9.60937500e-02
-3.76720000e-07,-7.50000000e-02,2.48437500e+00,-3.37500000e-02,5.54687500e-02
-3.76400000e-07,1.50000000e-01,2.60937500e+00,-3.87500000e-02,1.95312500e-02
-3.76080000e-07,0.00000000e+00,2.50937500e+00,-2.50000000e-02,2.42187500e-02
-3.75760000e-07,0.00000000e+00,2.52187500e+00,-6.25000000e-03,-1.71875000e-02
-3.75440000e-07,1.62500000e-01,2.75937500e+00,-1.12500000e-02,-7.50000000e-02
-3.75120000e-07,6.25000000e-02,2.63437500e+00,8.12500000e-03,1.71875000e-02
-3.74800000e-07,1.62500000e-01,2.44687500e+00,-2.18750000e-02,-1.64062500e-02
-3.74480000e-07,8.75000000e-02,2.45937500e+00,-4.37500000e-03,-2.50000000e-02
-3.74160000e-07,1.25000000e-02,2.48437500e+00,-2.00000000e-02,4.45312500e-02
-3.73840000e-07,1.37500000e-01,2.64687500e+00,-3.87500000e-02,-7.81250000e-04
-3.73520000e-07,0.00000000e+00,2.60937500e+00,-4.25000000e-02,6.25000000e-02
-3.73200000e-07,1.00000000e-01,2.57187500e+00,-1.68750000e-02,1.17187500e-01
-3.72880000e-07,2.62500000e-01,2.62187500e+00,-4.31250000e-02,6.25000000e-03
-3.72560000e-07,7.50000000e-02,2.73437500e+00,-2.12500000e-02,-5.46875000e-02
-3.72240000e-07,2.25000000e-01,2.55937500e+00,-9.37500000e-03,-3.90625000e-02
-3.71920000e-07,-2.50000000e-02,2.53437500e+00,3.12500000e-03,1.79687500e-02
-3.71600000e-07,-2.50000000e-02,2.58437500e+00,-3.37500000e-02,5.54687500e-02
-3.71280000e-07,1.50000000e-01,2.63437500e+00,-1.93750000e-02,4.06250000e-02
-3.70960000e-07,1.37500000e-01,2.45937500e+00,-1.25000000e-02,1.64062500e-02
-3.70640000e-07,6.25000000e-02,2.57187500e+00,-1.68750000e-02,-1.09375000e-02
-3.70320000e-07,1.12500000e-01,2.53437500e+00,8.12500000e-03,-6.87500000e-02
-3.70000000e-07,1.75000000e-01,2.58437500e+00,-9.37500000e-03,-7.81250000e-04
-3.69680000e-07,7.50000000e-02,2.55937500e+00,-2.62500000e-02,2.34375000e-02
-3.69360000e-07,-2.50000000e-02,2.50937500e+00,-6.87500000e-03,-7.10937500e-02
-3.69040000e-07,1.25000000e-01,2.55937500e+00,-3.68750000e-02,-5.00000000e-02
-3.68720000e-07,1.50000000e-01,2.70937500e+00,-4.12500000e-02,1.79687500e-02
-3.68400000e-07,7.50000000e-02,2.60937500e+00,-4.87500000e-02,-3.59375000e-02
-3.68080000e-07,6.25000000e-02,2.68437500e+00,-3.06250000e-02,-2.34375000e-02
-3.67760000e-07,1.50000000e-01,2.54687500e+00,-5.06250000e-02,-1.56250000e-03
-3.67440000e-07,1.37500000e-01,2.58437500e+00,1.25000000e-03,-9.37500000e-03
-3.67120000e-07,5.00000000e-02,2.58437500e+00,-3.62500000e-02,-7.42187500e-02
-3.66800000e-07,1.00000000e-01,2.58437500e+00,-6.87500000e-03,-9.06250000e-02
-3.66480000e-07,3.75000000e-02,2.58437500e+00,-1.00000000e-02,-4.84375000e-02
-3.66160000e-07,6.25000000e-02,2.64687500e+00,0.00000000e+00,-4.14062500e-02
-3.65840000e-07,1.00000000e-01,2.48437500e+00,-3.87500000e-02,-8.12500000e-02
-3.65520000e-07,0.00000000e+00,2.52187500e+00,-1.87500000e-02,-7.89062500e-02
-3.65200000e-07,1.25000000e-02,2.50937500e+00,-1.68750000e-02,-5.62500000e-02
-3.64880000e-07,5.00000000e-02,2.52187500e+00,-9.37500000e-03,3.12500000e-03
-3.64560000e-07,1.00000000e-01,2.44687500e+00,-3.37500000e-02,-2.34375000e-03
-3.64240000e-07,1.62500000e-01,2.50937500e+00,-9.37500000e-03,-7.81250000e-02
-3.63920000e-07,7.50000000e-02,2.49687500e+00,-5.62500000e-03,-9.92187500e-02
-3.63600000e-07,8.75000000e-02,2.62187500e+00,-2.18750000e-02,-4.45312500e-02
-3.63280000e-07,8.75000000e-02,2.44687500e+00,6.25000000e-04,-5.00000000e-02
-3.62960000e-07,1.25000000e-02,2.64687500e+00,-2.81250000e-02,1.01562500e-02
-3.62640000e-07,1.37500000e-01,2.50937500e+00,-2.18750000e-02,0.00000000e+00
-3.62320000e-07,6.25000000e-02,2.59687500e+00,-1.25000000e-02,-7.89062500e-02
-3.62000000e-07,1.12500000e-01,2.47187500e+00,-3.06250000e-02,-1.87500000e-02
-3.61680000e-07,1.25000000e-02,2.47187500e+00,-1.18750000e-02,-1.30468750e-01
-3.61360000e-07,1.75000000e-01,2.63437500e+00,-4.31250000e-02,-1.28125000e-01
-3.61040000e-07,1.12500000e-01,2.58437500e+00,-9.37500000e-03,-8.59375000e-03
-3.60720000e-07,5.00000000e-02,2.52187500e+00,-4.12500000e-02,-5.46875000e-03
-3.60400000e-07,3.75000000e-02,2.65937500e+00,-2.75000000e-02,-5.78125000e-02
-3.60080000e-07,1.62500000e-01,2.64687500e+00,-3.06250000e-02,-3.59375000e-02
-3.59760000e-07,1.62500000e-01,2.63437500e+00,-3.25000000e-02,-2.81250000e-02
-3.59440000e-07,2.50000000e-02,2.60937500e+00,-4.37500000e-03,-4.84375000e-02
-3.59120000e-07,3.75000000e-02,2.67187500e+00,6.25000000e-04,-9.76562500e-02
-3.58800000e-07,5.00000000e-02,2.58437500e+00,-3.06250000e-02,-6.64062500e-02
-3.58480000e-07,2.50000000e-02,2.47187500e+00,-1.93750000e-02,-6.64062500e-02
-3.58160000e-07,5.00000000e-02,2.59687500e+00,-2.81250000e-02,-1.95312500e-02
-3.57840000e-07,3.75000000e-02,2.80937500e+00,-2.12500000e-02,-3.51562500e-02
-3.57520000e-07,2.62500000e-01,2.52187500e+00,-1.43750000e-02,-2.57812500e-02
-3.57200000e-07,6.25000000e-02,2.47187500e+00,-2.25000000e-02,-8.35937500e-02
-3.56880000e-07,-6.25000000e-02,2.50937500e+00,-4.37500000e-02,-1.19531250e-01
-3.56560000e-07,1.25000000e-01,2.64687500e+00,-2.75000000e-02,-3.75000000e-02
-3.56240000e-07,1.75000000e-01,2.64687500e+00,3.75000000e-03,-6.48437500e-02
-3.55920000e-07,6.25000000e-02,2.65937500e+00,-3.56250000e-02,-7.57812500e-02
-3.55600000e-07,8.75000000e-02,2.64687500e+00,-4.12500000e-02,4.68750000e-03
-3.55280000e-07,6.25000000e-02,2.68437500e+00,-4.12500000e-02,7.03125000e-03
-3.54960000e-07,1.75000000e-01,2.45937500e+00,-2.50000000e-02,3.28125000e-02
-3.54640000e-07,2.50000000e-02,2.49687500e+00,8.75000000e-03,3.12500000e-02
-3.54320000e-07,5.00000000e-02,2.62187500e+00,-6.25000000e-03,-1.79687500e-02
-3.54000000e-07,1.12500000e-01,2.78437500e+00,-2.62500000e-02,-9.45312500e-02
-3.53680000e-07,2.50000000e-02,2.57187500e+00,-1.68750000e-02,7.81250000e-03
-3.53360000e-07,1.25000000e-02,2.58437500e+00,-1.00000000e-02,5.46875000e-02
-3.53040000e-07,1.12500000e-01,2.44687500e+00,-1.50000000e-02,-3.04687500e-02
-3.52720000e-07,1.25000000e-01,2.72187500e+00,-1.93750000e-02,-2.26562500e-02
-3.52400000e-07,1.62500000e-01,2.62187500e+00,-3.06250000e-02,7.03125000e-02
-3.52080000e-07,1.37500000e-01,2.47187500e+00,-1.87500000e-03,5.31250000e-02
-3.51760000e-07,-1.25000000e-02,2.47187500e+00,-4.37500000e-03,0.00000000e+00
-3.51440000e-07,-1.25000000e-02,2.57187500e+00,3.12500000e-03,-4.76562500e-02
-3.51120000e-07,6.25000000e-02,2.32187500e+00,-4.37500000e-02,-3.43750000e-02
-3.50800000e-07,5.00000000e-02,2.54687500e+00,-4.62500000e-02,0.00000000e+00
-3.50480000e-07,6.25000000e-02,2.55937500e+00,-1.18750000e-02,-6.25000000e-03
-3.50160000e-07,1.25000000e-01,2.52187500e+00,-3.12500000e-02,-1.64062500e-02
-3.49840000e-07,8.75000000e-02,2.63437500e+00,-3.87500000e-02,-1.02343750e-01
-3.49520000e-07,6.25000000e-02,2.50937500e+00,-2.18750000e-02,-3.75000000e-02
-3.49200000e-07,6.25000000e-02,2.50937500e+00,-1.18750000e-02,4.53125000e-02
-3.48880000e-07,8.75000000e-02,2.60937500e+00,-2.25000000e-02,-2.03125000e-02
-3.48560000e-07,-1.25000000e-02,2.52187500e+00,-2.87500000e-02,-5.15625000e-02
-3.48240000e-07,-5.00000000e-02,2.62187500e+00,-4.06250000e-02,1.09375000e-02
-3.47920000e-07,-2.50000000e-02,2.60937500e+00,-4.81250000e-02,-2.18750000e-02
-3.47600000e-07,2.50000000e-02,2.64687500e+00,-1.12500000e-02,3.12500000e-03
-3.47280000e-07,8.75000000e-02,2.60937500e+00,-3.87500000e-02,5.46875000e-03
-3.46960000e-07,1.75000000e-01,2.49687500e+00,-4.37500000e-02,-5.00000000e-02
-3.46640000e-07,5.00000000e-02,2.49687500e+00,-1.18750000e-02,-5.31250000e-02
-3.46320000e-07,5.00000000e-02,2.55937500e+00,-1.93750000e-02,-5.70312500e-02
-3.46000000e-07,-5.00000000e-02,2.60937500e+00,-4.37500000e-03,6.25000000e-03
-3.45680000e-07,1.25000000e-01,2.55937500e+00,-3.06250000e-02,5.46875000e-02
-3.45360000e-07,2.25000000e-01,2.50937500e+00,3.12500000e-03,3.75000000e-02
-3.45040000e-07,5.00000000e-02,2.72187500e+00,-2.25000000e-02,-3.98437500e-02
-3.44720000e-07,2.50000000e-02,2.57187500e+00,-3.06250000e-02,5.46875000e-03
-3.44400000e-07,1.12500000e-01,2.55937500e+00,-1.68750000e-02,6.25000000e-03
-3.44080000e-07,2.12500000e-01,2.58437500e+00,-4.81250000e-02,9.37500000e-03
-3.43760000e-07,6.25000000e-02,2.63437500e+00,-1.37500000e-02,5.46875000e-03
-3.43440000e-07,7.50000000e-02,2.59687500e+00,-2.00000000e-02,7.03125000e-02
-3.43120000e-07,1.25000000e-01,2.60937500e+00,-3.37500000e-02,2.18750000e-02
-3.42800000e-07,7.50000000e-02,2.54687500e+00,-2.75000000e-02,-5.31250000e-02
-3.42480000e-07,7.50000000e-02,2.59687500e+00,-1.12500000e-02,-5.78125000e-02
-3.42160000e-07,5.00000000e-02,2.52187500e+00,-1.18750000e-02,-4.37500000e-02
-3.41840000e-07,1.25000000e-02,2.70937500e+00,-4.62500000e-02,-3.98437500e-02
-3.41520000e-07,1.00000000e-01,2.52187500e+00,-1.12500000e-02,-7.50000000e-02
-3.41200000e-07,2.00000000e-01,2.54687500e+00,1.31250000e-02,-5.54687500e-02
-3.40880000e-07,1.25000000e-01,2.63437500e+00,-2.00000000e-02,-2.18750000e-02
-3.40560000e-07,2.50000000e-01,2.59687500e+00,-2.18750000e-02,-1.87500000e-02
-3.40240000e-07,1.75000000e-01,2.50937500e+00,-6.87500000e-03,-5.07812500e-02
-3.39920000e-07,1.12500000e-01,2.62187500e+00,-2.56250000e-02,-1.01562500e-01
-3.39600000e-07,1.50000000e-01,2.58437500e+00,-2.18750000e-02,-9.21875000e-02
-3.39280000e-07,8.75000000e-02,2.58437500e+00,5.00000000e-03,-8.98437500e-02
-3.38960000e-07,1.75000000e-01,2.52187500e+00,-4.62500000e-02,-8.51562500e-02
-3.38640000e-07,1.50000000e-01,2.59687500e+00,-2.50000000e-02,-1.34375000e-01
-3.38320000e-07,2.12500000e-01,2.57187500e+00,-1.37500000e-02,-2.18750000e-02
-3.38000000e-07,8.75000000e-02,2.50937500e+00,-1.87500000e-02,6.40625000e-02
-3.37680000e-07,1.00000000e-01,2.52187500e+00,1.31250000e-02,8.12500000e-02
-3.37360000e-07,1.62500000e-01,2.69687500e+00,-6.87500000e-03,8.67187500e-02
-3.37040000e-07,0.00000000e+00,2.48437500e+00,-3.06250000e-02,5.23437500e-02
-3.36720000e-07,1.25000000e-02,2.60937500e+00,6.25000000e-04,-1.56250000e-03
-3.36400000e-07,3.75000000e-02,2.57187500e+00,-3.06250000e-02,-2.18750000e-02
-3.36080000e-07,1.62500000e-01,2.49687500e+00,-4.37500000e-03,-1.32812500e-02
-3.35760000e-07,0.00000000e+00,2.64687500e+00,-1.18750000e-02,-3.43750000e-02
-3.35440000e-07,1.12500000e-01,2.60937500e+00,-3.37500000e-02,-4.53125000e-02
-3.35120000e-07,1.00000000e-01,2.52187500e+00,-4.12500000e-02,-5.85937500e-02
-3.34800000e-07,8.75000000e-02,2.55937500e+00,-3.37500000e-02,-1.17187500e-02
-3.34480000e-07,-5.00000000e-02,2.42187500e+00,-3.31250000e-02,-2.03125000e-02
-3.34160000e-07,1.87500000e-01,2.52187500e+00,-1.37500000e-02,-6.95312500e-02
-3.33840000e-07,5.00000000e-02,2.50937500e+00,-1.93750000e-02,-6.25000000e-02
-3.33520000e-07,1.00000000e-01,2.57187500e+00,-4.37500000e-02,-4.92187500e-02
-3.33200000e-07,8.75000000e-02,2.50937500e+00,-2.56250000e-02,-8.51562500e-02
-3.32880000e-07,1.62500000e-01,2.50937500e+00,-1.00000000e-02,-3.43750000e-02
-3.32560000e-07,1.75000000e-01,2.55937500e+00,-3.56250000e-02,3.67187500e-02
-3.32240000e-07,1.12500000e-01,2.69687500e+00,-1.12500000e-02,6.64062500e-02
-3.31920000e-07,7.50000000e-02,2.63437500e+00,-2.81250000e-02,9.37500000e-03
-3.31600000e-07,1.75000000e-01,2.59687500e+00,6.25000000e-04,-5.00000000e-02
-3.31280000e-07,1.50000000e-01,2.52187500e+00,-3.12500000e-02,-3.04687500e-02
-3.30960000e-07,1.00000000e-01,2.58437500e+00,-2.25000000e-02,-7.26562500e-02
-3.30640000e-07,0.00000000e+00,2.44687500e+00,-3.18750000e-02,-4.92187500e-02
-3.30320000e-07,7.50000000e-02,2.63437500e+00,-2.18750000e-02,-3.90625000e-03
-3.30000000e-07,6.25000000e-02,2.54687500e+00,-2.62500000e-02,-5.00000000e-02
-3.29680000e-07,8.75000000e-02,2.55937500e+00,-3.56250000e-02,1.95312500e-02
-3.29360000e-07,1.37500000e-01,2.52187500e+00,-3.56250000e-02,5.15625000e-02
-3.29040000e-07,1.00000000e-01,2.47187500e+00,-2.56250000e-02,-3.51562500e-02
-3.28720000e-07,5.00000000e-02,2.52187500e+00,-3.25000000e-02,-7.34375000e-02
-3.28400000e-07,7.50000000e-02,2.65937500e+00,1.25000000e-03,-1.39843750e-01
-3.28080000e-07,7.50000000e-02,2.60937500e+00,-2.18750000e-02,-9.06250000e-02
-3.27760000e-07,1.00000000e-01,2.58437500e+00,-3.87500000e-02,-2.89062500e-02
-3.27440000e-07,1.75000000e-01,2.53437500e+00,-3.75000000e-02,-7.81250000e-03
-3.27120000e-07,6.25000000e-02,2.67187500e+00,-6.25000000e-03,6.48437500e-02
-3.26800000e-07,5.00000000e-02,2.59687500e+00,-1.68750000e-02,6.48437500e-02
-3.26480000e-07,6.25000000e-02,2.60937500e+00,-4.37500000e-02,-3.35937500e-02
-3.26160000e-07,7.50000000e-02,2.49687500e+00,-3.00000000e-02,-1.32031250e-01
-3.25840000e-07,0.00000000e+00,2.74687500e+00,-2.18750000e-02,-1.04687500e-01
-3.25520000e-07,-1.25000000e-02,2.49687500e+00,-4.31250000e-02,7.81250000e-03
-3.25200000e-07,1.25000000e-02,2.55937500e+00,-4.06250000e-02,2.26562500e-02
-3.24880000e-07,1.12500000e-01,2.50937500e+00,-8.75000000e-03,-1.09375000e-02
-3.24560000e-07,1.00000000e-01,2.50937500e+00,6.25000000e-04,4.14062500e-02
-3.24240000e-07,6.25000000e-02,2.67187500e+00,-2.87500000e-02,6.32812500e-02
-3.23920000e-07,1.25000000e-01,2.53437500e+00,-4.12500000e-02,-5.70312500e-02
-3.23600000e-07,0.00000000e+00,2.54687500e+00,-3.31250000e-02,-9.14062500e-02
-3.23280000e-07,8.75000000e-02,2.58437500e+00,-3.06250000e-02,-6.09375000e-02
-3.22960000e-07,5.00000000e-02,2.62187500e+00,-3.25000000e-02,-1.01562500e-01
-3.22640000e-07,8.75000000e-02,2.59687500e+00,-4.37500000e-03,-9.14062500e-02
-3.22320000e-07,2.12500000e-01,2.43437500e+00,-2.56250000e-02,8.82812500e-02
-3.22000000e-07,3.75000000e-02,2.48437500e+00,-4.62500000e-02,1.20312500e-01
-3.21680000e-07,1.12500000e-01,2.52187500e+00,-2.87500000e-02,2.03125000e-02
-3.21360000e-07,1.00000000e-01,2.48437500e+00,-1.87500000e-02,-5.00000000e-02
-3.21040000e-07,1.37500000e-01,2.65937500e+00,-6.87500000e-03,7.81250000e-03
-3.20720000e-07,1.12500000e-01,2.67187500e+00,-3.37500000e-02,-5.46875000e-03
-3.20400000e-07,8.75000000e-02,2.47187500e+00,-3.56250000e-02,-1.09375000e-02
-3.20080000e-07,1.12500000e-01,2.64687500e+00,-3.12500000e-02,1.56250000e-02
-3.19760000e-07,6.25000000e-02,2.44687500e+00,-2.18750000e-02,6.25000000e-03
-3.19440000e-07,1.00000000e-01,2.47187500e+00,-3.43750000e-02,3.90625000e-02
-3.19120000e-07,1.12500000e-01,2.50937500e+00,-3.06250000e-02,2.96875000e-02
-3.18800000e-07,1.12500000e-01,2.53437500e+00,-1.87500000e-02,4.14062500e-02
-3.18480000e-07,1.75000000e-01,2.47187500e+00,-3.87500000e-02,7.34375000e-02
-3.18160000e-07,-6.25000000e-02,2.60937500e+00,-4.62500000e-02,-4.84375000e-02
-3.17840000e-07,-3.75000000e-02,2.62187500e+00,-2.18750000e-02,-6.79687500e-02
-3.17520000e-07,2.37500000e-01,2.67187500e+00,-1.50000000e-02,2.73437500e-02
-3.17200000e-07,1.50000000e-01,2.74687500e+00,-1.68750000e-02,5.70312500e-02
-3.16880000e-07,1.12500000e-01,2.63437500e+00,-3.62500000e-02,-1.87500000e-02
-3.16560000e-07,1.25000000e-01,2.62187500e+00,-3.56250000e-02,-8.82812500e-02
-3.16240000e-07,1.87500000e-01,2.60937500e+00,-2.62500000e-02,-1.21093750e-01
-3.15920000e-07,1.87500000e-01,2.37187500e+00,-2.75000000e-02,-6.25000000e-02
-3.15600000e-07,0.00000000e+00,2.64687500e+00,-1.25000000e-02,-5.70312500e-02
-3.15280000e-07,3.75000000e-02,2.52187500e+00,-3.75000000e-02,-1.56250000e-02
-3.14960000e-07,7.50000000e-02,2.69687500e+00,-1.25000000e-03,-1.64062500e-02
-3.14640000e-07,8.75000000e-02,2.49687500e+00,-3.00000000e-02,-7.26562500e-02
-3.14320000e-07,1.50000000e-01,2.57187500e+00,3.12500000e-03,-8.90625000e-02
-3.14000000e-07,1.37500000e-01,2.62187500e+00,-3.37500000e-02,-1.64062500e-02
-3.13680000e-07,7.50000000e-02,2.49687500e+00,-2.56250000e-02,5.46875000e-03
-3.13360000e-07,5.00000000e-02,2.62187500e+00,-2.00000000e-02,-6.01562500e-02
-3.13040000e-07,-1.00000000e-01,2.67187500e+00,-2.81250000e-02,-6.17187500e-02
-3.12720000e-07,8.75000000e-02,2.54687500e+00,-2.12500000e-02,-5.62500000e-02
-3.12400000e-07,8.75000000e-02,2.74687500e+00,-6.87500000e-03,-1.95312500e-02
-3.12080000e-07,1.50000000e-01,2.60937500e+00,-1.25000000e-02,3.67187500e-02
-3.11760000e-07,1.25000000e-01,2.49687500e+00,-4.06250000e-02,-6.17187500e-02
-3.11440000e-07,7.50000000e-02,2.57187500e+00,-1.25000000e-03,-5.00000000e-02
-3.11120000e-07,5.00000000e-02,2.55937500e+00,-8.75000000e-03,-6.56250000e-02
-3.10800000e-07,2.12500000e-01,2.49687500e+00,-4.37500000e-03,-7.65625000e-02
-3.10480000e-07,0.00000000e+00,2.62187500e+00,-1.75000000e-02,-1.95312500e-02
-3.10160000e-07,1.87500000e-01,2.50937500e+00,-4.37500000e-02,5.39062500e-02
-3.09840000e-07,1.12500000e-01,2.69687500e+00,-3.25000000e-02,2.96875000e-02
-3.09520000e-07,1.25000000e-01,2.53437500e+00,-3.75000000e-03,-1.03125000e-01
-3.09200000e-07,1.50000000e-01,2.57187500e+00,-1.87500000e-02,-8.67187500e-02
-3.08880000e-07,7.50000000e-02,2.72187500e+00,-2.50000000e-03,-3.75000000e-02
-3.08560000e-07,6.25000000e-02,2.62187500e+00,-3.87500000e-02,2.26562500e-02
-3.08240000e-07,3.75000000e-02,2.45937500e+00,-1.37500000e-02,-5.46875000e-03
-3.07920000e-07,2.50000000e-02,2.65937500e+00,1.56250000e-02,-7.81250000e-03
-3.07600000e-07,1.25000000e-01,2.53437500e+00,-3.37500000e-02,3.98437500e-02
-3.07280000e-07,7.50000000e-02,2.73437500e+00,-2.56250000e-02,-3.90625000e-03
-3.06960000e-07,1.12500000e-01,2.59687500e+00,-1.75000000e-02,-8.51562500e-02
-3.06640000e-07,1.12500000e-01,2.64687500e+00,-2.75000000e-02,-1.44531250e-01
-3.06320000e-07,2.00000000e-01,2.59687500e+00,-8.75000000e-03,-3.28125000e-02
-3.06000000e-07,5.00000000e-02,2.60937500e+00,-1.87500000e-03,7.81250000e-03
-3.05680000e-07,1.25000000e-02,2.48437500e+00,-3.56250000e-02,-7.73437500e-02
-3.05360000e-07,5.00000000e-02,2.57187500e+00,3.75000000e-03,-8.20312500e-02
-3.05040000e-07,5.00000000e-02,2.59687500e+00,1.37500000e-02,-7.81250000e-03
-3.04720000e-07,1.62500000e-01,2.63437500e+00,8.12500000e-03,-9.37500000e-03
-3.04400000e-07,3.75000000e-02,2.55937500e+00,-1.68750000e-02,-2.65625000e-02
-3.04080000e-07,-5.00000000e-02,2.59687500e+00,-4.37500000e-03,-1.32812500e-02
-3.03760000e-07,7.50000000e-02,2.57187500e+00,-2.00000000e-02,-8.12500000e-02
-3.03440000e-07,6.25000000e-02,2.58437500e+00,-3.06250000e-02,-8.20312500e-02
-3.03120000e-07,2.37500000e-01,2.48437500e+00,-1.93750000e-02,-1.56250000e-02
-3.02800000e-07,7.50000000e-02,2.67187500e+00,-3.81250000e-02,-1.17187500e-02
-3.02480000e-07,8.75000000e-02,2.48437500e+00,-3.56250000e-02,-1.64062500e-02
-3.02160000e-07,1.87500000e-01,2.59687500e+00,-2.50000000e-02,-1.95312500e-02
-3.01840000e-07,1.62500000e-01,2.45937500e+00,1.62500000e-02,-2.96875000e-02
-3.01520000e-07,1.37500000e-01,2.49687500e+00,-3.75000000e-03,1.17187500e-02
-3.01200000e-07,1.87500000e-01,2.55937500e+00,-1.68750000e-02,7.65625000e-02
-3.00880000e-07,1.25000000e-01,2.72187500e+00,-3.12500000e-02,-3.35937500e-02
-3.00560000e-07,1.75000000e-01,2.57187500e+00,-3.81250000e-02,-9.45312500e-02
-3.00240000e-07,8.75000000e-02,2.57187500e+00,3.12500000e-03,-1.17187500e-02
-2.99920000e-07,1.25000000e-02,2.64687500e+00,-1.18750000e-02,3.20312500e-02
-2.99600000e-07,1.50000000e-01,2.59687500e+00,-5.37500000e-02,-7.81250000e-04
-2.99280000e-07,8.75000000e-02,2.53437500e+00,-1.12500000e-02,-4.53125000e-02
-2.98960000e-07,1.62500000e-01,2.60937500e+00,-5.00000000e-03,-1.17187500e-02
-2.98640000e-07,5.00000000e-02,2.65937500e+00,-4.87500000e-02,3.90625000e-02
-2.98320000e-07,8.75000000e-02,2.57187500e+00,-3.25000000e-02,-3.43750000e-02
-2.98000000e-07,8.75000000e-02,2.50937500e+00,-1.18750000e-02,-5.70312500e-02
-2.97680000e-07,2.12500000e-01,2.58437500e+00,-3.81250000e-02,-1.17187500e-02
-2.97360000e-07,7.50000000e-02,2.52187500e+00,-2.75000000e-02,8.59375000e-03
-2.97040000e-07,1.25000000e-01,2.64687500e+00,-1.12500000e-02,5.70312500e-02
-2.96720000e-07,7.50000000e-02,2.63437500e+00,-2.75000000e-02,5.93750000e-02
-2.96400000e-07,1.75000000e-01,2.64687500e+00,-1.93750000e-02,7.03125000e-03
-2.96080000e-07,1.25000000e-01,2.42187500e+00,-1.87500000e-03,-2.73437500e-02
-2.95760000e-07,1.87500000e-01,2.73437500e+00,1.06250000e-02,-1.71875000e-02
-2.95440000e-07,6.25000000e-02,2.75937500e+00,-1.87500000e-03,2.96875000e-02
-2.95120000e-07,5.00000000e-02,2.62187500e+00,-2.87500000e-02,7.96875000e-02
-2.94800000e-07,2.50000000e-02,2.57187500e+00,-1.93750000e-02,5.46875000e-02
-2.94480000e-07,3.75000000e-02,2.52187500e+00,-1.50000000e-02,2.81250000e-02
-2.94160000e-07,6.25000000e-02,2.55937500e+00,8.12500000e-03,5.93750000e-02
-2.93840000e-07,6.25000000e-02,2.59687500e+00,-9.37500000e-03,6.01562500e-02
-2.93520000e-07,1.25000000e-01,2.68437500e+00,-2.25000000e-02,5.46875000e-03
-2.93200000e-07,2.00000000e-01,2.48437500e+00,-1.68750000e-02,-6.32812500e-02
-2.92880000e-07,1.50000000e-01,2.57187500e+00,-2.56250000e-02,3.67187500e-02
-2.92560000e-07,3.75000000e-02,2.60937500e+00,5.62500000e-03,6.32812500e-02
-2.92240000e-07,1.75000000e-01,2.62187500e+00,6.25000000e-04,-6.32812500e-02
-2.91920000e-07,8.75000000e-02,2.73437500e+00,-9.37500000e-03,-6.48437500e-02
-2.91600000e-07,1.37500000e-01,2.63437500e+00,-1.93750000e-02,-5.15625000e-02
-2.91280000e-07,2.50000000e-02,2.68437500e+00,-1.18750000e-02,-1.23437500e-01
-2.90960000e-07,8.75000000e-02,2.60937500e+00,-4.37500000e-03,-6.64062500e-02
-2.90640000e-07,1.25000000e-01,2.62187500e+00,-6.87500000e-03,3.12500000e-03
-2.90320000e-07,1.50000000e-01,2.58437500e+00,-1.43750000e-02,4.68750000e-02
-2.90000000e-07,8.75000000e-02,2.57187500e+00,-1.68750000e-02,1.56250000e-03
-2.89680000e-07,2.50000000e-02,2.62187500e+00,-1.18750000e-02,-3.98437500e-02
-2.89360000e-07,7.50000000e-02,2.58437500e+00,1.06250000e-02,-4.68750000e-02
-2.89040000e-07,8.75000000e-02,2.57187500e+00,5.62500000e-03,-7.73437500e-02
-2.88720000e-07,2.37500000e-01,2.57187500e+00,-2.25000000e-02,-6.95312500e-02
-2.88400000e-07,2.37500000e-01,2.59687500e+00,-2.18750000e-02,-6.25000000e-03
-2.88080000e-07,2.00000000e-01,2.52187500e+00,-1.75000000e-02,-5.62500000e-02
-2.87760000e-07,1.87500000e-01,2.43437500e+00,-4.87500000e-02,-9.45312500e-02
-2.87440000e-07,7.50000000e-02,2.57187500e+00,-1.37500000e-02,-2.81250000e-02
-2.87120000e-07,8.75000000e-02,2.63437500e+00,-2.56250000e-02,1.71875000e-02
-2.86800000e-07,2.00000000e-01,2.70937500e+00,3.12500000e-03,-3.35937500e-02
-2.86480000e-07,2.37500000e-01,2.60937500e+00,-2.56250000e-02,-5.93750000e-02
-2.86160000e-07,6.25000000e-02,2.64687500e+00,-1.87500000e-03,-3.82812500e-02
-2.85840000e-07,3.75000000e-02,2.68437500e+00,-4.62500000e-02,-2.65625000e-02
-2.85520000e-07,1.50000000e-01,2.67187500e+00,-2.81250000e-02,-1.03125000e-01
-2.85200000e-07,3.00000000e-01,2.54687500e+00,-2.00000000e-02,-9.06250000e-02
-2.84880000e-07,1.37500000e-01,2.55937500e+00,-1.87500000e-02,-8.04687500e-02
-2.84560000e-07,5.00000000e-02,2.44687500e+00,-2.00000000e-02,-9.60937500e-02
-2.84240000e-07,7.50000000e-02,2.64687500e+00,-2.81250000e-02,-8.75000000e-02
-2.83920000e-07,1.12500000e-01,2.63437500e+00,-2.18750000e-02,2.81250000e-02
-2.83600000e-07,1.12500000e-01,2.54687500e+00,-2.12500000e-02,-9.37500000e-03
-2.83280000e-07,1.12500000e-01,2.58437500e+00,1.06250000e-02,-9.21875000e-02
-2.82960000e-07,-1.25000000e-02,2.49687500e+00,-1.43750000e-02,-3.98437500e-02
-2.82640000e-07,2.50000000e-01,2.52187500e+00,-6.87500000e-03,-6.32812500e-02
-2.82320000e-07,1.00000000e-01,2.70937500e+00,-2.62500000e-02,-6.25000000e-02
-2.82000000e-07,1.12500000e-01,2.68437500e+00,-2.18750000e-02,-1.11718750e-01
-2.81680000e-07,2.25000000e-01,2.62187500e+00,-1.00000000e-02,-8.51562500e-02
-2.81360000e-07,1.75000000e-01,2.48437500e+00,5.62500000e-03,-1.95312500e-02
-2.81040000e-07,5.00000000e-02,2.58437500e+00,-2.62500000e-02,-6.01562500e-02
-2.80720000e-07,6.25000000e-02,2.62187500e+00,-5.12500000e-02,-5.78125000e-02
-2.80400000e-07,1.37500000e-01,2.65937500e+00,3.12500000e-03,3.59375000e-02
-2.80080000e-07,1.62500000e-01,2.57187500e+00,5.62500000e-03,2.65625000e-02
-2.79760000e-07,1.50000000e-01,2.58437500e+00,-2.62500000e-02,1.32812500e-02
-2.79440000e-07,3.75000000e-02,2.55937500e+00,-3.56250000e-02,6.56250000e-02
-2.79120000e-07,1.37500000e-01,2.74687500e+00,-9.37500000e-03,5.62500000e-02
-2.78800000e-07,2.12500000e-01,2.59687500e+00,-3.06250000e-02,-4.37500000e-02
-2.78480000e-07,1.12500000e-01,2.72187500e+00,-1.93750000e-02,-8.28125000e-02
-2.78160000e-07,1.50000000e-01,2.55937500e+00,-2.00000000e-02,-4.53125000e-02
-2.77840000e-07,2.50000000e-02,2.57187500e+00,-1.93750000e-02,9.37500000e-03
-2.77520000e-07,1.62500000e-01,2.52187500e+00,3.12500000e-03,-6.17187500e-02
-2.77200000e-07,1.12500000e-01,2.59687500e+00,1.31250000e-02,-5.23437500e-02
-2.76880000e-07,7.50000000e-02,2.88437500e+00,-2.87500000e-02,-3.51562500e-02
-2.76560000e-07,3.75000000e-02,2.70937500e+00,6.25000000e-04,-7.81250000e-03
-2.76240000e-07,1.25000000e-01,2.50937500e+00,-1.31250000e-02,1.40625000e-02
-2.75920000e-07,1.62500000e-01,2.63437500e+00,-1.93750000e-02,-3.04687500e-02
-2.75600000e-07,1.12500000e-01,2.59687500e+00,-4.12500000e-02,5.62500000e-02
-2.75280000e-07,1.75000000e-01,2.72187500e+00,-2.56250000e-02,5.39062500e-02
-2.74960000e-07,1.00000000e-01,2.60937500e+00,-1.18750000e-02,-8.67187500e-02
-2.74640000e-07,6.25000000e-02,2.58437500e+00,-6.25000000e-03,-1.57031250e-01
-2.74320000e-07,1.87500000e-01,2.60937500e+00,1.56250000e-02,0.00000000e+00
-2.74000000e-07,2.12500000e-01,2.62187500e+00,8.12500000e-03,4.14062500e-02
-2.73680000e-07,2.62500000e-01,2.50937500e+00,-1.75000000e-02,-3.12500000e-03
-2.73360000e-07,1.25000000e-02,2.68437500e+00,-5.06250000e-02,-7.81250000e-03
-2.73040000e-07,1.50000000e-01,2.53437500e+00,1.12500000e-02,-1.17968750e-01
-2.72720000e-07,1.25000000e-01,2.45937500e+00,3.75000000e-03,-1.42187500e-01
-2.72400000e-07,3.00000000e-01,2.49687500e+00,-1.68750000e-02,-2.26562500e-02
-2.72080000e-07,1.75000000e-01,2.65937500e+00,-1.87500000e-03,-4.60937500e-02
-2.71760000e-07,8.75000000e-02,2.85937500e+00,-1.25000000e-02,-3.20312500e-02
-2.71440000e-07,1.00000000e-01,2.72187500e+00,-2.18750000e-02,-1.09375000e-02
-2.71120000e-07,1.25000000e-01,2.70937500e+00,-1.75000000e-02,-2.50000000e-02
-2.70800000e-07,1.12500000e-01,2.52187500e+00,-3.87500000e-02,-4.45312500e-02
-2.70480000e-07,2.12500000e-01,2.58437500e+00,-4.56250000e-02,-8.20312500e-02
-2.70160000e-07,1.12500000e-01,2.59687500e+00,-1.12500000e-02,-4.06250000e-02
-2.69840000e-07,5.00000000e-02,2.54687500e+00,-1.93750000e-02,-1.40625000e-02
-2.69520000e-07,1.62500000e-01,2.70937500e+00,3.12500000e-03,-4.60937500e-02
-2.69200000e-07,5.00000000e-02,2.47187500e+00,-4.37500000e-03,-7.03125000e-02
-2.68880000e-07,7.50000000e-02,2.69687500e+00,-3.12500000e-02,-3.90625000e-03
-2.68560000e-07,3.75000000e-02,2.65937500e+00,-1.18750000e-02,-6.79687500e-02
-2.68240000e-07,1.62500000e-01,2.58437500e+00,-1.50000000e-02,-9.06250000e-02
-2.67920000e-07,1.37500000e-01,2.53437500e+00,-3.37500000e-02,-1.71875000e-02
-2.67600000e-07,8.75000000e-02,2.63437500e+00,-4.37500000e-03,-9.68750000e-02
-2.67280000e-07,2.25000000e-01,2.59687500e+00,2.50000000e-03,-1.16406250e-01
-2.66960000e-07,1.37500000e-01,2.63437500e+00,-5.00000000e-03,-7.73437500e-02
-2.66640000e-07,1.50000000e-01,2.57187500e+00,-4.06250000e-02,-1.10156250e-01
-2.66320000e-07,2.25000000e-01,2.67187500e+00,-6.25000000e-03,-9.06250000e-02
-2.66000000e-07,1.37500000e-01,2.43437500e+00,-1.25000000e-03,-1.87500000e-02
-2.65680000e-07,2.25000000e-01,2.69687500e+00,1.56250000e-02,3.90625000e-03
-2.65360000e-07,1.00000000e-01,2.64687500e+00,-1.43750000e-02,0.00000000e+00
-2.65040000e-07,1.37500000e-01,2.67187500e+00,-9.37500000e-03,-7.81250000e-03
-2.64720000e-07,3.37500000e-01,2.53437500e+00,-1.43750000e-02,-5.70312500e-02
-2.64400000e-07,3.75000000e-02,2.54687500e+00,-1.25000000e-02,-8.51562500e-02
-2.64080000e-07,3.75000000e-02,2.67187500e+00,-4.56250000e-02,-5.78125000e-02
-2.63760000e-07,1.75000000e-01,2.63437500e+00,-3.75000000e-03,-4.76562500e-02
-2.63440000e-07,1.12500000e-01,2.57187500e+00,-3.50000000e-02,-7.81250000e-04
-2.63120000e-07,0.00000000e+00,2.50937500e+00,-4.37500000e-03,-4.68750000e-03
-2.62800000e-07,2.50000000e-01,2.72187500e+00,-1.93750000e-02,-5.54687500e-02
-2.62480000e-07,1.12500000e-01,2.59687500e+00,6.25000000e-04,-1.82812500e-01
-2.62160000e-07,1.12500000e-01,2.54687500e+00,-3.37500000e-02,-1.23437500e-01
-2.61840000e-07,1.12500000e-01,2.57187500e+00,-6.87500000e-03,-6.09375000e-02
-2.61520000e-07,7.50000000e-02,2.60937500e+00,-2.31250000e-02,-2.42187500e-02
-2.61200000e-07,1.75000000e-01,2.64687500e+00,-1.93750000e-02,-2.42187500e-02
-2.60880000e-07,-2.50000000e-02,2.54687500e+00,6.25000000e-04,-3.82812500e-02
-2.60560000e-07,8.75000000e-02,2.70937500e+00,-2.00000000e-02,-5.07812500e-02
-2.60240000e-07,2.12500000e-01,2.48437500e+00,-4.62500000e-02,-8.12500000e-02
-2.59920000e-07,2.12500000e-01,2.48437500e+00,-8.75000000e-03,-1.32031250e-01
-2.59600000e-07,2.25000000e-01,2.59687500e+00,-1.68750000e-02,-8.90625000e-02
-2.59280000e-07,5.00000000e-02,2.75937500e+00,-9.37500000e-03,-6.48437500e-02
-2.58960000e-07,3.75000000e-02,2.60937500e+00,-3.62500000e-02,-2.26562500e-02
-2.58640000e-07,2.25000000e-01,2.65937500e+00,-2.81250000e-02,-7.57812500e-02
-2.58320000e-07,1.87500000e-01,2.57187500e+00,-9.37500000e-03,-5.78125000e-02
-2.58000000e-07,3.75000000e-02,2.63437500e+00,-1.25000000e-03,-5.62500000e-02
-2.57680000e-07,8.75000000e-02,2.53437500e+00,1.06250000e-02,-1.48437500e-02
-2.57360000e-07,1.00000000e-01,2.50937500e+00,-2.25000000e-02,1.48437500e-02
-2.57040000e-07,2.12500000e-01,2.53437500e+00,-2.87500000e-02,-3.67187500e-02
-2.56720000e-07,1.00000000e-01,2.59687500e+00,-2.81250000e-02,-7.42187500e-02
-2.56400000e-07,2.25000000e-01,2.59687500e+00,-3.75000000e-02,-7.89062500e-02
-2.56080000e-07,3.75000000e-02,2.53437500e+00,-2.50000000e-02,-8.12500000e-02
-2.55760000e-07,2.25000000e-01,2.52187500e+00,-2.18750000e-02,-6.40625000e-02
-2.55440000e-07,1.62500000e-01,2.74687500e+00,-3.87500000e-02,2.81250000e-02
-2.55120000e-07,1.37500000e-01,2.57187500e+00,6.25000000e-03,-1.32812500e-02
-2.54800000e-07,1.00000000e-01,2.53437500e+00,-2.87500000e-02,-7.34375000e-02
-2.54480000e-07,1.12500000e-01,2.44687500e+00,-1.43750000e-02,4.68750000e-02
-2.54160000e-07,1.87500000e-01,2.72187500e+00,-2.50000000e-03,3.82812500e-02
-2.53840000e-07,5.00000000e-02,2.65937500e+00,-1.43750000e-02,-6.09375000e-02
-2.53520000e-07,2.25000000e-01,2.58437500e+00,-9.37500000e-03,-3.43750000e-02
-2.53200000e-07,2.62500000e-01,2.63437500e+00,6.25000000e-04,-2.81250000e-02
-2.52880000e-07,2.50000000e-02,2.57187500e+00,-1.87500000e-03,-3.59375000e-02
-2.52560000e-07,1.50000000e-01,2.58437500e+00,-4.87500000e-02,-1.95312500e-02
-2.52240000e-07,1.12500000e-01,2.64687500e+00,-4.31250000e-02,7.10937500e-02
-2.51920000e-07,6.25000000e-02,2.40937500e+00,-4.37500000e-03,1.48437500e-02
-2.51600000e-07,1.37500000e-01,2.47187500e+00,-6.87500000e-03,-1.40625000e-02
-2.51280000e-07,7.50000000e-02,2.48437500e+00,-3.37500000e-02,2.57812500e-02
-2.50960000e-07,2.75000000e-01,2.60937500e+00,-2.75000000e-02,5.85937500e-02
-2.50640000e-07,1.75000000e-01,2.52187500e+00,6.25000000e-03,5.78125000e-02
-2.50320000e-07,1.50000000e-01,2.63437500e+00,-1.43750000e-02,-5.70312500e-02
-2.50000000e-07,6.25000000e-02,2.60937500e+00,-3.12500000e-02,-4.37500000e-02
-2.49680000e-07,2.00000000e-01,2.53437500e+00,-2.50000000e-02,-2.26562500e-02
-2.49360000e-07,2.00000000e-01,2.65937500e+00,-1.87500000e-02,-1.00000000e-01
-2.49040000e-07,1.12500000e-01,2.52187500e+00,-1.12500000e-02,-1.22656250e-01
-2.48720000e-07,1.25000000e-01,2.52187500e+00,-2.25000000e-02,-1.08593750e-01
-2.48400000e-07,1.12500000e-01,2.68437500e+00,-3.06250000e-02,-1.32812500e-01
-2.48080000e-07,1.12500000e-01,2.54687500e+00,-3.75000000e-03,-8.67187500e-02
-2.47760000e-07,2.12500000e-01,2.55937500e+00,-3.81250000e-02,-1.01562500e-02
-2.47440000e-07,2.62500000e-01,2.54687500e+00,-4.12500000e-02,-5.78125000e-02
-2.47120000e-07,8.75000000e-02,2.59687500e+00,-3.62500000e-02,-4.53125000e-02
-2.46800000e-07,7.50000000e-02,2.55937500e+00,-3.25000000e-02,-3.59375000e-02
-2.46480000e-07,1.62500000e-01,2.60937500e+00,-1.68750000e-02,-9.84375000e-02
-2.46160000e-07,1.00000000e-01,2.45937500e+00,-5.31250000e-02,-1.21093750e-01
-2.45840000e-07,7.50000000e-02,2.58437500e+00,-1.25000000e-03,-5.23437500e-02
-2.45520000e-07,1.50000000e-01,2.50937500e+00,-3.12500000e-02,1.56250000e-03
-2.45200000e-07,3.75000000e-02,2.60937500e+00,-3.06250000e-02,-5.70312500e-02
-2.44880000e-07,8.75000000e-02,2.54687500e+00,-3.06250000e-02,-4.92187500e-02
-2.44560000e-07,1.25000000e-01,2.67187500e+00,1.25000000e-03,-2.65625000e-02
-2.44240000e-07,2.12500000e-01,2.53437500e+00,-4.12500000e-02,-1.06250000e-01
-2.43920000e-07,1.87500000e-01,2.63437500e+00,-2.81250000e-02,-6.17187500e-02
-2.43600000e-07,5.00000000e-02,2.67187500e+00,-1.18750000e-02,-2.73437500e-02
-2.43280000e-07,1.75000000e-01,2.52187500e+00,-1.12500000e-02,-6.64062500e-02
-2.42960000e-07,1.75000000e-01,2.45937500e+00,-2.62500000e-02,-1.07812500e-01
-2.42640000e-07,5.00000000e-02,2.63437500e+00,-1.43750000e-02,-2.18750000e-02
-2.42320000e-07,2.50000000e-02,2.57187500e+00,-2.93750000e-02,-2.89062500e-02
-2.42000000e-07,1.12500000e-01,2.39687500e+00,-2.81250000e-02,-4.45312500e-02
-2.41680000e-07,5.00000000e-02,2.48437500e+00,-1.68750000e-02,-7.34375000e-02
-2.41360000e-07,2.00000000e-01,2.70937500e+00,1.37500000e-02,-7.65625000e-02
-2.41040000e-07,1.25000000e-02,2.59687500e+00,-3.12500000e-02,-4.45312500e-02
-2.40720000e-07,8.75000000e-02,2.65937500e+00,-5.12500000e-02,-3.75000000e-02
-2.40400000e-07,2.00000000e-01,2.52187500e+00,-1.93750000e-02,-2.73437500e-02
-2.40080000e-07,1.00000000e-01,2.57187500e+00,-1.18750000e-02,-1.79687500e-02
-2.39760000e-07,1.25000000e-01,2.44687500e+00,3.12500000e-03,-6.56250000e-02
-2.39440000e-07,6.25000000e-02,2.65937500e+00,8.12500000e-03,-8.20312500e-02
-2.39120000e-07,3.75000000e-02,2.42187500e+00,-3.87500000e-02,-6.87500000e-02
-2.38800000e-07,1.25000000e-01,2.65937500e+00,-3.37500000e-02,1.64062500e-02
-2.38480000e-07,3.75000000e-02,2.53437500e+00,-3.81250000e-02,3.20312500e-02
-2.38160000e-07,8.75000000e-02,2.62187500e+00,3.75000000e-03,-6.32812500e-02
-2.37840000e-07,1.25000000e-01,2.57187500e+00,-1.25000000e-03,-6.17187500e-02
-2.37520000e-07,1.12500000e-01,2.73437500e+00,-1.93750000e-02,-6.17187500e-02
-2.37200000e-07,1.25000000e-01,2.48437500e+00,-1.68750000e-02,-1.12500000e-01
-2.36880000e-07,6.25000000e-02,2.59687500e+00,-6.87500000e-03,-7.96875000e-02
-2.36560000e-07,7.50000000e-02,2.47187500e+00,5.62500000e-03,-2.65625000e-02
-2.36240000e-07,8.75000000e-02,2.58437500e+00,-9.37500000e-03,-2.81250000e-02
-2.35920000e-07,1.50000000e-01,2.58437500e+00,-2.18750000e-02,-4.92187500e-02
-2.35600000e-07,5.00000000e-02,2.67187500e+00,-6.87500000e-03,-3.90625000e-02
-2.35280000e-07,1.25000000e-01,2.59687500e+00,-3.37500000e-02,-9.68750000e-02
-2.34960000e-07,1.50000000e-01,2.67187500e+00,-1.18750000e-02,-5.31250000e-02
-2.34640000e-07,1.87500000e-01,2.58437500e+00,-2.50000000e-03,-3.04687500e-02
-2.34320000e-07,1.87500000e-01,2.52187500e+00,-1.87500000e-03,-5.62500000e-02
-2.34000000e-07,1.00000000e-01,2.45937500e+00,-3.31250000e-02,-7.73437500e-02
-2.33680000e-07,1.75000000e-01,2.55937500e+00,-4.37500000e-03,-1.06250000e-01
-2.33360000e-07,6.25000000e-02,2.68437500e+00,-2.00000000e-02,-6.56250000e-02
-2.33040000e-07,1.25000000e-01,2.64687500e+00,-4.37500000e-02,-1.32812500e-02
-2.32720000e-07,7.50000000e-02,2.58437500e+00,-2.12500000e-02,-1.95312500e-02
-2.32400000e-07,8.75000000e-02,2.75937500e+00,-2.62500000e-02,-3.51562500e-02
-2.32080000e-07,1.75000000e-01,2.57187500e+00,-4.62500000e-02,-2.73437500e-02
-2.31760000e-07,1.37500000e-01,2.43437500e+00,-9.37500000e-03,4.68750000e-03
-2.31440000e-07,1.25000000e-01,2.49687500e+00,-6.87500000e-03,1.14062500e-01
-2.31120000e-07,-1.25000000e-02,2.50937500e+00,2.06250000e-02,1.15625000e-01
-2.30800000e-07,1.25000000e-02,2.50937500e+00,-4.37500000e-02,7.81250000e-04
-2.30480000e-07,1.37500000e-01,2.60937500e+00,-2.56250000e-02,0.00000000e+00
-2.30160000e-07,1.50000000e-01,2.49687500e+00,-1.18750000e-02,4.29687500e-02
-2.29840000e-07,1.00000000e-01,2.58437500e+00,-1.25000000e-03,2.50000000e-02
-2.29520000e-07,6.25000000e-02,2.70937500e+00,-3.06250000e-02,2.26562500e-02
-2.29200000e-07,1.25000000e-01,2.68437500e+00,-1.50000000e-02,1.09375000e-02
-2.28880000e-07,1.87500000e-01,2.48437500e+00,-5.37500000e-02,1.95312500e-02
-2.28560000e-07,1.12500000e-01,2.64687500e+00,-2.50000000e-02,2.18750000e-02
-2.28240000e-07,1.87500000e-01,2.52187500e+00,-1.12500000e-02,-6.25000000e-02
-2.27920000e-07,2.50000000e-02,2.59687500e+00,-1.62500000e-02,-6.32812500e-02
-2.27600000e-07,2.50000000e-02,2.54687500e+00,-1.75000000e-02,-3.20312500e-02
-2.27280000e-07,-2.50000000e-02,2.57187500e+00,-1.93750000e-02,1.79687500e-02
-2.26960000e-07,6.25000000e-02,2.68437500e+00,3.12500000e-03,1.79687500e-02
-2.26640000e-07,1.75000000e-01,2.57187500e+00,-1.50000000e-02,4.37500000e-02
-2.26320000e-07,2.00000000e-01,2.54687500e+00,-2.56250000e-02,6.56250000e-02
-2.26000000e-07,5.00000000e-02,2.72187500e+00,-3.81250000e-02,-7.81250000e-03
-2.25680000e-07,1.37500000e-01,2.54687500e+00,-4.00000000e-02,-5.70312500e-02
-2.25360000e-07,3.75000000e-02,2.52187500e+00,-4.37500000e-03,-6.09375000e-02
-2.25040000e-07,1.62500000e-01,2.54687500e+00,1.06250000e-02,4.76562500e-02
-2.24720000e-07,1.12500000e-01,2.72187500e+00,-4.87500000e-02,6.40625000e-02
-2.24400000e-07,5.00000000e-02,2.53437500e+00,-2.12500000e-02,1.32812500e-02
-2.24080000e-07,1.00000000e-01,2.53437500e+00,-4.37500000e-03,-3.04687500e-02
-2.23760000e-07,1.62500000e-01,2.59687500e+00,-1.68750000e-02,-1.02343750e-01
-2.23440000e-07,7.50000000e-02,2.60937500e+00,-1.43750000e-02,-3.67187500e-02
-2.23120000e-07,-1.25000000e-02,2.43437500e+00,-3.37500000e-02,1.87500000e-02
-2.22800000e-07,1.25000000e-02,2.59687500e+00,-3.06250000e-02,-1.56250000e-02
-2.22480000e-07,7.50000000e-02,2.48437500e+00,-1.43750000e-02,-6.40625000e-02
-2.22160000e-07,8.75000000e-02,2.60937500e+00,-1.87500000e-02,3.12500000e-02
-2.21840000e-07,1.00000000e-01,2.57187500e+00,-2.87500000e-02,2.73437500e-02
-2.21520000e-07,1.50000000e-01,2.53437500e+00,-1.18750000e-02,-2.50000000e-02
-2.21200000e-07,7.50000000e-02,2.53437500e+00,-1.00000000e-02,-4.92187500e-02
-2.20880000e-07,1.25000000e-01,2.49687500e+00,6.25000000e-04,-4.68750000e-02
-2.20560000e-07,1.25000000e-01,2.48437500e+00,5.62500000e-03,-6.25000000e-03
-2.20240000e-07,1.00000000e-01,2.59687500e+00,-4.06250000e-02,2.42187500e-02
-2.19920000e-07,1.37500000e-01,2.65937500e+00,-4.37500000e-03,-1.95312500e-02
-2.19600000e-07,5.00000000e-02,2.59687500e+00,-9.37500000e-03,7.81250000e-04
-2.19280000e-07,5.00000000e-02,2.40937500e+00,-1.93750000e-02,9.37500000e-03
-2.18960000e-07,3.75000000e-02,2.60937500e+00,-2.00000000e-02,-4.60937500e-02
-2.18640000e-07,1.12500000e-01,2.62187500e+00,-5.37500000e-02,-2.50000000e-02
-2.18320000e-07,1.12500000e-01,2.53437500e+00,-1.12500000e-02,2.50000000e-02
-2.18000000e-07,1.62500000e-01,2.54687500e+00,-2.62500000e-02,1.79687500e-02
-2.17680000e-07,1.75000000e-01,2.63437500e+00,-3.06250000e-02,-7.81250000e-04
-2.17360000e-07,1.75000000e-01,2.49687500e+00,6.25000000e-04,2.81250000e-02
-2.17040000e-07,1.00000000e-01,2.62187500e+00,-1.93750000e-02,2.18750000e-02
-2.16720000e-07,1.37500000e-01,2.68437500e+00,-3.81250000e-02,2.03125000e-02
-2.16400000e-07,7.50000000e-02,2.50937500e+00,1.25000000e-03,-4.37500000e-02
-2.16080000e-07,1.25000000e-02,2.50937500e+00,8.75000000e-03,-8.90625000e-02
-2.15760000e-07,8.75000000e-02,2.67187500e+00,-4.37500000e-03,-7.96875000e-02
-2.15440000e-07,1.87500000e-01,2.79687500e+00,-3.37500000e-02,-3.12500000e-03
-2.15120000e-07,1.25000000e-01,2.59687500e+00,-2.18750000e-02,3.28125000e-02
-2.14800000e-07,6.25000000e-02,2.58437500e+00,-1.00000000e-02,-7.42187500e-02
-2.14480000e-07,-3.75000000e-02,2.64687500e+00,-6.87500000e-03,-3.43750000e-02
-2.14160000e-07,2.25000000e-01,2.49687500e+00,-1.75000000e-02,1.09375000e-02
-2.13840000e-07,1.25000000e-01,2.65937500e+00,-2.56250000e-02,1.56250000e-03
-2.13520000e-07,1.87500000e-01,2.57187500e+00,1.62500000e-02,6.87500000e-02
-2.13200000e-07,1.12500000e-01,2.44687500e+00,-3.31250000e-02,-2.96875000e-02
-2.12880000e-07,3.75000000e-02,2.60937500e+00,-2.18750000e-02,-9.60937500e-02
-2.12560000e-07,7.50000000e-02,2.59687500e+00,0.00000000e+00,-7.65625000e-02
-2.12240000e-07,1.75000000e-01,2.67187500e+00,-1.87500000e-03,-2.10937500e-02
-2.11920000e-07,1.75000000e-01,2.63437500e+00,-2.18750000e-02,2.96875000e-02
-2.11600000e-07,8.75000000e-02,2.54687500e+00,-1.87500000e-03,-7.03125000e-03
-2.11280000e-07,3.75000000e-02,2.73437500e+00,-4.62500000e-02,-9.60937500e-02
-2.10960000e-07,3.75000000e-02,2.52187500e+00,-4.06250000e-02,-7.89062500e-02
-2.10640000e-07,5.00000000e-02,2.53437500e+00,-1.43750000e-02,-5.15625000e-02
-2.10320000e-07,5.00000000e-02,2.50937500e+00,-6.25000000e-03,-1.07812500e-01
-2.10000000e-07,1.37500000e-01,2.72187500e+00,-7.50000000e-03,-4.84375000e-02
-2.09680000e-07,5.00000000e-02,2.54687500e+00,-3.06250000e-02,4.68750000e-02
-2.09360000e-07,1.12500000e-01,2.64687500e+00,-3.56250000e-02,-2.03125000e-02
-2.09040000e-07,7.50000000e-02,2.53437500e+00,-3.06250000e-02,4.68750000e-03
-2.08720000e-07,-1.25000000e-02,2.62187500e+00,-4.37500000e-02,2.50000000e-02
-2.08400000e-07,2.75000000e-01,2.49687500e+00,-1.12500000e-02,-1.01562500e-02
-2.08080000e-07,1.37500000e-01,2.54687500e+00,-3.37500000e-02,1.40625000e-02
-2.07760000e-07,1.37500000e-01,2.63437500e+00,-3.62500000e-02,-1.25000000e-02
-2.07440000e-07,1.25000000e-01,2.62187500e+00,-1.43750000e-02,-3.75000000e-02
-2.07120000e-07,3.75000000e-02,2.42187500e+00,2.06250000e-02,-3.04687500e-02
-2.06800000e-07,-2.50000000e-02,2.58437500e+00,-2.25000000e-02,2.34375000e-03
-2.06480000e-07,6.25000000e-02,2.62187500e+00,-1.18750000e-02,3.12500000e-02
-2.06160000e-07,1.12500000e-01,2.43437500e+00,3.12500000e-03,-1.48437500e-02
-2.05840000e-07,1.62500000e-01,2.40937500e+00,-2.25000000e-02,-2.73437500e-02
-2.05520000e-07,8.75000000e-02,2.68437500e+00,-3.37500000e-02,-7.81250000e-03
-2.05200000e-07,1.37500000e-01,2.55937500e+00,-2.50000000e-02,-2.89062500e-02
-2.04880000e-07,1.37500000e-01,2.60937500e+00,-2.75000000e-02,-1.64062500e-02
-2.04560000e-07,2.50000000e-02,2.57187500e+00,-1.93750000e-02,9.37500000e-03
-2.04240000e-07,1.12500000e-01,2.55937500e+00,-3.31250000e-02,-1.09375000e-02
-2.03920000e-07,2.75000000e-01,2.49687500e+00,-2.18750000e-02,-2.34375000e-02
-2.03600000e-07,0.00000000e+00,2.63437500e+00,-2.50000000e-02,-2.50000000e-02
-2.03280000e-07,1.25000000e-02,2.57187500e+00,-3.75000000e-03,-6.87500000e-02
-2.02960000e-07,1.62500000e-01,2.55937500e+00,-4.06250000e-02,-5.93750000e-02
-2.02640000e-07,1.37500000e-01,2.65937500e+00,-3.06250000e-02,2.34375000e-03
-2.02320000e-07,1.37500000e-01,2.69687500e+00,-1.68750000e-02,-5.31250000e-02
-2.02000000e-07,1.25000000e-01,2.43437500e+00,3.75000000e-03,-1.56250000e-03
-2.01680000e-07,7.50000000e-02,2.52187500e+00,-1.75000000e-02,-1.87500000e-02
-2.01360000e-07,1.25000000e-01,2.58437500e+00,-3.06250000e-02,-1.14062500e-01
-2.01040000e-07,2.12500000e-01,2.53437500e+00,-8.75000000e-03,-1.42187500e-01
-2.00720000e-07,1.75000000e-01,2.48437500e+00,-3.06250000e-02,-1.12500000e-01
-2.00400000e-07,7.50000000e-02,2.64687500e+00,-4.37500000e-02,-6.01562500e-02
-2.00080000e-07,1.75000000e-01,2.53437500e+00,-2.87500000e-02,-8.28125000e-02
-1.99760000e-07,1.12500000e-01,2.50937500e+00,-1.37500000e-02,-8.82812500e-02
-1.99440000e-07,1.12500000e-01,2.58437500e+00,-2.81250000e-02,-5.93750000e-02
-1.99120000e-07,1.00000000e-01,2.60937500e+00,3.12500000e-03,-5.15625000e-02
-1.98800000e-07,1.25000000e-01,2.43437500e+00,-2.00000000e-02,-3.90625000e-02
-1.98480000e-07,1.00000000e-01,2.69687500e+00,-5.87500000e-02,-4.29687500e-02
-1.98160000e-07,1.00000000e-01,2.47187500e+00,-3.75000000e-02,-4.29687500e-02
-1.97840000e-07,1.25000000e-02,2.59687500e+00,-2.81250000e-02,-8.12500000e-02
-1.97520000e-07,5.00000000e-02,2.53437500e+00,-2.81250000e-02,-1.06250000e-01
-1.97200000e-07,2.12500000e-01,2.58437500e+00,-4.37500000e-02,-1.20312500e-01
-1.96880000e-07,8.75000000e-02,2.39687500e+00,-1.87500000e-02,-6.01562500e-02
-1.96560000e-07,8.75000000e-02,2.44687500e+00,-2.62500000e-02,7.81250000e-04
-1.96240000e-07,8.75000000e-02,2.60937500e+00,-4.37500000e-02,-4.60937500e-02
-1.95920000e-07,1.00000000e-01,2.43437500e+00,-1.93750000e-02,-6.17187500e-02
-1.95600000e-07,1.75000000e-01,2.60937500e+00,-3.31250000e-02,-5.15625000e-02
-1.95280000e-07,2.50000000e-02,2.47187500e+00,6.25000000e-04,-1.00000000e-01
-1.94960000e-07,3.75000000e-02,2.58437500e+00,1.31250000e-02,-9.68750000e-02
-1.94640000e-07,1.75000000e-01,2.62187500e+00,0.00000000e+00,-9.06250000e-02
-1.94320000e-07,1.12500000e-01,2.53437500e+00,-5.12500000e-02,-4.84375000e-02
-1.94000000e-07,6.25000000e-02,2.57187500e+00,-1.37500000e-02,-5.15625000e-02
-1.93680000e-07,2.12500000e-01,2.47187500e+00,-2.87500000e-02,-2.26562500e-02
-1.93360000e-07,1.00000000e-01,2.72187500e+00,-4.37500000e-02,8.59375000e-03
-1.93040000e-07,1.50000000e-01,2.50937500e+00,-1.93750000e-02,-3.20312500e-02
-1.92720000e-07,1.75000000e-01,2.60937500e+00,-5.00000000e-03,-1.56250000e-02
-1.92400000e-07,8.75000000e-02,2.50937500e+00,-3.31250000e-02,-1.56250000e-03
-1.92080000e-07,1.75000000e-01,2.44687500e+00,-1.12500000e-02,-7.50000000e-02
-1.91760000e-07,2.25000000e-01,2.55937500e+00,-3.06250000e-02,-1.03125000e-01
-1.91440000e-07,2.12500000e-01,2.64687500e+00,-1.68750000e-02,-1.32031250e-01
-1.91120000e-07,2.00000000e-01,2.59687500e+00,-3.68750000e-02,-7.65625000e-02
-1.90800000e-07,8.75000000e-02,2.49687500e+00,-3.62500000e-02,-8.90625000e-02
-1.90480000e-07,3.75000000e-02,2.47187500e+00,-3.62500000e-02,-7.89062500e-02
-1.90160000e-07,1.00000000e-01,2.60937500e+00,-5.56250000e-02,-5.00000000e-02
-1.89840000e-07,-2.50000000e-02,2.57187500e+00,-2.12500000e-02,-6.56250000e-02
-1.89520000e-07,8.75000000e-02,2.69687500e+00,-6.87500000e-03,-5.78125000e-02
-1.89200000e-07,1.00000000e-01,2.58437500e+00,-3.12500000e-02,-6.95312500e-02
-1.88880000e-07,6.25000000e-02,2.54687500e+00,-3.12500000e-02,0.00000000e+00
-1.88560000e-07,1.00000000e-01,2.42187500e+00,-3.31250000e-02,9.53125000e-02
-1.88240000e-07,1.25000000e-02,2.62187500e+00,-1.25000000e-03,2.81250000e-02
-1.87920000e-07,2.12500000e-01,2.40937500e+00,3.75000000e-03,-3.51562500e-02
-1.87600000e-07,6.25000000e-02,2.58437500e+00,-1.75000000e-02,-6.79687500e-02
-1.87280000e-07,1.75000000e-01,2.58437500e+00,-2.81250000e-02,-1.79687500e-02
-1.86960000e-07,2.12500000e-01,2.57187500e+00,-2.81250000e-02,-1.01562500e-02
-1.86640000e-07,2.50000000e-02,2.54687500e+00,-3.00000000e-02,-3.35937500e-02
-1.86320000e-07,2.50000000e-02,2.53437500e+00,-1.25000000e-02,-2.03125000e-02
-1.86000000e-07,7.50000000e-02,2.68437500e+00,-6.06250000e-02,2.50000000e-02
-1.85680000e-07,1.25000000e-01,2.52187500e+00,-1.87500000e-02,-2.65625000e-02
-1.85360000e-07,1.25000000e-02,2.54687500e+00,-1.87500000e-03,-1.42968750e-01
-1.85040000e-07,1.87500000e-01,2.53437500e+00,-3.62500000e-02,-1.45312500e-01
-1.84720000e-07,-6.25000000e-02,2.38437500e+00,-3.62500000e-02,-3.98437500e-02
-1.84400000e-07,8.75000000e-02,2.68437500e+00,-3.31250000e-02,3.12500000e-03
-1.84080000e-07,-3.75000000e-02,2.69687500e+00,-8.75000000e-03,-4.60937500e-02
-1.83760000e-07,1.25000000e-02,2.58437500e+00,-1.68750000e-02,-2.34375000e-02
-1.83440000e-07,1.00000000e-01,2.45937500e+00,-3.31250000e-02,-6.25000000e-03
-1.83120000e-07,1.87500000e-01,2.53437500e+00,-1.43750000e-02,-6.95312500e-02
-1.82800000e-07,2.00000000e-01,2.43437500e+00,-4.25000000e-02,-3.28125000e-02
-1.82480000e-07,1.00000000e-01,2.58437500e+00,-1.25000000e-03,-7.10937500e-02
-1.82160000e-07,1.37500000e-01,2.47187500e+00,-1.68750000e-02,-1.20312500e-01
-1.81840000e-07,3.75000000e-02,2.47187500e+00,-5.37500000e-02,-1.56250000e-01
-1.81520000e-07,1.50000000e-01,2.43437500e+00,-6.25000000e-03,-1.07812500e-01
-1.81200000e-07,1.37500000e-01,2.69687500e+00,-1.68750000e-02,-6.48437500e-02
-1.80880000e-07,5.00000000e-02,2.67187500e+00,-3.62500000e-02,-3.82812500e-02
-1.80560000e-07,0.00000000e+00,2.50937500e+00,-9.37500000e-03,-3.67187500e-02
-1.80240000e-07,1.25000000e-02,2.53437500e+00,-1.75000000e-02,-7.81250000e-03
-1.79920000e-07,0.00000000e+00,2.68437500e+00,-1.93750000e-02,3.90625000e-03
-1.79600000e-07,1.87500000e-01,2.50937500e+00,-1.50000000e-02,-3.12500000e-02
-1.79280000e-07,2.75000000e-01,2.54687500e+00,-4.62500000e-02,-5.70312500e-02
-1.78960000e-07,6.25000000e-02,2.54687500e+00,6.25000000e-04,-5.78125000e-02
-1.78640000e-07,0.00000000e+00,2.55937500e+00,-4.87500000e-02,3.75000000e-02
-1.78320000e-07,8.75000000e-02,2.55937500e+00,-2.56250000e-02,7.03125000e-02
-1.78000000e-07,1.25000000e-02,2.64687500e+00,-1.93750000e-02,1.32812500e-02
-1.77680000e-07,2.00000000e-01,2.33437500e+00,-3.31250000e-02,2.34375000e-03
-1.77360000e-07,7.50000000e-02,2.52187500e+00,-1.87500000e-02,-3.04687500e-02
-1.77040000e-07,5.00000000e-02,2.50937500e+00,-1.37500000e-02,-9.45312500e-02
-1.76720000e-07,1.00000000e-01,2.69687500e+00,-3.12500000e-02,-1.23437500e-01
-1.76400000e-07,1.25000000e-01,2.57187500e+00,3.12500000e-03,-6.71875000e-02
-1.76080000e-07,1.37500000e-01,2.54687500e+00,1.87500000e-03,-1.56250000e-02
-1.75760000e-07,1.25000000e-01,2.63437500e+00,-4.62500000e-02,-1.79687500e-02
-1.75440000e-07,7.50000000e-02,2.53437500e+00,-1.12500000e-02,-1.25781250e-01
-1.75120000e-07,1.12500000e-01,2.59687500e+00,-3.62500000e-02,-5.78125000e-02
-1.74800000e-07,8.75000000e-02,2.42187500e+00,-2.81250000e-02,-1.28906250e-01
-1.74480000e-07,8.75000000e-02,2.39687500e+00,-2.00000000e-02,-1.31250000e-01
-1.74160000e-07,8.75000000e-02,2.70937500e+00,-2.75000000e-02,-1.09375000e-02
-1.73840000e-07,2.50000000e-02,2.57187500e+00,-1.62500000e-02,-3.75000000e-02
-1.73520000e-07,1.00000000e-01,2.53437500e+00,-1.12500000e-02,-7.10937500e-02
-1.73200000e-07,1.12500000e-01,2.47187500e+00,-5.12500000e-02,-4.60937500e-02
-1.72880000e-07,6.25000000e-02,2.65937500e+00,-5.87500000e-02,-7.18750000e-02
-1.72560000e-07,1.62500000e-01,2.45937500e+00,-2.81250000e-02,-1.39062500e-01
-1.72240000e-07,1.00000000e-01,2.49687500e+00,-2.81250000e-02,-5.93750000e-02
-1.71920000e-07,7.50000000e-02,2.58437500e+00,-3.25000000e-02,-5.62500000e-02
-1.71600000e-07,3.75000000e-02,2.55937500e+00,-9.37500000e-03,-6.79687500e-02
-1.71280000e-07,-1.25000000e-02,2.52187500e+00,-1.87500000e-02,-7.96875000e-02
-1.70960000e-07,1.25000000e-01,2.68437500e+00,-9.37500000e-03,-5.31250000e-02
-1.70640000e-07,1.00000000e-01,2.62187500e+00,-3.37500000e-02,-1.00781250e-01
-1.70320000e-07,1.12500000e-01,2.48437500e+00,-4.62500000e-02,-1.60156250e-01
-1.70000000e-07,5.00000000e-02,2.45937500e+00,-1.18750000e-02,-5.93750000e-02
-1.69680000e-07,8.75000000e-02,2.63437500e+00,-1.43750000e-02,-4.60937500e-02
-1.69360000e-07,-6.25000000e-02,2.65937500e+00,6.25000000e-04,-4.60937500e-02
-1.69040000e-07,1.37500000e-01,2.82187500e+00,-3.12500000e-02,-1.02343750e-01
-1.68720000e-07,1.25000000e-01,2.54687500e+00,-3.62500000e-02,-1.49218750e-01
-1.68400000e-07,3.75000000e-02,2.60937500e+00,-4.12500000e-02,-6.95312500e-02
-1.68080000e-07,5.00000000e-02,2.52187500e+00,-4.06250000e-02,-3.35937500e-02
-1.67760000e-07,6.25000000e-02,2.48437500e+00,-2.18750000e-02,-2.34375000e-02
-1.67440000e-07,8.75000000e-02,2.44687500e+00,-3.62500000e-02,-8.20312500e-02
-1.67120000e-07,1.62500000e-01,2.49687500e+00,-1.93750000e-02,-1.19531250e-01
-1.66800000e-07,1.62500000e-01,2.47187500e+00,-3.37500000e-02,-2.10937500e-02
-1.66480000e-07,6.25000000e-02,2.63437500e+00,-1.43750000e-02,-3.82812500e-02
-1.66160000e-07,5.00000000e-02,2.53437500e+00,-2.87500000e-02,-7.10937500e-02
-1.65840000e-07,-1.25000000e-02,2.70937500e+00,-2.12500000e-02,-4.68750000e-03
-1.65520000e-07,1.25000000e-01,2.74687500e+00,-3.62500000e-02,1.95312500e-02
-1.65200000e-07,1.25000000e-02,2.53437500e+00,6.25000000e-04,7.81250000e-04
-1.64880000e-07,1.00000000e-01,2.59687500e+00,-3.93750000e-02,8.59375000e-03
-1.64560000e-07,6.25000000e-02,2.57187500e+00,-2.81250000e-02,-2.34375000e-02
-1.64240000e-07,6.25000000e-02,2.52187500e+00,5.62500000e-03,-1.16406250e-01
-1.63920000e-07,8.75000000e-02,2.64687500e+00,-2.50000000e-02,-9.37500000e-02
-1.63600000e-07,1.25000000e-02,2.45937500e+00,-4.37500000e-03,-1.56250000e-02
-1.63280000e-07,1.25000000e-01,2.57187500e+00,-1.93750000e-02,-2.73437500e-02
-1.62960000e-07,1.62500000e-01,2.54687500e+00,-2.62500000e-02,-6.95312500e-02
-1.62640000e-07,8.75000000e-02,2.58437500e+00,-1.75000000e-02,-6.71875000e-02
-1.62320000e-07,5.00000000e-02,2.50937500e+00,-3.93750000e-02,-5.93750000e-02
-1.62000000e-07,6.25000000e-02,2.54687500e+00,-3.25000000e-02,-9.84375000e-02
-1.61680000e-07,0.00000000e+00,2.52187500e+00,-6.87500000e-03,-2.65625000e-02
-1.61360000e-07,-7.50000000e-02,2.47187500e+00,-4.06250000e-02,-2.26562500e-02
-1.61040000e-07,-6.25000000e-02,2.49687500e+00,-1.62500000e-02,-3.67187500e-02
-1.60720000e-07,1.25000000e-02,2.67187500e+00,1.06250000e-02,-4.60937500e-02
-1.60400000e-07,1.37500000e-01,2.47187500e+00,-3.12500000e-02,7.03125000e-03
-1.60080000e-07,1.50000000e-01,2.49687500e+00,-2.81250000e-02,7.81250000e-04
-1.59760000e-07,1.25000000e-01,2.57187500e+00,-1.87500000e-03,-6.25000000e-03
-1.59440000e-07,6.25000000e-02,2.55937500e+00,-6.25000000e-03,2.34375000e-03
-1.59120000e-07,1.00000000e-01,2.62187500e+00,-3.37500000e-02,-1.48437500e-02
-1.58800000e-07,1.25000000e-01,2.60937500e+00,-4.12500000e-02,-1.17187500e-02
-1.58480000e-07,2.50000000e-02,2.50937500e+00,-1.75000000e-02,2.03125000e-02
-1.58160000e-07,-1.25000000e-02,2.58437500e+00,-2.87500000e-02,3.12500000e-02
-1.57840000e-07,1.12500000e-01,2.55937500e+00,-2.12500000e-02,4.76562500e-02
-1.57520000e-07,1.25000000e-02,2.65937500e+00,6.25000000e-04,-4.06250000e-02
-1.57200000e-07,2.50000000e-01,2.44687500e+00,-2.87500000e-02,-8.98437500e-02
-1.56880000e-07,1.75000000e-01,2.53437500e+00,-1.18750000e-02,-1.22656250e-01
-1.56560000e-07,6.25000000e-02,2.42187500e+00,-2.68750000e-02,-4.14062500e-02
-1.56240000e-07,7.50000000e-02,2.55937500e+00,-1.68750000e-02,-1.25000000e-02
-1.55920000e-07,1.12500000e-01,2.55937500e+00,-2.31250000e-02,-3.35937500e-02
-1.55600000e-07,-1.25000000e-02,2.62187500e+00,-5.87500000e-02,2.81250000e-02
-1.55280000e-07,1.12500000e-01,2.50937500e+00,-1.37500000e-02,1.01562500e-02
-1.54960000e-07,2.12500000e-01,2.53437500e+00,-2.18750000e-02,-1.95312500e-02
-1.54640000e-07,1.00000000e-01,2.52187500e+00,-3.37500000e-02,1.71875000e-02
-1.54320000e-07,1.00000000e-01,2.40937500e+00,-3.87500000e-02,-5.39062500e-02
-1.54000000e-07,1.37500000e-01,2.50937500e+00,-4.12500000e-02,-5.39062500e-02
-1.53680000e-07,2.50000000e-02,2.60937500e+00,-2.12500000e-02,-5.85937500e-02
-1.53360000e-07,-3.75000000e-02,2.57187500e+00,-5.00000000e-03,6.87500000e-02
-1.53040000e-07,7.50000000e-02,2.57187500e+00,-4.06250000e-02,3.82812500e-02
-1.52720000e-07,8.75000000e-02,2.45937500e+00,1.62500000e-02,-4.45312500e-02
-1.52400000e-07,6.25000000e-02,2.65937500e+00,-1.37500000e-02,-7.42187500e-02
-1.52080000e-07,1.00000000e-01,2.49687500e+00,-9.37500000e-03,-8.35937500e-02
-1.51760000e-07,5.00000000e-02,2.54687500e+00,-1.87500000e-03,-9.37500000e-02
-1.51440000e-07,8.75000000e-02,2.62187500e+00,-3.06250000e-02,-2.10937500e-02
-1.51120000e-07,1.12500000e-01,2.70937500e+00,-2.00000000e-02,-3.12500000e-02
-1.50800000e-07,3.75000000e-02,2.43437500e+00,-1.93750000e-02,-2.81250000e-02
-1.50480000e-07,1.12500000e-01,2.43437500e+00,-7.50000000e-03,-7.81250000e-03
-1.50160000e-07,-5.00000000e-02,2.63437500e+00,-6.43750000e-02,-7.81250000e-02
-1.49840000e-07,-6.25000000e-02,2.59687500e+00,-3.00000000e-02,-3.59375000e-02
-1.49520000e-07,6.25000000e-02,2.50937500e+00,-1.25000000e-03,1.87500000e-02
-1.49200000e-07,8.75000000e-02,2.58437500e+00,-2.18750000e-02,-8.51562500e-02
-1.48880000e-07,6.25000000e-02,2.48437500e+00,-1.18750000e-02,-7.34375000e-02
-1.48560000e-07,1.00000000e-01,2.53437500e+00,-1.18750000e-02,-5.00000000e-02
-1.48240000e-07,1.50000000e-01,2.52187500e+00,-1.18750000e-02,-1.87500000e-02
-1.47920000e-07,1.00000000e-01,2.53437500e+00,-1.18750000e-02,4.06250000e-02
-1.47600000e-07,8.75000000e-02,2.45937500e+00,-1.75000000e-02,6.25000000e-03
-1.47280000e-07,2.50000000e-02,2.47187500e+00,-2.56250000e-02,-2.81250000e-02
-1.46960000e-07,1.50000000e-01,2.47187500e+00,-6.25000000e-03,-4.21875000e-02
-1.46640000e-07,1.50000000e-01,2.64687500e+00,-9.37500000e-03,-3.04687500e-02
-1.46320000e-07,1.00000000e-01,2.49687500e+00,-3.87500000e-02,-7.03125000e-03
-1.46000000e-07,3.75000000e-02,2.50937500e+00,-3.75000000e-02,-8.28125000e-02
-1.45680000e-07,1.37500000e-01,2.69687500e+00,-1.68750000e-02,-9.45312500e-02
-1.45360000e-07,1.12500000e-01,2.60937500e+00,-4.00000000e-02,-8.82812500e-02
-1.45040000e-07,0.00000000e+00,2.45937500e+00,3.75000000e-03,-5.15625000e-02
-1.44720000e-07,2.00000000e-01,2.68437500e+00,3.75000000e-03,-5.07812500e-02
-1.44400000e-07,1.12500000e-01,2.42187500e+00,-1.18750000e-02,-1.00781250e-01
-1.44080000e-07,1.37500000e-01,2.43437500e+00,-3.12500000e-02,-6.25000000e-02
-1.43760000e-07,-2.50000000e-02,2.50937500e+00,-2.62500000e-02,-7.81250000e-02
-1.43440000e-07,1.25000000e-01,2.57187500e+00,-4.87500000e-02,-1.00781250e-01
-1.43120000e-07,8.75000000e-02,2.44687500e+00,-3.75000000e-03,-3.43750000e-02
-1.42800000e-07,-1.25000000e-02,2.62187500e+00,-2.00000000e-02,-6.64062500e-02
-1.42480000e-07,1.37500000e-01,2.62187500e+00,-3.37500000e-02,-9.84375000e-02
-1.42160000e-07,1.25000000e-02,2.72187500e+00,-8.75000000e-03,-6.01562500e-02
-1.41840000e-07,1.62500000e-01,2.62187500e+00,-4.37500000e-03,-3.20312500e-02
-1.41520000e-07,1.00000000e-01,2.50937500e+00,-2.62500000e-02,-1.01562500e-01
-1.41200000e-07,-7.50000000e-02,2.58437500e+00,-4.12500000e-02,-7.26562500e-02
-1.40880000e-07,-3.75000000e-02,2.55937500e+00,-1.43750000e-02,-9.21875000e-02
-1.40560000e-07,5.00000000e-02,2.54687500e+00,-2.25000000e-02,-1.39062500e-01
-1.40240000e-07,5.00000000e-02,2.55937500e+00,-1.68750000e-02,-5.62500000e-02
-1.39920000e-07,8.75000000e-02,2.50937500e+00,-1.93750000e-02,-3.43750000e-02
-1.39600000e-07,7.50000000e-02,2.50937500e+00,-2.56250000e-02,-4.37500000e-02
-1.39280000e-07,-6.25000000e-02,2.52187500e+00,-3.62500000e-02,-7.18750000e-02
-1.38960000e-07,1.25000000e-01,2.65937500e+00,-4.12500000e-02,-1.12500000e-01
-1.38640000e-07,5.00000000e-02,2.47187500e+00,-1.18750000e-02,-5.31250000e-02
-1.38320000e-07,1.87500000e-01,2.55937500e+00,3.12500000e-03,3.98437500e-02
-1.38000000e-07,8.75000000e-02,2.63437500e+00,-1.50000000e-02,3.35937500e-02
-1.37680000e-07,1.75000000e-01,2.54687500e+00,-4.37500000e-02,1.95312500e-02
-1.37360000e-07,2.25000000e-01,2.48437500e+00,-4.81250000e-02,-7.81250000e-04
-1.37040000e-07,8.75000000e-02,2.60937500e+00,-2.81250000e-02,-3.90625000e-03
-1.36720000e-07,2.12500000e-01,2.44687500e+00,-4.00000000e-02,-8.12500000e-02
-1.36400000e-07,8.75000000e-02,2.60937500e+00,1.25000000e-03,-9.21875000e-02
-1.36080000e-07,-6.25000000e-02,2.48437500e+00,-6.25000000e-03,-6.48437500e-02
-1.35760000e-07,1.87500000e-01,2.58437500e+00,8.12500000e-03,1.32812500e-02
-1.35440000e-07,2.50000000e-02,2.54687500e+00,-2.00000000e-02,-1.25000000e-02
-1.35120000e-07,-8.75000000e-02,2.65937500e+00,-2.87500000e-02,-6.01562500e-02
-1.34800000e-07,6.25000000e-02,2.54687500e+00,-3.50000000e-02,-5.00000000e-02
-1.34480000e-07,3.75000000e-02,2.52187500e+00,-1.25000000e-03,-4.53125000e-02
-1.34160000e-07,1.00000000e-01,2.63437500e+00,-3.56250000e-02,-5.46875000e-03
-1.33840000e-07,8.75000000e-02,2.59687500e+00,-2.56250000e-02,-7.42187500e-02
-1.33520000e-07,2.50000000e-02,2.53437500e+00,-2.62500000e-02,-4.60937500e-02
-1.33200000e-07,2.00000000e-01,2.53437500e+00,-2.56250000e-02,2.57812500e-02
-1.32880000e-07,8.75000000e-02,2.44687500e+00,-3.06250000e-02,2.96875000e-02
-1.32560000e-07,-1.25000000e-02,2.63437500e+00,-9.37500000e-03,5.46875000e-02
-1.32240000e-07,6.25000000e-02,2.45937500e+00,-4.81250000e-02,2.73437500e-02
-1.31920000e-07,1.25000000e-02,2.58437500e+00,-2.56250000e-02,-1.79687500e-02
-1.31600000e-07,2.50000000e-02,2.42187500e+00,-3.81250000e-02,-1.04687500e-01
-1.31280000e-07,0.00000000e+00,2.62187500e+00,-4.06250000e-02,-5.85937500e-02
-1.30960000e-07,0.00000000e+00,2.48437500e+00,-4.06250000e-02,1.09375000e-02
-1.30640000e-07,1.25000000e-01,2.53437500e+00,-3.75000000e-03,1.71875000e-02
-1.30320000e-07,8.75000000e-02,2.60937500e+00,-1.43750000e-02,-6.25000000e-03
-1.30000000e-07,-7.50000000e-02,2.52187500e+00,-2.56250000e-02,1.25000000e-02
-1.29680000e-07,1.00000000e-01,2.50937500e+00,-3.06250000e-02,4.76562500e-02
-1.29360000e-07,1.37500000e-01,2.58437500e+00,6.25000000e-04,-3.98437500e-02
-1.29040000e-07,2.50000000e-02,2.54687500e+00,-3.87500000e-02,-7.81250000e-02
-1.28720000e-07,2.00000000e-01,2.49687500e+00,-3.12500000e-02,0.00000000e+00
-1.28400000e-07,8.75000000e-02,2.49687500e+00,-1.43750000e-02,-4.14062500e-02
-1.28080000e-07,1.50000000e-01,2.69687500e+00,-1.68750000e-02,-5.07812500e-02
-1.27760000e-07,6.25000000e-02,2.59687500e+00,-1.87500000e-03,1.09375000e-02
-1.27440000e-07,1.37500000e-01,2.63437500e+00,-1.18750000e-02,-4.53125000e-02
-1.27120000e-07,7.50000000e-02,2.52187500e+00,-9.37500000e-03,-7.81250000e-04
-1.26800000e-07,2.00000000e-01,2.59687500e+00,-1.43750000e-02,2.81250000e-02
-1.26480000e-07,1.25000000e-01,2.53437500e+00,-1.43750000e-02,-4.92187500e-02
-1.26160000e-07,5.00000000e-02,2.67187500e+00,-3.12500000e-02,-4.53125000e-02
-1.25840000e-07,1.25000000e-02,2.60937500e+00,-3.56250000e-02,-1.09375000e-02
-1.25520000e-07,3.75000000e-02,2.58437500e+00,-1.18750000e-02,-7.10937500e-02
-1.25200000e-07,1.00000000e-01,2.55937500e+00,-8.75000000e-03,-1.12500000e-01
-1.24880000e-07,1.87500000e-01,2.65937500e+00,-3.12500000e-02,-1.13281250e-01
-1.24560000e-07,1.62500000e-01,2.53437500e+00,-1.18750000e-02,-3.20312500e-02
-1.24240000e-07,1.00000000e-01,2.63437500e+00,-5.00000000e-03,-3.59375000e-02
-1.23920000e-07,1.75000000e-01,2.58437500e+00,-2.81250000e-02,-1.07031250e-01
-1.23600000e-07,2.50000000e-02,2.57187500e+00,-1.25000000e-02,-9.68750000e-02
-1.23280000e-07,1.25000000e-01,2.60937500e+00,-3.81250000e-02,-6.09375000e-02
-1.22960000e-07,8.75000000e-02,2.48437500e+00,-3.75000000e-03,-4.76562500e-02
-1.22640000e-07,6.25000000e-02,2.45937500e+00,-1.37500000e-02,-7.18750000e-02
-1.22320000e-07,3.75000000e-02,2.59687500e+00,-1.25000000e-02,-8.75000000e-02
-1.22000000e-07,1.75000000e-01,2.52187500e+00,-6.12500000e-02,-5.00000000e-02
-1.21680000e-07,2.25000000e-01,2.57187500e+00,-8.75000000e-03,-1.15625000e-01
-1.21360000e-07,1.25000000e-01,2.54687500e+00,1.56250000e-02,-1.09375000e-01
-1.21040000e-07,1.37500000e-01,2.69687500e+00,-3.37500000e-02,-1.14062500e-01
-1.20720000e-07,1.00000000e-01,2.45937500e+00,-4.12500000e-02,-7.10937500e-02
-1.20400000e-07,1.75000000e-01,2.62187500e+00,-3.87500000e-02,-2.81250000e-02
-1.20080000e-07,1.62500000e-01,2.64687500e+00,-2.81250000e-02,-1.39062500e-01
-1.19760000e-07,1.12500000e-01,2.48437500e+00,-2.12500000e-02,-1.07031250e-01
-1.19440000e-07,6.25000000e-02,2.55937500e+00,-1.68750000e-02,4.92187500e-02
-1.19120000e-07,1.12500000e-01,2.70937500e+00,-2.25000000e-02,2.73437500e-02
-1.18800000e-07,-6.56250000e-02,2.63437500e+00,6.25000000e-04,-5.00000000e-02
-1.18480000e-07,-8.75000000e-02,2.48437500e+00,-1.75000000e-02,-1.58593750e-01
-1.18160000e-07,1.78125000e-01,2.53437500e+00,-4.81250000e-02,-1.23437500e-01
-1.17840000e-07,6.25000000e-02,2.59687500e+00,-8.75000000e-03,-1.00000000e-01
-1.17520000e-07,1.50000000e-01,2.45937500e+00,8.75000000e-03,-1.10156250e-01
-1.17200000e-07,1.25000000e-02,2.67187500e+00,-1.25000000e-02,2.26562500e-02
-1.16880000e-07,1.87500000e-01,2.40937500e+00,-3.06250000e-02,2.18750000e-02
-1.16560000e-07,1.00000000e-01,2.58437500e+00,-1.93750000e-02,-2.57812500e-02
-1.16240000e-07,6.25000000e-02,2.53437500e+00,-4.81250000e-02,-5.31250000e-02
-1.15920000e-07,-5.00000000e-02,2.47187500e+00,-2.18750000e-02,-1.12500000e-01
-1.15600000e-07,1.37500000e-01,2.37187500e+00,-3.56250000e-02,-9.53125000e-02
-1.15280000e-07,2.25000000e-01,2.44687500e+00,1.62500000e-02,-3.59375000e-02
-1.14960000e-07,-1.25000000e-02,2.48437500e+00,-1.87500000e-03,-2.34375000e-03
-1.14640000e-07,-3.75000000e-02,2.57187500e+00,-5.37500000e-02,-4.21875000e-02
-1.14320000e-07,-1.25000000e-02,2.54687500e+00,-1.12500000e-02,-1.70312500e-01
-1.14000000e-07,8.75000000e-02,2.45937500e+00,-3.12500000e-02,-1.34375000e-01
-1.13680000e-07,-1.25000000e-02,2.52187500e+00,-1.93750000e-02,-6.25000000e-02
-1.13360000e-07,3.75000000e-02,2.55937500e+00,-3.18750000e-02,-8.28125000e-02
-1.13040000e-07,1.00000000e-01,2.48437500e+00,-3.81250000e-02,-1.03125000e-01
-1.12720000e-07,1.25000000e-02,2.57187500e+00,-9.37500000e-03,-1.64062500e-02
-1.12400000e-07,2.00000000e-01,2.47187500e+00,-1.68750000e-02,4.45312500e-02
-1.12080000e-07,5.00000000e-02,2.64687500e+00,-2.81250000e-02,1.40625000e-02
-1.11760000e-07,1.25000000e-02,2.68437500e+00,-1.62500000e-02,3.28125000e-02
-1.11440000e-07,1.75000000e-01,2.50937500e+00,6.25000000e-03,2.57812500e-02
-1.11120000e-07,2.50000000e-02,2.43437500e+00,-1.68750000e-02,-1.56250000e-02
-1.10800000e-07,6.25000000e-02,2.58437500e+00,-1.87500000e-03,-8.28125000e-02
-1.10480000e-07,8.75000000e-02,2.50937500e+00,-4.37500000e-02,-8.90625000e-02
-1.10160000e-07,2.50000000e-02,2.64687500e+00,-2.18750000e-02,-1.15625000e-01
-1.09840000e-07,1.25000000e-02,2.49687500e+00,-2.06250000e-02,-3.12500000e-03
-1.09520000e-07,1.00000000e-01,2.57187500e+00,-4.81250000e-02,3.51562500e-02
-1.09200000e-07,5.00000000e-02,2.64687500e+00,-1.93750000e-02,-1.56250000e-02
-1.08880000e-07,7.50000000e-02,2.59687500e+00,-2.75000000e-02,-1.21875000e-01
-1.08560000e-07,1.25000000e-01,2.65937500e+00,-2.18750000e-02,-1.63281250e-01
-1.08240000e-07,2.62500000e-01,2.65937500e+00,-8.75000000e-03,-1.33593750e-01
-1.07920000e-07,1.25000000e-01,2.42187500e+00,-1.00000000e-02,-5.54687500e-02
-1.07600000e-07,1.25000000e-02,2.77187500e+00,-2.18750000e-02,-4.84375000e-02
-1.07280000e-07,7.50000000e-02,2.43437500e+00,-1.50000000e-02,-9.37500000e-03
-1.06960000e-07,1.25000000e-02,2.59687500e+00,-4.62500000e-02,-4.06250000e-02
-1.06640000e-07,3.75000000e-02,2.50937500e+00,-1.93750000e-02,1.56250000e-03
-1.06320000e-07,6.25000000e-02,2.58437500e+00,-3.12500000e-02,3.51562500e-02
-1.06000000e-07,8.75000000e-02,2.52187500e+00,-1.12500000e-02,-5.23437500e-02
-1.05680000e-07,6.25000000e-02,2.58437500e+00,-1.00000000e-02,-5.85937500e-02
-1.05360000e-07,0.00000000e+00,2.49687500e+00,-4.87500000e-02,-5.31250000e-02
-1.05040000e-07,6.25000000e-02,2.65937500e+00,-6.87500000e-03,-6.40625000e-02
-1.04720000e-07,2.12500000e-01,2.50937500e+00,-3.62500000e-02,-4.92187500e-02
-1.04400000e-07,1.62500000e-01,2.70937500e+00,-2.75000000e-02,2.42187500e-02
-1.04080000e-07,1.50000000e-01,2.53437500e+00,-3.31250000e-02,-4.21875000e-02
-1.03760000e-07,5.00000000e-02,2.50937500e+00,-1.12500000e-02,-4.21875000e-02
-1.03440000e-07,5.00000000e-02,2.53437500e+00,-1.25000000e-02,-1.56250000e-02
-1.03120000e-07,7.50000000e-02,2.62187500e+00,6.25000000e-04,-7.50000000e-02
-1.02800000e-07,1.00000000e-01,2.53437500e+00,-2.87500000e-02,3.12500000e-02
-1.02480000e-07,3.75000000e-02,2.64687500e+00,-1.93750000e-02,3.12500000e-03
-1.02160000e-07,6.25000000e-02,2.55937500e+00,2.50000000e-03,7.03125000e-03
-1.01840000e-07,2.50000000e-02,2.55937500e+00,-2.56250000e-02,5.31250000e-02
-1.01520000e-07,1.75000000e-01,2.55937500e+00,-3.62500000e-02,1.25000000e-02
-1.01200000e-07,2.25000000e-01,2.59687500e+00,-2.87500000e-02,-2.26562500e-02
-1.00880000e-07,-2.50000000e-02,2.58437500e+00,-3.56250000e-02,-3.90625000e-02
-1.00560000e-07,1.25000000e-01,2.55937500e+00,3.12500000e-02,7.81250000e-04
-1.00240000e-07,1.75000000e-01,2.47187500e+00,-4.31250000e-02,-5.70312500e-02
-9.99200000e-08,1.12500000e-01,2.48437500e+00,-1.43750000e-02,-1.25781250e-01
-9.96000000e-08,1.50000000e-01,2.49687500e+00,-7.50000000e-03,-2.00000000e-01
-9.92800000e-08,7.50000000e-02,2.70937500e+00,-2.87500000e-02,-1.42968750e-01
-9.89600000e-08,1.00000000e-01,2.53437500e+00,-2.18750000e-02,-5.46875000e-02
-9.86400000e-08,6.25000000e-02,2.47187500e+00,-1.31250000e-02,-2.10937500e-02
-9.83200000e-08,7.50000000e-02,2.57187500e+00,-3.56250000e-02,-1.71875000e-02
-9.80000000e-08,2.50000000e-02,2.54687500e+00,8.75000000e-03,-8.28125000e-02
-9.76800000e-08,5.00000000e-02,2.58437500e+00,-2.81250000e-02,-2.26562500e-02
-9.73600000e-08,1.62500000e-01,2.68437500e+00,5.62500000e-03,-5.00000000e-02
-9.70400000e-08,6.25000000e-02,2.60937500e+00,0.00000000e+00,-8.35937500e-02
-9.67200000e-08,3.75000000e-02,2.60937500e+00,-1.43750000e-02,-3.82812500e-02
-9.64000000e-08,1.87500000e-01,2.54687500e+00,-1.43750000e-02,3.75000000e-02
-9.60800000e-08,1.62500000e-01,2.65937500e+00,-6.87500000e-03,7.81250000e-04
-9.57600000e-08,3.75000000e-02,2.49687500e+00,-6.87500000e-03,-6.79687500e-02
-9.54400000e-08,3.75000000e-02,2.57187500e+00,3.12500000e-03,-1.54687500e-01
-9.51200000e-08,1.62500000e-01,2.59687500e+00,-2.25000000e-02,-1.21093750e-01
-9.48000000e-08,1.12500000e-01,2.60937500e+00,-5.37500000e-02,-5.46875000e-02
-9.44800000e-08,8.75000000e-02,2.55937500e+00,-1.37500000e-02,-3.43750000e-02
-9.41600000e-08,1.50000000e-01,2.65937500e+00,-2.62500000e-02,-3.59375000e-02
-9.38400000e-08,1.25000000e-02,2.65937500e+00,-5.37500000e-02,-8.04687500e-02
-9.35200000e-08,8.75000000e-02,2.55937500e+00,-1.43750000e-02,-2.89062500e-02
-9.32000000e-08,1.37500000e-01,2.57187500e+00,-4.37500000e-03,5.93750000e-02
-9.28800000e-08,1.25000000e-01,2.54687500e+00,-7.50000000e-03,4.21875000e-02
-9.25600000e-08,1.50000000e-01,2.49687500e+00,-3.87500000e-02,5.07812500e-02
-9.22400000e-08,-1.25000000e-02,2.69687500e+00,-4.06250000e-02,2.10937500e-02
-9.19200000e-08,-5.00000000e-02,2.59687500e+00,-2.50000000e-02,3.04687500e-02
-9.16000000e-08,1.00000000e-01,2.52187500e+00,-1.12500000e-02,8.67187500e-02
-9.12800000e-08,2.00000000e-01,2.58437500e+00,-1.18750000e-02,6.87500000e-02
-9.09600000e-08,1.37500000e-01,2.50937500e+00,-4.37500000e-02,1.25000000e-02
-9.06400000e-08,0.00000000e+00,2.45937500e+00,-3.56250000e-02,-5.46875000e-02
-9.03200000e-08,6.25000000e-02,2.50937500e+00,-1.93750000e-02,-1.32031250e-01
-9.00000000e-08,1.12500000e-01,2.62187500e+00,-4.37500000e-02,-7.26562500e-02
-8.96800000e-08,1.75000000e-01,2.70937500e+00,-3.50000000e-02,-6.87500000e-02
-8.93600000e-08,8.75000000e-02,2.54687500e+00,6.25000000e-03,-1.48437500e-02
-8.90400000e-08,1.25000000e-02,2.52187500e+00,-8.75000000e-03,-7.81250000e-03
-8.87200000e-08,2.50000000e-01,2.63437500e+00,-6.87500000e-03,3.12500000e-02
-8.84000000e-08,1.12500000e-01,2.57187500e+00,-1.50000000e-02,-3.90625000e-02
-8.80800000e-08,3.75000000e-02,2.44687500e+00,-2.87500000e-02,-1.09375000e-01
-8.77600000e-08,1.00000000e-01,2.67187500e+00,-3.00000000e-02,-1.07031250e-01
-8.74400000e-08,2.50000000e-02,2.57187500e+00,-1.37500000e-02,-4.21875000e-02
-8.71200000e-08,1.12500000e-01,2.57187500e+00,-9.37500000e-03,2.89062500e-02
-8.68000000e-08,7.50000000e-02,2.53437500e+00,-3.87500000e-02,7.10937500e-02
-8.64800000e-08,2.50000000e-01,2.64687500e+00,-1.68750000e-02,6.71875000e-02
-8.61600000e-08,2.50000000e-02,2.65937500e+00,-3.81250000e-02,2.65625000e-02
-8.58400000e-08,0.00000000e+00,2.49687500e+00,2.62500000e-02,-3.90625000e-03
-8.55200000e-08,2.25000000e-01,2.40937500e+00,-1.43750000e-02,-3.28125000e-02
-8.52000000e-08,6.25000000e-02,2.62187500e+00,-2.56250000e-02,-9.37500000e-03
-8.48800000e-08,1.50000000e-01,2.63437500e+00,-2.56250000e-02,-2.50000000e-02
-8.45600000e-08,7.50000000e-02,2.55937500e+00,-4.81250000e-02,-5.15625000e-02
-8.42400000e-08,1.87500000e-01,2.54687500e+00,-4.12500000e-02,-1.40625000e-02
-8.39200000e-08,6.25000000e-02,2.73437500e+00,-3.56250000e-02,-4.68750000e-02
-8.36000000e-08,7.50000000e-02,2.67187500e+00,-2.50000000e-02,-4.92187500e-02
-8.32800000e-08,7.50000000e-02,2.59687500e+00,1.87500000e-02,-3.12500000e-02
-8.29600000e-08,2.50000000e-02,2.52187500e+00,-1.43750000e-02,4.68750000e-03
-8.26400000e-08,1.50000000e-01,2.63437500e+00,-4.87500000e-02,-1.56250000e-03
-8.23200000e-08,1.62500000e-01,2.64687500e+00,-3.75000000e-02,1.71875000e-02
-8.20000000e-08,1.62500000e-01,2.63437500e+00,6.25000000e-03,-1.25000000e-02
-8.16800000e-08,5.00000000e-02,2.44687500e+00,-2.81250000e-02,-2.96875000e-02
-8.13600000e-08,1.75000000e-01,2.57187500e+00,-1.43750000e-02,4.06250000e-02
-8.10400000e-08,7.50000000e-02,2.54687500e+00,-5.62500000e-03,-7.81250000e-04
-8.07200000e-08,2.25000000e-01,2.44687500e+00,-3.81250000e-02,-1.95312500e-02
-8.04000000e-08,3.00000000e-01,2.52187500e+00,-1.62500000e-02,-8.12500000e-02
-8.00800000e-08,-5.00000000e-02,2.63437500e+00,-1.62500000e-02,-1.02343750e-01
-7.97600000e-08,3.75000000e-02,2.63437500e+00,-6.87500000e-03,-2.42187500e-02
-7.94400000e-08,-2.50000000e-02,2.69687500e+00,-2.56250000e-02,-1.24218750e-01
-7.91200000e-08,5.00000000e-02,2.57187500e+00,3.12500000e-03,-1.23437500e-01
-7.88000000e-08,1.37500000e-01,2.73437500e+00,-1.93750000e-02,-6.71875000e-02
-7.84800000e-08,8.75000000e-02,2.58437500e+00,-1.93750000e-02,-5.62500000e-02
-7.81600000e-08,1.50000000e-01,2.45937500e+00,-2.00000000e-02,-4.53125000e-02
-7.78400000e-08,1.00000000e-01,2.68437500e+00,-2.56250000e-02,-2.18750000e-02
-7.75200000e-08,2.00000000e-01,2.55937500e+00,-1.87500000e-02,-1.48437500e-02
-7.72000000e-08,2.37500000e-01,2.47187500e+00,-3.75000000e-03,-3.82812500e-02
-7.68800000e-08,2.12500000e-01,2.48437500e+00,-4.31250000e-02,-9.29687500e-02
-7.65600000e-08,1.87500000e-01,2.49687500e+00,-1.18750000e-02,-6.64062500e-02
-7.62400000e-08,1.25000000e-01,2.63437500e+00,-2.62500000e-02,-7.81250000e-03
-7.59200000e-08,7.50000000e-02,2.55937500e+00,-1.18750000e-02,1.09375000e-02
-7.56000000e-08,1.00000000e-01,2.55937500e+00,-2.06250000e-02,7.03125000e-03
-7.52800000e-08,7.50000000e-02,2.55937500e+00,-2.18750000e-02,-7.96875000e-02
-7.49600000e-08,6.25000000e-02,2.74687500e+00,-3.12500000e-02,-1.58593750e-01
-7.46400000e-08,6.25000000e-02,2.64687500e+00,-1.93750000e-02,-7.03125000e-03
-7.43200000e-08,8.75000000e-02,2.73437500e+00,-7.50000000e-03,9.84375000e-02
-7.40000000e-08,1.25000000e-01,2.55937500e+00,-3.12500000e-02,2.57812500e-02
-7.36800000e-08,7.50000000e-02,2.55937500e+00,-2.56250000e-02,-1.04687500e-01
-7.33600000e-08,2.62500000e-01,2.60937500e+00,-5.93750000e-02,-4.84375000e-02
-7.30400000e-08,1.75000000e-01,2.62187500e+00,-6.06250000e-02,6.25000000e-02
-7.27200000e-08,1.25000000e-01,2.40937500e+00,-1.18750000e-02,4.21875000e-02
-7.24000000e-08,1.00000000e-01,2.59687500e+00,2.50000000e-03,-2.18750000e-02
-7.20800000e-08,1.25000000e-02,2.52187500e+00,-1.18750000e-02,-3.12500000e-02
-7.17600000e-08,1.12500000e-01,2.59687500e+00,-1.68750000e-02,4.68750000e-03
-7.14400000e-08,2.12500000e-01,2.49687500e+00,-4.37500000e-03,-2.03125000e-02
-7.11200000e-08,1.62500000e-01,2.64687500e+00,-6.87500000e-03,-4.14062500e-02
-7.08000000e-08,-8.75000000e-02,2.52187500e+00,-6.87500000e-03,-3.12500000e-02
-7.04800000e-08,1.50000000e-01,2.54687500e+00,-2.50000000e-03,1.32812500e-02
-7.01600000e-08,2.00000000e-01,2.49687500e+00,-5.87500000e-02,3.28125000e-02
-6.98400000e-08,-2.50000000e-02,2.65937500e+00,-2.12500000e-02,-3.51562500e-02
-6.95200000e-08,1.25000000e-02,2.60937500e+00,-1.87500000e-03,-7.42187500e-02
-6.92000000e-08,1.87500000e-01,2.75937500e+00,-4.37500000e-03,-9.06250000e-02
-6.88800000e-08,6.25000000e-02,2.52187500e+00,-1.18750000e-02,-6.09375000e-02
-6.85600000e-08,5.00000000e-02,2.62187500e+00,-6.87500000e-03,-3.35937500e-02
-6.82400000e-08,1.12500000e-01,2.59687500e+00,3.12500000e-03,1.17187500e-02
-6.79200000e-08,1.25000000e-01,2.44687500e+00,-1.93750000e-02,9.37500000e-03
-6.76000000e-08,2.37500000e-01,2.63437500e+00,-9.37500000e-03,-4.84375000e-02
-6.72800000e-08,7.50000000e-02,2.70937500e+00,-1.68750000e-02,-5.93750000e-02
-6.69600000e-08,7.50000000e-02,2.54687500e+00,3.12500000e-03,2.03125000e-02
-6.66400000e-08,2.25000000e-01,2.68437500e+00,-1.68750000e-02,3.20312500e-02
-6.63200000e-08,1.12500000e-01,2.53437500e+00,-1.87500000e-03,-2.81250000e-02
-6.60000000e-08,8.75000000e-02,2.60937500e+00,-1.18750000e-02,-5.15625000e-02
-6.56800000e-08,7.50000000e-02,2.67187500e+00,-1.18750000e-02,-4.92187500e-02
-6.53600000e-08,1.00000000e-01,2.59687500e+00,2.06250000e-02,-7.26562500e-02
-6.50400000e-08,7.50000000e-02,2.52187500e+00,-5.00000000e-03,-8.35937500e-02
-6.47200000e-08,1.12500000e-01,2.54687500e+00,-4.12500000e-02,-1.87500000e-02
-6.44000000e-08,7.50000000e-02,2.55937500e+00,-1.37500000e-02,3.12500000e-03
-6.40800000e-08,8.75000000e-02,2.62187500e+00,-9.37500000e-03,-4.68750000e-03
-6.37600000e-08,1.25000000e-01,2.58437500e+00,-4.37500000e-03,-2.03125000e-02
-6.34400000e-08,5.00000000e-02,2.50937500e+00,1.81250000e-02,-3.90625000e-02
-6.31200000e-08,1.62500000e-01,2.53437500e+00,-1.75000000e-02,-2.57812500e-02
-6.28000000e-08,1.25000000e-02,2.50937500e+00,-4.81250000e-02,-5.70312500e-02
-6.24800000e-08,2.62500000e-01,2.49687500e+00,-1.25000000e-03,-7.34375000e-02
-6.21600000e-08,1.50000000e-01,2.58437500e+00,-1.93750000e-02,-7.34375000e-02
-6.18400000e-08,2.12500000e-01,2.55937500e+00,-3.56250000e-02,-6.95312500e-02
-6.15200000e-08,2.00000000e-01,2.49687500e+00,8.75000000e-03,-4.68750000e-02
-6.12000000e-08,1.25000000e-01,2.45937500e+00,-2.81250000e-02,-1.01562500e-02
-6.08800000e-08,1.25000000e-01,2.63437500e+00,-4.06250000e-02,-2.57812500e-02
-6.05600000e-08,1.25000000e-02,2.64687500e+00,-3.62500000e-02,-4.60937500e-02
-6.02400000e-08,1.75000000e-01,2.59687500e+00,-1.37500000e-02,-5.23437500e-02
-5.99200000e-08,1.62500000e-01,2.55937500e+00,-2.06250000e-02,-8.28125000e-02
-5.96000000e-08,6.25000000e-02,2.64687500e+00,-3.87500000e-02,-9.06250000e-02
-5.92800000e-08,1.75000000e-01,2.52187500e+00,-2.12500000e-02,-1.27343750e-01
-5.89600000e-08,1.25000000e-01,2.62187500e+00,-4.37500000e-03,-1.97656250e-01
-5.86400000e-08,1.12500000e-01,2.57187500e+00,1.31250000e-02,-1.14843750e-01
-5.83200000e-08,3.75000000e-02,2.60937500e+00,-1.43750000e-02,-7.81250000e-02
-5.80000000e-08,2.62500000e-01,2.45937500e+00,-3.81250000e-02,-8.59375000e-03
-5.76800000e-08,1.50000000e-01,2.45937500e+00,-4.37500000e-03,-2.03125000e-02
-5.73600000e-08,1.25000000e-01,2.47187500e+00,-2.18750000e-02,-8.51562500e-02
-5.70400000e-08,3.75000000e-02,2.60937500e+00,-4.37500000e-03,-9.37500000e-02
-5.67200000e-08,2.50000000e-02,2.64687500e+00,-6.87500000e-03,-1.00000000e-01
-5.64000000e-08,2.00000000e-01,2.63437500e+00,-1.00000000e-02,-1.23437500e-01
-5.60800000e-08,1.87500000e-01,2.49687500e+00,-2.56250000e-02,-1.07812500e-01
-5.57600000e-08,7.50000000e-02,2.54687500e+00,3.75000000e-03,-3.43750000e-02
-5.54400000e-08,1.87500000e-01,2.47187500e+00,-8.75000000e-03,3.12500000e-03
-5.51200000e-08,8.75000000e-02,2.70937500e+00,-1.75000000e-02,-1.14062500e-01
-5.48000000e-08,2.50000000e-01,2.50937500e+00,-3.31250000e-02,-1.13281250e-01
-5.44800000e-08,3.75000000e-02,2.49687500e+00,6.25000000e-03,-1.64062500e-01
-5.41600000e-08,1.62500000e-01,2.62187500e+00,-4.37500000e-03,-1.38281250e-01
-5.38400000e-08,2.50000000e-02,2.68437500e+00,-5.62500000e-02,-3.98437500e-02
-5.35200000e-08,1.62500000e-01,2.45937500e+00,-1.25000000e-03,-4.76562500e-02
-5.32000000e-08,1.75000000e-01,2.60937500e+00,-9.37500000e-03,-1.11718750e-01
-5.28800000e-08,1.12500000e-01,2.58437500e+00,-2.56250000e-02,-8.43750000e-02
-5.25600000e-08,8.75000000e-02,2.53437500e+00,-3.87500000e-02,-7.18750000e-02
-5.22400000e-08,1.37500000e-01,2.50937500e+00,-2.56250000e-02,-4.21875000e-02
-5.19200000e-08,1.37500000e-01,2.54687500e+00,3.12500000e-03,-7.57812500e-02
-5.16000000e-08,1.37500000e-01,2.50937500e+00,-1.87500000e-02,-4.60937500e-02
-5.12800000e-08,3.75000000e-02,2.68437500e+00,-1.68750000e-02,-1.01562500e-02
-5.09600000e-08,3.00000000e-01,2.62187500e+00,-2.18750000e-02,-2.65625000e-02
-5.06400000e-08,2.12500000e-01,2.59687500e+00,-1.18750000e-02,-1.21875000e-01
-5.03200000e-08,7.50000000e-02,2.62187500e+00,-1.93750000e-02,-6.01562500e-02
-5.00000000e-08,1.75000000e-01,2.58437500e+00,-1.43750000e-02,-4.92187500e-02
-4.96800000e-08,7.50000000e-02,2.53437500e+00,-1.18750000e-02,-1.00781250e-01
-4.93600000e-08,-1.00000000e-01,2.68437500e+00,2.81250000e-02,-3.67187500e-02
-4.90400000e-08,1.50000000e-01,2.58437500e+00,-6.87500000e-03,-5.70312500e-02
-4.87200000e-08,2.25000000e-01,2.59687500e+00,3.12500000e-03,-6.32812500e-02
-4.84000000e-08,1.50000000e-01,2.42187500e+00,-2.56250000e-02,9.37500000e-03
-4.80800000e-08,2.00000000e-01,2.62187500e+00,-1.25000000e-02,-7.18750000e-02
-4.77600000e-08,1.00000000e-01,2.69687500e+00,-4.12500000e-02,-9.06250000e-02
-4.74400000e-08,1.12500000e-01,2.48437500e+00,-2.50000000e-02,-8.51562500e-02
-4.71200000e-08,2.12500000e-01,2.57187500e+00,-1.62500000e-02,-1.32812500e-02
-4.68000000e-08,-2.50000000e-02,2.62187500e+00,-3.00000000e-02,-3.28125000e-02
-4.64800000e-08,1.62500000e-01,2.49687500e+00,-4.37500000e-03,-7.10937500e-02
-4.61600000e-08,1.12500000e-01,2.72187500e+00,-3.62500000e-02,-9.29687500e-02
-4.58400000e-08,7.50000000e-02,2.67187500e+00,-3.06250000e-02,-6.71875000e-02
-4.55200000e-08,3.75000000e-02,2.63437500e+00,-4.37500000e-03,-7.50000000e-02
-4.52000000e-08,5.00000000e-02,2.50937500e+00,-3.06250000e-02,5.46875000e-03
-4.48800000e-08,1.37500000e-01,2.69687500e+00,-1.18750000e-02,-7.81250000e-03
-4.45600000e-08,8.75000000e-02,2.49687500e+00,-2.25000000e-02,-4.68750000e-02
-4.42400000e-08,7.50000000e-02,2.53437500e+00,1.06250000e-02,-1.09375000e-02
-4.39200000e-08,1.12500000e-01,2.43437500e+00,-6.87500000e-03,-4.06250000e-02
-4.36000000e-08,6.25000000e-02,2.63437500e+00,-2.56250000e-02,-5.93750000e-02
-4.32800000e-08,8.75000000e-02,2.53437500e+00,-9.37500000e-03,-9.37500000e-03
-4.29600000e-08,-5.00000000e-02,2.80937500e+00,-3.12500000e-02,-1.71875000e-02
-4.26400000e-08,1.00000000e-01,2.63437500e+00,-5.06250000e-02,2.57812500e-02
-4.23200000e-08,1.87500000e-01,2.60937500e+00,5.62500000e-03,-4.84375000e-02
-4.20000000e-08,5.00000000e-02,2.55937500e+00,-1.68750000e-02,-3.59375000e-02
-4.16800000e-08,2.50000000e-02,2.57187500e+00,-3.37500000e-02,-4.68750000e-02
-4.13600000e-08,8.75000000e-02,2.55937500e+00,-4.81250000e-02,-1.48437500e-02
-4.10400000e-08,2.12500000e-01,2.64687500e+00,-3.25000000e-02,-3.20312500e-02
-4.07200000e-08,1.37500000e-01,2.58437500e+00,-3.06250000e-02,-3.20312500e-02
-4.04000000e-08,7.50000000e-02,2.67187500e+00,-1.12500000e-02,-2.34375000e-03
-4.00800000e-08,8.75000000e-02,2.64687500e+00,-1.56250000e-02,-1.40625000e-02
-3.97600000e-08,1.25000000e-01,2.59687500e+00,-9.37500000e-03,-2.81250000e-02
-3.94400000e-08,2.50000000e-01,2.52187500e+00,-6.87500000e-03,-6.56250000e-02
-3.91200000e-08,6.25000000e-02,2.75937500e+00,5.62500000e-03,-8.04687500e-02
-3.88000000e-08,-3.75000000e-02,2.58437500e+00,-1.75000000e-02,-4.06250000e-02
-3.84800000e-08,1.00000000e-01,2.58437500e+00,-3.06250000e-02,-9.06250000e-02
-3.81600000e-08,8.75000000e-02,2.54687500e+00,-1.12500000e-02,-5.00000000e-02
-3.78400000e-08,1.37500000e-01,2.67187500e+00,-8.75000000e-03,4.60937500e-02
-3.75200000e-08,5.00000000e-02,2.62187500e+00,-3.31250000e-02,3.20312500e-02
-3.72000000e-08,8.75000000e-02,2.62187500e+00,-1.87500000e-03,-2.50000000e-02
-3.68800000e-08,0.00000000e+00,2.60937500e+00,-3.87500000e-02,-4.76562500e-02
-3.65600000e-08,5.00000000e-02,2.68437500e+00,-3.62500000e-02,6.25000000e-03
-3.62400000e-08,5.00000000e-02,2.57187500e+00,-2.81250000e-02,2.96875000e-02
-3.59200000e-08,1.25000000e-01,2.52187500e+00,-3.75000000e-03,6.40625000e-02
-3.56000000e-08,1.25000000e-02,2.49687500e+00,-2.12500000e-02,9.53125000e-02
-3.52800000e-08,2.00000000e-01,2.65937500e+00,-1.75000000e-02,5.85937500e-02
-3.49600000e-08,3.75000000e-02,2.52187500e+00,-5.12500000e-02,1.95312500e-02
-3.46400000e-08,6.25000000e-02,2.54687500e+00,-1.93750000e-02,2.34375000e-03
-3.43200000e-08,2.87500000e-01,2.58437500e+00,-2.81250000e-02,1.17187500e-02
-3.40000000e-08,1.87500000e-01,2.67187500e+00,-1.18750000e-02,2.34375000e-02
-3.36800000e-08,7.50000000e-02,2.65937500e+00,-4.31250000e-02,4.53125000e-02
-3.33600000e-08,3.75000000e-02,2.68437500e+00,-4.06250000e-02,-1.56250000e-02
-3.30400000e-08,3.75000000e-02,2.48437500e+00,-1.62500000e-02,-1.95312500e-02
-3.27200000e-08,1.50000000e-01,2.54687500e+00,-1.50000000e-02,3.12500000e-03
-3.24000000e-08,-2.50000000e-02,2.58437500e+00,-3.62500000e-02,5.46875000e-02
-3.20800000e-08,8.75000000e-02,2.64687500e+00,-8.75000000e-03,4.37500000e-02
-3.17600000e-08,1.25000000e-01,2.58437500e+00,-2.18750000e-02,-5.23437500e-02
-3.14400000e-08,-2.50000000e-02,2.52187500e+00,-9.37500000e-03,-9.06250000e-02
-3.11200000e-08,2.00000000e-01,2.57187500e+00,-4.37500000e-03,-3.90625000e-02
-3.08000000e-08,2.12500000e-01,2.57187500e+00,-1.87500000e-03,-9.14062500e-02
-3.04800000e-08,0.00000000e+00,2.57187500e+00,-1.75000000e-02,-3.51562500e-02
-3.01600000e-08,7.50000000e-02,2.55937500e+00,-4.87500000e-02,-2.73437500e-02
-2.98400000e-08,1.25000000e-02,2.50937500e+00,-2.75000000e-02,1.48437500e-02
-2.95200000e-08,1.87500000e-01,2.62187500e+00,-6.25000000e-03,1.17187500e-02
-2.92000000e-08,1.87500000e-01,2.53437500e+00,3.75000000e-03,-5.39062500e-02
-2.88800000e-08,1.50000000e-01,2.45937500e+00,-2.56250000e-02,-4.14062500e-02
-2.85600000e-08,2.50000000e-02,2.55937500e+00,-2.25000000e-02,1.25000000e-02
-2.82400000e-08,1.25000000e-01,2.67187500e+00,-1.87500000e-03,-2.89062500e-02
-2.79200000e-08,1.25000000e-01,2.70937500e+00,-9.37500000e-03,-4.53125000e-02
-2.76000000e-08,2.25000000e-01,2.60937500e+00,-9.37500000e-03,2.65625000e-02
-2.72800000e-08,8.75000000e-02,2.65937500e+00,-2.25000000e-02,2.03125000e-02
-2.69600000e-08,-2.50000000e-02,2.73437500e+00,-3.06250000e-02,-1.23437500e-01
-2.66400000e-08,1.62500000e-01,2.50937500e+00,1.87500000e-02,-9.45312500e-02
-2.63200000e-08,1.25000000e-01,2.64687500e+00,-1.87500000e-03,-5.46875000e-03
-2.60000000e-08,-2.50000000e-02,2.53437500e+00,-2.81250000e-02,2.57812500e-02
-2.56800000e-08,1.25000000e-01,2.48437500e+00,-1.25000000e-03,-5.07812500e-02
-2.53600000e-08,1.25000000e-01,2.45937500e+00,-1.43750000e-02,-2.34375000e-02
-2.50400000e-08,5.00000000e-02,2.63437500e+00,-2.87500000e-02,4.53125000e-02
-2.47200000e-08,2.00000000e-01,2.65937500e+00,-3.81250000e-02,-1.87500000e-02
-2.44000000e-08,1.37500000e-01,2.62187500e+00,-3.56250000e-02,-4.76562500e-02
-2.40800000e-08,2.50000000e-01,2.48437500e+00,-1.62500000e-02,-5.54687500e-02
-2.37600000e-08,-2.50000000e-02,2.70937500e+00,-2.00000000e-02,-1.10156250e-01
-2.34400000e-08,3.75000000e-02,2.57187500e+00,-4.37500000e-02,-8.59375000e-03
-2.31200000e-08,1.00000000e-01,2.55937500e+00,-3.00000000e-02,3.35937500e-02
-2.28000000e-08,2.00000000e-01,2.52187500e+00,-8.75000000e-03,-3.20312500e-02
-2.24800000e-08,3.75000000e-02,2.65937500e+00,-1.62500000e-02,-1.24218750e-01
-2.21600000e-08,1.25000000e-02,2.59687500e+00,1.56250000e-02,-8.04687500e-02
-2.18400000e-08,3.75000000e-02,2.70937500e+00,-6.87500000e-03,-5.85937500e-02
-2.15200000e-08,2.62500000e-01,2.50937500e+00,-9.37500000e-03,-9.92187500e-02
-2.12000000e-08,6.25000000e-02,2.58437500e+00,-3.62500000e-02,-1.69531250e-01
-2.08800000e-08,6.25000000e-02,2.54687500e+00,-2.56250000e-02,-7.96875000e-02
-2.05600000e-08,1.37500000e-01,2.64687500e+00,-9.37500000e-03,-2.65625000e-02
-2.02400000e-08,1.00000000e-01,2.57187500e+00,1.62500000e-02,1.32812500e-02
-1.99200000e-08,1.87500000e-01,2.67187500e+00,-4.12500000e-02,-2.34375000e-02
-1.96000000e-08,2.25000000e-01,2.65937500e+00,-3.81250000e-02,-7.57812500e-02
-1.92800000e-08,2.12500000e-01,2.67187500e+00,1.06250000e-02,-1.02343750e-01
-1.89600000e-08,1.75000000e-01,2.60937500e+00,-1.25000000e-03,-9.29687500e-02
-1.86400000e-08,3.75000000e-02,2.50937500e+00,-5.00000000e-03,-1.02343750e-01
-1.83200000e-08,1.87500000e-01,2.63437500e+00,-4.37500000e-02,-9.29687500e-02
-1.80000000e-08,1.50000000e-01,2.60937500e+00,-1.37500000e-02,-4.29687500e-02
-1.76800000e-08,1.37500000e-01,2.54687500e+00,-2.81250000e-02,-1.56250000e-03
-1.73600000e-08,6.25000000e-02,2.59687500e+00,3.12500000e-03,2.34375000e-02
-1.70400000e-08,2.00000000e-01,2.54687500e+00,3.12500000e-03,1.09375000e-02
-1.67200000e-08,2.00000000e-01,2.53437500e+00,-9.37500000e-03,-7.57812500e-02
-1.64000000e-08,6.25000000e-02,2.59687500e+00,-9.37500000e-03,-1.87500000e-01
-1.60800000e-08,7.50000000e-02,2.57187500e+00,-1.50000000e-02,-1.42187500e-01
-1.57600000e-08,1.62500000e-01,2.44687500e+00,-5.87500000e-02,-8.90625000e-02
-1.54400000e-08,3.75000000e-02,2.69687500e+00,-1.87500000e-02,-3.98437500e-02
-1.51200000e-08,-1.25000000e-02,2.48437500e+00,-1.18750000e-02,-1.31250000e-01
-1.48000000e-08,1.25000000e-02,2.63437500e+00,8.12500000e-03,-5.93750000e-02
-1.44800000e-08,1.00000000e-01,2.59687500e+00,-3.12500000e-02,-5.54687500e-02
-1.41600000e-08,1.25000000e-01,2.57187500e+00,5.62500000e-03,-1.25781250e-01
-1.38400000e-08,1.75000000e-01,2.60937500e+00,2.25000000e-02,-8.28125000e-02
-1.35200000e-08,5.00000000e-02,2.44687500e+00,-3.37500000e-02,-7.18750000e-02
-1.32000000e-08,8.75000000e-02,2.60937500e+00,-2.56250000e-02,-3.20312500e-02
-1.28800000e-08,1.75000000e-01,2.77187500e+00,-3.62500000e-02,3.59375000e-02
-1.25600000e-08,6.25000000e-02,2.42187500e+00,-3.00000000e-02,4.29687500e-02
-1.22400000e-08,1.25000000e-02,2.58437500e+00,-7.50000000e-03,5.39062500e-02
-1.19200000e-08,1.12500000e-01,2.59687500e+00,-2.75000000e-02,6.87500000e-02
-1.16000000e-08,6.25000000e-02,2.60937500e+00,1.37500000e-02,1.01562500e-02
-1.12800000e-08,1.62500000e-01,2.63437500e+00,-8.75000000e-03,-4.21875000e-02
-1.09600000e-08,2.12500000e-01,2.59687500e+00,-3.12500000e-02,-8.51562500e-02
-1.06400000e-08,0.00000000e+00,2.55937500e+00,-2.18750000e-02,-4.68750000e-03
-1.03200000e-08,-1.25000000e-02,2.60937500e+00,2.50000000e-03,7.03125000e-02
-1.00000000e-08,1.37500000e-01,2.52187500e+00,-9.37500000e-03,2.26562500e-02
-9.68000000e-09,7.50000000e-02,2.55937500e+00,8.12500000e-03,-1.79687500e-02
-9.36000000e-09,1.75000000e-01,2.49687500e+00,-3.12500000e-02,-7.81250000e-03
-9.04000000e-09,1.37500000e-01,2.52187500e+00,-1.43750000e-02,-5.70312500e-02
-8.72000000e-09,1.00000000e-01,2.57187500e+00,-2.68750000e-02,-9.45312500e-02
-8.40000000e-09,1.12500000e-01,2.59687500e+00,-2.62500000e-02,-7.57812500e-02
-8.08000000e-09,3.75000000e-02,2.59687500e+00,-2.87500000e-02,-3.90625000e-03
-7.76000000e-09,-2.50000000e-02,2.55937500e+00,-1.62500000e-02,-3.04687500e-02
-7.44000000e-09,3.75000000e-02,2.48437500e+00,1.06250000e-02,-7.18750000e-02
-7.12000000e-09,1.12500000e-01,2.70937500e+00,-4.62500000e-02,-1.22656250e-01
-6.80000000e-09,2.50000000e-02,2.64687500e+00,-4.31250000e-02,-9.60937500e-02
-6.48000000e-09,1.62500000e-01,2.58437500e+00,-1.75000000e-02,-8.04687500e-02
-6.16000000e-09,1.37500000e-01,2.47187500e+00,-3.31250000e-02,-2.26562500e-02
-5.84000000e-09,2.00000000e-01,2.59687500e+00,-1.62500000e-02,-5.15625000e-02
-5.52000000e-09,-2.50000000e-02,2.48437500e+00,-2.00000000e-02,-1.19531250e-01
-5.20000000e-09,1.87500000e-01,2.53437500e+00,-3.31250000e-02,1.56250000e-02
-4.88000000e-09,1.62500000e-01,2.43437500e+00,-1.37500000e-02,3.12500000e-02
-4.56000000e-09,1.50000000e-01,2.60937500e+00,-1.37500000e-02,-2.10937500e-02
-4.24000000e-09,6.25000000e-02,2.69687500e+00,-2.25000000e-02,1.56250000e-03
-3.92000000e-09,1.12500000e-01,2.58437500e+00,-2.18750000e-02,3.51562500e-02
-3.60000000e-09,0.00000000e+00,2.48437500e+00,-1.50000000e-02,-5.39062500e-02
-3.28000000e-09,1.12500000e-01,2.64687500e+00,-2.25000000e-02,-1.40625000e-01
-2.96000000e-09,1.50000000e-01,2.52187500e+00,-3.81250000e-02,-9.06250000e-02
-2.64000000e-09,2.00000000e-01,2.67187500e+00,-2.18750000e-02,-9.14062500e-02
-2.32000000e-09,1.50000000e-01,2.53437500e+00,-4.06250000e-02,-1.28125000e-01
-2.00000000e-09,2.50000000e-02,2.49687500e+00,-1.37500000e-02,-1.22656250e-01
-1.68000000e-09,5.00000000e-02,2.42187500e+00,-2.18750000e-02,-1.03125000e-01
-1.36000000e-09,6.25000000e-02,2.43437500e+00,-1.50000000e-02,-6.01562500e-02
-1.04000000e-09,0.00000000e+00,2.45937500e+00,-6.37500000e-02,1.48437500e-02
-7.20000000e-10,1.75000000e-01,2.58437500e+00,-8.75000000e-03,-1.64062500e-02
-4.00000000e-10,7.50000000e-02,2.55937500e+00,-2.62500000e-02,2.10937500e-02
-8.00000000e-11,2.37500000e-01,2.73437500e+00,-3.06250000e-02,8.67187500e-02
2.40000000e-10,1.25000000e-01,2.58437500e+00,-2.62500000e-02,7.03125000e-02
5.60000000e-10,7.50000000e-02,2.32187500e+00,-4.00000000e-02,-1.79687500e-02
8.80000000e-10,1.12500000e-01,2.49687500e+00,-2.25000000e-02,-3.43750000e-02
1.20000000e-09,2.87500000e-01,2.50937500e+00,-1.37500000e-02,-6.09375000e-02
1.52000000e-09,1.00000000e-01,2.45937500e+00,6.25000000e-04,-1.87500000e-02
1.84000000e-09,5.00000000e-02,2.59687500e+00,-1.93750000e-02,-5.46875000e-03
2.16000000e-09,1.50000000e-01,2.42187500e+00,5.62500000e-03,-2.34375000e-03
2.48000000e-09,1.87500000e-01,2.50937500e+00,-1.68750000e-02,-1.09375000e-02
2.80000000e-09,1.75000000e-01,2.57187500e+00,-1.50000000e-02,-1.56250000e-02
3.12000000e-09,3.75000000e-02,2.72187500e+00,-1.93750000e-02,-1.64062500e-02
3.44000000e-09,6.25000000e-02,2.65937500e+00,-1.00000000e-02,-6.40625000e-02
3.76000000e-09,1.00000000e-01,2.48437500e+00,-1.93750000e-02,-1.13281250e-01
4.08000000e-09,1.75000000e-01,2.50937500e+00,8.12500000e-03,-8.35937500e-02
4.40000000e-09,6.25000000e-02,2.72187500e+00,-5.00000000e-03,1.25000000e-02
4.72000000e-09,-2.50000000e-02,2.49687500e+00,-2.18750000e-02,-1.71875000e-02
5.04000000e-09,1.87500000e-01,2.55937500e+00,6.25000000e-04,2.89062500e-02
5.36000000e-09,7.50000000e-02,2.65937500e+00,-3.37500000e-02,4.29687500e-02
5.68000000e-09,1.25000000e-01,2.60937500e+00,-4.06250000e-02,-8.67187500e-02
6.00000000e-09,2.25000000e-01,2.45937500e+00,6.25000000e-04,-8.35937500e-02
6.32000000e-09,1.62500000e-01,2.60937500e+00,8.75000000e-03,8.67187500e-02
6.64000000e-09,1.37500000e-01,2.43437500e+00,-1.43750000e-02,9.53125000e-02
6.96000000e-09,3.75000000e-02,2.57187500e+00,-1.18750000e-02,-2.50000000e-02
7.28000000e-09,1.12500000e-01,2.45937500e+00,-1.93750000e-02,-3.51562500e-02
7.60000000e-09,1.75000000e-01,2.62187500e+00,-1.25000000e-02,-2.03125000e-02
7.92000000e-09,3.75000000e-02,2.52187500e+00,-4.06250000e-02,-3.43750000e-02
8.24000000e-09,3.75000000e-02,2.59687500e+00,8.75000000e-03,2.03125000e-02
8.56000000e-09,1.50000000e-01,2.52187500e+00,-1.93750000e-02,6.71875000e-02
8.88000000e-09,1.62500000e-01,2.57187500e+00,-2.62500000e-02,7.50000000e-02
9.20000000e-09,2.00000000e-01,2.45937500e+00,-3.81250000e-02,1.01562500e-02
9.52000000e-09,1.25000000e-01,2.65937500e+00,-1.12500000e-02,-4.53125000e-02
9.84000000e-09,7.50000000e-02,2.54687500e+00,-3.87500000e-02,-4.14062500e-02
1.01600000e-08,2.62500000e-01,2.55937500e+00,-9.37500000e-03,-8.59375000e-03
1.04800000e-08,2.50000000e-02,2.53437500e+00,-3.43750000e-02,4.06250000e-02
1.08000000e-08,3.75000000e-02,2.55937500e+00,-1.68750000e-02,-7.10937500e-02
1.11200000e-08,1.25000000e-01,2.49687500e+00,-4.18750000e-02,-1.75781250e-01
1.14400000e-08,1.00000000e-01,2.53437500e+00,-1.43750000e-02,-1.21875000e-01
1.17600000e-08,8.75000000e-02,2.49687500e+00,-1.56250000e-02,-7.18750000e-02
1.20800000e-08,7.50000000e-02,2.62187500e+00,-3.06250000e-02,-9.68750000e-02
1.24000000e-08,2.50000000e-02,2.52187500e+00,-9.37500000e-03,-3.98437500e-02
1.27200000e-08,-5.00000000e-02,2.64687500e+00,-3.25000000e-02,-6.01562500e-02
1.30400000e-08,1.25000000e-02,2.57187500e+00,-1.37500000e-02,-9.76562500e-02
1.33600000e-08,1.12500000e-01,2.45937500e+00,-1.87500000e-02,-4.68750000e-02
1.36800000e-08,1.37500000e-01,2.63437500e+00,-3.62500000e-02,-2.96875000e-02
1.40000000e-08,7.50000000e-02,2.63437500e+00,-1.93750000e-02,-3.59375000e-02
1.43200000e-08,1.00000000e-01,2.48437500e+00,0.00000000e+00,-2.81250000e-02
1.46400000e-08,1.37500000e-01,2.40937500e+00,-2.25000000e-02,-4.84375000e-02
1.49600000e-08,1.62500000e-01,2.48437500e+00,-4.62500000e-02,-1.00000000e-01
1.52800000e-08,1.62500000e-01,2.68437500e+00,-1.87500000e-02,-6.17187500e-02
1.56000000e-08,3.75000000e-02,2.60937500e+00,-2.50000000e-03,3.75000000e-02
1.59200000e-08,7.50000000e-02,2.74687500e+00,-3.81250000e-02,1.17187500e-02
1.62400000e-08,2.62500000e-01,2.52187500e+00,-1.62500000e-02,-1.00781250e-01
1.65600000e-08,1.87500000e-01,2.47187500e+00,-6.25000000e-03,-1.65625000e-01
1.68800000e-08,1.25000000e-02,2.58437500e+00,5.62500000e-03,-1.07812500e-01
1.72000000e-08,7.50000000e-02,2.60937500e+00,6.25000000e-04,-4.92187500e-02
1.75200000e-08,1.25000000e-01,2.49687500e+00,-1.93750000e-02,-5.15625000e-02
1.78400000e-08,8.75000000e-02,2.64687500e+00,-1.68750000e-02,-2.65625000e-02
1.81600000e-08,1.87500000e-01,2.52187500e+00,-1.68750000e-02,1.25000000e-02
1.84800000e-08,7.50000000e-02,2.63437500e+00,-9.37500000e-03,3.12500000e-03
1.88000000e-08,1.50000000e-01,2.50937500e+00,-1.43750000e-02,4.68750000e-03
1.91200000e-08,1.50000000e-01,2.48437500e+00,2.56250000e-02,-9.37500000e-02
1.94400000e-08,6.25000000e-02,2.60937500e+00,-2.25000000e-02,-1.07812500e-01
1.97600000e-08,8.75000000e-02,2.67187500e+00,-7.00000000e-02,-4.92187500e-02
2.00800000e-08,1.25000000e-01,2.54687500e+00,1.25000000e-03,-6.17187500e-02
2.04000000e-08,2.12500000e-01,2.55937500e+00,-1.18750000e-02,-3.82812500e-02
2.07200000e-08,6.25000000e-02,2.55937500e+00,-1.43750000e-02,4.92187500e-02
2.10400000e-08,8.75000000e-02,2.70937500e+00,-1.87500000e-03,-3.12500000e-03
2.13600000e-08,1.00000000e-01,2.70937500e+00,-4.62500000e-02,-5.23437500e-02
2.16800000e-08,2.12500000e-01,2.63437500e+00,-3.06250000e-02,-4.45312500e-02
2.20000000e-08,8.75000000e-02,2.54687500e+00,-1.00000000e-02,1.01562500e-02
2.23200000e-08,7.50000000e-02,2.72187500e+00,-3.75000000e-02,3.90625000e-03
2.26400000e-08,2.50000000e-01,2.59687500e+00,3.75000000e-03,1.71875000e-02
2.29600000e-08,1.75000000e-01,2.62187500e+00,-2.81250000e-02,3.12500000e-03
2.32800000e-08,1.12500000e-01,2.50937500e+00,-3.06250000e-02,4.68750000e-03
2.36000000e-08,1.25000000e-02,2.65937500e+00,1.81250000e-02,5.78125000e-02
2.39200000e-08,1.25000000e-01,2.60937500e+00,-1.87500000e-02,-1.56250000e-03
2.42400000e-08,7.50000000e-02,2.65937500e+00,-9.37500000e-03,-8.59375000e-03
2.45600000e-08,5.00000000e-02,2.43437500e+00,-2.00000000e-02,4.53125000e-02
2.48800000e-08,1.25000000e-01,2.72187500e+00,-4.12500000e-02,2.34375000e-02
2.52000000e-08,2.00000000e-01,2.62187500e+00,-4.31250000e-02,2.42187500e-02
2.55200000e-08,1.87500000e-01,2.73437500e+00,-2.12500000e-02,2.34375000e-03
2.58400000e-08,1.00000000e-01,2.55937500e+00,-6.87500000e-03,-5.07812500e-02
2.61600000e-08,1.00000000e-01,2.64687500e+00,-7.50000000e-03,-4.68750000e-03
2.64800000e-08,1.75000000e-01,2.44687500e+00,-6.37500000e-02,-7.03125000e-03
2.68000000e-08,2.12500000e-01,2.47187500e+00,-1.68750000e-02,-1.01562500e-02
2.71200000e-08,2.50000000e-02,2.52187500e+00,-3.81250000e-02,3.12500000e-03
2.74400000e-08,5.00000000e-02,2.49687500e+00,-3.75000000e-03,-1.32812500e-02
2.77600000e-08,1.87500000e-01,2.57187500e+00,-4.31250000e-02,-5.46875000e-03
2.80800000e-08,5.00000000e-02,2.73437500e+00,-4.12500000e-02,-7.81250000e-03
2.84000000e-08,1.25000000e-02,2.59687500e+00,-1.43750000e-02,-5.62500000e-02
2.87200000e-08,1.25000000e-02,2.60937500e+00,3.12500000e-03,-1.87500000e-02
2.90400000e-08,2.50000000e-02,2.48437500e+00,-2.87500000e-02,-3.75000000e-02
2.93600000e-08,-1.43750000e-01,2.80937500e+00,-3.81250000e-02,-3.35937500e-02
2.96800000e-08,-2.31250000e-01,2.67187500e+00,-1.93750000e-02,3.90625000e-03
3.00000000e-08,-2.93750000e-01,2.67187500e+00,-1.43750000e-02,-6.95312500e-02
3.03200000e-08,-2.40625000e-01,2.62187500e+00,-3.56250000e-02,-7.03125000e-02
3.06400000e-08,-2.81250000e-01,2.78437500e+00,1.25000000e-03,9.37500000e-03
3.09600000e-08,-3.46875000e-01,2.63437500e+00,-6.25000000e-03,1.56250000e-02
3.12800000e-08,-2.78125000e-01,2.74687500e+00,-3.87500000e-02,5.07812500e-02
3.16000000e-08,-1.43750000e-01,2.72187500e+00,-4.62500000e-02,5.31250000e-02
3.19200000e-08,-4.25000000e-01,2.72187500e+00,-2.18750000e-02,4.92187500e-02
3.22400000e-08,-3.87500000e-01,2.63437500e+00,-3.37500000e-02,-5.54687500e-02
3.25600000e-08,-4.37500000e-01,2.72187500e+00,-1.25000000e-02,-7.26562500e-02
3.28800000e-08,-5.03125000e-01,2.72187500e+00,-3.87500000e-02,-3.28125000e-02
3.32000000e-08,-3.65625000e-01,2.72187500e+00,1.25000000e-03,7.81250000e-04
3.35200000e-08,-5.78125000e-01,2.57187500e+00,-6.25000000e-03,4.21875000e-02
3.38400000e-08,-6.15625000e-01,2.59687500e+00,-1.68750000e-02,4.21875000e-02
3.41600000e-08,-6.03125000e-01,2.67187500e+00,-2.18750000e-02,3.28125000e-02
3.44800000e-08,-5.40625000e-01,2.57187500e+00,-2.56250000e-02,2.18750000e-02
3.48000000e-08,-7.43750000e-01,2.57187500e+00,-6.87500000e-03,1.09375000e-02
3.51200000e-08,-8.34375000e-01,2.50937500e+00,-1.00000000e-02,1.48437500e-02
3.54400000e-08,-6.87500000e-01,2.67187500e+00,-3.81250000e-02,-2.26562500e-02
3.57600000e-08,-6.12500000e-01,2.63437500e+00,1.87500000e-02,-2.42187500e-02
3.60800000e-08,-7.31250000e-01,2.54687500e+00,-1.68750000e-02,-3.12500000e-03
3.64000000e-08,-9.21875000e-01,2.55937500e+00,-3.56250000e-02,1.05468750e-01
3.67200000e-08,-9.68750000e-01,2.52187500e+00,-3.00000000e-02,5.93750000e-02
3.70400000e-08,-9.06250000e-01,2.45937500e+00,3.75000000e-03,-3.98437500e-02
3.73600000e-08,-9.18750000e-01,2.48437500e+00,-6.87500000e-03,1.95312500e-02
3.76800000e-08,-8.43750000e-01,2.53437500e+00,-1.87500000e-03,0.00000000e+00
3.80000000e-08,-8.93750000e-01,2.45937500e+00,-2.25000000e-02,-2.89062500e-02
3.83200000e-08,-1.01875000e+00,2.44687500e+00,-4.87500000e-02,7.10937500e-02
3.86400000e-08,-9.06250000e-01,2.42187500e+00,-3.50000000e-02,5.54687500e-02
3.89600000e-08,-1.06875000e+00,2.50937500e+00,-2.56250000e-02,2.50000000e-02
3.92800000e-08,-9.93750000e-01,2.54687500e+00,-3.75000000e-02,-1.25000000e-02
3.96000000e-08,-8.93750000e-01,2.55937500e+00,-1.18750000e-02,-5.00000000e-02
3.99200000e-08,-9.81250000e-01,2.49687500e+00,-1.37500000e-02,-6.32812500e-02
4.02400000e-08,-9.31250000e-01,2.64687500e+00,-1.00000000e-02,-1.10156250e-01
4.05600000e-08,-1.09375000e+00,2.55937500e+00,-5.12500000e-02,-1.22656250e-01
4.08800000e-08,-1.04375000e+00,2.47187500e+00,-1.37500000e-02,-7.81250000e-02
4.12000000e-08,-1.06875000e+00,2.58437500e+00,-1.43750000e-02,-5.39062500e-02
4.15200000e-08,-9.81250000e-01,2.64687500e+00,-1.43750000e-02,-1.19531250e-01
4.18400000e-08,-1.17812500e+00,2.53437500e+00,-2.87500000e-02,-8.75000000e-02
4.21600000e-08,-1.11875000e+00,2.52187500e+00,-2.25000000e-02,-7.18750000e-02
4.24800000e-08,-1.12187500e+00,2.50937500e+00,-3.18750000e-02,-6.48437500e-02
4.28000000e-08,-1.26562500e+00,2.50937500e+00,-2.18750000e-02,-3.82812500e-02
4.31200000e-08,-1.20000000e+00,2.38437500e+00,-3.37500000e-02,-1.87500000e-02
4.34400000e-08,-1.00625000e+00,2.57187500e+00,-4.06250000e-02,-2.26562500e-02
4.37600000e-08,-1.13125000e+00,2.32187500e+00,-3.06250000e-02,-2.81250000e-02
4.40800000e-08,-1.10625000e+00,2.35937500e+00,-4.81250000e-02,-5.07812500e-02
4.44000000e-08,-1.09375000e+00,2.30937500e+00,-1.87500000e-02,-4.37500000e-02
4.47200000e-08,-1.12187500e+00,2.47187500e+00,-2.25000000e-02,-3.75000000e-02
4.50400000e-08,-1.09375000e+00,2.40937500e+00,-1.93750000e-02,-3.82812500e-02
4.53600000e-08,-8.68750000e-01,2.40937500e+00,-2.87500000e-02,-1.69531250e-01
4.56800000e-08,-1.00625000e+00,2.43437500e+00,-8.31250000e-02,-2.41406250e-01
4.60000000e-08,-1.00625000e+00,2.42187500e+00,-4.62500000e-02,-1.52343750e-01
4.63200000e-08,-8.93750000e-01,2.42187500e+00,-2.18750000e-02,-2.57812500e-02
4.66400000e-08,-8.81250000e-01,2.47187500e+00,-2.93750000e-02,1.71875000e-02
4.69600000e-08,-7.37500000e-01,2.24687500e+00,-2.18750000e-02,-2.34375000e-03
4.72800000e-08,-6.50000000e-01,2.26875000e+00,-1.93750000e-02,-6.64062500e-02
4.76000000e-08,-6.15625000e-01,2.32187500e+00,-6.87500000e-03,-1.67968750e-01
4.79200000e-08,-5.78125000e-01,2.47500000e+00,-1.00000000e-02,-1.33593750e-01
4.82400000e-08,-5.78125000e-01,2.22187500e+00,-4.81250000e-02,-1.10156250e-01
4.85600000e-08,-4.03125000e-01,2.34375000e+00,-6.25000000e-03,-1.15625000e-01
4.88800000e-08,-3.06250000e-01,2.30625000e+00,-2.18750000e-02,-1.12500000e-01
4.92000000e-08,-2.81250000e-01,2.28437500e+00,-4.12500000e-02,-1.68750000e-01
4.95200000e-08,-2.18750000e-01,2.37500000e+00,-4.06250000e-02,-1.25781250e-01
4.98400000e-08,-2.28125000e-01,2.43750000e+00,-2.81250000e-02,-1.21093750e-01
5.01600000e-08,-4.68750000e-02,2.32187500e+00,-1.12500000e-02,-1.68750000e-01
5.04800000e-08,-3.12500000e-02,2.42187500e+00,8.12500000e-03,-1.20312500e-01
5.08000000e-08,3.75000000e-02,2.47187500e+00,-3.87500000e-02,-8.43750000e-02
5.11200000e-08,2.75000000e-01,2.53437500e+00,-2.81250000e-02,-1.47656250e-01
5.14400000e-08,2.00000000e-01,2.44687500e+00,-2.62500000e-02,-1.03906250e-01
5.17600000e-08,3.62500000e-01,2.48437500e+00,-3.25000000e-02,-6.48437500e-02
5.20800000e-08,4.12500000e-01,2.47187500e+00,-2.18750000e-02,-1.07031250e-01
5.24000000e-08,4.93750000e-01,2.54687500e+00,-6.25000000e-03,-1.07812500e-01
5.27200000e-08,6.34375000e-01,2.52187500e+00,-1.75000000e-02,-6.09375000e-02
5.30400000e-08,6.40625000e-01,2.48437500e+00,-3.62500000e-02,-7.26562500e-02
5.33600000e-08,8.93750000e-01,2.44687500e+00,-8.75000000e-03,-8.04687500e-02
5.36800000e-08,9.28125000e-01,2.53437500e+00,-3.87500000e-02,-3.90625000e-02
5.40000000e-08,1.04062500e+00,2.57187500e+00,-3.62500000e-02,-1.32812500e-02
5.43200000e-08,1.14375000e+00,2.55937500e+00,-1.68750000e-02,3.04687500e-02
5.46400000e-08,1.23125000e+00,2.38437500e+00,-1.93750000e-02,1.01562500e-02
5.49600000e-08,1.21875000e+00,2.45937500e+00,6.25000000e-04,-2.10937500e-02
5.52800000e-08,1.19375000e+00,2.48437500e+00,-3.06250000e-02,-3.04687500e-02
5.56000000e-08,1.39062500e+00,2.43437500e+00,-1.50000000e-02,-7.03125000e-03
5.59200000e-08,1.61562500e+00,2.55937500e+00,-3.62500000e-02,4.68750000e-03
5.62400000e-08,1.64062500e+00,2.60937500e+00,-3.75000000e-02,7.42187500e-02
5.65600000e-08,1.75312500e+00,2.43437500e+00,1.87500000e-02,4.06250000e-02
5.68800000e-08,1.57812500e+00,2.44687500e+00,-8.75000000e-03,2.10937500e-02
5.72000000e-08,1.76562500e+00,2.50937500e+00,-3.37500000e-02,9.76562500e-02
5.75200000e-08,1.91562500e+00,2.53437500e+00,-2.56250000e-02,6.09375000e-02
5.78400000e-08,1.86562500e+00,2.42187500e+00,-9.37500000e-03,1.25000000e-02
5.81600000e-08,1.90312500e+00,2.50937500e+00,5.62500000e-03,-3.20312500e-02
5.84800000e-08,2.14062500e+00,2.52187500e+00,-6.43750000e-02,4.37500000e-02
5.88000000e-08,2.10312500e+00,2.59687500e+00,-4.50000000e-02,1.40625000e-01
5.91200000e-08,2.31875000e+00,2.54687500e+00,3.75000000e-03,1.57812500e-01
5.94400000e-08,2.17812500e+00,2.45937500e+00,-1.68750000e-02,1.80468750e-01
5.97600000e-08,2.22187500e+00,2.45937500e+00,-1.93750000e-02,2.38281250e-01
6.00800000e-08,2.24687500e+00,2.62187500e+00,5.62500000e-03,2.10156250e-01
6.04000000e-08,2.35937500e+00,2.50937500e+00,-2.56250000e-02,1.43750000e-01
6.07200000e-08,2.33125000e+00,2.58437500e+00,-1.00000000e-02,1.83593750e-01
6.10400000e-08,2.33750000e+00,2.48437500e+00,-3.31250000e-02,2.41406250e-01
6.13600000e-08,2.56250000e+00,2.63437500e+00,-2.56250000e-02,1.99218750e-01
6.16800000e-08,2.56250000e+00,2.63437500e+00,-2.12500000e-02,2.01562500e-01
6.20000000e-08,2.50000000e+00,2.73437500e+00,2.50000000e-03,2.39843750e-01
6.23200000e-08,2.53750000e+00,2.58437500e+00,-4.87500000e-02,2.85156250e-01
6.26400000e-08,2.56250000e+00,2.50937500e+00,-2.56250000e-02,3.00781250e-01
6.29600000e-08,2.62500000e+00,2.52187500e+00,0.00000000e+00,3.62500000e-01
6.32800000e-08,2.47500000e+00,2.72187500e+00,-5.06250000e-02,3.00781250e-01
6.36000000e-08,2.75000000e+00,2.55937500e+00,-6.25000000e-03,2.71875000e-01
6.39200000e-08,2.65000000e+00,2.63437500e+00,-6.87500000e-03,2.89843750e-01
6.42400000e-08,2.77500000e+00,2.72187500e+00,-1.93750000e-02,2.99218750e-01
6.45600000e-08,2.68750000e+00,2.70937500e+00,-6.87500000e-03,3.54687500e-01
6.48800000e-08,2.71250000e+00,2.62187500e+00,-3.62500000e-02,3.73437500e-01
6.52000000e-08,2.80000000e+00,2.59687500e+00,-3.37500000e-02,2.89062500e-01
6.55200000e-08,2.66250000e+00,2.49687500e+00,-3.87500000e-02,3.41406250e-01
6.58400000e-08,2.70000000e+00,2.62187500e+00,-4.06250000e-02,3.64843750e-01
6.61600000e-08,2.66250000e+00,2.50937500e+00,-6.25000000e-03,2.90625000e-01
6.64800000e-08,2.71250000e+00,2.59687500e+00,1.31250000e-02,3.03906250e-01
6.68000000e-08,2.80000000e+00,2.64687500e+00,-4.37500000e-02,3.29687500e-01
6.71200000e-08,2.65000000e+00,2.67187500e+00,-1.93750000e-02,3.71093750e-01
6.74400000e-08,2.76250000e+00,2.58437500e+00,-2.00000000e-02,3.55468750e-01
6.77600000e-08,2.75000000e+00,2.57187500e+00,-9.37500000e-03,3.19531250e-01
6.80800000e-08,2.91250000e+00,2.58437500e+00,-2.00000000e-02,3.32031250e-01
6.84000000e-08,2.70000000e+00,2.45937500e+00,-2.81250000e-02,3.87500000e-01
6.87200000e-08,2.83750000e+00,2.40937500e+00,1.25000000e-03,4.34375000e-01
6.90400000e-08,2.62500000e+00,2.60937500e+00,-4.06250000e-02,4.31250000e-01
6.93600000e-08,2.68750000e+00,2.54687500e+00,-1.68750000e-02,4.87500000e-01
6.96800000e-08,2.67500000e+00,2.60937500e+00,-2.93750000e-02,4.52343750e-01
7.00000000e-08,2.63750000e+00,2.60937500e+00,-4.06250000e-02,3.60156250e-01
7.03200000e-08,2.81250000e+00,2.55937500e+00,6.25000000e-04,3.78906250e-01
7.06400000e-08,2.68750000e+00,2.54687500e+00,-2.56250000e-02,3.60937500e-01
7.09600000e-08,2.70000000e+00,2.64687500e+00,-2.18750000e-02,2.73437500e-01
7.12800000e-08,2.36250000e+00,2.53437500e+00,-2.06250000e-02,3.87500000e-01
7.16000000e-08,2.48750000e+00,2.47187500e+00,-2.18750000e-02,4.31250000e-01
7.19200000e-08,2.45000000e+00,2.50937500e+00,-4.37500000e-03,3.98437500e-01
7.22400000e-08,2.53750000e+00,2.60937500e+00,-4.37500000e-03,4.64843750e-01
7.25600000e-08,2.53750000e+00,2.57187500e+00,-1.68750000e-02,4.61718750e-01
7.28800000e-08,2.52500000e+00,2.64687500e+00,-2.00000000e-02,4.29687500e-01
7.32000000e-08,2.62500000e+00,2.58437500e+00,-2.87500000e-02,3.71093750e-01
7.35200000e-08,2.47500000e+00,2.60937500e+00,-1.87500000e-02,3.57812500e-01
7.38400000e-08,2.40000000e+00,2.64687500e+00,8.12500000e-03,4.12500000e-01
7.41600000e-08,2.43750000e+00,2.63437500e+00,-4.12500000e-02,3.63281250e-01
7.44800000e-08,2.48750000e+00,2.60937500e+00,-2.56250000e-02,4.02343750e-01
7.48000000e-08,2.68750000e+00,2.73437500e+00,-1.43750000e-02,4.52343750e-01
7.51200000e-08,2.50000000e+00,2.44687500e+00,-1.87500000e-02,4.42968750e-01
7.54400000e-08,2.53750000e+00,2.45937500e+00,3.12500000e-03,3.90625000e-01
7.57600000e-08,2.46250000e+00,2.59687500e+00,-1.68750000e-02,3.93750000e-01
7.60800000e-08,2.50000000e+00,2.57187500e+00,1.06250000e-02,3.66406250e-01
7.64000000e-08,2.51250000e+00,2.55937500e+00,-3.56250000e-02,3.28906250e-01
7.67200000e-08,2.51250000e+00,2.63437500e+00,5.62500000e-03,3.55468750e-01
7.70400000e-08,2.68750000e+00,2.47187500e+00,-2.00000000e-02,4.03906250e-01
7.73600000e-08,2.48750000e+00,2.68437500e+00,-1.93750000e-02,4.07031250e-01
7.76800000e-08,2.38750000e+00,2.52187500e+00,-1.50000000e-02,4.43750000e-01
7.80000000e-08,2.50000000e+00,2.54687500e+00,-4.87500000e-02,3.92187500e-01
7.83200000e-08,2.46250000e+00,2.54687500e+00,-1.87500000e-02,3.92187500e-01
7.86400000e-08,2.51250000e+00,2.70937500e+00,8.12500000e-03,3.81250000e-01
7.89600000e-08,2.43750000e+00,2.53437500e+00,-6.87500000e-03,4.10156250e-01
7.92800000e-08,2.67500000e+00,2.50937500e+00,-3.62500000e-02,3.96875000e-01
7.96000000e-08,2.48750000e+00,2.42187500e+00,-6.87500000e-03,3.57812500e-01
7.99200000e-08,2.47500000e+00,2.60937500e+00,0.00000000e+00,3.54687500e-01
8.02400000e-08,2.57500000e+00,2.52187500e+00,-3.37500000e-02,3.54687500e-01
8.05600000e-08,2.66250000e+00,2.50937500e+00,-4.06250000e-02,4.28125000e-01
8.08800000e-08,2.46250000e+00,2.50937500e+00,-6.87500000e-03,4.25000000e-01
8.12000000e-08,2.43750000e+00,2.53437500e+00,-1.18750000e-02,3.78125000e-01
8.15200000e-08,2.35000000e+00,2.47187500e+00,-4.37500000e-02,3.45312500e-01
8.18400000e-08,2.51250000e+00,2.53437500e+00,-3.31250000e-02,3.65625000e-01
8.21600000e-08,2.37500000e+00,2.53437500e+00,-5.06250000e-02,3.63281250e-01
8.24800000e-08,2.50000000e+00,2.48437500e+00,-3.81250000e-02,3.96093750e-01
8.28000000e-08,2.50000000e+00,2.44687500e+00,-3.56250000e-02,3.39062500e-01
8.31200000e-08,2.35000000e+00,2.55937500e+00,-2.56250000e-02,3.15625000e-01
8.34400000e-08,2.47500000e+00,2.49687500e+00,-3.81250000e-02,3.32031250e-01
8.37600000e-08,2.45000000e+00,2.65937500e+00,-5.31250000e-02,3.46875000e-01
8.40800000e-08,2.40000000e+00,2.57187500e+00,-4.56250000e-02,3.24218750e-01
8.44000000e-08,2.47500000e+00,2.54687500e+00,-2.12500000e-02,3.06250000e-01
8.47200000e-08,2.35000000e+00,2.49687500e+00,-1.18750000e-02,3.23437500e-01
8.50400000e-08,2.51250000e+00,2.62187500e+00,-9.37500000e-03,3.54687500e-01
8.53600000e-08,2.55000000e+00,2.62187500e+00,-2.81250000e-02,3.60937500e-01
8.56800000e-08,2.42500000e+00,2.65937500e+00,-2.62500000e-02,3.74218750e-01
8.60000000e-08,2.37500000e+00,2.57187500e+00,-2.81250000e-02,4.30468750e-01
8.63200000e-08,2.31250000e+00,2.49687500e+00,8.12500000e-03,3.33593750e-01
8.66400000e-08,2.33750000e+00,2.52187500e+00,-1.87500000e-02,3.12500000e-01
8.69600000e-08,2.37500000e+00,2.59687500e+00,-2.00000000e-02,2.77343750e-01
8.72800000e-08,2.37500000e+00,2.60937500e+00,-2.18750000e-02,2.80468750e-01
8.76000000e-08,2.47500000e+00,2.62187500e+00,-9.37500000e-03,3.71093750e-01
8.79200000e-08,2.47500000e+00,2.53437500e+00,-3.62500000e-02,3.52343750e-01
8.82400000e-08,2.48750000e+00,2.60937500e+00,-1.43750000e-02,3.77343750e-01
8.85600000e-08,2.50000000e+00,2.44687500e+00,-3.93750000e-02,3.31250000e-01
8.88800000e-08,2.51250000e+00,2.62187500e+00,-1.50000000e-02,2.71875000e-01
8.92000000e-08,2.50000000e+00,2.63437500e+00,-2.68750000e-02,3.63281250e-01
8.95200000e-08,2.42500000e+00,2.49687500e+00,-1.12500000e-02,3.16406250e-01
8.98400000e-08,2.43750000e+00,2.50937500e+00,-5.00000000e-03,3.13281250e-01
9.01600000e-08,2.40000000e+00,2.80937500e+00,-2.18750000e-02,3.29687500e-01
9.04800000e-08,2.42500000e+00,2.65937500e+00,-2.18750000e-02,3.30468750e-01
9.08000000e-08,2.35000000e+00,2.43437500e+00,-2.25000000e-02,3.57812500e-01
9.11200000e-08,2.36250000e+00,2.44687500e+00,-4.06250000e-02,3.72656250e-01
9.14400000e-08,2.51250000e+00,2.55937500e+00,-8.75000000e-03,3.11718750e-01
9.17600000e-08,2.53750000e+00,2.63437500e+00,-1.37500000e-02,2.70312500e-01
9.20800000e-08,2.37500000e+00,2.57187500e+00,-2.81250000e-02,2.75000000e-01
9.24000000e-08,2.46250000e+00,2.43437500e+00,-6.87500000e-03,3.96093750e-01
9.27200000e-08,2.41250000e+00,2.44687500e+00,-1.68750000e-02,4.38281250e-01
9.30400000e-08,2.53750000e+00,2.57187500e+00,-1.68750000e-02,3.78906250e-01
9.33600000e-08,2.35000000e+00,2.62187500e+00,-1.68750000e-02,3.42187500e-01
9.36800000e-08,2.42500000e+00,2.38437500e+00,-6.87500000e-03,3.46875000e-01
9.40000000e-08,2.33750000e+00,2.53437500e+00,-3.12500000e-02,2.53906250e-01
9.43200000e-08,2.53750000e+00,2.45937500e+00,-3.31250000e-02,2.93750000e-01
9.46400000e-08,2.41250000e+00,2.67187500e+00,-2.00000000e-02,3.44531250e-01
9.49600000e-08,2.37500000e+00,2.43437500e+00,-4.06250000e-02,3.97656250e-01
9.52800000e-08,2.47500000e+00,2.43437500e+00,-8.75000000e-03,3.92187500e-01
9.56000000e-08,2.40000000e+00,2.60937500e+00,-2.56250000e-02,3.85156250e-01
9.59200000e-08,2.48750000e+00,2.55937500e+00,-1.68750000e-02,3.64843750e-01
9.62400000e-08,2.36250000e+00,2.34687500e+00,-1.75000000e-02,3.05468750e-01
9.65600000e-08,2.47500000e+00,2.55937500e+00,-3.31250000e-02,2.57812500e-01
9.68800000e-08,2.40000000e+00,2.50937500e+00,-8.75000000e-03,2.78125000e-01
9.72000000e-08,2.33750000e+00,2.55937500e+00,-1.25000000e-03,3.17968750e-01
9.75200000e-08,2.43750000e+00,2.52187500e+00,-4.37500000e-02,3.85937500e-01
9.78400000e-08,2.33750000e+00,2.65937500e+00,-4.37500000e-03,3.17187500e-01
9.81600000e-08,2.57500000e+00,2.52187500e+00,-3.43750000e-02,3.43750000e-01
9.84800000e-08,2.48750000e+00,2.63437500e+00,-2.56250000e-02,3.72656250e-01
9.88000000e-08,2.40000000e+00,2.52187500e+00,-3.62500000e-02,3.47656250e-01
9.91200000e-08,2.41250000e+00,2.47187500e+00,-2.18750000e-02,3.30468750e-01
9.94400000e-08,2.38750000e+00,2.43437500e+00,-2.62500000e-02,3.81250000e-01
9.97600000e-08,2.45000000e+00,2.49687500e+00,1.12500000e-02,3.65625000e-01
1.00080000e-07,2.41250000e+00,2.50937500e+00,-3.81250000e-02,4.39843750e-01
1.00400000e-07,2.50000000e+00,2.60937500e+00,-6.87500000e-03,4.48437500e-01
1.00720000e-07,2.48750000e+00,2.33437500e+00,-1.56250000e-02,4.20312500e-01
1.01040000e-07,2.50000000e+00,2.49687500e+00,-1.18750000e-02,4.48437500e-01
1.01360000e-07,2.41250000e+00,2.44687500e+00,-1.93750000e-02,4.31250000e-01
1.01680000e-07,2.43750000e+00,2.50937500e+00,-2.00000000e-02,2.90625000e-01
1.02000000e-07,2.33750000e+00,2.52187500e+00,-2.18750000e-02,3.25000000e-01
1.02320000e-07,2.60000000e+00,2.62187500e+00,-2.87500000e-02,3.21093750e-01
1.02640000e-07,2.50000000e+00,2.63437500e+00,-3.37500000e-02,2.85156250e-01
1.02960000e-07,2.36250000e+00,2.52187500e+00,-2.62500000e-02,3.30468750e-01
1.03280000e-07,2.47500000e+00,2.69687500e+00,-5.06250000e-02,3.17968750e-01
1.03600000e-07,2.31250000e+00,2.62187500e+00,-2.75000000e-02,3.00000000e-01
1.03920000e-07,2.28750000e+00,2.53437500e+00,-2.12500000e-02,3.85937500e-01
1.04240000e-07,2.40937500e+00,2.57187500e+00,-3.75000000e-03,3.62500000e-01
1.04560000e-07,2.36250000e+00,2.59687500e+00,-3.37500000e-02,3.22656250e-01
1.04880000e-07,2.35000000e+00,2.50937500e+00,-2.81250000e-02,3.62500000e-01
1.05200000e-07,2.42500000e+00,2.47187500e+00,-1.68750000e-02,4.32031250e-01
1.05520000e-07,2.40000000e+00,2.68437500e+00,-1.68750000e-02,4.37500000e-01
1.05840000e-07,2.27500000e+00,2.62187500e+00,-4.87500000e-02,3.84375000e-01
1.06160000e-07,2.30000000e+00,2.59687500e+00,-1.93750000e-02,4.45312500e-01
1.06480000e-07,2.38437500e+00,2.48437500e+00,-6.37500000e-02,4.35156250e-01
1.06800000e-07,2.32500000e+00,2.63437500e+00,-1.37500000e-02,3.14062500e-01
1.07120000e-07,2.36250000e+00,2.45937500e+00,-2.62500000e-02,3.57812500e-01
1.07440000e-07,2.37500000e+00,2.50937500e+00,-4.62500000e-02,3.52343750e-01
1.07760000e-07,2.35000000e+00,2.45937500e+00,-2.62500000e-02,3.46875000e-01
1.08080000e-07,2.48750000e+00,2.53437500e+00,-1.62500000e-02,3.60156250e-01
1.08400000e-07,2.33750000e+00,2.48437500e+00,-2.62500000e-02,3.26562500e-01
1.08720000e-07,2.40000000e+00,2.63437500e+00,-3.37500000e-02,3.22656250e-01
1.09040000e-07,2.40000000e+00,2.64687500e+00,-5.12500000e-02,4.23437500e-01
1.09360000e-07,2.35000000e+00,2.52187500e+00,-3.25000000e-02,4.96093750e-01
1.09680000e-07,2.41250000e+00,2.40937500e+00,-2.56250000e-02,4.07812500e-01
1.10000000e-07,2.35000000e+00,2.64687500e+00,-5.06250000e-02,3.50000000e-01
1.10320000e-07,2.37500000e+00,2.48437500e+00,-2.87500000e-02,4.10937500e-01
1.10640000e-07,2.46250000e+00,2.72187500e+00,-3.06250000e-02,4.25000000e-01
1.10960000e-07,2.37500000e+00,2.62187500e+00,-2.50000000e-02,3.72656250e-01
1.11280000e-07,2.37500000e+00,2.57187500e+00,-2.81250000e-02,3.50781250e-01
1.11600000e-07,2.33750000e+00,2.47187500e+00,-1.87500000e-02,3.83593750e-01
1.11920000e-07,2.51250000e+00,2.55937500e+00,-3.12500000e-03,3.28125000e-01
1.12240000e-07,2.46250000e+00,2.43437500e+00,-3.87500000e-02,2.99218750e-01
1.12560000e-07,2.36250000e+00,2.57187500e+00,1.25000000e-03,3.67968750e-01
1.12880000e-07,2.33750000e+00,2.48437500e+00,-1.93750000e-02,4.23437500e-01
1.13200000e-07,2.31250000e+00,2.59687500e+00,-1.18750000e-02,4.42968750e-01
1.13520000e-07,2.42500000e+00,2.50937500e+00,-2.62500000e-02,4.13281250e-01
1.13840000e-07,2.43750000e+00,2.42187500e+00,-9.37500000e-03,4.00781250e-01
1.14160000e-07,2.45000000e+00,2.50937500e+00,-2.00000000e-02,3.25781250e-01
1.14480000e-07,2.38750000e+00,2.65937500e+00,6.25000000e-04,3.58593750e-01
1.14800000e-07,2.42500000e+00,2.62187500e+00,-1.25000000e-02,3.12500000e-01
1.15120000e-07,2.46250000e+00,2.52187500e+00,-2.18750000e-02,3.28125000e-01
1.15440000e-07,2.35000000e+00,2.59687500e+00,-9.37500000e-03,4.36718750e-01
1.15760000e-07,2.48750000e+00,2.55937500e+00,-2.87500000e-02,4.46093750e-01
1.16080000e-07,2.41250000e+00,2.58437500e+00,-6.37500000e-02,4.14843750e-01
1.16400000e-07,2.37500000e+00,2.52187500e+00,-2.87500000e-02,4.42968750e-01
1.16720000e-07,2.37500000e+00,2.54687500e+00,-3.56250000e-02,4.09375000e-01
1.17040000e-07,2.45000000e+00,2.62187500e+00,-3.56250000e-02,2.66406250e-01
1.17360000e-07,2.40000000e+00,2.39687500e+00,-3.81250000e-02,2.89843750e-01
1.17680000e-07,2.35000000e+00,2.69687500e+00,-8.75000000e-03,3.36718750e-01
1.18000000e-07,2.31250000e+00,2.53437500e+00,-3.06250000e-02,4.60937500e-01
1.18320000e-07,2.38750000e+00,2.62187500e+00,-4.37500000e-03,4.59375000e-01
1.18640000e-07,2.27500000e+00,2.74687500e+00,-3.87500000e-02,3.14062500e-01
1.18960000e-07,2.47500000e+00,2.63437500e+00,-2.56250000e-02,2.60937500e-01
1.19280000e-07,2.46875000e+00,2.62187500e+00,-1.25000000e-02,2.53906250e-01
1.19600000e-07,2.43750000e+00,2.54687500e+00,-1.62500000e-02,3.14843750e-01
1.19920000e-07,2.41250000e+00,2.39687500e+00,-3.37500000e-02,4.04687500e-01
1.20240000e-07,2.47500000e+00,2.50937500e+00,-3.37500000e-02,3.78125000e-01
1.20560000e-07,2.32500000e+00,2.62187500e+00,-1.68750000e-02,3.00781250e-01
1.20880000e-07,2.37500000e+00,2.52187500e+00,-2.18750000e-02,3.19531250e-01
1.21200000e-07,2.41250000e+00,2.55937500e+00,-1.68750000e-02,3.98437500e-01
1.21520000e-07,2.32500000e+00,2.57187500e+00,-1.87500000e-03,4.11718750e-01
1.21840000e-07,2.52500000e+00,2.49687500e+00,-1.75000000e-02,3.96093750e-01
1.22160000e-07,2.35000000e+00,2.62187500e+00,-4.87500000e-02,3.82812500e-01
1.22480000e-07,2.42500000e+00,2.53437500e+00,-3.81250000e-02,3.36718750e-01
1.22800000e-07,2.41250000e+00,2.47187500e+00,-1.12500000e-02,3.60156250e-01
1.23120000e-07,2.33750000e+00,2.39687500e+00,-3.37500000e-02,3.94531250e-01
1.23440000e-07,2.28750000e+00,2.55937500e+00,-1.93750000e-02,4.05468750e-01
1.23760000e-07,2.41250000e+00,2.54687500e+00,-3.18750000e-02,3.89843750e-01
1.24080000e-07,2.52500000e+00,2.60937500e+00,-4.06250000e-02,4.13281250e-01
1.24400000e-07,2.46250000e+00,2.50937500e+00,-9.37500000e-03,3.71875000e-01
1.24720000e-07,2.32500000e+00,2.59687500e+00,-8.75000000e-03,2.92187500e-01
1.25040000e-07,2.37500000e+00,2.52187500e+00,-2.81250000e-02,3.35156250e-01
1.25360000e-07,2.30000000e+00,2.54687500e+00,-1.75000000e-02,4.02343750e-01
1.25680000e-07,2.48750000e+00,2.47187500e+00,-1.43750000e-02,4.07812500e-01
1.26000000e-07,2.43750000e+00,2.63437500e+00,-4.87500000e-02,3.56250000e-01
1.26320000e-07,2.38750000e+00,2.33437500e+00,-3.06250000e-02,3.64843750e-01
1.26640000e-07,2.27500000e+00,2.55937500e+00,1.31250000e-02,3.35937500e-01
1.26960000e-07,2.32812500e+00,2.60937500e+00,-2.56250000e-02,3.45312500e-01
1.27280000e-07,2.27187500e+00,2.59687500e+00,-4.62500000e-02,3.21875000e-01
1.27600000e-07,2.34687500e+00,2.69687500e+00,-4.62500000e-02,3.62500000e-01
1.27920000e-07,2.44375000e+00,2.44687500e+00,-5.06250000e-02,3.39062500e-01
1.28240000e-07,2.37500000e+00,2.47187500e+00,-4.31250000e-02,2.89843750e-01
1.28560000e-07,2.32500000e+00,2.57187500e+00,-1.62500000e-02,4.05468750e-01
1.28880000e-07,2.37500000e+00,2.67187500e+00,-3.37500000e-02,4.40625000e-01
1.29200000e-07,2.47500000e+00,2.44687500e+00,-1.18750000e-02,3.59375000e-01
1.29520000e-07,2.33750000e+00,2.45937500e+00,-5.18750000e-02,3.53125000e-01
1.29840000e-07,2.36250000e+00,2.73437500e+00,-2.18750000e-02,3.34375000e-01
1.30160000e-07,2.46250000e+00,2.52187500e+00,-1.75000000e-02,3.15625000e-01
1.30480000e-07,2.42500000e+00,2.74687500e+00,3.12500000e-03,4.49218750e-01
1.30800000e-07,2.38750000e+00,2.70937500e+00,-3.37500000e-02,4.75000000e-01
1.31120000e-07,2.47500000e+00,2.59687500e+00,-5.12500000e-02,3.90625000e-01
1.31440000e-07,2.48750000e+00,2.54687500e+00,-5.12500000e-02,3.57812500e-01
1.31760000e-07,2.37500000e+00,2.54687500e+00,-3.31250000e-02,3.59375000e-01
1.32080000e-07,2.35000000e+00,2.48437500e+00,-5.81250000e-02,4.32031250e-01
1.32400000e-07,2.37500000e+00,2.49687500e+00,-2.12500000e-02,4.82031250e-01
1.32720000e-07,2.37500000e+00,2.54687500e+00,-4.37500000e-03,4.55468750e-01
1.33040000e-07,2.47500000e+00,2.47187500e+00,-3.62500000e-02,4.03906250e-01
1.33360000e-07,2.36250000e+00,2.39687500e+00,-2.18750000e-02,4.09375000e-01
1.33680000e-07,2.48750000e+00,2.57187500e+00,-2.87500000e-02,4.34375000e-01
1.34000000e-07,2.58750000e+00,2.55937500e+00,-1.93750000e-02,4.88281250e-01
1.34320000e-07,2.35000000e+00,2.53437500e+00,-4.37500000e-03,4.50781250e-01
1.34640000e-07,2.45000000e+00,2.42187500e+00,-2.87500000e-02,3.95312500e-01
1.34960000e-07,2.45000000e+00,2.62187500e+00,-4.12500000e-02,3.64062500e-01
1.35280000e-07,2.42500000e+00,2.53437500e+00,-1.93750000e-02,3.47656250e-01
1.35600000e-07,2.30000000e+00,2.60937500e+00,-1.87500000e-03,4.50781250e-01
1.35920000e-07,2.42500000e+00,2.49687500e+00,-2.50000000e-03,5.10937500e-01
1.36240000e-07,2.52500000e+00,2.55937500e+00,-4.12500000e-02,4.88281250e-01
1.36560000e-07,2.43750000e+00,2.53437500e+00,-4.31250000e-02,4.46875000e-01
1.36880000e-07,2.43750000e+00,2.58437500e+00,-3.06250000e-02,4.28906250e-01
1.37200000e-07,2.42500000e+00,2.53437500e+00,-3.06250000e-02,4.57031250e-01
1.37520000e-07,2.25000000e+00,2.58437500e+00,-2.81250000e-02,4.20312500e-01
1.37840000e-07,2.42812500e+00,2.54687500e+00,-3.81250000e-02,4.19531250e-01
1.38160000e-07,2.45000000e+00,2.57187500e+00,-5.56250000e-02,4.85156250e-01
1.38480000e-07,2.46250000e+00,2.50937500e+00,-6.25000000e-03,4.25000000e-01
1.38800000e-07,2.35000000e+00,2.63437500e+00,-1.18750000e-02,4.05468750e-01
1.39120000e-07,2.45000000e+00,2.52187500e+00,-4.62500000e-02,3.94531250e-01
1.39440000e-07,2.35000000e+00,2.67187500e+00,-1.87500000e-03,3.37500000e-01
1.39760000e-07,2.40000000e+00,2.48437500e+00,-2.31250000e-02,3.17187500e-01
1.40080000e-07,2.40000000e+00,2.57187500e+00,-3.37500000e-02,3.82031250e-01
1.40400000e-07,2.35000000e+00,2.55937500e+00,-1.62500000e-02,5.14843750e-01
1.40720000e-07,2.36250000e+00,2.60937500e+00,-1.93750000e-02,5.11718750e-01
1.41040000e-07,2.40000000e+00,2.60937500e+00,-6.87500000e-03,4.47656250e-01
1.41360000e-07,2.37500000e+00,2.49687500e+00,1.06250000e-02,4.35156250e-01
1.41680000e-07,2.37500000e+00,2.55937500e+00,-1.43750000e-02,3.85937500e-01
1.42000000e-07,2.45000000e+00,2.63437500e+00,-1.75000000e-02,4.25000000e-01
1.42320000e-07,2.43750000e+00,2.39687500e+00,-2.81250000e-02,4.51562500e-01
1.42640000e-07,2.37500000e+00,2.57187500e+00,-6.87500000e-03,4.42968750e-01
1.42960000e-07,2.42500000e+00,2.54687500e+00,-4.00000000e-02,5.64062500e-01
1.43280000e-07,2.33750000e+00,2.58437500e+00,-6.25000000e-03,5.26562500e-01
1.43600000e-07,2.27500000e+00,2.57187500e+00,-1.43750000e-02,5.16406250e-01
1.43920000e-07,2.32812500e+00,2.77187500e+00,-3.62500000e-02,5.04687500e-01
1.44240000e-07,2.47500000e+00,2.53437500e+00,-4.06250000e-02,4.63281250e-01
1.44560000e-07,2.43750000e+00,2.52187500e+00,-4.56250000e-02,4.82812500e-01
1.44880000e-07,2.32500000e+00,2.47187500e+00,-1.37500000e-02,4.27343750e-01
1.45200000e-07,2.31250000e+00,2.47187500e+00,-1.50000000e-02,4.61718750e-01
1.45520000e-07,2.54062500e+00,2.55937500e+00,-3.06250000e-02,3.84375000e-01
1.45840000e-07,2.37500000e+00,2.68437500e+00,-1.12500000e-02,3.40625000e-01
1.46160000e-07,2.47500000e+00,2.67187500e+00,-1.43750000e-02,4.82812500e-01
1.46480000e-07,2.42500000e+00,2.63437500e+00,-1.43750000e-02,4.92187500e-01
1.46800000e-07,2.37500000e+00,2.54687500e+00,-1.18750000e-02,5.45312500e-01
1.47120000e-07,2.45000000e+00,2.59687500e+00,-1.50000000e-02,5.14062500e-01
1.47440000e-07,2.42500000e+00,2.47187500e+00,-2.81250000e-02,3.68750000e-01
1.47760000e-07,2.21250000e+00,2.52187500e+00,-1.68750000e-02,3.71875000e-01
1.48080000e-07,2.33750000e+00,2.49687500e+00,-1.62500000e-02,4.89062500e-01
1.48400000e-07,2.25625000e+00,2.60937500e+00,-2.56250000e-02,4.97656250e-01
1.48720000e-07,2.33750000e+00,2.53437500e+00,6.25000000e-04,4.41406250e-01
1.49040000e-07,2.31875000e+00,2.55937500e+00,6.25000000e-04,4.27343750e-01
1.49360000e-07,2.37500000e+00,2.50937500e+00,-1.68750000e-02,4.82031250e-01
1.49680000e-07,2.41250000e+00,2.58437500e+00,-3.12500000e-02,5.11718750e-01
1.50000000e-07,2.33750000e+00,2.42187500e+00,-3.81250000e-02,5.11718750e-01
1.50320000e-07,2.36250000e+00,2.55937500e+00,-1.25000000e-02,5.00781250e-01
1.50640000e-07,2.38750000e+00,2.67187500e+00,-5.06250000e-02,4.19531250e-01
1.50960000e-07,2.47500000e+00,2.60937500e+00,-6.25000000e-03,4.23437500e-01
1.51280000e-07,2.31250000e+00,2.47187500e+00,5.62500000e-03,4.26562500e-01
1.51600000e-07,2.47500000e+00,2.57187500e+00,3.12500000e-03,4.65625000e-01
1.51920000e-07,2.40000000e+00,2.57187500e+00,-4.12500000e-02,4.90625000e-01
1.52240000e-07,2.30000000e+00,2.60937500e+00,-4.12500000e-02,4.36718750e-01
1.52560000e-07,2.29062500e+00,2.48437500e+00,-3.06250000e-02,3.97656250e-01
1.52880000e-07,2.45937500e+00,2.63437500e+00,-2.56250000e-02,4.60937500e-01
1.53200000e-07,2.42500000e+00,2.40937500e+00,-4.06250000e-02,4.42968750e-01
1.53520000e-07,2.37500000e+00,2.48437500e+00,-4.12500000e-02,4.14843750e-01
1.53840000e-07,2.26250000e+00,2.47187500e+00,-4.31250000e-02,4.86718750e-01
1.54160000e-07,2.42812500e+00,2.59687500e+00,-3.06250000e-02,5.08593750e-01
1.54480000e-07,2.43125000e+00,2.64687500e+00,-4.31250000e-02,4.96875000e-01
1.54800000e-07,2.41250000e+00,2.45937500e+00,6.25000000e-03,4.20312500e-01
1.55120000e-07,2.47500000e+00,2.60937500e+00,-2.25000000e-02,3.69531250e-01
1.55440000e-07,2.43750000e+00,2.65937500e+00,-4.12500000e-02,3.90625000e-01
1.55760000e-07,2.43750000e+00,2.50937500e+00,-2.18750000e-02,3.43750000e-01
1.56080000e-07,2.38750000e+00,2.67187500e+00,-2.62500000e-02,3.60937500e-01
1.56400000e-07,2.22500000e+00,2.59687500e+00,-1.87500000e-02,4.52343750e-01
1.56720000e-07,2.37812500e+00,2.55937500e+00,-5.00000000e-03,4.75781250e-01
1.57040000e-07,2.45625000e+00,2.57187500e+00,-3.87500000e-02,4.89062500e-01
1.57360000e-07,2.45000000e+00,2.60937500e+00,-3.25000000e-02,5.59375000e-01
1.57680000e-07,2.30000000e+00,2.49687500e+00,-1.37500000e-02,4.57812500e-01
1.58000000e-07,2.28750000e+00,2.44687500e+00,-1.43750000e-02,3.65625000e-01
1.58320000e-07,2.30937500e+00,2.58437500e+00,-3.37500000e-02,3.85156250e-01
1.58640000e-07,2.40937500e+00,2.67187500e+00,-5.06250000e-02,4.89062500e-01
1.58960000e-07,2.48750000e+00,2.42187500e+00,-3.06250000e-02,5.66406250e-01
1.59280000e-07,2.41250000e+00,2.65937500e+00,-5.06250000e-02,5.14062500e-01
1.59600000e-07,2.33750000e+00,2.54687500e+00,-3.31250000e-02,4.48437500e-01
1.59920000e-07,2.26250000e+00,2.62187500e+00,-4.06250000e-02,4.88281250e-01
1.60240000e-07,2.45000000e+00,2.50937500e+00,-1.87500000e-02,4.60156250e-01
1.60560000e-07,2.40625000e+00,2.68437500e+00,-3.12500000e-02,4.00781250e-01
1.60880000e-07,2.32500000e+00,2.52187500e+00,-9.37500000e-03,4.09375000e-01
1.61200000e-07,2.41250000e+00,2.63437500e+00,-1.00000000e-02,5.13281250e-01
1.61520000e-07,2.36250000e+00,2.57187500e+00,-1.87500000e-03,4.27343750e-01
1.61840000e-07,2.43750000e+00,2.52187500e+00,-3.62500000e-02,4.06250000e-01
1.62160000e-07,2.33750000e+00,2.58437500e+00,-7.00000000e-02,4.66406250e-01
1.62480000e-07,2.51250000e+00,2.57187500e+00,-3.37500000e-02,5.16406250e-01
1.62800000e-07,2.42500000e+00,2.52187500e+00,-2.81250000e-02,5.42968750e-01
1.63120000e-07,2.43750000e+00,2.70937500e+00,-4.56250000e-02,4.89062500e-01
1.63440000e-07,2.31250000e+00,2.49687500e+00,-4.56250000e-02,4.42968750e-01
1.63760000e-07,2.33750000e+00,2.53437500e+00,-1.12500000e-02,4.43750000e-01
1.64080000e-07,2.43125000e+00,2.52187500e+00,-1.43750000e-02,4.39843750e-01
1.64400000e-07,2.40000000e+00,2.58437500e+00,-4.43750000e-02,4.55468750e-01
1.64720000e-07,2.43750000e+00,2.52187500e+00,-7.00000000e-02,5.07812500e-01
1.65040000e-07,2.25000000e+00,2.53437500e+00,-2.62500000e-02,4.59375000e-01
1.65360000e-07,2.30312500e+00,2.60937500e+00,-2.62500000e-02,3.92187500e-01
1.65680000e-07,2.44687500e+00,2.54687500e+00,-3.06250000e-02,3.78125000e-01
1.66000000e-07,2.42500000e+00,2.65937500e+00,-4.56250000e-02,4.24218750e-01
1.66320000e-07,2.45000000e+00,2.48437500e+00,-1.12500000e-02,4.01562500e-01
1.66640000e-07,2.38750000e+00,2.59687500e+00,-1.25000000e-02,4.34375000e-01
1.66960000e-07,2.41250000e+00,2.69687500e+00,-4.12500000e-02,4.76562500e-01
1.67280000e-07,2.40000000e+00,2.43437500e+00,-4.56250000e-02,5.18750000e-01
1.67600000e-07,2.28750000e+00,2.50937500e+00,-2.56250000e-02,5.89843750e-01
1.67920000e-07,2.35312500e+00,2.45937500e+00,-4.31250000e-02,4.77343750e-01
1.68240000e-07,2.34375000e+00,2.67187500e+00,-2.56250000e-02,3.54687500e-01
1.68560000e-07,2.27500000e+00,2.49687500e+00,-3.31250000e-02,3.84375000e-01
1.68880000e-07,2.40312500e+00,2.65937500e+00,-1.12500000e-02,4.74218750e-01
1.69200000e-07,2.40000000e+00,2.55937500e+00,-2.00000000e-02,5.09375000e-01
1.69520000e-07,2.35000000e+00,2.57187500e+00,-2.56250000e-02,4.96875000e-01
1.69840000e-07,2.42500000e+00,2.57187500e+00,-2.50000000e-02,4.95312500e-01
1.70160000e-07,2.30000000e+00,2.54687500e+00,-1.25000000e-03,5.04687500e-01
1.70480000e-07,2.35312500e+00,2.59687500e+00,-1.75000000e-02,3.95312500e-01
1.70800000e-07,2.33750000e+00,2.79687500e+00,-2.00000000e-02,3.64843750e-01
1.71120000e-07,2.36250000e+00,2.50937500e+00,-3.62500000e-02,4.41406250e-01
1.71440000e-07,2.31250000e+00,2.54687500e+00,-2.12500000e-02,5.24218750e-01
1.71760000e-07,2.31562500e+00,2.44687500e+00,-7.50000000e-03,5.16406250e-01
1.72080000e-07,2.41250000e+00,2.48437500e+00,-3.87500000e-02,4.92968750e-01
1.72400000e-07,2.48125000e+00,2.45937500e+00,-2.12500000e-02,5.06250000e-01
1.72720000e-07,2.37500000e+00,2.40937500e+00,-1.18750000e-02,4.66406250e-01
1.73040000e-07,2.40000000e+00,2.53437500e+00,-1.93750000e-02,4.07031250e-01
1.73360000e-07,2.32500000e+00,2.54687500e+00,1.56250000e-02,3.64062500e-01
1.73680000e-07,2.30000000e+00,2.52187500e+00,-2.81250000e-02,3.64062500e-01
1.74000000e-07,2.40312500e+00,2.72187500e+00,-1.50000000e-02,3.60937500e-01
1.74320000e-07,2.45000000e+00,2.48437500e+00,-2.56250000e-02,4.45312500e-01
1.74640000e-07,2.40000000e+00,2.58437500e+00,-1.37500000e-02,4.96875000e-01
1.74960000e-07,2.47500000e+00,2.45937500e+00,-4.81250000e-02,5.09375000e-01
1.75280000e-07,2.45000000e+00,2.47187500e+00,-3.62500000e-02,5.39062500e-01
1.75600000e-07,2.35000000e+00,2.33437500e+00,-2.81250000e-02,4.35937500e-01
1.75920000e-07,2.36250000e+00,2.73437500e+00,-1.25000000e-03,3.70312500e-01
1.76240000e-07,2.48750000e+00,2.54687500e+00,-3.50000000e-02,4.00000000e-01
1.76560000e-07,2.38750000e+00,2.64687500e+00,-1.75000000e-02,4.24218750e-01
1.76880000e-07,2.25000000e+00,2.64687500e+00,-1.43750000e-02,4.34375000e-01
1.77200000e-07,2.33750000e+00,2.52187500e+00,-1.00000000e-02,4.29687500e-01
1.77520000e-07,2.46875000e+00,2.45937500e+00,-3.37500000e-02,3.71093750e-01
1.77840000e-07,2.41250000e+00,2.55937500e+00,-3.00000000e-02,3.98437500e-01
1.78160000e-07,2.57500000e+00,2.40937500e+00,-8.75000000e-03,4.67187500e-01
1.78480000e-07,2.46250000e+00,2.57187500e+00,-2.56250000e-02,4.93750000e-01
1.78800000e-07,2.28750000e+00,2.52187500e+00,-3.87500000e-02,4.83593750e-01
1.79120000e-07,2.40000000e+00,2.45937500e+00,-1.93750000e-02,4.58593750e-01
1.79440000e-07,2.46875000e+00,2.57187500e+00,-1.93750000e-02,4.46875000e-01
1.79760000e-07,2.45000000e+00,2.62187500e+00,-1.18750000e-02,4.83593750e-01
1.80080000e-07,2.38750000e+00,2.55937500e+00,-2.56250000e-02,5.28125000e-01
1.80400000e-07,2.42500000e+00,2.68437500e+00,-1.43750000e-02,4.57031250e-01
1.80720000e-07,2.18750000e+00,2.54687500e+00,-1.75000000e-02,4.07812500e-01
1.81040000e-07,2.35000000e+00,2.49687500e+00,-3.87500000e-02,4.25000000e-01
1.81360000e-07,2.45625000e+00,2.54687500e+00,-2.75000000e-02,4.42968750e-01
1.81680000e-07,2.38750000e+00,2.70937500e+00,-2.18750000e-02,4.09375000e-01
1.82000000e-07,2.40000000e+00,2.48437500e+00,-2.12500000e-02,4.32031250e-01
1.82320000e-07,2.41250000e+00,2.50937500e+00,-1.18750000e-02,5.01562500e-01
1.82640000e-07,2.30000000e+00,2.52187500e+00,-3.12500000e-02,4.24218750e-01
1.82960000e-07,2.47812500e+00,2.68437500e+00,-3.81250000e-02,5.20312500e-01
1.83280000e-07,2.55000000e+00,2.64687500e+00,-6.87500000e-03,5.64843750e-01
1.83600000e-07,2.37500000e+00,2.53437500e+00,-1.68750000e-02,3.52343750e-01
1.83920000e-07,2.30000000e+00,2.44687500e+00,-3.31250000e-02,3.77343750e-01
1.84240000e-07,2.41250000e+00,2.58437500e+00,-2.50000000e-02,5.06250000e-01
1.84560000e-07,2.45625000e+00,2.53437500e+00,1.25000000e-03,5.18750000e-01
1.84880000e-07,2.27500000e+00,2.54687500e+00,5.62500000e-03,5.18750000e-01
1.85200000e-07,2.45000000e+00,2.52187500e+00,-2.62500000e-02,5.03125000e-01
1.85520000e-07,2.38125000e+00,2.52187500e+00,-2.00000000e-02,5.09375000e-01
1.85840000e-07,2.43750000e+00,2.43437500e+00,-3.12500000e-02,4.73437500e-01
1.86160000e-07,2.33750000e+00,2.54687500e+00,-3.75000000e-03,4.85937500e-01
1.86480000e-07,2.48750000e+00,2.57187500e+00,-1.43750000e-02,5.21875000e-01
1.86800000e-07,2.21250000e+00,2.53437500e+00,-3.06250000e-02,4.74218750e-01
1.87120000e-07,2.38750000e+00,2.48437500e+00,-1.25000000e-03,4.87500000e-01
1.87440000e-07,2.33125000e+00,2.59687500e+00,-3.81250000e-02,5.10937500e-01
1.87760000e-07,2.40000000e+00,2.60937500e+00,-5.62500000e-02,5.25781250e-01
1.88080000e-07,2.37500000e+00,2.50937500e+00,-1.93750000e-02,5.54687500e-01
1.88400000e-07,2.40000000e+00,2.42187500e+00,1.06250000e-02,6.28906250e-01
1.88720000e-07,2.50000000e+00,2.55937500e+00,-4.37500000e-03,4.87500000e-01
1.89040000e-07,2.41250000e+00,2.53437500e+00,-1.43750000e-02,4.16406250e-01
1.89360000e-07,2.32500000e+00,2.59687500e+00,-1.68750000e-02,4.57812500e-01
1.89680000e-07,2.41250000e+00,2.49687500e+00,-1.18750000e-02,5.16406250e-01
1.90000000e-07,2.30000000e+00,2.62187500e+00,-2.00000000e-02,5.51562500e-01
1.90320000e-07,2.40000000e+00,2.59687500e+00,-4.62500000e-02,5.42187500e-01
1.90640000e-07,2.38750000e+00,2.48437500e+00,-1.12500000e-02,5.50781250e-01
1.90960000e-07,2.48750000e+00,2.49687500e+00,-3.87500000e-02,5.71875000e-01
1.91280000e-07,2.38750000e+00,2.59687500e+00,-9.37500000e-03,5.63281250e-01
1.91600000e-07,2.36250000e+00,2.37187500e+00,-2.06250000e-02,5.11718750e-01
1.91920000e-07,2.26250000e+00,2.67187500e+00,-4.87500000e-02,4.38281250e-01
1.92240000e-07,2.42500000e+00,2.55937500e+00,-3.25000000e-02,4.96093750e-01
1.92560000e-07,2.30000000e+00,2.54687500e+00,-8.75000000e-03,5.21875000e-01
1.92880000e-07,2.45000000e+00,2.58437500e+00,-5.56250000e-02,4.82031250e-01
1.93200000e-07,2.40000000e+00,2.54687500e+00,-2.56250000e-02,5.74218750e-01
1.93520000e-07,2.48750000e+00,2.37187500e+00,-1.68750000e-02,6.10156250e-01
1.93840000e-07,2.45000000e+00,2.55937500e+00,-2.18750000e-02,5.27343750e-01
1.94160000e-07,2.22500000e+00,2.55937500e+00,-2.18750000e-02,4.89843750e-01
1.94480000e-07,2.46250000e+00,2.55937500e+00,-2.18750000e-02,5.25000000e-01
1.94800000e-07,2.48125000e+00,2.53437500e+00,-1.68750000e-02,5.79687500e-01
1.95120000e-07,2.53750000e+00,2.62187500e+00,-9.37500000e-03,5.50000000e-01
1.95440000e-07,2.40000000e+00,2.55937500e+00,-3.31250000e-02,5.39843750e-01
1.95760000e-07,2.36250000e+00,2.50937500e+00,-2.50000000e-03,5.14062500e-01
1.96080000e-07,2.30000000e+00,2.48437500e+00,-4.37500000e-02,5.03125000e-01
1.96400000e-07,2.38750000e+00,2.60937500e+00,-1.68750000e-02,4.93750000e-01
1.96720000e-07,2.50625000e+00,2.48437500e+00,-3.31250000e-02,4.57812500e-01
1.97040000e-07,2.43750000e+00,2.47187500e+00,-1.62500000e-02,4.93750000e-01
1.97360000e-07,2.38750000e+00,2.60937500e+00,-1.12500000e-02,5.14843750e-01
1.97680000e-07,2.36250000e+00,2.58437500e+00,-1.18750000e-02,5.31250000e-01
1.98000000e-07,2.36250000e+00,2.65937500e+00,-5.00000000e-03,5.02343750e-01
1.98320000e-07,2.52500000e+00,2.62187500e+00,-4.37500000e-02,5.08593750e-01
1.98640000e-07,2.45000000e+00,2.35937500e+00,-4.00000000e-02,5.09375000e-01
1.98960000e-07,2.36250000e+00,2.73437500e+00,-1.37500000e-02,4.64843750e-01
1.99280000e-07,2.35000000e+00,2.62187500e+00,-2.12500000e-02,4.07812500e-01
1.99600000e-07,2.36250000e+00,2.52187500e+00,-9.37500000e-03,4.64843750e-01
1.99920000e-07,2.38750000e+00,2.58437500e+00,-1.43750000e-02,5.41406250e-01
2.00240000e-07,2.38750000e+00,2.54687500e+00,-1.68750000e-02,5.32812500e-01
2.00560000e-07,2.51250000e+00,2.48437500e+00,-3.31250000e-02,5.14843750e-01
2.00880000e-07,2.40000000e+00,2.54687500e+00,-1.43750000e-02,4.32031250e-01
2.01200000e-07,2.40000000e+00,2.40937500e+00,-4.37500000e-03,4.20312500e-01
2.01520000e-07,2.51250000e+00,2.49687500e+00,-3.87500000e-02,4.42968750e-01
2.01840000e-07,2.43750000e+00,2.60937500e+00,-1.87500000e-03,4.31250000e-01
2.02160000e-07,2.35000000e+00,2.60937500e+00,-2.31250000e-02,4.62500000e-01
2.02480000e-07,2.37500000e+00,2.45937500e+00,-2.56250000e-02,5.47656250e-01
2.02800000e-07,2.38750000e+00,2.49687500e+00,-2.81250000e-02,5.20312500e-01
2.03120000e-07,2.33750000e+00,2.52187500e+00,-2.12500000e-02,4.92968750e-01
2.03440000e-07,2.37500000e+00,2.47187500e+00,-1.75000000e-02,4.82031250e-01
2.03760000e-07,2.35000000e+00,2.42187500e+00,6.25000000e-04,4.78906250e-01
2.04080000e-07,2.41250000e+00,2.37187500e+00,-1.87500000e-03,4.64062500e-01
2.04400000e-07,2.40000000e+00,2.57187500e+00,1.06250000e-02,4.70312500e-01
2.04720000e-07,2.46250000e+00,2.72187500e+00,-1.50000000e-02,4.73437500e-01
2.05040000e-07,2.43750000e+00,2.58437500e+00,-3.06250000e-02,5.17187500e-01
2.05360000e-07,2.38750000e+00,2.55937500e+00,-1.43750000e-02,4.50781250e-01
2.05680000e-07,2.40000000e+00,2.53437500e+00,-4.31250000e-02,4.46093750e-01
2.06000000e-07,2.53750000e+00,2.50937500e+00,-1.87500000e-02,4.73437500e-01
2.06320000e-07,2.53750000e+00,2.62187500e+00,-1.68750000e-02,4.26562500e-01
2.06640000e-07,2.38750000e+00,2.63437500e+00,-2.50000000e-03,4.01562500e-01
2.06960000e-07,2.31250000e+00,2.58437500e+00,-3.62500000e-02,4.56250000e-01
2.07280000e-07,2.36250000e+00,2.55937500e+00,-3.00000000e-02,5.17187500e-01
2.07600000e-07,2.45000000e+00,2.55937500e+00,2.12500000e-02,4.51562500e-01
2.07920000e-07,2.43750000e+00,2.69687500e+00,-1.37500000e-02,4.29687500e-01
2.08240000e-07,2.41250000e+00,2.54687500e+00,-2.56250000e-02,4.50000000e-01
2.08560000e-07,2.22500000e+00,2.52187500e+00,-2.00000000e-02,4.78906250e-01
2.08880000e-07,2.40312500e+00,2.55937500e+00,-1.43750000e-02,5.13281250e-01
2.09200000e-07,2.40625000e+00,2.57187500e+00,-1.43750000e-02,4.48437500e-01
2.09520000e-07,2.47500000e+00,2.48437500e+00,-1.18750000e-02,4.75781250e-01
2.09840000e-07,2.40000000e+00,2.55937500e+00,-2.87500000e-02,4.93750000e-01
2.10160000e-07,2.48750000e+00,2.67187500e+00,-9.37500000e-03,4.75781250e-01
2.10480000e-07,2.38750000e+00,2.64687500e+00,0.00000000e+00,5.40625000e-01
2.10800000e-07,2.31250000e+00,2.49687500e+00,-2.62500000e-02,5.32812500e-01
2.11120000e-07,2.37500000e+00,2.65937500e+00,-3.37500000e-02,4.67968750e-01
2.11440000e-07,2.58125000e+00,2.57187500e+00,-3.87500000e-02,4.85937500e-01
2.11760000e-07,2.43750000e+00,2.49687500e+00,-1.37500000e-02,4.82031250e-01
2.12080000e-07,2.43750000e+00,2.57187500e+00,6.25000000e-04,4.14062500e-01
2.12400000e-07,2.43750000e+00,2.63437500e+00,-4.37500000e-03,4.73437500e-01
2.12720000e-07,2.28750000e+00,2.52187500e+00,-1.93750000e-02,5.13281250e-01
2.13040000e-07,2.36250000e+00,2.63437500e+00,-1.93750000e-02,4.58593750e-01
2.13360000e-07,2.52500000e+00,2.47187500e+00,-3.62500000e-02,4.45312500e-01
2.13680000e-07,2.57500000e+00,2.60937500e+00,-3.87500000e-02,4.25000000e-01
2.14000000e-07,2.35000000e+00,2.57187500e+00,-5.37500000e-02,5.25000000e-01
2.14320000e-07,2.43750000e+00,2.58437500e+00,1.12500000e-02,5.75781250e-01
2.14640000e-07,2.52500000e+00,2.48437500e+00,5.62500000e-03,4.79687500e-01
2.14960000e-07,2.41250000e+00,2.59687500e+00,-1.75000000e-02,4.00000000e-01
2.15280000e-07,2.50000000e+00,2.44687500e+00,-2.81250000e-02,4.75781250e-01
2.15600000e-07,2.53750000e+00,2.54687500e+00,-3.75000000e-03,5.39062500e-01
2.15920000e-07,2.35000000e+00,2.55937500e+00,-2.50000000e-02,4.68750000e-01
2.16240000e-07,2.50000000e+00,2.65937500e+00,-1.18750000e-02,4.35937500e-01
2.16560000e-07,2.46250000e+00,2.60937500e+00,-1.93750000e-02,4.47656250e-01
2.16880000e-07,2.41250000e+00,2.52187500e+00,-4.37500000e-03,4.16406250e-01
2.17200000e-07,2.45000000e+00,2.49687500e+00,-2.56250000e-02,4.28906250e-01
2.17520000e-07,2.46250000e+00,2.73437500e+00,-2.25000000e-02,4.29687500e-01
2.17840000e-07,2.45000000e+00,2.49687500e+00,-2.81250000e-02,4.63281250e-01
2.18160000e-07,2.53750000e+00,2.52187500e+00,-6.87500000e-03,4.76562500e-01
2.18480000e-07,2.41250000e+00,2.48437500e+00,-5.31250000e-02,4.42968750e-01
2.18800000e-07,2.45000000e+00,2.58437500e+00,-4.56250000e-02,4.88281250e-01
2.19120000e-07,2.57500000e+00,2.50937500e+00,-3.00000000e-02,5.46093750e-01
2.19440000e-07,2.35000000e+00,2.57187500e+00,-8.75000000e-03,5.50000000e-01
2.19760000e-07,2.30000000e+00,2.57187500e+00,-4.31250000e-02,4.72656250e-01
2.20080000e-07,2.50312500e+00,2.60937500e+00,-5.37500000e-02,4.94531250e-01
2.20400000e-07,2.46250000e+00,2.62187500e+00,-4.37500000e-03,5.23437500e-01
2.20720000e-07,2.37500000e+00,2.50937500e+00,-1.18750000e-02,5.31250000e-01
2.21040000e-07,2.40000000e+00,2.49687500e+00,6.25000000e-04,5.73437500e-01
2.21360000e-07,2.32500000e+00,2.63437500e+00,-9.37500000e-03,4.71875000e-01
2.21680000e-07,2.48750000e+00,2.60937500e+00,-6.87500000e-03,3.93750000e-01
2.22000000e-07,2.41250000e+00,2.58437500e+00,-2.81250000e-02,4.28125000e-01
2.22320000e-07,2.50000000e+00,2.49687500e+00,-2.25000000e-02,4.82812500e-01
2.22640000e-07,2.35000000e+00,2.65937500e+00,-1.18750000e-02,5.32031250e-01
2.22960000e-07,2.47500000e+00,2.55937500e+00,1.81250000e-02,5.59375000e-01
2.23280000e-07,2.45000000e+00,2.69687500e+00,-3.37500000e-02,5.53906250e-01
2.23600000e-07,2.57500000e+00,2.59687500e+00,-1.68750000e-02,5.21875000e-01
2.23920000e-07,2.37500000e+00,2.52187500e+00,-5.62500000e-03,5.00781250e-01
2.24240000e-07,2.41250000e+00,2.50937500e+00,-4.81250000e-02,3.85937500e-01
2.24560000e-07,2.43750000e+00,2.49687500e+00,1.25000000e-03,3.95312500e-01
2.24880000e-07,2.36250000e+00,2.64687500e+00,-1.62500000e-02,4.25781250e-01
2.25200000e-07,2.53750000e+00,2.68437500e+00,-1.43750000e-02,4.41406250e-01
2.25520000e-07,2.50000000e+00,2.57187500e+00,3.12500000e-03,4.72656250e-01
2.25840000e-07,2.43750000e+00,2.62187500e+00,-1.68750000e-02,4.44531250e-01
2.26160000e-07,2.30000000e+00,2.59687500e+00,-2.87500000e-02,5.03125000e-01
2.26480000e-07,2.33750000e+00,2.54687500e+00,-5.18750000e-02,5.33593750e-01
2.26800000e-07,2.39375000e+00,2.48437500e+00,-5.31250000e-02,5.38281250e-01
2.27120000e-07,2.36250000e+00,2.34687500e+00,6.25000000e-03,5.25781250e-01
2.27440000e-07,2.35000000e+00,2.53437500e+00,-1.43750000e-02,5.56250000e-01
2.27760000e-07,2.42500000e+00,2.60937500e+00,3.12500000e-03,5.10937500e-01
2.28080000e-07,2.60000000e+00,2.62187500e+00,6.25000000e-04,4.44531250e-01
2.28400000e-07,2.42500000e+00,2.70937500e+00,-2.87500000e-02,4.44531250e-01
2.28720000e-07,2.48750000e+00,2.54687500e+00,-1.93750000e-02,4.28906250e-01
2.29040000e-07,2.46250000e+00,2.54687500e+00,-7.50000000e-03,5.26562500e-01
2.29360000e-07,2.40000000e+00,2.62187500e+00,-1.43750000e-02,5.98437500e-01
2.29680000e-07,2.60000000e+00,2.54687500e+00,-1.25000000e-02,5.66406250e-01
2.30000000e-07,2.55000000e+00,2.43437500e+00,-3.06250000e-02,4.41406250e-01
2.30320000e-07,2.47500000e+00,2.57187500e+00,-8.75000000e-03,4.26562500e-01
2.30640000e-07,2.41250000e+00,2.52187500e+00,-2.12500000e-02,4.65625000e-01
2.30960000e-07,2.43750000e+00,2.63437500e+00,8.12500000e-03,5.00781250e-01
2.31280000e-07,2.53750000e+00,2.60937500e+00,-7.50000000e-03,5.57031250e-01
2.31600000e-07,2.38750000e+00,2.48437500e+00,-3.87500000e-02,5.57031250e-01
2.31920000e-07,2.33750000e+00,2.52187500e+00,1.25000000e-03,4.55468750e-01
2.32240000e-07,2.56250000e+00,2.54687500e+00,-2.50000000e-03,4.53906250e-01
2.32560000e-07,2.38750000e+00,2.49687500e+00,-2.56250000e-02,5.86718750e-01
2.32880000e-07,2.40000000e+00,2.58437500e+00,-1.25000000e-03,5.65625000e-01
2.33200000e-07,2.42500000e+00,2.50937500e+00,-6.25000000e-03,4.96875000e-01
2.33520000e-07,2.35000000e+00,2.65937500e+00,-1.68750000e-02,4.92187500e-01
2.33840000e-07,2.47500000e+00,2.57187500e+00,-3.31250000e-02,5.35937500e-01
2.34160000e-07,2.52500000e+00,2.64687500e+00,-6.87500000e-03,5.79687500e-01
2.34480000e-07,2.41250000e+00,2.62187500e+00,-6.87500000e-03,5.63281250e-01
2.34800000e-07,2.37500000e+00,2.59687500e+00,-3.12500000e-02,5.17968750e-01
2.35120000e-07,2.25000000e+00,2.48437500e+00,-1.43750000e-02,5.32031250e-01
2.35440000e-07,2.47812500e+00,2.50937500e+00,-7.50000000e-03,4.87500000e-01
2.35760000e-07,2.49375000e+00,2.47187500e+00,-1.68750000e-02,4.71875000e-01
2.36080000e-07,2.42500000e+00,2.53437500e+00,-2.56250000e-02,5.21875000e-01
2.36400000e-07,2.50000000e+00,2.43437500e+00,1.31250000e-02,5.42968750e-01
2.36720000e-07,2.47500000e+00,2.64687500e+00,1.56250000e-02,4.86718750e-01
2.37040000e-07,2.38750000e+00,2.43437500e+00,-1.18750000e-02,4.49218750e-01
2.37360000e-07,2.31250000e+00,2.60937500e+00,-3.37500000e-02,4.76562500e-01
2.37680000e-07,2.50312500e+00,2.60937500e+00,-3.81250000e-02,5.55468750e-01
2.38000000e-07,2.48750000e+00,2.60937500e+00,-1.87500000e-03,5.78125000e-01
2.38320000e-07,2.33750000e+00,2.59687500e+00,8.75000000e-03,5.33593750e-01
2.38640000e-07,2.37500000e+00,2.52187500e+00,-6.87500000e-03,4.67187500e-01
2.38960000e-07,2.41250000e+00,2.44687500e+00,-4.37500000e-02,4.81250000e-01
2.39280000e-07,2.48750000e+00,2.52187500e+00,-3.87500000e-02,6.00781250e-01
2.39600000e-07,2.41250000e+00,2.49687500e+00,-3.06250000e-02,5.80468750e-01
2.39920000e-07,2.45000000e+00,2.67187500e+00,6.25000000e-03,4.18750000e-01
2.40240000e-07,2.23750000e+00,2.45937500e+00,-1.68750000e-02,4.21093750e-01
2.40560000e-07,2.38750000e+00,2.55937500e+00,-4.12500000e-02,5.00781250e-01
2.40880000e-07,2.51875000e+00,2.55937500e+00,-8.75000000e-03,4.98437500e-01
2.41200000e-07,2.46250000e+00,2.59687500e+00,-6.87500000e-03,5.21875000e-01
2.41520000e-07,2.46250000e+00,2.53437500e+00,-2.87500000e-02,5.29687500e-01
2.41840000e-07,2.45000000e+00,2.54687500e+00,-2.87500000e-02,5.29687500e-01
2.42160000e-07,2.47500000e+00,2.58437500e+00,-2.62500000e-02,5.00781250e-01
2.42480000e-07,2.38750000e+00,2.59687500e+00,-2.18750000e-02,4.47656250e-01
2.42800000e-07,2.36250000e+00,2.55937500e+00,-3.87500000e-02,4.40625000e-01
2.43120000e-07,2.35000000e+00,2.53437500e+00,-3.00000000e-02,3.83593750e-01
2.43440000e-07,2.42500000e+00,2.50937500e+00,-1.62500000e-02,4.21875000e-01
2.43760000e-07,2.50000000e+00,2.54687500e+00,-1.12500000e-02,5.15625000e-01
2.44080000e-07,2.43750000e+00,2.70937500e+00,-2.62500000e-02,5.82031250e-01
2.44400000e-07,2.41250000e+00,2.64687500e+00,-2.87500000e-02,5.06250000e-01
2.44720000e-07,2.36250000e+00,2.48437500e+00,-3.12500000e-02,4.83593750e-01
2.45040000e-07,2.41250000e+00,2.57187500e+00,-2.75000000e-02,5.03906250e-01
2.45360000e-07,2.30000000e+00,2.64687500e+00,-8.75000000e-03,3.89843750e-01
2.45680000e-07,2.35000000e+00,2.63437500e+00,-1.68750000e-02,4.10156250e-01
2.46000000e-07,2.40625000e+00,2.59687500e+00,-2.81250000e-02,5.21875000e-01
2.46320000e-07,2.30000000e+00,2.60937500e+00,-6.25000000e-03,4.55468750e-01
2.46640000e-07,2.48750000e+00,2.55937500e+00,-2.18750000e-02,4.14843750e-01
2.46960000e-07,2.47500000e+00,2.48437500e+00,-2.56250000e-02,5.35937500e-01
2.47280000e-07,2.42500000e+00,2.63437500e+00,-6.25000000e-03,4.97656250e-01
2.47600000e-07,2.50000000e+00,2.73437500e+00,-1.12500000e-02,3.45312500e-01
2.47920000e-07,2.36250000e+00,2.58437500e+00,-2.25000000e-02,3.78125000e-01
2.48240000e-07,2.38750000e+00,2.58437500e+00,-2.56250000e-02,4.98437500e-01
2.48560000e-07,2.46250000e+00,2.33437500e+00,-6.25000000e-03,5.23437500e-01
2.48880000e-07,2.38750000e+00,2.58437500e+00,-2.81250000e-02,5.19531250e-01
2.49200000e-07,2.45000000e+00,2.57187500e+00,-3.31250000e-02,5.17187500e-01
2.49520000e-07,2.28750000e+00,2.57187500e+00,-1.87500000e-03,5.10937500e-01
2.49840000e-07,2.22500000e+00,2.57187500e+00,-1.18750000e-02,5.17968750e-01
2.50160000e-07,2.50937500e+00,2.59687500e+00,-3.12500000e-02,5.17187500e-01
2.50480000e-07,2.60625000e+00,2.59687500e+00,-3.81250000e-02,4.99218750e-01
2.50800000e-07,2.48750000e+00,2.55937500e+00,-1.87500000e-02,5.77343750e-01
2.51120000e-07,2.37500000e+00,2.44687500e+00,-9.37500000e-03,5.59375000e-01
2.51440000e-07,2.33750000e+00,2.69687500e+00,-1.43750000e-02,5.50000000e-01
2.51760000e-07,2.40000000e+00,2.52187500e+00,-2.18750000e-02,5.53906250e-01
2.52080000e-07,2.33750000e+00,2.49687500e+00,-2.62500000e-02,5.59375000e-01
2.52400000e-07,2.38750000e+00,2.59687500e+00,-4.37500000e-03,4.92968750e-01
2.52720000e-07,2.41250000e+00,2.64687500e+00,-4.75000000e-02,5.12500000e-01
2.53040000e-07,2.38750000e+00,2.58437500e+00,-5.31250000e-02,6.03906250e-01
2.53360000e-07,2.43750000e+00,2.62187500e+00,-9.37500000e-03,5.52343750e-01
2.53680000e-07,2.43750000e+00,2.48437500e+00,-4.37500000e-03,5.67187500e-01
2.54000000e-07,2.53750000e+00,2.62187500e+00,-2.00000000e-02,6.21875000e-01
2.54320000e-07,2.35000000e+00,2.50937500e+00,-3.12500000e-02,5.61718750e-01
2.54640000e-07,2.30000000e+00,2.49687500e+00,-3.56250000e-02,5.89062500e-01
2.54960000e-07,2.47812500e+00,2.52187500e+00,-2.75000000e-02,5.40625000e-01
2.55280000e-07,2.35000000e+00,2.54687500e+00,-1.87500000e-03,4.84375000e-01
2.55600000e-07,2.42500000e+00,2.42187500e+00,-4.25000000e-02,4.80468750e-01
2.55920000e-07,2.55000000e+00,2.62187500e+00,1.12500000e-02,5.67187500e-01
2.56240000e-07,2.47500000e+00,2.62187500e+00,-3.81250000e-02,5.46093750e-01
2.56560000e-07,2.50000000e+00,2.47187500e+00,-1.93750000e-02,5.41406250e-01
2.56880000e-07,2.38750000e+00,2.50937500e+00,-2.31250000e-02,5.31250000e-01
2.57200000e-07,2.58750000e+00,2.57187500e+00,-3.56250000e-02,4.70312500e-01
2.57520000e-07,2.56250000e+00,2.49687500e+00,-1.25000000e-03,5.07031250e-01
2.57840000e-07,2.46250000e+00,2.54687500e+00,-1.12500000e-02,5.25781250e-01
2.58160000e-07,2.38750000e+00,2.48437500e+00,-1.87500000e-03,5.62500000e-01
2.58480000e-07,2.50000000e+00,2.59687500e+00,-2.81250000e-02,5.73437500e-01
2.58800000e-07,2.52500000e+00,2.60937500e+00,-6.87500000e-03,5.46093750e-01
2.59120000e-07,2.50000000e+00,2.48437500e+00,-1.25000000e-02,4.64843750e-01
2.59440000e-07,2.43750000e+00,2.57187500e+00,-5.37500000e-02,5.32812500e-01
2.59760000e-07,2.43750000e+00,2.55937500e+00,6.25000000e-03,5.77343750e-01
2.60080000e-07,2.45000000e+00,2.44687500e+00,3.12500000e-03,6.07812500e-01
2.60400000e-07,2.42500000e+00,2.49687500e+00,-6.87500000e-03,5.47656250e-01
2.60720000e-07,2.21250000e+00,2.50937500e+00,-1.75000000e-02,5.39062500e-01
2.61040000e-07,2.41562500e+00,2.64687500e+00,-4.81250000e-02,5.89843750e-01
2.61360000e-07,2.48750000e+00,2.67187500e+00,1.25000000e-03,5.62500000e-01
2.61680000e-07,2.37500000e+00,2.67187500e+00,-2.81250000e-02,5.21093750e-01
2.62000000e-07,2.42500000e+00,2.54687500e+00,-4.12500000e-02,4.68750000e-01
2.62320000e-07,2.42500000e+00,2.55937500e+00,-3.12500000e-02,4.65625000e-01
2.62640000e-07,2.37500000e+00,2.42187500e+00,-8.75000000e-03,5.14062500e-01
2.62960000e-07,2.37500000e+00,2.57187500e+00,-1.50000000e-02,5.02343750e-01
2.63280000e-07,2.48750000e+00,2.45937500e+00,-4.12500000e-02,4.64843750e-01
2.63600000e-07,2.35000000e+00,2.60937500e+00,-3.25000000e-02,4.66406250e-01
2.63920000e-07,2.40000000e+00,2.59687500e+00,-1.12500000e-02,5.21093750e-01
2.64240000e-07,2.55000000e+00,2.69687500e+00,-1.37500000e-02,5.50781250e-01
2.64560000e-07,2.43750000e+00,2.49687500e+00,-9.37500000e-03,5.71875000e-01
2.64880000e-07,2.37500000e+00,2.45937500e+00,-6.87500000e-03,5.75781250e-01
2.65200000e-07,2.45000000e+00,2.44687500e+00,-2.62500000e-02,5.34375000e-01
2.65520000e-07,2.37500000e+00,2.57187500e+00,-3.62500000e-02,4.69531250e-01
2.65840000e-07,2.41250000e+00,2.48437500e+00,-5.12500000e-02,4.66406250e-01
2.66160000e-07,2.47500000e+00,2.68437500e+00,-2.12500000e-02,4.32031250e-01
2.66480000e-07,2.38750000e+00,2.63437500e+00,-9.37500000e-03,5.00781250e-01
2.66800000e-07,2.47500000e+00,2.49687500e+00,-3.12500000e-02,6.15625000e-01
2.67120000e-07,2.45000000e+00,2.54687500e+00,-2.56250000e-02,6.33593750e-01
2.67440000e-07,2.32500000e+00,2.78437500e+00,-9.37500000e-03,5.75000000e-01
2.67760000e-07,2.37500000e+00,2.40937500e+00,-1.87500000e-02,4.75781250e-01
2.68080000e-07,2.43750000e+00,2.55937500e+00,-1.18750000e-02,4.93750000e-01
2.68400000e-07,2.30000000e+00,2.63437500e+00,-2.00000000e-02,5.64062500e-01
2.68720000e-07,2.42500000e+00,2.69687500e+00,-2.81250000e-02,5.51562500e-01
2.69040000e-07,2.48750000e+00,2.55937500e+00,-1.18750000e-02,5.30468750e-01
2.69360000e-07,2.48750000e+00,2.63437500e+00,-5.06250000e-02,5.11718750e-01
2.69680000e-07,2.37500000e+00,2.54687500e+00,-5.56250000e-02,5.36718750e-01
2.70000000e-07,2.42500000e+00,2.68437500e+00,-3.31250000e-02,5.67968750e-01
2.70320000e-07,2.36250000e+00,2.48437500e+00,-1.37500000e-02,5.54687500e-01
2.70640000e-07,2.30000000e+00,2.63437500e+00,6.25000000e-04,5.39062500e-01
2.70960000e-07,2.32812500e+00,2.58437500e+00,-2.25000000e-02,5.52343750e-01
2.71280000e-07,2.42187500e+00,2.64687500e+00,-5.62500000e-02,5.73437500e-01
2.71600000e-07,2.46250000e+00,2.58437500e+00,3.75000000e-03,5.90625000e-01
2.71920000e-07,2.38750000e+00,2.55937500e+00,-2.25000000e-02,6.08593750e-01
2.72240000e-07,2.36250000e+00,2.55937500e+00,-6.87500000e-03,5.56250000e-01
2.72560000e-07,2.50000000e+00,2.65937500e+00,-1.50000000e-02,5.52343750e-01
2.72880000e-07,2.46250000e+00,2.55937500e+00,-2.56250000e-02,5.07812500e-01
2.73200000e-07,2.36250000e+00,2.54687500e+00,-9.37500000e-03,5.03125000e-01
2.73520000e-07,2.40000000e+00,2.62187500e+00,-5.06250000e-02,4.67187500e-01
2.73840000e-07,2.45000000e+00,2.50937500e+00,-1.12500000e-02,4.34375000e-01
2.74160000e-07,2.50000000e+00,2.55937500e+00,-2.62500000e-02,5.57031250e-01
2.74480000e-07,2.40000000e+00,2.58437500e+00,-1.18750000e-02,5.91406250e-01
2.74800000e-07,2.45000000e+00,2.45937500e+00,-1.25000000e-02,5.94531250e-01
2.75120000e-07,2.47500000e+00,2.48437500e+00,-1.75000000e-02,6.52343750e-01
2.75440000e-07,2.43750000e+00,2.50937500e+00,-3.06250000e-02,5.14843750e-01
2.75760000e-07,2.52500000e+00,2.62187500e+00,-1.25000000e-03,4.10156250e-01
2.76080000e-07,2.46250000e+00,2.60937500e+00,-2.81250000e-02,4.72656250e-01
2.76400000e-07,2.42500000e+00,2.70937500e+00,-4.37500000e-02,4.89843750e-01
2.76720000e-07,2.60000000e+00,2.47187500e+00,-3.31250000e-02,4.52343750e-01
2.77040000e-07,2.46250000e+00,2.55937500e+00,-6.25000000e-03,4.78906250e-01
2.77360000e-07,2.40000000e+00,2.44687500e+00,-3.06250000e-02,5.07031250e-01
2.77680000e-07,2.41250000e+00,2.60937500e+00,-1.50000000e-02,5.85156250e-01
2.78000000e-07,2.55000000e+00,2.48437500e+00,-4.68750000e-02,4.89843750e-01
2.78320000e-07,2.33750000e+00,2.57187500e+00,-1.18750000e-02,4.07812500e-01
2.78640000e-07,2.35000000e+00,2.62187500e+00,-4.37500000e-02,5.39062500e-01
2.78960000e-07,2.43750000e+00,2.68437500e+00,-1.37500000e-02,6.13281250e-01
2.79280000e-07,2.51250000e+00,2.37187500e+00,-3.37500000e-02,5.50781250e-01
2.79600000e-07,2.60000000e+00,2.49687500e+00,-1.43750000e-02,5.09375000e-01
2.79920000e-07,2.40000000e+00,2.57187500e+00,7.50000000e-03,5.89062500e-01
2.80240000e-07,2.33750000e+00,2.60937500e+00,-2.00000000e-02,5.86718750e-01
2.80560000e-07,2.52500000e+00,2.42187500e+00,-1.68750000e-02,5.74218750e-01
2.80880000e-07,2.52500000e+00,2.62187500e+00,6.25000000e-04,6.42968750e-01
2.81200000e-07,2.37500000e+00,2.45937500e+00,-2.25000000e-02,6.27343750e-01
2.81520000e-07,2.42500000e+00,2.54687500e+00,-3.62500000e-02,5.14843750e-01
2.81840000e-07,2.38750000e+00,2.47187500e+00,-4.81250000e-02,5.21875000e-01
2.82160000e-07,2.41250000e+00,2.64687500e+00,-4.06250000e-02,5.38281250e-01
2.82480000e-07,2.42500000e+00,2.59687500e+00,-2.75000000e-02,5.08593750e-01
2.82800000e-07,2.38750000e+00,2.62187500e+00,-1.25000000e-03,4.92187500e-01
2.83120000e-07,2.43750000e+00,2.65937500e+00,-1.12500000e-02,4.40625000e-01
2.83440000e-07,2.45000000e+00,2.55937500e+00,-1.00000000e-02,4.47656250e-01
2.83760000e-07,2.52500000e+00,2.47187500e+00,-4.37500000e-02,5.85937500e-01
2.84080000e-07,2.45000000e+00,2.58437500e+00,-8.75000000e-03,5.07031250e-01
2.84400000e-07,2.52500000e+00,2.53437500e+00,-2.25000000e-02,5.32031250e-01
2.84720000e-07,2.50000000e+00,2.69687500e+00,-2.56250000e-02,5.80468750e-01
2.85040000e-07,2.46250000e+00,2.59687500e+00,-1.87500000e-02,5.90625000e-01
2.85360000e-07,2.31250000e+00,2.57187500e+00,-2.56250000e-02,5.65625000e-01
2.85680000e-07,2.41250000e+00,2.48437500e+00,-2.81250000e-02,4.54687500e-01
2.86000000e-07,2.53125000e+00,2.45937500e+00,-1.93750000e-02,4.12500000e-01
2.86320000e-07,2.38750000e+00,2.45937500e+00,-1.68750000e-02,4.78125000e-01
2.86640000e-07,2.52500000e+00,2.55937500e+00,-4.37500000e-02,5.36718750e-01
2.86960000e-07,2.31250000e+00,2.44687500e+00,-8.75000000e-03,6.35937500e-01
2.87280000e-07,2.43750000e+00,2.60937500e+00,-1.43750000e-02,5.96093750e-01
2.87600000e-07,2.44375000e+00,2.52187500e+00,-3.37500000e-02,5.45312500e-01
2.87920000e-07,2.41250000e+00,2.49687500e+00,-1.87500000e-03,5.14062500e-01
2.88240000e-07,2.48750000e+00,2.54687500e+00,-1.50000000e-02,5.55468750e-01
2.88560000e-07,2.46250000e+00,2.67187500e+00,-1.43750000e-02,5.61718750e-01
2.88880000e-07,2.17500000e+00,2.49687500e+00,-6.87500000e-03,4.82812500e-01
2.89200000e-07,2.46562500e+00,2.59687500e+00,5.62500000e-03,4.69531250e-01
2.89520000e-07,2.30000000e+00,2.50937500e+00,-2.18750000e-02,5.26562500e-01
2.89840000e-07,2.36250000e+00,2.52187500e+00,-1.68750000e-02,5.56250000e-01
2.90160000e-07,2.49375000e+00,2.50937500e+00,-1.68750000e-02,5.46093750e-01
2.90480000e-07,2.50000000e+00,2.68437500e+00,5.62500000e-03,5.85937500e-01
2.90800000e-07,2.50000000e+00,2.39687500e+00,-2.87500000e-02,5.47656250e-01
2.91120000e-07,2.37500000e+00,2.67187500e+00,-1.18750000e-02,4.17187500e-01
2.91440000e-07,2.23750000e+00,2.57187500e+00,-4.43750000e-02,5.32812500e-01
2.91760000e-07,2.26250000e+00,2.64687500e+00,-3.87500000e-02,5.28906250e-01
2.92080000e-07,2.48437500e+00,2.59687500e+00,-1.43750000e-02,4.89843750e-01
2.92400000e-07,2.38750000e+00,2.69687500e+00,-4.62500000e-02,4.89062500e-01
2.92720000e-07,2.51250000e+00,2.49687500e+00,-3.31250000e-02,5.24218750e-01
2.93040000e-07,2.45000000e+00,2.62187500e+00,-4.37500000e-03,5.76562500e-01
2.93360000e-07,2.40000000e+00,2.60937500e+00,6.25000000e-03,5.49218750e-01
2.93680000e-07,2.45000000e+00,2.64687500e+00,2.50000000e-03,4.66406250e-01
2.94000000e-07,2.50000000e+00,2.50937500e+00,-5.37500000e-02,4.78906250e-01
2.94320000e-07,2.37500000e+00,2.67187500e+00,-1.68750000e-02,4.97656250e-01
2.94640000e-07,2.35000000e+00,2.63437500e+00,-3.37500000e-02,5.67187500e-01
2.94960000e-07,2.43750000e+00,2.52187500e+00,-3.75000000e-03,5.92187500e-01
2.95280000e-07,2.41250000e+00,2.62187500e+00,-3.31250000e-02,5.17968750e-01
2.95600000e-07,2.38750000e+00,2.65937500e+00,1.31250000e-02,4.86718750e-01
2.95920000e-07,2.40000000e+00,2.50937500e+00,5.62500000e-03,5.75000000e-01
2.96240000e-07,2.38750000e+00,2.57187500e+00,-1.87500000e-03,5.07812500e-01
2.96560000e-07,2.45000000e+00,2.52187500e+00,8.12500000e-03,5.24218750e-01
2.96880000e-07,2.48750000e+00,2.48437500e+00,-1.93750000e-02,5.56250000e-01
2.97200000e-07,2.37500000e+00,2.49687500e+00,-9.37500000e-03,4.92187500e-01
2.97520000e-07,2.46250000e+00,2.63437500e+00,-9.37500000e-03,4.44531250e-01
2.97840000e-07,2.47500000e+00,2.53437500e+00,-2.25000000e-02,5.03906250e-01
2.98160000e-07,2.43750000e+00,2.50937500e+00,-3.62500000e-02,4.92968750e-01
2.98480000e-07,2.33750000e+00,2.48437500e+00,-2.50000000e-02,4.82812500e-01
2.98800000e-07,2.46250000e+00,2.64687500e+00,-3.75000000e-03,5.10156250e-01
2.99120000e-07,2.47500000e+00,2.53437500e+00,-3.31250000e-02,5.11718750e-01
2.99440000e-07,2.45000000e+00,2.69687500e+00,-6.87500000e-03,4.78906250e-01
2.99760000e-07,2.53750000e+00,2.67187500e+00,1.25000000e-02,5.39843750e-01
3.00080000e-07,2.50000000e+00,2.62187500e+00,-6.87500000e-03,5.60156250e-01
3.00400000e-07,2.32500000e+00,2.67187500e+00,-3.62500000e-02,5.53906250e-01
3.00720000e-07,2.40000000e+00,2.58437500e+00,-4.37500000e-02,5.41406250e-01
3.01040000e-07,2.46250000e+00,2.42187500e+00,-1.93750000e-02,5.50000000e-01
3.01360000e-07,2.36250000e+00,2.53437500e+00,-9.37500000e-03,5.46875000e-01
3.01680000e-07,2.33750000e+00,2.45937500e+00,-3.06250000e-02,5.33593750e-01
3.02000000e-07,2.35000000e+00,2.60937500e+00,6.25000000e-04,5.51562500e-01
3.02320000e-07,2.38750000e+00,2.54687500e+00,8.12500000e-03,5.92187500e-01
3.02640000e-07,2.42500000e+00,2.65937500e+00,-2.87500000e-02,5.54687500e-01
3.02960000e-07,2.53750000e+00,2.54687500e+00,-2.56250000e-02,5.26562500e-01
3.03280000e-07,2.63750000e+00,2.55937500e+00,5.62500000e-03,5.19531250e-01
3.03600000e-07,2.33750000e+00,2.33437500e+00,-3.31250000e-02,4.89062500e-01
3.03920000e-07,2.30000000e+00,2.52187500e+00,6.25000000e-04,5.03906250e-01
3.04240000e-07,2.56562500e+00,2.44687500e+00,-1.56250000e-02,6.27343750e-01
3.04560000e-07,2.42500000e+00,2.54687500e+00,-3.06250000e-02,6.26562500e-01
3.04880000e-07,2.30000000e+00,2.62187500e+00,1.25000000e-03,5.61718750e-01
3.05200000e-07,2.35000000e+00,2.55937500e+00,-3.31250000e-02,5.57031250e-01
3.05520000e-07,2.53125000e+00,2.52187500e+00,-4.12500000e-02,5.73437500e-01
3.05840000e-07,2.36250000e+00,2.62187500e+00,-2.56250000e-02,5.64062500e-01
3.06160000e-07,2.28750000e+00,2.49687500e+00,-3.06250000e-02,5.75781250e-01
3.06480000e-07,2.57812500e+00,2.62187500e+00,-4.31250000e-02,5.35937500e-01
3.06800000e-07,2.42500000e+00,2.52187500e+00,-1.87500000e-03,5.83593750e-01
3.07120000e-07,2.40000000e+00,2.60937500e+00,-9.37500000e-03,5.50000000e-01
3.07440000e-07,2.46250000e+00,2.58437500e+00,-9.37500000e-03,4.96875000e-01
3.07760000e-07,2.35000000e+00,2.54687500e+00,-1.50000000e-02,5.20312500e-01
3.08080000e-07,2.51250000e+00,2.53437500e+00,-2.56250000e-02,5.04687500e-01
3.08400000e-07,2.51250000e+00,2.50937500e+00,-6.87500000e-03,5.17187500e-01
3.08720000e-07,2.50000000e+00,2.44687500e+00,-3.81250000e-02,5.36718750e-01
3.09040000e-07,2.40000000e+00,2.57187500e+00,-1.93750000e-02,5.78125000e-01
3.09360000e-07,2.48750000e+00,2.55937500e+00,-4.31250000e-02,6.25781250e-01
3.09680000e-07,2.41250000e+00,2.67187500e+00,-3.06250000e-02,6.02343750e-01
3.10000000e-07,2.38750000e+00,2.55937500e+00,-3.75000000e-02,5.39062500e-01
3.10320000e-07,2.50000000e+00,2.57187500e+00,-1.50000000e-02,5.03906250e-01
3.10640000e-07,2.58750000e+00,2.55937500e+00,-1.87500000e-02,5.15625000e-01
3.10960000e-07,2.48750000e+00,2.54687500e+00,-1.50000000e-02,5.75000000e-01
3.11280000e-07,2.27500000e+00,2.40937500e+00,-4.12500000e-02,5.82812500e-01
3.11600000e-07,2.50000000e+00,2.43437500e+00,-8.75000000e-03,4.99218750e-01
3.11920000e-07,2.46250000e+00,2.44687500e+00,-1.68750000e-02,5.36718750e-01
3.12240000e-07,2.47500000e+00,2.62187500e+00,-1.75000000e-02,6.10937500e-01
3.12560000e-07,2.47500000e+00,2.60937500e+00,-4.56250000e-02,6.56250000e-01
3.12880000e-07,2.47500000e+00,2.53437500e+00,-1.12500000e-02,5.82031250e-01
3.13200000e-07,2.48750000e+00,2.42187500e+00,3.75000000e-03,5.33593750e-01
3.13520000e-07,2.33750000e+00,2.79687500e+00,-1.25000000e-02,5.31250000e-01
3.13840000e-07,2.32500000e+00,2.63437500e+00,-5.37500000e-02,5.81250000e-01
3.14160000e-07,2.41250000e+00,2.54687500e+00,-3.75000000e-03,5.46093750e-01
3.14480000e-07,2.30000000e+00,2.48437500e+00,6.25000000e-04,4.93750000e-01
3.14800000e-07,2.40000000e+00,2.53437500e+00,-2.18750000e-02,5.41406250e-01
3.15120000e-07,2.45625000e+00,2.53437500e+00,-2.87500000e-02,6.07812500e-01
3.15440000e-07,2.45000000e+00,2.67187500e+00,-9.37500000e-03,6.10156250e-01
3.15760000e-07,2.48750000e+00,2.55937500e+00,-1.00000000e-02,5.00000000e-01
3.16080000e-07,2.32500000e+00,2.54687500e+00,-1.00000000e-02,5.09375000e-01
3.16400000e-07,2.37500000e+00,2.49687500e+00,-4.12500000e-02,6.00781250e-01
3.16720000e-07,2.42500000e+00,2.47187500e+00,-1.12500000e-02,5.75000000e-01
3.17040000e-07,2.43750000e+00,2.49687500e+00,-1.93750000e-02,5.37500000e-01
3.17360000e-07,2.52500000e+00,2.68437500e+00,-1.68750000e-02,5.23437500e-01
3.17680000e-07,2.50000000e+00,2.55937500e+00,-9.37500000e-03,5.60156250e-01
3.18000000e-07,2.35000000e+00,2.57187500e+00,-1.87500000e-03,6.30468750e-01
3.18320000e-07,2.57500000e+00,2.45937500e+00,-2.87500000e-02,6.80468750e-01
3.18640000e-07,2.46250000e+00,2.60937500e+00,-1.68750000e-02,6.21875000e-01
3.18960000e-07,2.56250000e+00,2.47187500e+00,-7.50000000e-03,5.81250000e-01
3.19280000e-07,2.58750000e+00,2.57187500e+00,-2.62500000e-02,6.07031250e-01
3.19600000e-07,2.33750000e+00,2.57187500e+00,-1.68750000e-02,5.69531250e-01
3.19920000e-07,2.32500000e+00,2.63437500e+00,-2.25000000e-02,5.32031250e-01
3.20240000e-07,2.41250000e+00,2.53437500e+00,1.31250000e-02,4.50781250e-01
3.20560000e-07,2.38750000e+00,2.52187500e+00,-7.50000000e-03,4.51562500e-01
3.20880000e-07,2.40000000e+00,2.60937500e+00,-1.68750000e-02,5.35156250e-01
3.21200000e-07,2.47500000e+00,2.62187500e+00,-6.87500000e-03,5.86718750e-01
3.21520000e-07,2.56250000e+00,2.44687500e+00,-1.93750000e-02,5.82031250e-01
3.21840000e-07,2.52500000e+00,2.59687500e+00,-4.37500000e-02,5.45312500e-01
3.22160000e-07,2.47500000e+00,2.57187500e+00,-5.81250000e-02,5.09375000e-01
3.22480000e-07,2.38750000e+00,2.63437500e+00,-1.87500000e-03,5.38281250e-01
3.22800000e-07,2.33750000e+00,2.48437500e+00,-3.75000000e-03,5.81250000e-01
3.23120000e-07,2.26250000e+00,2.60937500e+00,-4.37500000e-03,5.57031250e-01
3.23440000e-07,2.32500000e+00,2.65937500e+00,8.12500000e-03,4.84375000e-01
3.23760000e-07,2.42187500e+00,2.48437500e+00,-1.87500000e-03,4.96093750e-01
3.24080000e-07,2.35000000e+00,2.57187500e+00,-4.37500000e-02,4.70312500e-01
3.24400000e-07,2.48750000e+00,2.64687500e+00,-3.06250000e-02,5.11718750e-01
3.24720000e-07,2.61250000e+00,2.54687500e+00,-2.62500000e-02,5.70312500e-01
3.25040000e-07,2.53750000e+00,2.64687500e+00,-3.75000000e-02,5.61718750e-01
3.25360000e-07,2.50000000e+00,2.50937500e+00,-4.37500000e-03,5.51562500e-01
3.25680000e-07,2.46250000e+00,2.60937500e+00,-1.62500000e-02,5.47656250e-01
3.26000000e-07,2.31250000e+00,2.54687500e+00,-2.25000000e-02,5.17968750e-01
3.26320000e-07,2.41250000e+00,2.57187500e+00,-3.62500000e-02,4.86718750e-01
3.26640000e-07,2.46250000e+00,2.43437500e+00,-1.12500000e-02,4.14062500e-01
3.26960000e-07,2.41250000e+00,2.45937500e+00,-1.00000000e-02,4.17187500e-01
3.27280000e-07,2.33750000e+00,2.57187500e+00,-3.87500000e-02,5.67968750e-01
3.27600000e-07,2.43750000e+00,2.63437500e+00,-2.75000000e-02,5.71093750e-01
3.27920000e-07,2.40000000e+00,2.62187500e+00,-1.18750000e-02,4.62500000e-01
3.28240000e-07,2.41250000e+00,2.52187500e+00,-3.25000000e-02,5.79687500e-01
3.28560000e-07,2.58750000e+00,2.45937500e+00,1.37500000e-02,5.73437500e-01
3.28880000e-07,2.52500000e+00,2.62187500e+00,1.37500000e-02,5.33593750e-01
3.29200000e-07,2.38750000e+00,2.69687500e+00,-3.12500000e-02,4.98437500e-01
3.29520000e-07,2.40000000e+00,2.54687500e+00,-3.31250000e-02,4.30468750e-01
3.29840000e-07,2.25000000e+00,2.54687500e+00,-2.00000000e-02,4.71875000e-01
3.30160000e-07,2.45000000e+00,2.60937500e+00,-4.56250000e-02,5.44531250e-01
3.30480000e-07,2.47500000e+00,2.53437500e+00,-6.25000000e-03,5.53906250e-01
3.30800000e-07,2.37500000e+00,2.59687500e+00,-1.18750000e-02,5.28906250e-01
3.31120000e-07,2.50000000e+00,2.50937500e+00,-2.56250000e-02,5.66406250e-01
3.31440000e-07,2.42500000e+00,2.44687500e+00,-1.18750000e-02,5.50000000e-01
3.31760000e-07,2.42500000e+00,2.42187500e+00,-2.25000000e-02,5.40625000e-01
3.32080000e-07,2.33750000e+00,2.62187500e+00,-2.81250000e-02,5.60937500e-01
3.32400000e-07,2.33750000e+00,2.55937500e+00,1.25000000e-03,5.30468750e-01
3.32720000e-07,2.36250000e+00,2.59687500e+00,-1.37500000e-02,4.84375000e-01
3.33040000e-07,2.37500000e+00,2.39687500e+00,-1.87500000e-03,5.26562500e-01
3.33360000e-07,2.40000000e+00,2.49687500e+00,-3.56250000e-02,5.80468750e-01
3.33680000e-07,2.45000000e+00,2.64687500e+00,-1.43750000e-02,5.51562500e-01
3.34000000e-07,2.48750000e+00,2.58437500e+00,-1.43750000e-02,4.70312500e-01
3.34320000e-07,2.56250000e+00,2.53437500e+00,-1.68750000e-02,4.78125000e-01
3.34640000e-07,2.48750000e+00,2.57187500e+00,-2.00000000e-02,5.42187500e-01
3.34960000e-07,2.37500000e+00,2.45937500e+00,-1.93750000e-02,5.17187500e-01
3.35280000e-07,2.33750000e+00,2.60937500e+00,-3.12500000e-02,4.44531250e-01
3.35600000e-07,2.40000000e+00,2.57187500e+00,-2.18750000e-02,5.35156250e-01
3.35920000e-07,2.40000000e+00,2.62187500e+00,2.50000000e-02,5.47656250e-01
3.36240000e-07,2.52500000e+00,2.50937500e+00,-1.93750000e-02,5.47656250e-01
3.36560000e-07,2.37500000e+00,2.58437500e+00,-1.75000000e-02,5.28125000e-01
3.36880000e-07,2.42500000e+00,2.53437500e+00,-3.12500000e-02,5.21875000e-01
3.37200000e-07,2.36250000e+00,2.48437500e+00,-1.43750000e-02,4.26562500e-01
3.37520000e-07,2.40000000e+00,2.44687500e+00,-3.37500000e-02,4.40625000e-01
3.37840000e-07,2.43750000e+00,2.75937500e+00,-2.56250000e-02,4.89062500e-01
3.38160000e-07,2.50000000e+00,2.49687500e+00,-3.75000000e-02,5.11718750e-01
3.38480000e-07,2.46250000e+00,2.52187500e+00,3.75000000e-03,5.70312500e-01
3.38800000e-07,2.33750000e+00,2.59687500e+00,1.25000000e-03,5.28125000e-01
3.39120000e-07,2.57500000e+00,2.55937500e+00,-1.00000000e-02,5.44531250e-01
3.39440000e-07,2.43750000e+00,2.58437500e+00,-2.56250000e-02,5.36718750e-01
3.39760000e-07,2.33750000e+00,2.45937500e+00,-1.18750000e-02,4.75781250e-01
3.40080000e-07,2.50000000e+00,2.50937500e+00,-4.56250000e-02,4.35156250e-01
3.40400000e-07,2.53750000e+00,2.59687500e+00,-4.81250000e-02,5.17968750e-01
3.40720000e-07,2.43750000e+00,2.55937500e+00,-1.87500000e-02,5.80468750e-01
3.41040000e-07,2.48750000e+00,2.45937500e+00,-3.12500000e-02,5.03125000e-01
3.41360000e-07,2.55000000e+00,2.54687500e+00,-3.62500000e-02,5.45312500e-01
3.41680000e-07,2.50000000e+00,2.62187500e+00,-2.00000000e-02,5.89062500e-01
3.42000000e-07,2.36250000e+00,2.53437500e+00,-3.31250000e-02,5.43750000e-01
3.42320000e-07,2.31250000e+00,2.65937500e+00,-1.43750000e-02,4.78125000e-01
3.42640000e-07,2.45312500e+00,2.55937500e+00,-3.31250000e-02,5.30468750e-01
3.42960000e-07,2.47500000e+00,2.59687500e+00,-3.50000000e-02,5.40625000e-01
3.43280000e-07,2.45000000e+00,2.62187500e+00,3.75000000e-03,4.77343750e-01
3.43600000e-07,2.33750000e+00,2.54687500e+00,-1.37500000e-02,5.15625000e-01
3.43920000e-07,2.42500000e+00,2.40937500e+00,-4.62500000e-02,6.37500000e-01
3.44240000e-07,2.46250000e+00,2.57187500e+00,-2.87500000e-02,5.86718750e-01
3.44560000e-07,2.43750000e+00,2.40937500e+00,-3.62500000e-02,5.37500000e-01
3.44880000e-07,2.46250000e+00,2.50937500e+00,-3.06250000e-02,4.41406250e-01
3.45200000e-07,2.42500000e+00,2.53437500e+00,-3.31250000e-02,4.32031250e-01
3.45520000e-07,2.42500000e+00,2.59687500e+00,-2.12500000e-02,5.35937500e-01
3.45840000e-07,2.46250000e+00,2.47187500e+00,8.12500000e-03,6.07031250e-01
3.46160000e-07,2.57500000e+00,2.43437500e+00,-1.18750000e-02,6.19531250e-01
3.46480000e-07,2.48750000e+00,2.53437500e+00,-6.87500000e-03,5.84375000e-01
3.46800000e-07,2.46250000e+00,2.67187500e+00,1.31250000e-02,6.00781250e-01
3.47120000e-07,2.36250000e+00,2.52187500e+00,-2.00000000e-02,5.67187500e-01
3.47440000e-07,2.33750000e+00,2.60937500e+00,-3.12500000e-02,4.76562500e-01
3.47760000e-07,2.53750000e+00,2.60937500e+00,-6.68750000e-02,4.79687500e-01
3.48080000e-07,2.42500000e+00,2.62187500e+00,-3.56250000e-02,5.17187500e-01
3.48400000e-07,2.45000000e+00,2.52187500e+00,-1.87500000e-02,5.22656250e-01
3.48720000e-07,2.46250000e+00,2.68437500e+00,-1.18750000e-02,4.52343750e-01
3.49040000e-07,2.41250000e+00,2.42187500e+00,-3.37500000e-02,4.17968750e-01
3.49360000e-07,2.53750000e+00,2.48437500e+00,-2.62500000e-02,4.94531250e-01
3.49680000e-07,2.43750000e+00,2.49687500e+00,-2.18750000e-02,5.29687500e-01
3.50000000e-07,2.46250000e+00,2.52187500e+00,-9.37500000e-03,5.43750000e-01
3.50320000e-07,2.37500000e+00,2.68437500e+00,-2.56250000e-02,5.39843750e-01
3.50640000e-07,2.43750000e+00,2.68437500e+00,-1.93750000e-02,5.14843750e-01
3.50960000e-07,2.60000000e+00,2.57187500e+00,-1.18750000e-02,4.72656250e-01
3.51280000e-07,2.48750000e+00,2.53437500e+00,-6.87500000e-03,5.01562500e-01
3.51600000e-07,2.46250000e+00,2.50937500e+00,-1.93750000e-02,5.14062500e-01
3.51920000e-07,2.50000000e+00,2.57187500e+00,-1.87500000e-03,5.14843750e-01
3.52240000e-07,2.35000000e+00,2.65937500e+00,-2.18750000e-02,5.68750000e-01
3.52560000e-07,2.47500000e+00,2.50937500e+00,-9.37500000e-03,5.17968750e-01
3.52880000e-07,2.51250000e+00,2.53437500e+00,-1.75000000e-02,4.32031250e-01
3.53200000e-07,2.28750000e+00,2.70937500e+00,-1.93750000e-02,4.67968750e-01
3.53520000e-07,2.47500000e+00,2.50937500e+00,3.12500000e-03,6.07031250e-01
3.53840000e-07,2.37500000e+00,2.48437500e+00,-2.00000000e-02,6.23437500e-01
3.54160000e-07,2.60000000e+00,2.63437500e+00,-5.37500000e-02,5.53906250e-01
3.54480000e-07,2.48750000e+00,2.57187500e+00,-1.12500000e-02,4.71875000e-01
3.54800000e-07,2.42500000e+00,2.53437500e+00,3.12500000e-03,4.53125000e-01
3.55120000e-07,2.37500000e+00,2.50937500e+00,-1.43750000e-02,5.26562500e-01
3.55440000e-07,2.47500000e+00,2.65937500e+00,-2.56250000e-02,5.09375000e-01
3.55760000e-07,2.40000000e+00,2.59687500e+00,-3.12500000e-02,4.56250000e-01
3.56080000e-07,2.41250000e+00,2.37187500e+00,-1.93750000e-02,5.25000000e-01
3.56400000e-07,2.45000000e+00,2.53437500e+00,-2.25000000e-02,5.49218750e-01
3.56720000e-07,2.38750000e+00,2.48437500e+00,-1.43750000e-02,5.19531250e-01
3.57040000e-07,2.40000000e+00,2.57187500e+00,-1.43750000e-02,5.77343750e-01
3.57360000e-07,2.37500000e+00,2.59687500e+00,2.31250000e-02,6.46093750e-01
3.57680000e-07,2.51250000e+00,2.59687500e+00,1.06250000e-02,5.03125000e-01
3.58000000e-07,2.40000000e+00,2.65937500e+00,-6.87500000e-03,5.00000000e-01
3.58320000e-07,2.31250000e+00,2.60937500e+00,-3.12500000e-02,4.89062500e-01
3.58640000e-07,2.50000000e+00,2.50937500e+00,-1.93750000e-02,4.71093750e-01
3.58960000e-07,2.45000000e+00,2.58437500e+00,-2.68750000e-02,5.65625000e-01
3.59280000e-07,2.51250000e+00,2.59687500e+00,-3.87500000e-02,6.44531250e-01
3.59600000e-07,2.40000000e+00,2.59687500e+00,-9.37500000e-03,6.09375000e-01
3.59920000e-07,2.42500000e+00,2.45937500e+00,-4.37500000e-03,4.69531250e-01
3.60240000e-07,2.43750000e+00,2.48437500e+00,-2.87500000e-02,4.75000000e-01
3.60560000e-07,2.57500000e+00,2.52187500e+00,-4.37500000e-02,5.75781250e-01
3.60880000e-07,2.46250000e+00,2.62187500e+00,-4.87500000e-02,4.80468750e-01
3.61200000e-07,2.50000000e+00,2.55937500e+00,-1.37500000e-02,4.42187500e-01
3.61520000e-07,2.43750000e+00,2.59687500e+00,-1.68750000e-02,5.61718750e-01
3.61840000e-07,2.50000000e+00,2.40937500e+00,-1.68750000e-02,5.94531250e-01
3.62160000e-07,2.40000000e+00,2.59687500e+00,-1.68750000e-02,5.86718750e-01
3.62480000e-07,2.41250000e+00,2.50937500e+00,-1.43750000e-02,6.09375000e-01
3.62800000e-07,2.37500000e+00,2.55937500e+00,-1.87500000e-03,5.90625000e-01
3.63120000e-07,2.35000000e+00,2.43437500e+00,-3.56250000e-02,5.48437500e-01
3.63440000e-07,2.38750000e+00,2.60937500e+00,-1.87500000e-03,5.10156250e-01
3.63760000e-07,2.51250000e+00,2.55937500e+00,-2.62500000e-02,5.47656250e-01
3.64080000e-07,2.45000000e+00,2.62187500e+00,-3.56250000e-02,5.35156250e-01
3.64400000e-07,2.51250000e+00,2.50937500e+00,-4.37500000e-03,5.39062500e-01
3.64720000e-07,2.46250000e+00,2.52187500e+00,-1.12500000e-02,6.12500000e-01
3.65040000e-07,2.41250000e+00,2.48437500e+00,-1.68750000e-02,5.92968750e-01
3.65360000e-07,2.40000000e+00,2.59687500e+00,-6.87500000e-03,5.09375000e-01
3.65680000e-07,2.53750000e+00,2.52187500e+00,-2.00000000e-02,5.40625000e-01
3.66000000e-07,2.35000000e+00,2.55937500e+00,-4.37500000e-02,5.79687500e-01
3.66320000e-07,2.53750000e+00,2.58437500e+00,1.25000000e-03,5.64062500e-01
3.66640000e-07,2.48750000e+00,2.70937500e+00,5.62500000e-03,6.13281250e-01
3.66960000e-07,2.52500000e+00,2.47187500e+00,-3.37500000e-02,5.92187500e-01
3.67280000e-07,2.43750000e+00,2.47187500e+00,-3.12500000e-02,5.78125000e-01
3.67600000e-07,2.46250000e+00,2.48437500e+00,-2.87500000e-02,5.44531250e-01
3.67920000e-07,2.37500000e+00,2.69687500e+00,-1.87500000e-02,4.56250000e-01
3.68240000e-07,2.37500000e+00,2.54687500e+00,-2.62500000e-02,5.60937500e-01
3.68560000e-07,2.40000000e+00,2.67187500e+00,-3.31250000e-02,6.53906250e-01
3.68880000e-07,2.47500000e+00,2.50937500e+00,-1.75000000e-02,5.68750000e-01
3.69200000e-07,2.35000000e+00,2.62187500e+00,-3.75000000e-02,4.89062500e-01
3.69520000e-07,2.41250000e+00,2.65937500e+00,1.87500000e-02,4.52343750e-01
3.69840000e-07,2.30000000e+00,2.52187500e+00,-1.25000000e-03,5.18750000e-01
3.70160000e-07,2.51562500e+00,2.53437500e+00,-2.00000000e-02,5.17187500e-01
3.70480000e-07,2.51250000e+00,2.64687500e+00,-2.56250000e-02,4.61718750e-01
3.70800000e-07,2.31250000e+00,2.53437500e+00,-1.93750000e-02,4.70312500e-01
3.71120000e-07,2.37500000e+00,2.63437500e+00,-5.56250000e-02,5.10156250e-01
3.71440000e-07,2.48750000e+00,2.48437500e+00,8.75000000e-03,5.02343750e-01
3.71760000e-07,2.37500000e+00,2.49687500e+00,-1.75000000e-02,3.98437500e-01
3.72080000e-07,2.41250000e+00,2.59687500e+00,-3.06250000e-02,4.46875000e-01
3.72400000e-07,2.42500000e+00,2.59687500e+00,-2.12500000e-02,5.72656250e-01
3.72720000e-07,2.42500000e+00,2.48437500e+00,-8.75000000e-03,5.04687500e-01
3.73040000e-07,2.43750000e+00,2.50937500e+00,7.50000000e-03,4.21875000e-01
3.73360000e-07,2.35000000e+00,2.52187500e+00,-2.81250000e-02,4.18750000e-01
3.73680000e-07,2.47500000e+00,2.63437500e+00,1.62500000e-02,4.50000000e-01
3.74000000e-07,2.52500000e+00,2.50937500e+00,-1.93750000e-02,5.25000000e-01
3.74320000e-07,2.48750000e+00,2.73437500e+00,-2.87500000e-02,6.00781250e-01
3.74640000e-07,2.52500000e+00,2.52187500e+00,-2.56250000e-02,5.77343750e-01
3.74960000e-07,2.46250000e+00,2.45937500e+00,-4.00000000e-02,5.34375000e-01
3.75280000e-07,2.40000000e+00,2.42187500e+00,1.25000000e-03,4.84375000e-01
3.75600000e-07,2.53750000e+00,2.55937500e+00,-4.31250000e-02,5.05468750e-01
3.75920000e-07,2.41250000e+00,2.54687500e+00,-1.87500000e-03,5.12500000e-01
3.76240000e-07,2.43750000e+00,2.63437500e+00,-1.81250000e-02,5.14843750e-01
3.76560000e-07,2.40000000e+00,2.52187500e+00,-3.12500000e-02,4.07812500e-01
3.76880000e-07,2.37500000e+00,2.52187500e+00,-4.31250000e-02,4.10937500e-01
3.77200000e-07,2.31250000e+00,2.65937500e+00,-2.75000000e-02,4.95312500e-01
3.77520000e-07,2.51250000e+00,2.50937500e+00,-1.12500000e-02,5.25000000e-01
3.77840000e-07,2.37500000e+00,2.44687500e+00,-2.50000000e-02,5.00781250e-01
3.78160000e-07,2.45000000e+00,2.59687500e+00,1.56250000e-02,5.01562500e-01
3.78480000e-07,2.46250000e+00,2.53437500e+00,-2.81250000e-02,5.29687500e-01
3.78800000e-07,2.42500000e+00,2.50937500e+00,-6.87500000e-03,5.35156250e-01
3.79120000e-07,2.45000000e+00,2.44687500e+00,-2.18750000e-02,5.38281250e-01
3.79440000e-07,2.50000000e+00,2.58437500e+00,-1.43750000e-02,5.06250000e-01
3.79760000e-07,2.57500000e+00,2.53437500e+00,-1.68750000e-02,5.59375000e-01
3.80080000e-07,2.53750000e+00,2.42187500e+00,5.62500000e-03,5.96875000e-01
3.80400000e-07,2.51250000e+00,2.57187500e+00,-1.43750000e-02,5.64062500e-01
3.80720000e-07,2.38750000e+00,2.63437500e+00,3.12500000e-03,4.57031250e-01
3.81040000e-07,2.48750000e+00,2.54687500e+00,-1.93750000e-02,4.85156250e-01
3.81360000e-07,2.48750000e+00,2.55937500e+00,-2.00000000e-02,5.64062500e-01
3.81680000e-07,2.42500000e+00,2.57187500e+00,-3.87500000e-02,5.66406250e-01
3.82000000e-07,2.51250000e+00,2.60937500e+00,-1.62500000e-02,5.28125000e-01
3.82320000e-07,2.42500000e+00,2.45937500e+00,1.81250000e-02,5.15625000e-01
3.82640000e-07,2.28750000e+00,2.39687500e+00,8.12500000e-03,5.12500000e-01
3.82960000e-07,2.41562500e+00,2.48437500e+00,-3.12500000e-02,5.17968750e-01
3.83280000e-07,2.45000000e+00,2.59687500e+00,-3.56250000e-02,5.73437500e-01
3.83600000e-07,2.41250000e+00,2.47187500e+00,-1.43750000e-02,5.22656250e-01
3.83920000e-07,2.47500000e+00,2.63437500e+00,6.25000000e-04,4.44531250e-01
3.84240000e-07,2.51250000e+00,2.43437500e+00,-3.56250000e-02,5.46093750e-01
3.84560000e-07,2.46250000e+00,2.50937500e+00,-1.25000000e-03,6.43750000e-01
3.84880000e-07,2.47500000e+00,2.65937500e+00,-6.25000000e-03,6.41406250e-01
3.85200000e-07,2.41250000e+00,2.57187500e+00,-3.37500000e-02,6.40625000e-01
3.85520000e-07,2.47500000e+00,2.39687500e+00,-2.81250000e-02,4.56250000e-01
3.85840000e-07,2.43750000e+00,2.58437500e+00,3.12500000e-03,3.53125000e-01
3.86160000e-07,2.42500000e+00,2.58437500e+00,-1.37500000e-02,4.58593750e-01
3.86480000e-07,2.31250000e+00,2.58437500e+00,-1.87500000e-03,5.17968750e-01
3.86800000e-07,2.35000000e+00,2.58437500e+00,-1.18750000e-02,5.69531250e-01
3.87120000e-07,2.36250000e+00,2.47187500e+00,-6.87500000e-03,6.07812500e-01
3.87440000e-07,2.55000000e+00,2.47187500e+00,-3.56250000e-02,5.87500000e-01
3.87760000e-07,2.45000000e+00,2.54687500e+00,-1.18750000e-02,5.20312500e-01
3.88080000e-07,2.41250000e+00,2.44687500e+00,-2.87500000e-02,4.37500000e-01
3.88400000e-07,2.47500000e+00,2.58437500e+00,-9.37500000e-03,4.57031250e-01
3.88720000e-07,2.40000000e+00,2.54687500e+00,-3.43750000e-02,5.01562500e-01
3.89040000e-07,2.37500000e+00,2.58437500e+00,-4.12500000e-02,5.26562500e-01
3.89360000e-07,2.43750000e+00,2.48437500e+00,-4.37500000e-03,5.42187500e-01
3.89680000e-07,2.38750000e+00,2.58437500e+00,-1.25000000e-02,5.47656250e-01
3.90000000e-07,2.51250000e+00,2.58437500e+00,-6.12500000e-02,5.21093750e-01
3.90320000e-07,2.45000000e+00,2.59687500e+00,-6.25000000e-03,4.99218750e-01
3.90640000e-07,2.43750000e+00,2.47187500e+00,-1.25000000e-02,4.59375000e-01
3.90960000e-07,2.40000000e+00,2.63437500e+00,-2.56250000e-02,4.46093750e-01
3.91280000e-07,2.43750000e+00,2.48437500e+00,-1.12500000e-02,4.68750000e-01
3.91600000e-07,2.31250000e+00,2.45937500e+00,1.25000000e-03,5.21875000e-01
3.91920000e-07,2.36250000e+00,2.48437500e+00,-1.68750000e-02,5.16406250e-01
3.92240000e-07,2.46250000e+00,2.57187500e+00,-1.87500000e-03,5.71093750e-01
3.92560000e-07,2.48750000e+00,2.58437500e+00,-2.25000000e-02,5.57031250e-01
3.92880000e-07,2.51250000e+00,2.57187500e+00,-5.37500000e-02,4.35937500e-01
3.93200000e-07,2.52500000e+00,2.58437500e+00,-8.75000000e-03,4.85156250e-01
3.93520000e-07,2.41250000e+00,2.62187500e+00,-4.37500000e-03,4.85937500e-01
3.93840000e-07,2.41250000e+00,2.55937500e+00,-2.81250000e-02,5.07812500e-01
3.94160000e-07,2.38750000e+00,2.59687500e+00,6.25000000e-04,4.78125000e-01
3.94480000e-07,2.55000000e+00,2.48437500e+00,-3.12500000e-02,5.20312500e-01
3.94800000e-07,2.45000000e+00,2.53437500e+00,-2.18750000e-02,5.56250000e-01
3.95120000e-07,2.53750000e+00,2.45937500e+00,-4.18750000e-02,5.43750000e-01
3.95440000e-07,2.41250000e+00,2.49687500e+00,-1.87500000e-03,5.13281250e-01
3.95760000e-07,2.37500000e+00,2.48437500e+00,-7.50000000e-03,4.25000000e-01
3.96080000e-07,2.37500000e+00,2.60937500e+00,-1.00000000e-02,4.54687500e-01
3.96400000e-07,2.41250000e+00,2.45937500e+00,-4.87500000e-02,5.62500000e-01
3.96720000e-07,2.36250000e+00,2.59687500e+00,-4.81250000e-02,6.67187500e-01
3.97040000e-07,2.45000000e+00,2.52187500e+00,-2.75000000e-02,5.78125000e-01
3.97360000e-07,2.40000000e+00,2.49687500e+00,-6.25000000e-03,6.07031250e-01
3.97680000e-07,2.37500000e+00,2.39687500e+00,-1.37500000e-02,5.92187500e-01
3.98000000e-07,2.38750000e+00,2.65937500e+00,-1.75000000e-02,5.64062500e-01
3.98320000e-07,2.36250000e+00,2.48437500e+00,-3.37500000e-02,5.71875000e-01
3.98640000e-07,2.45000000e+00,2.55937500e+00,-1.12500000e-02,4.82812500e-01
3.98960000e-07,2.38750000e+00,2.48437500e+00,-2.81250000e-02,5.25781250e-01
3.99280000e-07,2.31250000e+00,2.60937500e+00,-1.18750000e-02,5.60156250e-01
3.99600000e-07,2.33750000e+00,2.49687500e+00,-1.43750000e-02,5.40625000e-01
3.99920000e-07,2.52500000e+00,2.68437500e+00,-2.87500000e-02,5.33593750e-01
4.00240000e-07,2.56250000e+00,2.44687500e+00,-6.12500000e-02,5.71093750e-01
4.00560000e-07,2.38750000e+00,2.64687500e+00,-1.50000000e-02,6.07812500e-01
4.00880000e-07,2.45000000e+00,2.45937500e+00,-2.56250000e-02,5.42187500e-01
4.01200000e-07,2.40000000e+00,2.49687500e+00,-1.87500000e-03,5.18750000e-01
4.01520000e-07,2.32500000e+00,2.49687500e+00,-4.56250000e-02,5.98437500e-01
4.01840000e-07,2.32500000e+00,2.58437500e+00,-8.75000000e-03,6.48437500e-01
4.02160000e-07,2.51250000e+00,2.48437500e+00,-9.37500000e-03,6.60156250e-01
4.02480000e-07,2.46250000e+00,2.53437500e+00,-1.43750000e-02,5.88281250e-01
4.02800000e-07,2.30000000e+00,2.50937500e+00,-2.00000000e-02,5.34375000e-01
4.03120000e-07,2.56250000e+00,2.50937500e+00,-3.62500000e-02,5.42187500e-01
4.03440000e-07,2.43750000e+00,2.45937500e+00,-8.75000000e-03,5.05468750e-01
4.03760000e-07,2.37500000e+00,2.67187500e+00,5.62500000e-03,4.50000000e-01
4.04080000e-07,2.43750000e+00,2.63437500e+00,-1.18750000e-02,4.57031250e-01
4.04400000e-07,2.43750000e+00,2.53437500e+00,-1.50000000e-02,5.42968750e-01
4.04720000e-07,2.35000000e+00,2.49687500e+00,-2.18750000e-02,5.51562500e-01
4.05040000e-07,2.43750000e+00,2.59687500e+00,-6.87500000e-03,5.89843750e-01
4.05360000e-07,2.43750000e+00,2.53437500e+00,-3.37500000e-02,5.79687500e-01
4.05680000e-07,2.38750000e+00,2.59687500e+00,-4.37500000e-03,5.57031250e-01
4.06000000e-07,2.45000000e+00,2.42187500e+00,-3.18750000e-02,5.18750000e-01
4.06320000e-07,2.48750000e+00,2.60937500e+00,-5.12500000e-02,5.13281250e-01
4.06640000e-07,2.38750000e+00,2.55937500e+00,-1.93750000e-02,6.23437500e-01
4.06960000e-07,2.55000000e+00,2.57187500e+00,-1.75000000e-02,5.84375000e-01
4.07280000e-07,2.48750000e+00,2.53437500e+00,-3.81250000e-02,6.18750000e-01
4.07600000e-07,2.51250000e+00,2.55937500e+00,-1.37500000e-02,6.16406250e-01
4.07920000e-07,2.53750000e+00,2.50937500e+00,1.25000000e-03,5.98437500e-01
4.08240000e-07,2.46250000e+00,2.59687500e+00,-7.50000000e-03,5.92187500e-01
4.08560000e-07,2.42500000e+00,2.48437500e+00,-4.12500000e-02,6.22656250e-01
4.08880000e-07,2.48750000e+00,2.45937500e+00,-2.56250000e-02,6.10156250e-01
4.09200000e-07,2.36250000e+00,2.53437500e+00,-3.56250000e-02,5.72656250e-01
4.09520000e-07,2.45000000e+00,2.55937500e+00,-1.87500000e-02,5.64062500e-01
4.09840000e-07,2.43750000e+00,2.45937500e+00,-9.37500000e-03,5.96875000e-01
4.10160000e-07,2.43750000e+00,2.63437500e+00,-9.37500000e-03,5.60156250e-01
4.10480000e-07,2.42500000e+00,2.53437500e+00,-1.87500000e-03,4.50781250e-01
4.10800000e-07,2.42500000e+00,2.67187500e+00,-1.43750000e-02,4.75000000e-01
4.11120000e-07,2.58750000e+00,2.52187500e+00,-2.18750000e-02,5.71875000e-01
4.11440000e-07,2.40000000e+00,2.49687500e+00,-2.25000000e-02,5.44531250e-01
4.11760000e-07,2.27500000e+00,2.48437500e+00,-9.37500000e-03,5.29687500e-01
4.12080000e-07,2.29062500e+00,2.48437500e+00,8.12500000e-03,5.33593750e-01
4.12400000e-07,2.48437500e+00,2.52187500e+00,1.56250000e-02,5.34375000e-01
4.12720000e-07,2.52500000e+00,2.58437500e+00,-1.87500000e-03,5.32812500e-01
4.13040000e-07,2.36250000e+00,2.52187500e+00,-1.25000000e-02,5.38281250e-01
4.13360000e-07,2.45000000e+00,2.60937500e+00,-3.37500000e-02,5.09375000e-01
4.13680000e-07,2.43750000e+00,2.54687500e+00,-2.56250000e-02,4.69531250e-01
4.14000000e-07,2.40000000e+00,2.60937500e+00,-3.00000000e-02,5.46875000e-01
4.14320000e-07,2.38750000e+00,2.48437500e+00,-1.25000000e-03,6.23437500e-01
4.14640000e-07,2.47500000e+00,2.59687500e+00,-1.87500000e-02,5.85937500e-01
4.14960000e-07,2.40000000e+00,2.53437500e+00,-3.87500000e-02,5.17968750e-01
4.15280000e-07,2.43750000e+00,2.62187500e+00,-2.81250000e-02,4.83593750e-01
4.15600000e-07,2.52500000e+00,2.62187500e+00,-1.93750000e-02,5.10156250e-01
4.15920000e-07,2.38750000e+00,2.58437500e+00,-6.25000000e-03,5.35937500e-01
4.16240000e-07,2.32500000e+00,2.53437500e+00,6.25000000e-04,5.61718750e-01
4.16560000e-07,2.38750000e+00,2.57187500e+00,-2.25000000e-02,5.71875000e-01
4.16880000e-07,2.57500000e+00,2.67187500e+00,-3.12500000e-02,5.19531250e-01
4.17200000e-07,2.43750000e+00,2.53437500e+00,-3.31250000e-02,5.43750000e-01
4.17520000e-07,2.38750000e+00,2.52187500e+00,-2.18750000e-02,6.21875000e-01
4.17840000e-07,2.53750000e+00,2.64687500e+00,-4.12500000e-02,6.16406250e-01
4.18160000e-07,2.35000000e+00,2.58437500e+00,-3.56250000e-02,5.99218750e-01
4.18480000e-07,2.37500000e+00,2.62187500e+00,-3.06250000e-02,6.13281250e-01
4.18800000e-07,2.38750000e+00,2.42187500e+00,-2.75000000e-02,5.55468750e-01
4.19120000e-07,2.33750000e+00,2.52187500e+00,-1.87500000e-03,5.11718750e-01
4.19440000e-07,2.43750000e+00,2.54687500e+00,-4.25000000e-02,5.30468750e-01
4.19760000e-07,2.48750000e+00,2.63437500e+00,8.75000000e-03,5.98437500e-01
4.20080000e-07,2.42500000e+00,2.57187500e+00,3.75000000e-03,5.73437500e-01
4.20400000e-07,2.46250000e+00,2.63437500e+00,-2.25000000e-02,5.07031250e-01
4.20720000e-07,2.38750000e+00,2.52187500e+00,-3.31250000e-02,5.17968750e-01
4.21040000e-07,2.40000000e+00,2.59687500e+00,-8.75000000e-03,5.20312500e-01
4.21360000e-07,2.43750000e+00,2.42187500e+00,-2.75000000e-02,4.85937500e-01
4.21680000e-07,2.36250000e+00,2.60937500e+00,3.12500000e-03,4.68750000e-01
4.22000000e-07,2.37500000e+00,2.54687500e+00,-1.43750000e-02,5.23437500e-01
4.22320000e-07,2.47500000e+00,2.75937500e+00,-1.25000000e-02,4.87500000e-01
4.22640000e-07,2.53750000e+00,2.62187500e+00,-3.56250000e-02,5.25000000e-01
4.22960000e-07,2.50000000e+00,2.62187500e+00,-2.81250000e-02,5.84375000e-01
4.23280000e-07,2.30000000e+00,2.50937500e+00,-3.75000000e-02,6.63281250e-01
4.23600000e-07,2.32500000e+00,2.59687500e+00,5.62500000e-03,6.15625000e-01
4.23920000e-07,2.39687500e+00,2.64687500e+00,-1.25000000e-03,5.31250000e-01
4.24240000e-07,2.46250000e+00,2.57187500e+00,-2.50000000e-03,5.00781250e-01
4.24560000e-07,2.31250000e+00,2.50937500e+00,-3.62500000e-02,4.75000000e-01
4.24880000e-07,2.40000000e+00,2.70937500e+00,-2.75000000e-02,4.91406250e-01
4.25200000e-07,2.49375000e+00,2.49687500e+00,-1.18750000e-02,5.42968750e-01
4.25520000e-07,2.35000000e+00,2.49687500e+00,-2.75000000e-02,5.71093750e-01
4.25840000e-07,2.36250000e+00,2.59687500e+00,-8.75000000e-03,5.84375000e-01
4.26160000e-07,2.38750000e+00,2.59687500e+00,-1.87500000e-03,5.10937500e-01
4.26480000e-07,2.40000000e+00,2.48437500e+00,-1.93750000e-02,5.30468750e-01
4.26800000e-07,2.41250000e+00,2.64687500e+00,-1.50000000e-02,4.67968750e-01
4.27120000e-07,2.47500000e+00,2.48437500e+00,-5.62500000e-02,4.15625000e-01
4.27440000e-07,2.48750000e+00,2.64687500e+00,-1.87500000e-02,4.95312500e-01
4.27760000e-07,2.40000000e+00,2.55937500e+00,-3.12500000e-02,5.89062500e-01
4.28080000e-07,2.41250000e+00,2.65937500e+00,-3.62500000e-02,5.17968750e-01
4.28400000e-07,2.51250000e+00,2.54687500e+00,-5.87500000e-02,4.45312500e-01
4.28720000e-07,2.46250000e+00,2.62187500e+00,-1.93750000e-02,4.99218750e-01
4.29040000e-07,2.45000000e+00,2.53437500e+00,-4.56250000e-02,5.25781250e-01
4.29360000e-07,2.50000000e+00,2.62187500e+00,1.25000000e-03,5.03125000e-01
4.29680000e-07,2.26250000e+00,2.63437500e+00,-2.12500000e-02,4.99218750e-01
4.30000000e-07,2.36250000e+00,2.69687500e+00,-1.18750000e-02,5.33593750e-01
4.30320000e-07,2.41875000e+00,2.57187500e+00,-1.93750000e-02,5.01562500e-01
4.30640000e-07,2.35000000e+00,2.49687500e+00,-1.87500000e-03,5.14843750e-01
4.30960000e-07,2.45000000e+00,2.47187500e+00,-1.50000000e-02,5.66406250e-01
4.31280000e-07,2.55000000e+00,2.58437500e+00,-1.18750000e-02,5.59375000e-01
4.31600000e-07,2.42500000e+00,2.48437500e+00,6.25000000e-04,4.73437500e-01
4.31920000e-07,2.36250000e+00,2.53437500e+00,1.06250000e-02,4.78125000e-01
4.32240000e-07,2.47500000e+00,2.48437500e+00,-3.87500000e-02,4.38281250e-01
4.32560000e-07,2.41250000e+00,2.67187500e+00,-4.56250000e-02,4.03906250e-01
4.32880000e-07,2.32500000e+00,2.50937500e+00,-4.37500000e-03,5.38281250e-01
4.33200000e-07,2.38750000e+00,2.48437500e+00,-6.25000000e-03,5.69531250e-01
4.33520000e-07,2.46250000e+00,2.53437500e+00,3.12500000e-03,5.24218750e-01
4.33840000e-07,2.56250000e+00,2.57187500e+00,-2.00000000e-02,5.26562500e-01
4.34160000e-07,2.47500000e+00,2.60937500e+00,-3.06250000e-02,5.49218750e-01
4.34480000e-07,2.40000000e+00,2.58437500e+00,1.37500000e-02,4.86718750e-01
4.34800000e-07,2.55000000e+00,2.52187500e+00,-2.12500000e-02,5.41406250e-01
4.35120000e-07,2.40000000e+00,2.64687500e+00,1.06250000e-02,5.65625000e-01
4.35440000e-07,2.35000000e+00,2.65937500e+00,6.25000000e-04,5.95312500e-01
4.35760000e-07,2.35000000e+00,2.52187500e+00,-2.62500000e-02,6.10156250e-01
4.36080000e-07,2.41250000e+00,2.55937500e+00,-2.18750000e-02,5.52343750e-01
4.36400000e-07,2.55000000e+00,2.58437500e+00,5.00000000e-03,5.33593750e-01
4.36720000e-07,2.50000000e+00,2.48437500e+00,-1.43750000e-02,4.47656250e-01
4.37040000e-07,2.43750000e+00,2.59687500e+00,-1.18750000e-02,4.59375000e-01
4.37360000e-07,2.41250000e+00,2.54687500e+00,-9.37500000e-03,5.25781250e-01
4.37680000e-07,2.52500000e+00,2.72187500e+00,-1.43750000e-02,5.57031250e-01
4.38000000e-07,2.36250000e+00,2.45937500e+00,-1.00000000e-02,5.26562500e-01
4.38320000e-07,2.53750000e+00,2.50937500e+00,-3.62500000e-02,5.39843750e-01
4.38640000e-07,2.56250000e+00,2.49687500e+00,-4.25000000e-02,5.75000000e-01
4.38960000e-07,2.50000000e+00,2.54687500e+00,2.62500000e-02,6.14843750e-01
4.39280000e-07,2.53750000e+00,2.53437500e+00,5.62500000e-03,6.15625000e-01
4.39600000e-07,2.51250000e+00,2.73437500e+00,-4.12500000e-02,5.21093750e-01
4.39920000e-07,2.38750000e+00,2.55937500e+00,-1.87500000e-02,5.23437500e-01
4.40240000e-07,2.47500000e+00,2.54687500e+00,-9.37500000e-03,5.42968750e-01
4.40560000e-07,2.43750000e+00,2.52187500e+00,1.31250000e-02,5.59375000e-01
4.40880000e-07,2.30000000e+00,2.55937500e+00,-4.37500000e-03,6.19531250e-01
4.41200000e-07,2.40000000e+00,2.55937500e+00,-1.93750000e-02,6.23437500e-01
4.41520000e-07,2.53125000e+00,2.58437500e+00,-1.50000000e-02,5.53906250e-01
4.41840000e-07,2.55000000e+00,2.47187500e+00,-6.87500000e-03,4.92968750e-01
4.42160000e-07,2.45000000e+00,2.64687500e+00,8.12500000e-03,5.03906250e-01
4.42480000e-07,2.51250000e+00,2.64687500e+00,-1.68750000e-02,5.35937500e-01
4.42800000e-07,2.50000000e+00,2.49687500e+00,-1.00000000e-02,5.51562500e-01
4.43120000e-07,2.45000000e+00,2.53437500e+00,-2.81250000e-02,5.82031250e-01
4.43440000e-07,2.43750000e+00,2.54687500e+00,-1.68750000e-02,5.96093750e-01
4.43760000e-07,2.43750000e+00,2.54687500e+00,-3.31250000e-02,5.98437500e-01
4.44080000e-07,2.43750000e+00,2.55937500e+00,-1.87500000e-02,5.66406250e-01
4.44400000e-07,2.50000000e+00,2.42187500e+00,-1.68750000e-02,5.73437500e-01
4.44720000e-07,2.43750000e+00,2.55937500e+00,1.06250000e-02,4.63281250e-01
4.45040000e-07,2.35000000e+00,2.50937500e+00,-2.87500000e-02,4.89062500e-01
4.45360000e-07,2.48750000e+00,2.65937500e+00,-1.43750000e-02,6.04687500e-01
4.45680000e-07,2.42500000e+00,2.64687500e+00,-3.43750000e-02,5.63281250e-01
4.46000000e-07,2.50000000e+00,2.83437500e+00,-3.81250000e-02,5.75781250e-01
4.46320000e-07,2.57500000e+00,2.59687500e+00,-2.87500000e-02,4.90625000e-01
4.46640000e-07,2.37500000e+00,2.50937500e+00,-1.25000000e-03,4.62500000e-01
4.46960000e-07,2.52500000e+00,2.49687500e+00,1.75000000e-02,5.35937500e-01
4.47280000e-07,2.35000000e+00,2.45937500e+00,2.56250000e-02,4.95312500e-01
4.47600000e-07,2.51250000e+00,2.54687500e+00,-1.18750000e-02,4.95312500e-01
4.47920000e-07,2.40000000e+00,2.62187500e+00,-1.43750000e-02,5.82812500e-01
4.48240000e-07,2.48750000e+00,2.63437500e+00,6.25000000e-04,5.17968750e-01
4.48560000e-07,2.55000000e+00,2.65937500e+00,-3.37500000e-02,5.44531250e-01
4.48880000e-07,2.57500000e+00,2.57187500e+00,-5.12500000e-02,5.84375000e-01
4.49200000e-07,2.50000000e+00,2.58437500e+00,-4.37500000e-03,5.17187500e-01
4.49520000e-07,2.45000000e+00,2.52187500e+00,-3.12500000e-02,5.96093750e-01
4.49840000e-07,2.37500000e+00,2.55937500e+00,-3.56250000e-02,5.99218750e-01
4.50160000e-07,2.41250000e+00,2.57187500e+00,5.62500000e-03,4.93750000e-01
4.50480000e-07,2.58750000e+00,2.63437500e+00,1.62500000e-02,4.95312500e-01
4.50800000e-07,2.41250000e+00,2.69687500e+00,-2.56250000e-02,5.50000000e-01
4.51120000e-07,2.40000000e+00,2.55937500e+00,-4.37500000e-03,5.56250000e-01
4.51440000e-07,2.35000000e+00,2.60937500e+00,-4.37500000e-03,5.22656250e-01
4.51760000e-07,2.60000000e+00,2.55937500e+00,-3.12500000e-02,5.02343750e-01
4.52080000e-07,2.40000000e+00,2.55937500e+00,-2.56250000e-02,5.03906250e-01
4.52400000e-07,2.35000000e+00,2.53437500e+00,-2.25000000e-02,5.06250000e-01
4.52720000e-07,2.32500000e+00,2.43437500e+00,-2.50000000e-02,4.63281250e-01
4.53040000e-07,2.40000000e+00,2.57187500e+00,3.75000000e-03,4.97656250e-01
4.53360000e-07,2.32500000e+00,2.44687500e+00,-3.75000000e-03,6.02343750e-01
4.53680000e-07,2.38750000e+00,2.57187500e+00,-1.87500000e-03,6.20312500e-01
4.54000000e-07,2.48750000e+00,2.57187500e+00,-2.00000000e-02,5.24218750e-01
4.54320000e-07,2.43750000e+00,2.53437500e+00,-3.62500000e-02,4.85156250e-01
4.54640000e-07,2.36250000e+00,2.49687500e+00,-3.06250000e-02,4.91406250e-01
4.54960000e-07,2.40000000e+00,2.59687500e+00,-3.31250000e-02,5.10156250e-01
4.55280000e-07,2.38750000e+00,2.55937500e+00,-1.37500000e-02,5.80468750e-01
4.55600000e-07,2.47500000e+00,2.45937500e+00,-4.37500000e-03,5.19531250e-01
4.55920000e-07,2.41250000e+00,2.44687500e+00,-2.00000000e-02,5.09375000e-01
4.56240000e-07,2.36250000e+00,2.62187500e+00,-2.81250000e-02,6.19531250e-01
4.56560000e-07,2.33750000e+00,2.50937500e+00,1.25000000e-03,6.57812500e-01
4.56880000e-07,2.46250000e+00,2.68437500e+00,1.37500000e-02,6.38281250e-01
4.57200000e-07,2.47500000e+00,2.49687500e+00,-1.68750000e-02,5.66406250e-01
4.57520000e-07,2.53750000e+00,2.48437500e+00,1.31250000e-02,4.61718750e-01
4.57840000e-07,2.40000000e+00,2.59687500e+00,-1.50000000e-02,5.15625000e-01
4.58160000e-07,2.47500000e+00,2.60937500e+00,-3.87500000e-02,6.07812500e-01
4.58480000e-07,2.42500000e+00,2.54687500e+00,-8.75000000e-03,6.25000000e-01
4.58800000e-07,2.48750000e+00,2.58437500e+00,-9.37500000e-03,5.45312500e-01
4.59120000e-07,2.45000000e+00,2.70937500e+00,-3.81250000e-02,5.57031250e-01
4.59440000e-07,2.42500000e+00,2.55937500e+00,3.12500000e-03,4.99218750e-01
4.59760000e-07,2.47500000e+00,2.57187500e+00,-2.56250000e-02,4.77343750e-01
4.60080000e-07,2.36250000e+00,2.63437500e+00,-1.75000000e-02,5.55468750e-01
4.60400000e-07,2.27500000e+00,2.44687500e+00,-3.56250000e-02,5.88281250e-01
4.60720000e-07,2.42500000e+00,2.64687500e+00,1.37500000e-02,6.56250000e-01
4.61040000e-07,2.56875000e+00,2.54687500e+00,6.25000000e-03,5.67968750e-01
4.61360000e-07,2.41250000e+00,2.54687500e+00,-3.87500000e-02,5.28125000e-01
4.61680000e-07,2.37500000e+00,2.54687500e+00,-4.37500000e-02,5.58593750e-01
4.62000000e-07,2.40000000e+00,2.48437500e+00,-3.56250000e-02,5.50000000e-01
4.62320000e-07,2.50000000e+00,2.45937500e+00,-6.25000000e-03,5.57031250e-01
4.62640000e-07,2.50000000e+00,2.60937500e+00,6.25000000e-03,6.13281250e-01
4.62960000e-07,2.46250000e+00,2.38437500e+00,2.81250000e-02,5.91406250e-01
4.63280000e-07,2.38750000e+00,2.59687500e+00,-1.25000000e-02,6.09375000e-01
4.63600000e-07,2.40000000e+00,2.47187500e+00,-1.18750000e-02,5.88281250e-01
4.63920000e-07,2.56250000e+00,2.67187500e+00,-1.87500000e-03,5.89062500e-01
4.64240000e-07,2.40000000e+00,2.47187500e+00,-3.06250000e-02,5.73437500e-01
4.64560000e-07,2.47500000e+00,2.64687500e+00,-2.62500000e-02,5.40625000e-01
4.64880000e-07,2.45000000e+00,2.52187500e+00,-3.31250000e-02,5.82812500e-01
4.65200000e-07,2.51250000e+00,2.58437500e+00,2.56250000e-02,6.33593750e-01
4.65520000e-07,2.38750000e+00,2.69687500e+00,-1.18750000e-02,5.84375000e-01
4.65840000e-07,2.45000000e+00,2.64687500e+00,-2.18750000e-02,5.50000000e-01
4.66160000e-07,2.46250000e+00,2.48437500e+00,-1.18750000e-02,5.88281250e-01
4.66480000e-07,2.48750000e+00,2.62187500e+00,-1.18750000e-02,6.10937500e-01
4.66800000e-07,2.50000000e+00,2.60937500e+00,-1.18750000e-02,6.06250000e-01
4.67120000e-07,2.42500000e+00,2.48437500e+00,-1.18750000e-02,5.85937500e-01
4.67440000e-07,2.37500000e+00,2.47187500e+00,-2.00000000e-02,5.32031250e-01
4.67760000e-07,2.46250000e+00,2.67187500e+00,-4.62500000e-02,6.07031250e-01
4.68080000e-07,2.48750000e+00,2.58437500e+00,-1.43750000e-02,6.24218750e-01
4.68400000e-07,2.41250000e+00,2.59687500e+00,-2.81250000e-02,5.32812500e-01
4.68720000e-07,2.57500000e+00,2.52187500e+00,1.25000000e-03,5.18750000e-01
4.69040000e-07,2.41250000e+00,2.52187500e+00,-1.25000000e-03,6.09375000e-01
4.69360000e-07,2.52500000e+00,2.54687500e+00,-1.43750000e-02,5.96875000e-01
4.69680000e-07,2.48750000e+00,2.58437500e+00,8.12500000e-03,5.79687500e-01
4.70000000e-07,2.40000000e+00,2.44687500e+00,-2.25000000e-02,6.01562500e-01
4.70320000e-07,2.25000000e+00,2.60937500e+00,-1.68750000e-02,4.71875000e-01
4.70640000e-07,2.55312500e+00,2.53437500e+00,6.25000000e-04,5.27343750e-01
4.70960000e-07,2.51250000e+00,2.67187500e+00,-2.18750000e-02,6.33593750e-01
4.71280000e-07,2.40000000e+00,2.42187500e+00,-4.37500000e-03,5.91406250e-01
4.71600000e-07,2.51250000e+00,2.58437500e+00,-1.43750000e-02,5.18750000e-01
4.71920000e-07,2.43750000e+00,2.58437500e+00,-3.37500000e-02,5.75000000e-01
4.72240000e-07,2.41250000e+00,2.62187500e+00,-1.18750000e-02,6.01562500e-01
4.72560000e-07,2.50000000e+00,2.62187500e+00,-3.12500000e-02,5.10156250e-01
4.72880000e-07,2.45000000e+00,2.47187500e+00,-1.25000000e-02,4.78906250e-01
4.73200000e-07,2.42500000e+00,2.50937500e+00,-3.81250000e-02,5.64843750e-01
4.73520000e-07,2.35000000e+00,2.68437500e+00,1.25000000e-03,5.56250000e-01
4.73840000e-07,2.35000000e+00,2.43437500e+00,-3.75000000e-03,6.23437500e-01
4.74160000e-07,2.40000000e+00,2.53437500e+00,-3.62500000e-02,6.31250000e-01
4.74480000e-07,2.42500000e+00,2.52187500e+00,-2.56250000e-02,5.56250000e-01
4.74800000e-07,2.43750000e+00,2.53437500e+00,-7.50000000e-03,5.28125000e-01
4.75120000e-07,2.40000000e+00,2.53437500e+00,-4.00000000e-02,5.41406250e-01
4.75440000e-07,2.40000000e+00,2.58437500e+00,8.75000000e-03,5.39843750e-01
4.75760000e-07,2.45000000e+00,2.40937500e+00,-1.62500000e-02,5.18750000e-01
4.76080000e-07,2.43750000e+00,2.52187500e+00,-9.37500000e-03,5.67187500e-01
4.76400000e-07,2.58750000e+00,2.57187500e+00,-2.62500000e-02,6.39062500e-01
4.76720000e-07,2.51250000e+00,2.47187500e+00,-1.93750000e-02,6.25781250e-01
4.77040000e-07,2.37500000e+00,2.38437500e+00,-3.18750000e-02,5.20312500e-01
4.77360000e-07,2.35000000e+00,2.63437500e+00,-1.18750000e-02,5.01562500e-01
4.77680000e-07,2.43750000e+00,2.49687500e+00,-2.50000000e-03,5.36718750e-01
4.78000000e-07,2.52500000e+00,2.58437500e+00,5.62500000e-03,5.96875000e-01
4.78320000e-07,2.36250000e+00,2.57187500e+00,-3.12500000e-02,5.25781250e-01
4.78640000e-07,2.37500000e+00,2.70937500e+00,-1.18750000e-02,4.46875000e-01
4.78960000e-07,2.43750000e+00,2.60937500e+00,-1.00000000e-02,4.64062500e-01
4.79280000e-07,2.35000000e+00,2.74687500e+00,1.31250000e-02,5.06250000e-01
4.79600000e-07,2.53750000e+00,2.58437500e+00,-2.18750000e-02,5.67187500e-01
4.79920000e-07,2.48750000e+00,2.47187500e+00,-9.37500000e-03,5.53125000e-01
4.80240000e-07,2.43750000e+00,2.49687500e+00,-1.93750000e-02,4.64843750e-01
4.80560000e-07,2.38750000e+00,2.58437500e+00,-1.00000000e-02,5.08593750e-01
4.80880000e-07,2.41250000e+00,2.47187500e+00,-1.93750000e-02,5.07812500e-01
4.81200000e-07,2.28750000e+00,2.52187500e+00,-6.87500000e-03,5.67187500e-01
4.81520000e-07,2.52500000e+00,2.69687500e+00,-2.00000000e-02,5.98437500e-01
4.81840000e-07,2.42500000e+00,2.68437500e+00,-1.93750000e-02,5.87500000e-01
4.82160000e-07,2.47500000e+00,2.34687500e+00,-3.12500000e-02,6.01562500e-01
4.82480000e-07,2.46250000e+00,2.50937500e+00,-2.81250000e-02,5.29687500e-01
4.82800000e-07,2.48750000e+00,2.52187500e+00,-9.37500000e-03,5.27343750e-01
4.83120000e-07,2.41250000e+00,2.54687500e+00,-1.68750000e-02,4.92187500e-01
4.83440000e-07,2.46250000e+00,2.50937500e+00,-3.37500000e-02,4.56250000e-01
4.83760000e-07,2.40000000e+00,2.45937500e+00,-1.87500000e-02,5.07812500e-01
4.84080000e-07,2.33750000e+00,2.53437500e+00,1.06250000e-02,5.51562500e-01
4.84400000e-07,2.47500000e+00,2.54687500e+00,-7.50000000e-03,4.92968750e-01
4.84720000e-07,2.41250000e+00,2.48437500e+00,-4.06250000e-02,4.78125000e-01
4.85040000e-07,2.51250000e+00,2.52187500e+00,1.62500000e-02,5.09375000e-01
4.85360000e-07,2.41250000e+00,2.49687500e+00,-1.37500000e-02,5.03906250e-01
4.85680000e-07,2.26250000e+00,2.44687500e+00,-4.37500000e-03,4.42968750e-01
4.86000000e-07,2.35000000e+00,2.55937500e+00,-6.87500000e-03,3.89843750e-01
4.86320000e-07,2.59375000e+00,2.69687500e+00,-9.37500000e-03,5.22656250e-01
4.86640000e-07,2.53750000e+00,2.54687500e+00,-4.37500000e-03,5.81250000e-01
4.86960000e-07,2.47500000e+00,2.64687500e+00,-1.43750000e-02,4.21875000e-01
4.87280000e-07,2.37500000e+00,2.53437500e+00,-6.87500000e-03,4.46093750e-01
4.87600000e-07,2.40000000e+00,2.53437500e+00,-2.18750000e-02,5.30468750e-01
4.87920000e-07,2.40000000e+00,2.47187500e+00,-9.37500000e-03,4.42187500e-01
4.88240000e-07,2.41250000e+00,2.50937500e+00,-6.87500000e-03,4.46093750e-01
4.88560000e-07,2.50000000e+00,2.59687500e+00,-1.18750000e-02,5.05468750e-01
4.88880000e-07,2.26250000e+00,2.68437500e+00,-1.50000000e-02,5.27343750e-01
4.89200000e-07,2.46250000e+00,2.60937500e+00,-1.68750000e-02,4.87500000e-01
4.89520000e-07,2.38750000e+00,2.54687500e+00,6.25000000e-04,5.28125000e-01
4.89840000e-07,2.51250000e+00,2.63437500e+00,-3.06250000e-02,5.37500000e-01
4.90160000e-07,2.36250000e+00,2.57187500e+00,-6.87500000e-03,5.05468750e-01
4.90480000e-07,2.41250000e+00,2.40937500e+00,-1.93750000e-02,5.06250000e-01
4.90800000e-07,2.48750000e+00,2.48437500e+00,-1.18750000e-02,5.09375000e-01
4.91120000e-07,2.41250000e+00,2.54687500e+00,-4.37500000e-03,4.70312500e-01
4.91440000e-07,2.47500000e+00,2.58437500e+00,-1.75000000e-02,4.76562500e-01
4.91760000e-07,2.43750000e+00,2.54687500e+00,-3.56250000e-02,5.55468750e-01
4.92080000e-07,2.38750000e+00,2.59687500e+00,6.25000000e-03,5.53125000e-01
4.92400000e-07,2.45000000e+00,2.49687500e+00,-1.62500000e-02,5.56250000e-01
4.92720000e-07,2.28750000e+00,2.69687500e+00,-9.37500000e-03,4.89843750e-01
4.93040000e-07,2.40000000e+00,2.45937500e+00,-2.81250000e-02,4.63281250e-01
4.93360000e-07,2.51250000e+00,2.54687500e+00,5.62500000e-03,5.00781250e-01
4.93680000e-07,2.45000000e+00,2.44687500e+00,-3.62500000e-02,5.45312500e-01
4.94000000e-07,2.33750000e+00,2.58437500e+00,-3.56250000e-02,5.12500000e-01
4.94320000e-07,2.27500000e+00,2.60937500e+00,1.81250000e-02,4.63281250e-01
4.94640000e-07,2.47500000e+00,2.58437500e+00,1.37500000e-02,4.64843750e-01
4.94960000e-07,2.42500000e+00,2.58437500e+00,-1.75000000e-02,4.89843750e-01
4.95280000e-07,2.43750000e+00,2.62187500e+00,-4.37500000e-02,5.38281250e-01
4.95600000e-07,2.38750000e+00,2.55937500e+00,-4.25000000e-02,4.97656250e-01
4.95920000e-07,2.40000000e+00,2.62187500e+00,8.75000000e-03,5.11718750e-01
4.96240000e-07,2.38750000e+00,2.42187500e+00,-3.81250000e-02,5.14062500e-01
4.96560000e-07,2.43750000e+00,2.59687500e+00,-1.68750000e-02,5.67968750e-01
4.96880000e-07,2.47500000e+00,2.62187500e+00,2.75000000e-02,5.83593750e-01
4.97200000e-07,2.41250000e+00,2.58437500e+00,-4.37500000e-02,5.57812500e-01
4.97520000e-07,2.32500000e+00,2.49687500e+00,-4.62500000e-02,5.57812500e-01
4.97840000e-07,2.51250000e+00,2.57187500e+00,-1.87500000e-03,4.94531250e-01
4.98160000e-07,2.47500000e+00,2.53437500e+00,6.25000000e-04,5.02343750e-01
4.98480000e-07,2.38750000e+00,2.57187500e+00,-1.43750000e-02,5.48437500e-01
4.98800000e-07,2.57500000e+00,2.44687500e+00,-3.12500000e-02,5.14843750e-01
4.99120000e-07,2.51250000e+00,2.67187500e+00,-4.62500000e-02,5.30468750e-01
4.99440000e-07,2.41250000e+00,2.47187500e+00,-1.18750000e-02,5.24218750e-01
4.99760000e-07,2.40000000e+00,2.58437500e+00,-9.37500000e-03,5.18750000e-01
5.00080000e-07,2.37500000e+00,2.53437500e+00,-2.18750000e-02,5.85156250e-01
5.00400000e-07,2.38750000e+00,2.55937500e+00,2.50000000e-03,5.72656250e-01
5.00720000e-07,2.47500000e+00,2.63437500e+00,-3.81250000e-02,4.94531250e-01
5.01040000e-07,2.40000000e+00,2.52187500e+00,-9.37500000e-03,4.33593750e-01
5.01360000e-07,2.33750000e+00,2.60937500e+00,-5.31250000e-02,5.53125000e-01
5.01680000e-07,2.35000000e+00,2.59687500e+00,6.25000000e-03,5.96093750e-01
5.02000000e-07,2.43750000e+00,2.55937500e+00,5.62500000e-03,4.85156250e-01
5.02320000e-07,2.46250000e+00,2.64687500e+00,-1.18750000e-02,4.62500000e-01
5.02640000e-07,2.48750000e+00,2.52187500e+00,-5.37500000e-02,4.96875000e-01
5.02960000e-07,2.47500000e+00,2.64687500e+00,-3.62500000e-02,4.92968750e-01
5.03280000e-07,2.42500000e+00,2.69687500e+00,-1.75000000e-02,4.63281250e-01
5.03600000e-07,2.35000000e+00,2.58437500e+00,-3.62500000e-02,5.10937500e-01
5.03920000e-07,2.38750000e+00,2.62187500e+00,-3.56250000e-02,5.43750000e-01
5.04240000e-07,2.31250000e+00,2.47187500e+00,-2.50000000e-02,5.70312500e-01
5.04560000e-07,2.33750000e+00,2.38437500e+00,-2.81250000e-02,5.21875000e-01
5.04880000e-07,2.43125000e+00,2.65937500e+00,-1.37500000e-02,4.86718750e-01
5.05200000e-07,2.51250000e+00,2.55937500e+00,-7.50000000e-03,5.26562500e-01
5.05520000e-07,2.37500000e+00,2.53437500e+00,-9.37500000e-03,5.35937500e-01
5.05840000e-07,2.36250000e+00,2.53437500e+00,-3.06250000e-02,4.92187500e-01
5.06160000e-07,2.48750000e+00,2.54687500e+00,-1.87500000e-03,5.04687500e-01
5.06480000e-07,2.42500000e+00,2.58437500e+00,-2.81250000e-02,5.42968750e-01
5.06800000e-07,2.35000000e+00,2.52187500e+00,-1.18750000e-02,5.19531250e-01
5.07120000e-07,2.42500000e+00,2.48437500e+00,-9.37500000e-03,4.64843750e-01
5.07440000e-07,2.51250000e+00,2.67187500e+00,-6.87500000e-03,5.39062500e-01
5.07760000e-07,2.38750000e+00,2.58437500e+00,-2.25000000e-02,5.97656250e-01
5.08080000e-07,2.53750000e+00,2.54687500e+00,-4.37500000e-02,5.50781250e-01
5.08400000e-07,2.48750000e+00,2.50937500e+00,-3.31250000e-02,5.47656250e-01
5.08720000e-07,2.31250000e+00,2.43437500e+00,-3.31250000e-02,5.39843750e-01
5.09040000e-07,2.27500000e+00,2.54687500e+00,-3.31250000e-02,5.35937500e-01
5.09360000e-07,2.45000000e+00,2.52187500e+00,-3.31250000e-02,5.71875000e-01
5.09680000e-07,2.50625000e+00,2.50937500e+00,-2.75000000e-02,5.21093750e-01
5.10000000e-07,2.46250000e+00,2.45937500e+00,3.75000000e-03,5.13281250e-01
5.10320000e-07,2.35000000e+00,2.50937500e+00,-3.75000000e-03,5.74218750e-01
5.10640000e-07,2.45000000e+00,2.44687500e+00,-5.00000000e-03,5.48437500e-01
5.10960000e-07,2.38750000e+00,2.43437500e+00,-4.37500000e-02,5.03906250e-01
5.11280000e-07,2.35000000e+00,2.63437500e+00,-6.25000000e-03,5.30468750e-01
5.11600000e-07,2.45000000e+00,2.45937500e+00,-1.68750000e-02,5.60156250e-01
5.11920000e-07,2.40000000e+00,2.58437500e+00,-3.12500000e-02,5.60156250e-01
5.12240000e-07,2.43750000e+00,2.45937500e+00,-3.06250000e-02,5.54687500e-01
5.12560000e-07,2.40000000e+00,2.54687500e+00,-3.12500000e-02,5.62500000e-01
5.12880000e-07,2.42500000e+00,2.65937500e+00,-2.50000000e-02,6.00781250e-01
5.13200000e-07,2.57500000e+00,2.55937500e+00,-4.37500000e-03,5.39843750e-01
5.13520000e-07,2.36250000e+00,2.62187500e+00,-1.68750000e-02,4.60937500e-01
5.13840000e-07,2.31250000e+00,2.52187500e+00,-3.06250000e-02,4.40625000e-01
5.14160000e-07,2.45312500e+00,2.54687500e+00,-1.87500000e-02,4.08593750e-01
5.14480000e-07,2.38750000e+00,2.58437500e+00,-6.25000000e-03,5.14062500e-01
5.14800000e-07,2.46250000e+00,2.53437500e+00,6.25000000e-04,5.72656250e-01
5.15120000e-07,2.37500000e+00,2.74687500e+00,-1.43750000e-02,5.17968750e-01
5.15440000e-07,2.52500000e+00,2.57187500e+00,-1.87500000e-03,5.22656250e-01
5.15760000e-07,2.52500000e+00,2.55937500e+00,-2.00000000e-02,5.33593750e-01
5.16080000e-07,2.40000000e+00,2.45937500e+00,-4.12500000e-02,5.50000000e-01
5.16400000e-07,2.47500000e+00,2.63437500e+00,-2.56250000e-02,5.61718750e-01
5.16720000e-07,2.41250000e+00,2.48437500e+00,-3.31250000e-02,4.70312500e-01
5.17040000e-07,2.47500000e+00,2.60937500e+00,-4.06250000e-02,4.51562500e-01
5.17360000e-07,2.41250000e+00,2.65937500e+00,-4.56250000e-02,5.60937500e-01
5.17680000e-07,2.48750000e+00,2.60937500e+00,-4.06250000e-02,6.03906250e-01
5.18000000e-07,2.43750000e+00,2.54687500e+00,-3.31250000e-02,4.97656250e-01
5.18320000e-07,2.26250000e+00,2.54687500e+00,-1.62500000e-02,4.94531250e-01
5.18640000e-07,2.42812500e+00,2.45937500e+00,-1.93750000e-02,5.09375000e-01
5.18960000e-07,2.50625000e+00,2.50937500e+00,-9.37500000e-03,5.25000000e-01
5.19280000e-07,2.45000000e+00,2.47187500e+00,-2.87500000e-02,5.65625000e-01
5.19600000e-07,2.41250000e+00,2.63437500e+00,-4.37500000e-02,4.87500000e-01
5.19920000e-07,2.33750000e+00,2.53437500e+00,-2.87500000e-02,5.61718750e-01
5.20240000e-07,2.58750000e+00,2.60937500e+00,-3.31250000e-02,5.67968750e-01
5.20560000e-07,2.41250000e+00,2.45937500e+00,-2.81250000e-02,5.96875000e-01
5.20880000e-07,2.43750000e+00,2.60937500e+00,-2.12500000e-02,5.10937500e-01
5.21200000e-07,2.30000000e+00,2.54687500e+00,-9.37500000e-03,4.68750000e-01
5.21520000e-07,2.50000000e+00,2.47187500e+00,-1.68750000e-02,5.01562500e-01
5.21840000e-07,2.28750000e+00,2.48437500e+00,-3.37500000e-02,5.11718750e-01
5.22160000e-07,2.32500000e+00,2.62187500e+00,-4.37500000e-02,4.71875000e-01
5.22480000e-07,2.43437500e+00,2.53437500e+00,-3.37500000e-02,4.69531250e-01
5.22800000e-07,2.41250000e+00,2.67187500e+00,-5.31250000e-02,4.09375000e-01
5.23120000e-07,2.45000000e+00,2.55937500e+00,-4.31250000e-02,4.34375000e-01
5.23440000e-07,2.38750000e+00,2.60937500e+00,-4.81250000e-02,4.74218750e-01
5.23760000e-07,2.40000000e+00,2.44687500e+00,-3.75000000e-02,4.54687500e-01
5.24080000e-07,2.46250000e+00,2.63437500e+00,-1.18750000e-02,4.71875000e-01
5.24400000e-07,2.33750000e+00,2.49687500e+00,-1.87500000e-02,4.44531250e-01
5.24720000e-07,2.57500000e+00,2.37187500e+00,-7.50000000e-03,4.56250000e-01
5.25040000e-07,2.41250000e+00,2.50937500e+00,-1.93750000e-02,4.76562500e-01
5.25360000e-07,2.40000000e+00,2.54687500e+00,-1.50000000e-02,4.91406250e-01
5.25680000e-07,2.48750000e+00,2.54687500e+00,-4.12500000e-02,6.24218750e-01
5.26000000e-07,2.42500000e+00,2.52187500e+00,-5.06250000e-02,6.16406250e-01
5.26320000e-07,2.46250000e+00,2.55937500e+00,-8.75000000e-03,5.08593750e-01
5.26640000e-07,2.56250000e+00,2.57187500e+00,0.00000000e+00,4.75781250e-01
5.26960000e-07,2.53750000e+00,2.57187500e+00,-3.37500000e-02,5.77343750e-01
5.27280000e-07,2.45000000e+00,2.53437500e+00,-3.25000000e-02,5.64062500e-01
5.27600000e-07,2.56250000e+00,2.40937500e+00,-4.37500000e-03,5.73437500e-01
5.27920000e-07,2.45000000e+00,2.54687500e+00,-3.81250000e-02,5.86718750e-01
5.28240000e-07,2.45000000e+00,2.72187500e+00,-1.37500000e-02,5.46875000e-01
5.28560000e-07,2.50000000e+00,2.72187500e+00,-1.25000000e-02,6.00000000e-01
5.28880000e-07,2.42500000e+00,2.53437500e+00,-3.12500000e-02,5.67187500e-01
5.29200000e-07,2.40000000e+00,2.50937500e+00,-1.62500000e-02,4.94531250e-01
5.29520000e-07,2.40000000e+00,2.54687500e+00,3.12500000e-03,4.97656250e-01
5.29840000e-07,2.36250000e+00,2.60937500e+00,-3.37500000e-02,5.84375000e-01
5.30160000e-07,2.37500000e+00,2.45937500e+00,-2.00000000e-02,5.50000000e-01
5.30480000e-07,2.45000000e+00,2.69687500e+00,-3.18750000e-02,5.25000000e-01
5.30800000e-07,2.62500000e+00,2.48437500e+00,-3.75000000e-02,5.46093750e-01
5.31120000e-07,2.48750000e+00,2.54687500e+00,6.25000000e-03,6.15625000e-01
5.31440000e-07,2.42500000e+00,2.40937500e+00,1.37500000e-02,5.43750000e-01
5.31760000e-07,2.38750000e+00,2.53437500e+00,-2.00000000e-02,5.19531250e-01
5.32080000e-07,2.47500000e+00,2.48437500e+00,-4.12500000e-02,5.63281250e-01
5.32400000e-07,2.51250000e+00,2.54687500e+00,-3.56250000e-02,5.05468750e-01
5.32720000e-07,2.42500000e+00,2.58437500e+00,-3.06250000e-02,4.40625000e-01
5.33040000e-07,2.51250000e+00,2.62187500e+00,-2.12500000e-02,5.14843750e-01
5.33360000e-07,2.46250000e+00,2.60937500e+00,-2.18750000e-02,5.35937500e-01
5.33680000e-07,2.41250000e+00,2.53437500e+00,-4.37500000e-03,5.63281250e-01
5.34000000e-07,2.41250000e+00,2.55937500e+00,-1.43750000e-02,6.01562500e-01
5.34320000e-07,2.28750000e+00,2.54687500e+00,-1.87500000e-03,6.22656250e-01
5.34640000e-07,2.41250000e+00,2.52187500e+00,3.12500000e-03,5.89843750e-01
5.34960000e-07,2.49375000e+00,2.62187500e+00,-2.25000000e-02,5.64843750e-01
5.35280000e-07,2.37500000e+00,2.68437500e+00,-2.87500000e-02,6.09375000e-01
5.35600000e-07,2.45000000e+00,2.58437500e+00,-3.56250000e-02,6.03906250e-01
5.35920000e-07,2.48750000e+00,2.40937500e+00,-3.25000000e-02,5.60937500e-01
5.36240000e-07,2.45000000e+00,2.60937500e+00,1.12500000e-02,5.28125000e-01
5.36560000e-07,2.37500000e+00,2.48437500e+00,-2.56250000e-02,5.18750000e-01
5.36880000e-07,2.46250000e+00,2.65937500e+00,-2.56250000e-02,4.86718750e-01
5.37200000e-07,2.48750000e+00,2.50937500e+00,-1.50000000e-02,4.75781250e-01
5.37520000e-07,2.35000000e+00,2.52187500e+00,-2.75000000e-02,5.15625000e-01
5.37840000e-07,2.46250000e+00,2.52187500e+00,-6.87500000e-03,5.81250000e-01
5.38160000e-07,2.40000000e+00,2.53437500e+00,-4.06250000e-02,5.65625000e-01
5.38480000e-07,2.22500000e+00,2.50937500e+00,-2.81250000e-02,5.28906250e-01
5.38800000e-07,2.41562500e+00,2.52187500e+00,-8.75000000e-03,5.97656250e-01
5.39120000e-07,2.38750000e+00,2.37187500e+00,-2.00000000e-02,5.24218750e-01
5.39440000e-07,2.45000000e+00,2.44687500e+00,-1.43750000e-02,5.04687500e-01
5.39760000e-07,2.38750000e+00,2.54687500e+00,-3.37500000e-02,5.03906250e-01
5.40080000e-07,2.30000000e+00,2.68437500e+00,-3.56250000e-02,4.89062500e-01
5.40400000e-07,2.40000000e+00,2.59687500e+00,-1.75000000e-02,5.37500000e-01
5.40720000e-07,2.30000000e+00,2.55937500e+00,-2.50000000e-02,4.97656250e-01
5.41040000e-07,2.47500000e+00,2.44687500e+00,-2.12500000e-02,4.85937500e-01
5.41360000e-07,2.48750000e+00,2.55937500e+00,-8.75000000e-03,4.90625000e-01
5.41680000e-07,2.48750000e+00,2.55937500e+00,-1.43750000e-02,5.06250000e-01
5.42000000e-07,2.31250000e+00,2.49687500e+00,-2.87500000e-02,5.05468750e-01
5.42320000e-07,2.41250000e+00,2.58437500e+00,-5.37500000e-02,4.64843750e-01
5.42640000e-07,2.54375000e+00,2.64687500e+00,-2.81250000e-02,4.86718750e-01
5.42960000e-07,2.43750000e+00,2.47187500e+00,-1.43750000e-02,5.03125000e-01
5.43280000e-07,2.41250000e+00,2.60937500e+00,-4.06250000e-02,5.14062500e-01
5.43600000e-07,2.41250000e+00,2.40937500e+00,-3.75000000e-02,6.42968750e-01
5.43920000e-07,2.38750000e+00,2.59687500e+00,1.37500000e-02,6.03906250e-01
5.44240000e-07,2.37500000e+00,2.55937500e+00,-1.87500000e-02,4.82031250e-01
5.44560000e-07,2.47500000e+00,2.59687500e+00,-9.37500000e-03,5.05468750e-01
5.44880000e-07,2.50000000e+00,2.52187500e+00,-1.50000000e-02,5.29687500e-01
5.45200000e-07,2.45000000e+00,2.45937500e+00,-2.81250000e-02,4.90625000e-01
5.45520000e-07,2.35000000e+00,2.43437500e+00,-1.68750000e-02,5.12500000e-01
5.45840000e-07,2.38750000e+00,2.49687500e+00,-3.50000000e-02,6.28906250e-01
5.46160000e-07,2.48750000e+00,2.58437500e+00,-3.75000000e-03,6.15625000e-01
5.46480000e-07,2.46250000e+00,2.58437500e+00,-9.37500000e-03,5.42187500e-01
5.46800000e-07,2.35000000e+00,2.45937500e+00,-3.56250000e-02,5.28906250e-01
5.47120000e-07,2.31250000e+00,2.54687500e+00,-2.81250000e-02,4.97656250e-01
5.47440000e-07,2.36562500e+00,2.57187500e+00,-5.31250000e-02,5.28906250e-01
5.47760000e-07,2.46250000e+00,2.57187500e+00,-3.81250000e-02,5.37500000e-01
5.48080000e-07,2.40000000e+00,2.58437500e+00,3.75000000e-03,5.02343750e-01
5.48400000e-07,2.42500000e+00,2.68437500e+00,-9.37500000e-03,5.00781250e-01
5.48720000e-07,2.40000000e+00,2.47187500e+00,-4.87500000e-02,4.61718750e-01
5.49040000e-07,2.36250000e+00,2.43437500e+00,-4.50000000e-02,4.01562500e-01
5.49360000e-07,2.42500000e+00,2.50937500e+00,-8.75000000e-03,4.82812500e-01
5.49680000e-07,2.36250000e+00,2.70937500e+00,-2.81250000e-02,5.03125000e-01
5.50000000e-07,2.48750000e+00,2.54687500e+00,-1.18750000e-02,4.43750000e-01
5.50320000e-07,2.35000000e+00,2.47187500e+00,-3.68750000e-02,4.69531250e-01
5.50640000e-07,2.41250000e+00,2.47187500e+00,-1.68750000e-02,5.34375000e-01
5.50960000e-07,2.51250000e+00,2.63437500e+00,-3.18750000e-02,5.52343750e-01
5.51280000e-07,2.36250000e+00,2.64687500e+00,-2.56250000e-02,5.75781250e-01
5.51600000e-07,2.42500000e+00,2.64687500e+00,-2.87500000e-02,5.58593750e-01
5.51920000e-07,2.30000000e+00,2.54687500e+00,-4.81250000e-02,5.32812500e-01
5.52240000e-07,2.31250000e+00,2.54687500e+00,-4.37500000e-03,5.17968750e-01
5.52560000e-07,2.37187500e+00,2.49687500e+00,-2.25000000e-02,4.34375000e-01
5.52880000e-07,2.33750000e+00,2.47187500e+00,-2.81250000e-02,4.30468750e-01
5.53200000e-07,2.42500000e+00,2.48437500e+00,-2.18750000e-02,4.90625000e-01
5.53520000e-07,2.43750000e+00,2.55937500e+00,-3.31250000e-02,5.28125000e-01
5.53840000e-07,2.45000000e+00,2.48437500e+00,1.25000000e-03,5.00000000e-01
5.54160000e-07,2.45000000e+00,2.57187500e+00,-6.87500000e-03,5.82812500e-01
5.54480000e-07,2.43750000e+00,2.54687500e+00,-1.18750000e-02,6.04687500e-01
5.54800000e-07,2.22500000e+00,2.53437500e+00,-1.87500000e-03,5.36718750e-01
5.55120000e-07,2.39062500e+00,2.49687500e+00,-5.00000000e-03,6.12500000e-01
5.55440000e-07,2.46250000e+00,2.58437500e+00,-3.62500000e-02,5.87500000e-01
5.55760000e-07,2.43750000e+00,2.54687500e+00,-2.75000000e-02,4.74218750e-01
5.56080000e-07,2.48750000e+00,2.48437500e+00,-1.87500000e-02,4.75000000e-01
5.56400000e-07,2.47500000e+00,2.47187500e+00,-1.37500000e-02,5.31250000e-01
5.56720000e-07,2.52500000e+00,2.50937500e+00,-1.93750000e-02,4.60156250e-01
5.57040000e-07,2.61250000e+00,2.44687500e+00,-1.87500000e-03,4.37500000e-01
5.57360000e-07,2.41250000e+00,2.49687500e+00,-9.37500000e-03,4.69531250e-01
5.57680000e-07,2.33750000e+00,2.58437500e+00,-2.62500000e-02,5.13281250e-01
5.58000000e-07,2.42500000e+00,2.49687500e+00,-2.18750000e-02,4.82031250e-01
5.58320000e-07,2.51250000e+00,2.52187500e+00,-1.25000000e-02,4.69531250e-01
5.58640000e-07,2.51250000e+00,2.74687500e+00,1.06250000e-02,5.45312500e-01
5.58960000e-07,2.36250000e+00,2.57187500e+00,-1.75000000e-02,5.53125000e-01
5.59280000e-07,2.42500000e+00,2.52187500e+00,-1.43750000e-02,5.54687500e-01
5.59600000e-07,2.50000000e+00,2.63437500e+00,-9.37500000e-03,5.27343750e-01
5.59920000e-07,2.38750000e+00,2.43437500e+00,-1.93750000e-02,5.45312500e-01
5.60240000e-07,2.26250000e+00,2.47187500e+00,-3.12500000e-02,4.99218750e-01
5.60560000e-07,2.47500000e+00,2.64687500e+00,-5.31250000e-02,4.45312500e-01
5.60880000e-07,2.45000000e+00,2.44687500e+00,1.06250000e-02,5.20312500e-01
5.61200000e-07,2.52500000e+00,2.57187500e+00,-1.37500000e-02,5.36718750e-01
5.61520000e-07,2.47500000e+00,2.54687500e+00,-4.37500000e-03,5.15625000e-01
5.61840000e-07,2.36250000e+00,2.69687500e+00,-1.93750000e-02,5.51562500e-01
5.62160000e-07,2.46250000e+00,2.35937500e+00,-2.81250000e-02,5.12500000e-01
5.62480000e-07,2.40000000e+00,2.39687500e+00,1.06250000e-02,4.88281250e-01
5.62800000e-07,2.37500000e+00,2.57187500e+00,-3.87500000e-02,4.67187500e-01
5.63120000e-07,2.46250000e+00,2.59687500e+00,-3.31250000e-02,4.74218750e-01
5.63440000e-07,2.41250000e+00,2.54687500e+00,-1.75000000e-02,4.46093750e-01
5.63760000e-07,2.46250000e+00,2.50937500e+00,-3.00000000e-02,5.24218750e-01
5.64080000e-07,2.42500000e+00,2.43437500e+00,-3.75000000e-03,5.14843750e-01
5.64400000e-07,2.46250000e+00,2.63437500e+00,-2.81250000e-02,4.50781250e-01
5.64720000e-07,2.35000000e+00,2.48437500e+00,-1.68750000e-02,5.04687500e-01
5.65040000e-07,2.27500000e+00,2.54687500e+00,-3.43750000e-02,5.43750000e-01
5.65360000e-07,2.34062500e+00,2.49687500e+00,-6.12500000e-02,5.65625000e-01
5.65680000e-07,2.44375000e+00,2.57187500e+00,-2.18750000e-02,5.47656250e-01
5.66000000e-07,2.42500000e+00,2.64687500e+00,1.81250000e-02,4.71875000e-01
5.66320000e-07,2.45000000e+00,2.54687500e+00,-7.50000000e-03,4.78125000e-01
5.66640000e-07,2.40000000e+00,2.43437500e+00,-5.62500000e-02,6.07031250e-01
5.66960000e-07,2.50000000e+00,2.45937500e+00,-1.62500000e-02,6.90625000e-01
5.67280000e-07,2.45000000e+00,2.59687500e+00,-1.00000000e-02,5.68750000e-01
5.67600000e-07,2.28750000e+00,2.68437500e+00,-1.93750000e-02,4.39843750e-01
5.67920000e-07,2.46250000e+00,2.57187500e+00,-1.25000000e-02,5.24218750e-01
5.68240000e-07,2.56875000e+00,2.50937500e+00,-3.87500000e-02,5.57812500e-01
5.68560000e-07,2.35000000e+00,2.43437500e+00,-1.37500000e-02,5.64843750e-01
5.68880000e-07,2.48750000e+00,2.45937500e+00,-2.18750000e-02,6.22656250e-01
5.69200000e-07,2.43750000e+00,2.55937500e+00,-1.93750000e-02,6.24218750e-01
5.69520000e-07,2.21250000e+00,2.64687500e+00,2.06250000e-02,5.29687500e-01
5.69840000e-07,2.54062500e+00,2.43437500e+00,3.12500000e-03,4.57031250e-01
5.70160000e-07,2.43750000e+00,2.45937500e+00,-3.62500000e-02,5.21875000e-01
5.70480000e-07,2.47500000e+00,2.53437500e+00,-1.43750000e-02,5.94531250e-01
5.70800000e-07,2.56250000e+00,2.58437500e+00,-1.00000000e-02,5.67968750e-01
5.71120000e-07,2.32500000e+00,2.59687500e+00,-6.87500000e-03,5.08593750e-01
5.71440000e-07,2.48750000e+00,2.73437500e+00,8.12500000e-03,5.17187500e-01
5.71760000e-07,2.56250000e+00,2.64687500e+00,-3.62500000e-02,6.03125000e-01
5.72080000e-07,2.52500000e+00,2.49687500e+00,-9.37500000e-03,6.06250000e-01
5.72400000e-07,2.45000000e+00,2.43437500e+00,-5.00000000e-03,6.21875000e-01
5.72720000e-07,2.32500000e+00,2.62187500e+00,5.62500000e-03,5.28125000e-01
5.73040000e-07,2.42500000e+00,2.55937500e+00,-3.37500000e-02,4.82031250e-01
5.73360000e-07,2.45000000e+00,2.64687500e+00,-4.37500000e-03,5.03125000e-01
5.73680000e-07,2.47500000e+00,2.60937500e+00,7.50000000e-03,5.65625000e-01
5.74000000e-07,2.41250000e+00,2.54687500e+00,-7.50000000e-03,5.94531250e-01
5.74320000e-07,2.33750000e+00,2.53437500e+00,-5.87500000e-02,5.84375000e-01
5.74640000e-07,2.36250000e+00,2.45937500e+00,-2.50000000e-02,5.82031250e-01
5.74960000e-07,2.45000000e+00,2.48437500e+00,-6.25000000e-03,5.53906250e-01
5.75280000e-07,2.43750000e+00,2.53437500e+00,-1.62500000e-02,4.82812500e-01
5.75600000e-07,2.52500000e+00,2.62187500e+00,-6.87500000e-03,5.50781250e-01
5.75920000e-07,2.33750000e+00,2.67187500e+00,-1.18750000e-02,5.68750000e-01
5.76240000e-07,2.38750000e+00,2.55937500e+00,-9.37500000e-03,6.10937500e-01
5.76560000e-07,2.48750000e+00,2.62187500e+00,-4.37500000e-03,6.03125000e-01
5.76880000e-07,2.50000000e+00,2.39687500e+00,-1.18750000e-02,5.73437500e-01
5.77200000e-07,2.42500000e+00,2.52187500e+00,-6.87500000e-03,5.38281250e-01
5.77520000e-07,2.62500000e+00,2.50937500e+00,-4.37500000e-03,6.41406250e-01
5.77840000e-07,2.40000000e+00,2.58437500e+00,-6.87500000e-03,6.02343750e-01
5.78160000e-07,2.42500000e+00,2.48437500e+00,3.12500000e-03,4.74218750e-01
5.78480000e-07,2.42500000e+00,2.70937500e+00,-2.62500000e-02,4.73437500e-01
5.78800000e-07,2.42500000e+00,2.43437500e+00,-3.12500000e-02,5.73437500e-01
5.79120000e-07,2.46250000e+00,2.49687500e+00,-3.81250000e-02,5.92187500e-01
5.79440000e-07,2.43750000e+00,2.53437500e+00,8.75000000e-03,5.57031250e-01
5.79760000e-07,2.37500000e+00,2.72187500e+00,-1.18750000e-02,5.38281250e-01
5.80080000e-07,2.51250000e+00,2.43437500e+00,-1.43750000e-02,5.18750000e-01
5.80400000e-07,2.37500000e+00,2.55937500e+00,8.12500000e-03,5.17968750e-01
5.80720000e-07,2.52500000e+00,2.60937500e+00,-2.50000000e-03,4.71093750e-01
5.81040000e-07,2.41250000e+00,2.58437500e+00,-3.31250000e-02,4.78906250e-01
5.81360000e-07,2.46250000e+00,2.58437500e+00,-8.75000000e-03,5.49218750e-01
5.81680000e-07,2.45000000e+00,2.50937500e+00,-3.75000000e-03,4.92968750e-01
5.82000000e-07,2.37500000e+00,2.59687500e+00,-3.37500000e-02,5.10156250e-01
5.82320000e-07,2.58750000e+00,2.65937500e+00,-2.81250000e-02,5.27343750e-01
5.82640000e-07,2.48750000e+00,2.44687500e+00,-1.87500000e-03,5.05468750e-01
5.82960000e-07,2.40000000e+00,2.62187500e+00,-3.81250000e-02,5.45312500e-01
5.83280000e-07,2.40000000e+00,2.52187500e+00,-2.18750000e-02,5.19531250e-01
5.83600000e-07,2.53750000e+00,2.52187500e+00,1.50000000e-02,4.90625000e-01
5.83920000e-07,2.45000000e+00,2.37187500e+00,-9.37500000e-03,5.07812500e-01
5.84240000e-07,2.38750000e+00,2.57187500e+00,-2.56250000e-02,5.32812500e-01
5.84560000e-07,2.43750000e+00,2.55937500e+00,-1.87500000e-03,5.19531250e-01
5.84880000e-07,2.31250000e+00,2.54687500e+00,-1.50000000e-02,4.85156250e-01
5.85200000e-07,2.40000000e+00,2.38437500e+00,-4.56250000e-02,4.96093750e-01
5.85520000e-07,2.38750000e+00,2.55937500e+00,3.75000000e-03,4.60156250e-01
5.85840000e-07,2.50000000e+00,2.62187500e+00,-3.75000000e-03,5.39062500e-01
5.86160000e-07,2.42500000e+00,2.62187500e+00,-1.50000000e-02,5.02343750e-01
5.86480000e-07,2.43750000e+00,2.47187500e+00,-4.62500000e-02,4.42187500e-01
5.86800000e-07,2.63750000e+00,2.53437500e+00,3.75000000e-03,4.81250000e-01
5.87120000e-07,2.62500000e+00,2.47187500e+00,-3.62500000e-02,4.54687500e-01
5.87440000e-07,2.35000000e+00,2.50937500e+00,-1.43750000e-02,4.87500000e-01
5.87760000e-07,2.35000000e+00,2.47187500e+00,-2.25000000e-02,4.60937500e-01
5.88080000e-07,2.37500000e+00,2.67187500e+00,-1.00000000e-02,4.46875000e-01
5.88400000e-07,2.33750000e+00,2.47187500e+00,-4.62500000e-02,4.74218750e-01
5.88720000e-07,2.56250000e+00,2.62187500e+00,-6.25000000e-03,3.95312500e-01
5.89040000e-07,2.42500000e+00,2.55937500e+00,-4.37500000e-02,4.22656250e-01
5.89360000e-07,2.42500000e+00,2.60937500e+00,-4.12500000e-02,4.91406250e-01
5.89680000e-07,2.46250000e+00,2.67187500e+00,-2.62500000e-02,4.98437500e-01
5.90000000e-07,2.40000000e+00,2.55937500e+00,-2.12500000e-02,4.93750000e-01
5.90320000e-07,2.37500000e+00,2.45937500e+00,-1.87500000e-03,4.72656250e-01
5.90640000e-07,2.51250000e+00,2.59687500e+00,-6.87500000e-03,4.47656250e-01
5.90960000e-07,2.40000000e+00,2.48437500e+00,-2.00000000e-02,5.32031250e-01
5.91280000e-07,2.43750000e+00,2.64687500e+00,-4.87500000e-02,5.23437500e-01
5.91600000e-07,2.50000000e+00,2.60937500e+00,-1.12500000e-02,5.25781250e-01
5.91920000e-07,2.43750000e+00,2.63437500e+00,3.12500000e-03,4.87500000e-01
5.92240000e-07,2.41250000e+00,2.25937500e+00,-1.75000000e-02,5.27343750e-01
5.92560000e-07,2.35000000e+00,2.45937500e+00,-3.06250000e-02,5.72656250e-01
5.92880000e-07,2.53750000e+00,2.44687500e+00,-1.12500000e-02,5.53125000e-01
5.93200000e-07,2.42500000e+00,2.47187500e+00,-1.25000000e-03,5.26562500e-01
5.93520000e-07,2.36250000e+00,2.49687500e+00,1.56250000e-02,5.01562500e-01
5.93840000e-07,2.52500000e+00,2.58437500e+00,-2.81250000e-02,5.79687500e-01
5.94160000e-07,2.55000000e+00,2.50937500e+00,-6.87500000e-03,5.51562500e-01
5.94480000e-07,2.40000000e+00,2.60937500e+00,-3.12500000e-02,5.40625000e-01
5.94800000e-07,2.50000000e+00,2.53437500e+00,-3.12500000e-02,5.51562500e-01
5.95120000e-07,2.50000000e+00,2.63437500e+00,-4.37500000e-03,5.21875000e-01
5.95440000e-07,2.45000000e+00,2.45937500e+00,-2.00000000e-02,5.04687500e-01
5.95760000e-07,2.48750000e+00,2.54687500e+00,-1.93750000e-02,4.97656250e-01
5.96080000e-07,2.45000000e+00,2.50937500e+00,-1.18750000e-02,5.26562500e-01
5.96400000e-07,2.31250000e+00,2.75937500e+00,8.12500000e-03,6.04687500e-01
5.96720000e-07,2.41562500e+00,2.63437500e+00,5.62500000e-03,5.67187500e-01
5.97040000e-07,2.47500000e+00,2.55937500e+00,-2.81250000e-02,4.88281250e-01
5.97360000e-07,2.57500000e+00,2.47187500e+00,-2.00000000e-02,5.40625000e-01
5.97680000e-07,2.47500000e+00,2.55937500e+00,-3.12500000e-02,5.65625000e-01
5.98000000e-07,2.40000000e+00,2.48437500e+00,-3.75000000e-03,5.17968750e-01
5.98320000e-07,2.38750000e+00,2.70937500e+00,-6.87500000e-03,5.13281250e-01
5.98640000e-07,2.26250000e+00,2.53437500e+00,-1.43750000e-02,5.13281250e-01
5.98960000e-07,2.50312500e+00,2.62187500e+00,-1.93750000e-02,4.51562500e-01
5.99280000e-07,2.46250000e+00,2.49687500e+00,-9.37500000e-03,4.99218750e-01
5.99600000e-07,2.45000000e+00,2.62187500e+00,3.12500000e-03,5.45312500e-01
5.99920000e-07,2.51250000e+00,2.54687500e+00,-9.37500000e-03,5.86718750e-01
6.00240000e-07,2.56250000e+00,2.62187500e+00,-3.62500000e-02,5.24218750e-01
6.00560000e-07,2.58750000e+00,2.53437500e+00,-4.06250000e-02,4.60156250e-01
6.00880000e-07,2.55000000e+00,2.45937500e+00,5.62500000e-03,5.19531250e-01
6.01200000e-07,2.56250000e+00,2.53437500e+00,-1.62500000e-02,5.32812500e-01
6.01520000e-07,2.40000000e+00,2.63437500e+00,-2.25000000e-02,5.22656250e-01
6.01840000e-07,2.50000000e+00,2.53437500e+00,-9.37500000e-03,5.39062500e-01
6.02160000e-07,2.51250000e+00,2.55937500e+00,-1.50000000e-02,5.55468750e-01
6.02480000e-07,2.38750000e+00,2.48437500e+00,-3.81250000e-02,5.35156250e-01
6.02800000e-07,2.48750000e+00,2.60937500e+00,-8.75000000e-03,5.71875000e-01
6.03120000e-07,2.52500000e+00,2.47187500e+00,-3.31250000e-02,5.10156250e-01
6.03440000e-07,2.43750000e+00,2.67187500e+00,-4.56250000e-02,4.12500000e-01
6.03760000e-07,2.46250000e+00,2.54687500e+00,6.25000000e-04,4.93750000e-01
6.04080000e-07,2.40000000e+00,2.54687500e+00,-1.12500000e-02,5.17187500e-01
6.04400000e-07,2.46250000e+00,2.64687500e+00,5.00000000e-03,4.32812500e-01
6.04720000e-07,2.45000000e+00,2.65937500e+00,-6.37500000e-02,5.44531250e-01
6.05040000e-07,2.51250000e+00,2.58437500e+00,-4.00000000e-02,5.96875000e-01
6.05360000e-07,2.51250000e+00,2.53437500e+00,1.25000000e-03,5.19531250e-01
6.05680000e-07,2.41250000e+00,2.42187500e+00,6.25000000e-03,5.51562500e-01
6.06000000e-07,2.46250000e+00,2.62187500e+00,-3.06250000e-02,6.10937500e-01
6.06320000e-07,2.55000000e+00,2.50937500e+00,-2.00000000e-02,6.05468750e-01
6.06640000e-07,2.45000000e+00,2.59687500e+00,-4.62500000e-02,6.22656250e-01
6.06960000e-07,2.48750000e+00,2.60937500e+00,-1.12500000e-02,6.13281250e-01
6.07280000e-07,2.37500000e+00,2.54687500e+00,-2.62500000e-02,5.51562500e-01
6.07600000e-07,2.27500000e+00,2.49687500e+00,-3.56250000e-02,5.91406250e-01
6.07920000e-07,2.39062500e+00,2.49687500e+00,-1.18750000e-02,5.36718750e-01
6.08240000e-07,2.51875000e+00,2.48437500e+00,-6.25000000e-03,4.26562500e-01
6.08560000e-07,2.42500000e+00,2.45937500e+00,-4.37500000e-03,4.59375000e-01
6.08880000e-07,2.41250000e+00,2.63437500e+00,-2.62500000e-02,5.28906250e-01
6.09200000e-07,2.48750000e+00,2.59687500e+00,-1.43750000e-02,5.31250000e-01
6.09520000e-07,2.57500000e+00,2.58437500e+00,-5.00000000e-03,5.29687500e-01
6.09840000e-07,2.45000000e+00,2.62187500e+00,-4.62500000e-02,5.53125000e-01
6.10160000e-07,2.51250000e+00,2.53437500e+00,-5.12500000e-02,5.03125000e-01
6.10480000e-07,2.40000000e+00,2.55937500e+00,-2.56250000e-02,4.71875000e-01
6.10800000e-07,2.36250000e+00,2.54687500e+00,-1.87500000e-02,5.19531250e-01
6.11120000e-07,2.40000000e+00,2.58437500e+00,-3.75000000e-03,5.26562500e-01
6.11440000e-07,2.45000000e+00,2.53437500e+00,1.06250000e-02,5.16406250e-01
6.11760000e-07,2.50000000e+00,2.65937500e+00,-2.87500000e-02,5.61718750e-01
6.12080000e-07,2.51250000e+00,2.55937500e+00,-1.93750000e-02,5.73437500e-01
6.12400000e-07,2.38750000e+00,2.54687500e+00,-1.50000000e-02,4.81250000e-01
6.12720000e-07,2.45000000e+00,2.42187500e+00,-2.81250000e-02,4.46875000e-01
6.13040000e-07,2.61250000e+00,2.57187500e+00,-2.00000000e-02,5.08593750e-01
6.13360000e-07,2.42500000e+00,2.59687500e+00,-4.12500000e-02,5.39062500e-01
6.13680000e-07,2.31250000e+00,2.50937500e+00,-2.50000000e-02,4.48437500e-01
6.14000000e-07,2.49062500e+00,2.45937500e+00,-6.25000000e-03,4.31250000e-01
6.14320000e-07,2.45000000e+00,2.62187500e+00,-3.50000000e-02,4.73437500e-01
6.14640000e-07,2.46250000e+00,2.57187500e+00,-1.25000000e-02,4.92187500e-01
6.14960000e-07,2.38750000e+00,2.64687500e+00,-3.12500000e-02,4.71093750e-01
6.15280000e-07,2.52500000e+00,2.57187500e+00,-1.37500000e-02,4.42968750e-01
6.15600000e-07,2.50000000e+00,2.48437500e+00,3.12500000e-03,4.84375000e-01
6.15920000e-07,2.45000000e+00,2.60937500e+00,6.25000000e-04,4.89843750e-01
6.16240000e-07,2.51250000e+00,2.64687500e+00,-5.00000000e-03,4.80468750e-01
6.16560000e-07,2.42500000e+00,2.55937500e+00,-2.81250000e-02,4.66406250e-01
6.16880000e-07,2.47500000e+00,2.57187500e+00,-8.75000000e-03,5.09375000e-01
6.17200000e-07,2.45000000e+00,2.58437500e+00,1.25000000e-03,4.54687500e-01
6.17520000e-07,2.48750000e+00,2.53437500e+00,1.06250000e-02,4.44531250e-01
6.17840000e-07,2.52500000e+00,2.53437500e+00,-6.87500000e-03,5.36718750e-01
6.18160000e-07,2.48750000e+00,2.43437500e+00,-5.00000000e-03,5.28906250e-01
6.18480000e-07,2.45000000e+00,2.44687500e+00,-4.87500000e-02,5.54687500e-01
6.18800000e-07,2.45000000e+00,2.60937500e+00,6.25000000e-03,5.32812500e-01
6.19120000e-07,2.37500000e+00,2.50937500e+00,-6.87500000e-03,3.95312500e-01
6.19440000e-07,2.42500000e+00,2.63437500e+00,-1.68750000e-02,4.32031250e-01
6.19760000e-07,2.45000000e+00,2.48437500e+00,-1.50000000e-02,5.35156250e-01
6.20080000e-07,2.42500000e+00,2.60937500e+00,-3.81250000e-02,4.78125000e-01
6.20400000e-07,2.61250000e+00,2.53437500e+00,-1.25000000e-03,4.89062500e-01
6.20720000e-07,2.52500000e+00,2.62187500e+00,-3.31250000e-02,5.04687500e-01
6.21040000e-07,2.31250000e+00,2.48437500e+00,-5.06250000e-02,4.86718750e-01
6.21360000e-07,2.41250000e+00,2.69687500e+00,1.06250000e-02,5.18750000e-01
6.21680000e-07,2.46250000e+00,2.47187500e+00,-1.12500000e-02,5.28125000e-01
6.22000000e-07,2.41250000e+00,2.54687500e+00,-2.87500000e-02,5.04687500e-01
6.22320000e-07,2.51250000e+00,2.49687500e+00,-1.93750000e-02,5.35937500e-01
6.22640000e-07,2.47500000e+00,2.62187500e+00,0.00000000e+00,5.14062500e-01
6.22960000e-07,2.48750000e+00,2.47187500e+00,-2.56250000e-02,4.65625000e-01
6.23280000e-07,2.47500000e+00,2.42187500e+00,3.12500000e-03,5.07812500e-01
6.23600000e-07,2.43750000e+00,2.49687500e+00,-1.93750000e-02,5.60156250e-01
6.23920000e-07,2.47500000e+00,2.52187500e+00,3.12500000e-03,4.92968750e-01
6.24240000e-07,2.40000000e+00,2.43437500e+00,-2.50000000e-03,4.87500000e-01
6.24560000e-07,2.41250000e+00,2.47187500e+00,-4.37500000e-02,6.17968750e-01
6.24880000e-07,2.47500000e+00,2.45937500e+00,-1.25000000e-03,5.38281250e-01
6.25200000e-07,2.47500000e+00,2.64687500e+00,-2.25000000e-02,4.27343750e-01
6.25520000e-07,2.41250000e+00,2.64687500e+00,-2.56250000e-02,4.23437500e-01
6.25840000e-07,2.37500000e+00,2.52187500e+00,1.12500000e-02,5.51562500e-01
6.26160000e-07,2.55000000e+00,2.43437500e+00,-1.93750000e-02,5.96093750e-01
6.26480000e-07,2.58750000e+00,2.53437500e+00,-3.62500000e-02,5.34375000e-01
6.26800000e-07,2.36250000e+00,2.50937500e+00,-3.00000000e-02,4.80468750e-01
6.27120000e-07,2.51250000e+00,2.69687500e+00,-8.75000000e-03,4.31250000e-01
6.27440000e-07,2.51250000e+00,2.57187500e+00,1.37500000e-02,4.43750000e-01
6.27760000e-07,2.31250000e+00,2.57187500e+00,-2.62500000e-02,4.54687500e-01
6.28080000e-07,2.37500000e+00,2.40937500e+00,-2.87500000e-02,4.92187500e-01
6.28400000e-07,2.48125000e+00,2.52187500e+00,-2.87500000e-02,5.50000000e-01
6.28720000e-07,2.47500000e+00,2.48437500e+00,-2.81250000e-02,4.94531250e-01
6.29040000e-07,2.52500000e+00,2.50937500e+00,-1.87500000e-02,4.94531250e-01
6.29360000e-07,2.46250000e+00,2.52187500e+00,-2.62500000e-02,5.07812500e-01
6.29680000e-07,2.55000000e+00,2.58437500e+00,-1.43750000e-02,5.23437500e-01
6.30000000e-07,2.58750000e+00,2.44687500e+00,-7.50000000e-03,5.76562500e-01
6.30320000e-07,2.52500000e+00,2.49687500e+00,6.25000000e-04,6.03906250e-01
6.30640000e-07,2.48750000e+00,2.54687500e+00,-4.37500000e-02,5.86718750e-01
6.30960000e-07,2.57500000e+00,2.65937500e+00,-2.18750000e-02,5.83593750e-01
6.31280000e-07,2.52500000e+00,2.49687500e+00,-2.00000000e-02,5.52343750e-01
6.31600000e-07,2.46250000e+00,2.45937500e+00,-4.37500000e-03,5.81250000e-01
6.31920000e-07,2.41250000e+00,2.59687500e+00,-4.37500000e-03,4.68750000e-01
6.32240000e-07,2.42500000e+00,2.63437500e+00,0.00000000e+00,4.31250000e-01
6.32560000e-07,2.48750000e+00,2.45937500e+00,-5.12500000e-02,5.04687500e-01
6.32880000e-07,2.55000000e+00,2.50937500e+00,-3.06250000e-02,4.56250000e-01
6.33200000e-07,2.40000000e+00,2.60937500e+00,-4.31250000e-02,4.98437500e-01
6.33520000e-07,2.37500000e+00,2.68437500e+00,-3.00000000e-02,5.78125000e-01
6.33840000e-07,2.56250000e+00,2.55937500e+00,-1.62500000e-02,5.86718750e-01
6.34160000e-07,2.50000000e+00,2.40937500e+00,-1.87500000e-02,4.85156250e-01
6.34480000e-07,2.40000000e+00,2.37187500e+00,6.25000000e-04,4.43750000e-01
6.34800000e-07,2.36250000e+00,2.52187500e+00,8.12500000e-03,4.18750000e-01
6.35120000e-07,2.40000000e+00,2.50937500e+00,-4.37500000e-03,4.15625000e-01
6.35440000e-07,2.36250000e+00,2.59687500e+00,-3.31250000e-02,4.91406250e-01
6.35760000e-07,2.31250000e+00,2.50937500e+00,-1.43750000e-02,5.05468750e-01
6.36080000e-07,2.46250000e+00,2.47187500e+00,-1.50000000e-02,5.11718750e-01
6.36400000e-07,2.56250000e+00,2.44687500e+00,-3.62500000e-02,4.92968750e-01
6.36720000e-07,2.45000000e+00,2.53437500e+00,-1.87500000e-02,4.70312500e-01
6.37040000e-07,2.45000000e+00,2.64687500e+00,-2.62500000e-02,4.26562500e-01
6.37360000e-07,2.47500000e+00,2.57187500e+00,-3.06250000e-02,5.28125000e-01
6.37680000e-07,2.48750000e+00,2.54687500e+00,-1.43750000e-02,5.48437500e-01
6.38000000e-07,2.40000000e+00,2.60937500e+00,-3.56250000e-02,5.07812500e-01
6.38320000e-07,2.37500000e+00,2.54687500e+00,-5.37500000e-02,5.35937500e-01
6.38640000e-07,2.48750000e+00,2.45937500e+00,-3.06250000e-02,5.45312500e-01
6.38960000e-07,2.51250000e+00,2.42187500e+00,-3.75000000e-03,4.84375000e-01
6.39280000e-07,2.41250000e+00,2.58437500e+00,8.75000000e-03,5.19531250e-01
6.39600000e-07,2.37500000e+00,2.47187500e+00,-1.68750000e-02,5.69531250e-01
6.39920000e-07,2.52500000e+00,2.50937500e+00,3.12500000e-03,5.65625000e-01
6.40240000e-07,2.42500000e+00,2.54687500e+00,-9.37500000e-03,6.12500000e-01
6.40560000e-07,2.32500000e+00,2.68437500e+00,-6.87500000e-03,5.91406250e-01
6.40880000e-07,2.42500000e+00,2.49687500e+00,-2.87500000e-02,5.32812500e-01
6.41200000e-07,2.35000000e+00,2.52187500e+00,-1.68750000e-02,5.16406250e-01
6.41520000e-07,2.51250000e+00,2.42187500e+00,-2.50000000e-03,4.69531250e-01
6.41840000e-07,2.35000000e+00,2.59687500e+00,-1.00000000e-02,4.11718750e-01
6.42160000e-07,2.45000000e+00,2.55937500e+00,-3.56250000e-02,4.51562500e-01
6.42480000e-07,2.45000000e+00,2.53437500e+00,-1.25000000e-03,4.76562500e-01
6.42800000e-07,2.33750000e+00,2.53437500e+00,-2.12500000e-02,4.88281250e-01
6.43120000e-07,2.52500000e+00,2.59687500e+00,-2.62500000e-02,5.28906250e-01
6.43440000e-07,2.38750000e+00,2.53437500e+00,-2.56250000e-02,5.50781250e-01
6.43760000e-07,2.33750000e+00,2.59687500e+00,-3.62500000e-02,5.65625000e-01
6.44080000e-07,2.50000000e+00,2.43437500e+00,-1.87500000e-02,5.38281250e-01
6.44400000e-07,2.42500000e+00,2.52187500e+00,-1.06250000e-02,4.03906250e-01
6.44720000e-07,2.38750000e+00,2.47187500e+00,-4.31250000e-02,4.46875000e-01
6.45040000e-07,2.40000000e+00,2.67187500e+00,6.25000000e-03,5.09375000e-01
6.45360000e-07,2.36250000e+00,2.62187500e+00,-3.75000000e-03,4.89843750e-01
6.45680000e-07,2.28750000e+00,2.48437500e+00,-3.12500000e-02,5.22656250e-01
6.46000000e-07,2.50312500e+00,2.49687500e+00,-1.68750000e-02,5.29687500e-01
6.46320000e-07,2.41250000e+00,2.49687500e+00,7.50000000e-03,5.01562500e-01
6.46640000e-07,2.42500000e+00,2.42187500e+00,-3.37500000e-02,4.44531250e-01
6.46960000e-07,2.32500000e+00,2.57187500e+00,-3.06250000e-02,5.11718750e-01
6.47280000e-07,2.48750000e+00,2.50937500e+00,-1.93750000e-02,5.22656250e-01
6.47600000e-07,2.45000000e+00,2.54687500e+00,-1.87500000e-02,4.71875000e-01
6.47920000e-07,2.37500000e+00,2.63437500e+00,-2.87500000e-02,5.51562500e-01
6.48240000e-07,2.36250000e+00,2.62187500e+00,-1.43750000e-02,5.92968750e-01
6.48560000e-07,2.53750000e+00,2.40937500e+00,-2.06250000e-02,5.25000000e-01
6.48880000e-07,2.41250000e+00,2.62187500e+00,-2.87500000e-02,6.09375000e-01
6.49200000e-07,2.42500000e+00,2.50937500e+00,-1.37500000e-02,5.39062500e-01
6.49520000e-07,2.43750000e+00,2.62187500e+00,-9.37500000e-03,4.27343750e-01
6.49840000e-07,2.32500000e+00,2.49687500e+00,-1.68750000e-02,4.84375000e-01
6.50160000e-07,2.32500000e+00,2.58437500e+00,3.12500000e-03,4.89062500e-01
6.50480000e-07,2.36250000e+00,2.50937500e+00,0.00000000e+00,5.36718750e-01
6.50800000e-07,2.37500000e+00,2.57187500e+00,-4.06250000e-02,4.71093750e-01
6.51120000e-07,2.36250000e+00,2.49687500e+00,-3.00000000e-02,4.79687500e-01
6.51440000e-07,2.48750000e+00,2.59687500e+00,6.25000000e-03,5.33593750e-01
6.51760000e-07,2.42500000e+00,2.50937500e+00,-4.37500000e-02,4.42187500e-01
6.52080000e-07,2.50000000e+00,2.52187500e+00,-1.43750000e-02,4.60937500e-01
6.52400000e-07,2.46250000e+00,2.55937500e+00,-2.68750000e-02,5.50000000e-01
6.52720000e-07,2.35000000e+00,2.65937500e+00,-4.56250000e-02,6.02343750e-01
6.53040000e-07,2.48750000e+00,2.50937500e+00,3.12500000e-03,6.10937500e-01
6.53360000e-07,2.42500000e+00,2.57187500e+00,-1.62500000e-02,5.61718750e-01
6.53680000e-07,2.42500000e+00,2.58437500e+00,-9.37500000e-03,5.58593750e-01
6.54000000e-07,2.43750000e+00,2.57187500e+00,1.56250000e-02,5.25000000e-01
6.54320000e-07,2.40000000e+00,2.45937500e+00,-3.62500000e-02,5.17187500e-01
6.54640000e-07,2.41250000e+00,2.57187500e+00,-3.06250000e-02,4.81250000e-01
6.54960000e-07,2.45000000e+00,2.64687500e+00,-2.56250000e-02,4.86718750e-01
6.55280000e-07,2.30000000e+00,2.63437500e+00,-1.43750000e-02,4.71093750e-01
6.55600000e-07,2.37500000e+00,2.59687500e+00,-3.37500000e-02,4.94531250e-01
6.55920000e-07,2.42500000e+00,2.59687500e+00,-3.00000000e-02,5.11718750e-01
6.56240000e-07,2.51250000e+00,2.59687500e+00,-3.75000000e-03,5.66406250e-01
6.56560000e-07,2.45000000e+00,2.52187500e+00,-2.50000000e-02,5.82812500e-01
6.56880000e-07,2.43750000e+00,2.42187500e+00,-2.62500000e-02,4.75000000e-01
6.57200000e-07,2.27500000e+00,2.63437500e+00,-1.43750000e-02,4.73437500e-01
6.57520000e-07,2.40312500e+00,2.50937500e+00,5.00000000e-03,4.86718750e-01
6.57840000e-07,2.38125000e+00,2.54687500e+00,-1.68750000e-02,5.03906250e-01
6.58160000e-07,2.42500000e+00,2.55937500e+00,-9.37500000e-03,5.34375000e-01
6.58480000e-07,2.42500000e+00,2.50937500e+00,-1.75000000e-02,5.31250000e-01
6.58800000e-07,2.31250000e+00,2.38437500e+00,-5.12500000e-02,5.39062500e-01
6.59120000e-07,2.53750000e+00,2.65937500e+00,-1.37500000e-02,4.92968750e-01
6.59440000e-07,2.37500000e+00,2.50937500e+00,-3.62500000e-02,5.00781250e-01
6.59760000e-07,2.31250000e+00,2.52187500e+00,-2.18750000e-02,5.07031250e-01
6.60080000e-07,2.30312500e+00,2.48437500e+00,-2.68750000e-02,5.06250000e-01
6.60400000e-07,2.44687500e+00,2.55937500e+00,-5.12500000e-02,4.83593750e-01
6.60720000e-07,2.54375000e+00,2.67187500e+00,-4.37500000e-02,5.20312500e-01
6.61040000e-07,2.43750000e+00,2.65937500e+00,-3.25000000e-02,5.25781250e-01
6.61360000e-07,2.40000000e+00,2.54687500e+00,-3.75000000e-03,5.54687500e-01
6.61680000e-07,2.41250000e+00,2.60937500e+00,-2.18750000e-02,5.33593750e-01
6.62000000e-07,2.40000000e+00,2.47187500e+00,-3.87500000e-02,4.58593750e-01
6.62320000e-07,2.40000000e+00,2.44687500e+00,-4.06250000e-02,4.57031250e-01
6.62640000e-07,2.36250000e+00,2.53437500e+00,-3.56250000e-02,5.64062500e-01
6.62960000e-07,2.33750000e+00,2.57187500e+00,-4.00000000e-02,5.54687500e-01
6.63280000e-07,2.42500000e+00,2.48437500e+00,-1.25000000e-03,5.49218750e-01
6.63600000e-07,2.60000000e+00,2.53437500e+00,-2.56250000e-02,5.50781250e-01
6.63920000e-07,2.47500000e+00,2.64687500e+00,-5.37500000e-02,5.77343750e-01
6.64240000e-07,2.53750000e+00,2.64687500e+00,-2.87500000e-02,5.56250000e-01
6.64560000e-07,2.41250000e+00,2.39687500e+00,-2.50000000e-02,5.19531250e-01
6.64880000e-07,2.40000000e+00,2.53437500e+00,6.25000000e-03,5.12500000e-01
6.65200000e-07,2.31250000e+00,2.52187500e+00,-4.37500000e-03,4.93750000e-01
6.65520000e-07,2.33750000e+00,2.53437500e+00,-4.62500000e-02,5.35156250e-01
6.65840000e-07,2.42500000e+00,2.39687500e+00,-2.56250000e-02,6.35156250e-01
6.66160000e-07,2.35000000e+00,2.49687500e+00,-3.81250000e-02,5.78906250e-01
6.66480000e-07,2.35000000e+00,2.57187500e+00,-1.93750000e-02,5.82031250e-01
6.66800000e-07,2.42500000e+00,2.38437500e+00,-3.31250000e-02,5.64062500e-01
6.67120000e-07,2.35000000e+00,2.44687500e+00,-1.37500000e-02,5.44531250e-01
6.67440000e-07,2.43750000e+00,2.63437500e+00,-2.56250000e-02,5.39843750e-01
6.67760000e-07,2.46250000e+00,2.63437500e+00,-4.62500000e-02,5.53125000e-01
6.68080000e-07,2.35000000e+00,2.62187500e+00,-4.87500000e-02,5.52343750e-01
6.68400000e-07,2.40000000e+00,2.47187500e+00,-1.87500000e-02,5.60937500e-01
6.68720000e-07,2.48750000e+00,2.68437500e+00,1.06250000e-02,5.83593750e-01
6.69040000e-07,2.35000000e+00,2.60937500e+00,-1.68750000e-02,5.82812500e-01
6.69360000e-07,2.38750000e+00,2.59687500e+00,-1.18750000e-02,5.96875000e-01
6.69680000e-07,2.47500000e+00,2.64687500e+00,-2.87500000e-02,5.50000000e-01
6.70000000e-07,2.47500000e+00,2.65937500e+00,-3.87500000e-02,5.97656250e-01
6.70320000e-07,2.46250000e+00,2.53437500e+00,-5.87500000e-02,6.22656250e-01
6.70640000e-07,2.50000000e+00,2.43437500e+00,-4.81250000e-02,6.02343750e-01
6.70960000e-07,2.45000000e+00,2.38437500e+00,-2.12500000e-02,5.66406250e-01
6.71280000e-07,2.35000000e+00,2.49687500e+00,-2.25000000e-02,6.01562500e-01
6.71600000e-07,2.55000000e+00,2.62187500e+00,-3.56250000e-02,5.96093750e-01
6.71920000e-07,2.46250000e+00,2.58437500e+00,-8.75000000e-03,6.55468750e-01
6.72240000e-07,2.42500000e+00,2.47187500e+00,-1.93750000e-02,5.93750000e-01
6.72560000e-07,2.42500000e+00,2.50937500e+00,-4.62500000e-02,5.48437500e-01
6.72880000e-07,2.45000000e+00,2.48437500e+00,-1.12500000e-02,5.80468750e-01
6.73200000e-07,2.33750000e+00,2.49687500e+00,2.50000000e-03,5.52343750e-01
6.73520000e-07,2.36250000e+00,2.42187500e+00,-3.87500000e-02,4.59375000e-01
6.73840000e-07,2.45000000e+00,2.53437500e+00,-5.31250000e-02,3.42968750e-01
6.74160000e-07,2.46250000e+00,2.69687500e+00,-4.31250000e-02,4.74218750e-01
6.74480000e-07,2.52500000e+00,2.58437500e+00,-1.37500000e-02,5.55468750e-01
6.74800000e-07,2.46250000e+00,2.53437500e+00,-2.50000000e-03,5.39062500e-01
6.75120000e-07,2.38750000e+00,2.70937500e+00,-3.87500000e-02,5.03125000e-01
6.75440000e-07,2.36250000e+00,2.58437500e+00,-1.37500000e-02,4.92968750e-01
6.75760000e-07,2.51250000e+00,2.50937500e+00,-3.37500000e-02,5.49218750e-01
6.76080000e-07,2.43750000e+00,2.58437500e+00,-2.56250000e-02,5.27343750e-01
6.76400000e-07,2.47500000e+00,2.60937500e+00,-1.87500000e-03,5.48437500e-01
6.76720000e-07,2.48750000e+00,2.40937500e+00,-2.12500000e-02,5.39843750e-01
6.77040000e-07,2.43750000e+00,2.54687500e+00,8.12500000e-03,4.81250000e-01
6.77360000e-07,2.53750000e+00,2.50937500e+00,-2.25000000e-02,5.36718750e-01
6.77680000e-07,2.52500000e+00,2.44687500e+00,-3.87500000e-02,4.81250000e-01
6.78000000e-07,2.56250000e+00,2.49687500e+00,-1.87500000e-02,4.39843750e-01
6.78320000e-07,2.42500000e+00,2.48437500e+00,-2.87500000e-02,5.42968750e-01
6.78640000e-07,2.32500000e+00,2.43437500e+00,-2.56250000e-02,5.39062500e-01
6.78960000e-07,2.41250000e+00,2.59687500e+00,-2.25000000e-02,5.75000000e-01
6.79280000e-07,2.50000000e+00,2.64687500e+00,-4.31250000e-02,6.16406250e-01
6.79600000e-07,2.45000000e+00,2.62187500e+00,-1.62500000e-02,5.46875000e-01
6.79920000e-07,2.33750000e+00,2.40937500e+00,-2.62500000e-02,5.10156250e-01
6.80240000e-07,2.40000000e+00,2.50937500e+00,-2.18750000e-02,4.65625000e-01
6.80560000e-07,2.43750000e+00,2.43437500e+00,-7.50000000e-03,4.28125000e-01
6.80880000e-07,2.48750000e+00,2.57187500e+00,-1.75000000e-02,4.51562500e-01
6.81200000e-07,2.61250000e+00,2.49687500e+00,-3.06250000e-02,5.00000000e-01
6.81520000e-07,2.43750000e+00,2.52187500e+00,6.25000000e-03,4.92968750e-01
6.81840000e-07,2.47500000e+00,2.52187500e+00,-1.87500000e-02,4.51562500e-01
6.82160000e-07,2.45000000e+00,2.55937500e+00,2.06250000e-02,4.50781250e-01
6.82480000e-07,2.31250000e+00,2.39687500e+00,5.62500000e-03,4.89843750e-01
6.82800000e-07,2.51250000e+00,2.49687500e+00,-3.62500000e-02,4.98437500e-01
6.83120000e-07,2.47500000e+00,2.52187500e+00,-3.81250000e-02,5.59375000e-01
6.83440000e-07,2.35000000e+00,2.50937500e+00,-1.68750000e-02,5.26562500e-01
6.83760000e-07,2.42500000e+00,2.52187500e+00,-9.37500000e-03,5.35156250e-01
6.84080000e-07,2.42500000e+00,2.47187500e+00,-5.12500000e-02,5.76562500e-01
6.84400000e-07,2.42500000e+00,2.45937500e+00,-3.00000000e-02,4.96093750e-01
6.84720000e-07,2.46250000e+00,2.44687500e+00,-1.93750000e-02,4.61718750e-01
6.85040000e-07,2.38750000e+00,2.38437500e+00,-4.81250000e-02,5.47656250e-01
6.85360000e-07,2.53750000e+00,2.58437500e+00,1.37500000e-02,5.53125000e-01
6.85680000e-07,2.43750000e+00,2.47187500e+00,-1.25000000e-02,5.17968750e-01
6.86000000e-07,2.37500000e+00,2.45937500e+00,-2.56250000e-02,5.05468750e-01
6.86320000e-07,2.41250000e+00,2.62187500e+00,-1.43750000e-02,5.26562500e-01
6.86640000e-07,2.45000000e+00,2.63437500e+00,-2.12500000e-02,5.74218750e-01
6.86960000e-07,2.47500000e+00,2.43437500e+00,6.25000000e-04,5.35937500e-01
6.87280000e-07,2.48750000e+00,2.47187500e+00,-2.81250000e-02,4.64843750e-01
6.87600000e-07,2.33750000e+00,2.59687500e+00,-2.62500000e-02,4.54687500e-01
6.87920000e-07,2.38750000e+00,2.62187500e+00,-3.62500000e-02,4.67968750e-01
6.88240000e-07,2.43750000e+00,2.55937500e+00,-3.62500000e-02,4.52343750e-01
6.88560000e-07,2.38750000e+00,2.42187500e+00,-2.81250000e-02,4.15625000e-01
6.88880000e-07,2.41250000e+00,2.60937500e+00,-1.12500000e-02,5.29687500e-01
6.89200000e-07,2.53750000e+00,2.64687500e+00,-2.25000000e-02,5.88281250e-01
6.89520000e-07,2.56250000e+00,2.43437500e+00,-4.31250000e-02,5.71875000e-01
6.89840000e-07,2.43750000e+00,2.50937500e+00,1.37500000e-02,5.79687500e-01
6.90160000e-07,2.45000000e+00,2.50937500e+00,-4.06250000e-02,4.45312500e-01
6.90480000e-07,2.38750000e+00,2.43437500e+00,-1.25000000e-02,4.46093750e-01
6.90800000e-07,2.31250000e+00,2.43437500e+00,-2.62500000e-02,4.78906250e-01
6.91120000e-07,2.46250000e+00,2.79687500e+00,-1.37500000e-02,5.06250000e-01
6.91440000e-07,2.47500000e+00,2.63437500e+00,-8.75000000e-03,5.36718750e-01
6.91760000e-07,2.32500000e+00,2.42187500e+00,-1.68750000e-02,5.96093750e-01
6.92080000e-07,2.43750000e+00,2.57187500e+00,-4.12500000e-02,6.10937500e-01
6.92400000e-07,2.38750000e+00,2.54687500e+00,-1.87500000e-03,5.78125000e-01
6.92720000e-07,2.35000000e+00,2.44687500e+00,-7.50000000e-03,5.27343750e-01
6.93040000e-07,2.47500000e+00,2.55937500e+00,2.50000000e-03,4.82031250e-01
6.93360000e-07,2.56250000e+00,2.45937500e+00,-4.12500000e-02,5.10937500e-01
6.93680000e-07,2.38750000e+00,2.48437500e+00,-2.56250000e-02,5.07031250e-01
6.94000000e-07,2.32500000e+00,2.40937500e+00,-4.31250000e-02,4.72656250e-01
6.94320000e-07,2.51250000e+00,2.55937500e+00,-2.50000000e-02,4.60156250e-01
6.94640000e-07,2.48750000e+00,2.42187500e+00,-2.12500000e-02,5.09375000e-01
6.94960000e-07,2.41250000e+00,2.43437500e+00,-1.68750000e-02,5.17968750e-01
6.95280000e-07,2.40000000e+00,2.48437500e+00,-3.87500000e-02,4.60156250e-01
6.95600000e-07,2.37500000e+00,2.62187500e+00,-8.75000000e-03,4.53906250e-01
6.95920000e-07,2.40000000e+00,2.59687500e+00,-1.68750000e-02,5.14843750e-01
6.96240000e-07,2.43750000e+00,2.62187500e+00,-1.68750000e-02,5.83593750e-01
6.96560000e-07,2.38750000e+00,2.54687500e+00,-1.18750000e-02,6.07031250e-01
6.96880000e-07,2.52500000e+00,2.47187500e+00,5.62500000e-03,5.53125000e-01
6.97200000e-07,2.60000000e+00,2.60937500e+00,-2.56250000e-02,4.98437500e-01
6.97520000e-07,2.42500000e+00,2.52187500e+00,-1.43750000e-02,4.87500000e-01
6.97840000e-07,2.57500000e+00,2.57187500e+00,-9.37500000e-03,5.32031250e-01
6.98160000e-07,2.40000000e+00,2.63437500e+00,-1.43750000e-02,5.32812500e-01
6.98480000e-07,2.46250000e+00,2.57187500e+00,-1.68750000e-02,5.31250000e-01
6.98800000e-07,2.51250000e+00,2.69687500e+00,-9.37500000e-03,4.76562500e-01
6.99120000e-07,2.42500000e+00,2.47187500e+00,-1.87500000e-03,4.47656250e-01
6.99440000e-07,2.35000000e+00,2.49687500e+00,-2.81250000e-02,4.76562500e-01
6.99760000e-07,2.50000000e+00,2.54687500e+00,-2.56250000e-02,5.20312500e-01
7.00080000e-07,2.45000000e+00,2.53437500e+00,-3.37500000e-02,5.07812500e-01
7.00400000e-07,2.41250000e+00,2.43437500e+00,-2.56250000e-02,4.75000000e-01
7.00720000e-07,2.42500000e+00,2.58437500e+00,-2.00000000e-02,4.03125000e-01
7.01040000e-07,2.32500000e+00,2.49687500e+00,-2.12500000e-02,5.42187500e-01
7.01360000e-07,2.30000000e+00,2.67187500e+00,-2.18750000e-02,5.67187500e-01
7.01680000e-07,2.54062500e+00,2.58437500e+00,-3.87500000e-02,4.20312500e-01
7.02000000e-07,2.47500000e+00,2.54687500e+00,-2.18750000e-02,4.29687500e-01
7.02320000e-07,2.50000000e+00,2.55937500e+00,-1.00000000e-02,5.00000000e-01
7.02640000e-07,2.36250000e+00,2.59687500e+00,-1.18750000e-02,5.63281250e-01
7.02960000e-07,2.40000000e+00,2.37187500e+00,-2.00000000e-02,6.06250000e-01
7.03280000e-07,2.50000000e+00,2.48437500e+00,-2.87500000e-02,5.27343750e-01
7.03600000e-07,2.46250000e+00,2.57187500e+00,-3.31250000e-02,5.00781250e-01
7.03920000e-07,2.38750000e+00,2.67187500e+00,-3.25000000e-02,4.62500000e-01
7.04240000e-07,2.41250000e+00,2.54687500e+00,-1.25000000e-03,4.94531250e-01
7.04560000e-07,2.33750000e+00,2.59687500e+00,-2.81250000e-02,4.87500000e-01
7.04880000e-07,2.48750000e+00,2.63437500e+00,-1.93750000e-02,4.96875000e-01
7.05200000e-07,2.47500000e+00,2.58437500e+00,-1.06250000e-02,5.64843750e-01
7.05520000e-07,2.28750000e+00,2.58437500e+00,-3.81250000e-02,5.05468750e-01
7.05840000e-07,2.46250000e+00,2.53437500e+00,-1.25000000e-03,5.50000000e-01
7.06160000e-07,2.30000000e+00,2.42187500e+00,-8.75000000e-03,4.82031250e-01
7.06480000e-07,2.36250000e+00,2.47187500e+00,-6.87500000e-03,4.75781250e-01
7.06800000e-07,2.39375000e+00,2.49687500e+00,-2.62500000e-02,5.14843750e-01
7.07120000e-07,2.47500000e+00,2.65937500e+00,-1.93750000e-02,4.99218750e-01
7.07440000e-07,2.57500000e+00,2.43437500e+00,-3.93750000e-02,4.55468750e-01
7.07760000e-07,2.40000000e+00,2.47187500e+00,-3.87500000e-02,5.82812500e-01
7.08080000e-07,2.38750000e+00,2.52187500e+00,-3.81250000e-02,5.04687500e-01
7.08400000e-07,2.40000000e+00,2.65937500e+00,1.25000000e-03,3.44531250e-01
7.08720000e-07,2.41250000e+00,2.65937500e+00,-8.75000000e-03,4.13281250e-01
7.09040000e-07,2.40000000e+00,2.59687500e+00,3.12500000e-03,3.96875000e-01
7.09360000e-07,2.32500000e+00,2.45937500e+00,-2.81250000e-02,4.64843750e-01
7.09680000e-07,2.36250000e+00,2.64687500e+00,-1.43750000e-02,4.82031250e-01
7.10000000e-07,2.48750000e+00,2.65937500e+00,-4.12500000e-02,4.71875000e-01
7.10320000e-07,2.38750000e+00,2.57187500e+00,-3.12500000e-02,5.53906250e-01
7.10640000e-07,2.37500000e+00,2.52187500e+00,-1.43750000e-02,5.33593750e-01
7.10960000e-07,2.40000000e+00,2.52187500e+00,-1.25000000e-02,3.89843750e-01
7.11280000e-07,2.35000000e+00,2.49687500e+00,-2.56250000e-02,3.24218750e-01
7.11600000e-07,2.47500000e+00,2.57187500e+00,-2.56250000e-02,4.10156250e-01
7.11920000e-07,2.55000000e+00,2.38437500e+00,-3.31250000e-02,4.46875000e-01
7.12240000e-07,2.27500000e+00,2.42187500e+00,-9.37500000e-03,4.89843750e-01
7.12560000e-07,2.45000000e+00,2.68437500e+00,-1.93750000e-02,4.50000000e-01
7.12880000e-07,2.53750000e+00,2.63437500e+00,-1.00000000e-02,4.75000000e-01
7.13200000e-07,2.51250000e+00,2.42187500e+00,-2.18750000e-02,5.37500000e-01
7.13520000e-07,2.41250000e+00,2.62187500e+00,-2.56250000e-02,4.32031250e-01
7.13840000e-07,2.40000000e+00,2.42187500e+00,3.12500000e-03,3.78125000e-01
7.14160000e-07,2.26250000e+00,2.62187500e+00,-4.37500000e-03,4.27343750e-01
7.14480000e-07,2.31250000e+00,2.58437500e+00,6.25000000e-04,4.53906250e-01
7.14800000e-07,2.53437500e+00,2.75937500e+00,-4.12500000e-02,4.10937500e-01
7.15120000e-07,2.42500000e+00,2.69687500e+00,-3.31250000e-02,4.40625000e-01
7.15440000e-07,2.32500000e+00,2.53437500e+00,2.50000000e-03,4.21875000e-01
7.15760000e-07,2.37500000e+00,2.47187500e+00,-5.06250000e-02,3.71093750e-01
7.16080000e-07,2.53750000e+00,2.53437500e+00,-2.75000000e-02,4.00781250e-01
7.16400000e-07,2.46250000e+00,2.44687500e+00,-1.37500000e-02,4.29687500e-01
7.16720000e-07,2.43750000e+00,2.62187500e+00,8.75000000e-03,3.96875000e-01
7.17040000e-07,2.48750000e+00,2.44687500e+00,-2.00000000e-02,4.44531250e-01
7.17360000e-07,2.41250000e+00,2.57187500e+00,-3.31250000e-02,5.06250000e-01
7.17680000e-07,2.40000000e+00,2.62187500e+00,-1.37500000e-02,4.31250000e-01
7.18000000e-07,2.43750000e+00,2.53437500e+00,-2.18750000e-02,3.69531250e-01
7.18320000e-07,2.31250000e+00,2.47187500e+00,-2.18750000e-02,3.91406250e-01
7.18640000e-07,2.37500000e+00,2.63437500e+00,6.25000000e-04,3.85937500e-01
7.18960000e-07,2.36875000e+00,2.49687500e+00,-4.87500000e-02,4.06250000e-01
7.19280000e-07,2.38750000e+00,2.54687500e+00,-1.93750000e-02,4.92187500e-01
7.19600000e-07,2.46250000e+00,2.44687500e+00,-2.68750000e-02,5.28125000e-01
7.19920000e-07,2.56250000e+00,2.50937500e+00,-3.56250000e-02,5.72656250e-01
7.20240000e-07,2.41250000e+00,2.59687500e+00,-2.00000000e-02,5.17187500e-01
7.20560000e-07,2.35000000e+00,2.44687500e+00,-3.81250000e-02,4.25000000e-01
7.20880000e-07,2.32500000e+00,2.50937500e+00,-2.75000000e-02,3.46093750e-01
7.21200000e-07,2.35000000e+00,2.48437500e+00,-3.31250000e-02,4.10156250e-01
7.21520000e-07,2.48750000e+00,2.50937500e+00,-3.50000000e-02,5.03906250e-01
7.21840000e-07,2.38750000e+00,2.58437500e+00,1.31250000e-02,4.80468750e-01
7.22160000e-07,2.42500000e+00,2.48437500e+00,-8.75000000e-03,4.33593750e-01
7.22480000e-07,2.45000000e+00,2.49687500e+00,-6.87500000e-03,5.21093750e-01
7.22800000e-07,2.40000000e+00,2.48437500e+00,-2.18750000e-02,5.13281250e-01
7.23120000e-07,2.45000000e+00,2.59687500e+00,-1.75000000e-02,4.51562500e-01
7.23440000e-07,2.41250000e+00,2.58437500e+00,-3.06250000e-02,4.43750000e-01
7.23760000e-07,2.41250000e+00,2.54687500e+00,-4.37500000e-03,4.66406250e-01
7.24080000e-07,2.41250000e+00,2.49687500e+00,-2.75000000e-02,4.83593750e-01
7.24400000e-07,2.31250000e+00,2.52187500e+00,-2.56250000e-02,5.06250000e-01
7.24720000e-07,2.43750000e+00,2.42187500e+00,-4.31250000e-02,5.54687500e-01
7.25040000e-07,2.42500000e+00,2.52187500e+00,-9.37500000e-03,4.89062500e-01
7.25360000e-07,2.43750000e+00,2.60937500e+00,-1.50000000e-02,4.17968750e-01
7.25680000e-07,2.46250000e+00,2.57187500e+00,-1.68750000e-02,5.07812500e-01
7.26000000e-07,2.37500000e+00,2.53437500e+00,-3.37500000e-02,5.66406250e-01
7.26320000e-07,2.40000000e+00,2.50937500e+00,-2.18750000e-02,5.09375000e-01
7.26640000e-07,2.45000000e+00,2.53437500e+00,-1.06250000e-02,4.14062500e-01
7.26960000e-07,2.40000000e+00,2.65937500e+00,-2.56250000e-02,4.82031250e-01
7.27280000e-07,2.41250000e+00,2.70937500e+00,-2.18750000e-02,4.78125000e-01
7.27600000e-07,2.46250000e+00,2.53437500e+00,-2.75000000e-02,4.87500000e-01
7.27920000e-07,2.50000000e+00,2.53437500e+00,-2.81250000e-02,4.59375000e-01
7.28240000e-07,2.42500000e+00,2.58437500e+00,-2.75000000e-02,4.24218750e-01
7.28560000e-07,2.31250000e+00,2.35937500e+00,-1.68750000e-02,5.36718750e-01
7.28880000e-07,2.45312500e+00,2.54687500e+00,6.25000000e-03,5.68750000e-01
7.29200000e-07,2.51250000e+00,2.53437500e+00,3.12500000e-03,4.63281250e-01
7.29520000e-07,2.46250000e+00,2.64687500e+00,-1.43750000e-02,4.17968750e-01
7.29840000e-07,2.43750000e+00,2.70937500e+00,-1.93750000e-02,4.35156250e-01
7.30160000e-07,2.43750000e+00,2.58437500e+00,5.62500000e-03,4.71093750e-01
7.30480000e-07,2.33750000e+00,2.58437500e+00,-5.37500000e-02,5.32812500e-01
7.30800000e-07,2.47500000e+00,2.62187500e+00,-2.18750000e-02,5.74218750e-01
7.31120000e-07,2.46250000e+00,2.42187500e+00,-1.25000000e-02,5.42187500e-01
7.31440000e-07,2.45000000e+00,2.60937500e+00,-9.37500000e-03,5.55468750e-01
7.31760000e-07,2.33750000e+00,2.52187500e+00,8.12500000e-03,5.37500000e-01
7.32080000e-07,2.42500000e+00,2.57187500e+00,-2.25000000e-02,5.19531250e-01
7.32400000e-07,2.38750000e+00,2.64687500e+00,-3.62500000e-02,5.34375000e-01
7.32720000e-07,2.42500000e+00,2.60937500e+00,-4.31250000e-02,5.76562500e-01
7.33040000e-07,2.51250000e+00,2.53437500e+00,-3.50000000e-02,5.73437500e-01
7.33360000e-07,2.43750000e+00,2.52187500e+00,6.25000000e-03,5.78125000e-01
7.33680000e-07,2.43750000e+00,2.39687500e+00,-1.18750000e-02,5.70312500e-01
7.34000000e-07,2.46250000e+00,2.50937500e+00,-3.37500000e-02,4.53125000e-01
7.34320000e-07,2.51250000e+00,2.59687500e+00,-8.75000000e-03,4.78125000e-01
7.34640000e-07,2.61250000e+00,2.58437500e+00,-3.37500000e-02,5.51562500e-01
7.34960000e-07,2.42500000e+00,2.44687500e+00,-6.87500000e-03,6.00781250e-01
7.35280000e-07,2.23750000e+00,2.52187500e+00,7.50000000e-03,5.87500000e-01
7.35600000e-07,2.49062500e+00,2.59687500e+00,-3.12500000e-02,5.02343750e-01
7.35920000e-07,2.40625000e+00,2.49687500e+00,-1.68750000e-02,4.93750000e-01
7.36240000e-07,2.51250000e+00,2.59687500e+00,-7.50000000e-03,5.63281250e-01
7.36560000e-07,2.37500000e+00,2.54687500e+00,-2.18750000e-02,5.09375000e-01
7.36880000e-07,2.33750000e+00,2.39687500e+00,-1.68750000e-02,5.50781250e-01
7.37200000e-07,2.41250000e+00,2.43437500e+00,-1.43750000e-02,5.81250000e-01
7.37520000e-07,2.35000000e+00,2.39687500e+00,-1.93750000e-02,4.60937500e-01
7.37840000e-07,2.36250000e+00,2.65937500e+00,-2.56250000e-02,4.56250000e-01
7.38160000e-07,2.50000000e+00,2.47187500e+00,-1.18750000e-02,5.57031250e-01
7.38480000e-07,2.46250000e+00,2.53437500e+00,-5.00000000e-03,5.17187500e-01
7.38800000e-07,2.37500000e+00,2.54687500e+00,-4.37500000e-02,4.88281250e-01
7.39120000e-07,2.28750000e+00,2.58437500e+00,-3.06250000e-02,5.72656250e-01
7.39440000e-07,2.50312500e+00,2.43437500e+00,-3.75000000e-02,5.40625000e-01
7.39760000e-07,2.27500000e+00,2.42187500e+00,-1.37500000e-02,4.78125000e-01
7.40080000e-07,2.37500000e+00,2.44687500e+00,-3.75000000e-03,5.28125000e-01
7.40400000e-07,2.51875000e+00,2.63437500e+00,-1.68750000e-02,5.66406250e-01
7.40720000e-07,2.47500000e+00,2.59687500e+00,-2.56250000e-02,5.63281250e-01
7.41040000e-07,2.41250000e+00,2.54687500e+00,-1.87500000e-03,5.42187500e-01
7.41360000e-07,2.41250000e+00,2.48437500e+00,-1.43750000e-02,5.15625000e-01
7.41680000e-07,2.46250000e+00,2.48437500e+00,-2.00000000e-02,4.86718750e-01
7.42000000e-07,2.45000000e+00,2.53437500e+00,-3.37500000e-02,5.13281250e-01
7.42320000e-07,2.31250000e+00,2.60937500e+00,-1.62500000e-02,4.90625000e-01
7.42640000e-07,2.45000000e+00,2.42187500e+00,-1.50000000e-02,5.10937500e-01
7.42960000e-07,2.47500000e+00,2.54687500e+00,-5.06250000e-02,5.35156250e-01
7.43280000e-07,2.30000000e+00,2.50937500e+00,-1.25000000e-03,5.32031250e-01
7.43600000e-07,2.50312500e+00,2.67187500e+00,-1.37500000e-02,5.30468750e-01
7.43920000e-07,2.41250000e+00,2.49687500e+00,-9.37500000e-03,5.37500000e-01
7.44240000e-07,2.36250000e+00,2.59687500e+00,-2.18750000e-02,5.88281250e-01
7.44560000e-07,2.52500000e+00,2.53437500e+00,-3.12500000e-02,5.66406250e-01
7.44880000e-07,2.40000000e+00,2.52187500e+00,-5.62500000e-02,4.92187500e-01
7.45200000e-07,2.55000000e+00,2.40937500e+00,-1.18750000e-02,5.27343750e-01
7.45520000e-07,2.50000000e+00,2.50937500e+00,-1.18750000e-02,5.03125000e-01
7.45840000e-07,2.42500000e+00,2.54687500e+00,-2.81250000e-02,5.50000000e-01
7.46160000e-07,2.42500000e+00,2.49687500e+00,5.62500000e-03,5.95312500e-01
7.46480000e-07,2.40000000e+00,2.38437500e+00,-2.00000000e-02,6.16406250e-01
7.46800000e-07,2.43750000e+00,2.58437500e+00,-4.37500000e-02,5.49218750e-01
7.47120000e-07,2.41250000e+00,2.52187500e+00,-3.00000000e-02,5.20312500e-01
7.47440000e-07,2.38750000e+00,2.50937500e+00,-1.25000000e-03,5.37500000e-01
7.47760000e-07,2.46250000e+00,2.50937500e+00,3.75000000e-03,5.19531250e-01
7.48080000e-07,2.46250000e+00,2.59687500e+00,-2.62500000e-02,5.39062500e-01
7.48400000e-07,2.52500000e+00,2.43437500e+00,-3.56250000e-02,5.27343750e-01
7.48720000e-07,2.43750000e+00,2.55937500e+00,-7.50000000e-03,5.03125000e-01
7.49040000e-07,2.50000000e+00,2.44687500e+00,-2.12500000e-02,5.35156250e-01
7.49360000e-07,2.52500000e+00,2.48437500e+00,-1.50000000e-02,5.62500000e-01
7.49680000e-07,2.32500000e+00,2.52187500e+00,-2.56250000e-02,5.42187500e-01
7.50000000e-07,2.53750000e+00,2.63437500e+00,-2.18750000e-02,5.15625000e-01
7.50320000e-07,2.41250000e+00,2.52187500e+00,-4.06250000e-02,5.07812500e-01
7.50640000e-07,2.28750000e+00,2.59687500e+00,-5.06250000e-02,5.11718750e-01
7.50960000e-07,2.39062500e+00,2.55937500e+00,-1.62500000e-02,5.42968750e-01
7.51280000e-07,2.38750000e+00,2.64687500e+00,-1.50000000e-02,5.85156250e-01
7.51600000e-07,2.45000000e+00,2.42187500e+00,-4.06250000e-02,5.35937500e-01
7.51920000e-07,2.37500000e+00,2.54687500e+00,1.62500000e-02,4.54687500e-01
7.52240000e-07,2.42500000e+00,2.58437500e+00,-2.12500000e-02,4.38281250e-01
7.52560000e-07,2.45000000e+00,2.72187500e+00,-1.93750000e-02,4.34375000e-01
7.52880000e-07,2.46250000e+00,2.59687500e+00,-2.62500000e-02,4.77343750e-01
7.53200000e-07,2.42500000e+00,2.50937500e+00,-2.18750000e-02,5.25000000e-01
7.53520000e-07,2.33750000e+00,2.49687500e+00,-2.68750000e-02,4.65625000e-01
7.53840000e-07,2.53750000e+00,2.53437500e+00,-4.62500000e-02,4.78906250e-01
7.54160000e-07,2.40000000e+00,2.54687500e+00,-5.12500000e-02,5.21875000e-01
7.54480000e-07,2.41250000e+00,2.54687500e+00,-1.62500000e-02,4.19531250e-01
7.54800000e-07,2.32500000e+00,2.57187500e+00,-3.62500000e-02,4.39062500e-01
7.55120000e-07,2.36250000e+00,2.72187500e+00,-3.62500000e-02,4.72656250e-01
7.55440000e-07,2.46250000e+00,2.48437500e+00,-1.50000000e-02,4.84375000e-01
7.55760000e-07,2.52500000e+00,2.57187500e+00,-4.12500000e-02,4.61718750e-01
7.56080000e-07,2.43750000e+00,2.59687500e+00,-2.12500000e-02,4.98437500e-01
7.56400000e-07,2.48750000e+00,2.48437500e+00,6.25000000e-04,5.22656250e-01
7.56720000e-07,2.41250000e+00,2.47187500e+00,-1.43750000e-02,5.35937500e-01
7.57040000e-07,2.37500000e+00,2.62187500e+00,-2.25000000e-02,5.78906250e-01
7.57360000e-07,2.36250000e+00,2.58437500e+00,-1.68750000e-02,4.47656250e-01
7.57680000e-07,2.45000000e+00,2.67187500e+00,-4.37500000e-03,4.48437500e-01
7.58000000e-07,2.51250000e+00,2.45937500e+00,-2.25000000e-02,4.96875000e-01
7.58320000e-07,2.51250000e+00,2.64687500e+00,-2.18750000e-02,5.39843750e-01
7.58640000e-07,2.47500000e+00,2.55937500e+00,-2.62500000e-02,5.78906250e-01
7.58960000e-07,2.37500000e+00,2.53437500e+00,-1.68750000e-02,5.62500000e-01
7.59280000e-07,2.45000000e+00,2.50937500e+00,-5.00000000e-03,5.19531250e-01
7.59600000e-07,2.42500000e+00,2.62187500e+00,-1.50000000e-02,4.82812500e-01
7.59920000e-07,2.42500000e+00,2.47187500e+00,-6.12500000e-02,5.51562500e-01
7.60240000e-07,2.42500000e+00,2.70937500e+00,-1.93750000e-02,5.64062500e-01
7.60560000e-07,2.36250000e+00,2.53437500e+00,-2.56250000e-02,5.71093750e-01
7.60880000e-07,2.47500000e+00,2.59687500e+00,6.25000000e-03,5.10156250e-01
7.61200000e-07,2.52500000e+00,2.59687500e+00,-5.31250000e-02,5.72656250e-01
7.61520000e-07,2.41250000e+00,2.59687500e+00,-1.18750000e-02,4.73437500e-01
7.61840000e-07,2.38750000e+00,2.42187500e+00,1.00000000e-02,4.19531250e-01
7.62160000e-07,2.43750000e+00,2.49687500e+00,-3.37500000e-02,4.26562500e-01
7.62480000e-07,2.35000000e+00,2.58437500e+00,-3.12500000e-02,4.13281250e-01
7.62800000e-07,2.51250000e+00,2.65937500e+00,-2.56250000e-02,4.72656250e-01
7.63120000e-07,2.51250000e+00,2.57187500e+00,1.25000000e-03,5.82812500e-01
7.63440000e-07,2.41250000e+00,2.67187500e+00,-1.62500000e-02,5.49218750e-01
7.63760000e-07,2.33750000e+00,2.63437500e+00,-2.62500000e-02,5.53125000e-01
7.64080000e-07,2.42500000e+00,2.55937500e+00,-1.68750000e-02,5.39843750e-01
7.64400000e-07,2.43750000e+00,2.43437500e+00,-1.00000000e-02,5.10156250e-01
7.64720000e-07,2.46250000e+00,2.50937500e+00,-4.37500000e-03,5.03906250e-01
7.65040000e-07,2.46250000e+00,2.55937500e+00,-1.43750000e-02,4.92968750e-01
7.65360000e-07,2.46250000e+00,2.77187500e+00,-3.87500000e-02,4.57031250e-01
7.65680000e-07,2.45000000e+00,2.59687500e+00,-6.87500000e-03,5.10156250e-01
7.66000000e-07,2.31250000e+00,2.52187500e+00,-1.56250000e-02,6.03906250e-01
7.66320000e-07,2.46250000e+00,2.49687500e+00,-6.06250000e-02,5.31250000e-01
7.66640000e-07,2.35000000e+00,2.63437500e+00,3.75000000e-03,5.29687500e-01
7.66960000e-07,2.40000000e+00,2.50937500e+00,-1.62500000e-02,6.25000000e-01
7.67280000e-07,2.46250000e+00,2.54687500e+00,-1.18750000e-02,5.60156250e-01
7.67600000e-07,2.45000000e+00,2.54687500e+00,-2.62500000e-02,5.03125000e-01
7.67920000e-07,2.46250000e+00,2.63437500e+00,-1.18750000e-02,5.49218750e-01
7.68240000e-07,2.53750000e+00,2.60937500e+00,-3.43750000e-02,5.59375000e-01
7.68560000e-07,2.60000000e+00,2.59687500e+00,-3.06250000e-02,5.77343750e-01
7.68880000e-07,2.46250000e+00,2.60937500e+00,-3.62500000e-02,5.50781250e-01
7.69200000e-07,2.46250000e+00,2.59687500e+00,-2.56250000e-02,5.07812500e-01
7.69520000e-07,2.40000000e+00,2.53437500e+00,-4.62500000e-02,4.33593750e-01
7.69840000e-07,2.33750000e+00,2.49687500e+00,-1.18750000e-02,4.23437500e-01
7.70160000e-07,2.41250000e+00,2.57187500e+00,-3.37500000e-02,4.89843750e-01
7.70480000e-07,2.52500000e+00,2.63437500e+00,-3.00000000e-02,4.17968750e-01
7.70800000e-07,2.40000000e+00,2.49687500e+00,1.62500000e-02,4.63281250e-01
7.71120000e-07,2.40000000e+00,2.58437500e+00,3.75000000e-03,5.04687500e-01
7.71440000e-07,2.47500000e+00,2.48437500e+00,-2.81250000e-02,4.89843750e-01
7.71760000e-07,2.43750000e+00,2.48437500e+00,-6.87500000e-03,5.03125000e-01
7.72080000e-07,2.46250000e+00,2.44687500e+00,-3.12500000e-02,4.64843750e-01
7.72400000e-07,2.43750000e+00,2.53437500e+00,-1.93750000e-02,4.17187500e-01
7.72720000e-07,2.36250000e+00,2.60937500e+00,-2.31250000e-02,4.26562500e-01
7.73040000e-07,2.45000000e+00,2.50937500e+00,-4.12500000e-02,5.02343750e-01
7.73360000e-07,2.46250000e+00,2.54687500e+00,-3.56250000e-02,5.21093750e-01
7.73680000e-07,2.35000000e+00,2.59687500e+00,-3.25000000e-02,4.83593750e-01
7.74000000e-07,2.52500000e+00,2.49687500e+00,1.37500000e-02,4.60937500e-01
7.74320000e-07,2.57500000e+00,2.65937500e+00,-1.25000000e-03,4.21093750e-01
7.74640000e-07,2.43750000e+00,2.45937500e+00,-2.62500000e-02,4.66406250e-01
7.74960000e-07,2.32500000e+00,2.59687500e+00,-1.93750000e-02,4.77343750e-01
7.75280000e-07,2.52500000e+00,2.53437500e+00,-1.25000000e-02,4.96875000e-01
7.75600000e-07,2.40000000e+00,2.54687500e+00,-1.87500000e-03,4.42187500e-01
7.75920000e-07,2.37500000e+00,2.52187500e+00,-2.62500000e-02,4.48437500e-01
7.76240000e-07,2.47500000e+00,2.67187500e+00,-1.68750000e-02,5.21093750e-01
7.76560000e-07,2.41250000e+00,2.60937500e+00,-2.31250000e-02,5.78906250e-01
7.76880000e-07,2.37500000e+00,2.60937500e+00,-1.43750000e-02,5.01562500e-01
7.77200000e-07,2.60000000e+00,2.50937500e+00,6.25000000e-04,4.16406250e-01
7.77520000e-07,2.40000000e+00,2.50937500e+00,-1.50000000e-02,3.97656250e-01
7.77840000e-07,2.45000000e+00,2.52187500e+00,-5.12500000e-02,4.23437500e-01
7.78160000e-07,2.37500000e+00,2.59687500e+00,-3.50000000e-02,4.06250000e-01
7.78480000e-07,2.43750000e+00,2.64687500e+00,-8.75000000e-03,4.15625000e-01
7.78800000e-07,2.32500000e+00,2.54687500e+00,-2.12500000e-02,4.84375000e-01
7.79120000e-07,2.46250000e+00,2.35937500e+00,6.25000000e-04,4.76562500e-01
7.79440000e-07,2.52500000e+00,2.57187500e+00,-1.93750000e-02,4.33593750e-01
7.79760000e-07,2.45000000e+00,2.63437500e+00,-2.62500000e-02,4.56250000e-01
7.80080000e-07,2.55000000e+00,2.54687500e+00,-1.93750000e-02,4.22656250e-01
7.80400000e-07,2.45000000e+00,2.59687500e+00,-2.25000000e-02,4.21093750e-01
7.80720000e-07,2.27500000e+00,2.64687500e+00,-1.87500000e-03,4.78125000e-01
7.81040000e-07,2.45312500e+00,2.62187500e+00,-2.00000000e-02,5.02343750e-01
7.81360000e-07,2.58750000e+00,2.40937500e+00,-2.00000000e-02,5.37500000e-01
7.81680000e-07,2.38750000e+00,2.48437500e+00,-1.68750000e-02,5.65625000e-01
7.82000000e-07,2.37500000e+00,2.55937500e+00,-1.18750000e-02,4.75000000e-01
7.82320000e-07,2.55000000e+00,2.38437500e+00,-1.18750000e-02,4.25781250e-01
7.82640000e-07,2.57500000e+00,2.59687500e+00,-1.75000000e-02,4.32812500e-01
7.82960000e-07,2.47500000e+00,2.73437500e+00,-3.87500000e-02,4.74218750e-01
7.83280000e-07,2.43750000e+00,2.63437500e+00,-1.87500000e-02,5.21875000e-01
7.83600000e-07,2.41250000e+00,2.67187500e+00,-2.25000000e-02,5.32031250e-01
7.83920000e-07,2.38750000e+00,2.69687500e+00,-4.62500000e-02,5.57031250e-01
7.84240000e-07,2.47500000e+00,2.59687500e+00,-3.56250000e-02,4.82812500e-01
7.84560000e-07,2.53750000e+00,2.60937500e+00,-1.68750000e-02,4.73437500e-01
7.84880000e-07,2.41250000e+00,2.50937500e+00,-2.81250000e-02,5.33593750e-01
7.85200000e-07,2.41250000e+00,2.52187500e+00,-8.75000000e-03,5.54687500e-01
7.85520000e-07,2.55000000e+00,2.60937500e+00,-4.06250000e-02,4.82031250e-01
7.85840000e-07,2.37500000e+00,2.69687500e+00,-2.81250000e-02,4.19531250e-01
7.86160000e-07,2.46250000e+00,2.59687500e+00,5.62500000e-03,4.54687500e-01
7.86480000e-07,2.55000000e+00,2.65937500e+00,1.37500000e-02,5.71875000e-01
7.86800000e-07,2.63750000e+00,2.60937500e+00,-2.56250000e-02,5.64843750e-01
7.87120000e-07,2.52500000e+00,2.44687500e+00,-4.37500000e-03,5.54687500e-01
7.87440000e-07,2.47500000e+00,2.49687500e+00,-3.62500000e-02,5.45312500e-01
7.87760000e-07,2.51250000e+00,2.65937500e+00,-2.81250000e-02,5.08593750e-01
7.88080000e-07,2.58750000e+00,2.58437500e+00,5.62500000e-03,4.77343750e-01
7.88400000e-07,2.47500000e+00,2.43437500e+00,-3.75000000e-03,5.34375000e-01
7.88720000e-07,2.36250000e+00,2.48437500e+00,8.12500000e-03,5.24218750e-01
7.89040000e-07,2.62500000e+00,2.52187500e+00,-7.50000000e-03,4.84375000e-01
7.89360000e-07,2.48750000e+00,2.44687500e+00,-4.12500000e-02,4.83593750e-01
7.89680000e-07,2.38750000e+00,2.53437500e+00,1.25000000e-03,5.72656250e-01
7.90000000e-07,2.46250000e+00,2.55937500e+00,3.12500000e-03,5.15625000e-01
7.90320000e-07,2.43750000e+00,2.54687500e+00,-2.25000000e-02,4.73437500e-01
7.90640000e-07,2.50000000e+00,2.60937500e+00,-3.06250000e-02,5.15625000e-01
7.90960000e-07,2.46250000e+00,2.54687500e+00,-2.18750000e-02,5.75781250e-01
7.91280000e-07,2.48750000e+00,2.50937500e+00,-8.75000000e-03,4.95312500e-01
7.91600000e-07,2.63750000e+00,2.63437500e+00,1.31250000e-02,4.48437500e-01
7.91920000e-07,2.33750000e+00,2.52187500e+00,-3.31250000e-02,5.18750000e-01
7.92240000e-07,2.36250000e+00,2.60937500e+00,-4.37500000e-03,6.13281250e-01
7.92560000e-07,2.38750000e+00,2.52187500e+00,-3.62500000e-02,5.84375000e-01
7.92880000e-07,2.35000000e+00,2.52187500e+00,3.12500000e-03,5.70312500e-01
7.93200000e-07,2.28750000e+00,2.55937500e+00,2.50000000e-03,5.97656250e-01
7.93520000e-07,2.45312500e+00,2.59687500e+00,-6.87500000e-03,5.41406250e-01
7.93840000e-07,2.37500000e+00,2.50937500e+00,8.12500000e-03,4.92187500e-01
7.94160000e-07,2.52500000e+00,2.53437500e+00,3.12500000e-03,5.18750000e-01
7.94480000e-07,2.53750000e+00,2.49687500e+00,-4.31250000e-02,6.01562500e-01
7.94800000e-07,2.37500000e+00,2.68437500e+00,3.12500000e-03,5.40625000e-01
7.95120000e-07,2.50000000e+00,2.60937500e+00,1.06250000e-02,4.02343750e-01
7.95440000e-07,2.47500000e+00,2.50937500e+00,6.25000000e-04,4.28906250e-01
7.95760000e-07,2.38750000e+00,2.54687500e+00,-2.18750000e-02,4.89843750e-01
7.96080000e-07,2.42500000e+00,2.70937500e+00,3.12500000e-03,4.34375000e-01
7.96400000e-07,2.52500000e+00,2.53437500e+00,2.06250000e-02,4.63281250e-01
7.96720000e-07,2.51250000e+00,2.53437500e+00,-6.87500000e-03,4.67187500e-01
7.97040000e-07,2.40000000e+00,2.50937500e+00,-1.87500000e-03,5.40625000e-01
7.97360000e-07,2.60000000e+00,2.53437500e+00,-3.87500000e-02,5.75781250e-01
7.97680000e-07,2.48750000e+00,2.40937500e+00,-2.18750000e-02,5.18750000e-01
7.98000000e-07,2.38750000e+00,2.62187500e+00,-8.12500000e-03,5.14062500e-01
7.98320000e-07,2.42500000e+00,2.58437500e+00,-3.31250000e-02,5.01562500e-01
7.98640000e-07,2.47500000e+00,2.70937500e+00,1.25000000e-03,4.65625000e-01
7.98960000e-07,2.50000000e+00,2.42187500e+00,1.12500000e-02,5.17187500e-01
7.99280000e-07,2.46250000e+00,2.69687500e+00,-2.18750000e-02,6.03906250e-01
7.99600000e-07,2.62500000e+00,2.59687500e+00,-9.37500000e-03,5.80468750e-01
7.99920000e-07,2.61250000e+00,2.62187500e+00,8.12500000e-03,5.57031250e-01
8.00240000e-07,2.76250000e+00,2.40937500e+00,-1.18750000e-02,5.60156250e-01
8.00560000e-07,2.51250000e+00,2.57187500e+00,-1.75000000e-02,4.98437500e-01
8.00880000e-07,2.46250000e+00,2.67187500e+00,-3.56250000e-02,4.15625000e-01
8.01200000e-07,2.50000000e+00,2.62187500e+00,-1.25000000e-03,3.83593750e-01
8.01520000e-07,2.42500000e+00,2.58437500e+00,-2.18750000e-02,5.13281250e-01
8.01840000e-07,2.42500000e+00,2.55937500e+00,-2.56250000e-02,5.92187500e-01
8.02160000e-07,2.47500000e+00,2.62187500e+00,-1.62500000e-02,5.50000000e-01
8.02480000e-07,2.61250000e+00,2.59687500e+00,-2.18750000e-02,5.39062500e-01
8.02800000e-07,2.56250000e+00,2.58437500e+00,-4.37500000e-02,5.10937500e-01
8.03120000e-07,2.50000000e+00,2.70937500e+00,-2.12500000e-02,5.14062500e-01
8.03440000e-07,2.40000000e+00,2.60937500e+00,-2.62500000e-02,5.69531250e-01
8.03760000e-07,2.43750000e+00,2.75937500e+00,-5.12500000e-02,5.15625000e-01
8.04080000e-07,2.50000000e+00,2.55937500e+00,-1.18750000e-02,4.51562500e-01
8.04400000e-07,2.31250000e+00,2.55937500e+00,-1.68750000e-02,4.71875000e-01
8.04720000e-07,2.41250000e+00,2.60937500e+00,-6.87500000e-03,5.37500000e-01
8.05040000e-07,2.44375000e+00,2.50937500e+00,2.50000000e-03,6.41406250e-01
8.05360000e-07,2.41250000e+00,2.42187500e+00,-4.31250000e-02,5.45312500e-01
8.05680000e-07,2.45000000e+00,2.52187500e+00,-8.75000000e-03,5.16406250e-01
8.06000000e-07,2.40000000e+00,2.57187500e+00,-3.06250000e-02,5.50781250e-01
8.06320000e-07,2.41250000e+00,2.52187500e+00,6.25000000e-04,4.73437500e-01
8.06640000e-07,2.50000000e+00,2.52187500e+00,2.00000000e-02,5.46093750e-01
8.06960000e-07,2.47500000e+00,2.50937500e+00,-2.00000000e-02,5.49218750e-01
8.07280000e-07,2.36250000e+00,2.53437500e+00,-3.06250000e-02,5.73437500e-01
8.07600000e-07,2.53750000e+00,2.65937500e+00,-6.25000000e-03,5.55468750e-01
8.07920000e-07,2.41250000e+00,2.67187500e+00,-2.18750000e-02,5.34375000e-01
8.08240000e-07,2.41250000e+00,2.57187500e+00,-2.00000000e-02,5.16406250e-01
8.08560000e-07,2.32500000e+00,2.54687500e+00,-4.37500000e-02,5.31250000e-01
8.08880000e-07,2.48750000e+00,2.57187500e+00,-2.50000000e-02,5.10156250e-01
8.09200000e-07,2.56250000e+00,2.54687500e+00,-1.12500000e-02,5.06250000e-01
8.09520000e-07,2.43750000e+00,2.55937500e+00,-1.25000000e-03,5.63281250e-01
8.09840000e-07,2.38750000e+00,2.50937500e+00,-6.87500000e-03,5.47656250e-01
8.10160000e-07,2.48750000e+00,2.64687500e+00,-6.87500000e-03,5.60937500e-01
8.10480000e-07,2.52500000e+00,2.55937500e+00,-1.75000000e-02,5.87500000e-01
8.10800000e-07,2.35000000e+00,2.60937500e+00,-4.37500000e-02,5.55468750e-01
8.11120000e-07,2.46250000e+00,2.59687500e+00,3.75000000e-03,5.46875000e-01
8.11440000e-07,2.37500000e+00,2.53437500e+00,1.56250000e-02,5.48437500e-01
8.11760000e-07,2.46250000e+00,2.48437500e+00,-9.37500000e-03,5.17187500e-01
8.12080000e-07,2.43750000e+00,2.65937500e+00,-4.37500000e-03,4.84375000e-01
8.12400000e-07,2.45000000e+00,2.64687500e+00,-1.18750000e-02,4.93750000e-01
8.12720000e-07,2.32500000e+00,2.58437500e+00,-1.68750000e-02,4.65625000e-01
8.13040000e-07,2.55000000e+00,2.48437500e+00,3.12500000e-03,5.03906250e-01
8.13360000e-07,2.41250000e+00,2.57187500e+00,-1.00000000e-02,5.42968750e-01
8.13680000e-07,2.57500000e+00,2.57187500e+00,-4.31250000e-02,4.96875000e-01
8.14000000e-07,2.51250000e+00,2.63437500e+00,8.75000000e-03,5.00000000e-01
8.14320000e-07,2.38750000e+00,2.59687500e+00,-1.87500000e-03,4.97656250e-01
8.14640000e-07,2.52500000e+00,2.68437500e+00,-4.62500000e-02,4.98437500e-01
8.14960000e-07,2.51250000e+00,2.44687500e+00,-2.50000000e-02,5.17187500e-01
8.15280000e-07,2.53750000e+00,2.75937500e+00,3.75000000e-03,4.89843750e-01
8.15600000e-07,2.55000000e+00,2.69687500e+00,-1.68750000e-02,4.81250000e-01
8.15920000e-07,2.52500000e+00,2.49687500e+00,-3.62500000e-02,5.14843750e-01
8.16240000e-07,2.42500000e+00,2.49687500e+00,-2.75000000e-02,5.08593750e-01
8.16560000e-07,2.32500000e+00,2.63437500e+00,-1.37500000e-02,5.50781250e-01
8.16880000e-07,2.41250000e+00,2.43437500e+00,-1.93750000e-02,6.04687500e-01
8.17200000e-07,2.62500000e+00,2.65937500e+00,-3.06250000e-02,5.37500000e-01
8.17520000e-07,2.48750000e+00,2.47187500e+00,-2.56250000e-02,4.80468750e-01
8.17840000e-07,2.40000000e+00,2.63437500e+00,-2.81250000e-02,5.34375000e-01
8.18160000e-07,2.32500000e+00,2.60937500e+00,-2.81250000e-02,5.46875000e-01
8.18480000e-07,2.48750000e+00,2.59687500e+00,3.75000000e-03,4.78125000e-01
8.18800000e-07,2.46250000e+00,2.39687500e+00,-9.37500000e-03,4.72656250e-01
8.19120000e-07,2.45000000e+00,2.79687500e+00,-1.43750000e-02,4.60937500e-01
8.19440000e-07,2.43750000e+00,2.54687500e+00,0.00000000e+00,5.10937500e-01
8.19760000e-07,2.41250000e+00,2.63437500e+00,-3.56250000e-02,5.89843750e-01
8.20080000e-07,2.50000000e+00,2.49687500e+00,-8.75000000e-03,5.75000000e-01
8.20400000e-07,2.42500000e+00,2.50937500e+00,3.75000000e-03,5.25000000e-01
8.20720000e-07,2.42500000e+00,2.65937500e+00,-4.37500000e-03,4.60156250e-01
8.21040000e-07,2.43750000e+00,2.60937500e+00,-6.87500000e-03,4.08593750e-01
8.21360000e-07,2.43750000e+00,2.47187500e+00,-1.18750000e-02,3.83593750e-01
8.21680000e-07,2.40000000e+00,2.54687500e+00,-2.81250000e-02,3.64843750e-01
8.22000000e-07,2.42500000e+00,2.43437500e+00,6.25000000e-04,4.73437500e-01
8.22320000e-07,2.45000000e+00,2.59687500e+00,1.56250000e-02,4.96093750e-01
8.22640000e-07,2.48750000e+00,2.63437500e+00,1.06250000e-02,4.48437500e-01
8.22960000e-07,2.47500000e+00,2.47187500e+00,-9.37500000e-03,3.83593750e-01
8.23280000e-07,2.45000000e+00,2.52187500e+00,-6.87500000e-03,4.23437500e-01
8.23600000e-07,2.43750000e+00,2.69687500e+00,-1.50000000e-02,4.37500000e-01
8.23920000e-07,2.31250000e+00,2.60937500e+00,-2.18750000e-02,4.14062500e-01
8.24240000e-07,2.52500000e+00,2.49687500e+00,-1.18750000e-02,5.37500000e-01
8.24560000e-07,2.41250000e+00,2.44687500e+00,5.62500000e-03,5.87500000e-01
8.24880000e-07,2.52500000e+00,2.60937500e+00,-2.56250000e-02,5.40625000e-01
8.25200000e-07,2.55000000e+00,2.49687500e+00,-2.25000000e-02,5.04687500e-01
8.25520000e-07,2.43750000e+00,2.55937500e+00,-3.87500000e-02,5.11718750e-01
8.25840000e-07,2.45000000e+00,2.47187500e+00,-3.75000000e-03,5.45312500e-01
8.26160000e-07,2.48750000e+00,2.68437500e+00,-3.62500000e-02,4.45312500e-01
8.26480000e-07,2.37500000e+00,2.48437500e+00,-1.18750000e-02,4.22656250e-01
8.26800000e-07,2.32500000e+00,2.57187500e+00,-1.06250000e-02,4.36718750e-01
8.27120000e-07,2.27500000e+00,2.69687500e+00,-2.18750000e-02,4.37500000e-01
8.27440000e-07,2.40000000e+00,2.65937500e+00,-4.37500000e-03,4.90625000e-01
8.27760000e-07,2.38750000e+00,2.63437500e+00,1.06250000e-02,5.30468750e-01
8.28080000e-07,2.52500000e+00,2.50937500e+00,-1.68750000e-02,5.28906250e-01
8.28400000e-07,2.41250000e+00,2.47187500e+00,-1.18750000e-02,5.44531250e-01
8.28720000e-07,2.45000000e+00,2.62187500e+00,5.62500000e-03,4.69531250e-01
8.29040000e-07,2.42500000e+00,2.57187500e+00,-2.56250000e-02,4.76562500e-01
8.29360000e-07,2.45000000e+00,2.63437500e+00,3.12500000e-03,4.29687500e-01
8.29680000e-07,2.45000000e+00,2.58437500e+00,-2.25000000e-02,3.89062500e-01
8.30000000e-07,2.47500000e+00,2.53437500e+00,-1.93750000e-02,5.05468750e-01
8.30320000e-07,2.51250000e+00,2.47187500e+00,-1.50000000e-02,5.50000000e-01
8.30640000e-07,2.43750000e+00,2.62187500e+00,-3.31250000e-02,5.07812500e-01
8.30960000e-07,2.46250000e+00,2.58437500e+00,6.25000000e-03,5.00000000e-01
8.31280000e-07,2.46250000e+00,2.57187500e+00,-9.37500000e-03,5.10937500e-01
8.31600000e-07,2.41250000e+00,2.58437500e+00,-4.06250000e-02,5.19531250e-01
8.31920000e-07,2.41250000e+00,2.67187500e+00,-9.37500000e-03,4.92968750e-01
8.32240000e-07,2.51250000e+00,2.44687500e+00,-3.50000000e-02,4.87500000e-01
8.32560000e-07,2.41250000e+00,2.67187500e+00,1.12500000e-02,4.69531250e-01
8.32880000e-07,2.27500000e+00,2.52187500e+00,-1.87500000e-02,4.74218750e-01
8.33200000e-07,2.43750000e+00,2.45937500e+00,-2.81250000e-02,5.40625000e-01
8.33520000e-07,2.48750000e+00,2.50937500e+00,-4.37500000e-03,5.31250000e-01
8.33840000e-07,2.46250000e+00,2.58437500e+00,-5.00000000e-03,5.10156250e-01
8.34160000e-07,2.38750000e+00,2.53437500e+00,-3.56250000e-02,5.26562500e-01
8.34480000e-07,2.35000000e+00,2.68437500e+00,-8.75000000e-03,5.14843750e-01
8.34800000e-07,2.52500000e+00,2.67187500e+00,-8.75000000e-03,4.52343750e-01
8.35120000e-07,2.37500000e+00,2.52187500e+00,-2.56250000e-02,4.41406250e-01
8.35440000e-07,2.48750000e+00,2.59687500e+00,-3.31250000e-02,4.85156250e-01
8.35760000e-07,2.56250000e+00,2.58437500e+00,-9.37500000e-03,5.00000000e-01
8.36080000e-07,2.50000000e+00,2.39687500e+00,-4.12500000e-02,4.69531250e-01
8.36400000e-07,2.32500000e+00,2.63437500e+00,-1.43750000e-02,5.13281250e-01
8.36720000e-07,2.33750000e+00,2.49687500e+00,-2.06250000e-02,5.41406250e-01
8.37040000e-07,2.40000000e+00,2.65937500e+00,-4.06250000e-02,5.63281250e-01
8.37360000e-07,2.31250000e+00,2.62187500e+00,1.12500000e-02,6.11718750e-01
8.37680000e-07,2.60000000e+00,2.65937500e+00,-1.87500000e-02,5.64843750e-01
8.38000000e-07,2.42500000e+00,2.40937500e+00,-1.93750000e-02,5.51562500e-01
8.38320000e-07,2.51250000e+00,2.55937500e+00,3.12500000e-03,4.41406250e-01
8.38640000e-07,2.46250000e+00,2.57187500e+00,-2.56250000e-02,4.93750000e-01
8.38960000e-07,2.38750000e+00,2.47187500e+00,-6.87500000e-03,5.60156250e-01
8.39280000e-07,2.30000000e+00,2.48437500e+00,-1.68750000e-02,5.94531250e-01
8.39600000e-07,2.46250000e+00,2.53437500e+00,-1.18750000e-02,4.96093750e-01
8.39920000e-07,2.45000000e+00,2.44687500e+00,-4.37500000e-03,4.45312500e-01
8.40240000e-07,2.51250000e+00,2.67187500e+00,-1.68750000e-02,5.28125000e-01
8.40560000e-07,2.38750000e+00,2.53437500e+00,-4.12500000e-02,5.29687500e-01
8.40880000e-07,2.36250000e+00,2.53437500e+00,-1.43750000e-02,4.57812500e-01
8.41200000e-07,2.58750000e+00,2.39687500e+00,-1.00000000e-02,4.38281250e-01
8.41520000e-07,2.57500000e+00,2.60937500e+00,-1.00000000e-02,4.85156250e-01
8.41840000e-07,2.36250000e+00,2.57187500e+00,-3.31250000e-02,4.50781250e-01
8.42160000e-07,2.38750000e+00,2.39687500e+00,8.75000000e-03,4.33593750e-01
8.42480000e-07,2.48750000e+00,2.65937500e+00,-9.37500000e-03,5.22656250e-01
8.42800000e-07,2.45000000e+00,2.55937500e+00,-5.12500000e-02,5.35156250e-01
8.43120000e-07,2.37500000e+00,2.58437500e+00,-2.12500000e-02,5.18750000e-01
8.43440000e-07,2.53750000e+00,2.57187500e+00,5.62500000e-03,5.16406250e-01
8.43760000e-07,2.50000000e+00,2.42187500e+00,-2.56250000e-02,5.02343750e-01
8.44080000e-07,2.37500000e+00,2.54687500e+00,3.12500000e-03,5.54687500e-01
8.44400000e-07,2.45000000e+00,2.55937500e+00,-2.18750000e-02,5.95312500e-01
8.44720000e-07,2.51250000e+00,2.58437500e+00,-1.43750000e-02,5.13281250e-01
8.45040000e-07,2.58750000e+00,2.65937500e+00,-2.00000000e-02,4.60937500e-01
8.45360000e-07,2.47500000e+00,2.50937500e+00,-1.93750000e-02,5.11718750e-01
8.45680000e-07,2.45000000e+00,2.55937500e+00,-3.87500000e-02,5.50781250e-01
8.46000000e-07,2.46250000e+00,2.69687500e+00,-3.31250000e-02,5.69531250e-01
8.46320000e-07,2.45000000e+00,2.52187500e+00,-2.62500000e-02,5.47656250e-01
8.46640000e-07,2.42500000e+00,2.54687500e+00,-2.56250000e-02,5.62500000e-01
8.46960000e-07,2.45000000e+00,2.52187500e+00,-3.37500000e-02,5.69531250e-01
8.47280000e-07,2.28750000e+00,2.59687500e+00,-2.56250000e-02,5.62500000e-01
8.47600000e-07,2.52500000e+00,2.50937500e+00,-4.06250000e-02,5.55468750e-01
8.47920000e-07,2.45000000e+00,2.42187500e+00,-3.31250000e-02,5.11718750e-01
8.48240000e-07,2.37500000e+00,2.49687500e+00,-3.50000000e-02,5.14062500e-01
8.48560000e-07,2.33750000e+00,2.47187500e+00,6.25000000e-03,4.84375000e-01
8.48880000e-07,2.56250000e+00,2.52187500e+00,-3.81250000e-02,4.82031250e-01
8.49200000e-07,2.47500000e+00,2.53437500e+00,-3.62500000e-02,5.10156250e-01
8.49520000e-07,2.40000000e+00,2.64687500e+00,-1.75000000e-02,5.71875000e-01
8.49840000e-07,2.42500000e+00,2.70937500e+00,-3.87500000e-02,5.81250000e-01
8.50160000e-07,2.41250000e+00,2.60937500e+00,-4.06250000e-02,5.23437500e-01
8.50480000e-07,2.47500000e+00,2.60937500e+00,-3.00000000e-02,5.92187500e-01
8.50800000e-07,2.28750000e+00,2.57187500e+00,-2.18750000e-02,5.82812500e-01
8.51120000e-07,2.52500000e+00,2.65937500e+00,-4.00000000e-02,4.39843750e-01
8.51440000e-07,2.48750000e+00,2.44687500e+00,-1.62500000e-02,4.10937500e-01
8.51760000e-07,2.31250000e+00,2.59687500e+00,-8.75000000e-03,4.49218750e-01
8.52080000e-07,2.59062500e+00,2.52187500e+00,1.31250000e-02,4.69531250e-01
8.52400000e-07,2.36250000e+00,2.45937500e+00,-3.06250000e-02,4.28906250e-01
8.52720000e-07,2.43750000e+00,2.50937500e+00,1.56250000e-02,4.89843750e-01
8.53040000e-07,2.50000000e+00,2.70937500e+00,-1.18750000e-02,5.03125000e-01
8.53360000e-07,2.43750000e+00,2.54687500e+00,-1.43750000e-02,5.40625000e-01
8.53680000e-07,2.46250000e+00,2.55937500e+00,-2.25000000e-02,5.90625000e-01
8.54000000e-07,2.31250000e+00,2.53437500e+00,-1.43750000e-02,5.83593750e-01
8.54320000e-07,2.57500000e+00,2.52187500e+00,-3.12500000e-02,5.01562500e-01
8.54640000e-07,2.50000000e+00,2.65937500e+00,-4.06250000e-02,4.90625000e-01
8.54960000e-07,2.41250000e+00,2.59687500e+00,-9.37500000e-03,5.65625000e-01
8.55280000e-07,2.41250000e+00,2.48437500e+00,-2.81250000e-02,5.75781250e-01
8.55600000e-07,2.27500000e+00,2.70937500e+00,-1.43750000e-02,5.41406250e-01
8.55920000e-07,2.48750000e+00,2.48437500e+00,-1.25000000e-02,4.66406250e-01
8.56240000e-07,2.50000000e+00,2.67187500e+00,-3.87500000e-02,3.85156250e-01
8.56560000e-07,2.40000000e+00,2.59687500e+00,-3.06250000e-02,4.34375000e-01
8.56880000e-07,2.43750000e+00,2.44687500e+00,1.81250000e-02,3.94531250e-01
8.57200000e-07,2.41250000e+00,2.63437500e+00,-2.50000000e-02,5.03906250e-01
8.57520000e-07,2.40000000e+00,2.64687500e+00,-1.87500000e-03,5.82812500e-01
8.57840000e-07,2.45000000e+00,2.48437500e+00,-1.18750000e-02,5.35937500e-01
8.58160000e-07,2.43750000e+00,2.63437500e+00,6.25000000e-04,5.13281250e-01
8.58480000e-07,2.36250000e+00,2.43437500e+00,-3.37500000e-02,5.89843750e-01
8.58800000e-07,2.42500000e+00,2.52187500e+00,-1.68750000e-02,5.50781250e-01
8.59120000e-07,2.33750000e+00,2.58437500e+00,-2.00000000e-02,5.77343750e-01
8.59440000e-07,2.46250000e+00,2.67187500e+00,8.12500000e-03,4.81250000e-01
8.59760000e-07,2.41250000e+00,2.50937500e+00,-2.18750000e-02,4.72656250e-01
8.60080000e-07,2.38750000e+00,2.60937500e+00,-6.87500000e-03,5.88281250e-01
8.60400000e-07,2.45000000e+00,2.43437500e+00,-1.50000000e-02,6.10156250e-01
8.60720000e-07,2.48750000e+00,2.44687500e+00,-1.68750000e-02,6.17968750e-01
8.61040000e-07,2.46250000e+00,2.50937500e+00,-2.87500000e-02,6.19531250e-01
8.61360000e-07,2.38750000e+00,2.49687500e+00,-4.37500000e-02,5.71093750e-01
8.61680000e-07,2.52500000e+00,2.48437500e+00,-1.68750000e-02,5.13281250e-01
8.62000000e-07,2.48750000e+00,2.68437500e+00,8.12500000e-03,5.18750000e-01
8.62320000e-07,2.36250000e+00,2.45937500e+00,-9.37500000e-03,5.39843750e-01
8.62640000e-07,2.38750000e+00,2.53437500e+00,6.25000000e-04,5.07031250e-01
8.62960000e-07,2.45000000e+00,2.53437500e+00,1.56250000e-02,5.14843750e-01
8.63280000e-07,2.55000000e+00,2.62187500e+00,-3.37500000e-02,5.79687500e-01
8.63600000e-07,2.55000000e+00,2.59687500e+00,-3.12500000e-02,5.79687500e-01
8.63920000e-07,2.40000000e+00,2.48437500e+00,-4.12500000e-02,4.89843750e-01
8.64240000e-07,2.46250000e+00,2.47187500e+00,-3.31250000e-02,4.46875000e-01
8.64560000e-07,2.33750000e+00,2.54687500e+00,-3.06250000e-02,5.42968750e-01
8.64880000e-07,2.56250000e+00,2.45937500e+00,-2.81250000e-02,5.43750000e-01
8.65200000e-07,2.47500000e+00,2.52187500e+00,-3.25000000e-02,5.60937500e-01
8.65520000e-07,2.42500000e+00,2.65937500e+00,-1.25000000e-03,5.42187500e-01
8.65840000e-07,2.55000000e+00,2.57187500e+00,-1.62500000e-02,5.07031250e-01
8.66160000e-07,2.51250000e+00,2.50937500e+00,-3.12500000e-02,4.70312500e-01
8.66480000e-07,2.33750000e+00,2.69687500e+00,-1.43750000e-02,4.96093750e-01
8.66800000e-07,2.42500000e+00,2.55937500e+00,-2.62500000e-02,4.60156250e-01
8.67120000e-07,2.52500000e+00,2.60937500e+00,-1.75000000e-02,4.03125000e-01
8.67440000e-07,2.47500000e+00,2.58437500e+00,-2.81250000e-02,3.67968750e-01
8.67760000e-07,2.36250000e+00,2.62187500e+00,-1.12500000e-02,4.77343750e-01
8.68080000e-07,2.57500000e+00,2.52187500e+00,-6.25000000e-03,5.16406250e-01
8.68400000e-07,2.51250000e+00,2.53437500e+00,-1.68750000e-02,5.03906250e-01
8.68720000e-07,2.46250000e+00,2.65937500e+00,-1.68750000e-02,5.42187500e-01
8.69040000e-07,2.43750000e+00,2.55937500e+00,-9.37500000e-03,5.57812500e-01
8.69360000e-07,2.50000000e+00,2.58437500e+00,-4.37500000e-03,5.76562500e-01
8.69680000e-07,2.53750000e+00,2.62187500e+00,-2.62500000e-02,5.50000000e-01
8.70000000e-07,2.67500000e+00,2.55937500e+00,-5.87500000e-02,4.30468750e-01
8.70320000e-07,2.33750000e+00,2.57187500e+00,-4.37500000e-03,4.14062500e-01
8.70640000e-07,2.43750000e+00,2.54687500e+00,-3.37500000e-02,4.65625000e-01
8.70960000e-07,2.36250000e+00,2.54687500e+00,-1.93750000e-02,5.00781250e-01
8.71280000e-07,2.33750000e+00,2.50937500e+00,-1.31250000e-02,5.13281250e-01
8.71600000e-07,2.43750000e+00,2.60937500e+00,-2.87500000e-02,5.16406250e-01
8.71920000e-07,2.52500000e+00,2.57187500e+00,-4.81250000e-02,5.20312500e-01
8.72240000e-07,2.56250000e+00,2.53437500e+00,-2.81250000e-02,4.81250000e-01
8.72560000e-07,2.51250000e+00,2.50937500e+00,-1.87500000e-02,4.79687500e-01
8.72880000e-07,2.37500000e+00,2.59687500e+00,-9.37500000e-03,5.33593750e-01
8.73200000e-07,2.47500000e+00,2.50937500e+00,8.12500000e-03,6.11718750e-01
8.73520000e-07,2.52500000e+00,2.58437500e+00,-5.12500000e-02,5.75000000e-01
8.73840000e-07,2.43750000e+00,2.45937500e+00,-3.81250000e-02,5.45312500e-01
8.74160000e-07,2.52500000e+00,2.53437500e+00,-1.43750000e-02,5.60156250e-01
8.74480000e-07,2.55000000e+00,2.47187500e+00,3.75000000e-03,5.23437500e-01
8.74800000e-07,2.35000000e+00,2.63437500e+00,5.62500000e-03,5.39843750e-01
8.75120000e-07,2.33750000e+00,2.62187500e+00,-3.87500000e-02,5.18750000e-01
8.75440000e-07,2.41250000e+00,2.63437500e+00,-1.87500000e-03,4.64062500e-01
8.75760000e-07,2.58750000e+00,2.55937500e+00,-1.81250000e-02,4.59375000e-01
8.76080000e-07,2.37500000e+00,2.54687500e+00,-3.06250000e-02,4.32812500e-01
8.76400000e-07,2.53750000e+00,2.48437500e+00,1.37500000e-02,4.46875000e-01
8.76720000e-07,2.42500000e+00,2.49687500e+00,-2.81250000e-02,5.27343750e-01
8.77040000e-07,2.51250000e+00,2.57187500e+00,-4.12500000e-02,5.71875000e-01
8.77360000e-07,2.47500000e+00,2.54687500e+00,-2.18750000e-02,5.46093750e-01
8.77680000e-07,2.57500000e+00,2.45937500e+00,-1.87500000e-03,5.41406250e-01
8.78000000e-07,2.46250000e+00,2.69687500e+00,-1.68750000e-02,5.67968750e-01
8.78320000e-07,2.43750000e+00,2.63437500e+00,-6.87500000e-03,5.85937500e-01
8.78640000e-07,2.48750000e+00,2.53437500e+00,-1.18750000e-02,5.60937500e-01
8.78960000e-07,2.55000000e+00,2.64687500e+00,-2.56250000e-02,5.47656250e-01
8.79280000e-07,2.45000000e+00,2.80937500e+00,-1.00000000e-02,5.22656250e-01
8.79600000e-07,2.47500000e+00,2.48437500e+00,-4.87500000e-02,4.88281250e-01
8.79920000e-07,2.51250000e+00,2.55937500e+00,-2.50000000e-02,5.13281250e-01
8.80240000e-07,2.41250000e+00,2.59687500e+00,1.25000000e-03,5.11718750e-01
8.80560000e-07,2.45000000e+00,2.58437500e+00,8.75000000e-03,4.95312500e-01
8.80880000e-07,2.43750000e+00,2.52187500e+00,-1.18750000e-02,4.93750000e-01
8.81200000e-07,2.48750000e+00,2.59687500e+00,-1.93750000e-02,5.48437500e-01
8.81520000e-07,2.38750000e+00,2.49687500e+00,-1.68750000e-02,4.83593750e-01
8.81840000e-07,2.45000000e+00,2.47187500e+00,-6.87500000e-03,5.14062500e-01
8.82160000e-07,2.47500000e+00,2.47187500e+00,-9.37500000e-03,5.60156250e-01
8.82480000e-07,2.45000000e+00,2.64687500e+00,6.25000000e-04,5.12500000e-01
8.82800000e-07,2.38750000e+00,2.58437500e+00,-1.25000000e-02,4.67968750e-01
8.83120000e-07,2.47500000e+00,2.57187500e+00,-1.43750000e-02,4.37500000e-01
8.83440000e-07,2.36250000e+00,2.47187500e+00,-1.93750000e-02,4.96093750e-01
8.83760000e-07,2.53750000e+00,2.70937500e+00,-1.43750000e-02,5.06250000e-01
8.84080000e-07,2.60000000e+00,2.63437500e+00,-2.00000000e-02,5.21875000e-01
8.84400000e-07,2.47500000e+00,2.73437500e+00,-2.18750000e-02,4.64843750e-01
8.84720000e-07,2.45000000e+00,2.58437500e+00,-3.37500000e-02,4.50781250e-01
8.85040000e-07,2.50000000e+00,2.43437500e+00,-4.37500000e-03,4.89843750e-01
8.85360000e-07,2.43750000e+00,2.48437500e+00,-1.00000000e-02,5.39062500e-01
8.85680000e-07,2.38750000e+00,2.60937500e+00,-1.43750000e-02,4.68750000e-01
8.86000000e-07,2.57500000e+00,2.45937500e+00,-1.87500000e-03,4.77343750e-01
8.86320000e-07,2.35000000e+00,2.62187500e+00,5.62500000e-03,4.69531250e-01
8.86640000e-07,2.41250000e+00,2.54687500e+00,-9.37500000e-03,3.91406250e-01
8.86960000e-07,2.43750000e+00,2.53437500e+00,1.31250000e-02,4.46875000e-01
8.87280000e-07,2.58750000e+00,2.69687500e+00,-3.37500000e-02,5.05468750e-01
8.87600000e-07,2.52500000e+00,2.59687500e+00,-3.87500000e-02,4.74218750e-01
8.87920000e-07,2.32500000e+00,2.67187500e+00,-5.37500000e-02,4.89843750e-01
8.88240000e-07,2.42500000e+00,2.62187500e+00,-8.75000000e-03,5.03906250e-01
8.88560000e-07,2.36250000e+00,2.58437500e+00,-2.00000000e-02,5.32031250e-01
8.88880000e-07,2.27500000e+00,2.62187500e+00,-1.68750000e-02,5.75781250e-01
8.89200000e-07,2.46562500e+00,2.72187500e+00,-1.93750000e-02,5.67187500e-01
8.89520000e-07,2.48750000e+00,2.55937500e+00,-1.43750000e-02,4.83593750e-01
8.89840000e-07,2.50000000e+00,2.52187500e+00,-2.25000000e-02,3.81250000e-01
8.90160000e-07,2.43750000e+00,2.55937500e+00,-2.56250000e-02,3.30468750e-01
8.90480000e-07,2.46250000e+00,2.53437500e+00,-6.25000000e-03,4.72656250e-01
8.90800000e-07,2.48750000e+00,2.47187500e+00,-3.31250000e-02,4.75000000e-01
8.91120000e-07,2.47500000e+00,2.48437500e+00,-9.37500000e-03,4.53906250e-01
8.91440000e-07,2.33750000e+00,2.63437500e+00,-4.68750000e-02,4.42187500e-01
8.91760000e-07,2.53750000e+00,2.45937500e+00,-3.81250000e-02,4.17968750e-01
8.92080000e-07,2.51250000e+00,2.58437500e+00,-1.25000000e-02,5.40625000e-01
8.92400000e-07,2.53750000e+00,2.47187500e+00,-3.25000000e-02,5.90625000e-01
8.92720000e-07,2.56250000e+00,2.54687500e+00,1.25000000e-03,5.61718750e-01
8.93040000e-07,2.38750000e+00,2.53437500e+00,-1.43750000e-02,5.31250000e-01
8.93360000e-07,2.52500000e+00,2.65937500e+00,-3.06250000e-02,5.41406250e-01
8.93680000e-07,2.31250000e+00,2.43437500e+00,6.25000000e-03,5.63281250e-01
8.94000000e-07,2.35000000e+00,2.62187500e+00,-1.37500000e-02,5.29687500e-01
8.94320000e-07,2.46875000e+00,2.47187500e+00,-4.62500000e-02,5.07812500e-01
8.94640000e-07,2.52500000e+00,2.64687500e+00,-1.43750000e-02,5.01562500e-01
8.94960000e-07,2.36250000e+00,2.49687500e+00,-1.00000000e-02,4.36718750e-01
8.95280000e-07,2.37500000e+00,2.59687500e+00,-2.25000000e-02,4.66406250e-01
8.95600000e-07,2.38750000e+00,2.63437500e+00,-4.56250000e-02,4.47656250e-01
8.95920000e-07,2.40000000e+00,2.57187500e+00,3.75000000e-03,4.51562500e-01
8.96240000e-07,2.38750000e+00,2.52187500e+00,-3.75000000e-03,5.43750000e-01
8.96560000e-07,2.50000000e+00,2.59687500e+00,-2.00000000e-02,5.58593750e-01
8.96880000e-07,2.46250000e+00,2.55937500e+00,-2.81250000e-02,5.42968750e-01
8.97200000e-07,2.35000000e+00,2.57187500e+00,-6.25000000e-03,5.10156250e-01
8.97520000e-07,2.50000000e+00,2.45937500e+00,-2.56250000e-02,4.77343750e-01
8.97840000e-07,2.53750000e+00,2.54687500e+00,-4.37500000e-02,4.64843750e-01
8.98160000e-07,2.38750000e+00,2.52187500e+00,-1.93750000e-02,5.11718750e-01
8.98480000e-07,2.33750000e+00,2.70937500e+00,-1.18750000e-02,5.36718750e-01
8.98800000e-07,2.38750000e+00,2.59687500e+00,-4.37500000e-03,4.76562500e-01
8.99120000e-07,2.52500000e+00,2.48437500e+00,-1.50000000e-02,4.96093750e-01
8.99440000e-07,2.55000000e+00,2.55937500e+00,-3.06250000e-02,5.35937500e-01
8.99760000e-07,2.51250000e+00,2.58437500e+00,3.75000000e-03,5.60156250e-01
9.00080000e-07,2.50000000e+00,2.57187500e+00,-1.87500000e-02,5.52343750e-01
9.00400000e-07,2.38750000e+00,2.52187500e+00,-3.37500000e-02,4.57812500e-01
9.00720000e-07,2.38750000e+00,2.42187500e+00,-2.18750000e-02,4.72656250e-01
9.01040000e-07,2.40000000e+00,2.62187500e+00,5.00000000e-03,5.06250000e-01
9.01360000e-07,2.63750000e+00,2.58437500e+00,-2.56250000e-02,4.42968750e-01
9.01680000e-07,2.45000000e+00,2.43437500e+00,-1.87500000e-03,4.91406250e-01
9.02000000e-07,2.43750000e+00,2.48437500e+00,-3.87500000e-02,5.39843750e-01
9.02320000e-07,2.35000000e+00,2.69687500e+00,-4.62500000e-02,6.32812500e-01
9.02640000e-07,2.36250000e+00,2.52187500e+00,-4.81250000e-02,5.78125000e-01
9.02960000e-07,2.43750000e+00,2.65937500e+00,-1.25000000e-03,4.95312500e-01
9.03280000e-07,2.40000000e+00,2.47187500e+00,1.37500000e-02,5.14843750e-01
9.03600000e-07,2.42500000e+00,2.60937500e+00,-5.00000000e-03,5.85156250e-01
9.03920000e-07,2.42500000e+00,2.59687500e+00,-2.18750000e-02,5.10937500e-01
9.04240000e-07,2.32500000e+00,2.54687500e+00,3.12500000e-03,5.06250000e-01
9.04560000e-07,2.47500000e+00,2.50937500e+00,-3.87500000e-02,5.00000000e-01
9.04880000e-07,2.67500000e+00,2.49687500e+00,-9.37500000e-03,4.93750000e-01
9.05200000e-07,2.52500000e+00,2.44687500e+00,-1.00000000e-02,5.39843750e-01
9.05520000e-07,2.43750000e+00,2.47187500e+00,-1.00000000e-02,5.14843750e-01
9.05840000e-07,2.37500000e+00,2.52187500e+00,-2.81250000e-02,4.92187500e-01
9.06160000e-07,2.46250000e+00,2.53437500e+00,1.25000000e-03,4.85937500e-01
9.06480000e-07,2.35000000e+00,2.53437500e+00,-3.56250000e-02,5.29687500e-01
9.06800000e-07,2.42500000e+00,2.57187500e+00,-6.87500000e-03,6.28125000e-01
9.07120000e-07,2.53750000e+00,2.44687500e+00,-5.18750000e-02,5.99218750e-01
9.07440000e-07,2.37500000e+00,2.62187500e+00,-2.18750000e-02,5.40625000e-01
9.07760000e-07,2.45000000e+00,2.69687500e+00,-1.25000000e-02,5.99218750e-01
9.08080000e-07,2.41250000e+00,2.63437500e+00,-9.37500000e-03,5.39843750e-01
9.08400000e-07,2.47500000e+00,2.55937500e+00,-2.56250000e-02,3.81250000e-01
9.08720000e-07,2.41250000e+00,2.55937500e+00,-1.87500000e-03,4.10156250e-01
9.09040000e-07,2.47500000e+00,2.65937500e+00,-1.75000000e-02,5.27343750e-01
9.09360000e-07,2.45000000e+00,2.69687500e+00,-4.62500000e-02,4.92968750e-01
9.09680000e-07,2.55000000e+00,2.64687500e+00,-3.31250000e-02,4.35156250e-01
9.10000000e-07,2.60000000e+00,2.52187500e+00,-6.25000000e-03,5.43750000e-01
9.10320000e-07,2.53750000e+00,2.53437500e+00,1.06250000e-02,5.48437500e-01
9.10640000e-07,2.32500000e+00,2.48437500e+00,-1.50000000e-02,4.53906250e-01
9.10960000e-07,2.46250000e+00,2.60937500e+00,-1.68750000e-02,4.78125000e-01
9.11280000e-07,2.43750000e+00,2.62187500e+00,-3.87500000e-02,5.92187500e-01
9.11600000e-07,2.51250000e+00,2.43437500e+00,-3.62500000e-02,5.23437500e-01
9.11920000e-07,2.26250000e+00,2.52187500e+00,-2.62500000e-02,5.32812500e-01
9.12240000e-07,2.41250000e+00,2.58437500e+00,-2.75000000e-02,5.77343750e-01
9.12560000e-07,2.53125000e+00,2.60937500e+00,-1.25000000e-03,5.97656250e-01
9.12880000e-07,2.60000000e+00,2.50937500e+00,-1.12500000e-02,5.44531250e-01
9.13200000e-07,2.58750000e+00,2.60937500e+00,-1.93750000e-02,4.39843750e-01
9.13520000e-07,2.40000000e+00,2.58437500e+00,-3.12500000e-02,4.61718750e-01
9.13840000e-07,2.35000000e+00,2.55937500e+00,-2.18750000e-02,4.83593750e-01
9.14160000e-07,2.30000000e+00,2.45937500e+00,-1.25000000e-02,4.64843750e-01
9.14480000e-07,2.43750000e+00,2.54687500e+00,8.12500000e-03,4.22656250e-01
9.14800000e-07,2.52500000e+00,2.47187500e+00,-4.12500000e-02,4.65625000e-01
9.15120000e-07,2.63750000e+00,2.55937500e+00,-9.37500000e-03,4.82031250e-01
9.15440000e-07,2.43750000e+00,2.47187500e+00,-7.50000000e-03,4.92187500e-01
9.15760000e-07,2.33750000e+00,2.59687500e+00,-9.37500000e-03,4.92187500e-01
9.16080000e-07,2.21250000e+00,2.60937500e+00,-1.43750000e-02,4.00000000e-01
9.16400000e-07,2.44062500e+00,2.50937500e+00,-1.87500000e-03,3.85156250e-01
9.16720000e-07,2.48750000e+00,2.52187500e+00,-7.50000000e-03,4.21093750e-01
9.17040000e-07,2.35000000e+00,2.68437500e+00,-3.37500000e-02,5.16406250e-01
9.17360000e-07,2.51250000e+00,2.50937500e+00,-3.31250000e-02,5.59375000e-01
9.17680000e-07,2.48750000e+00,2.65937500e+00,-2.75000000e-02,4.72656250e-01
9.18000000e-07,2.47500000e+00,2.49687500e+00,-6.25000000e-03,4.08593750e-01
9.18320000e-07,2.41250000e+00,2.48437500e+00,-3.06250000e-02,4.67187500e-01
9.18640000e-07,2.46250000e+00,2.62187500e+00,-3.56250000e-02,5.45312500e-01
9.18960000e-07,2.57500000e+00,2.65937500e+00,-9.37500000e-03,5.39843750e-01
9.19280000e-07,2.40000000e+00,2.53437500e+00,-2.18750000e-02,5.65625000e-01
9.19600000e-07,2.41250000e+00,2.62187500e+00,-4.87500000e-02,5.93750000e-01
9.19920000e-07,2.36250000e+00,2.55937500e+00,-4.06250000e-02,5.57031250e-01
9.20240000e-07,2.50000000e+00,2.50937500e+00,-1.62500000e-02,4.32812500e-01
9.20560000e-07,2.47500000e+00,2.57187500e+00,-1.68750000e-02,4.20312500e-01
9.20880000e-07,2.46250000e+00,2.60937500e+00,-2.25000000e-02,4.77343750e-01
9.21200000e-07,2.40000000e+00,2.49687500e+00,-2.18750000e-02,4.67968750e-01
9.21520000e-07,2.32500000e+00,2.59687500e+00,-1.93750000e-02,4.96093750e-01
9.21840000e-07,2.47500000e+00,2.54687500e+00,2.56250000e-02,4.82812500e-01
9.22160000e-07,2.36250000e+00,2.55937500e+00,-3.37500000e-02,4.85937500e-01
9.22480000e-07,2.47500000e+00,2.57187500e+00,-4.81250000e-02,4.54687500e-01
9.22800000e-07,2.36250000e+00,2.44687500e+00,-4.37500000e-03,4.27343750e-01
9.23120000e-07,2.37500000e+00,2.40937500e+00,6.25000000e-03,4.85937500e-01
9.23440000e-07,2.35000000e+00,2.62187500e+00,3.12500000e-03,5.45312500e-01
9.23760000e-07,2.53750000e+00,2.57187500e+00,-1.68750000e-02,5.10937500e-01
9.24080000e-07,2.37500000e+00,2.50937500e+00,3.12500000e-03,4.97656250e-01
9.24400000e-07,2.43750000e+00,2.48437500e+00,1.06250000e-02,4.63281250e-01
9.24720000e-07,2.32500000e+00,2.42187500e+00,-3.37500000e-02,4.79687500e-01
9.25040000e-07,2.28750000e+00,2.55937500e+00,-3.37500000e-02,4.15625000e-01
9.25360000e-07,2.50312500e+00,2.62187500e+00,-3.12500000e-02,4.01562500e-01
9.25680000e-07,2.46250000e+00,2.48437500e+00,-1.37500000e-02,5.35156250e-01
9.26000000e-07,2.61250000e+00,2.62187500e+00,-2.00000000e-02,4.92968750e-01
9.26320000e-07,2.46250000e+00,2.52187500e+00,-3.37500000e-02,4.16406250e-01
9.26640000e-07,2.45000000e+00,2.53437500e+00,-2.12500000e-02,4.81250000e-01
9.26960000e-07,2.45000000e+00,2.52187500e+00,-9.37500000e-03,5.41406250e-01
9.27280000e-07,2.33750000e+00,2.64687500e+00,-1.43750000e-02,5.43750000e-01
9.27600000e-07,2.30000000e+00,2.48437500e+00,5.62500000e-03,5.13281250e-01
9.27920000e-07,2.42812500e+00,2.64687500e+00,-1.50000000e-02,5.68750000e-01
9.28240000e-07,2.55000000e+00,2.45937500e+00,-3.31250000e-02,6.25781250e-01
9.28560000e-07,2.38750000e+00,2.45937500e+00,3.75000000e-03,4.57031250e-01
9.28880000e-07,2.50000000e+00,2.42187500e+00,-2.18750000e-02,3.67968750e-01
9.29200000e-07,2.48750000e+00,2.49687500e+00,-4.62500000e-02,4.99218750e-01
9.29520000e-07,2.43750000e+00,2.55937500e+00,-3.75000000e-03,5.47656250e-01
9.29840000e-07,2.51250000e+00,2.37187500e+00,-3.87500000e-02,5.12500000e-01
9.30160000e-07,2.46250000e+00,2.57187500e+00,-3.06250000e-02,5.12500000e-01
9.30480000e-07,2.47500000e+00,2.58437500e+00,5.00000000e-03,5.43750000e-01
9.30800000e-07,2.56250000e+00,2.42187500e+00,-6.31250000e-02,4.53906250e-01
9.31120000e-07,2.40000000e+00,2.50937500e+00,-3.50000000e-02,4.31250000e-01
9.31440000e-07,2.31250000e+00,2.53437500e+00,1.12500000e-02,5.00781250e-01
9.31760000e-07,2.47500000e+00,2.64687500e+00,3.75000000e-03,5.44531250e-01
9.32080000e-07,2.43750000e+00,2.38437500e+00,-2.56250000e-02,5.37500000e-01
9.32400000e-07,2.38750000e+00,2.77187500e+00,-1.43750000e-02,6.10937500e-01
9.32720000e-07,2.46250000e+00,2.48437500e+00,-3.56250000e-02,5.17968750e-01
9.33040000e-07,2.42500000e+00,2.59687500e+00,3.12500000e-03,4.31250000e-01
9.33360000e-07,2.48750000e+00,2.48437500e+00,-2.18750000e-02,4.81250000e-01
9.33680000e-07,2.45000000e+00,2.64687500e+00,-4.37500000e-03,4.89843750e-01
9.34000000e-07,2.46250000e+00,2.60937500e+00,-4.37500000e-03,5.02343750e-01
9.34320000e-07,2.45000000e+00,2.64687500e+00,-6.87500000e-03,5.13281250e-01
9.34640000e-07,2.40000000e+00,2.72187500e+00,-4.37500000e-03,5.55468750e-01
9.34960000e-07,2.48750000e+00,2.68437500e+00,-1.18750000e-02,5.33593750e-01
9.35280000e-07,2.38750000e+00,2.55937500e+00,-1.87500000e-03,4.55468750e-01
9.35600000e-07,2.32500000e+00,2.54687500e+00,-1.87500000e-03,3.98437500e-01
9.35920000e-07,2.43750000e+00,2.47187500e+00,-1.68750000e-02,4.14843750e-01
9.36240000e-07,2.31250000e+00,2.54687500e+00,-1.18750000e-02,4.25000000e-01
9.36560000e-07,2.42500000e+00,2.48437500e+00,-6.87500000e-03,4.26562500e-01
9.36880000e-07,2.47500000e+00,2.72187500e+00,3.12500000e-03,4.52343750e-01
9.37200000e-07,2.35000000e+00,2.58437500e+00,-6.87500000e-03,5.28906250e-01
9.37520000e-07,2.43750000e+00,2.58437500e+00,-4.37500000e-03,5.39843750e-01
9.37840000e-07,2.38750000e+00,2.58437500e+00,-3.62500000e-02,5.28125000e-01
9.38160000e-07,2.50000000e+00,2.65937500e+00,-2.56250000e-02,4.40625000e-01
9.38480000e-07,2.45000000e+00,2.59687500e+00,-9.37500000e-03,4.59375000e-01
9.38800000e-07,2.36250000e+00,2.57187500e+00,-1.62500000e-02,4.28906250e-01
9.39120000e-07,2.37500000e+00,2.62187500e+00,1.06250000e-02,4.23437500e-01
9.39440000e-07,2.45000000e+00,2.60937500e+00,-3.87500000e-02,4.75000000e-01
9.39760000e-07,2.42500000e+00,2.64687500e+00,-3.31250000e-02,5.06250000e-01
9.40080000e-07,2.42500000e+00,2.57187500e+00,-1.43750000e-02,4.75000000e-01
9.40400000e-07,2.51250000e+00,2.50937500e+00,-2.75000000e-02,4.65625000e-01
9.40720000e-07,2.45000000e+00,2.44687500e+00,6.25000000e-04,4.53906250e-01
9.41040000e-07,2.45000000e+00,2.49687500e+00,-2.00000000e-02,4.89062500e-01
9.41360000e-07,2.40000000e+00,2.64687500e+00,-3.31250000e-02,4.44531250e-01
9.41680000e-07,2.46250000e+00,2.48437500e+00,1.25000000e-03,4.18750000e-01
9.42000000e-07,2.42500000e+00,2.60937500e+00,-3.75000000e-03,4.79687500e-01
9.42320000e-07,2.38750000e+00,2.58437500e+00,-1.93750000e-02,4.47656250e-01
9.42640000e-07,2.45000000e+00,2.65937500e+00,-9.37500000e-03,4.78906250e-01
9.42960000e-07,2.37500000e+00,2.53437500e+00,-3.62500000e-02,5.04687500e-01
9.43280000e-07,2.43750000e+00,2.42187500e+00,-1.18750000e-02,5.24218750e-01
9.43600000e-07,2.48750000e+00,2.40937500e+00,-2.68750000e-02,4.98437500e-01
9.43920000e-07,2.45000000e+00,2.57187500e+00,-6.75000000e-02,4.57031250e-01
9.44240000e-07,2.33750000e+00,2.52187500e+00,-2.56250000e-02,4.41406250e-01
9.44560000e-07,2.40000000e+00,2.58437500e+00,-1.37500000e-02,4.25781250e-01
9.44880000e-07,2.45000000e+00,2.58437500e+00,-1.25000000e-03,4.48437500e-01
9.45200000e-07,2.46250000e+00,2.64687500e+00,-4.37500000e-03,4.79687500e-01
9.45520000e-07,2.47500000e+00,2.59687500e+00,-3.12500000e-02,4.83593750e-01
9.45840000e-07,2.58750000e+00,2.54687500e+00,-1.43750000e-02,4.10156250e-01
9.46160000e-07,2.46250000e+00,2.52187500e+00,0.00000000e+00,3.87500000e-01
9.46480000e-07,2.37500000e+00,2.57187500e+00,-3.87500000e-02,4.46875000e-01
9.46800000e-07,2.31250000e+00,2.53437500e+00,-4.56250000e-02,4.26562500e-01
9.47120000e-07,2.41250000e+00,2.68437500e+00,1.06250000e-02,4.18750000e-01
9.47440000e-07,2.40000000e+00,2.49687500e+00,-1.25000000e-03,4.03906250e-01
9.47760000e-07,2.33750000e+00,2.65937500e+00,-1.43750000e-02,4.46093750e-01
9.48080000e-07,2.47500000e+00,2.57187500e+00,-3.06250000e-02,4.77343750e-01
9.48400000e-07,2.57500000e+00,2.60937500e+00,8.12500000e-03,4.58593750e-01
9.48720000e-07,2.37500000e+00,2.59687500e+00,-4.62500000e-02,4.74218750e-01
9.49040000e-07,2.55000000e+00,2.60937500e+00,-4.62500000e-02,3.93750000e-01
9.49360000e-07,2.45000000e+00,2.58437500e+00,-1.75000000e-02,3.89062500e-01
9.49680000e-07,2.38750000e+00,2.47187500e+00,-2.56250000e-02,4.00000000e-01
9.50000000e-07,2.36250000e+00,2.50937500e+00,3.75000000e-03,4.15625000e-01
9.50320000e-07,2.42500000e+00,2.67187500e+00,-1.93750000e-02,4.28906250e-01
9.50640000e-07,2.45000000e+00,2.43437500e+00,-5.87500000e-02,4.93750000e-01
9.50960000e-07,2.51250000e+00,2.54687500e+00,-2.50000000e-02,5.89843750e-01
9.51280000e-07,2.51250000e+00,2.47187500e+00,-2.75000000e-02,6.14062500e-01
9.51600000e-07,2.61250000e+00,2.50937500e+00,-1.25000000e-03,5.28125000e-01
9.51920000e-07,2.42500000e+00,2.53437500e+00,-4.37500000e-03,4.39062500e-01
9.52240000e-07,2.46250000e+00,2.45937500e+00,8.12500000e-03,4.75000000e-01
9.52560000e-07,2.40000000e+00,2.43437500e+00,1.56250000e-02,5.30468750e-01
9.52880000e-07,2.43750000e+00,2.63437500e+00,-1.68750000e-02,4.73437500e-01
9.53200000e-07,2.35000000e+00,2.63437500e+00,-2.18750000e-02,4.64062500e-01
9.53520000e-07,2.36250000e+00,2.69687500e+00,8.12500000e-03,4.47656250e-01
9.53840000e-07,2.43750000e+00,2.57187500e+00,-3.37500000e-02,4.05468750e-01
9.54160000e-07,2.43750000e+00,2.72187500e+00,-2.56250000e-02,3.46875000e-01
9.54480000e-07,2.47500000e+00,2.43437500e+00,-1.50000000e-02,4.11718750e-01
9.54800000e-07,2.45000000e+00,2.62187500e+00,-3.75000000e-02,4.69531250e-01
9.55120000e-07,2.37500000e+00,2.58437500e+00,-6.25000000e-03,4.60156250e-01
9.55440000e-07,2.42500000e+00,2.55937500e+00,-2.56250000e-02,4.45312500e-01
9.55760000e-07,2.37500000e+00,2.47187500e+00,-4.62500000e-02,4.28125000e-01
9.56080000e-07,2.35000000e+00,2.50937500e+00,-6.87500000e-03,4.23437500e-01
9.56400000e-07,2.41250000e+00,2.55937500e+00,2.31250000e-02,4.26562500e-01
9.56720000e-07,2.53750000e+00,2.67187500e+00,-3.12500000e-02,3.90625000e-01
9.57040000e-07,2.40000000e+00,2.54687500e+00,-3.31250000e-02,4.04687500e-01
9.57360000e-07,2.40000000e+00,2.55937500e+00,8.12500000e-03,4.93750000e-01
9.57680000e-07,2.52500000e+00,2.63437500e+00,-1.12500000e-02,6.03906250e-01
9.58000000e-07,2.53750000e+00,2.55937500e+00,8.12500000e-03,5.25000000e-01
9.58320000e-07,2.41250000e+00,2.63437500e+00,-2.18750000e-02,5.00781250e-01
9.58640000e-07,2.38750000e+00,2.60937500e+00,5.62500000e-03,5.02343750e-01
9.58960000e-07,2.31250000e+00,2.43437500e+00,-9.37500000e-03,4.79687500e-01
9.59280000e-07,2.43750000e+00,2.45937500e+00,1.06250000e-02,4.79687500e-01
9.59600000e-07,2.37500000e+00,2.58437500e+00,-5.18750000e-02,4.89843750e-01
9.59920000e-07,2.48750000e+00,2.67187500e+00,-5.62500000e-02,4.74218750e-01
9.60240000e-07,2.55000000e+00,2.47187500e+00,-9.37500000e-03,4.33593750e-01
9.60560000e-07,2.42500000e+00,2.57187500e+00,-7.50000000e-03,4.85156250e-01
9.60880000e-07,2.37500000e+00,2.57187500e+00,-3.81250000e-02,5.36718750e-01
9.61200000e-07,2.48750000e+00,2.57187500e+00,1.06250000e-02,5.54687500e-01
9.61520000e-07,2.38750000e+00,2.53437500e+00,-1.87500000e-03,5.13281250e-01
9.61840000e-07,2.36250000e+00,2.57187500e+00,1.31250000e-02,4.14843750e-01
9.62160000e-07,2.42500000e+00,2.50937500e+00,-3.62500000e-02,4.55468750e-01
9.62480000e-07,2.33750000e+00,2.50937500e+00,-2.18750000e-02,4.96875000e-01
9.62800000e-07,2.45000000e+00,2.54687500e+00,-2.25000000e-02,5.00781250e-01
9.63120000e-07,2.47500000e+00,2.70937500e+00,-1.68750000e-02,5.02343750e-01
9.63440000e-07,2.48750000e+00,2.54687500e+00,-4.12500000e-02,4.82812500e-01
9.63760000e-07,2.38750000e+00,2.45937500e+00,-4.37500000e-03,5.00000000e-01
9.64080000e-07,2.52500000e+00,2.55937500e+00,0.00000000e+00,5.54687500e-01
9.64400000e-07,2.27500000e+00,2.55937500e+00,-1.68750000e-02,5.49218750e-01
9.64720000e-07,2.57500000e+00,2.49687500e+00,-4.37500000e-03,4.44531250e-01
9.65040000e-07,2.58750000e+00,2.48437500e+00,5.00000000e-03,4.52343750e-01
9.65360000e-07,2.41250000e+00,2.47187500e+00,-4.87500000e-02,4.60156250e-01
9.65680000e-07,2.42500000e+00,2.60937500e+00,-1.62500000e-02,4.35156250e-01
9.66000000e-07,2.37500000e+00,2.52187500e+00,-4.12500000e-02,5.40625000e-01
9.66320000e-07,2.42500000e+00,2.49687500e+00,-3.37500000e-02,5.64062500e-01
9.66640000e-07,2.36250000e+00,2.48437500e+00,-4.81250000e-02,5.04687500e-01
9.66960000e-07,2.27500000e+00,2.60937500e+00,3.37500000e-02,4.24218750e-01
9.67280000e-07,2.31562500e+00,2.50937500e+00,6.25000000e-03,4.37500000e-01
9.67600000e-07,2.49687500e+00,2.45937500e+00,-3.37500000e-02,4.10156250e-01
9.67920000e-07,2.56250000e+00,2.52187500e+00,-3.37500000e-02,4.14062500e-01
9.68240000e-07,2.42500000e+00,2.63437500e+00,-4.12500000e-02,4.23437500e-01
9.68560000e-07,2.45000000e+00,2.62187500e+00,-2.75000000e-02,4.64062500e-01
9.68880000e-07,2.46250000e+00,2.70937500e+00,2.12500000e-02,5.28906250e-01
9.69200000e-07,2.47500000e+00,2.50937500e+00,-1.12500000e-02,5.25000000e-01
9.69520000e-07,2.38750000e+00,2.69687500e+00,-1.43750000e-02,4.85156250e-01
9.69840000e-07,2.40000000e+00,2.55937500e+00,-4.37500000e-03,4.91406250e-01
9.70160000e-07,2.40000000e+00,2.55937500e+00,-2.56250000e-02,5.22656250e-01
9.70480000e-07,2.40000000e+00,2.50937500e+00,-4.37500000e-03,5.22656250e-01
9.70800000e-07,2.51250000e+00,2.63437500e+00,-4.12500000e-02,5.50000000e-01
9.71120000e-07,2.48750000e+00,2.50937500e+00,-3.81250000e-02,5.46093750e-01
9.71440000e-07,2.61250000e+00,2.52187500e+00,-1.75000000e-02,4.41406250e-01
9.71760000e-07,2.45000000e+00,2.45937500e+00,-3.81250000e-02,3.89843750e-01
9.72080000e-07,2.37500000e+00,2.58437500e+00,-1.62500000e-02,3.94531250e-01
9.72400000e-07,2.36250000e+00,2.52187500e+00,-1.43750000e-02,4.67968750e-01
9.72720000e-07,2.46250000e+00,2.64687500e+00,-1.43750000e-02,5.39062500e-01
9.73040000e-07,2.51250000e+00,2.44687500e+00,-1.18750000e-02,5.56250000e-01
9.73360000e-07,2.43750000e+00,2.47187500e+00,-1.87500000e-03,4.80468750e-01
9.73680000e-07,2.41250000e+00,2.60937500e+00,-1.93750000e-02,3.75781250e-01
9.74000000e-07,2.46250000e+00,2.65937500e+00,5.62500000e-03,4.50000000e-01
9.74320000e-07,2.45000000e+00,2.65937500e+00,-1.75000000e-02,5.03125000e-01
9.74640000e-07,2.37500000e+00,2.49687500e+00,-3.87500000e-02,5.04687500e-01
9.74960000e-07,2.45000000e+00,2.52187500e+00,-4.00000000e-02,4.48437500e-01
9.75280000e-07,2.35000000e+00,2.52187500e+00,-1.93750000e-02,4.87500000e-01
9.75600000e-07,2.50000000e+00,2.40937500e+00,-3.31250000e-02,4.68750000e-01
9.75920000e-07,2.48750000e+00,2.59687500e+00,-2.50000000e-02,4.71093750e-01
9.76240000e-07,2.38750000e+00,2.52187500e+00,-6.25000000e-03,5.90625000e-01
9.76560000e-07,2.55000000e+00,2.55937500e+00,-1.68750000e-02,5.64062500e-01
9.76880000e-07,2.51250000e+00,2.53437500e+00,-6.75000000e-02,4.53125000e-01
9.77200000e-07,2.45000000e+00,2.55937500e+00,-2.75000000e-02,3.86718750e-01
9.77520000e-07,2.42500000e+00,2.60937500e+00,-1.25000000e-03,3.94531250e-01
9.77840000e-07,2.36250000e+00,2.72187500e+00,-1.87500000e-02,4.21875000e-01
9.78160000e-07,2.38750000e+00,2.70937500e+00,-6.87500000e-03,4.49218750e-01
9.78480000e-07,2.46250000e+00,2.48437500e+00,-1.87500000e-03,4.67187500e-01
9.78800000e-07,2.41250000e+00,2.59687500e+00,-9.37500000e-03,4.49218750e-01
9.79120000e-07,2.40000000e+00,2.63437500e+00,-1.18750000e-02,4.50781250e-01
9.79440000e-07,2.46250000e+00,2.45937500e+00,-2.81250000e-02,5.25781250e-01
9.79760000e-07,2.52500000e+00,2.49687500e+00,-1.25000000e-02,4.75781250e-01
9.80080000e-07,2.51250000e+00,2.54687500e+00,-3.12500000e-02,5.15625000e-01
9.80400000e-07,2.38750000e+00,2.59687500e+00,-2.18750000e-02,6.04687500e-01
9.80720000e-07,2.56250000e+00,2.53437500e+00,-2.56250000e-02,6.17187500e-01
9.81040000e-07,2.46250000e+00,2.62187500e+00,-1.93750000e-02,5.79687500e-01
9.81360000e-07,2.52500000e+00,2.49687500e+00,-3.81250000e-02,5.26562500e-01
9.81680000e-07,2.37500000e+00,2.49687500e+00,-2.56250000e-02,5.60937500e-01
9.82000000e-07,2.41250000e+00,2.50937500e+00,-1.87500000e-02,5.06250000e-01
9.82320000e-07,2.38750000e+00,2.67187500e+00,1.06250000e-02,4.80468750e-01
9.82640000e-07,2.35000000e+00,2.47187500e+00,-1.50000000e-02,5.36718750e-01
9.82960000e-07,2.36250000e+00,2.52187500e+00,-4.06250000e-02,4.68750000e-01
9.83280000e-07,2.40000000e+00,2.43437500e+00,-6.25000000e-03,4.39843750e-01
9.83600000e-07,2.53750000e+00,2.44687500e+00,-1.37500000e-02,5.03906250e-01
9.83920000e-07,2.60000000e+00,2.57187500e+00,-3.56250000e-02,5.81250000e-01
9.84240000e-07,2.40000000e+00,2.63437500e+00,-4.37500000e-03,4.62500000e-01
9.84560000e-07,2.46250000e+00,2.43437500e+00,-3.56250000e-02,4.39062500e-01
9.84880000e-07,2.43750000e+00,2.40937500e+00,-1.87500000e-03,4.71093750e-01
9.85200000e-07,2.45000000e+00,2.53437500e+00,-2.87500000e-02,4.98437500e-01
9.85520000e-07,2.46250000e+00,2.60937500e+00,-1.93750000e-02,5.14843750e-01
9.85840000e-07,2.50000000e+00,2.42187500e+00,0.00000000e+00,5.53125000e-01
9.86160000e-07,2.50000000e+00,2.58437500e+00,3.12500000e-03,4.70312500e-01
9.86480000e-07,2.40000000e+00,2.48437500e+00,-4.37500000e-03,4.43750000e-01
9.86800000e-07,2.31250000e+00,2.48437500e+00,-1.43750000e-02,4.78906250e-01
9.87120000e-07,2.35000000e+00,2.49687500e+00,-1.43750000e-02,5.10156250e-01
9.87440000e-07,2.45000000e+00,2.59687500e+00,-1.68750000e-02,4.80468750e-01
9.87760000e-07,2.46250000e+00,2.32187500e+00,-1.93750000e-02,4.67187500e-01
9.88080000e-07,2.42500000e+00,2.48437500e+00,-1.93750000e-02,4.60937500e-01
9.88400000e-07,2.35000000e+00,2.57187500e+00,-1.87500000e-03,5.25000000e-01
9.88720000e-07,2.36250000e+00,2.53437500e+00,-1.93750000e-02,5.44531250e-01
9.89040000e-07,2.46250000e+00,2.49687500e+00,-2.25000000e-02,5.31250000e-01
9.89360000e-07,2.43750000e+00,2.44687500e+00,-2.62500000e-02,5.46875000e-01
9.89680000e-07,2.36250000e+00,2.54687500e+00,-1.37500000e-02,5.29687500e-01
9.90000000e-07,2.58750000e+00,2.54687500e+00,6.25000000e-04,4.99218750e-01
9.90320000e-07,2.43750000e+00,2.47187500e+00,-1.68750000e-02,5.01562500e-01
9.90640000e-07,2.41250000e+00,2.53437500e+00,1.81250000e-02,5.51562500e-01
9.90960000e-07,2.51250000e+00,2.49687500e+00,-9.37500000e-03,5.25000000e-01
9.91280000e-07,2.41250000e+00,2.55937500e+00,-3.12500000e-02,4.85156250e-01
9.91600000e-07,2.36250000e+00,2.57187500e+00,-3.31250000e-02,5.00000000e-01
9.91920000e-07,2.42500000e+00,2.54687500e+00,-9.37500000e-03,5.52343750e-01
9.92240000e-07,2.42500000e+00,2.45937500e+00,-3.75000000e-03,5.42187500e-01
9.92560000e-07,2.35000000e+00,2.54687500e+00,-1.00000000e-02,4.85156250e-01
9.92880000e-07,2.42500000e+00,2.58437500e+00,-2.81250000e-02,4.07812500e-01
9.93200000e-07,2.47500000e+00,2.59687500e+00,-1.25000000e-03,4.34375000e-01
9.93520000e-07,2.47500000e+00,2.44687500e+00,-3.06250000e-02,5.00781250e-01
9.93840000e-07,2.43750000e+00,2.54687500e+00,-2.56250000e-02,4.82812500e-01
9.94160000e-07,2.55000000e+00,2.44687500e+00,-1.43750000e-02,4.87500000e-01
9.94480000e-07,2.47500000e+00,2.44687500e+00,-1.68750000e-02,4.78906250e-01
9.94800000e-07,2.46250000e+00,2.55937500e+00,-3.31250000e-02,4.57812500e-01
9.95120000e-07,2.42500000e+00,2.59687500e+00,3.75000000e-03,4.53125000e-01
9.95440000e-07,2.46250000e+00,2.55937500e+00,-4.06250000e-02,5.51562500e-01
9.95760000e-07,2.40000000e+00,2.67187500e+00,-2.81250000e-02,5.65625000e-01
9.96080000e-07,2.47500000e+00,2.53437500e+00,-1.43750000e-02,5.25000000e-01
9.96400000e-07,2.55000000e+00,2.60937500e+00,-2.56250000e-02,4.64062500e-01
9.96720000e-07,2.35000000e+00,2.50937500e+00,-2.81250000e-02,5.25000000e-01
9.97040000e-07,2.48750000e+00,2.55937500e+00,-2.00000000e-02,5.17968750e-01
9.97360000e-07,2.47500000e+00,2.53437500e+00,-1.37500000e-02,5.00781250e-01
9.97680000e-07,2.31250000e+00,2.54687500e+00,0.00000000e+00,4.15625000e-01
9.98000000e-07,2.43750000e+00,2.54687500e+00,-2.62500000e-02,3.76562500e-01
9.98320000e-07,2.26250000e+00,2.59687500e+00,-2.12500000e-02,4.33593750e-01
9.98640000e-07,2.36250000e+00,2.57187500e+00,1.06250000e-02,5.21875000e-01
9.98960000e-07,2.45625000e+00,2.47187500e+00,-1.50000000e-02,5.83593750e-01
9.99280000e-07,2.47500000e+00,2.53437500e+00,-5.87500000e-02,5.07812500e-01
9.99600000e-07,2.58750000e+00,2.53437500e+00,-3.75000000e-03,4.78906250e-01
9.99920000e-07,2.52500000e+00,2.43437500e+00,-1.93750000e-02,5.39062500e-01
1.00024000e-06,2.43750000e+00,2.59687500e+00,8.12500000e-03,5.29687500e-01
1.00056000e-06,2.36250000e+00,2.62187500e+00,-1.43750000e-02,4.70312500e-01
1.00088000e-06,2.42500000e+00,2.54687500e+00,-4.37500000e-03,5.65625000e-01
1.00120000e-06,2.35000000e+00,2.45937500e+00,-3.37500000e-02,5.83593750e-01
1.00152000e-06,2.31250000e+00,2.55937500e+00,-3.06250000e-02,5.25781250e-01
1.00184000e-06,2.46250000e+00,2.52187500e+00,-9.37500000e-03,4.75781250e-01
1.00216000e-06,2.42500000e+00,2.59687500e+00,1.25000000e-03,4.97656250e-01
1.00248000e-06,2.30000000e+00,2.47187500e+00,-6.87500000e-03,4.62500000e-01
1.00280000e-06,2.41250000e+00,2.49687500e+00,-9.37500000e-03,4.28125000e-01
1.00312000e-06,2.35000000e+00,2.54687500e+00,-2.62500000e-02,4.87500000e-01
1.00344000e-06,2.45000000e+00,2.49687500e+00,-3.56250000e-02,5.05468750e-01
1.00376000e-06,2.47500000e+00,2.57187500e+00,1.81250000e-02,4.58593750e-01
1.00408000e-06,2.41250000e+00,2.59687500e+00,-3.75000000e-03,4.83593750e-01
1.00440000e-06,2.42500000e+00,2.50937500e+00,-4.12500000e-02,5.68750000e-01
1.00472000e-06,2.38750000e+00,2.62187500e+00,-2.81250000e-02,5.60156250e-01
1.00504000e-06,2.46250000e+00,2.45937500e+00,-2.56250000e-02,4.24218750e-01
1.00536000e-06,2.43750000e+00,2.58437500e+00,-8.75000000e-03,3.47656250e-01
1.00568000e-06,2.50000000e+00,2.59687500e+00,-2.18750000e-02,4.71875000e-01
1.00600000e-06,2.48750000e+00,2.52187500e+00,-7.50000000e-03,4.38281250e-01
1.00632000e-06,2.45000000e+00,2.33437500e+00,-3.12500000e-02,4.14843750e-01
1.00664000e-06,2.35000000e+00,2.49687500e+00,3.75000000e-03,4.92187500e-01
1.00696000e-06,2.53750000e+00,2.70937500e+00,-1.75000000e-02,4.93750000e-01
1.00728000e-06,2.55000000e+00,2.55937500e+00,-2.62500000e-02,5.17187500e-01
1.00760000e-06,2.37500000e+00,2.52187500e+00,-1.87500000e-02,5.21093750e-01
1.00792000e-06,2.32500000e+00,2.50937500e+00,-6.87500000e-03,4.15625000e-01
1.00824000e-06,2.41250000e+00,2.47187500e+00,-1.93750000e-02,4.54687500e-01
1.00856000e-06,2.51250000e+00,2.64687500e+00,-1.87500000e-03,4.61718750e-01
1.00888000e-06,2.53750000e+00,2.53437500e+00,-1.87500000e-03,4.02343750e-01
1.00920000e-06,2.48750000e+00,2.50937500e+00,-3.87500000e-02,4.38281250e-01
1.00952000e-06,2.47500000e+00,2.53437500e+00,-5.87500000e-02,5.14843750e-01
1.00984000e-06,2.38750000e+00,2.64687500e+00,-9.37500000e-03,4.51562500e-01
1.01016000e-06,2.46250000e+00,2.50937500e+00,-6.87500000e-03,3.86718750e-01
1.01048000e-06,2.51250000e+00,2.55937500e+00,-7.50000000e-03,4.32812500e-01
1.01080000e-06,2.41250000e+00,2.47187500e+00,-4.87500000e-02,4.50000000e-01
1.01112000e-06,2.38750000e+00,2.59687500e+00,-2.81250000e-02,4.03125000e-01
1.01144000e-06,2.37500000e+00,2.55937500e+00,-4.06250000e-02,4.42968750e-01
1.01176000e-06,2.43750000e+00,2.58437500e+00,-3.31250000e-02,4.67187500e-01
1.01208000e-06,2.58750000e+00,2.43437500e+00,-1.87500000e-02,4.85156250e-01
1.01240000e-06,2.42500000e+00,2.53437500e+00,-9.37500000e-03,5.04687500e-01
1.01272000e-06,2.30000000e+00,2.44687500e+00,-1.00000000e-02,4.95312500e-01
1.01304000e-06,2.41250000e+00,2.58437500e+00,-3.62500000e-02,5.30468750e-01
1.01336000e-06,2.41875000e+00,2.53437500e+00,-2.75000000e-02,5.53125000e-01
1.01368000e-06,2.48750000e+00,2.55937500e+00,-1.25000000e-03,4.84375000e-01
1.01400000e-06,2.41250000e+00,2.47187500e+00,-2.12500000e-02,4.82812500e-01
1.01432000e-06,2.27500000e+00,2.57187500e+00,-1.87500000e-03,4.65625000e-01
1.01464000e-06,2.48750000e+00,2.54687500e+00,-4.81250000e-02,4.82812500e-01
1.01496000e-06,2.50000000e+00,2.63437500e+00,3.12500000e-03,4.92968750e-01
1.01528000e-06,2.42500000e+00,2.48437500e+00,3.12500000e-03,4.63281250e-01
1.01560000e-06,2.43750000e+00,2.49687500e+00,-1.75000000e-02,4.59375000e-01
1.01592000e-06,2.56250000e+00,2.52187500e+00,-3.37500000e-02,5.28906250e-01
1.01624000e-06,2.51250000e+00,2.52187500e+00,-1.12500000e-02,5.45312500e-01
1.01656000e-06,2.41250000e+00,2.45937500e+00,-1.75000000e-02,4.60937500e-01
1.01688000e-06,2.50000000e+00,2.67187500e+00,-2.81250000e-02,5.01562500e-01
1.01720000e-06,2.37500000e+00,2.50937500e+00,-3.81250000e-02,4.78125000e-01
1.01752000e-06,2.37500000e+00,2.47187500e+00,-6.25000000e-03,5.24218750e-01
1.01784000e-06,2.52500000e+00,2.42187500e+00,-1.75000000e-02,5.61718750e-01
1.01816000e-06,2.57500000e+00,2.52187500e+00,-2.62500000e-02,5.09375000e-01
1.01848000e-06,2.36250000e+00,2.53437500e+00,-5.12500000e-02,4.95312500e-01
1.01880000e-06,2.52500000e+00,2.55937500e+00,-1.25000000e-02,4.46875000e-01
1.01912000e-06,2.58750000e+00,2.53437500e+00,-3.81250000e-02,5.14062500e-01
1.01944000e-06,2.43750000e+00,2.65937500e+00,1.25000000e-03,5.15625000e-01
1.01976000e-06,2.27500000e+00,2.49687500e+00,-3.06250000e-02,4.70312500e-01
1.02008000e-06,2.38750000e+00,2.59687500e+00,-1.93750000e-02,4.76562500e-01
1.02040000e-06,2.58125000e+00,2.40937500e+00,-2.25000000e-02,4.35937500e-01
1.02072000e-06,2.32500000e+00,2.58437500e+00,-1.87500000e-03,5.14843750e-01
1.02104000e-06,2.40000000e+00,2.52187500e+00,-2.56250000e-02,5.15625000e-01
1.02136000e-06,2.47500000e+00,2.59687500e+00,-2.00000000e-02,4.43750000e-01
1.02168000e-06,2.48750000e+00,2.55937500e+00,-3.37500000e-02,4.41406250e-01
1.02200000e-06,2.51250000e+00,2.54687500e+00,-8.75000000e-03,4.56250000e-01
1.02232000e-06,2.52500000e+00,2.40937500e+00,-2.00000000e-02,4.78906250e-01
1.02264000e-06,2.41250000e+00,2.58437500e+00,-2.18750000e-02,5.13281250e-01
1.02296000e-06,2.45000000e+00,2.59687500e+00,-3.37500000e-02,5.12500000e-01
1.02328000e-06,2.52500000e+00,2.59687500e+00,-3.56250000e-02,5.47656250e-01
1.02360000e-06,2.45000000e+00,2.53437500e+00,-1.25000000e-02,5.13281250e-01
1.02392000e-06,2.40000000e+00,2.54687500e+00,-4.56250000e-02,5.00781250e-01
1.02424000e-06,2.33750000e+00,2.63437500e+00,-3.81250000e-02,5.14062500e-01
1.02456000e-06,2.57500000e+00,2.48437500e+00,-3.81250000e-02,5.53125000e-01
1.02488000e-06,2.65000000e+00,2.62187500e+00,-2.12500000e-02,5.77343750e-01
1.02520000e-06,2.42500000e+00,2.60937500e+00,-1.43750000e-02,5.72656250e-01
1.02552000e-06,2.36250000e+00,2.43437500e+00,-1.18750000e-02,4.84375000e-01
1.02584000e-06,2.53750000e+00,2.44687500e+00,-3.37500000e-02,4.60156250e-01
1.02616000e-06,2.46250000e+00,2.50937500e+00,-2.87500000e-02,5.40625000e-01
1.02648000e-06,2.37500000e+00,2.55937500e+00,-1.43750000e-02,5.25781250e-01
1.02680000e-06,2.50000000e+00,2.47187500e+00,-1.87500000e-03,4.61718750e-01
1.02712000e-06,2.37500000e+00,2.59687500e+00,-9.37500000e-03,4.76562500e-01
1.02744000e-06,2.47500000e+00,2.57187500e+00,-4.62500000e-02,4.97656250e-01
1.02776000e-06,2.47500000e+00,2.52187500e+00,-4.87500000e-02,5.31250000e-01
1.02808000e-06,2.37500000e+00,2.37187500e+00,-3.62500000e-02,5.67968750e-01
1.02840000e-06,2.36250000e+00,2.55937500e+00,-8.75000000e-03,5.03125000e-01
1.02872000e-06,2.36250000e+00,2.54687500e+00,-2.62500000e-02,4.29687500e-01
1.02904000e-06,2.41250000e+00,2.60937500e+00,-1.93750000e-02,5.20312500e-01
1.02936000e-06,2.42500000e+00,2.55937500e+00,2.50000000e-03,5.59375000e-01
1.02968000e-06,2.47500000e+00,2.59687500e+00,-4.12500000e-02,5.38281250e-01
1.03000000e-06,2.47500000e+00,2.62187500e+00,-5.12500000e-02,4.67187500e-01
1.03032000e-06,2.48750000e+00,2.53437500e+00,-2.18750000e-02,4.92968750e-01
1.03064000e-06,2.42500000e+00,2.54687500e+00,-1.87500000e-03,5.13281250e-01
1.03096000e-06,2.32500000e+00,2.62187500e+00,-1.25000000e-02,4.45312500e-01
1.03128000e-06,2.45000000e+00,2.52187500e+00,-4.12500000e-02,4.52343750e-01
1.03160000e-06,2.40000000e+00,2.59687500e+00,-2.50000000e-02,4.64843750e-01
1.03192000e-06,2.38750000e+00,2.44687500e+00,-2.81250000e-02,4.76562500e-01
1.03224000e-06,2.46250000e+00,2.52187500e+00,-6.25000000e-03,4.60937500e-01
1.03256000e-06,2.45000000e+00,2.65937500e+00,-1.31250000e-02,4.60937500e-01
1.03288000e-06,2.42500000e+00,2.53437500e+00,-3.12500000e-02,5.46875000e-01
1.03320000e-06,2.45000000e+00,2.44687500e+00,-1.37500000e-02,5.43750000e-01
1.03352000e-06,2.50000000e+00,2.52187500e+00,-3.62500000e-02,5.46093750e-01
1.03384000e-06,2.35000000e+00,2.52187500e+00,-6.12500000e-02,5.32812500e-01
1.03416000e-06,2.32500000e+00,2.59687500e+00,-1.68750000e-02,4.60156250e-01
1.03448000e-06,2.32500000e+00,2.48437500e+00,-1.50000000e-02,4.92968750e-01
1.03480000e-06,2.37500000e+00,2.69687500e+00,-4.62500000e-02,5.53906250e-01
1.03512000e-06,2.60000000e+00,2.59687500e+00,-2.81250000e-02,5.17968750e-01
1.03544000e-06,2.40000000e+00,2.49687500e+00,-1.12500000e-02,4.93750000e-01
1.03576000e-06,2.53750000e+00,2.40937500e+00,-9.37500000e-03,5.19531250e-01
1.03608000e-06,2.60000000e+00,2.43437500e+00,3.12500000e-03,4.83593750e-01
1.03640000e-06,2.42500000e+00,2.52187500e+00,-3.12500000e-02,4.62500000e-01
1.03672000e-06,2.41250000e+00,2.70937500e+00,-3.12500000e-02,4.35156250e-01
1.03704000e-06,2.43750000e+00,2.49687500e+00,-1.43750000e-02,5.07031250e-01
1.03736000e-06,2.53750000e+00,2.55937500e+00,-2.62500000e-02,4.34375000e-01
1.03768000e-06,2.57500000e+00,2.55937500e+00,-2.56250000e-02,4.40625000e-01
1.03800000e-06,2.51250000e+00,2.48437500e+00,-5.00000000e-03,4.31250000e-01
1.03832000e-06,2.41250000e+00,2.47187500e+00,-3.25000000e-02,5.20312500e-01
1.03864000e-06,2.45000000e+00,2.63437500e+00,-8.75000000e-03,4.93750000e-01
1.03896000e-06,2.47500000e+00,2.49687500e+00,-3.06250000e-02,4.27343750e-01
1.03928000e-06,2.55000000e+00,2.48437500e+00,-2.18750000e-02,3.94531250e-01
1.03960000e-06,2.38750000e+00,2.59687500e+00,-8.12500000e-03,4.47656250e-01
1.03992000e-06,2.38750000e+00,2.64687500e+00,-3.87500000e-02,4.64062500e-01
1.04024000e-06,2.43750000e+00,2.48437500e+00,-3.56250000e-02,4.17187500e-01
1.04056000e-06,2.47500000e+00,2.65937500e+00,-6.25000000e-03,4.72656250e-01
1.04088000e-06,2.41250000e+00,2.52187500e+00,-2.62500000e-02,4.85937500e-01
1.04120000e-06,2.47500000e+00,2.43437500e+00,-2.81250000e-02,4.73437500e-01
1.04152000e-06,2.51250000e+00,2.48437500e+00,-1.87500000e-03,3.84375000e-01
1.04184000e-06,2.51250000e+00,2.63437500e+00,-2.81250000e-02,3.64062500e-01
1.04216000e-06,2.38750000e+00,2.59687500e+00,-1.93750000e-02,4.18750000e-01
1.04248000e-06,2.41250000e+00,2.60937500e+00,-5.00000000e-03,5.04687500e-01
1.04280000e-06,2.56250000e+00,2.48437500e+00,-3.87500000e-02,5.32031250e-01
1.04312000e-06,2.52500000e+00,2.52187500e+00,-9.37500000e-03,4.93750000e-01
1.04344000e-06,2.37500000e+00,2.49687500e+00,-2.68750000e-02,4.08593750e-01
1.04376000e-06,2.38750000e+00,2.69687500e+00,-2.56250000e-02,3.96093750e-01
1.04408000e-06,2.27500000e+00,2.57187500e+00,-1.75000000e-02,4.69531250e-01
1.04440000e-06,2.38750000e+00,2.54687500e+00,-3.25000000e-02,5.07031250e-01
1.04472000e-06,2.55625000e+00,2.57187500e+00,-2.18750000e-02,4.96093750e-01
1.04504000e-06,2.33750000e+00,2.54687500e+00,-3.81250000e-02,5.18750000e-01
1.04536000e-06,2.55000000e+00,2.58437500e+00,-3.00000000e-02,5.23437500e-01
1.04568000e-06,2.51250000e+00,2.53437500e+00,-1.25000000e-03,5.14062500e-01
1.04600000e-06,2.55000000e+00,2.53437500e+00,-3.81250000e-02,5.57812500e-01
1.04632000e-06,2.37500000e+00,2.57187500e+00,-4.12500000e-02,4.60937500e-01
1.04664000e-06,2.56250000e+00,2.53437500e+00,-4.12500000e-02,4.35156250e-01
1.04696000e-06,2.41250000e+00,2.70937500e+00,-1.62500000e-02,4.87500000e-01
1.04728000e-06,2.41250000e+00,2.58437500e+00,-2.18750000e-02,5.48437500e-01
1.04760000e-06,2.37500000e+00,2.59687500e+00,-2.62500000e-02,5.29687500e-01
1.04792000e-06,2.51250000e+00,2.38437500e+00,-2.18750000e-02,4.79687500e-01
1.04824000e-06,2.47500000e+00,2.48437500e+00,-1.00000000e-02,5.09375000e-01
1.04856000e-06,2.40000000e+00,2.49687500e+00,-1.68750000e-02,5.54687500e-01
1.04888000e-06,2.38750000e+00,2.48437500e+00,-2.00000000e-02,5.37500000e-01
1.04920000e-06,2.38750000e+00,2.53437500e+00,-2.81250000e-02,5.14062500e-01
1.04952000e-06,2.46250000e+00,2.62187500e+00,2.12500000e-02,4.60937500e-01
1.04984000e-06,2.41250000e+00,2.45937500e+00,-1.18750000e-02,5.02343750e-01
1.05016000e-06,2.42500000e+00,2.53437500e+00,-3.12500000e-02,4.90625000e-01
1.05048000e-06,2.43750000e+00,2.58437500e+00,-4.56250000e-02,4.89062500e-01
1.05080000e-06,2.55000000e+00,2.54687500e+00,-3.06250000e-02,4.75781250e-01
1.05112000e-06,2.38750000e+00,2.40937500e+00,-1.37500000e-02,4.05468750e-01
1.05144000e-06,2.38750000e+00,2.50937500e+00,6.25000000e-04,4.93750000e-01
1.05176000e-06,2.51250000e+00,2.55937500e+00,-4.37500000e-02,5.89843750e-01
1.05208000e-06,2.35000000e+00,2.63437500e+00,-5.62500000e-02,4.72656250e-01
1.05240000e-06,2.45000000e+00,2.62187500e+00,-5.62500000e-02,4.96093750e-01
1.05272000e-06,2.35000000e+00,2.55937500e+00,-3.25000000e-02,4.59375000e-01
1.05304000e-06,2.48750000e+00,2.43437500e+00,-1.87500000e-02,4.56250000e-01
1.05336000e-06,2.46250000e+00,2.57187500e+00,-1.12500000e-02,5.50000000e-01
1.05368000e-06,2.25000000e+00,2.59687500e+00,-4.12500000e-02,5.36718750e-01
1.05400000e-06,2.41250000e+00,2.58437500e+00,-4.12500000e-02,5.09375000e-01
1.05432000e-06,2.43125000e+00,2.58437500e+00,-4.31250000e-02,5.03906250e-01
1.05464000e-06,2.46250000e+00,2.54687500e+00,-6.25000000e-03,5.89843750e-01
1.05496000e-06,2.30000000e+00,2.44687500e+00,1.25000000e-03,5.96093750e-01
1.05528000e-06,2.42500000e+00,2.58437500e+00,-2.87500000e-02,5.03906250e-01
1.05560000e-06,2.51875000e+00,2.54687500e+00,-1.68750000e-02,5.25781250e-01
1.05592000e-06,2.43750000e+00,2.50937500e+00,0.00000000e+00,4.73437500e-01
1.05624000e-06,2.46250000e+00,2.60937500e+00,6.25000000e-04,5.63281250e-01
1.05656000e-06,2.38750000e+00,2.53437500e+00,-6.87500000e-03,5.76562500e-01
1.05688000e-06,2.47500000e+00,2.44687500e+00,-4.37500000e-02,5.04687500e-01
1.05720000e-06,2.31250000e+00,2.65937500e+00,-4.37500000e-02,5.10937500e-01
1.05752000e-06,2.52500000e+00,2.54687500e+00,-2.87500000e-02,5.20312500e-01
1.05784000e-06,2.41250000e+00,2.59687500e+00,-1.87500000e-02,4.84375000e-01
1.05816000e-06,2.33750000e+00,2.47187500e+00,-1.87500000e-03,5.07031250e-01
1.05848000e-06,2.46250000e+00,2.45937500e+00,-1.00000000e-02,5.32812500e-01
1.05880000e-06,2.35000000e+00,2.43437500e+00,-6.12500000e-02,5.39843750e-01
1.05912000e-06,2.42500000e+00,2.55937500e+00,-2.56250000e-02,5.16406250e-01
1.05944000e-06,2.42500000e+00,2.52187500e+00,-2.12500000e-02,4.97656250e-01
1.05976000e-06,2.41250000e+00,2.50937500e+00,-6.87500000e-03,4.46093750e-01
1.06008000e-06,2.31250000e+00,2.58437500e+00,-1.00000000e-02,4.28906250e-01
1.06040000e-06,2.53750000e+00,2.58437500e+00,-2.56250000e-02,4.32031250e-01
1.06072000e-06,2.55000000e+00,2.65937500e+00,-2.12500000e-02,4.83593750e-01
1.06104000e-06,2.46250000e+00,2.63437500e+00,-1.18750000e-02,4.82031250e-01
1.06136000e-06,2.37500000e+00,2.43437500e+00,-4.37500000e-02,4.97656250e-01
1.06168000e-06,2.35000000e+00,2.55937500e+00,-3.75000000e-03,5.67187500e-01
1.06200000e-06,2.36250000e+00,2.59687500e+00,-2.00000000e-02,5.61718750e-01
1.06232000e-06,2.35000000e+00,2.67187500e+00,-3.87500000e-02,5.34375000e-01
1.06264000e-06,2.37500000e+00,2.48437500e+00,-1.37500000e-02,4.86718750e-01
1.06296000e-06,2.31250000e+00,2.45937500e+00,-2.00000000e-02,4.75000000e-01
1.06328000e-06,2.55000000e+00,2.50937500e+00,-4.62500000e-02,4.42968750e-01
1.06360000e-06,2.40000000e+00,2.49687500e+00,-6.25000000e-03,4.57031250e-01
1.06392000e-06,2.47500000e+00,2.48437500e+00,-1.75000000e-02,4.81250000e-01
1.06424000e-06,2.42500000e+00,2.57187500e+00,-3.87500000e-02,4.80468750e-01
1.06456000e-06,2.33750000e+00,2.45937500e+00,-4.06250000e-02,4.71875000e-01
1.06488000e-06,2.56250000e+00,2.59687500e+00,-1.87500000e-02,3.78125000e-01
1.06520000e-06,2.53750000e+00,2.54687500e+00,-1.43750000e-02,3.60156250e-01
1.06552000e-06,2.38750000e+00,2.50937500e+00,-9.37500000e-03,4.61718750e-01
1.06584000e-06,2.40000000e+00,2.42187500e+00,-3.62500000e-02,4.70312500e-01
1.06616000e-06,2.32500000e+00,2.47187500e+00,-2.18750000e-02,4.39843750e-01
1.06648000e-06,2.46250000e+00,2.52187500e+00,-1.81250000e-02,4.33593750e-01
1.06680000e-06,2.55000000e+00,2.52187500e+00,-6.43750000e-02,4.56250000e-01
1.06712000e-06,2.42500000e+00,2.48437500e+00,-5.06250000e-02,4.88281250e-01
1.06744000e-06,2.27500000e+00,2.53437500e+00,-2.18750000e-02,4.78906250e-01
1.06776000e-06,2.45312500e+00,2.42187500e+00,-2.00000000e-02,4.86718750e-01
1.06808000e-06,2.52500000e+00,2.55937500e+00,-1.93750000e-02,5.21875000e-01
1.06840000e-06,2.47500000e+00,2.45937500e+00,-2.62500000e-02,5.26562500e-01
1.06872000e-06,2.37500000e+00,2.53437500e+00,-2.87500000e-02,4.53125000e-01
1.06904000e-06,2.45000000e+00,2.52187500e+00,-3.81250000e-02,4.31250000e-01
1.06936000e-06,2.37500000e+00,2.50937500e+00,-1.43750000e-02,4.82812500e-01
1.06968000e-06,2.33750000e+00,2.44687500e+00,-4.56250000e-02,4.13281250e-01
1.07000000e-06,2.42500000e+00,2.58437500e+00,-3.31250000e-02,4.03125000e-01
1.07032000e-06,2.42500000e+00,2.64687500e+00,-1.62500000e-02,4.89843750e-01
1.07064000e-06,2.36250000e+00,2.64687500e+00,-2.00000000e-02,4.67187500e-01
1.07096000e-06,2.55000000e+00,2.53437500e+00,-3.06250000e-02,4.42187500e-01
1.07128000e-06,2.55000000e+00,2.65937500e+00,3.75000000e-03,5.02343750e-01
1.07160000e-06,2.47500000e+00,2.43437500e+00,-2.12500000e-02,4.64843750e-01
1.07192000e-06,2.47500000e+00,2.48437500e+00,-1.25000000e-02,3.55468750e-01
1.07224000e-06,2.42500000e+00,2.63437500e+00,-3.81250000e-02,4.40625000e-01
1.07256000e-06,2.35000000e+00,2.60937500e+00,-1.37500000e-02,5.24218750e-01
1.07288000e-06,2.35000000e+00,2.62187500e+00,-8.75000000e-03,4.69531250e-01
1.07320000e-06,2.58750000e+00,2.62187500e+00,-1.00000000e-02,4.89843750e-01
1.07352000e-06,2.48750000e+00,2.55937500e+00,-3.12500000e-02,3.96093750e-01
1.07384000e-06,2.42500000e+00,2.50937500e+00,-3.31250000e-02,3.75000000e-01
1.07416000e-06,2.47500000e+00,2.37187500e+00,-2.50000000e-02,4.47656250e-01
1.07448000e-06,2.35000000e+00,2.57187500e+00,-2.81250000e-02,4.22656250e-01
1.07480000e-06,2.51250000e+00,2.50937500e+00,-2.50000000e-02,3.76562500e-01
1.07512000e-06,2.43750000e+00,2.54687500e+00,-2.25000000e-02,4.15625000e-01
1.07544000e-06,2.36250000e+00,2.52187500e+00,-1.62500000e-02,4.60156250e-01
1.07576000e-06,2.52500000e+00,2.67187500e+00,-1.50000000e-02,4.71093750e-01
1.07608000e-06,2.48750000e+00,2.49687500e+00,-3.87500000e-02,4.46875000e-01
1.07640000e-06,2.38750000e+00,2.63437500e+00,-2.50000000e-02,4.20312500e-01
1.07672000e-06,2.40000000e+00,2.59687500e+00,-1.37500000e-02,4.47656250e-01
1.07704000e-06,2.43750000e+00,2.58437500e+00,-1.87500000e-03,4.49218750e-01
1.07736000e-06,2.45000000e+00,2.62187500e+00,-5.12500000e-02,4.14062500e-01
1.07768000e-06,2.50000000e+00,2.58437500e+00,-2.75000000e-02,4.71093750e-01
1.07800000e-06,2.27500000e+00,2.39687500e+00,-8.75000000e-03,5.40625000e-01
1.07832000e-06,2.47500000e+00,2.54687500e+00,-2.12500000e-02,5.03906250e-01
1.07864000e-06,2.55000000e+00,2.54687500e+00,-2.25000000e-02,5.12500000e-01
1.07896000e-06,2.46250000e+00,2.38437500e+00,-2.62500000e-02,5.63281250e-01
1.07928000e-06,2.37500000e+00,2.45937500e+00,-1.87500000e-02,4.78125000e-01
1.07960000e-06,2.41250000e+00,2.64687500e+00,-2.50000000e-03,4.53906250e-01
1.07992000e-06,2.45000000e+00,2.49687500e+00,-5.62500000e-02,5.06250000e-01
1.08024000e-06,2.51250000e+00,2.67187500e+00,-3.00000000e-02,4.99218750e-01
1.08056000e-06,2.42500000e+00,2.49687500e+00,-8.75000000e-03,4.69531250e-01
1.08088000e-06,2.47500000e+00,2.63437500e+00,-2.56250000e-02,4.00000000e-01
1.08120000e-06,2.38750000e+00,2.67187500e+00,-6.75000000e-02,5.60937500e-01
1.08152000e-06,2.52500000e+00,2.67187500e+00,-2.25000000e-02,5.68750000e-01
1.08184000e-06,2.33750000e+00,2.50937500e+00,-3.12500000e-02,4.72656250e-01
1.08216000e-06,2.28750000e+00,2.40937500e+00,-2.81250000e-02,4.46875000e-01
1.08248000e-06,2.36562500e+00,2.59687500e+00,-3.50000000e-02,4.73437500e-01
1.08280000e-06,2.35000000e+00,2.73437500e+00,-6.25000000e-03,4.87500000e-01
1.08312000e-06,2.47500000e+00,2.65937500e+00,-2.12500000e-02,4.92187500e-01
1.08344000e-06,2.38750000e+00,2.57187500e+00,-1.68750000e-02,5.48437500e-01
1.08376000e-06,2.41250000e+00,2.50937500e+00,-2.56250000e-02,6.20312500e-01
1.08408000e-06,2.42500000e+00,2.64687500e+00,-2.62500000e-02,5.38281250e-01
1.08440000e-06,2.50000000e+00,2.59687500e+00,-9.37500000e-03,4.95312500e-01
1.08472000e-06,2.37500000e+00,2.53437500e+00,-2.06250000e-02,4.78906250e-01
1.08504000e-06,2.32500000e+00,2.58437500e+00,-3.56250000e-02,5.04687500e-01
1.08536000e-06,2.48750000e+00,2.70937500e+00,-6.25000000e-03,5.09375000e-01
1.08568000e-06,2.53750000e+00,2.54687500e+00,-8.75000000e-03,5.17187500e-01
1.08600000e-06,2.38750000e+00,2.50937500e+00,-4.37500000e-03,5.13281250e-01
1.08632000e-06,2.52500000e+00,2.48437500e+00,-2.25000000e-02,4.57812500e-01
1.08664000e-06,2.50000000e+00,2.68437500e+00,-2.81250000e-02,4.17187500e-01
1.08696000e-06,2.47500000e+00,2.45937500e+00,-1.25000000e-03,4.14062500e-01
1.08728000e-06,2.51250000e+00,2.55937500e+00,-1.93750000e-02,4.92968750e-01
1.08760000e-06,2.53750000e+00,2.48437500e+00,-4.06250000e-02,5.40625000e-01
1.08792000e-06,2.23750000e+00,2.67187500e+00,-3.75000000e-03,4.93750000e-01
1.08824000e-06,2.41250000e+00,2.63437500e+00,-3.06250000e-02,4.88281250e-01
1.08856000e-06,2.47500000e+00,2.54687500e+00,-2.81250000e-02,5.17968750e-01
1.08888000e-06,2.36250000e+00,2.65937500e+00,-1.87500000e-03,5.69531250e-01
1.08920000e-06,2.40000000e+00,2.63437500e+00,-3.06250000e-02,5.42187500e-01
1.08952000e-06,2.41250000e+00,2.53437500e+00,-5.12500000e-02,4.83593750e-01
1.08984000e-06,2.37500000e+00,2.59687500e+00,1.06250000e-02,5.27343750e-01
1.09016000e-06,2.41250000e+00,2.52187500e+00,-1.75000000e-02,5.43750000e-01
1.09048000e-06,2.51250000e+00,2.60937500e+00,-3.56250000e-02,5.44531250e-01
1.09080000e-06,2.48750000e+00,2.45937500e+00,-1.18750000e-02,5.30468750e-01
1.09112000e-06,2.47500000e+00,2.68437500e+00,-3.00000000e-02,5.04687500e-01
1.09144000e-06,2.50000000e+00,2.48437500e+00,6.25000000e-03,4.60156250e-01
1.09176000e-06,2.37500000e+00,2.65937500e+00,-2.12500000e-02,4.83593750e-01
1.09208000e-06,2.46250000e+00,2.50937500e+00,-1.25000000e-02,5.78906250e-01
1.09240000e-06,2.45000000e+00,2.54687500e+00,-4.12500000e-02,5.37500000e-01
1.09272000e-06,2.31250000e+00,2.47187500e+00,-1.37500000e-02,5.15625000e-01
1.09304000e-06,2.43750000e+00,2.59687500e+00,-2.62500000e-02,6.11718750e-01
1.09336000e-06,2.43750000e+00,2.45937500e+00,-4.06250000e-02,6.09375000e-01
1.09368000e-06,2.62500000e+00,2.45937500e+00,-4.37500000e-03,4.93750000e-01
1.09400000e-06,2.51250000e+00,2.54687500e+00,-4.81250000e-02,5.07031250e-01
1.09432000e-06,2.45000000e+00,2.38437500e+00,-2.81250000e-02,6.17968750e-01
1.09464000e-06,2.31250000e+00,2.32187500e+00,-1.75000000e-02,5.22656250e-01
1.09496000e-06,2.33750000e+00,2.57187500e+00,3.75000000e-03,3.85156250e-01
1.09528000e-06,2.40000000e+00,2.64687500e+00,1.81250000e-02,5.21875000e-01
1.09560000e-06,2.56250000e+00,2.60937500e+00,1.06250000e-02,6.56250000e-01
1.09592000e-06,2.41250000e+00,2.53437500e+00,-2.25000000e-02,5.47656250e-01
1.09624000e-06,2.48750000e+00,2.69687500e+00,-2.18750000e-02,4.52343750e-01
1.09656000e-06,2.48750000e+00,2.44687500e+00,-4.37500000e-03,4.78125000e-01
1.09688000e-06,2.43750000e+00,2.40937500e+00,-3.12500000e-02,5.31250000e-01
1.09720000e-06,2.42500000e+00,2.54687500e+00,-4.62500000e-02,4.45312500e-01
1.09752000e-06,2.30000000e+00,2.55937500e+00,-1.68750000e-02,4.64843750e-01
1.09784000e-06,2.45312500e+00,2.45937500e+00,-1.87500000e-03,5.08593750e-01
1.09816000e-06,2.45000000e+00,2.54687500e+00,-4.37500000e-03,5.69531250e-01
1.09848000e-06,2.50000000e+00,2.45937500e+00,-2.62500000e-02,5.33593750e-01
1.09880000e-06,2.48750000e+00,2.43437500e+00,-2.62500000e-02,4.58593750e-01
1.09912000e-06,2.48750000e+00,2.59687500e+00,-5.37500000e-02,3.76562500e-01
1.09944000e-06,2.47500000e+00,2.50937500e+00,-6.25000000e-03,3.75000000e-01
1.09976000e-06,2.57500000e+00,2.54687500e+00,-3.62500000e-02,4.57812500e-01
1.10008000e-06,2.38750000e+00,2.69687500e+00,-1.68750000e-02,4.81250000e-01
1.10040000e-06,2.45000000e+00,2.44687500e+00,-1.06250000e-02,4.96093750e-01
1.10072000e-06,2.35000000e+00,2.60937500e+00,-3.62500000e-02,4.50000000e-01
1.10104000e-06,2.48750000e+00,2.42187500e+00,-1.12500000e-02,4.10937500e-01
1.10136000e-06,2.32500000e+00,2.40937500e+00,-4.37500000e-03,4.55468750e-01
1.10168000e-06,2.32500000e+00,2.70937500e+00,-2.81250000e-02,4.92187500e-01
1.10200000e-06,2.38750000e+00,2.55937500e+00,-4.37500000e-03,5.03125000e-01
1.10232000e-06,2.53750000e+00,2.47187500e+00,-1.75000000e-02,5.17968750e-01
1.10264000e-06,2.50000000e+00,2.55937500e+00,-3.62500000e-02,5.21875000e-01
1.10296000e-06,2.31250000e+00,2.43437500e+00,-3.81250000e-02,4.83593750e-01
1.10328000e-06,2.32500000e+00,2.62187500e+00,-5.06250000e-02,4.92187500e-01
1.10360000e-06,2.42187500e+00,2.53437500e+00,-3.56250000e-02,5.21875000e-01
1.10392000e-06,2.36250000e+00,2.57187500e+00,-3.56250000e-02,5.90625000e-01
1.10424000e-06,2.45000000e+00,2.60937500e+00,-2.81250000e-02,5.52343750e-01
1.10456000e-06,2.41250000e+00,2.49687500e+00,-2.75000000e-02,4.65625000e-01
1.10488000e-06,2.52500000e+00,2.48437500e+00,-2.56250000e-02,4.47656250e-01
1.10520000e-06,2.55000000e+00,2.50937500e+00,-3.25000000e-02,5.04687500e-01
1.10552000e-06,2.31250000e+00,2.50937500e+00,-4.12500000e-02,6.01562500e-01
1.10584000e-06,2.41250000e+00,2.45937500e+00,1.25000000e-03,5.42968750e-01
1.10616000e-06,2.45000000e+00,2.44687500e+00,0.00000000e+00,5.21093750e-01
1.10648000e-06,2.48750000e+00,2.54687500e+00,-6.87500000e-03,4.39062500e-01
1.10680000e-06,2.37500000e+00,2.68437500e+00,-2.62500000e-02,4.89843750e-01
1.10712000e-06,2.37500000e+00,2.55937500e+00,-4.62500000e-02,5.92187500e-01
1.10744000e-06,2.47500000e+00,2.42187500e+00,-3.37500000e-02,4.50000000e-01
1.10776000e-06,2.32500000e+00,2.58437500e+00,-3.00000000e-02,4.17968750e-01
1.10808000e-06,2.43750000e+00,2.55937500e+00,-6.25000000e-03,4.21093750e-01
1.10840000e-06,2.53750000e+00,2.59687500e+00,-1.93750000e-02,5.08593750e-01
1.10872000e-06,2.33750000e+00,2.54687500e+00,-1.18750000e-02,4.93750000e-01
1.10904000e-06,2.46250000e+00,2.53437500e+00,-9.37500000e-03,5.14062500e-01
1.10936000e-06,2.31250000e+00,2.54687500e+00,-3.12500000e-02,5.56250000e-01
1.10968000e-06,2.42500000e+00,2.68437500e+00,-4.12500000e-02,5.31250000e-01
1.11000000e-06,2.55000000e+00,2.50937500e+00,-2.81250000e-02,5.31250000e-01
1.11032000e-06,2.45000000e+00,2.54687500e+00,-8.75000000e-03,5.00781250e-01
1.11064000e-06,2.32500000e+00,2.59687500e+00,-1.93750000e-02,4.86718750e-01
1.11096000e-06,2.45000000e+00,2.67187500e+00,-2.25000000e-02,4.71875000e-01
1.11128000e-06,2.46250000e+00,2.48437500e+00,-3.31250000e-02,4.50000000e-01
1.11160000e-06,2.42500000e+00,2.58437500e+00,1.25000000e-03,4.53906250e-01
1.11192000e-06,2.48750000e+00,2.53437500e+00,-4.56250000e-02,4.28125000e-01
1.11224000e-06,2.40000000e+00,2.59687500e+00,-3.62500000e-02,4.28906250e-01
1.11256000e-06,2.42500000e+00,2.54687500e+00,-2.56250000e-02,4.19531250e-01
1.11288000e-06,2.35000000e+00,2.63437500e+00,-3.06250000e-02,4.07031250e-01
1.11320000e-06,2.42500000e+00,2.40937500e+00,-4.56250000e-02,4.34375000e-01
1.11352000e-06,2.38750000e+00,2.68437500e+00,-2.18750000e-02,4.32812500e-01
1.11384000e-06,2.42500000e+00,2.39687500e+00,6.25000000e-04,4.75000000e-01
1.11416000e-06,2.45000000e+00,2.57187500e+00,-2.25000000e-02,4.67187500e-01
1.11448000e-06,2.50000000e+00,2.39687500e+00,-2.87500000e-02,4.26562500e-01
1.11480000e-06,2.42500000e+00,2.44687500e+00,-2.12500000e-02,4.75781250e-01
1.11512000e-06,2.41250000e+00,2.33437500e+00,-1.93750000e-02,4.84375000e-01
1.11544000e-06,2.38750000e+00,2.40937500e+00,-3.12500000e-02,3.95312500e-01
1.11576000e-06,2.42500000e+00,2.38437500e+00,-2.18750000e-02,3.33593750e-01
1.11608000e-06,2.31250000e+00,2.67187500e+00,-2.06250000e-02,3.57031250e-01
1.11640000e-06,2.15000000e+00,2.49687500e+00,-3.56250000e-02,4.44531250e-01
1.11672000e-06,2.39687500e+00,2.65937500e+00,-8.75000000e-03,4.69531250e-01
1.11704000e-06,2.51875000e+00,2.63437500e+00,-2.12500000e-02,4.20312500e-01
1.11736000e-06,2.38750000e+00,2.52187500e+00,-9.37500000e-03,4.09375000e-01
1.11768000e-06,2.40000000e+00,2.59687500e+00,-1.68750000e-02,4.25781250e-01
1.11800000e-06,2.48750000e+00,2.50937500e+00,-1.00000000e-02,4.31250000e-01
1.11832000e-06,2.42500000e+00,2.39687500e+00,-5.37500000e-02,4.49218750e-01
1.11864000e-06,2.46250000e+00,2.64687500e+00,-4.81250000e-02,3.96875000e-01
1.11896000e-06,2.40000000e+00,2.49687500e+00,-5.31250000e-02,4.89062500e-01
1.11928000e-06,2.42500000e+00,2.55937500e+00,-2.12500000e-02,4.67968750e-01
1.11960000e-06,2.50000000e+00,2.58437500e+00,-2.62500000e-02,4.92187500e-01
1.11992000e-06,2.47500000e+00,2.55937500e+00,-2.00000000e-02,5.41406250e-01
1.12024000e-06,2.41250000e+00,2.64687500e+00,-5.68750000e-02,4.07031250e-01
1.12056000e-06,2.27500000e+00,2.52187500e+00,-2.12500000e-02,3.96875000e-01
1.12088000e-06,2.44062500e+00,2.48437500e+00,-2.62500000e-02,4.50000000e-01
1.12120000e-06,2.32500000e+00,2.62187500e+00,-3.81250000e-02,4.18750000e-01
1.12152000e-06,2.48750000e+00,2.40937500e+00,-3.12500000e-02,4.82812500e-01
1.12184000e-06,2.66250000e+00,2.52187500e+00,-4.31250000e-02,5.11718750e-01
1.12216000e-06,2.36250000e+00,2.48437500e+00,-5.12500000e-02,4.80468750e-01
1.12248000e-06,2.35000000e+00,2.72187500e+00,-1.37500000e-02,5.32812500e-01
1.12280000e-06,2.31250000e+00,2.50937500e+00,-1.43750000e-02,4.50781250e-01
1.12312000e-06,2.38750000e+00,2.44687500e+00,-1.00000000e-02,3.11718750e-01
1.12344000e-06,2.41875000e+00,2.54687500e+00,-4.37500000e-02,3.82031250e-01
1.12376000e-06,2.42500000e+00,2.62187500e+00,-1.12500000e-02,3.96093750e-01
1.12408000e-06,2.48750000e+00,2.50937500e+00,-7.50000000e-03,3.48437500e-01
1.12440000e-06,2.57500000e+00,2.50937500e+00,-2.56250000e-02,3.90625000e-01
1.12472000e-06,2.35000000e+00,2.47187500e+00,-6.25000000e-03,5.00781250e-01
1.12504000e-06,2.50000000e+00,2.57187500e+00,-1.37500000e-02,4.60156250e-01
1.12536000e-06,2.47500000e+00,2.49687500e+00,-3.12500000e-02,4.50000000e-01
1.12568000e-06,2.41250000e+00,2.67187500e+00,-4.12500000e-02,4.18750000e-01
1.12600000e-06,2.46250000e+00,2.48437500e+00,-2.18750000e-02,3.92968750e-01
1.12632000e-06,2.33750000e+00,2.49687500e+00,3.12500000e-03,4.36718750e-01
1.12664000e-06,2.43750000e+00,2.48437500e+00,3.12500000e-03,5.46875000e-01
1.12696000e-06,2.45000000e+00,2.60937500e+00,-6.87500000e-03,5.85937500e-01
1.12728000e-06,2.41250000e+00,2.55937500e+00,-3.31250000e-02,5.29687500e-01
1.12760000e-06,2.58750000e+00,2.58437500e+00,-1.75000000e-02,5.07031250e-01
1.12792000e-06,2.46250000e+00,2.57187500e+00,-2.18750000e-02,4.71093750e-01
1.12824000e-06,2.47500000e+00,2.63437500e+00,-1.25000000e-02,4.46875000e-01
1.12856000e-06,2.33750000e+00,2.48437500e+00,-2.18750000e-02,4.21093750e-01
1.12888000e-06,2.42500000e+00,2.59687500e+00,-3.12500000e-02,4.78906250e-01
1.12920000e-06,2.38750000e+00,2.45937500e+00,3.12500000e-03,5.85156250e-01
1.12952000e-06,2.50000000e+00,2.59687500e+00,0.00000000e+00,5.57031250e-01
1.12984000e-06,2.51250000e+00,2.54687500e+00,-4.06250000e-02,4.96093750e-01
1.13016000e-06,2.43750000e+00,2.45937500e+00,-4.37500000e-03,5.11718750e-01
1.13048000e-06,2.53750000e+00,2.67187500e+00,-2.56250000e-02,5.54687500e-01
1.13080000e-06,2.55000000e+00,2.58437500e+00,-1.25000000e-02,4.87500000e-01
1.13112000e-06,2.36250000e+00,2.63437500e+00,-3.56250000e-02,3.47656250e-01
1.13144000e-06,2.33750000e+00,2.58437500e+00,-1.43750000e-02,3.92187500e-01
1.13176000e-06,2.48750000e+00,2.47187500e+00,-3.56250000e-02,4.26562500e-01
1.13208000e-06,2.41250000e+00,2.52187500e+00,-1.62500000e-02,4.62500000e-01
1.13240000e-06,2.33750000e+00,2.42187500e+00,-3.62500000e-02,5.45312500e-01
1.13272000e-06,2.35000000e+00,2.54687500e+00,-1.43750000e-02,4.67968750e-01
1.13304000e-06,2.41250000e+00,2.43437500e+00,-2.93750000e-02,3.75781250e-01
1.13336000e-06,2.43750000e+00,2.53437500e+00,-2.62500000e-02,4.10937500e-01
1.13368000e-06,2.43750000e+00,2.58437500e+00,-1.93750000e-02,4.89843750e-01
1.13400000e-06,2.52500000e+00,2.63437500e+00,-1.68750000e-02,4.35156250e-01
1.13432000e-06,2.40000000e+00,2.62187500e+00,-4.37500000e-03,3.83593750e-01
1.13464000e-06,2.38750000e+00,2.59687500e+00,-1.18750000e-02,3.92968750e-01
1.13496000e-06,2.51250000e+00,2.59687500e+00,-3.06250000e-02,3.87500000e-01
1.13528000e-06,2.42500000e+00,2.54687500e+00,-4.37500000e-03,3.59375000e-01
1.13560000e-06,2.38750000e+00,2.39687500e+00,6.25000000e-04,4.83593750e-01
1.13592000e-06,2.35000000e+00,2.59687500e+00,-1.50000000e-02,4.89062500e-01
1.13624000e-06,2.46250000e+00,2.57187500e+00,-2.18750000e-02,4.37500000e-01
1.13656000e-06,2.41250000e+00,2.63437500e+00,6.25000000e-04,4.96875000e-01
1.13688000e-06,2.41250000e+00,2.50937500e+00,-3.37500000e-02,4.46093750e-01
1.13720000e-06,2.42500000e+00,2.48437500e+00,-3.56250000e-02,4.53906250e-01
1.13752000e-06,2.52500000e+00,2.58437500e+00,-1.68750000e-02,5.34375000e-01
1.13784000e-06,2.45000000e+00,2.50937500e+00,-1.25000000e-03,5.10937500e-01
1.13816000e-06,2.62500000e+00,2.60937500e+00,-3.31250000e-02,4.28125000e-01
1.13848000e-06,2.56250000e+00,2.57187500e+00,5.62500000e-03,4.83593750e-01
1.13880000e-06,2.30000000e+00,2.57187500e+00,-1.68750000e-02,5.15625000e-01
1.13912000e-06,2.57500000e+00,2.48437500e+00,-2.25000000e-02,4.96875000e-01
1.13944000e-06,2.41250000e+00,2.54687500e+00,-3.37500000e-02,4.46093750e-01
1.13976000e-06,2.52500000e+00,2.47187500e+00,-4.31250000e-02,4.60937500e-01
1.14008000e-06,2.50000000e+00,2.45937500e+00,-3.31250000e-02,5.25781250e-01
1.14040000e-06,2.46250000e+00,2.52187500e+00,-1.87500000e-02,5.66406250e-01
1.14072000e-06,2.47500000e+00,2.53437500e+00,-3.37500000e-02,5.31250000e-01
1.14104000e-06,2.55000000e+00,2.57187500e+00,-4.37500000e-02,4.39843750e-01
1.14136000e-06,2.48750000e+00,2.53437500e+00,-1.68750000e-02,3.50781250e-01
1.14168000e-06,2.47500000e+00,2.65937500e+00,-2.62500000e-02,4.23437500e-01
1.14200000e-06,2.57500000e+00,2.64687500e+00,-1.93750000e-02,4.49218750e-01
1.14232000e-06,2.46250000e+00,2.57187500e+00,-1.50000000e-02,4.57812500e-01
1.14264000e-06,2.42500000e+00,2.52187500e+00,-1.68750000e-02,5.09375000e-01
1.14296000e-06,2.50000000e+00,2.60937500e+00,-2.00000000e-02,5.46875000e-01
1.14328000e-06,2.33750000e+00,2.53437500e+00,-4.87500000e-02,4.92187500e-01
1.14360000e-06,2.38750000e+00,2.63437500e+00,-3.75000000e-03,4.17187500e-01
1.14392000e-06,2.42500000e+00,2.57187500e+00,-1.43750000e-02,4.00000000e-01
1.14424000e-06,2.31250000e+00,2.63437500e+00,-9.37500000e-03,4.10937500e-01
1.14456000e-06,2.47500000e+00,2.52187500e+00,-1.75000000e-02,5.67187500e-01
1.14488000e-06,2.67500000e+00,2.54687500e+00,-2.87500000e-02,5.45312500e-01
1.14520000e-06,2.63750000e+00,2.53437500e+00,-3.31250000e-02,4.96093750e-01
1.14552000e-06,2.35000000e+00,2.57187500e+00,-4.31250000e-02,5.21093750e-01
1.14584000e-06,2.40000000e+00,2.48437500e+00,-1.87500000e-02,5.37500000e-01
1.14616000e-06,2.46250000e+00,2.55937500e+00,-1.50000000e-02,4.52343750e-01
1.14648000e-06,2.37500000e+00,2.58437500e+00,-4.87500000e-02,3.96093750e-01
1.14680000e-06,2.45000000e+00,2.59687500e+00,-2.50000000e-02,4.14843750e-01
1.14712000e-06,2.51250000e+00,2.52187500e+00,-2.18750000e-02,4.61718750e-01
1.14744000e-06,2.50000000e+00,2.55937500e+00,-4.06250000e-02,4.57031250e-01
1.14776000e-06,2.42500000e+00,2.54687500e+00,-2.56250000e-02,4.85937500e-01
1.14808000e-06,2.38750000e+00,2.64687500e+00,-1.12500000e-02,4.53125000e-01
1.14840000e-06,2.51250000e+00,2.53437500e+00,-2.00000000e-02,4.61718750e-01
1.14872000e-06,2.46250000e+00,2.53437500e+00,-3.62500000e-02,4.22656250e-01
1.14904000e-06,2.38750000e+00,2.52187500e+00,-2.75000000e-02,4.73437500e-01
1.14936000e-06,2.41250000e+00,2.53437500e+00,-9.37500000e-03,5.28125000e-01
1.14968000e-06,2.35000000e+00,2.54687500e+00,-3.25000000e-02,5.40625000e-01
1.15000000e-06,2.38750000e+00,2.49687500e+00,1.87500000e-02,5.78125000e-01
1.15032000e-06,2.40000000e+00,2.48437500e+00,-6.87500000e-03,5.53125000e-01
1.15064000e-06,2.48750000e+00,2.68437500e+00,-4.62500000e-02,5.90625000e-01
1.15096000e-06,2.38750000e+00,2.44687500e+00,-2.81250000e-02,5.57812500e-01
1.15128000e-06,2.35000000e+00,2.58437500e+00,-2.12500000e-02,4.39062500e-01
1.15160000e-06,2.47500000e+00,2.63437500e+00,-9.37500000e-03,4.49218750e-01
1.15192000e-06,2.38750000e+00,2.53437500e+00,6.25000000e-04,5.22656250e-01
1.15224000e-06,2.48750000e+00,2.68437500e+00,2.06250000e-02,5.75000000e-01
1.15256000e-06,2.40000000e+00,2.54687500e+00,-3.87500000e-02,5.52343750e-01
1.15288000e-06,2.46250000e+00,2.43437500e+00,-4.87500000e-02,4.77343750e-01
1.15320000e-06,2.52500000e+00,2.64687500e+00,-1.18750000e-02,4.71093750e-01
1.15352000e-06,2.36250000e+00,2.57187500e+00,-2.56250000e-02,4.63281250e-01
1.15384000e-06,2.35000000e+00,2.50937500e+00,-9.37500000e-03,4.09375000e-01
1.15416000e-06,2.50000000e+00,2.50937500e+00,-7.50000000e-03,4.96093750e-01
1.15448000e-06,2.31250000e+00,2.62187500e+00,-5.12500000e-02,4.55468750e-01
1.15480000e-06,2.42500000e+00,2.59687500e+00,-2.12500000e-02,4.35937500e-01
1.15512000e-06,2.51250000e+00,2.63437500e+00,-6.87500000e-03,4.61718750e-01
1.15544000e-06,2.45000000e+00,2.58437500e+00,-3.12500000e-02,4.57031250e-01
1.15576000e-06,2.40000000e+00,2.60937500e+00,-2.18750000e-02,5.16406250e-01
1.15608000e-06,2.28750000e+00,2.57187500e+00,-2.00000000e-02,5.90625000e-01
1.15640000e-06,2.41562500e+00,2.58437500e+00,5.62500000e-03,4.82031250e-01
1.15672000e-06,2.37500000e+00,2.67187500e+00,-3.62500000e-02,3.94531250e-01
1.15704000e-06,2.48750000e+00,2.64687500e+00,-5.37500000e-02,4.34375000e-01
1.15736000e-06,2.35000000e+00,2.59687500e+00,-2.18750000e-02,4.62500000e-01
1.15768000e-06,2.36250000e+00,2.78437500e+00,-1.18750000e-02,4.71875000e-01
1.15800000e-06,2.46250000e+00,2.45937500e+00,-6.87500000e-03,4.80468750e-01
1.15832000e-06,2.48750000e+00,2.58437500e+00,-7.50000000e-03,4.38281250e-01
1.15864000e-06,2.46250000e+00,2.39687500e+00,-3.87500000e-02,4.17187500e-01
1.15896000e-06,2.38750000e+00,2.48437500e+00,-8.75000000e-03,4.03125000e-01
1.15928000e-06,2.42500000e+00,2.55937500e+00,5.62500000e-03,4.75000000e-01
1.15960000e-06,2.47500000e+00,2.45937500e+00,-2.62500000e-02,4.63281250e-01
1.15992000e-06,2.32500000e+00,2.57187500e+00,-5.87500000e-02,5.03906250e-01
1.16024000e-06,2.57500000e+00,2.62187500e+00,-2.18750000e-02,4.56250000e-01
1.16056000e-06,2.57500000e+00,2.53437500e+00,-2.87500000e-02,4.07031250e-01
1.16088000e-06,2.53750000e+00,2.57187500e+00,-2.56250000e-02,4.80468750e-01
1.16120000e-06,2.43750000e+00,2.50937500e+00,3.12500000e-03,4.61718750e-01
1.16152000e-06,2.47500000e+00,2.58437500e+00,-6.87500000e-03,4.03125000e-01
1.16184000e-06,2.40000000e+00,2.65937500e+00,-4.31250000e-02,4.39843750e-01
1.16216000e-06,2.25000000e+00,2.72187500e+00,8.75000000e-03,5.11718750e-01
1.16248000e-06,2.35312500e+00,2.57187500e+00,-1.12500000e-02,4.55468750e-01
1.16280000e-06,2.43125000e+00,2.73437500e+00,-6.87500000e-03,5.17968750e-01
1.16312000e-06,2.40000000e+00,2.53437500e+00,-2.62500000e-02,5.67187500e-01
1.16344000e-06,2.42500000e+00,2.54687500e+00,-2.62500000e-02,4.80468750e-01
1.16376000e-06,2.41250000e+00,2.54687500e+00,-1.43750000e-02,3.80468750e-01
1.16408000e-06,2.50000000e+00,2.42187500e+00,-2.00000000e-02,4.07031250e-01
1.16440000e-06,2.45000000e+00,2.47187500e+00,-4.56250000e-02,4.18750000e-01
1.16472000e-06,2.40000000e+00,2.58437500e+00,-1.25000000e-03,4.46875000e-01
1.16504000e-06,2.50000000e+00,2.44687500e+00,-1.43750000e-02,5.27343750e-01
1.16536000e-06,2.57500000e+00,2.48437500e+00,-3.37500000e-02,5.33593750e-01
1.16568000e-06,2.41250000e+00,2.60937500e+00,-2.75000000e-02,5.53125000e-01
1.16600000e-06,2.37500000e+00,2.63437500e+00,3.75000000e-03,5.76562500e-01
1.16632000e-06,2.43750000e+00,2.42187500e+00,-4.06250000e-02,4.51562500e-01
1.16664000e-06,2.41250000e+00,2.54687500e+00,-1.68750000e-02,3.77343750e-01
1.16696000e-06,2.47500000e+00,2.70937500e+00,0.00000000e+00,5.00000000e-01
1.16728000e-06,2.40000000e+00,2.57187500e+00,-1.87500000e-03,4.64062500e-01
1.16760000e-06,2.40000000e+00,2.47187500e+00,-2.62500000e-02,4.89062500e-01
1.16792000e-06,2.32500000e+00,2.48437500e+00,-3.06250000e-02,5.91406250e-01
1.16824000e-06,2.52500000e+00,2.62187500e+00,-1.43750000e-02,5.26562500e-01
1.16856000e-06,2.50000000e+00,2.55937500e+00,1.37500000e-02,3.76562500e-01
1.16888000e-06,2.46250000e+00,2.43437500e+00,-1.43750000e-02,3.78125000e-01
1.16920000e-06,2.60000000e+00,2.55937500e+00,-9.37500000e-03,4.92968750e-01
1.16952000e-06,2.40000000e+00,2.52187500e+00,-2.00000000e-02,5.35937500e-01
1.16984000e-06,2.25000000e+00,2.59687500e+00,-4.37500000e-02,4.80468750e-01
1.17016000e-06,2.41562500e+00,2.48437500e+00,-1.62500000e-02,5.06250000e-01
1.17048000e-06,2.43750000e+00,2.47187500e+00,-2.87500000e-02,4.99218750e-01
1.17080000e-06,2.43750000e+00,2.58437500e+00,-4.81250000e-02,5.02343750e-01
1.17112000e-06,2.38750000e+00,2.48437500e+00,-1.25000000e-02,5.25000000e-01
1.17144000e-06,2.46250000e+00,2.50937500e+00,-4.25000000e-02,4.81250000e-01
1.17176000e-06,2.36250000e+00,2.62187500e+00,6.25000000e-03,4.14062500e-01
1.17208000e-06,2.43750000e+00,2.45937500e+00,-8.75000000e-03,4.60937500e-01
1.17240000e-06,2.38750000e+00,2.60937500e+00,1.56250000e-02,5.46093750e-01
1.17272000e-06,2.45000000e+00,2.47187500e+00,-1.18750000e-02,5.84375000e-01
1.17304000e-06,2.30000000e+00,2.62187500e+00,-4.12500000e-02,5.49218750e-01
1.17336000e-06,2.47500000e+00,2.60937500e+00,-4.87500000e-02,5.32812500e-01
1.17368000e-06,2.60625000e+00,2.40937500e+00,-2.25000000e-02,4.74218750e-01
1.17400000e-06,2.52500000e+00,2.52187500e+00,-3.62500000e-02,5.39843750e-01
1.17432000e-06,2.21250000e+00,2.62187500e+00,-1.43750000e-02,5.34375000e-01
1.17464000e-06,2.36250000e+00,2.34687500e+00,-3.62500000e-02,5.85156250e-01
1.17496000e-06,2.48125000e+00,2.57187500e+00,-1.62500000e-02,5.33593750e-01
1.17528000e-06,2.35000000e+00,2.47187500e+00,-1.43750000e-02,4.07812500e-01
1.17560000e-06,2.43750000e+00,2.50937500e+00,-9.37500000e-03,4.89843750e-01
1.17592000e-06,2.46250000e+00,2.57187500e+00,-6.87500000e-03,5.31250000e-01
1.17624000e-06,2.45000000e+00,2.45937500e+00,-9.37500000e-03,4.93750000e-01
1.17656000e-06,2.38750000e+00,2.53437500e+00,-2.25000000e-02,5.22656250e-01
1.17688000e-06,2.28750000e+00,2.57187500e+00,-3.62500000e-02,5.12500000e-01
1.17720000e-06,2.45312500e+00,2.52187500e+00,-3.00000000e-02,5.39843750e-01
1.17752000e-06,2.50000000e+00,2.57187500e+00,-8.75000000e-03,5.21093750e-01
1.17784000e-06,2.42500000e+00,2.45937500e+00,-2.56250000e-02,4.89843750e-01
1.17816000e-06,2.46250000e+00,2.53437500e+00,-3.06250000e-02,4.25000000e-01
1.17848000e-06,2.46250000e+00,2.52187500e+00,-6.87500000e-03,5.33593750e-01
1.17880000e-06,2.46250000e+00,2.47187500e+00,-1.37500000e-02,5.78906250e-01
1.17912000e-06,2.28750000e+00,2.54687500e+00,-3.62500000e-02,5.04687500e-01
1.17944000e-06,2.46250000e+00,2.65937500e+00,-1.87500000e-03,4.89843750e-01
1.17976000e-06,2.43125000e+00,2.44687500e+00,-1.81250000e-02,5.75781250e-01
1.18008000e-06,2.28750000e+00,2.68437500e+00,-2.87500000e-02,5.06250000e-01
1.18040000e-06,2.28750000e+00,2.63437500e+00,-2.81250000e-02,4.50781250e-01
1.18072000e-06,2.34687500e+00,2.53437500e+00,-2.56250000e-02,4.42968750e-01
1.18104000e-06,2.55625000e+00,2.59687500e+00,-4.31250000e-02,4.36718750e-01
1.18136000e-06,2.48750000e+00,2.50937500e+00,-2.75000000e-02,4.66406250e-01
1.18168000e-06,2.38750000e+00,2.47187500e+00,-3.75000000e-03,5.36718750e-01
1.18200000e-06,2.38750000e+00,2.57187500e+00,-1.68750000e-02,5.11718750e-01
1.18232000e-06,2.50000000e+00,2.43437500e+00,-2.81250000e-02,5.46875000e-01
1.18264000e-06,2.47500000e+00,2.52187500e+00,-2.18750000e-02,4.67968750e-01
1.18296000e-06,2.50000000e+00,2.47187500e+00,-3.25000000e-02,4.22656250e-01
1.18328000e-06,2.35000000e+00,2.55937500e+00,-1.12500000e-02,4.81250000e-01
1.18360000e-06,2.37500000e+00,2.65937500e+00,-4.31250000e-02,5.19531250e-01
1.18392000e-06,2.56250000e+00,2.63437500e+00,-5.62500000e-02,5.46093750e-01
1.18424000e-06,2.46250000e+00,2.54687500e+00,-2.56250000e-02,5.06250000e-01
1.18456000e-06,2.46250000e+00,2.62187500e+00,6.25000000e-03,3.94531250e-01
1.18488000e-06,2.47500000e+00,2.52187500e+00,-2.81250000e-02,4.38281250e-01
1.18520000e-06,2.40000000e+00,2.53437500e+00,-3.56250000e-02,5.59375000e-01
1.18552000e-06,2.30000000e+00,2.49687500e+00,6.25000000e-04,5.71093750e-01
1.18584000e-06,2.46250000e+00,2.58437500e+00,-4.06250000e-02,5.35156250e-01
1.18616000e-06,2.33750000e+00,2.55937500e+00,-3.81250000e-02,5.10156250e-01
1.18648000e-06,2.52500000e+00,2.43437500e+00,-1.75000000e-02,5.23437500e-01
1.18680000e-06,2.42500000e+00,2.34687500e+00,-3.56250000e-02,5.07812500e-01
1.18712000e-06,2.41250000e+00,2.55937500e+00,-2.18750000e-02,4.20312500e-01
1.18744000e-06,2.42500000e+00,2.50937500e+00,-3.31250000e-02,4.30468750e-01
1.18776000e-06,2.30000000e+00,2.65937500e+00,-3.56250000e-02,4.68750000e-01
1.18808000e-06,2.37500000e+00,2.54687500e+00,-2.75000000e-02,4.37500000e-01
1.18840000e-06,2.37500000e+00,2.58437500e+00,-1.25000000e-02,5.10156250e-01
1.18872000e-06,2.48750000e+00,2.50937500e+00,-4.81250000e-02,5.67968750e-01
1.18904000e-06,2.55000000e+00,2.48437500e+00,-3.31250000e-02,5.83593750e-01
1.18936000e-06,2.60000000e+00,2.49687500e+00,-3.31250000e-02,5.58593750e-01
1.18968000e-06,2.35000000e+00,2.53437500e+00,-2.50000000e-02,4.76562500e-01
1.19000000e-06,2.43750000e+00,2.60937500e+00,-3.31250000e-02,4.78906250e-01
1.19032000e-06,2.47500000e+00,2.54687500e+00,-2.81250000e-02,4.57031250e-01
1.19064000e-06,2.36250000e+00,2.44687500e+00,-4.37500000e-03,4.49218750e-01
1.19096000e-06,2.30000000e+00,2.43437500e+00,8.12500000e-03,4.57812500e-01
1.19128000e-06,2.40000000e+00,2.55937500e+00,-2.81250000e-02,4.34375000e-01
1.19160000e-06,2.36250000e+00,2.48437500e+00,3.12500000e-03,4.66406250e-01
1.19192000e-06,2.37500000e+00,2.48437500e+00,-1.87500000e-03,4.81250000e-01
1.19224000e-06,2.32500000e+00,2.62187500e+00,-4.12500000e-02,4.82812500e-01
1.19256000e-06,2.35000000e+00,2.52187500e+00,-4.62500000e-02,4.53906250e-01
1.19288000e-06,2.47500000e+00,2.63437500e+00,-3.37500000e-02,4.65625000e-01
1.19320000e-06,2.38750000e+00,2.49687500e+00,-3.00000000e-02,5.66406250e-01
1.19352000e-06,2.51250000e+00,2.69687500e+00,-2.18750000e-02,5.17187500e-01
1.19384000e-06,2.46250000e+00,2.55937500e+00,-2.81250000e-02,3.67187500e-01
1.19416000e-06,2.45000000e+00,2.50937500e+00,-1.37500000e-02,3.82812500e-01
1.19448000e-06,2.48750000e+00,2.38437500e+00,-1.87500000e-03,4.50000000e-01
1.19480000e-06,2.37500000e+00,2.53437500e+00,-1.87500000e-03,4.32812500e-01
1.19512000e-06,2.45000000e+00,2.48437500e+00,-1.93750000e-02,4.73437500e-01
1.19544000e-06,2.47500000e+00,2.59687500e+00,-1.00000000e-02,4.71875000e-01
1.19576000e-06,2.36250000e+00,2.49687500e+00,-4.12500000e-02,4.37500000e-01
1.19608000e-06,2.47500000e+00,2.55937500e+00,-3.31250000e-02,4.11718750e-01
1.19640000e-06,2.36250000e+00,2.52187500e+00,-3.81250000e-02,3.95312500e-01
1.19672000e-06,2.47500000e+00,2.63437500e+00,-3.56250000e-02,4.35937500e-01
1.19704000e-06,2.41250000e+00,2.54687500e+00,-2.50000000e-02,4.57031250e-01
1.19736000e-06,2.41250000e+00,2.45937500e+00,1.25000000e-03,4.73437500e-01
1.19768000e-06,2.36250000e+00,2.55937500e+00,-2.18750000e-02,4.92968750e-01
1.19800000e-06,2.55000000e+00,2.69687500e+00,-5.37500000e-02,4.90625000e-01
1.19832000e-06,2.41250000e+00,2.40937500e+00,-3.75000000e-03,4.53906250e-01
1.19864000e-06,2.28750000e+00,2.54687500e+00,-1.68750000e-02,4.78125000e-01
1.19896000e-06,2.45000000e+00,2.55937500e+00,5.62500000e-03,5.03906250e-01
1.19928000e-06,2.65625000e+00,2.49687500e+00,0.00000000e+00,4.75781250e-01
1.19960000e-06,2.55000000e+00,2.54687500e+00,-3.56250000e-02,4.50000000e-01
1.19992000e-06,2.33750000e+00,2.30937500e+00,-1.43750000e-02,3.70312500e-01
1.20024000e-06,2.48750000e+00,2.35937500e+00,-4.06250000e-02,4.39062500e-01
1.20056000e-06,2.32500000e+00,2.74687500e+00,-3.25000000e-02,4.86718750e-01
1.20088000e-06,2.56250000e+00,2.57187500e+00,-6.25000000e-03,4.49218750e-01
1.20120000e-06,2.50000000e+00,2.60937500e+00,-1.25000000e-03,5.00781250e-01
1.20152000e-06,2.36250000e+00,2.53437500e+00,1.31250000e-02,5.38281250e-01
1.20184000e-06,2.55000000e+00,2.53437500e+00,-1.68750000e-02,4.96875000e-01
1.20216000e-06,2.40000000e+00,2.48437500e+00,-9.37500000e-03,5.21093750e-01
1.20248000e-06,2.33750000e+00,2.55937500e+00,6.25000000e-04,5.12500000e-01
1.20280000e-06,2.41250000e+00,2.53437500e+00,-3.12500000e-02,5.25781250e-01
1.20312000e-06,2.45000000e+00,2.60937500e+00,-1.25000000e-02,5.40625000e-01
1.20344000e-06,2.43750000e+00,2.43437500e+00,-3.93750000e-02,4.99218750e-01
1.20376000e-06,2.36250000e+00,2.62187500e+00,-4.81250000e-02,4.98437500e-01
1.20408000e-06,2.46250000e+00,2.50937500e+00,-4.81250000e-02,5.18750000e-01
1.20440000e-06,2.50000000e+00,2.50937500e+00,-3.06250000e-02,5.01562500e-01
1.20472000e-06,2.55000000e+00,2.48437500e+00,-3.06250000e-02,4.53125000e-01
1.20504000e-06,2.45000000e+00,2.52187500e+00,-2.50000000e-02,3.93750000e-01
1.20536000e-06,2.37500000e+00,2.44687500e+00,-1.12500000e-02,4.27343750e-01
1.20568000e-06,2.40000000e+00,2.50937500e+00,-1.25000000e-03,4.32812500e-01
1.20600000e-06,2.52500000e+00,2.69687500e+00,1.56250000e-02,4.57812500e-01
1.20632000e-06,2.36250000e+00,2.54687500e+00,-4.37500000e-03,5.21875000e-01
1.20664000e-06,2.47500000e+00,2.63437500e+00,-1.25000000e-02,5.50781250e-01
1.20696000e-06,2.50000000e+00,2.62187500e+00,-3.62500000e-02,5.54687500e-01
1.20728000e-06,2.45000000e+00,2.55937500e+00,-1.37500000e-02,4.35156250e-01
1.20760000e-06,2.48750000e+00,2.55937500e+00,-2.62500000e-02,3.45312500e-01
1.20792000e-06,2.45000000e+00,2.40937500e+00,-1.43750000e-02,4.01562500e-01
1.20824000e-06,2.45000000e+00,2.53437500e+00,7.50000000e-03,4.48437500e-01
1.20856000e-06,2.51250000e+00,2.58437500e+00,-1.18750000e-02,4.99218750e-01
1.20888000e-06,2.42500000e+00,2.68437500e+00,-1.87500000e-03,5.64062500e-01
1.20920000e-06,2.66250000e+00,2.68437500e+00,-1.93750000e-02,5.27343750e-01
1.20952000e-06,2.46250000e+00,2.63437500e+00,-9.37500000e-03,4.27343750e-01
1.20984000e-06,2.45000000e+00,2.44687500e+00,-3.62500000e-02,3.90625000e-01
1.21016000e-06,2.43750000e+00,2.58437500e+00,-6.87500000e-03,4.45312500e-01
1.21048000e-06,2.27500000e+00,2.53437500e+00,-3.12500000e-02,4.54687500e-01
1.21080000e-06,2.43750000e+00,2.53437500e+00,-1.87500000e-03,4.17187500e-01
1.21112000e-06,2.22500000e+00,2.52187500e+00,1.81250000e-02,4.42968750e-01
1.21144000e-06,2.36250000e+00,2.62187500e+00,3.12500000e-03,4.44531250e-01
1.21176000e-06,2.53125000e+00,2.49687500e+00,-3.12500000e-02,4.41406250e-01
1.21208000e-06,2.53750000e+00,2.49687500e+00,-3.06250000e-02,4.58593750e-01
1.21240000e-06,2.50000000e+00,2.42187500e+00,3.31250000e-02,4.67968750e-01
1.21272000e-06,2.46250000e+00,2.67187500e+00,6.25000000e-04,4.07031250e-01
1.21304000e-06,2.47500000e+00,2.62187500e+00,-1.93750000e-02,3.80468750e-01
1.21336000e-06,2.45000000e+00,2.49687500e+00,-1.50000000e-02,3.68750000e-01
1.21368000e-06,2.45000000e+00,2.58437500e+00,-4.87500000e-02,4.83593750e-01
1.21400000e-06,2.43750000e+00,2.58437500e+00,-3.06250000e-02,5.07812500e-01
1.21432000e-06,2.42500000e+00,2.45937500e+00,1.25000000e-03,5.07812500e-01
1.21464000e-06,2.42500000e+00,2.63437500e+00,1.06250000e-02,4.75000000e-01
1.21496000e-06,2.46250000e+00,2.57187500e+00,-2.81250000e-02,4.65625000e-01
1.21528000e-06,2.56250000e+00,2.55937500e+00,8.12500000e-03,5.10156250e-01
1.21560000e-06,2.41250000e+00,2.45937500e+00,-3.37500000e-02,4.91406250e-01
1.21592000e-06,2.43750000e+00,2.69687500e+00,-1.68750000e-02,4.51562500e-01
1.21624000e-06,2.33750000e+00,2.45937500e+00,2.50000000e-03,4.52343750e-01
1.21656000e-06,2.50000000e+00,2.59687500e+00,1.56250000e-02,5.17187500e-01
1.21688000e-06,2.50000000e+00,2.48437500e+00,-3.62500000e-02,5.08593750e-01
1.21720000e-06,2.40000000e+00,2.37187500e+00,-1.93750000e-02,4.93750000e-01
1.21752000e-06,2.42500000e+00,2.57187500e+00,-1.25000000e-02,3.96093750e-01
1.21784000e-06,2.48750000e+00,2.55937500e+00,-3.62500000e-02,3.05468750e-01
1.21816000e-06,2.40000000e+00,2.47187500e+00,-1.18750000e-02,4.39062500e-01
1.21848000e-06,2.50000000e+00,2.75937500e+00,7.50000000e-03,5.07031250e-01
1.21880000e-06,2.42500000e+00,2.50937500e+00,-1.87500000e-03,5.00781250e-01
1.21912000e-06,2.35000000e+00,2.52187500e+00,-4.62500000e-02,5.45312500e-01
1.21944000e-06,2.43750000e+00,2.55937500e+00,-2.81250000e-02,5.09375000e-01
1.21976000e-06,2.51250000e+00,2.62187500e+00,-6.87500000e-03,4.02343750e-01
1.22008000e-06,2.43750000e+00,2.48437500e+00,-6.25000000e-03,4.69531250e-01
1.22040000e-06,2.41250000e+00,2.53437500e+00,-4.37500000e-03,5.12500000e-01
1.22072000e-06,2.48750000e+00,2.54687500e+00,-1.00000000e-02,4.45312500e-01
1.22104000e-06,2.42500000e+00,2.55937500e+00,-5.12500000e-02,4.67968750e-01
1.22136000e-06,2.36250000e+00,2.58437500e+00,-1.37500000e-02,5.21093750e-01
1.22168000e-06,2.45000000e+00,2.68437500e+00,-3.12500000e-02,5.31250000e-01
1.22200000e-06,2.51250000e+00,2.47187500e+00,-6.87500000e-03,4.68750000e-01
1.22232000e-06,2.37500000e+00,2.59687500e+00,-2.31250000e-02,4.95312500e-01
1.22264000e-06,2.41250000e+00,2.48437500e+00,-1.93750000e-02,5.07031250e-01
1.22296000e-06,2.32500000e+00,2.45937500e+00,-4.37500000e-03,4.67968750e-01
1.22328000e-06,2.46250000e+00,2.57187500e+00,1.31250000e-02,4.32031250e-01
1.22360000e-06,2.42500000e+00,2.60937500e+00,8.12500000e-03,4.86718750e-01
1.22392000e-06,2.47500000e+00,2.53437500e+00,-1.93750000e-02,4.77343750e-01
1.22424000e-06,2.46250000e+00,2.62187500e+00,-1.18750000e-02,4.21093750e-01
1.22456000e-06,2.40000000e+00,2.50937500e+00,-2.18750000e-02,4.23437500e-01
1.22488000e-06,2.41250000e+00,2.59687500e+00,-9.37500000e-03,4.27343750e-01
1.22520000e-06,2.33750000e+00,2.54687500e+00,-1.68750000e-02,4.24218750e-01
1.22552000e-06,2.38750000e+00,2.58437500e+00,-1.87500000e-03,3.71875000e-01
1.22584000e-06,2.48750000e+00,2.54687500e+00,-2.18750000e-02,5.23437500e-01
1.22616000e-06,2.43750000e+00,2.55937500e+00,-1.43750000e-02,5.89062500e-01
1.22648000e-06,2.42500000e+00,2.48437500e+00,-1.87500000e-03,6.23437500e-01
1.22680000e-06,2.45000000e+00,2.47187500e+00,6.25000000e-04,6.05468750e-01
1.22712000e-06,2.41250000e+00,2.44687500e+00,-9.37500000e-03,5.44531250e-01
1.22744000e-06,2.41250000e+00,2.49687500e+00,-4.37500000e-03,5.35156250e-01
1.22776000e-06,2.36250000e+00,2.45937500e+00,-2.25000000e-02,5.43750000e-01
1.22808000e-06,2.35000000e+00,2.50937500e+00,-2.62500000e-02,5.21093750e-01
1.22840000e-06,2.22500000e+00,2.59687500e+00,-3.81250000e-02,5.71875000e-01
1.22872000e-06,2.35312500e+00,2.62187500e+00,-4.31250000e-02,4.73437500e-01
1.22904000e-06,2.40625000e+00,2.49687500e+00,-2.18750000e-02,4.60937500e-01
1.22936000e-06,2.47500000e+00,2.55937500e+00,-2.18750000e-02,4.39062500e-01
1.22968000e-06,2.51250000e+00,2.63437500e+00,-2.18750000e-02,4.78125000e-01
1.23000000e-06,2.48750000e+00,2.49687500e+00,-2.00000000e-02,5.52343750e-01
1.23032000e-06,2.43750000e+00,2.52187500e+00,-2.56250000e-02,5.82031250e-01
1.23064000e-06,2.38750000e+00,2.62187500e+00,-1.37500000e-02,5.54687500e-01
1.23096000e-06,2.32500000e+00,2.70937500e+00,-3.75000000e-03,4.35156250e-01
1.23128000e-06,2.45000000e+00,2.68437500e+00,-3.62500000e-02,5.09375000e-01
1.23160000e-06,2.42500000e+00,2.62187500e+00,-2.00000000e-02,5.25781250e-01
1.23192000e-06,2.41250000e+00,2.58437500e+00,-3.93750000e-02,5.10937500e-01
1.23224000e-06,2.42500000e+00,2.59687500e+00,-2.50000000e-02,5.11718750e-01
1.23256000e-06,2.47500000e+00,2.45937500e+00,-1.12500000e-02,4.75781250e-01
1.23288000e-06,2.35000000e+00,2.57187500e+00,-8.75000000e-03,4.84375000e-01
1.23320000e-06,2.55000000e+00,2.57187500e+00,-2.62500000e-02,4.95312500e-01
1.23352000e-06,2.35000000e+00,2.50937500e+00,-3.56250000e-02,4.38281250e-01
1.23384000e-06,2.33750000e+00,2.67187500e+00,-2.00000000e-02,4.67968750e-01
1.23416000e-06,2.46250000e+00,2.57187500e+00,-6.25000000e-03,4.88281250e-01
1.23448000e-06,2.32500000e+00,2.43437500e+00,-2.62500000e-02,5.86718750e-01
1.23480000e-06,2.41250000e+00,2.52187500e+00,-2.18750000e-02,5.83593750e-01
1.23512000e-06,2.48750000e+00,2.65937500e+00,-7.50000000e-03,5.64843750e-01
1.23544000e-06,2.48750000e+00,2.52187500e+00,-1.93750000e-02,5.60937500e-01
1.23576000e-06,2.40000000e+00,2.53437500e+00,-6.87500000e-03,4.47656250e-01
1.23608000e-06,2.30000000e+00,2.42187500e+00,-3.62500000e-02,4.15625000e-01
1.23640000e-06,2.53750000e+00,2.60937500e+00,-2.18750000e-02,4.18750000e-01
1.23672000e-06,2.50000000e+00,2.52187500e+00,-4.18750000e-02,4.17968750e-01
1.23704000e-06,2.41250000e+00,2.63437500e+00,-3.37500000e-02,5.13281250e-01
1.23736000e-06,2.50000000e+00,2.44687500e+00,-1.93750000e-02,5.58593750e-01
1.23768000e-06,2.53750000e+00,2.49687500e+00,-4.37500000e-03,4.70312500e-01
1.23800000e-06,2.38750000e+00,2.52187500e+00,-2.56250000e-02,4.96875000e-01
1.23832000e-06,2.47500000e+00,2.58437500e+00,-9.37500000e-03,4.86718750e-01
1.23864000e-06,2.31250000e+00,2.57187500e+00,-2.18750000e-02,4.13281250e-01
1.23896000e-06,2.41250000e+00,2.52187500e+00,3.12500000e-03,4.26562500e-01
1.23928000e-06,2.56875000e+00,2.54687500e+00,-1.50000000e-02,4.60156250e-01
1.23960000e-06,2.38750000e+00,2.65937500e+00,-2.56250000e-02,5.54687500e-01
1.23992000e-06,2.47500000e+00,2.63437500e+00,6.25000000e-03,5.72656250e-01
1.24024000e-06,2.48750000e+00,2.59687500e+00,-3.31250000e-02,4.75781250e-01
1.24056000e-06,2.38750000e+00,2.45937500e+00,-2.18750000e-02,4.93750000e-01
1.24088000e-06,2.26250000e+00,2.53437500e+00,-1.25000000e-02,4.49218750e-01
1.24120000e-06,2.35312500e+00,2.45937500e+00,-3.12500000e-02,4.27343750e-01
1.24152000e-06,2.26875000e+00,2.49687500e+00,-3.37500000e-02,4.05468750e-01
1.24184000e-06,2.36562500e+00,2.42187500e+00,-2.00000000e-02,3.99218750e-01
1.24216000e-06,2.48125000e+00,2.54687500e+00,-3.37500000e-02,4.72656250e-01
1.24248000e-06,2.46250000e+00,2.34687500e+00,-3.81250000e-02,5.07031250e-01
1.24280000e-06,2.52500000e+00,2.48437500e+00,6.25000000e-03,4.96093750e-01
1.24312000e-06,2.66250000e+00,2.55937500e+00,-2.62500000e-02,4.93750000e-01
1.24344000e-06,2.43750000e+00,2.72187500e+00,-1.43750000e-02,4.38281250e-01
1.24376000e-06,2.35000000e+00,2.59687500e+00,-1.00000000e-02,4.70312500e-01
1.24408000e-06,2.40000000e+00,2.65937500e+00,-1.43750000e-02,5.71875000e-01
1.24440000e-06,2.28750000e+00,2.52187500e+00,-4.12500000e-02,5.46093750e-01
1.24472000e-06,2.47500000e+00,2.57187500e+00,-3.31250000e-02,4.65625000e-01
1.24504000e-06,2.53750000e+00,2.52187500e+00,-2.18750000e-02,4.91406250e-01
1.24536000e-06,2.58750000e+00,2.57187500e+00,-1.87500000e-03,4.62500000e-01
1.24568000e-06,2.46250000e+00,2.49687500e+00,-5.12500000e-02,4.06250000e-01
1.24600000e-06,2.36250000e+00,2.55937500e+00,3.75000000e-03,4.24218750e-01
1.24632000e-06,2.35000000e+00,2.50937500e+00,-1.68750000e-02,4.64843750e-01
1.24664000e-06,2.43750000e+00,2.50937500e+00,-2.87500000e-02,4.14062500e-01
1.24696000e-06,2.42500000e+00,2.55937500e+00,-2.81250000e-02,3.96875000e-01
1.24728000e-06,2.47500000e+00,2.55937500e+00,-6.87500000e-03,4.89062500e-01
1.24760000e-06,2.51250000e+00,2.45937500e+00,-3.06250000e-02,5.00000000e-01
1.24792000e-06,2.43750000e+00,2.42187500e+00,-9.37500000e-03,4.45312500e-01
1.24824000e-06,2.43750000e+00,2.48437500e+00,-2.00000000e-02,4.72656250e-01
1.24856000e-06,2.41250000e+00,2.69687500e+00,-1.68750000e-02,4.47656250e-01
1.24888000e-06,2.38750000e+00,2.57187500e+00,-1.18750000e-02,3.57812500e-01
1.24920000e-06,2.51250000e+00,2.64687500e+00,1.06250000e-02,4.33593750e-01
1.24952000e-06,2.45000000e+00,2.52187500e+00,-2.25000000e-02,4.64843750e-01
1.24984000e-06,2.38750000e+00,2.53437500e+00,-2.00000000e-02,4.70312500e-01
1.25016000e-06,2.48750000e+00,2.48437500e+00,-4.62500000e-02,5.53906250e-01
1.25048000e-06,2.45000000e+00,2.50937500e+00,-3.00000000e-02,4.27343750e-01
1.25080000e-06,2.48750000e+00,2.47187500e+00,-2.18750000e-02,4.75000000e-01
1.25112000e-06,2.48750000e+00,2.50937500e+00,-3.00000000e-02,4.88281250e-01
1.25144000e-06,2.35000000e+00,2.49687500e+00,3.75000000e-03,5.18750000e-01
1.25176000e-06,2.36250000e+00,2.60937500e+00,-1.93750000e-02,5.27343750e-01
1.25208000e-06,2.32500000e+00,2.44687500e+00,-2.87500000e-02,5.69531250e-01
1.25240000e-06,2.45000000e+00,2.74687500e+00,-3.81250000e-02,5.31250000e-01
1.25272000e-06,2.57500000e+00,2.60937500e+00,-2.12500000e-02,4.62500000e-01
1.25304000e-06,2.68750000e+00,2.45937500e+00,-1.87500000e-03,4.55468750e-01
1.25336000e-06,2.40000000e+00,2.60937500e+00,6.25000000e-04,4.31250000e-01
1.25368000e-06,2.18750000e+00,2.68437500e+00,-1.68750000e-02,4.36718750e-01
1.25400000e-06,2.39062500e+00,2.54687500e+00,3.12500000e-03,4.31250000e-01
1.25432000e-06,2.52500000e+00,2.67187500e+00,-9.37500000e-03,4.23437500e-01
1.25464000e-06,2.47500000e+00,2.50937500e+00,-4.37500000e-03,4.67187500e-01
1.25496000e-06,2.42500000e+00,2.65937500e+00,-1.50000000e-02,4.67187500e-01
1.25528000e-06,2.35000000e+00,2.55937500e+00,-4.62500000e-02,4.63281250e-01
1.25560000e-06,2.47500000e+00,2.53437500e+00,-2.12500000e-02,5.45312500e-01
1.25592000e-06,2.55000000e+00,2.47187500e+00,-9.37500000e-03,5.53906250e-01
1.25624000e-06,2.50000000e+00,2.59687500e+00,-9.37500000e-03,4.59375000e-01
1.25656000e-06,2.58750000e+00,2.48437500e+00,-9.37500000e-03,4.53125000e-01
1.25688000e-06,2.47500000e+00,2.73437500e+00,-4.37500000e-03,4.50000000e-01
1.25720000e-06,2.41250000e+00,2.59687500e+00,-1.43750000e-02,4.37500000e-01
1.25752000e-06,2.47500000e+00,2.57187500e+00,6.25000000e-04,4.57812500e-01
1.25784000e-06,2.36250000e+00,2.55937500e+00,-4.62500000e-02,4.89062500e-01
1.25816000e-06,2.38750000e+00,2.57187500e+00,-2.81250000e-02,4.56250000e-01
1.25848000e-06,2.45000000e+00,2.59687500e+00,-2.18750000e-02,4.89843750e-01
1.25880000e-06,2.48750000e+00,2.58437500e+00,-1.68750000e-02,4.89062500e-01
1.25912000e-06,2.48750000e+00,2.47187500e+00,-2.18750000e-02,4.36718750e-01
1.25944000e-06,2.41250000e+00,2.52187500e+00,-9.37500000e-03,3.82031250e-01
1.25976000e-06,2.42500000e+00,2.42187500e+00,-2.00000000e-02,4.30468750e-01
1.26008000e-06,2.37500000e+00,2.53437500e+00,-3.87500000e-02,4.13281250e-01
1.26040000e-06,2.42500000e+00,2.58437500e+00,-3.50000000e-02,4.75781250e-01
1.26072000e-06,2.47500000e+00,2.65937500e+00,-3.75000000e-03,4.43750000e-01
1.26104000e-06,2.37500000e+00,2.48437500e+00,-2.81250000e-02,4.26562500e-01
1.26136000e-06,2.41250000e+00,2.45937500e+00,-2.87500000e-02,4.73437500e-01
1.26168000e-06,2.42500000e+00,2.57187500e+00,-1.68750000e-02,3.96093750e-01
1.26200000e-06,2.50000000e+00,2.68437500e+00,8.12500000e-03,4.64843750e-01
1.26232000e-06,2.46250000e+00,2.55937500e+00,1.56250000e-02,4.79687500e-01
1.26264000e-06,2.47500000e+00,2.64687500e+00,-1.87500000e-03,4.51562500e-01
1.26296000e-06,2.46250000e+00,2.58437500e+00,-3.37500000e-02,4.80468750e-01
1.26328000e-06,2.56250000e+00,2.47187500e+00,-1.68750000e-02,5.23437500e-01
1.26360000e-06,2.57500000e+00,2.40937500e+00,-5.00000000e-03,4.92968750e-01
1.26392000e-06,2.48750000e+00,2.50937500e+00,1.56250000e-02,3.10937500e-01
1.26424000e-06,2.30000000e+00,2.63437500e+00,-3.87500000e-02,2.84375000e-01
1.26456000e-06,2.47500000e+00,2.59687500e+00,-6.87500000e-03,4.24218750e-01
1.26488000e-06,2.41875000e+00,2.62187500e+00,-1.06250000e-02,4.21875000e-01
1.26520000e-06,2.31250000e+00,2.68437500e+00,-2.18750000e-02,4.23437500e-01
1.26552000e-06,2.55000000e+00,2.60937500e+00,-1.50000000e-02,4.21093750e-01
1.26584000e-06,2.63750000e+00,2.60937500e+00,-4.62500000e-02,4.80468750e-01
1.26616000e-06,2.45000000e+00,2.52187500e+00,-1.62500000e-02,5.04687500e-01
1.26648000e-06,2.37500000e+00,2.55937500e+00,1.31250000e-02,4.50781250e-01
1.26680000e-06,2.45000000e+00,2.65937500e+00,-1.18750000e-02,3.96093750e-01
1.26712000e-06,2.53750000e+00,2.73437500e+00,-1.00000000e-02,5.45312500e-01
1.26744000e-06,2.42500000e+00,2.59687500e+00,-7.25000000e-02,4.86718750e-01
1.26776000e-06,2.41250000e+00,2.60937500e+00,-1.62500000e-02,4.27343750e-01
1.26808000e-06,2.46250000e+00,2.60937500e+00,-5.87500000e-02,5.21875000e-01
1.26840000e-06,2.45000000e+00,2.63437500e+00,-1.93750000e-02,5.39062500e-01
1.26872000e-06,2.46250000e+00,2.60937500e+00,-1.50000000e-02,5.44531250e-01
1.26904000e-06,2.33750000e+00,2.60937500e+00,-1.50000000e-02,4.90625000e-01
1.26936000e-06,2.43750000e+00,2.49687500e+00,-4.87500000e-02,4.50000000e-01
1.26968000e-06,2.43750000e+00,2.47187500e+00,-4.81250000e-02,3.25000000e-01
1.27000000e-06,2.50000000e+00,2.63437500e+00,-6.25000000e-03,4.12500000e-01
1.27032000e-06,2.36250000e+00,2.67187500e+00,5.62500000e-03,5.39062500e-01
1.27064000e-06,2.31250000e+00,2.57187500e+00,8.12500000e-03,5.02343750e-01
1.27096000e-06,2.49062500e+00,2.62187500e+00,8.12500000e-03,4.74218750e-01
1.27128000e-06,2.37500000e+00,2.44687500e+00,-2.18750000e-02,5.10156250e-01
1.27160000e-06,2.48750000e+00,2.64687500e+00,3.31250000e-02,5.17187500e-01
1.27192000e-06,2.55000000e+00,2.52187500e+00,-3.12500000e-02,5.26562500e-01
1.27224000e-06,2.35000000e+00,2.69687500e+00,-4.37500000e-02,5.28125000e-01
1.27256000e-06,2.37500000e+00,2.54687500e+00,-3.12500000e-02,5.31250000e-01
1.27288000e-06,2.35000000e+00,2.72187500e+00,-3.25000000e-02,4.90625000e-01
1.27320000e-06,2.47500000e+00,2.45937500e+00,-8.75000000e-03,4.39843750e-01
1.27352000e-06,2.46250000e+00,2.52187500e+00,-8.75000000e-03,4.70312500e-01
1.27384000e-06,2.41250000e+00,2.48437500e+00,8.12500000e-03,4.61718750e-01
1.27416000e-06,2.50000000e+00,2.58437500e+00,-2.25000000e-02,3.90625000e-01
1.27448000e-06,2.36250000e+00,2.60937500e+00,-4.12500000e-02,4.53125000e-01
1.27480000e-06,2.40000000e+00,2.54687500e+00,-3.00000000e-02,5.01562500e-01
1.27512000e-06,2.40000000e+00,2.65937500e+00,-1.68750000e-02,4.50000000e-01
1.27544000e-06,2.45000000e+00,2.58437500e+00,-3.81250000e-02,5.50781250e-01
1.27576000e-06,2.51250000e+00,2.39687500e+00,-3.56250000e-02,5.00000000e-01
1.27608000e-06,2.32500000e+00,2.64687500e+00,-2.81250000e-02,3.86718750e-01
1.27640000e-06,2.36250000e+00,2.55937500e+00,-1.62500000e-02,3.94531250e-01
1.27672000e-06,2.37500000e+00,2.54687500e+00,1.31250000e-02,4.51562500e-01
1.27704000e-06,2.38750000e+00,2.50937500e+00,8.12500000e-03,4.86718750e-01
1.27736000e-06,2.40000000e+00,2.63437500e+00,-1.43750000e-02,4.75781250e-01
1.27768000e-06,2.42500000e+00,2.59687500e+00,3.12500000e-03,5.03906250e-01
1.27800000e-06,2.47500000e+00,2.64687500e+00,1.31250000e-02,6.07812500e-01
1.27832000e-06,2.40000000e+00,2.54687500e+00,-1.43750000e-02,5.53125000e-01
1.27864000e-06,2.58750000e+00,2.55937500e+00,-1.93750000e-02,4.08593750e-01
1.27896000e-06,2.35000000e+00,2.57187500e+00,6.25000000e-04,4.20312500e-01
1.27928000e-06,2.38750000e+00,2.55937500e+00,3.12500000e-03,4.40625000e-01
1.27960000e-06,2.40000000e+00,2.53437500e+00,-9.37500000e-03,4.76562500e-01
1.27992000e-06,2.33750000e+00,2.59687500e+00,5.62500000e-03,4.50781250e-01
1.28024000e-06,2.28750000e+00,2.47187500e+00,-9.37500000e-03,4.93750000e-01
1.28056000e-06,2.46562500e+00,2.55937500e+00,-4.37500000e-03,4.85156250e-01
1.28088000e-06,2.47500000e+00,2.64687500e+00,-2.87500000e-02,4.57031250e-01
1.28120000e-06,2.40000000e+00,2.54687500e+00,-2.81250000e-02,4.96093750e-01
1.28152000e-06,2.41250000e+00,2.52187500e+00,-1.68750000e-02,4.03125000e-01
1.28184000e-06,2.46250000e+00,2.60937500e+00,-1.62500000e-02,4.16406250e-01
1.28216000e-06,2.37500000e+00,2.47187500e+00,-2.81250000e-02,4.29687500e-01
1.28248000e-06,2.43750000e+00,2.63437500e+00,3.12500000e-03,4.85937500e-01
1.28280000e-06,2.41250000e+00,2.62187500e+00,-1.87500000e-03,5.65625000e-01
1.28312000e-06,2.41250000e+00,2.58437500e+00,-1.87500000e-03,5.78125000e-01
1.28344000e-06,2.35000000e+00,2.47187500e+00,6.25000000e-04,5.10156250e-01
1.28376000e-06,2.42500000e+00,2.53437500e+00,6.25000000e-04,5.12500000e-01
1.28408000e-06,2.42500000e+00,2.47187500e+00,-3.06250000e-02,4.63281250e-01
1.28440000e-06,2.48750000e+00,2.62187500e+00,-1.25000000e-02,4.25000000e-01
1.28472000e-06,2.52500000e+00,2.52187500e+00,-3.62500000e-02,4.73437500e-01
1.28504000e-06,2.40000000e+00,2.48437500e+00,-2.12500000e-02,4.86718750e-01
1.28536000e-06,2.46250000e+00,2.57187500e+00,6.25000000e-04,4.32812500e-01
1.28568000e-06,2.50000000e+00,2.64687500e+00,-3.12500000e-02,4.09375000e-01
1.28600000e-06,2.36250000e+00,2.52187500e+00,-4.06250000e-02,5.08593750e-01
1.28632000e-06,2.48750000e+00,2.49687500e+00,6.25000000e-04,4.21093750e-01
1.28664000e-06,2.48750000e+00,2.47187500e+00,-2.56250000e-02,3.58593750e-01
1.28696000e-06,2.51250000e+00,2.59687500e+00,-2.18750000e-02,4.04687500e-01
1.28728000e-06,2.38750000e+00,2.48437500e+00,-1.00000000e-02,4.44531250e-01
1.28760000e-06,2.43750000e+00,2.63437500e+00,-4.37500000e-03,4.25000000e-01
1.28792000e-06,2.48750000e+00,2.59687500e+00,-9.37500000e-03,4.07031250e-01
1.28824000e-06,2.46250000e+00,2.52187500e+00,-4.37500000e-03,5.02343750e-01
1.28856000e-06,2.31250000e+00,2.45937500e+00,-3.81250000e-02,5.74218750e-01
1.28888000e-06,2.48750000e+00,2.64687500e+00,-7.50000000e-03,5.10937500e-01
1.28920000e-06,2.55000000e+00,2.52187500e+00,-3.06250000e-02,4.96093750e-01
1.28952000e-06,2.31250000e+00,2.30937500e+00,1.62500000e-02,4.34375000e-01
1.28984000e-06,2.40000000e+00,2.37187500e+00,-2.75000000e-02,4.07812500e-01
1.29016000e-06,2.35000000e+00,2.68437500e+00,-1.25000000e-02,4.15625000e-01
1.29048000e-06,2.43750000e+00,2.45937500e+00,-3.06250000e-02,4.09375000e-01
1.29080000e-06,2.36250000e+00,2.57187500e+00,-6.25000000e-03,5.03125000e-01
1.29112000e-06,2.42500000e+00,2.57187500e+00,-2.50000000e-02,5.24218750e-01
1.29144000e-06,2.53750000e+00,2.70937500e+00,1.56250000e-02,4.50781250e-01
1.29176000e-06,2.41250000e+00,2.39687500e+00,-4.37500000e-03,4.39062500e-01
1.29208000e-06,2.28750000e+00,2.48437500e+00,6.25000000e-04,4.03125000e-01
1.29240000e-06,2.32500000e+00,2.54687500e+00,-3.87500000e-02,3.84375000e-01
1.29272000e-06,2.50937500e+00,2.54687500e+00,-4.12500000e-02,4.37500000e-01
1.29304000e-06,2.41250000e+00,2.55937500e+00,-1.43750000e-02,4.23437500e-01
1.29336000e-06,2.50000000e+00,2.68437500e+00,3.12500000e-03,4.94531250e-01
1.29368000e-06,2.48750000e+00,2.47187500e+00,-1.18750000e-02,5.25000000e-01
1.29400000e-06,2.51250000e+00,2.47187500e+00,-7.50000000e-03,4.05468750e-01
1.29432000e-06,2.37500000e+00,2.38437500e+00,-3.31250000e-02,3.64843750e-01
1.29464000e-06,2.46250000e+00,2.62187500e+00,-1.12500000e-02,4.16406250e-01
1.29496000e-06,2.37500000e+00,2.53437500e+00,-6.25000000e-03,4.43750000e-01
1.29528000e-06,2.50000000e+00,2.57187500e+00,-2.18750000e-02,4.39062500e-01
1.29560000e-06,2.48750000e+00,2.58437500e+00,-6.87500000e-03,4.89843750e-01
1.29592000e-06,2.31250000e+00,2.63437500e+00,-1.93750000e-02,4.88281250e-01
1.29624000e-06,2.41250000e+00,2.55937500e+00,-2.56250000e-02,4.78906250e-01
1.29656000e-06,2.48125000e+00,2.40937500e+00,5.62500000e-03,5.92187500e-01
1.29688000e-06,2.52500000e+00,2.53437500e+00,-4.12500000e-02,5.54687500e-01
1.29720000e-06,2.41250000e+00,2.55937500e+00,-1.43750000e-02,4.59375000e-01
1.29752000e-06,2.38750000e+00,2.45937500e+00,-5.00000000e-03,4.81250000e-01
1.29784000e-06,2.27500000e+00,2.63437500e+00,-1.87500000e-03,5.31250000e-01
1.29816000e-06,2.46562500e+00,2.48437500e+00,-1.87500000e-03,4.96093750e-01
1.29848000e-06,2.42500000e+00,2.52187500e+00,-6.87500000e-03,5.77343750e-01
1.29880000e-06,2.33750000e+00,2.63437500e+00,-3.31250000e-02,5.64843750e-01
1.29912000e-06,2.55000000e+00,2.44687500e+00,-1.75000000e-02,4.99218750e-01
1.29944000e-06,2.42500000e+00,2.47187500e+00,-3.06250000e-02,5.54687500e-01
1.29976000e-06,2.47500000e+00,2.48437500e+00,1.25000000e-03,4.93750000e-01
1.30008000e-06,2.55000000e+00,2.49687500e+00,-3.31250000e-02,4.75000000e-01
1.30040000e-06,2.51250000e+00,2.48437500e+00,-9.37500000e-03,5.81250000e-01
1.30072000e-06,2.52500000e+00,2.44687500e+00,-2.25000000e-02,6.02343750e-01
1.30104000e-06,2.42500000e+00,2.55937500e+00,-1.87500000e-03,5.22656250e-01
1.30136000e-06,2.37500000e+00,2.70937500e+00,-1.93750000e-02,4.92968750e-01
1.30168000e-06,2.33750000e+00,2.62187500e+00,-1.18750000e-02,5.24218750e-01
1.30200000e-06,2.52500000e+00,2.52187500e+00,-1.87500000e-03,5.13281250e-01
1.30232000e-06,2.45000000e+00,2.57187500e+00,-1.18750000e-02,5.22656250e-01
1.30264000e-06,2.55000000e+00,2.59687500e+00,-2.56250000e-02,5.35937500e-01
1.30296000e-06,2.56250000e+00,2.58437500e+00,-2.87500000e-02,5.16406250e-01
1.30328000e-06,2.50000000e+00,2.59687500e+00,-1.68750000e-02,5.07812500e-01
1.30360000e-06,2.42500000e+00,2.65937500e+00,-1.56250000e-02,5.31250000e-01
1.30392000e-06,2.47500000e+00,2.58437500e+00,-3.62500000e-02,5.42187500e-01
1.30424000e-06,2.52500000e+00,2.60937500e+00,-1.62500000e-02,6.03125000e-01
1.30456000e-06,2.40000000e+00,2.58437500e+00,-2.25000000e-02,6.12500000e-01
1.30488000e-06,2.58750000e+00,2.60937500e+00,-1.75000000e-02,4.46875000e-01
1.30520000e-06,2.36250000e+00,2.47187500e+00,-2.56250000e-02,3.96875000e-01
1.30552000e-06,2.47500000e+00,2.54687500e+00,-1.25000000e-03,5.07812500e-01
1.30584000e-06,2.45000000e+00,2.50937500e+00,-1.25000000e-03,6.00000000e-01
1.30616000e-06,2.38750000e+00,2.64687500e+00,-1.68750000e-02,5.30468750e-01
1.30648000e-06,2.52500000e+00,2.53437500e+00,-3.62500000e-02,5.29687500e-01
1.30680000e-06,2.43750000e+00,2.49687500e+00,-3.31250000e-02,6.00000000e-01
1.30712000e-06,2.50000000e+00,2.48437500e+00,-1.87500000e-03,5.62500000e-01
1.30744000e-06,2.52500000e+00,2.73437500e+00,-2.18750000e-02,5.17187500e-01
1.30776000e-06,2.55000000e+00,2.59687500e+00,-4.12500000e-02,5.16406250e-01
1.30808000e-06,2.45000000e+00,2.55937500e+00,-1.62500000e-02,5.14843750e-01
1.30840000e-06,2.33750000e+00,2.50937500e+00,1.06250000e-02,4.55468750e-01
1.30872000e-06,2.42500000e+00,2.62187500e+00,-3.62500000e-02,4.47656250e-01
1.30904000e-06,2.37500000e+00,2.68437500e+00,-3.62500000e-02,4.36718750e-01
1.30936000e-06,2.47500000e+00,2.57187500e+00,-3.87500000e-02,4.53906250e-01
1.30968000e-06,2.56250000e+00,2.39687500e+00,6.25000000e-03,5.06250000e-01
1.31000000e-06,2.53750000e+00,2.65937500e+00,-4.37500000e-03,6.02343750e-01
1.31032000e-06,2.48750000e+00,2.55937500e+00,-1.50000000e-02,6.50781250e-01
1.31064000e-06,2.66250000e+00,2.65937500e+00,-6.87500000e-03,5.87500000e-01
1.31096000e-06,2.45000000e+00,2.55937500e+00,-6.87500000e-03,5.10156250e-01
1.31128000e-06,2.27500000e+00,2.68437500e+00,-1.18750000e-02,5.00000000e-01
1.31160000e-06,2.40000000e+00,2.54687500e+00,-2.62500000e-02,4.86718750e-01
1.31192000e-06,2.43125000e+00,2.60937500e+00,-2.87500000e-02,5.12500000e-01
1.31224000e-06,2.30000000e+00,2.55937500e+00,-3.56250000e-02,4.92968750e-01
1.31256000e-06,2.45000000e+00,2.59687500e+00,1.62500000e-02,4.64843750e-01
1.31288000e-06,2.48125000e+00,2.64687500e+00,-3.06250000e-02,5.48437500e-01
1.31320000e-06,2.51250000e+00,2.62187500e+00,-6.87500000e-03,5.90625000e-01
1.31352000e-06,2.50000000e+00,2.48437500e+00,-5.00000000e-03,5.54687500e-01
1.31384000e-06,2.57500000e+00,2.62187500e+00,-9.37500000e-03,5.44531250e-01
1.31416000e-06,2.48750000e+00,2.67187500e+00,-1.50000000e-02,4.85937500e-01
1.31448000e-06,2.45000000e+00,2.69687500e+00,-2.18750000e-02,5.13281250e-01
1.31480000e-06,2.36250000e+00,2.53437500e+00,-3.12500000e-02,4.85156250e-01
1.31512000e-06,2.32500000e+00,2.54687500e+00,-3.87500000e-02,4.05468750e-01
1.31544000e-06,2.38750000e+00,2.57187500e+00,-3.37500000e-02,4.14843750e-01
1.31576000e-06,2.46250000e+00,2.55937500e+00,-2.56250000e-02,4.63281250e-01
1.31608000e-06,2.37500000e+00,2.53437500e+00,-3.00000000e-02,5.08593750e-01
1.31640000e-06,2.51250000e+00,2.57187500e+00,-6.25000000e-03,5.34375000e-01
1.31672000e-06,2.55000000e+00,2.49687500e+00,-1.12500000e-02,4.82031250e-01
1.31704000e-06,2.47500000e+00,2.53437500e+00,-1.43750000e-02,4.56250000e-01
1.31736000e-06,2.42500000e+00,2.38437500e+00,-9.37500000e-03,4.60937500e-01
1.31768000e-06,2.35000000e+00,2.58437500e+00,-2.00000000e-02,4.22656250e-01
1.31800000e-06,2.35000000e+00,2.58437500e+00,-5.12500000e-02,4.71093750e-01
1.31832000e-06,2.52500000e+00,2.59687500e+00,3.75000000e-03,5.30468750e-01
1.31864000e-06,2.52500000e+00,2.58437500e+00,1.06250000e-02,4.57031250e-01
1.31896000e-06,2.50000000e+00,2.52187500e+00,5.62500000e-03,5.19531250e-01
1.31928000e-06,2.45000000e+00,2.55937500e+00,6.25000000e-04,5.63281250e-01
1.31960000e-06,2.50000000e+00,2.54687500e+00,-3.62500000e-02,4.78906250e-01
1.31992000e-06,2.52500000e+00,2.47187500e+00,-1.43750000e-02,4.57031250e-01
1.32024000e-06,2.51250000e+00,2.58437500e+00,5.00000000e-03,5.54687500e-01
1.32056000e-06,2.36250000e+00,2.45937500e+00,-3.31250000e-02,5.00781250e-01
1.32088000e-06,2.53750000e+00,2.60937500e+00,-1.87500000e-03,4.16406250e-01
1.32120000e-06,2.36250000e+00,2.64687500e+00,6.25000000e-04,4.06250000e-01
1.32152000e-06,2.52500000e+00,2.63437500e+00,-1.87500000e-03,4.90625000e-01
1.32184000e-06,2.45000000e+00,2.62187500e+00,-3.12500000e-02,5.43750000e-01
1.32216000e-06,2.56250000e+00,2.59687500e+00,-3.31250000e-02,5.11718750e-01
1.32248000e-06,2.51250000e+00,2.44687500e+00,-2.25000000e-02,4.58593750e-01
1.32280000e-06,2.42500000e+00,2.65937500e+00,-2.75000000e-02,3.90625000e-01
1.32312000e-06,2.40000000e+00,2.58437500e+00,-1.12500000e-02,4.10937500e-01
1.32344000e-06,2.47500000e+00,2.47187500e+00,-2.81250000e-02,4.88281250e-01
1.32376000e-06,2.40000000e+00,2.45937500e+00,-9.37500000e-03,5.52343750e-01
1.32408000e-06,2.47500000e+00,2.60937500e+00,-2.50000000e-03,5.75781250e-01
1.32440000e-06,2.50000000e+00,2.69687500e+00,-3.06250000e-02,5.81250000e-01
1.32472000e-06,2.51250000e+00,2.70937500e+00,-9.37500000e-03,5.47656250e-01
1.32504000e-06,2.47500000e+00,2.45937500e+00,-9.37500000e-03,4.35156250e-01
1.32536000e-06,2.48750000e+00,2.60937500e+00,-7.50000000e-03,4.14062500e-01
1.32568000e-06,2.42500000e+00,2.64687500e+00,-3.31250000e-02,4.19531250e-01
1.32600000e-06,2.50000000e+00,2.59687500e+00,-8.75000000e-03,4.39062500e-01
1.32632000e-06,2.42500000e+00,2.53437500e+00,-3.75000000e-03,5.07031250e-01
1.32664000e-06,2.45000000e+00,2.63437500e+00,-6.87500000e-03,5.11718750e-01
1.32696000e-06,2.48750000e+00,2.59687500e+00,-6.87500000e-03,4.19531250e-01
1.32728000e-06,2.42500000e+00,2.65937500e+00,6.25000000e-04,4.03125000e-01
1.32760000e-06,2.47500000e+00,2.57187500e+00,-3.12500000e-02,4.05468750e-01
1.32792000e-06,2.52500000e+00,2.37187500e+00,-3.62500000e-02,4.53906250e-01
1.32824000e-06,2.41250000e+00,2.54687500e+00,-3.31250000e-02,4.49218750e-01
1.32856000e-06,2.38750000e+00,2.72187500e+00,1.25000000e-03,3.84375000e-01
1.32888000e-06,2.37500000e+00,2.44687500e+00,2.62500000e-02,4.38281250e-01
1.32920000e-06,2.56250000e+00,2.52187500e+00,8.12500000e-03,5.71875000e-01
1.32952000e-06,2.60000000e+00,2.48437500e+00,-5.62500000e-02,5.21875000e-01
1.32984000e-06,2.43750000e+00,2.57187500e+00,-4.37500000e-03,4.57812500e-01
1.33016000e-06,2.36250000e+00,2.55937500e+00,2.25000000e-02,4.08593750e-01
1.33048000e-06,2.45000000e+00,2.55937500e+00,-1.00000000e-02,3.21875000e-01
1.33080000e-06,2.42500000e+00,2.50937500e+00,-3.81250000e-02,3.24218750e-01
1.33112000e-06,2.46250000e+00,2.50937500e+00,-8.75000000e-03,4.40625000e-01
1.33144000e-06,2.42500000e+00,2.60937500e+00,-1.68750000e-02,5.24218750e-01
1.33176000e-06,2.41250000e+00,2.64687500e+00,-3.06250000e-02,5.14062500e-01
1.33208000e-06,2.45000000e+00,2.63437500e+00,-8.75000000e-03,5.28906250e-01
1.33240000e-06,2.43750000e+00,2.58437500e+00,-3.06250000e-02,5.38281250e-01
1.33272000e-06,2.43750000e+00,2.53437500e+00,-4.37500000e-02,4.81250000e-01
1.33304000e-06,2.50000000e+00,2.53437500e+00,-1.93750000e-02,4.61718750e-01
1.33336000e-06,2.45000000e+00,2.50937500e+00,-1.00000000e-02,4.45312500e-01
1.33368000e-06,2.41250000e+00,2.63437500e+00,-3.81250000e-02,4.29687500e-01
1.33400000e-06,2.46250000e+00,2.52187500e+00,-1.25000000e-03,4.71875000e-01
1.33432000e-06,2.53750000e+00,2.57187500e+00,-2.18750000e-02,5.46093750e-01
1.33464000e-06,2.35000000e+00,2.58437500e+00,-3.62500000e-02,4.59375000e-01
1.33496000e-06,2.38750000e+00,2.42187500e+00,-2.12500000e-02,4.03125000e-01
1.33528000e-06,2.37500000e+00,2.48437500e+00,-3.06250000e-02,4.42187500e-01
1.33560000e-06,2.60000000e+00,2.62187500e+00,1.81250000e-02,4.36718750e-01
1.33592000e-06,2.42500000e+00,2.52187500e+00,-2.62500000e-02,4.25781250e-01
1.33624000e-06,2.41250000e+00,2.64687500e+00,-1.93750000e-02,4.82812500e-01
1.33656000e-06,2.36250000e+00,2.53437500e+00,-7.50000000e-03,5.40625000e-01
1.33688000e-06,2.46250000e+00,2.54687500e+00,6.25000000e-04,5.16406250e-01
1.33720000e-06,2.51250000e+00,2.62187500e+00,-2.18750000e-02,4.43750000e-01
1.33752000e-06,2.38750000e+00,2.53437500e+00,-2.25000000e-02,4.67968750e-01
1.33784000e-06,2.43750000e+00,2.55937500e+00,-9.37500000e-03,5.20312500e-01
1.33816000e-06,2.45000000e+00,2.69687500e+00,-1.93750000e-02,4.72656250e-01
1.33848000e-06,2.43750000e+00,2.49687500e+00,-1.87500000e-03,5.27343750e-01
1.33880000e-06,2.37500000e+00,2.63437500e+00,-1.18750000e-02,5.17187500e-01
1.33912000e-06,2.41250000e+00,2.58437500e+00,-2.62500000e-02,4.39062500e-01
1.33944000e-06,2.57500000e+00,2.58437500e+00,-3.87500000e-02,4.54687500e-01
1.33976000e-06,2.46250000e+00,2.54687500e+00,-3.62500000e-02,4.66406250e-01
1.34008000e-06,2.57500000e+00,2.67187500e+00,-2.12500000e-02,4.89843750e-01
1.34040000e-06,2.41250000e+00,2.53437500e+00,-1.87500000e-03,4.79687500e-01
1.34072000e-06,2.46250000e+00,2.58437500e+00,-2.56250000e-02,3.89843750e-01
1.34104000e-06,2.33750000e+00,2.54687500e+00,-2.00000000e-02,4.89843750e-01
1.34136000e-06,2.45000000e+00,2.58437500e+00,-4.62500000e-02,5.48437500e-01
1.34168000e-06,2.48750000e+00,2.57187500e+00,-1.87500000e-02,5.13281250e-01
1.34200000e-06,2.56250000e+00,2.58437500e+00,-3.62500000e-02,4.79687500e-01
1.34232000e-06,2.41250000e+00,2.54687500e+00,-2.56250000e-02,4.92187500e-01
1.34264000e-06,2.42500000e+00,2.47187500e+00,-4.37500000e-03,3.82812500e-01
1.34296000e-06,2.46250000e+00,2.54687500e+00,-1.93750000e-02,3.17968750e-01
1.34328000e-06,2.45000000e+00,2.73437500e+00,-2.87500000e-02,4.32812500e-01
1.34360000e-06,2.42500000e+00,2.55937500e+00,-3.81250000e-02,5.41406250e-01
1.34392000e-06,2.46250000e+00,2.55937500e+00,-4.31250000e-02,5.40625000e-01
1.34424000e-06,2.32500000e+00,2.67187500e+00,-8.75000000e-03,4.59375000e-01
1.34456000e-06,2.47500000e+00,2.53437500e+00,-1.93750000e-02,3.81250000e-01
1.34488000e-06,2.52500000e+00,2.59687500e+00,-6.87500000e-03,3.92187500e-01
1.34520000e-06,2.45000000e+00,2.67187500e+00,-4.37500000e-03,4.88281250e-01
1.34552000e-06,2.31250000e+00,2.54687500e+00,-9.37500000e-03,5.03906250e-01
1.34584000e-06,2.40000000e+00,2.62187500e+00,-9.37500000e-03,4.28906250e-01
1.34616000e-06,2.39375000e+00,2.55937500e+00,-4.37500000e-03,3.82812500e-01
1.34648000e-06,2.50000000e+00,2.63437500e+00,-1.68750000e-02,4.14062500e-01
1.34680000e-06,2.55000000e+00,2.53437500e+00,-4.37500000e-03,4.57031250e-01
1.34712000e-06,2.33750000e+00,2.63437500e+00,5.62500000e-03,4.75781250e-01
1.34744000e-06,2.36250000e+00,2.60937500e+00,5.62500000e-03,4.67187500e-01
1.34776000e-06,2.47500000e+00,2.47187500e+00,-2.00000000e-02,4.90625000e-01
1.34808000e-06,2.46250000e+00,2.50937500e+00,-1.68750000e-02,4.88281250e-01
1.34840000e-06,2.32500000e+00,2.62187500e+00,-2.00000000e-02,3.94531250e-01
1.34872000e-06,2.53750000e+00,2.55937500e+00,-3.06250000e-02,3.78906250e-01
1.34904000e-06,2.58750000e+00,2.67187500e+00,-1.37500000e-02,4.47656250e-01
1.34936000e-06,2.52500000e+00,2.49687500e+00,-1.12500000e-02,5.07812500e-01
1.34968000e-06,2.46250000e+00,2.44687500e+00,-1.18750000e-02,4.86718750e-01
1.35000000e-06,2.35000000e+00,2.63437500e+00,-2.00000000e-02,4.92968750e-01
1.35032000e-06,2.41250000e+00,2.55937500e+00,-1.43750000e-02,4.74218750e-01
1.35064000e-06,2.42500000e+00,2.52187500e+00,-2.00000000e-02,4.61718750e-01
1.35096000e-06,2.51250000e+00,2.57187500e+00,-3.06250000e-02,3.96875000e-01
1.35128000e-06,2.52500000e+00,2.47187500e+00,-3.75000000e-03,4.60937500e-01
1.35160000e-06,2.56250000e+00,2.58437500e+00,-3.75000000e-03,4.48437500e-01
1.35192000e-06,2.43750000e+00,2.47187500e+00,-1.43750000e-02,4.16406250e-01
1.35224000e-06,2.38750000e+00,2.53437500e+00,-6.87500000e-03,4.38281250e-01
1.35256000e-06,2.48750000e+00,2.54687500e+00,-3.31250000e-02,4.82812500e-01
1.35288000e-06,2.62500000e+00,2.63437500e+00,6.25000000e-04,5.05468750e-01
1.35320000e-06,2.56250000e+00,2.49687500e+00,-2.00000000e-02,4.90625000e-01
1.35352000e-06,2.43750000e+00,2.69687500e+00,-4.12500000e-02,4.36718750e-01
1.35384000e-06,2.56250000e+00,2.54687500e+00,-1.37500000e-02,4.34375000e-01
1.35416000e-06,2.38750000e+00,2.58437500e+00,-1.18750000e-02,5.08593750e-01
1.35448000e-06,2.40000000e+00,2.44687500e+00,-1.68750000e-02,5.88281250e-01
1.35480000e-06,2.55000000e+00,2.55937500e+00,8.12500000e-03,5.51562500e-01
1.35512000e-06,2.35000000e+00,2.49687500e+00,-3.37500000e-02,5.03125000e-01
1.35544000e-06,2.52500000e+00,2.50937500e+00,-4.37500000e-02,4.90625000e-01
1.35576000e-06,2.51250000e+00,2.38437500e+00,-4.06250000e-02,4.88281250e-01
1.35608000e-06,2.37500000e+00,2.53437500e+00,6.25000000e-03,4.84375000e-01
1.35640000e-06,2.55000000e+00,2.48437500e+00,1.87500000e-02,4.49218750e-01
1.35672000e-06,2.51250000e+00,2.47187500e+00,-4.62500000e-02,5.30468750e-01
1.35704000e-06,2.45000000e+00,2.44687500e+00,-1.50000000e-02,5.32031250e-01
1.35736000e-06,2.48750000e+00,2.59687500e+00,-4.37500000e-02,5.28125000e-01
1.35768000e-06,2.42500000e+00,2.62187500e+00,-3.75000000e-03,4.93750000e-01
1.35800000e-06,2.56250000e+00,2.57187500e+00,1.12500000e-02,4.47656250e-01
1.35832000e-06,2.51250000e+00,2.49687500e+00,-1.43750000e-02,4.92968750e-01
1.35864000e-06,2.41250000e+00,2.54687500e+00,-1.50000000e-02,4.42968750e-01
1.35896000e-06,2.42500000e+00,2.49687500e+00,-2.81250000e-02,4.46093750e-01
1.35928000e-06,2.42500000e+00,2.62187500e+00,8.75000000e-03,4.89843750e-01
1.35960000e-06,2.46250000e+00,2.52187500e+00,1.25000000e-03,5.64062500e-01
1.35992000e-06,2.43750000e+00,2.63437500e+00,1.31250000e-02,5.37500000e-01
1.36024000e-06,2.42500000e+00,2.53437500e+00,-6.12500000e-02,5.51562500e-01
1.36056000e-06,2.51250000e+00,2.55937500e+00,-9.37500000e-03,5.39843750e-01
1.36088000e-06,2.45000000e+00,2.42187500e+00,-2.68750000e-02,5.28906250e-01
1.36120000e-06,2.51250000e+00,2.57187500e+00,-3.37500000e-02,5.55468750e-01
1.36152000e-06,2.36250000e+00,2.50937500e+00,-1.93750000e-02,5.04687500e-01
1.36184000e-06,2.37500000e+00,2.62187500e+00,8.12500000e-03,4.42968750e-01
1.36216000e-06,2.38750000e+00,2.44687500e+00,-2.62500000e-02,5.35156250e-01
1.36248000e-06,2.32500000e+00,2.65937500e+00,-2.18750000e-02,5.39843750e-01
1.36280000e-06,2.57500000e+00,2.44687500e+00,-1.75000000e-02,5.14062500e-01
1.36312000e-06,2.60000000e+00,2.62187500e+00,6.25000000e-04,4.38281250e-01
1.36344000e-06,2.51250000e+00,2.63437500e+00,-9.37500000e-03,3.85937500e-01
1.36376000e-06,2.41250000e+00,2.53437500e+00,-2.87500000e-02,3.72656250e-01
1.36408000e-06,2.43750000e+00,2.50937500e+00,-4.12500000e-02,4.14062500e-01
1.36440000e-06,2.32500000e+00,2.53437500e+00,-3.62500000e-02,5.10937500e-01
1.36472000e-06,2.36250000e+00,2.53437500e+00,-8.75000000e-03,4.75781250e-01
1.36504000e-06,2.46250000e+00,2.72187500e+00,-1.18750000e-02,4.52343750e-01
1.36536000e-06,2.50000000e+00,2.58437500e+00,-3.06250000e-02,4.84375000e-01
1.36568000e-06,2.55000000e+00,2.43437500e+00,6.25000000e-04,5.48437500e-01
1.36600000e-06,2.42500000e+00,2.45937500e+00,-1.18750000e-02,5.64843750e-01
1.36632000e-06,2.42500000e+00,2.53437500e+00,6.25000000e-04,5.32812500e-01
1.36664000e-06,2.40000000e+00,2.54687500e+00,-2.18750000e-02,4.92968750e-01
1.36696000e-06,2.42500000e+00,2.63437500e+00,6.25000000e-04,4.84375000e-01
1.36728000e-06,2.42500000e+00,2.47187500e+00,-1.87500000e-03,4.66406250e-01
1.36760000e-06,2.42500000e+00,2.53437500e+00,-9.37500000e-03,5.41406250e-01
1.36792000e-06,2.43750000e+00,2.55937500e+00,-4.37500000e-03,5.64062500e-01
1.36824000e-06,2.46250000e+00,2.55937500e+00,-1.00000000e-02,5.51562500e-01
1.36856000e-06,2.32500000e+00,2.49687500e+00,-3.87500000e-02,5.39843750e-01
1.36888000e-06,2.41250000e+00,2.58437500e+00,-1.37500000e-02,5.32812500e-01
1.36920000e-06,2.38750000e+00,2.40937500e+00,-6.87500000e-03,5.46875000e-01
1.36952000e-06,2.36250000e+00,2.68437500e+00,2.06250000e-02,4.73437500e-01
1.36984000e-06,2.38750000e+00,2.37187500e+00,-2.56250000e-02,4.17187500e-01
1.37016000e-06,2.45000000e+00,2.34687500e+00,-1.18750000e-02,4.44531250e-01
1.37048000e-06,2.52500000e+00,2.60937500e+00,-2.18750000e-02,4.70312500e-01
1.37080000e-06,2.38750000e+00,2.62187500e+00,-9.37500000e-03,4.93750000e-01
1.37112000e-06,2.46250000e+00,2.57187500e+00,-3.87500000e-02,4.69531250e-01
1.37144000e-06,2.30000000e+00,2.58437500e+00,-1.18750000e-02,4.92187500e-01
1.37176000e-06,2.42500000e+00,2.63437500e+00,-3.37500000e-02,5.46093750e-01
1.37208000e-06,2.43125000e+00,2.64687500e+00,3.12500000e-03,5.38281250e-01
1.37240000e-06,2.43750000e+00,2.65937500e+00,-2.56250000e-02,5.03125000e-01
1.37272000e-06,2.45000000e+00,2.53437500e+00,8.12500000e-03,5.19531250e-01
1.37304000e-06,2.43750000e+00,2.70937500e+00,-2.56250000e-02,5.19531250e-01
1.37336000e-06,2.48750000e+00,2.69687500e+00,-2.00000000e-02,5.50000000e-01
1.37368000e-06,2.48750000e+00,2.47187500e+00,-3.06250000e-02,5.00781250e-01
1.37400000e-06,2.48750000e+00,2.47187500e+00,6.25000000e-03,4.75781250e-01
1.37432000e-06,2.37500000e+00,2.50937500e+00,-2.50000000e-02,4.96093750e-01
1.37464000e-06,2.38750000e+00,2.68437500e+00,-4.37500000e-03,4.34375000e-01
1.37496000e-06,2.31250000e+00,2.58437500e+00,1.56250000e-02,4.82812500e-01
1.37528000e-06,2.58750000e+00,2.62187500e+00,-7.50000000e-03,5.91406250e-01
1.37560000e-06,2.40000000e+00,2.39687500e+00,-4.31250000e-02,5.64062500e-01
1.37592000e-06,2.33750000e+00,2.52187500e+00,8.75000000e-03,4.83593750e-01
1.37624000e-06,2.27500000e+00,2.60937500e+00,-2.56250000e-02,5.13281250e-01
1.37656000e-06,2.31562500e+00,2.58437500e+00,-6.87500000e-03,4.81250000e-01
1.37688000e-06,2.53437500e+00,2.48437500e+00,-2.50000000e-03,4.49218750e-01
1.37720000e-06,2.46250000e+00,2.58437500e+00,-1.50000000e-02,4.75000000e-01
1.37752000e-06,2.42500000e+00,2.54687500e+00,-2.81250000e-02,4.46093750e-01
1.37784000e-06,2.42500000e+00,2.59687500e+00,-9.37500000e-03,4.87500000e-01
1.37816000e-06,2.51250000e+00,2.42187500e+00,-3.75000000e-02,5.06250000e-01
1.37848000e-06,2.46250000e+00,2.49687500e+00,-1.68750000e-02,4.04687500e-01
1.37880000e-06,2.41250000e+00,2.58437500e+00,-1.62500000e-02,4.66406250e-01
1.37912000e-06,2.41250000e+00,2.53437500e+00,2.56250000e-02,4.38281250e-01
1.37944000e-06,2.43750000e+00,2.55937500e+00,-1.87500000e-03,4.38281250e-01
1.37976000e-06,2.46250000e+00,2.58437500e+00,-9.37500000e-03,4.19531250e-01
1.38008000e-06,2.33750000e+00,2.55937500e+00,5.62500000e-03,3.75781250e-01
1.38040000e-06,2.50000000e+00,2.64687500e+00,-6.87500000e-03,3.97656250e-01
1.38072000e-06,2.42500000e+00,2.57187500e+00,-1.93750000e-02,4.50781250e-01
1.38104000e-06,2.47500000e+00,2.64687500e+00,-1.50000000e-02,4.52343750e-01
1.38136000e-06,2.43750000e+00,2.55937500e+00,-2.56250000e-02,5.04687500e-01
1.38168000e-06,2.41250000e+00,2.48437500e+00,-2.18750000e-02,5.42187500e-01
1.38200000e-06,2.30000000e+00,2.54687500e+00,-2.56250000e-02,4.68750000e-01
1.38232000e-06,2.40312500e+00,2.67187500e+00,-3.00000000e-02,4.17968750e-01
1.38264000e-06,2.26250000e+00,2.38437500e+00,-1.12500000e-02,4.96093750e-01
1.38296000e-06,2.42500000e+00,2.62187500e+00,-1.62500000e-02,5.28906250e-01
1.38328000e-06,2.46250000e+00,2.52187500e+00,-1.43750000e-02,4.38281250e-01
1.38360000e-06,2.43750000e+00,2.54687500e+00,5.62500000e-03,3.63281250e-01
1.38392000e-06,2.42500000e+00,2.55937500e+00,8.12500000e-03,3.89062500e-01
1.38424000e-06,2.56250000e+00,2.54687500e+00,-2.00000000e-02,3.92187500e-01
1.38456000e-06,2.46250000e+00,2.45937500e+00,-1.93750000e-02,4.01562500e-01
1.38488000e-06,2.46250000e+00,2.55937500e+00,-1.87500000e-03,4.79687500e-01
1.38520000e-06,2.32500000e+00,2.45937500e+00,-1.43750000e-02,4.15625000e-01
1.38552000e-06,2.43750000e+00,2.59687500e+00,-2.00000000e-02,3.82812500e-01
1.38584000e-06,2.47500000e+00,2.59687500e+00,-3.81250000e-02,4.03125000e-01
1.38616000e-06,2.40000000e+00,2.48437500e+00,3.75000000e-03,4.28906250e-01
1.38648000e-06,2.46250000e+00,2.54687500e+00,-4.00000000e-02,4.67187500e-01
1.38680000e-06,2.38750000e+00,2.65937500e+00,1.56250000e-02,4.48437500e-01
1.38712000e-06,2.38750000e+00,2.59687500e+00,-2.87500000e-02,3.70312500e-01
1.38744000e-06,2.56250000e+00,2.67187500e+00,-3.31250000e-02,3.76562500e-01
1.38776000e-06,2.48750000e+00,2.44687500e+00,-2.18750000e-02,3.46875000e-01
1.38808000e-06,2.42500000e+00,2.55937500e+00,-1.12500000e-02,3.07812500e-01
1.38840000e-06,2.32500000e+00,2.55937500e+00,-4.37500000e-03,3.29687500e-01
1.38872000e-06,2.45000000e+00,2.58437500e+00,-2.25000000e-02,4.00000000e-01
1.38904000e-06,2.48750000e+00,2.58437500e+00,-1.93750000e-02,3.42968750e-01
1.38936000e-06,2.51250000e+00,2.53437500e+00,-2.50000000e-03,3.46875000e-01
1.38968000e-06,2.51250000e+00,2.50937500e+00,-3.56250000e-02,4.85156250e-01
1.39000000e-06,2.42500000e+00,2.63437500e+00,-8.75000000e-03,5.30468750e-01
1.39032000e-06,2.33750000e+00,2.59687500e+00,-8.75000000e-03,4.53906250e-01
1.39064000e-06,2.38750000e+00,2.60937500e+00,-6.87500000e-03,4.42968750e-01
1.39096000e-06,2.57500000e+00,2.55937500e+00,-9.37500000e-03,4.19531250e-01
1.39128000e-06,2.46250000e+00,2.50937500e+00,-2.00000000e-02,4.75000000e-01
1.39160000e-06,2.52500000e+00,2.49687500e+00,-2.81250000e-02,4.77343750e-01
1.39192000e-06,2.43750000e+00,2.58437500e+00,-1.37500000e-02,4.46875000e-01
1.39224000e-06,2.36250000e+00,2.49687500e+00,1.12500000e-02,5.16406250e-01
1.39256000e-06,2.46250000e+00,2.68437500e+00,-3.62500000e-02,4.42187500e-01
1.39288000e-06,2.42500000e+00,2.53437500e+00,-4.37500000e-03,3.69531250e-01
1.39320000e-06,2.31250000e+00,2.57187500e+00,1.25000000e-02,4.06250000e-01
1.39352000e-06,2.42500000e+00,2.52187500e+00,-4.87500000e-02,4.83593750e-01
1.39384000e-06,2.43750000e+00,2.60937500e+00,-3.31250000e-02,5.80468750e-01
1.39416000e-06,2.36250000e+00,2.53437500e+00,1.56250000e-02,5.16406250e-01
1.39448000e-06,2.55000000e+00,2.59687500e+00,6.25000000e-04,4.03125000e-01
1.39480000e-06,2.53750000e+00,2.58437500e+00,-4.87500000e-02,3.78906250e-01
1.39512000e-06,2.33750000e+00,2.58437500e+00,-3.75000000e-02,4.05468750e-01
1.39544000e-06,2.35000000e+00,2.43437500e+00,-6.25000000e-03,4.14062500e-01
1.39576000e-06,2.51250000e+00,2.50937500e+00,-1.62500000e-02,4.91406250e-01
1.39608000e-06,2.40000000e+00,2.52187500e+00,-1.43750000e-02,4.62500000e-01
1.39640000e-06,2.36250000e+00,2.64687500e+00,-9.37500000e-03,4.12500000e-01
1.39672000e-06,2.40000000e+00,2.49687500e+00,-1.50000000e-02,3.99218750e-01
1.39704000e-06,2.45000000e+00,2.48437500e+00,-3.62500000e-02,4.28125000e-01
1.39736000e-06,2.35000000e+00,2.50937500e+00,-3.81250000e-02,4.69531250e-01
1.39768000e-06,2.40000000e+00,2.68437500e+00,-1.12500000e-02,3.77343750e-01
1.39800000e-06,2.48750000e+00,2.55937500e+00,-1.68750000e-02,3.80468750e-01
1.39832000e-06,2.38750000e+00,2.59687500e+00,6.25000000e-04,4.52343750e-01
1.39864000e-06,2.36250000e+00,2.52187500e+00,-1.50000000e-02,5.21875000e-01
1.39896000e-06,2.51250000e+00,2.59687500e+00,-3.62500000e-02,4.74218750e-01
1.39928000e-06,2.42500000e+00,2.49687500e+00,-3.50000000e-02,4.29687500e-01
1.39960000e-06,2.33750000e+00,2.49687500e+00,8.75000000e-03,4.77343750e-01
1.39992000e-06,2.36250000e+00,2.58437500e+00,-6.25000000e-03,5.17968750e-01
1.40024000e-06,2.45000000e+00,2.70937500e+00,2.31250000e-02,4.97656250e-01
1.40056000e-06,2.32500000e+00,2.62187500e+00,1.00000000e-02,4.07031250e-01
1.40088000e-06,2.52500000e+00,2.48437500e+00,-3.31250000e-02,4.40625000e-01
1.40120000e-06,2.53750000e+00,2.53437500e+00,-2.56250000e-02,4.88281250e-01
1.40152000e-06,2.48750000e+00,2.60937500e+00,-2.50000000e-02,5.08593750e-01
1.40184000e-06,2.42500000e+00,2.53437500e+00,-1.68750000e-02,5.37500000e-01
1.40216000e-06,2.40000000e+00,2.53437500e+00,8.75000000e-03,5.50781250e-01
1.40248000e-06,2.42500000e+00,2.52187500e+00,-2.18750000e-02,5.39062500e-01
1.40280000e-06,2.46250000e+00,2.69687500e+00,-9.37500000e-03,4.99218750e-01
1.40312000e-06,2.46250000e+00,2.60937500e+00,-6.87500000e-03,4.88281250e-01
1.40344000e-06,2.50000000e+00,2.57187500e+00,-1.50000000e-02,4.70312500e-01
1.40376000e-06,2.56250000e+00,2.49687500e+00,-5.12500000e-02,4.46093750e-01
1.40408000e-06,2.60000000e+00,2.53437500e+00,-3.75000000e-03,4.95312500e-01
1.40440000e-06,2.38750000e+00,2.60937500e+00,-4.06250000e-02,5.48437500e-01
1.40472000e-06,2.36250000e+00,2.67187500e+00,-6.87500000e-03,5.23437500e-01
1.40504000e-06,2.27500000e+00,2.59687500e+00,-2.56250000e-02,4.78906250e-01
1.40536000e-06,2.43750000e+00,2.59687500e+00,-1.43750000e-02,4.89062500e-01
1.40568000e-06,2.40000000e+00,2.57187500e+00,8.12500000e-03,4.96875000e-01
1.40600000e-06,2.51250000e+00,2.49687500e+00,-9.37500000e-03,5.20312500e-01
1.40632000e-06,2.35000000e+00,2.57187500e+00,-1.18750000e-02,4.84375000e-01
1.40664000e-06,2.30000000e+00,2.62187500e+00,1.06250000e-02,4.31250000e-01
1.40696000e-06,2.35312500e+00,2.57187500e+00,-4.62500000e-02,4.34375000e-01
1.40728000e-06,2.42500000e+00,2.54687500e+00,-3.06250000e-02,4.06250000e-01
1.40760000e-06,2.38750000e+00,2.47187500e+00,-1.87500000e-03,5.17187500e-01
1.40792000e-06,2.41250000e+00,2.55937500e+00,-1.62500000e-02,5.12500000e-01
1.40824000e-06,2.45000000e+00,2.64687500e+00,-1.18750000e-02,4.70312500e-01
1.40856000e-06,2.45000000e+00,2.60937500e+00,-3.87500000e-02,4.29687500e-01
1.40888000e-06,2.53750000e+00,2.62187500e+00,-3.56250000e-02,4.57031250e-01
1.40920000e-06,2.48750000e+00,2.54687500e+00,-1.18750000e-02,4.82812500e-01
1.40952000e-06,2.55000000e+00,2.62187500e+00,-1.87500000e-02,4.12500000e-01
1.40984000e-06,2.36250000e+00,2.58437500e+00,-1.25000000e-02,3.93750000e-01
1.41016000e-06,2.45000000e+00,2.50937500e+00,-4.62500000e-02,4.63281250e-01
1.41048000e-06,2.50000000e+00,2.53437500e+00,-5.31250000e-02,4.45312500e-01
1.41080000e-06,2.33750000e+00,2.49687500e+00,8.75000000e-03,4.75000000e-01
1.41112000e-06,2.43750000e+00,2.70937500e+00,3.12500000e-03,5.69531250e-01
1.41144000e-06,2.38750000e+00,2.52187500e+00,-3.31250000e-02,4.64843750e-01
1.41176000e-06,2.35000000e+00,2.60937500e+00,-1.50000000e-02,4.23437500e-01
1.41208000e-06,2.32500000e+00,2.37187500e+00,-4.37500000e-02,4.99218750e-01
1.41240000e-06,2.37500000e+00,2.60937500e+00,-2.81250000e-02,4.74218750e-01
1.41272000e-06,2.42500000e+00,2.59687500e+00,-3.31250000e-02,3.89843750e-01
1.41304000e-06,2.30000000e+00,2.68437500e+00,-2.81250000e-02,4.11718750e-01
1.41336000e-06,2.40000000e+00,2.58437500e+00,-8.75000000e-03,4.36718750e-01
1.41368000e-06,2.50625000e+00,2.54687500e+00,3.12500000e-03,4.46093750e-01
1.41400000e-06,2.47500000e+00,2.57187500e+00,-4.06250000e-02,4.14062500e-01
1.41432000e-06,2.43750000e+00,2.60937500e+00,-4.37500000e-03,3.48437500e-01
1.41464000e-06,2.47500000e+00,2.58437500e+00,-2.56250000e-02,3.96093750e-01
1.41496000e-06,2.50000000e+00,2.63437500e+00,-1.87500000e-03,4.39062500e-01
1.41528000e-06,2.28750000e+00,2.52187500e+00,-9.37500000e-03,4.72656250e-01
1.41560000e-06,2.37500000e+00,2.60937500e+00,-1.93750000e-02,4.25781250e-01
1.41592000e-06,2.48125000e+00,2.47187500e+00,-1.87500000e-03,3.98437500e-01
1.41624000e-06,2.38750000e+00,2.73437500e+00,6.25000000e-04,3.96875000e-01
1.41656000e-06,2.55000000e+00,2.55937500e+00,6.25000000e-04,4.10156250e-01
1.41688000e-06,2.45000000e+00,2.43437500e+00,-2.81250000e-02,4.54687500e-01
1.41720000e-06,2.38750000e+00,2.49687500e+00,-2.18750000e-02,4.66406250e-01
1.41752000e-06,2.53750000e+00,2.57187500e+00,-2.00000000e-02,3.31250000e-01
1.41784000e-06,2.37500000e+00,2.48437500e+00,-4.62500000e-02,3.52343750e-01
1.41816000e-06,2.27500000e+00,2.64687500e+00,-2.18750000e-02,3.75781250e-01
1.41848000e-06,2.46562500e+00,2.55937500e+00,-3.87500000e-02,3.96093750e-01
1.41880000e-06,2.42500000e+00,2.63437500e+00,-1.87500000e-02,4.59375000e-01
1.41912000e-06,2.37500000e+00,2.47187500e+00,-3.12500000e-02,5.08593750e-01
1.41944000e-06,2.52500000e+00,2.68437500e+00,-2.56250000e-02,4.91406250e-01
1.41976000e-06,2.52500000e+00,2.42187500e+00,-9.37500000e-03,4.21875000e-01
1.42008000e-06,2.48750000e+00,2.63437500e+00,-3.56250000e-02,3.92968750e-01
1.42040000e-06,2.36250000e+00,2.62187500e+00,-4.06250000e-02,4.15625000e-01
1.42072000e-06,2.28750000e+00,2.72187500e+00,1.31250000e-02,4.03125000e-01
1.42104000e-06,2.41250000e+00,2.67187500e+00,-9.37500000e-03,4.43750000e-01
1.42136000e-06,2.33750000e+00,2.55937500e+00,-2.81250000e-02,5.09375000e-01
1.42168000e-06,2.46250000e+00,2.45937500e+00,-1.25000000e-03,5.13281250e-01
1.42200000e-06,2.35000000e+00,2.50937500e+00,-1.87500000e-02,5.35937500e-01
1.42232000e-06,2.43750000e+00,2.50937500e+00,-2.18750000e-02,5.03125000e-01
1.42264000e-06,2.46250000e+00,2.59687500e+00,6.25000000e-04,4.21875000e-01
1.42296000e-06,2.32500000e+00,2.53437500e+00,-2.25000000e-02,4.69531250e-01
1.42328000e-06,2.40000000e+00,2.63437500e+00,-3.37500000e-02,5.14843750e-01
1.42360000e-06,2.38750000e+00,2.47187500e+00,-6.25000000e-03,4.74218750e-01
1.42392000e-06,2.45000000e+00,2.64687500e+00,-1.68750000e-02,4.71093750e-01
1.42424000e-06,2.50000000e+00,2.62187500e+00,-3.06250000e-02,4.95312500e-01
1.42456000e-06,2.50000000e+00,2.69687500e+00,3.12500000e-03,4.78906250e-01
1.42488000e-06,2.52500000e+00,2.49687500e+00,-2.25000000e-02,4.42968750e-01
1.42520000e-06,2.31250000e+00,2.53437500e+00,-6.87500000e-03,4.10937500e-01
1.42552000e-06,2.36250000e+00,2.57187500e+00,-3.87500000e-02,4.49218750e-01
1.42584000e-06,2.39375000e+00,2.67187500e+00,-4.31250000e-02,5.25000000e-01
1.42616000e-06,2.36250000e+00,2.64687500e+00,-6.87500000e-03,5.74218750e-01
1.42648000e-06,2.48750000e+00,2.67187500e+00,-2.50000000e-02,4.68750000e-01
1.42680000e-06,2.46250000e+00,2.58437500e+00,-2.00000000e-02,4.42187500e-01
1.42712000e-06,2.37500000e+00,2.58437500e+00,-2.81250000e-02,5.93750000e-01
1.42744000e-06,2.37500000e+00,2.45937500e+00,-6.25000000e-03,5.97656250e-01
1.42776000e-06,2.41250000e+00,2.47187500e+00,-9.37500000e-03,4.00000000e-01
1.42808000e-06,2.40000000e+00,2.60937500e+00,-1.68750000e-02,4.32812500e-01
1.42840000e-06,2.50000000e+00,2.65937500e+00,2.06250000e-02,4.75000000e-01
1.42872000e-06,2.43750000e+00,2.57187500e+00,6.25000000e-04,5.35156250e-01
1.42904000e-06,2.47500000e+00,2.63437500e+00,-1.68750000e-02,5.39062500e-01
1.42936000e-06,2.58750000e+00,2.37187500e+00,-2.81250000e-02,4.43750000e-01
1.42968000e-06,2.55000000e+00,2.38437500e+00,-1.68750000e-02,5.21875000e-01
1.43000000e-06,2.42500000e+00,2.48437500e+00,-1.93750000e-02,5.25781250e-01
1.43032000e-06,2.36250000e+00,2.57187500e+00,6.25000000e-04,4.93750000e-01
1.43064000e-06,2.50000000e+00,2.55937500e+00,-2.62500000e-02,5.46093750e-01
1.43096000e-06,2.37500000e+00,2.74687500e+00,-3.56250000e-02,5.07031250e-01
1.43128000e-06,2.41250000e+00,2.43437500e+00,-1.87500000e-03,5.49218750e-01
1.43160000e-06,2.47500000e+00,2.53437500e+00,-8.75000000e-03,5.60156250e-01
1.43192000e-06,2.46250000e+00,2.48437500e+00,-3.06250000e-02,4.91406250e-01
1.43224000e-06,2.40000000e+00,2.64687500e+00,8.12500000e-03,4.74218750e-01
1.43256000e-06,2.40000000e+00,2.45937500e+00,-2.62500000e-02,5.39843750e-01
1.43288000e-06,2.33750000e+00,2.49687500e+00,-3.87500000e-02,5.00000000e-01
1.43320000e-06,2.32500000e+00,2.49687500e+00,-1.18750000e-02,4.39843750e-01
1.43352000e-06,2.40000000e+00,2.59687500e+00,6.25000000e-04,5.11718750e-01
1.43384000e-06,2.38750000e+00,2.57187500e+00,-6.87500000e-03,5.00000000e-01
1.43416000e-06,2.42500000e+00,2.58437500e+00,-1.25000000e-02,5.10937500e-01
1.43448000e-06,2.33750000e+00,2.59687500e+00,-6.37500000e-02,4.33593750e-01
1.43480000e-06,2.31250000e+00,2.43437500e+00,-1.12500000e-02,3.75781250e-01
1.43512000e-06,2.42500000e+00,2.44687500e+00,1.31250000e-02,4.28125000e-01
1.43544000e-06,2.49375000e+00,2.54687500e+00,5.62500000e-03,4.67187500e-01
1.43576000e-06,2.26250000e+00,2.52187500e+00,1.06250000e-02,4.74218750e-01
1.43608000e-06,2.22500000e+00,2.65937500e+00,-1.25000000e-02,4.83593750e-01
1.43640000e-06,2.35937500e+00,2.69687500e+00,-4.37500000e-03,5.52343750e-01
1.43672000e-06,2.40000000e+00,2.64687500e+00,-2.62500000e-02,5.88281250e-01
1.43704000e-06,2.52500000e+00,2.49687500e+00,-3.12500000e-02,5.88281250e-01
1.43736000e-06,2.42500000e+00,2.58437500e+00,-1.18750000e-02,5.08593750e-01
1.43768000e-06,2.33750000e+00,2.58437500e+00,-1.87500000e-03,3.92968750e-01
1.43800000e-06,2.45000000e+00,2.53437500e+00,-6.87500000e-03,5.07812500e-01
1.43832000e-06,2.41250000e+00,2.63437500e+00,-1.93750000e-02,5.65625000e-01
1.43864000e-06,2.47500000e+00,2.64687500e+00,-2.50000000e-03,5.31250000e-01
1.43896000e-06,2.27500000e+00,2.49687500e+00,-4.12500000e-02,4.52343750e-01
1.43928000e-06,2.46250000e+00,2.48437500e+00,-1.87500000e-02,4.41406250e-01
1.43960000e-06,2.58125000e+00,2.52187500e+00,-2.81250000e-02,4.92968750e-01
1.43992000e-06,2.36250000e+00,2.74687500e+00,-4.37500000e-03,5.32031250e-01
1.44024000e-06,2.31250000e+00,2.54687500e+00,6.25000000e-04,4.71093750e-01
1.44056000e-06,2.42500000e+00,2.67187500e+00,-1.43750000e-02,4.31250000e-01
1.44088000e-06,2.44375000e+00,2.47187500e+00,-1.50000000e-02,4.61718750e-01
1.44120000e-06,2.36250000e+00,2.54687500e+00,-4.12500000e-02,5.41406250e-01
1.44152000e-06,2.32500000e+00,2.55937500e+00,-2.12500000e-02,5.18750000e-01
1.44184000e-06,2.36250000e+00,2.68437500e+00,-6.87500000e-03,4.45312500e-01
1.44216000e-06,2.41250000e+00,2.60937500e+00,-9.37500000e-03,5.32031250e-01
1.44248000e-06,2.43750000e+00,2.48437500e+00,-3.12500000e-02,5.44531250e-01
1.44280000e-06,2.43750000e+00,2.60937500e+00,-2.62500000e-02,3.79687500e-01
1.44312000e-06,2.45000000e+00,2.58437500e+00,-1.43750000e-02,3.99218750e-01
1.44344000e-06,2.35000000e+00,2.53437500e+00,-6.87500000e-03,4.76562500e-01
1.44376000e-06,2.40000000e+00,2.48437500e+00,-1.18750000e-02,4.76562500e-01
1.44408000e-06,2.40000000e+00,2.47187500e+00,-4.37500000e-03,4.82812500e-01
1.44440000e-06,2.48750000e+00,2.64687500e+00,-9.37500000e-03,5.16406250e-01
1.44472000e-06,2.27500000e+00,2.48437500e+00,-6.87500000e-03,4.92968750e-01
1.44504000e-06,2.47500000e+00,2.60937500e+00,-6.87500000e-03,4.78125000e-01
1.44536000e-06,2.53125000e+00,2.53437500e+00,-1.68750000e-02,4.28125000e-01
1.44568000e-06,2.43750000e+00,2.49687500e+00,1.25000000e-02,4.15625000e-01
1.44600000e-06,2.43750000e+00,2.60937500e+00,-4.12500000e-02,4.50000000e-01
1.44632000e-06,2.38750000e+00,2.55937500e+00,-2.75000000e-02,5.34375000e-01
1.44664000e-06,2.40000000e+00,2.60937500e+00,1.25000000e-03,4.85156250e-01
1.44696000e-06,2.38750000e+00,2.63437500e+00,-1.43750000e-02,3.89062500e-01
1.44728000e-06,2.38750000e+00,2.52187500e+00,-5.12500000e-02,4.45312500e-01
1.44760000e-06,2.55000000e+00,2.63437500e+00,-4.06250000e-02,4.78125000e-01
1.44792000e-06,2.50000000e+00,2.49687500e+00,-3.25000000e-02,4.67187500e-01
1.44824000e-06,2.48750000e+00,2.47187500e+00,-1.62500000e-02,4.53125000e-01
1.44856000e-06,2.45000000e+00,2.57187500e+00,-1.62500000e-02,5.37500000e-01
1.44888000e-06,2.42500000e+00,2.65937500e+00,-2.25000000e-02,4.68750000e-01
1.44920000e-06,2.45000000e+00,2.53437500e+00,-3.62500000e-02,5.23437500e-01
1.44952000e-06,2.35000000e+00,2.59687500e+00,-1.68750000e-02,4.99218750e-01
1.44984000e-06,2.53750000e+00,2.55937500e+00,-2.87500000e-02,4.07031250e-01
1.45016000e-06,2.35000000e+00,2.54687500e+00,-4.81250000e-02,4.67187500e-01
1.45048000e-06,2.40000000e+00,2.48437500e+00,-3.25000000e-02,5.17968750e-01
1.45080000e-06,2.47500000e+00,2.70937500e+00,-1.62500000e-02,4.51562500e-01
1.45112000e-06,2.41250000e+00,2.49687500e+00,1.37500000e-02,4.21093750e-01
1.45144000e-06,2.41250000e+00,2.58437500e+00,-1.25000000e-02,4.55468750e-01
1.45176000e-06,2.48750000e+00,2.49687500e+00,-1.18750000e-02,4.72656250e-01
1.45208000e-06,2.43750000e+00,2.67187500e+00,-1.00000000e-02,4.20312500e-01
1.45240000e-06,2.38750000e+00,2.52187500e+00,-4.37500000e-02,5.32812500e-01
1.45272000e-06,2.50000000e+00,2.44687500e+00,-2.75000000e-02,5.14843750e-01
1.45304000e-06,2.45000000e+00,2.48437500e+00,-1.62500000e-02,4.43750000e-01
1.45336000e-06,2.31250000e+00,2.65937500e+00,1.37500000e-02,3.97656250e-01
1.45368000e-06,2.36250000e+00,2.44687500e+00,-1.43750000e-02,3.83593750e-01
1.45400000e-06,2.48750000e+00,2.57187500e+00,-2.81250000e-02,3.14062500e-01
1.45432000e-06,2.43750000e+00,2.52187500e+00,-4.37500000e-03,3.75000000e-01
1.45464000e-06,2.48750000e+00,2.74687500e+00,-3.37500000e-02,4.66406250e-01
1.45496000e-06,2.63750000e+00,2.64687500e+00,-6.87500000e-03,4.11718750e-01
1.45528000e-06,2.41250000e+00,2.58437500e+00,1.43750000e-02,3.95312500e-01
1.45560000e-06,2.33750000e+00,2.55937500e+00,-4.62500000e-02,3.43750000e-01
1.45592000e-06,2.38750000e+00,2.55937500e+00,-3.06250000e-02,3.22656250e-01
1.45624000e-06,2.40000000e+00,2.60937500e+00,-1.62500000e-02,3.93750000e-01
1.45656000e-06,2.38750000e+00,2.60937500e+00,5.62500000e-03,4.76562500e-01
1.45688000e-06,2.52500000e+00,2.34687500e+00,-2.18750000e-02,5.25000000e-01
1.45720000e-06,2.50000000e+00,2.55937500e+00,6.25000000e-04,4.26562500e-01
1.45752000e-06,2.37500000e+00,2.57187500e+00,-4.62500000e-02,3.58593750e-01
1.45784000e-06,2.38750000e+00,2.58437500e+00,-1.43750000e-02,4.82031250e-01
1.45816000e-06,2.47500000e+00,2.53437500e+00,-1.31250000e-02,4.79687500e-01
1.45848000e-06,2.46250000e+00,2.54687500e+00,-1.68750000e-02,3.92968750e-01
1.45880000e-06,2.42500000e+00,2.59687500e+00,5.62500000e-03,5.16406250e-01
1.45912000e-06,2.48750000e+00,2.55937500e+00,-4.37500000e-03,4.72656250e-01
1.45944000e-06,2.47500000e+00,2.48437500e+00,-1.43750000e-02,4.44531250e-01
1.45976000e-06,2.48750000e+00,2.57187500e+00,-1.75000000e-02,5.00000000e-01
1.46008000e-06,2.58750000e+00,2.39687500e+00,-4.87500000e-02,4.82812500e-01
1.46040000e-06,2.33750000e+00,2.52187500e+00,-1.37500000e-02,4.23437500e-01
1.46072000e-06,2.38750000e+00,2.45937500e+00,-2.00000000e-02,3.78906250e-01
1.46104000e-06,2.40000000e+00,2.52187500e+00,-1.93750000e-02,3.93750000e-01
1.46136000e-06,2.52500000e+00,2.50937500e+00,5.62500000e-03,4.21093750e-01
1.46168000e-06,2.33750000e+00,2.60937500e+00,-3.37500000e-02,5.10156250e-01
1.46200000e-06,2.55000000e+00,2.55937500e+00,-2.81250000e-02,5.43750000e-01
1.46232000e-06,2.42500000e+00,2.57187500e+00,8.12500000e-03,4.68750000e-01
1.46264000e-06,2.51250000e+00,2.52187500e+00,3.12500000e-03,4.03125000e-01
1.46296000e-06,2.37500000e+00,2.52187500e+00,-2.18750000e-02,4.58593750e-01
1.46328000e-06,2.37500000e+00,2.48437500e+00,-5.00000000e-03,5.11718750e-01
1.46360000e-06,2.36250000e+00,2.57187500e+00,-3.12500000e-02,4.46875000e-01
1.46392000e-06,2.33750000e+00,2.68437500e+00,-3.81250000e-02,4.53906250e-01
1.46424000e-06,2.31250000e+00,2.59687500e+00,-1.62500000e-02,4.65625000e-01
1.46456000e-06,2.51562500e+00,2.38437500e+00,-1.68750000e-02,4.92187500e-01
1.46488000e-06,2.46250000e+00,2.49687500e+00,-3.37500000e-02,4.78125000e-01
1.46520000e-06,2.40000000e+00,2.53437500e+00,-3.56250000e-02,4.85937500e-01
1.46552000e-06,2.53750000e+00,2.53437500e+00,1.06250000e-02,4.42187500e-01
1.46584000e-06,2.48750000e+00,2.48437500e+00,-2.56250000e-02,4.64062500e-01
1.46616000e-06,2.48750000e+00,2.49687500e+00,-2.62500000e-02,4.97656250e-01
1.46648000e-06,2.52500000e+00,2.57187500e+00,-2.56250000e-02,5.11718750e-01
1.46680000e-06,2.37500000e+00,2.60937500e+00,-1.68750000e-02,5.03125000e-01
1.46712000e-06,2.45000000e+00,2.53437500e+00,-1.37500000e-02,4.89062500e-01
1.46744000e-06,2.48750000e+00,2.60937500e+00,-1.25000000e-02,4.96093750e-01
1.46776000e-06,2.35000000e+00,2.65937500e+00,-3.81250000e-02,5.18750000e-01
1.46808000e-06,2.53750000e+00,2.48437500e+00,-8.75000000e-03,4.21875000e-01
1.46840000e-06,2.31250000e+00,2.33437500e+00,-8.75000000e-03,3.92187500e-01
1.46872000e-06,2.42500000e+00,2.63437500e+00,-5.00000000e-03,4.19531250e-01
1.46904000e-06,2.43750000e+00,2.63437500e+00,-3.37500000e-02,4.10937500e-01
1.46936000e-06,2.26250000e+00,2.62187500e+00,-6.25000000e-03,4.44531250e-01
1.46968000e-06,2.38750000e+00,2.50937500e+00,-2.87500000e-02,3.88281250e-01
1.47000000e-06,2.70000000e+00,2.63437500e+00,-1.43750000e-02,4.08593750e-01
1.47032000e-06,2.56250000e+00,2.57187500e+00,-2.00000000e-02,3.75000000e-01
1.47064000e-06,2.38750000e+00,2.57187500e+00,-2.87500000e-02,4.32812500e-01
1.47096000e-06,2.47500000e+00,2.45937500e+00,-6.87500000e-03,4.85156250e-01
1.47128000e-06,2.40000000e+00,2.43437500e+00,5.00000000e-03,4.22656250e-01
1.47160000e-06,2.36250000e+00,2.48437500e+00,-1.00000000e-02,4.23437500e-01
1.47192000e-06,2.52500000e+00,2.57187500e+00,-3.87500000e-02,5.25781250e-01
1.47224000e-06,2.40000000e+00,2.53437500e+00,-1.12500000e-02,4.97656250e-01
1.47256000e-06,2.31250000e+00,2.64687500e+00,-3.12500000e-02,4.03906250e-01
1.47288000e-06,2.49062500e+00,2.59687500e+00,-6.12500000e-02,3.89843750e-01
1.47320000e-06,2.42500000e+00,2.49687500e+00,6.25000000e-04,4.80468750e-01
1.47352000e-06,2.43750000e+00,2.53437500e+00,-6.87500000e-03,5.14062500e-01
1.47384000e-06,2.30000000e+00,2.62187500e+00,-1.93750000e-02,4.28125000e-01
1.47416000e-06,2.42500000e+00,2.42187500e+00,-1.68750000e-02,4.46875000e-01
1.47448000e-06,2.38125000e+00,2.45937500e+00,-2.62500000e-02,4.13281250e-01
1.47480000e-06,2.41250000e+00,2.45937500e+00,-2.56250000e-02,4.48437500e-01
1.47512000e-06,2.38750000e+00,2.54687500e+00,-2.25000000e-02,4.41406250e-01
1.47544000e-06,2.55000000e+00,2.47187500e+00,-3.06250000e-02,4.26562500e-01
1.47576000e-06,2.55000000e+00,2.43437500e+00,-1.62500000e-02,5.28906250e-01
1.47608000e-06,2.48750000e+00,2.48437500e+00,-4.37500000e-03,5.02343750e-01
1.47640000e-06,2.37500000e+00,2.50937500e+00,1.06250000e-02,3.71875000e-01
1.47672000e-06,2.43750000e+00,2.53437500e+00,-6.87500000e-03,4.50000000e-01
1.47704000e-06,2.21250000e+00,2.68437500e+00,-2.81250000e-02,5.19531250e-01
1.47736000e-06,2.45000000e+00,2.59687500e+00,-6.87500000e-03,4.43750000e-01
1.47768000e-06,2.49375000e+00,2.45937500e+00,-3.37500000e-02,4.82031250e-01
1.47800000e-06,2.46250000e+00,2.42187500e+00,-5.37500000e-02,4.95312500e-01
1.47832000e-06,2.40000000e+00,2.60937500e+00,-1.93750000e-02,4.18750000e-01
1.47864000e-06,2.40000000e+00,2.54687500e+00,-1.93750000e-02,4.48437500e-01
1.47896000e-06,2.40000000e+00,2.57187500e+00,-1.18750000e-02,4.27343750e-01
1.47928000e-06,2.36250000e+00,2.47187500e+00,-1.43750000e-02,4.08593750e-01
1.47960000e-06,2.43750000e+00,2.59687500e+00,-1.93750000e-02,4.59375000e-01
1.47992000e-06,2.31250000e+00,2.45937500e+00,-7.50000000e-03,5.55468750e-01
1.48024000e-06,2.32500000e+00,2.73437500e+00,-3.37500000e-02,5.78906250e-01
1.48056000e-06,2.52500000e+00,2.65937500e+00,-8.75000000e-03,5.42187500e-01
1.48088000e-06,2.42500000e+00,2.50937500e+00,2.50000000e-03,4.93750000e-01
1.48120000e-06,2.43750000e+00,2.47187500e+00,-3.62500000e-02,4.44531250e-01
1.48152000e-06,2.43750000e+00,2.50937500e+00,-3.06250000e-02,4.42187500e-01
1.48184000e-06,2.53750000e+00,2.54687500e+00,-2.50000000e-02,4.38281250e-01
1.48216000e-06,2.43750000e+00,2.67187500e+00,-8.75000000e-03,4.17187500e-01
1.48248000e-06,2.42500000e+00,2.45937500e+00,-3.31250000e-02,4.61718750e-01
1.48280000e-06,2.47500000e+00,2.42187500e+00,-1.18750000e-02,5.18750000e-01
1.48312000e-06,2.45000000e+00,2.45937500e+00,-2.06250000e-02,4.92968750e-01
1.48344000e-06,2.32500000e+00,2.44687500e+00,-3.87500000e-02,4.81250000e-01
1.48376000e-06,2.45000000e+00,2.55937500e+00,-3.81250000e-02,5.05468750e-01
1.48408000e-06,2.52500000e+00,2.48437500e+00,-3.75000000e-02,4.72656250e-01
1.48440000e-06,2.33750000e+00,2.39687500e+00,-1.25000000e-03,4.47656250e-01
1.48472000e-06,2.37500000e+00,2.65937500e+00,-4.31250000e-02,3.87500000e-01
1.48504000e-06,2.38750000e+00,2.64687500e+00,-1.50000000e-02,5.19531250e-01
1.48536000e-06,2.43750000e+00,2.68437500e+00,-4.68750000e-02,6.39062500e-01
1.48568000e-06,2.41250000e+00,2.57187500e+00,-4.06250000e-02,6.21875000e-01
1.48600000e-06,2.41250000e+00,2.57187500e+00,-8.75000000e-03,5.67187500e-01
1.48632000e-06,2.58750000e+00,2.48437500e+00,5.62500000e-03,4.77343750e-01
1.48664000e-06,2.42500000e+00,2.49687500e+00,-7.50000000e-03,4.25000000e-01
1.48696000e-06,2.32500000e+00,2.62187500e+00,-2.56250000e-02,4.17968750e-01
1.48728000e-06,2.26250000e+00,2.73437500e+00,-3.75000000e-03,4.86718750e-01
1.48760000e-06,2.44062500e+00,2.54687500e+00,1.25000000e-03,5.60156250e-01
1.48792000e-06,2.42500000e+00,2.49687500e+00,-1.50000000e-02,5.50000000e-01
1.48824000e-06,2.38750000e+00,2.60937500e+00,-1.68750000e-02,5.01562500e-01
1.48856000e-06,2.27500000e+00,2.64687500e+00,-2.62500000e-02,5.17187500e-01
1.48888000e-06,2.51250000e+00,2.52187500e+00,-5.62500000e-02,5.50781250e-01
1.48920000e-06,2.41875000e+00,2.69687500e+00,-3.12500000e-02,5.33593750e-01
1.48952000e-06,2.31250000e+00,2.62187500e+00,-4.81250000e-02,4.16406250e-01
1.48984000e-06,2.56250000e+00,2.64687500e+00,-1.25000000e-03,3.35937500e-01
1.49016000e-06,2.30000000e+00,2.65937500e+00,6.25000000e-04,4.43750000e-01
1.49048000e-06,2.43750000e+00,2.48437500e+00,-1.43750000e-02,5.85156250e-01
1.49080000e-06,2.40000000e+00,2.50937500e+00,-2.87500000e-02,5.61718750e-01
1.49112000e-06,2.38750000e+00,2.72187500e+00,-5.62500000e-02,5.23437500e-01
1.49144000e-06,2.55000000e+00,2.49687500e+00,-1.93750000e-02,5.43750000e-01
1.49176000e-06,2.48750000e+00,2.53437500e+00,-4.37500000e-03,4.53906250e-01
1.49208000e-06,2.41250000e+00,2.45937500e+00,-7.50000000e-03,3.87500000e-01
1.49240000e-06,2.46250000e+00,2.55937500e+00,-2.81250000e-02,4.57812500e-01
1.49272000e-06,2.40000000e+00,2.50937500e+00,-3.75000000e-03,5.03906250e-01
1.49304000e-06,2.38750000e+00,2.58437500e+00,-1.37500000e-02,4.91406250e-01
1.49336000e-06,2.50000000e+00,2.55937500e+00,-2.18750000e-02,4.55468750e-01
1.49368000e-06,2.51250000e+00,2.64687500e+00,-6.87500000e-03,4.75781250e-01
1.49400000e-06,2.51250000e+00,2.52187500e+00,5.62500000e-03,4.91406250e-01
1.49432000e-06,2.58750000e+00,2.67187500e+00,-2.87500000e-02,4.79687500e-01
1.49464000e-06,2.36250000e+00,2.45937500e+00,-3.81250000e-02,4.35156250e-01
1.49496000e-06,2.35000000e+00,2.59687500e+00,-2.81250000e-02,4.67187500e-01
1.49528000e-06,2.41250000e+00,2.59687500e+00,-3.75000000e-03,5.35937500e-01
1.49560000e-06,2.45000000e+00,2.59687500e+00,8.12500000e-03,5.45312500e-01
1.49592000e-06,2.42500000e+00,2.49687500e+00,-2.25000000e-02,5.98437500e-01
1.49624000e-06,2.37500000e+00,2.58437500e+00,-9.37500000e-03,4.91406250e-01
1.49656000e-06,2.43750000e+00,2.49687500e+00,-2.18750000e-02,4.39843750e-01
1.49688000e-06,2.51250000e+00,2.60937500e+00,-2.25000000e-02,4.58593750e-01
1.49720000e-06,2.42500000e+00,2.64687500e+00,-4.31250000e-02,4.65625000e-01
1.49752000e-06,2.42500000e+00,2.49687500e+00,-3.06250000e-02,4.57812500e-01
1.49784000e-06,2.31250000e+00,2.37187500e+00,-3.75000000e-03,4.91406250e-01
1.49816000e-06,2.28750000e+00,2.55937500e+00,-5.62500000e-03,5.12500000e-01
1.49848000e-06,2.49687500e+00,2.59687500e+00,-7.81250000e-02,5.14062500e-01
1.49880000e-06,2.43750000e+00,2.75937500e+00,-3.00000000e-02,4.90625000e-01
1.49912000e-06,2.32500000e+00,2.45937500e+00,-1.68750000e-02,5.33593750e-01
1.49944000e-06,2.46250000e+00,2.48437500e+00,-3.37500000e-02,5.01562500e-01
1.49976000e-06,2.46250000e+00,2.57187500e+00,-1.62500000e-02,4.50781250e-01
1.50008000e-06,2.38750000e+00,2.50937500e+00,6.25000000e-04,4.53125000e-01
1.50040000e-06,2.41250000e+00,2.54687500e+00,-2.18750000e-02,5.10156250e-01
1.50072000e-06,2.33750000e+00,2.57187500e+00,5.62500000e-03,5.10937500e-01
1.50104000e-06,2.42500000e+00,2.54687500e+00,-6.87500000e-03,3.75000000e-01
1.50136000e-06,2.41250000e+00,2.64687500e+00,-4.12500000e-02,4.35156250e-01
1.50168000e-06,2.47500000e+00,2.49687500e+00,-3.81250000e-02,5.24218750e-01
1.50200000e-06,2.46250000e+00,2.53437500e+00,-4.37500000e-03,4.24218750e-01
1.50232000e-06,2.36250000e+00,2.44687500e+00,-1.93750000e-02,4.11718750e-01
1.50264000e-06,2.40000000e+00,2.60937500e+00,-3.31250000e-02,4.40625000e-01
1.50296000e-06,2.40000000e+00,2.49687500e+00,4.87500000e-02,5.07812500e-01
1.50328000e-06,2.41250000e+00,2.55937500e+00,1.31250000e-02,4.15625000e-01
1.50360000e-06,2.43750000e+00,2.47187500e+00,-2.18750000e-02,4.75781250e-01
1.50392000e-06,2.43750000e+00,2.53437500e+00,1.56250000e-02,5.33593750e-01
1.50424000e-06,2.43750000e+00,2.58437500e+00,-9.37500000e-03,5.14062500e-01
1.50456000e-06,2.46250000e+00,2.58437500e+00,-7.50000000e-03,4.22656250e-01
1.50488000e-06,2.28750000e+00,2.50937500e+00,-6.12500000e-02,4.14843750e-01
1.50520000e-06,2.42500000e+00,2.67187500e+00,3.75000000e-03,4.25781250e-01
1.50552000e-06,2.35000000e+00,2.54687500e+00,1.31250000e-02,4.26562500e-01
1.50584000e-06,2.40000000e+00,2.64687500e+00,-3.12500000e-02,3.84375000e-01
1.50616000e-06,2.52500000e+00,2.57187500e+00,-2.81250000e-02,4.70312500e-01
1.50648000e-06,2.48750000e+00,2.55937500e+00,8.12500000e-03,4.50000000e-01
1.50680000e-06,2.38750000e+00,2.45937500e+00,3.75000000e-03,4.39062500e-01
1.50712000e-06,2.40000000e+00,2.40937500e+00,-1.68750000e-02,4.60156250e-01
1.50744000e-06,2.31250000e+00,2.45937500e+00,-4.37500000e-03,5.15625000e-01
1.50776000e-06,2.45000000e+00,2.60937500e+00,-4.37500000e-03,4.68750000e-01
1.50808000e-06,2.40000000e+00,2.50937500e+00,-1.43750000e-02,4.64062500e-01
1.50840000e-06,2.42500000e+00,2.65937500e+00,-4.37500000e-03,4.91406250e-01
1.50872000e-06,2.46250000e+00,2.40937500e+00,-3.12500000e-02,4.36718750e-01
1.50904000e-06,2.27500000e+00,2.44687500e+00,-2.56250000e-02,5.15625000e-01
1.50936000e-06,2.35000000e+00,2.45937500e+00,6.25000000e-04,5.79687500e-01
1.50968000e-06,2.43125000e+00,2.60937500e+00,6.25000000e-03,4.46875000e-01
1.51000000e-06,2.36250000e+00,2.44687500e+00,-7.50000000e-03,4.74218750e-01
1.51032000e-06,2.46250000e+00,2.44687500e+00,-4.87500000e-02,5.41406250e-01
1.51064000e-06,2.33750000e+00,2.47187500e+00,-6.25000000e-03,4.99218750e-01
1.51096000e-06,2.27500000e+00,2.68437500e+00,-1.93750000e-02,5.64843750e-01
1.51128000e-06,2.46562500e+00,2.52187500e+00,-3.56250000e-02,4.79687500e-01
1.51160000e-06,2.35000000e+00,2.47187500e+00,-7.50000000e-03,4.13281250e-01
1.51192000e-06,2.48750000e+00,2.45937500e+00,-5.37500000e-02,4.42187500e-01
1.51224000e-06,2.27500000e+00,2.53437500e+00,-3.81250000e-02,4.14843750e-01
1.51256000e-06,2.46250000e+00,2.43437500e+00,-8.75000000e-03,4.21875000e-01
1.51288000e-06,2.36875000e+00,2.49687500e+00,-3.12500000e-02,4.98437500e-01
1.51320000e-06,2.33750000e+00,2.54687500e+00,-1.93750000e-02,4.53906250e-01
1.51352000e-06,2.45000000e+00,2.59687500e+00,-2.68750000e-02,4.53906250e-01
1.51384000e-06,2.28750000e+00,2.45937500e+00,6.25000000e-04,5.26562500e-01
1.51416000e-06,2.41250000e+00,2.47187500e+00,7.50000000e-03,4.70312500e-01
1.51448000e-06,2.54375000e+00,2.50937500e+00,-1.93750000e-02,4.05468750e-01
1.51480000e-06,2.37500000e+00,2.58437500e+00,5.00000000e-03,3.90625000e-01
1.51512000e-06,2.38750000e+00,2.47187500e+00,-6.75000000e-02,4.85937500e-01
1.51544000e-06,2.28750000e+00,2.52187500e+00,1.25000000e-03,5.68750000e-01
1.51576000e-06,2.35000000e+00,2.57187500e+00,-1.00000000e-02,5.10156250e-01
1.51608000e-06,2.33750000e+00,2.67187500e+00,-2.56250000e-02,5.11718750e-01
1.51640000e-06,2.41250000e+00,2.54687500e+00,-8.75000000e-03,5.70312500e-01
1.51672000e-06,2.37500000e+00,2.57187500e+00,-2.81250000e-02,5.57031250e-01
1.51704000e-06,2.25000000e+00,2.50937500e+00,-2.81250000e-02,4.26562500e-01
1.51736000e-06,2.44062500e+00,2.57187500e+00,-1.43750000e-02,3.50000000e-01
1.51768000e-06,2.45625000e+00,2.35937500e+00,-8.75000000e-03,4.63281250e-01
1.51800000e-06,2.45000000e+00,2.58437500e+00,-2.56250000e-02,5.52343750e-01
1.51832000e-06,2.36250000e+00,2.50937500e+00,-1.18750000e-02,4.67187500e-01
1.51864000e-06,2.47500000e+00,2.53437500e+00,6.25000000e-04,4.89843750e-01
1.51896000e-06,2.57500000e+00,2.50937500e+00,-4.62500000e-02,5.42968750e-01
1.51928000e-06,2.51250000e+00,2.55937500e+00,-4.12500000e-02,5.82031250e-01
1.51960000e-06,2.55000000e+00,2.64687500e+00,-1.43750000e-02,5.49218750e-01
1.51992000e-06,2.41250000e+00,2.53437500e+00,1.31250000e-02,4.99218750e-01
1.52024000e-06,2.28750000e+00,2.50937500e+00,-2.00000000e-02,5.16406250e-01
1.52056000e-06,2.42500000e+00,2.58437500e+00,-5.62500000e-02,5.15625000e-01
1.52088000e-06,2.47500000e+00,2.67187500e+00,-8.75000000e-03,5.30468750e-01
1.52120000e-06,2.43750000e+00,2.64687500e+00,-7.50000000e-03,5.08593750e-01
1.52152000e-06,2.23750000e+00,2.43437500e+00,-3.81250000e-02,4.95312500e-01
1.52184000e-06,2.43750000e+00,2.54687500e+00,8.75000000e-03,5.35156250e-01
1.52216000e-06,2.46875000e+00,2.42187500e+00,-2.50000000e-02,5.42968750e-01
1.52248000e-06,2.47500000e+00,2.57187500e+00,5.62500000e-03,4.60937500e-01
1.52280000e-06,2.55000000e+00,2.59687500e+00,-1.93750000e-02,4.00781250e-01
1.52312000e-06,2.35000000e+00,2.63437500e+00,3.12500000e-03,4.63281250e-01
1.52344000e-06,2.35000000e+00,2.57187500e+00,-3.12500000e-02,4.72656250e-01
1.52376000e-06,2.40000000e+00,2.43437500e+00,-2.62500000e-02,4.97656250e-01
1.52408000e-06,2.31250000e+00,2.57187500e+00,-2.81250000e-02,5.17968750e-01
1.52440000e-06,2.33750000e+00,2.63437500e+00,-3.75000000e-03,5.73437500e-01
1.52472000e-06,2.40625000e+00,2.52187500e+00,-1.18750000e-02,5.60937500e-01
1.52504000e-06,2.45000000e+00,2.69687500e+00,-4.37500000e-02,4.89062500e-01
1.52536000e-06,2.46250000e+00,2.53437500e+00,-3.06250000e-02,5.31250000e-01
1.52568000e-06,2.46250000e+00,2.65937500e+00,-4.00000000e-02,4.83593750e-01
1.52600000e-06,2.50000000e+00,2.44687500e+00,6.25000000e-03,5.16406250e-01
1.52632000e-06,2.48750000e+00,2.54687500e+00,-8.75000000e-03,6.21093750e-01
1.52664000e-06,2.41250000e+00,2.43437500e+00,-1.68750000e-02,6.01562500e-01
1.52696000e-06,2.46250000e+00,2.59687500e+00,-1.50000000e-02,5.02343750e-01
1.52728000e-06,2.42500000e+00,2.57187500e+00,-5.31250000e-02,4.67187500e-01
1.52760000e-06,2.52500000e+00,2.48437500e+00,1.87500000e-02,4.83593750e-01
1.52792000e-06,2.36250000e+00,2.50937500e+00,3.75000000e-03,4.38281250e-01
1.52824000e-06,2.42500000e+00,2.63437500e+00,-1.68750000e-02,4.86718750e-01
1.52856000e-06,2.46250000e+00,2.48437500e+00,3.12500000e-03,4.57812500e-01
1.52888000e-06,2.47500000e+00,2.53437500e+00,-1.18750000e-02,4.55468750e-01
1.52920000e-06,2.31250000e+00,2.45937500e+00,-1.75000000e-02,4.98437500e-01
1.52952000e-06,2.32500000e+00,2.55937500e+00,-2.25000000e-02,5.02343750e-01
1.52984000e-06,2.58437500e+00,2.59687500e+00,-2.25000000e-02,5.03906250e-01
1.53016000e-06,2.37500000e+00,2.68437500e+00,-3.87500000e-02,4.96093750e-01
1.53048000e-06,2.41250000e+00,2.48437500e+00,-5.06250000e-02,4.30468750e-01
1.53080000e-06,2.48750000e+00,2.72187500e+00,-2.50000000e-02,5.03906250e-01
1.53112000e-06,2.40000000e+00,2.49687500e+00,-8.75000000e-03,5.11718750e-01
1.53144000e-06,2.35000000e+00,2.57187500e+00,-3.00000000e-02,4.61718750e-01
1.53176000e-06,2.42500000e+00,2.42187500e+00,3.12500000e-03,4.46875000e-01
1.53208000e-06,2.50000000e+00,2.58437500e+00,-1.87500000e-03,4.98437500e-01
1.53240000e-06,2.45000000e+00,2.40937500e+00,5.62500000e-03,4.70312500e-01
1.53272000e-06,2.41250000e+00,2.60937500e+00,1.31250000e-02,4.36718750e-01
1.53304000e-06,2.37500000e+00,2.54687500e+00,-2.62500000e-02,3.89843750e-01
1.53336000e-06,2.38750000e+00,2.50937500e+00,-4.62500000e-02,4.43750000e-01
1.53368000e-06,2.48750000e+00,2.64687500e+00,-3.06250000e-02,5.17968750e-01
1.53400000e-06,2.46250000e+00,2.60937500e+00,-1.62500000e-02,5.46875000e-01
1.53432000e-06,2.38750000e+00,2.44687500e+00,-1.93750000e-02,6.14062500e-01
1.53464000e-06,2.48750000e+00,2.58437500e+00,-1.87500000e-03,5.74218750e-01
1.53496000e-06,2.42500000e+00,2.42187500e+00,-2.25000000e-02,5.03906250e-01
1.53528000e-06,2.43750000e+00,2.62187500e+00,-2.56250000e-02,4.96093750e-01
1.53560000e-06,2.48750000e+00,2.55937500e+00,3.75000000e-03,4.29687500e-01
1.53592000e-06,2.42500000e+00,2.67187500e+00,-6.25000000e-03,4.50000000e-01
1.53624000e-06,2.41250000e+00,2.67187500e+00,-3.12500000e-02,5.25781250e-01
1.53656000e-06,2.40000000e+00,2.57187500e+00,-4.31250000e-02,4.52343750e-01
1.53688000e-06,2.43750000e+00,2.45937500e+00,-1.68750000e-02,5.19531250e-01
1.53720000e-06,2.45000000e+00,2.58437500e+00,-1.12500000e-02,4.18750000e-01
1.53752000e-06,2.43750000e+00,2.53437500e+00,-1.93750000e-02,3.08593750e-01
1.53784000e-06,2.36250000e+00,2.54687500e+00,-2.18750000e-02,4.16406250e-01
1.53816000e-06,2.48750000e+00,2.65937500e+00,-1.68750000e-02,3.96093750e-01
1.53848000e-06,2.35000000e+00,2.55937500e+00,3.12500000e-03,4.64062500e-01
1.53880000e-06,2.40000000e+00,2.53437500e+00,7.50000000e-03,5.38281250e-01
1.53912000e-06,2.37500000e+00,2.63437500e+00,-3.87500000e-02,5.55468750e-01
1.53944000e-06,2.45000000e+00,2.64687500e+00,-1.87500000e-02,5.61718750e-01
1.53976000e-06,2.41250000e+00,2.44687500e+00,-2.00000000e-02,5.58593750e-01
1.54008000e-06,2.35000000e+00,2.48437500e+00,-5.87500000e-02,5.17187500e-01
1.54040000e-06,2.27500000e+00,2.67187500e+00,-2.75000000e-02,4.98437500e-01
1.54072000e-06,2.33750000e+00,2.59687500e+00,-3.75000000e-03,5.14062500e-01
1.54104000e-06,2.41875000e+00,2.58437500e+00,-6.25000000e-03,5.21093750e-01
1.54136000e-06,2.47500000e+00,2.48437500e+00,-1.43750000e-02,4.97656250e-01
1.54168000e-06,2.28750000e+00,2.58437500e+00,-1.18750000e-02,4.40625000e-01
1.54200000e-06,2.50000000e+00,2.53437500e+00,-9.37500000e-03,5.03906250e-01
1.54232000e-06,2.46250000e+00,2.49687500e+00,6.25000000e-04,5.76562500e-01
1.54264000e-06,2.35000000e+00,2.47187500e+00,-3.37500000e-02,4.89062500e-01
1.54296000e-06,2.42500000e+00,2.57187500e+00,-9.37500000e-03,4.30468750e-01
1.54328000e-06,2.47500000e+00,2.42187500e+00,1.00000000e-02,4.49218750e-01
1.54360000e-06,2.43750000e+00,2.69687500e+00,-3.62500000e-02,4.67187500e-01
1.54392000e-06,2.47500000e+00,2.48437500e+00,-5.12500000e-02,4.90625000e-01
1.54424000e-06,2.50000000e+00,2.53437500e+00,-9.37500000e-03,4.82812500e-01
1.54456000e-06,2.27500000e+00,2.47187500e+00,-3.06250000e-02,4.72656250e-01
1.54488000e-06,2.48750000e+00,2.49687500e+00,-2.00000000e-02,5.21093750e-01
1.54520000e-06,2.46875000e+00,2.52187500e+00,-3.31250000e-02,5.15625000e-01
1.54552000e-06,2.27500000e+00,2.54687500e+00,-9.37500000e-03,4.19531250e-01
1.54584000e-06,2.49062500e+00,2.59687500e+00,-4.31250000e-02,3.78125000e-01
1.54616000e-06,2.50000000e+00,2.57187500e+00,-3.75000000e-03,4.63281250e-01
1.54648000e-06,2.41250000e+00,2.42187500e+00,-1.50000000e-02,4.89062500e-01
1.54680000e-06,2.38750000e+00,2.70937500e+00,-1.68750000e-02,4.93750000e-01
1.54712000e-06,2.48750000e+00,2.65937500e+00,-1.68750000e-02,5.57812500e-01
1.54744000e-06,2.28750000e+00,2.60937500e+00,8.12500000e-03,5.94531250e-01
1.54776000e-06,2.38750000e+00,2.50937500e+00,-3.37500000e-02,4.78906250e-01
1.54808000e-06,2.46875000e+00,2.48437500e+00,-2.81250000e-02,3.92968750e-01
1.54840000e-06,2.40000000e+00,2.55937500e+00,-1.50000000e-02,3.78906250e-01
1.54872000e-06,2.48750000e+00,2.62187500e+00,-4.56250000e-02,5.17968750e-01
1.54904000e-06,2.47500000e+00,2.45937500e+00,1.25000000e-03,6.04687500e-01
1.54936000e-06,2.50000000e+00,2.64687500e+00,-2.25000000e-02,5.75781250e-01
1.54968000e-06,2.36250000e+00,2.54687500e+00,-2.18750000e-02,4.71875000e-01
1.55000000e-06,2.43750000e+00,2.48437500e+00,-4.37500000e-03,5.54687500e-01
1.55032000e-06,2.35000000e+00,2.43437500e+00,-1.43750000e-02,5.71093750e-01
1.55064000e-06,2.33750000e+00,2.49687500e+00,-1.18750000e-02,4.90625000e-01
1.55096000e-06,2.48750000e+00,2.52187500e+00,-1.68750000e-02,4.37500000e-01
1.55128000e-06,2.28750000e+00,2.59687500e+00,-6.87500000e-03,4.56250000e-01
1.55160000e-06,2.56250000e+00,2.39687500e+00,-3.12500000e-02,5.05468750e-01
1.55192000e-06,2.48750000e+00,2.63437500e+00,-4.37500000e-02,5.53906250e-01
1.55224000e-06,2.40000000e+00,2.59687500e+00,-2.18750000e-02,6.31250000e-01
1.55256000e-06,2.37500000e+00,2.53437500e+00,-2.62500000e-02,5.82031250e-01
1.55288000e-06,2.47500000e+00,2.50937500e+00,-3.81250000e-02,4.67187500e-01
1.55320000e-06,2.47500000e+00,2.52187500e+00,-5.00000000e-03,4.29687500e-01
1.55352000e-06,2.38750000e+00,2.47187500e+00,-3.31250000e-02,5.10937500e-01
1.55384000e-06,2.46250000e+00,2.54687500e+00,-2.50000000e-02,5.99218750e-01
1.55416000e-06,2.40000000e+00,2.53437500e+00,1.25000000e-03,5.46093750e-01
1.55448000e-06,2.42500000e+00,2.75937500e+00,-1.12500000e-02,5.69531250e-01
1.55480000e-06,2.42500000e+00,2.49687500e+00,-4.37500000e-03,5.34375000e-01
1.55512000e-06,2.43750000e+00,2.48437500e+00,-1.18750000e-02,5.53125000e-01
1.55544000e-06,2.40000000e+00,2.62187500e+00,-1.68750000e-02,6.31250000e-01
1.55576000e-06,2.27500000e+00,2.60937500e+00,-1.25000000e-02,5.10937500e-01
1.55608000e-06,2.57500000e+00,2.43437500e+00,-4.56250000e-02,4.37500000e-01
1.55640000e-06,2.53750000e+00,2.60937500e+00,1.37500000e-02,5.34375000e-01
1.55672000e-06,2.48750000e+00,2.55937500e+00,-3.06250000e-02,5.56250000e-01
1.55704000e-06,2.37500000e+00,2.47187500e+00,-6.87500000e-03,5.58593750e-01
1.55736000e-06,2.42500000e+00,2.59687500e+00,-3.18750000e-02,5.32031250e-01
1.55768000e-06,2.46250000e+00,2.67187500e+00,-2.00000000e-02,4.89062500e-01
1.55800000e-06,2.40000000e+00,2.53437500e+00,-4.43750000e-02,4.36718750e-01
1.55832000e-06,2.46250000e+00,2.55937500e+00,-8.75000000e-03,4.35156250e-01
1.55864000e-06,2.46250000e+00,2.44687500e+00,-4.37500000e-02,4.75781250e-01
1.55896000e-06,2.45000000e+00,2.69687500e+00,-5.87500000e-02,4.79687500e-01
1.55928000e-06,2.20000000e+00,2.52187500e+00,-4.12500000e-02,4.69531250e-01
1.55960000e-06,2.57812500e+00,2.48437500e+00,-2.12500000e-02,5.20312500e-01
1.55992000e-06,2.57500000e+00,2.55937500e+00,-3.06250000e-02,5.29687500e-01
1.56024000e-06,2.43750000e+00,2.48437500e+00,-4.37500000e-03,4.56250000e-01
1.56056000e-06,2.41250000e+00,2.47187500e+00,-1.18750000e-02,4.47656250e-01
1.56088000e-06,2.36250000e+00,2.48437500e+00,-1.50000000e-02,5.16406250e-01
1.56120000e-06,2.28750000e+00,2.53437500e+00,-3.56250000e-02,4.63281250e-01
1.56152000e-06,2.37812500e+00,2.54687500e+00,-6.25000000e-03,4.64843750e-01
1.56184000e-06,2.30000000e+00,2.40937500e+00,-1.62500000e-02,5.02343750e-01
1.56216000e-06,2.38750000e+00,2.55937500e+00,-2.25000000e-02,5.51562500e-01
1.56248000e-06,2.39375000e+00,2.54687500e+00,-5.37500000e-02,5.42187500e-01
1.56280000e-06,2.50000000e+00,2.60937500e+00,-2.50000000e-02,4.72656250e-01
1.56312000e-06,2.46250000e+00,2.53437500e+00,1.62500000e-02,4.07812500e-01
1.56344000e-06,2.40000000e+00,2.49687500e+00,-2.56250000e-02,4.35156250e-01
1.56376000e-06,2.42500000e+00,2.49687500e+00,-4.37500000e-03,3.63281250e-01
1.56408000e-06,2.61250000e+00,2.53437500e+00,-2.93750000e-02,4.03125000e-01
1.56440000e-06,2.36250000e+00,2.47187500e+00,-3.06250000e-02,5.30468750e-01
1.56472000e-06,2.47500000e+00,2.67187500e+00,-1.87500000e-03,5.66406250e-01
1.56504000e-06,2.42500000e+00,2.48437500e+00,-2.50000000e-02,5.62500000e-01
1.56536000e-06,2.41250000e+00,2.39687500e+00,-4.37500000e-03,5.36718750e-01
1.56568000e-06,2.42500000e+00,2.52187500e+00,-2.25000000e-02,4.64062500e-01
1.56600000e-06,2.38750000e+00,2.44687500e+00,-3.37500000e-02,4.73437500e-01
1.56632000e-06,2.32500000e+00,2.52187500e+00,-1.87500000e-02,5.71093750e-01
1.56664000e-06,2.42500000e+00,2.47187500e+00,-3.62500000e-02,5.28906250e-01
1.56696000e-06,2.23750000e+00,2.38437500e+00,-6.87500000e-03,4.39843750e-01
1.56728000e-06,2.46250000e+00,2.69687500e+00,-2.68750000e-02,4.76562500e-01
1.56760000e-06,2.58125000e+00,2.52187500e+00,-2.18750000e-02,5.08593750e-01
1.56792000e-06,2.43750000e+00,2.60937500e+00,-2.93750000e-02,4.45312500e-01
1.56824000e-06,2.43750000e+00,2.59687500e+00,-5.06250000e-02,4.96875000e-01
1.56856000e-06,2.46250000e+00,2.54687500e+00,8.12500000e-03,4.82812500e-01
1.56888000e-06,2.37500000e+00,2.55937500e+00,-1.43750000e-02,5.14062500e-01
1.56920000e-06,2.53750000e+00,2.54687500e+00,-4.62500000e-02,4.64062500e-01
1.56952000e-06,2.56250000e+00,2.52187500e+00,-3.75000000e-03,4.68750000e-01
1.56984000e-06,2.36250000e+00,2.54687500e+00,-9.37500000e-03,5.14843750e-01
1.57016000e-06,2.40000000e+00,2.52187500e+00,-1.68750000e-02,5.21093750e-01
1.57048000e-06,2.45000000e+00,2.49687500e+00,-9.37500000e-03,4.85937500e-01
1.57080000e-06,2.42500000e+00,2.53437500e+00,-1.18750000e-02,4.12500000e-01
1.57112000e-06,2.40000000e+00,2.58437500e+00,8.12500000e-03,3.50781250e-01
1.57144000e-06,2.47500000e+00,2.49687500e+00,-2.62500000e-02,4.11718750e-01
1.57176000e-06,2.41250000e+00,2.52187500e+00,-4.31250000e-02,4.86718750e-01
1.57208000e-06,2.41250000e+00,2.44687500e+00,-4.37500000e-03,5.18750000e-01
1.57240000e-06,2.42500000e+00,2.55937500e+00,-2.75000000e-02,5.62500000e-01
1.57272000e-06,2.47500000e+00,2.55937500e+00,-3.06250000e-02,5.23437500e-01
1.57304000e-06,2.47500000e+00,2.55937500e+00,1.06250000e-02,4.94531250e-01
1.57336000e-06,2.38750000e+00,2.42187500e+00,5.62500000e-03,5.71875000e-01
1.57368000e-06,2.26250000e+00,2.50937500e+00,-2.18750000e-02,4.85156250e-01
1.57400000e-06,2.57812500e+00,2.62187500e+00,-2.62500000e-02,3.97656250e-01
1.57432000e-06,2.47500000e+00,2.65937500e+00,-3.06250000e-02,4.14062500e-01
1.57464000e-06,2.48750000e+00,2.60937500e+00,1.06250000e-02,3.68750000e-01
1.57496000e-06,2.53750000e+00,2.37187500e+00,-3.06250000e-02,4.29687500e-01
1.57528000e-06,2.46250000e+00,2.58437500e+00,-3.56250000e-02,5.28125000e-01
1.57560000e-06,2.45000000e+00,2.55937500e+00,3.12500000e-03,5.16406250e-01
1.57592000e-06,2.22500000e+00,2.44687500e+00,-1.62500000e-02,3.79687500e-01
1.57624000e-06,2.37500000e+00,2.65937500e+00,-2.00000000e-02,3.78125000e-01
1.57656000e-06,2.50625000e+00,2.45937500e+00,-2.18750000e-02,4.64843750e-01
1.57688000e-06,2.41250000e+00,2.59687500e+00,-3.37500000e-02,4.62500000e-01
1.57720000e-06,2.56250000e+00,2.50937500e+00,-3.06250000e-02,4.50781250e-01
1.57752000e-06,2.51250000e+00,2.55937500e+00,-1.75000000e-02,4.77343750e-01
1.57784000e-06,2.35000000e+00,2.60937500e+00,-3.56250000e-02,5.30468750e-01
1.57816000e-06,2.41250000e+00,2.64687500e+00,3.75000000e-03,5.81250000e-01
1.57848000e-06,2.37500000e+00,2.62187500e+00,1.81250000e-02,5.68750000e-01
1.57880000e-06,2.50000000e+00,2.72187500e+00,-1.87500000e-03,4.17187500e-01
1.57912000e-06,2.37500000e+00,2.59687500e+00,-3.87500000e-02,4.24218750e-01
1.57944000e-06,2.21250000e+00,2.65937500e+00,-2.81250000e-02,4.96093750e-01
1.57976000e-06,2.26562500e+00,2.53437500e+00,-6.87500000e-03,5.03125000e-01
1.58008000e-06,2.44687500e+00,2.47187500e+00,-3.81250000e-02,5.40625000e-01
1.58040000e-06,2.48750000e+00,2.54687500e+00,-3.31250000e-02,6.19531250e-01
1.58072000e-06,2.53750000e+00,2.48437500e+00,-2.00000000e-02,5.85937500e-01
1.58104000e-06,2.51250000e+00,2.58437500e+00,-4.00000000e-02,5.07812500e-01
1.58136000e-06,2.50000000e+00,2.47187500e+00,8.75000000e-03,4.07812500e-01
1.58168000e-06,2.33750000e+00,2.55937500e+00,-1.43750000e-02,4.07812500e-01
1.58200000e-06,2.48750000e+00,2.67187500e+00,-3.87500000e-02,4.25781250e-01
1.58232000e-06,2.51250000e+00,2.54687500e+00,-8.75000000e-03,4.13281250e-01
1.58264000e-06,2.50000000e+00,2.55937500e+00,3.12500000e-03,5.33593750e-01
1.58296000e-06,2.47500000e+00,2.52187500e+00,-1.68750000e-02,5.57031250e-01
1.58328000e-06,2.40000000e+00,2.45937500e+00,1.00000000e-02,5.14062500e-01
1.58360000e-06,2.50000000e+00,2.53437500e+00,-4.06250000e-02,5.20312500e-01
1.58392000e-06,2.43750000e+00,2.67187500e+00,1.87500000e-02,5.30468750e-01
1.58424000e-06,2.31250000e+00,2.60937500e+00,-3.31250000e-02,5.21093750e-01
1.58456000e-06,2.42500000e+00,2.62187500e+00,-2.87500000e-02,4.89843750e-01
1.58488000e-06,2.31250000e+00,2.52187500e+00,-4.37500000e-02,4.69531250e-01
1.58520000e-06,2.42500000e+00,2.62187500e+00,-1.87500000e-02,4.55468750e-01
1.58552000e-06,2.50000000e+00,2.47187500e+00,-1.18750000e-02,4.95312500e-01
1.58584000e-06,2.47500000e+00,2.47187500e+00,-1.75000000e-02,5.46093750e-01
1.58616000e-06,2.23750000e+00,2.47187500e+00,-4.37500000e-02,4.97656250e-01
1.58648000e-06,2.30000000e+00,2.53437500e+00,-4.06250000e-02,4.33593750e-01
1.58680000e-06,2.37187500e+00,2.50937500e+00,-1.87500000e-02,3.90625000e-01
1.58712000e-06,2.35000000e+00,2.58437500e+00,-9.37500000e-03,4.01562500e-01
1.58744000e-06,2.42500000e+00,2.53437500e+00,-1.18750000e-02,4.62500000e-01
1.58776000e-06,2.48750000e+00,2.64687500e+00,-3.37500000e-02,5.47656250e-01
1.58808000e-06,2.55000000e+00,2.53437500e+00,-1.18750000e-02,5.24218750e-01
1.58840000e-06,2.26250000e+00,2.58437500e+00,1.50000000e-02,4.53125000e-01
1.58872000e-06,2.42500000e+00,2.39687500e+00,-1.68750000e-02,3.87500000e-01
1.58904000e-06,2.53125000e+00,2.53437500e+00,-2.00000000e-02,3.96093750e-01
1.58936000e-06,2.41250000e+00,2.53437500e+00,-1.43750000e-02,4.31250000e-01
1.58968000e-06,2.35000000e+00,2.53437500e+00,3.12500000e-03,4.11718750e-01
1.59000000e-06,2.35000000e+00,2.55937500e+00,-3.37500000e-02,3.98437500e-01
1.59032000e-06,2.55000000e+00,2.62187500e+00,-3.81250000e-02,4.00000000e-01
1.59064000e-06,2.47500000e+00,2.50937500e+00,-2.00000000e-02,4.75000000e-01
1.59096000e-06,2.36250000e+00,2.49687500e+00,-4.06250000e-02,4.31250000e-01
1.59128000e-06,2.33750000e+00,2.47187500e+00,-1.87500000e-02,3.63281250e-01
1.59160000e-06,2.55000000e+00,2.57187500e+00,-6.87500000e-03,3.48437500e-01
1.59192000e-06,2.46250000e+00,2.45937500e+00,-2.87500000e-02,4.35937500e-01
1.59224000e-06,2.45000000e+00,2.62187500e+00,-2.25000000e-02,4.25781250e-01
1.59256000e-06,2.35000000e+00,2.50937500e+00,-4.37500000e-02,4.36718750e-01
1.59288000e-06,2.41250000e+00,2.67187500e+00,-1.25000000e-03,5.03125000e-01
1.59320000e-06,2.50000000e+00,2.52187500e+00,-1.68750000e-02,3.97656250e-01
1.59352000e-06,2.40000000e+00,2.55937500e+00,-5.62500000e-02,4.53125000e-01
1.59384000e-06,2.42500000e+00,2.52187500e+00,-2.12500000e-02,4.55468750e-01
1.59416000e-06,2.37500000e+00,2.50937500e+00,-4.37500000e-03,4.16406250e-01
1.59448000e-06,2.45000000e+00,2.47187500e+00,-1.93750000e-02,3.43750000e-01
1.59480000e-06,2.36250000e+00,2.67187500e+00,6.25000000e-04,3.78125000e-01
1.59512000e-06,2.38750000e+00,2.58437500e+00,-9.37500000e-03,4.89062500e-01
1.59544000e-06,2.47500000e+00,2.60937500e+00,-6.87500000e-03,4.54687500e-01
1.59576000e-06,2.47500000e+00,2.57187500e+00,-2.18750000e-02,4.28125000e-01
1.59608000e-06,2.37500000e+00,2.53437500e+00,-1.50000000e-02,3.96093750e-01
1.59640000e-06,2.53750000e+00,2.45937500e+00,-3.31250000e-02,3.71875000e-01
1.59672000e-06,2.41250000e+00,2.53437500e+00,-1.87500000e-03,3.48437500e-01
1.59704000e-06,2.43750000e+00,2.47187500e+00,-3.31250000e-02,3.76562500e-01
1.59736000e-06,2.48750000e+00,2.55937500e+00,-1.87500000e-02,4.57812500e-01
1.59768000e-06,2.42500000e+00,2.44687500e+00,-2.56250000e-02,4.66406250e-01
1.59800000e-06,2.42500000e+00,2.62187500e+00,1.06250000e-02,5.00781250e-01
1.59832000e-06,2.43750000e+00,2.44687500e+00,-1.50000000e-02,4.74218750e-01
1.59864000e-06,2.40000000e+00,2.63437500e+00,-4.62500000e-02,4.02343750e-01
1.59896000e-06,2.47500000e+00,2.49687500e+00,-3.25000000e-02,3.85937500e-01
1.59928000e-06,2.42500000e+00,2.62187500e+00,-1.68750000e-02,4.39843750e-01
1.59960000e-06,2.40000000e+00,2.52187500e+00,-4.06250000e-02,5.37500000e-01
1.59992000e-06,2.31250000e+00,2.62187500e+00,-1.37500000e-02,4.91406250e-01
1.60024000e-06,2.31250000e+00,2.43437500e+00,-5.00000000e-03,4.00000000e-01
1.60056000e-06,2.38750000e+00,2.53437500e+00,-3.81250000e-02,3.57812500e-01
1.60088000e-06,2.47500000e+00,2.49687500e+00,1.25000000e-03,3.75000000e-01
1.60120000e-06,2.51250000e+00,2.67187500e+00,2.12500000e-02,4.20312500e-01
1.60152000e-06,2.47500000e+00,2.49687500e+00,-9.37500000e-03,4.42187500e-01
1.60184000e-06,2.51250000e+00,2.59687500e+00,-2.25000000e-02,3.72656250e-01
1.60216000e-06,2.45000000e+00,2.74687500e+00,-4.87500000e-02,3.10937500e-01
1.60248000e-06,2.46250000e+00,2.68437500e+00,-1.87500000e-02,3.55468750e-01
1.60280000e-06,2.46250000e+00,2.47187500e+00,-1.50000000e-02,4.06250000e-01
1.60312000e-06,2.38750000e+00,2.49687500e+00,-4.12500000e-02,3.96875000e-01
1.60344000e-06,2.43750000e+00,2.53437500e+00,-4.56250000e-02,3.89843750e-01
1.60376000e-06,2.35000000e+00,2.64687500e+00,-2.50000000e-02,3.35156250e-01
1.60408000e-06,2.38750000e+00,2.52187500e+00,-1.12500000e-02,3.03125000e-01
1.60440000e-06,2.52500000e+00,2.44687500e+00,-3.75000000e-03,3.50781250e-01
1.60472000e-06,2.46250000e+00,2.40937500e+00,-4.12500000e-02,4.41406250e-01
1.60504000e-06,2.41250000e+00,2.55937500e+00,-4.56250000e-02,4.17968750e-01
1.60536000e-06,2.43750000e+00,2.50937500e+00,-4.37500000e-03,3.50781250e-01
1.60568000e-06,2.52500000e+00,2.57187500e+00,-1.62500000e-02,3.55468750e-01
1.60600000e-06,2.45000000e+00,2.49687500e+00,-1.43750000e-02,4.05468750e-01
1.60632000e-06,2.37500000e+00,2.55937500e+00,-1.00000000e-02,4.57031250e-01
1.60664000e-06,2.51250000e+00,2.47187500e+00,-4.12500000e-02,4.13281250e-01
1.60696000e-06,2.38750000e+00,2.45937500e+00,-1.25000000e-03,3.35937500e-01
1.60728000e-06,2.41250000e+00,2.45937500e+00,-3.12500000e-02,3.17968750e-01
1.60760000e-06,2.37500000e+00,2.64687500e+00,-3.81250000e-02,3.31250000e-01
1.60792000e-06,2.47500000e+00,2.63437500e+00,1.31250000e-02,3.80468750e-01
1.60824000e-06,2.40000000e+00,2.55937500e+00,-1.43750000e-02,3.75781250e-01
1.60856000e-06,2.55000000e+00,2.40937500e+00,-5.12500000e-02,3.75000000e-01
1.60888000e-06,2.40000000e+00,2.50937500e+00,-3.81250000e-02,3.82031250e-01
1.60920000e-06,2.32500000e+00,2.39687500e+00,-4.31250000e-02,3.82031250e-01
1.60952000e-06,2.43750000e+00,2.64687500e+00,-1.93750000e-02,3.46093750e-01
1.60984000e-06,2.55000000e+00,2.45937500e+00,-4.62500000e-02,3.46093750e-01
1.61016000e-06,2.32500000e+00,2.59687500e+00,-2.75000000e-02,3.32031250e-01
1.61048000e-06,2.37500000e+00,2.60937500e+00,-3.75000000e-03,4.03906250e-01
1.61080000e-06,2.46250000e+00,2.54687500e+00,-3.00000000e-02,5.10937500e-01
1.61112000e-06,2.28750000e+00,2.53437500e+00,-1.50000000e-02,5.14062500e-01
1.61144000e-06,2.42500000e+00,2.64687500e+00,-3.81250000e-02,4.80468750e-01
1.61176000e-06,2.38750000e+00,2.49687500e+00,-6.25000000e-03,4.00781250e-01
1.61208000e-06,2.27500000e+00,2.52187500e+00,-1.62500000e-02,2.66406250e-01
1.61240000e-06,2.34062500e+00,2.52187500e+00,-3.37500000e-02,3.03125000e-01
1.61272000e-06,2.41250000e+00,2.67187500e+00,-2.18750000e-02,4.01562500e-01
1.61304000e-06,2.52500000e+00,2.58437500e+00,-3.43750000e-02,4.46875000e-01
1.61336000e-06,2.37500000e+00,2.67187500e+00,-2.87500000e-02,4.16406250e-01
1.61368000e-06,2.32500000e+00,2.62187500e+00,-4.62500000e-02,4.27343750e-01
1.61400000e-06,2.38750000e+00,2.59687500e+00,-2.56250000e-02,4.27343750e-01
1.61432000e-06,2.42500000e+00,2.55937500e+00,-3.50000000e-02,3.44531250e-01
1.61464000e-06,2.50000000e+00,2.65937500e+00,1.25000000e-03,3.65625000e-01
1.61496000e-06,2.37500000e+00,2.47187500e+00,-1.87500000e-02,4.60937500e-01
1.61528000e-06,2.33750000e+00,2.63437500e+00,5.62500000e-03,4.84375000e-01
1.61560000e-06,2.40000000e+00,2.52187500e+00,-3.62500000e-02,5.11718750e-01
1.61592000e-06,2.45000000e+00,2.58437500e+00,-3.62500000e-02,4.82031250e-01
1.61624000e-06,2.43750000e+00,2.47187500e+00,-4.56250000e-02,4.67968750e-01
1.61656000e-06,2.42500000e+00,2.47187500e+00,1.87500000e-02,4.59375000e-01
1.61688000e-06,2.46250000e+00,2.49687500e+00,-1.25000000e-03,4.79687500e-01
1.61720000e-06,2.33750000e+00,2.45937500e+00,-3.37500000e-02,4.53906250e-01
1.61752000e-06,2.43750000e+00,2.43437500e+00,-1.68750000e-02,4.14062500e-01
1.61784000e-06,2.27500000e+00,2.52187500e+00,-2.68750000e-02,4.02343750e-01
1.61816000e-06,2.41250000e+00,2.57187500e+00,-2.56250000e-02,3.81250000e-01
1.61848000e-06,2.43750000e+00,2.58437500e+00,-3.37500000e-02,4.69531250e-01
1.61880000e-06,2.41250000e+00,2.52187500e+00,-2.50000000e-02,5.35937500e-01
1.61912000e-06,2.58750000e+00,2.49687500e+00,5.62500000e-03,4.17187500e-01
1.61944000e-06,2.45000000e+00,2.40937500e+00,-2.12500000e-02,3.34375000e-01
1.61976000e-06,2.43750000e+00,2.44687500e+00,-2.00000000e-02,4.03906250e-01
1.62008000e-06,2.33750000e+00,2.55937500e+00,-4.37500000e-02,4.41406250e-01
1.62040000e-06,2.30000000e+00,2.58437500e+00,-2.12500000e-02,4.38281250e-01
1.62072000e-06,2.42812500e+00,2.47187500e+00,-2.62500000e-02,5.25781250e-01
1.62104000e-06,2.46250000e+00,2.53437500e+00,-3.37500000e-02,5.02343750e-01
1.62136000e-06,2.47500000e+00,2.60937500e+00,-4.62500000e-02,4.46875000e-01
1.62168000e-06,2.36250000e+00,2.58437500e+00,-1.62500000e-02,4.60937500e-01
1.62200000e-06,2.52500000e+00,2.47187500e+00,-2.81250000e-02,5.24218750e-01
1.62232000e-06,2.40000000e+00,2.48437500e+00,-1.87500000e-03,4.60937500e-01
1.62264000e-06,2.32500000e+00,2.43437500e+00,-1.43750000e-02,3.85937500e-01
1.62296000e-06,2.36250000e+00,2.50937500e+00,6.25000000e-04,4.30468750e-01
1.62328000e-06,2.36250000e+00,2.49687500e+00,-2.62500000e-02,4.00781250e-01
1.62360000e-06,2.43750000e+00,2.57187500e+00,-4.87500000e-02,3.61718750e-01
1.62392000e-06,2.27500000e+00,2.50937500e+00,-3.62500000e-02,3.60937500e-01
1.62424000e-06,2.40312500e+00,2.54687500e+00,-1.37500000e-02,4.55468750e-01
1.62456000e-06,2.48750000e+00,2.59687500e+00,-1.43750000e-02,4.02343750e-01
1.62488000e-06,2.52500000e+00,2.65937500e+00,-2.87500000e-02,3.52343750e-01
1.62520000e-06,2.41250000e+00,2.50937500e+00,-4.31250000e-02,4.32031250e-01
1.62552000e-06,2.38750000e+00,2.70937500e+00,-9.37500000e-03,4.39062500e-01
1.62584000e-06,2.50000000e+00,2.52187500e+00,-1.93750000e-02,5.02343750e-01
1.62616000e-06,2.36250000e+00,2.48437500e+00,-2.25000000e-02,6.07812500e-01
1.62648000e-06,2.46250000e+00,2.55937500e+00,-4.12500000e-02,4.85937500e-01
1.62680000e-06,2.47500000e+00,2.48437500e+00,-3.81250000e-02,4.61718750e-01
1.62712000e-06,2.48750000e+00,2.42187500e+00,-2.12500000e-02,4.82031250e-01
1.62744000e-06,2.46250000e+00,2.55937500e+00,8.12500000e-03,3.68750000e-01
1.62776000e-06,2.41250000e+00,2.47187500e+00,-2.18750000e-02,3.60156250e-01
1.62808000e-06,2.22500000e+00,2.63437500e+00,-1.18750000e-02,4.50000000e-01
1.62840000e-06,2.35312500e+00,2.55937500e+00,-3.12500000e-02,4.90625000e-01
1.62872000e-06,2.23750000e+00,2.77187500e+00,-9.37500000e-03,4.84375000e-01
1.62904000e-06,2.40312500e+00,2.50937500e+00,-3.68750000e-02,5.40625000e-01
1.62936000e-06,2.54375000e+00,2.53437500e+00,-1.18750000e-02,5.00000000e-01
1.62968000e-06,2.32500000e+00,2.49687500e+00,-1.75000000e-02,3.84375000e-01
1.63000000e-06,2.38750000e+00,2.54687500e+00,-6.87500000e-03,3.97656250e-01
1.63032000e-06,2.48750000e+00,2.50937500e+00,-2.00000000e-02,4.84375000e-01
1.63064000e-06,2.36250000e+00,2.54687500e+00,-4.06250000e-02,4.82812500e-01
1.63096000e-06,2.36250000e+00,2.55937500e+00,6.25000000e-03,4.89062500e-01
1.63128000e-06,2.35000000e+00,2.54687500e+00,-1.93750000e-02,5.39062500e-01
1.63160000e-06,2.35000000e+00,2.48437500e+00,-1.93750000e-02,5.24218750e-01
1.63192000e-06,2.50000000e+00,2.48437500e+00,-1.87500000e-03,4.46093750e-01
1.63224000e-06,2.35000000e+00,2.47187500e+00,-1.18750000e-02,4.69531250e-01
1.63256000e-06,2.31250000e+00,2.52187500e+00,-3.62500000e-02,4.39062500e-01
1.63288000e-06,2.40312500e+00,2.63437500e+00,-3.31250000e-02,4.30468750e-01
1.63320000e-06,2.38750000e+00,2.67187500e+00,-6.87500000e-03,4.72656250e-01
1.63352000e-06,2.40000000e+00,2.35937500e+00,-1.43750000e-02,4.48437500e-01
1.63384000e-06,2.47500000e+00,2.57187500e+00,-1.93750000e-02,4.93750000e-01
1.63416000e-06,2.42500000e+00,2.48437500e+00,-4.87500000e-02,5.35937500e-01
1.63448000e-06,2.40000000e+00,2.57187500e+00,-2.81250000e-02,4.47656250e-01
1.63480000e-06,2.40000000e+00,2.38437500e+00,-2.00000000e-02,4.67187500e-01
1.63512000e-06,2.22500000e+00,2.55937500e+00,-3.56250000e-02,4.85156250e-01
1.63544000e-06,2.31562500e+00,2.54687500e+00,-4.31250000e-02,4.91406250e-01
1.63576000e-06,2.40937500e+00,2.62187500e+00,-5.81250000e-02,4.22656250e-01
1.63608000e-06,2.56250000e+00,2.68437500e+00,-1.62500000e-02,4.53906250e-01
1.63640000e-06,2.51250000e+00,2.68437500e+00,-2.81250000e-02,5.85156250e-01
1.63672000e-06,2.28750000e+00,2.44687500e+00,-5.00000000e-03,5.23437500e-01
1.63704000e-06,2.45000000e+00,2.55937500e+00,-3.87500000e-02,4.59375000e-01
1.63736000e-06,2.46250000e+00,2.48437500e+00,-1.62500000e-02,5.44531250e-01
1.63768000e-06,2.50000000e+00,2.55937500e+00,-2.87500000e-02,4.96093750e-01
1.63800000e-06,2.37500000e+00,2.50937500e+00,-9.37500000e-03,4.27343750e-01
1.63832000e-06,2.55000000e+00,2.49687500e+00,-1.31250000e-02,5.03906250e-01
1.63864000e-06,2.45000000e+00,2.42187500e+00,-2.81250000e-02,5.71093750e-01
1.63896000e-06,2.28750000e+00,2.63437500e+00,-6.87500000e-03,5.42968750e-01
1.63928000e-06,2.43750000e+00,2.45937500e+00,-3.50000000e-02,5.34375000e-01
1.63960000e-06,2.41250000e+00,2.54687500e+00,6.25000000e-04,5.31250000e-01
1.63992000e-06,2.45000000e+00,2.42187500e+00,-4.50000000e-02,4.37500000e-01
1.64024000e-06,2.30000000e+00,2.58437500e+00,-3.75000000e-03,4.23437500e-01
1.64056000e-06,2.33750000e+00,2.48437500e+00,-1.25000000e-03,4.43750000e-01
1.64088000e-06,2.40625000e+00,2.58437500e+00,-1.25000000e-02,4.43750000e-01
1.64120000e-06,2.30000000e+00,2.65937500e+00,-3.06250000e-02,4.79687500e-01
1.64152000e-06,2.47500000e+00,2.58437500e+00,-1.25000000e-03,4.39062500e-01
1.64184000e-06,2.43750000e+00,2.55937500e+00,-3.31250000e-02,4.39062500e-01
1.64216000e-06,2.38750000e+00,2.44687500e+00,-2.00000000e-02,5.12500000e-01
1.64248000e-06,2.52500000e+00,2.49687500e+00,-4.93750000e-02,5.43750000e-01
1.64280000e-06,2.57500000e+00,2.62187500e+00,-1.12500000e-02,5.08593750e-01
1.64312000e-06,2.35000000e+00,2.49687500e+00,3.12500000e-03,3.97656250e-01
1.64344000e-06,2.27500000e+00,2.57187500e+00,-5.00000000e-03,4.50781250e-01
1.64376000e-06,2.45312500e+00,2.47187500e+00,-3.62500000e-02,4.86718750e-01
1.64408000e-06,2.57500000e+00,2.54687500e+00,-2.81250000e-02,3.93750000e-01
1.64440000e-06,2.41250000e+00,2.59687500e+00,-3.25000000e-02,4.00000000e-01
1.64472000e-06,2.38750000e+00,2.62187500e+00,3.75000000e-03,4.18750000e-01
1.64504000e-06,2.55000000e+00,2.49687500e+00,-3.25000000e-02,3.79687500e-01
1.64536000e-06,2.52500000e+00,2.64687500e+00,-4.37500000e-03,3.61718750e-01
1.64568000e-06,2.42500000e+00,2.48437500e+00,-1.43750000e-02,4.43750000e-01
1.64600000e-06,2.35000000e+00,2.68437500e+00,-2.87500000e-02,5.17968750e-01
1.64632000e-06,2.55000000e+00,2.62187500e+00,-5.06250000e-02,4.39843750e-01
1.64664000e-06,2.48750000e+00,2.54687500e+00,-1.87500000e-03,4.17968750e-01
1.64696000e-06,2.42500000e+00,2.58437500e+00,-4.56250000e-02,3.83593750e-01
1.64728000e-06,2.40000000e+00,2.53437500e+00,-3.56250000e-02,4.43750000e-01
1.64760000e-06,2.55000000e+00,2.48437500e+00,6.25000000e-04,4.38281250e-01
1.64792000e-06,2.46250000e+00,2.52187500e+00,-2.56250000e-02,4.26562500e-01
1.64824000e-06,2.30000000e+00,2.38437500e+00,-1.93750000e-02,4.57031250e-01
1.64856000e-06,2.37500000e+00,2.63437500e+00,2.50000000e-03,3.57812500e-01
1.64888000e-06,2.53125000e+00,2.57187500e+00,-2.87500000e-02,2.79687500e-01
1.64920000e-06,2.43750000e+00,2.62187500e+00,-1.87500000e-03,4.10156250e-01
1.64952000e-06,2.42500000e+00,2.55937500e+00,-1.75000000e-02,4.52343750e-01
1.64984000e-06,2.57500000e+00,2.57187500e+00,-1.87500000e-03,3.98437500e-01
1.65016000e-06,2.47500000e+00,2.57187500e+00,-3.56250000e-02,3.85937500e-01
1.65048000e-06,2.47500000e+00,2.49687500e+00,1.06250000e-02,3.55468750e-01
1.65080000e-06,2.28750000e+00,2.54687500e+00,-2.00000000e-02,3.22656250e-01
1.65112000e-06,2.25000000e+00,2.62187500e+00,-3.06250000e-02,4.29687500e-01
1.65144000e-06,2.32187500e+00,2.53437500e+00,3.12500000e-03,5.23437500e-01
1.65176000e-06,2.37187500e+00,2.57187500e+00,-3.25000000e-02,4.89062500e-01
1.65208000e-06,2.35000000e+00,2.53437500e+00,6.25000000e-03,4.60937500e-01
1.65240000e-06,2.38750000e+00,2.59687500e+00,-3.06250000e-02,4.07031250e-01
1.65272000e-06,2.35000000e+00,2.48437500e+00,-3.31250000e-02,3.30468750e-01
1.65304000e-06,2.20000000e+00,2.49687500e+00,-9.37500000e-03,2.88281250e-01
1.65336000e-06,2.35312500e+00,2.48437500e+00,-1.93750000e-02,3.00000000e-01
1.65368000e-06,2.34375000e+00,2.68437500e+00,-1.18750000e-02,3.41406250e-01
1.65400000e-06,2.42500000e+00,2.53437500e+00,0.00000000e+00,3.75000000e-01
1.65432000e-06,2.62500000e+00,2.47187500e+00,-2.18750000e-02,4.58593750e-01
1.65464000e-06,2.47500000e+00,2.58437500e+00,-1.68750000e-02,4.39843750e-01
1.65496000e-06,2.36250000e+00,2.58437500e+00,-1.87500000e-03,3.65625000e-01
1.65528000e-06,2.37500000e+00,2.48437500e+00,-1.43750000e-02,4.26562500e-01
1.65560000e-06,2.40000000e+00,2.53437500e+00,-9.37500000e-03,3.03125000e-01
1.65592000e-06,2.40000000e+00,2.53437500e+00,-2.00000000e-02,2.63281250e-01
1.65624000e-06,2.23750000e+00,2.57187500e+00,-3.31250000e-02,3.37500000e-01
1.65656000e-06,2.44062500e+00,2.39687500e+00,-1.37500000e-02,4.51562500e-01
1.65688000e-06,2.42500000e+00,2.62187500e+00,-2.56250000e-02,4.10937500e-01
1.65720000e-06,2.35000000e+00,2.54687500e+00,-5.62500000e-02,3.59375000e-01
1.65752000e-06,2.33750000e+00,2.62187500e+00,-1.87500000e-03,4.61718750e-01
1.65784000e-06,2.38750000e+00,2.40937500e+00,-1.75000000e-02,4.92968750e-01
1.65816000e-06,2.46250000e+00,2.54687500e+00,-3.31250000e-02,4.07031250e-01
1.65848000e-06,2.17500000e+00,2.62187500e+00,-8.75000000e-03,2.90625000e-01
1.65880000e-06,2.32812500e+00,2.62187500e+00,-4.06250000e-02,2.87500000e-01
1.65912000e-06,2.47187500e+00,2.47187500e+00,-3.31250000e-02,3.50000000e-01
1.65944000e-06,2.32500000e+00,2.52187500e+00,-1.75000000e-02,4.11718750e-01
1.65976000e-06,2.52500000e+00,2.49687500e+00,-3.81250000e-02,4.38281250e-01
1.66008000e-06,2.46250000e+00,2.59687500e+00,-1.12500000e-02,4.07812500e-01
1.66040000e-06,2.41250000e+00,2.58437500e+00,-2.18750000e-02,3.69531250e-01
1.66072000e-06,2.48750000e+00,2.53437500e+00,-2.00000000e-02,3.47656250e-01
1.66104000e-06,2.46250000e+00,2.50937500e+00,-3.37500000e-02,3.17968750e-01
1.66136000e-06,2.38750000e+00,2.62187500e+00,-1.37500000e-02,3.64062500e-01
1.66168000e-06,2.41250000e+00,2.58437500e+00,-1.18750000e-02,4.43750000e-01
1.66200000e-06,2.53750000e+00,2.48437500e+00,-1.93750000e-02,4.33593750e-01
1.66232000e-06,2.52500000e+00,2.42187500e+00,-1.68750000e-02,4.78125000e-01
1.66264000e-06,2.42500000e+00,2.55937500e+00,-2.25000000e-02,4.19531250e-01
1.66296000e-06,2.35000000e+00,2.47187500e+00,-3.87500000e-02,4.20312500e-01
1.66328000e-06,2.40000000e+00,2.50937500e+00,-5.31250000e-02,3.60156250e-01
1.66360000e-06,2.42500000e+00,2.50937500e+00,-3.75000000e-02,3.53125000e-01
1.66392000e-06,2.35000000e+00,2.45937500e+00,-3.75000000e-03,4.09375000e-01
1.66424000e-06,2.36250000e+00,2.49687500e+00,-3.06250000e-02,4.64062500e-01
1.66456000e-06,2.31250000e+00,2.58437500e+00,-5.06250000e-02,4.94531250e-01
1.66488000e-06,2.49062500e+00,2.55937500e+00,1.06250000e-02,4.33593750e-01
1.66520000e-06,2.36250000e+00,2.54687500e+00,-1.68750000e-02,4.59375000e-01
1.66552000e-06,2.36250000e+00,2.50937500e+00,-3.56250000e-02,4.42187500e-01
1.66584000e-06,2.43750000e+00,2.55937500e+00,-3.75000000e-03,3.81250000e-01
1.66616000e-06,2.47500000e+00,2.58437500e+00,-1.87500000e-02,3.90625000e-01
1.66648000e-06,2.40000000e+00,2.62187500e+00,-2.87500000e-02,4.17187500e-01
1.66680000e-06,2.42500000e+00,2.58437500e+00,-3.06250000e-02,4.09375000e-01
1.66712000e-06,2.42500000e+00,2.63437500e+00,-1.18750000e-02,5.10156250e-01
1.66744000e-06,2.30000000e+00,2.53437500e+00,-1.87500000e-03,5.17187500e-01
1.66776000e-06,2.48750000e+00,2.57187500e+00,-4.37500000e-02,4.53906250e-01
1.66808000e-06,2.50000000e+00,2.52187500e+00,-1.87500000e-02,4.89062500e-01
1.66840000e-06,2.35000000e+00,2.45937500e+00,-9.37500000e-03,4.43750000e-01
1.66872000e-06,2.36250000e+00,2.54687500e+00,-9.37500000e-03,3.75000000e-01
1.66904000e-06,2.45000000e+00,2.58437500e+00,-2.81250000e-02,3.31250000e-01
1.66936000e-06,2.45000000e+00,2.43437500e+00,-3.12500000e-02,3.56250000e-01
1.66968000e-06,2.32500000e+00,2.59687500e+00,-4.62500000e-02,4.20312500e-01
1.67000000e-06,2.43750000e+00,2.57187500e+00,-2.18750000e-02,5.19531250e-01
1.67032000e-06,2.35000000e+00,2.58437500e+00,-4.37500000e-03,5.39843750e-01
1.67064000e-06,2.45000000e+00,2.37187500e+00,-1.18750000e-02,4.82812500e-01
1.67096000e-06,2.52500000e+00,2.47187500e+00,-2.00000000e-02,4.46875000e-01
1.67128000e-06,2.28750000e+00,2.57187500e+00,-3.31250000e-02,3.99218750e-01
1.67160000e-06,2.36250000e+00,2.50937500e+00,-2.12500000e-02,4.76562500e-01
1.67192000e-06,2.41875000e+00,2.55937500e+00,-1.43750000e-02,5.75000000e-01
1.67224000e-06,2.56250000e+00,2.47187500e+00,-3.62500000e-02,5.43750000e-01
1.67256000e-06,2.51250000e+00,2.63437500e+00,-5.81250000e-02,4.99218750e-01
1.67288000e-06,2.53750000e+00,2.44687500e+00,-2.75000000e-02,5.34375000e-01
1.67320000e-06,2.47500000e+00,2.44687500e+00,3.75000000e-03,4.93750000e-01
1.67352000e-06,2.43750000e+00,2.67187500e+00,3.75000000e-03,3.56250000e-01
1.67384000e-06,2.40000000e+00,2.45937500e+00,-1.18750000e-02,3.49218750e-01
1.67416000e-06,2.42500000e+00,2.49687500e+00,6.25000000e-04,4.86718750e-01
1.67448000e-06,2.42500000e+00,2.57187500e+00,-3.87500000e-02,4.12500000e-01
1.67480000e-06,2.36250000e+00,2.69687500e+00,-4.12500000e-02,3.89062500e-01
1.67512000e-06,2.40000000e+00,2.62187500e+00,-2.87500000e-02,5.56250000e-01
1.67544000e-06,2.42500000e+00,2.65937500e+00,-2.50000000e-02,5.49218750e-01
1.67576000e-06,2.41250000e+00,2.50937500e+00,-1.12500000e-02,4.55468750e-01
1.67608000e-06,2.48750000e+00,2.53437500e+00,3.75000000e-03,4.21875000e-01
1.67640000e-06,2.48750000e+00,2.54687500e+00,3.12500000e-03,4.34375000e-01
1.67672000e-06,2.37500000e+00,2.57187500e+00,-4.87500000e-02,4.04687500e-01
1.67704000e-06,2.38750000e+00,2.47187500e+00,-1.43750000e-02,5.05468750e-01
1.67736000e-06,2.25000000e+00,2.67187500e+00,-2.50000000e-03,5.42968750e-01
1.67768000e-06,2.43750000e+00,2.53437500e+00,5.62500000e-03,4.92187500e-01
1.67800000e-06,2.43750000e+00,2.52187500e+00,1.06250000e-02,4.33593750e-01
1.67832000e-06,2.42500000e+00,2.54687500e+00,-3.87500000e-02,4.07812500e-01
1.67864000e-06,2.51250000e+00,2.58437500e+00,6.25000000e-04,4.50781250e-01
1.67896000e-06,2.46250000e+00,2.55937500e+00,-1.56250000e-02,4.04687500e-01
1.67928000e-06,2.40000000e+00,2.59687500e+00,-2.18750000e-02,4.16406250e-01
1.67960000e-06,2.41250000e+00,2.48437500e+00,5.62500000e-03,5.00781250e-01
1.67992000e-06,2.31250000e+00,2.75937500e+00,-5.12500000e-02,4.70312500e-01
1.68024000e-06,2.38750000e+00,2.62187500e+00,-4.31250000e-02,4.87500000e-01
1.68056000e-06,2.43125000e+00,2.58437500e+00,-4.37500000e-03,5.28906250e-01
1.68088000e-06,2.47500000e+00,2.50937500e+00,-3.25000000e-02,4.56250000e-01
1.68120000e-06,2.32500000e+00,2.52187500e+00,8.12500000e-03,4.23437500e-01
1.68152000e-06,2.31250000e+00,2.64687500e+00,-2.87500000e-02,4.40625000e-01
1.68184000e-06,2.45000000e+00,2.54687500e+00,-2.18750000e-02,5.04687500e-01
1.68216000e-06,2.50000000e+00,2.54687500e+00,-1.81250000e-02,4.56250000e-01
1.68248000e-06,2.50000000e+00,2.58437500e+00,-2.56250000e-02,4.91406250e-01
1.68280000e-06,2.41250000e+00,2.48437500e+00,-1.87500000e-02,5.19531250e-01
1.68312000e-06,2.41250000e+00,2.49687500e+00,-1.37500000e-02,4.91406250e-01
1.68344000e-06,2.37500000e+00,2.45937500e+00,-4.37500000e-03,4.57812500e-01
1.68376000e-06,2.35000000e+00,2.59687500e+00,1.81250000e-02,4.13281250e-01
1.68408000e-06,2.48750000e+00,2.60937500e+00,-2.62500000e-02,4.40625000e-01
1.68440000e-06,2.43750000e+00,2.65937500e+00,-1.18750000e-02,5.17968750e-01
1.68472000e-06,2.38750000e+00,2.55937500e+00,0.00000000e+00,4.50000000e-01
1.68504000e-06,2.42500000e+00,2.68437500e+00,-3.37500000e-02,4.17187500e-01
1.68536000e-06,2.46250000e+00,2.50937500e+00,-3.31250000e-02,5.39062500e-01
1.68568000e-06,2.51250000e+00,2.63437500e+00,-1.43750000e-02,5.30468750e-01
1.68600000e-06,2.46250000e+00,2.62187500e+00,-1.18750000e-02,4.33593750e-01
1.68632000e-06,2.37500000e+00,2.48437500e+00,-4.12500000e-02,4.31250000e-01
1.68664000e-06,2.35000000e+00,2.64687500e+00,-3.00000000e-02,3.89843750e-01
1.68696000e-06,2.32500000e+00,2.44687500e+00,-2.56250000e-02,4.75000000e-01
1.68728000e-06,2.30000000e+00,2.45937500e+00,-1.62500000e-02,5.46093750e-01
1.68760000e-06,2.41250000e+00,2.64687500e+00,-5.00000000e-03,5.14843750e-01
1.68792000e-06,2.46875000e+00,2.47187500e+00,-1.93750000e-02,5.15625000e-01
1.68824000e-06,2.43750000e+00,2.47187500e+00,-1.87500000e-03,5.07812500e-01
1.68856000e-06,2.30000000e+00,2.54687500e+00,-2.18750000e-02,4.61718750e-01
1.68888000e-06,2.41250000e+00,2.55937500e+00,-4.37500000e-03,4.48437500e-01
1.68920000e-06,2.50000000e+00,2.53437500e+00,-4.37500000e-03,4.81250000e-01
1.68952000e-06,2.36250000e+00,2.64687500e+00,-9.37500000e-03,4.73437500e-01
1.68984000e-06,2.48750000e+00,2.59687500e+00,-4.37500000e-03,4.50000000e-01
1.69016000e-06,2.41250000e+00,2.65937500e+00,-1.87500000e-03,5.20312500e-01
1.69048000e-06,2.35000000e+00,2.60937500e+00,-2.56250000e-02,4.92187500e-01
1.69080000e-06,2.55000000e+00,2.52187500e+00,-2.00000000e-02,4.14062500e-01
1.69112000e-06,2.48750000e+00,2.45937500e+00,-3.56250000e-02,4.09375000e-01
1.69144000e-06,2.45000000e+00,2.48437500e+00,-9.37500000e-03,4.01562500e-01
1.69176000e-06,2.42500000e+00,2.59687500e+00,-3.50000000e-02,4.04687500e-01
1.69208000e-06,2.53750000e+00,2.45937500e+00,1.37500000e-02,4.56250000e-01
1.69240000e-06,2.37500000e+00,2.53437500e+00,-1.43750000e-02,5.05468750e-01
1.69272000e-06,2.45000000e+00,2.59687500e+00,-1.68750000e-02,4.86718750e-01
1.69304000e-06,2.60000000e+00,2.44687500e+00,-3.37500000e-02,4.45312500e-01
1.69336000e-06,2.45000000e+00,2.50937500e+00,-1.43750000e-02,4.30468750e-01
1.69368000e-06,2.45000000e+00,2.48437500e+00,-3.68750000e-02,3.89843750e-01
1.69400000e-06,2.36250000e+00,2.50937500e+00,-1.43750000e-02,3.22656250e-01
1.69432000e-06,2.38750000e+00,2.60937500e+00,-2.93750000e-02,4.34375000e-01
1.69464000e-06,2.55000000e+00,2.55937500e+00,-3.12500000e-02,5.07031250e-01
1.69496000e-06,2.48750000e+00,2.57187500e+00,-2.62500000e-02,4.88281250e-01
1.69528000e-06,2.41250000e+00,2.55937500e+00,-2.12500000e-02,4.63281250e-01
1.69560000e-06,2.42500000e+00,2.55937500e+00,-1.18750000e-02,4.19531250e-01
1.69592000e-06,2.43750000e+00,2.65937500e+00,-1.43750000e-02,3.93750000e-01
1.69624000e-06,2.42500000e+00,2.45937500e+00,-4.37500000e-03,3.60937500e-01
1.69656000e-06,2.55000000e+00,2.43437500e+00,-1.25000000e-02,4.79687500e-01
1.69688000e-06,2.52500000e+00,2.54687500e+00,-2.56250000e-02,5.42968750e-01
1.69720000e-06,2.38750000e+00,2.53437500e+00,-1.43750000e-02,4.36718750e-01
1.69752000e-06,2.33750000e+00,2.54687500e+00,-4.06250000e-02,3.86718750e-01
1.69784000e-06,2.33750000e+00,2.49687500e+00,-6.25000000e-03,3.83593750e-01
1.69816000e-06,2.52500000e+00,2.53437500e+00,-1.43750000e-02,4.98437500e-01
1.69848000e-06,2.42500000e+00,2.54687500e+00,-4.37500000e-03,5.35156250e-01
1.69880000e-06,2.42500000e+00,2.58437500e+00,-2.18750000e-02,4.43750000e-01
1.69912000e-06,2.50000000e+00,2.48437500e+00,3.12500000e-03,4.70312500e-01
1.69944000e-06,2.38750000e+00,2.50937500e+00,-3.62500000e-02,3.89843750e-01
1.69976000e-06,2.32500000e+00,2.54687500e+00,-1.43750000e-02,3.65625000e-01
1.70008000e-06,2.62500000e+00,2.39687500e+00,-8.12500000e-03,4.93750000e-01
1.70040000e-06,2.37500000e+00,2.59687500e+00,-5.12500000e-02,5.45312500e-01
1.70072000e-06,2.46250000e+00,2.67187500e+00,-2.81250000e-02,4.29687500e-01
1.70104000e-06,2.43750000e+00,2.63437500e+00,-3.25000000e-02,4.08593750e-01
1.70136000e-06,2.48750000e+00,2.48437500e+00,-1.25000000e-03,3.75000000e-01
1.70168000e-06,2.37500000e+00,2.44687500e+00,-2.81250000e-02,3.10937500e-01
1.70200000e-06,2.41250000e+00,2.54687500e+00,-5.87500000e-02,3.75000000e-01
1.70232000e-06,2.30000000e+00,2.54687500e+00,-2.56250000e-02,3.99218750e-01
1.70264000e-06,2.38750000e+00,2.52187500e+00,-6.25000000e-03,4.62500000e-01
1.70296000e-06,2.48125000e+00,2.59687500e+00,-3.56250000e-02,4.89843750e-01
1.70328000e-06,2.45000000e+00,2.70937500e+00,-4.87500000e-02,4.39843750e-01
1.70360000e-06,2.41250000e+00,2.40937500e+00,-1.18750000e-02,4.60937500e-01
1.70392000e-06,2.42500000e+00,2.53437500e+00,-9.37500000e-03,4.56250000e-01
1.70424000e-06,2.41250000e+00,2.50937500e+00,-1.75000000e-02,4.53125000e-01
1.70456000e-06,2.42500000e+00,2.53437500e+00,-1.93750000e-02,4.23437500e-01
1.70488000e-06,2.31250000e+00,2.60937500e+00,3.12500000e-03,4.13281250e-01
1.70520000e-06,2.46250000e+00,2.49687500e+00,-2.81250000e-02,4.02343750e-01
1.70552000e-06,2.60000000e+00,2.62187500e+00,-9.37500000e-03,4.46093750e-01
1.70584000e-06,2.48750000e+00,2.45937500e+00,-2.87500000e-02,5.10937500e-01
1.70616000e-06,2.43750000e+00,2.43437500e+00,-1.87500000e-03,5.40625000e-01
1.70648000e-06,2.45000000e+00,2.50937500e+00,-1.25000000e-02,4.72656250e-01
1.70680000e-06,2.37500000e+00,2.53437500e+00,-1.43750000e-02,4.07812500e-01
1.70712000e-06,2.38750000e+00,2.49687500e+00,-2.62500000e-02,4.04687500e-01
1.70744000e-06,2.36250000e+00,2.43437500e+00,-3.31250000e-02,4.43750000e-01
1.70776000e-06,2.42500000e+00,2.48437500e+00,-2.62500000e-02,4.57031250e-01
1.70808000e-06,2.42500000e+00,2.52187500e+00,-5.81250000e-02,5.15625000e-01
1.70840000e-06,2.43750000e+00,2.54687500e+00,-9.37500000e-03,5.29687500e-01
1.70872000e-06,2.22500000e+00,2.44687500e+00,1.81250000e-02,4.93750000e-01
1.70904000e-06,2.44062500e+00,2.40937500e+00,-6.87500000e-03,4.10937500e-01
1.70936000e-06,2.46875000e+00,2.50937500e+00,7.50000000e-03,4.02343750e-01
1.70968000e-06,2.32500000e+00,2.62187500e+00,-4.31250000e-02,5.88281250e-01
1.71000000e-06,2.23750000e+00,2.60937500e+00,1.37500000e-02,5.79687500e-01
1.71032000e-06,2.35312500e+00,2.54687500e+00,-2.18750000e-02,4.74218750e-01
1.71064000e-06,2.46250000e+00,2.62187500e+00,-3.81250000e-02,5.27343750e-01
1.71096000e-06,2.47500000e+00,2.54687500e+00,-1.87500000e-02,5.03906250e-01
1.71128000e-06,2.58750000e+00,2.49687500e+00,-1.43750000e-02,4.53125000e-01
1.71160000e-06,2.56250000e+00,2.45937500e+00,-2.81250000e-02,4.64062500e-01
1.71192000e-06,2.46250000e+00,2.53437500e+00,-3.81250000e-02,5.58593750e-01
1.71224000e-06,2.32500000e+00,2.67187500e+00,-4.56250000e-02,5.61718750e-01
1.71256000e-06,2.31250000e+00,2.55937500e+00,-2.56250000e-02,4.46875000e-01
1.71288000e-06,2.37500000e+00,2.39687500e+00,1.25000000e-03,4.82031250e-01
1.71320000e-06,2.38750000e+00,2.55937500e+00,-2.12500000e-02,5.07031250e-01
1.71352000e-06,2.46250000e+00,2.60937500e+00,-2.18750000e-02,4.99218750e-01
1.71384000e-06,2.48750000e+00,2.64687500e+00,-4.37500000e-03,5.72656250e-01
1.71416000e-06,2.47500000e+00,2.57187500e+00,8.12500000e-03,5.30468750e-01
1.71448000e-06,2.52500000e+00,2.67187500e+00,1.81250000e-02,5.07812500e-01
1.71480000e-06,2.30000000e+00,2.40937500e+00,-3.87500000e-02,5.03906250e-01
1.71512000e-06,2.48750000e+00,2.52187500e+00,-4.31250000e-02,4.11718750e-01
1.71544000e-06,2.47500000e+00,2.48437500e+00,1.31250000e-02,4.86718750e-01
1.71576000e-06,2.40000000e+00,2.49687500e+00,-8.75000000e-03,4.94531250e-01
1.71608000e-06,2.42500000e+00,2.48437500e+00,-2.87500000e-02,5.11718750e-01
1.71640000e-06,2.53750000e+00,2.60937500e+00,-1.87500000e-03,5.05468750e-01
1.71672000e-06,2.42500000e+00,2.47187500e+00,2.50000000e-03,4.75781250e-01
1.71704000e-06,2.33750000e+00,2.57187500e+00,-1.18750000e-02,4.11718750e-01
1.71736000e-06,2.38750000e+00,2.60937500e+00,-1.68750000e-02,4.19531250e-01
1.71768000e-06,2.47500000e+00,2.50937500e+00,-1.43750000e-02,4.28125000e-01
1.71800000e-06,2.43750000e+00,2.42187500e+00,3.12500000e-03,3.91406250e-01
1.71832000e-06,2.36250000e+00,2.52187500e+00,-1.50000000e-02,4.31250000e-01
1.71864000e-06,2.30000000e+00,2.53437500e+00,-2.18750000e-02,4.39062500e-01
1.71896000e-06,2.44062500e+00,2.67187500e+00,2.06250000e-02,4.32812500e-01
1.71928000e-06,2.35000000e+00,2.45937500e+00,-1.43750000e-02,3.97656250e-01
1.71960000e-06,2.33750000e+00,2.62187500e+00,5.62500000e-03,3.65625000e-01
1.71992000e-06,2.38750000e+00,2.55937500e+00,-3.06250000e-02,4.00781250e-01
1.72024000e-06,2.46250000e+00,2.63437500e+00,8.12500000e-03,4.20312500e-01
1.72056000e-06,2.43750000e+00,2.63437500e+00,-4.37500000e-03,3.70312500e-01
1.72088000e-06,2.32500000e+00,2.55937500e+00,-1.87500000e-03,4.96093750e-01
1.72120000e-06,2.38750000e+00,2.59687500e+00,5.62500000e-03,5.60156250e-01
1.72152000e-06,2.40000000e+00,2.59687500e+00,-9.37500000e-03,4.17187500e-01
1.72184000e-06,2.48750000e+00,2.35937500e+00,-1.75000000e-02,3.29687500e-01
1.72216000e-06,2.52500000e+00,2.48437500e+00,-1.93750000e-02,4.07812500e-01
1.72248000e-06,2.50000000e+00,2.52187500e+00,5.62500000e-03,4.47656250e-01
1.72280000e-06,2.48750000e+00,2.64687500e+00,-2.56250000e-02,3.81250000e-01
1.72312000e-06,2.43750000e+00,2.50937500e+00,8.12500000e-03,5.02343750e-01
1.72344000e-06,2.36250000e+00,2.49687500e+00,-1.18750000e-02,5.43750000e-01
1.72376000e-06,2.40000000e+00,2.44687500e+00,-2.25000000e-02,4.95312500e-01
1.72408000e-06,2.25000000e+00,2.63437500e+00,-2.25000000e-02,4.04687500e-01
1.72440000e-06,2.36562500e+00,2.58437500e+00,-1.18750000e-02,3.89062500e-01
1.72472000e-06,2.56875000e+00,2.49687500e+00,6.25000000e-04,4.03125000e-01
1.72504000e-06,2.50000000e+00,2.52187500e+00,-1.93750000e-02,3.64843750e-01
1.72536000e-06,2.51250000e+00,2.45937500e+00,1.56250000e-02,4.07812500e-01
1.72568000e-06,2.47500000e+00,2.47187500e+00,8.12500000e-03,4.75000000e-01
1.72600000e-06,2.28750000e+00,2.62187500e+00,-4.37500000e-03,4.68750000e-01
1.72632000e-06,2.57500000e+00,2.57187500e+00,-4.37500000e-03,4.50781250e-01
1.72664000e-06,2.61250000e+00,2.60937500e+00,8.12500000e-03,4.28125000e-01
1.72696000e-06,2.43750000e+00,2.44687500e+00,-2.62500000e-02,3.97656250e-01
1.72728000e-06,2.38750000e+00,2.53437500e+00,-3.87500000e-02,3.84375000e-01
1.72760000e-06,2.47500000e+00,2.57187500e+00,-1.43750000e-02,4.79687500e-01
1.72792000e-06,2.47500000e+00,2.59687500e+00,-1.93750000e-02,4.01562500e-01
1.72824000e-06,2.61250000e+00,2.54687500e+00,-1.87500000e-03,3.05468750e-01
1.72856000e-06,2.37500000e+00,2.50937500e+00,-5.00000000e-03,3.75000000e-01
1.72888000e-06,2.42500000e+00,2.55937500e+00,-3.12500000e-02,4.61718750e-01
1.72920000e-06,2.45000000e+00,2.53437500e+00,-3.06250000e-02,4.35937500e-01
1.72952000e-06,2.41250000e+00,2.67187500e+00,-1.87500000e-02,3.72656250e-01
1.72984000e-06,2.31250000e+00,2.52187500e+00,3.12500000e-03,4.48437500e-01
1.73016000e-06,2.38750000e+00,2.53437500e+00,-3.56250000e-02,4.03125000e-01
1.73048000e-06,2.48125000e+00,2.37187500e+00,-1.75000000e-02,3.41406250e-01
1.73080000e-06,2.46250000e+00,2.53437500e+00,-2.62500000e-02,3.48437500e-01
1.73112000e-06,2.48750000e+00,2.59687500e+00,-2.12500000e-02,3.75000000e-01
1.73144000e-06,2.57500000e+00,2.63437500e+00,-1.68750000e-02,4.23437500e-01
1.73176000e-06,2.23750000e+00,2.53437500e+00,2.06250000e-02,3.78906250e-01
1.73208000e-06,2.42500000e+00,2.22187500e+00,-3.87500000e-02,3.62500000e-01
1.73240000e-06,2.43750000e+00,2.60937500e+00,-1.43750000e-02,3.82812500e-01
1.73272000e-06,2.46250000e+00,2.63437500e+00,-3.62500000e-02,3.57031250e-01
1.73304000e-06,2.42500000e+00,2.43437500e+00,-1.18750000e-02,3.39843750e-01
1.73336000e-06,2.43750000e+00,2.54687500e+00,-2.62500000e-02,3.30468750e-01
1.73368000e-06,2.45000000e+00,2.55937500e+00,3.12500000e-03,3.79687500e-01
1.73400000e-06,2.50000000e+00,2.47187500e+00,-1.75000000e-02,3.60156250e-01
1.73432000e-06,2.38750000e+00,2.55937500e+00,-1.68750000e-02,4.14062500e-01
1.73464000e-06,2.31250000e+00,2.44687500e+00,-2.18750000e-02,4.57031250e-01
1.73496000e-06,2.37500000e+00,2.54687500e+00,1.56250000e-02,3.65625000e-01
1.73528000e-06,2.27500000e+00,2.59687500e+00,5.62500000e-03,4.01562500e-01
1.73560000e-06,2.36562500e+00,2.49687500e+00,-3.12500000e-02,4.17187500e-01
1.73592000e-06,2.36875000e+00,2.52187500e+00,-1.93750000e-02,4.52343750e-01
1.73624000e-06,2.40000000e+00,2.60937500e+00,-1.50000000e-02,4.62500000e-01
1.73656000e-06,2.45000000e+00,2.55937500e+00,-3.56250000e-02,4.15625000e-01
1.73688000e-06,2.33750000e+00,2.55937500e+00,3.31250000e-02,4.21093750e-01
1.73720000e-06,2.53750000e+00,2.42187500e+00,-3.06250000e-02,4.34375000e-01
1.73752000e-06,2.46250000e+00,2.64687500e+00,8.12500000e-03,4.03125000e-01
1.73784000e-06,2.40000000e+00,2.65937500e+00,-2.25000000e-02,3.89843750e-01
1.73816000e-06,2.40000000e+00,2.53437500e+00,-4.87500000e-02,4.10937500e-01
1.73848000e-06,2.42500000e+00,2.49687500e+00,-6.25000000e-03,4.11718750e-01
1.73880000e-06,2.42500000e+00,2.54687500e+00,-9.37500000e-03,4.73437500e-01
1.73912000e-06,2.55000000e+00,2.50937500e+00,-2.18750000e-02,5.23437500e-01
1.73944000e-06,2.47500000e+00,2.45937500e+00,-9.37500000e-03,4.79687500e-01
1.73976000e-06,2.46250000e+00,2.50937500e+00,-4.37500000e-03,4.36718750e-01
1.74008000e-06,2.41250000e+00,2.64687500e+00,2.06250000e-02,4.62500000e-01
1.74040000e-06,2.32500000e+00,2.49687500e+00,-1.93750000e-02,5.14062500e-01
1.74072000e-06,2.53750000e+00,2.50937500e+00,-3.37500000e-02,5.10937500e-01
1.74104000e-06,2.55000000e+00,2.50937500e+00,-9.37500000e-03,4.47656250e-01
1.74136000e-06,2.47500000e+00,2.62187500e+00,-2.50000000e-03,4.47656250e-01
1.74168000e-06,2.30000000e+00,2.52187500e+00,-6.87500000e-03,4.67187500e-01
1.74200000e-06,2.48750000e+00,2.63437500e+00,1.06250000e-02,4.37500000e-01
1.74232000e-06,2.50625000e+00,2.34687500e+00,-2.00000000e-02,4.96875000e-01
1.74264000e-06,2.46250000e+00,2.45937500e+00,-1.43750000e-02,5.24218750e-01
1.74296000e-06,2.42500000e+00,2.49687500e+00,-6.87500000e-03,4.95312500e-01
1.74328000e-06,2.42500000e+00,2.59687500e+00,-3.31250000e-02,4.49218750e-01
1.74360000e-06,2.46250000e+00,2.48437500e+00,-1.50000000e-02,4.32031250e-01
1.74392000e-06,2.52500000e+00,2.63437500e+00,-3.12500000e-02,4.32031250e-01
1.74424000e-06,2.50000000e+00,2.65937500e+00,-4.56250000e-02,4.51562500e-01
1.74456000e-06,2.43750000e+00,2.47187500e+00,-6.25000000e-03,4.70312500e-01
1.74488000e-06,2.45000000e+00,2.48437500e+00,-4.12500000e-02,4.94531250e-01
1.74520000e-06,2.31250000e+00,2.54687500e+00,-4.12500000e-02,4.28125000e-01
1.74552000e-06,2.37500000e+00,2.62187500e+00,-1.18750000e-02,3.92968750e-01
1.74584000e-06,2.27500000e+00,2.65937500e+00,1.06250000e-02,4.40625000e-01
1.74616000e-06,2.33750000e+00,2.48437500e+00,-2.18750000e-02,3.51562500e-01
1.74648000e-06,2.50625000e+00,2.59687500e+00,-4.37500000e-03,3.94531250e-01
1.74680000e-06,2.45000000e+00,2.54687500e+00,-1.18750000e-02,4.50000000e-01
1.74712000e-06,2.40000000e+00,2.49687500e+00,-9.37500000e-03,4.60156250e-01
1.74744000e-06,2.36250000e+00,2.40937500e+00,6.25000000e-04,5.11718750e-01
1.74776000e-06,2.31250000e+00,2.55937500e+00,-3.62500000e-02,4.48437500e-01
1.74808000e-06,2.46562500e+00,2.54687500e+00,-5.37500000e-02,4.15625000e-01
1.74840000e-06,2.42500000e+00,2.70937500e+00,-1.87500000e-03,4.38281250e-01
1.74872000e-06,2.45000000e+00,2.53437500e+00,3.12500000e-03,4.70312500e-01
1.74904000e-06,2.32500000e+00,2.59687500e+00,-4.37500000e-03,5.14062500e-01
1.74936000e-06,2.40000000e+00,2.53437500e+00,-1.87500000e-03,5.03125000e-01
1.74968000e-06,2.43750000e+00,2.53437500e+00,-2.87500000e-02,4.12500000e-01
1.75000000e-06,2.40000000e+00,2.55937500e+00,-4.06250000e-02,3.87500000e-01
1.75032000e-06,2.52500000e+00,2.69687500e+00,-6.87500000e-03,3.29687500e-01
1.75064000e-06,2.46250000e+00,2.44687500e+00,-2.81250000e-02,3.78906250e-01
1.75096000e-06,2.35000000e+00,2.50937500e+00,-1.93750000e-02,3.59375000e-01
1.75128000e-06,2.41250000e+00,2.50937500e+00,-3.18750000e-02,3.46875000e-01
1.75160000e-06,2.37500000e+00,2.62187500e+00,-3.56250000e-02,4.24218750e-01
1.75192000e-06,2.52500000e+00,2.54687500e+00,6.25000000e-04,4.75781250e-01
1.75224000e-06,2.51250000e+00,2.53437500e+00,-2.12500000e-02,4.74218750e-01
1.75256000e-06,2.42500000e+00,2.50937500e+00,-2.25000000e-02,3.78906250e-01
1.75288000e-06,2.43750000e+00,2.54687500e+00,-4.37500000e-02,3.26562500e-01
1.75320000e-06,2.42500000e+00,2.49687500e+00,-4.56250000e-02,4.00000000e-01
1.75352000e-06,2.33750000e+00,2.67187500e+00,-5.06250000e-02,3.60156250e-01
1.75384000e-06,2.38750000e+00,2.50937500e+00,-1.37500000e-02,3.71093750e-01
1.75416000e-06,2.43750000e+00,2.59687500e+00,-2.87500000e-02,4.36718750e-01
1.75448000e-06,2.40000000e+00,2.49687500e+00,-2.81250000e-02,3.96875000e-01
1.75480000e-06,2.53750000e+00,2.62187500e+00,-1.43750000e-02,4.03125000e-01
1.75512000e-06,2.47500000e+00,2.54687500e+00,-3.31250000e-02,3.60937500e-01
1.75544000e-06,2.33750000e+00,2.62187500e+00,-3.37500000e-02,4.07812500e-01
1.75576000e-06,2.40000000e+00,2.50937500e+00,-3.56250000e-02,4.13281250e-01
1.75608000e-06,2.56250000e+00,2.59687500e+00,2.62500000e-02,4.15625000e-01
1.75640000e-06,2.47500000e+00,2.62187500e+00,-1.68750000e-02,4.39843750e-01
1.75672000e-06,2.40000000e+00,2.57187500e+00,-3.87500000e-02,4.81250000e-01
1.75704000e-06,2.42500000e+00,2.48437500e+00,-2.12500000e-02,4.49218750e-01
1.75736000e-06,2.48750000e+00,2.63437500e+00,1.81250000e-02,3.82031250e-01
1.75768000e-06,2.46250000e+00,2.63437500e+00,-6.87500000e-03,4.46875000e-01
1.75800000e-06,2.40000000e+00,2.48437500e+00,-1.00000000e-02,5.03906250e-01
1.75832000e-06,2.36250000e+00,2.44687500e+00,-4.87500000e-02,4.97656250e-01
1.75864000e-06,2.37500000e+00,2.40937500e+00,-3.06250000e-02,4.51562500e-01
1.75896000e-06,2.35000000e+00,2.42187500e+00,-3.75000000e-03,4.82812500e-01
1.75928000e-06,2.43750000e+00,2.59687500e+00,-3.12500000e-02,4.80468750e-01
1.75960000e-06,2.52500000e+00,2.62187500e+00,-4.31250000e-02,4.60937500e-01
1.75992000e-06,2.40000000e+00,2.65937500e+00,5.00000000e-03,5.03125000e-01
1.76024000e-06,2.38750000e+00,2.48437500e+00,-5.25000000e-02,4.82812500e-01
1.76056000e-06,2.60000000e+00,2.45937500e+00,6.25000000e-03,4.60156250e-01
1.76088000e-06,2.52500000e+00,2.49687500e+00,-3.81250000e-02,3.89843750e-01
1.76120000e-06,2.38750000e+00,2.49687500e+00,-1.18750000e-02,3.78906250e-01
1.76152000e-06,2.33750000e+00,2.48437500e+00,-2.93750000e-02,3.94531250e-01
1.76184000e-06,2.32500000e+00,2.78437500e+00,-4.37500000e-02,4.55468750e-01
1.76216000e-06,2.45000000e+00,2.55937500e+00,-1.43750000e-02,4.62500000e-01
1.76248000e-06,2.41250000e+00,2.47187500e+00,-2.00000000e-02,4.39062500e-01
1.76280000e-06,2.33750000e+00,2.43437500e+00,-4.37500000e-02,4.62500000e-01
1.76312000e-06,2.47500000e+00,2.55937500e+00,-2.81250000e-02,4.36718750e-01
1.76344000e-06,2.50000000e+00,2.65937500e+00,-3.25000000e-02,4.81250000e-01
1.76376000e-06,2.37500000e+00,2.65937500e+00,-1.68750000e-02,5.20312500e-01
1.76408000e-06,2.37500000e+00,2.43437500e+00,-5.25000000e-02,4.42187500e-01
1.76440000e-06,2.42500000e+00,2.50937500e+00,1.12500000e-02,4.64062500e-01
1.76472000e-06,2.53750000e+00,2.42187500e+00,-4.81250000e-02,5.17968750e-01
1.76504000e-06,2.41250000e+00,2.59687500e+00,-3.56250000e-02,4.21875000e-01
1.76536000e-06,2.41250000e+00,2.49687500e+00,-9.37500000e-03,4.19531250e-01
1.76568000e-06,2.40000000e+00,2.47187500e+00,-8.75000000e-03,4.96093750e-01
1.76600000e-06,2.33750000e+00,2.47187500e+00,-2.87500000e-02,5.11718750e-01
1.76632000e-06,2.43750000e+00,2.55937500e+00,-9.37500000e-03,4.78906250e-01
1.76664000e-06,2.47500000e+00,2.58437500e+00,-8.12500000e-03,4.75781250e-01
1.76696000e-06,2.22500000e+00,2.50937500e+00,-1.68750000e-02,4.13281250e-01
1.76728000e-06,2.51250000e+00,2.52187500e+00,-1.87500000e-03,4.18750000e-01
1.76760000e-06,2.48750000e+00,2.52187500e+00,3.12500000e-03,4.53906250e-01
1.76792000e-06,2.58750000e+00,2.50937500e+00,-1.68750000e-02,4.07031250e-01
1.76824000e-06,2.42500000e+00,2.57187500e+00,1.81250000e-02,4.64062500e-01
1.76856000e-06,2.26250000e+00,2.48437500e+00,-3.06250000e-02,4.97656250e-01
1.76888000e-06,2.31250000e+00,2.47187500e+00,-6.87500000e-03,4.45312500e-01
1.76920000e-06,2.38437500e+00,2.49687500e+00,-2.81250000e-02,5.30468750e-01
1.76952000e-06,2.41250000e+00,2.54687500e+00,-1.18750000e-02,4.82031250e-01
1.76984000e-06,2.43750000e+00,2.54687500e+00,-3.81250000e-02,4.44531250e-01
1.77016000e-06,2.45000000e+00,2.48437500e+00,6.25000000e-04,4.90625000e-01
1.77048000e-06,2.41250000e+00,2.57187500e+00,-3.31250000e-02,4.28906250e-01
1.77080000e-06,2.55000000e+00,2.58437500e+00,3.12500000e-03,3.94531250e-01
1.77112000e-06,2.41250000e+00,2.44687500e+00,1.31250000e-02,4.99218750e-01
1.77144000e-06,2.33750000e+00,2.63437500e+00,-1.00000000e-02,4.87500000e-01
1.77176000e-06,2.36250000e+00,2.60937500e+00,-3.12500000e-02,5.23437500e-01
1.77208000e-06,2.47500000e+00,2.58437500e+00,-3.56250000e-02,4.57812500e-01
1.77240000e-06,2.47500000e+00,2.47187500e+00,-4.25000000e-02,3.69531250e-01
1.77272000e-06,2.41250000e+00,2.48437500e+00,6.25000000e-03,2.93750000e-01
1.77304000e-06,2.56250000e+00,2.54687500e+00,-1.62500000e-02,3.62500000e-01
1.77336000e-06,2.36250000e+00,2.55937500e+00,-1.00000000e-02,4.48437500e-01
1.77368000e-06,2.43750000e+00,2.63437500e+00,-3.06250000e-02,4.31250000e-01
1.77400000e-06,2.45000000e+00,2.64687500e+00,-6.25000000e-03,4.75000000e-01
1.77432000e-06,2.52500000e+00,2.39687500e+00,1.62500000e-02,5.02343750e-01
1.77464000e-06,2.43750000e+00,2.63437500e+00,-3.87500000e-02,4.64843750e-01
1.77496000e-06,2.46250000e+00,2.65937500e+00,-4.81250000e-02,4.58593750e-01
1.77528000e-06,2.43750000e+00,2.60937500e+00,-4.37500000e-03,5.12500000e-01
1.77560000e-06,2.50000000e+00,2.59687500e+00,-2.56250000e-02,5.03906250e-01
1.77592000e-06,2.25000000e+00,2.63437500e+00,-3.62500000e-02,4.71875000e-01
1.77624000e-06,2.27500000e+00,2.54687500e+00,-5.62500000e-02,4.25000000e-01
1.77656000e-06,2.33437500e+00,2.57187500e+00,8.75000000e-03,4.21093750e-01
1.77688000e-06,2.41875000e+00,2.60937500e+00,-1.43750000e-02,3.96875000e-01
1.77720000e-06,2.41250000e+00,2.72187500e+00,3.12500000e-03,4.02343750e-01
1.77752000e-06,2.35000000e+00,2.44687500e+00,-5.12500000e-02,4.31250000e-01
1.77784000e-06,2.38750000e+00,2.54687500e+00,-2.25000000e-02,4.89843750e-01
1.77816000e-06,2.41250000e+00,2.53437500e+00,-4.18750000e-02,4.76562500e-01
1.77848000e-06,2.30000000e+00,2.59687500e+00,-1.12500000e-02,4.18750000e-01
1.77880000e-06,2.42500000e+00,2.50937500e+00,-1.18750000e-02,4.03906250e-01
1.77912000e-06,2.38750000e+00,2.45937500e+00,-2.18750000e-02,4.28906250e-01
1.77944000e-06,2.43750000e+00,2.54687500e+00,-1.87500000e-03,4.71875000e-01
1.77976000e-06,2.53750000e+00,2.53437500e+00,-2.25000000e-02,3.78906250e-01
1.78008000e-06,2.38750000e+00,2.55937500e+00,-3.87500000e-02,3.89843750e-01
1.78040000e-06,2.28750000e+00,2.42187500e+00,-6.25000000e-03,5.11718750e-01
1.78072000e-06,2.37812500e+00,2.35937500e+00,1.81250000e-02,5.67968750e-01
1.78104000e-06,2.42500000e+00,2.45937500e+00,-2.87500000e-02,4.60156250e-01
1.78136000e-06,2.46250000e+00,2.45937500e+00,-3.62500000e-02,3.53906250e-01
1.78168000e-06,2.27500000e+00,2.64687500e+00,-2.56250000e-02,4.17187500e-01
1.78200000e-06,2.46250000e+00,2.40937500e+00,-8.75000000e-03,5.15625000e-01
1.78232000e-06,2.41250000e+00,2.74687500e+00,-1.37500000e-02,4.89062500e-01
1.78264000e-06,2.51250000e+00,2.45937500e+00,-2.87500000e-02,3.89062500e-01
1.78296000e-06,2.37500000e+00,2.47187500e+00,-3.12500000e-02,4.34375000e-01
1.78328000e-06,2.36250000e+00,2.63437500e+00,-2.87500000e-02,4.42187500e-01
1.78360000e-06,2.43750000e+00,2.68437500e+00,-2.50000000e-02,4.01562500e-01
1.78392000e-06,2.43750000e+00,2.52187500e+00,-1.12500000e-02,4.04687500e-01
1.78424000e-06,2.47500000e+00,2.55937500e+00,2.12500000e-02,3.57812500e-01
1.78456000e-06,2.32500000e+00,2.48437500e+00,-2.25000000e-02,4.00000000e-01
1.78488000e-06,2.46250000e+00,2.55937500e+00,-3.37500000e-02,4.15625000e-01
1.78520000e-06,2.42500000e+00,2.38437500e+00,-3.81250000e-02,4.25000000e-01
1.78552000e-06,2.41250000e+00,2.57187500e+00,-1.12500000e-02,4.47656250e-01
1.78584000e-06,2.26250000e+00,2.49687500e+00,-1.93750000e-02,4.47656250e-01
1.78616000e-06,2.41250000e+00,2.52187500e+00,5.62500000e-03,3.99218750e-01
1.78648000e-06,2.34375000e+00,2.45937500e+00,-1.87500000e-03,3.37500000e-01
1.78680000e-06,2.36250000e+00,2.54687500e+00,-1.18750000e-02,3.93750000e-01
1.78712000e-06,2.43750000e+00,2.62187500e+00,-3.37500000e-02,4.28125000e-01
1.78744000e-06,2.48750000e+00,2.60937500e+00,-1.68750000e-02,4.12500000e-01
1.78776000e-06,2.50000000e+00,2.68437500e+00,0.00000000e+00,3.79687500e-01
1.78808000e-06,2.42500000e+00,2.63437500e+00,-2.25000000e-02,4.53906250e-01
1.78840000e-06,2.40000000e+00,2.44687500e+00,-1.18750000e-02,4.13281250e-01
1.78872000e-06,2.37500000e+00,2.58437500e+00,3.12500000e-03,3.63281250e-01
1.78904000e-06,2.52500000e+00,2.64687500e+00,-1.93750000e-02,4.50781250e-01
1.78936000e-06,2.43750000e+00,2.65937500e+00,-2.56250000e-02,4.99218750e-01
1.78968000e-06,2.46250000e+00,2.48437500e+00,-9.37500000e-03,4.89843750e-01
1.79000000e-06,2.46250000e+00,2.54687500e+00,-2.18750000e-02,4.34375000e-01
1.79032000e-06,2.32500000e+00,2.45937500e+00,-1.43750000e-02,4.32031250e-01
1.79064000e-06,2.50000000e+00,2.64687500e+00,6.25000000e-04,4.37500000e-01
1.79096000e-06,2.38750000e+00,2.40937500e+00,-2.25000000e-02,4.64062500e-01
1.79128000e-06,2.51250000e+00,2.53437500e+00,-4.87500000e-02,3.91406250e-01
1.79160000e-06,2.38750000e+00,2.60937500e+00,-1.87500000e-02,3.79687500e-01
1.79192000e-06,2.46250000e+00,2.54687500e+00,3.12500000e-03,4.44531250e-01
1.79224000e-06,2.41250000e+00,2.54687500e+00,-1.93750000e-02,3.72656250e-01
1.79256000e-06,2.31250000e+00,2.57187500e+00,-4.37500000e-03,2.96093750e-01
1.79288000e-06,2.41562500e+00,2.58437500e+00,-4.37500000e-02,2.63281250e-01
1.79320000e-06,2.36250000e+00,2.62187500e+00,-1.18750000e-02,3.56250000e-01
1.79352000e-06,2.45000000e+00,2.50937500e+00,-1.25000000e-02,4.20312500e-01
1.79384000e-06,2.42500000e+00,2.57187500e+00,1.56250000e-02,4.47656250e-01
1.79416000e-06,2.38750000e+00,2.50937500e+00,-3.12500000e-02,4.04687500e-01
1.79448000e-06,2.57500000e+00,2.48437500e+00,-5.37500000e-02,3.91406250e-01
1.79480000e-06,2.32500000e+00,2.47187500e+00,5.62500000e-03,4.10156250e-01
1.79512000e-06,2.43750000e+00,2.49687500e+00,-5.00000000e-03,3.64062500e-01
1.79544000e-06,2.47500000e+00,2.48437500e+00,-6.75000000e-02,3.31250000e-01
1.79576000e-06,2.40000000e+00,2.58437500e+00,-2.12500000e-02,4.95312500e-01
1.79608000e-06,2.40000000e+00,2.63437500e+00,-1.18750000e-02,4.54687500e-01
1.79640000e-06,2.38750000e+00,2.53437500e+00,-2.00000000e-02,4.05468750e-01
1.79672000e-06,2.42500000e+00,2.40937500e+00,-2.81250000e-02,3.54687500e-01
1.79704000e-06,2.30000000e+00,2.59687500e+00,-1.12500000e-02,3.93750000e-01
1.79736000e-06,2.42500000e+00,2.38437500e+00,-1.37500000e-02,4.42968750e-01
1.79768000e-06,2.38750000e+00,2.53437500e+00,-1.68750000e-02,4.11718750e-01
1.79800000e-06,2.40000000e+00,2.47187500e+00,-1.93750000e-02,3.92187500e-01
1.79832000e-06,2.47500000e+00,2.60937500e+00,-6.87500000e-03,4.30468750e-01
1.79864000e-06,2.47500000e+00,2.44687500e+00,-4.37500000e-03,4.30468750e-01
1.79896000e-06,2.42500000e+00,2.58437500e+00,2.06250000e-02,4.34375000e-01
1.79928000e-06,2.41250000e+00,2.43437500e+00,-3.37500000e-02,3.72656250e-01
1.79960000e-06,2.40000000e+00,2.58437500e+00,-1.43750000e-02,4.44531250e-01
1.79992000e-06,2.40000000e+00,2.47187500e+00,-5.00000000e-03,5.03906250e-01
1.80024000e-06,2.36250000e+00,2.58437500e+00,-6.87500000e-03,5.02343750e-01
1.80056000e-06,2.41250000e+00,2.55937500e+00,-3.12500000e-02,5.47656250e-01
1.80088000e-06,2.50000000e+00,2.58437500e+00,-2.56250000e-02,5.53125000e-01
1.80120000e-06,2.37500000e+00,2.45937500e+00,-1.93750000e-02,5.15625000e-01
1.80152000e-06,2.51250000e+00,2.55937500e+00,2.87500000e-02,5.27343750e-01
1.80184000e-06,2.48750000e+00,2.47187500e+00,-3.87500000e-02,5.25000000e-01
1.80216000e-06,2.22500000e+00,2.60937500e+00,-3.87500000e-02,4.58593750e-01
1.80248000e-06,2.44062500e+00,2.55937500e+00,-1.93750000e-02,4.64062500e-01
1.80280000e-06,2.36250000e+00,2.59687500e+00,-2.87500000e-02,4.45312500e-01
1.80312000e-06,2.45000000e+00,2.59687500e+00,-1.50000000e-02,4.96875000e-01
1.80344000e-06,2.40000000e+00,2.50937500e+00,-2.93750000e-02,5.14843750e-01
1.80376000e-06,2.33750000e+00,2.52187500e+00,-2.75000000e-02,5.18750000e-01
1.80408000e-06,2.41250000e+00,2.50937500e+00,-1.25000000e-03,4.98437500e-01
1.80440000e-06,2.37500000e+00,2.45937500e+00,6.25000000e-03,4.78906250e-01
1.80472000e-06,2.33750000e+00,2.67187500e+00,-2.81250000e-02,4.85937500e-01
1.80504000e-06,2.47500000e+00,2.45937500e+00,-9.37500000e-03,5.07812500e-01
1.80536000e-06,2.32500000e+00,2.49687500e+00,-4.37500000e-03,4.47656250e-01
1.80568000e-06,2.46250000e+00,2.62187500e+00,-6.87500000e-03,4.32812500e-01
1.80600000e-06,2.46250000e+00,2.59687500e+00,8.12500000e-03,4.71875000e-01
1.80632000e-06,2.43750000e+00,2.50937500e+00,-2.00000000e-02,4.98437500e-01
1.80664000e-06,2.52500000e+00,2.47187500e+00,-3.12500000e-02,5.25781250e-01
1.80696000e-06,2.36250000e+00,2.42187500e+00,-2.50000000e-02,5.45312500e-01
1.80728000e-06,2.36250000e+00,2.47187500e+00,-1.87500000e-02,4.64843750e-01
1.80760000e-06,2.30000000e+00,2.45937500e+00,-8.75000000e-03,4.75781250e-01
1.80792000e-06,2.35000000e+00,2.63437500e+00,-2.81250000e-02,5.37500000e-01
1.80824000e-06,2.39375000e+00,2.65937500e+00,-6.87500000e-03,4.71875000e-01
1.80856000e-06,2.46250000e+00,2.57187500e+00,-2.00000000e-02,4.07812500e-01
1.80888000e-06,2.52500000e+00,2.45937500e+00,-2.56250000e-02,4.17968750e-01
1.80920000e-06,2.40000000e+00,2.47187500e+00,-8.75000000e-03,4.31250000e-01
1.80952000e-06,2.31250000e+00,2.47187500e+00,-2.18750000e-02,4.58593750e-01
1.80984000e-06,2.48750000e+00,2.50937500e+00,-3.06250000e-02,4.80468750e-01
1.81016000e-06,2.45000000e+00,2.53437500e+00,1.25000000e-03,4.65625000e-01
1.81048000e-06,2.35000000e+00,2.50937500e+00,-2.75000000e-02,5.17968750e-01
1.81080000e-06,2.46250000e+00,2.48437500e+00,-1.93750000e-02,5.14843750e-01
1.81112000e-06,2.53750000e+00,2.52187500e+00,-4.43750000e-02,5.32812500e-01
1.81144000e-06,2.33750000e+00,2.47187500e+00,-4.56250000e-02,5.16406250e-01
1.81176000e-06,2.38750000e+00,2.57187500e+00,-9.37500000e-03,4.07812500e-01
1.81208000e-06,2.42500000e+00,2.52187500e+00,-2.62500000e-02,4.21093750e-01
1.81240000e-06,2.41250000e+00,2.52187500e+00,-3.56250000e-02,3.99218750e-01
1.81272000e-06,2.42500000e+00,2.63437500e+00,3.12500000e-03,4.88281250e-01
1.81304000e-06,2.53750000e+00,2.62187500e+00,-3.75000000e-03,5.25000000e-01
1.81336000e-06,2.42500000e+00,2.60937500e+00,-3.81250000e-02,4.43750000e-01
1.81368000e-06,2.33750000e+00,2.55937500e+00,-2.00000000e-02,4.40625000e-01
1.81400000e-06,2.40000000e+00,2.48437500e+00,-3.31250000e-02,5.22656250e-01
1.81432000e-06,2.41250000e+00,2.62187500e+00,-1.93750000e-02,4.47656250e-01
1.81464000e-06,2.41250000e+00,2.57187500e+00,-4.81250000e-02,4.14062500e-01
1.81496000e-06,2.28750000e+00,2.60937500e+00,-3.25000000e-02,4.11718750e-01
1.81528000e-06,2.43750000e+00,2.48437500e+00,-8.75000000e-03,4.39062500e-01
1.81560000e-06,2.48750000e+00,2.58437500e+00,-2.50000000e-02,4.49218750e-01
1.81592000e-06,2.46250000e+00,2.63437500e+00,-1.87500000e-03,4.97656250e-01
1.81624000e-06,2.52500000e+00,2.49687500e+00,-2.62500000e-02,4.97656250e-01
1.81656000e-06,2.47500000e+00,2.47187500e+00,-5.12500000e-02,3.68750000e-01
1.81688000e-06,2.45000000e+00,2.69687500e+00,-1.43750000e-02,3.20312500e-01
1.81720000e-06,2.48750000e+00,2.58437500e+00,-1.00000000e-02,3.50781250e-01
1.81752000e-06,2.35000000e+00,2.49687500e+00,-1.93750000e-02,3.53125000e-01
1.81784000e-06,2.40000000e+00,2.43437500e+00,3.12500000e-03,3.82031250e-01
1.81816000e-06,2.56250000e+00,2.59687500e+00,6.25000000e-04,4.30468750e-01
1.81848000e-06,2.36250000e+00,2.54687500e+00,-2.81250000e-02,4.66406250e-01
1.81880000e-06,2.40000000e+00,2.48437500e+00,-1.75000000e-02,4.79687500e-01
1.81912000e-06,2.55000000e+00,2.49687500e+00,-3.37500000e-02,4.92968750e-01
1.81944000e-06,2.27500000e+00,2.48437500e+00,-2.81250000e-02,4.98437500e-01
1.81976000e-06,2.31250000e+00,2.48437500e+00,-3.31250000e-02,4.62500000e-01
1.82008000e-06,2.49687500e+00,2.57187500e+00,-4.06250000e-02,3.40625000e-01
1.82040000e-06,2.41250000e+00,2.57187500e+00,-1.12500000e-02,3.42968750e-01
1.82072000e-06,2.57500000e+00,2.54687500e+00,-2.18750000e-02,4.07031250e-01
1.82104000e-06,2.50000000e+00,2.38437500e+00,-4.37500000e-03,4.02343750e-01
1.82136000e-06,2.42500000e+00,2.60937500e+00,-6.87500000e-03,4.47656250e-01
1.82168000e-06,2.40000000e+00,2.49687500e+00,-2.00000000e-02,5.21093750e-01
1.82200000e-06,2.50000000e+00,2.62187500e+00,-3.12500000e-02,4.26562500e-01
1.82232000e-06,2.47500000e+00,2.54687500e+00,-6.25000000e-03,3.32812500e-01
1.82264000e-06,2.46250000e+00,2.64687500e+00,5.62500000e-03,4.39843750e-01
1.82296000e-06,2.42500000e+00,2.57187500e+00,-1.18750000e-02,4.28906250e-01
1.82328000e-06,2.36250000e+00,2.64687500e+00,-1.75000000e-02,4.21875000e-01
1.82360000e-06,2.45000000e+00,2.49687500e+00,-5.31250000e-02,5.05468750e-01
1.82392000e-06,2.48750000e+00,2.58437500e+00,-1.68750000e-02,5.04687500e-01
1.82424000e-06,2.42500000e+00,2.53437500e+00,-1.12500000e-02,5.02343750e-01
1.82456000e-06,2.43750000e+00,2.62187500e+00,2.50000000e-03,4.90625000e-01
1.82488000e-06,2.28750000e+00,2.57187500e+00,-2.81250000e-02,4.46875000e-01
1.82520000e-06,2.36250000e+00,2.48437500e+00,-1.12500000e-02,4.45312500e-01
1.82552000e-06,2.39375000e+00,2.53437500e+00,-2.50000000e-02,4.64062500e-01
1.82584000e-06,2.46250000e+00,2.60937500e+00,-6.87500000e-03,4.50000000e-01
1.82616000e-06,2.53750000e+00,2.58437500e+00,-1.43750000e-02,3.98437500e-01
1.82648000e-06,2.43750000e+00,2.55937500e+00,-6.87500000e-03,4.58593750e-01
1.82680000e-06,2.48750000e+00,2.53437500e+00,-1.93750000e-02,5.05468750e-01
1.82712000e-06,2.27500000e+00,2.62187500e+00,6.25000000e-04,5.20312500e-01
1.82744000e-06,2.38750000e+00,2.63437500e+00,-2.25000000e-02,5.32812500e-01
1.82776000e-06,2.51250000e+00,2.70937500e+00,-4.12500000e-02,4.80468750e-01
1.82808000e-06,2.46250000e+00,2.39687500e+00,-2.12500000e-02,4.08593750e-01
1.82840000e-06,2.37500000e+00,2.54687500e+00,-9.37500000e-03,4.60937500e-01
1.82872000e-06,2.35000000e+00,2.50937500e+00,-2.62500000e-02,4.50781250e-01
1.82904000e-06,2.36250000e+00,2.50937500e+00,-1.87500000e-03,4.37500000e-01
1.82936000e-06,2.52500000e+00,2.33437500e+00,1.00000000e-02,4.78125000e-01
1.82968000e-06,2.43750000e+00,2.65937500e+00,-9.37500000e-03,4.41406250e-01
1.83000000e-06,2.38750000e+00,2.59687500e+00,-3.87500000e-02,4.87500000e-01
1.83032000e-06,2.46250000e+00,2.57187500e+00,-1.93750000e-02,5.99218750e-01
1.83064000e-06,2.37500000e+00,2.42187500e+00,-1.25000000e-02,5.78906250e-01
1.83096000e-06,2.33750000e+00,2.69687500e+00,1.06250000e-02,5.14843750e-01
1.83128000e-06,2.46250000e+00,2.50937500e+00,-6.87500000e-03,4.78906250e-01
1.83160000e-06,2.41250000e+00,2.55937500e+00,-6.87500000e-03,5.19531250e-01
1.83192000e-06,2.42500000e+00,2.54687500e+00,-2.25000000e-02,4.74218750e-01
1.83224000e-06,2.51250000e+00,2.58437500e+00,-2.25000000e-02,4.32812500e-01
1.83256000e-06,2.45000000e+00,2.49687500e+00,-3.37500000e-02,4.70312500e-01
1.83288000e-06,2.51250000e+00,2.62187500e+00,-4.06250000e-02,5.43750000e-01
1.83320000e-06,2.38750000e+00,2.58437500e+00,-2.50000000e-02,5.41406250e-01
1.83352000e-06,2.38750000e+00,2.43437500e+00,-1.18750000e-02,5.08593750e-01
1.83384000e-06,2.57500000e+00,2.54687500e+00,-6.25000000e-03,5.07031250e-01
1.83416000e-06,2.57500000e+00,2.58437500e+00,2.06250000e-02,5.03906250e-01
1.83448000e-06,2.37500000e+00,2.52187500e+00,-1.87500000e-03,5.23437500e-01
1.83480000e-06,2.52500000e+00,2.67187500e+00,-2.81250000e-02,4.35156250e-01
1.83512000e-06,2.36250000e+00,2.50937500e+00,-6.87500000e-03,3.75000000e-01
1.83544000e-06,2.41250000e+00,2.55937500e+00,-2.18750000e-02,4.27343750e-01
1.83576000e-06,2.43750000e+00,2.53437500e+00,-4.37500000e-03,5.25000000e-01
1.83608000e-06,2.40000000e+00,2.68437500e+00,3.12500000e-03,4.55468750e-01
1.83640000e-06,2.45000000e+00,2.54687500e+00,-3.62500000e-02,3.46093750e-01
1.83672000e-06,2.42500000e+00,2.45937500e+00,-4.37500000e-03,4.69531250e-01
1.83704000e-06,2.42500000e+00,2.42187500e+00,-1.75000000e-02,5.28125000e-01
1.83736000e-06,2.46250000e+00,2.54687500e+00,5.62500000e-03,4.64062500e-01
1.83768000e-06,2.48750000e+00,2.49687500e+00,6.25000000e-04,4.26562500e-01
1.83800000e-06,2.38750000e+00,2.65937500e+00,-9.37500000e-03,4.59375000e-01
1.83832000e-06,2.46250000e+00,2.47187500e+00,0.00000000e+00,4.48437500e-01
1.83864000e-06,2.47500000e+00,2.48437500e+00,-5.62500000e-02,4.03125000e-01
1.83896000e-06,2.27500000e+00,2.52187500e+00,-4.56250000e-02,4.57812500e-01
1.83928000e-06,2.40312500e+00,2.49687500e+00,-3.31250000e-02,4.66406250e-01
1.83960000e-06,2.43125000e+00,2.63437500e+00,-3.00000000e-02,5.02343750e-01
1.83992000e-06,2.36250000e+00,2.49687500e+00,3.75000000e-03,4.71875000e-01
1.84024000e-06,2.40000000e+00,2.38437500e+00,-1.37500000e-02,3.90625000e-01
1.84056000e-06,2.38750000e+00,2.49687500e+00,-9.37500000e-03,4.44531250e-01
1.84088000e-06,2.38750000e+00,2.59687500e+00,-4.37500000e-03,4.67968750e-01
1.84120000e-06,2.32500000e+00,2.62187500e+00,-9.37500000e-03,4.92968750e-01
1.84152000e-06,2.53750000e+00,2.50937500e+00,-2.56250000e-02,5.25781250e-01
1.84184000e-06,2.52500000e+00,2.60937500e+00,2.56250000e-02,5.18750000e-01
1.84216000e-06,2.42500000e+00,2.47187500e+00,-1.93750000e-02,4.55468750e-01
1.84248000e-06,2.28750000e+00,2.53437500e+00,-9.37500000e-03,3.94531250e-01
1.84280000e-06,2.49062500e+00,2.50937500e+00,-9.37500000e-03,3.90625000e-01
1.84312000e-06,2.65000000e+00,2.59687500e+00,-3.62500000e-02,3.96875000e-01
1.84344000e-06,2.47500000e+00,2.63437500e+00,-3.37500000e-02,3.85156250e-01
1.84376000e-06,2.31250000e+00,2.37187500e+00,-2.62500000e-02,4.25000000e-01
1.84408000e-06,2.37500000e+00,2.59687500e+00,-3.81250000e-02,4.64062500e-01
1.84440000e-06,2.35625000e+00,2.47187500e+00,-1.68750000e-02,4.63281250e-01
1.84472000e-06,2.47500000e+00,2.44687500e+00,-3.62500000e-02,4.64843750e-01
1.84504000e-06,2.57500000e+00,2.47187500e+00,-1.87500000e-02,4.86718750e-01
1.84536000e-06,2.42500000e+00,2.54687500e+00,-9.37500000e-03,3.39843750e-01
1.84568000e-06,2.26250000e+00,2.55937500e+00,-2.87500000e-02,3.58593750e-01
1.84600000e-06,2.46250000e+00,2.34687500e+00,-1.68750000e-02,4.23437500e-01
1.84632000e-06,2.33750000e+00,2.49687500e+00,-1.00000000e-02,4.27343750e-01
1.84664000e-06,2.43750000e+00,2.54687500e+00,8.12500000e-03,4.70312500e-01
1.84696000e-06,2.37500000e+00,2.43437500e+00,-4.37500000e-03,5.14062500e-01
1.84728000e-06,2.52500000e+00,2.43437500e+00,-6.87500000e-03,5.66406250e-01
1.84760000e-06,2.37500000e+00,2.47187500e+00,8.12500000e-03,5.13281250e-01
1.84792000e-06,2.35000000e+00,2.45937500e+00,-2.18750000e-02,5.06250000e-01
1.84824000e-06,2.51250000e+00,2.48437500e+00,-2.00000000e-02,4.84375000e-01
1.84856000e-06,2.51250000e+00,2.48437500e+00,-1.18750000e-02,4.81250000e-01
1.84888000e-06,2.35000000e+00,2.55937500e+00,0.00000000e+00,5.54687500e-01
1.84920000e-06,2.31250000e+00,2.59687500e+00,-4.06250000e-02,5.46093750e-01
1.84952000e-06,2.49062500e+00,2.63437500e+00,-1.87500000e-02,5.54687500e-01
1.84984000e-06,2.52500000e+00,2.53437500e+00,-8.75000000e-03,4.84375000e-01
1.85016000e-06,2.53750000e+00,2.52187500e+00,-2.62500000e-02,3.95312500e-01
1.85048000e-06,2.52500000e+00,2.53437500e+00,-3.81250000e-02,3.98437500e-01
1.85080000e-06,2.36250000e+00,2.50937500e+00,-1.43750000e-02,5.11718750e-01
1.85112000e-06,2.32500000e+00,2.57187500e+00,-3.75000000e-03,5.28906250e-01
1.85144000e-06,2.46250000e+00,2.57187500e+00,5.62500000e-03,4.03125000e-01
1.85176000e-06,2.50000000e+00,2.60937500e+00,-4.37500000e-02,5.04687500e-01
1.85208000e-06,2.32500000e+00,2.45937500e+00,-3.62500000e-02,5.66406250e-01
1.85240000e-06,2.36250000e+00,2.44687500e+00,-1.93750000e-02,5.07812500e-01
1.85272000e-06,2.45000000e+00,2.65937500e+00,-1.43750000e-02,3.59375000e-01
1.85304000e-06,2.31250000e+00,2.47187500e+00,-1.43750000e-02,4.13281250e-01
1.85336000e-06,2.27500000e+00,2.52187500e+00,-1.75000000e-02,4.40625000e-01
1.85368000e-06,2.39687500e+00,2.50937500e+00,-1.43750000e-02,4.61718750e-01
1.85400000e-06,2.40000000e+00,2.50937500e+00,-2.62500000e-02,4.50000000e-01
1.85432000e-06,2.43750000e+00,2.54687500e+00,-3.31250000e-02,4.31250000e-01
1.85464000e-06,2.37500000e+00,2.60937500e+00,6.25000000e-04,4.05468750e-01
1.85496000e-06,2.51250000e+00,2.48437500e+00,-1.93750000e-02,4.36718750e-01
1.85528000e-06,2.52500000e+00,2.58437500e+00,-2.87500000e-02,4.17187500e-01
1.85560000e-06,2.42500000e+00,2.43437500e+00,-1.37500000e-02,4.15625000e-01
1.85592000e-06,2.41250000e+00,2.42187500e+00,-1.68750000e-02,4.16406250e-01
1.85624000e-06,2.36250000e+00,2.44687500e+00,-1.87500000e-03,3.98437500e-01
1.85656000e-06,2.57500000e+00,2.62187500e+00,6.25000000e-04,3.93750000e-01
1.85688000e-06,2.58750000e+00,2.55937500e+00,-3.37500000e-02,4.04687500e-01
1.85720000e-06,2.57500000e+00,2.68437500e+00,-2.56250000e-02,4.05468750e-01
1.85752000e-06,2.41250000e+00,2.57187500e+00,-9.37500000e-03,3.51562500e-01
1.85784000e-06,2.33750000e+00,2.58437500e+00,-1.18750000e-02,4.04687500e-01
1.85816000e-06,2.43750000e+00,2.49687500e+00,-4.87500000e-02,4.85156250e-01
1.85848000e-06,2.52500000e+00,2.62187500e+00,-3.75000000e-02,3.85937500e-01
1.85880000e-06,2.48750000e+00,2.52187500e+00,-1.37500000e-02,3.85156250e-01
1.85912000e-06,2.46250000e+00,2.48437500e+00,-1.68750000e-02,4.20312500e-01
1.85944000e-06,2.41250000e+00,2.53437500e+00,-5.12500000e-02,4.70312500e-01
1.85976000e-06,2.45000000e+00,2.57187500e+00,-6.25000000e-03,4.62500000e-01
1.86008000e-06,2.45000000e+00,2.40937500e+00,-1.93750000e-02,4.75000000e-01
1.86040000e-06,2.45000000e+00,2.44687500e+00,6.25000000e-04,4.97656250e-01
1.86072000e-06,2.47500000e+00,2.43437500e+00,-2.62500000e-02,4.35937500e-01
1.86104000e-06,2.32500000e+00,2.64687500e+00,-3.31250000e-02,4.57031250e-01
1.86136000e-06,2.52500000e+00,2.55937500e+00,-1.75000000e-02,4.49218750e-01
1.86168000e-06,2.58750000e+00,2.45937500e+00,-2.50000000e-02,4.98437500e-01
1.86200000e-06,2.46250000e+00,2.59687500e+00,-6.25000000e-03,5.14062500e-01
1.86232000e-06,2.47500000e+00,2.54687500e+00,-9.37500000e-03,4.75000000e-01
1.86264000e-06,2.52500000e+00,2.50937500e+00,-4.12500000e-02,4.88281250e-01
1.86296000e-06,2.45000000e+00,2.53437500e+00,-1.87500000e-02,3.80468750e-01
1.86328000e-06,2.45000000e+00,2.53437500e+00,1.56250000e-02,4.08593750e-01
1.86360000e-06,2.45000000e+00,2.50937500e+00,-3.06250000e-02,4.48437500e-01
1.86392000e-06,2.46250000e+00,2.63437500e+00,1.31250000e-02,4.82031250e-01
1.86424000e-06,2.42500000e+00,2.52187500e+00,3.12500000e-03,4.69531250e-01
1.86456000e-06,2.36250000e+00,2.54687500e+00,1.31250000e-02,4.96875000e-01
1.86488000e-06,2.35000000e+00,2.55937500e+00,-6.87500000e-03,4.27343750e-01
1.86520000e-06,2.48750000e+00,2.55937500e+00,-1.75000000e-02,3.62500000e-01
1.86552000e-06,2.37500000e+00,2.55937500e+00,-4.37500000e-02,3.91406250e-01
1.86584000e-06,2.57500000e+00,2.54687500e+00,-3.31250000e-02,4.43750000e-01
1.86616000e-06,2.40000000e+00,2.63437500e+00,-2.12500000e-02,4.11718750e-01
1.86648000e-06,2.52500000e+00,2.49687500e+00,1.81250000e-02,4.24218750e-01
1.86680000e-06,2.56250000e+00,2.70937500e+00,6.25000000e-04,4.42968750e-01
1.86712000e-06,2.47500000e+00,2.58437500e+00,-1.87500000e-03,3.63281250e-01
1.86744000e-06,2.50000000e+00,2.52187500e+00,6.25000000e-04,3.78125000e-01
1.86776000e-06,2.50000000e+00,2.53437500e+00,-4.37500000e-03,4.11718750e-01
1.86808000e-06,2.33750000e+00,2.64687500e+00,-2.62500000e-02,3.41406250e-01
1.86840000e-06,2.41250000e+00,2.45937500e+00,-2.18750000e-02,4.25000000e-01
1.86872000e-06,2.60000000e+00,2.50937500e+00,-7.50000000e-03,4.51562500e-01
1.86904000e-06,2.43750000e+00,2.49687500e+00,-1.43750000e-02,4.15625000e-01
1.86936000e-06,2.32500000e+00,2.48437500e+00,-1.18750000e-02,4.07031250e-01
1.86968000e-06,2.57500000e+00,2.65937500e+00,2.06250000e-02,3.35156250e-01
1.87000000e-06,2.51250000e+00,2.60937500e+00,8.12500000e-03,3.59375000e-01
1.87032000e-06,2.58750000e+00,2.50937500e+00,-1.93750000e-02,3.85156250e-01
1.87064000e-06,2.47500000e+00,2.55937500e+00,-2.81250000e-02,4.22656250e-01
1.87096000e-06,2.33750000e+00,2.45937500e+00,3.12500000e-03,3.97656250e-01
1.87128000e-06,2.42500000e+00,2.62187500e+00,-6.87500000e-03,4.02343750e-01
1.87160000e-06,2.38750000e+00,2.64687500e+00,-1.18750000e-02,4.46093750e-01
1.87192000e-06,2.41250000e+00,2.67187500e+00,-1.87500000e-03,4.27343750e-01
1.87224000e-06,2.56250000e+00,2.67187500e+00,-2.87500000e-02,4.03125000e-01
1.87256000e-06,2.42500000e+00,2.55937500e+00,-3.06250000e-02,4.60156250e-01
1.87288000e-06,2.43750000e+00,2.50937500e+00,-4.37500000e-03,5.47656250e-01
1.87320000e-06,2.52500000e+00,2.60937500e+00,-3.81250000e-02,4.53125000e-01
1.87352000e-06,2.37500000e+00,2.38437500e+00,-2.18750000e-02,3.68750000e-01
1.87384000e-06,2.46250000e+00,2.67187500e+00,-1.25000000e-02,3.77343750e-01
1.87416000e-06,2.38750000e+00,2.59687500e+00,-1.43750000e-02,3.93750000e-01
1.87448000e-06,2.35000000e+00,2.48437500e+00,-1.93750000e-02,4.60156250e-01
1.87480000e-06,2.52500000e+00,2.64687500e+00,-9.37500000e-03,4.15625000e-01
1.87512000e-06,2.47500000e+00,2.63437500e+00,5.62500000e-03,3.71093750e-01
1.87544000e-06,2.47500000e+00,2.45937500e+00,-1.68750000e-02,3.83593750e-01
1.87576000e-06,2.43750000e+00,2.67187500e+00,-1.25000000e-02,3.60937500e-01
1.87608000e-06,2.45000000e+00,2.52187500e+00,-2.18750000e-02,4.18750000e-01
1.87640000e-06,2.40000000e+00,2.57187500e+00,-4.37500000e-03,4.64843750e-01
1.87672000e-06,2.55000000e+00,2.48437500e+00,5.62500000e-03,4.77343750e-01
1.87704000e-06,2.50000000e+00,2.62187500e+00,2.31250000e-02,4.69531250e-01
1.87736000e-06,2.48750000e+00,2.62187500e+00,-1.18750000e-02,4.06250000e-01
1.87768000e-06,2.48750000e+00,2.47187500e+00,1.81250000e-02,3.64843750e-01
1.87800000e-06,2.35000000e+00,2.44687500e+00,6.25000000e-04,3.69531250e-01
1.87832000e-06,2.31250000e+00,2.55937500e+00,-1.25000000e-02,3.47656250e-01
1.87864000e-06,2.44062500e+00,2.44687500e+00,-3.06250000e-02,3.95312500e-01
1.87896000e-06,2.48750000e+00,2.58437500e+00,-6.25000000e-03,4.50000000e-01
1.87928000e-06,2.46250000e+00,2.55937500e+00,-2.56250000e-02,4.04687500e-01
1.87960000e-06,2.51250000e+00,2.64687500e+00,-3.37500000e-02,3.64062500e-01
1.87992000e-06,2.38750000e+00,2.52187500e+00,-3.06250000e-02,4.20312500e-01
1.88024000e-06,2.41250000e+00,2.57187500e+00,-1.25000000e-03,4.63281250e-01
1.88056000e-06,2.47500000e+00,2.60937500e+00,-1.37500000e-02,4.51562500e-01
1.88088000e-06,2.47500000e+00,2.54687500e+00,-1.50000000e-02,3.67187500e-01
1.88120000e-06,2.37500000e+00,2.50937500e+00,-3.06250000e-02,3.34375000e-01
1.88152000e-06,2.48750000e+00,2.53437500e+00,-1.12500000e-02,3.57812500e-01
1.88184000e-06,2.37500000e+00,2.53437500e+00,5.62500000e-03,4.59375000e-01
1.88216000e-06,2.40000000e+00,2.65937500e+00,-5.87500000e-02,4.63281250e-01
1.88248000e-06,2.51250000e+00,2.53437500e+00,-8.75000000e-03,4.93750000e-01
1.88280000e-06,2.55000000e+00,2.55937500e+00,1.31250000e-02,4.24218750e-01
1.88312000e-06,2.51250000e+00,2.53437500e+00,-9.37500000e-03,3.66406250e-01
1.88344000e-06,2.48750000e+00,2.60937500e+00,-2.18750000e-02,4.45312500e-01
1.88376000e-06,2.51250000e+00,2.52187500e+00,6.25000000e-04,4.87500000e-01
1.88408000e-06,2.30000000e+00,2.54687500e+00,-1.87500000e-03,5.50000000e-01
1.88440000e-06,2.41250000e+00,2.59687500e+00,-1.68750000e-02,5.30468750e-01
1.88472000e-06,2.36250000e+00,2.47187500e+00,5.62500000e-03,4.92187500e-01
1.88504000e-06,2.38750000e+00,2.43437500e+00,-1.43750000e-02,3.84375000e-01
1.88536000e-06,2.58750000e+00,2.69687500e+00,-2.18750000e-02,4.52343750e-01
1.88568000e-06,2.37500000e+00,2.45937500e+00,3.12500000e-03,4.72656250e-01
1.88600000e-06,2.43750000e+00,2.50937500e+00,-1.87500000e-03,3.23437500e-01
1.88632000e-06,2.52500000e+00,2.55937500e+00,-6.87500000e-03,4.17968750e-01
1.88664000e-06,2.43750000e+00,2.53437500e+00,-2.00000000e-02,4.85156250e-01
1.88696000e-06,2.45000000e+00,2.42187500e+00,-2.18750000e-02,4.75781250e-01
1.88728000e-06,2.47500000e+00,2.50937500e+00,5.62500000e-03,4.39843750e-01
1.88760000e-06,2.41250000e+00,2.53437500e+00,-4.87500000e-02,4.10937500e-01
1.88792000e-06,2.51250000e+00,2.65937500e+00,-1.18750000e-02,3.92187500e-01
1.88824000e-06,2.48750000e+00,2.50937500e+00,-3.18750000e-02,4.46093750e-01
1.88856000e-06,2.37500000e+00,2.64687500e+00,-1.68750000e-02,3.82812500e-01
1.88888000e-06,2.27500000e+00,2.53437500e+00,-2.25000000e-02,4.12500000e-01
1.88920000e-06,2.47500000e+00,2.50937500e+00,-2.56250000e-02,4.74218750e-01
1.88952000e-06,2.45000000e+00,2.57187500e+00,6.25000000e-04,3.64062500e-01
1.88984000e-06,2.27500000e+00,2.58437500e+00,-9.37500000e-03,3.31250000e-01
1.89016000e-06,2.50000000e+00,2.48437500e+00,-1.93750000e-02,4.41406250e-01
1.89048000e-06,2.50000000e+00,2.53437500e+00,5.62500000e-03,4.08593750e-01
1.89080000e-06,2.33750000e+00,2.53437500e+00,-1.68750000e-02,3.42968750e-01
1.89112000e-06,2.53750000e+00,2.74687500e+00,-1.43750000e-02,3.97656250e-01
1.89144000e-06,2.42500000e+00,2.53437500e+00,2.31250000e-02,4.20312500e-01
1.89176000e-06,2.46250000e+00,2.57187500e+00,-2.18750000e-02,3.67968750e-01
1.89208000e-06,2.31250000e+00,2.38437500e+00,-6.87500000e-03,3.94531250e-01
1.89240000e-06,2.42500000e+00,2.57187500e+00,6.25000000e-04,4.75000000e-01
1.89272000e-06,2.40000000e+00,2.64687500e+00,-1.18750000e-02,4.17968750e-01
1.89304000e-06,2.45000000e+00,2.53437500e+00,1.06250000e-02,3.86718750e-01
1.89336000e-06,2.41250000e+00,2.30937500e+00,-4.37500000e-03,3.96875000e-01
1.89368000e-06,2.41250000e+00,2.63437500e+00,-2.25000000e-02,4.30468750e-01
1.89400000e-06,2.35000000e+00,2.54687500e+00,-4.87500000e-02,4.74218750e-01
1.89432000e-06,2.46250000e+00,2.48437500e+00,-1.37500000e-02,4.51562500e-01
1.89464000e-06,2.45000000e+00,2.59687500e+00,-7.50000000e-03,4.35156250e-01
1.89496000e-06,2.50000000e+00,2.55937500e+00,-3.62500000e-02,4.35937500e-01
1.89528000e-06,2.48750000e+00,2.59687500e+00,-1.62500000e-02,4.62500000e-01
1.89560000e-06,2.52500000e+00,2.62187500e+00,1.31250000e-02,4.11718750e-01
1.89592000e-06,2.31250000e+00,2.48437500e+00,-9.37500000e-03,4.31250000e-01
1.89624000e-06,2.46250000e+00,2.59687500e+00,-9.37500000e-03,4.07812500e-01
1.89656000e-06,2.55000000e+00,2.48437500e+00,-6.87500000e-03,3.57031250e-01
1.89688000e-06,2.50000000e+00,2.64687500e+00,-9.37500000e-03,4.09375000e-01
1.89720000e-06,2.45000000e+00,2.53437500e+00,8.12500000e-03,3.84375000e-01
1.89752000e-06,2.43750000e+00,2.49687500e+00,-2.18750000e-02,3.53125000e-01
1.89784000e-06,2.40000000e+00,2.54687500e+00,-1.75000000e-02,3.82812500e-01
1.89816000e-06,2.45000000e+00,2.52187500e+00,-5.12500000e-02,3.75000000e-01
1.89848000e-06,2.60000000e+00,2.52187500e+00,-3.00000000e-02,4.15625000e-01
1.89880000e-06,2.32500000e+00,2.55937500e+00,-1.25000000e-03,3.82031250e-01
1.89912000e-06,2.46250000e+00,2.50937500e+00,-1.25000000e-03,4.17187500e-01
1.89944000e-06,2.58750000e+00,2.50937500e+00,-3.06250000e-02,3.77343750e-01
1.89976000e-06,2.53750000e+00,2.40937500e+00,-6.87500000e-03,4.59375000e-01
1.90008000e-06,2.43750000e+00,2.52187500e+00,-2.00000000e-02,4.61718750e-01
1.90040000e-06,2.32500000e+00,2.44687500e+00,-1.18750000e-02,5.08593750e-01
1.90072000e-06,2.42500000e+00,2.50937500e+00,-5.00000000e-03,4.80468750e-01
1.90104000e-06,2.36250000e+00,2.55937500e+00,-4.12500000e-02,2.91406250e-01
1.90136000e-06,2.51250000e+00,2.58437500e+00,-3.50000000e-02,3.23437500e-01
1.90168000e-06,2.42500000e+00,2.53437500e+00,-2.18750000e-02,4.25781250e-01
1.90200000e-06,2.41250000e+00,2.62187500e+00,-1.62500000e-02,4.23437500e-01
1.90232000e-06,2.45000000e+00,2.47187500e+00,-1.87500000e-03,4.19531250e-01
1.90264000e-06,2.52500000e+00,2.58437500e+00,-1.25000000e-02,3.25000000e-01
1.90296000e-06,2.37500000e+00,2.60937500e+00,-2.56250000e-02,3.81250000e-01
1.90328000e-06,2.40000000e+00,2.59687500e+00,3.75000000e-03,3.99218750e-01
1.90360000e-06,2.43750000e+00,2.50937500e+00,-3.56250000e-02,4.07812500e-01
1.90392000e-06,2.46250000e+00,2.68437500e+00,-1.43750000e-02,4.39062500e-01
1.90424000e-06,2.57500000e+00,2.62187500e+00,-2.00000000e-02,4.42187500e-01
1.90456000e-06,2.43750000e+00,2.69687500e+00,6.25000000e-04,3.75781250e-01
1.90488000e-06,2.41250000e+00,2.58437500e+00,-2.18750000e-02,4.53906250e-01
1.90520000e-06,2.50000000e+00,2.50937500e+00,-6.87500000e-03,5.37500000e-01
1.90552000e-06,2.40000000e+00,2.49687500e+00,-1.43750000e-02,5.53906250e-01
1.90584000e-06,2.47500000e+00,2.47187500e+00,-2.50000000e-03,4.38281250e-01
1.90616000e-06,2.48750000e+00,2.49687500e+00,-1.93750000e-02,3.61718750e-01
1.90648000e-06,2.56250000e+00,2.65937500e+00,2.06250000e-02,3.75781250e-01
1.90680000e-06,2.47500000e+00,2.55937500e+00,6.25000000e-04,4.73437500e-01
1.90712000e-06,2.36250000e+00,2.50937500e+00,-6.87500000e-03,5.21093750e-01
1.90744000e-06,2.42500000e+00,2.42187500e+00,-9.37500000e-03,5.03125000e-01
1.90776000e-06,2.52500000e+00,2.58437500e+00,-9.37500000e-03,4.67968750e-01
1.90808000e-06,2.42500000e+00,2.53437500e+00,-1.43750000e-02,4.51562500e-01
1.90840000e-06,2.38750000e+00,2.53437500e+00,-1.75000000e-02,4.50000000e-01
1.90872000e-06,2.40000000e+00,2.49687500e+00,-2.62500000e-02,4.35156250e-01
1.90904000e-06,2.43750000e+00,2.57187500e+00,-6.25000000e-03,3.07812500e-01
1.90936000e-06,2.48750000e+00,2.54687500e+00,-1.75000000e-02,3.14062500e-01
1.90968000e-06,2.36250000e+00,2.47187500e+00,-4.12500000e-02,4.50781250e-01
1.91000000e-06,2.48750000e+00,2.55937500e+00,-3.00000000e-02,5.00000000e-01
1.91032000e-06,2.36250000e+00,2.64687500e+00,-2.12500000e-02,5.58593750e-01
1.91064000e-06,2.30000000e+00,2.59687500e+00,-1.68750000e-02,5.21093750e-01
1.91096000e-06,2.52812500e+00,2.57187500e+00,-1.18750000e-02,4.82031250e-01
1.91128000e-06,2.53750000e+00,2.35937500e+00,-4.37500000e-03,4.10937500e-01
1.91160000e-06,2.50000000e+00,2.55937500e+00,-2.00000000e-02,4.47656250e-01
1.91192000e-06,2.35000000e+00,2.54687500e+00,-2.81250000e-02,5.06250000e-01
1.91224000e-06,2.26250000e+00,2.47187500e+00,6.25000000e-03,4.41406250e-01
1.91256000e-06,2.41562500e+00,2.38437500e+00,-2.18750000e-02,4.52343750e-01
1.91288000e-06,2.52500000e+00,2.48437500e+00,-1.43750000e-02,4.90625000e-01
1.91320000e-06,2.42500000e+00,2.55937500e+00,-3.06250000e-02,4.84375000e-01
1.91352000e-06,2.36250000e+00,2.55937500e+00,1.31250000e-02,5.32812500e-01
1.91384000e-06,2.42500000e+00,2.54687500e+00,-6.87500000e-03,5.31250000e-01
1.91416000e-06,2.37500000e+00,2.64687500e+00,1.06250000e-02,4.97656250e-01
1.91448000e-06,2.40000000e+00,2.58437500e+00,-1.68750000e-02,4.84375000e-01
1.91480000e-06,2.55000000e+00,2.43437500e+00,-1.18750000e-02,5.23437500e-01
1.91512000e-06,2.42500000e+00,2.40937500e+00,8.12500000e-03,5.67187500e-01
1.91544000e-06,2.58750000e+00,2.57187500e+00,-6.87500000e-03,4.63281250e-01
1.91576000e-06,2.40000000e+00,2.49687500e+00,-1.75000000e-02,5.26562500e-01
1.91608000e-06,2.51250000e+00,2.54687500e+00,-3.62500000e-02,5.15625000e-01
1.91640000e-06,2.37500000e+00,2.47187500e+00,-2.50000000e-02,5.49218750e-01
1.91672000e-06,2.37500000e+00,2.59687500e+00,2.37500000e-02,5.60937500e-01
1.91704000e-06,2.32500000e+00,2.59687500e+00,-3.56250000e-02,5.32031250e-01
1.91736000e-06,2.48750000e+00,2.57187500e+00,-3.12500000e-02,5.78125000e-01
1.91768000e-06,2.53750000e+00,2.62187500e+00,-1.18750000e-02,5.57812500e-01
1.91800000e-06,2.45000000e+00,2.54687500e+00,-2.62500000e-02,5.45312500e-01
1.91832000e-06,2.51250000e+00,2.63437500e+00,-2.87500000e-02,5.40625000e-01
1.91864000e-06,2.36250000e+00,2.49687500e+00,-1.87500000e-03,5.30468750e-01
1.91896000e-06,2.45000000e+00,2.40937500e+00,-9.37500000e-03,5.19531250e-01
1.91928000e-06,2.38750000e+00,2.67187500e+00,5.62500000e-03,4.88281250e-01
1.91960000e-06,2.38750000e+00,2.48437500e+00,-6.87500000e-03,4.68750000e-01
1.91992000e-06,2.48750000e+00,2.69687500e+00,-4.37500000e-03,4.92187500e-01
1.92024000e-06,2.45000000e+00,2.67187500e+00,-9.37500000e-03,5.07812500e-01
1.92056000e-06,2.30000000e+00,2.52187500e+00,-4.37500000e-03,4.96093750e-01
1.92088000e-06,2.35000000e+00,2.62187500e+00,-4.37500000e-02,4.73437500e-01
1.92120000e-06,2.50625000e+00,2.53437500e+00,-1.93750000e-02,4.55468750e-01
1.92152000e-06,2.42500000e+00,2.45937500e+00,7.50000000e-03,5.26562500e-01
1.92184000e-06,2.41250000e+00,2.55937500e+00,6.25000000e-04,4.85156250e-01
1.92216000e-06,2.43750000e+00,2.48437500e+00,-1.68750000e-02,5.67187500e-01
1.92248000e-06,2.41250000e+00,2.59687500e+00,-1.87500000e-03,6.14062500e-01
1.92280000e-06,2.55000000e+00,2.48437500e+00,-2.87500000e-02,5.33593750e-01
1.92312000e-06,2.32500000e+00,2.62187500e+00,-3.62500000e-02,5.47656250e-01
1.92344000e-06,2.50000000e+00,2.59687500e+00,-1.93750000e-02,5.91406250e-01
1.92376000e-06,2.36250000e+00,2.62187500e+00,5.62500000e-03,5.53906250e-01
1.92408000e-06,2.51250000e+00,2.47187500e+00,-3.62500000e-02,4.30468750e-01
1.92440000e-06,2.57500000e+00,2.48437500e+00,-4.37500000e-02,4.22656250e-01
1.92472000e-06,2.41250000e+00,2.60937500e+00,-1.68750000e-02,4.87500000e-01
1.92504000e-06,2.46250000e+00,2.47187500e+00,-2.81250000e-02,5.17968750e-01
1.92536000e-06,2.36250000e+00,2.60937500e+00,-1.50000000e-02,5.00000000e-01
1.92568000e-06,2.28750000e+00,2.57187500e+00,-3.06250000e-02,4.82812500e-01
1.92600000e-06,2.48750000e+00,2.57187500e+00,-2.56250000e-02,5.13281250e-01
1.92632000e-06,2.45000000e+00,2.60937500e+00,-3.75000000e-02,5.46875000e-01
1.92664000e-06,2.43750000e+00,2.50937500e+00,-4.37500000e-03,5.42187500e-01
1.92696000e-06,2.43750000e+00,2.55937500e+00,3.75000000e-03,5.64843750e-01
1.92728000e-06,2.36250000e+00,2.57187500e+00,-3.06250000e-02,5.98437500e-01
1.92760000e-06,2.36250000e+00,2.67187500e+00,-2.00000000e-02,4.67187500e-01
1.92792000e-06,2.37500000e+00,2.60937500e+00,-4.87500000e-02,3.68750000e-01
1.92824000e-06,2.31250000e+00,2.49687500e+00,-4.50000000e-02,4.09375000e-01
1.92856000e-06,2.46250000e+00,2.50937500e+00,-1.12500000e-02,4.30468750e-01
1.92888000e-06,2.45000000e+00,2.49687500e+00,-1.93750000e-02,4.13281250e-01
1.92920000e-06,2.60000000e+00,2.44687500e+00,-2.81250000e-02,4.92187500e-01
1.92952000e-06,2.46250000e+00,2.67187500e+00,3.75000000e-03,3.71093750e-01
1.92984000e-06,2.35000000e+00,2.53437500e+00,-1.18750000e-02,3.37500000e-01
1.93016000e-06,2.27500000e+00,2.60937500e+00,-4.87500000e-02,4.19531250e-01
1.93048000e-06,2.34062500e+00,2.44687500e+00,-2.12500000e-02,4.71875000e-01
1.93080000e-06,2.47500000e+00,2.57187500e+00,1.06250000e-02,4.59375000e-01
1.93112000e-06,2.36250000e+00,2.44687500e+00,-4.37500000e-02,4.20312500e-01
1.93144000e-06,2.42500000e+00,2.60937500e+00,-3.87500000e-02,4.27343750e-01
1.93176000e-06,2.47500000e+00,2.44687500e+00,-6.06250000e-02,3.94531250e-01
1.93208000e-06,2.40000000e+00,2.39687500e+00,-1.25000000e-03,3.75781250e-01
1.93240000e-06,2.33750000e+00,2.48437500e+00,-1.37500000e-02,3.70312500e-01
1.93272000e-06,2.40000000e+00,2.52187500e+00,-1.18750000e-02,3.82812500e-01
1.93304000e-06,2.50000000e+00,2.45937500e+00,3.12500000e-03,4.46093750e-01
1.93336000e-06,2.42500000e+00,2.47187500e+00,-2.87500000e-02,4.50781250e-01
1.93368000e-06,2.45000000e+00,2.54687500e+00,-1.68750000e-02,3.98437500e-01
1.93400000e-06,2.43750000e+00,2.53437500e+00,5.00000000e-03,3.74218750e-01
1.93432000e-06,2.42500000e+00,2.50937500e+00,-4.06250000e-02,3.92968750e-01
1.93464000e-06,2.42500000e+00,2.72187500e+00,1.56250000e-02,4.58593750e-01
1.93496000e-06,2.38750000e+00,2.65937500e+00,-2.87500000e-02,3.90625000e-01
1.93528000e-06,2.52500000e+00,2.60937500e+00,-3.06250000e-02,3.75781250e-01
1.93560000e-06,2.45000000e+00,2.43437500e+00,-7.50000000e-03,4.36718750e-01
1.93592000e-06,2.33750000e+00,2.55937500e+00,-2.12500000e-02,4.39062500e-01
1.93624000e-06,2.53750000e+00,2.52187500e+00,3.12500000e-03,4.27343750e-01
1.93656000e-06,2.36250000e+00,2.47187500e+00,7.50000000e-03,5.03125000e-01
1.93688000e-06,2.47500000e+00,2.55937500e+00,-4.56250000e-02,4.98437500e-01
1.93720000e-06,2.46250000e+00,2.40937500e+00,6.25000000e-04,3.96875000e-01
1.93752000e-06,2.58750000e+00,2.54687500e+00,-4.25000000e-02,3.80468750e-01
1.93784000e-06,2.31250000e+00,2.58437500e+00,1.25000000e-03,3.83593750e-01
1.93816000e-06,2.43750000e+00,2.58437500e+00,-1.37500000e-02,3.82031250e-01
1.93848000e-06,2.65000000e+00,2.57187500e+00,3.56250000e-02,4.48437500e-01
1.93880000e-06,2.45000000e+00,2.53437500e+00,-2.25000000e-02,4.37500000e-01
1.93912000e-06,2.36250000e+00,2.52187500e+00,-3.37500000e-02,4.35937500e-01
1.93944000e-06,2.45000000e+00,2.33437500e+00,-2.56250000e-02,5.00000000e-01
1.93976000e-06,2.46250000e+00,2.48437500e+00,-3.06250000e-02,4.76562500e-01
1.94008000e-06,2.43750000e+00,2.44687500e+00,-1.87500000e-02,4.53906250e-01
1.94040000e-06,2.45000000e+00,2.72187500e+00,3.12500000e-03,5.17187500e-01
1.94072000e-06,2.38750000e+00,2.53437500e+00,-3.37500000e-02,4.80468750e-01
1.94104000e-06,2.48750000e+00,2.63437500e+00,-3.56250000e-02,4.25000000e-01
1.94136000e-06,2.52500000e+00,2.55937500e+00,3.12500000e-03,3.78906250e-01
1.94168000e-06,2.43750000e+00,2.57187500e+00,-2.56250000e-02,3.93750000e-01
1.94200000e-06,2.41250000e+00,2.48437500e+00,-9.37500000e-03,4.49218750e-01
1.94232000e-06,2.55000000e+00,2.60937500e+00,2.00000000e-02,4.59375000e-01
1.94264000e-06,2.38750000e+00,2.68437500e+00,-4.12500000e-02,4.39843750e-01
1.94296000e-06,2.38750000e+00,2.54687500e+00,-1.93750000e-02,4.70312500e-01
1.94328000e-06,2.41250000e+00,2.49687500e+00,2.50000000e-03,4.64843750e-01
1.94360000e-06,2.43750000e+00,2.62187500e+00,-6.87500000e-03,4.46093750e-01
1.94392000e-06,2.41250000e+00,2.47187500e+00,-4.37500000e-03,4.83593750e-01
1.94424000e-06,2.55000000e+00,2.52187500e+00,-2.00000000e-02,6.26562500e-01
1.94456000e-06,2.48750000e+00,2.43437500e+00,-5.12500000e-02,5.43750000e-01
1.94488000e-06,2.45000000e+00,2.50937500e+00,-1.87500000e-02,3.86718750e-01
1.94520000e-06,2.30000000e+00,2.50937500e+00,-2.87500000e-02,4.30468750e-01
1.94552000e-06,2.55000000e+00,2.58437500e+00,-1.93750000e-02,4.87500000e-01
1.94584000e-06,2.48750000e+00,2.59687500e+00,0.00000000e+00,4.73437500e-01
1.94616000e-06,2.28750000e+00,2.50937500e+00,-1.68750000e-02,4.73437500e-01
1.94648000e-06,2.41250000e+00,2.50937500e+00,-2.81250000e-02,4.90625000e-01
1.94680000e-06,2.38750000e+00,2.40937500e+00,-2.62500000e-02,4.44531250e-01
1.94712000e-06,2.38750000e+00,2.42187500e+00,-3.56250000e-02,4.41406250e-01
1.94744000e-06,2.36250000e+00,2.57187500e+00,-1.50000000e-02,4.64843750e-01
1.94776000e-06,2.47500000e+00,2.52187500e+00,-3.81250000e-02,5.17187500e-01
1.94808000e-06,2.45000000e+00,2.54687500e+00,-2.56250000e-02,4.46875000e-01
1.94840000e-06,2.36250000e+00,2.57187500e+00,-3.31250000e-02,4.14062500e-01
1.94872000e-06,2.51250000e+00,2.54687500e+00,-3.31250000e-02,4.60937500e-01
1.94904000e-06,2.48750000e+00,2.49687500e+00,-4.81250000e-02,5.59375000e-01
1.94936000e-06,2.38750000e+00,2.63437500e+00,-2.50000000e-02,5.07812500e-01
1.94968000e-06,2.40000000e+00,2.49687500e+00,-2.18750000e-02,4.60937500e-01
1.95000000e-06,2.50000000e+00,2.55937500e+00,-3.81250000e-02,4.35937500e-01
1.95032000e-06,2.35000000e+00,2.40937500e+00,-8.75000000e-03,4.14062500e-01
1.95064000e-06,2.50000000e+00,2.54687500e+00,-2.25000000e-02,4.61718750e-01
1.95096000e-06,2.38750000e+00,2.52187500e+00,-4.12500000e-02,4.59375000e-01
1.95128000e-06,2.43750000e+00,2.58437500e+00,-2.12500000e-02,4.11718750e-01
1.95160000e-06,2.38750000e+00,2.48437500e+00,-2.18750000e-02,5.21875000e-01
1.95192000e-06,2.33750000e+00,2.59687500e+00,-2.62500000e-02,5.42187500e-01
1.95224000e-06,2.47500000e+00,2.54687500e+00,-2.56250000e-02,4.42187500e-01
1.95256000e-06,2.43750000e+00,2.57187500e+00,-1.75000000e-02,3.81250000e-01
1.95288000e-06,2.37500000e+00,2.59687500e+00,-3.00000000e-02,4.08593750e-01
1.95320000e-06,2.38750000e+00,2.58437500e+00,-1.43750000e-02,5.09375000e-01
1.95352000e-06,2.41250000e+00,2.42187500e+00,-3.50000000e-02,5.80468750e-01
1.95384000e-06,2.48750000e+00,2.55937500e+00,-2.81250000e-02,4.94531250e-01
1.95416000e-06,2.38750000e+00,2.52187500e+00,-2.56250000e-02,4.48437500e-01
1.95448000e-06,2.38750000e+00,2.63437500e+00,-4.87500000e-02,5.61718750e-01
1.95480000e-06,2.53750000e+00,2.37187500e+00,-1.12500000e-02,6.10156250e-01
1.95512000e-06,2.45000000e+00,2.48437500e+00,1.31250000e-02,5.46093750e-01
1.95544000e-06,2.35000000e+00,2.55937500e+00,-4.12500000e-02,4.53125000e-01
1.95576000e-06,2.38750000e+00,2.58437500e+00,-2.81250000e-02,4.60156250e-01
1.95608000e-06,2.42500000e+00,2.47187500e+00,-1.18750000e-02,4.62500000e-01
1.95640000e-06,2.48750000e+00,2.54687500e+00,-1.62500000e-02,4.65625000e-01
1.95672000e-06,2.55000000e+00,2.55937500e+00,-9.37500000e-03,4.52343750e-01
1.95704000e-06,2.40000000e+00,2.62187500e+00,1.06250000e-02,3.82031250e-01
1.95736000e-06,2.45000000e+00,2.47187500e+00,-2.62500000e-02,4.10156250e-01
1.95768000e-06,2.45000000e+00,2.50937500e+00,-9.37500000e-03,4.39843750e-01
1.95800000e-06,2.30000000e+00,2.50937500e+00,-4.68750000e-02,4.70312500e-01
1.95832000e-06,2.37500000e+00,2.58437500e+00,-2.81250000e-02,3.99218750e-01
1.95864000e-06,2.45000000e+00,2.48437500e+00,3.12500000e-03,4.34375000e-01
1.95896000e-06,2.37500000e+00,2.52187500e+00,-2.56250000e-02,5.00781250e-01
1.95928000e-06,2.37500000e+00,2.39687500e+00,-1.93750000e-02,5.40625000e-01
1.95960000e-06,2.48750000e+00,2.47187500e+00,2.50000000e-03,4.66406250e-01
1.95992000e-06,2.53750000e+00,2.48437500e+00,-6.87500000e-03,4.21875000e-01
1.96024000e-06,2.47500000e+00,2.50937500e+00,-3.12500000e-02,4.25000000e-01
1.96056000e-06,2.36250000e+00,2.43437500e+00,-4.56250000e-02,4.40625000e-01
1.96088000e-06,2.27500000e+00,2.49687500e+00,1.56250000e-02,4.66406250e-01
1.96120000e-06,2.37500000e+00,2.48437500e+00,-2.12500000e-02,5.31250000e-01
1.96152000e-06,2.37500000e+00,2.64687500e+00,-6.87500000e-03,5.14843750e-01
1.96184000e-06,2.48750000e+00,2.50937500e+00,-2.62500000e-02,4.53125000e-01
1.96216000e-06,2.56250000e+00,2.54687500e+00,-1.25000000e-02,4.36718750e-01
1.96248000e-06,2.48750000e+00,2.50937500e+00,-4.62500000e-02,4.96093750e-01
1.96280000e-06,2.65000000e+00,2.49687500e+00,1.87500000e-02,5.30468750e-01
1.96312000e-06,2.42500000e+00,2.38437500e+00,-1.93750000e-02,4.74218750e-01
1.96344000e-06,2.52500000e+00,2.57187500e+00,-1.43750000e-02,4.47656250e-01
1.96376000e-06,2.48750000e+00,2.52187500e+00,-2.00000000e-02,4.17968750e-01
1.96408000e-06,2.32500000e+00,2.62187500e+00,-3.31250000e-02,3.89843750e-01
1.96440000e-06,2.41250000e+00,2.53437500e+00,1.62500000e-02,4.03906250e-01
1.96472000e-06,2.40000000e+00,2.34687500e+00,-9.37500000e-03,4.22656250e-01
1.96504000e-06,2.46250000e+00,2.50937500e+00,-3.31250000e-02,4.71093750e-01
1.96536000e-06,2.33750000e+00,2.58437500e+00,-3.81250000e-02,4.25781250e-01
1.96568000e-06,2.51250000e+00,2.29687500e+00,-3.25000000e-02,3.57812500e-01
1.96600000e-06,2.42500000e+00,2.57187500e+00,-1.87500000e-03,4.26562500e-01
1.96632000e-06,2.36250000e+00,2.53437500e+00,-1.25000000e-03,4.59375000e-01
1.96664000e-06,2.31250000e+00,2.50937500e+00,-4.37500000e-03,4.36718750e-01
1.96696000e-06,2.41250000e+00,2.50937500e+00,-9.37500000e-03,4.39843750e-01
1.96728000e-06,2.33750000e+00,2.54687500e+00,3.12500000e-03,3.90625000e-01
1.96760000e-06,2.46250000e+00,2.49687500e+00,-2.62500000e-02,3.49218750e-01
1.96792000e-06,2.47500000e+00,2.50937500e+00,-2.56250000e-02,3.95312500e-01
1.96824000e-06,2.43750000e+00,2.59687500e+00,-1.87500000e-03,4.44531250e-01
1.96856000e-06,2.38750000e+00,2.57187500e+00,-1.87500000e-02,5.03125000e-01
1.96888000e-06,2.45000000e+00,2.48437500e+00,-9.37500000e-03,4.27343750e-01
1.96920000e-06,2.51250000e+00,2.52187500e+00,-2.18750000e-02,3.65625000e-01
1.96952000e-06,2.21250000e+00,2.55937500e+00,-3.87500000e-02,4.62500000e-01
1.96984000e-06,2.35000000e+00,2.45937500e+00,-6.87500000e-03,5.07031250e-01
1.97016000e-06,2.39375000e+00,2.54687500e+00,-3.43750000e-02,5.06250000e-01
1.97048000e-06,2.41250000e+00,2.47187500e+00,-3.06250000e-02,4.82812500e-01
1.97080000e-06,2.38750000e+00,2.49687500e+00,6.25000000e-04,4.82031250e-01
1.97112000e-06,2.40000000e+00,2.72187500e+00,-8.75000000e-03,5.39062500e-01
1.97144000e-06,2.43750000e+00,2.53437500e+00,1.31250000e-02,5.03125000e-01
1.97176000e-06,2.47500000e+00,2.48437500e+00,-2.25000000e-02,5.03125000e-01
1.97208000e-06,2.57500000e+00,2.44687500e+00,-4.37500000e-02,5.28125000e-01
1.97240000e-06,2.36250000e+00,2.50937500e+00,-3.06250000e-02,4.89843750e-01
1.97272000e-06,2.45000000e+00,2.60937500e+00,-3.00000000e-02,3.92968750e-01
1.97304000e-06,2.47500000e+00,2.44687500e+00,1.25000000e-03,4.36718750e-01
1.97336000e-06,2.47500000e+00,2.49687500e+00,-1.68750000e-02,4.82031250e-01
1.97368000e-06,2.47500000e+00,2.47187500e+00,-4.12500000e-02,5.10156250e-01
1.97400000e-06,2.47500000e+00,2.47187500e+00,-1.25000000e-03,5.40625000e-01
1.97432000e-06,2.58750000e+00,2.57187500e+00,-4.37500000e-03,5.35937500e-01
1.97464000e-06,2.51250000e+00,2.38437500e+00,-5.12500000e-02,5.53906250e-01
1.97496000e-06,2.41250000e+00,2.55937500e+00,-4.87500000e-02,5.40625000e-01
1.97528000e-06,2.33750000e+00,2.45937500e+00,-3.12500000e-02,4.89843750e-01
1.97560000e-06,2.38750000e+00,2.49687500e+00,-3.56250000e-02,4.14843750e-01
1.97592000e-06,2.38750000e+00,2.47187500e+00,-1.87500000e-02,4.46093750e-01
1.97624000e-06,2.47500000e+00,2.40937500e+00,-3.37500000e-02,4.33593750e-01
1.97656000e-06,2.35000000e+00,2.50937500e+00,-2.56250000e-02,4.19531250e-01
1.97688000e-06,2.33750000e+00,2.55937500e+00,-1.87500000e-03,4.11718750e-01
1.97720000e-06,2.37500000e+00,2.39687500e+00,1.12500000e-02,3.85937500e-01
1.97752000e-06,2.43750000e+00,2.63437500e+00,-3.87500000e-02,4.93750000e-01
1.97784000e-06,2.43750000e+00,2.42187500e+00,-4.06250000e-02,5.42968750e-01
1.97816000e-06,2.53750000e+00,2.70937500e+00,6.25000000e-04,5.38281250e-01
1.97848000e-06,2.40000000e+00,2.59687500e+00,-4.00000000e-02,4.96093750e-01
1.97880000e-06,2.42500000e+00,2.42187500e+00,6.25000000e-04,5.14062500e-01
1.97912000e-06,2.35000000e+00,2.52187500e+00,-3.62500000e-02,4.78906250e-01
1.97944000e-06,2.36250000e+00,2.57187500e+00,-1.18750000e-02,5.02343750e-01
1.97976000e-06,2.45000000e+00,2.57187500e+00,-7.50000000e-03,5.36718750e-01
1.98008000e-06,2.37500000e+00,2.62187500e+00,-9.37500000e-03,5.90625000e-01
1.98040000e-06,2.46250000e+00,2.40937500e+00,-2.81250000e-02,5.29687500e-01
1.98072000e-06,2.36250000e+00,2.54687500e+00,-4.37500000e-03,3.77343750e-01
1.98104000e-06,2.43750000e+00,2.52187500e+00,-9.37500000e-03,4.11718750e-01
1.98136000e-06,2.58750000e+00,2.49687500e+00,-3.56250000e-02,4.14843750e-01
1.98168000e-06,2.50000000e+00,2.47187500e+00,1.06250000e-02,4.95312500e-01
1.98200000e-06,2.42500000e+00,2.55937500e+00,-1.75000000e-02,5.14062500e-01
1.98232000e-06,2.38750000e+00,2.53437500e+00,-2.81250000e-02,3.91406250e-01
1.98264000e-06,2.35000000e+00,2.64687500e+00,-1.62500000e-02,4.15625000e-01
1.98296000e-06,2.36250000e+00,2.39687500e+00,-1.12500000e-02,4.63281250e-01
1.98328000e-06,2.40000000e+00,2.42187500e+00,-1.87500000e-03,4.16406250e-01
1.98360000e-06,2.32500000e+00,2.47187500e+00,-5.12500000e-02,4.69531250e-01
1.98392000e-06,2.45000000e+00,2.58437500e+00,-5.12500000e-02,5.07812500e-01
1.98424000e-06,2.56250000e+00,2.44687500e+00,-9.37500000e-03,4.17968750e-01
1.98456000e-06,2.33750000e+00,2.30937500e+00,-1.18750000e-02,4.41406250e-01
1.98488000e-06,2.46250000e+00,2.45937500e+00,-1.87500000e-03,4.46875000e-01
1.98520000e-06,2.40000000e+00,2.42187500e+00,-2.00000000e-02,4.74218750e-01
1.98552000e-06,2.38750000e+00,2.54687500e+00,-3.31250000e-02,5.07812500e-01
1.98584000e-06,2.36250000e+00,2.68437500e+00,-1.25000000e-03,4.52343750e-01
1.98616000e-06,2.42500000e+00,2.40937500e+00,-1.43750000e-02,4.84375000e-01
1.98648000e-06,2.32500000e+00,2.48437500e+00,-1.93750000e-02,4.44531250e-01
1.98680000e-06,2.35000000e+00,2.49687500e+00,3.12500000e-03,5.24218750e-01
1.98712000e-06,2.41250000e+00,2.37187500e+00,-1.50000000e-02,5.83593750e-01
1.98744000e-06,2.51250000e+00,2.35937500e+00,-4.56250000e-02,4.92187500e-01
1.98776000e-06,2.30000000e+00,2.58437500e+00,1.12500000e-02,4.36718750e-01
1.98808000e-06,2.45000000e+00,2.44687500e+00,-3.75000000e-03,4.23437500e-01
1.98840000e-06,2.43125000e+00,2.49687500e+00,-3.12500000e-02,3.96875000e-01
1.98872000e-06,2.41250000e+00,2.42187500e+00,-3.06250000e-02,4.06250000e-01
1.98904000e-06,2.31250000e+00,2.64687500e+00,-1.87500000e-03,5.17187500e-01
1.98936000e-06,2.33750000e+00,2.57187500e+00,-3.31250000e-02,4.79687500e-01
1.98968000e-06,2.42500000e+00,2.57187500e+00,-2.81250000e-02,4.84375000e-01
1.99000000e-06,2.48750000e+00,2.68437500e+00,3.12500000e-03,4.28906250e-01
1.99032000e-06,2.37500000e+00,2.47187500e+00,1.25000000e-03,4.97656250e-01
1.99064000e-06,2.37500000e+00,2.44687500e+00,-2.62500000e-02,4.85156250e-01
1.99096000e-06,2.30000000e+00,2.47187500e+00,-3.37500000e-02,4.01562500e-01
1.99128000e-06,2.26250000e+00,2.43437500e+00,-2.56250000e-02,4.47656250e-01
1.99160000e-06,2.32187500e+00,2.52187500e+00,-6.25000000e-03,4.80468750e-01
1.99192000e-06,2.52187500e+00,2.60937500e+00,-2.50000000e-02,4.78125000e-01
1.99224000e-06,2.50000000e+00,2.58437500e+00,-9.37500000e-03,4.15625000e-01
1.99256000e-06,2.50000000e+00,2.69687500e+00,-9.37500000e-03,4.20312500e-01
1.99288000e-06,2.37500000e+00,2.52187500e+00,-6.87500000e-03,4.12500000e-01
1.99320000e-06,2.41250000e+00,2.49687500e+00,6.25000000e-04,4.87500000e-01
1.99352000e-06,2.40000000e+00,2.54687500e+00,-1.18750000e-02,3.99218750e-01
1.99384000e-06,2.41250000e+00,2.57187500e+00,-1.75000000e-02,3.84375000e-01
1.99416000e-06,2.32500000e+00,2.43437500e+00,-4.37500000e-02,4.74218750e-01
1.99448000e-06,2.42500000e+00,2.40937500e+00,-3.25000000e-02,5.24218750e-01
1.99480000e-06,2.45000000e+00,2.57187500e+00,3.75000000e-03,5.32031250e-01
1.99512000e-06,2.32500000e+00,2.52187500e+00,-3.56250000e-02,4.98437500e-01
1.99544000e-06,2.32500000e+00,2.49687500e+00,-4.37500000e-03,5.17187500e-01
1.99576000e-06,2.37500000e+00,2.43437500e+00,-1.31250000e-02,5.10156250e-01
1.99608000e-06,2.57500000e+00,2.45937500e+00,-1.68750000e-02,4.10937500e-01
1.99640000e-06,2.33750000e+00,2.40937500e+00,-1.25000000e-02,3.50000000e-01
1.99672000e-06,2.28750000e+00,2.53437500e+00,-5.12500000e-02,4.21093750e-01
1.99704000e-06,2.31562500e+00,2.50937500e+00,-6.25000000e-03,4.38281250e-01
1.99736000e-06,2.54687500e+00,2.67187500e+00,-1.68750000e-02,4.11718750e-01
1.99768000e-06,2.57500000e+00,2.53437500e+00,-2.18750000e-02,4.42968750e-01
1.99800000e-06,2.40000000e+00,2.44687500e+00,6.25000000e-04,4.28125000e-01
1.99832000e-06,2.40000000e+00,2.38437500e+00,-1.18750000e-02,3.77343750e-01
1.99864000e-06,2.27500000e+00,2.57187500e+00,5.62500000e-03,3.72656250e-01
1.99896000e-06,2.36562500e+00,2.57187500e+00,-4.12500000e-02,4.57031250e-01
1.99928000e-06,2.26250000e+00,2.44687500e+00,-1.93750000e-02,4.79687500e-01
1.99960000e-06,2.45000000e+00,2.44687500e+00,-2.31250000e-02,4.13281250e-01
1.99992000e-06,2.38750000e+00,2.50937500e+00,-3.12500000e-02,4.49218750e-01
2.00024000e-06,2.43750000e+00,2.50937500e+00,-2.12500000e-02,4.16406250e-01
2.00056000e-06,2.38750000e+00,2.52187500e+00,8.12500000e-03,4.32031250e-01
2.00088000e-06,2.47500000e+00,2.40937500e+00,-1.43750000e-02,4.60156250e-01
2.00120000e-06,2.43750000e+00,2.52187500e+00,-1.25000000e-02,4.61718750e-01
2.00152000e-06,2.40000000e+00,2.43437500e+00,-5.37500000e-02,4.39062500e-01
2.00184000e-06,2.36250000e+00,2.63437500e+00,-1.62500000e-02,3.81250000e-01
2.00216000e-06,2.28750000e+00,2.64687500e+00,-6.87500000e-03,3.80468750e-01
2.00248000e-06,2.41562500e+00,2.57187500e+00,-4.37500000e-02,3.70312500e-01
2.00280000e-06,2.37500000e+00,2.49687500e+00,-2.56250000e-02,3.57031250e-01
2.00312000e-06,2.43750000e+00,2.52187500e+00,-2.25000000e-02,3.69531250e-01
2.00344000e-06,2.57500000e+00,2.52187500e+00,-3.00000000e-02,3.96875000e-01
2.00376000e-06,2.46250000e+00,2.47187500e+00,-1.68750000e-02,4.82812500e-01
2.00408000e-06,2.43750000e+00,2.53437500e+00,-4.00000000e-02,4.85937500e-01
2.00440000e-06,2.40000000e+00,2.48437500e+00,-8.75000000e-03,4.32812500e-01
2.00472000e-06,2.38750000e+00,2.54687500e+00,6.25000000e-04,4.72656250e-01
2.00504000e-06,2.46250000e+00,2.65937500e+00,-4.12500000e-02,3.85937500e-01
2.00536000e-06,2.52500000e+00,2.49687500e+00,-2.12500000e-02,4.28906250e-01
2.00568000e-06,2.48750000e+00,2.55937500e+00,-9.37500000e-03,4.71093750e-01
2.00600000e-06,2.45000000e+00,2.47187500e+00,-2.56250000e-02,4.24218750e-01
2.00632000e-06,2.35000000e+00,2.57187500e+00,-3.12500000e-02,3.82812500e-01
2.00664000e-06,2.40000000e+00,2.49687500e+00,-3.81250000e-02,3.50000000e-01
2.00696000e-06,2.45000000e+00,2.50937500e+00,-4.37500000e-03,3.93750000e-01
2.00728000e-06,2.41250000e+00,2.52187500e+00,-6.25000000e-03,4.57031250e-01
2.00760000e-06,2.36250000e+00,2.44687500e+00,3.12500000e-03,4.59375000e-01
2.00792000e-06,2.50000000e+00,2.52187500e+00,-2.62500000e-02,4.36718750e-01
2.00824000e-06,2.46250000e+00,2.63437500e+00,-2.87500000e-02,3.40625000e-01
2.00856000e-06,2.37500000e+00,2.48437500e+00,-4.62500000e-02,3.63281250e-01
2.00888000e-06,2.38750000e+00,2.50937500e+00,-2.56250000e-02,3.76562500e-01
2.00920000e-06,2.41250000e+00,2.59687500e+00,-3.56250000e-02,4.01562500e-01
2.00952000e-06,2.46250000e+00,2.59687500e+00,-3.06250000e-02,4.09375000e-01
2.00984000e-06,2.51250000e+00,2.43437500e+00,-1.62500000e-02,3.58593750e-01
2.01016000e-06,2.42500000e+00,2.49687500e+00,-2.25000000e-02,4.85156250e-01
2.01048000e-06,2.36250000e+00,2.59687500e+00,-3.31250000e-02,4.65625000e-01
2.01080000e-06,2.45000000e+00,2.62187500e+00,-3.75000000e-03,3.88281250e-01
2.01112000e-06,2.50000000e+00,2.44687500e+00,1.25000000e-03,5.01562500e-01
2.01144000e-06,2.42500000e+00,2.49687500e+00,-2.87500000e-02,5.12500000e-01
2.01176000e-06,2.40000000e+00,2.50937500e+00,-3.06250000e-02,4.77343750e-01
2.01208000e-06,2.58750000e+00,2.42187500e+00,-1.50000000e-02,5.18750000e-01
2.01240000e-06,2.36250000e+00,2.48437500e+00,-2.12500000e-02,5.27343750e-01
2.01272000e-06,2.45000000e+00,2.55937500e+00,-1.18750000e-02,4.39843750e-01
2.01304000e-06,2.46250000e+00,2.54687500e+00,-1.93750000e-02,5.13281250e-01
2.01336000e-06,2.47500000e+00,2.47187500e+00,-9.37500000e-03,5.35937500e-01
2.01368000e-06,2.28750000e+00,2.34687500e+00,-2.87500000e-02,3.94531250e-01
2.01400000e-06,2.41250000e+00,2.54687500e+00,-3.12500000e-02,4.01562500e-01
2.01432000e-06,2.44375000e+00,2.45937500e+00,-3.62500000e-02,4.14843750e-01
2.01464000e-06,2.48750000e+00,2.49687500e+00,-1.87500000e-02,4.88281250e-01
2.01496000e-06,2.50000000e+00,2.54687500e+00,-1.00000000e-02,5.68750000e-01
2.01528000e-06,2.32500000e+00,2.59687500e+00,-4.62500000e-02,5.06250000e-01
2.01560000e-06,2.37500000e+00,2.49687500e+00,-2.50000000e-02,4.92187500e-01
2.01592000e-06,2.46250000e+00,2.48437500e+00,-1.25000000e-03,5.31250000e-01
2.01624000e-06,2.52500000e+00,2.52187500e+00,2.37500000e-02,4.96875000e-01
2.01656000e-06,2.56250000e+00,2.52187500e+00,-1.25000000e-02,3.91406250e-01
2.01688000e-06,2.27500000e+00,2.45937500e+00,-4.37500000e-02,4.55468750e-01
2.01720000e-06,2.32500000e+00,2.60937500e+00,-3.06250000e-02,4.57031250e-01
2.01752000e-06,2.43437500e+00,2.64687500e+00,-3.00000000e-02,4.51562500e-01
2.01784000e-06,2.26250000e+00,2.57187500e+00,1.25000000e-03,4.36718750e-01
2.01816000e-06,2.45000000e+00,2.47187500e+00,-1.37500000e-02,4.61718750e-01
2.01848000e-06,2.38125000e+00,2.62187500e+00,-4.37500000e-03,4.90625000e-01
2.01880000e-06,2.43750000e+00,2.49687500e+00,-1.93750000e-02,4.39062500e-01
2.01912000e-06,2.46250000e+00,2.55937500e+00,-1.93750000e-02,4.11718750e-01
2.01944000e-06,2.36250000e+00,2.53437500e+00,-2.87500000e-02,4.23437500e-01
2.01976000e-06,2.35000000e+00,2.55937500e+00,-2.87500000e-02,4.95312500e-01
2.02008000e-06,2.46250000e+00,2.50937500e+00,-4.62500000e-02,5.50000000e-01
2.02040000e-06,2.43750000e+00,2.40937500e+00,-2.75000000e-02,5.26562500e-01
2.02072000e-06,2.45000000e+00,2.57187500e+00,1.12500000e-02,5.09375000e-01
2.02104000e-06,2.32500000e+00,2.58437500e+00,-2.18750000e-02,4.46093750e-01
2.02136000e-06,2.45000000e+00,2.45937500e+00,-1.93750000e-02,4.23437500e-01
2.02168000e-06,2.43750000e+00,2.50937500e+00,-9.37500000e-03,4.21875000e-01
2.02200000e-06,2.42500000e+00,2.57187500e+00,-2.62500000e-02,4.16406250e-01
2.02232000e-06,2.22500000e+00,2.58437500e+00,-2.56250000e-02,3.65625000e-01
2.02264000e-06,2.44062500e+00,2.49687500e+00,-2.87500000e-02,3.60156250e-01
2.02296000e-06,2.49375000e+00,2.50937500e+00,-3.25000000e-02,4.92968750e-01
2.02328000e-06,2.53750000e+00,2.42187500e+00,-2.18750000e-02,5.52343750e-01
2.02360000e-06,2.53750000e+00,2.63437500e+00,1.37500000e-02,5.10156250e-01
2.02392000e-06,2.45000000e+00,2.40937500e+00,-2.62500000e-02,3.96093750e-01
2.02424000e-06,2.35000000e+00,2.60937500e+00,-2.87500000e-02,4.27343750e-01
2.02456000e-06,2.47500000e+00,2.60937500e+00,-5.37500000e-02,4.65625000e-01
2.02488000e-06,2.45000000e+00,2.47187500e+00,-1.37500000e-02,4.07031250e-01
2.02520000e-06,2.31250000e+00,2.44687500e+00,-2.87500000e-02,4.46093750e-01
2.02552000e-06,2.25000000e+00,2.53437500e+00,-2.56250000e-02,4.87500000e-01
2.02584000e-06,2.53437500e+00,2.50937500e+00,-1.18750000e-02,4.59375000e-01
2.02616000e-06,2.53750000e+00,2.58437500e+00,1.25000000e-03,4.46093750e-01
2.02648000e-06,2.51250000e+00,2.58437500e+00,-3.12500000e-02,4.61718750e-01
2.02680000e-06,2.48750000e+00,2.52187500e+00,-5.12500000e-02,3.57812500e-01
2.02712000e-06,2.43750000e+00,2.32187500e+00,-2.18750000e-02,3.36718750e-01
2.02744000e-06,2.47500000e+00,2.55937500e+00,-7.50000000e-03,3.73437500e-01
2.02776000e-06,2.50000000e+00,2.60937500e+00,-2.56250000e-02,3.82812500e-01
2.02808000e-06,2.40000000e+00,2.45937500e+00,-1.12500000e-02,5.26562500e-01
2.02840000e-06,2.61250000e+00,2.54687500e+00,-1.25000000e-03,4.53125000e-01
2.02872000e-06,2.52500000e+00,2.58437500e+00,-1.93750000e-02,3.95312500e-01
2.02904000e-06,2.46250000e+00,2.45937500e+00,-2.00000000e-02,4.41406250e-01
2.02936000e-06,2.32500000e+00,2.62187500e+00,-4.87500000e-02,4.17187500e-01
2.02968000e-06,2.25000000e+00,2.48437500e+00,-3.31250000e-02,3.68750000e-01
2.03000000e-06,2.24062500e+00,2.64687500e+00,-4.81250000e-02,3.92187500e-01
2.03032000e-06,2.40937500e+00,2.58437500e+00,-2.50000000e-02,4.39062500e-01
2.03064000e-06,2.47500000e+00,2.54687500e+00,6.25000000e-03,4.03125000e-01
2.03096000e-06,2.47500000e+00,2.38437500e+00,-3.06250000e-02,3.64062500e-01
2.03128000e-06,2.47500000e+00,2.50937500e+00,-1.43750000e-02,4.88281250e-01
2.03160000e-06,2.37500000e+00,2.44687500e+00,-1.06250000e-02,5.22656250e-01
2.03192000e-06,2.42500000e+00,2.62187500e+00,-3.37500000e-02,3.75781250e-01
2.03224000e-06,2.45000000e+00,2.48437500e+00,-2.12500000e-02,3.21875000e-01
2.03256000e-06,2.42500000e+00,2.59687500e+00,-1.18750000e-02,3.85937500e-01
2.03288000e-06,2.41250000e+00,2.52187500e+00,-3.37500000e-02,4.44531250e-01
2.03320000e-06,2.42500000e+00,2.55937500e+00,-5.37500000e-02,4.95312500e-01
2.03352000e-06,2.41250000e+00,2.49687500e+00,-3.06250000e-02,4.53906250e-01
2.03384000e-06,2.46250000e+00,2.50937500e+00,-1.62500000e-02,4.47656250e-01
2.03416000e-06,2.48750000e+00,2.44687500e+00,-1.87500000e-02,4.85937500e-01
2.03448000e-06,2.33750000e+00,2.52187500e+00,-1.43750000e-02,4.47656250e-01
2.03480000e-06,2.42500000e+00,2.52187500e+00,-2.62500000e-02,3.68750000e-01
2.03512000e-06,2.43750000e+00,2.62187500e+00,-4.62500000e-02,3.15625000e-01
2.03544000e-06,2.38750000e+00,2.53437500e+00,-1.68750000e-02,3.18750000e-01
2.03576000e-06,2.30000000e+00,2.47187500e+00,-7.50000000e-03,3.86718750e-01
2.03608000e-06,2.38750000e+00,2.49687500e+00,-3.87500000e-02,4.32031250e-01
2.03640000e-06,2.51875000e+00,2.48437500e+00,-3.06250000e-02,4.00781250e-01
2.03672000e-06,2.35000000e+00,2.38437500e+00,-3.06250000e-02,3.96875000e-01
2.03704000e-06,2.25000000e+00,2.58437500e+00,-1.62500000e-02,3.52343750e-01
2.03736000e-06,2.37812500e+00,2.47187500e+00,-1.43750000e-02,3.78125000e-01
2.03768000e-06,2.23125000e+00,2.43437500e+00,-6.87500000e-03,4.91406250e-01
2.03800000e-06,2.37812500e+00,2.44687500e+00,-1.18750000e-02,5.50000000e-01
2.03832000e-06,2.40625000e+00,2.59687500e+00,-6.87500000e-03,5.10156250e-01
2.03864000e-06,2.38750000e+00,2.57187500e+00,-3.56250000e-02,4.89843750e-01
2.03896000e-06,2.36250000e+00,2.48437500e+00,-6.87500000e-03,4.71875000e-01
2.03928000e-06,2.41250000e+00,2.44687500e+00,-2.25000000e-02,4.56250000e-01
2.03960000e-06,2.33750000e+00,2.59687500e+00,-3.37500000e-02,4.43750000e-01
2.03992000e-06,2.47500000e+00,2.44687500e+00,-3.31250000e-02,4.00781250e-01
2.04024000e-06,2.31250000e+00,2.54687500e+00,-1.62500000e-02,4.05468750e-01
2.04056000e-06,2.37500000e+00,2.38437500e+00,6.25000000e-04,4.75781250e-01
2.04088000e-06,2.45000000e+00,2.54687500e+00,-1.93750000e-02,5.07031250e-01
2.04120000e-06,2.28750000e+00,2.50937500e+00,-4.37500000e-02,5.04687500e-01
2.04152000e-06,2.35000000e+00,2.42187500e+00,-4.12500000e-02,4.98437500e-01
2.04184000e-06,2.40625000e+00,2.38437500e+00,-1.68750000e-02,3.61718750e-01
2.04216000e-06,2.46250000e+00,2.44687500e+00,-2.87500000e-02,3.29687500e-01
2.04248000e-06,2.35000000e+00,2.55937500e+00,-2.81250000e-02,4.61718750e-01
2.04280000e-06,2.48750000e+00,2.48437500e+00,-2.25000000e-02,5.32812500e-01
2.04312000e-06,2.42500000e+00,2.52187500e+00,-3.81250000e-02,5.25781250e-01
2.04344000e-06,2.35000000e+00,2.48437500e+00,-2.56250000e-02,4.94531250e-01
2.04376000e-06,2.56250000e+00,2.50937500e+00,-6.25000000e-03,4.67187500e-01
2.04408000e-06,2.56250000e+00,2.43437500e+00,2.50000000e-03,4.62500000e-01
2.04440000e-06,2.45000000e+00,2.44687500e+00,-4.87500000e-02,4.22656250e-01
2.04472000e-06,2.51250000e+00,2.38437500e+00,-6.25000000e-03,4.32812500e-01
2.04504000e-06,2.63750000e+00,2.38437500e+00,-4.37500000e-03,4.45312500e-01
2.04536000e-06,2.76250000e+00,2.48437500e+00,-4.37500000e-02,4.86718750e-01
2.04568000e-06,2.76250000e+00,2.37187500e+00,-2.18750000e-02,4.76562500e-01
2.04600000e-06,2.75000000e+00,2.45937500e+00,-1.25000000e-02,5.16406250e-01
2.04632000e-06,2.72500000e+00,2.50937500e+00,-1.18750000e-02,5.66406250e-01
2.04664000e-06,2.70000000e+00,2.35937500e+00,-6.87500000e-03,5.10937500e-01
2.04696000e-06,2.62500000e+00,2.54687500e+00,-4.37500000e-03,4.88281250e-01
2.04728000e-06,2.50000000e+00,2.55937500e+00,-2.62500000e-02,4.80468750e-01
2.04760000e-06,2.50000000e+00,2.50937500e+00,-9.37500000e-03,4.00000000e-01
2.04792000e-06,2.62500000e+00,2.47187500e+00,-4.68750000e-02,4.29687500e-01
2.04824000e-06,2.57500000e+00,2.42187500e+00,-2.18750000e-02,5.11718750e-01
2.04856000e-06,2.63750000e+00,2.54687500e+00,1.25000000e-02,4.26562500e-01
2.04888000e-06,2.58750000e+00,2.50937500e+00,-2.87500000e-02,4.15625000e-01
2.04920000e-06,2.57500000e+00,2.43437500e+00,-2.81250000e-02,4.33593750e-01
2.04952000e-06,2.50000000e+00,2.48437500e+00,-1.50000000e-02,4.00000000e-01
2.04984000e-06,2.55000000e+00,2.57187500e+00,-4.56250000e-02,3.57812500e-01
2.05016000e-06,2.65000000e+00,2.52187500e+00,-1.37500000e-02,3.00781250e-01
2.05048000e-06,2.55000000e+00,2.57187500e+00,-4.37500000e-03,3.67187500e-01
2.05080000e-06,2.46250000e+00,2.53437500e+00,-1.87500000e-03,4.33593750e-01
2.05112000e-06,2.33750000e+00,2.44687500e+00,6.25000000e-04,4.62500000e-01
2.05144000e-06,2.50000000e+00,2.53437500e+00,-6.87500000e-03,4.64062500e-01
2.05176000e-06,2.55000000e+00,2.62187500e+00,-2.87500000e-02,4.88281250e-01
2.05208000e-06,2.52500000e+00,2.44687500e+00,-5.37500000e-02,4.28906250e-01
2.05240000e-06,2.43750000e+00,2.49687500e+00,-1.68750000e-02,3.74218750e-01
2.05272000e-06,2.43750000e+00,2.48437500e+00,-6.87500000e-03,4.00000000e-01
2.05304000e-06,2.53750000e+00,2.60937500e+00,-1.50000000e-02,4.44531250e-01
2.05336000e-06,2.43750000e+00,2.49687500e+00,-1.18750000e-02,4.40625000e-01
2.05368000e-06,2.38750000e+00,2.52187500e+00,8.12500000e-03,4.07031250e-01
2.05400000e-06,2.50000000e+00,2.53437500e+00,-2.00000000e-02,4.75000000e-01
2.05432000e-06,2.36250000e+00,2.53437500e+00,-2.56250000e-02,4.59375000e-01
2.05464000e-06,2.17500000e+00,2.37187500e+00,-8.75000000e-03,4.14843750e-01
2.05496000e-06,2.26562500e+00,2.47187500e+00,-8.75000000e-03,3.97656250e-01
2.05528000e-06,2.33437500e+00,2.33437500e+00,-4.37500000e-03,4.35156250e-01
2.05560000e-06,2.31875000e+00,2.49687500e+00,-3.62500000e-02,5.07031250e-01
2.05592000e-06,2.31250000e+00,2.57187500e+00,-2.18750000e-02,4.92187500e-01
2.05624000e-06,2.49062500e+00,2.43437500e+00,-3.93750000e-02,4.24218750e-01
2.05656000e-06,2.51250000e+00,2.40937500e+00,-4.06250000e-02,4.07031250e-01
2.05688000e-06,2.26250000e+00,2.49687500e+00,-1.87500000e-03,4.42968750e-01
2.05720000e-06,2.36250000e+00,2.55937500e+00,8.75000000e-03,5.28125000e-01
2.05752000e-06,2.41875000e+00,2.48437500e+00,1.06250000e-02,4.70312500e-01
2.05784000e-06,2.25000000e+00,2.58437500e+00,-3.62500000e-02,4.37500000e-01
2.05816000e-06,2.42500000e+00,2.72187500e+00,-4.62500000e-02,4.19531250e-01
2.05848000e-06,2.40000000e+00,2.48437500e+00,-6.87500000e-03,5.02343750e-01
2.05880000e-06,2.35000000e+00,2.58437500e+00,-1.25000000e-02,4.79687500e-01
2.05912000e-06,2.37500000e+00,2.38437500e+00,-2.62500000e-02,4.32812500e-01
2.05944000e-06,2.41250000e+00,2.59687500e+00,-4.06250000e-02,5.46875000e-01
2.05976000e-06,2.45000000e+00,2.50937500e+00,-2.81250000e-02,4.75000000e-01
2.06008000e-06,2.37500000e+00,2.72187500e+00,-3.81250000e-02,4.42968750e-01
2.06040000e-06,2.38750000e+00,2.73437500e+00,-3.81250000e-02,4.66406250e-01
2.06072000e-06,2.41250000e+00,2.72187500e+00,-2.12500000e-02,4.37500000e-01
2.06104000e-06,2.32500000e+00,2.57187500e+00,-6.87500000e-03,3.89843750e-01
2.06136000e-06,2.28750000e+00,2.68437500e+00,-2.18750000e-02,4.04687500e-01
2.06168000e-06,2.35312500e+00,2.50937500e+00,-1.68750000e-02,4.89062500e-01
2.06200000e-06,2.41875000e+00,2.63437500e+00,-6.87500000e-03,5.75000000e-01
2.06232000e-06,2.31250000e+00,2.58437500e+00,-1.50000000e-02,5.71875000e-01
2.06264000e-06,2.40000000e+00,2.45937500e+00,-3.87500000e-02,4.45312500e-01
2.06296000e-06,2.42500000e+00,2.50937500e+00,-5.25000000e-02,4.45312500e-01
2.06328000e-06,2.37500000e+00,2.40937500e+00,6.25000000e-03,4.82031250e-01
2.06360000e-06,2.37500000e+00,2.48437500e+00,-3.50000000e-02,4.14843750e-01
2.06392000e-06,2.40000000e+00,2.49687500e+00,-4.37500000e-03,4.57812500e-01
2.06424000e-06,2.38750000e+00,2.49687500e+00,-2.18750000e-02,4.13281250e-01
2.06456000e-06,2.40000000e+00,2.63437500e+00,5.62500000e-03,4.43750000e-01
2.06488000e-06,2.38750000e+00,2.40937500e+00,-1.18750000e-02,4.35156250e-01
2.06520000e-06,2.22500000e+00,2.49687500e+00,5.62500000e-03,3.92187500e-01
2.06552000e-06,2.30312500e+00,2.60937500e+00,-3.37500000e-02,5.00000000e-01
2.06584000e-06,2.24687500e+00,2.50937500e+00,-4.12500000e-02,5.65625000e-01
2.06616000e-06,2.25937500e+00,2.42187500e+00,-6.87500000e-03,5.24218750e-01
2.06648000e-06,2.32187500e+00,2.44687500e+00,-1.00000000e-02,4.96093750e-01
2.06680000e-06,2.32187500e+00,2.57187500e+00,-4.87500000e-02,5.17968750e-01
2.06712000e-06,2.43750000e+00,2.49687500e+00,-3.06250000e-02,4.84375000e-01
2.06744000e-06,2.30000000e+00,2.43437500e+00,-3.25000000e-02,3.67187500e-01
2.06776000e-06,2.18750000e+00,2.62187500e+00,3.75000000e-03,4.06250000e-01
2.06808000e-06,2.30937500e+00,2.38437500e+00,-2.50000000e-02,4.75781250e-01
2.06840000e-06,2.33437500e+00,2.70937500e+00,-1.43750000e-02,4.60156250e-01
2.06872000e-06,2.28750000e+00,2.58437500e+00,-1.50000000e-02,4.63281250e-01
2.06904000e-06,2.27500000e+00,2.62187500e+00,-4.87500000e-02,5.23437500e-01
2.06936000e-06,2.22187500e+00,2.69687500e+00,-4.00000000e-02,4.50781250e-01
2.06968000e-06,2.29687500e+00,2.62187500e+00,-8.75000000e-03,4.53906250e-01
2.07000000e-06,2.32187500e+00,2.55937500e+00,-3.56250000e-02,4.41406250e-01
2.07032000e-06,2.28437500e+00,2.63437500e+00,-1.43750000e-02,3.66406250e-01
2.07064000e-06,2.22187500e+00,2.70937500e+00,-7.50000000e-03,3.43750000e-01
2.07096000e-06,2.33437500e+00,2.85937500e+00,-2.25000000e-02,4.41406250e-01
2.07128000e-06,2.26875000e+00,2.57187500e+00,-3.56250000e-02,4.94531250e-01
2.07160000e-06,2.02500000e+00,2.63437500e+00,-1.12500000e-02,5.23437500e-01
2.07192000e-06,2.24687500e+00,2.63437500e+00,-4.06250000e-02,4.89843750e-01
2.07224000e-06,2.25937500e+00,2.69687500e+00,-4.37500000e-02,5.27343750e-01
2.07256000e-06,2.16250000e+00,2.49687500e+00,-1.75000000e-02,6.11718750e-01
2.07288000e-06,2.08750000e+00,2.63437500e+00,-3.56250000e-02,5.76562500e-01
2.07320000e-06,2.09375000e+00,2.62187500e+00,1.37500000e-02,4.60156250e-01
2.07352000e-06,2.07812500e+00,2.65937500e+00,-3.56250000e-02,4.04687500e-01
2.07384000e-06,2.24062500e+00,2.57187500e+00,-1.87500000e-03,3.84375000e-01
2.07416000e-06,2.05625000e+00,2.68437500e+00,-3.93750000e-02,4.02343750e-01
2.07448000e-06,2.08125000e+00,2.57187500e+00,-4.56250000e-02,4.53906250e-01
2.07480000e-06,2.13125000e+00,2.62187500e+00,1.56250000e-02,5.16406250e-01
2.07512000e-06,2.05937500e+00,2.50937500e+00,-4.81250000e-02,3.97656250e-01
2.07544000e-06,1.98125000e+00,2.57187500e+00,-1.18750000e-02,3.44531250e-01
2.07576000e-06,1.92812500e+00,2.49687500e+00,7.50000000e-03,3.93750000e-01
2.07608000e-06,2.15625000e+00,2.49687500e+00,-3.37500000e-02,3.96875000e-01
2.07640000e-06,2.12187500e+00,2.53437500e+00,-6.12500000e-02,3.42968750e-01
2.07672000e-06,2.01562500e+00,2.50937500e+00,-2.00000000e-02,3.46093750e-01
2.07704000e-06,1.97812500e+00,2.48437500e+00,-2.18750000e-02,4.03906250e-01
2.07736000e-06,1.94375000e+00,2.57187500e+00,-2.00000000e-02,5.27343750e-01
2.07768000e-06,1.85312500e+00,2.49687500e+00,-3.87500000e-02,5.80468750e-01
2.07800000e-06,1.97812500e+00,2.47187500e+00,-1.62500000e-02,4.35937500e-01
2.07832000e-06,2.07812500e+00,2.47187500e+00,-2.00000000e-02,4.03906250e-01
2.07864000e-06,1.94062500e+00,2.65937500e+00,-3.87500000e-02,4.12500000e-01
2.07896000e-06,1.84062500e+00,2.49687500e+00,-1.87500000e-02,4.29687500e-01
2.07928000e-06,1.86562500e+00,2.54687500e+00,-4.37500000e-03,3.92187500e-01
2.07960000e-06,1.74062500e+00,2.62187500e+00,-3.31250000e-02,3.64843750e-01
2.07992000e-06,1.86562500e+00,2.79687500e+00,3.12500000e-03,4.36718750e-01
2.08024000e-06,1.87812500e+00,2.64687500e+00,-1.43750000e-02,3.65625000e-01
2.08056000e-06,1.72812500e+00,2.70937500e+00,-2.81250000e-02,3.28906250e-01
2.08088000e-06,1.74062500e+00,2.68437500e+00,-6.87500000e-03,4.36718750e-01
2.08120000e-06,1.81562500e+00,2.77187500e+00,-4.37500000e-02,4.37500000e-01
2.08152000e-06,1.75312500e+00,2.70937500e+00,3.12500000e-03,4.64062500e-01
2.08184000e-06,1.65312500e+00,2.69687500e+00,-1.31250000e-02,4.12500000e-01
2.08216000e-06,1.72812500e+00,2.57187500e+00,-9.37500000e-03,3.97656250e-01
2.08248000e-06,1.75312500e+00,2.68437500e+00,2.50000000e-03,3.82812500e-01
2.08280000e-06,1.79062500e+00,2.63437500e+00,-3.31250000e-02,2.85937500e-01
2.08312000e-06,1.72812500e+00,2.58437500e+00,-8.75000000e-03,3.26562500e-01
2.08344000e-06,1.66562500e+00,2.62187500e+00,-2.50000000e-02,4.07812500e-01
2.08376000e-06,1.65312500e+00,2.69687500e+00,8.12500000e-03,3.61718750e-01
2.08408000e-06,1.81562500e+00,2.55937500e+00,-3.81250000e-02,3.72656250e-01
2.08440000e-06,1.66562500e+00,2.72187500e+00,6.25000000e-04,4.04687500e-01
2.08472000e-06,1.70312500e+00,2.63437500e+00,-2.62500000e-02,3.56250000e-01
2.08504000e-06,1.70312500e+00,2.74687500e+00,-2.81250000e-02,3.47656250e-01
2.08536000e-06,1.76562500e+00,2.53437500e+00,-1.87500000e-03,3.36718750e-01
2.08568000e-06,1.65312500e+00,2.54687500e+00,-2.50000000e-02,2.73437500e-01
2.08600000e-06,1.67812500e+00,2.55937500e+00,-4.37500000e-03,2.36718750e-01
2.08632000e-06,1.65312500e+00,2.57187500e+00,-1.50000000e-02,3.10937500e-01
2.08664000e-06,1.61562500e+00,2.48437500e+00,-4.06250000e-02,3.62500000e-01
2.08696000e-06,1.62812500e+00,2.57187500e+00,1.25000000e-03,2.75000000e-01
2.08728000e-06,1.69062500e+00,2.55937500e+00,-1.62500000e-02,2.63281250e-01
2.08760000e-06,1.60312500e+00,2.49687500e+00,-2.00000000e-02,3.34375000e-01
2.08792000e-06,1.61562500e+00,2.43437500e+00,-3.12500000e-02,2.87500000e-01
2.08824000e-06,1.65312500e+00,2.57187500e+00,-2.12500000e-02,2.72656250e-01
2.08856000e-06,1.71562500e+00,2.45937500e+00,-4.37500000e-03,2.79687500e-01
2.08888000e-06,1.56562500e+00,2.53437500e+00,-9.37500000e-03,2.82812500e-01
2.08920000e-06,1.61562500e+00,2.45937500e+00,-3.12500000e-02,2.39843750e-01
2.08952000e-06,1.76562500e+00,2.55937500e+00,-3.31250000e-02,2.71875000e-01
2.08984000e-06,1.69062500e+00,2.57187500e+00,-2.18750000e-02,3.05468750e-01
2.09016000e-06,1.60312500e+00,2.59687500e+00,-1.87500000e-02,2.67187500e-01
2.09048000e-06,1.67812500e+00,2.59687500e+00,-1.18750000e-02,2.20312500e-01
2.09080000e-06,1.64062500e+00,2.55937500e+00,-1.87500000e-03,2.28125000e-01
2.09112000e-06,1.60312500e+00,2.59687500e+00,-3.31250000e-02,2.07031250e-01
2.09144000e-06,1.60312500e+00,2.67187500e+00,-4.37500000e-03,1.24218750e-01
2.09176000e-06,1.61562500e+00,2.49687500e+00,-6.87500000e-03,1.36718750e-01
2.09208000e-06,1.69062500e+00,2.52187500e+00,-2.56250000e-02,2.20312500e-01
2.09240000e-06,1.64062500e+00,2.65937500e+00,-1.18750000e-02,2.09375000e-01
2.09272000e-06,1.72812500e+00,2.52187500e+00,-1.87500000e-03,1.50000000e-01
2.09304000e-06,1.60312500e+00,2.54687500e+00,-2.87500000e-02,1.99218750e-01
2.09336000e-06,1.77812500e+00,2.49687500e+00,-1.68750000e-02,2.49218750e-01
2.09368000e-06,1.64062500e+00,2.59687500e+00,-2.62500000e-02,2.27343750e-01
2.09400000e-06,1.55312500e+00,2.62187500e+00,-4.37500000e-03,1.66406250e-01
2.09432000e-06,1.71562500e+00,2.52187500e+00,-1.43750000e-02,1.86718750e-01
2.09464000e-06,1.71562500e+00,2.53437500e+00,-6.87500000e-03,1.88281250e-01
2.09496000e-06,1.72812500e+00,2.54687500e+00,-1.18750000e-02,1.12500000e-01
2.09528000e-06,1.64062500e+00,2.44687500e+00,-1.00000000e-02,1.24218750e-01
2.09560000e-06,1.76562500e+00,2.47187500e+00,-4.62500000e-02,3.82812500e-02
2.09592000e-06,1.62812500e+00,2.45937500e+00,-4.56250000e-02,-1.56250000e-02
2.09624000e-06,1.69062500e+00,2.47187500e+00,-1.37500000e-02,1.25000000e-02
2.09656000e-06,1.69062500e+00,2.53437500e+00,-7.50000000e-03,5.93750000e-02
2.09688000e-06,1.79062500e+00,2.45937500e+00,-3.62500000e-02,8.51562500e-02
2.09720000e-06,1.74062500e+00,2.47187500e+00,-3.06250000e-02,7.18750000e-02
2.09752000e-06,1.75312500e+00,2.40937500e+00,-5.06250000e-02,3.35937500e-02
2.09784000e-06,1.66562500e+00,2.45937500e+00,-1.12500000e-02,1.12500000e-01
2.09816000e-06,1.61562500e+00,2.48437500e+00,-1.18750000e-02,1.34375000e-01
2.09848000e-06,1.72812500e+00,2.45937500e+00,-2.56250000e-02,7.57812500e-02
2.09880000e-06,1.70312500e+00,2.42187500e+00,6.25000000e-04,3.35937500e-02
2.09912000e-06,1.71562500e+00,2.53437500e+00,-1.75000000e-02,8.59375000e-02
2.09944000e-06,1.79062500e+00,2.49687500e+00,-2.18750000e-02,1.46093750e-01
2.09976000e-06,1.74062500e+00,2.55937500e+00,-1.18750000e-02,5.39062500e-02
2.10008000e-06,1.69062500e+00,2.42187500e+00,-1.25000000e-02,-4.37500000e-02
2.10040000e-06,1.60312500e+00,2.45937500e+00,-3.56250000e-02,-9.76562500e-02
2.10072000e-06,1.72812500e+00,2.45937500e+00,3.75000000e-03,-8.43750000e-02
2.10104000e-06,1.56562500e+00,2.44687500e+00,-2.56250000e-02,-3.90625000e-03
2.10136000e-06,1.60312500e+00,2.59687500e+00,-4.37500000e-02,2.57812500e-02
2.10168000e-06,1.59062500e+00,2.57187500e+00,-1.68750000e-02,-2.18750000e-02
2.10200000e-06,1.71562500e+00,2.57187500e+00,-6.87500000e-03,-2.89062500e-02
2.10232000e-06,1.87812500e+00,2.55937500e+00,-1.87500000e-03,-1.32812500e-02
2.10264000e-06,1.77812500e+00,2.40937500e+00,-2.56250000e-02,-5.31250000e-02
2.10296000e-06,1.64062500e+00,2.37187500e+00,-6.87500000e-03,-3.75000000e-02
2.10328000e-06,1.64062500e+00,2.45937500e+00,-2.18750000e-02,3.90625000e-03
2.10360000e-06,1.77812500e+00,2.43437500e+00,-1.25000000e-02,-2.34375000e-02
2.10392000e-06,1.69062500e+00,2.43437500e+00,-3.87500000e-02,-7.10937500e-02
2.10424000e-06,1.67812500e+00,2.50937500e+00,-1.62500000e-02,2.96875000e-02
2.10456000e-06,1.71562500e+00,2.57187500e+00,-2.18750000e-02,1.28906250e-01
2.10488000e-06,1.67812500e+00,2.49687500e+00,3.12500000e-03,-2.81250000e-02
2.10520000e-06,1.75312500e+00,2.48437500e+00,-1.93750000e-02,-3.59375000e-02
2.10552000e-06,1.71562500e+00,2.57187500e+00,-9.37500000e-03,1.95312500e-02
2.10584000e-06,1.79062500e+00,2.43437500e+00,-2.81250000e-02,2.34375000e-03
2.10616000e-06,1.80312500e+00,2.40937500e+00,-1.43750000e-02,8.59375000e-03
2.10648000e-06,1.72812500e+00,2.54687500e+00,-1.93750000e-02,-3.98437500e-02
2.10680000e-06,1.74062500e+00,2.42187500e+00,-4.12500000e-02,-1.21093750e-01
2.10712000e-06,1.76562500e+00,2.45937500e+00,-2.81250000e-02,-1.21875000e-01
2.10744000e-06,1.76562500e+00,2.58437500e+00,-1.18750000e-02,-5.93750000e-02
2.10776000e-06,1.79062500e+00,2.42187500e+00,-3.06250000e-02,-8.04687500e-02
2.10808000e-06,1.74062500e+00,2.54687500e+00,-2.25000000e-02,-7.81250000e-03
2.10840000e-06,1.82812500e+00,2.40937500e+00,-2.00000000e-02,4.21875000e-02
2.10872000e-06,1.75312500e+00,2.50937500e+00,-7.50000000e-03,6.25000000e-03
2.10904000e-06,1.76562500e+00,2.44687500e+00,-4.12500000e-02,-6.32812500e-02
2.10936000e-06,1.61562500e+00,2.50937500e+00,-4.31250000e-02,-1.42968750e-01
2.10968000e-06,1.87812500e+00,2.49687500e+00,-3.75000000e-03,-9.84375000e-02
2.11000000e-06,1.72812500e+00,2.62187500e+00,-5.87500000e-02,-3.67187500e-02
2.11032000e-06,1.74062500e+00,2.53437500e+00,-4.06250000e-02,-1.25000000e-02
2.11064000e-06,1.66562500e+00,2.43437500e+00,-1.50000000e-02,-1.71875000e-02
2.11096000e-06,1.69062500e+00,2.53437500e+00,-3.50000000e-02,1.64062500e-02
2.11128000e-06,1.64062500e+00,2.60937500e+00,1.25000000e-03,-7.10937500e-02
2.11160000e-06,1.80312500e+00,2.50937500e+00,1.25000000e-03,-1.57812500e-01
2.11192000e-06,1.74062500e+00,2.55937500e+00,-4.37500000e-03,-8.67187500e-02
2.11224000e-06,1.70312500e+00,2.49687500e+00,-1.68750000e-02,-1.64062500e-02
2.11256000e-06,1.71562500e+00,2.52187500e+00,-3.12500000e-02,-4.84375000e-02
2.11288000e-06,1.74062500e+00,2.58437500e+00,-1.68750000e-02,-9.14062500e-02
2.11320000e-06,1.65312500e+00,2.53437500e+00,-4.93750000e-02,-7.03125000e-02
2.11352000e-06,1.62812500e+00,2.52187500e+00,-3.56250000e-02,-2.81250000e-02
2.11384000e-06,1.61562500e+00,2.53437500e+00,-1.93750000e-02,-9.21875000e-02
2.11416000e-06,1.64062500e+00,2.52187500e+00,-6.25000000e-03,-9.14062500e-02
2.11448000e-06,1.57812500e+00,2.78437500e+00,-3.37500000e-02,-1.32812500e-02
2.11480000e-06,1.76562500e+00,2.69687500e+00,-1.93750000e-02,-7.81250000e-04
2.11512000e-06,1.57812500e+00,2.58437500e+00,-1.00000000e-02,-1.12500000e-01
2.11544000e-06,1.76562500e+00,2.60937500e+00,-3.62500000e-02,-1.70312500e-01
2.11576000e-06,1.66562500e+00,2.65937500e+00,-2.56250000e-02,-7.96875000e-02
2.11608000e-06,1.62812500e+00,2.53437500e+00,-4.37500000e-03,-6.01562500e-02
2.11640000e-06,1.67812500e+00,2.43437500e+00,2.87500000e-02,-6.01562500e-02
2.11672000e-06,1.74062500e+00,2.50937500e+00,-1.25000000e-02,-4.60937500e-02
2.11704000e-06,1.57812500e+00,2.65937500e+00,-2.81250000e-02,-1.07031250e-01
2.11736000e-06,1.69062500e+00,2.65937500e+00,-3.75000000e-03,-1.10156250e-01
2.11768000e-06,1.64062500e+00,2.55937500e+00,-1.93750000e-02,-1.43750000e-01
2.11800000e-06,1.82812500e+00,2.52187500e+00,-3.87500000e-02,-1.60156250e-01
2.11832000e-06,1.55312500e+00,2.48437500e+00,-1.12500000e-02,-1.39062500e-01
2.11864000e-06,1.75312500e+00,2.47187500e+00,-1.18750000e-02,-1.14843750e-01
2.11896000e-06,1.67812500e+00,2.64687500e+00,-1.43750000e-02,-1.07812500e-01
2.11928000e-06,1.67812500e+00,2.49687500e+00,-2.18750000e-02,-5.62500000e-02
2.11960000e-06,1.85312500e+00,2.58437500e+00,-2.62500000e-02,-5.23437500e-02
2.11992000e-06,1.66562500e+00,2.63437500e+00,-5.37500000e-02,-6.71875000e-02
2.12024000e-06,1.55312500e+00,2.55937500e+00,-2.81250000e-02,-9.53125000e-02
2.12056000e-06,1.61562500e+00,2.53437500e+00,-1.37500000e-02,-2.18750000e-02
2.12088000e-06,1.72812500e+00,2.47187500e+00,8.75000000e-03,2.65625000e-02
2.12120000e-06,1.72812500e+00,2.49687500e+00,-3.87500000e-02,-7.03125000e-02
2.12152000e-06,1.46562500e+00,2.54687500e+00,-3.37500000e-02,-6.25000000e-02
2.12184000e-06,1.71562500e+00,2.60937500e+00,-3.37500000e-02,-5.54687500e-02
2.12216000e-06,1.67812500e+00,2.50937500e+00,-3.50000000e-02,-7.50000000e-02
2.12248000e-06,1.59062500e+00,2.62187500e+00,1.37500000e-02,-5.54687500e-02
2.12280000e-06,1.52812500e+00,2.60937500e+00,-3.31250000e-02,-5.15625000e-02
2.12312000e-06,1.62812500e+00,2.55937500e+00,-4.12500000e-02,-7.03125000e-03
2.12344000e-06,1.67812500e+00,2.54687500e+00,-2.81250000e-02,-3.98437500e-02
2.12376000e-06,1.60312500e+00,2.43437500e+00,-1.68750000e-02,-3.28125000e-02
2.12408000e-06,1.57812500e+00,2.50937500e+00,-4.31250000e-02,-3.90625000e-03
2.12440000e-06,1.66562500e+00,2.55937500e+00,-1.37500000e-02,-2.73437500e-02
2.12472000e-06,1.52812500e+00,2.60937500e+00,-9.37500000e-03,-4.14062500e-02
2.12504000e-06,1.52812500e+00,2.62187500e+00,-3.12500000e-02,-9.37500000e-03
2.12536000e-06,1.46562500e+00,2.63437500e+00,-1.43750000e-02,-4.37500000e-02
2.12568000e-06,1.55312500e+00,2.49687500e+00,-2.31250000e-02,9.37500000e-03
2.12600000e-06,1.61875000e+00,2.53437500e+00,-2.56250000e-02,4.06250000e-02
2.12632000e-06,1.62812500e+00,2.48437500e+00,-2.56250000e-02,7.81250000e-03
2.12664000e-06,1.47812500e+00,2.64687500e+00,-3.25000000e-02,7.03125000e-03
2.12696000e-06,1.59062500e+00,2.57187500e+00,6.25000000e-04,-3.20312500e-02
2.12728000e-06,1.59062500e+00,2.52187500e+00,8.75000000e-03,3.75000000e-02
2.12760000e-06,1.64062500e+00,2.44687500e+00,-4.37500000e-03,2.81250000e-02
2.12792000e-06,1.61562500e+00,2.59687500e+00,-1.93750000e-02,-2.34375000e-02
2.12824000e-06,1.74062500e+00,2.58437500e+00,-1.43750000e-02,-7.65625000e-02
2.12856000e-06,1.57812500e+00,2.49687500e+00,-2.00000000e-02,-2.81250000e-02
2.12888000e-06,1.52812500e+00,2.52187500e+00,-2.56250000e-02,7.81250000e-03
2.12920000e-06,1.72812500e+00,2.54687500e+00,1.25000000e-03,-4.29687500e-02
2.12952000e-06,1.52812500e+00,2.49687500e+00,-1.62500000e-02,-2.81250000e-02
2.12984000e-06,1.50312500e+00,2.53437500e+00,-9.37500000e-03,-5.62500000e-02
2.13016000e-06,1.64062500e+00,2.52187500e+00,-3.87500000e-02,-1.21875000e-01
2.13048000e-06,1.54062500e+00,2.62187500e+00,-1.18750000e-02,-3.43750000e-02
2.13080000e-06,1.64062500e+00,2.38437500e+00,0.00000000e+00,1.71875000e-02
2.13112000e-06,1.57812500e+00,2.52187500e+00,-5.00000000e-03,9.37500000e-03
2.13144000e-06,1.75312500e+00,2.45937500e+00,-4.12500000e-02,-2.96875000e-02
2.13176000e-06,1.62812500e+00,2.42187500e+00,-2.12500000e-02,-4.60937500e-02
2.13208000e-06,1.65312500e+00,2.42187500e+00,-1.18750000e-02,-3.98437500e-02
2.13240000e-06,1.57812500e+00,2.53437500e+00,-1.93750000e-02,-1.15625000e-01
2.13272000e-06,1.54062500e+00,2.53437500e+00,-1.43750000e-02,-7.65625000e-02
2.13304000e-06,1.64062500e+00,2.48437500e+00,-2.00000000e-02,-5.46875000e-03
2.13336000e-06,1.66562500e+00,2.37187500e+00,-3.62500000e-02,-2.26562500e-02
2.13368000e-06,1.45312500e+00,2.52187500e+00,-3.06250000e-02,-1.04687500e-01
2.13400000e-06,1.61562500e+00,2.42187500e+00,-2.50000000e-02,-1.00781250e-01
2.13432000e-06,1.64062500e+00,2.52187500e+00,2.37500000e-02,-2.34375000e-02
2.13464000e-06,1.55312500e+00,2.47187500e+00,-8.75000000e-03,-6.25000000e-03
2.13496000e-06,1.67812500e+00,2.50937500e+00,-3.12500000e-02,-8.98437500e-02
2.13528000e-06,1.61562500e+00,2.59687500e+00,-4.12500000e-02,-3.20312500e-02
2.13560000e-06,1.59062500e+00,2.67187500e+00,-3.06250000e-02,-1.09375000e-02
2.13592000e-06,1.59062500e+00,2.52187500e+00,-1.18750000e-02,1.09375000e-02
2.13624000e-06,1.46562500e+00,2.58437500e+00,-3.31250000e-02,-9.37500000e-03
2.13656000e-06,1.62812500e+00,2.47187500e+00,-3.75000000e-03,-1.07812500e-01
2.13688000e-06,1.51875000e+00,2.47187500e+00,-2.87500000e-02,-7.34375000e-02
2.13720000e-06,1.66562500e+00,2.39687500e+00,-3.62500000e-02,-6.79687500e-02
2.13752000e-06,1.54062500e+00,2.52187500e+00,-4.37500000e-02,-8.67187500e-02
2.13784000e-06,1.64062500e+00,2.54687500e+00,-1.37500000e-02,-5.15625000e-02
2.13816000e-06,1.55312500e+00,2.54687500e+00,-1.18750000e-02,-6.79687500e-02
2.13848000e-06,1.50312500e+00,2.35937500e+00,-6.87500000e-03,-1.03906250e-01
2.13880000e-06,1.45312500e+00,2.48437500e+00,-1.00000000e-02,-7.10937500e-02
2.13912000e-06,1.65312500e+00,2.33437500e+00,-4.12500000e-02,-5.15625000e-02
2.13944000e-06,1.60625000e+00,2.49687500e+00,-1.37500000e-02,-5.46875000e-02
2.13976000e-06,1.65312500e+00,2.53437500e+00,-1.87500000e-03,-7.10937500e-02
2.14008000e-06,1.62812500e+00,2.70937500e+00,-4.12500000e-02,-1.26562500e-01
2.14040000e-06,1.60312500e+00,2.50937500e+00,-2.56250000e-02,-8.82812500e-02
2.14072000e-06,1.50312500e+00,2.53437500e+00,-1.18750000e-02,-3.51562500e-02
2.14104000e-06,1.55312500e+00,2.38437500e+00,-1.87500000e-02,-8.90625000e-02
2.14136000e-06,1.70312500e+00,2.52187500e+00,-2.56250000e-02,-5.62500000e-02
2.14168000e-06,1.67812500e+00,2.45937500e+00,-1.87500000e-03,-4.84375000e-02
2.14200000e-06,1.59062500e+00,2.52187500e+00,-2.81250000e-02,-6.17187500e-02
2.14232000e-06,1.59062500e+00,2.47187500e+00,-2.25000000e-02,-1.24218750e-01
2.14264000e-06,1.61562500e+00,2.53437500e+00,-2.56250000e-02,-8.98437500e-02
2.14296000e-06,1.60312500e+00,2.47187500e+00,-1.87500000e-02,-2.89062500e-02
2.14328000e-06,1.60312500e+00,2.62187500e+00,-1.12500000e-02,-8.35937500e-02
2.14360000e-06,1.60312500e+00,2.64687500e+00,-2.56250000e-02,-1.30468750e-01
2.14392000e-06,1.65312500e+00,2.47187500e+00,-4.37500000e-03,-7.81250000e-02
2.14424000e-06,1.57812500e+00,2.42187500e+00,-2.62500000e-02,-9.60937500e-02
2.14456000e-06,1.54062500e+00,2.48437500e+00,-3.62500000e-02,-1.07031250e-01
2.14488000e-06,1.59062500e+00,2.60937500e+00,-2.62500000e-02,-1.71093750e-01
2.14520000e-06,1.47812500e+00,2.62187500e+00,-3.50000000e-02,-1.60156250e-01
2.14552000e-06,1.47812500e+00,2.62187500e+00,-3.75000000e-03,-6.79687500e-02
2.14584000e-06,1.62812500e+00,2.65937500e+00,-3.75000000e-03,-5.46875000e-02
2.14616000e-06,1.69375000e+00,2.67187500e+00,-1.25000000e-02,-2.96875000e-02
2.14648000e-06,1.62812500e+00,2.64687500e+00,-4.62500000e-02,-7.42187500e-02
2.14680000e-06,1.56562500e+00,2.49687500e+00,-1.62500000e-02,-9.68750000e-02
2.14712000e-06,1.51562500e+00,2.54687500e+00,-1.25000000e-02,-3.28125000e-02
2.14744000e-06,1.60312500e+00,2.62187500e+00,-2.87500000e-02,7.81250000e-04
2.14776000e-06,1.69062500e+00,2.69687500e+00,-2.50000000e-02,-3.43750000e-02
2.14808000e-06,1.56562500e+00,2.59687500e+00,-2.56250000e-02,-7.42187500e-02
2.14840000e-06,1.51562500e+00,2.52187500e+00,-2.50000000e-02,-2.18750000e-02
2.14872000e-06,1.61562500e+00,2.52187500e+00,-2.00000000e-02,1.64062500e-02
2.14904000e-06,1.42812500e+00,2.30937500e+00,-1.87500000e-02,-4.68750000e-02
2.14936000e-06,1.62812500e+00,2.47187500e+00,-2.62500000e-02,-8.43750000e-02
2.14968000e-06,1.46875000e+00,2.69687500e+00,-2.87500000e-02,-2.18750000e-02
2.15000000e-06,1.50312500e+00,2.49687500e+00,-4.87500000e-02,2.57812500e-02
2.15032000e-06,1.61562500e+00,2.59687500e+00,-3.56250000e-02,-4.60937500e-02
2.15064000e-06,1.57812500e+00,2.47187500e+00,-2.56250000e-02,-4.68750000e-02
2.15096000e-06,1.64062500e+00,2.52187500e+00,-2.75000000e-02,1.48437500e-02
2.15128000e-06,1.61562500e+00,2.47187500e+00,-6.25000000e-03,-5.46875000e-03
2.15160000e-06,1.52812500e+00,2.54687500e+00,-1.62500000e-02,-3.75000000e-02
2.15192000e-06,1.72812500e+00,2.43437500e+00,-1.93750000e-02,-7.65625000e-02
2.15224000e-06,1.66562500e+00,2.45937500e+00,-2.00000000e-02,-5.39062500e-02
2.15256000e-06,1.50312500e+00,2.44687500e+00,-3.87500000e-02,-2.65625000e-02
2.15288000e-06,1.61562500e+00,2.57187500e+00,-4.31250000e-02,7.03125000e-03
2.15320000e-06,1.51562500e+00,2.54687500e+00,-1.37500000e-02,-2.26562500e-02
2.15352000e-06,1.49062500e+00,2.47187500e+00,-3.37500000e-02,-1.00781250e-01
2.15384000e-06,1.64062500e+00,2.50937500e+00,-1.68750000e-02,-1.26562500e-01
2.15416000e-06,1.54375000e+00,2.62187500e+00,-2.31250000e-02,-1.39843750e-01
2.15448000e-06,1.67812500e+00,2.47187500e+00,-2.18750000e-02,-9.29687500e-02
2.15480000e-06,1.55312500e+00,2.42187500e+00,-1.75000000e-02,-9.45312500e-02
2.15512000e-06,1.56562500e+00,2.45937500e+00,-3.81250000e-02,-1.11718750e-01
2.15544000e-06,1.46562500e+00,2.49687500e+00,1.37500000e-02,-1.16406250e-01
2.15576000e-06,1.54062500e+00,2.45937500e+00,-1.87500000e-03,-1.50781250e-01
2.15608000e-06,1.69062500e+00,2.60937500e+00,-1.68750000e-02,-1.58593750e-01
2.15640000e-06,1.64062500e+00,2.44687500e+00,-2.62500000e-02,-5.46875000e-02
2.15672000e-06,1.52812500e+00,2.53437500e+00,-3.62500000e-02,-9.21875000e-02
2.15704000e-06,1.54062500e+00,2.54687500e+00,-2.56250000e-02,-8.75000000e-02
2.15736000e-06,1.50312500e+00,2.54687500e+00,-6.25000000e-03,-6.56250000e-02
2.15768000e-06,1.55312500e+00,2.39687500e+00,-6.25000000e-03,-1.11718750e-01
2.15800000e-06,1.46562500e+00,2.49687500e+00,6.25000000e-04,-8.04687500e-02
2.15832000e-06,1.46562500e+00,2.50937500e+00,-4.37500000e-03,-9.84375000e-02
2.15864000e-06,1.51562500e+00,2.53437500e+00,-2.87500000e-02,-5.93750000e-02
2.15896000e-06,1.43125000e+00,2.50937500e+00,-4.31250000e-02,-2.34375000e-03
2.15928000e-06,1.45312500e+00,2.39687500e+00,8.12500000e-03,-1.71875000e-02
2.15960000e-06,1.65625000e+00,2.54687500e+00,-1.43750000e-02,-4.29687500e-02
2.15992000e-06,1.58125000e+00,2.58437500e+00,-5.12500000e-02,-3.75000000e-02
2.16024000e-06,1.49062500e+00,2.25937500e+00,-3.75000000e-02,2.34375000e-03
2.16056000e-06,1.47812500e+00,2.50937500e+00,-1.68750000e-02,-8.75000000e-02
2.16088000e-06,1.57812500e+00,2.42187500e+00,-4.06250000e-02,-1.20312500e-01
2.16120000e-06,1.54062500e+00,2.47187500e+00,-1.87500000e-02,-5.46875000e-02
2.16152000e-06,1.54062500e+00,2.52187500e+00,-1.43750000e-02,-7.89062500e-02
2.16184000e-06,1.41562500e+00,2.52187500e+00,-1.87500000e-03,-1.25000000e-01
2.16216000e-06,1.54062500e+00,2.35937500e+00,6.25000000e-04,-7.03125000e-02
2.16248000e-06,1.49375000e+00,2.49687500e+00,-2.00000000e-02,-2.10937500e-02
2.16280000e-06,1.60312500e+00,2.43437500e+00,-4.37500000e-02,-3.04687500e-02
2.16312000e-06,1.42812500e+00,2.50937500e+00,-2.12500000e-02,-4.92187500e-02
2.16344000e-06,1.46562500e+00,2.42187500e+00,-1.93750000e-02,-1.02343750e-01
2.16376000e-06,1.50312500e+00,2.34687500e+00,-1.93750000e-02,-1.42187500e-01
2.16408000e-06,1.69375000e+00,2.52187500e+00,-2.56250000e-02,-1.00781250e-01
2.16440000e-06,1.59062500e+00,2.45937500e+00,-1.87500000e-03,-9.14062500e-02
2.16472000e-06,1.55312500e+00,2.32187500e+00,-1.43750000e-02,-4.68750000e-03
2.16504000e-06,1.60312500e+00,2.57187500e+00,-3.62500000e-02,-3.43750000e-02
2.16536000e-06,1.51562500e+00,2.43437500e+00,-1.93750000e-02,-8.20312500e-02
2.16568000e-06,1.45312500e+00,2.45937500e+00,-1.56250000e-02,-2.89062500e-02
2.16600000e-06,1.67812500e+00,2.53437500e+00,-4.12500000e-02,-5.15625000e-02
2.16632000e-06,1.59062500e+00,2.54687500e+00,-8.75000000e-03,-5.78125000e-02
2.16664000e-06,1.56562500e+00,2.42187500e+00,-2.62500000e-02,-2.57812500e-02
2.16696000e-06,1.55312500e+00,2.50937500e+00,-1.43750000e-02,-3.12500000e-02
2.16728000e-06,1.55312500e+00,2.49687500e+00,-1.25000000e-02,-4.68750000e-02
2.16760000e-06,1.52812500e+00,2.57187500e+00,-1.18750000e-02,-4.29687500e-02
2.16792000e-06,1.47812500e+00,2.48437500e+00,6.25000000e-04,1.56250000e-02
2.16824000e-06,1.45312500e+00,2.58437500e+00,-2.56250000e-02,3.20312500e-02
2.16856000e-06,1.66562500e+00,2.49687500e+00,3.31250000e-02,3.12500000e-02
2.16888000e-06,1.48125000e+00,2.67187500e+00,-7.50000000e-03,-1.95312500e-02
2.16920000e-06,1.55312500e+00,2.68437500e+00,-4.87500000e-02,-3.51562500e-02
2.16952000e-06,1.65312500e+00,2.62187500e+00,-3.06250000e-02,-7.42187500e-02
2.16984000e-06,1.57812500e+00,2.59687500e+00,-3.75000000e-02,-7.10937500e-02
2.17016000e-06,1.57812500e+00,2.45937500e+00,-1.25000000e-03,-5.62500000e-02
2.17048000e-06,1.54062500e+00,2.49687500e+00,-1.87500000e-02,-1.56250000e-02
2.17080000e-06,1.49062500e+00,2.63437500e+00,-2.18750000e-02,-3.98437500e-02
2.17112000e-06,1.47812500e+00,2.43437500e+00,1.31250000e-02,-4.92187500e-02
2.17144000e-06,1.55312500e+00,2.68437500e+00,-1.93750000e-02,-5.70312500e-02
2.17176000e-06,1.50625000e+00,2.57187500e+00,-2.00000000e-02,3.04687500e-02
2.17208000e-06,1.49062500e+00,2.39687500e+00,-2.62500000e-02,-5.07812500e-02
2.17240000e-06,1.45312500e+00,2.30937500e+00,-2.75000000e-02,-1.04687500e-01
2.17272000e-06,1.51875000e+00,2.58437500e+00,-1.18750000e-02,-6.48437500e-02
2.17304000e-06,1.52812500e+00,2.42187500e+00,-4.31250000e-02,-9.53125000e-02
2.17336000e-06,1.50312500e+00,2.55937500e+00,-1.87500000e-02,-3.82812500e-02
2.17368000e-06,1.37812500e+00,2.44687500e+00,3.12500000e-03,5.39062500e-02
2.17400000e-06,1.54062500e+00,2.42187500e+00,-1.68750000e-02,1.56250000e-02
2.17432000e-06,1.54375000e+00,2.57187500e+00,-2.81250000e-02,-4.45312500e-02
2.17464000e-06,1.62812500e+00,2.59687500e+00,3.12500000e-03,-1.23437500e-01
2.17496000e-06,1.64062500e+00,2.45937500e+00,-3.12500000e-02,-6.09375000e-02
2.17528000e-06,1.60312500e+00,2.57187500e+00,-4.62500000e-02,5.46875000e-03
2.17560000e-06,1.46562500e+00,2.44687500e+00,-6.87500000e-03,-4.29687500e-02
2.17592000e-06,1.59062500e+00,2.42187500e+00,-4.37500000e-03,2.03125000e-02
2.17624000e-06,1.65312500e+00,2.45937500e+00,-4.37500000e-03,3.04687500e-02
2.17656000e-06,1.59062500e+00,2.59687500e+00,-4.37500000e-02,3.28125000e-02
2.17688000e-06,1.42812500e+00,2.63437500e+00,-1.43750000e-02,-4.14062500e-02
2.17720000e-06,1.46562500e+00,2.53437500e+00,5.00000000e-03,-5.70312500e-02
2.17752000e-06,1.46562500e+00,2.45937500e+00,-3.37500000e-02,-3.75000000e-02
2.17784000e-06,1.53125000e+00,2.55937500e+00,-3.06250000e-02,-8.28125000e-02
2.17816000e-06,1.51875000e+00,2.40937500e+00,-1.18750000e-02,-1.12500000e-01
2.17848000e-06,1.52812500e+00,2.45937500e+00,-3.81250000e-02,5.70312500e-02
2.17880000e-06,1.46562500e+00,2.42187500e+00,-2.18750000e-02,2.18750000e-02
2.17912000e-06,1.59062500e+00,2.53437500e+00,-3.43750000e-02,-5.07812500e-02
2.17944000e-06,1.49375000e+00,2.45937500e+00,-4.12500000e-02,-3.82812500e-02
2.17976000e-06,1.49062500e+00,2.62187500e+00,-3.43750000e-02,-5.39062500e-02
2.18008000e-06,1.35000000e+00,2.50937500e+00,-6.87500000e-02,-7.03125000e-03
2.18040000e-06,1.43125000e+00,2.62187500e+00,1.25000000e-03,-6.56250000e-02
2.18072000e-06,1.46562500e+00,2.57187500e+00,-3.68750000e-02,-1.00781250e-01
2.18104000e-06,1.46562500e+00,2.60937500e+00,-2.87500000e-02,-6.09375000e-02
2.18136000e-06,1.59062500e+00,2.45937500e+00,-3.06250000e-02,-7.96875000e-02
2.18168000e-06,1.55625000e+00,2.57187500e+00,-1.18750000e-02,-1.10156250e-01
2.18200000e-06,1.56562500e+00,2.52187500e+00,-7.00000000e-02,-8.82812500e-02
2.18232000e-06,1.49062500e+00,2.62187500e+00,-3.25000000e-02,-7.10937500e-02
2.18264000e-06,1.45312500e+00,2.40937500e+00,-1.62500000e-02,-6.48437500e-02
2.18296000e-06,1.61875000e+00,2.44687500e+00,-1.43750000e-02,-1.26562500e-01
2.18328000e-06,1.41875000e+00,2.48437500e+00,-3.62500000e-02,-1.10156250e-01
2.18360000e-06,1.41562500e+00,2.57187500e+00,-4.62500000e-02,-3.82812500e-02
2.18392000e-06,1.44375000e+00,2.65937500e+00,-4.87500000e-02,2.34375000e-03
2.18424000e-06,1.61562500e+00,2.45937500e+00,-4.06250000e-02,-2.89062500e-02
2.18456000e-06,1.50625000e+00,2.37187500e+00,-2.75000000e-02,-5.46875000e-02
2.18488000e-06,1.62812500e+00,2.47187500e+00,-3.75000000e-03,-5.23437500e-02
2.18520000e-06,1.49062500e+00,2.35937500e+00,-1.37500000e-02,-1.10937500e-01
2.18552000e-06,1.50312500e+00,2.69687500e+00,-1.50000000e-02,-1.24218750e-01
2.18584000e-06,1.55312500e+00,2.52187500e+00,-2.25000000e-02,-7.73437500e-02
2.18616000e-06,1.55312500e+00,2.60937500e+00,-3.56250000e-02,-8.59375000e-02
2.18648000e-06,1.51562500e+00,2.57187500e+00,6.25000000e-03,-7.03125000e-02
2.18680000e-06,1.54062500e+00,2.43437500e+00,-4.81250000e-02,-3.98437500e-02
2.18712000e-06,1.59062500e+00,2.54687500e+00,-4.12500000e-02,-7.81250000e-04
2.18744000e-06,1.50312500e+00,2.57187500e+00,-2.56250000e-02,-6.09375000e-02
2.18776000e-06,1.47812500e+00,2.59687500e+00,-1.37500000e-02,-1.26562500e-01
2.18808000e-06,1.51562500e+00,2.58437500e+00,-1.43750000e-02,-1.14843750e-01
2.18840000e-06,1.52812500e+00,2.50937500e+00,-3.12500000e-02,-2.65625000e-02
2.18872000e-06,1.41562500e+00,2.47187500e+00,-4.06250000e-02,-1.79687500e-02
2.18904000e-06,1.50312500e+00,2.45937500e+00,-3.00000000e-02,-3.12500000e-03
2.18936000e-06,1.49375000e+00,2.60937500e+00,-3.75000000e-03,-9.45312500e-02
2.18968000e-06,1.49062500e+00,2.47187500e+00,-2.18750000e-02,-6.40625000e-02
2.19000000e-06,1.39375000e+00,2.49687500e+00,-2.18750000e-02,3.51562500e-02
2.19032000e-06,1.53125000e+00,2.54687500e+00,-2.25000000e-02,-6.17187500e-02
2.19064000e-06,1.41875000e+00,2.69687500e+00,-1.43750000e-02,-9.14062500e-02
2.19096000e-06,1.40312500e+00,2.53437500e+00,3.12500000e-03,-3.75000000e-02
2.19128000e-06,1.41875000e+00,2.57187500e+00,-1.68750000e-02,-1.48437500e-02
2.19160000e-06,1.50625000e+00,2.42187500e+00,-2.25000000e-02,7.81250000e-04
2.19192000e-06,1.40625000e+00,2.57187500e+00,-2.56250000e-02,-2.96875000e-02
2.19224000e-06,1.49062500e+00,2.54687500e+00,-2.12500000e-02,-5.85937500e-02
2.19256000e-06,1.64375000e+00,2.60937500e+00,3.75000000e-03,1.79687500e-02
2.19288000e-06,1.51875000e+00,2.48437500e+00,-4.37500000e-03,1.56250000e-02
2.19320000e-06,1.47812500e+00,2.48437500e+00,-9.37500000e-03,-6.71875000e-02
2.19352000e-06,1.46562500e+00,2.52187500e+00,3.12500000e-03,-5.78125000e-02
2.19384000e-06,1.36875000e+00,2.45937500e+00,-1.75000000e-02,-3.20312500e-02
2.19416000e-06,1.53125000e+00,2.53437500e+00,-2.87500000e-02,2.57812500e-02
2.19448000e-06,1.53125000e+00,2.49687500e+00,-3.00000000e-02,2.03125000e-02
2.19480000e-06,1.59062500e+00,2.58437500e+00,-2.81250000e-02,-1.87500000e-02
2.19512000e-06,1.51562500e+00,2.53437500e+00,-1.87500000e-02,-7.18750000e-02
2.19544000e-06,1.50312500e+00,2.42187500e+00,-1.00000000e-02,-4.92187500e-02
2.19576000e-06,1.64062500e+00,2.45937500e+00,-1.93750000e-02,-6.48437500e-02
2.19608000e-06,1.44062500e+00,2.48437500e+00,-9.37500000e-03,1.56250000e-03
2.19640000e-06,1.50312500e+00,2.55937500e+00,-1.87500000e-03,3.20312500e-02
2.19672000e-06,1.50312500e+00,2.55937500e+00,1.56250000e-02,4.68750000e-03
2.19704000e-06,1.42812500e+00,2.43437500e+00,-1.43750000e-02,3.28125000e-02
2.19736000e-06,1.45312500e+00,2.40937500e+00,-1.18750000e-02,-4.21875000e-02
2.19768000e-06,1.44375000e+00,2.62187500e+00,2.50000000e-03,-2.26562500e-02
2.19800000e-06,1.58125000e+00,2.52187500e+00,-4.06250000e-02,-1.25000000e-02
2.19832000e-06,1.53125000e+00,2.44687500e+00,8.75000000e-03,-5.46875000e-03
2.19864000e-06,1.42812500e+00,2.55937500e+00,6.25000000e-03,2.03125000e-02
2.19896000e-06,1.51562500e+00,2.62187500e+00,-1.87500000e-03,-2.96875000e-02
2.19928000e-06,1.54375000e+00,2.42187500e+00,-1.25000000e-02,-3.67187500e-02
2.19960000e-06,1.52812500e+00,2.48437500e+00,-3.87500000e-02,3.12500000e-03
2.19992000e-06,1.46562500e+00,2.45937500e+00,-1.25000000e-03,7.81250000e-03
2.20024000e-06,1.46562500e+00,2.63437500e+00,5.00000000e-03,2.42187500e-02
2.20056000e-06,1.59375000e+00,2.45937500e+00,-3.31250000e-02,9.45312500e-02
2.20088000e-06,1.49375000e+00,2.58437500e+00,-1.93750000e-02,5.78125000e-02
2.20120000e-06,1.50312500e+00,2.50937500e+00,-3.25000000e-02,3.28125000e-02
2.20152000e-06,1.46562500e+00,2.62187500e+00,-1.12500000e-02,-3.35937500e-02
2.20184000e-06,1.46562500e+00,2.57187500e+00,-1.62500000e-02,-5.07812500e-02
2.20216000e-06,1.59375000e+00,2.53437500e+00,-1.00000000e-02,2.10937500e-02
2.20248000e-06,1.49375000e+00,2.49687500e+00,-3.56250000e-02,2.81250000e-02
2.20280000e-06,1.42812500e+00,2.60937500e+00,-8.75000000e-03,1.56250000e-03
2.20312000e-06,1.50312500e+00,2.55937500e+00,-1.93750000e-02,-6.25000000e-02
2.20344000e-06,1.55625000e+00,2.49687500e+00,-2.87500000e-02,-1.03125000e-01
2.20376000e-06,1.47812500e+00,2.48437500e+00,-5.06250000e-02,1.25000000e-02
2.20408000e-06,1.46562500e+00,2.55937500e+00,-4.31250000e-02,-1.79687500e-02
2.20440000e-06,1.41562500e+00,2.49687500e+00,-6.25000000e-03,-4.76562500e-02
2.20472000e-06,1.50312500e+00,2.59687500e+00,6.25000000e-04,-3.12500000e-02
2.20504000e-06,1.58125000e+00,2.60937500e+00,-9.37500000e-03,1.07031250e-01
2.20536000e-06,1.50312500e+00,2.67187500e+00,-1.50000000e-02,9.37500000e-02
2.20568000e-06,1.49062500e+00,2.53437500e+00,-1.93750000e-02,-2.81250000e-02
2.20600000e-06,1.54062500e+00,2.64687500e+00,-6.87500000e-03,-4.45312500e-02
2.20632000e-06,1.50625000e+00,2.55937500e+00,-3.31250000e-02,-6.87500000e-02
2.20664000e-06,1.52812500e+00,2.64687500e+00,8.12500000e-03,-6.25000000e-02
2.20696000e-06,1.51562500e+00,2.50937500e+00,2.06250000e-02,-1.01562500e-02
2.20728000e-06,1.45312500e+00,2.55937500e+00,1.31250000e-02,-1.48437500e-02
2.20760000e-06,1.46562500e+00,2.65937500e+00,-1.00000000e-02,-1.03906250e-01
2.20792000e-06,1.52812500e+00,2.60937500e+00,-4.37500000e-02,-1.03906250e-01
2.20824000e-06,1.49375000e+00,2.49687500e+00,-2.18750000e-02,-1.03125000e-01
2.20856000e-06,1.57812500e+00,2.54687500e+00,-3.12500000e-02,-1.27343750e-01
2.20888000e-06,1.51562500e+00,2.47187500e+00,-2.75000000e-02,-8.43750000e-02
2.20920000e-06,1.40312500e+00,2.52187500e+00,-2.50000000e-02,-1.08593750e-01
2.20952000e-06,1.67812500e+00,2.49687500e+00,2.12500000e-02,-1.50000000e-01
2.20984000e-06,1.46875000e+00,2.48437500e+00,0.00000000e+00,-9.60937500e-02
2.21016000e-06,1.55312500e+00,2.54687500e+00,-4.56250000e-02,-4.37500000e-02
2.21048000e-06,1.55312500e+00,2.57187500e+00,2.12500000e-02,-6.64062500e-02
2.21080000e-06,1.39062500e+00,2.48437500e+00,-2.50000000e-02,-1.00000000e-01
2.21112000e-06,1.47812500e+00,2.57187500e+00,3.12500000e-03,-1.30468750e-01
2.21144000e-06,1.55312500e+00,2.65937500e+00,-2.87500000e-02,-7.73437500e-02
2.21176000e-06,1.56875000e+00,2.59687500e+00,-3.62500000e-02,-2.96875000e-02
2.21208000e-06,1.55312500e+00,2.52187500e+00,-1.93750000e-02,-7.50000000e-02
2.21240000e-06,1.45312500e+00,2.59687500e+00,1.81250000e-02,2.42187500e-02
2.21272000e-06,1.54062500e+00,2.50937500e+00,-3.62500000e-02,6.25000000e-03
2.21304000e-06,1.56875000e+00,2.49687500e+00,6.25000000e-04,-9.76562500e-02
2.21336000e-06,1.45312500e+00,2.57187500e+00,-1.00000000e-02,-8.35937500e-02
2.21368000e-06,1.56562500e+00,2.69687500e+00,-3.37500000e-02,-1.03906250e-01
2.21400000e-06,1.51562500e+00,2.53437500e+00,-2.81250000e-02,-1.02343750e-01
2.21432000e-06,1.47812500e+00,2.52187500e+00,-2.00000000e-02,-5.46875000e-02
2.21464000e-06,1.46562500e+00,2.54687500e+00,-1.37500000e-02,-1.53125000e-01
2.21496000e-06,1.50312500e+00,2.64687500e+00,8.12500000e-03,-1.69531250e-01
2.21528000e-06,1.46562500e+00,2.58437500e+00,-3.87500000e-02,-3.75000000e-02
2.21560000e-06,1.50312500e+00,2.58437500e+00,-6.87500000e-03,-2.10937500e-02
2.21592000e-06,1.50625000e+00,2.50937500e+00,-2.50000000e-03,-5.62500000e-02
2.21624000e-06,1.54062500e+00,2.70937500e+00,-2.56250000e-02,-5.31250000e-02
2.21656000e-06,1.44062500e+00,2.50937500e+00,-1.87500000e-03,-4.53125000e-02
2.21688000e-06,1.60312500e+00,2.65937500e+00,3.12500000e-03,-6.25000000e-03
2.21720000e-06,1.50625000e+00,2.64687500e+00,-4.37500000e-03,7.42187500e-02
2.21752000e-06,1.56562500e+00,2.70937500e+00,-1.87500000e-03,1.75000000e-01
2.21784000e-06,1.56562500e+00,2.63437500e+00,-2.00000000e-02,1.65625000e-01
2.21816000e-06,1.47812500e+00,2.49687500e+00,-2.25000000e-02,4.21875000e-02
2.21848000e-06,1.42812500e+00,2.54687500e+00,-4.37500000e-03,2.57812500e-02
2.21880000e-06,1.46875000e+00,2.47187500e+00,3.12500000e-03,-2.89062500e-02
2.21912000e-06,1.60625000e+00,2.52187500e+00,-3.06250000e-02,-1.44531250e-01
2.21944000e-06,1.43125000e+00,2.55937500e+00,-2.56250000e-02,-1.66406250e-01
2.21976000e-06,1.59062500e+00,2.52187500e+00,-6.87500000e-03,-1.13281250e-01
2.22008000e-06,1.51562500e+00,2.48437500e+00,-3.37500000e-02,-5.46875000e-03
2.22040000e-06,1.59062500e+00,2.57187500e+00,-2.56250000e-02,5.78125000e-02
2.22072000e-06,1.56562500e+00,2.50937500e+00,-6.87500000e-03,-1.87500000e-02
2.22104000e-06,1.51562500e+00,2.50937500e+00,-6.25000000e-03,-8.98437500e-02
2.22136000e-06,1.50312500e+00,2.69687500e+00,-1.18750000e-02,-7.34375000e-02
2.22168000e-06,1.55312500e+00,2.53437500e+00,-9.37500000e-03,-4.14062500e-02
2.22200000e-06,1.52812500e+00,2.57187500e+00,-4.37500000e-03,-2.42187500e-02
2.22232000e-06,1.57812500e+00,2.60937500e+00,3.12500000e-03,-1.56250000e-02
2.22264000e-06,1.49062500e+00,2.58437500e+00,3.12500000e-03,-4.84375000e-02
2.22296000e-06,1.67812500e+00,2.53437500e+00,-1.50000000e-02,-3.35937500e-02
2.22328000e-06,1.57812500e+00,2.72187500e+00,-4.12500000e-02,5.78125000e-02
2.22360000e-06,1.55312500e+00,2.55937500e+00,-1.87500000e-02,6.09375000e-02
2.22392000e-06,1.45312500e+00,2.49687500e+00,-1.43750000e-02,1.32812500e-02
2.22424000e-06,1.47812500e+00,2.48437500e+00,-1.43750000e-02,-2.96875000e-02
2.22456000e-06,1.49062500e+00,2.62187500e+00,-2.00000000e-02,-9.53125000e-02
2.22488000e-06,1.40625000e+00,2.52187500e+00,-5.37500000e-02,-8.59375000e-02
2.22520000e-06,1.51562500e+00,2.59687500e+00,-3.56250000e-02,-3.43750000e-02
2.22552000e-06,1.51875000e+00,2.53437500e+00,-8.75000000e-03,2.73437500e-02
2.22584000e-06,1.51562500e+00,2.69687500e+00,-3.12500000e-02,-2.10937500e-02
2.22616000e-06,1.47812500e+00,2.55937500e+00,-4.37500000e-03,-3.98437500e-02
2.22648000e-06,1.42812500e+00,2.53437500e+00,1.50000000e-02,-6.64062500e-02
2.22680000e-06,1.41562500e+00,2.57187500e+00,-2.25000000e-02,-9.68750000e-02
2.22712000e-06,1.40625000e+00,2.67187500e+00,-3.87500000e-02,-1.71875000e-02
2.22744000e-06,1.41875000e+00,2.48437500e+00,-1.18750000e-02,4.68750000e-03
2.22776000e-06,1.50625000e+00,2.59687500e+00,-2.56250000e-02,-7.42187500e-02
2.22808000e-06,1.56875000e+00,2.58437500e+00,-2.75000000e-02,-5.39062500e-02
2.22840000e-06,1.47812500e+00,2.68437500e+00,3.12500000e-03,-6.48437500e-02
2.22872000e-06,1.62812500e+00,2.44687500e+00,-3.31250000e-02,-8.51562500e-02
2.22904000e-06,1.34375000e+00,2.50937500e+00,-3.75000000e-03,-1.15625000e-01
2.22936000e-06,1.52812500e+00,2.48437500e+00,-3.31250000e-02,-6.32812500e-02
2.22968000e-06,1.48125000e+00,2.55937500e+00,-2.87500000e-02,-3.28125000e-02
2.23000000e-06,1.51562500e+00,2.52187500e+00,-1.93750000e-02,-2.73437500e-02
2.23032000e-06,1.52812500e+00,2.53437500e+00,-1.18750000e-02,-5.00000000e-02
2.23064000e-06,1.45312500e+00,2.59687500e+00,-2.25000000e-02,-1.05468750e-01
2.23096000e-06,1.44062500e+00,2.48437500e+00,-6.87500000e-03,-1.18750000e-01
2.23128000e-06,1.55625000e+00,2.39687500e+00,6.25000000e-04,-1.07031250e-01
2.23160000e-06,1.64375000e+00,2.62187500e+00,-2.00000000e-02,-7.42187500e-02
2.23192000e-06,1.36562500e+00,2.57187500e+00,-4.31250000e-02,-2.50000000e-02
2.23224000e-06,1.57812500e+00,2.53437500e+00,-3.75000000e-03,-3.75000000e-02
2.23256000e-06,1.51875000e+00,2.54687500e+00,-2.12500000e-02,-5.07812500e-02
2.23288000e-06,1.45312500e+00,2.59687500e+00,-2.81250000e-02,-2.89062500e-02
2.23320000e-06,1.34062500e+00,2.48437500e+00,-1.68750000e-02,-7.73437500e-02
2.23352000e-06,1.43125000e+00,2.60937500e+00,-6.87500000e-03,-1.12500000e-01
2.23384000e-06,1.45625000e+00,2.57187500e+00,-1.18750000e-02,-5.23437500e-02
2.23416000e-06,1.46875000e+00,2.68437500e+00,6.25000000e-04,-4.06250000e-02
2.23448000e-06,1.58125000e+00,2.72187500e+00,-9.37500000e-03,-8.04687500e-02
2.23480000e-06,1.40625000e+00,2.58437500e+00,-1.93750000e-02,-1.04687500e-01
2.23512000e-06,1.45312500e+00,2.37187500e+00,-1.18750000e-02,-1.43750000e-01
2.23544000e-06,1.50312500e+00,2.48437500e+00,-1.25000000e-02,-7.42187500e-02
2.23576000e-06,1.48125000e+00,2.48437500e+00,-4.62500000e-02,-1.40625000e-02
2.23608000e-06,1.49062500e+00,2.62187500e+00,-2.56250000e-02,-9.37500000e-02
2.23640000e-06,1.54062500e+00,2.50937500e+00,-5.56250000e-02,-7.96875000e-02
2.23672000e-06,1.49375000e+00,2.58437500e+00,-2.75000000e-02,-6.48437500e-02
2.23704000e-06,1.56562500e+00,2.50937500e+00,3.75000000e-03,-1.00781250e-01
2.23736000e-06,1.46875000e+00,2.50937500e+00,-1.25000000e-03,-5.31250000e-02
2.23768000e-06,1.42812500e+00,2.58437500e+00,1.31250000e-02,-7.73437500e-02
2.23800000e-06,1.35312500e+00,2.45937500e+00,-2.87500000e-02,-8.43750000e-02
2.23832000e-06,1.63125000e+00,2.67187500e+00,-1.93750000e-02,-1.40625000e-02
2.23864000e-06,1.55625000e+00,2.59687500e+00,-2.50000000e-03,7.81250000e-04
2.23896000e-06,1.52812500e+00,2.53437500e+00,-2.81250000e-02,-2.34375000e-02
2.23928000e-06,1.45312500e+00,2.59687500e+00,-1.25000000e-02,-1.32031250e-01
2.23960000e-06,1.51562500e+00,2.55937500e+00,-3.37500000e-02,-1.79687500e-01
2.23992000e-06,1.37812500e+00,2.49687500e+00,-1.12500000e-02,-8.59375000e-02
2.24024000e-06,1.50312500e+00,2.43437500e+00,0.00000000e+00,-7.81250000e-02
2.24056000e-06,1.49375000e+00,2.54687500e+00,-4.56250000e-02,-1.40625000e-01
2.24088000e-06,1.62812500e+00,2.53437500e+00,-2.75000000e-02,-8.67187500e-02
2.24120000e-06,1.56875000e+00,2.60937500e+00,-8.75000000e-03,-3.12500000e-02
2.24152000e-06,1.50312500e+00,2.54687500e+00,-2.18750000e-02,-4.92187500e-02
2.24184000e-06,1.51562500e+00,2.53437500e+00,-2.62500000e-02,-1.01562500e-01
2.24216000e-06,1.42812500e+00,2.35937500e+00,-3.37500000e-02,-7.73437500e-02
2.24248000e-06,1.47812500e+00,2.59687500e+00,6.25000000e-04,-4.84375000e-02
2.24280000e-06,1.54375000e+00,2.63437500e+00,5.00000000e-03,3.75000000e-02
2.24312000e-06,1.53125000e+00,2.68437500e+00,-4.31250000e-02,6.01562500e-02
2.24344000e-06,1.56562500e+00,2.53437500e+00,-6.25000000e-03,-3.35937500e-02
2.24376000e-06,1.35312500e+00,2.53437500e+00,-1.87500000e-02,-2.81250000e-02
2.24408000e-06,1.45312500e+00,2.45937500e+00,-4.37500000e-03,-3.98437500e-02
2.24440000e-06,1.49375000e+00,2.50937500e+00,-4.37500000e-02,-5.07812500e-02
2.24472000e-06,1.55625000e+00,2.40937500e+00,-6.87500000e-03,-8.82812500e-02
2.24504000e-06,1.40625000e+00,2.50937500e+00,-2.50000000e-03,-5.07812500e-02
2.24536000e-06,1.42812500e+00,2.57187500e+00,2.06250000e-02,4.37500000e-02
2.24568000e-06,1.38125000e+00,2.72187500e+00,-1.50000000e-02,2.57812500e-02
2.24600000e-06,1.39375000e+00,2.57187500e+00,-5.37500000e-02,-9.37500000e-03
2.24632000e-06,1.46875000e+00,2.54687500e+00,-1.87500000e-02,-3.90625000e-03
2.24664000e-06,1.48125000e+00,2.43437500e+00,-1.93750000e-02,-9.14062500e-02
2.24696000e-06,1.53125000e+00,2.53437500e+00,2.31250000e-02,-1.28906250e-01
2.24728000e-06,1.53125000e+00,2.42187500e+00,0.00000000e+00,-8.67187500e-02
2.24760000e-06,1.50312500e+00,2.63437500e+00,-3.06250000e-02,-5.78125000e-02
2.24792000e-06,1.56562500e+00,2.50937500e+00,2.62500000e-02,4.68750000e-03
2.24824000e-06,1.44062500e+00,2.64687500e+00,-3.31250000e-02,4.60937500e-02
2.24856000e-06,1.54062500e+00,2.65937500e+00,-2.81250000e-02,1.56250000e-03
2.24888000e-06,1.46875000e+00,2.53437500e+00,-6.87500000e-03,-2.50000000e-02
2.24920000e-06,1.41562500e+00,2.59687500e+00,-3.75000000e-03,-7.34375000e-02
2.24952000e-06,1.45625000e+00,2.48437500e+00,-2.62500000e-02,-6.56250000e-02
2.24984000e-06,1.56875000e+00,2.53437500e+00,-3.81250000e-02,-6.40625000e-02
2.25016000e-06,1.43125000e+00,2.68437500e+00,-9.37500000e-03,-7.10937500e-02
2.25048000e-06,1.47812500e+00,2.62187500e+00,-2.75000000e-02,-5.85937500e-02
2.25080000e-06,1.50625000e+00,2.54687500e+00,6.25000000e-04,-5.23437500e-02
2.25112000e-06,1.61875000e+00,2.53437500e+00,-1.43750000e-02,-5.54687500e-02
2.25144000e-06,1.42812500e+00,2.42187500e+00,-1.50000000e-02,-1.04687500e-01
2.25176000e-06,1.49062500e+00,2.48437500e+00,-3.12500000e-02,-1.22656250e-01
2.25208000e-06,1.46562500e+00,2.52187500e+00,-2.75000000e-02,-1.14843750e-01
2.25240000e-06,1.55625000e+00,2.48437500e+00,-3.75000000e-03,-7.57812500e-02
2.25272000e-06,1.39375000e+00,2.57187500e+00,-3.75000000e-03,2.65625000e-02
2.25304000e-06,1.49062500e+00,2.52187500e+00,5.62500000e-03,-6.25000000e-03
2.25336000e-06,1.44375000e+00,2.55937500e+00,-1.43750000e-02,-2.57812500e-02
2.25368000e-06,1.40625000e+00,2.44687500e+00,-1.68750000e-02,-8.59375000e-03
2.25400000e-06,1.44375000e+00,2.59687500e+00,-6.87500000e-03,-9.29687500e-02
2.25432000e-06,1.68125000e+00,2.50937500e+00,6.25000000e-04,-1.49218750e-01
2.25464000e-06,1.51875000e+00,2.62187500e+00,-1.87500000e-03,-9.37500000e-02
2.25496000e-06,1.36562500e+00,2.62187500e+00,-2.81250000e-02,-7.89062500e-02
2.25528000e-06,1.45312500e+00,2.62187500e+00,3.12500000e-03,2.81250000e-02
2.25560000e-06,1.65625000e+00,2.60937500e+00,-3.12500000e-02,5.00000000e-02
2.25592000e-06,1.46875000e+00,2.63437500e+00,-1.18750000e-02,-3.12500000e-03
2.25624000e-06,1.51562500e+00,2.43437500e+00,-5.62500000e-03,5.46875000e-03
2.25656000e-06,1.39062500e+00,2.45937500e+00,-3.12500000e-02,-1.32812500e-02
2.25688000e-06,1.44062500e+00,2.49687500e+00,-3.31250000e-02,-7.18750000e-02
2.25720000e-06,1.44375000e+00,2.55937500e+00,-2.56250000e-02,-8.82812500e-02
2.25752000e-06,1.46875000e+00,2.55937500e+00,-3.75000000e-02,-5.00000000e-02
2.25784000e-06,1.39375000e+00,2.57187500e+00,2.87500000e-02,-4.37500000e-02
2.25816000e-06,1.52812500e+00,2.43437500e+00,-3.81250000e-02,-1.02343750e-01
2.25848000e-06,1.44375000e+00,2.54687500e+00,-6.87500000e-03,-5.93750000e-02
2.25880000e-06,1.45312500e+00,2.60937500e+00,-2.68750000e-02,-9.76562500e-02
2.25912000e-06,1.52812500e+00,2.67187500e+00,-4.06250000e-02,-1.13281250e-01
2.25944000e-06,1.61875000e+00,2.48437500e+00,1.06250000e-02,-1.42968750e-01
2.25976000e-06,1.49062500e+00,2.45937500e+00,-8.75000000e-03,-1.95312500e-01
2.26008000e-06,1.31562500e+00,2.59687500e+00,8.12500000e-03,-1.62500000e-01
2.26040000e-06,1.54062500e+00,2.47187500e+00,-4.37500000e-03,-7.18750000e-02
2.26072000e-06,1.56875000e+00,2.63437500e+00,1.56250000e-02,-8.98437500e-02
2.26104000e-06,1.51562500e+00,2.62187500e+00,-2.25000000e-02,-8.59375000e-02
2.26136000e-06,1.39062500e+00,2.64687500e+00,-4.12500000e-02,-4.84375000e-02
2.26168000e-06,1.40312500e+00,2.59687500e+00,-2.75000000e-02,-4.21875000e-02
2.26200000e-06,1.40625000e+00,2.50937500e+00,-1.37500000e-02,-5.93750000e-02
2.26232000e-06,1.41875000e+00,2.57187500e+00,1.37500000e-02,-6.25000000e-02
2.26264000e-06,1.50625000e+00,2.52187500e+00,-3.62500000e-02,-5.07812500e-02
2.26296000e-06,1.54375000e+00,2.47187500e+00,-2.81250000e-02,-3.12500000e-02
2.26328000e-06,1.55312500e+00,2.43437500e+00,-6.87500000e-03,-2.34375000e-03
2.26360000e-06,1.40312500e+00,2.48437500e+00,-1.62500000e-02,7.03125000e-03
2.26392000e-06,1.34062500e+00,2.57187500e+00,-2.25000000e-02,-1.56250000e-02
2.26424000e-06,1.43125000e+00,2.58437500e+00,-2.25000000e-02,-1.87500000e-02
2.26456000e-06,1.51875000e+00,2.47187500e+00,-5.62500000e-02,-2.81250000e-02
2.26488000e-06,1.56875000e+00,2.52187500e+00,-2.50000000e-02,-1.05468750e-01
2.26520000e-06,1.47812500e+00,2.54687500e+00,-8.75000000e-03,-9.06250000e-02
2.26552000e-06,1.49062500e+00,2.58437500e+00,-1.12500000e-02,9.37500000e-03
2.26584000e-06,1.49062500e+00,2.60937500e+00,-2.25000000e-02,-8.12500000e-02
2.26616000e-06,1.48125000e+00,2.60937500e+00,-2.81250000e-02,-1.82031250e-01
2.26648000e-06,1.54062500e+00,2.54687500e+00,-1.62500000e-02,-1.54687500e-01
2.26680000e-06,1.41875000e+00,2.64687500e+00,1.87500000e-02,-4.60937500e-02
2.26712000e-06,1.44062500e+00,2.45937500e+00,-1.87500000e-03,-3.82812500e-02
2.26744000e-06,1.54375000e+00,2.57187500e+00,-6.87500000e-03,-5.15625000e-02
2.26776000e-06,1.44375000e+00,2.42187500e+00,-9.37500000e-03,-3.20312500e-02
2.26808000e-06,1.47812500e+00,2.55937500e+00,-1.43750000e-02,2.18750000e-02
2.26840000e-06,1.44062500e+00,2.57187500e+00,6.25000000e-04,-7.57812500e-02
2.26872000e-06,1.38125000e+00,2.65937500e+00,-9.37500000e-03,-8.90625000e-02
2.26904000e-06,1.59062500e+00,2.50937500e+00,-4.37500000e-03,-2.42187500e-02
2.26936000e-06,1.46875000e+00,2.45937500e+00,8.12500000e-03,-5.78125000e-02
2.26968000e-06,1.40312500e+00,2.55937500e+00,7.50000000e-03,-8.35937500e-02
2.27000000e-06,1.47812500e+00,2.64687500e+00,-2.81250000e-02,-1.43750000e-01
2.27032000e-06,1.40625000e+00,2.47187500e+00,-1.25000000e-03,-7.42187500e-02
2.27064000e-06,1.31875000e+00,2.62187500e+00,-1.37500000e-02,-8.04687500e-02
2.27096000e-06,1.40625000e+00,2.49687500e+00,-6.87500000e-03,-1.31250000e-01
2.27128000e-06,1.45625000e+00,2.49687500e+00,-1.68750000e-02,-8.28125000e-02
2.27160000e-06,1.44375000e+00,2.52187500e+00,-9.37500000e-03,0.00000000e+00
2.27192000e-06,1.49375000e+00,2.67187500e+00,-4.37500000e-03,-3.43750000e-02
2.27224000e-06,1.50625000e+00,2.48437500e+00,-2.62500000e-02,3.43750000e-02
2.27256000e-06,1.43125000e+00,2.62187500e+00,6.25000000e-04,-6.32812500e-02
2.27288000e-06,1.40312500e+00,2.55937500e+00,-5.00000000e-03,-8.98437500e-02
2.27320000e-06,1.34375000e+00,2.59687500e+00,6.25000000e-04,-1.16406250e-01
2.27352000e-06,1.49375000e+00,2.54687500e+00,-6.87500000e-03,-1.44531250e-01
2.27384000e-06,1.48125000e+00,2.67187500e+00,-1.18750000e-02,-4.92187500e-02
2.27416000e-06,1.49375000e+00,2.59687500e+00,-3.87500000e-02,-1.79687500e-02
2.27448000e-06,1.44062500e+00,2.55937500e+00,-2.56250000e-02,-1.34375000e-01
2.27480000e-06,1.60625000e+00,2.34687500e+00,8.12500000e-03,-1.01562500e-01
2.27512000e-06,1.42812500e+00,2.48437500e+00,-1.25000000e-03,-6.25000000e-02
2.27544000e-06,1.37812500e+00,2.50937500e+00,-3.62500000e-02,-8.51562500e-02
2.27576000e-06,1.46562500e+00,2.59687500e+00,-1.93750000e-02,-8.35937500e-02
2.27608000e-06,1.45625000e+00,2.54687500e+00,-1.25000000e-02,-9.76562500e-02
2.27640000e-06,1.43125000e+00,2.65937500e+00,-1.18750000e-02,-3.43750000e-02
2.27672000e-06,1.44375000e+00,2.67187500e+00,6.25000000e-04,2.65625000e-02
2.27704000e-06,1.39375000e+00,2.57187500e+00,-4.37500000e-03,1.56250000e-02
2.27736000e-06,1.39375000e+00,2.38437500e+00,-2.00000000e-02,-7.03125000e-03
2.27768000e-06,1.45625000e+00,2.55937500e+00,-2.18750000e-02,-6.09375000e-02
2.27800000e-06,1.46875000e+00,2.48437500e+00,-2.18750000e-02,-1.28125000e-01
2.27832000e-06,1.58125000e+00,2.52187500e+00,-1.75000000e-02,-1.19531250e-01
2.27864000e-06,1.53125000e+00,2.50937500e+00,-3.37500000e-02,-2.96875000e-02
2.27896000e-06,1.47812500e+00,2.69687500e+00,-1.12500000e-02,-3.82812500e-02
2.27928000e-06,1.50312500e+00,2.60937500e+00,-1.18750000e-02,-5.62500000e-02
2.27960000e-06,1.48125000e+00,2.62187500e+00,6.25000000e-04,-4.92187500e-02
2.27992000e-06,1.37812500e+00,2.49687500e+00,-2.87500000e-02,-1.18750000e-01
2.28024000e-06,1.39375000e+00,2.54687500e+00,-3.87500000e-02,-1.03125000e-01
2.28056000e-06,1.40625000e+00,2.59687500e+00,-4.87500000e-02,-8.04687500e-02
2.28088000e-06,1.31875000e+00,2.53437500e+00,-4.06250000e-02,-7.89062500e-02
2.28120000e-06,1.59375000e+00,2.55937500e+00,1.25000000e-03,-1.01562500e-02
2.28152000e-06,1.53125000e+00,2.68437500e+00,-4.37500000e-03,-1.40625000e-02
2.28184000e-06,1.40312500e+00,2.57187500e+00,-1.43750000e-02,-1.25000000e-02
2.28216000e-06,1.45312500e+00,2.57187500e+00,-7.50000000e-03,5.39062500e-02
2.28248000e-06,1.41875000e+00,2.45937500e+00,-3.62500000e-02,-3.67187500e-02
2.28280000e-06,1.44375000e+00,2.52187500e+00,-3.31250000e-02,-1.33593750e-01
2.28312000e-06,1.38125000e+00,2.42187500e+00,-2.75000000e-02,-9.60937500e-02
2.28344000e-06,1.50625000e+00,2.55937500e+00,-1.12500000e-02,-7.42187500e-02
2.28376000e-06,1.44375000e+00,2.53437500e+00,-1.43750000e-02,-3.43750000e-02
2.28408000e-06,1.36562500e+00,2.72187500e+00,-2.56250000e-02,2.03125000e-02
2.28440000e-06,1.36562500e+00,2.57187500e+00,-3.31250000e-02,4.60937500e-02
2.28472000e-06,1.45625000e+00,2.54687500e+00,-1.37500000e-02,5.62500000e-02
2.28504000e-06,1.61875000e+00,2.53437500e+00,2.50000000e-03,-5.78125000e-02
2.28536000e-06,1.38125000e+00,2.58437500e+00,2.06250000e-02,-9.21875000e-02
2.28568000e-06,1.34062500e+00,2.55937500e+00,-3.62500000e-02,-5.31250000e-02
2.28600000e-06,1.37812500e+00,2.53437500e+00,-1.93750000e-02,-4.68750000e-03
2.28632000e-06,1.36875000e+00,2.47187500e+00,-7.50000000e-03,-1.71875000e-02
2.28664000e-06,1.49375000e+00,2.60937500e+00,-1.00000000e-02,-4.45312500e-02
2.28696000e-06,1.50625000e+00,2.33437500e+00,-3.62500000e-02,-4.29687500e-02
2.28728000e-06,1.48125000e+00,2.44687500e+00,-1.62500000e-02,-4.29687500e-02
2.28760000e-06,1.46562500e+00,2.53437500e+00,-1.50000000e-02,-3.12500000e-03
2.28792000e-06,1.45625000e+00,2.72187500e+00,-1.93750000e-02,-6.64062500e-02
2.28824000e-06,1.31875000e+00,2.52187500e+00,-2.87500000e-02,-5.70312500e-02
2.28856000e-06,1.45625000e+00,2.58437500e+00,-4.37500000e-02,-9.37500000e-03
2.28888000e-06,1.44375000e+00,2.57187500e+00,-1.87500000e-03,-6.48437500e-02
2.28920000e-06,1.44375000e+00,2.63437500e+00,-1.75000000e-02,-6.95312500e-02
2.28952000e-06,1.53125000e+00,2.58437500e+00,-4.12500000e-02,-7.65625000e-02
2.28984000e-06,1.51875000e+00,2.54687500e+00,-2.50000000e-02,-1.29687500e-01
2.29016000e-06,1.52812500e+00,2.48437500e+00,-1.62500000e-02,-6.32812500e-02
2.29048000e-06,1.40312500e+00,2.59687500e+00,-2.81250000e-02,-1.64062500e-02
2.29080000e-06,1.36562500e+00,2.58437500e+00,-1.93750000e-02,3.43750000e-02
2.29112000e-06,1.33125000e+00,2.62187500e+00,-1.75000000e-02,-1.40625000e-02
2.29144000e-06,1.38125000e+00,2.39687500e+00,-1.43750000e-02,-6.71875000e-02
2.29176000e-06,1.34375000e+00,2.54687500e+00,-1.93750000e-02,-3.35937500e-02
2.29208000e-06,1.49375000e+00,2.54687500e+00,-2.87500000e-02,-3.75000000e-02
2.29240000e-06,1.41875000e+00,2.64687500e+00,-4.12500000e-02,-1.21093750e-01
2.29272000e-06,1.54375000e+00,2.50937500e+00,-4.31250000e-02,-7.65625000e-02
2.29304000e-06,1.36875000e+00,2.57187500e+00,3.75000000e-03,-6.32812500e-02
2.29336000e-06,1.26875000e+00,2.58437500e+00,-1.62500000e-02,-2.65625000e-02
2.29368000e-06,1.34375000e+00,2.62187500e+00,3.12500000e-03,-4.92187500e-02
2.29400000e-06,1.54375000e+00,2.47187500e+00,-4.37500000e-03,-6.64062500e-02
2.29432000e-06,1.52812500e+00,2.50937500e+00,-7.50000000e-03,-5.54687500e-02
2.29464000e-06,1.49062500e+00,2.62187500e+00,-3.87500000e-02,-4.53125000e-02
2.29496000e-06,1.44062500e+00,2.54687500e+00,-1.37500000e-02,-5.70312500e-02
2.29528000e-06,1.39062500e+00,2.49687500e+00,-2.62500000e-02,-9.76562500e-02
2.29560000e-06,1.39375000e+00,2.69687500e+00,-2.62500000e-02,-8.35937500e-02
2.29592000e-06,1.55312500e+00,2.50937500e+00,-2.00000000e-02,7.81250000e-04
2.29624000e-06,1.41875000e+00,2.69687500e+00,-6.18750000e-02,-2.50000000e-02
2.29656000e-06,1.36562500e+00,2.58437500e+00,-4.31250000e-02,-4.76562500e-02
2.29688000e-06,1.35312500e+00,2.53437500e+00,-2.12500000e-02,-2.96875000e-02
2.29720000e-06,1.40625000e+00,2.45937500e+00,-2.06250000e-02,-3.43750000e-02
2.29752000e-06,1.51875000e+00,2.53437500e+00,-3.87500000e-02,-8.35937500e-02
2.29784000e-06,1.40312500e+00,2.58437500e+00,-3.50000000e-02,-6.40625000e-02
2.29816000e-06,1.46562500e+00,2.58437500e+00,-1.12500000e-02,-9.76562500e-02
2.29848000e-06,1.30312500e+00,2.62187500e+00,-1.62500000e-02,-1.07812500e-01
2.29880000e-06,1.35625000e+00,2.63437500e+00,-1.75000000e-02,-1.22656250e-01
2.29912000e-06,1.50625000e+00,2.44687500e+00,-1.18750000e-02,-2.96875000e-02
2.29944000e-06,1.45312500e+00,2.54687500e+00,-6.87500000e-03,1.48437500e-02
2.29976000e-06,1.32812500e+00,2.45937500e+00,-2.81250000e-02,2.18750000e-02
2.30008000e-06,1.46875000e+00,2.55937500e+00,-2.00000000e-02,4.76562500e-02
2.30040000e-06,1.50625000e+00,2.63437500e+00,-2.18750000e-02,-2.34375000e-03
2.30072000e-06,1.45625000e+00,2.64687500e+00,-1.50000000e-02,-4.76562500e-02
2.30104000e-06,1.50312500e+00,2.38437500e+00,-6.87500000e-03,2.26562500e-02
2.30136000e-06,1.36875000e+00,2.58437500e+00,-1.18750000e-02,4.06250000e-02
2.30168000e-06,1.28125000e+00,2.65937500e+00,-1.75000000e-02,9.37500000e-03
2.30200000e-06,1.34375000e+00,2.55937500e+00,-2.87500000e-02,4.92187500e-02
2.30232000e-06,1.34375000e+00,2.35937500e+00,-3.75000000e-02,6.48437500e-02
2.30264000e-06,1.46562500e+00,2.44687500e+00,1.25000000e-03,-4.06250000e-02
2.30296000e-06,1.46875000e+00,2.63437500e+00,-1.25000000e-03,-4.21875000e-02
2.30328000e-06,1.44375000e+00,2.57187500e+00,-2.87500000e-02,-7.96875000e-02
2.30360000e-06,1.57812500e+00,2.63437500e+00,-4.62500000e-02,-4.45312500e-02
2.30392000e-06,1.53125000e+00,2.54687500e+00,-3.56250000e-02,7.81250000e-03
2.30424000e-06,1.45312500e+00,2.49687500e+00,-1.25000000e-03,-7.03125000e-03
2.30456000e-06,1.40312500e+00,2.54687500e+00,-1.18750000e-02,-1.79687500e-02
2.30488000e-06,1.41875000e+00,2.34687500e+00,-3.31250000e-02,5.54687500e-02
2.30520000e-06,1.46875000e+00,2.57187500e+00,-6.25000000e-03,8.59375000e-03
2.30552000e-06,1.49375000e+00,2.65937500e+00,-3.75000000e-02,-5.07812500e-02
2.30584000e-06,1.50625000e+00,2.60937500e+00,1.31250000e-02,-7.03125000e-02
2.30616000e-06,1.52812500e+00,2.52187500e+00,5.62500000e-03,-2.18750000e-02
2.30648000e-06,1.36562500e+00,2.50937500e+00,-2.18750000e-02,-7.81250000e-03
2.30680000e-06,1.34062500e+00,2.50937500e+00,-6.87500000e-03,-1.95312500e-02
2.30712000e-06,1.36562500e+00,2.55937500e+00,-2.00000000e-02,-1.79687500e-02
2.30744000e-06,1.46875000e+00,2.50937500e+00,-5.87500000e-02,-5.46875000e-02
2.30776000e-06,1.34375000e+00,2.50937500e+00,-3.06250000e-02,3.51562500e-02
2.30808000e-06,1.50625000e+00,2.50937500e+00,-1.12500000e-02,-3.35937500e-02
2.30840000e-06,1.51875000e+00,2.67187500e+00,-9.37500000e-03,-9.84375000e-02
2.30872000e-06,1.50312500e+00,2.49687500e+00,-1.43750000e-02,1.71875000e-02
2.30904000e-06,1.37500000e+00,2.48437500e+00,5.62500000e-03,6.01562500e-02
2.30936000e-06,1.26875000e+00,2.43437500e+00,8.12500000e-03,4.68750000e-03
2.30968000e-06,1.25937500e+00,2.49687500e+00,-1.43750000e-02,3.90625000e-03
2.31000000e-06,1.59062500e+00,2.52187500e+00,-1.18750000e-02,2.42187500e-02
2.31032000e-06,1.49062500e+00,2.50937500e+00,5.62500000e-03,-5.00000000e-02
2.31064000e-06,1.36562500e+00,2.48437500e+00,-3.12500000e-02,-6.95312500e-02
2.31096000e-06,1.36562500e+00,2.49687500e+00,-4.06250000e-02,-3.98437500e-02
2.31128000e-06,1.45625000e+00,2.49687500e+00,8.12500000e-03,-9.37500000e-02
2.31160000e-06,1.26250000e+00,2.54687500e+00,-3.00000000e-02,-5.70312500e-02
2.31192000e-06,1.40625000e+00,2.33437500e+00,5.62500000e-03,-1.32812500e-02
2.31224000e-06,1.39375000e+00,2.49687500e+00,-2.18750000e-02,-3.35937500e-02
2.31256000e-06,1.48125000e+00,2.59687500e+00,-2.00000000e-02,1.56250000e-03
2.31288000e-06,1.45625000e+00,2.58437500e+00,-3.87500000e-02,7.10937500e-02
2.31320000e-06,1.30625000e+00,2.38437500e+00,-2.50000000e-02,4.06250000e-02
2.31352000e-06,1.47812500e+00,2.57187500e+00,1.25000000e-03,-1.87500000e-02
2.31384000e-06,1.30312500e+00,2.52187500e+00,-2.50000000e-02,1.32812500e-02
2.31416000e-06,1.31562500e+00,2.65937500e+00,-7.50000000e-03,2.50000000e-02
2.31448000e-06,1.27500000e+00,2.55937500e+00,-2.81250000e-02,-8.59375000e-03
2.31480000e-06,1.39062500e+00,2.62187500e+00,-1.12500000e-02,-5.15625000e-02
2.31512000e-06,1.32812500e+00,2.50937500e+00,-2.50000000e-02,-7.81250000e-02
2.31544000e-06,1.36875000e+00,2.47187500e+00,-1.43750000e-02,-5.62500000e-02
2.31576000e-06,1.43125000e+00,2.42187500e+00,-3.31250000e-02,-8.98437500e-02
2.31608000e-06,1.28750000e+00,2.40937500e+00,-6.87500000e-03,-1.79687500e-02
2.31640000e-06,1.45625000e+00,2.48437500e+00,-3.12500000e-02,-2.18750000e-02
2.31672000e-06,1.46875000e+00,2.64687500e+00,-2.18750000e-02,-7.34375000e-02
2.31704000e-06,1.38125000e+00,2.54687500e+00,-2.50000000e-03,-1.17187500e-01
2.31736000e-06,1.41562500e+00,2.52187500e+00,-1.75000000e-02,-9.14062500e-02
2.31768000e-06,1.44375000e+00,2.49687500e+00,-4.31250000e-02,-3.35937500e-02
2.31800000e-06,1.34375000e+00,2.62187500e+00,-6.25000000e-03,1.01562500e-02
2.31832000e-06,1.31875000e+00,2.47187500e+00,-8.75000000e-03,-2.73437500e-02
2.31864000e-06,1.43125000e+00,2.45937500e+00,-2.87500000e-02,-1.56250000e-03
2.31896000e-06,1.39375000e+00,2.44687500e+00,-2.18750000e-02,2.18750000e-02
2.31928000e-06,1.46875000e+00,2.59687500e+00,-1.25000000e-02,4.92187500e-02
2.31960000e-06,1.50625000e+00,2.58437500e+00,-4.37500000e-02,2.10937500e-02
2.31992000e-06,1.39375000e+00,2.50937500e+00,-3.06250000e-02,-9.37500000e-03
2.32024000e-06,1.49062500e+00,2.53437500e+00,-4.37500000e-02,-2.65625000e-02
2.32056000e-06,1.32812500e+00,2.69687500e+00,-3.81250000e-02,-1.35156250e-01
2.32088000e-06,1.28750000e+00,2.49687500e+00,-2.62500000e-02,-1.55468750e-01
2.32120000e-06,1.35625000e+00,2.40937500e+00,-2.81250000e-02,-2.34375000e-02
2.32152000e-06,1.37812500e+00,2.52187500e+00,-3.06250000e-02,4.29687500e-02
2.32184000e-06,1.41875000e+00,2.59687500e+00,-3.81250000e-02,4.53125000e-02
2.32216000e-06,1.33125000e+00,2.43437500e+00,-6.25000000e-03,3.90625000e-03
2.32248000e-06,1.39375000e+00,2.50937500e+00,-1.50000000e-02,-4.76562500e-02
2.32280000e-06,1.36875000e+00,2.48437500e+00,-4.31250000e-02,-5.07812500e-02
2.32312000e-06,1.41875000e+00,2.43437500e+00,-4.37500000e-03,2.50000000e-02
2.32344000e-06,1.40625000e+00,2.54687500e+00,-3.25000000e-02,3.90625000e-02
2.32376000e-06,1.45625000e+00,2.49687500e+00,6.25000000e-04,3.82812500e-02
2.32408000e-06,1.43125000e+00,2.42187500e+00,-4.81250000e-02,-7.03125000e-03
2.32440000e-06,1.31562500e+00,2.49687500e+00,-1.62500000e-02,-2.10937500e-02
2.32472000e-06,1.22500000e+00,2.48437500e+00,8.12500000e-03,2.81250000e-02
2.32504000e-06,1.46875000e+00,2.54687500e+00,-3.12500000e-02,5.31250000e-02
2.32536000e-06,1.49062500e+00,2.52187500e+00,-4.87500000e-02,-3.28125000e-02
2.32568000e-06,1.60625000e+00,2.58437500e+00,-2.25000000e-02,-2.18750000e-02
2.32600000e-06,1.61875000e+00,2.53437500e+00,-3.06250000e-02,-7.73437500e-02
2.32632000e-06,1.40312500e+00,2.57187500e+00,3.12500000e-02,-6.48437500e-02
2.32664000e-06,1.49062500e+00,2.55937500e+00,-2.56250000e-02,-2.65625000e-02
2.32696000e-06,1.35625000e+00,2.72187500e+00,-3.81250000e-02,-2.18750000e-02
2.32728000e-06,1.30625000e+00,2.58437500e+00,-4.37500000e-03,6.56250000e-02
2.32760000e-06,1.34375000e+00,2.60937500e+00,-6.25000000e-03,8.43750000e-02
2.32792000e-06,1.34375000e+00,2.65937500e+00,-2.25000000e-02,5.85937500e-02
2.32824000e-06,1.43125000e+00,2.64687500e+00,-2.62500000e-02,-1.29687500e-01
2.32856000e-06,1.48125000e+00,2.42187500e+00,-2.18750000e-02,-1.82031250e-01
2.32888000e-06,1.45625000e+00,2.49687500e+00,-2.56250000e-02,-7.73437500e-02
2.32920000e-06,1.49062500e+00,2.47187500e+00,-1.62500000e-02,-6.25000000e-03
2.32952000e-06,1.39375000e+00,2.40937500e+00,-1.87500000e-02,-4.29687500e-02
2.32984000e-06,1.34062500e+00,2.37187500e+00,-3.62500000e-02,-5.39062500e-02
2.33016000e-06,1.44375000e+00,2.47187500e+00,-4.31250000e-02,6.25000000e-03
2.33048000e-06,1.36562500e+00,2.42187500e+00,3.12500000e-03,-2.57812500e-02
2.33080000e-06,1.36875000e+00,2.48437500e+00,-3.06250000e-02,-6.79687500e-02
2.33112000e-06,1.53125000e+00,2.49687500e+00,-3.31250000e-02,-4.45312500e-02
2.33144000e-06,1.41562500e+00,2.69687500e+00,-4.37500000e-03,-4.92187500e-02
2.33176000e-06,1.37812500e+00,2.40937500e+00,-4.56250000e-02,-7.73437500e-02
2.33208000e-06,1.45625000e+00,2.59687500e+00,-3.62500000e-02,-2.89062500e-02
2.33240000e-06,1.36875000e+00,2.52187500e+00,-3.31250000e-02,1.56250000e-03
2.33272000e-06,1.43125000e+00,2.62187500e+00,-1.25000000e-03,-7.18750000e-02
2.33304000e-06,1.38125000e+00,2.68437500e+00,-1.18750000e-02,-1.33593750e-01
2.33336000e-06,1.40625000e+00,2.63437500e+00,-1.43750000e-02,-4.68750000e-02
2.33368000e-06,1.48125000e+00,2.58437500e+00,-2.18750000e-02,-3.75000000e-02
2.33400000e-06,1.43125000e+00,2.49687500e+00,-9.37500000e-03,-6.56250000e-02
2.33432000e-06,1.41875000e+00,2.47187500e+00,-1.18750000e-02,2.65625000e-02
2.33464000e-06,1.53125000e+00,2.52187500e+00,-1.68750000e-02,-7.03125000e-03
2.33496000e-06,1.60625000e+00,2.48437500e+00,-1.50000000e-02,-7.50000000e-02
2.33528000e-06,1.45312500e+00,2.60937500e+00,-5.12500000e-02,-7.89062500e-02
2.33560000e-06,1.31562500e+00,2.45937500e+00,-1.12500000e-02,7.81250000e-04
2.33592000e-06,1.41562500e+00,2.50937500e+00,-1.87500000e-03,-9.37500000e-03
2.33624000e-06,1.31875000e+00,2.34687500e+00,-1.43750000e-02,-1.18750000e-01
2.33656000e-06,1.41875000e+00,2.45937500e+00,-1.18750000e-02,-1.32812500e-01
2.33688000e-06,1.38125000e+00,2.48437500e+00,-4.37500000e-03,-6.09375000e-02
2.33720000e-06,1.39062500e+00,2.68437500e+00,-1.87500000e-03,-5.93750000e-02
2.33752000e-06,1.30625000e+00,2.44687500e+00,8.12500000e-03,-6.25000000e-03
2.33784000e-06,1.36875000e+00,2.57187500e+00,-2.87500000e-02,-3.20312500e-02
2.33816000e-06,1.34062500e+00,2.65937500e+00,-1.68750000e-02,-4.76562500e-02
2.33848000e-06,1.39375000e+00,2.45937500e+00,-1.00000000e-02,-1.25000000e-01
2.33880000e-06,1.46875000e+00,2.50937500e+00,-2.87500000e-02,-1.90625000e-01
2.33912000e-06,1.48125000e+00,2.49687500e+00,-1.43750000e-02,-5.70312500e-02
2.33944000e-06,1.44375000e+00,2.48437500e+00,-2.00000000e-02,-6.40625000e-02
2.33976000e-06,1.36875000e+00,2.52187500e+00,-1.50000000e-02,-2.42187500e-02
2.34008000e-06,1.44375000e+00,2.55937500e+00,-2.18750000e-02,6.25000000e-03
2.34040000e-06,1.35625000e+00,2.65937500e+00,-1.43750000e-02,1.01562500e-02
2.34072000e-06,1.40625000e+00,2.59687500e+00,-6.87500000e-03,-3.20312500e-02
2.34104000e-06,1.43125000e+00,2.50937500e+00,-1.18750000e-02,-1.07031250e-01
2.34136000e-06,1.51875000e+00,2.47187500e+00,-6.87500000e-03,-1.11718750e-01
2.34168000e-06,1.40625000e+00,2.57187500e+00,-1.00000000e-02,-2.03125000e-02
2.34200000e-06,1.39062500e+00,2.54687500e+00,-2.62500000e-02,-2.57812500e-02
2.34232000e-06,1.35625000e+00,2.57187500e+00,-3.75000000e-02,-1.72656250e-01
2.34264000e-06,1.49375000e+00,2.45937500e+00,-6.25000000e-03,-2.50781250e-01
2.34296000e-06,1.27500000e+00,2.50937500e+00,-6.25000000e-03,-1.04687500e-01
2.34328000e-06,1.41875000e+00,2.57187500e+00,-4.37500000e-02,-2.65625000e-02
2.34360000e-06,1.41875000e+00,2.55937500e+00,-1.50000000e-02,-1.14843750e-01
2.34392000e-06,1.45625000e+00,2.53437500e+00,-4.68750000e-02,-9.37500000e-02
2.34424000e-06,1.39375000e+00,2.53437500e+00,-1.37500000e-02,-1.32812500e-02
2.34456000e-06,1.33125000e+00,2.48437500e+00,6.25000000e-04,-7.81250000e-04
2.34488000e-06,1.53125000e+00,2.47187500e+00,-3.31250000e-02,-5.15625000e-02
2.34520000e-06,1.30625000e+00,2.54687500e+00,1.06250000e-02,-8.82812500e-02
2.34552000e-06,1.46562500e+00,2.44687500e+00,0.00000000e+00,-7.18750000e-02
2.34584000e-06,1.44375000e+00,2.35937500e+00,-5.12500000e-02,-2.50000000e-02
2.34616000e-06,1.27500000e+00,2.62187500e+00,6.25000000e-03,-1.09375000e-02
2.34648000e-06,1.61875000e+00,2.58437500e+00,-2.25000000e-02,-8.82812500e-02
2.34680000e-06,1.46875000e+00,2.59687500e+00,-2.81250000e-02,-1.16406250e-01
2.34712000e-06,1.31562500e+00,2.57187500e+00,-1.25000000e-03,-7.57812500e-02
2.34744000e-06,1.35312500e+00,2.62187500e+00,1.12500000e-02,1.40625000e-02
2.34776000e-06,1.41875000e+00,2.63437500e+00,-4.37500000e-03,-3.04687500e-02
2.34808000e-06,1.36875000e+00,2.57187500e+00,-9.37500000e-03,-9.06250000e-02
2.34840000e-06,1.24687500e+00,2.52187500e+00,-3.62500000e-02,-4.76562500e-02
2.34872000e-06,1.36875000e+00,2.59687500e+00,-3.62500000e-02,-5.62500000e-02
2.34904000e-06,1.44375000e+00,2.44687500e+00,-4.12500000e-02,-7.89062500e-02
2.34936000e-06,1.49062500e+00,2.47187500e+00,1.25000000e-03,-7.65625000e-02
2.34968000e-06,1.61875000e+00,2.62187500e+00,2.56250000e-02,-2.57812500e-02
2.35000000e-06,1.38125000e+00,2.54687500e+00,-1.87500000e-03,-6.09375000e-02
2.35032000e-06,1.30312500e+00,2.50937500e+00,-1.43750000e-02,-2.34375000e-03
2.35064000e-06,1.34062500e+00,2.47187500e+00,-1.87500000e-03,1.71875000e-02
2.35096000e-06,1.43125000e+00,2.47187500e+00,-2.56250000e-02,1.48437500e-02
2.35128000e-06,1.53125000e+00,2.64687500e+00,6.25000000e-04,4.37500000e-02
2.35160000e-06,1.41875000e+00,2.49687500e+00,-1.87500000e-03,-3.43750000e-02
2.35192000e-06,1.32812500e+00,2.59687500e+00,-2.18750000e-02,-5.70312500e-02
2.35224000e-06,1.35312500e+00,2.43437500e+00,5.62500000e-03,-2.34375000e-03
2.35256000e-06,1.40625000e+00,2.54687500e+00,-1.93750000e-02,-1.25000000e-02
2.35288000e-06,1.55625000e+00,2.58437500e+00,-9.37500000e-03,-1.95312500e-02
2.35320000e-06,1.46875000e+00,2.63437500e+00,-9.37500000e-03,7.50000000e-02
2.35352000e-06,1.51562500e+00,2.62187500e+00,-2.56250000e-02,5.70312500e-02
2.35384000e-06,1.38125000e+00,2.44687500e+00,1.06250000e-02,-2.42187500e-02
2.35416000e-06,1.32812500e+00,2.42187500e+00,-3.37500000e-02,-2.65625000e-02
2.35448000e-06,1.38125000e+00,2.62187500e+00,-2.56250000e-02,-6.48437500e-02
2.35480000e-06,1.46875000e+00,2.58437500e+00,6.25000000e-04,-9.92187500e-02
2.35512000e-06,1.44375000e+00,2.63437500e+00,-1.93750000e-02,-8.28125000e-02
2.35544000e-06,1.45625000e+00,2.44687500e+00,-1.18750000e-02,-6.79687500e-02
2.35576000e-06,1.44375000e+00,2.49687500e+00,-2.00000000e-02,-3.59375000e-02
2.35608000e-06,1.45625000e+00,2.52187500e+00,-4.31250000e-02,-6.64062500e-02
2.35640000e-06,1.35625000e+00,2.60937500e+00,1.12500000e-02,-7.26562500e-02
2.35672000e-06,1.49375000e+00,2.44687500e+00,1.12500000e-02,-2.18750000e-02
2.35704000e-06,1.30625000e+00,2.37187500e+00,-2.18750000e-02,-1.95312500e-02
2.35736000e-06,1.34375000e+00,2.44687500e+00,-1.93750000e-02,8.04687500e-02
2.35768000e-06,1.41875000e+00,2.63437500e+00,-1.87500000e-03,4.76562500e-02
2.35800000e-06,1.46875000e+00,2.57187500e+00,5.00000000e-03,-6.95312500e-02
2.35832000e-06,1.38125000e+00,2.53437500e+00,-3.87500000e-02,-1.10937500e-01
2.35864000e-06,1.48125000e+00,2.64687500e+00,-3.75000000e-03,-1.25000000e-01
2.35896000e-06,1.36875000e+00,2.58437500e+00,-7.50000000e-03,-1.01562500e-01
2.35928000e-06,1.45625000e+00,2.48437500e+00,-3.87500000e-02,-5.93750000e-02
2.35960000e-06,1.46875000e+00,2.53437500e+00,-1.12500000e-02,-6.40625000e-02
2.35992000e-06,1.36875000e+00,2.50937500e+00,-4.37500000e-03,-6.32812500e-02
2.36024000e-06,1.39375000e+00,2.62187500e+00,3.12500000e-03,-6.09375000e-02
2.36056000e-06,1.45625000e+00,2.55937500e+00,-2.87500000e-02,-6.71875000e-02
2.36088000e-06,1.35625000e+00,2.52187500e+00,-2.87500000e-02,-9.76562500e-02
2.36120000e-06,1.36875000e+00,2.49687500e+00,-2.18750000e-02,-6.25000000e-02
2.36152000e-06,1.43125000e+00,2.63437500e+00,-4.37500000e-03,-3.12500000e-03
2.36184000e-06,1.44375000e+00,2.49687500e+00,-2.87500000e-02,-1.56250000e-03
2.36216000e-06,1.24687500e+00,2.52187500e+00,-2.81250000e-02,4.84375000e-02
2.36248000e-06,1.35625000e+00,2.58437500e+00,-2.18750000e-02,4.14062500e-02
2.36280000e-06,1.50625000e+00,2.49687500e+00,-6.25000000e-03,-3.04687500e-02
2.36312000e-06,1.47812500e+00,2.52187500e+00,-9.37500000e-03,-7.65625000e-02
2.36344000e-06,1.30312500e+00,2.59687500e+00,5.62500000e-03,-7.03125000e-03
2.36376000e-06,1.41562500e+00,2.49687500e+00,-1.18750000e-02,3.90625000e-02
2.36408000e-06,1.27500000e+00,2.62187500e+00,-2.87500000e-02,-3.12500000e-03
2.36440000e-06,1.44375000e+00,2.52187500e+00,-2.18750000e-02,-7.89062500e-02
2.36472000e-06,1.33125000e+00,2.62187500e+00,-2.31250000e-02,-7.42187500e-02
2.36504000e-06,1.43125000e+00,2.65937500e+00,-3.37500000e-02,-4.84375000e-02
2.36536000e-06,1.44375000e+00,2.55937500e+00,-3.75000000e-03,-1.08593750e-01
2.36568000e-06,1.49375000e+00,2.50937500e+00,-1.25000000e-02,-9.76562500e-02
2.36600000e-06,1.50625000e+00,2.70937500e+00,-3.12500000e-02,-8.35937500e-02
2.36632000e-06,1.39375000e+00,2.67187500e+00,-6.31250000e-02,-3.98437500e-02
2.36664000e-06,1.36562500e+00,2.53437500e+00,-1.25000000e-03,2.50000000e-02
2.36696000e-06,1.44375000e+00,2.53437500e+00,-2.56250000e-02,-4.06250000e-02
2.36728000e-06,1.35312500e+00,2.58437500e+00,-2.25000000e-02,-1.16406250e-01
2.36760000e-06,1.19687500e+00,2.63437500e+00,-7.00000000e-02,-4.06250000e-02
2.36792000e-06,1.34375000e+00,2.48437500e+00,-2.12500000e-02,-8.67187500e-02
2.36824000e-06,1.52812500e+00,2.39687500e+00,-1.75000000e-02,-1.72656250e-01
2.36856000e-06,1.50312500e+00,2.63437500e+00,-2.81250000e-02,-6.79687500e-02
2.36888000e-06,1.50312500e+00,2.58437500e+00,-6.25000000e-03,-3.59375000e-02
2.36920000e-06,1.49062500e+00,2.49687500e+00,3.75000000e-03,-1.95312500e-02
2.36952000e-06,1.28437500e+00,2.43437500e+00,-9.37500000e-03,5.46875000e-02
2.36984000e-06,1.47812500e+00,2.55937500e+00,-4.37500000e-03,-1.09375000e-02
2.37016000e-06,1.35625000e+00,2.65937500e+00,-2.62500000e-02,-7.18750000e-02
2.37048000e-06,1.43125000e+00,2.44687500e+00,-1.87500000e-03,-4.14062500e-02
2.37080000e-06,1.44375000e+00,2.45937500e+00,-1.81250000e-02,-9.84375000e-02
2.37112000e-06,1.44375000e+00,2.45937500e+00,-1.93750000e-02,-1.05468750e-01
2.37144000e-06,1.36875000e+00,2.69687500e+00,5.62500000e-03,6.17187500e-02
2.37176000e-06,1.40625000e+00,2.52187500e+00,-1.68750000e-02,3.90625000e-03
2.37208000e-06,1.40625000e+00,2.48437500e+00,5.62500000e-03,-1.87500000e-02
2.37240000e-06,1.40625000e+00,2.47187500e+00,2.50000000e-03,-2.81250000e-02
2.37272000e-06,1.44375000e+00,2.37187500e+00,-3.37500000e-02,-1.01562500e-02
2.37304000e-06,1.41875000e+00,2.65937500e+00,-3.75000000e-03,-2.89062500e-02
2.37336000e-06,1.59375000e+00,2.63437500e+00,-1.43750000e-02,-1.03125000e-01
2.37368000e-06,1.35625000e+00,2.55937500e+00,2.06250000e-02,-3.98437500e-02
2.37400000e-06,1.36562500e+00,2.64687500e+00,-9.37500000e-03,-4.60937500e-02
2.37432000e-06,1.30000000e+00,2.45937500e+00,-3.12500000e-02,-8.82812500e-02
2.37464000e-06,1.33125000e+00,2.64687500e+00,-1.93750000e-02,-2.26562500e-02
2.37496000e-06,1.31562500e+00,2.64687500e+00,-7.50000000e-03,2.73437500e-02
2.37528000e-06,1.24687500e+00,2.44687500e+00,-6.87500000e-03,-4.45312500e-02
2.37560000e-06,1.40625000e+00,2.55937500e+00,8.12500000e-03,-9.14062500e-02
2.37592000e-06,1.42812500e+00,2.48437500e+00,-6.87500000e-03,-2.10937500e-02
2.37624000e-06,1.41875000e+00,2.47187500e+00,-1.87500000e-03,4.60937500e-02
2.37656000e-06,1.40625000e+00,2.44687500e+00,-4.12500000e-02,4.06250000e-02
2.37688000e-06,1.50625000e+00,2.70937500e+00,6.25000000e-04,-1.56250000e-02
2.37720000e-06,1.50625000e+00,2.58437500e+00,-2.93750000e-02,-1.36718750e-01
2.37752000e-06,1.36562500e+00,2.47187500e+00,-6.87500000e-03,-1.28125000e-01
2.37784000e-06,1.47812500e+00,2.48437500e+00,-6.25000000e-04,-5.62500000e-02
2.37816000e-06,1.24687500e+00,2.63437500e+00,-4.37500000e-02,-3.51562500e-02
2.37848000e-06,1.30625000e+00,2.55937500e+00,-3.25000000e-02,9.37500000e-03
2.37880000e-06,1.38125000e+00,2.55937500e+00,-3.75000000e-03,-1.17187500e-02
2.37912000e-06,1.41562500e+00,2.63437500e+00,-3.25000000e-02,-1.04687500e-01
2.37944000e-06,1.46875000e+00,2.60937500e+00,-1.18750000e-02,-6.17187500e-02
2.37976000e-06,1.34375000e+00,2.49687500e+00,-3.62500000e-02,-2.89062500e-02
2.38008000e-06,1.38125000e+00,2.40937500e+00,-1.18750000e-02,-1.14062500e-01
2.38040000e-06,1.44375000e+00,2.49687500e+00,-3.62500000e-02,-3.90625000e-02
2.38072000e-06,1.23437500e+00,2.53437500e+00,6.25000000e-04,1.40625000e-02
2.38104000e-06,1.38125000e+00,2.47187500e+00,8.12500000e-03,-1.56250000e-03
2.38136000e-06,1.43125000e+00,2.48437500e+00,-2.81250000e-02,-5.62500000e-02
2.38168000e-06,1.49062500e+00,2.62187500e+00,-1.87500000e-03,-4.37500000e-02
2.38200000e-06,1.31875000e+00,2.49687500e+00,-1.18750000e-02,-7.42187500e-02
2.38232000e-06,1.48125000e+00,2.57187500e+00,-3.12500000e-02,-9.14062500e-02
2.38264000e-06,1.41875000e+00,2.47187500e+00,-1.68750000e-02,-1.02343750e-01
2.38296000e-06,1.43125000e+00,2.58437500e+00,-1.56250000e-02,-7.34375000e-02
2.38328000e-06,1.31875000e+00,2.55937500e+00,-5.12500000e-02,-8.20312500e-02
2.38360000e-06,1.40625000e+00,2.40937500e+00,-1.12500000e-02,-9.37500000e-02
2.38392000e-06,1.31875000e+00,2.57187500e+00,-1.43750000e-02,-3.75000000e-02
2.38424000e-06,1.40625000e+00,2.57187500e+00,-2.18750000e-02,1.09375000e-02
2.38456000e-06,1.33125000e+00,2.54687500e+00,-4.37500000e-03,2.96875000e-02
2.38488000e-06,1.44375000e+00,2.43437500e+00,-1.18750000e-02,-2.26562500e-02
2.38520000e-06,1.38125000e+00,2.52187500e+00,-9.37500000e-03,-7.65625000e-02
2.38552000e-06,1.39375000e+00,2.55937500e+00,-1.93750000e-02,-4.37500000e-02
2.38584000e-06,1.40625000e+00,2.59687500e+00,-1.18750000e-02,-2.57812500e-02
2.38616000e-06,1.44375000e+00,2.60937500e+00,8.12500000e-03,-9.29687500e-02
2.38648000e-06,1.28750000e+00,2.63437500e+00,-2.87500000e-02,-1.42187500e-01
2.38680000e-06,1.44375000e+00,2.52187500e+00,-3.81250000e-02,-1.08593750e-01
2.38712000e-06,1.35625000e+00,2.75937500e+00,6.25000000e-04,-9.76562500e-02
2.38744000e-06,1.54375000e+00,2.55937500e+00,-8.75000000e-03,-9.68750000e-02
2.38776000e-06,1.44375000e+00,2.47187500e+00,-1.18750000e-02,-6.64062500e-02
2.38808000e-06,1.35312500e+00,2.58437500e+00,-2.25000000e-02,-6.25000000e-02
2.38840000e-06,1.36562500e+00,2.59687500e+00,-3.87500000e-02,-6.56250000e-02
2.38872000e-06,1.31875000e+00,2.57187500e+00,-1.37500000e-02,-5.31250000e-02
2.38904000e-06,1.39375000e+00,2.53437500e+00,8.12500000e-03,-4.76562500e-02
2.38936000e-06,1.39375000e+00,2.45937500e+00,-3.06250000e-02,-9.84375000e-02
2.38968000e-06,1.39375000e+00,2.53437500e+00,-1.87500000e-03,-4.92187500e-02
2.39000000e-06,1.53125000e+00,2.42187500e+00,-2.87500000e-02,-2.42187500e-02
2.39032000e-06,1.31875000e+00,2.60937500e+00,-1.75000000e-02,-1.11718750e-01
2.39064000e-06,1.42812500e+00,2.57187500e+00,-4.87500000e-02,-1.63281250e-01
2.39096000e-06,1.41875000e+00,2.57187500e+00,3.75000000e-03,-7.65625000e-02
2.39128000e-06,1.28750000e+00,2.65937500e+00,-9.37500000e-03,1.40625000e-02
2.39160000e-06,1.31562500e+00,2.55937500e+00,-2.81250000e-02,6.25000000e-03
2.39192000e-06,1.30625000e+00,2.50937500e+00,1.25000000e-03,-3.90625000e-02
2.39224000e-06,1.48125000e+00,2.68437500e+00,-3.56250000e-02,-6.64062500e-02
2.39256000e-06,1.51562500e+00,2.43437500e+00,-3.06250000e-02,-1.01562500e-01
2.39288000e-06,1.35625000e+00,2.44687500e+00,2.56250000e-02,-8.75000000e-02
2.39320000e-06,1.39062500e+00,2.50937500e+00,-6.87500000e-03,-7.57812500e-02
2.39352000e-06,1.38125000e+00,2.69687500e+00,-9.37500000e-03,-2.03125000e-02
2.39384000e-06,1.38125000e+00,2.49687500e+00,-2.87500000e-02,-5.54687500e-02
2.39416000e-06,1.39375000e+00,2.77187500e+00,-2.56250000e-02,-5.62500000e-02
2.39448000e-06,1.36875000e+00,2.68437500e+00,-3.87500000e-02,-9.29687500e-02
2.39480000e-06,1.45625000e+00,2.58437500e+00,-1.93750000e-02,-7.81250000e-02
2.39512000e-06,1.40625000e+00,2.55937500e+00,-3.62500000e-02,5.07812500e-02
2.39544000e-06,1.41875000e+00,2.47187500e+00,1.12500000e-02,-1.00000000e-01
2.39576000e-06,1.28750000e+00,2.54687500e+00,-1.43750000e-02,-1.26562500e-01
2.39608000e-06,1.33125000e+00,2.70937500e+00,-2.56250000e-02,3.75000000e-02
2.39640000e-06,1.31875000e+00,2.43437500e+00,-1.87500000e-02,9.92187500e-02
2.39672000e-06,1.50625000e+00,2.47187500e+00,-6.25000000e-03,7.50000000e-02
2.39704000e-06,1.46875000e+00,2.47187500e+00,5.62500000e-03,-2.81250000e-02
2.39736000e-06,1.37812500e+00,2.48437500e+00,-2.18750000e-02,-1.71875000e-02
2.39768000e-06,1.33750000e+00,2.53437500e+00,1.31250000e-02,1.64062500e-02
2.39800000e-06,1.26250000e+00,2.62187500e+00,-1.18750000e-02,8.59375000e-03
2.39832000e-06,1.38125000e+00,2.52187500e+00,6.25000000e-04,-1.56250000e-02
2.39864000e-06,1.45312500e+00,2.55937500e+00,-2.00000000e-02,-6.40625000e-02
2.39896000e-06,1.34375000e+00,2.40937500e+00,-5.37500000e-02,-5.39062500e-02
2.39928000e-06,1.40312500e+00,2.55937500e+00,-3.75000000e-03,1.64062500e-02
2.39960000e-06,1.21250000e+00,2.58437500e+00,-1.87500000e-03,4.92187500e-02
2.39992000e-06,1.56875000e+00,2.60937500e+00,-1.00000000e-02,-4.29687500e-02
2.40024000e-06,1.49062500e+00,2.54687500e+00,-4.31250000e-02,-6.01562500e-02
2.40056000e-06,1.31562500e+00,2.68437500e+00,-1.62500000e-02,-9.06250000e-02
2.40088000e-06,1.39062500e+00,2.55937500e+00,-1.12500000e-02,-1.11718750e-01
2.40120000e-06,1.35625000e+00,2.50937500e+00,-2.56250000e-02,-7.96875000e-02
2.40152000e-06,1.35625000e+00,2.44687500e+00,-1.25000000e-02,-4.76562500e-02
2.40184000e-06,1.38125000e+00,2.53437500e+00,-1.93750000e-02,6.79687500e-02
2.40216000e-06,1.40625000e+00,2.54687500e+00,-2.87500000e-02,2.73437500e-02
2.40248000e-06,1.35625000e+00,2.65937500e+00,-2.87500000e-02,-1.39843750e-01
2.40280000e-06,1.48125000e+00,2.40937500e+00,-3.87500000e-02,-1.25000000e-01
2.40312000e-06,1.33125000e+00,2.47187500e+00,-1.12500000e-02,-6.71875000e-02
2.40344000e-06,1.39375000e+00,2.50937500e+00,-4.12500000e-02,-7.96875000e-02
2.40376000e-06,1.30312500e+00,2.60937500e+00,-2.18750000e-02,-9.76562500e-02
2.40408000e-06,1.38125000e+00,2.42187500e+00,-3.68750000e-02,-6.64062500e-02
2.40440000e-06,1.50625000e+00,2.58437500e+00,-2.81250000e-02,-3.98437500e-02
2.40472000e-06,1.46562500e+00,2.69687500e+00,-3.87500000e-02,-6.01562500e-02
2.40504000e-06,1.20625000e+00,2.54687500e+00,-2.18750000e-02,-7.03125000e-02
2.40536000e-06,1.28437500e+00,2.50937500e+00,-3.12500000e-02,-7.81250000e-02
2.40568000e-06,1.58125000e+00,2.44687500e+00,-8.75000000e-03,1.09375000e-02
2.40600000e-06,1.36562500e+00,2.48437500e+00,1.25000000e-03,-2.18750000e-02
2.40632000e-06,1.45312500e+00,2.59687500e+00,1.06250000e-02,-1.11718750e-01
2.40664000e-06,1.55625000e+00,2.35937500e+00,-1.25000000e-02,-1.85156250e-01
2.40696000e-06,1.25000000e+00,2.48437500e+00,-5.87500000e-02,-1.42968750e-01
2.40728000e-06,1.45312500e+00,2.47187500e+00,-4.25000000e-02,-5.46875000e-03
2.40760000e-06,1.40625000e+00,2.57187500e+00,2.12500000e-02,4.68750000e-03
2.40792000e-06,1.36875000e+00,2.59687500e+00,-3.31250000e-02,-1.28125000e-01
2.40824000e-06,1.44375000e+00,2.52187500e+00,-4.12500000e-02,-1.89062500e-01
2.40856000e-06,1.46875000e+00,2.69687500e+00,-1.43750000e-02,-8.82812500e-02
2.40888000e-06,1.35625000e+00,2.65937500e+00,8.12500000e-03,-5.39062500e-02
2.40920000e-06,1.39375000e+00,2.47187500e+00,-2.81250000e-02,-7.03125000e-02
2.40952000e-06,1.24687500e+00,2.57187500e+00,-9.37500000e-03,-6.87500000e-02
2.40984000e-06,1.36875000e+00,2.55937500e+00,-3.06250000e-02,-5.62500000e-02
2.41016000e-06,1.31875000e+00,2.67187500e+00,-1.87500000e-03,-5.93750000e-02
2.41048000e-06,1.40312500e+00,2.49687500e+00,-1.18750000e-02,1.25000000e-02
2.41080000e-06,1.44375000e+00,2.43437500e+00,-2.62500000e-02,-6.09375000e-02
2.41112000e-06,1.33125000e+00,2.42187500e+00,-2.18750000e-02,-1.30468750e-01
2.41144000e-06,1.26250000e+00,2.63437500e+00,-2.25000000e-02,-2.81250000e-02
2.41176000e-06,1.44375000e+00,2.43437500e+00,3.12500000e-03,-2.34375000e-02
2.41208000e-06,1.38125000e+00,2.68437500e+00,3.12500000e-03,-9.84375000e-02
2.41240000e-06,1.36875000e+00,2.52187500e+00,-3.87500000e-02,-1.32812500e-01
2.41272000e-06,1.36875000e+00,2.57187500e+00,-3.37500000e-02,-1.47656250e-01
2.41304000e-06,1.35625000e+00,2.49687500e+00,-3.56250000e-02,-2.25000000e-01
2.41336000e-06,1.39375000e+00,2.62187500e+00,-1.93750000e-02,-1.29687500e-01
2.41368000e-06,1.44375000e+00,2.43437500e+00,-3.56250000e-02,1.71875000e-02
2.41400000e-06,1.22187500e+00,2.49687500e+00,-3.06250000e-02,-8.75000000e-02
2.41432000e-06,1.33125000e+00,2.55937500e+00,-3.31250000e-02,-1.24218750e-01
2.41464000e-06,1.30625000e+00,2.54687500e+00,-2.50000000e-02,-2.18750000e-02
2.41496000e-06,1.41562500e+00,2.50937500e+00,-1.87500000e-02,-5.15625000e-02
2.41528000e-06,1.35625000e+00,2.59687500e+00,-1.12500000e-02,-9.45312500e-02
2.41560000e-06,1.36875000e+00,2.37187500e+00,-4.37500000e-03,-1.04687500e-01
2.41592000e-06,1.34375000e+00,2.54687500e+00,-3.12500000e-02,-6.09375000e-02
2.41624000e-06,1.41875000e+00,2.60937500e+00,-4.37500000e-02,-5.78125000e-02
2.41656000e-06,1.35625000e+00,2.48437500e+00,-1.68750000e-02,-1.95312500e-02
2.41688000e-06,1.41875000e+00,2.63437500e+00,-1.68750000e-02,-1.95312500e-02
2.41720000e-06,1.41875000e+00,2.67187500e+00,-1.43750000e-02,-6.71875000e-02
2.41752000e-06,1.36562500e+00,2.68437500e+00,-4.12500000e-02,-2.34375000e-02
2.41784000e-06,1.20937500e+00,2.64687500e+00,-2.56250000e-02,-7.34375000e-02
2.41816000e-06,1.35625000e+00,2.60937500e+00,-4.37500000e-03,-5.93750000e-02
2.41848000e-06,1.31562500e+00,2.59687500e+00,-6.25000000e-03,-3.28125000e-02
2.41880000e-06,1.44062500e+00,2.57187500e+00,-1.18750000e-02,-2.26562500e-02
2.41912000e-06,1.39375000e+00,2.50937500e+00,-3.62500000e-02,-5.93750000e-02
2.41944000e-06,1.27187500e+00,2.53437500e+00,-3.37500000e-02,-4.29687500e-02
2.41976000e-06,1.40625000e+00,2.40937500e+00,-4.37500000e-02,-1.01562500e-02
2.42008000e-06,1.45625000e+00,2.52187500e+00,-3.31250000e-02,-5.46875000e-02
2.42040000e-06,1.32812500e+00,2.62187500e+00,-3.81250000e-02,-1.32031250e-01
2.42072000e-06,1.49375000e+00,2.59687500e+00,-5.81250000e-02,-1.24218750e-01
2.42104000e-06,1.39375000e+00,2.55937500e+00,-2.12500000e-02,-1.07812500e-01
2.42136000e-06,1.43125000e+00,2.49687500e+00,-3.12500000e-02,-1.36718750e-01
2.42168000e-06,1.35625000e+00,2.49687500e+00,-4.12500000e-02,-9.92187500e-02
2.42200000e-06,1.39375000e+00,2.52187500e+00,-1.68750000e-02,3.90625000e-03
2.42232000e-06,1.36562500e+00,2.57187500e+00,-2.00000000e-02,-1.95312500e-02
2.42264000e-06,1.22187500e+00,2.47187500e+00,-2.87500000e-02,-6.25000000e-03
2.42296000e-06,1.35625000e+00,2.52187500e+00,-6.25000000e-03,6.25000000e-02
2.42328000e-06,1.37812500e+00,2.59687500e+00,-2.87500000e-02,4.68750000e-03
2.42360000e-06,1.46562500e+00,2.45937500e+00,-4.06250000e-02,-8.51562500e-02
2.42392000e-06,1.54375000e+00,2.45937500e+00,-6.87500000e-03,-1.19531250e-01
2.42424000e-06,1.39375000e+00,2.64687500e+00,-2.18750000e-02,-7.18750000e-02
2.42456000e-06,1.28437500e+00,2.58437500e+00,-2.81250000e-02,-7.10937500e-02
2.42488000e-06,1.49062500e+00,2.52187500e+00,-1.12500000e-02,-8.35937500e-02
2.42520000e-06,1.43125000e+00,2.33437500e+00,-6.25000000e-03,-5.85937500e-02
2.42552000e-06,1.38125000e+00,2.59687500e+00,-2.87500000e-02,-1.01562500e-02
2.42584000e-06,1.35625000e+00,2.39687500e+00,-2.81250000e-02,-1.47656250e-01
2.42616000e-06,1.46875000e+00,2.59687500e+00,-2.50000000e-03,-1.60937500e-01
2.42648000e-06,1.48125000e+00,2.43437500e+00,-5.56250000e-02,-5.46875000e-02
2.42680000e-06,1.35625000e+00,2.39687500e+00,-3.81250000e-02,7.96875000e-02
2.42712000e-06,1.32812500e+00,2.54687500e+00,-2.12500000e-02,7.18750000e-02
2.42744000e-06,1.23750000e+00,2.45937500e+00,-2.18750000e-02,-2.89062500e-02
2.42776000e-06,1.31562500e+00,2.68437500e+00,-2.81250000e-02,-4.60937500e-02
2.42808000e-06,1.34062500e+00,2.49687500e+00,6.25000000e-04,-5.15625000e-02
2.42840000e-06,1.45625000e+00,2.39687500e+00,-1.75000000e-02,-2.18750000e-02
2.42872000e-06,1.39062500e+00,2.58437500e+00,-3.62500000e-02,-1.71875000e-02
2.42904000e-06,1.38125000e+00,2.47187500e+00,-4.00000000e-02,-1.25000000e-01
2.42936000e-06,1.36875000e+00,2.59687500e+00,-1.18750000e-02,-9.92187500e-02
2.42968000e-06,1.45625000e+00,2.63437500e+00,-1.87500000e-02,-1.56250000e-02
2.43000000e-06,1.40625000e+00,2.58437500e+00,-6.87500000e-03,1.32812500e-02
2.43032000e-06,1.34375000e+00,2.49687500e+00,-1.18750000e-02,-7.96875000e-02
2.43064000e-06,1.40625000e+00,2.52187500e+00,-1.43750000e-02,-1.64062500e-01
2.43096000e-06,1.38125000e+00,2.54687500e+00,-2.18750000e-02,-8.04687500e-02
2.43128000e-06,1.49375000e+00,2.50937500e+00,-6.87500000e-03,-4.06250000e-02
2.43160000e-06,1.39375000e+00,2.54687500e+00,-3.87500000e-02,-6.64062500e-02
2.43192000e-06,1.40625000e+00,2.68437500e+00,-4.81250000e-02,-5.39062500e-02
2.43224000e-06,1.41875000e+00,2.49687500e+00,-1.75000000e-02,-1.23437500e-01
2.43256000e-06,1.34375000e+00,2.55937500e+00,-4.25000000e-02,-1.63281250e-01
2.43288000e-06,1.34375000e+00,2.45937500e+00,-1.68750000e-02,-5.78125000e-02
2.43320000e-06,1.33125000e+00,2.50937500e+00,-3.31250000e-02,7.81250000e-03
2.43352000e-06,1.48125000e+00,2.43437500e+00,-1.87500000e-02,-2.26562500e-02
2.43384000e-06,1.31875000e+00,2.59687500e+00,-2.87500000e-02,-8.12500000e-02
2.43416000e-06,1.38125000e+00,2.47187500e+00,-3.87500000e-02,-1.04687500e-01
2.43448000e-06,1.45625000e+00,2.43437500e+00,-5.12500000e-02,-7.03125000e-02
2.43480000e-06,1.36875000e+00,2.48437500e+00,-8.75000000e-03,5.46875000e-03
2.43512000e-06,1.34062500e+00,2.54687500e+00,-1.18750000e-02,-1.48437500e-02
2.43544000e-06,1.33125000e+00,2.50937500e+00,-2.56250000e-02,-3.51562500e-02
2.43576000e-06,1.49375000e+00,2.60937500e+00,-1.18750000e-02,-2.50000000e-02
2.43608000e-06,1.44062500e+00,2.43437500e+00,-1.50000000e-02,-1.07031250e-01
2.43640000e-06,1.40625000e+00,2.52187500e+00,-2.87500000e-02,-1.53125000e-01
2.43672000e-06,1.39062500e+00,2.62187500e+00,-2.75000000e-02,-9.45312500e-02
2.43704000e-06,1.35625000e+00,2.48437500e+00,-8.75000000e-03,-3.75000000e-02
2.43736000e-06,1.30625000e+00,2.43437500e+00,-3.56250000e-02,-4.06250000e-02
2.43768000e-06,1.35625000e+00,2.58437500e+00,-4.06250000e-02,-4.76562500e-02
2.43800000e-06,1.33125000e+00,2.53437500e+00,-1.87500000e-03,-1.62500000e-01
2.43832000e-06,1.41875000e+00,2.47187500e+00,-1.68750000e-02,-1.40625000e-01
2.43864000e-06,1.39375000e+00,2.40937500e+00,-2.18750000e-02,-9.21875000e-02
2.43896000e-06,1.43125000e+00,2.52187500e+00,-1.43750000e-02,-5.62500000e-02
2.43928000e-06,1.40625000e+00,2.50937500e+00,-2.18750000e-02,-4.53125000e-02
2.43960000e-06,1.34062500e+00,2.59687500e+00,-3.62500000e-02,-9.60937500e-02
2.43992000e-06,1.28750000e+00,2.63437500e+00,-1.93750000e-02,-1.00000000e-01
2.44024000e-06,1.44375000e+00,2.60937500e+00,-5.62500000e-03,-1.10937500e-01
2.44056000e-06,1.41562500e+00,2.55937500e+00,-4.87500000e-02,-1.14062500e-01
2.44088000e-06,1.40625000e+00,2.57187500e+00,-1.12500000e-02,-9.53125000e-02
2.44120000e-06,1.35625000e+00,2.49687500e+00,-7.50000000e-03,-4.68750000e-02
2.44152000e-06,1.54375000e+00,2.60937500e+00,-3.62500000e-02,-7.73437500e-02
2.44184000e-06,1.40625000e+00,2.55937500e+00,-3.56250000e-02,-1.26562500e-01
2.44216000e-06,1.28437500e+00,2.49687500e+00,-4.25000000e-02,-8.04687500e-02
2.44248000e-06,1.37812500e+00,2.58437500e+00,6.25000000e-04,-9.45312500e-02
2.44280000e-06,1.39375000e+00,2.53437500e+00,-4.50000000e-02,-2.81250000e-02
2.44312000e-06,1.46875000e+00,2.42187500e+00,-1.68750000e-02,-5.00000000e-02
2.44344000e-06,1.33125000e+00,2.49687500e+00,-1.87500000e-02,-9.06250000e-02
2.44376000e-06,1.40625000e+00,2.52187500e+00,-2.62500000e-02,-6.17187500e-02
2.44408000e-06,1.39375000e+00,2.60937500e+00,-3.37500000e-02,-3.28125000e-02
2.44440000e-06,1.46875000e+00,2.52187500e+00,-1.93750000e-02,-1.48437500e-02
2.44472000e-06,1.31875000e+00,2.62187500e+00,-3.87500000e-02,-6.25000000e-02
2.44504000e-06,1.39375000e+00,2.39687500e+00,-2.62500000e-02,-9.76562500e-02
2.44536000e-06,1.35625000e+00,2.55937500e+00,-4.12500000e-02,-1.75781250e-01
2.44568000e-06,1.41875000e+00,2.54687500e+00,-2.56250000e-02,-1.46875000e-01
2.44600000e-06,1.27500000e+00,2.55937500e+00,-3.31250000e-02,-6.95312500e-02
2.44632000e-06,1.39375000e+00,2.53437500e+00,-1.62500000e-02,-4.68750000e-03
2.44664000e-06,1.40625000e+00,2.67187500e+00,-1.75000000e-02,-1.32812500e-02
2.44696000e-06,1.46875000e+00,2.48437500e+00,-3.12500000e-02,-1.17187500e-01
2.44728000e-06,1.36875000e+00,2.60937500e+00,-3.31250000e-02,-1.66406250e-01
2.44760000e-06,1.48125000e+00,2.45937500e+00,-1.37500000e-02,-8.43750000e-02
2.44792000e-06,1.35625000e+00,2.62187500e+00,-9.37500000e-03,-7.10937500e-02
2.44824000e-06,1.40625000e+00,2.68437500e+00,1.56250000e-02,-7.73437500e-02
2.44856000e-06,1.40625000e+00,2.57187500e+00,-7.50000000e-03,-1.07812500e-01
2.44888000e-06,1.30312500e+00,2.53437500e+00,-4.06250000e-02,-1.08593750e-01
2.44920000e-06,1.25000000e+00,2.60937500e+00,3.75000000e-03,-9.53125000e-02
2.44952000e-06,1.36875000e+00,2.47187500e+00,3.75000000e-03,-5.62500000e-02
2.44984000e-06,1.39062500e+00,2.62187500e+00,-2.87500000e-02,2.42187500e-02
2.45016000e-06,1.41875000e+00,2.65937500e+00,-1.18750000e-02,-9.60937500e-02
2.45048000e-06,1.24687500e+00,2.58437500e+00,5.00000000e-03,-1.36718750e-01
2.45080000e-06,1.27500000e+00,2.50937500e+00,-5.62500000e-02,-9.29687500e-02
2.45112000e-06,1.40625000e+00,2.54687500e+00,-2.56250000e-02,-9.45312500e-02
2.45144000e-06,1.27187500e+00,2.37187500e+00,-2.25000000e-02,-3.43750000e-02
2.45176000e-06,1.41875000e+00,2.59687500e+00,-1.37500000e-02,-1.09375000e-02
2.45208000e-06,1.39375000e+00,2.60937500e+00,-2.18750000e-02,-1.00000000e-01
2.45240000e-06,1.44375000e+00,2.64687500e+00,-1.18750000e-02,-5.46875000e-03
2.45272000e-06,1.40625000e+00,2.47187500e+00,-1.00000000e-02,-7.03125000e-02
2.45304000e-06,1.40625000e+00,2.57187500e+00,-2.87500000e-02,-1.17968750e-01
2.45336000e-06,1.48125000e+00,2.69687500e+00,-3.50000000e-02,-8.12500000e-02
2.45368000e-06,1.35625000e+00,2.60937500e+00,-1.25000000e-03,-1.07812500e-01
2.45400000e-06,1.41875000e+00,2.55937500e+00,-2.12500000e-02,-1.24218750e-01
2.45432000e-06,1.43125000e+00,2.62187500e+00,1.06250000e-02,-1.17187500e-01
2.45464000e-06,1.51875000e+00,2.44687500e+00,-2.62500000e-02,-3.90625000e-02
2.45496000e-06,1.36875000e+00,2.65937500e+00,-4.12500000e-02,1.56250000e-03
2.45528000e-06,1.51562500e+00,2.48437500e+00,-9.37500000e-03,-3.82812500e-02
2.45560000e-06,1.25937500e+00,2.58437500e+00,-9.37500000e-03,-1.10937500e-01
2.45592000e-06,1.39062500e+00,2.62187500e+00,-2.87500000e-02,-4.92187500e-02
2.45624000e-06,1.41562500e+00,2.65937500e+00,-3.37500000e-02,7.81250000e-04
2.45656000e-06,1.23437500e+00,2.65937500e+00,-3.06250000e-02,-7.18750000e-02
2.45688000e-06,1.43125000e+00,2.49687500e+00,-1.37500000e-02,-1.76562500e-01
2.45720000e-06,1.35312500e+00,2.52187500e+00,-1.37500000e-02,-9.37500000e-02
2.45752000e-06,1.38125000e+00,2.53437500e+00,-1.93750000e-02,-9.29687500e-02
2.45784000e-06,1.22187500e+00,2.55937500e+00,1.31250000e-02,-1.38281250e-01
2.45816000e-06,1.35625000e+00,2.42187500e+00,-2.18750000e-02,-8.98437500e-02
2.45848000e-06,1.45625000e+00,2.37187500e+00,-2.00000000e-02,2.34375000e-03
2.45880000e-06,1.35000000e+00,2.54687500e+00,-4.12500000e-02,-6.87500000e-02
2.45912000e-06,1.33125000e+00,2.40937500e+00,-6.25000000e-03,-9.84375000e-02
2.45944000e-06,1.31875000e+00,2.40937500e+00,3.12500000e-03,-7.03125000e-02
2.45976000e-06,1.35312500e+00,2.52187500e+00,-3.87500000e-02,-8.98437500e-02
2.46008000e-06,1.40625000e+00,2.70937500e+00,-2.87500000e-02,-2.10937500e-02
2.46040000e-06,1.40625000e+00,2.55937500e+00,-1.43750000e-02,-2.57812500e-02
2.46072000e-06,1.36875000e+00,2.53437500e+00,-2.00000000e-02,-5.31250000e-02
2.46104000e-06,1.36875000e+00,2.54687500e+00,-5.37500000e-02,-4.06250000e-02
2.46136000e-06,1.48125000e+00,2.57187500e+00,-2.50000000e-02,-9.21875000e-02
2.46168000e-06,1.39375000e+00,2.55937500e+00,6.25000000e-03,-1.01562500e-01
2.46200000e-06,1.34375000e+00,2.55937500e+00,1.87500000e-02,-4.76562500e-02
2.46232000e-06,1.28750000e+00,2.53437500e+00,-1.43750000e-02,-7.42187500e-02
2.46264000e-06,1.33125000e+00,2.64687500e+00,-2.62500000e-02,-9.76562500e-02
2.46296000e-06,1.36562500e+00,2.62187500e+00,-2.62500000e-02,-1.87500000e-02
2.46328000e-06,1.24687500e+00,2.65937500e+00,-3.06250000e-02,3.04687500e-02
2.46360000e-06,1.36875000e+00,2.50937500e+00,-6.25000000e-03,7.81250000e-04
2.46392000e-06,1.41562500e+00,2.55937500e+00,-1.18750000e-02,-9.14062500e-02
2.46424000e-06,1.39062500e+00,2.43437500e+00,-2.81250000e-02,-1.55468750e-01
2.46456000e-06,1.34375000e+00,2.44687500e+00,-1.43750000e-02,-1.56250000e-01
2.46488000e-06,1.27187500e+00,2.57187500e+00,-4.06250000e-02,-9.76562500e-02
2.46520000e-06,1.31875000e+00,2.53437500e+00,-1.62500000e-02,-6.56250000e-02
2.46552000e-06,1.50625000e+00,2.45937500e+00,-6.87500000e-03,-9.37500000e-02
2.46584000e-06,1.32812500e+00,2.52187500e+00,-2.87500000e-02,-3.12500000e-03
2.46616000e-06,1.36562500e+00,2.50937500e+00,-4.62500000e-02,-9.37500000e-03
2.46648000e-06,1.32812500e+00,2.54687500e+00,-1.43750000e-02,-4.68750000e-02
2.46680000e-06,1.22500000e+00,2.53437500e+00,-2.81250000e-02,-1.06250000e-01
2.46712000e-06,1.51875000e+00,2.59687500e+00,-2.50000000e-03,-1.13281250e-01
2.46744000e-06,1.34062500e+00,2.52187500e+00,-3.06250000e-02,-2.00000000e-01
2.46776000e-06,1.46562500e+00,2.43437500e+00,-1.93750000e-02,-1.75781250e-01
2.46808000e-06,1.44375000e+00,2.44687500e+00,-3.56250000e-02,-8.67187500e-02
2.46840000e-06,1.31562500e+00,2.53437500e+00,-1.87500000e-02,-2.26562500e-02
2.46872000e-06,1.35625000e+00,2.57187500e+00,3.12500000e-03,-5.00000000e-02
2.46904000e-06,1.37812500e+00,2.55937500e+00,-3.12500000e-02,-5.07812500e-02
2.46936000e-06,1.16875000e+00,2.49687500e+00,-1.43750000e-02,-7.89062500e-02
2.46968000e-06,1.31875000e+00,2.50937500e+00,-2.68750000e-02,-1.03906250e-01
2.47000000e-06,1.34062500e+00,2.52187500e+00,-1.43750000e-02,-9.60937500e-02
2.47032000e-06,1.30312500e+00,2.49687500e+00,-5.00000000e-03,-1.07031250e-01
2.47064000e-06,1.35625000e+00,2.39687500e+00,-2.00000000e-02,-1.61718750e-01
2.47096000e-06,1.33125000e+00,2.54687500e+00,-3.06250000e-02,-1.33593750e-01
2.47128000e-06,1.28437500e+00,2.42187500e+00,1.25000000e-03,-4.21875000e-02
2.47160000e-06,1.38125000e+00,2.58437500e+00,-1.87500000e-02,-4.53125000e-02
2.47192000e-06,1.44375000e+00,2.54687500e+00,-1.18750000e-02,-6.01562500e-02
2.47224000e-06,1.36562500e+00,2.52187500e+00,-2.87500000e-02,-2.18750000e-02
2.47256000e-06,1.35625000e+00,2.49687500e+00,-4.06250000e-02,-8.98437500e-02
2.47288000e-06,1.30625000e+00,2.49687500e+00,-6.87500000e-03,-1.12500000e-01
2.47320000e-06,1.38125000e+00,2.44687500e+00,-1.62500000e-02,-9.45312500e-02
2.47352000e-06,1.28437500e+00,2.65937500e+00,1.31250000e-02,-7.03125000e-02
2.47384000e-06,1.34375000e+00,2.64687500e+00,-3.06250000e-02,-7.96875000e-02
2.47416000e-06,1.53125000e+00,2.58437500e+00,2.31250000e-02,-9.84375000e-02
2.47448000e-06,1.37812500e+00,2.39687500e+00,-4.87500000e-02,-2.10937500e-02
2.47480000e-06,1.25937500e+00,2.53437500e+00,-2.62500000e-02,7.81250000e-03
2.47512000e-06,1.36562500e+00,2.45937500e+00,-2.18750000e-02,-1.25000000e-01
2.47544000e-06,1.31875000e+00,2.60937500e+00,-3.87500000e-02,-2.11718750e-01
2.47576000e-06,1.44375000e+00,2.55937500e+00,-1.68750000e-02,-1.57031250e-01
2.47608000e-06,1.45625000e+00,2.50937500e+00,7.50000000e-03,-1.10156250e-01
2.47640000e-06,1.35312500e+00,2.48437500e+00,-4.62500000e-02,-1.15625000e-01
2.47672000e-06,1.36875000e+00,2.50937500e+00,5.62500000e-03,-1.76562500e-01
2.47704000e-06,1.36875000e+00,2.43437500e+00,-2.68750000e-02,-1.05468750e-01
2.47736000e-06,1.51562500e+00,2.45937500e+00,-1.43750000e-02,-1.74218750e-01
2.47768000e-06,1.40625000e+00,2.54687500e+00,-1.00000000e-02,-2.39062500e-01
2.47800000e-06,1.30312500e+00,2.69687500e+00,-4.37500000e-03,-1.19531250e-01
2.47832000e-06,1.40312500e+00,2.65937500e+00,-2.00000000e-02,-6.25000000e-02
2.47864000e-06,1.46875000e+00,2.57187500e+00,-2.81250000e-02,-3.90625000e-02
2.47896000e-06,1.54375000e+00,2.42187500e+00,1.25000000e-03,-7.34375000e-02
2.47928000e-06,1.46875000e+00,2.50937500e+00,8.75000000e-03,-1.07031250e-01
2.47960000e-06,1.24375000e+00,2.54687500e+00,-4.37500000e-03,-8.98437500e-02
2.47992000e-06,1.35312500e+00,2.65937500e+00,-6.87500000e-03,-2.18750000e-02
2.48024000e-06,1.32812500e+00,2.47187500e+00,-1.87500000e-03,-6.40625000e-02
2.48056000e-06,1.30312500e+00,2.52187500e+00,-3.06250000e-02,-1.14062500e-01
2.48088000e-06,1.40625000e+00,2.60937500e+00,-2.62500000e-02,-7.96875000e-02
2.48120000e-06,1.47812500e+00,2.55937500e+00,-3.06250000e-02,-6.87500000e-02
2.48152000e-06,1.41875000e+00,2.62187500e+00,-1.87500000e-03,-6.56250000e-02
2.48184000e-06,1.30625000e+00,2.53437500e+00,-1.37500000e-02,-4.68750000e-02
2.48216000e-06,1.31875000e+00,2.55937500e+00,-2.25000000e-02,-1.13281250e-01
2.48248000e-06,1.36875000e+00,2.49687500e+00,-1.93750000e-02,-1.01562500e-01
2.48280000e-06,1.30625000e+00,2.68437500e+00,5.62500000e-03,-7.50000000e-02
2.48312000e-06,1.35625000e+00,2.69687500e+00,-2.18750000e-02,-3.35937500e-02
2.48344000e-06,1.36875000e+00,2.58437500e+00,-1.87500000e-03,-2.57812500e-02
2.48376000e-06,1.49375000e+00,2.49687500e+00,5.62500000e-03,-2.73437500e-02
2.48408000e-06,1.40312500e+00,2.48437500e+00,-2.56250000e-02,-8.67187500e-02
2.48440000e-06,1.23750000e+00,2.59687500e+00,-4.37500000e-03,-1.00000000e-01
2.48472000e-06,1.42812500e+00,2.54687500e+00,-3.37500000e-02,-8.75000000e-02
2.48504000e-06,1.25625000e+00,2.59687500e+00,-2.62500000e-02,-9.84375000e-02
2.48536000e-06,1.35625000e+00,2.60937500e+00,-1.18750000e-02,-9.53125000e-02
2.48568000e-06,1.46875000e+00,2.68437500e+00,-2.87500000e-02,-1.48437500e-02
2.48600000e-06,1.40312500e+00,2.48437500e+00,-1.93750000e-02,-8.51562500e-02
2.48632000e-06,1.38125000e+00,2.58437500e+00,-1.31250000e-02,-1.00000000e-01
2.48664000e-06,1.35625000e+00,2.64687500e+00,-2.87500000e-02,-5.23437500e-02
2.48696000e-06,1.51875000e+00,2.52187500e+00,-3.81250000e-02,5.46875000e-03
2.48728000e-06,1.39375000e+00,2.60937500e+00,-1.37500000e-02,-1.25000000e-02
2.48760000e-06,1.32812500e+00,2.68437500e+00,-1.00000000e-02,-3.67187500e-02
2.48792000e-06,1.30000000e+00,2.58437500e+00,-4.87500000e-02,-1.79687500e-02
2.48824000e-06,1.18437500e+00,2.49687500e+00,-1.87500000e-02,1.01562500e-02
2.48856000e-06,1.38125000e+00,2.54687500e+00,-1.43750000e-02,-3.35937500e-02
2.48888000e-06,1.44062500e+00,2.57187500e+00,-1.93750000e-02,-1.64062500e-02
2.48920000e-06,1.52812500e+00,2.40937500e+00,6.25000000e-04,1.56250000e-03
2.48952000e-06,1.36875000e+00,2.64687500e+00,1.06250000e-02,-4.68750000e-02
2.48984000e-06,1.28125000e+00,2.50937500e+00,-1.68750000e-02,-6.79687500e-02
2.49016000e-06,1.35625000e+00,2.49687500e+00,-2.25000000e-02,-4.21875000e-02
2.49048000e-06,1.40625000e+00,2.50937500e+00,-2.18750000e-02,-8.04687500e-02
2.49080000e-06,1.35312500e+00,2.55937500e+00,-3.87500000e-02,-5.39062500e-02
2.49112000e-06,1.36875000e+00,2.37187500e+00,-2.18750000e-02,-3.82812500e-02
2.49144000e-06,1.30312500e+00,2.64687500e+00,-8.12500000e-03,-2.34375000e-02
2.49176000e-06,1.33125000e+00,2.54687500e+00,-3.06250000e-02,1.56250000e-02
2.49208000e-06,1.40625000e+00,2.39687500e+00,8.75000000e-03,-1.48437500e-02
2.49240000e-06,1.39062500e+00,2.35937500e+00,-3.56250000e-02,-4.84375000e-02
2.49272000e-06,1.40625000e+00,2.50937500e+00,-1.18750000e-02,-4.92187500e-02
2.49304000e-06,1.40625000e+00,2.44687500e+00,1.00000000e-02,-1.17968750e-01
2.49336000e-06,1.27500000e+00,2.48437500e+00,-3.62500000e-02,-8.35937500e-02
2.49368000e-06,1.39375000e+00,2.70937500e+00,-4.37500000e-03,0.00000000e+00
2.49400000e-06,1.41875000e+00,2.54687500e+00,-2.93750000e-02,2.03125000e-02
2.49432000e-06,1.40312500e+00,2.54687500e+00,-2.18750000e-02,-7.81250000e-04
2.49464000e-06,1.20937500e+00,2.50937500e+00,1.75000000e-02,-8.28125000e-02
2.49496000e-06,1.38125000e+00,2.38437500e+00,-1.18750000e-02,-1.35156250e-01
2.49528000e-06,1.37812500e+00,2.73437500e+00,-6.87500000e-03,-7.89062500e-02
2.49560000e-06,1.31562500e+00,2.52187500e+00,-1.25000000e-02,-1.04687500e-01
2.49592000e-06,1.27500000e+00,2.50937500e+00,-5.12500000e-02,-3.28125000e-02
2.49624000e-06,1.38125000e+00,2.43437500e+00,-1.87500000e-02,-6.25000000e-03
2.49656000e-06,1.32812500e+00,2.48437500e+00,-5.00000000e-03,0.00000000e+00
2.49688000e-06,1.23750000e+00,2.48437500e+00,-4.12500000e-02,-6.48437500e-02
2.49720000e-06,1.44375000e+00,2.54687500e+00,-2.56250000e-02,-1.02343750e-01
2.49752000e-06,1.35312500e+00,2.59687500e+00,-1.62500000e-02,-1.17187500e-02
2.49784000e-06,1.38125000e+00,2.52187500e+00,-2.00000000e-02,-2.57812500e-02
2.49816000e-06,1.41562500e+00,2.40937500e+00,-1.93750000e-02,-4.60937500e-02
2.49848000e-06,1.23437500e+00,2.67187500e+00,-7.50000000e-03,-4.68750000e-02
2.49880000e-06,1.25937500e+00,2.48437500e+00,-5.62500000e-02,-4.37500000e-02
2.49912000e-06,1.27187500e+00,2.42187500e+00,-6.25000000e-03,-6.71875000e-02
2.49944000e-06,1.39062500e+00,2.45937500e+00,-6.87500000e-03,-7.42187500e-02
2.49976000e-06,1.30312500e+00,2.50937500e+00,-6.87500000e-03,-8.51562500e-02
2.50008000e-06,1.38125000e+00,2.49687500e+00,-3.56250000e-02,-9.14062500e-02
2.50040000e-06,1.30625000e+00,2.64687500e+00,-4.37500000e-03,-6.48437500e-02
2.50072000e-06,1.35625000e+00,2.53437500e+00,-2.56250000e-02,-5.70312500e-02
2.50104000e-06,1.27500000e+00,2.67187500e+00,6.25000000e-04,5.46875000e-03
2.50136000e-06,1.39375000e+00,2.55937500e+00,-1.50000000e-02,-3.12500000e-02
2.50168000e-06,1.26250000e+00,2.60937500e+00,-3.87500000e-02,-4.06250000e-02
2.50200000e-06,1.45625000e+00,2.47187500e+00,-3.00000000e-02,2.34375000e-02
2.50232000e-06,1.36875000e+00,2.53437500e+00,8.75000000e-03,-1.79687500e-02
2.50264000e-06,1.35625000e+00,2.67187500e+00,-3.00000000e-02,-1.03906250e-01
2.50296000e-06,1.40625000e+00,2.57187500e+00,-1.87500000e-03,-9.14062500e-02
2.50328000e-06,1.35625000e+00,2.58437500e+00,-3.62500000e-02,-3.28125000e-02
2.50360000e-06,1.35625000e+00,2.65937500e+00,-1.93750000e-02,-5.31250000e-02
2.50392000e-06,1.35625000e+00,2.52187500e+00,-1.00000000e-02,-7.89062500e-02
2.50424000e-06,1.30312500e+00,2.67187500e+00,-2.87500000e-02,3.35937500e-02
2.50456000e-06,1.22187500e+00,2.47187500e+00,-6.12500000e-02,4.84375000e-02
2.50488000e-06,1.36875000e+00,2.43437500e+00,3.12500000e-03,-5.15625000e-02
2.50520000e-06,1.40312500e+00,2.50937500e+00,-2.87500000e-02,-9.29687500e-02
2.50552000e-06,1.30000000e+00,2.50937500e+00,-2.62500000e-02,-1.15625000e-01
2.50584000e-06,1.34375000e+00,2.44687500e+00,-1.93750000e-02,-7.96875000e-02
2.50616000e-06,1.43125000e+00,2.54687500e+00,-5.00000000e-03,-8.59375000e-02
2.50648000e-06,1.45312500e+00,2.72187500e+00,-4.37500000e-02,-7.81250000e-02
2.50680000e-06,1.36875000e+00,2.65937500e+00,-3.00000000e-02,-1.31250000e-01
2.50712000e-06,1.33125000e+00,2.59687500e+00,-6.25000000e-03,-9.21875000e-02
2.50744000e-06,1.35625000e+00,2.43437500e+00,1.12500000e-02,-5.85937500e-02
2.50776000e-06,1.41875000e+00,2.37187500e+00,-2.87500000e-02,-1.10156250e-01
2.50808000e-06,1.36875000e+00,2.60937500e+00,-2.87500000e-02,-6.87500000e-02
2.50840000e-06,1.31875000e+00,2.55937500e+00,-4.12500000e-02,-1.17187500e-02
2.50872000e-06,1.38125000e+00,2.60937500e+00,-1.87500000e-02,-7.26562500e-02
2.50904000e-06,1.39375000e+00,2.59687500e+00,5.62500000e-03,-1.57812500e-01
2.50936000e-06,1.39375000e+00,2.60937500e+00,-6.87500000e-03,-1.60937500e-01
2.50968000e-06,1.40625000e+00,2.58437500e+00,-1.93750000e-02,-1.15625000e-01
2.51000000e-06,1.44375000e+00,2.44687500e+00,-1.00000000e-02,-3.67187500e-02
2.51032000e-06,1.30625000e+00,2.42187500e+00,-4.37500000e-02,-2.96875000e-02
2.51064000e-06,1.33125000e+00,2.55937500e+00,-1.87500000e-02,-7.34375000e-02
2.51096000e-06,1.41875000e+00,2.48437500e+00,6.25000000e-04,-2.81250000e-02
2.51128000e-06,1.43125000e+00,2.60937500e+00,2.50000000e-03,-1.17187500e-02
2.51160000e-06,1.36875000e+00,2.49687500e+00,-4.12500000e-02,-8.04687500e-02
2.51192000e-06,1.44062500e+00,2.52187500e+00,-3.31250000e-02,-5.00000000e-02
2.51224000e-06,1.48125000e+00,2.59687500e+00,-4.06250000e-02,-4.14062500e-02
2.51256000e-06,1.31562500e+00,2.58437500e+00,-1.37500000e-02,-7.10937500e-02
2.51288000e-06,1.15937500e+00,2.42187500e+00,-2.18750000e-02,-7.50000000e-02
2.51320000e-06,1.30625000e+00,2.55937500e+00,-1.18750000e-02,-1.03125000e-01
2.51352000e-06,1.39062500e+00,2.52187500e+00,-2.62500000e-02,-7.26562500e-02
2.51384000e-06,1.34062500e+00,2.70937500e+00,-2.56250000e-02,2.34375000e-03
2.51416000e-06,1.54375000e+00,2.64687500e+00,-1.43750000e-02,-8.20312500e-02
2.51448000e-06,1.24687500e+00,2.54687500e+00,1.25000000e-03,-7.34375000e-02
2.51480000e-06,1.30312500e+00,2.60937500e+00,3.12500000e-03,-3.82812500e-02
2.51512000e-06,1.35625000e+00,2.59687500e+00,-1.18750000e-02,-2.42187500e-02
2.51544000e-06,1.45312500e+00,2.47187500e+00,-2.25000000e-02,4.53125000e-02
2.51576000e-06,1.41875000e+00,2.47187500e+00,-1.75000000e-02,3.12500000e-02
2.51608000e-06,1.39375000e+00,2.58437500e+00,-5.37500000e-02,-5.93750000e-02
2.51640000e-06,1.41875000e+00,2.45937500e+00,-3.00000000e-02,-1.02343750e-01
2.51672000e-06,1.43125000e+00,2.58437500e+00,-6.87500000e-03,-1.44531250e-01
2.51704000e-06,1.40625000e+00,2.63437500e+00,-4.00000000e-02,-1.32031250e-01
2.51736000e-06,1.35625000e+00,2.49687500e+00,-1.62500000e-02,-1.71875000e-01
2.51768000e-06,1.39375000e+00,2.40937500e+00,-1.93750000e-02,-1.82812500e-01
2.51800000e-06,1.39062500e+00,2.45937500e+00,-3.37500000e-02,-7.34375000e-02
2.51832000e-06,1.26250000e+00,2.53437500e+00,-3.81250000e-02,-8.28125000e-02
2.51864000e-06,1.36562500e+00,2.57187500e+00,-1.62500000e-02,-1.01562500e-01
2.51896000e-06,1.32812500e+00,2.57187500e+00,-2.18750000e-02,-9.21875000e-02
2.51928000e-06,1.27187500e+00,2.40937500e+00,-9.37500000e-03,-5.85937500e-02
2.51960000e-06,1.31875000e+00,2.52187500e+00,-4.37500000e-03,-3.90625000e-03
2.51992000e-06,1.46875000e+00,2.60937500e+00,-3.06250000e-02,-5.54687500e-02
2.52024000e-06,1.14375000e+00,2.67187500e+00,-7.50000000e-03,-5.39062500e-02
2.52056000e-06,1.27500000e+00,2.50937500e+00,-4.12500000e-02,3.98437500e-02
2.52088000e-06,1.44375000e+00,2.54687500e+00,-3.50000000e-02,3.28125000e-02
2.52120000e-06,1.26875000e+00,2.54687500e+00,-9.37500000e-03,-3.20312500e-02
2.52152000e-06,1.31875000e+00,2.60937500e+00,-4.31250000e-02,-3.75000000e-02
2.52184000e-06,1.41875000e+00,2.47187500e+00,-1.62500000e-02,-7.65625000e-02
2.52216000e-06,1.30312500e+00,2.60937500e+00,-3.62500000e-02,-8.20312500e-02
2.52248000e-06,1.33125000e+00,2.62187500e+00,-6.06250000e-02,-7.03125000e-02
2.52280000e-06,1.36875000e+00,2.53437500e+00,1.06250000e-02,-2.57812500e-02
2.52312000e-06,1.39375000e+00,2.63437500e+00,-4.56250000e-02,-4.29687500e-02
2.52344000e-06,1.31875000e+00,2.53437500e+00,-5.37500000e-02,-1.03906250e-01
2.52376000e-06,1.33125000e+00,2.55937500e+00,-1.43750000e-02,-8.43750000e-02
2.52408000e-06,1.28437500e+00,2.64687500e+00,-4.37500000e-03,-1.15625000e-01
2.52440000e-06,1.23437500e+00,2.44687500e+00,6.25000000e-04,-9.60937500e-02
2.52472000e-06,1.22500000e+00,2.52187500e+00,-1.43750000e-02,-2.42187500e-02
2.52504000e-06,1.41562500e+00,2.65937500e+00,-1.75000000e-02,7.03125000e-03
2.52536000e-06,1.40312500e+00,2.59687500e+00,-4.12500000e-02,-6.64062500e-02
2.52568000e-06,1.36875000e+00,2.49687500e+00,-1.62500000e-02,-1.41406250e-01
2.52600000e-06,1.34375000e+00,2.52187500e+00,-1.87500000e-03,-1.03125000e-01
2.52632000e-06,1.36875000e+00,2.58437500e+00,-1.68750000e-02,-1.02343750e-01
2.52664000e-06,1.34375000e+00,2.52187500e+00,-1.50000000e-02,-1.08593750e-01
2.52696000e-06,1.35312500e+00,2.60937500e+00,-2.81250000e-02,-1.78906250e-01
2.52728000e-06,1.28750000e+00,2.73437500e+00,-6.25000000e-03,-9.68750000e-02
2.52760000e-06,1.36875000e+00,2.49687500e+00,-3.56250000e-02,-1.56250000e-03
2.52792000e-06,1.39062500e+00,2.55937500e+00,-3.56250000e-02,-7.81250000e-04
2.52824000e-06,1.36875000e+00,2.63437500e+00,-9.37500000e-03,-7.26562500e-02
2.52856000e-06,1.43125000e+00,2.64687500e+00,8.75000000e-03,-1.14062500e-01
2.52888000e-06,1.43125000e+00,2.48437500e+00,-4.87500000e-02,-8.51562500e-02
2.52920000e-06,1.25937500e+00,2.65937500e+00,-9.37500000e-03,-1.38281250e-01
2.52952000e-06,1.34375000e+00,2.43437500e+00,-7.50000000e-03,-8.12500000e-02
2.52984000e-06,1.34375000e+00,2.50937500e+00,-3.12500000e-02,-6.48437500e-02
2.53016000e-06,1.32812500e+00,2.58437500e+00,-3.56250000e-02,-4.06250000e-02
2.53048000e-06,1.43125000e+00,2.63437500e+00,-9.37500000e-03,-2.81250000e-02
2.53080000e-06,1.49375000e+00,2.60937500e+00,1.25000000e-03,-5.62500000e-02
2.53112000e-06,1.30625000e+00,2.60937500e+00,4.06250000e-02,-8.82812500e-02
2.53144000e-06,1.34062500e+00,2.50937500e+00,-2.87500000e-02,-8.43750000e-02
2.53176000e-06,1.48125000e+00,2.40937500e+00,-3.62500000e-02,-1.17187500e-02
2.53208000e-06,1.46875000e+00,2.49687500e+00,-2.18750000e-02,-6.95312500e-02
2.53240000e-06,1.36875000e+00,2.58437500e+00,-9.37500000e-03,-3.67187500e-02
2.53272000e-06,1.40312500e+00,2.42187500e+00,-2.62500000e-02,5.39062500e-02
2.53304000e-06,1.43125000e+00,2.48437500e+00,-1.93750000e-02,-1.14062500e-01
2.53336000e-06,1.23437500e+00,2.57187500e+00,2.50000000e-03,-1.57812500e-01
2.53368000e-06,1.44375000e+00,2.62187500e+00,-9.37500000e-03,-1.09375000e-01
2.53400000e-06,1.43125000e+00,2.54687500e+00,-6.87500000e-03,-1.85156250e-01
2.53432000e-06,1.30000000e+00,2.65937500e+00,3.81250000e-02,-1.09375000e-01
2.53464000e-06,1.20625000e+00,2.59687500e+00,-4.37500000e-03,-6.09375000e-02
2.53496000e-06,1.40625000e+00,2.54687500e+00,-1.68750000e-02,-1.21875000e-01
2.53528000e-06,1.42812500e+00,2.49687500e+00,-1.18750000e-02,-5.46875000e-02
2.53560000e-06,1.37812500e+00,2.64687500e+00,-1.87500000e-03,-6.64062500e-02
2.53592000e-06,1.45625000e+00,2.42187500e+00,-1.43750000e-02,-7.81250000e-02
2.53624000e-06,1.26250000e+00,2.52187500e+00,-3.12500000e-02,-1.09375000e-01
2.53656000e-06,1.45312500e+00,2.57187500e+00,-6.37500000e-02,-1.64062500e-01
2.53688000e-06,1.43125000e+00,2.67187500e+00,-3.31250000e-02,-1.71875000e-01
2.53720000e-06,1.36562500e+00,2.57187500e+00,8.75000000e-03,-6.32812500e-02
2.53752000e-06,1.23437500e+00,2.60937500e+00,-1.25000000e-03,-8.20312500e-02
2.53784000e-06,1.36875000e+00,2.53437500e+00,-2.62500000e-02,-1.07031250e-01
2.53816000e-06,1.20625000e+00,2.52187500e+00,-4.12500000e-02,-9.06250000e-02
2.53848000e-06,1.25000000e+00,2.50937500e+00,-9.37500000e-03,-7.81250000e-02
2.53880000e-06,1.38125000e+00,2.45937500e+00,-4.37500000e-03,-8.90625000e-02
2.53912000e-06,1.25625000e+00,2.54687500e+00,-6.87500000e-03,-1.34375000e-01
2.53944000e-06,1.22187500e+00,2.49687500e+00,-1.87500000e-03,-1.37500000e-01
2.53976000e-06,1.35625000e+00,2.65937500e+00,-4.37500000e-03,-9.68750000e-02
2.54008000e-06,1.51562500e+00,2.64687500e+00,-4.37500000e-03,-3.90625000e-02
2.54040000e-06,1.37500000e+00,2.49687500e+00,-1.25000000e-02,-1.25000000e-01
2.54072000e-06,1.26875000e+00,2.43437500e+00,-3.31250000e-02,-1.96093750e-01
2.54104000e-06,1.24687500e+00,2.45937500e+00,-1.25000000e-03,-1.07812500e-01
2.54136000e-06,1.34062500e+00,2.63437500e+00,8.75000000e-03,-7.18750000e-02
2.54168000e-06,1.47812500e+00,2.57187500e+00,-1.93750000e-02,-7.89062500e-02
2.54200000e-06,1.41562500e+00,2.69687500e+00,-6.87500000e-03,-5.07812500e-02
2.54232000e-06,1.36875000e+00,2.45937500e+00,-4.37500000e-03,-5.62500000e-02
2.54264000e-06,1.30000000e+00,2.49687500e+00,-6.87500000e-03,-3.28125000e-02
2.54296000e-06,1.34375000e+00,2.67187500e+00,-2.00000000e-02,-4.60937500e-02
2.54328000e-06,1.44375000e+00,2.54687500e+00,-2.81250000e-02,-6.25000000e-02
2.54360000e-06,1.31562500e+00,2.73437500e+00,-8.75000000e-03,-7.96875000e-02
2.54392000e-06,1.36875000e+00,2.60937500e+00,-1.12500000e-02,-9.21875000e-02
2.54424000e-06,1.49375000e+00,2.49687500e+00,-1.87500000e-03,-8.20312500e-02
2.54456000e-06,1.40625000e+00,2.73437500e+00,1.31250000e-02,-1.07031250e-01
2.54488000e-06,1.39375000e+00,2.58437500e+00,-4.12500000e-02,-4.29687500e-02
2.54520000e-06,1.25937500e+00,2.59687500e+00,-1.18750000e-02,3.67187500e-02
2.54552000e-06,1.25937500e+00,2.62187500e+00,-1.00000000e-02,-9.76562500e-02
2.54584000e-06,1.38125000e+00,2.62187500e+00,-1.00000000e-02,-1.46875000e-01
2.54616000e-06,1.44062500e+00,2.49687500e+00,-2.81250000e-02,-8.82812500e-02
2.54648000e-06,1.24375000e+00,2.54687500e+00,3.75000000e-03,-1.22656250e-01
2.54680000e-06,1.30312500e+00,2.47187500e+00,-3.25000000e-02,-6.25000000e-02
2.54712000e-06,1.25000000e+00,2.63437500e+00,-2.81250000e-02,6.25000000e-03
2.54744000e-06,1.40312500e+00,2.42187500e+00,-1.87500000e-03,-1.13281250e-01
2.54776000e-06,1.30000000e+00,2.48437500e+00,-1.18750000e-02,-1.53906250e-01
2.54808000e-06,1.30625000e+00,2.57187500e+00,-9.37500000e-03,-7.89062500e-02
2.54840000e-06,1.46875000e+00,2.55937500e+00,5.62500000e-03,-7.34375000e-02
2.54872000e-06,1.41562500e+00,2.57187500e+00,3.12500000e-03,-7.65625000e-02
2.54904000e-06,1.40625000e+00,2.49687500e+00,-5.00000000e-03,-1.09375000e-01
2.54936000e-06,1.39375000e+00,2.44687500e+00,-5.62500000e-02,-1.35937500e-01
2.54968000e-06,1.36875000e+00,2.63437500e+00,-2.50000000e-02,-8.35937500e-02
2.55000000e-06,1.41875000e+00,2.54687500e+00,-2.81250000e-02,-3.43750000e-02
2.55032000e-06,1.34375000e+00,2.57187500e+00,-3.00000000e-02,-6.79687500e-02
2.55064000e-06,1.51875000e+00,2.48437500e+00,3.12500000e-03,-3.82812500e-02
2.55096000e-06,1.30312500e+00,2.48437500e+00,1.12500000e-02,-2.81250000e-02
2.55128000e-06,1.30312500e+00,2.42187500e+00,-3.31250000e-02,-1.25000000e-02
2.55160000e-06,1.31875000e+00,2.64687500e+00,2.06250000e-02,1.56250000e-03
2.55192000e-06,1.28437500e+00,2.44687500e+00,-3.87500000e-02,-6.01562500e-02
2.55224000e-06,1.28750000e+00,2.58437500e+00,6.25000000e-04,-5.85937500e-02
2.55256000e-06,1.44375000e+00,2.62187500e+00,2.50000000e-03,-2.10937500e-02
2.55288000e-06,1.34375000e+00,2.58437500e+00,6.25000000e-04,-1.06250000e-01
2.55320000e-06,1.39375000e+00,2.58437500e+00,-9.37500000e-03,-1.00000000e-01
2.55352000e-06,1.41875000e+00,2.49687500e+00,-2.00000000e-02,8.35937500e-02
2.55384000e-06,1.43125000e+00,2.48437500e+00,-2.18750000e-02,4.45312500e-02
2.55416000e-06,1.49375000e+00,2.55937500e+00,2.31250000e-02,-1.10156250e-01
2.55448000e-06,1.36875000e+00,2.49687500e+00,-4.37500000e-03,-5.07812500e-02
2.55480000e-06,1.30625000e+00,2.57187500e+00,-2.56250000e-02,-5.46875000e-02
2.55512000e-06,1.38125000e+00,2.62187500e+00,-6.87500000e-03,-4.06250000e-02
2.55544000e-06,1.35625000e+00,2.63437500e+00,-1.43750000e-02,1.56250000e-03
2.55576000e-06,1.46875000e+00,2.55937500e+00,-2.62500000e-02,-8.12500000e-02
2.55608000e-06,1.49375000e+00,2.58437500e+00,-1.43750000e-02,-1.14843750e-01
2.55640000e-06,1.32812500e+00,2.49687500e+00,-2.50000000e-03,-6.95312500e-02
2.55672000e-06,1.25000000e+00,2.52187500e+00,1.06250000e-02,-1.23437500e-01
2.55704000e-06,1.32812500e+00,2.68437500e+00,-2.25000000e-02,-4.92187500e-02
2.55736000e-06,1.28437500e+00,2.55937500e+00,-1.93750000e-02,-6.25000000e-03
2.55768000e-06,1.51875000e+00,2.45937500e+00,3.12500000e-03,-2.96875000e-02
2.55800000e-06,1.35312500e+00,2.64687500e+00,-2.18750000e-02,4.06250000e-02
2.55832000e-06,1.41250000e+00,2.63437500e+00,-2.81250000e-02,-3.51562500e-02
2.55864000e-06,1.24687500e+00,2.62187500e+00,-7.50000000e-03,-1.44531250e-01
2.55896000e-06,1.33125000e+00,2.38437500e+00,-3.06250000e-02,-1.58593750e-01
2.55928000e-06,1.35000000e+00,2.69687500e+00,3.75000000e-03,-1.55468750e-01
2.55960000e-06,1.28437500e+00,2.43437500e+00,-1.25000000e-03,-8.90625000e-02
2.55992000e-06,1.33125000e+00,2.57187500e+00,-4.37500000e-03,2.34375000e-03
2.56024000e-06,1.31562500e+00,2.59687500e+00,-2.18750000e-02,3.90625000e-03
2.56056000e-06,1.34375000e+00,2.68437500e+00,-1.43750000e-02,-1.00781250e-01
2.56088000e-06,1.35625000e+00,2.69687500e+00,-1.93750000e-02,-1.50000000e-01
2.56120000e-06,1.33125000e+00,2.62187500e+00,8.12500000e-03,-1.76562500e-01
2.56152000e-06,1.41875000e+00,2.53437500e+00,1.31250000e-02,-1.39062500e-01
2.56184000e-06,1.48125000e+00,2.58437500e+00,3.12500000e-03,-7.26562500e-02
2.56216000e-06,1.17187500e+00,2.49687500e+00,1.31250000e-02,-1.87500000e-02
2.56248000e-06,1.23125000e+00,2.64687500e+00,5.62500000e-03,-5.85937500e-02
2.56280000e-06,1.27500000e+00,2.47187500e+00,-3.37500000e-02,-5.85937500e-02
2.56312000e-06,1.36562500e+00,2.53437500e+00,-4.62500000e-02,-6.56250000e-02
2.56344000e-06,1.37812500e+00,2.49687500e+00,-3.81250000e-02,-9.68750000e-02
2.56376000e-06,1.34375000e+00,2.54687500e+00,-1.37500000e-02,-4.84375000e-02
2.56408000e-06,1.35625000e+00,2.59687500e+00,-8.75000000e-03,-1.14843750e-01
2.56440000e-06,1.24687500e+00,2.54687500e+00,-1.87500000e-03,-1.03125000e-01
2.56472000e-06,1.35625000e+00,2.52187500e+00,-2.87500000e-02,-1.21875000e-01
2.56504000e-06,1.22187500e+00,2.49687500e+00,-2.56250000e-02,-2.16406250e-01
2.56536000e-06,1.18125000e+00,2.57187500e+00,5.62500000e-03,-2.05468750e-01
2.56568000e-06,1.33125000e+00,2.59687500e+00,3.75000000e-03,-1.07031250e-01
2.56600000e-06,1.46562500e+00,2.62187500e+00,-4.37500000e-03,-1.74218750e-01
2.56632000e-06,1.36562500e+00,2.49687500e+00,-1.43750000e-02,-8.98437500e-02
2.56664000e-06,1.37812500e+00,2.47187500e+00,-2.62500000e-02,-8.59375000e-03
2.56696000e-06,1.20937500e+00,2.63437500e+00,-6.87500000e-03,-9.45312500e-02
2.56728000e-06,1.34375000e+00,2.50937500e+00,1.25000000e-02,-1.73437500e-01
2.56760000e-06,1.28125000e+00,2.49687500e+00,-5.87500000e-02,-1.82812500e-01
2.56792000e-06,1.28437500e+00,2.44687500e+00,-4.37500000e-03,-2.06250000e-01
2.56824000e-06,1.46875000e+00,2.53437500e+00,-2.50000000e-03,-1.64062500e-01
2.56856000e-06,1.36562500e+00,2.43437500e+00,-1.43750000e-02,-1.06250000e-01
2.56888000e-06,1.43125000e+00,2.60937500e+00,-7.50000000e-03,-1.34375000e-01
2.56920000e-06,1.41562500e+00,2.49687500e+00,-6.12500000e-02,-1.24218750e-01
2.56952000e-06,1.22500000e+00,2.55937500e+00,-1.43750000e-02,-1.22656250e-01
2.56984000e-06,1.41875000e+00,2.53437500e+00,-5.12500000e-02,-2.96875000e-02
2.57016000e-06,1.32812500e+00,2.53437500e+00,3.75000000e-03,-4.45312500e-02
2.57048000e-06,1.33125000e+00,2.35937500e+00,-7.50000000e-03,-1.86718750e-01
2.57080000e-06,1.48125000e+00,2.72187500e+00,-2.18750000e-02,-1.71093750e-01
2.57112000e-06,1.51875000e+00,2.45937500e+00,8.12500000e-03,-4.53125000e-02
2.57144000e-06,1.45625000e+00,2.44687500e+00,7.50000000e-03,-8.28125000e-02
2.57176000e-06,1.28125000e+00,2.37187500e+00,-3.56250000e-02,-1.43750000e-01
2.57208000e-06,1.31875000e+00,2.49687500e+00,-3.75000000e-03,-1.20312500e-01
2.57240000e-06,1.37812500e+00,2.63437500e+00,-1.25000000e-03,-1.21093750e-01
2.57272000e-06,1.20937500e+00,2.57187500e+00,-1.93750000e-02,-1.17968750e-01
2.57304000e-06,1.38125000e+00,2.53437500e+00,-1.87500000e-03,-1.95312500e-01
2.57336000e-06,1.34062500e+00,2.60937500e+00,-1.75000000e-02,-1.96875000e-01
2.57368000e-06,1.48125000e+00,2.49687500e+00,-3.31250000e-02,-1.13281250e-01
2.57400000e-06,1.26250000e+00,2.45937500e+00,-3.75000000e-03,-9.68750000e-02
2.57432000e-06,1.43125000e+00,2.38437500e+00,-1.37500000e-02,-1.17187500e-01
2.57464000e-06,1.39375000e+00,2.49687500e+00,-6.87500000e-03,-1.02343750e-01
2.57496000e-06,1.23750000e+00,2.57187500e+00,-9.37500000e-03,-1.09375000e-01
2.57528000e-06,1.31562500e+00,2.58437500e+00,2.56250000e-02,-1.16406250e-01
2.57560000e-06,1.26250000e+00,2.45937500e+00,-1.18750000e-02,-8.51562500e-02
2.57592000e-06,1.32812500e+00,2.58437500e+00,3.12500000e-03,-1.10156250e-01
2.57624000e-06,1.30000000e+00,2.38437500e+00,-3.87500000e-02,-1.61718750e-01
2.57656000e-06,1.30625000e+00,2.63437500e+00,-4.37500000e-03,-1.89062500e-01
2.57688000e-06,1.32812500e+00,2.52187500e+00,-3.12500000e-02,-1.75000000e-01
2.57720000e-06,1.36562500e+00,2.54687500e+00,-1.87500000e-03,-9.60937500e-02
2.57752000e-06,1.36875000e+00,2.60937500e+00,-6.87500000e-03,-1.25781250e-01
2.57784000e-06,1.31875000e+00,2.58437500e+00,-1.43750000e-02,-2.51562500e-01
2.57816000e-06,1.33125000e+00,2.53437500e+00,-1.25000000e-02,-1.52343750e-01
2.57848000e-06,1.31875000e+00,2.62187500e+00,-3.81250000e-02,-4.76562500e-02
2.57880000e-06,1.36562500e+00,2.63437500e+00,-1.12500000e-02,-8.28125000e-02
2.57912000e-06,1.31875000e+00,2.49687500e+00,-1.25000000e-03,-8.20312500e-02
2.57944000e-06,1.35625000e+00,2.55937500e+00,-2.62500000e-02,-1.07031250e-01
2.57976000e-06,1.28437500e+00,2.60937500e+00,-2.56250000e-02,-1.38281250e-01
2.58008000e-06,1.31562500e+00,2.50937500e+00,-2.87500000e-02,-7.81250000e-02
2.58040000e-06,1.20937500e+00,2.47187500e+00,-2.75000000e-02,-1.10937500e-01
2.58072000e-06,1.26250000e+00,2.38437500e+00,3.12500000e-03,-1.04687500e-01
2.58104000e-06,1.35312500e+00,2.58437500e+00,-2.50000000e-02,-1.25781250e-01
2.58136000e-06,1.30000000e+00,2.50937500e+00,-3.12500000e-02,-5.85937500e-02
2.58168000e-06,1.30625000e+00,2.67187500e+00,-3.62500000e-02,3.35937500e-02
2.58200000e-06,1.28437500e+00,2.49687500e+00,-3.31250000e-02,-5.85937500e-02
2.58232000e-06,1.23437500e+00,2.43437500e+00,1.87500000e-02,-1.33593750e-01
2.58264000e-06,1.33125000e+00,2.55937500e+00,-3.81250000e-02,-1.40625000e-01
2.58296000e-06,1.21875000e+00,2.65937500e+00,-1.50000000e-02,-1.25000000e-01
2.58328000e-06,1.38125000e+00,2.68437500e+00,-3.43750000e-02,-4.21875000e-02
2.58360000e-06,1.30312500e+00,2.59687500e+00,-1.12500000e-02,-7.65625000e-02
2.58392000e-06,1.26875000e+00,2.52187500e+00,-1.43750000e-02,-1.28125000e-01
2.58424000e-06,1.25000000e+00,2.52187500e+00,-2.18750000e-02,-3.04687500e-02
2.58456000e-06,1.44062500e+00,2.39687500e+00,-3.12500000e-02,-1.95312500e-02
2.58488000e-06,1.32812500e+00,2.44687500e+00,-1.43750000e-02,-1.38281250e-01
2.58520000e-06,1.35625000e+00,2.49687500e+00,-1.25000000e-02,-1.42187500e-01
2.58552000e-06,1.32812500e+00,2.49687500e+00,-3.12500000e-02,-1.68750000e-01
2.58584000e-06,1.30625000e+00,2.45937500e+00,-1.87500000e-03,-1.04687500e-01
2.58616000e-06,1.28437500e+00,2.52187500e+00,-4.43750000e-02,-1.03906250e-01
2.58648000e-06,1.27187500e+00,2.52187500e+00,-5.37500000e-02,-1.21093750e-01
2.58680000e-06,1.33125000e+00,2.75937500e+00,-4.37500000e-03,-8.35937500e-02
2.58712000e-06,1.35312500e+00,2.58437500e+00,-2.87500000e-02,2.34375000e-03
2.58744000e-06,1.33125000e+00,2.65937500e+00,-9.37500000e-03,-2.65625000e-02
2.58776000e-06,1.40625000e+00,2.50937500e+00,-1.31250000e-02,-9.29687500e-02
2.58808000e-06,1.36875000e+00,2.54687500e+00,-3.37500000e-02,-1.30468750e-01
2.58840000e-06,1.31875000e+00,2.50937500e+00,-1.12500000e-02,-1.86718750e-01
2.58872000e-06,1.38125000e+00,2.64687500e+00,-1.43750000e-02,-1.38281250e-01
2.58904000e-06,1.25937500e+00,2.54687500e+00,-5.00000000e-03,-2.10937500e-02
2.58936000e-06,1.31875000e+00,2.58437500e+00,-4.87500000e-02,2.42187500e-02
2.58968000e-06,1.39375000e+00,2.42187500e+00,-2.12500000e-02,-1.79687500e-02
2.59000000e-06,1.36562500e+00,2.57187500e+00,-4.37500000e-03,-9.68750000e-02
2.59032000e-06,1.35625000e+00,2.55937500e+00,-3.31250000e-02,-1.09375000e-02
2.59064000e-06,1.35625000e+00,2.57187500e+00,-3.12500000e-02,-3.90625000e-02
2.59096000e-06,1.28750000e+00,2.53437500e+00,-1.93750000e-02,-1.73437500e-01
2.59128000e-06,1.39375000e+00,2.50937500e+00,-2.31250000e-02,-4.84375000e-02
2.59160000e-06,1.44375000e+00,2.57187500e+00,-3.37500000e-02,-2.18750000e-02
2.59192000e-06,1.34375000e+00,2.62187500e+00,-3.75000000e-03,-4.45312500e-02
2.59224000e-06,1.31562500e+00,2.47187500e+00,-3.62500000e-02,-3.28125000e-02
2.59256000e-06,1.07187500e+00,2.58437500e+00,-1.68750000e-02,-6.87500000e-02
2.59288000e-06,1.35625000e+00,2.49687500e+00,-2.06250000e-02,-5.15625000e-02
2.59320000e-06,1.46562500e+00,2.52187500e+00,-1.18750000e-02,-1.00000000e-01
2.59352000e-06,1.34062500e+00,2.50937500e+00,-1.25000000e-02,-5.78125000e-02
2.59384000e-06,1.48125000e+00,2.44687500e+00,-3.31250000e-02,-1.71875000e-02
2.59416000e-06,1.40625000e+00,2.69687500e+00,-9.37500000e-03,-1.95312500e-02
2.59448000e-06,1.25937500e+00,2.57187500e+00,-4.75000000e-02,-1.04687500e-01
2.59480000e-06,1.22500000e+00,2.38437500e+00,1.62500000e-02,-1.48437500e-01
2.59512000e-06,1.38125000e+00,2.52187500e+00,3.75000000e-03,-4.84375000e-02
2.59544000e-06,1.40312500e+00,2.47187500e+00,-3.12500000e-02,-6.25000000e-03
2.59576000e-06,1.28750000e+00,2.58437500e+00,-6.87500000e-03,-3.51562500e-02
2.59608000e-06,1.40625000e+00,2.54687500e+00,3.00000000e-02,-2.03125000e-02
2.59640000e-06,1.30625000e+00,2.49687500e+00,-2.56250000e-02,-6.48437500e-02
2.59672000e-06,1.36875000e+00,2.50937500e+00,-1.18750000e-02,-1.35937500e-01
2.59704000e-06,1.31562500e+00,2.60937500e+00,-1.18750000e-02,-9.37500000e-02
2.59736000e-06,1.22187500e+00,2.45937500e+00,-4.37500000e-03,-1.25000000e-02
2.59768000e-06,1.25937500e+00,2.62187500e+00,-1.87500000e-03,-9.37500000e-02
2.59800000e-06,1.23125000e+00,2.42187500e+00,-2.18750000e-02,-9.60937500e-02
2.59832000e-06,1.19687500e+00,2.63437500e+00,-1.93750000e-02,-4.37500000e-02
2.59864000e-06,1.45312500e+00,2.52187500e+00,-1.75000000e-02,-1.12500000e-01
2.59896000e-06,1.24375000e+00,2.49687500e+00,-6.37500000e-02,-1.36718750e-01
2.59928000e-06,1.43125000e+00,2.47187500e+00,-2.12500000e-02,-8.59375000e-02
2.59960000e-06,1.40312500e+00,2.49687500e+00,-2.00000000e-02,-5.23437500e-02
2.59992000e-06,1.25937500e+00,2.58437500e+00,-2.56250000e-02,-7.65625000e-02
2.60024000e-06,1.31875000e+00,2.52187500e+00,-1.43750000e-02,-4.53125000e-02
2.60056000e-06,1.31562500e+00,2.55937500e+00,-5.56250000e-02,-7.18750000e-02
2.60088000e-06,1.28437500e+00,2.49687500e+00,-1.12500000e-02,-5.00000000e-02
2.60120000e-06,1.31875000e+00,2.47187500e+00,-2.18750000e-02,-2.50000000e-02
2.60152000e-06,1.53125000e+00,2.44687500e+00,3.12500000e-03,-9.37500000e-03
2.60184000e-06,1.43750000e+00,2.58437500e+00,-1.18750000e-02,-5.07812500e-02
2.60216000e-06,1.20625000e+00,2.57187500e+00,8.12500000e-03,-1.81250000e-01
2.60248000e-06,1.27500000e+00,2.48437500e+00,-3.12500000e-02,-1.92187500e-01
2.60280000e-06,1.39062500e+00,2.52187500e+00,-2.18750000e-02,-1.26562500e-01
2.60312000e-06,1.37500000e+00,2.47187500e+00,-2.00000000e-02,-2.73437500e-02
2.60344000e-06,1.22187500e+00,2.53437500e+00,-5.00000000e-03,-6.25000000e-02
2.60376000e-06,1.34375000e+00,2.45937500e+00,-3.37500000e-02,-1.92968750e-01
2.60408000e-06,1.32500000e+00,2.58437500e+00,-1.37500000e-02,-1.82031250e-01
2.60440000e-06,1.28437500e+00,2.59687500e+00,-1.87500000e-03,-9.37500000e-02
2.60472000e-06,1.38125000e+00,2.65937500e+00,-6.87500000e-03,-1.15625000e-01
2.60504000e-06,1.41562500e+00,2.52187500e+00,-4.37500000e-03,-1.52343750e-01
2.60536000e-06,1.34375000e+00,2.55937500e+00,-2.56250000e-02,-1.21875000e-01
2.60568000e-06,1.31875000e+00,2.52187500e+00,6.25000000e-04,-1.17968750e-01
2.60600000e-06,1.34375000e+00,2.59687500e+00,-4.37500000e-03,-1.16406250e-01
2.60632000e-06,1.31562500e+00,2.63437500e+00,-1.18750000e-02,-3.67187500e-02
2.60664000e-06,1.24687500e+00,2.67187500e+00,-4.37500000e-03,-6.87500000e-02
2.60696000e-06,1.20937500e+00,2.49687500e+00,-9.37500000e-03,-1.42968750e-01
2.60728000e-06,1.28437500e+00,2.60937500e+00,-6.87500000e-03,-2.09375000e-01
2.60760000e-06,1.44062500e+00,2.43437500e+00,-2.62500000e-02,-1.47656250e-01
2.60792000e-06,1.26875000e+00,2.43437500e+00,-1.93750000e-02,-1.79687500e-02
2.60824000e-06,1.22187500e+00,2.50937500e+00,-1.25000000e-02,-1.56250000e-03
2.60856000e-06,1.27500000e+00,2.63437500e+00,3.12500000e-03,-1.10937500e-01
2.60888000e-06,1.41562500e+00,2.44687500e+00,-9.37500000e-03,-1.06250000e-01
2.60920000e-06,1.24375000e+00,2.58437500e+00,-4.37500000e-03,-4.68750000e-02
2.60952000e-06,1.28750000e+00,2.57187500e+00,-4.12500000e-02,-6.25000000e-02
2.60984000e-06,1.36875000e+00,2.62187500e+00,-3.62500000e-02,-5.39062500e-02
2.61016000e-06,1.40312500e+00,2.47187500e+00,-2.56250000e-02,-6.01562500e-02
2.61048000e-06,1.35625000e+00,2.55937500e+00,3.75000000e-03,-5.46875000e-03
2.61080000e-06,1.24687500e+00,2.52187500e+00,-2.56250000e-02,-1.09375000e-02
2.61112000e-06,1.28437500e+00,2.45937500e+00,-1.18750000e-02,1.32812500e-02
2.61144000e-06,1.30312500e+00,2.43437500e+00,-7.50000000e-03,-5.78125000e-02
2.61176000e-06,1.18125000e+00,2.63437500e+00,-1.50000000e-02,-5.00000000e-02
2.61208000e-06,1.28437500e+00,2.58437500e+00,-3.87500000e-02,-1.48437500e-02
2.61240000e-06,1.50312500e+00,2.35937500e+00,-3.75000000e-03,-6.87500000e-02
2.61272000e-06,1.47812500e+00,2.53437500e+00,-1.43750000e-02,-8.04687500e-02
2.61304000e-06,1.20625000e+00,2.53437500e+00,-2.00000000e-02,-6.95312500e-02
2.61336000e-06,1.14375000e+00,2.53437500e+00,-1.87500000e-03,-7.42187500e-02
2.61368000e-06,1.26250000e+00,2.60937500e+00,-1.87500000e-03,-1.65625000e-01
2.61400000e-06,1.39062500e+00,2.50937500e+00,-4.37500000e-03,-1.74218750e-01
2.61432000e-06,1.42812500e+00,2.53437500e+00,-6.87500000e-03,-1.73437500e-01
2.61464000e-06,1.41875000e+00,2.54687500e+00,6.25000000e-04,-1.67187500e-01
2.61496000e-06,1.28437500e+00,2.48437500e+00,-1.50000000e-02,-9.29687500e-02
2.61528000e-06,1.28750000e+00,2.52187500e+00,-6.75000000e-02,-5.07812500e-02
2.61560000e-06,1.43125000e+00,2.55937500e+00,1.37500000e-02,-1.17187500e-01
2.61592000e-06,1.35312500e+00,2.40937500e+00,-1.50000000e-02,-7.81250000e-02
2.61624000e-06,1.26250000e+00,2.50937500e+00,-2.56250000e-02,-6.25000000e-03
2.61656000e-06,1.38125000e+00,2.53437500e+00,6.25000000e-03,-1.09375000e-02
2.61688000e-06,1.31562500e+00,2.65937500e+00,3.12500000e-03,-4.06250000e-02
2.61720000e-06,1.35625000e+00,2.58437500e+00,-5.87500000e-02,-6.17187500e-02
2.61752000e-06,1.27187500e+00,2.63437500e+00,1.37500000e-02,-1.16406250e-01
2.61784000e-06,1.32812500e+00,2.55937500e+00,-6.87500000e-03,-6.25000000e-02
2.61816000e-06,1.43125000e+00,2.64687500e+00,-9.37500000e-03,-5.07812500e-02
2.61848000e-06,1.32500000e+00,2.53437500e+00,-1.18750000e-02,-6.79687500e-02
2.61880000e-06,1.20000000e+00,2.68437500e+00,-2.00000000e-02,-1.56250000e-02
2.61912000e-06,1.35312500e+00,2.55937500e+00,-2.18750000e-02,4.14062500e-02
2.61944000e-06,1.19375000e+00,2.78437500e+00,-1.18750000e-02,-4.29687500e-02
2.61976000e-06,1.25937500e+00,2.67187500e+00,-6.87500000e-03,-1.32031250e-01
2.62008000e-06,1.25937500e+00,2.54687500e+00,5.62500000e-03,-1.13281250e-01
2.62040000e-06,1.28437500e+00,2.42187500e+00,3.12500000e-03,-1.33593750e-01
2.62072000e-06,1.45312500e+00,2.53437500e+00,3.12500000e-03,-5.31250000e-02
2.62104000e-06,1.36875000e+00,2.63437500e+00,-3.87500000e-02,-4.53125000e-02
2.62136000e-06,1.19687500e+00,2.49687500e+00,-3.06250000e-02,-7.10937500e-02
2.62168000e-06,1.30625000e+00,2.52187500e+00,-1.87500000e-03,-8.43750000e-02
2.62200000e-06,1.40625000e+00,2.68437500e+00,8.75000000e-03,-1.29687500e-01
2.62232000e-06,1.31250000e+00,2.58437500e+00,-3.87500000e-02,-4.92187500e-02
2.62264000e-06,1.25937500e+00,2.63437500e+00,-6.87500000e-03,-1.09375000e-01
2.62296000e-06,1.33125000e+00,2.63437500e+00,-1.56250000e-02,-1.63281250e-01
2.62328000e-06,1.34062500e+00,2.60937500e+00,-2.18750000e-02,-2.34375000e-02
2.62360000e-06,1.35312500e+00,2.49687500e+00,-1.25000000e-02,-5.07812500e-02
2.62392000e-06,1.36875000e+00,2.62187500e+00,-3.56250000e-02,-1.02343750e-01
2.62424000e-06,1.27187500e+00,2.45937500e+00,-1.12500000e-02,-8.04687500e-02
2.62456000e-06,1.24687500e+00,2.49687500e+00,-6.25000000e-03,-9.60937500e-02
2.62488000e-06,1.27187500e+00,2.58437500e+00,-9.37500000e-03,-8.67187500e-02
2.62520000e-06,1.25625000e+00,2.58437500e+00,-1.75000000e-02,-1.17187500e-01
2.62552000e-06,1.34062500e+00,2.50937500e+00,-5.37500000e-02,-6.40625000e-02
2.62584000e-06,1.45312500e+00,2.50937500e+00,-4.56250000e-02,-4.92187500e-02
2.62616000e-06,1.30312500e+00,2.52187500e+00,3.75000000e-03,-1.20312500e-01
2.62648000e-06,1.36875000e+00,2.38437500e+00,-6.87500000e-03,-1.18750000e-01
2.62680000e-06,1.41875000e+00,2.58437500e+00,-1.18750000e-02,-6.01562500e-02
2.62712000e-06,1.40625000e+00,2.67187500e+00,-3.62500000e-02,-4.37500000e-02
2.62744000e-06,1.31875000e+00,2.48437500e+00,-2.18750000e-02,-8.75000000e-02
2.62776000e-06,1.39375000e+00,2.49687500e+00,-2.50000000e-03,-1.20312500e-01
2.62808000e-06,1.43125000e+00,2.35937500e+00,-1.25000000e-02,-3.82812500e-02
2.62840000e-06,1.30312500e+00,2.62187500e+00,-2.81250000e-02,-4.37500000e-02
2.62872000e-06,1.31875000e+00,2.53437500e+00,-1.37500000e-02,-1.25781250e-01
2.62904000e-06,1.24687500e+00,2.45937500e+00,-2.50000000e-02,-8.90625000e-02
2.62936000e-06,1.20625000e+00,2.50937500e+00,3.12500000e-03,-8.28125000e-02
2.62968000e-06,1.39375000e+00,2.43437500e+00,6.25000000e-04,-8.51562500e-02
2.63000000e-06,1.45312500e+00,2.58437500e+00,-1.18750000e-02,-1.06250000e-01
2.63032000e-06,1.35312500e+00,2.58437500e+00,-1.68750000e-02,-1.06250000e-01
2.63064000e-06,1.38125000e+00,2.54687500e+00,-1.93750000e-02,-8.82812500e-02
2.63096000e-06,1.41875000e+00,2.43437500e+00,-9.37500000e-03,-6.25000000e-02
2.63128000e-06,1.22187500e+00,2.45937500e+00,8.12500000e-03,-9.06250000e-02
2.63160000e-06,1.17187500e+00,2.47187500e+00,-3.37500000e-02,-1.05468750e-01
2.63192000e-06,1.18437500e+00,2.44687500e+00,-1.43750000e-02,-5.70312500e-02
2.63224000e-06,1.23437500e+00,2.62187500e+00,-1.00000000e-02,-6.87500000e-02
2.63256000e-06,1.44062500e+00,2.53437500e+00,-9.37500000e-03,-7.26562500e-02
2.63288000e-06,1.25937500e+00,2.60937500e+00,3.12500000e-03,-3.98437500e-02
2.63320000e-06,1.45625000e+00,2.52187500e+00,-3.87500000e-02,-3.51562500e-02
2.63352000e-06,1.34062500e+00,2.49687500e+00,-3.37500000e-02,-1.20312500e-01
2.63384000e-06,1.22187500e+00,2.45937500e+00,-2.81250000e-02,-9.84375000e-02
2.63416000e-06,1.23437500e+00,2.57187500e+00,-2.56250000e-02,-9.06250000e-02
2.63448000e-06,1.30312500e+00,2.47187500e+00,-1.12500000e-02,-7.81250000e-02
2.63480000e-06,1.52812500e+00,2.58437500e+00,-3.12500000e-02,-7.03125000e-02
2.63512000e-06,1.36562500e+00,2.54687500e+00,3.12500000e-03,-5.85937500e-02
2.63544000e-06,1.36562500e+00,2.38437500e+00,-4.37500000e-03,-1.13281250e-01
2.63576000e-06,1.32812500e+00,2.52187500e+00,-1.93750000e-02,-1.10937500e-01
2.63608000e-06,1.38125000e+00,2.47187500e+00,-6.87500000e-03,-7.03125000e-02
2.63640000e-06,1.39375000e+00,2.32187500e+00,-9.37500000e-03,-1.35156250e-01
2.63672000e-06,1.32500000e+00,2.50937500e+00,-2.56250000e-02,-1.75000000e-01
2.63704000e-06,1.27187500e+00,2.42187500e+00,5.62500000e-03,-1.65625000e-01
2.63736000e-06,1.23437500e+00,2.55937500e+00,-6.87500000e-03,-5.00000000e-02
2.63768000e-06,1.32812500e+00,2.52187500e+00,-9.37500000e-03,-7.81250000e-02
2.63800000e-06,1.40312500e+00,2.57187500e+00,-1.50000000e-02,-1.25781250e-01
2.63832000e-06,1.35312500e+00,2.60937500e+00,-2.56250000e-02,-3.35937500e-02
2.63864000e-06,1.30625000e+00,2.54687500e+00,-1.25000000e-03,-9.60937500e-02
2.63896000e-06,1.22187500e+00,2.48437500e+00,-1.37500000e-02,-1.08593750e-01
2.63928000e-06,1.23437500e+00,2.60937500e+00,-1.87500000e-03,-1.32812500e-01
2.63960000e-06,1.35625000e+00,2.43437500e+00,-2.62500000e-02,-3.12500000e-02
2.63992000e-06,1.35312500e+00,2.59687500e+00,-5.37500000e-02,2.42187500e-02
2.64024000e-06,1.28125000e+00,2.50937500e+00,-3.87500000e-02,7.81250000e-03
2.64056000e-06,1.30625000e+00,2.59687500e+00,-2.81250000e-02,-1.08593750e-01
2.64088000e-06,1.36875000e+00,2.43437500e+00,-3.00000000e-02,-9.37500000e-02
2.64120000e-06,1.30000000e+00,2.47187500e+00,-1.18750000e-02,-5.00000000e-02
2.64152000e-06,1.26250000e+00,2.37187500e+00,-3.00000000e-02,-3.35937500e-02
2.64184000e-06,1.35312500e+00,2.48437500e+00,-3.75000000e-03,-3.51562500e-02
2.64216000e-06,1.23125000e+00,2.49687500e+00,-2.56250000e-02,-4.06250000e-02
2.64248000e-06,1.20000000e+00,2.53437500e+00,-1.68750000e-02,1.40625000e-02
2.64280000e-06,1.42812500e+00,2.47187500e+00,-2.25000000e-02,-7.10937500e-02
2.64312000e-06,1.37500000e+00,2.55937500e+00,8.12500000e-03,-1.28125000e-01
2.64344000e-06,1.20937500e+00,2.49687500e+00,-1.18750000e-02,-6.32812500e-02
2.64376000e-06,1.25937500e+00,2.59687500e+00,2.56250000e-02,-5.15625000e-02
2.64408000e-06,1.31562500e+00,2.55937500e+00,-1.00000000e-02,-6.79687500e-02
2.64440000e-06,1.21875000e+00,2.63437500e+00,-2.18750000e-02,-9.84375000e-02
2.64472000e-06,1.23437500e+00,2.55937500e+00,-2.50000000e-03,-1.32812500e-01
2.64504000e-06,1.32812500e+00,2.65937500e+00,-6.12500000e-02,-7.10937500e-02
2.64536000e-06,1.28437500e+00,2.52187500e+00,-4.00000000e-02,1.09375000e-02
2.64568000e-06,1.38125000e+00,2.52187500e+00,8.75000000e-03,-4.76562500e-02
2.64600000e-06,1.36562500e+00,2.47187500e+00,1.12500000e-02,-4.92187500e-02
2.64632000e-06,1.38125000e+00,2.58437500e+00,-9.37500000e-03,7.81250000e-04
2.64664000e-06,1.38125000e+00,2.52187500e+00,-2.18750000e-02,-3.28125000e-02
2.64696000e-06,1.31875000e+00,2.64687500e+00,-1.87500000e-03,-9.84375000e-02
2.64728000e-06,1.33125000e+00,2.57187500e+00,-3.31250000e-02,-8.35937500e-02
2.64760000e-06,1.44375000e+00,2.67187500e+00,6.25000000e-04,-5.70312500e-02
2.64792000e-06,1.22187500e+00,2.42187500e+00,-3.12500000e-02,7.81250000e-04
2.64824000e-06,1.38125000e+00,2.39687500e+00,-2.81250000e-02,1.25000000e-02
2.64856000e-06,1.40312500e+00,2.59687500e+00,-9.37500000e-03,-2.10937500e-02
2.64888000e-06,1.18125000e+00,2.77187500e+00,-2.18750000e-02,-8.59375000e-02
2.64920000e-06,1.36875000e+00,2.57187500e+00,-1.18750000e-02,-2.73437500e-02
2.64952000e-06,1.32812500e+00,2.54687500e+00,-4.87500000e-02,-1.08593750e-01
2.64984000e-06,1.31250000e+00,2.43437500e+00,-1.18750000e-02,-1.02343750e-01
2.65016000e-06,1.25000000e+00,2.55937500e+00,-2.50000000e-03,-3.12500000e-02
2.65048000e-06,1.39375000e+00,2.64687500e+00,-2.25000000e-02,2.42187500e-02
2.65080000e-06,1.34062500e+00,2.49687500e+00,-4.37500000e-02,-7.10937500e-02
2.65112000e-06,1.20937500e+00,2.42187500e+00,-2.50000000e-02,-8.90625000e-02
2.65144000e-06,1.16250000e+00,2.45937500e+00,-1.37500000e-02,-2.65625000e-02
2.65176000e-06,1.41875000e+00,2.30937500e+00,2.37500000e-02,-2.10937500e-02
2.65208000e-06,1.30000000e+00,2.55937500e+00,-6.87500000e-03,-7.81250000e-04
2.65240000e-06,1.31875000e+00,2.40937500e+00,-3.12500000e-02,-9.68750000e-02
2.65272000e-06,1.25937500e+00,2.54687500e+00,-9.37500000e-03,-7.65625000e-02
2.65304000e-06,1.30312500e+00,2.54687500e+00,-2.62500000e-02,6.25000000e-03
2.65336000e-06,1.36875000e+00,2.42187500e+00,3.12500000e-03,4.45312500e-02
2.65368000e-06,1.37812500e+00,2.42187500e+00,-1.43750000e-02,-6.95312500e-02
2.65400000e-06,1.33125000e+00,2.60937500e+00,-9.37500000e-03,-1.26562500e-01
2.65432000e-06,1.30312500e+00,2.57187500e+00,6.25000000e-04,-5.46875000e-03
2.65464000e-06,1.23750000e+00,2.54687500e+00,-2.25000000e-02,3.90625000e-02
2.65496000e-06,1.35312500e+00,2.55937500e+00,-2.56250000e-02,1.09375000e-02
2.65528000e-06,1.19375000e+00,2.37187500e+00,-4.37500000e-03,-6.17187500e-02
2.65560000e-06,1.39375000e+00,2.50937500e+00,-4.56250000e-02,-7.18750000e-02
2.65592000e-06,1.32812500e+00,2.62187500e+00,-1.25000000e-03,-7.03125000e-02
2.65624000e-06,1.49062500e+00,2.73437500e+00,-1.18750000e-02,-1.47656250e-01
2.65656000e-06,1.46875000e+00,2.65937500e+00,-1.18750000e-02,-1.57812500e-01
2.65688000e-06,1.27187500e+00,2.40937500e+00,-1.68750000e-02,-1.42187500e-01
2.65720000e-06,1.22187500e+00,2.57187500e+00,-1.87500000e-03,-1.47656250e-01
2.65752000e-06,1.24687500e+00,2.55937500e+00,-2.87500000e-02,-1.41406250e-01
2.65784000e-06,1.35312500e+00,2.50937500e+00,-2.81250000e-02,-7.34375000e-02
2.65816000e-06,1.41562500e+00,2.54687500e+00,-2.62500000e-02,-9.84375000e-02
2.65848000e-06,1.44062500e+00,2.44687500e+00,-1.37500000e-02,-8.12500000e-02
2.65880000e-06,1.43125000e+00,2.53437500e+00,-3.12500000e-02,-1.09375000e-01
2.65912000e-06,1.23437500e+00,2.62187500e+00,-1.75000000e-02,-1.46093750e-01
2.65944000e-06,1.39375000e+00,2.53437500e+00,-2.18750000e-02,-1.36718750e-01
2.65976000e-06,1.27187500e+00,2.40937500e+00,-6.87500000e-03,-3.04687500e-02
2.66008000e-06,1.25937500e+00,2.29687500e+00,5.62500000e-03,-6.48437500e-02
2.66040000e-06,1.39375000e+00,2.67500000e+00,-2.25000000e-02,-9.76562500e-02
2.66072000e-06,1.30000000e+00,2.60000000e+00,-5.62500000e-02,-1.18750000e-01
2.66104000e-06,1.36875000e+00,2.42187500e+00,-3.06250000e-02,-1.14062500e-01
2.66136000e-06,1.48125000e+00,2.43437500e+00,-1.62500000e-02,-8.20312500e-02
2.66168000e-06,1.36562500e+00,2.54687500e+00,2.31250000e-02,-1.57812500e-01
2.66200000e-06,1.35312500e+00,2.44687500e+00,-1.25000000e-02,-1.73437500e-01
2.66232000e-06,1.31875000e+00,2.45937500e+00,-4.31250000e-02,-5.39062500e-02
2.66264000e-06,1.34062500e+00,2.48437500e+00,-2.18750000e-02,-4.29687500e-02
2.66296000e-06,1.25937500e+00,2.55937500e+00,-4.25000000e-02,-7.03125000e-02
2.66328000e-06,1.36875000e+00,2.49687500e+00,-6.25000000e-03,-1.64062500e-01
2.66360000e-06,1.57812500e+00,2.53437500e+00,-2.18750000e-02,-1.17187500e-01
2.66392000e-06,1.30000000e+00,2.55937500e+00,-1.93750000e-02,-7.34375000e-02
2.66424000e-06,1.22187500e+00,2.52187500e+00,-7.50000000e-03,-9.84375000e-02
2.66456000e-06,1.31875000e+00,2.49687500e+00,-3.06250000e-02,-8.43750000e-02
2.66488000e-06,1.26875000e+00,2.54687500e+00,8.75000000e-03,-5.54687500e-02
2.66520000e-06,1.20937500e+00,2.43437500e+00,-1.43750000e-02,-8.35937500e-02
2.66552000e-06,1.27500000e+00,2.54687500e+00,-4.12500000e-02,-6.64062500e-02
2.66584000e-06,1.32500000e+00,2.52187500e+00,-2.81250000e-02,-3.04687500e-02
2.66616000e-06,1.30000000e+00,2.40937500e+00,-3.81250000e-02,-4.29687500e-02
2.66648000e-06,1.31875000e+00,2.55937500e+00,-2.50000000e-02,-1.03125000e-01
2.66680000e-06,1.35312500e+00,2.65937500e+00,-1.87500000e-02,-1.22656250e-01
2.66712000e-06,1.36562500e+00,2.47187500e+00,1.25000000e-03,-8.90625000e-02
2.66744000e-06,1.26250000e+00,2.54687500e+00,-1.93750000e-02,-1.95312500e-02
2.66776000e-06,1.36875000e+00,2.52187500e+00,-2.62500000e-02,-5.54687500e-02
2.66808000e-06,1.31875000e+00,2.58437500e+00,-1.93750000e-02,-3.98437500e-02
2.66840000e-06,1.51875000e+00,2.48437500e+00,-2.06250000e-02,-6.01562500e-02
2.66872000e-06,1.40625000e+00,2.55937500e+00,-2.56250000e-02,-1.40625000e-02
2.66904000e-06,1.31250000e+00,2.45937500e+00,1.25000000e-03,-6.17187500e-02
2.66936000e-06,1.20000000e+00,2.43437500e+00,-6.25000000e-03,-8.51562500e-02
2.66968000e-06,1.43125000e+00,2.55937500e+00,-2.62500000e-02,2.18750000e-02
2.67000000e-06,1.27187500e+00,2.38437500e+00,-3.62500000e-02,1.79687500e-02
2.67032000e-06,1.36875000e+00,2.52187500e+00,-1.68750000e-02,1.95312500e-02
2.67064000e-06,1.26250000e+00,2.70937500e+00,-1.50000000e-02,3.28125000e-02
2.67096000e-06,1.36875000e+00,2.54687500e+00,-4.37500000e-02,-3.59375000e-02
2.67128000e-06,1.31875000e+00,2.50937500e+00,-2.12500000e-02,6.25000000e-03
2.67160000e-06,1.35625000e+00,2.49687500e+00,-1.68750000e-02,-8.28125000e-02
2.67192000e-06,1.40625000e+00,2.48437500e+00,-1.43750000e-02,-1.57812500e-01
2.67224000e-06,1.27500000e+00,2.43437500e+00,-1.18750000e-02,-1.13281250e-01
2.67256000e-06,1.44375000e+00,2.39687500e+00,1.06250000e-02,-2.96875000e-02
2.67288000e-06,1.40312500e+00,2.44687500e+00,-6.87500000e-03,6.09375000e-02
2.67320000e-06,1.20937500e+00,2.54687500e+00,-1.50000000e-02,5.70312500e-02
2.67352000e-06,1.36562500e+00,2.59687500e+00,-6.12500000e-02,-2.73437500e-02
2.67384000e-06,1.28125000e+00,2.65937500e+00,-1.12500000e-02,-5.07812500e-02
2.67416000e-06,1.32812500e+00,2.44687500e+00,5.62500000e-03,-5.78125000e-02
2.67448000e-06,1.32812500e+00,2.52187500e+00,-3.37500000e-02,-1.64062500e-02
2.67480000e-06,1.23437500e+00,2.52187500e+00,-3.87500000e-02,-3.75000000e-02
2.67512000e-06,1.36875000e+00,2.53437500e+00,-1.93750000e-02,-6.95312500e-02
2.67544000e-06,1.35000000e+00,2.54687500e+00,-2.93750000e-02,-1.00000000e-01
2.67576000e-06,1.18437500e+00,2.60937500e+00,-6.75000000e-02,-5.39062500e-02
2.67608000e-06,1.27500000e+00,2.48437500e+00,-3.37500000e-02,1.79687500e-02
2.67640000e-06,1.37812500e+00,2.53437500e+00,-1.18750000e-02,-1.48437500e-02
2.67672000e-06,1.25625000e+00,2.45937500e+00,-1.50000000e-02,-2.65625000e-02
2.67704000e-06,1.34375000e+00,2.54687500e+00,-2.87500000e-02,-7.57812500e-02
2.67736000e-06,1.30312500e+00,2.48437500e+00,-2.56250000e-02,-9.29687500e-02
2.67768000e-06,1.13125000e+00,2.58437500e+00,-1.93750000e-02,-8.67187500e-02
2.67800000e-06,1.27500000e+00,2.48437500e+00,-3.81250000e-02,-1.26562500e-01
2.67832000e-06,1.42812500e+00,2.60937500e+00,3.75000000e-03,-1.52343750e-01
2.67864000e-06,1.36562500e+00,2.52187500e+00,-1.68750000e-02,-8.04687500e-02
2.67896000e-06,1.36875000e+00,2.52187500e+00,-2.56250000e-02,-1.01562500e-01
2.67928000e-06,1.34375000e+00,2.54687500e+00,-1.25000000e-03,-6.40625000e-02
2.67960000e-06,1.30625000e+00,2.52187500e+00,1.12500000e-02,-6.17187500e-02
2.67992000e-06,1.28750000e+00,2.48437500e+00,-3.37500000e-02,-1.52343750e-01
2.68024000e-06,1.35625000e+00,2.65937500e+00,-3.87500000e-02,-9.76562500e-02
2.68056000e-06,1.25937500e+00,2.55937500e+00,-2.18750000e-02,-9.37500000e-03
2.68088000e-06,1.27500000e+00,2.57187500e+00,-3.12500000e-02,-9.92187500e-02
2.68120000e-06,1.41875000e+00,2.68437500e+00,-2.18750000e-02,-1.07812500e-01
2.68152000e-06,1.30312500e+00,2.54687500e+00,-1.56250000e-02,-1.11718750e-01
2.68184000e-06,1.30312500e+00,2.43437500e+00,-3.87500000e-02,-1.41406250e-01
2.68216000e-06,1.30625000e+00,2.49687500e+00,-1.87500000e-02,-1.24218750e-01
2.68248000e-06,1.36875000e+00,2.52187500e+00,-3.31250000e-02,-8.35937500e-02
2.68280000e-06,1.23437500e+00,2.67187500e+00,-1.50000000e-02,-1.05468750e-01
2.68312000e-06,1.39375000e+00,2.54687500e+00,-4.12500000e-02,-1.30468750e-01
2.68344000e-06,1.31562500e+00,2.63437500e+00,-4.31250000e-02,-8.20312500e-02
2.68376000e-06,1.30625000e+00,2.44687500e+00,-4.06250000e-02,-9.29687500e-02
2.68408000e-06,1.49375000e+00,2.53437500e+00,-8.75000000e-03,-7.10937500e-02
2.68440000e-06,1.33750000e+00,2.45937500e+00,-2.87500000e-02,-1.10937500e-01
2.68472000e-06,1.28750000e+00,2.65937500e+00,-2.56250000e-02,-1.87500000e-01
2.68504000e-06,1.31562500e+00,2.48437500e+00,-1.87500000e-03,-1.47656250e-01
2.68536000e-06,1.14375000e+00,2.44687500e+00,-4.81250000e-02,-8.90625000e-02
2.68568000e-06,1.32812500e+00,2.45937500e+00,-4.06250000e-02,-1.06250000e-01
2.68600000e-06,1.23125000e+00,2.45937500e+00,-1.43750000e-02,-1.14843750e-01
2.68632000e-06,1.40312500e+00,2.44687500e+00,-2.81250000e-02,-3.04687500e-02
2.68664000e-06,1.41562500e+00,2.42187500e+00,-3.12500000e-02,-8.04687500e-02
2.68696000e-06,1.21875000e+00,2.50937500e+00,-2.62500000e-02,-1.19531250e-01
2.68728000e-06,1.34375000e+00,2.68437500e+00,-2.12500000e-02,-1.17968750e-01
2.68760000e-06,1.40625000e+00,2.53437500e+00,1.06250000e-02,-6.01562500e-02
2.68792000e-06,1.35312500e+00,2.67187500e+00,-9.37500000e-03,-4.68750000e-02
2.68824000e-06,1.30312500e+00,2.53437500e+00,-1.50000000e-02,-1.48437500e-02
2.68856000e-06,1.19687500e+00,2.68437500e+00,-4.12500000e-02,-6.25000000e-03
2.68888000e-06,1.36875000e+00,2.47187500e+00,-2.81250000e-02,4.45312500e-02
2.68920000e-06,1.42812500e+00,2.47187500e+00,-8.75000000e-03,-2.42187500e-02
2.68952000e-06,1.26875000e+00,2.52187500e+00,-6.87500000e-03,-9.45312500e-02
2.68984000e-06,1.34375000e+00,2.53437500e+00,-2.62500000e-02,3.12500000e-03
2.69016000e-06,1.28437500e+00,2.42187500e+00,-2.87500000e-02,2.34375000e-02
2.69048000e-06,1.27187500e+00,2.53437500e+00,-2.87500000e-02,-1.95312500e-02
2.69080000e-06,1.34062500e+00,2.44687500e+00,-4.06250000e-02,-5.00000000e-02
2.69112000e-06,1.19687500e+00,2.49687500e+00,-4.31250000e-02,7.81250000e-04
2.69144000e-06,1.38125000e+00,2.55937500e+00,-3.31250000e-02,-5.23437500e-02
2.69176000e-06,1.36562500e+00,2.52187500e+00,-1.87500000e-02,-1.46875000e-01
2.69208000e-06,1.31875000e+00,2.33437500e+00,1.06250000e-02,-1.07031250e-01
2.69240000e-06,1.40312500e+00,2.53437500e+00,-1.75000000e-02,-7.65625000e-02
2.69272000e-06,1.23750000e+00,2.49687500e+00,-3.31250000e-02,-1.72656250e-01
2.69304000e-06,1.38125000e+00,2.63437500e+00,-8.75000000e-03,-1.30468750e-01
2.69336000e-06,1.21875000e+00,2.45937500e+00,-2.56250000e-02,-5.85937500e-02
2.69368000e-06,1.33125000e+00,2.57187500e+00,-4.81250000e-02,-1.00781250e-01
2.69400000e-06,1.46875000e+00,2.44687500e+00,-9.37500000e-03,-4.68750000e-02
2.69432000e-06,1.30312500e+00,2.40937500e+00,-1.25000000e-03,-9.45312500e-02
2.69464000e-06,1.34375000e+00,2.38437500e+00,-2.87500000e-02,-1.04687500e-01
2.69496000e-06,1.23437500e+00,2.48437500e+00,-1.68750000e-02,-6.25000000e-02
2.69528000e-06,1.13437500e+00,2.43437500e+00,-1.75000000e-02,-9.14062500e-02
2.69560000e-06,1.22187500e+00,2.55937500e+00,-9.37500000e-03,-6.64062500e-02
2.69592000e-06,1.32500000e+00,2.50937500e+00,-6.87500000e-03,-3.43750000e-02
2.69624000e-06,1.27187500e+00,2.57187500e+00,-2.62500000e-02,-8.90625000e-02
2.69656000e-06,1.37812500e+00,2.53437500e+00,-4.12500000e-02,-8.75000000e-02
2.69688000e-06,1.37812500e+00,2.58437500e+00,-2.81250000e-02,-1.17968750e-01
2.69720000e-06,1.42812500e+00,2.48437500e+00,-2.81250000e-02,-8.35937500e-02
2.69752000e-06,1.18437500e+00,2.48437500e+00,-2.18750000e-02,-4.53125000e-02
2.69784000e-06,1.22500000e+00,2.42187500e+00,-1.75000000e-02,-7.42187500e-02
2.69816000e-06,1.36562500e+00,2.57187500e+00,-1.68750000e-02,-2.96875000e-02
2.69848000e-06,1.24375000e+00,2.54687500e+00,6.25000000e-04,-3.04687500e-02
2.69880000e-06,1.23750000e+00,2.62187500e+00,-4.12500000e-02,5.46875000e-03
2.69912000e-06,1.43125000e+00,2.53437500e+00,-9.37500000e-03,-2.34375000e-03
2.69944000e-06,1.19375000e+00,2.52187500e+00,-2.06250000e-02,-1.08593750e-01
2.69976000e-06,1.13437500e+00,2.44687500e+00,-6.37500000e-02,-1.32812500e-01
2.70008000e-06,1.23437500e+00,2.49687500e+00,-2.50000000e-02,-8.43750000e-02
2.70040000e-06,1.28437500e+00,2.52187500e+00,-1.37500000e-02,-7.34375000e-02
2.70072000e-06,1.28437500e+00,2.40937500e+00,-4.06250000e-02,-1.29687500e-01
2.70104000e-06,1.32500000e+00,2.47187500e+00,-1.18750000e-02,-1.14062500e-01
2.70136000e-06,1.40625000e+00,2.39687500e+00,-1.50000000e-02,-7.96875000e-02
2.70168000e-06,1.38125000e+00,2.58437500e+00,-1.43750000e-02,-4.45312500e-02
2.70200000e-06,1.35312500e+00,2.48437500e+00,-1.50000000e-02,-6.25000000e-02
2.70232000e-06,1.34062500e+00,2.57187500e+00,-4.31250000e-02,-6.95312500e-02
2.70264000e-06,1.20937500e+00,2.68437500e+00,-3.75000000e-03,-6.17187500e-02
2.70296000e-06,1.30312500e+00,2.48437500e+00,-1.18750000e-02,-1.58593750e-01
2.70328000e-06,1.15625000e+00,2.63437500e+00,-2.56250000e-02,-1.92187500e-01
2.70360000e-06,1.24375000e+00,2.48437500e+00,-1.87500000e-03,-2.13281250e-01
2.70392000e-06,1.34062500e+00,2.63437500e+00,-4.31250000e-02,-1.49218750e-01
2.70424000e-06,1.26875000e+00,2.47187500e+00,-4.31250000e-02,-7.96875000e-02
2.70456000e-06,1.30312500e+00,2.33437500e+00,-1.87500000e-02,-1.39843750e-01
2.70488000e-06,1.37812500e+00,2.38437500e+00,-1.93750000e-02,-1.32031250e-01
2.70520000e-06,1.23125000e+00,2.53437500e+00,-2.56250000e-02,-8.59375000e-02
2.70552000e-06,1.25000000e+00,2.53437500e+00,5.62500000e-03,-4.76562500e-02
2.70584000e-06,1.28437500e+00,2.43437500e+00,6.25000000e-04,-5.31250000e-02
2.70616000e-06,1.31562500e+00,2.40937500e+00,-6.87500000e-03,-3.75000000e-02
2.70648000e-06,1.33125000e+00,2.53437500e+00,-9.37500000e-03,-2.34375000e-02
2.70680000e-06,1.23437500e+00,2.60937500e+00,-3.87500000e-02,-4.68750000e-02
2.70712000e-06,1.34375000e+00,2.45937500e+00,-4.62500000e-02,-8.59375000e-02
2.70744000e-06,1.30625000e+00,2.37187500e+00,-5.62500000e-02,-3.20312500e-02
2.70776000e-06,1.35312500e+00,2.49687500e+00,-1.93750000e-02,-4.29687500e-02
2.70808000e-06,1.26250000e+00,2.40937500e+00,-5.12500000e-02,-1.72656250e-01
2.70840000e-06,1.36875000e+00,2.57187500e+00,-2.50000000e-02,-1.45312500e-01
2.70872000e-06,1.27187500e+00,2.42187500e+00,-1.93750000e-02,-1.21875000e-01
2.70904000e-06,1.26250000e+00,2.47187500e+00,-2.50000000e-02,-8.59375000e-02
2.70936000e-06,1.34062500e+00,2.47187500e+00,-1.18750000e-02,-9.06250000e-02
2.70968000e-06,1.34062500e+00,2.52187500e+00,-2.12500000e-02,-2.42187500e-02
2.71000000e-06,1.32812500e+00,2.47187500e+00,-1.43750000e-02,-5.39062500e-02
2.71032000e-06,1.14375000e+00,2.54687500e+00,-2.87500000e-02,-1.51562500e-01
2.71064000e-06,1.22187500e+00,2.44687500e+00,-1.68750000e-02,-1.25781250e-01
2.71096000e-06,1.23437500e+00,2.44687500e+00,-1.81250000e-02,-1.07031250e-01
2.71128000e-06,1.37812500e+00,2.54687500e+00,-4.62500000e-02,-1.57812500e-01
2.71160000e-06,1.28125000e+00,2.60937500e+00,-4.06250000e-02,-9.45312500e-02
2.71192000e-06,1.22187500e+00,2.65937500e+00,-2.12500000e-02,-1.00781250e-01
2.71224000e-06,1.24687500e+00,2.37187500e+00,-1.68750000e-02,-1.06250000e-01
2.71256000e-06,1.21875000e+00,2.35937500e+00,-1.93750000e-02,-2.96875000e-02
2.71288000e-06,1.39062500e+00,2.53437500e+00,-3.62500000e-02,-3.98437500e-02
2.71320000e-06,1.23125000e+00,2.48437500e+00,-2.81250000e-02,-9.53125000e-02
2.71352000e-06,1.26875000e+00,2.59687500e+00,-2.00000000e-02,-1.32812500e-01
2.71384000e-06,1.34375000e+00,2.62187500e+00,-5.56250000e-02,-7.03125000e-02
2.71416000e-06,1.37812500e+00,2.65937500e+00,-2.75000000e-02,-5.78125000e-02
2.71448000e-06,1.35312500e+00,2.52187500e+00,-3.06250000e-02,-7.42187500e-02
2.71480000e-06,1.28750000e+00,2.59687500e+00,-3.75000000e-02,-1.43750000e-01
2.71512000e-06,1.28437500e+00,2.64687500e+00,-1.18750000e-02,-1.60156250e-01
2.71544000e-06,1.20937500e+00,2.49687500e+00,-3.06250000e-02,-1.35937500e-01
2.71576000e-06,1.15937500e+00,2.39687500e+00,-5.37500000e-02,-2.42187500e-01
2.71608000e-06,1.32812500e+00,2.59687500e+00,-2.18750000e-02,-2.31250000e-01
2.71640000e-06,1.34062500e+00,2.49687500e+00,3.12500000e-03,-1.21875000e-01
2.71672000e-06,1.36562500e+00,2.52187500e+00,-9.37500000e-03,-9.14062500e-02
2.71704000e-06,1.25937500e+00,2.43437500e+00,-2.18750000e-02,-1.04687500e-01
2.71736000e-06,1.23437500e+00,2.62187500e+00,3.12500000e-03,-1.33593750e-01
2.71768000e-06,1.25937500e+00,2.39687500e+00,-9.37500000e-03,-1.58593750e-01
2.71800000e-06,1.34062500e+00,2.60937500e+00,-2.25000000e-02,-1.98437500e-01
2.71832000e-06,1.19375000e+00,2.45937500e+00,-3.31250000e-02,-1.36718750e-01
2.71864000e-06,1.13125000e+00,2.50937500e+00,-9.37500000e-03,-1.53906250e-01
2.71896000e-06,1.32812500e+00,2.54687500e+00,-2.81250000e-02,-1.45312500e-01
2.71928000e-06,1.27187500e+00,2.60937500e+00,-6.68750000e-02,-8.35937500e-02
2.71960000e-06,1.41562500e+00,2.53437500e+00,-3.25000000e-02,-5.93750000e-02
2.71992000e-06,1.31250000e+00,2.53437500e+00,-1.25000000e-03,-1.33593750e-01
2.72024000e-06,1.24687500e+00,2.49687500e+00,-1.25000000e-03,-1.34375000e-01
2.72056000e-06,1.33125000e+00,2.44687500e+00,-4.87500000e-02,-8.82812500e-02
2.72088000e-06,1.23125000e+00,2.50937500e+00,-2.56250000e-02,-6.87500000e-02
2.72120000e-06,1.32812500e+00,2.57187500e+00,-3.87500000e-02,-1.07031250e-01
2.72152000e-06,1.34062500e+00,2.42187500e+00,-8.75000000e-03,-1.51562500e-01
2.72184000e-06,1.18125000e+00,2.48437500e+00,5.00000000e-03,-1.85156250e-01
2.72216000e-06,1.36875000e+00,2.45937500e+00,-4.12500000e-02,-1.45312500e-01
2.72248000e-06,1.32812500e+00,2.50937500e+00,-2.56250000e-02,-1.13281250e-01
2.72280000e-06,1.32500000e+00,2.40937500e+00,-1.18750000e-02,-1.31250000e-01
2.72312000e-06,1.25937500e+00,2.49687500e+00,-3.75000000e-03,-6.87500000e-02
2.72344000e-06,1.28437500e+00,2.42187500e+00,-4.37500000e-03,-1.17187500e-01
2.72376000e-06,1.16875000e+00,2.38437500e+00,-2.00000000e-02,-1.61718750e-01
2.72408000e-06,1.19375000e+00,2.37187500e+00,-2.81250000e-02,-1.72656250e-01
2.72440000e-06,1.24687500e+00,2.60937500e+00,-1.25000000e-03,-1.28125000e-01
2.72472000e-06,1.37500000e+00,2.63437500e+00,-8.75000000e-03,-9.92187500e-02
2.72504000e-06,1.23437500e+00,2.62187500e+00,-1.50000000e-02,-1.10937500e-01
2.72536000e-06,1.35625000e+00,2.53437500e+00,-4.37500000e-02,-7.18750000e-02
2.72568000e-06,1.40312500e+00,2.35937500e+00,-1.37500000e-02,-2.57812500e-02
2.72600000e-06,1.28437500e+00,2.53437500e+00,-4.37500000e-03,-1.05468750e-01
2.72632000e-06,1.31875000e+00,2.60937500e+00,-3.62500000e-02,-1.22656250e-01
2.72664000e-06,1.28437500e+00,2.47187500e+00,-2.25000000e-02,-1.79687500e-02
2.72696000e-06,1.27187500e+00,2.58437500e+00,-2.93750000e-02,-3.28125000e-02
2.72728000e-06,1.41562500e+00,2.64687500e+00,-4.56250000e-02,-5.31250000e-02
2.72760000e-06,1.16875000e+00,2.53437500e+00,-3.31250000e-02,-6.01562500e-02
2.72792000e-06,1.26250000e+00,2.44687500e+00,-3.56250000e-02,-4.29687500e-02
2.72824000e-06,1.37812500e+00,2.44687500e+00,-1.87500000e-02,-5.93750000e-02
2.72856000e-06,1.23125000e+00,2.40937500e+00,-1.43750000e-02,-2.26562500e-02
2.72888000e-06,1.20000000e+00,2.49687500e+00,-7.50000000e-03,-1.48437500e-02
2.72920000e-06,1.41875000e+00,2.49687500e+00,-5.12500000e-02,-7.34375000e-02
2.72952000e-06,1.24375000e+00,2.65937500e+00,-4.31250000e-02,-5.62500000e-02
2.72984000e-06,1.18437500e+00,2.44687500e+00,-3.81250000e-02,-4.76562500e-02
2.73016000e-06,1.40625000e+00,2.52187500e+00,-4.31250000e-02,-6.95312500e-02
2.73048000e-06,1.32812500e+00,2.49687500e+00,-1.87500000e-02,-5.93750000e-02
2.73080000e-06,1.28125000e+00,2.49687500e+00,-4.37500000e-03,-2.57812500e-02
2.73112000e-06,1.22500000e+00,2.47187500e+00,-1.43750000e-02,-1.32812500e-02
2.73144000e-06,1.28437500e+00,2.60937500e+00,-3.12500000e-02,-5.39062500e-02
2.73176000e-06,1.31250000e+00,2.49687500e+00,-1.68750000e-02,-4.84375000e-02
2.73208000e-06,1.18437500e+00,2.58437500e+00,-3.12500000e-03,-6.87500000e-02
2.73240000e-06,1.36562500e+00,2.37187500e+00,-4.06250000e-02,-1.14062500e-01
2.73272000e-06,1.34062500e+00,2.39687500e+00,1.12500000e-02,-1.32812500e-02
2.73304000e-06,1.24375000e+00,2.47187500e+00,-9.37500000e-03,-2.81250000e-02
2.73336000e-06,1.28750000e+00,2.62187500e+00,-4.87500000e-02,-4.45312500e-02
2.73368000e-06,1.39375000e+00,2.57187500e+00,-2.50000000e-02,-1.95312500e-02
2.73400000e-06,1.24687500e+00,2.52187500e+00,-1.93750000e-02,-5.46875000e-03
2.73432000e-06,1.28437500e+00,2.62187500e+00,-2.75000000e-02,-3.04687500e-02
2.73464000e-06,1.12187500e+00,2.55937500e+00,-3.75000000e-03,3.20312500e-02
2.73496000e-06,1.48125000e+00,2.58437500e+00,-1.62500000e-02,-2.96875000e-02
2.73528000e-06,1.33750000e+00,2.39687500e+00,5.62500000e-03,-5.70312500e-02
2.73560000e-06,1.21875000e+00,2.49687500e+00,-3.06250000e-02,-5.62500000e-02
2.73592000e-06,1.26250000e+00,2.64687500e+00,-4.37500000e-03,-7.34375000e-02
2.73624000e-06,1.32812500e+00,2.60937500e+00,-2.87500000e-02,-8.75000000e-02
2.73656000e-06,1.22187500e+00,2.64687500e+00,-4.37500000e-02,-5.54687500e-02
2.73688000e-06,1.30625000e+00,2.50937500e+00,-1.18750000e-02,5.46875000e-03
2.73720000e-06,1.31875000e+00,2.57187500e+00,3.12500000e-03,-4.68750000e-02
2.73752000e-06,1.34375000e+00,2.52187500e+00,-4.12500000e-02,-7.96875000e-02
2.73784000e-06,1.35625000e+00,2.57187500e+00,-2.56250000e-02,-5.31250000e-02
2.73816000e-06,1.33125000e+00,2.50937500e+00,-1.43750000e-02,-3.51562500e-02
2.73848000e-06,1.40625000e+00,2.49687500e+00,-1.25000000e-03,-9.60937500e-02
2.73880000e-06,1.28437500e+00,2.58437500e+00,-6.87500000e-03,-1.32812500e-01
2.73912000e-06,1.19687500e+00,2.48437500e+00,-9.37500000e-03,-5.23437500e-02
2.73944000e-06,1.34375000e+00,2.42187500e+00,8.12500000e-03,-4.21875000e-02
2.73976000e-06,1.28437500e+00,2.68437500e+00,5.62500000e-03,2.57812500e-02
2.74008000e-06,1.41562500e+00,2.58437500e+00,-1.93750000e-02,3.59375000e-02
2.74040000e-06,1.34062500e+00,2.53437500e+00,-1.87500000e-03,-3.12500000e-03
2.74072000e-06,1.18437500e+00,2.49687500e+00,-3.62500000e-02,-7.89062500e-02
2.74104000e-06,1.14687500e+00,2.50937500e+00,-4.37500000e-02,-1.50781250e-01
2.74136000e-06,1.35312500e+00,2.50937500e+00,-1.93750000e-02,-7.81250000e-02
2.74168000e-06,1.18125000e+00,2.54687500e+00,-3.87500000e-02,-3.82812500e-02
2.74200000e-06,1.34062500e+00,2.54687500e+00,-2.62500000e-02,-1.55468750e-01
2.74232000e-06,1.28437500e+00,2.58437500e+00,-3.62500000e-02,-1.91406250e-01
2.74264000e-06,1.28437500e+00,2.52187500e+00,-3.31250000e-02,-5.39062500e-02
2.74296000e-06,1.24687500e+00,2.50937500e+00,-2.18750000e-02,-3.75000000e-02
2.74328000e-06,1.23125000e+00,2.53437500e+00,-4.87500000e-02,-5.46875000e-02
2.74360000e-06,1.20937500e+00,2.52187500e+00,-3.56250000e-02,-1.46093750e-01
2.74392000e-06,1.10625000e+00,2.53437500e+00,-1.12500000e-02,-1.62500000e-01
2.74424000e-06,1.25625000e+00,2.48437500e+00,8.12500000e-03,-1.09375000e-01
2.74456000e-06,1.24375000e+00,2.32187500e+00,-4.12500000e-02,-6.56250000e-02
2.74488000e-06,1.36562500e+00,2.57187500e+00,-9.37500000e-03,-5.23437500e-02
2.74520000e-06,1.39062500e+00,2.67187500e+00,-1.81250000e-02,-5.15625000e-02
2.74552000e-06,1.34062500e+00,2.65937500e+00,-3.56250000e-02,-1.07031250e-01
2.74584000e-06,1.31875000e+00,2.43437500e+00,-1.25000000e-03,-1.62500000e-01
2.74616000e-06,1.36875000e+00,2.42187500e+00,-1.18750000e-02,-1.09375000e-01
2.74648000e-06,1.23437500e+00,2.44687500e+00,-3.62500000e-02,-6.87500000e-02
2.74680000e-06,1.21250000e+00,2.62187500e+00,-3.31250000e-02,-9.92187500e-02
2.74712000e-06,1.41562500e+00,2.52187500e+00,-2.18750000e-02,-1.37500000e-01
2.74744000e-06,1.16875000e+00,2.64687500e+00,-2.25000000e-02,-1.07031250e-01
2.74776000e-06,1.28437500e+00,2.55937500e+00,-9.37500000e-03,-7.50000000e-02
2.74808000e-06,1.32812500e+00,2.49687500e+00,0.00000000e+00,-8.12500000e-02
2.74840000e-06,1.37500000e+00,2.44687500e+00,-7.25000000e-02,-1.12500000e-01
2.74872000e-06,1.14375000e+00,2.38437500e+00,-1.43750000e-02,-4.14062500e-02
2.74904000e-06,1.23437500e+00,2.50937500e+00,-5.37500000e-02,-7.42187500e-02
2.74936000e-06,1.17187500e+00,2.50937500e+00,-1.62500000e-02,-5.00000000e-02
2.74968000e-06,1.28125000e+00,2.63437500e+00,-3.12500000e-02,2.73437500e-02
2.75000000e-06,1.32812500e+00,2.68437500e+00,-2.18750000e-02,5.78125000e-02
2.75032000e-06,1.36875000e+00,2.44687500e+00,-2.50000000e-03,9.37500000e-03
2.75064000e-06,1.35312500e+00,2.54687500e+00,1.06250000e-02,-5.70312500e-02
2.75096000e-06,1.24687500e+00,2.48437500e+00,-4.37500000e-03,-1.06250000e-01
2.75128000e-06,1.25000000e+00,2.47187500e+00,3.12500000e-03,-8.67187500e-02
2.75160000e-06,1.22187500e+00,2.48437500e+00,-5.62500000e-02,-9.06250000e-02
2.75192000e-06,1.27187500e+00,2.44687500e+00,-3.56250000e-02,-1.04687500e-01
2.75224000e-06,1.35625000e+00,2.38437500e+00,-2.50000000e-03,-1.69531250e-01
2.75256000e-06,1.37812500e+00,2.47187500e+00,-4.56250000e-02,-1.32031250e-01
2.75288000e-06,1.22187500e+00,2.43437500e+00,-1.37500000e-02,-3.59375000e-02
2.75320000e-06,1.25000000e+00,2.57187500e+00,1.56250000e-02,-6.56250000e-02
2.75352000e-06,1.31562500e+00,2.52187500e+00,-2.87500000e-02,-9.21875000e-02
2.75384000e-06,1.24375000e+00,2.44687500e+00,-1.87500000e-03,-5.39062500e-02
2.75416000e-06,1.23750000e+00,2.52187500e+00,-2.68750000e-02,2.50000000e-02
2.75448000e-06,1.32812500e+00,2.58437500e+00,-3.56250000e-02,7.03125000e-03
2.75480000e-06,1.30000000e+00,2.58437500e+00,-4.37500000e-03,-3.43750000e-02
2.75512000e-06,1.27187500e+00,2.60937500e+00,3.75000000e-03,-5.00000000e-02
2.75544000e-06,1.22187500e+00,2.48437500e+00,-1.18750000e-02,-1.18750000e-01
2.75576000e-06,1.30312500e+00,2.52187500e+00,-7.50000000e-03,-1.40625000e-01
2.75608000e-06,1.31562500e+00,2.42187500e+00,-4.62500000e-02,-1.60937500e-01
2.75640000e-06,1.40312500e+00,2.52187500e+00,-2.18750000e-02,-1.24218750e-01
2.75672000e-06,1.31562500e+00,2.40937500e+00,-6.12500000e-02,-9.06250000e-02
2.75704000e-06,1.23437500e+00,2.75937500e+00,-1.12500000e-02,-1.00781250e-01
2.75736000e-06,1.23437500e+00,2.60937500e+00,-2.18750000e-02,-1.69531250e-01
2.75768000e-06,1.23437500e+00,2.48437500e+00,-2.62500000e-02,-8.28125000e-02
2.75800000e-06,1.26875000e+00,2.54687500e+00,-4.87500000e-02,-6.48437500e-02
2.75832000e-06,1.23437500e+00,2.57187500e+00,-1.25000000e-02,-1.20312500e-01
2.75864000e-06,1.36875000e+00,2.62187500e+00,-4.06250000e-02,-9.14062500e-02
2.75896000e-06,1.35312500e+00,2.47187500e+00,-1.12500000e-02,-4.14062500e-02
2.75928000e-06,1.17187500e+00,2.47187500e+00,-1.68750000e-02,-4.29687500e-02
2.75960000e-06,1.04687500e+00,2.57187500e+00,-1.43750000e-02,-1.06250000e-01
2.75992000e-06,1.23437500e+00,2.53437500e+00,-2.25000000e-02,-6.09375000e-02
2.76024000e-06,1.31562500e+00,2.47187500e+00,-9.37500000e-03,-4.53125000e-02
2.76056000e-06,1.37500000e+00,2.50937500e+00,-2.81250000e-02,-1.07031250e-01
2.76088000e-06,1.34062500e+00,2.64687500e+00,6.25000000e-04,-1.71875000e-01
2.76120000e-06,1.28437500e+00,2.63437500e+00,-2.62500000e-02,-1.10937500e-01
2.76152000e-06,1.33750000e+00,2.45937500e+00,-3.12500000e-02,-5.62500000e-02
2.76184000e-06,1.22187500e+00,2.49687500e+00,-6.87500000e-03,-5.62500000e-02
2.76216000e-06,1.30312500e+00,2.62187500e+00,1.31250000e-02,-6.79687500e-02
2.76248000e-06,1.33750000e+00,2.59687500e+00,-1.18750000e-02,-7.42187500e-02
2.76280000e-06,1.25937500e+00,2.60937500e+00,-6.87500000e-03,-1.24218750e-01
2.76312000e-06,1.34375000e+00,2.45937500e+00,-2.81250000e-02,-1.06250000e-01
2.76344000e-06,1.32500000e+00,2.40937500e+00,3.12500000e-03,-1.05468750e-01
2.76376000e-06,1.30312500e+00,2.45937500e+00,5.62500000e-03,-1.36718750e-01
2.76408000e-06,1.23750000e+00,2.57187500e+00,-5.00000000e-03,-1.46093750e-01
2.76440000e-06,1.37500000e+00,2.58437500e+00,-3.06250000e-02,-1.10156250e-01
2.76472000e-06,1.13125000e+00,2.54687500e+00,-1.87500000e-02,-6.71875000e-02
2.76504000e-06,1.31875000e+00,2.45937500e+00,-6.87500000e-03,-5.54687500e-02
2.76536000e-06,1.26875000e+00,2.60937500e+00,-4.12500000e-02,-2.03125000e-02
2.76568000e-06,1.23125000e+00,2.59687500e+00,-4.25000000e-02,-1.10937500e-01
2.76600000e-06,1.36875000e+00,2.57187500e+00,1.25000000e-03,-1.96093750e-01
2.76632000e-06,1.39062500e+00,2.42187500e+00,-2.12500000e-02,-1.89062500e-01
2.76664000e-06,1.37812500e+00,2.54687500e+00,-1.43750000e-02,-8.20312500e-02
2.76696000e-06,1.31562500e+00,2.40937500e+00,-1.68750000e-02,-2.96875000e-02
2.76728000e-06,1.14687500e+00,2.52187500e+00,-3.06250000e-02,-1.00781250e-01
2.76760000e-06,1.33125000e+00,2.54687500e+00,-9.37500000e-03,-8.12500000e-02
2.76792000e-06,1.34062500e+00,2.58437500e+00,-2.87500000e-02,-5.62500000e-02
2.76824000e-06,1.26875000e+00,2.47187500e+00,-2.56250000e-02,-7.26562500e-02
2.76856000e-06,1.28437500e+00,2.58437500e+00,3.12500000e-03,-1.11718750e-01
2.76888000e-06,1.28750000e+00,2.57187500e+00,6.25000000e-03,-4.37500000e-02
2.76920000e-06,1.40312500e+00,2.52187500e+00,-2.62500000e-02,-3.90625000e-02
2.76952000e-06,1.35312500e+00,2.49687500e+00,-2.81250000e-02,-5.70312500e-02
2.76984000e-06,1.36562500e+00,2.57187500e+00,-1.43750000e-02,-1.19531250e-01
2.77016000e-06,1.26250000e+00,2.48437500e+00,-1.62500000e-02,-1.80468750e-01
2.77048000e-06,1.34062500e+00,2.62187500e+00,-2.62500000e-02,-5.23437500e-02
2.77080000e-06,1.28437500e+00,2.53437500e+00,-4.62500000e-02,-2.57812500e-02
2.77112000e-06,1.34375000e+00,2.54687500e+00,-3.62500000e-02,-7.34375000e-02
2.77144000e-06,1.32812500e+00,2.45937500e+00,-1.12500000e-02,-3.43750000e-02
2.77176000e-06,1.34062500e+00,2.50937500e+00,-1.50000000e-02,-4.37500000e-02
2.77208000e-06,1.22187500e+00,2.53437500e+00,-2.25000000e-02,-1.21875000e-01
2.77240000e-06,1.13437500e+00,2.52187500e+00,-4.06250000e-02,-1.31250000e-01
2.77272000e-06,1.24687500e+00,2.43437500e+00,3.75000000e-03,-2.26562500e-02
2.77304000e-06,1.28125000e+00,2.67187500e+00,-6.87500000e-03,-7.03125000e-03
2.77336000e-06,1.31250000e+00,2.57187500e+00,-3.06250000e-02,-5.23437500e-02
2.77368000e-06,1.28437500e+00,2.48437500e+00,-6.25000000e-03,-6.56250000e-02
2.77400000e-06,1.15625000e+00,2.52187500e+00,-6.87500000e-03,-4.76562500e-02
2.77432000e-06,1.31562500e+00,2.60937500e+00,-2.81250000e-02,-1.35156250e-01
2.77464000e-06,1.34062500e+00,2.52187500e+00,-3.75000000e-03,-1.81250000e-01
2.77496000e-06,1.24375000e+00,2.44687500e+00,-2.12500000e-02,-1.16406250e-01
2.77528000e-06,1.17187500e+00,2.58437500e+00,-3.12500000e-02,-3.67187500e-02
2.77560000e-06,1.40625000e+00,2.58437500e+00,-2.81250000e-02,-2.96875000e-02
2.77592000e-06,1.37500000e+00,2.60937500e+00,-6.87500000e-03,-1.25000000e-02
2.77624000e-06,1.28437500e+00,2.49687500e+00,-9.37500000e-03,-8.59375000e-02
2.77656000e-06,1.30312500e+00,2.59687500e+00,-1.68750000e-02,-1.89843750e-01
2.77688000e-06,1.31562500e+00,2.67187500e+00,1.06250000e-02,-9.53125000e-02
2.77720000e-06,1.22187500e+00,2.54687500e+00,-1.75000000e-02,-1.11718750e-01
2.77752000e-06,1.18125000e+00,2.49687500e+00,-4.12500000e-02,-1.43750000e-01
2.77784000e-06,1.28750000e+00,2.64687500e+00,-1.87500000e-02,-8.51562500e-02
2.77816000e-06,1.30000000e+00,2.55937500e+00,-1.68750000e-02,-9.53125000e-02
2.77848000e-06,1.28125000e+00,2.52187500e+00,-3.12500000e-02,-1.52343750e-01
2.77880000e-06,1.34375000e+00,2.53437500e+00,-3.12500000e-02,-2.12500000e-01
2.77912000e-06,1.27187500e+00,2.38437500e+00,-2.81250000e-02,-1.39062500e-01
2.77944000e-06,1.31250000e+00,2.57187500e+00,-1.68750000e-02,-6.48437500e-02
2.77976000e-06,1.22187500e+00,2.60937500e+00,-5.25000000e-02,-5.00000000e-02
2.78008000e-06,1.31875000e+00,2.63437500e+00,-1.25000000e-03,-1.02343750e-01
2.78040000e-06,1.25625000e+00,2.48437500e+00,-2.12500000e-02,-1.20312500e-01
2.78072000e-06,1.23437500e+00,2.50937500e+00,-1.75000000e-02,-1.79687500e-02
2.78104000e-06,1.40625000e+00,2.55937500e+00,-3.87500000e-02,-4.84375000e-02
2.78136000e-06,1.32812500e+00,2.44687500e+00,-2.81250000e-02,-1.78906250e-01
2.78168000e-06,1.25937500e+00,2.49687500e+00,-1.25000000e-03,-1.67968750e-01
2.78200000e-06,1.27500000e+00,2.53437500e+00,3.06250000e-02,-8.12500000e-02
2.78232000e-06,1.35625000e+00,2.44687500e+00,1.06250000e-02,-1.04687500e-01
2.78264000e-06,1.44062500e+00,2.62187500e+00,-2.00000000e-02,-8.43750000e-02
2.78296000e-06,1.42812500e+00,2.44687500e+00,-1.18750000e-02,-2.03125000e-02
2.78328000e-06,1.23437500e+00,2.65937500e+00,-1.18750000e-02,-3.28125000e-02
2.78360000e-06,1.28750000e+00,2.64687500e+00,-3.12500000e-02,-1.30468750e-01
2.78392000e-06,1.36562500e+00,2.58437500e+00,-2.81250000e-02,-7.73437500e-02
2.78424000e-06,1.24375000e+00,2.44687500e+00,-2.50000000e-03,-3.43750000e-02
2.78456000e-06,1.31875000e+00,2.50937500e+00,-5.06250000e-02,-1.03906250e-01
2.78488000e-06,1.30625000e+00,2.52187500e+00,-2.81250000e-02,-1.02343750e-01
2.78520000e-06,1.15625000e+00,2.57187500e+00,-4.31250000e-02,-5.85937500e-02
2.78552000e-06,1.13437500e+00,2.62187500e+00,-2.75000000e-02,-5.23437500e-02
2.78584000e-06,1.17187500e+00,2.59687500e+00,-3.75000000e-03,-5.46875000e-02
2.78616000e-06,1.23125000e+00,2.57187500e+00,-1.18750000e-02,-9.14062500e-02
2.78648000e-06,1.39062500e+00,2.73437500e+00,-4.37500000e-02,-1.08593750e-01
2.78680000e-06,1.32500000e+00,2.54687500e+00,-3.56250000e-02,-5.15625000e-02
2.78712000e-06,1.21875000e+00,2.54687500e+00,-3.75000000e-03,-3.35937500e-02
2.78744000e-06,1.23437500e+00,2.54687500e+00,-2.87500000e-02,-9.53125000e-02
2.78776000e-06,1.14375000e+00,2.62187500e+00,-3.06250000e-02,-1.42187500e-01
2.78808000e-06,1.35312500e+00,2.40937500e+00,-4.37500000e-03,-1.00781250e-01
2.78840000e-06,1.39062500e+00,2.49687500e+00,3.75000000e-03,-1.65625000e-01
2.78872000e-06,1.24375000e+00,2.39687500e+00,-2.25000000e-02,-1.24218750e-01
2.78904000e-06,1.18437500e+00,2.45937500e+00,-2.62500000e-02,-5.07812500e-02
2.78936000e-06,1.23437500e+00,2.38437500e+00,-1.37500000e-02,1.87500000e-02
2.78968000e-06,1.20625000e+00,2.47187500e+00,-3.62500000e-02,-1.01562500e-02
2.79000000e-06,1.23125000e+00,2.59687500e+00,-2.81250000e-02,-6.79687500e-02
2.79032000e-06,1.11875000e+00,2.62187500e+00,-1.18750000e-02,-7.10937500e-02
2.79064000e-06,1.24375000e+00,2.47187500e+00,8.12500000e-03,-9.37500000e-02
2.79096000e-06,1.28125000e+00,2.55937500e+00,-6.37500000e-02,-3.98437500e-02
2.79128000e-06,1.18125000e+00,2.40937500e+00,-3.50000000e-02,3.35937500e-02
2.79160000e-06,1.30312500e+00,2.54687500e+00,1.25000000e-03,-4.37500000e-02
2.79192000e-06,1.47812500e+00,2.50937500e+00,-3.25000000e-02,-1.13281250e-01
2.79224000e-06,1.25625000e+00,2.48437500e+00,5.62500000e-03,-3.98437500e-02
2.79256000e-06,1.08437500e+00,2.58437500e+00,1.06250000e-02,-3.20312500e-02
2.79288000e-06,1.13437500e+00,2.63437500e+00,-1.43750000e-02,-7.10937500e-02
2.79320000e-06,1.35000000e+00,2.53437500e+00,6.25000000e-04,-8.98437500e-02
2.79352000e-06,1.22187500e+00,2.50937500e+00,-1.18750000e-02,-7.96875000e-02
2.79384000e-06,1.35000000e+00,2.65937500e+00,-1.43750000e-02,-6.48437500e-02
2.79416000e-06,1.20937500e+00,2.52187500e+00,-1.18750000e-02,-1.56250000e-02
2.79448000e-06,1.45625000e+00,2.37187500e+00,-4.37500000e-03,3.82812500e-02
2.79480000e-06,1.46562500e+00,2.50937500e+00,2.31250000e-02,2.96875000e-02
2.79512000e-06,1.32812500e+00,2.35937500e+00,-9.37500000e-03,-3.98437500e-02
2.79544000e-06,1.24687500e+00,2.50937500e+00,-2.18750000e-02,-9.06250000e-02
2.79576000e-06,1.27187500e+00,2.58437500e+00,-6.87500000e-03,-5.46875000e-03
2.79608000e-06,1.23125000e+00,2.52187500e+00,-2.56250000e-02,6.25000000e-02
2.79640000e-06,1.31250000e+00,2.55937500e+00,-3.12500000e-02,-1.95312500e-02
2.79672000e-06,1.26875000e+00,2.60937500e+00,-1.18750000e-02,-3.35937500e-02
2.79704000e-06,1.30312500e+00,2.49687500e+00,-2.25000000e-02,1.56250000e-02
2.79736000e-06,1.33750000e+00,2.47187500e+00,-1.18750000e-02,-4.92187500e-02
2.79768000e-06,1.15625000e+00,2.48437500e+00,-1.93750000e-02,-1.53125000e-01
2.79800000e-06,1.31875000e+00,2.63437500e+00,-1.87500000e-03,-4.92187500e-02
2.79832000e-06,1.31562500e+00,2.53437500e+00,3.12500000e-03,-4.68750000e-03
2.79864000e-06,1.30000000e+00,2.57187500e+00,-1.93750000e-02,-9.53125000e-02
2.79896000e-06,1.30625000e+00,2.65937500e+00,-1.93750000e-02,-8.98437500e-02
2.79928000e-06,1.36875000e+00,2.49687500e+00,-6.87500000e-03,-6.79687500e-02
2.79960000e-06,1.23125000e+00,2.35937500e+00,-2.87500000e-02,-1.32812500e-02
2.79992000e-06,1.32812500e+00,2.48437500e+00,-2.87500000e-02,-1.32812500e-02
2.80024000e-06,1.10937500e+00,2.53437500e+00,-2.87500000e-02,-3.75000000e-02
2.80056000e-06,1.19687500e+00,2.42187500e+00,-2.50000000e-02,-6.25000000e-03
2.80088000e-06,1.32500000e+00,2.54687500e+00,-1.18750000e-02,3.82812500e-02
2.80120000e-06,1.23125000e+00,2.59687500e+00,-4.06250000e-02,-3.20312500e-02
2.80152000e-06,1.24687500e+00,2.52187500e+00,-2.56250000e-02,-1.64062500e-02
2.80184000e-06,1.23125000e+00,2.55937500e+00,-1.12500000e-02,-2.34375000e-02
2.80216000e-06,1.24375000e+00,2.55937500e+00,-2.87500000e-02,-6.17187500e-02
2.80248000e-06,1.32500000e+00,2.69687500e+00,-1.18750000e-02,-3.82812500e-02
2.80280000e-06,1.26875000e+00,2.55937500e+00,-3.68750000e-02,-1.14843750e-01
2.80312000e-06,1.20625000e+00,2.59687500e+00,-4.37500000e-02,-9.76562500e-02
2.80344000e-06,1.16875000e+00,2.50937500e+00,-2.81250000e-02,-3.59375000e-02
2.80376000e-06,1.18125000e+00,2.57187500e+00,-1.12500000e-02,-9.21875000e-02
2.80408000e-06,1.32812500e+00,2.49687500e+00,-4.31250000e-02,-9.84375000e-02
2.80440000e-06,1.36562500e+00,2.55937500e+00,-6.87500000e-03,-3.04687500e-02
2.80472000e-06,1.42812500e+00,2.45937500e+00,-2.50000000e-03,2.34375000e-03
2.80504000e-06,1.23437500e+00,2.47187500e+00,-1.50000000e-02,-7.34375000e-02
2.80536000e-06,1.23750000e+00,2.47187500e+00,-3.81250000e-02,-9.29687500e-02
2.80568000e-06,1.36875000e+00,2.60937500e+00,-1.37500000e-02,1.56250000e-02
2.80600000e-06,1.24375000e+00,2.53437500e+00,-8.75000000e-03,-4.68750000e-03
2.80632000e-06,1.20000000e+00,2.63437500e+00,-1.43750000e-02,-8.59375000e-02
2.80664000e-06,1.36562500e+00,2.60937500e+00,-5.37500000e-02,-6.48437500e-02
2.80696000e-06,1.28125000e+00,2.63437500e+00,-3.56250000e-02,-8.51562500e-02
2.80728000e-06,1.20937500e+00,2.33437500e+00,-9.37500000e-03,-1.66406250e-01
2.80760000e-06,1.22187500e+00,2.53437500e+00,-3.31250000e-02,-1.32812500e-01
2.80792000e-06,1.36562500e+00,2.57187500e+00,-2.18750000e-02,0.00000000e+00
2.80824000e-06,1.34062500e+00,2.50937500e+00,-3.18750000e-02,-7.81250000e-03
2.80856000e-06,1.38125000e+00,2.48437500e+00,-9.37500000e-03,-1.13281250e-01
2.80888000e-06,1.23437500e+00,2.55937500e+00,-1.06250000e-02,-1.75000000e-01
2.80920000e-06,1.27500000e+00,2.57187500e+00,-2.81250000e-02,-1.16406250e-01
2.80952000e-06,1.39375000e+00,2.49687500e+00,-1.25000000e-03,2.34375000e-02
2.80984000e-06,1.23125000e+00,2.38437500e+00,-3.75000000e-03,-4.68750000e-02
2.81016000e-06,1.39375000e+00,2.49687500e+00,-3.37500000e-02,-1.33593750e-01
2.81048000e-06,1.23437500e+00,2.42187500e+00,-3.87500000e-02,-1.60156250e-01
2.81080000e-06,1.16875000e+00,2.62187500e+00,-2.81250000e-02,1.56250000e-03
2.81112000e-06,1.20937500e+00,2.59687500e+00,-8.75000000e-03,2.03125000e-02
2.81144000e-06,1.32812500e+00,2.65937500e+00,-3.75000000e-03,-7.18750000e-02
2.81176000e-06,1.28125000e+00,2.55937500e+00,-2.56250000e-02,-6.25000000e-02
2.81208000e-06,1.24687500e+00,2.57187500e+00,-1.75000000e-02,-8.35937500e-02
2.81240000e-06,1.37812500e+00,2.47187500e+00,-6.12500000e-02,-1.14062500e-01
2.81272000e-06,1.14375000e+00,2.60937500e+00,1.25000000e-03,-8.98437500e-02
2.81304000e-06,1.22500000e+00,2.59687500e+00,-1.50000000e-02,2.65625000e-02
2.81336000e-06,1.40312500e+00,2.53437500e+00,-2.81250000e-02,4.84375000e-02
2.81368000e-06,1.35312500e+00,2.63437500e+00,-1.12500000e-02,-7.03125000e-03
2.81400000e-06,1.32812500e+00,2.57187500e+00,-3.75000000e-03,-4.53125000e-02
2.81432000e-06,1.22500000e+00,2.45937500e+00,-9.37500000e-03,-5.85937500e-02
2.81464000e-06,1.35312500e+00,2.43437500e+00,-1.18750000e-02,-1.09375000e-01
2.81496000e-06,1.16875000e+00,2.42187500e+00,-2.81250000e-02,-1.28125000e-01
2.81528000e-06,1.22187500e+00,2.67187500e+00,-1.43750000e-02,-1.32031250e-01
2.81560000e-06,1.21875000e+00,2.49687500e+00,-3.12500000e-02,-1.28125000e-01
2.81592000e-06,1.24375000e+00,2.59687500e+00,-2.81250000e-02,-1.81250000e-01
2.81624000e-06,1.25625000e+00,2.60937500e+00,-3.62500000e-02,-1.12500000e-01
2.81656000e-06,1.24687500e+00,2.49687500e+00,-5.31250000e-02,-1.95312500e-02
2.81688000e-06,1.39062500e+00,2.44687500e+00,-2.81250000e-02,-4.45312500e-02
2.81720000e-06,1.41562500e+00,2.54687500e+00,8.75000000e-03,-7.81250000e-02
2.81752000e-06,1.30625000e+00,2.62187500e+00,-1.68750000e-02,-4.14062500e-02
2.81784000e-06,1.25937500e+00,2.62187500e+00,-3.62500000e-02,-5.85937500e-02
2.81816000e-06,1.28750000e+00,2.64687500e+00,-1.37500000e-02,-6.79687500e-02
2.81848000e-06,1.31875000e+00,2.54687500e+00,-3.62500000e-02,-3.51562500e-02
2.81880000e-06,1.47812500e+00,2.38437500e+00,-1.93750000e-02,-1.03906250e-01
2.81912000e-06,1.28750000e+00,2.60937500e+00,-1.81250000e-02,-1.16406250e-01
2.81944000e-06,1.39375000e+00,2.72187500e+00,-5.37500000e-02,2.34375000e-03
2.81976000e-06,1.30312500e+00,2.59687500e+00,-3.06250000e-02,4.60937500e-02
2.82008000e-06,1.24687500e+00,2.40937500e+00,-4.56250000e-02,-5.31250000e-02
2.82040000e-06,1.31875000e+00,2.40937500e+00,-8.75000000e-03,-1.11718750e-01
2.82072000e-06,1.25625000e+00,2.45937500e+00,-3.31250000e-02,-2.57812500e-02
2.82104000e-06,1.25937500e+00,2.74687500e+00,-1.87500000e-03,-5.46875000e-03
2.82136000e-06,1.49375000e+00,2.59687500e+00,-2.62500000e-02,-3.59375000e-02
2.82168000e-06,1.32500000e+00,2.75937500e+00,-1.68750000e-02,-7.81250000e-02
2.82200000e-06,1.22187500e+00,2.45937500e+00,-3.12500000e-02,-1.60156250e-01
2.82232000e-06,1.27500000e+00,2.55937500e+00,-1.68750000e-02,-1.54687500e-01
2.82264000e-06,1.36562500e+00,2.42187500e+00,-2.87500000e-02,-3.12500000e-03
2.82296000e-06,1.40312500e+00,2.54687500e+00,-3.06250000e-02,3.90625000e-03
2.82328000e-06,1.38125000e+00,2.64687500e+00,-2.00000000e-02,3.12500000e-03
2.82360000e-06,1.25937500e+00,2.53437500e+00,-3.81250000e-02,-5.15625000e-02
2.82392000e-06,1.20937500e+00,2.52187500e+00,-4.06250000e-02,-7.50000000e-02
2.82424000e-06,1.15937500e+00,2.63437500e+00,-5.31250000e-02,-1.06250000e-01
2.82456000e-06,1.24687500e+00,2.57187500e+00,-3.31250000e-02,-1.18750000e-01
2.82488000e-06,1.39062500e+00,2.47187500e+00,-3.31250000e-02,-8.75000000e-02
2.82520000e-06,1.25625000e+00,2.42187500e+00,-6.25000000e-03,-1.25781250e-01
2.82552000e-06,1.23750000e+00,2.58437500e+00,-4.37500000e-03,-1.63281250e-01
2.82584000e-06,1.35625000e+00,2.65937500e+00,-1.93750000e-02,-7.18750000e-02
2.82616000e-06,1.25937500e+00,2.63437500e+00,-1.25000000e-02,-2.50000000e-02
2.82648000e-06,1.40625000e+00,2.53437500e+00,-2.87500000e-02,-5.07812500e-02
2.82680000e-06,1.26250000e+00,2.62187500e+00,-6.31250000e-02,-2.34375000e-03
2.82712000e-06,1.45625000e+00,2.60937500e+00,-4.50000000e-02,-2.42187500e-02
2.82744000e-06,1.35625000e+00,2.55937500e+00,-1.87500000e-02,-4.60937500e-02
2.82776000e-06,1.31562500e+00,2.44687500e+00,-8.75000000e-03,-1.48437500e-02
2.82808000e-06,1.30625000e+00,2.64687500e+00,-4.37500000e-03,-4.92187500e-02
2.82840000e-06,1.40625000e+00,2.54687500e+00,-1.18750000e-02,-1.52343750e-01
2.82872000e-06,1.31562500e+00,2.64687500e+00,-6.87500000e-03,-6.32812500e-02
2.82904000e-06,1.30312500e+00,2.47187500e+00,-2.62500000e-02,3.51562500e-02
2.82936000e-06,1.28750000e+00,2.50937500e+00,-3.37500000e-02,-1.56250000e-02
2.82968000e-06,1.44375000e+00,2.45937500e+00,-3.37500000e-02,-1.11718750e-01
2.83000000e-06,1.41562500e+00,2.53437500e+00,-1.12500000e-02,-8.51562500e-02
2.83032000e-06,1.36562500e+00,2.60937500e+00,1.31250000e-02,2.10937500e-02
2.83064000e-06,1.22187500e+00,2.57187500e+00,-2.62500000e-02,-5.00000000e-02
2.83096000e-06,1.25000000e+00,2.53437500e+00,-6.12500000e-02,-7.50000000e-02
2.83128000e-06,1.37812500e+00,2.54687500e+00,-3.31250000e-02,-7.81250000e-04
2.83160000e-06,1.28125000e+00,2.55937500e+00,2.12500000e-02,-1.08593750e-01
2.83192000e-06,1.28750000e+00,2.58437500e+00,-1.87500000e-03,-1.14062500e-01
2.83224000e-06,1.32812500e+00,2.37187500e+00,-4.81250000e-02,-6.87500000e-02
2.83256000e-06,1.18125000e+00,2.53437500e+00,1.37500000e-02,-1.03125000e-01
2.83288000e-06,1.30625000e+00,2.62187500e+00,3.75000000e-03,-9.60937500e-02
2.83320000e-06,1.30000000e+00,2.40937500e+00,-4.37500000e-03,-6.40625000e-02
2.83352000e-06,1.24687500e+00,2.59687500e+00,-1.87500000e-03,-6.40625000e-02
2.83384000e-06,1.30312500e+00,2.48437500e+00,-4.37500000e-03,-6.01562500e-02
2.83416000e-06,1.21875000e+00,2.53437500e+00,-2.87500000e-02,-1.33593750e-01
2.83448000e-06,1.28437500e+00,2.50937500e+00,-2.62500000e-02,-1.97656250e-01
2.83480000e-06,1.20625000e+00,2.48437500e+00,-4.87500000e-02,-1.63281250e-01
2.83512000e-06,1.23125000e+00,2.39687500e+00,-4.56250000e-02,-4.21875000e-02
2.83544000e-06,1.34062500e+00,2.39687500e+00,-1.87500000e-02,2.57812500e-02
2.83576000e-06,1.30000000e+00,2.58437500e+00,-3.37500000e-02,-6.32812500e-02
2.83608000e-06,1.13125000e+00,2.59687500e+00,-1.25000000e-02,-3.82812500e-02
2.83640000e-06,1.15937500e+00,2.69687500e+00,-4.68750000e-02,-1.56250000e-02
2.83672000e-06,1.30312500e+00,2.55937500e+00,-1.25000000e-03,-2.65625000e-02
2.83704000e-06,1.23125000e+00,2.63437500e+00,-1.87500000e-03,-5.00000000e-02
2.83736000e-06,1.23125000e+00,2.45937500e+00,-3.37500000e-02,-6.71875000e-02
2.83768000e-06,1.34375000e+00,2.60937500e+00,-1.18750000e-02,-5.07812500e-02
2.83800000e-06,1.24375000e+00,2.49687500e+00,-2.50000000e-03,-5.07812500e-02
2.83832000e-06,1.08125000e+00,2.62187500e+00,-2.62500000e-02,-9.29687500e-02
2.83864000e-06,1.39375000e+00,2.59687500e+00,-2.00000000e-02,-1.15625000e-01
2.83896000e-06,1.30000000e+00,2.54687500e+00,-3.93750000e-02,-1.03125000e-01
2.83928000e-06,1.21875000e+00,2.55937500e+00,-1.62500000e-02,-8.59375000e-02
2.83960000e-06,1.33125000e+00,2.60937500e+00,-7.50000000e-03,-5.31250000e-02
2.83992000e-06,1.23125000e+00,2.74687500e+00,-5.06250000e-02,-4.68750000e-02
2.84024000e-06,1.20937500e+00,2.64687500e+00,1.12500000e-02,2.34375000e-03
2.84056000e-06,1.34062500e+00,2.62187500e+00,-1.25000000e-03,-1.71875000e-02
2.84088000e-06,1.26875000e+00,2.49687500e+00,-2.25000000e-02,-8.43750000e-02
2.84120000e-06,1.24687500e+00,2.58437500e+00,-1.93750000e-02,-9.06250000e-02
2.84152000e-06,1.27187500e+00,2.64687500e+00,3.12500000e-03,-2.10937500e-02
2.84184000e-06,1.41562500e+00,2.62187500e+00,3.12500000e-03,-4.14062500e-02
2.84216000e-06,1.35312500e+00,2.65937500e+00,-1.93750000e-02,1.32812500e-02
2.84248000e-06,1.32812500e+00,2.55937500e+00,-1.93750000e-02,-1.26562500e-01
2.84280000e-06,1.28750000e+00,2.52187500e+00,6.25000000e-04,-1.79687500e-01
2.84312000e-06,1.34062500e+00,2.58437500e+00,-4.37500000e-03,-1.26562500e-01
2.84344000e-06,1.24687500e+00,2.64687500e+00,-3.12500000e-02,-6.87500000e-02
2.84376000e-06,1.27187500e+00,2.59687500e+00,-2.81250000e-02,-1.20312500e-01
2.84408000e-06,1.23125000e+00,2.59687500e+00,2.56250000e-02,-1.80468750e-01
2.84440000e-06,1.32812500e+00,2.60937500e+00,6.25000000e-03,-1.24218750e-01
2.84472000e-06,1.23125000e+00,2.62187500e+00,-1.00000000e-02,-8.90625000e-02
2.84504000e-06,1.28125000e+00,2.63437500e+00,-4.87500000e-02,-1.53906250e-01
2.84536000e-06,1.24375000e+00,2.53437500e+00,-4.81250000e-02,-1.13281250e-01
2.84568000e-06,1.20937500e+00,2.39687500e+00,-6.25000000e-03,-9.14062500e-02
2.84600000e-06,1.37812500e+00,2.57187500e+00,-2.25000000e-02,-1.35156250e-01
2.84632000e-06,1.25937500e+00,2.62187500e+00,-4.31250000e-02,-8.43750000e-02
2.84664000e-06,1.24687500e+00,2.57187500e+00,1.25000000e-03,-5.39062500e-02
2.84696000e-06,1.28437500e+00,2.44687500e+00,-2.18750000e-02,-6.25000000e-02
2.84728000e-06,1.22187500e+00,2.59687500e+00,-9.37500000e-03,-7.50000000e-02
2.84760000e-06,1.31562500e+00,2.65937500e+00,-1.00000000e-02,-8.51562500e-02
2.84792000e-06,1.36562500e+00,2.53437500e+00,-1.68750000e-02,-8.59375000e-02
2.84824000e-06,1.28437500e+00,2.40937500e+00,-1.43750000e-02,-8.90625000e-02
2.84856000e-06,1.25937500e+00,2.43437500e+00,-2.56250000e-02,-6.25000000e-02
2.84888000e-06,1.18437500e+00,2.62187500e+00,-9.37500000e-03,-7.03125000e-02
2.84920000e-06,1.17187500e+00,2.64687500e+00,-3.56250000e-02,-2.26562500e-02
2.84952000e-06,1.20625000e+00,2.55937500e+00,6.25000000e-04,-5.07812500e-02
2.84984000e-06,1.31562500e+00,2.63437500e+00,5.62500000e-03,-8.90625000e-02
2.85016000e-06,1.37500000e+00,2.62187500e+00,-3.37500000e-02,-5.23437500e-02
2.85048000e-06,1.21875000e+00,2.59687500e+00,-1.43750000e-02,-9.53125000e-02
2.85080000e-06,1.30312500e+00,2.53437500e+00,0.00000000e+00,-1.25781250e-01
2.85112000e-06,1.23125000e+00,2.64687500e+00,1.31250000e-02,-1.46093750e-01
2.85144000e-06,1.28125000e+00,2.57187500e+00,0.00000000e+00,-5.23437500e-02
2.85176000e-06,1.20625000e+00,2.47187500e+00,-4.37500000e-02,-1.09375000e-02
2.85208000e-06,1.28437500e+00,2.45937500e+00,-1.25000000e-03,-7.65625000e-02
2.85240000e-06,1.25625000e+00,2.60937500e+00,-6.87500000e-03,-9.37500000e-02
2.85272000e-06,1.34062500e+00,2.40937500e+00,-2.18750000e-02,-1.14062500e-01
2.85304000e-06,1.35312500e+00,2.59687500e+00,1.06250000e-02,-7.81250000e-02
2.85336000e-06,1.24375000e+00,2.48437500e+00,-2.62500000e-02,-1.40625000e-01
2.85368000e-06,1.33125000e+00,2.54687500e+00,-2.81250000e-02,-1.69531250e-01
2.85400000e-06,1.35312500e+00,2.45937500e+00,-1.50000000e-02,-1.94531250e-01
2.85432000e-06,1.21875000e+00,2.47187500e+00,-3.00000000e-02,-1.39843750e-01
2.85464000e-06,1.27187500e+00,2.49687500e+00,-1.25000000e-03,-6.25000000e-02
2.85496000e-06,1.24687500e+00,2.63437500e+00,-1.87500000e-02,-6.01562500e-02
2.85528000e-06,1.20625000e+00,2.58437500e+00,-1.87500000e-03,-7.10937500e-02
2.85560000e-06,1.26875000e+00,2.62187500e+00,-3.62500000e-02,-8.28125000e-02
2.85592000e-06,1.21875000e+00,2.44687500e+00,-1.93750000e-02,-2.42187500e-02
2.85624000e-06,1.31562500e+00,2.57187500e+00,2.50000000e-03,-8.90625000e-02
2.85656000e-06,1.23125000e+00,2.47187500e+00,-9.37500000e-03,-8.75000000e-02
2.85688000e-06,1.10625000e+00,2.60937500e+00,-1.18750000e-02,-5.54687500e-02
2.85720000e-06,1.40625000e+00,2.62187500e+00,8.12500000e-03,-7.03125000e-02
2.85752000e-06,1.31250000e+00,2.57187500e+00,-6.87500000e-03,-9.45312500e-02
2.85784000e-06,1.27187500e+00,2.48437500e+00,-2.87500000e-02,-8.04687500e-02
2.85816000e-06,1.36875000e+00,2.57187500e+00,-1.18750000e-02,6.25000000e-03
2.85848000e-06,1.31250000e+00,2.55937500e+00,-2.62500000e-02,1.56250000e-03
2.85880000e-06,1.28750000e+00,2.57187500e+00,-6.87500000e-03,-5.31250000e-02
2.85912000e-06,1.28750000e+00,2.59687500e+00,-6.87500000e-03,-5.15625000e-02
2.85944000e-06,1.25625000e+00,2.55937500e+00,-4.37500000e-03,-9.84375000e-02
2.85976000e-06,1.27500000e+00,2.58437500e+00,-2.18750000e-02,1.32812500e-02
2.86008000e-06,1.36562500e+00,2.54687500e+00,-1.87500000e-03,4.68750000e-03
2.86040000e-06,1.24375000e+00,2.54687500e+00,-6.87500000e-03,-6.56250000e-02
2.86072000e-06,1.34375000e+00,2.63437500e+00,-9.37500000e-03,-6.56250000e-02
2.86104000e-06,1.36250000e+00,2.45937500e+00,-6.87500000e-03,-1.27343750e-01
2.86136000e-06,1.26875000e+00,2.53437500e+00,8.12500000e-03,-7.81250000e-02
2.86168000e-06,1.30312500e+00,2.54687500e+00,-1.93750000e-02,-4.92187500e-02
2.86200000e-06,1.23125000e+00,2.54687500e+00,3.12500000e-03,-4.76562500e-02
2.86232000e-06,1.28437500e+00,2.48437500e+00,5.62500000e-03,-3.90625000e-03
2.86264000e-06,1.39062500e+00,2.58437500e+00,-1.18750000e-02,-2.03125000e-02
2.86296000e-06,1.35000000e+00,2.55937500e+00,-2.56250000e-02,2.34375000e-03
2.86328000e-06,1.33125000e+00,2.72187500e+00,2.56250000e-02,-2.50000000e-02
2.86360000e-06,1.27187500e+00,2.49687500e+00,1.56250000e-02,-1.23437500e-01
2.86392000e-06,1.24687500e+00,2.59687500e+00,-2.18750000e-02,-1.10156250e-01
2.86424000e-06,1.35625000e+00,2.49687500e+00,-2.00000000e-02,-2.96875000e-02
2.86456000e-06,1.39062500e+00,2.64687500e+00,-2.81250000e-02,2.42187500e-02
2.86488000e-06,1.27187500e+00,2.55937500e+00,-2.12500000e-02,4.06250000e-02
2.86520000e-06,1.33125000e+00,2.58437500e+00,-1.37500000e-02,3.51562500e-02
2.86552000e-06,1.43125000e+00,2.55937500e+00,-6.87500000e-03,-1.71875000e-02
2.86584000e-06,1.35000000e+00,2.48437500e+00,-2.25000000e-02,-8.43750000e-02
2.86616000e-06,1.22187500e+00,2.50937500e+00,-1.93750000e-02,-1.17187500e-01
2.86648000e-06,1.25000000e+00,2.60937500e+00,-4.37500000e-03,-4.76562500e-02
2.86680000e-06,1.34062500e+00,2.57187500e+00,-1.18750000e-02,1.09375000e-02
2.86712000e-06,1.33750000e+00,2.59687500e+00,-9.37500000e-03,1.56250000e-03
2.86744000e-06,1.25937500e+00,2.42187500e+00,-1.18750000e-02,-3.90625000e-03
2.86776000e-06,1.35625000e+00,2.43437500e+00,1.31250000e-02,4.60937500e-02
2.86808000e-06,1.28125000e+00,2.54687500e+00,-1.43750000e-02,-7.73437500e-02
2.86840000e-06,1.35312500e+00,2.67187500e+00,-1.18750000e-02,-6.25000000e-02
2.86872000e-06,1.36875000e+00,2.45937500e+00,-1.93750000e-02,-3.67187500e-02
2.86904000e-06,1.30000000e+00,2.44687500e+00,-5.00000000e-03,-7.89062500e-02
2.86936000e-06,1.22187500e+00,2.54687500e+00,-4.56250000e-02,-7.96875000e-02
2.86968000e-06,1.27500000e+00,2.67187500e+00,6.25000000e-03,-8.59375000e-02
2.87000000e-06,1.39062500e+00,2.55937500e+00,-1.25000000e-03,-3.20312500e-02
2.87032000e-06,1.30312500e+00,2.60937500e+00,-2.25000000e-02,-1.95312500e-02
2.87064000e-06,1.31562500e+00,2.58437500e+00,-3.81250000e-02,-2.57812500e-02
2.87096000e-06,1.33125000e+00,2.53437500e+00,6.25000000e-03,5.46875000e-03
2.87128000e-06,1.31562500e+00,2.50937500e+00,3.75000000e-03,-1.79687500e-02
2.87160000e-06,1.19375000e+00,2.45937500e+00,-2.56250000e-02,-1.04687500e-01
2.87192000e-06,1.31875000e+00,2.44687500e+00,-4.37500000e-03,-7.65625000e-02
2.87224000e-06,1.56562500e+00,2.62187500e+00,-6.87500000e-03,-1.48437500e-02
2.87256000e-06,1.33750000e+00,2.60937500e+00,-4.37500000e-03,-4.92187500e-02
2.87288000e-06,1.16875000e+00,2.50937500e+00,-2.87500000e-02,-1.29687500e-01
2.87320000e-06,1.25937500e+00,2.45937500e+00,3.12500000e-03,-1.03906250e-01
2.87352000e-06,1.30312500e+00,2.68437500e+00,5.00000000e-03,-9.29687500e-02
2.87384000e-06,1.28125000e+00,2.52187500e+00,-3.31250000e-02,-1.04687500e-01
2.87416000e-06,1.27187500e+00,2.62187500e+00,-9.37500000e-03,-1.20312500e-01
2.87448000e-06,1.32812500e+00,2.47187500e+00,-2.81250000e-02,-7.81250000e-02
2.87480000e-06,1.23437500e+00,2.54687500e+00,6.25000000e-04,-6.32812500e-02
2.87512000e-06,1.35312500e+00,2.49687500e+00,-2.87500000e-02,-1.29687500e-01
2.87544000e-06,1.18437500e+00,2.55937500e+00,-6.87500000e-03,-1.37500000e-01
2.87576000e-06,1.32812500e+00,2.39687500e+00,-1.75000000e-02,-9.37500000e-03
2.87608000e-06,1.20625000e+00,2.49687500e+00,-1.43750000e-02,2.26562500e-02
2.87640000e-06,1.20937500e+00,2.45937500e+00,-1.87500000e-03,-5.46875000e-02
2.87672000e-06,1.35312500e+00,2.53437500e+00,1.31250000e-02,-4.92187500e-02
2.87704000e-06,1.36562500e+00,2.48437500e+00,-6.87500000e-03,-2.73437500e-02
2.87736000e-06,1.30000000e+00,2.57187500e+00,-1.93750000e-02,-9.60937500e-02
2.87768000e-06,1.32812500e+00,2.43437500e+00,-3.87500000e-02,-4.45312500e-02
2.87800000e-06,1.21250000e+00,2.78437500e+00,-4.62500000e-02,-1.87500000e-02
2.87832000e-06,1.40312500e+00,2.57187500e+00,-9.37500000e-03,-9.84375000e-02
2.87864000e-06,1.32812500e+00,2.62187500e+00,2.06250000e-02,-1.41406250e-01
2.87896000e-06,1.24687500e+00,2.30937500e+00,-4.62500000e-02,-2.89062500e-02
2.87928000e-06,1.28750000e+00,2.50937500e+00,-2.25000000e-02,-1.40625000e-02
2.87960000e-06,1.32812500e+00,2.54687500e+00,-2.00000000e-02,-2.26562500e-02
2.87992000e-06,1.25937500e+00,2.67187500e+00,1.56250000e-02,-4.29687500e-02
2.88024000e-06,1.34375000e+00,2.55937500e+00,-2.25000000e-02,-5.62500000e-02
2.88056000e-06,1.37812500e+00,2.57187500e+00,-1.18750000e-02,-5.39062500e-02
2.88088000e-06,1.35312500e+00,2.54687500e+00,-9.37500000e-03,-1.67187500e-01
2.88120000e-06,1.24687500e+00,2.47187500e+00,-4.37500000e-03,-1.43750000e-01
2.88152000e-06,1.28437500e+00,2.50937500e+00,-1.68750000e-02,-6.01562500e-02
2.88184000e-06,1.26875000e+00,2.59687500e+00,-1.43750000e-02,-8.51562500e-02
2.88216000e-06,1.23437500e+00,2.57187500e+00,-1.87500000e-03,-2.81250000e-02
2.88248000e-06,1.37812500e+00,2.50937500e+00,-1.18750000e-02,-4.21875000e-02
2.88280000e-06,1.25625000e+00,2.57187500e+00,-9.37500000e-03,-7.73437500e-02
2.88312000e-06,1.36875000e+00,2.68437500e+00,-1.43750000e-02,7.03125000e-03
2.88344000e-06,1.39375000e+00,2.48437500e+00,-4.37500000e-03,2.50000000e-02
2.88376000e-06,1.33750000e+00,2.59687500e+00,-1.50000000e-02,-7.03125000e-02
2.88408000e-06,1.18437500e+00,2.49687500e+00,-1.68750000e-02,-1.87500000e-02
2.88440000e-06,1.12187500e+00,2.55937500e+00,1.31250000e-02,1.64062500e-02
2.88472000e-06,1.22187500e+00,2.48437500e+00,-1.18750000e-02,-2.50000000e-02
2.88504000e-06,1.33750000e+00,2.59687500e+00,-6.87500000e-03,-3.28125000e-02
2.88536000e-06,1.21875000e+00,2.45937500e+00,-2.00000000e-02,-3.75000000e-02
2.88568000e-06,1.26250000e+00,2.65937500e+00,-1.93750000e-02,-2.18750000e-02
2.88600000e-06,1.39062500e+00,2.63437500e+00,-6.87500000e-03,6.25000000e-03
2.88632000e-06,1.34062500e+00,2.50937500e+00,1.06250000e-02,-4.92187500e-02
2.88664000e-06,1.31562500e+00,2.44687500e+00,-1.93750000e-02,-1.95312500e-02
2.88696000e-06,1.23437500e+00,2.68437500e+00,-4.37500000e-03,-9.14062500e-02
2.88728000e-06,1.17500000e+00,2.53437500e+00,-3.12500000e-02,-1.02343750e-01
2.88760000e-06,1.37500000e+00,2.68437500e+00,-1.93750000e-02,-4.68750000e-02
2.88792000e-06,1.14375000e+00,2.42187500e+00,1.25000000e-02,-2.03125000e-02
2.88824000e-06,1.34375000e+00,2.50937500e+00,6.25000000e-04,-1.95312500e-02
2.88856000e-06,1.54062500e+00,2.45937500e+00,1.06250000e-02,5.15625000e-02
2.88888000e-06,1.41562500e+00,2.52187500e+00,-1.18750000e-02,-4.68750000e-03
2.88920000e-06,1.32812500e+00,2.58437500e+00,-1.43750000e-02,-2.34375000e-02
2.88952000e-06,1.22187500e+00,2.59687500e+00,-2.62500000e-02,-1.64062500e-02
2.88984000e-06,1.12187500e+00,2.52187500e+00,-2.18750000e-02,-1.17968750e-01
2.89016000e-06,1.27500000e+00,2.59687500e+00,-3.68750000e-02,-1.17187500e-01
2.89048000e-06,1.41562500e+00,2.39687500e+00,5.62500000e-03,-6.40625000e-02
2.89080000e-06,1.30312500e+00,2.53437500e+00,1.50000000e-02,-1.95312500e-02
2.89112000e-06,1.38125000e+00,2.85937500e+00,3.12500000e-03,-2.26562500e-02
2.89144000e-06,1.20937500e+00,2.47187500e+00,-1.18750000e-02,-7.03125000e-03
2.89176000e-06,1.27500000e+00,2.44687500e+00,3.12500000e-03,-1.25000000e-02
2.89208000e-06,1.36875000e+00,2.42187500e+00,-1.75000000e-02,-8.67187500e-02
2.89240000e-06,1.23125000e+00,2.54687500e+00,-4.37500000e-03,-5.15625000e-02
2.89272000e-06,1.22187500e+00,2.47187500e+00,8.12500000e-03,-4.68750000e-02
2.89304000e-06,1.34375000e+00,2.53437500e+00,-6.87500000e-03,-6.32812500e-02
2.89336000e-06,1.50312500e+00,2.73437500e+00,-2.18750000e-02,5.46875000e-02
2.89368000e-06,1.36562500e+00,2.54687500e+00,6.25000000e-04,6.25000000e-03
2.89400000e-06,1.47812500e+00,2.65937500e+00,-2.25000000e-02,-6.95312500e-02
2.89432000e-06,1.36562500e+00,2.39687500e+00,-3.56250000e-02,-2.03125000e-02
2.89464000e-06,1.20937500e+00,2.42187500e+00,8.75000000e-03,-3.75000000e-02
2.89496000e-06,1.27500000e+00,2.53437500e+00,-1.93750000e-02,-1.02343750e-01
2.89528000e-06,1.23437500e+00,2.63437500e+00,-2.81250000e-02,-1.48437500e-02
2.89560000e-06,1.37812500e+00,2.63437500e+00,-3.75000000e-03,-1.00781250e-01
2.89592000e-06,1.35625000e+00,2.58437500e+00,-1.12500000e-02,-9.29687500e-02
2.89624000e-06,1.27187500e+00,2.62187500e+00,-2.81250000e-02,-6.87500000e-02
2.89656000e-06,1.20937500e+00,2.53437500e+00,2.31250000e-02,-7.65625000e-02
2.89688000e-06,1.35625000e+00,2.48437500e+00,5.62500000e-03,3.35937500e-02
2.89720000e-06,1.45312500e+00,2.47187500e+00,2.31250000e-02,-3.90625000e-03
2.89752000e-06,1.20625000e+00,2.57187500e+00,-4.37500000e-03,-2.89062500e-02
2.89784000e-06,1.18750000e+00,2.69687500e+00,-1.18750000e-02,3.04687500e-02
2.89816000e-06,1.53125000e+00,2.54687500e+00,-6.87500000e-03,-2.81250000e-02
2.89848000e-06,1.42500000e+00,2.53437500e+00,5.62500000e-03,-8.12500000e-02
2.89880000e-06,1.25937500e+00,2.57187500e+00,-3.06250000e-02,-7.42187500e-02
2.89912000e-06,1.45312500e+00,2.63437500e+00,-1.18750000e-02,-1.56250000e-02
2.89944000e-06,1.40000000e+00,2.47187500e+00,-1.93750000e-02,1.32812500e-02
2.89976000e-06,1.33125000e+00,2.45937500e+00,-9.37500000e-03,-6.48437500e-02
2.90008000e-06,1.37812500e+00,2.50937500e+00,6.25000000e-04,-8.12500000e-02
2.90040000e-06,1.31562500e+00,2.70937500e+00,5.62500000e-03,-3.98437500e-02
2.90072000e-06,1.36875000e+00,2.50937500e+00,-4.37500000e-03,-4.60937500e-02
2.90104000e-06,1.30312500e+00,2.57187500e+00,-2.56250000e-02,-4.45312500e-02
2.90136000e-06,1.23750000e+00,2.57187500e+00,-1.87500000e-03,-4.06250000e-02
2.90168000e-06,1.41875000e+00,2.67187500e+00,-2.62500000e-02,-3.75000000e-02
2.90200000e-06,1.37812500e+00,2.60937500e+00,-3.81250000e-02,-7.89062500e-02
2.90232000e-06,1.32812500e+00,2.60937500e+00,3.12500000e-03,-5.23437500e-02
2.90264000e-06,1.18437500e+00,2.54687500e+00,-4.37500000e-03,3.12500000e-03
2.90296000e-06,1.17187500e+00,2.54687500e+00,-3.31250000e-02,-3.28125000e-02
2.90328000e-06,1.37812500e+00,2.53437500e+00,6.25000000e-03,-4.29687500e-02
2.90360000e-06,1.39062500e+00,2.63437500e+00,-1.43750000e-02,-4.21875000e-02
2.90392000e-06,1.36562500e+00,2.52187500e+00,-5.37500000e-02,7.81250000e-04
2.90424000e-06,1.44375000e+00,2.52187500e+00,-1.12500000e-02,1.40625000e-02
2.90456000e-06,1.36875000e+00,2.58437500e+00,-4.37500000e-03,-4.60937500e-02
2.90488000e-06,1.30312500e+00,2.68437500e+00,1.56250000e-02,-3.04687500e-02
2.90520000e-06,1.14687500e+00,2.53437500e+00,-5.18750000e-02,2.26562500e-02
2.90552000e-06,1.24687500e+00,2.72187500e+00,-3.81250000e-02,2.81250000e-02
2.90584000e-06,1.23437500e+00,2.50937500e+00,6.25000000e-04,1.71875000e-02
2.90616000e-06,1.45312500e+00,2.53437500e+00,-1.18750000e-02,-1.79687500e-02
2.90648000e-06,1.36250000e+00,2.62187500e+00,-2.87500000e-02,-7.26562500e-02
2.90680000e-06,1.30312500e+00,2.48437500e+00,-6.12500000e-02,-1.36718750e-01
2.90712000e-06,1.19687500e+00,2.55937500e+00,-2.00000000e-02,-8.35937500e-02
2.90744000e-06,1.25625000e+00,2.55937500e+00,-3.81250000e-02,-8.98437500e-02
2.90776000e-06,1.23125000e+00,2.49687500e+00,-8.75000000e-03,-5.85937500e-02
2.90808000e-06,1.14375000e+00,2.63437500e+00,3.75000000e-03,2.03125000e-02
2.90840000e-06,1.20937500e+00,2.40937500e+00,5.00000000e-03,3.51562500e-02
2.90872000e-06,1.36562500e+00,2.54687500e+00,-2.81250000e-02,8.59375000e-03
2.90904000e-06,1.28437500e+00,2.52187500e+00,-9.37500000e-03,-1.40625000e-02
2.90936000e-06,1.53125000e+00,2.49687500e+00,-4.56250000e-02,6.71875000e-02
2.90968000e-06,1.41562500e+00,2.57187500e+00,-3.25000000e-02,-4.14062500e-02
2.91000000e-06,1.19375000e+00,2.59687500e+00,-1.12500000e-02,-1.33593750e-01
2.91032000e-06,1.26875000e+00,2.50937500e+00,-8.75000000e-03,-9.92187500e-02
2.91064000e-06,1.18125000e+00,2.59687500e+00,-2.81250000e-02,-4.92187500e-02
2.91096000e-06,1.31562500e+00,2.55937500e+00,-1.68750000e-02,9.37500000e-03
2.91128000e-06,1.23125000e+00,2.62187500e+00,-3.12500000e-02,6.09375000e-02
2.91160000e-06,1.23125000e+00,2.52187500e+00,-1.93750000e-02,5.62500000e-02
2.91192000e-06,1.34375000e+00,2.54687500e+00,-2.93750000e-02,1.48437500e-02
2.91224000e-06,1.40312500e+00,2.55937500e+00,-2.18750000e-02,-7.03125000e-03
2.91256000e-06,1.35312500e+00,2.48437500e+00,-3.68750000e-02,-5.70312500e-02
2.91288000e-06,1.28437500e+00,2.54687500e+00,-1.18750000e-02,-4.60937500e-02
2.91320000e-06,1.19687500e+00,2.57187500e+00,-5.00000000e-03,-6.32812500e-02
2.91352000e-06,1.35625000e+00,2.64687500e+00,-4.37500000e-03,-4.29687500e-02
2.91384000e-06,1.31250000e+00,2.65937500e+00,5.62500000e-03,1.32812500e-02
2.91416000e-06,1.25625000e+00,2.60937500e+00,-1.50000000e-02,-8.28125000e-02
2.91448000e-06,1.34375000e+00,2.67187500e+00,-6.87500000e-03,-8.20312500e-02
2.91480000e-06,1.32500000e+00,2.53437500e+00,6.25000000e-04,4.76562500e-02
2.91512000e-06,1.31562500e+00,2.55937500e+00,-2.18750000e-02,-3.82812500e-02
2.91544000e-06,1.27187500e+00,2.48437500e+00,-6.87500000e-03,-1.45312500e-01
2.91576000e-06,1.18125000e+00,2.52187500e+00,-2.62500000e-02,-1.25000000e-01
2.91608000e-06,1.36875000e+00,2.45937500e+00,-2.00000000e-02,-1.02343750e-01
2.91640000e-06,1.42812500e+00,2.49687500e+00,-5.93750000e-02,-1.01562500e-02
2.91672000e-06,1.21875000e+00,2.57187500e+00,-2.75000000e-02,9.37500000e-03
2.91704000e-06,1.33125000e+00,2.40937500e+00,-1.93750000e-02,-7.03125000e-03
2.91736000e-06,1.28437500e+00,2.53437500e+00,-3.00000000e-02,-1.56250000e-02
2.91768000e-06,1.20937500e+00,2.65937500e+00,1.25000000e-03,-2.81250000e-02
2.91800000e-06,1.31562500e+00,2.48437500e+00,-2.12500000e-02,-2.50000000e-02
2.91832000e-06,1.22187500e+00,2.69687500e+00,3.12500000e-03,1.79687500e-02
2.91864000e-06,1.46875000e+00,2.43437500e+00,-2.62500000e-02,-4.60937500e-02
2.91896000e-06,1.28437500e+00,2.55937500e+00,-2.56250000e-02,-3.98437500e-02
2.91928000e-06,1.41875000e+00,2.48437500e+00,3.12500000e-03,1.79687500e-02
2.91960000e-06,1.30625000e+00,2.43437500e+00,-2.50000000e-02,8.59375000e-03
2.91992000e-06,1.26250000e+00,2.47187500e+00,-1.43750000e-02,2.03125000e-02
2.92024000e-06,1.44375000e+00,2.55937500e+00,-1.50000000e-02,1.87500000e-02
2.92056000e-06,1.34062500e+00,2.50937500e+00,-2.56250000e-02,-5.23437500e-02
2.92088000e-06,1.23437500e+00,2.58437500e+00,-4.31250000e-02,-1.16406250e-01
2.92120000e-06,1.32812500e+00,2.45937500e+00,-3.25000000e-02,-8.90625000e-02
2.92152000e-06,1.20625000e+00,2.47187500e+00,3.12500000e-03,-6.17187500e-02
2.92184000e-06,1.28125000e+00,2.50937500e+00,-3.75000000e-03,1.56250000e-03
2.92216000e-06,1.26875000e+00,2.52187500e+00,-6.87500000e-03,-6.95312500e-02
2.92248000e-06,1.20625000e+00,2.43437500e+00,-9.37500000e-03,-7.10937500e-02
2.92280000e-06,1.31562500e+00,2.45937500e+00,-1.50000000e-02,6.40625000e-02
2.92312000e-06,1.33750000e+00,2.45937500e+00,-5.12500000e-02,1.03125000e-01
2.92344000e-06,1.25937500e+00,2.80937500e+00,-3.50000000e-02,5.93750000e-02
2.92376000e-06,1.46875000e+00,2.52187500e+00,-1.37500000e-02,3.12500000e-02
2.92408000e-06,1.32500000e+00,2.48437500e+00,-8.75000000e-03,6.71875000e-02
2.92440000e-06,1.19687500e+00,2.64687500e+00,-1.75000000e-02,2.89062500e-02
2.92472000e-06,1.30625000e+00,2.57187500e+00,-2.56250000e-02,-6.01562500e-02
2.92504000e-06,1.32500000e+00,2.52187500e+00,-1.25000000e-03,-8.75000000e-02
2.92536000e-06,1.35312500e+00,2.57187500e+00,-1.18750000e-02,-7.03125000e-02
2.92568000e-06,1.28437500e+00,2.53437500e+00,-2.87500000e-02,-3.59375000e-02
2.92600000e-06,1.19375000e+00,2.58437500e+00,-1.87500000e-02,-1.31250000e-01
2.92632000e-06,1.28437500e+00,2.52187500e+00,5.62500000e-03,-9.45312500e-02
2.92664000e-06,1.18125000e+00,2.62187500e+00,-1.93750000e-02,-1.64062500e-02
2.92696000e-06,1.26875000e+00,2.55937500e+00,-3.12500000e-02,-1.40625000e-02
2.92728000e-06,1.24375000e+00,2.58437500e+00,-3.31250000e-02,-6.25000000e-02
2.92760000e-06,1.30312500e+00,2.55937500e+00,-1.18750000e-02,-6.25000000e-02
2.92792000e-06,1.41562500e+00,2.45937500e+00,-1.93750000e-02,-1.25000000e-02
2.92824000e-06,1.20625000e+00,2.60937500e+00,-3.06250000e-02,6.64062500e-02
2.92856000e-06,1.21250000e+00,2.60937500e+00,-2.12500000e-02,3.12500000e-03
2.92888000e-06,1.36562500e+00,2.59687500e+00,-1.87500000e-02,-6.56250000e-02
2.92920000e-06,1.31562500e+00,2.65937500e+00,-1.18750000e-02,-1.64062500e-02
2.92952000e-06,1.31562500e+00,2.58437500e+00,-2.56250000e-02,7.81250000e-04
2.92984000e-06,1.28125000e+00,2.52187500e+00,-9.37500000e-03,2.65625000e-02
2.93016000e-06,1.22187500e+00,2.39687500e+00,-4.37500000e-03,-1.06250000e-01
2.93048000e-06,1.35312500e+00,2.52187500e+00,-1.75000000e-02,-1.11718750e-01
2.93080000e-06,1.16875000e+00,2.65937500e+00,-2.56250000e-02,-2.89062500e-02
2.93112000e-06,1.20625000e+00,2.50937500e+00,-1.93750000e-02,-2.34375000e-03
2.93144000e-06,1.14687500e+00,2.55937500e+00,-2.50000000e-02,-1.03906250e-01
2.93176000e-06,1.23437500e+00,2.49687500e+00,-2.18750000e-02,-1.05468750e-01
2.93208000e-06,1.35000000e+00,2.53437500e+00,-2.12500000e-02,1.48437500e-02
2.93240000e-06,1.27187500e+00,2.55937500e+00,-9.37500000e-03,8.20312500e-02
2.93272000e-06,1.34062500e+00,2.45937500e+00,-1.18750000e-02,-5.46875000e-03
2.93304000e-06,1.23125000e+00,2.62187500e+00,-5.00000000e-03,-5.39062500e-02
2.93336000e-06,1.26250000e+00,2.62187500e+00,-3.62500000e-02,3.67187500e-02
2.93368000e-06,1.24375000e+00,2.59687500e+00,-1.87500000e-02,1.17187500e-02
2.93400000e-06,1.35312500e+00,2.59687500e+00,-1.18750000e-02,9.37500000e-03
2.93432000e-06,1.33125000e+00,2.55937500e+00,-1.87500000e-03,5.85937500e-02
2.93464000e-06,1.24375000e+00,2.49687500e+00,-4.12500000e-02,2.42187500e-02
2.93496000e-06,1.22500000e+00,2.53437500e+00,-6.87500000e-03,5.46875000e-02
2.93528000e-06,1.35312500e+00,2.53437500e+00,-3.43750000e-02,-1.87500000e-02
2.93560000e-06,1.20625000e+00,2.57187500e+00,-1.50000000e-02,-8.98437500e-02
2.93592000e-06,1.31875000e+00,2.59687500e+00,-3.68750000e-02,-3.90625000e-02
2.93624000e-06,1.39062500e+00,2.62187500e+00,-8.75000000e-03,-5.46875000e-03
2.93656000e-06,1.32500000e+00,2.60937500e+00,-3.12500000e-02,-1.56250000e-03
2.93688000e-06,1.26250000e+00,2.54687500e+00,-4.56250000e-02,-9.29687500e-02
2.93720000e-06,1.36562500e+00,2.54687500e+00,2.56250000e-02,-5.93750000e-02
2.93752000e-06,1.19375000e+00,2.42187500e+00,8.75000000e-03,-2.18750000e-02
2.93784000e-06,1.18437500e+00,2.52187500e+00,-1.68750000e-02,-4.29687500e-02
2.93816000e-06,1.30000000e+00,2.60937500e+00,8.12500000e-03,-4.68750000e-02
2.93848000e-06,1.18125000e+00,2.44687500e+00,-3.12500000e-02,-1.09375000e-02
2.93880000e-06,1.25937500e+00,2.64687500e+00,-1.18750000e-02,-1.95312500e-02
2.93912000e-06,1.37812500e+00,2.45937500e+00,-1.56250000e-02,7.03125000e-03
2.93944000e-06,1.35312500e+00,2.60937500e+00,-2.18750000e-02,5.46875000e-03
2.93976000e-06,1.30312500e+00,2.55937500e+00,5.62500000e-03,-5.46875000e-03
2.94008000e-06,1.25000000e+00,2.64687500e+00,-2.81250000e-02,4.37500000e-02
2.94040000e-06,1.31562500e+00,2.44687500e+00,-1.18750000e-02,-1.01562500e-02
2.94072000e-06,1.20625000e+00,2.54687500e+00,-1.25000000e-02,-5.00000000e-02
2.94104000e-06,1.15937500e+00,2.50937500e+00,-2.81250000e-02,-2.26562500e-02
2.94136000e-06,1.19375000e+00,2.48437500e+00,-3.75000000e-03,-7.57812500e-02
2.94168000e-06,1.06875000e+00,2.42187500e+00,8.75000000e-03,-4.53125000e-02
2.94200000e-06,1.19687500e+00,2.60937500e+00,-1.43750000e-02,-7.81250000e-04
2.94232000e-06,1.35000000e+00,2.73437500e+00,-2.00000000e-02,4.37500000e-02
2.94264000e-06,1.26875000e+00,2.49687500e+00,-4.62500000e-02,1.95312500e-02
2.94296000e-06,1.18437500e+00,2.39687500e+00,-2.50000000e-02,-7.57812500e-02
2.94328000e-06,1.16875000e+00,2.54687500e+00,-3.75000000e-03,-7.03125000e-02
2.94360000e-06,1.19375000e+00,2.50937500e+00,-6.25000000e-03,-6.71875000e-02
2.94392000e-06,1.14375000e+00,2.53437500e+00,8.12500000e-03,-5.46875000e-02
2.94424000e-06,1.28125000e+00,2.53437500e+00,8.12500000e-03,-7.10937500e-02
2.94456000e-06,1.15625000e+00,2.73437500e+00,-6.87500000e-03,-1.18750000e-01
2.94488000e-06,1.27187500e+00,2.58437500e+00,-1.68750000e-02,-4.06250000e-02
2.94520000e-06,1.40312500e+00,2.49687500e+00,-2.87500000e-02,-2.34375000e-03
2.94552000e-06,1.44062500e+00,2.44687500e+00,-2.87500000e-02,5.46875000e-03
2.94584000e-06,1.22187500e+00,2.62187500e+00,-3.12500000e-02,1.01562500e-02
2.94616000e-06,1.25937500e+00,2.50937500e+00,-3.56250000e-02,-7.34375000e-02
2.94648000e-06,1.18437500e+00,2.54687500e+00,-3.75000000e-02,-5.07812500e-02
2.94680000e-06,1.28437500e+00,2.45937500e+00,8.75000000e-03,-3.90625000e-02
2.94712000e-06,1.26875000e+00,2.54687500e+00,-3.31250000e-02,-4.29687500e-02
2.94744000e-06,1.27187500e+00,2.55937500e+00,-1.93750000e-02,-3.67187500e-02
2.94776000e-06,1.30312500e+00,2.48437500e+00,-2.68750000e-02,-5.31250000e-02
2.94808000e-06,1.22187500e+00,2.52187500e+00,-1.18750000e-02,-7.42187500e-02
2.94840000e-06,1.32812500e+00,2.58437500e+00,-2.31250000e-02,1.25000000e-02
2.94872000e-06,1.21875000e+00,2.50937500e+00,-4.37500000e-02,-8.35937500e-02
2.94904000e-06,1.22187500e+00,2.55937500e+00,-4.31250000e-02,-1.14843750e-01
2.94936000e-06,1.23125000e+00,2.44687500e+00,-2.50000000e-02,-1.07812500e-01
2.94968000e-06,1.27187500e+00,2.54687500e+00,-6.25000000e-03,-1.22656250e-01
2.95000000e-06,1.32500000e+00,2.53437500e+00,-1.87500000e-02,-4.92187500e-02
2.95032000e-06,1.27187500e+00,2.47187500e+00,-2.87500000e-02,-3.28125000e-02
2.95064000e-06,1.39375000e+00,2.40937500e+00,-6.87500000e-03,-6.25000000e-02
2.95096000e-06,1.19375000e+00,2.58437500e+00,-1.75000000e-02,-4.68750000e-02
2.95128000e-06,1.15937500e+00,2.50937500e+00,-1.87500000e-03,-8.20312500e-02
2.95160000e-06,1.22500000e+00,2.49687500e+00,-1.18750000e-02,-6.32812500e-02
2.95192000e-06,1.36250000e+00,2.47187500e+00,1.81250000e-02,-1.56250000e-03
2.95224000e-06,1.21875000e+00,2.48437500e+00,-4.87500000e-02,-4.60937500e-02
2.95256000e-06,1.34375000e+00,2.49687500e+00,-4.37500000e-02,-9.29687500e-02
2.95288000e-06,1.31250000e+00,2.49687500e+00,-4.87500000e-02,0.00000000e+00
2.95320000e-06,1.23125000e+00,2.55937500e+00,-4.56250000e-02,-3.67187500e-02
2.95352000e-06,1.28437500e+00,2.59687500e+00,-1.62500000e-02,-1.14843750e-01
2.95384000e-06,1.20625000e+00,2.45937500e+00,-1.43750000e-02,-6.17187500e-02
2.95416000e-06,1.23125000e+00,2.49687500e+00,-2.56250000e-02,-1.64062500e-02
2.95448000e-06,1.35312500e+00,2.50937500e+00,-1.18750000e-02,2.81250000e-02
2.95480000e-06,1.32500000e+00,2.50937500e+00,-2.18750000e-02,8.51562500e-02
2.95512000e-06,1.21875000e+00,2.45937500e+00,-2.62500000e-02,7.50000000e-02
2.95544000e-06,1.20937500e+00,2.58437500e+00,-3.87500000e-02,2.34375000e-03
2.95576000e-06,1.30312500e+00,2.39687500e+00,-9.37500000e-03,-5.39062500e-02
2.95608000e-06,1.33750000e+00,2.48437500e+00,-6.87500000e-03,-8.90625000e-02
2.95640000e-06,1.16875000e+00,2.49687500e+00,-4.37500000e-03,-2.65625000e-02
2.95672000e-06,1.19687500e+00,2.42187500e+00,-1.75000000e-02,3.35937500e-02
2.95704000e-06,1.20625000e+00,2.53437500e+00,-1.68750000e-02,-8.12500000e-02
2.95736000e-06,1.28437500e+00,2.55937500e+00,-3.87500000e-02,-1.50781250e-01
2.95768000e-06,1.24375000e+00,2.53437500e+00,-2.81250000e-02,-7.03125000e-02
2.95800000e-06,1.23125000e+00,2.48437500e+00,-1.43750000e-02,5.54687500e-02
2.95832000e-06,1.25937500e+00,2.57187500e+00,-3.75000000e-03,1.01562500e-02
2.95864000e-06,1.31562500e+00,2.52187500e+00,-4.37500000e-03,-6.87500000e-02
2.95896000e-06,1.34062500e+00,2.34687500e+00,3.12500000e-03,-4.29687500e-02
2.95928000e-06,1.20625000e+00,2.48437500e+00,-1.87500000e-03,9.37500000e-03
2.95960000e-06,1.22187500e+00,2.48437500e+00,-2.62500000e-02,-5.93750000e-02
2.95992000e-06,1.30625000e+00,2.53437500e+00,-2.87500000e-02,2.65625000e-02
2.96024000e-06,1.31250000e+00,2.55937500e+00,-1.68750000e-02,1.17187500e-02
2.96056000e-06,1.30312500e+00,2.63437500e+00,-9.37500000e-03,-7.96875000e-02
2.96088000e-06,1.20937500e+00,2.44687500e+00,-6.87500000e-03,-1.01562500e-01
2.96120000e-06,1.15625000e+00,2.47187500e+00,-1.18750000e-02,-1.49218750e-01
2.96152000e-06,1.24687500e+00,2.48437500e+00,-2.00000000e-02,-1.75000000e-01
2.96184000e-06,1.30000000e+00,2.44687500e+00,-5.12500000e-02,-1.29687500e-01
2.96216000e-06,1.26875000e+00,2.52187500e+00,-3.31250000e-02,-3.90625000e-02
2.96248000e-06,1.24375000e+00,2.63437500e+00,-3.31250000e-02,-7.81250000e-03
2.96280000e-06,1.24375000e+00,2.49687500e+00,-1.68750000e-02,-3.82812500e-02
2.96312000e-06,1.18125000e+00,2.58437500e+00,-4.62500000e-02,-2.50000000e-02
2.96344000e-06,1.20937500e+00,2.47187500e+00,-3.75000000e-03,2.34375000e-03
2.96376000e-06,1.40000000e+00,2.58437500e+00,-6.87500000e-03,2.34375000e-03
2.96408000e-06,1.19375000e+00,2.59687500e+00,-9.37500000e-03,-7.65625000e-02
2.96440000e-06,1.25937500e+00,2.55937500e+00,-2.18750000e-02,-1.35156250e-01
2.96472000e-06,1.13125000e+00,2.54687500e+00,6.25000000e-04,-9.45312500e-02
2.96504000e-06,1.24687500e+00,2.65937500e+00,-1.18750000e-02,-7.89062500e-02
2.96536000e-06,1.34062500e+00,2.52187500e+00,-9.37500000e-03,-6.56250000e-02
2.96568000e-06,1.37812500e+00,2.55937500e+00,0.00000000e+00,-1.32812500e-02
2.96600000e-06,1.25937500e+00,2.48437500e+00,-4.06250000e-02,-2.73437500e-02
2.96632000e-06,1.34062500e+00,2.59687500e+00,-2.81250000e-02,-1.95312500e-02
2.96664000e-06,1.12187500e+00,2.58437500e+00,-4.75000000e-02,-3.35937500e-02
2.96696000e-06,1.13125000e+00,2.59687500e+00,-4.37500000e-03,-4.68750000e-02
2.96728000e-06,1.23125000e+00,2.48437500e+00,-8.75000000e-03,-1.17187500e-02
2.96760000e-06,1.32812500e+00,2.53437500e+00,3.12500000e-03,-1.79687500e-02
2.96792000e-06,1.35000000e+00,2.44687500e+00,-5.12500000e-02,-2.89062500e-02
2.96824000e-06,1.24375000e+00,2.49687500e+00,-1.93750000e-02,-6.09375000e-02
2.96856000e-06,1.13437500e+00,2.59687500e+00,-1.00000000e-02,-6.95312500e-02
2.96888000e-06,1.24687500e+00,2.43437500e+00,-4.37500000e-03,-7.50000000e-02
2.96920000e-06,1.23125000e+00,2.43437500e+00,5.62500000e-03,-7.50000000e-02
2.96952000e-06,1.18437500e+00,2.57187500e+00,-3.62500000e-02,-7.50000000e-02
2.96984000e-06,1.35625000e+00,2.47187500e+00,-2.62500000e-02,-1.16406250e-01
2.97016000e-06,1.36250000e+00,2.54687500e+00,-3.87500000e-02,-5.23437500e-02
2.97048000e-06,1.22187500e+00,2.52187500e+00,-4.50000000e-02,-3.98437500e-02
2.97080000e-06,1.28750000e+00,2.50937500e+00,-1.18750000e-02,-4.84375000e-02
2.97112000e-06,1.34062500e+00,2.55937500e+00,-3.25000000e-02,-3.28125000e-02
2.97144000e-06,1.30000000e+00,2.62187500e+00,-1.87500000e-02,-1.10937500e-01
2.97176000e-06,1.28750000e+00,2.43437500e+00,1.25000000e-03,-4.92187500e-02
2.97208000e-06,1.24687500e+00,2.50937500e+00,-2.00000000e-02,-5.15625000e-02
2.97240000e-06,1.28437500e+00,2.53437500e+00,-3.12500000e-02,-7.89062500e-02
2.97272000e-06,1.35312500e+00,2.55937500e+00,-2.75000000e-02,-7.57812500e-02
2.97304000e-06,1.24375000e+00,2.57187500e+00,1.25000000e-03,-9.53125000e-02
2.97336000e-06,1.23437500e+00,2.62187500e+00,-1.25000000e-03,-9.53125000e-02
2.97368000e-06,1.25625000e+00,2.39687500e+00,-1.68750000e-02,-8.28125000e-02
2.97400000e-06,1.20625000e+00,2.44687500e+00,-1.43750000e-02,-9.84375000e-02
2.97432000e-06,1.16875000e+00,2.42187500e+00,-1.93750000e-02,-7.96875000e-02
2.97464000e-06,1.09375000e+00,2.58437500e+00,-2.56250000e-02,-6.32812500e-02
2.97496000e-06,1.25937500e+00,2.39687500e+00,-1.43750000e-02,-1.21093750e-01
2.97528000e-06,1.32500000e+00,2.45937500e+00,-4.37500000e-03,-5.93750000e-02
2.97560000e-06,1.19375000e+00,2.50937500e+00,-9.37500000e-03,-1.56250000e-02
2.97592000e-06,1.35312500e+00,2.60937500e+00,-1.75000000e-02,-5.46875000e-02
2.97624000e-06,1.30312500e+00,2.38437500e+00,-3.37500000e-02,-1.56250000e-03
2.97656000e-06,1.37500000e+00,2.53437500e+00,-4.56250000e-02,-4.60937500e-02
2.97688000e-06,1.24687500e+00,2.52187500e+00,-2.75000000e-02,-1.03906250e-01
2.97720000e-06,1.20937500e+00,2.42187500e+00,-8.75000000e-03,-5.15625000e-02
2.97752000e-06,1.19375000e+00,2.49687500e+00,-2.18750000e-02,-7.03125000e-02
2.97784000e-06,1.14687500e+00,2.54687500e+00,-1.93750000e-02,-1.03125000e-01
2.97816000e-06,1.27187500e+00,2.53437500e+00,-1.87500000e-03,-8.82812500e-02
2.97848000e-06,1.33750000e+00,2.53437500e+00,1.56250000e-02,-9.06250000e-02
2.97880000e-06,1.21875000e+00,2.38437500e+00,1.56250000e-02,-9.68750000e-02
2.97912000e-06,1.10937500e+00,2.54687500e+00,-1.87500000e-03,-1.02343750e-01
2.97944000e-06,1.19375000e+00,2.45937500e+00,-1.93750000e-02,-8.43750000e-02
2.97976000e-06,1.32500000e+00,2.55937500e+00,-4.37500000e-02,-4.06250000e-02
2.98008000e-06,1.23125000e+00,2.39687500e+00,-2.81250000e-02,-3.90625000e-02
2.98040000e-06,1.23437500e+00,2.60937500e+00,-2.87500000e-02,7.03125000e-03
2.98072000e-06,1.32500000e+00,2.52187500e+00,-3.50000000e-02,5.62500000e-02
2.98104000e-06,1.20625000e+00,2.64687500e+00,3.12500000e-03,2.18750000e-02
2.98136000e-06,1.22187500e+00,2.43437500e+00,-1.68750000e-02,-5.39062500e-02
2.98168000e-06,1.16875000e+00,2.48437500e+00,-2.81250000e-02,-7.96875000e-02
2.98200000e-06,1.19375000e+00,2.57187500e+00,-3.06250000e-02,-8.51562500e-02
2.98232000e-06,1.18125000e+00,2.47187500e+00,-1.87500000e-02,-6.64062500e-02
2.98264000e-06,1.21875000e+00,2.47187500e+00,2.50000000e-03,-1.56250000e-02
2.98296000e-06,1.33750000e+00,2.52187500e+00,-3.12500000e-02,-6.87500000e-02
2.98328000e-06,1.15625000e+00,2.50937500e+00,-2.18750000e-02,-8.51562500e-02
2.98360000e-06,1.19375000e+00,2.54687500e+00,-2.50000000e-03,-2.42187500e-02
2.98392000e-06,1.25625000e+00,2.35937500e+00,6.25000000e-04,1.56250000e-02
2.98424000e-06,1.30312500e+00,2.55937500e+00,-2.25000000e-02,-6.17187500e-02
2.98456000e-06,1.32500000e+00,2.52187500e+00,-3.62500000e-02,-1.24218750e-01
2.98488000e-06,1.16875000e+00,2.50937500e+00,-1.37500000e-02,-1.95312500e-02
2.98520000e-06,1.30312500e+00,2.50937500e+00,-6.87500000e-03,7.81250000e-04
2.98552000e-06,1.28437500e+00,2.58437500e+00,-1.68750000e-02,-6.56250000e-02
2.98584000e-06,1.32500000e+00,2.45937500e+00,-4.37500000e-03,-6.25000000e-03
2.98616000e-06,1.34062500e+00,2.53437500e+00,-9.37500000e-03,-2.89062500e-02
2.98648000e-06,1.27187500e+00,2.49687500e+00,-9.37500000e-03,-7.50000000e-02
2.98680000e-06,1.11875000e+00,2.60937500e+00,-3.37500000e-02,-1.16406250e-01
2.98712000e-06,1.28437500e+00,2.55937500e+00,-6.87500000e-03,-8.51562500e-02
2.98744000e-06,1.14375000e+00,2.44687500e+00,2.50000000e-03,-2.42187500e-02
2.98776000e-06,1.24375000e+00,2.52187500e+00,-1.18750000e-02,-1.02343750e-01
2.98808000e-06,1.15625000e+00,2.55937500e+00,-1.68750000e-02,-1.41406250e-01
2.98840000e-06,1.22187500e+00,2.57187500e+00,-1.43750000e-02,-5.46875000e-02
2.98872000e-06,1.32812500e+00,2.54687500e+00,-1.00000000e-02,-1.01562500e-01
2.98904000e-06,1.24375000e+00,2.37187500e+00,-4.06250000e-02,-1.55468750e-01
2.98936000e-06,1.31562500e+00,2.50937500e+00,3.75000000e-03,-1.21093750e-01
2.98968000e-06,1.25000000e+00,2.44687500e+00,-1.43750000e-02,-1.24218750e-01
2.99000000e-06,1.31250000e+00,2.47187500e+00,-3.37500000e-02,-9.06250000e-02
2.99032000e-06,1.18125000e+00,2.59687500e+00,-1.37500000e-02,-8.98437500e-02
2.99064000e-06,1.20000000e+00,2.45937500e+00,-3.62500000e-02,-4.60937500e-02
2.99096000e-06,1.35312500e+00,2.53437500e+00,-4.06250000e-02,-7.34375000e-02
2.99128000e-06,1.31250000e+00,2.62187500e+00,-1.87500000e-03,-8.90625000e-02
2.99160000e-06,1.15937500e+00,2.45937500e+00,-3.06250000e-02,-8.43750000e-02
2.99192000e-06,1.34375000e+00,2.48437500e+00,-1.68750000e-02,-3.90625000e-02
2.99224000e-06,1.23125000e+00,2.48437500e+00,1.00000000e-02,-8.43750000e-02
2.99256000e-06,1.21875000e+00,2.64687500e+00,-1.00000000e-02,-7.18750000e-02
2.99288000e-06,1.28437500e+00,2.59687500e+00,-2.87500000e-02,-6.79687500e-02
2.99320000e-06,1.20625000e+00,2.50937500e+00,-8.75000000e-03,3.90625000e-03
2.99352000e-06,1.20625000e+00,2.55937500e+00,-1.75000000e-02,1.95312500e-02
2.99384000e-06,1.34062500e+00,2.63437500e+00,-4.62500000e-02,-3.28125000e-02
2.99416000e-06,1.31250000e+00,2.63437500e+00,-1.37500000e-02,-4.06250000e-02
2.99448000e-06,1.09375000e+00,2.50937500e+00,3.06250000e-02,-6.48437500e-02
2.99480000e-06,1.18750000e+00,2.45937500e+00,-1.00000000e-02,-1.44531250e-01
2.99512000e-06,1.36562500e+00,2.50937500e+00,-1.93750000e-02,-7.73437500e-02
2.99544000e-06,1.32500000e+00,2.38437500e+00,-1.25000000e-02,2.34375000e-03
2.99576000e-06,1.25000000e+00,2.59687500e+00,-5.12500000e-02,-1.87500000e-02
2.99608000e-06,1.37812500e+00,2.53437500e+00,-6.25000000e-03,-1.02343750e-01
2.99640000e-06,1.21875000e+00,2.52187500e+00,-7.50000000e-03,-9.53125000e-02
2.99672000e-06,1.22187500e+00,2.35937500e+00,-3.62500000e-02,-3.98437500e-02
2.99704000e-06,1.06875000e+00,2.45937500e+00,-4.06250000e-02,6.25000000e-03
2.99736000e-06,1.20937500e+00,2.54687500e+00,-2.12500000e-02,-4.84375000e-02
2.99768000e-06,1.34062500e+00,2.50937500e+00,-2.18750000e-02,-1.08593750e-01
2.99800000e-06,1.24375000e+00,2.33437500e+00,-2.50000000e-03,-9.60937500e-02
2.99832000e-06,1.25937500e+00,2.45937500e+00,-3.87500000e-02,-5.70312500e-02
2.99864000e-06,1.13437500e+00,2.63437500e+00,-3.25000000e-02,-3.59375000e-02
2.99896000e-06,1.19375000e+00,2.65937500e+00,-8.75000000e-03,-5.46875000e-02
2.99928000e-06,1.18125000e+00,2.57187500e+00,-2.12500000e-02,-3.90625000e-02
2.99960000e-06,1.18125000e+00,2.58437500e+00,-1.00000000e-02,-3.75000000e-02
2.99992000e-06,1.16875000e+00,2.52187500e+00,-3.12500000e-02,-1.08593750e-01
3.00024000e-06,1.19375000e+00,2.49687500e+00,-1.87500000e-02,-1.02343750e-01
3.00056000e-06,1.20625000e+00,2.38437500e+00,-1.43750000e-02,-3.90625000e-02
3.00088000e-06,1.09375000e+00,2.63437500e+00,-1.43750000e-02,-8.59375000e-02
3.00120000e-06,1.27187500e+00,2.62187500e+00,6.25000000e-04,-1.10156250e-01
3.00152000e-06,1.28125000e+00,2.57187500e+00,-2.18750000e-02,-7.26562500e-02
3.00184000e-06,1.23437500e+00,2.43437500e+00,-2.25000000e-02,-1.23437500e-01
3.00216000e-06,1.25937500e+00,2.55937500e+00,-2.00000000e-02,-1.50781250e-01
3.00248000e-06,1.25937500e+00,2.50937500e+00,-2.81250000e-02,-1.60156250e-01
3.00280000e-06,1.27187500e+00,2.39687500e+00,-4.31250000e-02,-6.25000000e-02
3.00312000e-06,1.27187500e+00,2.42187500e+00,-1.37500000e-02,-1.48437500e-02
3.00344000e-06,1.28437500e+00,2.73437500e+00,0.00000000e+00,-5.00000000e-02
3.00376000e-06,1.25625000e+00,2.59687500e+00,-2.25000000e-02,-1.42187500e-01
3.00408000e-06,1.23437500e+00,2.65937500e+00,-2.00000000e-02,-7.03125000e-02
3.00440000e-06,1.20625000e+00,2.52187500e+00,-4.87500000e-02,3.04687500e-02
3.00472000e-06,1.10625000e+00,2.53437500e+00,1.25000000e-03,6.40625000e-02
3.00504000e-06,1.09375000e+00,2.53437500e+00,-1.87500000e-03,2.50000000e-02
3.00536000e-06,1.24687500e+00,2.49687500e+00,-1.68750000e-02,1.32812500e-02
3.00568000e-06,1.30000000e+00,2.48437500e+00,6.25000000e-04,1.87500000e-02
3.00600000e-06,1.24375000e+00,2.64687500e+00,-2.56250000e-02,1.25000000e-02
3.00632000e-06,1.28437500e+00,2.45937500e+00,-2.62500000e-02,3.43750000e-02
3.00664000e-06,1.31250000e+00,2.55937500e+00,-2.62500000e-02,1.95312500e-02
3.00696000e-06,1.23125000e+00,2.50937500e+00,-3.87500000e-02,-3.98437500e-02
3.00728000e-06,1.28125000e+00,2.64687500e+00,-1.62500000e-02,-8.75000000e-02
3.00760000e-06,1.28437500e+00,2.60937500e+00,-2.00000000e-02,-8.75000000e-02
3.00792000e-06,1.18125000e+00,2.40937500e+00,-2.56250000e-02,-9.37500000e-02
3.00824000e-06,1.20625000e+00,2.52187500e+00,-1.62500000e-02,-8.12500000e-02
3.00856000e-06,1.23437500e+00,2.53437500e+00,-2.18750000e-02,-4.76562500e-02
3.00888000e-06,1.26875000e+00,2.50937500e+00,-4.37500000e-02,-3.12500000e-03
3.00920000e-06,1.19375000e+00,2.48437500e+00,-2.18750000e-02,-2.50000000e-02
3.00952000e-06,1.24687500e+00,2.53437500e+00,-3.87500000e-02,-3.75000000e-02
3.00984000e-06,1.31250000e+00,2.62187500e+00,-8.75000000e-03,-1.87500000e-02
3.01016000e-06,1.11875000e+00,2.57187500e+00,5.62500000e-03,-6.09375000e-02
3.01048000e-06,1.25937500e+00,2.64687500e+00,-3.62500000e-02,-1.01562500e-02
3.01080000e-06,1.24687500e+00,2.40937500e+00,-1.93750000e-02,3.04687500e-02
3.01112000e-06,1.33750000e+00,2.57187500e+00,-2.93750000e-02,2.50000000e-02
3.01144000e-06,1.21875000e+00,2.67187500e+00,-3.37500000e-02,-4.68750000e-02
3.01176000e-06,1.35625000e+00,2.39687500e+00,-1.68750000e-02,-1.03906250e-01
3.01208000e-06,1.31562500e+00,2.39687500e+00,-9.37500000e-03,-6.95312500e-02
3.01240000e-06,1.35000000e+00,2.49687500e+00,-1.93750000e-02,-5.07812500e-02
3.01272000e-06,1.17187500e+00,2.53437500e+00,-9.37500000e-03,-6.95312500e-02
3.01304000e-06,1.34062500e+00,2.58437500e+00,-1.18750000e-02,-6.71875000e-02
3.01336000e-06,1.14375000e+00,2.53437500e+00,-3.12500000e-02,-7.34375000e-02
3.01368000e-06,1.25937500e+00,2.42187500e+00,-1.43750000e-02,-2.81250000e-02
3.01400000e-06,1.40000000e+00,2.59687500e+00,-3.18750000e-02,-3.43750000e-02
3.01432000e-06,1.14375000e+00,2.54687500e+00,-4.87500000e-02,-9.06250000e-02
3.01464000e-06,1.18437500e+00,2.42187500e+00,-1.68750000e-02,-1.29687500e-01
3.01496000e-06,1.16875000e+00,2.68437500e+00,-4.62500000e-02,-1.61718750e-01
3.01528000e-06,1.22187500e+00,2.62187500e+00,-4.06250000e-02,-1.02343750e-01
3.01560000e-06,1.30000000e+00,2.64687500e+00,1.56250000e-02,-1.32812500e-02
3.01592000e-06,1.09375000e+00,2.55937500e+00,-1.25000000e-03,-2.57812500e-02
3.01624000e-06,1.22500000e+00,2.70937500e+00,-1.18750000e-02,-1.39062500e-01
3.01656000e-06,1.36562500e+00,2.53437500e+00,2.31250000e-02,-9.68750000e-02
3.01688000e-06,1.33750000e+00,2.50937500e+00,6.25000000e-04,-4.92187500e-02
3.01720000e-06,1.17187500e+00,2.43437500e+00,-1.18750000e-02,-8.35937500e-02
3.01752000e-06,1.17187500e+00,2.55937500e+00,-6.87500000e-03,-1.09375000e-01
3.01784000e-06,1.31562500e+00,2.55937500e+00,-2.18750000e-02,-8.35937500e-02
3.01816000e-06,1.32500000e+00,2.74687500e+00,6.25000000e-04,-8.28125000e-02
3.01848000e-06,1.23125000e+00,2.60937500e+00,-2.18750000e-02,-1.09375000e-02
3.01880000e-06,1.28750000e+00,2.45937500e+00,3.12500000e-03,-3.51562500e-02
3.01912000e-06,1.30000000e+00,2.47187500e+00,-3.62500000e-02,-1.34375000e-01
3.01944000e-06,1.03125000e+00,2.44687500e+00,-5.37500000e-02,-1.17187500e-01
3.01976000e-06,1.18437500e+00,2.45937500e+00,-4.62500000e-02,-4.53125000e-02
3.02008000e-06,1.21875000e+00,2.50937500e+00,-3.81250000e-02,-5.93750000e-02
3.02040000e-06,1.16875000e+00,2.45937500e+00,-1.12500000e-02,-1.17187500e-01
3.02072000e-06,1.25625000e+00,2.45937500e+00,-3.62500000e-02,-7.42187500e-02
3.02104000e-06,1.13125000e+00,2.54687500e+00,3.12500000e-03,-6.95312500e-02
3.02136000e-06,1.30312500e+00,2.57187500e+00,7.50000000e-03,-1.64062500e-02
3.02168000e-06,1.28125000e+00,2.44687500e+00,-2.62500000e-02,-2.89062500e-02
3.02200000e-06,1.24375000e+00,2.44687500e+00,-2.18750000e-02,-8.20312500e-02
3.02232000e-06,1.27187500e+00,2.52187500e+00,-1.81250000e-02,-1.02343750e-01
3.02264000e-06,1.21875000e+00,2.59687500e+00,-3.37500000e-02,-6.25000000e-02
3.02296000e-06,1.19375000e+00,2.53437500e+00,-3.00000000e-02,-3.67187500e-02
3.02328000e-06,1.15625000e+00,2.57187500e+00,-1.62500000e-02,-3.28125000e-02
3.02360000e-06,1.26875000e+00,2.49687500e+00,6.25000000e-03,-1.32812500e-02
3.02392000e-06,1.23125000e+00,2.47187500e+00,-2.25000000e-02,-3.51562500e-02
3.02424000e-06,1.35312500e+00,2.49687500e+00,-2.87500000e-02,-1.33593750e-01
3.02456000e-06,1.25937500e+00,2.53437500e+00,-8.75000000e-03,-9.53125000e-02
3.02488000e-06,1.28125000e+00,2.55937500e+00,-6.87500000e-03,-6.56250000e-02
3.02520000e-06,1.20937500e+00,2.47187500e+00,6.25000000e-04,-6.09375000e-02
3.02552000e-06,1.08437500e+00,2.50937500e+00,5.62500000e-03,-6.32812500e-02
3.02584000e-06,1.23125000e+00,2.52187500e+00,-2.62500000e-02,-4.53125000e-02
3.02616000e-06,1.32812500e+00,2.48437500e+00,-3.31250000e-02,-2.81250000e-02
3.02648000e-06,1.20625000e+00,2.67187500e+00,6.25000000e-04,1.56250000e-03
3.02680000e-06,1.25937500e+00,2.52187500e+00,-1.37500000e-02,-1.17187500e-02
3.02712000e-06,1.34375000e+00,2.62187500e+00,-1.43750000e-02,-3.82812500e-02
3.02744000e-06,1.32500000e+00,2.43437500e+00,1.06250000e-02,-8.12500000e-02
3.02776000e-06,1.22187500e+00,2.40937500e+00,1.81250000e-02,-2.57812500e-02
3.02808000e-06,1.23750000e+00,2.53437500e+00,-7.50000000e-03,-2.89062500e-02
3.02840000e-06,1.34062500e+00,2.74687500e+00,-4.37500000e-02,-1.23437500e-01
3.02872000e-06,1.31250000e+00,2.57187500e+00,-3.06250000e-02,-1.55468750e-01
3.02904000e-06,1.15937500e+00,2.50937500e+00,-1.62500000e-02,-9.29687500e-02
3.02936000e-06,1.35312500e+00,2.50937500e+00,-1.00000000e-02,-7.10937500e-02
3.02968000e-06,1.20625000e+00,2.58437500e+00,-4.12500000e-02,-5.78125000e-02
3.03000000e-06,1.23437500e+00,2.50937500e+00,-4.31250000e-02,-3.12500000e-02
3.03032000e-06,1.31250000e+00,2.60937500e+00,-8.75000000e-03,-1.49218750e-01
3.03064000e-06,1.25937500e+00,2.39687500e+00,-2.50000000e-03,-1.03125000e-01
3.03096000e-06,1.33125000e+00,2.50937500e+00,-2.81250000e-02,6.79687500e-02
3.03128000e-06,1.31250000e+00,2.45937500e+00,-2.81250000e-02,1.11718750e-01
3.03160000e-06,1.13437500e+00,2.62187500e+00,-3.00000000e-02,-5.46875000e-03
3.03192000e-06,1.27187500e+00,2.52187500e+00,1.31250000e-02,-4.60937500e-02
3.03224000e-06,1.30000000e+00,2.48437500e+00,-2.81250000e-02,-3.90625000e-02
3.03256000e-06,1.28437500e+00,2.52187500e+00,-2.62500000e-02,-8.12500000e-02
3.03288000e-06,1.35000000e+00,2.48437500e+00,-4.37500000e-02,-5.54687500e-02
3.03320000e-06,1.18125000e+00,2.62187500e+00,-6.25000000e-03,-1.17187500e-02
3.03352000e-06,1.23750000e+00,2.50937500e+00,-4.12500000e-02,3.98437500e-02
3.03384000e-06,1.35312500e+00,2.29687500e+00,-4.37500000e-03,4.45312500e-02
3.03416000e-06,1.26875000e+00,2.55937500e+00,-2.31250000e-02,-1.40625000e-02
3.03448000e-06,1.13437500e+00,2.60937500e+00,-3.56250000e-02,2.10937500e-02
3.03480000e-06,1.21250000e+00,2.59687500e+00,1.25000000e-03,4.14062500e-02
3.03512000e-06,1.24375000e+00,2.43437500e+00,-2.81250000e-02,-3.90625000e-02
3.03544000e-06,1.15625000e+00,2.53437500e+00,-3.81250000e-02,-7.65625000e-02
3.03576000e-06,1.18437500e+00,2.42187500e+00,-6.87500000e-03,3.12500000e-03
3.03608000e-06,1.22187500e+00,2.53437500e+00,-8.75000000e-03,-4.29687500e-02
3.03640000e-06,1.33750000e+00,2.49687500e+00,-6.87500000e-03,-1.64843750e-01
3.03672000e-06,1.28437500e+00,2.55937500e+00,-4.37500000e-03,-1.38281250e-01
3.03704000e-06,1.38125000e+00,2.49687500e+00,-1.18750000e-02,-6.87500000e-02
3.03736000e-06,1.35312500e+00,2.57187500e+00,-1.87500000e-03,-9.68750000e-02
3.03768000e-06,1.27187500e+00,2.58437500e+00,-1.00000000e-02,-7.10937500e-02
3.03800000e-06,1.27187500e+00,2.57187500e+00,-2.87500000e-02,-8.90625000e-02
3.03832000e-06,1.23437500e+00,2.49687500e+00,-4.31250000e-02,-8.43750000e-02
3.03864000e-06,1.24687500e+00,2.63437500e+00,-2.75000000e-02,-6.40625000e-02
3.03896000e-06,1.35000000e+00,2.40937500e+00,-2.81250000e-02,2.18750000e-02
3.03928000e-06,1.10625000e+00,2.55937500e+00,-1.43750000e-02,-1.01562500e-02
3.03960000e-06,1.28750000e+00,2.57187500e+00,-5.93750000e-02,-3.59375000e-02
3.03992000e-06,1.31250000e+00,2.48437500e+00,-3.75000000e-03,-6.17187500e-02
3.04024000e-06,1.25937500e+00,2.38437500e+00,-2.62500000e-02,-1.88281250e-01
3.04056000e-06,1.32812500e+00,2.42187500e+00,-3.37500000e-02,-1.21875000e-01
3.04088000e-06,1.18125000e+00,2.48437500e+00,-2.81250000e-02,-1.11718750e-01
3.04120000e-06,1.12187500e+00,2.62187500e+00,1.25000000e-03,-1.16406250e-01
3.04152000e-06,1.18125000e+00,2.50937500e+00,-1.37500000e-02,1.17187500e-02
3.04184000e-06,1.11875000e+00,2.57187500e+00,1.31250000e-02,8.59375000e-03
3.04216000e-06,1.24687500e+00,2.57187500e+00,-1.43750000e-02,-7.96875000e-02
3.04248000e-06,1.46562500e+00,2.57187500e+00,-1.68750000e-02,-9.76562500e-02
3.04280000e-06,1.20625000e+00,2.40937500e+00,-1.93750000e-02,-7.26562500e-02
3.04312000e-06,1.26250000e+00,2.52187500e+00,-1.43750000e-02,-8.43750000e-02
3.04344000e-06,1.34062500e+00,2.47187500e+00,-2.18750000e-02,-1.46093750e-01
3.04376000e-06,1.11875000e+00,2.64687500e+00,-2.25000000e-02,-1.92187500e-01
3.04408000e-06,1.33125000e+00,2.52187500e+00,-1.93750000e-02,-1.47656250e-01
3.04440000e-06,1.23125000e+00,2.58437500e+00,-2.00000000e-02,-3.28125000e-02
3.04472000e-06,1.21875000e+00,2.50937500e+00,-3.31250000e-02,-7.57812500e-02
3.04504000e-06,1.31562500e+00,2.44687500e+00,1.87500000e-02,-1.20312500e-01
3.04536000e-06,1.20625000e+00,2.45937500e+00,-8.75000000e-03,-1.07031250e-01
3.04568000e-06,1.31250000e+00,2.57187500e+00,-3.37500000e-02,-7.96875000e-02
3.04600000e-06,1.14375000e+00,2.58437500e+00,-1.18750000e-02,-1.32812500e-02
3.04632000e-06,1.26875000e+00,2.53437500e+00,2.50000000e-03,-6.25000000e-02
3.04664000e-06,1.20625000e+00,2.42187500e+00,-3.62500000e-02,-1.07812500e-01
3.04696000e-06,1.28437500e+00,2.58437500e+00,-9.37500000e-03,-8.12500000e-02
3.04728000e-06,1.33750000e+00,2.45937500e+00,-2.68750000e-02,0.00000000e+00
3.04760000e-06,1.24375000e+00,2.43437500e+00,-1.68750000e-02,-6.95312500e-02
3.04792000e-06,1.30312500e+00,2.49687500e+00,-1.50000000e-02,-1.37500000e-01
3.04824000e-06,1.20625000e+00,2.58437500e+00,3.12500000e-03,-3.12500000e-02
3.04856000e-06,1.21875000e+00,2.39687500e+00,-1.43750000e-02,6.40625000e-02
3.04888000e-06,1.13125000e+00,2.84687500e+00,-1.93750000e-02,4.84375000e-02
3.04920000e-06,1.27187500e+00,2.59687500e+00,5.62500000e-03,-1.79687500e-02
3.04952000e-06,1.26875000e+00,2.65937500e+00,-3.62500000e-02,-6.25000000e-03
3.04984000e-06,1.37812500e+00,2.59687500e+00,-1.93750000e-02,-2.81250000e-02
3.05016000e-06,1.25937500e+00,2.47187500e+00,2.50000000e-03,-6.95312500e-02
3.05048000e-06,1.19375000e+00,2.42187500e+00,-1.68750000e-02,-8.04687500e-02
3.05080000e-06,1.25937500e+00,2.52187500e+00,5.62500000e-03,-2.10937500e-02
3.05112000e-06,1.16875000e+00,2.48437500e+00,-1.18750000e-02,-1.95312500e-02
3.05144000e-06,1.19375000e+00,2.53437500e+00,8.12500000e-03,-6.25000000e-03
3.05176000e-06,1.25625000e+00,2.55937500e+00,-6.87500000e-03,1.87500000e-02
3.05208000e-06,1.15625000e+00,2.63437500e+00,-9.37500000e-03,3.82812500e-02
3.05240000e-06,1.31562500e+00,2.54687500e+00,-3.87500000e-02,8.59375000e-03
3.05272000e-06,1.34062500e+00,2.49687500e+00,-2.56250000e-02,2.03125000e-02
3.05304000e-06,1.39062500e+00,2.52187500e+00,5.62500000e-03,-5.46875000e-03
3.05336000e-06,1.25000000e+00,2.52187500e+00,-1.37500000e-02,-4.29687500e-02
3.05368000e-06,1.38125000e+00,2.53437500e+00,-6.87500000e-03,-1.32812500e-02
3.05400000e-06,1.20937500e+00,2.34687500e+00,-1.18750000e-02,7.81250000e-03
3.05432000e-06,1.31875000e+00,2.48437500e+00,-9.37500000e-03,-2.10937500e-02
3.05464000e-06,1.30312500e+00,2.68437500e+00,-7.50000000e-03,-4.60937500e-02
3.05496000e-06,1.21875000e+00,2.65937500e+00,-4.31250000e-02,-3.90625000e-02
3.05528000e-06,1.12187500e+00,2.58437500e+00,-6.25000000e-03,1.95312500e-02
3.05560000e-06,1.14687500e+00,2.43437500e+00,6.25000000e-03,5.39062500e-02
3.05592000e-06,1.42812500e+00,2.48437500e+00,0.00000000e+00,-3.12500000e-02
3.05624000e-06,1.15625000e+00,2.53437500e+00,-3.87500000e-02,-5.07812500e-02
3.05656000e-06,1.23437500e+00,2.58437500e+00,-4.06250000e-02,-7.34375000e-02
3.05688000e-06,1.20937500e+00,2.42187500e+00,-3.75000000e-03,-9.53125000e-02
3.05720000e-06,1.26875000e+00,2.55937500e+00,-1.50000000e-02,-3.35937500e-02
3.05752000e-06,1.18125000e+00,2.50937500e+00,-3.87500000e-02,3.04687500e-02
3.05784000e-06,1.25937500e+00,2.62187500e+00,-6.25000000e-03,-4.68750000e-03
3.05816000e-06,1.26875000e+00,2.63437500e+00,-3.37500000e-02,-2.81250000e-02
3.05848000e-06,1.26875000e+00,2.47187500e+00,-1.68750000e-02,-5.70312500e-02
3.05880000e-06,1.23437500e+00,2.49687500e+00,-1.31250000e-02,-6.32812500e-02
3.05912000e-06,1.21875000e+00,2.54687500e+00,-6.75000000e-02,-3.90625000e-02
3.05944000e-06,1.26875000e+00,2.40937500e+00,-3.75000000e-03,4.68750000e-03
3.05976000e-06,1.25937500e+00,2.67187500e+00,-2.62500000e-02,-4.92187500e-02
3.06008000e-06,1.34062500e+00,2.47187500e+00,-4.81250000e-02,-1.09375000e-02
3.06040000e-06,1.39062500e+00,2.63437500e+00,-1.75000000e-02,-1.95312500e-02
3.06072000e-06,1.32812500e+00,2.52187500e+00,-4.00000000e-02,-2.34375000e-02
3.06104000e-06,1.23437500e+00,2.64687500e+00,-1.18750000e-02,-7.73437500e-02
3.06136000e-06,1.15937500e+00,2.49687500e+00,-4.56250000e-02,-4.14062500e-02
3.06168000e-06,1.21875000e+00,2.70937500e+00,-1.68750000e-02,-1.64062500e-02
3.06200000e-06,1.23125000e+00,2.48437500e+00,-2.81250000e-02,-3.20312500e-02
3.06232000e-06,1.21875000e+00,2.57187500e+00,-1.25000000e-03,2.73437500e-02
3.06264000e-06,1.31562500e+00,2.60937500e+00,-2.75000000e-02,8.04687500e-02
3.06296000e-06,1.26875000e+00,2.57187500e+00,-2.00000000e-02,-4.68750000e-03
3.06328000e-06,1.31562500e+00,2.35937500e+00,-6.12500000e-02,-6.32812500e-02
3.06360000e-06,1.31562500e+00,2.54687500e+00,-2.12500000e-02,-8.20312500e-02
3.06392000e-06,1.13125000e+00,2.59687500e+00,-3.62500000e-02,-8.12500000e-02
3.06424000e-06,1.19687500e+00,2.48437500e+00,-2.00000000e-02,-6.95312500e-02
3.06456000e-06,1.34062500e+00,2.52187500e+00,-2.25000000e-02,-4.45312500e-02
3.06488000e-06,1.26875000e+00,2.59687500e+00,5.62500000e-03,-1.01562500e-02
3.06520000e-06,1.16875000e+00,2.47187500e+00,-3.12500000e-02,-1.56250000e-02
3.06552000e-06,1.28750000e+00,2.59687500e+00,-4.37500000e-03,-9.06250000e-02
3.06584000e-06,1.28125000e+00,2.38437500e+00,-5.00000000e-03,-1.28906250e-01
3.06616000e-06,1.23437500e+00,2.55937500e+00,-2.25000000e-02,-1.40625000e-01
3.06648000e-06,1.35625000e+00,2.52187500e+00,-5.37500000e-02,-2.73437500e-02
3.06680000e-06,1.13125000e+00,2.58437500e+00,-2.81250000e-02,-3.35937500e-02
3.06712000e-06,1.17187500e+00,2.54687500e+00,-2.50000000e-02,-5.00000000e-02
3.06744000e-06,1.17187500e+00,2.67187500e+00,-8.75000000e-03,-3.59375000e-02
3.06776000e-06,1.18125000e+00,2.45937500e+00,-3.00000000e-02,-7.57812500e-02
3.06808000e-06,1.16875000e+00,2.64687500e+00,6.25000000e-04,-1.22656250e-01
3.06840000e-06,1.34062500e+00,2.34687500e+00,6.25000000e-04,-1.49218750e-01
3.06872000e-06,1.28125000e+00,2.49687500e+00,-3.62500000e-02,-5.00000000e-02
3.06904000e-06,1.20625000e+00,2.45937500e+00,-3.62500000e-02,7.03125000e-03
3.06936000e-06,1.31875000e+00,2.64687500e+00,-3.81250000e-02,-2.03125000e-02
3.06968000e-06,1.30000000e+00,2.47187500e+00,-1.25000000e-03,-7.34375000e-02
3.07000000e-06,1.21875000e+00,2.62187500e+00,-1.62500000e-02,-6.32812500e-02
3.07032000e-06,1.17187500e+00,2.58437500e+00,-3.87500000e-02,-4.76562500e-02
3.07064000e-06,1.31562500e+00,2.52187500e+00,-1.18750000e-02,-4.37500000e-02
3.07096000e-06,1.25625000e+00,2.58437500e+00,-2.68750000e-02,-1.03125000e-01
3.07128000e-06,1.31250000e+00,2.57187500e+00,-1.18750000e-02,-1.05468750e-01
3.07160000e-06,1.09687500e+00,2.44687500e+00,7.50000000e-03,-5.46875000e-02
3.07192000e-06,1.19375000e+00,2.64687500e+00,8.12500000e-03,-1.21875000e-01
3.07224000e-06,1.19375000e+00,2.55937500e+00,-1.18750000e-02,-7.34375000e-02
3.07256000e-06,1.31562500e+00,2.54687500e+00,-1.18750000e-02,1.09375000e-02
3.07288000e-06,1.30000000e+00,2.53437500e+00,-1.68750000e-02,-2.73437500e-02
3.07320000e-06,1.31250000e+00,2.55937500e+00,-1.68750000e-02,-8.98437500e-02
3.07352000e-06,1.18437500e+00,2.55937500e+00,-2.18750000e-02,-7.03125000e-02
3.07384000e-06,1.26875000e+00,2.60937500e+00,-1.68750000e-02,-4.68750000e-02
3.07416000e-06,1.21875000e+00,2.50937500e+00,-2.87500000e-02,-4.68750000e-03
3.07448000e-06,1.24375000e+00,2.60937500e+00,-2.87500000e-02,-3.75000000e-02
3.07480000e-06,1.30000000e+00,2.43437500e+00,-3.06250000e-02,-7.81250000e-02
3.07512000e-06,1.21875000e+00,2.55937500e+00,-1.12500000e-02,-6.64062500e-02
3.07544000e-06,1.10625000e+00,2.34687500e+00,-1.62500000e-02,-7.26562500e-02
3.07576000e-06,1.26875000e+00,2.47187500e+00,-2.87500000e-02,-5.15625000e-02
3.07608000e-06,1.21875000e+00,2.49687500e+00,-3.56250000e-02,-2.65625000e-02
3.07640000e-06,1.23437500e+00,2.52187500e+00,-4.18750000e-02,-2.42187500e-02
3.07672000e-06,1.44062500e+00,2.45937500e+00,-5.56250000e-02,-1.87500000e-02
3.07704000e-06,1.20625000e+00,2.55937500e+00,-1.43750000e-02,-2.42187500e-02
3.07736000e-06,1.23437500e+00,2.52187500e+00,-1.31250000e-02,-7.73437500e-02
3.07768000e-06,1.31875000e+00,2.55937500e+00,-3.31250000e-02,-9.53125000e-02
3.07800000e-06,1.30312500e+00,2.53437500e+00,-8.75000000e-03,-1.19531250e-01
3.07832000e-06,1.26875000e+00,2.60937500e+00,-1.93750000e-02,-2.21875000e-01
3.07864000e-06,1.19687500e+00,2.54687500e+00,-1.43750000e-02,-1.86718750e-01
3.07896000e-06,1.23437500e+00,2.50937500e+00,-1.18750000e-02,-8.51562500e-02
3.07928000e-06,1.18125000e+00,2.42187500e+00,-1.68750000e-02,-6.79687500e-02
3.07960000e-06,1.30312500e+00,2.57187500e+00,-1.68750000e-02,-8.98437500e-02
3.07992000e-06,1.30312500e+00,2.50937500e+00,-1.68750000e-02,-8.75000000e-02
3.08024000e-06,1.30000000e+00,2.69687500e+00,-4.62500000e-02,-1.15625000e-01
3.08056000e-06,1.18437500e+00,2.48437500e+00,-1.18750000e-02,-1.13281250e-01
3.08088000e-06,1.30625000e+00,2.53437500e+00,-4.75000000e-02,-8.90625000e-02
3.08120000e-06,1.28125000e+00,2.50937500e+00,-6.75000000e-02,7.03125000e-03
3.08152000e-06,1.28437500e+00,2.53437500e+00,6.25000000e-04,-6.48437500e-02
3.08184000e-06,1.20937500e+00,2.57187500e+00,-1.06250000e-02,-4.53125000e-02
3.08216000e-06,1.09375000e+00,2.63437500e+00,-3.87500000e-02,-2.42187500e-02
3.08248000e-06,1.22187500e+00,2.59687500e+00,-5.31250000e-02,-1.10937500e-01
3.08280000e-06,1.33750000e+00,2.50937500e+00,-3.25000000e-02,-6.01562500e-02
3.08312000e-06,1.21875000e+00,2.62187500e+00,-1.43750000e-02,-2.34375000e-02
3.08344000e-06,1.20625000e+00,2.55937500e+00,-3.81250000e-02,-1.53125000e-01
3.08376000e-06,1.35000000e+00,2.47187500e+00,-3.81250000e-02,-1.32812500e-01
3.08408000e-06,1.15625000e+00,2.54687500e+00,-3.56250000e-02,3.43750000e-02
3.08440000e-06,1.25937500e+00,2.42187500e+00,-2.12500000e-02,-1.01562500e-02
3.08472000e-06,1.32812500e+00,2.52187500e+00,6.25000000e-04,-7.81250000e-03
3.08504000e-06,1.24375000e+00,2.39687500e+00,-1.18750000e-02,-1.64062500e-02
3.08536000e-06,1.19687500e+00,2.63437500e+00,-2.00000000e-02,-7.26562500e-02
3.08568000e-06,1.28437500e+00,2.67187500e+00,-4.12500000e-02,-7.26562500e-02
3.08600000e-06,1.20625000e+00,2.57187500e+00,-4.06250000e-02,-6.48437500e-02
3.08632000e-06,1.25625000e+00,2.49687500e+00,-2.75000000e-02,-2.65625000e-02
3.08664000e-06,1.21875000e+00,2.65937500e+00,-2.75000000e-02,-6.09375000e-02
3.08696000e-06,1.20625000e+00,2.49687500e+00,3.75000000e-03,-1.13281250e-01
3.08728000e-06,1.10625000e+00,2.47187500e+00,3.12500000e-03,-1.16406250e-01
3.08760000e-06,1.28437500e+00,2.57187500e+00,-1.50000000e-02,-3.28125000e-02
3.08792000e-06,1.23125000e+00,2.48437500e+00,-4.37500000e-02,-6.40625000e-02
3.08824000e-06,1.05625000e+00,2.53437500e+00,-3.81250000e-02,-5.23437500e-02
3.08856000e-06,1.25937500e+00,2.58437500e+00,-1.12500000e-02,-5.46875000e-02
3.08888000e-06,1.23125000e+00,2.50937500e+00,-1.87500000e-03,-4.37500000e-02
3.08920000e-06,1.32812500e+00,2.57187500e+00,-2.87500000e-02,-8.82812500e-02
3.08952000e-06,1.37812500e+00,2.50937500e+00,-4.31250000e-02,-1.89843750e-01
3.08984000e-06,1.35312500e+00,2.58437500e+00,-2.87500000e-02,-1.19531250e-01
3.09016000e-06,1.34062500e+00,2.54687500e+00,-1.37500000e-02,9.37500000e-03
3.09048000e-06,1.22187500e+00,2.57187500e+00,-8.12500000e-03,-5.85937500e-02
3.09080000e-06,1.17187500e+00,2.47187500e+00,-2.18750000e-02,-5.54687500e-02
3.09112000e-06,1.32812500e+00,2.44687500e+00,-1.87500000e-03,-4.92187500e-02
3.09144000e-06,1.28125000e+00,2.55937500e+00,-2.00000000e-02,-6.25000000e-02
3.09176000e-06,1.10625000e+00,2.62187500e+00,-3.06250000e-02,-8.43750000e-02
3.09208000e-06,1.28750000e+00,2.50937500e+00,-1.37500000e-02,-6.17187500e-02
3.09240000e-06,1.38750000e+00,2.48437500e+00,-1.87500000e-02,5.15625000e-02
3.09272000e-06,1.18125000e+00,2.45937500e+00,-2.62500000e-02,8.98437500e-02
3.09304000e-06,1.20000000e+00,2.58437500e+00,-4.06250000e-02,2.81250000e-02
3.09336000e-06,1.33750000e+00,2.45937500e+00,-3.87500000e-02,-2.65625000e-02
3.09368000e-06,1.27187500e+00,2.52187500e+00,-8.75000000e-03,-5.46875000e-03
3.09400000e-06,1.32812500e+00,2.57187500e+00,-2.93750000e-02,-5.46875000e-02
3.09432000e-06,1.20625000e+00,2.55937500e+00,-2.56250000e-02,-8.59375000e-02
3.09464000e-06,1.34375000e+00,2.44687500e+00,1.06250000e-02,-9.29687500e-02
3.09496000e-06,1.23125000e+00,2.50937500e+00,-1.43750000e-02,-9.60937500e-02
3.09528000e-06,1.25625000e+00,2.53437500e+00,-2.18750000e-02,-8.04687500e-02
3.09560000e-06,1.27187500e+00,2.58437500e+00,-1.87500000e-03,-4.06250000e-02
3.09592000e-06,1.25937500e+00,2.62187500e+00,-1.93750000e-02,-6.09375000e-02
3.09624000e-06,1.37812500e+00,2.63437500e+00,1.56250000e-02,-1.00000000e-01
3.09656000e-06,1.23125000e+00,2.37187500e+00,-1.68750000e-02,-1.71875000e-02
3.09688000e-06,1.33125000e+00,2.62187500e+00,-2.25000000e-02,-3.51562500e-02
3.09720000e-06,1.26250000e+00,2.54687500e+00,-4.87500000e-02,-6.25000000e-02
3.09752000e-06,1.26875000e+00,2.59687500e+00,-3.50000000e-02,-7.50000000e-02
3.09784000e-06,1.22187500e+00,2.48437500e+00,-1.37500000e-02,-1.37500000e-01
3.09816000e-06,1.15937500e+00,2.60937500e+00,-1.93750000e-02,-6.25000000e-02
3.09848000e-06,1.37812500e+00,2.63437500e+00,-3.37500000e-02,-4.45312500e-02
3.09880000e-06,1.25625000e+00,2.53437500e+00,-3.56250000e-02,-6.17187500e-02
3.09912000e-06,1.15625000e+00,2.50937500e+00,-8.75000000e-03,-1.80468750e-01
3.09944000e-06,1.35625000e+00,2.59687500e+00,3.12500000e-03,-1.50781250e-01
3.09976000e-06,1.23125000e+00,2.55937500e+00,-9.37500000e-03,-5.62500000e-02
3.10008000e-06,1.34062500e+00,2.53437500e+00,-2.00000000e-02,-2.96875000e-02
3.10040000e-06,1.23437500e+00,2.52187500e+00,-9.37500000e-03,-3.90625000e-02
3.10072000e-06,1.18125000e+00,2.60937500e+00,-1.93750000e-02,-7.50000000e-02
3.10104000e-06,1.28437500e+00,2.65937500e+00,6.25000000e-04,-4.84375000e-02
3.10136000e-06,1.13125000e+00,2.48437500e+00,-3.62500000e-02,4.68750000e-02
3.10168000e-06,1.22187500e+00,2.37187500e+00,-2.56250000e-02,4.21875000e-02
3.10200000e-06,1.32500000e+00,2.57187500e+00,-1.93750000e-02,-3.90625000e-02
3.10232000e-06,1.21875000e+00,2.47187500e+00,-2.18750000e-02,-5.31250000e-02
3.10264000e-06,1.13437500e+00,2.55937500e+00,-1.18750000e-02,-3.35937500e-02
3.10296000e-06,1.26875000e+00,2.50937500e+00,1.31250000e-02,-1.17187500e-02
3.10328000e-06,1.20625000e+00,2.53437500e+00,-2.18750000e-02,-8.04687500e-02
3.10360000e-06,1.19375000e+00,2.60937500e+00,-2.56250000e-02,-5.78125000e-02
3.10392000e-06,1.34062500e+00,2.67187500e+00,-1.18750000e-02,-1.25000000e-02
3.10424000e-06,1.36250000e+00,2.55937500e+00,-1.68750000e-02,-1.10156250e-01
3.10456000e-06,1.20625000e+00,2.65937500e+00,5.62500000e-03,-7.73437500e-02
3.10488000e-06,1.28437500e+00,2.53437500e+00,-3.37500000e-02,-5.07812500e-02
3.10520000e-06,1.16875000e+00,2.53437500e+00,-2.18750000e-02,-8.90625000e-02
3.10552000e-06,1.14375000e+00,2.48437500e+00,-5.00000000e-03,-9.45312500e-02
3.10584000e-06,1.23125000e+00,2.60937500e+00,-6.87500000e-03,-1.31250000e-01
3.10616000e-06,1.19375000e+00,2.63437500e+00,-3.12500000e-02,-1.13281250e-01
3.10648000e-06,1.21875000e+00,2.52187500e+00,-2.00000000e-02,-7.73437500e-02
3.10680000e-06,1.30312500e+00,2.38437500e+00,-2.68750000e-02,-8.98437500e-02
3.10712000e-06,1.37500000e+00,2.49687500e+00,-3.81250000e-02,-2.05468750e-01
3.10744000e-06,1.19375000e+00,2.55937500e+00,-3.31250000e-02,-2.10937500e-01
3.10776000e-06,1.18437500e+00,2.62187500e+00,-4.56250000e-02,-8.67187500e-02
3.10808000e-06,1.14375000e+00,2.54687500e+00,-1.62500000e-02,-1.02343750e-01
3.10840000e-06,1.24687500e+00,2.53437500e+00,-1.50000000e-02,-1.02343750e-01
3.10872000e-06,1.31250000e+00,2.53437500e+00,-2.87500000e-02,-2.26562500e-02
3.10904000e-06,1.25625000e+00,2.73437500e+00,-3.06250000e-02,2.42187500e-02
3.10936000e-06,1.18437500e+00,2.35937500e+00,-1.12500000e-02,-9.37500000e-03
3.10968000e-06,1.20937500e+00,2.54687500e+00,1.06250000e-02,2.18750000e-02
3.11000000e-06,1.26875000e+00,2.62187500e+00,-2.18750000e-02,3.90625000e-03
3.11032000e-06,1.11875000e+00,2.59687500e+00,1.81250000e-02,-8.98437500e-02
3.11064000e-06,1.28750000e+00,2.53437500e+00,-2.25000000e-02,-7.50000000e-02
3.11096000e-06,1.26875000e+00,2.40937500e+00,-1.18750000e-02,-1.12500000e-01
3.11128000e-06,1.31562500e+00,2.48437500e+00,-3.37500000e-02,-1.12500000e-01
3.11160000e-06,1.31562500e+00,2.60937500e+00,-1.93750000e-02,-7.26562500e-02
3.11192000e-06,1.16875000e+00,2.49687500e+00,-5.00000000e-03,-9.14062500e-02
3.11224000e-06,1.36875000e+00,2.57187500e+00,-2.62500000e-02,-9.21875000e-02
3.11256000e-06,1.25625000e+00,2.40937500e+00,-2.56250000e-02,-3.12500000e-02
3.11288000e-06,1.08125000e+00,2.55937500e+00,-1.25000000e-02,-4.53125000e-02
3.11320000e-06,1.20937500e+00,2.52187500e+00,-1.37500000e-02,-5.46875000e-02
3.11352000e-06,1.23125000e+00,2.70937500e+00,-2.18750000e-02,-3.59375000e-02
3.11384000e-06,1.18125000e+00,2.47187500e+00,1.56250000e-02,-1.25781250e-01
3.11416000e-06,1.25625000e+00,2.60937500e+00,3.12500000e-03,-1.45312500e-01
3.11448000e-06,1.20625000e+00,2.58437500e+00,-3.06250000e-02,-9.60937500e-02
3.11480000e-06,1.21875000e+00,2.62187500e+00,-2.62500000e-02,-5.23437500e-02
3.11512000e-06,1.25937500e+00,2.49687500e+00,-3.37500000e-02,-4.68750000e-02
3.11544000e-06,1.23125000e+00,2.55937500e+00,-2.81250000e-02,-1.56250000e-02
3.11576000e-06,1.23125000e+00,2.49687500e+00,1.25000000e-03,1.48437500e-02
3.11608000e-06,1.20937500e+00,2.59687500e+00,-3.56250000e-02,-4.14062500e-02
3.11640000e-06,1.26875000e+00,2.47187500e+00,-4.87500000e-02,-8.59375000e-03
3.11672000e-06,1.25625000e+00,2.49687500e+00,-1.43750000e-02,-3.98437500e-02
3.11704000e-06,1.25937500e+00,2.57187500e+00,-2.18750000e-02,-7.89062500e-02
3.11736000e-06,1.46562500e+00,2.54687500e+00,-1.43750000e-02,-3.67187500e-02
3.11768000e-06,1.18125000e+00,2.49687500e+00,-1.68750000e-02,-4.37500000e-02
3.11800000e-06,1.24687500e+00,2.54687500e+00,-3.12500000e-02,-6.32812500e-02
3.11832000e-06,1.18437500e+00,2.45937500e+00,-3.87500000e-02,-3.43750000e-02
3.11864000e-06,1.19375000e+00,2.62187500e+00,-3.31250000e-02,2.03125000e-02
3.11896000e-06,1.30000000e+00,2.58437500e+00,-1.12500000e-02,-2.26562500e-02
3.11928000e-06,1.31562500e+00,2.47187500e+00,-2.81250000e-02,5.46875000e-03
3.11960000e-06,1.35312500e+00,2.48437500e+00,-2.81250000e-02,-3.28125000e-02
3.11992000e-06,1.32812500e+00,2.53437500e+00,-4.37500000e-03,-7.42187500e-02
3.12024000e-06,1.28437500e+00,2.53437500e+00,-2.50000000e-02,-5.00000000e-02
3.12056000e-06,1.14687500e+00,2.52187500e+00,-1.87500000e-03,-2.89062500e-02
3.12088000e-06,1.28437500e+00,2.52187500e+00,-1.87500000e-03,9.14062500e-02
3.12120000e-06,1.21875000e+00,2.45937500e+00,-3.37500000e-02,5.23437500e-02
3.12152000e-06,1.28125000e+00,2.44687500e+00,-1.93750000e-02,-7.26562500e-02
3.12184000e-06,1.34062500e+00,2.58437500e+00,0.00000000e+00,-1.13281250e-01
3.12216000e-06,1.33750000e+00,2.48437500e+00,-2.62500000e-02,-5.62500000e-02
3.12248000e-06,1.10625000e+00,2.53437500e+00,-3.12500000e-02,-1.17187500e-02
3.12280000e-06,1.15937500e+00,2.57187500e+00,-3.37500000e-02,-4.84375000e-02
3.12312000e-06,1.30312500e+00,2.58437500e+00,-1.12500000e-02,-1.95312500e-02
3.12344000e-06,1.44062500e+00,2.43437500e+00,8.12500000e-03,5.46875000e-03
3.12376000e-06,1.28125000e+00,2.59687500e+00,-1.25000000e-02,3.90625000e-02
3.12408000e-06,1.17187500e+00,2.47187500e+00,-3.87500000e-02,-1.64062500e-02
3.12440000e-06,1.12187500e+00,2.59687500e+00,3.75000000e-03,-7.42187500e-02
3.12472000e-06,1.31562500e+00,2.45937500e+00,-9.37500000e-03,-1.32812500e-01
3.12504000e-06,1.33750000e+00,2.63437500e+00,-1.87500000e-03,-1.14062500e-01
3.12536000e-06,1.18125000e+00,2.63437500e+00,-4.37500000e-03,-9.76562500e-02
3.12568000e-06,1.14687500e+00,2.45937500e+00,-2.87500000e-02,-5.85937500e-02
3.12600000e-06,1.28437500e+00,2.45937500e+00,-6.87500000e-03,1.09375000e-02
3.12632000e-06,1.24375000e+00,2.55937500e+00,-6.25000000e-04,2.73437500e-02
3.12664000e-06,1.20625000e+00,2.50937500e+00,-4.31250000e-02,-2.34375000e-02
3.12696000e-06,1.31562500e+00,2.49687500e+00,6.25000000e-03,7.73437500e-02
3.12728000e-06,1.25625000e+00,2.43437500e+00,6.25000000e-03,5.70312500e-02
3.12760000e-06,1.31562500e+00,2.59687500e+00,-4.37500000e-03,-8.43750000e-02
3.12792000e-06,1.32500000e+00,2.40937500e+00,-2.00000000e-02,-3.90625000e-02
3.12824000e-06,1.24375000e+00,2.59687500e+00,-2.81250000e-02,9.37500000e-03
3.12856000e-06,1.34062500e+00,2.54687500e+00,1.25000000e-03,-5.70312500e-02
3.12888000e-06,1.19375000e+00,2.49687500e+00,-8.75000000e-03,-2.81250000e-02
3.12920000e-06,1.24687500e+00,2.59687500e+00,-2.56250000e-02,-3.59375000e-02
3.12952000e-06,1.28125000e+00,2.40937500e+00,3.12500000e-03,-1.56250000e-02
3.12984000e-06,1.24375000e+00,2.54687500e+00,-9.37500000e-03,2.73437500e-02
3.13016000e-06,1.27500000e+00,2.68437500e+00,-1.18750000e-02,2.03125000e-02
3.13048000e-06,1.26875000e+00,2.49687500e+00,-2.87500000e-02,5.07812500e-02
3.13080000e-06,1.23125000e+00,2.64687500e+00,-4.12500000e-02,7.81250000e-03
3.13112000e-06,1.32812500e+00,2.44687500e+00,-3.87500000e-02,-2.34375000e-03
3.13144000e-06,1.24375000e+00,2.68437500e+00,-1.37500000e-02,3.59375000e-02
3.13176000e-06,1.28125000e+00,2.65937500e+00,-1.43750000e-02,-2.42187500e-02
3.13208000e-06,1.34062500e+00,2.50937500e+00,1.56250000e-02,-7.50000000e-02
3.13240000e-06,1.31562500e+00,2.54687500e+00,1.81250000e-02,-6.48437500e-02
3.13272000e-06,1.31250000e+00,2.58437500e+00,-2.00000000e-02,-1.64062500e-02
3.13304000e-06,1.28750000e+00,2.48437500e+00,-3.81250000e-02,1.48437500e-02
3.13336000e-06,1.24687500e+00,2.62187500e+00,-1.93750000e-02,4.60937500e-02
3.13368000e-06,1.30312500e+00,2.62187500e+00,-3.25000000e-02,5.54687500e-02
3.13400000e-06,1.30312500e+00,2.58437500e+00,1.12500000e-02,4.92187500e-02
3.13432000e-06,1.30312500e+00,2.47187500e+00,-1.93750000e-02,-6.71875000e-02
3.13464000e-06,1.28437500e+00,2.60937500e+00,-1.93750000e-02,-6.56250000e-02
3.13496000e-06,1.25625000e+00,2.45937500e+00,-2.62500000e-02,-3.12500000e-03
3.13528000e-06,1.10937500e+00,2.58437500e+00,-4.12500000e-02,2.34375000e-03
3.13560000e-06,1.28125000e+00,2.52187500e+00,-2.81250000e-02,1.17187500e-02
3.13592000e-06,1.16875000e+00,2.59687500e+00,-1.62500000e-02,-2.03125000e-02
3.13624000e-06,1.30312500e+00,2.43437500e+00,-3.06250000e-02,-3.51562500e-02
3.13656000e-06,1.37812500e+00,2.52187500e+00,-1.68750000e-02,-3.28125000e-02
3.13688000e-06,1.24375000e+00,2.68437500e+00,-7.50000000e-03,-3.75000000e-02
3.13720000e-06,1.23437500e+00,2.55937500e+00,-6.87500000e-03,-3.82812500e-02
3.13752000e-06,1.24687500e+00,2.53437500e+00,1.06250000e-02,-4.68750000e-02
3.13784000e-06,1.23125000e+00,2.59687500e+00,-4.37500000e-03,-1.35156250e-01
3.13816000e-06,1.15625000e+00,2.54687500e+00,-1.87500000e-03,-1.00781250e-01
3.13848000e-06,1.27187500e+00,2.62187500e+00,-2.62500000e-02,1.09375000e-02
3.13880000e-06,1.36250000e+00,2.68437500e+00,-4.37500000e-03,-2.10937500e-02
3.13912000e-06,1.19375000e+00,2.50937500e+00,-2.06250000e-02,-4.68750000e-03
3.13944000e-06,1.12187500e+00,2.57187500e+00,-5.06250000e-02,6.25000000e-03
3.13976000e-06,1.19375000e+00,2.62187500e+00,3.75000000e-03,-5.39062500e-02
3.14008000e-06,1.39062500e+00,2.48437500e+00,-4.06250000e-02,-9.21875000e-02
3.14040000e-06,1.37812500e+00,2.64687500e+00,-2.00000000e-02,-5.78125000e-02
3.14072000e-06,1.21875000e+00,2.64687500e+00,-2.25000000e-02,-6.01562500e-02
3.14104000e-06,1.25000000e+00,2.64687500e+00,-6.87500000e-03,-7.81250000e-02
3.14136000e-06,1.23437500e+00,2.45937500e+00,8.12500000e-03,-1.35156250e-01
3.14168000e-06,1.15625000e+00,2.65937500e+00,-3.62500000e-02,-1.17187500e-01
3.14200000e-06,1.26250000e+00,2.60937500e+00,-2.00000000e-02,-6.79687500e-02
3.14232000e-06,1.46562500e+00,2.65937500e+00,-3.93750000e-02,-8.43750000e-02
3.14264000e-06,1.21875000e+00,2.43437500e+00,-6.25000000e-03,-2.57812500e-02
3.14296000e-06,1.14687500e+00,2.53437500e+00,-1.50000000e-02,3.04687500e-02
3.14328000e-06,1.18437500e+00,2.55937500e+00,-3.06250000e-02,1.87500000e-02
3.14360000e-06,1.10625000e+00,2.63437500e+00,-3.75000000e-03,-9.37500000e-03
3.14392000e-06,1.24687500e+00,2.55937500e+00,-8.75000000e-03,-1.17187500e-02
3.14424000e-06,1.34062500e+00,2.70937500e+00,8.12500000e-03,-3.90625000e-03
3.14456000e-06,1.26875000e+00,2.65937500e+00,-2.87500000e-02,-6.87500000e-02
3.14488000e-06,1.28437500e+00,2.42187500e+00,-3.62500000e-02,-5.15625000e-02
3.14520000e-06,1.23437500e+00,2.55937500e+00,-2.25000000e-02,-1.07031250e-01
3.14552000e-06,1.24687500e+00,2.68437500e+00,-4.62500000e-02,-1.83593750e-01
3.14584000e-06,1.32500000e+00,2.44687500e+00,-3.75000000e-03,-1.03125000e-01
3.14616000e-06,1.13125000e+00,2.57187500e+00,-1.50000000e-02,-8.59375000e-03
3.14648000e-06,1.26250000e+00,2.58437500e+00,-1.68750000e-02,-7.03125000e-03
3.14680000e-06,1.28125000e+00,2.63437500e+00,6.25000000e-04,-5.23437500e-02
3.14712000e-06,1.32500000e+00,2.52187500e+00,-2.00000000e-02,-2.18750000e-02
3.14744000e-06,1.20937500e+00,2.58437500e+00,-3.31250000e-02,-3.75000000e-02
3.14776000e-06,1.28437500e+00,2.52187500e+00,3.75000000e-03,-1.40625000e-01
3.14808000e-06,1.36250000e+00,2.60937500e+00,-6.87500000e-03,-8.82812500e-02
3.14840000e-06,1.18437500e+00,2.39687500e+00,-5.12500000e-02,-1.56250000e-03
3.14872000e-06,1.31562500e+00,2.70937500e+00,-2.12500000e-02,-1.95312500e-02
3.14904000e-06,1.13125000e+00,2.52187500e+00,-9.37500000e-03,-7.50000000e-02
3.14936000e-06,1.30625000e+00,2.63437500e+00,5.62500000e-03,-2.73437500e-02
3.14968000e-06,1.33750000e+00,2.72187500e+00,-2.87500000e-02,-8.12500000e-02
3.15000000e-06,1.10625000e+00,2.58437500e+00,-4.12500000e-02,-6.17187500e-02
3.15032000e-06,1.23750000e+00,2.59687500e+00,-2.81250000e-02,-2.65625000e-02
3.15064000e-06,1.32812500e+00,2.43437500e+00,1.25000000e-03,-9.37500000e-02
3.15096000e-06,1.26875000e+00,2.52187500e+00,-8.75000000e-03,-9.76562500e-02
3.15128000e-06,1.10937500e+00,2.69687500e+00,-4.37500000e-03,-8.04687500e-02
3.15160000e-06,1.31562500e+00,2.40937500e+00,-9.37500000e-03,3.90625000e-03
3.15192000e-06,1.19375000e+00,2.65937500e+00,-1.93750000e-02,5.54687500e-02
3.15224000e-06,1.28125000e+00,2.59687500e+00,-2.87500000e-02,3.90625000e-02
3.15256000e-06,1.14375000e+00,2.54687500e+00,-3.06250000e-02,-3.12500000e-03
3.15288000e-06,1.24375000e+00,2.62187500e+00,-4.37500000e-03,-1.56250000e-03
3.15320000e-06,1.20625000e+00,2.44687500e+00,1.87500000e-02,3.12500000e-03
3.15352000e-06,1.27187500e+00,2.42187500e+00,-1.87500000e-03,-8.59375000e-03
3.15384000e-06,1.26875000e+00,2.62187500e+00,-2.56250000e-02,8.59375000e-03
3.15416000e-06,1.36562500e+00,2.47187500e+00,-1.87500000e-03,3.12500000e-03
3.15448000e-06,1.22187500e+00,2.52187500e+00,1.56250000e-02,1.48437500e-02
3.15480000e-06,1.28437500e+00,2.43437500e+00,-1.87500000e-03,-1.79687500e-02
3.15512000e-06,1.32812500e+00,2.72187500e+00,-1.68750000e-02,-7.81250000e-02
3.15544000e-06,1.21875000e+00,2.48437500e+00,-1.18750000e-02,-9.60937500e-02
3.15576000e-06,1.22187500e+00,2.50937500e+00,-1.25000000e-02,-1.56250000e-02
3.15608000e-06,1.30000000e+00,2.62187500e+00,-5.37500000e-02,7.73437500e-02
3.15640000e-06,1.19375000e+00,2.72187500e+00,-6.25000000e-03,7.03125000e-03
3.15672000e-06,1.23125000e+00,2.42187500e+00,1.06250000e-02,-3.75000000e-02
3.15704000e-06,1.16875000e+00,2.62187500e+00,-4.37500000e-03,-2.81250000e-02
3.15736000e-06,1.13125000e+00,2.60937500e+00,-1.18750000e-02,-7.03125000e-03
3.15768000e-06,1.19375000e+00,2.65937500e+00,-4.37500000e-03,-3.12500000e-02
3.15800000e-06,1.23125000e+00,2.45937500e+00,-3.06250000e-02,-2.65625000e-02
3.15832000e-06,1.21875000e+00,2.55937500e+00,-1.50000000e-02,3.43750000e-02
3.15864000e-06,1.20625000e+00,2.42187500e+00,-9.37500000e-03,2.73437500e-02
3.15896000e-06,1.03125000e+00,2.47187500e+00,2.31250000e-02,5.46875000e-02
3.15928000e-06,1.15625000e+00,2.52187500e+00,-1.87500000e-03,8.59375000e-03
3.15960000e-06,1.34062500e+00,2.65937500e+00,-1.68750000e-02,-5.15625000e-02
3.15992000e-06,1.30000000e+00,2.43437500e+00,8.12500000e-03,-6.95312500e-02
3.16024000e-06,1.24375000e+00,2.58437500e+00,5.62500000e-03,-2.34375000e-02
3.16056000e-06,1.25937500e+00,2.57187500e+00,2.06250000e-02,2.34375000e-03
3.16088000e-06,1.35312500e+00,2.63437500e+00,1.06250000e-02,-1.01562500e-02
3.16120000e-06,1.30000000e+00,2.65937500e+00,-2.00000000e-02,2.89062500e-02
3.16152000e-06,1.14375000e+00,2.45937500e+00,-4.56250000e-02,-1.17187500e-02
3.16184000e-06,1.24687500e+00,2.55937500e+00,2.62500000e-02,-7.50000000e-02
3.16216000e-06,1.30312500e+00,2.58437500e+00,8.75000000e-03,-9.53125000e-02
3.16248000e-06,1.41562500e+00,2.42187500e+00,-1.68750000e-02,-3.75000000e-02
3.16280000e-06,1.31250000e+00,2.49687500e+00,8.12500000e-03,-2.34375000e-02
3.16312000e-06,1.20937500e+00,2.47187500e+00,1.81250000e-02,2.96875000e-02
3.16344000e-06,1.35625000e+00,2.47187500e+00,-4.87500000e-02,-2.57812500e-02
3.16376000e-06,1.24375000e+00,2.47187500e+00,-1.43750000e-02,3.12500000e-03
3.16408000e-06,1.20625000e+00,2.54687500e+00,-2.06250000e-02,-1.25000000e-02
3.16440000e-06,1.22187500e+00,2.54687500e+00,-2.81250000e-02,-7.81250000e-03
3.16472000e-06,1.28437500e+00,2.50937500e+00,-6.25000000e-03,6.09375000e-02
3.16504000e-06,1.31562500e+00,2.45937500e+00,8.75000000e-03,6.25000000e-02
3.16536000e-06,1.31562500e+00,2.50937500e+00,1.06250000e-02,-3.35937500e-02
3.16568000e-06,1.30625000e+00,2.44687500e+00,1.06250000e-02,-3.75000000e-02
3.16600000e-06,1.30625000e+00,2.55937500e+00,2.31250000e-02,3.90625000e-03
3.16632000e-06,1.34375000e+00,2.45937500e+00,-2.00000000e-02,2.81250000e-02
3.16664000e-06,1.23437500e+00,2.48437500e+00,-2.18750000e-02,-6.09375000e-02
3.16696000e-06,1.27187500e+00,2.55937500e+00,5.62500000e-03,-4.45312500e-02
3.16728000e-06,1.14687500e+00,2.79687500e+00,-3.12500000e-02,2.18750000e-02
3.16760000e-06,1.19375000e+00,2.67187500e+00,-2.81250000e-02,-2.26562500e-02
3.16792000e-06,1.18125000e+00,2.44687500e+00,-1.87500000e-03,1.48437500e-02
3.16824000e-06,1.25937500e+00,2.63437500e+00,3.75000000e-03,-3.98437500e-02
3.16856000e-06,1.45312500e+00,2.52187500e+00,-4.37500000e-03,-1.35156250e-01
3.16888000e-06,1.15625000e+00,2.50937500e+00,-2.00000000e-02,-7.81250000e-03
3.16920000e-06,1.08437500e+00,2.54687500e+00,-2.56250000e-02,3.35937500e-02
3.16952000e-06,1.20937500e+00,2.48437500e+00,3.75000000e-03,-3.12500000e-03
3.16984000e-06,1.24375000e+00,2.57187500e+00,-2.12500000e-02,-7.03125000e-03
3.17016000e-06,1.35312500e+00,2.42187500e+00,-9.37500000e-03,-6.01562500e-02
3.17048000e-06,1.39062500e+00,2.50937500e+00,2.06250000e-02,-6.01562500e-02
3.17080000e-06,1.37500000e+00,2.49687500e+00,-1.43750000e-02,-4.37500000e-02
3.17112000e-06,1.25000000e+00,2.54687500e+00,-1.43750000e-02,-7.57812500e-02
3.17144000e-06,1.34375000e+00,2.55937500e+00,-1.43750000e-02,-3.20312500e-02
3.17176000e-06,1.20625000e+00,2.65937500e+00,2.06250000e-02,-1.79687500e-02
3.17208000e-06,1.14687500e+00,2.60937500e+00,6.25000000e-04,2.65625000e-02
3.17240000e-06,1.13437500e+00,2.54687500e+00,-2.25000000e-02,9.06250000e-02
3.17272000e-06,1.18125000e+00,2.47187500e+00,-4.37500000e-02,4.53125000e-02
3.17304000e-06,1.23437500e+00,2.62187500e+00,-1.87500000e-02,1.95312500e-02
3.17336000e-06,1.32812500e+00,2.37187500e+00,-1.18750000e-02,-1.79687500e-02
3.17368000e-06,1.24375000e+00,2.52187500e+00,-1.68750000e-02,1.64062500e-02
3.17400000e-06,1.18437500e+00,2.52187500e+00,6.25000000e-04,2.89062500e-02
3.17432000e-06,1.25937500e+00,2.65937500e+00,1.06250000e-02,3.51562500e-02
3.17464000e-06,1.33750000e+00,2.44687500e+00,-1.87500000e-03,2.81250000e-02
3.17496000e-06,1.26875000e+00,2.57187500e+00,1.56250000e-02,-2.57812500e-02
3.17528000e-06,1.23125000e+00,2.50937500e+00,-2.62500000e-02,3.90625000e-02
3.17560000e-06,1.27187500e+00,2.50937500e+00,-3.12500000e-02,-9.37500000e-03
3.17592000e-06,1.28125000e+00,2.52187500e+00,-2.81250000e-02,-5.31250000e-02
3.17624000e-06,1.09375000e+00,2.49687500e+00,-1.25000000e-03,-6.95312500e-02
3.17656000e-06,1.33125000e+00,2.44687500e+00,6.25000000e-03,-2.65625000e-02
3.17688000e-06,1.39062500e+00,2.55937500e+00,-3.37500000e-02,3.12500000e-03
3.17720000e-06,1.26875000e+00,2.43437500e+00,6.25000000e-04,2.50000000e-02
3.17752000e-06,1.20937500e+00,2.55937500e+00,5.00000000e-03,-2.73437500e-02
3.17784000e-06,1.22187500e+00,2.72187500e+00,-2.25000000e-02,-8.12500000e-02
3.17816000e-06,1.27187500e+00,2.60937500e+00,-1.93750000e-02,2.18750000e-02
3.17848000e-06,1.34062500e+00,2.60937500e+00,1.06250000e-02,5.54687500e-02
3.17880000e-06,1.31562500e+00,2.57187500e+00,-2.25000000e-02,2.18750000e-02
3.17912000e-06,1.32812500e+00,2.43437500e+00,-1.18750000e-02,0.00000000e+00
3.17944000e-06,1.14687500e+00,2.63437500e+00,-1.18750000e-02,1.17187500e-02
3.17976000e-06,1.25937500e+00,2.45937500e+00,-3.06250000e-02,-4.68750000e-02
3.18008000e-06,1.21875000e+00,2.58437500e+00,1.06250000e-02,4.14062500e-02
3.18040000e-06,1.32812500e+00,2.49687500e+00,6.25000000e-04,9.14062500e-02
3.18072000e-06,1.36562500e+00,2.63437500e+00,-2.00000000e-02,3.12500000e-02
3.18104000e-06,1.28437500e+00,2.55937500e+00,-3.12500000e-02,-6.79687500e-02
3.18136000e-06,1.36875000e+00,2.54687500e+00,-4.06250000e-02,-6.09375000e-02
3.18168000e-06,1.30312500e+00,2.57187500e+00,-2.75000000e-02,6.71875000e-02
3.18200000e-06,1.15937500e+00,2.62187500e+00,1.25000000e-03,4.06250000e-02
3.18232000e-06,1.35312500e+00,2.54687500e+00,-1.25000000e-03,-5.31250000e-02
3.18264000e-06,1.21875000e+00,2.49687500e+00,6.25000000e-04,-2.03125000e-02
3.18296000e-06,1.30000000e+00,2.50937500e+00,-1.43750000e-02,2.42187500e-02
3.18328000e-06,1.35312500e+00,2.55937500e+00,-9.37500000e-03,-3.82812500e-02
3.18360000e-06,1.39062500e+00,2.48437500e+00,-1.18750000e-02,7.81250000e-04
3.18392000e-06,1.47812500e+00,2.65937500e+00,-4.37500000e-03,-4.68750000e-03
3.18424000e-06,1.31562500e+00,2.55937500e+00,-3.56250000e-02,1.48437500e-02
3.18456000e-06,1.05937500e+00,2.55937500e+00,5.62500000e-03,5.62500000e-02
3.18488000e-06,1.31875000e+00,2.44687500e+00,8.12500000e-03,1.40625000e-02
3.18520000e-06,1.32500000e+00,2.59687500e+00,-6.87500000e-03,3.98437500e-02
3.18552000e-06,1.20625000e+00,2.52187500e+00,-2.81250000e-02,-3.12500000e-03
3.18584000e-06,1.24687500e+00,2.55937500e+00,8.12500000e-03,-3.59375000e-02
3.18616000e-06,1.21875000e+00,2.70937500e+00,-3.12500000e-02,-7.81250000e-02
3.18648000e-06,1.34062500e+00,2.57187500e+00,-2.56250000e-02,-8.90625000e-02
3.18680000e-06,1.36250000e+00,2.50937500e+00,-2.18750000e-02,-4.60937500e-02
3.18712000e-06,1.18125000e+00,2.52187500e+00,-2.12500000e-02,4.29687500e-02
3.18744000e-06,1.30312500e+00,2.48437500e+00,-9.37500000e-03,3.43750000e-02
3.18776000e-06,1.13125000e+00,2.63437500e+00,-2.25000000e-02,3.90625000e-02
3.18808000e-06,1.25625000e+00,2.55937500e+00,-2.56250000e-02,3.12500000e-03
3.18840000e-06,1.35312500e+00,2.53437500e+00,-2.12500000e-02,4.68750000e-03
3.18872000e-06,1.21875000e+00,2.42187500e+00,-8.75000000e-03,-2.81250000e-02
3.18904000e-06,1.25625000e+00,2.47187500e+00,5.62500000e-03,2.18750000e-02
3.18936000e-06,1.20937500e+00,2.49687500e+00,-1.50000000e-02,4.68750000e-02
3.18968000e-06,1.18125000e+00,2.59687500e+00,-2.81250000e-02,-1.32812500e-02
3.19000000e-06,1.15625000e+00,2.50937500e+00,-1.37500000e-02,-1.09375000e-02
3.19032000e-06,1.34062500e+00,2.60937500e+00,-2.81250000e-02,7.34375000e-02
3.19064000e-06,1.41562500e+00,2.47187500e+00,-2.18750000e-02,9.76562500e-02
3.19096000e-06,1.33750000e+00,2.57187500e+00,-1.00000000e-02,-6.17187500e-02
3.19128000e-06,1.30625000e+00,2.54687500e+00,-1.18750000e-02,-8.59375000e-02
3.19160000e-06,1.35312500e+00,2.53437500e+00,-6.87500000e-03,-1.87500000e-02
3.19192000e-06,1.08125000e+00,2.59687500e+00,-2.18750000e-02,-4.21875000e-02
3.19224000e-06,1.18437500e+00,2.50937500e+00,-4.37500000e-03,-2.81250000e-02
3.19256000e-06,1.32812500e+00,2.53437500e+00,-3.12500000e-02,4.84375000e-02
3.19288000e-06,1.39062500e+00,2.68437500e+00,-3.56250000e-02,9.37500000e-03
3.19320000e-06,1.33750000e+00,2.52187500e+00,-1.50000000e-02,-6.17187500e-02
3.19352000e-06,1.19687500e+00,2.43437500e+00,-3.06250000e-02,6.01562500e-02
3.19384000e-06,1.28750000e+00,2.49687500e+00,-4.25000000e-02,4.76562500e-02
3.19416000e-06,1.36562500e+00,2.50937500e+00,1.62500000e-02,2.10937500e-02
3.19448000e-06,1.24375000e+00,2.58437500e+00,-1.62500000e-02,2.26562500e-02
3.19480000e-06,1.14687500e+00,2.68437500e+00,3.12500000e-03,-8.59375000e-03
3.19512000e-06,1.35625000e+00,2.52187500e+00,-1.50000000e-02,-6.40625000e-02
3.19544000e-06,1.34062500e+00,2.54687500e+00,-1.93750000e-02,2.34375000e-03
3.19576000e-06,1.28437500e+00,2.52187500e+00,-2.56250000e-02,6.56250000e-02
3.19608000e-06,1.36562500e+00,2.44687500e+00,3.12500000e-03,-1.56250000e-03
3.19640000e-06,1.20937500e+00,2.55937500e+00,-5.00000000e-03,-1.79687500e-02
3.19672000e-06,1.39375000e+00,2.68437500e+00,-3.87500000e-02,-4.14062500e-02
3.19704000e-06,1.32500000e+00,2.67187500e+00,-2.75000000e-02,-6.17187500e-02
3.19736000e-06,1.21875000e+00,2.57187500e+00,-3.06250000e-02,2.65625000e-02
3.19768000e-06,1.25937500e+00,2.55937500e+00,-1.87500000e-02,3.51562500e-02
3.19800000e-06,1.20625000e+00,2.57187500e+00,-7.50000000e-03,-1.56250000e-02
3.19832000e-06,1.20625000e+00,2.63437500e+00,-3.56250000e-02,1.79687500e-02
3.19864000e-06,1.33750000e+00,2.55937500e+00,5.62500000e-03,2.34375000e-02
3.19896000e-06,1.11875000e+00,2.49687500e+00,-9.37500000e-03,-7.81250000e-04
3.19928000e-06,1.18125000e+00,2.54687500e+00,8.12500000e-03,1.32812500e-02
3.19960000e-06,1.23125000e+00,2.54687500e+00,-2.56250000e-02,9.37500000e-03
3.19992000e-06,1.20625000e+00,2.80937500e+00,-6.87500000e-03,-4.68750000e-02
3.20024000e-06,1.28125000e+00,2.43437500e+00,-2.18750000e-02,1.79687500e-02
3.20056000e-06,1.31562500e+00,2.62187500e+00,-3.37500000e-02,7.81250000e-03
3.20088000e-06,1.25625000e+00,2.68437500e+00,-2.81250000e-02,-3.12500000e-02
3.20120000e-06,1.31562500e+00,2.62187500e+00,-2.62500000e-02,4.21875000e-02
3.20152000e-06,1.38125000e+00,2.55937500e+00,-2.50000000e-02,3.35937500e-02
3.20184000e-06,1.33750000e+00,2.69687500e+00,1.31250000e-02,0.00000000e+00
3.20216000e-06,1.22187500e+00,2.49687500e+00,-3.06250000e-02,2.42187500e-02
3.20248000e-06,1.22187500e+00,2.63437500e+00,-4.56250000e-02,1.95312500e-02
3.20280000e-06,1.19375000e+00,2.39687500e+00,1.56250000e-02,-1.56250000e-02
3.20312000e-06,1.28437500e+00,2.40937500e+00,-2.56250000e-02,-1.71875000e-02
3.20344000e-06,1.24375000e+00,2.50937500e+00,-1.18750000e-02,-2.03125000e-02
3.20376000e-06,1.23125000e+00,2.52187500e+00,7.50000000e-03,-8.28125000e-02
3.20408000e-06,1.24687500e+00,2.52187500e+00,5.62500000e-03,-6.32812500e-02
3.20440000e-06,1.34062500e+00,2.54687500e+00,-1.50000000e-02,7.81250000e-04
3.20472000e-06,1.25625000e+00,2.48437500e+00,-1.68750000e-02,2.96875000e-02
3.20504000e-06,1.23125000e+00,2.63437500e+00,-1.87500000e-03,9.37500000e-03
3.20536000e-06,1.23437500e+00,2.67187500e+00,-1.75000000e-02,2.03125000e-02
3.20568000e-06,1.25625000e+00,2.60937500e+00,-1.93750000e-02,3.51562500e-02
3.20600000e-06,1.20625000e+00,2.59687500e+00,-6.87500000e-03,6.17187500e-02
3.20632000e-06,1.22187500e+00,2.58437500e+00,3.12500000e-03,1.03906250e-01
3.20664000e-06,1.28125000e+00,2.49687500e+00,1.31250000e-02,1.79687500e-02
3.20696000e-06,1.18125000e+00,2.65937500e+00,1.31250000e-02,1.56250000e-02
3.20728000e-06,1.15937500e+00,2.63437500e+00,-2.00000000e-02,6.64062500e-02
3.20760000e-06,1.21875000e+00,2.48437500e+00,-2.56250000e-02,7.89062500e-02
3.20792000e-06,1.23125000e+00,2.42187500e+00,1.12500000e-02,1.03125000e-01
3.20824000e-06,1.25625000e+00,2.59687500e+00,-8.75000000e-03,5.07812500e-02
3.20856000e-06,1.19375000e+00,2.55937500e+00,-4.87500000e-02,1.40625000e-02
3.20888000e-06,1.35312500e+00,2.48437500e+00,-2.56250000e-02,5.46875000e-03
3.20920000e-06,1.31250000e+00,2.45937500e+00,-1.18750000e-02,4.06250000e-02
3.20952000e-06,1.31250000e+00,2.58437500e+00,-6.25000000e-03,3.12500000e-03
3.20984000e-06,1.15937500e+00,2.57187500e+00,-1.93750000e-02,-6.79687500e-02
3.21016000e-06,1.19375000e+00,2.55937500e+00,5.62500000e-03,-1.01562500e-02
3.21048000e-06,1.20625000e+00,2.49687500e+00,-3.12500000e-02,3.12500000e-03
3.21080000e-06,1.20625000e+00,2.64687500e+00,-1.87500000e-03,2.18750000e-02
3.21112000e-06,1.31250000e+00,2.58437500e+00,1.87500000e-03,1.56250000e-02
3.21144000e-06,1.14375000e+00,2.62187500e+00,-1.68750000e-02,1.71875000e-02
3.21176000e-06,1.15625000e+00,2.55937500e+00,-1.18750000e-02,-9.60937500e-02
3.21208000e-06,1.28125000e+00,2.50937500e+00,6.25000000e-04,-9.21875000e-02
3.21240000e-06,1.28437500e+00,2.52187500e+00,-9.37500000e-03,-1.17187500e-02
3.21272000e-06,1.20625000e+00,2.52187500e+00,8.12500000e-03,-2.10937500e-02
3.21304000e-06,1.27187500e+00,2.62187500e+00,-1.50000000e-02,-1.17187500e-02
3.21336000e-06,1.30312500e+00,2.68437500e+00,-3.12500000e-02,7.26562500e-02
3.21368000e-06,1.23125000e+00,2.47187500e+00,-2.50000000e-02,2.10937500e-02
3.21400000e-06,1.27187500e+00,2.45937500e+00,8.75000000e-03,-2.73437500e-02
3.21432000e-06,1.16875000e+00,2.57187500e+00,-1.37500000e-02,-6.01562500e-02
3.21464000e-06,1.15625000e+00,2.48437500e+00,-1.50000000e-02,-5.93750000e-02
3.21496000e-06,1.30000000e+00,2.43437500e+00,-2.56250000e-02,-2.42187500e-02
3.21528000e-06,1.14375000e+00,2.69687500e+00,-1.37500000e-02,-1.48437500e-02
3.21560000e-06,1.19375000e+00,2.52187500e+00,-1.93750000e-02,2.34375000e-02
3.21592000e-06,1.23125000e+00,2.48437500e+00,-3.37500000e-02,3.12500000e-02
3.21624000e-06,1.28125000e+00,2.59687500e+00,-3.00000000e-02,-2.10937500e-02
3.21656000e-06,1.34062500e+00,2.58437500e+00,-1.25000000e-03,4.68750000e-03
3.21688000e-06,1.34062500e+00,2.52187500e+00,-1.12500000e-02,-6.71875000e-02
3.21720000e-06,1.33750000e+00,2.63437500e+00,-1.87500000e-03,-7.03125000e-02
3.21752000e-06,1.17187500e+00,2.49687500e+00,-1.75000000e-02,2.18750000e-02
3.21784000e-06,1.13437500e+00,2.59687500e+00,-3.06250000e-02,4.60937500e-02
3.21816000e-06,1.19375000e+00,2.43437500e+00,8.75000000e-03,5.00000000e-02
3.21848000e-06,1.14375000e+00,2.58437500e+00,-3.81250000e-02,-4.45312500e-02
3.21880000e-06,1.20625000e+00,2.57187500e+00,-1.43750000e-02,-6.79687500e-02
3.21912000e-06,1.34062500e+00,2.55937500e+00,0.00000000e+00,1.40625000e-02
3.21944000e-06,1.25625000e+00,2.55937500e+00,-3.62500000e-02,-1.25000000e-02
3.21976000e-06,1.16875000e+00,2.58437500e+00,-1.43750000e-02,-2.81250000e-02
3.22008000e-06,1.20937500e+00,2.48437500e+00,-1.56250000e-02,1.64062500e-02
3.22040000e-06,1.21875000e+00,2.60937500e+00,-3.37500000e-02,1.87500000e-02
3.22072000e-06,1.25625000e+00,2.50937500e+00,-3.56250000e-02,-5.85937500e-02
3.22104000e-06,1.15625000e+00,2.58437500e+00,-1.93750000e-02,-4.76562500e-02
3.22136000e-06,1.24375000e+00,2.52187500e+00,-5.62500000e-02,-4.92187500e-02
3.22168000e-06,1.24687500e+00,2.52187500e+00,-2.12500000e-02,-1.95312500e-02
3.22200000e-06,1.30000000e+00,2.45937500e+00,3.12500000e-03,-5.39062500e-02
3.22232000e-06,1.15625000e+00,2.52187500e+00,-1.75000000e-02,-4.21875000e-02
3.22264000e-06,1.23437500e+00,2.70937500e+00,-2.81250000e-02,-8.90625000e-02
3.22296000e-06,1.21875000e+00,2.67187500e+00,-2.81250000e-02,-1.10156250e-01
3.22328000e-06,1.23437500e+00,2.58437500e+00,-3.25000000e-02,-1.04687500e-01
3.22360000e-06,1.46562500e+00,2.43437500e+00,-1.68750000e-02,-6.40625000e-02
3.22392000e-06,1.28125000e+00,2.47187500e+00,6.25000000e-03,-7.65625000e-02
3.22424000e-06,1.19687500e+00,2.58437500e+00,3.12500000e-03,-2.96875000e-02
3.22456000e-06,1.18437500e+00,2.45937500e+00,-1.87500000e-03,4.29687500e-02
3.22488000e-06,1.15625000e+00,2.60937500e+00,-7.50000000e-03,-5.15625000e-02
3.22520000e-06,1.18125000e+00,2.52187500e+00,-2.56250000e-02,-3.20312500e-02
3.22552000e-06,1.13125000e+00,2.63437500e+00,-2.18750000e-02,1.00781250e-01
3.22584000e-06,1.14375000e+00,2.44687500e+00,-3.75000000e-02,9.84375000e-02
3.22616000e-06,1.28125000e+00,2.53437500e+00,6.25000000e-03,4.45312500e-02
3.22648000e-06,1.16875000e+00,2.68437500e+00,-3.81250000e-02,2.73437500e-02
3.22680000e-06,1.22187500e+00,2.52187500e+00,-2.25000000e-02,-1.87500000e-02
3.22712000e-06,1.31250000e+00,2.48437500e+00,-3.87500000e-02,-2.18750000e-02
3.22744000e-06,1.14375000e+00,2.55937500e+00,-3.31250000e-02,-4.21875000e-02
3.22776000e-06,1.23437500e+00,2.54687500e+00,-2.75000000e-02,1.56250000e-02
3.22808000e-06,1.15625000e+00,2.60937500e+00,-9.37500000e-03,5.15625000e-02
3.22840000e-06,1.26875000e+00,2.52187500e+00,-1.25000000e-03,-2.89062500e-02
3.22872000e-06,1.30312500e+00,2.60937500e+00,1.31250000e-02,-1.28125000e-01
3.22904000e-06,1.28125000e+00,2.48437500e+00,-1.93750000e-02,-1.55468750e-01
3.22936000e-06,1.22187500e+00,2.52187500e+00,3.12500000e-03,-5.00000000e-02
3.22968000e-06,1.23437500e+00,2.64687500e+00,3.12500000e-03,8.59375000e-03
3.23000000e-06,1.10625000e+00,2.58437500e+00,-2.25000000e-02,-9.37500000e-03
3.23032000e-06,1.31875000e+00,2.37187500e+00,-3.87500000e-02,1.56250000e-02
3.23064000e-06,1.18125000e+00,2.47187500e+00,-2.75000000e-02,5.46875000e-02
3.23096000e-06,1.26875000e+00,2.44687500e+00,-2.81250000e-02,-2.50000000e-02
3.23128000e-06,1.23437500e+00,2.62187500e+00,-4.50000000e-02,-5.54687500e-02
3.23160000e-06,1.30000000e+00,2.54687500e+00,-1.18750000e-02,-1.17187500e-02
3.23192000e-06,1.24375000e+00,2.47187500e+00,1.25000000e-03,-6.71875000e-02
3.23224000e-06,1.16875000e+00,2.60937500e+00,-6.87500000e-03,-8.28125000e-02
3.23256000e-06,1.14375000e+00,2.50937500e+00,-4.62500000e-02,2.10937500e-02
3.23288000e-06,1.27187500e+00,2.43437500e+00,-5.12500000e-02,6.25000000e-03
3.23320000e-06,1.24375000e+00,2.59687500e+00,8.12500000e-03,1.48437500e-02
3.23352000e-06,1.19375000e+00,2.50937500e+00,-1.50000000e-02,7.81250000e-03
3.23384000e-06,1.33125000e+00,2.70937500e+00,-2.18750000e-02,-2.18750000e-02
3.23416000e-06,1.26875000e+00,2.49687500e+00,-3.62500000e-02,-1.25000000e-02
3.23448000e-06,1.20625000e+00,2.48437500e+00,-2.56250000e-02,3.90625000e-02
3.23480000e-06,1.24687500e+00,2.52187500e+00,-2.00000000e-02,9.37500000e-03
3.23512000e-06,1.35312500e+00,2.63437500e+00,-2.12500000e-02,-7.89062500e-02
3.23544000e-06,1.24375000e+00,2.63437500e+00,-4.37500000e-03,-1.25000000e-02
3.23576000e-06,1.15625000e+00,2.53437500e+00,6.25000000e-04,1.17187500e-02
3.23608000e-06,1.15937500e+00,2.54687500e+00,-2.00000000e-02,3.12500000e-03
3.23640000e-06,1.16875000e+00,2.53437500e+00,-3.06250000e-02,2.89062500e-02
3.23672000e-06,1.20625000e+00,2.44687500e+00,-2.50000000e-02,-1.95312500e-02
3.23704000e-06,1.30312500e+00,2.64687500e+00,6.25000000e-03,-3.98437500e-02
3.23736000e-06,1.26875000e+00,2.47187500e+00,-3.81250000e-02,-3.12500000e-03
3.23768000e-06,1.24687500e+00,2.58437500e+00,6.25000000e-04,-1.87500000e-02
3.23800000e-06,1.23437500e+00,2.59687500e+00,-9.37500000e-03,-6.40625000e-02
3.23832000e-06,1.23437500e+00,2.59687500e+00,-6.87500000e-03,-2.34375000e-02
3.23864000e-06,1.34062500e+00,2.60937500e+00,-1.50000000e-02,1.87500000e-02
3.23896000e-06,1.19375000e+00,2.52187500e+00,-3.37500000e-02,9.76562500e-02
3.23928000e-06,1.20937500e+00,2.53437500e+00,-2.50000000e-02,1.12500000e-01
3.23960000e-06,1.18125000e+00,2.58437500e+00,-8.75000000e-03,6.09375000e-02
3.23992000e-06,1.25625000e+00,2.59687500e+00,-1.37500000e-02,2.34375000e-02
3.24024000e-06,1.14375000e+00,2.59687500e+00,2.81250000e-02,-1.40625000e-02
3.24056000e-06,1.28437500e+00,2.63437500e+00,-3.12500000e-02,4.68750000e-03
3.24088000e-06,1.42812500e+00,2.67187500e+00,-2.18750000e-02,-2.34375000e-03
3.24120000e-06,1.25625000e+00,2.49687500e+00,-2.00000000e-02,-6.17187500e-02
3.24152000e-06,1.27187500e+00,2.54687500e+00,3.12500000e-03,4.92187500e-02
3.24184000e-06,1.28437500e+00,2.59687500e+00,2.06250000e-02,1.31250000e-01
3.24216000e-06,1.25625000e+00,2.72187500e+00,-2.00000000e-02,4.68750000e-02
3.24248000e-06,1.23125000e+00,2.44687500e+00,-2.18750000e-02,-7.73437500e-02
3.24280000e-06,1.36562500e+00,2.45937500e+00,-1.43750000e-02,-4.76562500e-02
3.24312000e-06,1.28125000e+00,2.59687500e+00,-2.25000000e-02,-5.46875000e-03
3.24344000e-06,1.16875000e+00,2.68437500e+00,-4.37500000e-02,-2.10937500e-02
3.24376000e-06,1.25937500e+00,2.52187500e+00,-3.31250000e-02,-2.57812500e-02
3.24408000e-06,1.19375000e+00,2.62187500e+00,-3.25000000e-02,2.57812500e-02
3.24440000e-06,1.13125000e+00,2.55937500e+00,-1.25000000e-03,-2.73437500e-02
3.24472000e-06,1.21875000e+00,2.52187500e+00,-1.25000000e-03,-1.79687500e-02
3.24504000e-06,1.23437500e+00,2.58437500e+00,-2.87500000e-02,5.00000000e-02
3.24536000e-06,1.36562500e+00,2.57187500e+00,-2.56250000e-02,2.26562500e-02
3.24568000e-06,1.25625000e+00,2.53437500e+00,-4.37500000e-03,9.37500000e-03
3.24600000e-06,1.22187500e+00,2.58437500e+00,-1.37500000e-02,2.03125000e-02
3.24632000e-06,1.20937500e+00,2.48437500e+00,-2.87500000e-02,-3.75000000e-02
3.24664000e-06,1.25625000e+00,2.55937500e+00,-4.31250000e-02,-2.73437500e-02
3.24696000e-06,1.25937500e+00,2.53437500e+00,8.12500000e-03,1.56250000e-03
3.24728000e-06,1.32500000e+00,2.63437500e+00,3.12500000e-03,-3.82812500e-02
3.24760000e-06,1.24375000e+00,2.45937500e+00,-2.18750000e-02,-2.50000000e-02
3.24792000e-06,1.24687500e+00,2.60937500e+00,3.31250000e-02,1.40625000e-02
3.24824000e-06,1.24375000e+00,2.60937500e+00,-2.50000000e-03,-3.35937500e-02
3.24856000e-06,1.14375000e+00,2.60937500e+00,-4.12500000e-02,-4.37500000e-02
3.24888000e-06,1.30312500e+00,2.57187500e+00,3.75000000e-03,-7.81250000e-04
3.24920000e-06,1.32500000e+00,2.64687500e+00,-9.37500000e-03,-2.34375000e-03
3.24952000e-06,1.20625000e+00,2.65937500e+00,-6.87500000e-03,-2.81250000e-02
3.24984000e-06,1.25937500e+00,2.40937500e+00,-1.50000000e-02,-7.42187500e-02
3.25016000e-06,1.23125000e+00,2.39687500e+00,-6.12500000e-02,-4.53125000e-02
3.25048000e-06,1.20625000e+00,2.63437500e+00,1.87500000e-02,-3.51562500e-02
3.25080000e-06,1.11875000e+00,2.48437500e+00,3.12500000e-03,-1.82812500e-01
3.25112000e-06,1.18437500e+00,2.65937500e+00,1.31250000e-02,-1.17968750e-01
3.25144000e-06,1.31250000e+00,2.58437500e+00,-5.00000000e-03,3.90625000e-02
3.25176000e-06,1.30000000e+00,2.52187500e+00,-5.12500000e-02,6.87500000e-02
3.25208000e-06,1.17187500e+00,2.50937500e+00,-3.00000000e-02,-3.90625000e-02
3.25240000e-06,1.16875000e+00,2.59687500e+00,-2.18750000e-02,-7.34375000e-02
3.25272000e-06,1.15625000e+00,2.45937500e+00,-1.37500000e-02,-5.70312500e-02
3.25304000e-06,1.21875000e+00,2.50937500e+00,6.25000000e-04,-3.12500000e-02
3.25336000e-06,1.11875000e+00,2.52187500e+00,-2.18750000e-02,-1.95312500e-02
3.25368000e-06,1.28125000e+00,2.53437500e+00,-9.37500000e-03,-4.45312500e-02
3.25400000e-06,1.13125000e+00,2.53437500e+00,3.12500000e-03,1.64062500e-02
3.25432000e-06,1.23125000e+00,2.59687500e+00,-1.75000000e-02,3.75000000e-02
3.25464000e-06,1.28125000e+00,2.54687500e+00,-4.12500000e-02,3.51562500e-02
3.25496000e-06,1.24375000e+00,2.53437500e+00,-2.50000000e-02,-5.39062500e-02
3.25528000e-06,1.16875000e+00,2.60937500e+00,-1.37500000e-02,-1.21093750e-01
3.25560000e-06,1.25937500e+00,2.57187500e+00,-1.25000000e-03,-7.26562500e-02
3.25592000e-06,1.25625000e+00,2.50937500e+00,-1.75000000e-02,-1.64062500e-02
3.25624000e-06,1.18125000e+00,2.64687500e+00,-4.31250000e-02,-2.18750000e-02
3.25656000e-06,1.39375000e+00,2.40937500e+00,-1.68750000e-02,-2.96875000e-02
3.25688000e-06,1.32500000e+00,2.63437500e+00,-7.50000000e-02,-5.23437500e-02
3.25720000e-06,1.28125000e+00,2.48437500e+00,-4.00000000e-02,-1.21875000e-01
3.25752000e-06,1.19687500e+00,2.45937500e+00,2.37500000e-02,-9.06250000e-02
3.25784000e-06,1.21875000e+00,2.49687500e+00,-2.25000000e-02,-9.29687500e-02
3.25816000e-06,1.15625000e+00,2.74687500e+00,-1.93750000e-02,-2.73437500e-02
3.25848000e-06,1.19375000e+00,2.54687500e+00,3.12500000e-03,-9.45312500e-02
3.25880000e-06,1.16875000e+00,2.68437500e+00,-2.18750000e-02,-1.14843750e-01
3.25912000e-06,1.20625000e+00,2.50937500e+00,-6.87500000e-03,-5.07812500e-02
3.25944000e-06,1.15625000e+00,2.50937500e+00,5.62500000e-03,-3.51562500e-02
3.25976000e-06,1.23125000e+00,2.45937500e+00,-1.93750000e-02,-5.62500000e-02
3.26008000e-06,1.36562500e+00,2.54687500e+00,-1.25000000e-02,-1.32812500e-02
3.26040000e-06,1.24375000e+00,2.49687500e+00,-4.12500000e-02,-2.89062500e-02
3.26072000e-06,1.16875000e+00,2.55937500e+00,-3.00000000e-02,-9.06250000e-02
3.26104000e-06,1.17187500e+00,2.45937500e+00,-1.25000000e-03,-1.29687500e-01
3.26136000e-06,1.16875000e+00,2.62187500e+00,1.25000000e-03,-8.67187500e-02
3.26168000e-06,1.18125000e+00,2.42187500e+00,3.06250000e-02,-2.26562500e-02
3.26200000e-06,1.21875000e+00,2.54687500e+00,-2.87500000e-02,-5.78125000e-02
3.26232000e-06,1.23125000e+00,2.63437500e+00,-2.56250000e-02,-1.17187500e-02
3.26264000e-06,1.18125000e+00,2.69687500e+00,-3.62500000e-02,5.70312500e-02
3.26296000e-06,1.32812500e+00,2.43437500e+00,-4.31250000e-02,-4.06250000e-02
3.26328000e-06,1.21875000e+00,2.39687500e+00,-3.87500000e-02,-7.34375000e-02
3.26360000e-06,1.24375000e+00,2.39687500e+00,-3.00000000e-02,-2.26562500e-02
3.26392000e-06,1.28437500e+00,2.55937500e+00,3.75000000e-03,-4.53125000e-02
3.26424000e-06,1.23437500e+00,2.45937500e+00,-6.87500000e-03,-4.92187500e-02
3.26456000e-06,1.35312500e+00,2.67187500e+00,-4.37500000e-02,-4.76562500e-02
3.26488000e-06,1.31250000e+00,2.62187500e+00,-3.50000000e-02,-3.12500000e-02
3.26520000e-06,1.14687500e+00,2.47187500e+00,-1.12500000e-02,-3.82812500e-02
3.26552000e-06,1.36875000e+00,2.39687500e+00,-2.56250000e-02,-1.25000000e-02
3.26584000e-06,1.21875000e+00,2.55937500e+00,-5.12500000e-02,5.15625000e-02
3.26616000e-06,1.23125000e+00,2.53437500e+00,-4.62500000e-02,1.01562500e-02
3.26648000e-06,1.23437500e+00,2.67187500e+00,-1.25000000e-03,-1.95312500e-02
3.26680000e-06,1.30312500e+00,2.58437500e+00,-6.87500000e-03,-6.25000000e-03
3.26712000e-06,1.24375000e+00,2.53437500e+00,-1.93750000e-02,-1.01562500e-02
3.26744000e-06,1.23125000e+00,2.49687500e+00,-1.87500000e-03,2.03125000e-02
3.26776000e-06,1.25000000e+00,2.52187500e+00,1.06250000e-02,7.03125000e-02
3.26808000e-06,1.26875000e+00,2.50937500e+00,-1.43750000e-02,1.01562500e-02
3.26840000e-06,1.19375000e+00,2.49687500e+00,-6.87500000e-03,3.90625000e-03
3.26872000e-06,1.19687500e+00,2.48437500e+00,-5.12500000e-02,-2.03125000e-02
3.26904000e-06,1.15625000e+00,2.53437500e+00,-4.06250000e-02,-7.34375000e-02
3.26936000e-06,1.18125000e+00,2.53437500e+00,-1.87500000e-03,-5.39062500e-02
3.26968000e-06,1.31562500e+00,2.52187500e+00,-6.25000000e-03,-2.81250000e-02
3.27000000e-06,1.35000000e+00,2.60937500e+00,-3.06250000e-02,-2.50000000e-02
3.27032000e-06,1.25625000e+00,2.50937500e+00,1.56250000e-02,-4.45312500e-02
3.27064000e-06,1.30312500e+00,2.42187500e+00,-4.37500000e-02,-6.09375000e-02
3.27096000e-06,1.19375000e+00,2.48437500e+00,-3.62500000e-02,-7.89062500e-02
3.27128000e-06,1.15625000e+00,2.49687500e+00,-1.68750000e-02,-3.90625000e-02
3.27160000e-06,1.26875000e+00,2.67187500e+00,1.31250000e-02,1.95312500e-02
3.27192000e-06,1.24375000e+00,2.57187500e+00,-2.56250000e-02,-2.50000000e-02
3.27224000e-06,1.13125000e+00,2.58437500e+00,-1.50000000e-02,-4.76562500e-02
3.27256000e-06,1.19375000e+00,2.60937500e+00,-5.62500000e-02,3.59375000e-02
3.27288000e-06,1.08125000e+00,2.52187500e+00,-1.37500000e-02,5.39062500e-02
3.27320000e-06,1.26875000e+00,2.42187500e+00,5.62500000e-03,-1.32812500e-01
3.27352000e-06,1.18125000e+00,2.44687500e+00,-2.00000000e-02,-1.68750000e-01
3.27384000e-06,1.10625000e+00,2.49687500e+00,-4.62500000e-02,2.57812500e-02
3.27416000e-06,1.23125000e+00,2.58437500e+00,-1.37500000e-02,2.18750000e-02
3.27448000e-06,1.26875000e+00,2.47187500e+00,-1.43750000e-02,-9.53125000e-02
3.27480000e-06,1.24687500e+00,2.58437500e+00,-1.68750000e-02,1.56250000e-03
3.27512000e-06,1.37500000e+00,2.42187500e+00,-1.43750000e-02,-1.71875000e-02
3.27544000e-06,1.16875000e+00,2.54687500e+00,-2.62500000e-02,-1.16406250e-01
3.27576000e-06,1.23437500e+00,2.45937500e+00,-2.56250000e-02,-5.00000000e-02
3.27608000e-06,1.15625000e+00,2.50937500e+00,-3.12500000e-02,-3.43750000e-02
3.27640000e-06,1.15625000e+00,2.48437500e+00,-4.56250000e-02,-5.70312500e-02
3.27672000e-06,1.14375000e+00,2.53437500e+00,6.25000000e-04,1.09375000e-02
3.27704000e-06,1.27187500e+00,2.60937500e+00,-1.43750000e-02,-5.85937500e-02
3.27736000e-06,1.39062500e+00,2.59687500e+00,1.31250000e-02,-5.85937500e-02
3.27768000e-06,1.21875000e+00,2.45937500e+00,-1.18750000e-02,-2.96875000e-02
3.27800000e-06,1.20937500e+00,2.52187500e+00,-6.87500000e-03,-7.57812500e-02
3.27832000e-06,1.24687500e+00,2.40937500e+00,1.31250000e-02,-3.35937500e-02
3.27864000e-06,1.04375000e+00,2.54687500e+00,3.12500000e-03,-4.14062500e-02
3.27896000e-06,1.19375000e+00,2.57187500e+00,-2.81250000e-02,-4.45312500e-02
3.27928000e-06,1.21875000e+00,2.59687500e+00,-2.25000000e-02,7.81250000e-04
3.27960000e-06,1.11875000e+00,2.53437500e+00,-4.87500000e-02,-2.65625000e-02
3.27992000e-06,1.24375000e+00,2.58437500e+00,-3.25000000e-02,-5.46875000e-03
3.28024000e-06,1.19375000e+00,2.54687500e+00,-2.56250000e-02,-1.09375000e-02
3.28056000e-06,1.04375000e+00,2.53437500e+00,-2.81250000e-02,-9.37500000e-02
3.28088000e-06,1.14375000e+00,2.47187500e+00,-2.56250000e-02,-1.44531250e-01
3.28120000e-06,1.04375000e+00,2.62187500e+00,-9.37500000e-03,-6.25000000e-02
3.28152000e-06,1.21875000e+00,2.54687500e+00,-3.25000000e-02,-3.20312500e-02
3.28184000e-06,1.24375000e+00,2.53437500e+00,1.25000000e-03,-1.32031250e-01
3.28216000e-06,1.19375000e+00,2.48437500e+00,-4.56250000e-02,-1.08593750e-01
3.28248000e-06,1.23437500e+00,2.49687500e+00,-4.06250000e-02,-5.15625000e-02
3.28280000e-06,1.24375000e+00,2.59687500e+00,-2.25000000e-02,8.59375000e-03
3.28312000e-06,1.18125000e+00,2.62187500e+00,-1.62500000e-02,-9.37500000e-03
3.28344000e-06,1.18437500e+00,2.50937500e+00,-4.62500000e-02,-3.43750000e-02
3.28376000e-06,1.16875000e+00,2.47187500e+00,-3.31250000e-02,-3.82812500e-02
3.28408000e-06,1.18125000e+00,2.44687500e+00,-4.37500000e-03,-9.06250000e-02
3.28440000e-06,1.18125000e+00,2.55937500e+00,-1.68750000e-02,-7.10937500e-02
3.28472000e-06,1.10625000e+00,2.39687500e+00,-5.43750000e-02,-3.90625000e-03
3.28504000e-06,1.15625000e+00,2.60937500e+00,-3.50000000e-02,-3.98437500e-02
3.28536000e-06,1.28125000e+00,2.55937500e+00,-4.37500000e-03,-5.78125000e-02
3.28568000e-06,1.15625000e+00,2.44687500e+00,-4.37500000e-02,-1.71093750e-01
3.28600000e-06,1.19687500e+00,2.58437500e+00,-3.25000000e-02,-2.02343750e-01
3.28632000e-06,1.32500000e+00,2.50937500e+00,-1.37500000e-02,-9.37500000e-02
3.28664000e-06,1.10625000e+00,2.44687500e+00,3.75000000e-03,-4.45312500e-02
3.28696000e-06,1.18437500e+00,2.55937500e+00,6.25000000e-04,-5.23437500e-02
3.28728000e-06,1.20625000e+00,2.49687500e+00,-4.12500000e-02,-8.67187500e-02
3.28760000e-06,1.20625000e+00,2.69687500e+00,-4.37500000e-02,-2.81250000e-02
3.28792000e-06,1.31562500e+00,2.49687500e+00,-3.87500000e-02,-1.37500000e-01
3.28824000e-06,1.30000000e+00,2.47187500e+00,-2.50000000e-02,-1.04687500e-01
3.28856000e-06,1.24375000e+00,2.60937500e+00,1.25000000e-03,7.03125000e-03
3.28888000e-06,1.09687500e+00,2.57187500e+00,-1.93750000e-02,-6.01562500e-02
3.28920000e-06,1.15625000e+00,2.52187500e+00,-3.56250000e-02,-1.13281250e-01
3.28952000e-06,1.05625000e+00,2.53437500e+00,-1.87500000e-02,-1.19531250e-01
3.28984000e-06,1.25937500e+00,2.44687500e+00,-2.56250000e-02,-9.76562500e-02
3.29016000e-06,1.32500000e+00,2.54687500e+00,-9.37500000e-03,-6.25000000e-02
3.29048000e-06,1.06875000e+00,2.49687500e+00,-3.18750000e-02,-5.62500000e-02
3.29080000e-06,1.14687500e+00,2.42187500e+00,-4.87500000e-02,-1.33593750e-01
3.29112000e-06,1.21875000e+00,2.43437500e+00,-2.56250000e-02,-1.14062500e-01
3.29144000e-06,1.25937500e+00,2.50937500e+00,-2.18750000e-02,-5.93750000e-02
3.29176000e-06,1.28125000e+00,2.47187500e+00,-4.75000000e-02,-6.71875000e-02
3.29208000e-06,1.16875000e+00,2.72187500e+00,-6.25000000e-03,-2.96875000e-02
3.29240000e-06,1.24687500e+00,2.68437500e+00,-2.75000000e-02,-1.40625000e-02
3.29272000e-06,1.10625000e+00,2.67187500e+00,-1.75000000e-02,-5.70312500e-02
3.29304000e-06,1.05625000e+00,2.70937500e+00,-5.62500000e-02,-4.06250000e-02
3.29336000e-06,1.30000000e+00,2.44687500e+00,-1.37500000e-02,-2.10937500e-02
3.29368000e-06,1.11875000e+00,2.55937500e+00,-6.87500000e-03,-4.68750000e-02
3.29400000e-06,1.16875000e+00,2.53437500e+00,-3.37500000e-02,-8.51562500e-02
3.29432000e-06,1.11875000e+00,2.42187500e+00,-2.62500000e-02,-4.06250000e-02
3.29464000e-06,1.19375000e+00,2.49687500e+00,-3.81250000e-02,-4.84375000e-02
3.29496000e-06,1.21875000e+00,2.55937500e+00,1.12500000e-02,-8.43750000e-02
3.29528000e-06,1.25625000e+00,2.54687500e+00,-6.87500000e-03,-5.62500000e-02
3.29560000e-06,1.25625000e+00,2.54687500e+00,-2.56250000e-02,-4.06250000e-02
3.29592000e-06,1.11875000e+00,2.50937500e+00,-1.43750000e-02,-7.57812500e-02
3.29624000e-06,1.35312500e+00,2.53437500e+00,-4.81250000e-02,-1.57031250e-01
3.29656000e-06,1.31562500e+00,2.64687500e+00,-3.31250000e-02,-1.29687500e-01
3.29688000e-06,1.30000000e+00,2.52187500e+00,-1.62500000e-02,-1.01562500e-02
3.29720000e-06,1.23437500e+00,2.54687500e+00,-1.43750000e-02,3.67187500e-02
3.29752000e-06,1.22187500e+00,2.58437500e+00,-2.56250000e-02,1.56250000e-03
3.29784000e-06,1.23125000e+00,2.67187500e+00,6.25000000e-04,-2.03125000e-02
3.29816000e-06,1.21875000e+00,2.43437500e+00,-1.25000000e-02,-1.32812500e-02
3.29848000e-06,1.33750000e+00,2.42187500e+00,-4.62500000e-02,-1.10156250e-01
3.29880000e-06,1.13125000e+00,2.50937500e+00,-8.75000000e-03,-1.64843750e-01
3.29912000e-06,1.14375000e+00,2.65937500e+00,6.25000000e-04,-5.85937500e-02
3.29944000e-06,1.13125000e+00,2.52187500e+00,-2.00000000e-02,4.45312500e-02
3.29976000e-06,1.19375000e+00,2.62187500e+00,-7.75000000e-02,-5.23437500e-02
3.30008000e-06,1.24375000e+00,2.49687500e+00,-1.62500000e-02,-1.04687500e-01
3.30040000e-06,1.21875000e+00,2.55937500e+00,-1.87500000e-03,-1.48437500e-02
3.30072000e-06,1.26875000e+00,2.53437500e+00,-3.12500000e-02,-2.34375000e-02
3.30104000e-06,1.13125000e+00,2.58437500e+00,-1.68750000e-02,-5.46875000e-02
3.30136000e-06,1.14375000e+00,2.43437500e+00,-2.50000000e-03,-1.56250000e-02
3.30168000e-06,1.26875000e+00,2.60937500e+00,-3.87500000e-02,-9.37500000e-03
3.30200000e-06,1.16875000e+00,2.48437500e+00,-4.62500000e-02,-3.04687500e-02
3.30232000e-06,1.20625000e+00,2.54687500e+00,-1.93750000e-02,-8.90625000e-02
3.30264000e-06,1.14375000e+00,2.60937500e+00,-1.75000000e-02,-6.95312500e-02
3.30296000e-06,1.14375000e+00,2.53437500e+00,-2.56250000e-02,-2.42187500e-02
3.30328000e-06,1.24375000e+00,2.48437500e+00,-1.12500000e-02,2.03125000e-02
3.30360000e-06,1.35000000e+00,2.58437500e+00,-1.43750000e-02,-5.46875000e-03
3.30392000e-06,1.15625000e+00,2.30937500e+00,-4.37500000e-02,-5.07812500e-02
3.30424000e-06,1.16875000e+00,2.50937500e+00,-3.81250000e-02,-4.68750000e-02
3.30456000e-06,1.20937500e+00,2.55937500e+00,-3.00000000e-02,1.56250000e-03
3.30488000e-06,1.28437500e+00,2.57187500e+00,-1.68750000e-02,-7.03125000e-02
3.30520000e-06,1.20625000e+00,2.63437500e+00,-1.93750000e-02,-1.43750000e-01
3.30552000e-06,1.09687500e+00,2.54687500e+00,-2.18750000e-02,-6.87500000e-02
3.30584000e-06,1.14687500e+00,2.55937500e+00,-2.56250000e-02,-6.25000000e-03
3.30616000e-06,1.21875000e+00,2.49687500e+00,-2.62500000e-02,-3.90625000e-02
3.30648000e-06,1.32812500e+00,2.44687500e+00,-6.37500000e-02,-1.20312500e-01
3.30680000e-06,1.32500000e+00,2.45937500e+00,-1.68750000e-02,-6.40625000e-02
3.30712000e-06,1.30312500e+00,2.47187500e+00,-6.87500000e-03,-4.21875000e-02
3.30744000e-06,1.34062500e+00,2.58437500e+00,-1.18750000e-02,-1.17187500e-01
3.30776000e-06,1.16875000e+00,2.40937500e+00,-6.87500000e-03,-1.24218750e-01
3.30808000e-06,1.14687500e+00,2.60937500e+00,-3.37500000e-02,-8.75000000e-02
3.30840000e-06,1.23125000e+00,2.50937500e+00,-9.37500000e-03,-8.12500000e-02
3.30872000e-06,1.30312500e+00,2.52187500e+00,2.00000000e-02,-4.84375000e-02
3.30904000e-06,1.24375000e+00,2.50937500e+00,-1.18750000e-02,-7.18750000e-02
3.30936000e-06,1.13125000e+00,2.64687500e+00,-2.56250000e-02,-7.03125000e-02
3.30968000e-06,1.25937500e+00,2.49687500e+00,-2.18750000e-02,-1.02343750e-01
3.31000000e-06,1.25625000e+00,2.50937500e+00,-1.50000000e-02,-1.28125000e-01
3.31032000e-06,1.25625000e+00,2.52187500e+00,-3.12500000e-02,-1.06250000e-01
3.31064000e-06,1.13125000e+00,2.45937500e+00,-1.87500000e-02,-5.62500000e-02
3.31096000e-06,1.30312500e+00,2.47187500e+00,-2.81250000e-02,-8.04687500e-02
3.31128000e-06,1.31562500e+00,2.60937500e+00,1.06250000e-02,-1.75000000e-01
3.31160000e-06,1.25625000e+00,2.48437500e+00,6.25000000e-04,-6.48437500e-02
3.31192000e-06,1.18437500e+00,2.45937500e+00,-4.62500000e-02,-1.25000000e-02
3.31224000e-06,1.24687500e+00,2.53437500e+00,-3.06250000e-02,2.34375000e-03
3.31256000e-06,1.24375000e+00,2.44687500e+00,-4.37500000e-03,1.95312500e-02
3.31288000e-06,1.30000000e+00,2.62187500e+00,-1.12500000e-02,-1.09375000e-02
3.31320000e-06,1.23125000e+00,2.60937500e+00,-6.87500000e-03,-3.12500000e-03
3.31352000e-06,1.37812500e+00,2.35937500e+00,5.62500000e-03,-1.27343750e-01
3.31384000e-06,1.40000000e+00,2.52187500e+00,-2.87500000e-02,-2.18750000e-01
3.31416000e-06,1.13125000e+00,2.54687500e+00,-9.37500000e-03,-1.46875000e-01
3.31448000e-06,1.14375000e+00,2.62187500e+00,5.00000000e-03,2.10937500e-02
3.31480000e-06,1.16875000e+00,2.43437500e+00,-3.37500000e-02,3.90625000e-03
3.31512000e-06,1.25625000e+00,2.59687500e+00,-3.62500000e-02,-9.53125000e-02
3.31544000e-06,1.15625000e+00,2.64687500e+00,-1.68750000e-02,-3.75000000e-02
3.31576000e-06,1.24687500e+00,2.58437500e+00,6.25000000e-04,-3.98437500e-02
3.31608000e-06,1.34062500e+00,2.34687500e+00,-2.62500000e-02,-6.56250000e-02
3.31640000e-06,1.31562500e+00,2.48437500e+00,-6.87500000e-03,-6.17187500e-02
3.31672000e-06,1.33125000e+00,2.48437500e+00,-1.25000000e-02,-6.17187500e-02
3.31704000e-06,1.35625000e+00,2.42187500e+00,-6.87500000e-03,-5.00000000e-02
3.31736000e-06,1.19687500e+00,2.52187500e+00,-4.37500000e-03,-3.90625000e-03
3.31768000e-06,1.07187500e+00,2.55937500e+00,-4.37500000e-03,4.92187500e-02
3.31800000e-06,1.04687500e+00,2.65937500e+00,-9.37500000e-03,-2.34375000e-02
3.31832000e-06,1.15625000e+00,2.54687500e+00,-4.37500000e-03,-4.76562500e-02
3.31864000e-06,1.25625000e+00,2.57187500e+00,-3.31250000e-02,-1.95312500e-02
3.31896000e-06,1.24375000e+00,2.60937500e+00,-1.43750000e-02,-1.32812500e-02
3.31928000e-06,1.21875000e+00,2.52187500e+00,-3.87500000e-02,-7.03125000e-02
3.31960000e-06,1.30312500e+00,2.62187500e+00,-4.12500000e-02,-1.03125000e-01
3.31992000e-06,1.32812500e+00,2.48437500e+00,-4.37500000e-02,-6.25000000e-02
3.32024000e-06,1.30312500e+00,2.57187500e+00,-1.62500000e-02,-2.73437500e-02
3.32056000e-06,1.35312500e+00,2.42187500e+00,-4.37500000e-03,-1.01562500e-02
3.32088000e-06,1.20937500e+00,2.57187500e+00,-1.93750000e-02,-3.82812500e-02
3.32120000e-06,1.14687500e+00,2.52187500e+00,-1.87500000e-03,-6.79687500e-02
3.32152000e-06,1.09375000e+00,2.54687500e+00,-1.68750000e-02,2.34375000e-02
3.32184000e-06,1.16875000e+00,2.53437500e+00,-6.87500000e-03,4.29687500e-02
3.32216000e-06,1.34062500e+00,2.44687500e+00,-1.75000000e-02,2.50000000e-02
3.32248000e-06,1.23125000e+00,2.47187500e+00,-1.18750000e-02,6.64062500e-02
3.32280000e-06,1.21875000e+00,2.52187500e+00,0.00000000e+00,-4.92187500e-02
3.32312000e-06,1.28437500e+00,2.44687500e+00,-3.81250000e-02,-1.49218750e-01
3.32344000e-06,1.20625000e+00,2.68437500e+00,1.87500000e-02,-4.76562500e-02
3.32376000e-06,1.05625000e+00,2.52187500e+00,-8.75000000e-03,-5.07812500e-02
3.32408000e-06,1.11875000e+00,2.63437500e+00,-6.87500000e-03,-7.96875000e-02
3.32440000e-06,1.30000000e+00,2.50937500e+00,5.62500000e-03,-8.04687500e-02
3.32472000e-06,1.14375000e+00,2.53437500e+00,1.81250000e-02,-1.09375000e-02
3.32504000e-06,1.15625000e+00,2.34687500e+00,-2.81250000e-02,-4.76562500e-02
3.32536000e-06,1.22187500e+00,2.54687500e+00,1.31250000e-02,-6.25000000e-02
3.32568000e-06,1.35000000e+00,2.54687500e+00,-6.87500000e-03,-4.68750000e-02
3.32600000e-06,1.19375000e+00,2.64687500e+00,5.62500000e-03,-7.81250000e-02
3.32632000e-06,1.23437500e+00,2.57187500e+00,-5.12500000e-02,-8.04687500e-02
3.32664000e-06,1.19375000e+00,2.47187500e+00,-9.37500000e-03,-5.31250000e-02
3.32696000e-06,1.16875000e+00,2.49687500e+00,-1.00000000e-02,-1.56250000e-03
3.32728000e-06,1.20625000e+00,2.65937500e+00,3.12500000e-03,-2.03125000e-02
3.32760000e-06,1.28437500e+00,2.53437500e+00,-1.93750000e-02,1.32812500e-02
3.32792000e-06,1.27187500e+00,2.52187500e+00,-1.87500000e-03,-1.01562500e-02
3.32824000e-06,1.26875000e+00,2.45937500e+00,-3.12500000e-02,-1.48437500e-02
3.32856000e-06,1.23437500e+00,2.53437500e+00,-4.37500000e-03,-3.35937500e-02
3.32888000e-06,1.23437500e+00,2.55937500e+00,-5.00000000e-03,-5.31250000e-02
3.32920000e-06,1.16875000e+00,2.53437500e+00,-2.25000000e-02,-8.59375000e-03
3.32952000e-06,1.15625000e+00,2.59687500e+00,-3.62500000e-02,-5.07812500e-02
3.32984000e-06,1.19375000e+00,2.53437500e+00,-1.37500000e-02,-1.00781250e-01
3.33016000e-06,1.16875000e+00,2.57187500e+00,-1.87500000e-03,-8.82812500e-02
3.33048000e-06,1.24375000e+00,2.53437500e+00,-1.43750000e-02,-8.59375000e-02
3.33080000e-06,1.15625000e+00,2.38437500e+00,3.12500000e-03,-1.15625000e-01
3.33112000e-06,1.24375000e+00,2.54687500e+00,-1.68750000e-02,-1.15625000e-01
3.33144000e-06,1.21875000e+00,2.59687500e+00,-2.62500000e-02,-2.57812500e-02
3.33176000e-06,1.32812500e+00,2.48437500e+00,-3.62500000e-02,-4.76562500e-02
3.33208000e-06,1.24375000e+00,2.49687500e+00,-4.87500000e-02,-1.44531250e-01
3.33240000e-06,1.21875000e+00,2.53437500e+00,1.25000000e-03,-1.57031250e-01
3.33272000e-06,1.19687500e+00,2.58437500e+00,-2.00000000e-02,-1.08593750e-01
3.33304000e-06,1.31562500e+00,2.63437500e+00,-3.62500000e-02,-7.26562500e-02
3.33336000e-06,1.38750000e+00,2.58437500e+00,-4.56250000e-02,-1.15625000e-01
3.33368000e-06,1.11875000e+00,2.49687500e+00,-8.75000000e-03,-1.01562500e-01
3.33400000e-06,1.18437500e+00,2.58437500e+00,-2.87500000e-02,-1.01562500e-01
3.33432000e-06,1.32812500e+00,2.44687500e+00,-3.56250000e-02,-9.84375000e-02
3.33464000e-06,1.19375000e+00,2.35937500e+00,-1.43750000e-02,-1.10156250e-01
3.33496000e-06,1.25625000e+00,2.63437500e+00,-1.93750000e-02,-8.43750000e-02
3.33528000e-06,1.18437500e+00,2.60937500e+00,-2.56250000e-02,-3.43750000e-02
3.33560000e-06,1.16875000e+00,2.59687500e+00,-9.37500000e-03,-6.71875000e-02
3.33592000e-06,1.18125000e+00,2.57187500e+00,-4.06250000e-02,-6.79687500e-02
3.33624000e-06,1.13125000e+00,2.54687500e+00,-1.68750000e-02,-5.46875000e-03
3.33656000e-06,1.04375000e+00,2.52187500e+00,-4.62500000e-02,-6.25000000e-03
3.33688000e-06,1.24687500e+00,2.54687500e+00,-1.62500000e-02,-4.29687500e-02
3.33720000e-06,1.34062500e+00,2.42187500e+00,8.12500000e-03,-8.98437500e-02
3.33752000e-06,1.30000000e+00,2.62187500e+00,-1.75000000e-02,-1.59375000e-01
3.33784000e-06,1.13437500e+00,2.52187500e+00,-2.87500000e-02,-1.64062500e-01
3.33816000e-06,1.22187500e+00,2.55937500e+00,-2.50000000e-02,-9.14062500e-02
3.33848000e-06,1.39062500e+00,2.60937500e+00,-1.62500000e-02,1.71875000e-02
3.33880000e-06,1.25625000e+00,2.50937500e+00,-2.12500000e-02,2.34375000e-03
3.33912000e-06,1.15625000e+00,2.55937500e+00,-1.93750000e-02,-4.84375000e-02
3.33944000e-06,1.20937500e+00,2.48437500e+00,-1.93750000e-02,-2.03125000e-02
3.33976000e-06,1.21875000e+00,2.59687500e+00,-1.93750000e-02,-1.48437500e-02
3.34008000e-06,1.26875000e+00,2.73437500e+00,-3.12500000e-02,-3.90625000e-03
3.34040000e-06,1.16875000e+00,2.58437500e+00,-4.06250000e-02,-8.90625000e-02
3.34072000e-06,1.20625000e+00,2.58437500e+00,3.12500000e-03,-4.68750000e-02
3.34104000e-06,1.16875000e+00,2.40937500e+00,-2.81250000e-02,-1.56250000e-03
3.34136000e-06,1.28125000e+00,2.64687500e+00,-2.81250000e-02,-6.17187500e-02
3.34168000e-06,1.25625000e+00,2.65937500e+00,-3.37500000e-02,-9.21875000e-02
3.34200000e-06,1.24375000e+00,2.48437500e+00,-2.12500000e-02,-3.28125000e-02
3.34232000e-06,1.34062500e+00,2.48437500e+00,-1.31250000e-02,-3.20312500e-02
3.34264000e-06,1.36562500e+00,2.53437500e+00,-2.87500000e-02,-9.06250000e-02
3.34296000e-06,1.23125000e+00,2.49687500e+00,-2.12500000e-02,-1.35156250e-01
3.34328000e-06,1.25937500e+00,2.68437500e+00,1.56250000e-02,-1.28906250e-01
3.34360000e-06,1.23750000e+00,2.58437500e+00,6.25000000e-04,-3.82812500e-02
3.34392000e-06,1.39062500e+00,2.52187500e+00,2.50000000e-03,-2.50000000e-02
3.34424000e-06,1.20625000e+00,2.50937500e+00,-4.37500000e-02,-2.26562500e-02
3.34456000e-06,1.15000000e+00,2.47187500e+00,-3.75000000e-03,-4.29687500e-02
3.34488000e-06,1.24687500e+00,2.43437500e+00,2.50000000e-03,-2.34375000e-02
3.34520000e-06,1.13125000e+00,2.52187500e+00,-2.81250000e-02,-3.28125000e-02
3.34552000e-06,1.22187500e+00,2.54687500e+00,-8.75000000e-03,-6.25000000e-03
3.34584000e-06,1.24375000e+00,2.67187500e+00,6.25000000e-03,3.75000000e-02
3.34616000e-06,1.28125000e+00,2.65937500e+00,-2.25000000e-02,-2.73437500e-02
3.34648000e-06,1.27187500e+00,2.57187500e+00,-1.18750000e-02,-6.64062500e-02
3.34680000e-06,1.31250000e+00,2.45937500e+00,-1.93750000e-02,-9.45312500e-02
3.34712000e-06,1.19375000e+00,2.62187500e+00,-1.87500000e-03,-1.33593750e-01
3.34744000e-06,1.15937500e+00,2.54687500e+00,-2.00000000e-02,-6.25000000e-02
3.34776000e-06,1.30000000e+00,2.37187500e+00,-2.81250000e-02,3.12500000e-03
3.34808000e-06,1.16875000e+00,2.42187500e+00,-1.25000000e-03,-3.90625000e-02
3.34840000e-06,1.09375000e+00,2.62187500e+00,-8.75000000e-03,-9.76562500e-02
3.34872000e-06,1.15937500e+00,2.63437500e+00,-1.93750000e-02,-6.17187500e-02
3.34904000e-06,1.36562500e+00,2.57187500e+00,-9.37500000e-03,1.56250000e-03
3.34936000e-06,1.25625000e+00,2.40937500e+00,-3.06250000e-02,-9.37500000e-03
3.34968000e-06,1.09687500e+00,2.60937500e+00,1.06250000e-02,-7.65625000e-02
3.35000000e-06,1.24687500e+00,2.57187500e+00,-3.12500000e-02,2.81250000e-02
3.35032000e-06,1.23125000e+00,2.54687500e+00,-1.75000000e-02,-1.48437500e-02
3.35064000e-06,1.20625000e+00,2.55937500e+00,-4.93750000e-02,-1.55468750e-01
3.35096000e-06,1.19375000e+00,2.47187500e+00,-1.37500000e-02,-8.43750000e-02
3.35128000e-06,1.24375000e+00,2.37187500e+00,-1.87500000e-03,-3.90625000e-02
3.35160000e-06,1.21875000e+00,2.59687500e+00,-1.50000000e-02,-1.17187500e-01
3.35192000e-06,1.24375000e+00,2.64687500e+00,-5.37500000e-02,-3.98437500e-02
3.35224000e-06,1.35312500e+00,2.55937500e+00,-3.75000000e-03,2.81250000e-02
3.35256000e-06,1.28125000e+00,2.55937500e+00,6.25000000e-04,-1.56250000e-03
3.35288000e-06,1.13125000e+00,2.57187500e+00,-4.37500000e-03,-5.62500000e-02
3.35320000e-06,1.10937500e+00,2.49687500e+00,-1.18750000e-02,1.01562500e-02
3.35352000e-06,1.37812500e+00,2.54687500e+00,1.31250000e-02,4.37500000e-02
3.35384000e-06,1.26875000e+00,2.52187500e+00,-1.50000000e-02,5.46875000e-03
3.35416000e-06,1.21875000e+00,2.58437500e+00,-2.56250000e-02,-1.79687500e-02
3.35448000e-06,1.23437500e+00,2.37187500e+00,-3.06250000e-02,7.81250000e-04
3.35480000e-06,1.37812500e+00,2.63437500e+00,-4.31250000e-02,-6.56250000e-02
3.35512000e-06,1.30000000e+00,2.48437500e+00,-3.56250000e-02,-8.35937500e-02
3.35544000e-06,1.23125000e+00,2.62187500e+00,-3.75000000e-03,-7.03125000e-02
3.35576000e-06,1.18437500e+00,2.47187500e+00,-1.18750000e-02,-1.32812500e-01
3.35608000e-06,1.06875000e+00,2.65937500e+00,-4.12500000e-02,7.81250000e-04
3.35640000e-06,1.16875000e+00,2.57187500e+00,-3.25000000e-02,-1.17187500e-02
3.35672000e-06,1.16875000e+00,2.57187500e+00,-8.75000000e-03,-5.00000000e-02
3.35704000e-06,1.31250000e+00,2.43437500e+00,-2.50000000e-02,2.57812500e-02
3.35736000e-06,1.19375000e+00,2.47187500e+00,-2.00000000e-02,4.29687500e-02
3.35768000e-06,1.15625000e+00,2.54687500e+00,-3.06250000e-02,-5.00000000e-02
3.35800000e-06,1.26875000e+00,2.58437500e+00,-2.81250000e-02,-9.76562500e-02
3.35832000e-06,1.30312500e+00,2.49687500e+00,-4.00000000e-02,-8.51562500e-02
3.35864000e-06,1.26875000e+00,2.52187500e+00,-4.37500000e-03,-5.93750000e-02
3.35896000e-06,1.24687500e+00,2.42187500e+00,-1.93750000e-02,3.51562500e-02
3.35928000e-06,1.30625000e+00,2.63437500e+00,-1.68750000e-02,9.53125000e-02
3.35960000e-06,1.32500000e+00,2.64687500e+00,-4.37500000e-03,2.34375000e-02
3.35992000e-06,1.22500000e+00,2.52187500e+00,-1.43750000e-02,-4.53125000e-02
3.36024000e-06,1.34062500e+00,2.45937500e+00,5.62500000e-03,-3.90625000e-02
3.36056000e-06,1.14375000e+00,2.54687500e+00,1.06250000e-02,-8.20312500e-02
3.36088000e-06,1.19687500e+00,2.48437500e+00,-3.12500000e-02,-1.09375000e-01
3.36120000e-06,1.15625000e+00,2.64687500e+00,-1.18750000e-02,-6.01562500e-02
3.36152000e-06,1.09375000e+00,2.57187500e+00,-7.50000000e-03,-3.04687500e-02
3.36184000e-06,1.04375000e+00,2.62187500e+00,-1.68750000e-02,-4.14062500e-02
3.36216000e-06,1.13125000e+00,2.55937500e+00,-2.00000000e-02,-3.90625000e-02
3.36248000e-06,1.18125000e+00,2.47187500e+00,-1.18750000e-02,-7.81250000e-03
3.36280000e-06,1.24375000e+00,2.45937500e+00,-4.37500000e-03,-5.93750000e-02
3.36312000e-06,1.25625000e+00,2.63437500e+00,-2.00000000e-02,-1.04687500e-01
3.36344000e-06,1.20625000e+00,2.53437500e+00,-7.31250000e-02,-3.90625000e-02
3.36376000e-06,1.23125000e+00,2.65937500e+00,-5.06250000e-02,2.73437500e-02
3.36408000e-06,1.21875000e+00,2.54687500e+00,-1.12500000e-02,-3.90625000e-03
3.36440000e-06,1.20937500e+00,2.54687500e+00,-2.50000000e-03,1.56250000e-02
3.36472000e-06,1.33750000e+00,2.63437500e+00,2.50000000e-03,-4.29687500e-02
3.36504000e-06,1.13125000e+00,2.55937500e+00,-3.56250000e-02,-1.51562500e-01
3.36536000e-06,1.24687500e+00,2.44687500e+00,-1.37500000e-02,-7.81250000e-03
3.36568000e-06,1.19375000e+00,2.60937500e+00,-1.12500000e-02,1.95312500e-02
3.36600000e-06,1.24375000e+00,2.57187500e+00,-9.37500000e-03,-8.59375000e-03
3.36632000e-06,1.08125000e+00,2.50937500e+00,-2.18750000e-02,-1.01562500e-02
3.36664000e-06,1.32812500e+00,2.55937500e+00,6.25000000e-04,-5.31250000e-02
3.36696000e-06,1.28125000e+00,2.50937500e+00,-3.12500000e-02,-9.53125000e-02
3.36728000e-06,1.20937500e+00,2.45937500e+00,-4.06250000e-02,-7.10937500e-02
3.36760000e-06,1.34375000e+00,2.57187500e+00,-1.25000000e-02,-3.12500000e-02
3.36792000e-06,1.32500000e+00,2.59687500e+00,-3.56250000e-02,-6.17187500e-02
3.36824000e-06,1.23437500e+00,2.50937500e+00,-3.56250000e-02,-1.41406250e-01
3.36856000e-06,1.27500000e+00,2.59687500e+00,-1.37500000e-02,-3.98437500e-02
3.36888000e-06,1.23125000e+00,2.63437500e+00,-1.87500000e-03,1.17187500e-02
3.36920000e-06,1.26875000e+00,2.49687500e+00,-1.87500000e-03,-2.34375000e-03
3.36952000e-06,1.18437500e+00,2.62187500e+00,-1.87500000e-03,-7.89062500e-02
3.36984000e-06,1.23125000e+00,2.48437500e+00,-9.37500000e-03,-1.02343750e-01
3.37016000e-06,1.18125000e+00,2.63437500e+00,-3.12500000e-02,-1.40625000e-01
3.37048000e-06,1.26875000e+00,2.45937500e+00,-2.18750000e-02,-1.72656250e-01
3.37080000e-06,1.25625000e+00,2.59687500e+00,1.75000000e-02,-8.04687500e-02
3.37112000e-06,1.09375000e+00,2.58437500e+00,-1.43750000e-02,8.59375000e-03
3.37144000e-06,1.18125000e+00,2.43437500e+00,8.12500000e-03,-1.09375000e-02
3.37176000e-06,1.32812500e+00,2.44687500e+00,7.50000000e-03,-2.42187500e-02
3.37208000e-06,1.36562500e+00,2.64687500e+00,-3.87500000e-02,-2.26562500e-02
3.37240000e-06,1.30000000e+00,2.48437500e+00,-3.75000000e-02,-2.42187500e-02
3.37272000e-06,1.23437500e+00,2.54687500e+00,-3.75000000e-03,-3.12500000e-03
3.37304000e-06,1.17187500e+00,2.48437500e+00,-1.62500000e-02,-5.54687500e-02
3.37336000e-06,1.19687500e+00,2.55937500e+00,-3.62500000e-02,-2.26562500e-02
3.37368000e-06,1.31250000e+00,2.54687500e+00,-3.37500000e-02,5.46875000e-03
3.37400000e-06,1.14375000e+00,2.67187500e+00,-2.18750000e-02,-3.51562500e-02
3.37432000e-06,1.25937500e+00,2.65937500e+00,1.81250000e-02,-7.10937500e-02
3.37464000e-06,1.13125000e+00,2.59687500e+00,-3.87500000e-02,-1.42187500e-01
3.37496000e-06,1.18125000e+00,2.58437500e+00,-2.56250000e-02,-1.42187500e-01
3.37528000e-06,1.25625000e+00,2.62187500e+00,1.81250000e-02,-1.54687500e-01
3.37560000e-06,1.14375000e+00,2.54687500e+00,1.62500000e-02,-7.89062500e-02
3.37592000e-06,1.32812500e+00,2.58437500e+00,-1.25000000e-02,-5.46875000e-03
3.37624000e-06,1.31250000e+00,2.48437500e+00,-4.12500000e-02,-8.43750000e-02
3.37656000e-06,1.16875000e+00,2.62187500e+00,-1.12500000e-02,-9.21875000e-02
3.37688000e-06,1.19687500e+00,2.60937500e+00,-3.12500000e-02,-7.57812500e-02
3.37720000e-06,1.25937500e+00,2.54687500e+00,-2.18750000e-02,-5.70312500e-02
3.37752000e-06,1.28125000e+00,2.54687500e+00,-2.93750000e-02,-1.71875000e-02
3.37784000e-06,1.20625000e+00,2.58437500e+00,-1.68750000e-02,2.65625000e-02
3.37816000e-06,1.30625000e+00,2.54687500e+00,-1.50000000e-02,4.14062500e-02
3.37848000e-06,1.28125000e+00,2.53437500e+00,-3.12500000e-02,-7.81250000e-04
3.37880000e-06,1.25625000e+00,2.52187500e+00,-3.62500000e-02,1.09375000e-02
3.37912000e-06,1.12187500e+00,2.54687500e+00,-1.18750000e-02,-4.45312500e-02
3.37944000e-06,1.35312500e+00,2.53437500e+00,-3.06250000e-02,-6.17187500e-02
3.37976000e-06,1.27187500e+00,2.58437500e+00,-1.87500000e-03,1.01562500e-02
3.38008000e-06,1.36562500e+00,2.62187500e+00,-1.50000000e-02,-1.87500000e-02
3.38040000e-06,1.35625000e+00,2.58437500e+00,-2.87500000e-02,-7.65625000e-02
3.38072000e-06,1.23437500e+00,2.57187500e+00,-1.62500000e-02,-4.29687500e-02
3.38104000e-06,1.21250000e+00,2.52187500e+00,-9.37500000e-03,-3.12500000e-02
3.38136000e-06,1.31562500e+00,2.45937500e+00,-1.43750000e-02,-6.17187500e-02
3.38168000e-06,1.24375000e+00,2.65937500e+00,3.12500000e-03,-1.00781250e-01
3.38200000e-06,1.25937500e+00,2.69687500e+00,-2.62500000e-02,-2.57812500e-02
3.38232000e-06,1.24687500e+00,2.57187500e+00,-3.81250000e-02,1.40625000e-02
3.38264000e-06,1.25625000e+00,2.43437500e+00,-9.37500000e-03,-8.28125000e-02
3.38296000e-06,1.16875000e+00,2.53437500e+00,-1.93750000e-02,-9.21875000e-02
3.38328000e-06,1.25937500e+00,2.52187500e+00,-2.56250000e-02,-1.19531250e-01
3.38360000e-06,1.32812500e+00,2.45937500e+00,-8.75000000e-03,-1.43750000e-01
3.38392000e-06,1.26875000e+00,2.60937500e+00,-1.62500000e-02,-1.11718750e-01
3.38424000e-06,1.26875000e+00,2.67187500e+00,-1.68750000e-02,-4.60937500e-02
3.38456000e-06,1.31562500e+00,2.50937500e+00,-1.68750000e-02,-2.18750000e-02
3.38488000e-06,1.16875000e+00,2.69687500e+00,-1.87500000e-03,-8.59375000e-03
3.38520000e-06,1.24375000e+00,2.58437500e+00,-1.87500000e-03,-6.09375000e-02
3.38552000e-06,1.28437500e+00,2.67187500e+00,1.81250000e-02,-8.28125000e-02
3.38584000e-06,1.25625000e+00,2.57187500e+00,-1.75000000e-02,-1.28906250e-01
3.38616000e-06,1.16875000e+00,2.54687500e+00,-1.68750000e-02,-1.82031250e-01
3.38648000e-06,1.24687500e+00,2.55937500e+00,-2.56250000e-02,-8.75000000e-02
3.38680000e-06,1.24687500e+00,2.53437500e+00,8.12500000e-03,-5.39062500e-02
3.38712000e-06,1.32812500e+00,2.47187500e+00,-2.00000000e-02,-3.90625000e-02
3.38744000e-06,1.31250000e+00,2.57187500e+00,-1.43750000e-02,-1.02343750e-01
3.38776000e-06,1.19687500e+00,2.59687500e+00,-1.75000000e-02,-1.82031250e-01
3.38808000e-06,1.20937500e+00,2.57187500e+00,-1.43750000e-02,-1.10937500e-01
3.38840000e-06,1.21875000e+00,2.57187500e+00,8.12500000e-03,-7.42187500e-02
3.38872000e-06,1.25625000e+00,2.62187500e+00,-4.37500000e-02,-2.65625000e-02
3.38904000e-06,1.11875000e+00,2.45937500e+00,-3.81250000e-02,-8.35937500e-02
3.38936000e-06,1.19375000e+00,2.60937500e+00,3.12500000e-03,-4.53125000e-02
3.38968000e-06,1.24687500e+00,2.55937500e+00,-2.56250000e-02,-7.03125000e-03
3.39000000e-06,1.40000000e+00,2.67187500e+00,-2.56250000e-02,-1.09375000e-02
3.39032000e-06,1.13125000e+00,2.57187500e+00,-3.62500000e-02,3.43750000e-02
3.39064000e-06,1.33125000e+00,2.65937500e+00,-2.81250000e-02,2.57812500e-02
3.39096000e-06,1.32812500e+00,2.65937500e+00,-9.37500000e-03,-8.28125000e-02
3.39128000e-06,1.30000000e+00,2.62187500e+00,-1.68750000e-02,-1.37500000e-01
3.39160000e-06,1.20937500e+00,2.48437500e+00,5.62500000e-03,-3.20312500e-02
3.39192000e-06,1.27187500e+00,2.59687500e+00,-2.62500000e-02,-3.90625000e-03
3.39224000e-06,1.20625000e+00,2.39687500e+00,-2.81250000e-02,-5.54687500e-02
3.39256000e-06,1.08125000e+00,2.48437500e+00,-6.87500000e-03,-7.03125000e-03
3.39288000e-06,1.14375000e+00,2.43437500e+00,6.25000000e-03,8.12500000e-02
3.39320000e-06,1.28125000e+00,2.47187500e+00,-4.37500000e-03,4.92187500e-02
3.39352000e-06,1.21875000e+00,2.44687500e+00,-3.12500000e-02,-2.89062500e-02
3.39384000e-06,1.20625000e+00,2.53437500e+00,-2.81250000e-02,-6.87500000e-02
3.39416000e-06,1.11875000e+00,2.57187500e+00,-3.37500000e-02,-2.96875000e-02
3.39448000e-06,1.15625000e+00,2.47187500e+00,-2.12500000e-02,-8.59375000e-03
3.39480000e-06,1.21875000e+00,2.49687500e+00,2.25000000e-02,7.03125000e-03
3.39512000e-06,1.21875000e+00,2.72187500e+00,1.06250000e-02,1.25000000e-01
3.39544000e-06,1.19375000e+00,2.54687500e+00,-2.18750000e-02,9.60937500e-02
3.39576000e-06,1.24375000e+00,2.58437500e+00,2.31250000e-02,-2.73437500e-02
3.39608000e-06,1.00625000e+00,2.50937500e+00,-3.56250000e-02,-1.56250000e-03
3.39640000e-06,1.13125000e+00,2.55937500e+00,6.25000000e-04,3.20312500e-02
3.39672000e-06,1.23125000e+00,2.58437500e+00,-1.68750000e-02,1.64062500e-02
3.39704000e-06,1.21875000e+00,2.60937500e+00,-1.18750000e-02,-5.23437500e-02
3.39736000e-06,1.10625000e+00,2.50937500e+00,-1.87500000e-03,1.79687500e-02
3.39768000e-06,1.19375000e+00,2.55937500e+00,-1.68750000e-02,1.31250000e-01
3.39800000e-06,1.15625000e+00,2.62187500e+00,-2.87500000e-02,9.45312500e-02
3.39832000e-06,1.15625000e+00,2.54687500e+00,-2.56250000e-02,4.29687500e-02
3.39864000e-06,1.19375000e+00,2.54687500e+00,6.25000000e-04,-2.81250000e-02
3.39896000e-06,1.32500000e+00,2.52187500e+00,-8.75000000e-03,3.04687500e-02
3.39928000e-06,1.19375000e+00,2.47187500e+00,3.12500000e-03,4.45312500e-02
3.39960000e-06,1.14375000e+00,2.64687500e+00,-1.18750000e-02,-6.25000000e-03
3.39992000e-06,1.21875000e+00,2.49687500e+00,-6.87500000e-03,-4.29687500e-02
