Model,MSO56B
Channel,CH2,,Channel,CH3,,Channel,CH4,,Channel,CH5
Label,,,Label,,,Label,,,Label,
Waveform Type,ANALOG,,Waveform Type,ANALOG,,Waveform Type,ANALOG,,Waveform Type,ANALOG
Horizontal Units,s,,Horizontal Units,s,,Horizontal Units,s,,Horizontal Units,s
Sample Interval,3.20000000e-10,,Sample Interval,3.20000000e-10,,Sample Interval,3.20000000e-10,,Sample Interval,3.20000000e-10
Record Length,12500,,Record Length,12500,,Record Length,12500,,Record Length,12500
Zero Index,1874.00000000,,Zero Index,1874.00000000,,Zero Index,1874.00000000,,Zero Index,1874.00000000
Vertical Units,V,,Vertical Units,V,,Vertical Units,V,,Vertical Units,A
,,,,,,,,,,
ANALOG_Thumbnail,,,ANALOG_Thumbnail,,,ANALOG_Thumbnail,,,ANALOG_Thumbnail,
yOffset,0.000000,,yOffset,0.000000,,yOffset,0.000000,,yOffset,0.000000
yPosition,-3.000000,,yPosition,-3.000000,,yPosition,-3.000000,,yPosition,-3.000000

Labels,,,,
TIME,CH2,CH3,CH4,CH5
-5.99680000e-07,3.25000000e-01,1.11750000e+01,-1.18750000e-02,-8.98437500e-02
-5.99360000e-07,1.87500000e-01,1.13125000e+01,-1.12500000e-02,-1.14062500e-01
-5.99040000e-07,1.25000000e-01,1.11750000e+01,-2.25000000e-02,-1.92968750e-01
-5.98720000e-07,2.37500000e-01,1.10750000e+01,-3.37500000e-02,-2.06250000e-01
-5.98400000e-07,0.00000000e+00,1.11125000e+01,-3.25000000e-02,-8.59375000e-02
-5.98080000e-07,1.75000000e-01,1.11750000e+01,-1.25000000e-03,-1.48437500e-02
-5.97760000e-07,1.25000000e-01,1.11250000e+01,-1.37500000e-02,-5.46875000e-02
-5.97440000e-07,1.62500000e-01,1.11750000e+01,-1.18750000e-02,-1.15625000e-01
-5.97120000e-07,1.37500000e-01,1.11250000e+01,-2.81250000e-02,-1.31250000e-01
-5.96800000e-07,1.87500000e-01,1.11750000e+01,-1.18750000e-02,-1.07812500e-01
-5.96480000e-07,7.50000000e-02,1.12375000e+01,-1.87500000e-03,-1.20312500e-01
-5.96160000e-07,1.12500000e-01,1.11250000e+01,6.25000000e-04,-8.12500000e-02
-5.95840000e-07,1.50000000e-01,1.10000000e+01,-4.37500000e-03,-1.48437500e-02
-5.95520000e-07,1.62500000e-01,1.11875000e+01,-1.68750000e-02,-8.12500000e-02
-5.95200000e-07,2.12500000e-01,1.11625000e+01,3.12500000e-03,-1.35937500e-01
-5.94880000e-07,1.62500000e-01,1.11625000e+01,-2.18750000e-02,-7.50000000e-02
-5.94560000e-07,1.00000000e-01,1.11875000e+01,-1.25000000e-02,-8.28125000e-02
-5.94240000e-07,1.25000000e-01,1.11750000e+01,-4.37500000e-02,-1.03906250e-01
-5.93920000e-07,-1.25000000e-02,1.11125000e+01,-1.62500000e-02,-7.26562500e-02
-5.93600000e-07,-1.25000000e-02,1.11125000e+01,8.12500000e-03,-7.73437500e-02
-5.93280000e-07,1.87500000e-01,1.12375000e+01,-2.81250000e-02,-1.07031250e-01
-5.92960000e-07,2.25000000e-01,1.11375000e+01,-1.43750000e-02,-5.39062500e-02
-5.92640000e-07,1.12500000e-01,1.11125000e+01,-1.43750000e-02,-6.79687500e-02
-5.92320000e-07,3.75000000e-02,1.11625000e+01,-6.87500000e-03,-9.68750000e-02
-5.92000000e-07,2.50000000e-01,1.10375000e+01,-1.43750000e-02,-3.59375000e-02
-5.91680000e-07,1.50000000e-01,1.12375000e+01,-9.37500000e-03,1.01562500e-02
-5.91360000e-07,5.00000000e-02,1.10875000e+01,-2.25000000e-02,-1.32812500e-02
-5.91040000e-07,1.50000000e-01,1.11875000e+01,-2.87500000e-02,-6.79687500e-02
-5.90720000e-07,2.50000000e-02,1.11125000e+01,-6.25000000e-03,-7.73437500e-02
-5.90400000e-07,7.50000000e-02,1.10625000e+01,1.31250000e-02,-1.28906250e-01
-5.90080000e-07,1.25000000e-01,1.11625000e+01,-1.68750000e-02,-1.43750000e-01
-5.89760000e-07,2.12500000e-01,1.12375000e+01,-6.87500000e-03,-1.17187500e-02
-5.89440000e-07,1.37500000e-01,1.11500000e+01,8.12500000e-03,-1.40625000e-02
-5.89120000e-07,1.50000000e-01,1.11875000e+01,-3.12500000e-02,3.20312500e-02
-5.88800000e-07,1.37500000e-01,1.09500000e+01,-3.12500000e-02,1.87500000e-02
-5.88480000e-07,5.00000000e-02,1.11125000e+01,-1.25000000e-02,-1.09375000e-02
-5.88160000e-07,8.75000000e-02,1.11250000e+01,-4.87500000e-02,-2.10937500e-02
-5.87840000e-07,2.50000000e-01,1.12875000e+01,-5.25000000e-02,-4.14062500e-02
-5.87520000e-07,2.37500000e-01,1.12250000e+01,1.25000000e-03,-6.79687500e-02
-5.87200000e-07,6.25000000e-02,1.12000000e+01,-1.37500000e-02,-9.37500000e-02
-5.86880000e-07,1.87500000e-01,1.12125000e+01,-1.68750000e-02,-5.85937500e-02
-5.86560000e-07,2.37500000e-01,1.11250000e+01,-2.18750000e-02,-8.90625000e-02
-5.86240000e-07,0.00000000e+00,1.11500000e+01,-1.18750000e-02,-1.16406250e-01
-5.85920000e-07,1.12500000e-01,1.12500000e+01,-2.81250000e-02,-1.17968750e-01
-5.85600000e-07,1.75000000e-01,1.10125000e+01,1.56250000e-02,-4.76562500e-02
-5.85280000e-07,1.00000000e-01,1.10375000e+01,-9.37500000e-03,-1.10937500e-01
-5.84960000e-07,1.87500000e-01,1.11250000e+01,8.12500000e-03,-9.76562500e-02
-5.84640000e-07,2.50000000e-02,1.12625000e+01,6.25000000e-04,-4.60937500e-02
-5.84320000e-07,8.75000000e-02,1.12250000e+01,-1.93750000e-02,-2.65625000e-02
-5.84000000e-07,1.00000000e-01,1.12625000e+01,-6.87500000e-03,-2.57812500e-02
-5.83680000e-07,7.50000000e-02,1.10625000e+01,-1.25000000e-02,-6.09375000e-02
-5.83360000e-07,-3.75000000e-02,1.11000000e+01,-4.12500000e-02,-9.45312500e-02
-5.83040000e-07,-3.75000000e-02,1.12125000e+01,-2.12500000e-02,-1.39062500e-01
-5.82720000e-07,2.62500000e-01,1.11375000e+01,8.12500000e-03,-1.03906250e-01
-5.82400000e-07,1.62500000e-01,1.10625000e+01,-9.37500000e-03,-9.76562500e-02
-5.82080000e-07,1.87500000e-01,1.10375000e+01,3.12500000e-03,-5.23437500e-02
-5.81760000e-07,1.87500000e-01,1.12750000e+01,-4.87500000e-02,-5.31250000e-02
-5.81440000e-07,1.50000000e-01,1.11625000e+01,-1.43750000e-02,-8.59375000e-02
-5.81120000e-07,1.12500000e-01,1.10750000e+01,-2.50000000e-03,-8.82812500e-02
-5.80800000e-07,7.50000000e-02,1.11000000e+01,-1.93750000e-02,-9.84375000e-02
-5.80480000e-07,1.00000000e-01,1.10625000e+01,3.12500000e-03,-8.12500000e-02
-5.80160000e-07,2.25000000e-01,1.12000000e+01,-9.37500000e-03,-1.15625000e-01
-5.79840000e-07,1.25000000e-02,1.11625000e+01,1.31250000e-02,-9.06250000e-02
-5.79520000e-07,1.50000000e-01,1.12375000e+01,-3.12500000e-02,-3.04687500e-02
-5.79200000e-07,1.25000000e-01,1.10500000e+01,-1.43750000e-02,-3.67187500e-02
-5.78880000e-07,2.50000000e-02,1.12125000e+01,-1.75000000e-02,-3.67187500e-02
-5.78560000e-07,1.00000000e-01,1.12500000e+01,-9.37500000e-03,-1.07031250e-01
-5.78240000e-07,1.25000000e-01,1.12500000e+01,-2.18750000e-02,-1.14062500e-01
-5.77920000e-07,1.37500000e-01,1.11875000e+01,-3.12500000e-02,-1.08593750e-01
-5.77600000e-07,1.75000000e-01,1.10000000e+01,-2.81250000e-02,-6.48437500e-02
-5.77280000e-07,1.37500000e-01,1.10750000e+01,6.25000000e-04,-8.59375000e-03
-5.76960000e-07,5.00000000e-02,1.12000000e+01,-1.18750000e-02,-7.03125000e-03
-5.76640000e-07,7.50000000e-02,1.10375000e+01,-3.31250000e-02,-8.28125000e-02
-5.76320000e-07,1.87500000e-01,1.11000000e+01,-4.37500000e-03,-1.60156250e-01
-5.76000000e-07,1.25000000e-01,1.10375000e+01,-3.56250000e-02,-1.57031250e-01
-5.75680000e-07,6.25000000e-02,1.10375000e+01,-1.37500000e-02,-1.03906250e-01
-5.75360000e-07,1.37500000e-01,1.11750000e+01,-1.50000000e-02,-8.12500000e-02
-5.75040000e-07,1.12500000e-01,1.11625000e+01,-1.93750000e-02,-1.08593750e-01
-5.74720000e-07,0.00000000e+00,1.12250000e+01,-6.87500000e-03,-1.36718750e-01
-5.74400000e-07,6.25000000e-02,1.11875000e+01,8.12500000e-03,-1.15625000e-01
-5.74080000e-07,1.25000000e-01,1.10375000e+01,-2.62500000e-02,-8.90625000e-02
-5.73760000e-07,1.50000000e-01,1.09625000e+01,-4.62500000e-02,-8.04687500e-02
-5.73440000e-07,5.00000000e-02,1.12125000e+01,-6.87500000e-03,-6.87500000e-02
-5.73120000e-07,1.87500000e-01,1.11250000e+01,5.62500000e-03,-1.28906250e-01
-5.72800000e-07,8.75000000e-02,1.11000000e+01,3.12500000e-03,-1.72656250e-01
-5.72480000e-07,1.12500000e-01,1.11375000e+01,-7.50000000e-03,-5.70312500e-02
-5.72160000e-07,3.12500000e-01,1.11875000e+01,-2.81250000e-02,-6.09375000e-02
-5.71840000e-07,1.50000000e-01,1.11000000e+01,1.25000000e-03,-2.10937500e-02
-5.71520000e-07,1.75000000e-01,1.11000000e+01,-2.12500000e-02,-9.92187500e-02
-5.71200000e-07,8.75000000e-02,1.11750000e+01,-9.37500000e-03,-1.04687500e-01
-5.70880000e-07,3.00000000e-01,1.11125000e+01,-9.37500000e-03,-3.28125000e-02
-5.70560000e-07,1.75000000e-01,1.13500000e+01,8.12500000e-03,-8.82812500e-02
-5.70240000e-07,8.75000000e-02,1.12375000e+01,-2.50000000e-03,-8.43750000e-02
-5.69920000e-07,1.50000000e-01,1.10625000e+01,-4.31250000e-02,-7.73437500e-02
-5.69600000e-07,1.12500000e-01,1.12500000e+01,8.75000000e-03,-1.18750000e-01
-5.69280000e-07,1.62500000e-01,1.10750000e+01,-4.56250000e-02,-4.84375000e-02
-5.68960000e-07,5.00000000e-02,1.10000000e+01,-4.81250000e-02,-7.50000000e-02
-5.68640000e-07,6.25000000e-02,1.11125000e+01,-4.37500000e-03,-1.25781250e-01
-5.68320000e-07,8.75000000e-02,1.10625000e+01,1.25000000e-03,-8.12500000e-02
-5.68000000e-07,2.50000000e-02,1.12250000e+01,-3.37500000e-02,-6.48437500e-02
-5.67680000e-07,2.50000000e-01,1.10625000e+01,-3.81250000e-02,-5.78125000e-02
-5.67360000e-07,2.25000000e-01,1.11375000e+01,-4.37500000e-03,-5.93750000e-02
-5.67040000e-07,7.50000000e-02,1.09750000e+01,-1.18750000e-02,-1.29687500e-01
-5.66720000e-07,2.50000000e-02,1.11375000e+01,-2.56250000e-02,-1.18750000e-01
-5.66400000e-07,2.62500000e-01,1.12000000e+01,-3.56250000e-02,-8.43750000e-02
-5.66080000e-07,2.00000000e-01,1.13125000e+01,-2.81250000e-02,-1.01562500e-01
-5.65760000e-07,7.50000000e-02,1.11750000e+01,-2.81250000e-02,-9.29687500e-02
-5.65440000e-07,8.75000000e-02,1.11375000e+01,-1.25000000e-03,-1.41406250e-01
-5.65120000e-07,1.50000000e-01,1.12250000e+01,-2.56250000e-02,-1.77343750e-01
-5.64800000e-07,1.87500000e-01,1.11875000e+01,-2.56250000e-02,-1.70312500e-01
-5.64480000e-07,1.75000000e-01,1.11250000e+01,-4.37500000e-03,-1.14062500e-01
-5.64160000e-07,1.12500000e-01,1.12375000e+01,3.75000000e-03,-5.15625000e-02
-5.63840000e-07,1.00000000e-01,1.10875000e+01,-9.37500000e-03,-1.32812500e-02
-5.63520000e-07,8.75000000e-02,1.11500000e+01,-9.37500000e-03,-9.92187500e-02
-5.63200000e-07,1.00000000e-01,1.11375000e+01,8.12500000e-03,-7.03125000e-02
-5.62880000e-07,1.75000000e-01,1.12250000e+01,-9.37500000e-03,-2.42187500e-02
-5.62560000e-07,1.87500000e-01,1.10000000e+01,-4.37500000e-03,-3.75000000e-02
-5.62240000e-07,5.00000000e-02,1.10625000e+01,5.62500000e-03,-1.79687500e-02
-5.61920000e-07,8.75000000e-02,1.11500000e+01,-4.37500000e-03,-5.93750000e-02
-5.61600000e-07,2.00000000e-01,1.12625000e+01,-2.87500000e-02,-8.35937500e-02
-5.61280000e-07,1.37500000e-01,1.11750000e+01,-1.93750000e-02,-8.90625000e-02
-5.60960000e-07,1.62500000e-01,1.11125000e+01,1.25000000e-02,-4.68750000e-02
-5.60640000e-07,2.87500000e-01,1.11125000e+01,-1.18750000e-02,-1.07031250e-01
-5.60320000e-07,1.75000000e-01,1.11750000e+01,3.12500000e-03,-1.87500000e-01
-5.60000000e-07,1.37500000e-01,1.11375000e+01,-2.25000000e-02,-1.36718750e-01
-5.59680000e-07,8.75000000e-02,1.10625000e+01,-3.31250000e-02,-1.19531250e-01
-5.59360000e-07,2.12500000e-01,1.11625000e+01,-1.25000000e-03,-7.96875000e-02
-5.59040000e-07,7.50000000e-02,1.10375000e+01,-2.75000000e-02,-3.04687500e-02
-5.58720000e-07,7.50000000e-02,1.10750000e+01,-6.87500000e-03,-6.40625000e-02
-5.58400000e-07,2.12500000e-01,1.12000000e+01,-1.93750000e-02,-1.01562500e-01
-5.58080000e-07,1.37500000e-01,1.12500000e+01,-1.43750000e-02,-3.59375000e-02
-5.57760000e-07,1.37500000e-01,1.12875000e+01,-2.00000000e-02,-2.03125000e-02
-5.57440000e-07,1.75000000e-01,1.10250000e+01,-2.87500000e-02,-6.79687500e-02
-5.57120000e-07,8.75000000e-02,1.11125000e+01,-2.12500000e-02,-2.57812500e-02
-5.56800000e-07,7.50000000e-02,1.10750000e+01,1.56250000e-02,-2.42187500e-02
-5.56480000e-07,1.50000000e-01,1.11250000e+01,6.25000000e-04,-4.29687500e-02
-5.56160000e-07,2.87500000e-01,1.11125000e+01,-1.43750000e-02,-8.12500000e-02
-5.55840000e-07,2.00000000e-01,1.11625000e+01,-1.68750000e-02,-1.17187500e-01
-5.55520000e-07,1.12500000e-01,1.12125000e+01,1.06250000e-02,-9.37500000e-02
-5.55200000e-07,2.50000000e-02,1.11500000e+01,-2.62500000e-02,-1.13281250e-01
-5.54880000e-07,2.37500000e-01,1.10250000e+01,-1.43750000e-02,-7.26562500e-02
-5.54560000e-07,1.37500000e-01,1.11375000e+01,2.25000000e-02,-5.93750000e-02
-5.54240000e-07,5.00000000e-02,1.11000000e+01,-1.87500000e-03,-4.92187500e-02
-5.53920000e-07,5.00000000e-02,1.10750000e+01,-1.43750000e-02,-1.10156250e-01
-5.53600000e-07,2.37500000e-01,1.11875000e+01,-5.37500000e-02,-1.11718750e-01
-5.53280000e-07,7.50000000e-02,1.11750000e+01,-1.43750000e-02,-7.96875000e-02
-5.52960000e-07,1.87500000e-01,1.12125000e+01,-6.25000000e-04,-1.18750000e-01
-5.52640000e-07,1.37500000e-01,1.12000000e+01,-3.31250000e-02,-1.07812500e-01
-5.52320000e-07,3.75000000e-02,1.10750000e+01,-1.25000000e-03,-6.95312500e-02
-5.52000000e-07,1.62500000e-01,1.11000000e+01,3.75000000e-03,-8.59375000e-02
-5.51680000e-07,7.50000000e-02,1.10625000e+01,5.62500000e-03,-3.12500000e-02
-5.51360000e-07,-3.75000000e-02,1.12750000e+01,-1.68750000e-02,7.65625000e-02
-5.51040000e-07,1.12500000e-01,1.12125000e+01,-1.87500000e-03,5.78125000e-02
-5.50720000e-07,-5.00000000e-02,1.10500000e+01,-7.50000000e-03,-1.00781250e-01
-5.50400000e-07,1.00000000e-01,1.10875000e+01,-2.18750000e-02,-1.49218750e-01
-5.50080000e-07,7.50000000e-02,1.11625000e+01,-1.18750000e-02,-2.34375000e-02
-5.49760000e-07,1.62500000e-01,1.11500000e+01,-1.93750000e-02,-3.51562500e-02
-5.49440000e-07,2.62500000e-01,1.11375000e+01,-1.18750000e-02,-2.03125000e-02
-5.49120000e-07,-1.25000000e-01,1.12125000e+01,-9.37500000e-03,2.81250000e-02
-5.48800000e-07,1.00000000e-01,1.11625000e+01,-1.87500000e-03,-6.40625000e-02
-5.48480000e-07,2.75000000e-01,1.12750000e+01,-1.93750000e-02,-1.17968750e-01
-5.48160000e-07,1.37500000e-01,1.11125000e+01,-9.37500000e-03,-9.06250000e-02
-5.47840000e-07,8.75000000e-02,1.10750000e+01,-1.68750000e-02,-9.21875000e-02
-5.47520000e-07,1.62500000e-01,1.11750000e+01,8.12500000e-03,-1.01562500e-01
-5.47200000e-07,2.00000000e-01,1.11625000e+01,-4.37500000e-03,-1.03906250e-01
-5.46880000e-07,1.87500000e-01,1.10750000e+01,-3.06250000e-02,-3.59375000e-02
-5.46560000e-07,7.50000000e-02,1.10375000e+01,-1.43750000e-02,-7.10937500e-02
-5.46240000e-07,2.25000000e-01,1.11750000e+01,-6.87500000e-03,-6.56250000e-02
-5.45920000e-07,1.37500000e-01,1.11750000e+01,-3.12500000e-02,-6.01562500e-02
-5.45600000e-07,1.25000000e-01,1.11250000e+01,-1.43750000e-02,-6.79687500e-02
-5.45280000e-07,7.50000000e-02,1.11875000e+01,-3.43750000e-02,-1.25000000e-01
-5.44960000e-07,2.00000000e-01,1.10875000e+01,-2.56250000e-02,-1.36718750e-01
-5.44640000e-07,1.25000000e-01,1.11500000e+01,3.12500000e-03,2.03125000e-02
-5.44320000e-07,1.37500000e-01,1.11750000e+01,-2.50000000e-02,-3.04687500e-02
-5.44000000e-07,-1.25000000e-02,1.12250000e+01,-9.37500000e-03,-8.35937500e-02
-5.43680000e-07,3.75000000e-02,1.11875000e+01,-9.37500000e-03,-8.67187500e-02
-5.43360000e-07,1.87500000e-01,1.10750000e+01,-2.25000000e-02,-2.03125000e-02
-5.43040000e-07,1.37500000e-01,1.11125000e+01,-3.06250000e-02,-3.35937500e-02
-5.42720000e-07,1.87500000e-01,1.11250000e+01,1.25000000e-03,-7.81250000e-02
-5.42400000e-07,2.62500000e-01,1.11500000e+01,2.87500000e-02,-7.34375000e-02
-5.42080000e-07,1.87500000e-01,1.11375000e+01,-6.87500000e-03,-7.03125000e-02
-5.41760000e-07,2.12500000e-01,1.11125000e+01,-9.37500000e-03,-6.40625000e-02
-5.41440000e-07,1.12500000e-01,1.10750000e+01,-4.37500000e-03,-8.43750000e-02
-5.41120000e-07,-5.00000000e-02,1.11375000e+01,-2.87500000e-02,-5.62500000e-02
-5.40800000e-07,-5.00000000e-02,1.11000000e+01,-1.18750000e-02,-4.29687500e-02
-5.40480000e-07,2.50000000e-02,1.11000000e+01,1.50000000e-02,-9.21875000e-02
-5.40160000e-07,1.00000000e-01,1.11875000e+01,-2.00000000e-02,-7.73437500e-02
-5.39840000e-07,1.25000000e-02,1.12625000e+01,-2.56250000e-02,-9.29687500e-02
-5.39520000e-07,1.00000000e-01,1.11375000e+01,8.75000000e-03,-3.35937500e-02
-5.39200000e-07,3.00000000e-01,1.10625000e+01,-3.06250000e-02,-7.50000000e-02
-5.38880000e-07,1.62500000e-01,1.10875000e+01,-4.87500000e-02,-6.01562500e-02
-5.38560000e-07,2.00000000e-01,1.12000000e+01,-3.12500000e-02,-8.51562500e-02
-5.38240000e-07,8.75000000e-02,1.12000000e+01,-1.87500000e-02,-6.32812500e-02
-5.37920000e-07,3.75000000e-02,1.11875000e+01,-4.37500000e-03,1.17187500e-02
-5.37600000e-07,1.25000000e-01,1.11625000e+01,3.12500000e-03,-5.85937500e-02
-5.37280000e-07,5.00000000e-02,1.10875000e+01,6.25000000e-04,-2.89062500e-02
-5.36960000e-07,6.25000000e-02,1.12250000e+01,-1.68750000e-02,-5.07812500e-02
-5.36640000e-07,8.75000000e-02,1.12625000e+01,-2.25000000e-02,-7.89062500e-02
-5.36320000e-07,1.12500000e-01,1.11625000e+01,-5.12500000e-02,-1.00000000e-01
-5.36000000e-07,-5.00000000e-02,1.10750000e+01,-3.75000000e-03,-9.14062500e-02
-5.35680000e-07,1.50000000e-01,1.11375000e+01,-6.87500000e-03,-8.51562500e-02
-5.35360000e-07,1.00000000e-01,1.11875000e+01,-2.18750000e-02,-8.75000000e-02
-5.35040000e-07,1.12500000e-01,1.10875000e+01,-2.56250000e-02,-8.98437500e-02
-5.34720000e-07,1.25000000e-01,1.12000000e+01,6.25000000e-04,-1.00781250e-01
-5.34400000e-07,1.25000000e-02,1.12250000e+01,-2.25000000e-02,-1.12500000e-01
-5.34080000e-07,1.00000000e-01,1.12250000e+01,-2.81250000e-02,-3.67187500e-02
-5.33760000e-07,1.12500000e-01,1.12000000e+01,-1.18750000e-02,-3.98437500e-02
-5.33440000e-07,7.50000000e-02,1.11500000e+01,-2.75000000e-02,-8.75000000e-02
-5.33120000e-07,1.37500000e-01,1.10250000e+01,-3.00000000e-02,-8.67187500e-02
-5.32800000e-07,1.62500000e-01,1.10750000e+01,1.37500000e-02,-5.62500000e-02
-5.32480000e-07,1.50000000e-01,1.10500000e+01,-1.93750000e-02,-7.26562500e-02
-5.32160000e-07,5.00000000e-02,1.11000000e+01,-3.37500000e-02,-4.68750000e-02
-5.31840000e-07,3.75000000e-02,1.11250000e+01,-9.37500000e-03,-8.51562500e-02
-5.31520000e-07,2.62500000e-01,1.12125000e+01,-1.00000000e-02,-1.12500000e-01
-5.31200000e-07,1.00000000e-01,1.09875000e+01,-1.00000000e-02,-1.34375000e-01
-5.30880000e-07,5.00000000e-02,1.11250000e+01,-4.12500000e-02,-7.81250000e-02
-5.30560000e-07,1.87500000e-01,1.11500000e+01,-5.81250000e-02,-1.11718750e-01
-5.30240000e-07,2.37500000e-01,1.12250000e+01,-2.12500000e-02,-1.89062500e-01
-5.29920000e-07,8.75000000e-02,1.10500000e+01,-1.93750000e-02,-9.84375000e-02
-5.29600000e-07,7.50000000e-02,1.11125000e+01,-1.18750000e-02,-1.10156250e-01
-5.29280000e-07,-1.25000000e-02,1.11500000e+01,-1.93750000e-02,-1.32812500e-01
-5.28960000e-07,1.75000000e-01,1.11625000e+01,-3.87500000e-02,-1.40625000e-01
-5.28640000e-07,7.50000000e-02,1.11125000e+01,-2.81250000e-02,-1.14062500e-01
-5.28320000e-07,3.75000000e-02,1.12125000e+01,-1.75000000e-02,-1.62500000e-01
-5.28000000e-07,5.00000000e-02,1.10750000e+01,-4.56250000e-02,-1.97656250e-01
-5.27680000e-07,7.50000000e-02,1.11375000e+01,-3.00000000e-02,-1.42187500e-01
-5.27360000e-07,6.25000000e-02,1.11375000e+01,-1.37500000e-02,-1.81250000e-01
-5.27040000e-07,5.00000000e-02,1.12375000e+01,-1.12500000e-02,-1.88281250e-01
-5.26720000e-07,5.00000000e-02,1.10750000e+01,-2.00000000e-02,-1.07812500e-01
-5.26400000e-07,1.87500000e-01,1.11875000e+01,-2.81250000e-02,-8.51562500e-02
-5.26080000e-07,1.75000000e-01,1.12875000e+01,6.25000000e-03,-5.15625000e-02
-5.25760000e-07,1.50000000e-01,1.10375000e+01,-2.81250000e-02,-7.18750000e-02
-5.25440000e-07,8.75000000e-02,1.09875000e+01,-4.87500000e-02,-9.21875000e-02
-5.25120000e-07,1.25000000e-01,1.11250000e+01,-1.18750000e-02,-9.37500000e-02
-5.24800000e-07,1.75000000e-01,1.09375000e+01,-1.68750000e-02,-1.42187500e-01
-5.24480000e-07,1.50000000e-01,1.11875000e+01,-2.25000000e-02,-2.27343750e-01
-5.24160000e-07,1.37500000e-01,1.11875000e+01,-3.06250000e-02,-2.32812500e-01
-5.23840000e-07,1.50000000e-01,1.11625000e+01,-1.43750000e-02,-1.17187500e-01
-5.23520000e-07,2.62500000e-01,1.12750000e+01,-2.12500000e-02,-1.61718750e-01
-5.23200000e-07,1.00000000e-01,1.11250000e+01,-1.93750000e-02,-1.23437500e-01
-5.22880000e-07,1.50000000e-01,1.11500000e+01,-6.87500000e-03,-9.21875000e-02
-5.22560000e-07,1.62500000e-01,1.12250000e+01,-3.87500000e-02,-9.92187500e-02
-5.22240000e-07,2.50000000e-02,1.13375000e+01,-1.75000000e-02,-1.23437500e-01
-5.21920000e-07,0.00000000e+00,1.12250000e+01,-5.18750000e-02,-1.67968750e-01
-5.21600000e-07,1.75000000e-01,1.09625000e+01,-2.75000000e-02,-1.17187500e-01
-5.21280000e-07,1.62500000e-01,1.11000000e+01,-2.56250000e-02,-9.76562500e-02
-5.20960000e-07,1.00000000e-01,1.11250000e+01,-3.06250000e-02,-1.06250000e-01
-5.20640000e-07,1.00000000e-01,1.12125000e+01,-4.12500000e-02,-1.13281250e-01
-5.20320000e-07,2.00000000e-01,1.11625000e+01,-8.75000000e-03,-1.18750000e-01
-5.20000000e-07,1.50000000e-01,1.12625000e+01,6.25000000e-04,-1.63281250e-01
-5.19680000e-07,1.75000000e-01,1.11750000e+01,-1.87500000e-03,-2.23437500e-01
-5.19360000e-07,6.25000000e-02,1.11625000e+01,-6.87500000e-03,-1.63281250e-01
-5.19040000e-07,-5.00000000e-02,1.11500000e+01,-9.37500000e-03,-8.43750000e-02
-5.18720000e-07,2.00000000e-01,1.10375000e+01,-2.87500000e-02,-6.64062500e-02
-5.18400000e-07,2.00000000e-01,1.11375000e+01,-9.37500000e-03,-1.07812500e-01
-5.18080000e-07,1.37500000e-01,1.11375000e+01,-1.50000000e-02,-7.73437500e-02
-5.17760000e-07,2.37500000e-01,1.11375000e+01,-2.87500000e-02,-5.00000000e-02
-5.17440000e-07,1.75000000e-01,1.12500000e+01,-3.06250000e-02,-9.53125000e-02
-5.17120000e-07,-5.00000000e-02,1.11750000e+01,-6.87500000e-03,-8.04687500e-02
-5.16800000e-07,1.00000000e-01,1.12625000e+01,-8.75000000e-03,-6.17187500e-02
-5.16480000e-07,1.00000000e-01,1.11250000e+01,5.62500000e-03,-7.89062500e-02
-5.16160000e-07,2.50000000e-01,1.11625000e+01,-3.12500000e-02,-1.22656250e-01
-5.15840000e-07,1.00000000e-01,1.10875000e+01,-2.18750000e-02,-5.31250000e-02
-5.15520000e-07,1.75000000e-01,1.12125000e+01,-1.81250000e-02,-1.48437500e-02
-5.15200000e-07,2.50000000e-01,1.13125000e+01,-2.81250000e-02,-7.03125000e-03
-5.14880000e-07,2.12500000e-01,1.12500000e+01,-1.68750000e-02,-2.42187500e-02
-5.14560000e-07,1.50000000e-01,1.12000000e+01,-6.93750000e-02,-5.07812500e-02
-5.14240000e-07,1.25000000e-02,1.11875000e+01,-2.81250000e-02,-2.34375000e-03
-5.13920000e-07,1.62500000e-01,1.12125000e+01,-2.81250000e-02,3.43750000e-02
-5.13600000e-07,8.75000000e-02,1.10875000e+01,-3.81250000e-02,-4.06250000e-02
-5.13280000e-07,1.12500000e-01,1.09375000e+01,-3.50000000e-02,-1.06250000e-01
-5.12960000e-07,2.37500000e-01,1.11625000e+01,-1.87500000e-02,-7.42187500e-02
-5.12640000e-07,1.00000000e-01,1.11875000e+01,-2.81250000e-02,-6.71875000e-02
-5.12320000e-07,1.87500000e-01,1.11250000e+01,-1.43750000e-02,-6.48437500e-02
-5.12000000e-07,3.75000000e-02,1.12250000e+01,-2.00000000e-02,-1.17968750e-01
-5.11680000e-07,7.50000000e-02,1.10750000e+01,3.12500000e-03,-1.21875000e-01
-5.11360000e-07,1.00000000e-01,1.10375000e+01,-1.87500000e-03,-3.82812500e-02
-5.11040000e-07,2.25000000e-01,1.12500000e+01,-1.43750000e-02,-6.95312500e-02
-5.10720000e-07,2.00000000e-01,1.10875000e+01,-2.62500000e-02,-8.59375000e-02
-5.10400000e-07,1.37500000e-01,1.11875000e+01,-4.87500000e-02,-1.02343750e-01
-5.10080000e-07,8.75000000e-02,1.12375000e+01,-1.93750000e-02,-1.49218750e-01
-5.09760000e-07,5.00000000e-02,1.11250000e+01,-2.25000000e-02,-1.40625000e-01
-5.09440000e-07,1.87500000e-01,1.10250000e+01,-1.93750000e-02,-1.25000000e-01
-5.09120000e-07,2.00000000e-01,1.11750000e+01,8.12500000e-03,-7.03125000e-03
-5.08800000e-07,7.50000000e-02,1.11625000e+01,-1.18750000e-02,-6.17187500e-02
-5.08480000e-07,2.25000000e-01,1.11250000e+01,-1.43750000e-02,-6.09375000e-02
-5.08160000e-07,7.50000000e-02,1.10625000e+01,-2.25000000e-02,-1.13281250e-01
-5.07840000e-07,7.50000000e-02,1.10750000e+01,-2.25000000e-02,-9.06250000e-02
-5.07520000e-07,2.37500000e-01,1.09750000e+01,-3.06250000e-02,-9.45312500e-02
-5.07200000e-07,2.25000000e-01,1.11125000e+01,-1.12500000e-02,-9.92187500e-02
-5.06880000e-07,1.87500000e-01,1.10625000e+01,-2.12500000e-02,-2.26562500e-02
-5.06560000e-07,1.00000000e-01,1.12000000e+01,-1.93750000e-02,-2.03125000e-02
-5.06240000e-07,3.75000000e-02,1.11125000e+01,-1.93750000e-02,-6.40625000e-02
-5.05920000e-07,1.00000000e-01,1.11625000e+01,-1.87500000e-03,-8.35937500e-02
-5.05600000e-07,8.75000000e-02,1.12500000e+01,-1.00000000e-02,-5.78125000e-02
-5.05280000e-07,-2.50000000e-02,1.11250000e+01,-2.62500000e-02,-9.06250000e-02
-5.04960000e-07,2.62500000e-01,1.12000000e+01,-4.31250000e-02,-1.03906250e-01
-5.04640000e-07,1.25000000e-02,1.11125000e+01,-2.50000000e-02,-1.36718750e-01
-5.04320000e-07,1.25000000e-01,1.12000000e+01,-1.12500000e-02,-1.64843750e-01
-5.04000000e-07,7.50000000e-02,1.12500000e+01,-1.18750000e-02,-1.34375000e-01
-5.03680000e-07,1.50000000e-01,1.10875000e+01,-3.87500000e-02,-1.26562500e-01
-5.03360000e-07,6.25000000e-02,1.10750000e+01,-1.87500000e-02,-1.54687500e-01
-5.03040000e-07,1.50000000e-01,1.10500000e+01,-4.37500000e-03,-1.35937500e-01
-5.02720000e-07,1.75000000e-01,1.12000000e+01,-3.62500000e-02,-7.26562500e-02
-5.02400000e-07,1.62500000e-01,1.12875000e+01,-1.93750000e-02,-1.01562500e-02
-5.02080000e-07,3.75000000e-02,1.11125000e+01,3.00000000e-02,-1.64062500e-02
-5.01760000e-07,1.25000000e-01,1.12250000e+01,-9.37500000e-03,-4.21875000e-02
-5.01440000e-07,6.25000000e-02,1.11500000e+01,-1.18750000e-02,-6.40625000e-02
-5.01120000e-07,6.25000000e-02,1.10625000e+01,-3.68750000e-02,-1.16406250e-01
-5.00800000e-07,1.87500000e-01,1.11250000e+01,-5.06250000e-02,-1.46875000e-01
-5.00480000e-07,1.12500000e-01,1.09875000e+01,-6.87500000e-03,-1.19531250e-01
-5.00160000e-07,8.75000000e-02,1.11375000e+01,-1.18750000e-02,-1.00000000e-01
-4.99840000e-07,1.87500000e-01,1.11375000e+01,-3.37500000e-02,-1.26562500e-01
-4.99520000e-07,1.75000000e-01,1.10375000e+01,-9.37500000e-03,-1.08593750e-01
-4.99200000e-07,2.12500000e-01,1.10250000e+01,-1.81250000e-02,-9.06250000e-02
-4.98880000e-07,1.12500000e-01,1.10750000e+01,-1.43750000e-02,-6.09375000e-02
-4.98560000e-07,1.75000000e-01,1.11250000e+01,-2.87500000e-02,-8.20312500e-02
-4.98240000e-07,2.37500000e-01,1.11000000e+01,-5.87500000e-02,-5.46875000e-02
-4.97920000e-07,3.75000000e-02,1.12000000e+01,-2.25000000e-02,-1.24218750e-01
-4.97600000e-07,1.25000000e-02,1.11875000e+01,-4.87500000e-02,-1.74218750e-01
-4.97280000e-07,1.25000000e-01,1.12000000e+01,-3.50000000e-02,-9.76562500e-02
-4.96960000e-07,6.25000000e-02,1.11875000e+01,-1.25000000e-03,-1.25781250e-01
-4.96640000e-07,8.75000000e-02,1.10250000e+01,-2.75000000e-02,-1.32031250e-01
-4.96320000e-07,1.12500000e-01,1.12500000e+01,-1.75000000e-02,-1.40625000e-01
-4.96000000e-07,1.87500000e-01,1.12000000e+01,-5.37500000e-02,-1.01562500e-01
-4.95680000e-07,1.87500000e-01,1.11875000e+01,-1.62500000e-02,-4.92187500e-02
-4.95360000e-07,1.25000000e-01,1.11125000e+01,-5.00000000e-03,-1.78906250e-01
-4.95040000e-07,-3.75000000e-02,1.12500000e+01,-3.87500000e-02,-1.32812500e-01
-4.94720000e-07,1.00000000e-01,1.11500000e+01,-3.31250000e-02,-6.64062500e-02
-4.94400000e-07,8.75000000e-02,1.12000000e+01,-1.68750000e-02,-1.07812500e-01
-4.94080000e-07,2.62500000e-01,1.11625000e+01,-3.62500000e-02,-1.12500000e-01
-4.93760000e-07,1.00000000e-01,1.12875000e+01,-2.12500000e-02,-4.84375000e-02
-4.93440000e-07,1.62500000e-01,1.12375000e+01,-1.00000000e-02,-6.25000000e-02
-4.93120000e-07,1.87500000e-01,1.11500000e+01,-5.06250000e-02,-5.85937500e-02
-4.92800000e-07,2.50000000e-02,1.10875000e+01,1.37500000e-02,-1.04687500e-01
-4.92480000e-07,1.12500000e-01,1.11125000e+01,8.75000000e-03,-1.64843750e-01
-4.92160000e-07,1.75000000e-01,1.11125000e+01,-6.87500000e-03,-8.51562500e-02
-4.91840000e-07,1.00000000e-01,1.11250000e+01,-3.62500000e-02,-1.62500000e-01
-4.91520000e-07,1.25000000e-02,1.11000000e+01,-1.93750000e-02,-1.85937500e-01
-4.91200000e-07,2.25000000e-01,1.11500000e+01,4.37500000e-03,-1.61718750e-01
-4.90880000e-07,8.75000000e-02,1.12375000e+01,-4.37500000e-02,-7.10937500e-02
-4.90560000e-07,2.37500000e-01,1.11125000e+01,-1.62500000e-02,-7.89062500e-02
-4.90240000e-07,1.75000000e-01,1.10750000e+01,-2.00000000e-02,-7.57812500e-02
-4.89920000e-07,1.00000000e-01,1.12500000e+01,-2.18750000e-02,4.92187500e-02
-4.89600000e-07,1.87500000e-01,1.10750000e+01,-2.25000000e-02,3.12500000e-02
-4.89280000e-07,8.75000000e-02,1.10750000e+01,-2.62500000e-02,-7.57812500e-02
-4.88960000e-07,1.37500000e-01,1.10875000e+01,-2.50000000e-02,-1.70312500e-01
-4.88640000e-07,5.00000000e-02,1.11625000e+01,-3.75000000e-03,-1.07031250e-01
-4.88320000e-07,1.00000000e-01,1.11750000e+01,-1.68750000e-02,-5.62500000e-02
-4.88000000e-07,1.00000000e-01,1.12500000e+01,-4.87500000e-02,-9.68750000e-02
-4.87680000e-07,1.00000000e-01,1.10875000e+01,1.25000000e-03,-1.19531250e-01
-4.87360000e-07,8.75000000e-02,1.11125000e+01,-3.12500000e-02,-1.32031250e-01
-4.87040000e-07,1.00000000e-01,1.12250000e+01,-2.81250000e-02,-9.29687500e-02
-4.86720000e-07,1.12500000e-01,1.11500000e+01,-2.25000000e-02,-3.43750000e-02
-4.86400000e-07,8.75000000e-02,1.11500000e+01,-3.50000000e-02,-4.53125000e-02
-4.86080000e-07,2.12500000e-01,1.12250000e+01,-6.25000000e-03,-1.14843750e-01
-4.85760000e-07,8.75000000e-02,1.11250000e+01,-2.81250000e-02,-4.76562500e-02
-4.85440000e-07,1.25000000e-01,1.11750000e+01,-2.18750000e-02,1.01562500e-02
-4.85120000e-07,8.75000000e-02,1.11625000e+01,-2.31250000e-02,-4.21875000e-02
-4.84800000e-07,1.25000000e-01,1.12250000e+01,-2.56250000e-02,-2.34375000e-02
-4.84480000e-07,1.37500000e-01,1.11750000e+01,-1.93750000e-02,-1.17187500e-02
-4.84160000e-07,1.00000000e-01,1.11125000e+01,-1.12500000e-02,-7.81250000e-02
-4.83840000e-07,1.37500000e-01,1.10750000e+01,-1.93750000e-02,-1.42968750e-01
-4.83520000e-07,1.12500000e-01,1.12375000e+01,-1.00000000e-02,-2.13281250e-01
-4.83200000e-07,0.00000000e+00,1.11250000e+01,-3.12500000e-02,-1.19531250e-01
-4.82880000e-07,2.62500000e-01,1.10000000e+01,-1.87500000e-02,-1.17968750e-01
-4.82560000e-07,1.25000000e-01,1.10375000e+01,-4.37500000e-03,-9.60937500e-02
-4.82240000e-07,-1.25000000e-02,1.11375000e+01,-2.56250000e-02,-8.12500000e-02
-4.81920000e-07,1.25000000e-01,1.12000000e+01,-2.62500000e-02,-1.87500000e-01
-4.81600000e-07,2.50000000e-01,1.12625000e+01,-3.56250000e-02,-1.52343750e-01
-4.81280000e-07,1.25000000e-01,1.11750000e+01,6.25000000e-04,-2.96875000e-02
-4.80960000e-07,-2.50000000e-02,1.11750000e+01,-1.12500000e-02,-1.08593750e-01
-4.80640000e-07,1.12500000e-01,1.11000000e+01,-1.18750000e-02,-1.50781250e-01
-4.80320000e-07,3.00000000e-01,1.12375000e+01,6.25000000e-04,-6.40625000e-02
-4.80000000e-07,1.87500000e-01,1.13375000e+01,-1.25000000e-02,-2.26562500e-02
-4.79680000e-07,1.87500000e-01,1.12000000e+01,-3.87500000e-02,-5.46875000e-02
-4.79360000e-07,1.12500000e-01,1.11625000e+01,-5.56250000e-02,-1.25000000e-01
-4.79040000e-07,2.50000000e-02,1.11750000e+01,-6.25000000e-03,-1.26562500e-01
-4.78720000e-07,1.50000000e-01,1.10750000e+01,-1.87500000e-03,-2.01562500e-01
-4.78400000e-07,7.50000000e-02,1.11000000e+01,-1.00000000e-02,-1.80468750e-01
-4.78080000e-07,1.00000000e-01,1.11250000e+01,-2.81250000e-02,-4.60937500e-02
-4.77760000e-07,1.50000000e-01,1.12625000e+01,-8.75000000e-03,-9.68750000e-02
-4.77440000e-07,1.75000000e-01,1.09625000e+01,1.12500000e-02,-1.32031250e-01
-4.77120000e-07,2.75000000e-01,1.11250000e+01,-4.37500000e-03,-7.50000000e-02
-4.76800000e-07,2.75000000e-01,1.12625000e+01,-4.12500000e-02,-4.76562500e-02
-4.76480000e-07,1.50000000e-01,1.10750000e+01,-1.18750000e-02,-6.48437500e-02
-4.76160000e-07,8.75000000e-02,1.10000000e+01,-7.50000000e-03,-9.29687500e-02
-4.75840000e-07,5.00000000e-02,1.12375000e+01,-2.00000000e-02,-9.68750000e-02
-4.75520000e-07,-1.25000000e-02,1.11500000e+01,-2.18750000e-02,-1.61718750e-01
-4.75200000e-07,1.87500000e-01,1.10500000e+01,-6.87500000e-03,-1.01562500e-01
-4.74880000e-07,1.12500000e-01,1.10250000e+01,8.12500000e-03,-3.43750000e-02
-4.74560000e-07,1.62500000e-01,1.11750000e+01,-4.12500000e-02,-5.46875000e-03
-4.74240000e-07,1.75000000e-01,1.12375000e+01,-4.37500000e-02,-6.32812500e-02
-4.73920000e-07,1.37500000e-01,1.10750000e+01,-1.18750000e-02,-1.26562500e-01
-4.73600000e-07,1.12500000e-01,1.11125000e+01,1.31250000e-02,-7.96875000e-02
-4.73280000e-07,-2.50000000e-02,1.11625000e+01,-1.93750000e-02,-6.01562500e-02
-4.72960000e-07,6.25000000e-02,1.12125000e+01,-1.68750000e-02,-1.14843750e-01
-4.72640000e-07,1.87500000e-01,1.13000000e+01,-9.37500000e-03,-1.50000000e-01
-4.72320000e-07,1.75000000e-01,1.10625000e+01,8.12500000e-03,-9.29687500e-02
-4.72000000e-07,1.00000000e-01,1.11125000e+01,-3.37500000e-02,-1.03125000e-01
-4.71680000e-07,1.00000000e-01,1.11375000e+01,-2.81250000e-02,-1.57031250e-01
-4.71360000e-07,1.50000000e-01,1.10250000e+01,6.25000000e-04,-2.07031250e-01
-4.71040000e-07,1.87500000e-01,1.11250000e+01,8.75000000e-03,-1.32031250e-01
-4.70720000e-07,1.87500000e-01,1.11125000e+01,1.31250000e-02,-5.62500000e-02
-4.70400000e-07,2.00000000e-01,1.11625000e+01,-1.18750000e-02,-3.28125000e-02
-4.70080000e-07,1.37500000e-01,1.11125000e+01,6.25000000e-04,-8.04687500e-02
-4.69760000e-07,-1.25000000e-02,1.11375000e+01,-2.62500000e-02,-5.70312500e-02
-4.69440000e-07,7.50000000e-02,1.11500000e+01,-9.37500000e-03,-1.32812500e-02
-4.69120000e-07,1.50000000e-01,1.11625000e+01,-2.25000000e-02,-6.95312500e-02
-4.68800000e-07,8.75000000e-02,1.11125000e+01,-1.18750000e-02,-5.39062500e-02
-4.68480000e-07,7.50000000e-02,1.11250000e+01,-2.56250000e-02,-6.17187500e-02
-4.68160000e-07,1.50000000e-01,1.11875000e+01,1.06250000e-02,-1.60156250e-01
-4.67840000e-07,1.00000000e-01,1.11375000e+01,-2.56250000e-02,-1.07031250e-01
-4.67520000e-07,6.25000000e-02,1.12500000e+01,-1.43750000e-02,-5.70312500e-02
-4.67200000e-07,1.25000000e-01,1.11625000e+01,-2.62500000e-02,-8.90625000e-02
-4.66880000e-07,8.75000000e-02,1.10750000e+01,-5.62500000e-02,-8.43750000e-02
-4.66560000e-07,1.50000000e-01,1.10750000e+01,-3.12500000e-02,-1.33593750e-01
-4.66240000e-07,1.75000000e-01,1.11625000e+01,-3.00000000e-02,-1.64062500e-01
-4.65920000e-07,1.12500000e-01,1.12375000e+01,-2.12500000e-02,-6.56250000e-02
-4.65600000e-07,1.75000000e-01,1.11250000e+01,-1.43750000e-02,-1.71875000e-02
-4.65280000e-07,1.25000000e-02,1.11500000e+01,-2.87500000e-02,-1.10937500e-01
-4.64960000e-07,2.12500000e-01,1.10875000e+01,-2.50000000e-02,-1.25781250e-01
-4.64640000e-07,1.00000000e-01,1.10500000e+01,1.87500000e-02,-8.28125000e-02
-4.64320000e-07,1.87500000e-01,1.11750000e+01,-4.56250000e-02,-5.62500000e-02
-4.64000000e-07,1.25000000e-01,1.10500000e+01,-4.37500000e-03,-8.28125000e-02
-4.63680000e-07,2.50000000e-02,1.10500000e+01,-1.56250000e-02,-9.37500000e-03
-4.63360000e-07,2.12500000e-01,1.10875000e+01,-2.25000000e-02,-1.48437500e-02
-4.63040000e-07,1.50000000e-01,1.12750000e+01,-3.87500000e-02,-6.48437500e-02
-4.62720000e-07,1.00000000e-01,1.11875000e+01,-2.50000000e-02,-4.37500000e-02
-4.62400000e-07,0.00000000e+00,1.12125000e+01,6.25000000e-03,-2.89062500e-02
-4.62080000e-07,1.75000000e-01,1.11750000e+01,-1.68750000e-02,-3.35937500e-02
-4.61760000e-07,0.00000000e+00,1.11375000e+01,-2.18750000e-02,-9.14062500e-02
-4.61440000e-07,6.25000000e-02,1.11375000e+01,-3.37500000e-02,-1.85156250e-01
-4.61120000e-07,2.12500000e-01,1.11625000e+01,-4.62500000e-02,-1.29687500e-01
-4.60800000e-07,5.00000000e-02,1.12125000e+01,-2.56250000e-02,-1.44531250e-01
-4.60480000e-07,1.75000000e-01,1.12125000e+01,-2.81250000e-02,-2.45312500e-01
-4.60160000e-07,1.12500000e-01,1.12000000e+01,-4.06250000e-02,-2.12500000e-01
-4.59840000e-07,1.50000000e-01,1.11875000e+01,-3.31250000e-02,-1.17187500e-01
-4.59520000e-07,2.12500000e-01,1.11750000e+01,-8.75000000e-03,-3.67187500e-02
-4.59200000e-07,1.37500000e-01,1.12125000e+01,-3.75000000e-03,1.32812500e-02
-4.58880000e-07,1.75000000e-01,1.10625000e+01,-1.93750000e-02,-4.84375000e-02
-4.58560000e-07,1.25000000e-01,1.12625000e+01,-6.87500000e-03,-1.18750000e-01
-4.58240000e-07,8.75000000e-02,1.11375000e+01,-1.18750000e-02,-9.84375000e-02
-4.57920000e-07,1.75000000e-01,1.11000000e+01,-1.00000000e-02,-1.51562500e-01
-4.57600000e-07,1.75000000e-01,1.11375000e+01,-2.81250000e-02,-7.81250000e-02
-4.57280000e-07,2.00000000e-01,1.11375000e+01,-1.68750000e-02,-9.45312500e-02
-4.56960000e-07,1.12500000e-01,1.10500000e+01,-8.75000000e-03,-1.80468750e-01
-4.56640000e-07,1.37500000e-01,1.11500000e+01,1.56250000e-02,-8.67187500e-02
-4.56320000e-07,1.37500000e-01,1.10125000e+01,-4.87500000e-02,-9.14062500e-02
-4.56000000e-07,1.87500000e-01,1.11000000e+01,-6.87500000e-03,-8.75000000e-02
-4.55680000e-07,8.75000000e-02,1.12000000e+01,-4.93750000e-02,-1.40625000e-01
-4.55360000e-07,8.75000000e-02,1.11625000e+01,-2.18750000e-02,-1.27343750e-01
-4.55040000e-07,1.50000000e-01,1.12000000e+01,0.00000000e+00,-8.90625000e-02
-4.54720000e-07,2.25000000e-01,1.13250000e+01,-9.37500000e-03,-6.32812500e-02
-4.54400000e-07,1.00000000e-01,1.11250000e+01,-3.06250000e-02,-6.48437500e-02
-4.54080000e-07,1.00000000e-01,1.12250000e+01,8.12500000e-03,-4.84375000e-02
-4.53760000e-07,8.75000000e-02,1.10375000e+01,-2.87500000e-02,-3.04687500e-02
-4.53440000e-07,5.00000000e-02,1.10250000e+01,-1.43750000e-02,-3.20312500e-02
-4.53120000e-07,8.75000000e-02,1.10250000e+01,-1.81250000e-02,-8.35937500e-02
-4.52800000e-07,2.00000000e-01,1.11750000e+01,-3.87500000e-02,-1.38281250e-01
-4.52480000e-07,5.00000000e-02,1.11125000e+01,-4.06250000e-02,-1.35937500e-01
-4.52160000e-07,1.12500000e-01,1.10125000e+01,-4.06250000e-02,-5.70312500e-02
-4.51840000e-07,1.12500000e-01,1.10250000e+01,-3.25000000e-02,-3.28125000e-02
-4.51520000e-07,8.75000000e-02,1.11125000e+01,-3.75000000e-03,-3.59375000e-02
-4.51200000e-07,1.87500000e-01,1.13000000e+01,-2.50000000e-02,-1.07812500e-01
-4.50880000e-07,6.25000000e-02,1.11125000e+01,3.12500000e-03,-8.90625000e-02
-4.50560000e-07,1.25000000e-01,1.10250000e+01,-1.18750000e-02,-3.67187500e-02
-4.50240000e-07,2.50000000e-01,1.11500000e+01,-2.25000000e-02,3.82812500e-02
-4.49920000e-07,1.00000000e-01,1.12750000e+01,-5.37500000e-02,7.81250000e-03
-4.49600000e-07,8.75000000e-02,1.11875000e+01,-2.12500000e-02,-5.46875000e-02
-4.49280000e-07,1.62500000e-01,1.10375000e+01,-2.25000000e-02,-4.06250000e-02
-4.48960000e-07,1.37500000e-01,1.12000000e+01,-2.18750000e-02,-7.81250000e-04
-4.48640000e-07,1.75000000e-01,1.10500000e+01,-3.37500000e-02,2.18750000e-02
-4.48320000e-07,2.00000000e-01,1.11250000e+01,-4.37500000e-03,-5.15625000e-02
-4.48000000e-07,1.12500000e-01,1.12750000e+01,-1.25000000e-02,-1.19531250e-01
-4.47680000e-07,1.00000000e-01,1.12125000e+01,-4.37500000e-03,-1.15625000e-01
-4.47360000e-07,1.00000000e-01,1.10625000e+01,-1.25000000e-02,-4.60937500e-02
-4.47040000e-07,7.50000000e-02,1.10125000e+01,-4.06250000e-02,-8.51562500e-02
-4.46720000e-07,3.75000000e-02,1.11500000e+01,-6.25000000e-03,-1.05468750e-01
-4.46400000e-07,1.62500000e-01,1.12625000e+01,-2.75000000e-02,-1.64062500e-02
-4.46080000e-07,1.62500000e-01,1.11625000e+01,-1.18750000e-02,-7.65625000e-02
-4.45760000e-07,2.25000000e-01,1.11000000e+01,-6.87500000e-03,-9.37500000e-02
-4.45440000e-07,1.12500000e-01,1.10125000e+01,-2.00000000e-02,-5.62500000e-02
-4.45120000e-07,1.00000000e-01,1.10750000e+01,-3.37500000e-02,-1.17968750e-01
-4.44800000e-07,8.75000000e-02,1.10750000e+01,-3.81250000e-02,-9.45312500e-02
-4.44480000e-07,2.00000000e-01,1.11625000e+01,-1.12500000e-02,-7.81250000e-02
-4.44160000e-07,1.75000000e-01,1.10375000e+01,3.12500000e-03,-8.43750000e-02
-4.43840000e-07,6.25000000e-02,1.11625000e+01,-2.81250000e-02,-7.89062500e-02
-4.43520000e-07,6.25000000e-02,1.10750000e+01,-4.37500000e-03,-3.12500000e-02
-4.43200000e-07,1.37500000e-01,1.11625000e+01,-2.00000000e-02,3.43750000e-02
-4.42880000e-07,1.00000000e-01,1.10750000e+01,-3.37500000e-02,-8.98437500e-02
-4.42560000e-07,1.62500000e-01,1.11875000e+01,-1.68750000e-02,-1.39062500e-01
-4.42240000e-07,3.75000000e-02,1.12000000e+01,-5.37500000e-02,-9.60937500e-02
-4.41920000e-07,5.00000000e-02,1.12375000e+01,-2.12500000e-02,-1.04687500e-01
-4.41600000e-07,-1.25000000e-02,1.11250000e+01,-1.87500000e-03,-1.48437500e-01
-4.41280000e-07,1.87500000e-01,1.12000000e+01,-1.68750000e-02,-1.28125000e-01
-4.40960000e-07,3.75000000e-02,1.11000000e+01,-9.37500000e-03,-5.93750000e-02
-4.40640000e-07,-1.25000000e-02,1.10000000e+01,-1.00000000e-02,-1.71875000e-02
-4.40320000e-07,7.50000000e-02,1.12000000e+01,-2.56250000e-02,-2.34375000e-02
-4.40000000e-07,1.25000000e-01,1.12000000e+01,3.75000000e-03,-1.26562500e-01
-4.39680000e-07,0.00000000e+00,1.11250000e+01,1.37500000e-02,-1.38281250e-01
-4.39360000e-07,3.12500000e-01,1.11750000e+01,-6.87500000e-03,-1.10156250e-01
-4.39040000e-07,1.00000000e-01,1.11000000e+01,-1.93750000e-02,-6.25000000e-03
-4.38720000e-07,8.75000000e-02,1.12000000e+01,-1.87500000e-03,-5.85937500e-02
-4.38400000e-07,1.25000000e-01,1.11625000e+01,-1.43750000e-02,-6.87500000e-02
-4.38080000e-07,1.25000000e-02,1.12500000e+01,-1.75000000e-02,-5.23437500e-02
-4.37760000e-07,1.25000000e-02,1.11000000e+01,-4.12500000e-02,-1.09375000e-01
-4.37440000e-07,1.25000000e-01,1.12375000e+01,-2.12500000e-02,-1.25000000e-01
-4.37120000e-07,0.00000000e+00,1.11375000e+01,-2.62500000e-02,-7.34375000e-02
-4.36800000e-07,5.00000000e-02,1.11375000e+01,-3.87500000e-02,-1.46875000e-01
-4.36480000e-07,7.50000000e-02,1.11125000e+01,-1.68750000e-02,-1.57031250e-01
-4.36160000e-07,2.00000000e-01,1.12500000e+01,6.25000000e-04,-9.68750000e-02
-4.35840000e-07,2.12500000e-01,1.12125000e+01,-2.18750000e-02,-1.95312500e-02
-4.35520000e-07,2.00000000e-01,1.12875000e+01,-2.87500000e-02,-5.54687500e-02
-4.35200000e-07,5.00000000e-02,1.11625000e+01,-5.06250000e-02,-1.17968750e-01
-4.34880000e-07,1.87500000e-01,1.11875000e+01,-9.37500000e-03,-1.47656250e-01
-4.34560000e-07,2.00000000e-01,1.11875000e+01,-6.25000000e-03,-1.75000000e-01
-4.34240000e-07,2.37500000e-01,1.13500000e+01,1.25000000e-02,-1.05468750e-01
-4.33920000e-07,1.12500000e-01,1.10000000e+01,-4.62500000e-02,-5.07812500e-02
-4.33600000e-07,0.00000000e+00,1.12750000e+01,-1.37500000e-02,-1.04687500e-01
-4.33280000e-07,1.87500000e-01,1.10500000e+01,-4.37500000e-02,-6.95312500e-02
-4.32960000e-07,1.75000000e-01,1.11625000e+01,-5.12500000e-02,-6.64062500e-02
-4.32640000e-07,7.50000000e-02,1.11375000e+01,-4.87500000e-02,-1.11718750e-01
-4.32320000e-07,1.25000000e-01,1.10750000e+01,-5.06250000e-02,-7.34375000e-02
-4.32000000e-07,1.75000000e-01,1.11625000e+01,3.75000000e-03,-5.00000000e-02
-4.31680000e-07,8.75000000e-02,1.12750000e+01,-1.50000000e-02,-3.75000000e-02
-4.31360000e-07,2.00000000e-01,1.11250000e+01,-1.68750000e-02,-4.06250000e-02
-4.31040000e-07,1.00000000e-01,1.12250000e+01,-1.75000000e-02,-3.82812500e-02
-4.30720000e-07,3.75000000e-02,1.10000000e+01,-2.18750000e-02,-5.46875000e-02
-4.30400000e-07,5.00000000e-02,1.12250000e+01,-1.43750000e-02,-1.39843750e-01
-4.30080000e-07,7.50000000e-02,1.12125000e+01,-2.18750000e-02,-2.10937500e-01
-4.29760000e-07,2.50000000e-01,1.12250000e+01,-1.18750000e-02,-1.17187500e-01
-4.29440000e-07,7.50000000e-02,1.12750000e+01,-1.43750000e-02,-5.31250000e-02
-4.29120000e-07,1.12500000e-01,1.11500000e+01,-1.18750000e-02,-1.14062500e-01
-4.28800000e-07,2.50000000e-02,1.12875000e+01,1.06250000e-02,-8.67187500e-02
-4.28480000e-07,6.25000000e-02,1.11375000e+01,-1.93750000e-02,-9.21875000e-02
-4.28160000e-07,1.50000000e-01,1.11125000e+01,-1.93750000e-02,-1.01562500e-01
-4.27840000e-07,8.75000000e-02,1.11500000e+01,-2.18750000e-02,-6.48437500e-02
-4.27520000e-07,5.00000000e-02,1.12375000e+01,-3.12500000e-02,-8.82812500e-02
-4.27200000e-07,8.75000000e-02,1.11625000e+01,-9.37500000e-03,-1.06250000e-01
-4.26880000e-07,8.75000000e-02,1.10375000e+01,5.00000000e-03,-3.98437500e-02
-4.26560000e-07,1.37500000e-01,1.11250000e+01,-3.06250000e-02,2.81250000e-02
-4.26240000e-07,5.00000000e-02,1.10750000e+01,3.12500000e-03,-6.56250000e-02
-4.25920000e-07,2.50000000e-02,1.10500000e+01,8.12500000e-03,-1.66406250e-01
-4.25600000e-07,1.87500000e-01,1.11875000e+01,-4.37500000e-03,-1.31250000e-01
-4.25280000e-07,2.50000000e-01,1.11250000e+01,-1.87500000e-03,-1.00000000e-01
-4.24960000e-07,2.87500000e-01,1.12250000e+01,-4.37500000e-03,-9.53125000e-02
-4.24640000e-07,1.12500000e-01,1.13250000e+01,-1.68750000e-02,-1.04687500e-01
-4.24320000e-07,5.00000000e-02,1.10000000e+01,-1.93750000e-02,-5.46875000e-02
-4.24000000e-07,1.37500000e-01,1.11250000e+01,5.62500000e-03,-2.42187500e-02
-4.23680000e-07,3.75000000e-02,1.11625000e+01,-6.87500000e-03,-3.20312500e-02
-4.23360000e-07,-2.50000000e-02,1.11500000e+01,-2.56250000e-02,-1.79687500e-02
-4.23040000e-07,1.12500000e-01,1.11875000e+01,-4.37500000e-03,-3.51562500e-02
-4.22720000e-07,2.75000000e-01,1.11500000e+01,-2.56250000e-02,-6.95312500e-02
-4.22400000e-07,2.12500000e-01,1.10625000e+01,6.25000000e-04,-1.42968750e-01
-4.22080000e-07,2.50000000e-02,1.11750000e+01,-1.25000000e-02,-1.50000000e-01
-4.21760000e-07,8.75000000e-02,1.10375000e+01,-2.87500000e-02,-3.75000000e-02
-4.21440000e-07,1.12500000e-01,1.11125000e+01,-2.50000000e-02,4.68750000e-03
-4.21120000e-07,1.00000000e-01,1.11125000e+01,-4.37500000e-03,-4.68750000e-02
-4.20800000e-07,8.75000000e-02,1.11375000e+01,-4.06250000e-02,-5.39062500e-02
-4.20480000e-07,1.87500000e-01,1.10250000e+01,-1.37500000e-02,-2.50000000e-02
-4.20160000e-07,2.12500000e-01,1.10625000e+01,6.25000000e-04,-3.90625000e-02
-4.19840000e-07,2.75000000e-01,1.11625000e+01,-1.18750000e-02,-1.93750000e-01
-4.19520000e-07,2.12500000e-01,1.12000000e+01,-4.12500000e-02,-2.35156250e-01
-4.19200000e-07,2.12500000e-01,1.10875000e+01,-2.81250000e-02,-1.39843750e-01
-4.18880000e-07,1.75000000e-01,1.11000000e+01,1.06250000e-02,-3.67187500e-02
-4.18560000e-07,3.75000000e-02,1.10750000e+01,-4.31250000e-02,-3.90625000e-03
-4.18240000e-07,0.00000000e+00,1.11250000e+01,-1.43750000e-02,-3.12500000e-02
-4.17920000e-07,1.62500000e-01,1.11500000e+01,-2.31250000e-02,-7.65625000e-02
-4.17600000e-07,2.37500000e-01,1.11125000e+01,-2.87500000e-02,-8.04687500e-02
-4.17280000e-07,2.62500000e-01,1.11750000e+01,-1.37500000e-02,-1.40625000e-02
-4.16960000e-07,1.87500000e-01,1.11750000e+01,-1.68750000e-02,-5.15625000e-02
-4.16640000e-07,3.75000000e-02,1.10625000e+01,-6.87500000e-03,-1.16406250e-01
-4.16320000e-07,1.12500000e-01,1.09875000e+01,-3.06250000e-02,-8.59375000e-02
-4.16000000e-07,1.25000000e-01,1.10875000e+01,-4.37500000e-03,-3.67187500e-02
-4.15680000e-07,3.75000000e-02,1.12125000e+01,-2.56250000e-02,-8.51562500e-02
-4.15360000e-07,2.50000000e-02,1.11750000e+01,-2.62500000e-02,-1.14843750e-01
-4.15040000e-07,1.25000000e-01,1.13000000e+01,-3.06250000e-02,-7.57812500e-02
-4.14720000e-07,1.12500000e-01,1.12125000e+01,-6.87500000e-03,-4.29687500e-02
-4.14400000e-07,1.12500000e-01,1.13750000e+01,1.25000000e-03,-8.59375000e-02
-4.14080000e-07,6.25000000e-02,1.11500000e+01,-3.12500000e-02,-1.09375000e-01
-4.13760000e-07,2.00000000e-01,1.11375000e+01,-5.12500000e-02,-1.56250000e-01
-4.13440000e-07,8.75000000e-02,1.10875000e+01,5.62500000e-03,-1.12500000e-01
-4.13120000e-07,1.50000000e-01,1.10500000e+01,-4.37500000e-03,-6.40625000e-02
-4.12800000e-07,1.75000000e-01,1.11875000e+01,-2.56250000e-02,-1.26562500e-01
-4.12480000e-07,1.37500000e-01,1.11125000e+01,-9.37500000e-03,-8.04687500e-02
-4.12160000e-07,2.37500000e-01,1.10875000e+01,-4.37500000e-03,-8.90625000e-02
-4.11840000e-07,5.00000000e-02,1.11500000e+01,-2.56250000e-02,-8.12500000e-02
-4.11520000e-07,1.37500000e-01,1.11750000e+01,-6.87500000e-03,-6.64062500e-02
-4.11200000e-07,1.25000000e-02,1.11500000e+01,-2.87500000e-02,-3.20312500e-02
-4.10880000e-07,1.00000000e-01,1.11125000e+01,-3.06250000e-02,-8.20312500e-02
-4.10560000e-07,1.87500000e-01,1.11125000e+01,-1.75000000e-02,-1.51562500e-01
-4.10240000e-07,2.50000000e-02,1.10750000e+01,-3.31250000e-02,-2.37500000e-01
-4.09920000e-07,1.12500000e-01,1.10500000e+01,-8.75000000e-03,-2.20312500e-01
-4.09600000e-07,2.12500000e-01,1.11625000e+01,-1.18750000e-02,-1.54687500e-01
-4.09280000e-07,1.25000000e-01,1.12625000e+01,3.12500000e-03,-1.47656250e-01
-4.08960000e-07,0.00000000e+00,1.10000000e+01,-2.87500000e-02,-1.53906250e-01
-4.08640000e-07,1.75000000e-01,1.10625000e+01,-2.56250000e-02,-1.10937500e-01
-4.08320000e-07,3.75000000e-02,1.11000000e+01,-2.81250000e-02,-1.49218750e-01
-4.08000000e-07,5.00000000e-02,1.11000000e+01,-1.87500000e-02,-1.84375000e-01
-4.07680000e-07,1.62500000e-01,1.11000000e+01,-1.43750000e-02,-1.04687500e-01
-4.07360000e-07,1.50000000e-01,1.10750000e+01,-1.50000000e-02,-1.17968750e-01
-4.07040000e-07,6.25000000e-02,1.10875000e+01,-3.62500000e-02,-1.07812500e-01
-4.06720000e-07,1.37500000e-01,1.12250000e+01,-4.81250000e-02,-1.30468750e-01
-4.06400000e-07,1.25000000e-01,1.11750000e+01,-3.06250000e-02,-1.25000000e-01
-4.06080000e-07,2.00000000e-01,1.11500000e+01,-3.75000000e-02,-4.84375000e-02
-4.05760000e-07,1.37500000e-01,1.10250000e+01,-6.25000000e-03,-1.56250000e-01
-4.05440000e-07,2.00000000e-01,1.11000000e+01,-3.75000000e-03,-2.35156250e-01
-4.05120000e-07,1.75000000e-01,1.12125000e+01,-3.37500000e-02,-1.25781250e-01
-4.04800000e-07,5.00000000e-02,1.10125000e+01,-3.06250000e-02,-7.18750000e-02
-4.04480000e-07,1.37500000e-01,1.09375000e+01,-1.75000000e-02,-6.40625000e-02
-4.04160000e-07,1.00000000e-01,1.12000000e+01,-3.81250000e-02,-8.67187500e-02
-4.03840000e-07,5.00000000e-02,1.11500000e+01,-3.50000000e-02,-1.00781250e-01
-4.03520000e-07,1.12500000e-01,1.12125000e+01,-3.75000000e-03,-4.37500000e-02
-4.03200000e-07,1.25000000e-01,1.11500000e+01,-2.56250000e-02,-2.65625000e-02
-4.02880000e-07,8.75000000e-02,1.10875000e+01,-2.87500000e-02,-6.56250000e-02
-4.02560000e-07,1.12500000e-01,1.10750000e+01,-2.18750000e-02,-1.27343750e-01
-4.02240000e-07,1.37500000e-01,1.11625000e+01,3.12500000e-03,-6.87500000e-02
-4.01920000e-07,1.50000000e-01,1.12125000e+01,-1.50000000e-02,-5.31250000e-02
-4.01600000e-07,1.50000000e-01,1.12000000e+01,-1.68750000e-02,-1.29687500e-01
-4.01280000e-07,6.25000000e-02,1.10000000e+01,-3.37500000e-02,-9.68750000e-02
-4.00960000e-07,1.12500000e-01,1.10125000e+01,-1.25000000e-02,-7.50000000e-02
-4.00640000e-07,1.12500000e-01,1.10625000e+01,-2.87500000e-02,-5.15625000e-02
-4.00320000e-07,2.00000000e-01,1.11500000e+01,3.75000000e-03,-1.07031250e-01
-4.00000000e-07,1.62500000e-01,1.11625000e+01,-1.87500000e-02,-4.60937500e-02
-3.99680000e-07,6.25000000e-02,1.10500000e+01,-6.87500000e-03,-1.95312500e-02
-3.99360000e-07,3.75000000e-02,1.11500000e+01,-3.81250000e-02,-9.06250000e-02
-3.99040000e-07,3.25000000e-01,1.11750000e+01,-7.50000000e-03,-1.28125000e-01
-3.98720000e-07,2.00000000e-01,1.11125000e+01,-4.56250000e-02,-1.06250000e-01
-3.98400000e-07,7.50000000e-02,1.13625000e+01,-1.25000000e-03,-1.42968750e-01
-3.98080000e-07,1.00000000e-01,1.11250000e+01,-1.12500000e-02,-1.53125000e-01
-3.97760000e-07,1.37500000e-01,1.11500000e+01,-1.18750000e-02,-9.29687500e-02
-3.97440000e-07,1.12500000e-01,1.11250000e+01,-2.81250000e-02,-6.25000000e-02
-3.97120000e-07,1.87500000e-01,1.11000000e+01,-1.18750000e-02,-4.92187500e-02
-3.96800000e-07,1.37500000e-01,1.10250000e+01,-6.87500000e-03,-7.89062500e-02
-3.96480000e-07,7.50000000e-02,1.12000000e+01,-4.37500000e-03,-1.01562500e-01
-3.96160000e-07,8.75000000e-02,1.11125000e+01,-2.62500000e-02,-2.81250000e-02
-3.95840000e-07,2.25000000e-01,1.11125000e+01,-4.87500000e-02,-1.64062500e-02
-3.95520000e-07,1.87500000e-01,1.11250000e+01,-4.12500000e-02,-9.06250000e-02
-3.95200000e-07,1.12500000e-01,1.10375000e+01,-3.06250000e-02,-8.67187500e-02
-3.94880000e-07,6.25000000e-02,1.10000000e+01,-5.81250000e-02,-6.95312500e-02
-3.94560000e-07,5.00000000e-02,1.12750000e+01,1.37500000e-02,-1.49218750e-01
-3.94240000e-07,8.75000000e-02,1.12875000e+01,3.31250000e-02,-1.67187500e-01
-3.93920000e-07,6.25000000e-02,1.11750000e+01,-1.00000000e-02,-1.42187500e-01
-3.93600000e-07,0.00000000e+00,1.12500000e+01,-2.81250000e-02,-1.19531250e-01
-3.93280000e-07,2.12500000e-01,1.12375000e+01,-1.12500000e-02,-1.42968750e-01
-3.92960000e-07,2.00000000e-01,1.10625000e+01,-1.25000000e-03,-1.25000000e-01
-3.92640000e-07,1.00000000e-01,1.12000000e+01,-1.18750000e-02,-1.29687500e-01
-3.92320000e-07,1.87500000e-01,1.11000000e+01,-1.87500000e-03,-1.30468750e-01
-3.92000000e-07,2.50000000e-01,1.13000000e+01,1.06250000e-02,-1.20312500e-01
-3.91680000e-07,5.00000000e-02,1.11250000e+01,-2.25000000e-02,-6.40625000e-02
-3.91360000e-07,1.37500000e-01,1.11750000e+01,-1.93750000e-02,-7.34375000e-02
-3.91040000e-07,1.37500000e-01,1.11250000e+01,-4.06250000e-02,-1.35937500e-01
-3.90720000e-07,2.12500000e-01,1.11875000e+01,1.06250000e-02,-1.07031250e-01
-3.90400000e-07,5.00000000e-02,1.10875000e+01,-1.25000000e-02,-3.75000000e-02
-3.90080000e-07,7.50000000e-02,1.11625000e+01,-2.87500000e-02,-1.56250000e-02
-3.89760000e-07,1.00000000e-01,1.11250000e+01,-3.31250000e-02,-9.76562500e-02
-3.89440000e-07,3.75000000e-02,1.10375000e+01,-3.06250000e-02,-2.39843750e-01
-3.89120000e-07,1.00000000e-01,1.11250000e+01,-2.75000000e-02,-2.48437500e-01
-3.88800000e-07,2.50000000e-01,1.11375000e+01,-1.25000000e-03,-1.11718750e-01
-3.88480000e-07,1.50000000e-01,1.10375000e+01,-8.75000000e-03,-1.04687500e-01
-3.88160000e-07,3.00000000e-01,1.11875000e+01,-1.93750000e-02,-9.84375000e-02
-3.87840000e-07,5.00000000e-02,1.11000000e+01,-6.87500000e-03,-5.93750000e-02
-3.87520000e-07,1.00000000e-01,1.11375000e+01,6.25000000e-04,-5.85937500e-02
-3.87200000e-07,1.62500000e-01,1.10625000e+01,-5.12500000e-02,-4.84375000e-02
-3.86880000e-07,1.25000000e-01,1.11875000e+01,-1.43750000e-02,-9.84375000e-02
-3.86560000e-07,1.75000000e-01,1.10625000e+01,-1.25000000e-02,-9.60937500e-02
-3.86240000e-07,3.75000000e-02,1.12375000e+01,-1.50000000e-02,-5.78125000e-02
-3.85920000e-07,1.12500000e-01,1.11125000e+01,-3.31250000e-02,-7.57812500e-02
-3.85600000e-07,3.75000000e-02,1.12875000e+01,-1.25000000e-03,-7.89062500e-02
-3.85280000e-07,1.25000000e-01,1.11875000e+01,-2.18750000e-02,-5.15625000e-02
-3.84960000e-07,3.75000000e-02,1.12000000e+01,-1.43750000e-02,-8.75000000e-02
-3.84640000e-07,1.00000000e-01,1.12125000e+01,-3.31250000e-02,-1.32031250e-01
-3.84320000e-07,2.37500000e-01,1.10500000e+01,3.12500000e-03,-1.28906250e-01
-3.84000000e-07,1.75000000e-01,1.11250000e+01,-9.37500000e-03,-1.38281250e-01
-3.83680000e-07,8.75000000e-02,1.11625000e+01,-6.87500000e-03,-6.25000000e-02
-3.83360000e-07,1.25000000e-01,1.11000000e+01,-3.62500000e-02,-8.12500000e-02
-3.83040000e-07,1.37500000e-01,1.12625000e+01,-4.87500000e-02,-7.10937500e-02
-3.82720000e-07,1.12500000e-01,1.10000000e+01,-4.37500000e-02,-3.35937500e-02
-3.82400000e-07,6.25000000e-02,1.12750000e+01,-2.56250000e-02,-6.48437500e-02
-3.82080000e-07,2.25000000e-01,1.11375000e+01,-1.37500000e-02,-8.28125000e-02
-3.81760000e-07,7.50000000e-02,1.11250000e+01,-1.00000000e-02,-1.07031250e-01
-3.81440000e-07,-2.50000000e-02,1.10250000e+01,-1.68750000e-02,-1.48437500e-01
-3.81120000e-07,1.50000000e-01,1.11250000e+01,1.06250000e-02,-8.90625000e-02
-3.80800000e-07,7.50000000e-02,1.10000000e+01,-4.12500000e-02,-1.01562500e-02
-3.80480000e-07,2.50000000e-02,1.11625000e+01,-1.93750000e-02,-3.20312500e-02
-3.80160000e-07,3.75000000e-02,1.13500000e+01,-7.50000000e-03,-1.25000000e-02
-3.79840000e-07,5.00000000e-02,1.12000000e+01,-2.18750000e-02,-6.64062500e-02
-3.79520000e-07,1.75000000e-01,1.11000000e+01,-1.25000000e-02,-9.29687500e-02
-3.79200000e-07,1.12500000e-01,1.11250000e+01,-2.18750000e-02,-1.01562500e-01
-3.78880000e-07,-3.75000000e-02,1.11625000e+01,6.25000000e-04,-8.90625000e-02
-3.78560000e-07,3.75000000e-02,1.12125000e+01,-2.00000000e-02,-2.96875000e-02
-3.78240000e-07,1.00000000e-01,1.11125000e+01,-2.18750000e-02,4.68750000e-03
-3.77920000e-07,1.87500000e-01,1.12250000e+01,-1.68750000e-02,8.59375000e-03
-3.77600000e-07,6.25000000e-02,1.11250000e+01,-1.18750000e-02,2.03125000e-02
-3.77280000e-07,6.25000000e-02,1.10875000e+01,-9.37500000e-03,-8.59375000e-03
-3.76960000e-07,2.12500000e-01,1.10875000e+01,-9.37500000e-03,-4.76562500e-02
-3.76640000e-07,1.75000000e-01,1.12000000e+01,-2.87500000e-02,-4.53125000e-02
-3.76320000e-07,1.62500000e-01,1.12000000e+01,-2.56250000e-02,-7.10937500e-02
-3.76000000e-07,1.12500000e-01,1.09875000e+01,5.62500000e-03,-7.18750000e-02
-3.75680000e-07,2.50000000e-02,1.10750000e+01,-3.00000000e-02,-7.57812500e-02
-3.75360000e-07,2.50000000e-02,1.11875000e+01,-1.18750000e-02,-5.93750000e-02
-3.75040000e-07,1.25000000e-01,1.10875000e+01,1.06250000e-02,-2.96875000e-02
-3.74720000e-07,5.00000000e-02,1.12250000e+01,-4.37500000e-03,-7.89062500e-02
-3.74400000e-07,2.50000000e-02,1.10000000e+01,-2.81250000e-02,-1.04687500e-01
-3.74080000e-07,1.50000000e-01,1.11375000e+01,-6.87500000e-03,-6.40625000e-02
-3.73760000e-07,1.50000000e-01,1.11875000e+01,-5.00000000e-03,-1.95312500e-02
-3.73440000e-07,1.00000000e-01,1.12500000e+01,-3.87500000e-02,-9.06250000e-02
-3.73120000e-07,0.00000000e+00,1.12375000e+01,-2.50000000e-02,-8.43750000e-02
-3.72800000e-07,2.00000000e-01,1.11375000e+01,-1.25000000e-03,-6.01562500e-02
-3.72480000e-07,1.12500000e-01,1.12375000e+01,-6.25000000e-03,-7.81250000e-04
-3.72160000e-07,1.50000000e-01,1.12000000e+01,-9.37500000e-03,-1.71875000e-02
-3.71840000e-07,1.75000000e-01,1.11125000e+01,-3.62500000e-02,-7.50000000e-02
-3.71520000e-07,2.25000000e-01,1.11000000e+01,-2.18750000e-02,-9.76562500e-02
-3.71200000e-07,1.37500000e-01,1.11875000e+01,-7.50000000e-03,-2.03906250e-01
-3.70880000e-07,6.25000000e-02,1.11750000e+01,-5.00000000e-03,-1.35156250e-01
-3.70560000e-07,1.87500000e-01,1.11125000e+01,-3.56250000e-02,-6.64062500e-02
-3.70240000e-07,1.37500000e-01,1.11250000e+01,-1.25000000e-03,-8.28125000e-02
-3.69920000e-07,0.00000000e+00,1.10750000e+01,1.25000000e-03,-1.45312500e-01
-3.69600000e-07,6.25000000e-02,1.11375000e+01,1.06250000e-02,-1.09375000e-01
-3.69280000e-07,1.87500000e-01,1.09750000e+01,-2.25000000e-02,-2.89062500e-02
-3.68960000e-07,1.25000000e-01,1.11000000e+01,-1.93750000e-02,-7.42187500e-02
-3.68640000e-07,6.25000000e-02,1.10750000e+01,-1.18750000e-02,-8.51562500e-02
-3.68320000e-07,3.75000000e-02,1.11750000e+01,-2.62500000e-02,-1.01562500e-01
-3.68000000e-07,1.25000000e-02,1.11625000e+01,-4.81250000e-02,-9.53125000e-02
-3.67680000e-07,1.87500000e-01,1.12500000e+01,2.56250000e-02,-1.13281250e-01
-3.67360000e-07,1.00000000e-01,1.12000000e+01,-1.43750000e-02,-8.12500000e-02
-3.67040000e-07,2.50000000e-02,1.10875000e+01,-1.68750000e-02,-8.98437500e-02
-3.66720000e-07,2.37500000e-01,1.10375000e+01,-2.81250000e-02,-8.75000000e-02
-3.66400000e-07,2.25000000e-01,1.10750000e+01,-7.50000000e-03,-1.30468750e-01
-3.66080000e-07,3.37500000e-01,1.11750000e+01,-2.81250000e-02,-1.75000000e-01
-3.65760000e-07,1.37500000e-01,1.12625000e+01,8.75000000e-03,-9.60937500e-02
-3.65440000e-07,1.25000000e-02,1.11500000e+01,-4.31250000e-02,-6.95312500e-02
-3.65120000e-07,8.75000000e-02,1.11625000e+01,-2.18750000e-02,-1.10937500e-01
-3.64800000e-07,5.00000000e-02,1.10750000e+01,-2.50000000e-03,-8.98437500e-02
-3.64480000e-07,0.00000000e+00,1.11000000e+01,5.62500000e-03,-7.18750000e-02
-3.64160000e-07,2.37500000e-01,1.11875000e+01,-2.87500000e-02,-1.32031250e-01
-3.63840000e-07,1.62500000e-01,1.10000000e+01,-2.25000000e-02,-1.23437500e-01
-3.63520000e-07,-2.50000000e-02,1.11500000e+01,-4.43750000e-02,-1.02343750e-01
-3.63200000e-07,-3.75000000e-02,1.12500000e+01,-3.06250000e-02,-1.08593750e-01
-3.62880000e-07,2.37500000e-01,1.11875000e+01,-4.25000000e-02,-4.68750000e-02
-3.62560000e-07,2.37500000e-01,1.11875000e+01,1.62500000e-02,1.56250000e-02
-3.62240000e-07,1.37500000e-01,1.11250000e+01,3.75000000e-03,-6.64062500e-02
-3.61920000e-07,5.00000000e-02,1.10500000e+01,3.06250000e-02,-7.96875000e-02
-3.61600000e-07,2.00000000e-01,1.09875000e+01,-6.87500000e-03,-4.92187500e-02
-3.61280000e-07,7.50000000e-02,1.12625000e+01,5.62500000e-03,-2.34375000e-02
-3.60960000e-07,2.12500000e-01,1.11375000e+01,-1.68750000e-02,-3.04687500e-02
-3.60640000e-07,8.75000000e-02,1.12125000e+01,-1.18750000e-02,-2.65625000e-02
-3.60320000e-07,1.50000000e-01,1.11500000e+01,-2.87500000e-02,-2.42187500e-02
-3.60000000e-07,5.00000000e-02,1.11125000e+01,-3.37500000e-02,-1.39062500e-01
-3.59680000e-07,8.75000000e-02,1.10875000e+01,-2.56250000e-02,-1.24218750e-01
-3.59360000e-07,2.00000000e-01,1.11875000e+01,-1.12500000e-02,-5.46875000e-03
-3.59040000e-07,0.00000000e+00,1.11500000e+01,-4.56250000e-02,-3.20312500e-02
-3.58720000e-07,3.75000000e-02,1.11375000e+01,-4.87500000e-02,-4.14062500e-02
-3.58400000e-07,2.00000000e-01,1.11000000e+01,-1.43750000e-02,-5.46875000e-03
-3.58080000e-07,7.50000000e-02,1.12500000e+01,-1.50000000e-02,1.79687500e-02
-3.57760000e-07,2.50000000e-02,1.10750000e+01,-3.06250000e-02,-3.82812500e-02
-3.57440000e-07,2.00000000e-01,1.10375000e+01,3.75000000e-03,-6.95312500e-02
-3.57120000e-07,7.50000000e-02,1.10375000e+01,-1.18750000e-02,-1.43750000e-01
-3.56800000e-07,8.75000000e-02,1.10000000e+01,-2.56250000e-02,-1.19531250e-01
-3.56480000e-07,1.25000000e-01,1.11125000e+01,-2.18750000e-02,-1.18750000e-01
-3.56160000e-07,7.50000000e-02,1.11000000e+01,-3.06250000e-02,-1.28125000e-01
-3.55840000e-07,1.25000000e-02,1.11125000e+01,-2.75000000e-02,-1.34375000e-01
-3.55520000e-07,3.75000000e-02,1.12125000e+01,-1.62500000e-02,-1.18750000e-01
-3.55200000e-07,1.37500000e-01,1.10750000e+01,1.12500000e-02,-4.92187500e-02
-3.54880000e-07,1.25000000e-02,1.12000000e+01,-1.93750000e-02,-4.68750000e-02
-3.54560000e-07,1.00000000e-01,1.11125000e+01,-2.50000000e-03,-7.34375000e-02
-3.54240000e-07,7.50000000e-02,1.11125000e+01,-4.87500000e-02,-4.37500000e-02
-3.53920000e-07,6.25000000e-02,1.09875000e+01,-3.00000000e-02,7.81250000e-04
-3.53600000e-07,1.62500000e-01,1.11625000e+01,-2.18750000e-02,-1.87500000e-02
-3.53280000e-07,1.12500000e-01,1.11625000e+01,-1.37500000e-02,-1.32812500e-01
-3.52960000e-07,1.00000000e-01,1.11375000e+01,-7.50000000e-03,-9.84375000e-02
-3.52640000e-07,1.37500000e-01,1.11250000e+01,-3.12500000e-02,-6.01562500e-02
-3.52320000e-07,2.12500000e-01,1.11375000e+01,-4.06250000e-02,-9.76562500e-02
-3.52000000e-07,1.75000000e-01,1.11375000e+01,-3.31250000e-02,-8.51562500e-02
-3.51680000e-07,1.12500000e-01,1.11375000e+01,-4.81250000e-02,-7.65625000e-02
-3.51360000e-07,1.87500000e-01,1.11500000e+01,-1.62500000e-02,-5.46875000e-02
-3.51040000e-07,1.25000000e-01,1.11125000e+01,8.12500000e-03,-7.57812500e-02
-3.50720000e-07,8.75000000e-02,1.11125000e+01,-1.87500000e-03,-1.47656250e-01
-3.50400000e-07,6.25000000e-02,1.12625000e+01,-4.12500000e-02,-1.24218750e-01
-3.50080000e-07,5.00000000e-02,1.11375000e+01,-2.18750000e-02,-7.73437500e-02
-3.49760000e-07,3.75000000e-02,1.11625000e+01,-1.31250000e-02,-7.89062500e-02
-3.49440000e-07,2.50000000e-02,1.10875000e+01,-5.62500000e-02,-8.35937500e-02
-3.49120000e-07,1.87500000e-01,1.10750000e+01,-3.56250000e-02,-9.21875000e-02
-3.48800000e-07,1.50000000e-01,1.12000000e+01,-4.81250000e-02,-5.07812500e-02
-3.48480000e-07,1.62500000e-01,1.12125000e+01,-2.75000000e-02,-3.51562500e-02
-3.48160000e-07,1.50000000e-01,1.11750000e+01,-1.12500000e-02,-1.33593750e-01
-3.47840000e-07,1.62500000e-01,1.12750000e+01,-3.25000000e-02,-1.89062500e-01
-3.47520000e-07,2.50000000e-02,1.12250000e+01,8.12500000e-03,-1.81250000e-01
-3.47200000e-07,2.37500000e-01,1.11125000e+01,-5.00000000e-03,-1.44531250e-01
-3.46880000e-07,1.50000000e-01,1.12250000e+01,-7.25000000e-02,-6.56250000e-02
-3.46560000e-07,6.25000000e-02,1.12125000e+01,3.75000000e-03,-1.20312500e-01
-3.46240000e-07,1.25000000e-02,1.11125000e+01,-1.75000000e-02,-8.35937500e-02
-3.45920000e-07,1.62500000e-01,1.10375000e+01,-2.56250000e-02,-4.60937500e-02
-3.45600000e-07,1.75000000e-01,1.10750000e+01,1.25000000e-03,-7.50000000e-02
-3.45280000e-07,1.62500000e-01,1.12125000e+01,-3.06250000e-02,-1.32812500e-01
-3.44960000e-07,2.50000000e-01,1.12125000e+01,-1.68750000e-02,-1.22656250e-01
-3.44640000e-07,1.25000000e-02,1.11625000e+01,-1.81250000e-02,-4.68750000e-03
-3.44320000e-07,1.00000000e-01,1.12125000e+01,-2.18750000e-02,-1.40625000e-02
-3.44000000e-07,5.00000000e-02,1.11250000e+01,-7.50000000e-03,-2.42187500e-02
-3.43680000e-07,1.00000000e-01,1.10375000e+01,-2.56250000e-02,-8.04687500e-02
-3.43360000e-07,1.12500000e-01,1.12125000e+01,6.25000000e-03,-1.42187500e-01
-3.43040000e-07,1.00000000e-01,1.12250000e+01,-2.56250000e-02,-1.34375000e-01
-3.42720000e-07,2.25000000e-01,1.11750000e+01,-2.62500000e-02,-8.59375000e-02
-3.42400000e-07,1.25000000e-02,1.11500000e+01,-3.62500000e-02,-1.05468750e-01
-3.42080000e-07,1.12500000e-01,1.12625000e+01,-3.31250000e-02,-1.49218750e-01
-3.41760000e-07,5.00000000e-02,1.11375000e+01,-3.50000000e-02,-7.81250000e-02
-3.41440000e-07,1.50000000e-01,1.10875000e+01,-6.87500000e-03,-3.82812500e-02
-3.41120000e-07,2.75000000e-01,1.10750000e+01,-5.56250000e-02,-6.01562500e-02
-3.40800000e-07,7.50000000e-02,1.11125000e+01,-2.50000000e-02,-6.71875000e-02
-3.40480000e-07,3.75000000e-02,1.11875000e+01,-2.50000000e-02,-8.28125000e-02
-3.40160000e-07,5.00000000e-02,1.11750000e+01,-8.75000000e-03,-1.09375000e-01
-3.39840000e-07,1.75000000e-01,1.10875000e+01,-3.12500000e-02,-1.23437500e-01
-3.39520000e-07,5.00000000e-02,1.11000000e+01,-2.56250000e-02,-9.06250000e-02
-3.39200000e-07,8.75000000e-02,1.10250000e+01,-1.43750000e-02,-9.29687500e-02
-3.38880000e-07,1.62500000e-01,1.11125000e+01,-1.12500000e-02,-1.69531250e-01
-3.38560000e-07,6.25000000e-02,1.11875000e+01,-4.12500000e-02,-6.40625000e-02
-3.38240000e-07,8.75000000e-02,1.13125000e+01,-4.37500000e-03,-1.09375000e-02
-3.37920000e-07,1.87500000e-01,1.09750000e+01,-7.50000000e-03,-5.62500000e-02
-3.37600000e-07,2.50000000e-01,1.10750000e+01,-2.25000000e-02,-9.84375000e-02
-3.37280000e-07,8.75000000e-02,1.11625000e+01,-3.56250000e-02,-9.06250000e-02
-3.36960000e-07,1.75000000e-01,1.12125000e+01,-3.75000000e-03,-6.64062500e-02
-3.36640000e-07,1.25000000e-02,1.11375000e+01,-6.25000000e-03,-1.28906250e-01
-3.36320000e-07,-8.75000000e-02,1.12750000e+01,-1.87500000e-03,-1.62500000e-01
-3.36000000e-07,8.75000000e-02,1.12250000e+01,-4.37500000e-03,-1.00000000e-01
-3.35680000e-07,-2.50000000e-02,1.11000000e+01,-2.62500000e-02,-6.17187500e-02
-3.35360000e-07,1.75000000e-01,1.11875000e+01,-4.37500000e-02,-7.89062500e-02
-3.35040000e-07,1.25000000e-01,1.11750000e+01,-6.87500000e-03,-1.18750000e-01
-3.34720000e-07,1.50000000e-01,1.11500000e+01,-1.93750000e-02,-1.07031250e-01
-3.34400000e-07,-3.75000000e-02,1.12125000e+01,6.25000000e-04,-5.23437500e-02
-3.34080000e-07,7.50000000e-02,1.11000000e+01,-1.25000000e-02,-6.01562500e-02
-3.33760000e-07,8.75000000e-02,1.11875000e+01,-1.68750000e-02,-8.28125000e-02
-3.33440000e-07,1.25000000e-01,1.10500000e+01,-3.87500000e-02,-1.00781250e-01
-3.33120000e-07,2.00000000e-01,1.09875000e+01,-3.62500000e-02,-9.84375000e-02
-3.32800000e-07,6.25000000e-02,1.12375000e+01,-1.43750000e-02,-1.27343750e-01
-3.32480000e-07,5.00000000e-02,1.11500000e+01,-5.00000000e-03,-1.42968750e-01
-3.32160000e-07,-6.25000000e-02,1.10375000e+01,-2.87500000e-02,-1.36718750e-01
-3.31840000e-07,1.12500000e-01,1.11000000e+01,-2.12500000e-02,-4.45312500e-02
-3.31520000e-07,7.50000000e-02,1.10625000e+01,-4.37500000e-03,-1.08593750e-01
-3.31200000e-07,1.37500000e-01,1.11125000e+01,-6.87500000e-03,-1.59375000e-01
-3.30880000e-07,1.12500000e-01,1.11125000e+01,-2.00000000e-02,-1.39062500e-01
-3.30560000e-07,1.37500000e-01,1.12375000e+01,-5.87500000e-02,-1.55468750e-01
-3.30240000e-07,6.25000000e-02,1.10500000e+01,-4.56250000e-02,-1.80468750e-01
-3.29920000e-07,8.75000000e-02,1.11500000e+01,-6.25000000e-03,-1.22656250e-01
-3.29600000e-07,3.00000000e-01,1.11875000e+01,-1.18750000e-02,-4.29687500e-02
-3.29280000e-07,2.50000000e-01,1.13000000e+01,-1.43750000e-02,-1.00000000e-01
-3.28960000e-07,8.75000000e-02,1.10750000e+01,-1.87500000e-03,-1.17968750e-01
-3.28640000e-07,6.25000000e-02,1.10625000e+01,3.12500000e-03,-5.15625000e-02
-3.28320000e-07,1.37500000e-01,1.11500000e+01,-3.62500000e-02,-7.89062500e-02
-3.28000000e-07,1.00000000e-01,1.11750000e+01,-2.81250000e-02,-1.24218750e-01
-3.27680000e-07,1.12500000e-01,1.11625000e+01,-1.18750000e-02,-6.79687500e-02
-3.27360000e-07,6.25000000e-02,1.12625000e+01,-3.56250000e-02,-7.10937500e-02
-3.27040000e-07,3.75000000e-02,1.11000000e+01,-6.87500000e-03,-1.74218750e-01
-3.26720000e-07,1.37500000e-01,1.11375000e+01,7.50000000e-03,-2.14062500e-01
-3.26400000e-07,1.50000000e-01,1.11125000e+01,-2.81250000e-02,-1.39843750e-01
-3.26080000e-07,1.25000000e-01,1.11250000e+01,-1.87500000e-03,-4.14062500e-02
-3.25760000e-07,1.50000000e-01,1.11000000e+01,-3.12500000e-02,-6.71875000e-02
-3.25440000e-07,1.25000000e-01,1.11625000e+01,-2.81250000e-02,-8.82812500e-02
-3.25120000e-07,-6.25000000e-02,1.10750000e+01,3.12500000e-03,-1.67187500e-01
-3.24800000e-07,7.50000000e-02,1.12000000e+01,-3.06250000e-02,-2.03125000e-01
-3.24480000e-07,5.00000000e-02,1.11750000e+01,-3.87500000e-02,-1.70312500e-01
-3.24160000e-07,1.50000000e-01,1.09625000e+01,-2.81250000e-02,-1.26562500e-01
-3.23840000e-07,1.37500000e-01,1.11000000e+01,-1.12500000e-02,-1.35156250e-01
-3.23520000e-07,1.62500000e-01,1.10500000e+01,-2.18750000e-02,-1.55468750e-01
-3.23200000e-07,1.25000000e-02,1.12000000e+01,-4.37500000e-02,-1.14843750e-01
-3.22880000e-07,1.00000000e-01,1.12250000e+01,-4.25000000e-02,-1.68750000e-01
-3.22560000e-07,1.25000000e-02,1.10375000e+01,-1.43750000e-02,-2.47656250e-01
-3.22240000e-07,-2.50000000e-02,1.10375000e+01,-4.56250000e-02,-2.19531250e-01
-3.21920000e-07,5.00000000e-02,1.10750000e+01,-3.81250000e-02,-1.82812500e-01
-3.21600000e-07,2.25000000e-01,1.11000000e+01,-6.25000000e-03,-1.29687500e-01
-3.21280000e-07,1.37500000e-01,1.11625000e+01,-9.37500000e-03,-1.67968750e-01
-3.20960000e-07,1.50000000e-01,1.11625000e+01,-2.87500000e-02,-1.42968750e-01
-3.20640000e-07,1.12500000e-01,1.11000000e+01,-3.62500000e-02,-3.75000000e-02
-3.20320000e-07,1.75000000e-01,1.09875000e+01,-2.81250000e-02,-1.10156250e-01
-3.20000000e-07,0.00000000e+00,1.09875000e+01,-1.37500000e-02,-1.82031250e-01
-3.19680000e-07,1.50000000e-01,1.10250000e+01,-1.25000000e-03,-1.14062500e-01
-3.19360000e-07,6.25000000e-02,1.11125000e+01,-1.18750000e-02,-1.78906250e-01
-3.19040000e-07,1.37500000e-01,1.10250000e+01,-1.93750000e-02,-1.71093750e-01
-3.18720000e-07,2.25000000e-01,1.11125000e+01,2.81250000e-02,-1.41406250e-01
-3.18400000e-07,1.12500000e-01,1.10625000e+01,-4.62500000e-02,-1.03125000e-01
-3.18080000e-07,1.62500000e-01,1.10375000e+01,-3.37500000e-02,-9.84375000e-02
-3.17760000e-07,2.12500000e-01,1.12125000e+01,-3.12500000e-02,-8.75000000e-02
-3.17440000e-07,1.50000000e-01,1.11125000e+01,-3.75000000e-02,-6.17187500e-02
-3.17120000e-07,2.62500000e-01,1.10875000e+01,1.25000000e-03,-9.53125000e-02
-3.16800000e-07,2.25000000e-01,1.11250000e+01,-3.81250000e-02,-1.17968750e-01
-3.16480000e-07,1.37500000e-01,1.12625000e+01,-1.43750000e-02,-8.04687500e-02
-3.16160000e-07,1.25000000e-01,1.10000000e+01,-7.50000000e-03,-1.16406250e-01
-3.15840000e-07,2.50000000e-01,1.12250000e+01,-1.93750000e-02,-1.01562500e-01
-3.15520000e-07,2.12500000e-01,1.10875000e+01,-1.43750000e-02,-9.21875000e-02
-3.15200000e-07,1.37500000e-01,1.11375000e+01,1.56250000e-02,-1.28125000e-01
-3.14880000e-07,-2.50000000e-02,1.10125000e+01,-3.56250000e-02,-1.16406250e-01
-3.14560000e-07,6.25000000e-02,1.10125000e+01,-1.25000000e-02,-1.07031250e-01
-3.14240000e-07,-1.25000000e-02,1.12125000e+01,-3.87500000e-02,-1.35937500e-01
-3.13920000e-07,1.00000000e-01,1.12125000e+01,-3.31250000e-02,-1.10937500e-01
-3.13600000e-07,2.50000000e-02,1.11375000e+01,-3.50000000e-02,-1.19531250e-01
-3.13280000e-07,3.75000000e-02,1.11125000e+01,3.75000000e-03,-8.12500000e-02
-3.12960000e-07,2.12500000e-01,1.11250000e+01,-3.06250000e-02,-7.03125000e-02
-3.12640000e-07,2.62500000e-01,1.12375000e+01,-1.93750000e-02,-1.10937500e-01
-3.12320000e-07,5.00000000e-02,1.10625000e+01,-1.50000000e-02,-9.68750000e-02
-3.12000000e-07,8.75000000e-02,1.11750000e+01,1.56250000e-02,-5.31250000e-02
-3.11680000e-07,2.50000000e-02,1.12250000e+01,-1.00000000e-02,-1.54687500e-01
-3.11360000e-07,1.87500000e-01,1.11000000e+01,-2.81250000e-02,-2.00781250e-01
-3.11040000e-07,2.75000000e-01,1.10500000e+01,-1.12500000e-02,-7.03125000e-02
-3.10720000e-07,5.00000000e-02,1.11875000e+01,-6.25000000e-03,-1.56250000e-03
-3.10400000e-07,1.12500000e-01,1.10375000e+01,-1.68750000e-02,-8.75000000e-02
-3.10080000e-07,2.37500000e-01,1.11375000e+01,-4.37500000e-03,-7.10937500e-02
-3.09760000e-07,1.00000000e-01,1.09375000e+01,-9.37500000e-03,-1.32031250e-01
-3.09440000e-07,2.12500000e-01,1.11750000e+01,-1.68750000e-02,-1.33593750e-01
-3.09120000e-07,1.00000000e-01,1.11375000e+01,-4.37500000e-03,-4.53125000e-02
-3.08800000e-07,3.75000000e-02,1.10750000e+01,-2.81250000e-02,-1.95312500e-02
-3.08480000e-07,3.75000000e-02,1.12875000e+01,-6.87500000e-03,-6.71875000e-02
-3.08160000e-07,8.75000000e-02,1.10875000e+01,-4.87500000e-02,-6.87500000e-02
-3.07840000e-07,5.00000000e-02,1.10375000e+01,-1.18750000e-02,-9.60937500e-02
-3.07520000e-07,2.62500000e-01,1.13125000e+01,-1.00000000e-02,-1.75000000e-01
-3.07200000e-07,5.00000000e-02,1.11250000e+01,-2.18750000e-02,-1.34375000e-01
-3.06880000e-07,7.50000000e-02,1.10875000e+01,-2.87500000e-02,-1.73437500e-01
-3.06560000e-07,1.62500000e-01,1.12125000e+01,-1.43750000e-02,-1.67187500e-01
-3.06240000e-07,2.75000000e-01,1.12000000e+01,-3.43750000e-02,-2.96875000e-02
-3.05920000e-07,3.75000000e-02,1.10625000e+01,-1.87500000e-03,-7.89062500e-02
-3.05600000e-07,7.50000000e-02,1.11000000e+01,-2.50000000e-03,-9.68750000e-02
-3.05280000e-07,8.75000000e-02,1.09750000e+01,-2.56250000e-02,-8.35937500e-02
-3.04960000e-07,8.75000000e-02,1.10125000e+01,-1.50000000e-02,-1.57812500e-01
-3.04640000e-07,1.12500000e-01,1.11250000e+01,-4.37500000e-02,-1.81250000e-01
-3.04320000e-07,1.37500000e-01,1.11750000e+01,-2.18750000e-02,-1.39843750e-01
-3.04000000e-07,6.25000000e-02,1.11625000e+01,-4.37500000e-02,-1.01562500e-01
-3.03680000e-07,1.12500000e-01,1.12250000e+01,-3.06250000e-02,-1.03125000e-01
-3.03360000e-07,2.50000000e-02,1.11375000e+01,-2.12500000e-02,-2.40625000e-01
-3.03040000e-07,1.87500000e-01,1.12250000e+01,-1.93750000e-02,-2.03906250e-01
-3.02720000e-07,0.00000000e+00,1.11125000e+01,-2.56250000e-02,-1.65625000e-01
-3.02400000e-07,3.75000000e-02,1.12000000e+01,-9.37500000e-03,-1.22656250e-01
-3.02080000e-07,1.75000000e-01,1.12875000e+01,3.12500000e-03,-1.33593750e-01
-3.01760000e-07,8.75000000e-02,1.12375000e+01,1.81250000e-02,-1.37500000e-01
-3.01440000e-07,6.25000000e-02,1.12000000e+01,-2.50000000e-03,-1.26562500e-01
-3.01120000e-07,1.12500000e-01,1.12500000e+01,-4.06250000e-02,-9.53125000e-02
-3.00800000e-07,8.75000000e-02,1.10625000e+01,-9.37500000e-03,-1.78906250e-01
-3.00480000e-07,1.00000000e-01,1.10875000e+01,-4.81250000e-02,-1.82031250e-01
-3.00160000e-07,2.00000000e-01,1.12250000e+01,-2.50000000e-02,-9.92187500e-02
-2.99840000e-07,2.37500000e-01,1.12125000e+01,1.12500000e-02,-1.00781250e-01
-2.99520000e-07,1.87500000e-01,1.10500000e+01,-1.12500000e-02,-1.82812500e-01
-2.99200000e-07,5.00000000e-02,1.11750000e+01,-9.37500000e-03,-1.47656250e-01
-2.98880000e-07,1.37500000e-01,1.12125000e+01,-2.87500000e-02,-1.23437500e-01
-2.98560000e-07,1.37500000e-01,1.11625000e+01,-4.62500000e-02,-1.46875000e-01
-2.98240000e-07,1.37500000e-01,1.10625000e+01,-4.12500000e-02,-2.10156250e-01
-2.97920000e-07,7.50000000e-02,1.11875000e+01,-2.75000000e-02,-1.38281250e-01
-2.97600000e-07,6.25000000e-02,1.11625000e+01,-1.12500000e-02,-7.73437500e-02
-2.97280000e-07,2.25000000e-01,1.11250000e+01,-1.12500000e-02,-1.29687500e-01
-2.96960000e-07,8.75000000e-02,1.11875000e+01,-1.87500000e-03,-1.09375000e-01
-2.96640000e-07,1.00000000e-01,1.11625000e+01,1.31250000e-02,-1.48437500e-01
-2.96320000e-07,3.75000000e-02,1.11875000e+01,-4.12500000e-02,-2.25781250e-01
-2.96000000e-07,3.75000000e-02,1.12500000e+01,-2.81250000e-02,-1.92968750e-01
-2.95680000e-07,8.75000000e-02,1.11250000e+01,5.62500000e-03,-1.71875000e-01
-2.95360000e-07,1.12500000e-01,1.10875000e+01,-1.62500000e-02,-1.34375000e-01
-2.95040000e-07,1.75000000e-01,1.11875000e+01,-2.87500000e-02,-1.99218750e-01
-2.94720000e-07,1.50000000e-01,1.10750000e+01,-1.68750000e-02,-2.49218750e-01
-2.94400000e-07,2.50000000e-02,1.10125000e+01,-3.12500000e-02,-2.82031250e-01
-2.94080000e-07,0.00000000e+00,1.13625000e+01,-7.50000000e-03,-2.52343750e-01
-2.93760000e-07,1.37500000e-01,1.12875000e+01,-3.87500000e-02,-1.17187500e-01
-2.93440000e-07,1.00000000e-01,1.08250000e+01,-3.75000000e-03,-8.04687500e-02
-2.93120000e-07,5.00000000e-02,1.10375000e+01,-7.50000000e-03,-1.55468750e-01
-2.92800000e-07,1.37500000e-01,1.12625000e+01,-4.12500000e-02,-1.29687500e-01
-2.92480000e-07,5.00000000e-02,1.11625000e+01,-2.75000000e-02,-1.17187500e-01
-2.92160000e-07,-2.50000000e-02,1.10875000e+01,-1.12500000e-02,-1.58593750e-01
-2.91840000e-07,1.25000000e-01,1.11000000e+01,1.12500000e-02,-1.33593750e-01
-2.91520000e-07,1.62500000e-01,1.11250000e+01,-3.62500000e-02,-8.35937500e-02
-2.91200000e-07,1.75000000e-01,1.12250000e+01,-4.31250000e-02,-7.10937500e-02
-2.90880000e-07,1.75000000e-01,1.11625000e+01,-4.37500000e-03,-1.03906250e-01
-2.90560000e-07,5.00000000e-02,1.11125000e+01,-6.25000000e-03,-1.16406250e-01
-2.90240000e-07,7.50000000e-02,1.11500000e+01,-2.25000000e-02,-8.75000000e-02
-2.89920000e-07,1.25000000e-01,1.11375000e+01,-5.87500000e-02,-8.98437500e-02
-2.89600000e-07,2.50000000e-02,1.12375000e+01,1.12500000e-02,-1.27343750e-01
-2.89280000e-07,-2.50000000e-02,1.11750000e+01,-7.50000000e-03,-1.61718750e-01
-2.88960000e-07,2.37500000e-01,1.11625000e+01,-2.87500000e-02,-1.33593750e-01
-2.88640000e-07,5.00000000e-02,1.11125000e+01,-2.18750000e-02,-1.31250000e-01
-2.88320000e-07,1.37500000e-01,1.10875000e+01,-1.68750000e-02,-1.10156250e-01
-2.88000000e-07,1.25000000e-02,1.10625000e+01,-2.87500000e-02,-2.00000000e-01
-2.87680000e-07,5.00000000e-02,1.11875000e+01,-1.43750000e-02,-1.75000000e-01
-2.87360000e-07,2.37500000e-01,1.12375000e+01,-7.50000000e-03,-1.46875000e-01
-2.87040000e-07,1.25000000e-01,1.12000000e+01,-1.68750000e-02,-1.03906250e-01
-2.86720000e-07,7.50000000e-02,1.11375000e+01,6.25000000e-04,-1.21093750e-01
-2.86400000e-07,1.12500000e-01,1.12000000e+01,-4.37500000e-03,-1.50000000e-01
-2.86080000e-07,1.00000000e-01,1.10750000e+01,-2.00000000e-02,-1.34375000e-01
-2.85760000e-07,8.75000000e-02,1.12000000e+01,-3.62500000e-02,-1.12500000e-01
-2.85440000e-07,1.00000000e-01,1.10500000e+01,-3.31250000e-02,-1.10937500e-01
-2.85120000e-07,8.75000000e-02,1.10000000e+01,-3.25000000e-02,-1.49218750e-01
-2.84800000e-07,1.37500000e-01,1.11750000e+01,-3.75000000e-03,-1.70312500e-01
-2.84480000e-07,2.62500000e-01,1.11625000e+01,-3.75000000e-03,-1.10156250e-01
-2.84160000e-07,2.12500000e-01,1.12625000e+01,-2.00000000e-02,-1.00000000e-01
-2.83840000e-07,8.75000000e-02,1.11250000e+01,-1.93750000e-02,-1.54687500e-01
-2.83520000e-07,3.75000000e-02,1.11000000e+01,-4.37500000e-03,-1.71093750e-01
-2.83200000e-07,5.00000000e-02,1.11500000e+01,-4.37500000e-03,-1.35156250e-01
-2.82880000e-07,1.62500000e-01,1.10250000e+01,-2.18750000e-02,-1.15625000e-01
-2.82560000e-07,1.87500000e-01,1.11625000e+01,-9.37500000e-03,-1.71875000e-01
-2.82240000e-07,1.62500000e-01,1.11500000e+01,-4.37500000e-03,-2.07812500e-01
-2.81920000e-07,-5.00000000e-02,1.11875000e+01,5.62500000e-03,-1.39843750e-01
-2.81600000e-07,1.50000000e-01,1.11625000e+01,-7.50000000e-03,-1.96875000e-01
-2.81280000e-07,1.50000000e-01,1.11875000e+01,-5.87500000e-02,-2.32812500e-01
-2.80960000e-07,6.25000000e-02,1.11375000e+01,-3.00000000e-02,-1.17187500e-01
-2.80640000e-07,1.62500000e-01,1.11500000e+01,-1.18750000e-02,-1.00000000e-01
-2.80320000e-07,2.75000000e-01,1.10625000e+01,-3.56250000e-02,-1.42187500e-01
-2.80000000e-07,1.62500000e-01,1.11625000e+01,-1.62500000e-02,-8.12500000e-02
-2.79680000e-07,0.00000000e+00,1.11625000e+01,1.06250000e-02,-1.47656250e-01
-2.79360000e-07,1.62500000e-01,1.10125000e+01,-7.50000000e-03,-1.60156250e-01
-2.79040000e-07,2.00000000e-01,1.10875000e+01,-4.87500000e-02,-1.62500000e-01
-2.78720000e-07,1.00000000e-01,1.11500000e+01,-1.37500000e-02,-1.69531250e-01
-2.78400000e-07,1.25000000e-01,1.11125000e+01,-2.00000000e-02,-1.53906250e-01
-2.78080000e-07,8.75000000e-02,1.11375000e+01,-4.12500000e-02,-1.24218750e-01
-2.77760000e-07,3.75000000e-02,1.12750000e+01,-3.56250000e-02,-2.14062500e-01
-2.77440000e-07,1.25000000e-01,1.12375000e+01,-2.12500000e-02,-1.83593750e-01
-2.77120000e-07,6.25000000e-02,1.11375000e+01,-6.87500000e-03,-1.45312500e-01
-2.76800000e-07,6.25000000e-02,1.11125000e+01,-1.68750000e-02,-1.60156250e-01
-2.76480000e-07,7.50000000e-02,1.11500000e+01,-2.87500000e-02,-1.14843750e-01
-2.76160000e-07,8.75000000e-02,1.11250000e+01,-2.25000000e-02,-1.56250000e-01
-2.75840000e-07,1.37500000e-01,1.11500000e+01,-3.68750000e-02,-1.69531250e-01
-2.75520000e-07,2.37500000e-01,1.10375000e+01,-2.12500000e-02,-8.04687500e-02
-2.75200000e-07,8.75000000e-02,1.10875000e+01,-2.50000000e-03,-1.21875000e-01
-2.74880000e-07,1.37500000e-01,1.11125000e+01,-5.12500000e-02,-2.27343750e-01
-2.74560000e-07,7.50000000e-02,1.12625000e+01,-4.06250000e-02,-1.85937500e-01
-2.74240000e-07,8.75000000e-02,1.12000000e+01,1.25000000e-03,-1.88281250e-01
-2.73920000e-07,1.25000000e-01,1.10500000e+01,8.12500000e-03,-1.73437500e-01
-2.73600000e-07,2.50000000e-02,1.11250000e+01,-3.87500000e-02,-2.28906250e-01
-2.73280000e-07,8.75000000e-02,1.11625000e+01,-4.37500000e-02,-2.35937500e-01
-2.72960000e-07,1.75000000e-01,1.10750000e+01,-1.50000000e-02,-1.80468750e-01
-2.72640000e-07,1.25000000e-02,1.10375000e+01,-3.62500000e-02,-1.45312500e-01
-2.72320000e-07,8.75000000e-02,1.11750000e+01,-6.25000000e-03,-2.14062500e-01
-2.72000000e-07,7.50000000e-02,1.11250000e+01,-3.62500000e-02,-1.98437500e-01
-2.71680000e-07,1.87500000e-01,1.10500000e+01,-5.12500000e-02,-1.74218750e-01
-2.71360000e-07,1.12500000e-01,1.11750000e+01,-3.62500000e-02,-1.25781250e-01
-2.71040000e-07,1.87500000e-01,1.11375000e+01,-8.75000000e-03,-8.12500000e-02
-2.70720000e-07,5.00000000e-02,1.10625000e+01,-2.18750000e-02,-8.59375000e-02
-2.70400000e-07,2.75000000e-01,1.10500000e+01,-2.56250000e-02,-7.73437500e-02
-2.70080000e-07,6.25000000e-02,1.11625000e+01,-2.56250000e-02,-1.36718750e-01
-2.69760000e-07,1.50000000e-01,1.11250000e+01,-1.68750000e-02,-1.53906250e-01
-2.69440000e-07,2.00000000e-01,1.11875000e+01,-9.37500000e-03,-1.07812500e-01
-2.69120000e-07,8.75000000e-02,1.11375000e+01,5.62500000e-03,-1.13281250e-01
-2.68800000e-07,1.00000000e-01,1.10750000e+01,-1.93750000e-02,-1.16406250e-01
-2.68480000e-07,5.00000000e-02,1.10375000e+01,-4.37500000e-03,-1.04687500e-01
-2.68160000e-07,1.25000000e-02,1.10750000e+01,-2.00000000e-02,-9.68750000e-02
-2.67840000e-07,1.25000000e-02,1.09625000e+01,-4.06250000e-02,-9.21875000e-02
-2.67520000e-07,3.75000000e-02,1.10500000e+01,1.25000000e-03,-1.39062500e-01
-2.67200000e-07,1.25000000e-01,1.13000000e+01,-1.87500000e-02,-1.92968750e-01
-2.66880000e-07,2.50000000e-01,1.12000000e+01,-1.68750000e-02,-1.76562500e-01
-2.66560000e-07,1.25000000e-01,1.11000000e+01,3.12500000e-03,-1.28125000e-01
-2.66240000e-07,1.00000000e-01,1.11750000e+01,-1.18750000e-02,-1.17187500e-01
-2.65920000e-07,1.62500000e-01,1.11375000e+01,-2.50000000e-03,-1.56250000e-01
-2.65600000e-07,1.25000000e-01,1.10750000e+01,-5.12500000e-02,-2.46093750e-01
-2.65280000e-07,1.87500000e-01,1.11375000e+01,-2.75000000e-02,-1.23437500e-01
-2.64960000e-07,1.37500000e-01,1.11500000e+01,-3.31250000e-02,-4.45312500e-02
-2.64640000e-07,2.25000000e-01,1.10375000e+01,-3.75000000e-02,-9.21875000e-02
-2.64320000e-07,1.25000000e-01,1.11875000e+01,1.31250000e-02,-1.20312500e-01
-2.64000000e-07,1.62500000e-01,1.12625000e+01,-1.87500000e-02,-1.30468750e-01
-2.63680000e-07,1.50000000e-01,1.11625000e+01,-1.75000000e-02,-1.65625000e-01
-2.63360000e-07,0.00000000e+00,1.11875000e+01,-3.12500000e-02,-1.30468750e-01
-2.63040000e-07,5.00000000e-02,1.11625000e+01,-1.62500000e-02,-1.25000000e-01
-2.62720000e-07,7.50000000e-02,1.12250000e+01,2.06250000e-02,-8.35937500e-02
-2.62400000e-07,3.75000000e-02,1.10375000e+01,-1.75000000e-02,-9.84375000e-02
-2.62080000e-07,1.25000000e-01,1.10250000e+01,-3.87500000e-02,-1.68750000e-01
-2.61760000e-07,1.87500000e-01,1.11750000e+01,-5.06250000e-02,-2.71093750e-01
-2.61440000e-07,1.25000000e-01,1.10625000e+01,-3.00000000e-02,-2.16406250e-01
-2.61120000e-07,8.75000000e-02,1.10500000e+01,-1.62500000e-02,-9.76562500e-02
-2.60800000e-07,1.37500000e-01,1.12125000e+01,-1.93750000e-02,-1.03125000e-01
-2.60480000e-07,1.00000000e-01,1.11375000e+01,-3.37500000e-02,-1.68750000e-01
-2.60160000e-07,1.50000000e-01,1.12125000e+01,-1.87500000e-02,-1.72656250e-01
-2.59840000e-07,1.12500000e-01,1.10625000e+01,-5.00000000e-03,-2.38281250e-01
-2.59520000e-07,2.50000000e-02,1.12750000e+01,-3.87500000e-02,-2.21093750e-01
-2.59200000e-07,1.87500000e-01,1.11125000e+01,-3.25000000e-02,-2.14843750e-01
-2.58880000e-07,2.00000000e-01,1.10875000e+01,1.37500000e-02,-2.42968750e-01
-2.58560000e-07,8.75000000e-02,1.10875000e+01,1.25000000e-03,-1.58593750e-01
-2.58240000e-07,-5.00000000e-02,1.11625000e+01,5.62500000e-03,-1.07812500e-01
-2.57920000e-07,1.00000000e-01,1.11375000e+01,-1.87500000e-03,-9.45312500e-02
-2.57600000e-07,1.62500000e-01,1.10500000e+01,6.25000000e-04,-4.06250000e-02
-2.57280000e-07,7.50000000e-02,1.09375000e+01,1.31250000e-02,-7.18750000e-02
-2.56960000e-07,1.37500000e-01,1.11375000e+01,-1.75000000e-02,-9.92187500e-02
-2.56640000e-07,1.75000000e-01,1.12750000e+01,-2.56250000e-02,-1.21875000e-01
-2.56320000e-07,1.62500000e-01,1.11000000e+01,-6.25000000e-03,-2.65625000e-02
-2.56000000e-07,2.00000000e-01,1.10875000e+01,-3.56250000e-02,-9.92187500e-02
-2.55680000e-07,1.62500000e-01,1.10375000e+01,-3.37500000e-02,-1.97656250e-01
-2.55360000e-07,2.50000000e-02,1.10625000e+01,-1.18750000e-02,-1.60937500e-01
-2.55040000e-07,1.37500000e-01,1.12000000e+01,-1.87500000e-03,-1.50781250e-01
-2.54720000e-07,3.75000000e-02,1.10250000e+01,-2.18750000e-02,-1.44531250e-01
-2.54400000e-07,1.37500000e-01,1.13125000e+01,-9.37500000e-03,-1.33593750e-01
-2.54080000e-07,2.00000000e-01,1.12375000e+01,-3.87500000e-02,-1.21875000e-01
-2.53760000e-07,8.75000000e-02,1.11875000e+01,-2.87500000e-02,-8.04687500e-02
-2.53440000e-07,3.75000000e-02,1.10625000e+01,-4.12500000e-02,-8.20312500e-02
-2.53120000e-07,2.50000000e-01,1.10500000e+01,1.25000000e-03,-7.50000000e-02
-2.52800000e-07,1.62500000e-01,1.11625000e+01,-1.75000000e-02,-1.33593750e-01
-2.52480000e-07,3.75000000e-02,1.10875000e+01,-4.87500000e-02,-1.00781250e-01
-2.52160000e-07,6.25000000e-02,1.12125000e+01,-1.12500000e-02,-1.61718750e-01
-2.51840000e-07,6.25000000e-02,1.11375000e+01,-4.37500000e-03,-1.41406250e-01
-2.51520000e-07,3.75000000e-02,1.10875000e+01,-7.50000000e-03,-1.38281250e-01
-2.51200000e-07,1.62500000e-01,1.11875000e+01,-2.81250000e-02,-1.28906250e-01
-2.50880000e-07,1.87500000e-01,1.11125000e+01,-6.25000000e-03,-1.10156250e-01
-2.50560000e-07,2.37500000e-01,1.10625000e+01,5.62500000e-03,-9.92187500e-02
-2.50240000e-07,1.00000000e-01,1.11250000e+01,-5.37500000e-02,-6.01562500e-02
-2.49920000e-07,1.25000000e-01,1.11875000e+01,-1.87500000e-02,-7.81250000e-03
-2.49600000e-07,1.50000000e-01,1.09750000e+01,-1.93750000e-02,2.73437500e-02
-2.49280000e-07,1.50000000e-01,1.10125000e+01,-1.43750000e-02,-2.81250000e-02
-2.48960000e-07,3.75000000e-02,1.13000000e+01,-1.68750000e-02,-8.75000000e-02
-2.48640000e-07,-5.00000000e-02,1.11000000e+01,-4.37500000e-03,-8.75000000e-02
-2.48320000e-07,1.25000000e-02,1.11250000e+01,-3.12500000e-02,-6.40625000e-02
-2.48000000e-07,2.50000000e-01,1.12000000e+01,-2.18750000e-02,-5.54687500e-02
-2.47680000e-07,2.37500000e-01,1.11375000e+01,2.50000000e-03,-1.67187500e-01
-2.47360000e-07,1.00000000e-01,1.10625000e+01,-2.62500000e-02,-1.81250000e-01
-2.47040000e-07,1.37500000e-01,1.12375000e+01,-4.37500000e-02,-1.51562500e-01
-2.46720000e-07,1.50000000e-01,1.12250000e+01,-1.43750000e-02,-1.06250000e-01
-2.46400000e-07,2.00000000e-01,1.09875000e+01,1.06250000e-02,-9.84375000e-02
-2.46080000e-07,0.00000000e+00,1.11375000e+01,-1.18750000e-02,-8.04687500e-02
-2.45760000e-07,1.50000000e-01,1.10125000e+01,-1.93750000e-02,-6.48437500e-02
-2.45440000e-07,1.87500000e-01,1.11125000e+01,-2.00000000e-02,-3.51562500e-02
-2.45120000e-07,1.25000000e-02,1.10500000e+01,-3.31250000e-02,-1.03906250e-01
-2.44800000e-07,1.12500000e-01,1.12500000e+01,-8.75000000e-03,-1.03125000e-01
-2.44480000e-07,1.62500000e-01,1.12375000e+01,8.75000000e-03,-1.56250000e-02
-2.44160000e-07,6.25000000e-02,1.12125000e+01,6.25000000e-04,-3.90625000e-03
-2.43840000e-07,2.00000000e-01,1.10375000e+01,-1.18750000e-02,-2.50000000e-02
-2.43520000e-07,1.37500000e-01,1.11875000e+01,1.31250000e-02,-1.17968750e-01
-2.43200000e-07,1.87500000e-01,1.12625000e+01,-3.62500000e-02,-1.65625000e-01
-2.42880000e-07,1.62500000e-01,1.11875000e+01,-1.18750000e-02,-1.51562500e-01
-2.42560000e-07,2.00000000e-01,1.09625000e+01,-7.50000000e-03,-8.59375000e-02
-2.42240000e-07,2.00000000e-01,1.11125000e+01,-2.56250000e-02,-9.53125000e-02
-2.41920000e-07,5.00000000e-02,1.10500000e+01,3.12500000e-03,-1.17968750e-01
-2.41600000e-07,0.00000000e+00,1.10500000e+01,-4.37500000e-03,-8.43750000e-02
-2.41280000e-07,5.00000000e-02,1.12625000e+01,-1.75000000e-02,-9.21875000e-02
-2.40960000e-07,1.37500000e-01,1.11500000e+01,-5.37500000e-02,-7.89062500e-02
-2.40640000e-07,2.62500000e-01,1.11125000e+01,-2.75000000e-02,-1.56250000e-02
-2.40320000e-07,6.25000000e-02,1.12875000e+01,6.25000000e-03,-8.59375000e-03
-2.40000000e-07,1.37500000e-01,1.10125000e+01,-1.93750000e-02,-1.43750000e-01
-2.39680000e-07,1.50000000e-01,1.11125000e+01,-4.37500000e-03,-1.81250000e-01
-2.39360000e-07,-6.25000000e-02,1.11000000e+01,5.62500000e-03,-2.03125000e-01
-2.39040000e-07,1.00000000e-01,1.11625000e+01,-1.68750000e-02,-1.02343750e-01
-2.38720000e-07,2.00000000e-01,1.11250000e+01,-1.43750000e-02,-6.56250000e-02
-2.38400000e-07,1.25000000e-01,1.11625000e+01,-1.87500000e-03,-2.34375000e-02
-2.38080000e-07,1.12500000e-01,1.10000000e+01,-2.62500000e-02,-5.62500000e-02
-2.37760000e-07,2.62500000e-01,1.12625000e+01,-3.31250000e-02,-9.53125000e-02
-2.37440000e-07,1.37500000e-01,1.12000000e+01,-1.18750000e-02,-4.29687500e-02
-2.37120000e-07,1.25000000e-02,1.11875000e+01,-1.62500000e-02,-8.35937500e-02
-2.36800000e-07,1.00000000e-01,1.12500000e+01,-1.50000000e-02,-1.39843750e-01
-2.36480000e-07,3.75000000e-02,1.11875000e+01,-1.68750000e-02,-8.98437500e-02
-2.36160000e-07,1.62500000e-01,1.11125000e+01,-2.00000000e-02,-5.15625000e-02
-2.35840000e-07,2.50000000e-02,1.10875000e+01,-3.12500000e-02,-7.65625000e-02
-2.35520000e-07,7.50000000e-02,1.11000000e+01,-3.81250000e-02,-1.29687500e-01
-2.35200000e-07,2.75000000e-01,1.11250000e+01,-2.12500000e-02,-1.18750000e-01
-2.34880000e-07,1.37500000e-01,1.10500000e+01,-4.37500000e-03,-9.84375000e-02
-2.34560000e-07,-3.75000000e-02,1.11250000e+01,6.25000000e-04,-4.21875000e-02
-2.34240000e-07,6.25000000e-02,1.12375000e+01,-3.62500000e-02,-5.78125000e-02
-2.33920000e-07,2.12500000e-01,1.12000000e+01,-1.68750000e-02,-8.98437500e-02
-2.33600000e-07,5.00000000e-02,1.11375000e+01,-1.25000000e-02,-1.41406250e-01
-2.33280000e-07,1.37500000e-01,1.10625000e+01,-9.37500000e-03,-1.93750000e-01
-2.32960000e-07,2.37500000e-01,1.11000000e+01,-1.93750000e-02,-1.31250000e-01
-2.32640000e-07,1.00000000e-01,1.12500000e+01,3.12500000e-03,-9.37500000e-02
-2.32320000e-07,1.12500000e-01,1.12500000e+01,-3.12500000e-02,-1.49218750e-01
-2.32000000e-07,5.00000000e-02,1.11250000e+01,-9.37500000e-03,-1.14843750e-01
-2.31680000e-07,1.25000000e-02,1.11500000e+01,2.50000000e-03,-9.60937500e-02
-2.31360000e-07,1.62500000e-01,1.11625000e+01,-1.18750000e-02,-1.37500000e-01
-2.31040000e-07,1.00000000e-01,1.10750000e+01,-6.87500000e-03,-5.70312500e-02
-2.30720000e-07,1.50000000e-01,1.12125000e+01,-9.37500000e-03,-3.59375000e-02
-2.30400000e-07,5.00000000e-02,1.11750000e+01,-1.00000000e-02,-6.87500000e-02
-2.30080000e-07,1.62500000e-01,1.10750000e+01,-4.12500000e-02,-7.89062500e-02
-2.29760000e-07,5.00000000e-02,1.09000000e+01,-1.87500000e-02,-9.76562500e-02
-2.29440000e-07,2.25000000e-01,1.12125000e+01,-2.62500000e-02,-2.89062500e-02
-2.29120000e-07,1.25000000e-02,1.11250000e+01,-3.81250000e-02,-5.46875000e-03
-2.28800000e-07,1.25000000e-02,1.11250000e+01,-1.25000000e-02,-2.10937500e-02
-2.28480000e-07,2.00000000e-01,1.10750000e+01,-2.50000000e-02,-6.40625000e-02
-2.28160000e-07,2.75000000e-01,1.12000000e+01,-3.06250000e-02,-9.29687500e-02
-2.27840000e-07,2.00000000e-01,1.12250000e+01,-7.93750000e-02,-1.23437500e-01
-2.27520000e-07,1.37500000e-01,1.12000000e+01,-3.12500000e-02,-1.32031250e-01
-2.27200000e-07,6.25000000e-02,1.12000000e+01,-3.56250000e-02,-1.19531250e-01
-2.26880000e-07,1.00000000e-01,1.12750000e+01,-1.37500000e-02,-1.11718750e-01
-2.26560000e-07,8.75000000e-02,1.10750000e+01,-3.12500000e-02,-1.53906250e-01
-2.26240000e-07,2.50000000e-02,1.11500000e+01,-2.81250000e-02,-1.71875000e-01
-2.25920000e-07,1.37500000e-01,1.12000000e+01,-4.12500000e-02,-7.34375000e-02
-2.25600000e-07,1.00000000e-01,1.11125000e+01,-2.50000000e-02,-1.36718750e-01
-2.25280000e-07,1.12500000e-01,1.12125000e+01,6.25000000e-04,-1.17968750e-01
-2.24960000e-07,1.62500000e-01,1.11750000e+01,-4.06250000e-02,-1.40625000e-01
-2.24640000e-07,2.50000000e-02,1.12000000e+01,-3.81250000e-02,-1.42968750e-01
-2.24320000e-07,0.00000000e+00,1.11875000e+01,5.62500000e-03,-1.16406250e-01
-2.24000000e-07,1.25000000e-01,1.11000000e+01,-4.06250000e-02,-1.92187500e-01
-2.23680000e-07,1.37500000e-01,1.11625000e+01,-4.81250000e-02,-1.22656250e-01
-2.23360000e-07,1.00000000e-01,1.12125000e+01,-1.87500000e-03,1.56250000e-03
-2.23040000e-07,2.37500000e-01,1.10500000e+01,-4.31250000e-02,-8.35937500e-02
-2.22720000e-07,1.62500000e-01,1.10875000e+01,-5.87500000e-02,-1.42187500e-01
-2.22400000e-07,7.50000000e-02,1.10875000e+01,-1.75000000e-02,-1.79687500e-01
-2.22080000e-07,-3.75000000e-02,1.11375000e+01,-1.43750000e-02,-1.22656250e-01
-2.21760000e-07,1.25000000e-02,1.12500000e+01,-1.25000000e-02,-8.75000000e-02
-2.21440000e-07,1.37500000e-01,1.10125000e+01,-2.81250000e-02,-7.57812500e-02
-2.21120000e-07,1.12500000e-01,1.11375000e+01,-1.68750000e-02,-1.07812500e-01
-2.20800000e-07,1.62500000e-01,1.11250000e+01,-5.06250000e-02,-1.71875000e-01
-2.20480000e-07,1.12500000e-01,1.11125000e+01,-1.62500000e-02,-9.76562500e-02
-2.20160000e-07,1.25000000e-01,1.11875000e+01,-1.50000000e-02,-6.09375000e-02
-2.19840000e-07,2.50000000e-02,1.11250000e+01,-5.87500000e-02,-1.78906250e-01
-2.19520000e-07,-6.25000000e-02,1.11750000e+01,-2.12500000e-02,-2.11718750e-01
-2.19200000e-07,1.25000000e-02,1.12875000e+01,-1.18750000e-02,-1.57031250e-01
-2.18880000e-07,8.75000000e-02,1.12750000e+01,-3.37500000e-02,-1.25781250e-01
-2.18560000e-07,0.00000000e+00,1.11875000e+01,-6.87500000e-03,-9.92187500e-02
-2.18240000e-07,-1.25000000e-02,1.10375000e+01,-1.50000000e-02,-9.21875000e-02
-2.17920000e-07,1.25000000e-01,1.11250000e+01,-2.00000000e-02,-1.01562500e-01
-2.17600000e-07,8.75000000e-02,1.11875000e+01,-4.37500000e-02,-6.64062500e-02
-2.17280000e-07,2.50000000e-02,1.12500000e+01,-2.50000000e-02,-5.46875000e-02
-2.16960000e-07,1.25000000e-02,1.10375000e+01,-3.56250000e-02,-1.85156250e-01
-2.16640000e-07,1.25000000e-01,1.11250000e+01,-5.56250000e-02,-1.72656250e-01
-2.16320000e-07,8.75000000e-02,1.10750000e+01,-1.75000000e-02,-8.35937500e-02
-2.16000000e-07,2.50000000e-02,1.12125000e+01,-3.87500000e-02,-1.31250000e-01
-2.15680000e-07,2.12500000e-01,1.10375000e+01,-2.56250000e-02,-1.37500000e-01
-2.15360000e-07,1.62500000e-01,1.10875000e+01,-1.62500000e-02,-1.23437500e-01
-2.15040000e-07,7.50000000e-02,1.10250000e+01,-1.75000000e-02,-1.96093750e-01
-2.14720000e-07,2.50000000e-02,1.12500000e+01,-3.87500000e-02,-2.29687500e-01
-2.14400000e-07,2.50000000e-02,1.10875000e+01,-3.81250000e-02,-1.42968750e-01
-2.14080000e-07,1.75000000e-01,1.11500000e+01,-2.75000000e-02,-1.24218750e-01
-2.13760000e-07,7.50000000e-02,1.11250000e+01,-1.68750000e-02,-1.04687500e-01
-2.13440000e-07,6.25000000e-02,1.10875000e+01,-1.12500000e-02,-5.31250000e-02
-2.13120000e-07,8.75000000e-02,1.11750000e+01,-1.75000000e-02,-9.84375000e-02
-2.12800000e-07,1.37500000e-01,1.11125000e+01,-2.25000000e-02,-7.03125000e-02
-2.12480000e-07,6.25000000e-02,1.11500000e+01,-4.87500000e-02,-1.00781250e-01
-2.12160000e-07,1.75000000e-01,1.13375000e+01,-2.50000000e-02,-1.95312500e-01
-2.11840000e-07,1.75000000e-01,1.11500000e+01,-2.50000000e-02,-2.23437500e-01
-2.11520000e-07,2.37500000e-01,1.11375000e+01,-6.25000000e-03,-2.11718750e-01
-2.11200000e-07,2.50000000e-02,1.11375000e+01,-1.68750000e-02,-1.46875000e-01
-2.10880000e-07,3.75000000e-02,1.13500000e+01,-6.87500000e-03,-9.37500000e-02
-2.10560000e-07,-2.50000000e-02,1.12000000e+01,-9.37500000e-03,-1.46875000e-01
-2.10240000e-07,1.25000000e-01,1.10375000e+01,-1.00000000e-02,-1.95312500e-01
-2.09920000e-07,1.12500000e-01,1.11250000e+01,-2.81250000e-02,-2.00781250e-01
-2.09600000e-07,7.50000000e-02,1.11625000e+01,-1.62500000e-02,-1.72656250e-01
-2.09280000e-07,6.25000000e-02,1.10500000e+01,-3.31250000e-02,-1.62500000e-01
-2.08960000e-07,1.12500000e-01,1.11375000e+01,-3.56250000e-02,-1.33593750e-01
-2.08640000e-07,7.50000000e-02,1.10500000e+01,-9.37500000e-03,-9.53125000e-02
-2.08320000e-07,5.00000000e-02,1.11750000e+01,1.62500000e-02,-9.06250000e-02
-2.08000000e-07,0.00000000e+00,1.11500000e+01,-1.87500000e-03,-1.07812500e-01
-2.07680000e-07,1.12500000e-01,1.11375000e+01,-1.50000000e-02,-1.43750000e-01
-2.07360000e-07,2.37500000e-01,1.13375000e+01,-3.12500000e-02,-1.46875000e-01
-2.07040000e-07,2.37500000e-01,1.13000000e+01,-2.18750000e-02,-1.28906250e-01
-2.06720000e-07,1.37500000e-01,1.11750000e+01,-3.62500000e-02,-1.00000000e-01
-2.06400000e-07,6.25000000e-02,1.10125000e+01,-3.75000000e-02,-1.08593750e-01
-2.06080000e-07,8.75000000e-02,1.12625000e+01,-1.25000000e-03,-9.60937500e-02
-2.05760000e-07,2.12500000e-01,1.12500000e+01,-1.37500000e-02,-3.98437500e-02
-2.05440000e-07,1.37500000e-01,1.10375000e+01,-2.62500000e-02,-5.39062500e-02
-2.05120000e-07,2.50000000e-02,1.12250000e+01,-2.18750000e-02,-1.00000000e-01
-2.04800000e-07,2.87500000e-01,1.11375000e+01,-1.25000000e-02,-7.03125000e-02
-2.04480000e-07,1.62500000e-01,1.10875000e+01,-2.18750000e-02,-5.31250000e-02
-2.04160000e-07,3.75000000e-02,1.11625000e+01,8.12500000e-03,-8.98437500e-02
-2.03840000e-07,1.12500000e-01,1.11375000e+01,-4.37500000e-03,-9.92187500e-02
-2.03520000e-07,5.00000000e-02,1.09875000e+01,6.25000000e-04,-7.73437500e-02
-2.03200000e-07,2.25000000e-01,1.12500000e+01,6.25000000e-04,-9.21875000e-02
-2.02880000e-07,1.50000000e-01,1.12250000e+01,-3.62500000e-02,-3.28125000e-02
-2.02560000e-07,2.12500000e-01,1.11125000e+01,-9.37500000e-03,-7.42187500e-02
-2.02240000e-07,6.25000000e-02,1.12375000e+01,-1.31250000e-02,-1.04687500e-01
-2.01920000e-07,1.50000000e-01,1.10500000e+01,-2.56250000e-02,-1.05468750e-01
-2.01600000e-07,1.37500000e-01,1.10750000e+01,-8.75000000e-03,-1.08593750e-01
-2.01280000e-07,1.87500000e-01,1.11000000e+01,-1.43750000e-02,-5.15625000e-02
-2.00960000e-07,2.50000000e-02,1.10250000e+01,-4.37500000e-02,-9.21875000e-02
-2.00640000e-07,6.25000000e-02,1.13125000e+01,-2.12500000e-02,-1.26562500e-01
-2.00320000e-07,1.12500000e-01,1.11250000e+01,-2.25000000e-02,-9.14062500e-02
-2.00000000e-07,1.37500000e-01,1.10500000e+01,-2.18750000e-02,-1.03125000e-01
-1.99680000e-07,1.62500000e-01,1.10500000e+01,-9.37500000e-03,-1.39843750e-01
-1.99360000e-07,0.00000000e+00,1.12000000e+01,-5.00000000e-03,-1.42968750e-01
-1.99040000e-07,0.00000000e+00,1.10250000e+01,-4.37500000e-02,-1.20312500e-01
-1.98720000e-07,1.50000000e-01,1.11625000e+01,-1.87500000e-02,-6.71875000e-02
-1.98400000e-07,0.00000000e+00,1.11000000e+01,-1.25000000e-02,-8.04687500e-02
-1.98080000e-07,5.00000000e-02,1.10625000e+01,-4.37500000e-02,-1.06250000e-01
-1.97760000e-07,1.75000000e-01,1.11250000e+01,-1.12500000e-02,-9.29687500e-02
-1.97440000e-07,3.25000000e-01,1.12000000e+01,6.25000000e-04,-5.78125000e-02
-1.97120000e-07,2.00000000e-01,1.12750000e+01,3.12500000e-03,-1.32812500e-01
-1.96800000e-07,6.25000000e-02,1.12625000e+01,-2.81250000e-02,-1.78125000e-01
-1.96480000e-07,1.62500000e-01,1.13000000e+01,-1.18750000e-02,-1.35937500e-01
-1.96160000e-07,-1.12500000e-01,1.12250000e+01,-4.37500000e-02,-1.40625000e-01
-1.95840000e-07,-2.50000000e-02,1.10125000e+01,-1.68750000e-02,-1.18750000e-01
-1.95520000e-07,1.00000000e-01,1.11375000e+01,-1.81250000e-02,-8.67187500e-02
-1.95200000e-07,3.75000000e-02,1.11875000e+01,-3.06250000e-02,-9.92187500e-02
-1.94880000e-07,1.50000000e-01,1.11875000e+01,-3.75000000e-03,-1.46093750e-01
-1.94560000e-07,2.37500000e-01,1.11375000e+01,3.75000000e-03,-7.26562500e-02
-1.94240000e-07,3.75000000e-02,1.11125000e+01,3.31250000e-02,-6.09375000e-02
-1.93920000e-07,3.75000000e-02,1.10875000e+01,-9.37500000e-03,-1.41406250e-01
-1.93600000e-07,1.50000000e-01,1.12125000e+01,-1.87500000e-03,-1.46093750e-01
-1.93280000e-07,1.50000000e-01,1.10500000e+01,-2.62500000e-02,-1.10937500e-01
-1.92960000e-07,7.50000000e-02,1.11250000e+01,-6.87500000e-03,-1.53125000e-01
-1.92640000e-07,5.00000000e-02,1.10875000e+01,7.50000000e-03,-1.39062500e-01
-1.92320000e-07,1.25000000e-01,1.11750000e+01,-9.37500000e-03,-1.51562500e-01
-1.92000000e-07,5.00000000e-02,1.11125000e+01,1.81250000e-02,-1.59375000e-01
-1.91680000e-07,8.75000000e-02,1.10500000e+01,-2.00000000e-02,-2.05468750e-01
-1.91360000e-07,1.50000000e-01,1.10750000e+01,-4.62500000e-02,-1.84375000e-01
-1.91040000e-07,1.75000000e-01,1.11625000e+01,-1.25000000e-03,-1.58593750e-01
-1.90720000e-07,1.00000000e-01,1.10625000e+01,-1.43750000e-02,-8.82812500e-02
-1.90400000e-07,1.62500000e-01,1.12000000e+01,-6.87500000e-03,-5.54687500e-02
-1.90080000e-07,3.75000000e-02,1.11250000e+01,-1.87500000e-03,-6.17187500e-02
-1.89760000e-07,1.12500000e-01,1.10750000e+01,-2.62500000e-02,-6.09375000e-02
-1.89440000e-07,8.75000000e-02,1.10750000e+01,-4.87500000e-02,-7.81250000e-02
-1.89120000e-07,-2.50000000e-02,1.12125000e+01,-2.81250000e-02,-1.19531250e-01
-1.88800000e-07,2.25000000e-01,1.10375000e+01,-8.75000000e-03,-1.18750000e-01
-1.88480000e-07,1.50000000e-01,1.11500000e+01,6.25000000e-03,-4.76562500e-02
-1.88160000e-07,3.75000000e-02,1.11125000e+01,-3.37500000e-02,-1.11718750e-01
-1.87840000e-07,8.75000000e-02,1.11500000e+01,-1.18750000e-02,-1.10156250e-01
-1.87520000e-07,2.25000000e-01,1.11875000e+01,-1.25000000e-02,-1.92187500e-01
-1.87200000e-07,1.87500000e-01,1.11375000e+01,-6.87500000e-03,-1.60156250e-01
-1.86880000e-07,3.75000000e-02,1.12125000e+01,-4.37500000e-03,-1.92187500e-01
-1.86560000e-07,-5.00000000e-02,1.10125000e+01,-2.87500000e-02,-8.75000000e-02
-1.86240000e-07,1.00000000e-01,1.11375000e+01,-1.93750000e-02,-8.67187500e-02
-1.85920000e-07,1.87500000e-01,1.10750000e+01,-3.37500000e-02,-1.17187500e-01
-1.85600000e-07,1.75000000e-01,1.10750000e+01,-6.87500000e-03,-6.64062500e-02
-1.85280000e-07,8.75000000e-02,1.12375000e+01,-9.37500000e-03,-1.09375000e-01
-1.84960000e-07,1.50000000e-01,1.12000000e+01,-2.00000000e-02,-9.06250000e-02
-1.84640000e-07,1.25000000e-01,1.12000000e+01,-3.37500000e-02,-1.03125000e-01
-1.84320000e-07,7.50000000e-02,1.10750000e+01,-1.25000000e-03,-1.26562500e-01
-1.84000000e-07,2.12500000e-01,1.11375000e+01,1.06250000e-02,-1.56250000e-01
-1.83680000e-07,1.25000000e-01,1.12375000e+01,-1.68750000e-02,-1.77343750e-01
-1.83360000e-07,2.50000000e-02,1.10750000e+01,1.56250000e-02,-9.45312500e-02
-1.83040000e-07,1.12500000e-01,1.12875000e+01,1.06250000e-02,-9.53125000e-02
-1.82720000e-07,3.75000000e-02,1.12000000e+01,-1.18750000e-02,-3.90625000e-03
-1.82400000e-07,2.00000000e-01,1.10500000e+01,1.06250000e-02,-9.92187500e-02
-1.82080000e-07,1.50000000e-01,1.10625000e+01,-2.00000000e-02,-1.35156250e-01
-1.81760000e-07,1.62500000e-01,1.12500000e+01,-3.31250000e-02,-7.18750000e-02
-1.81440000e-07,1.25000000e-01,1.11750000e+01,-8.75000000e-03,-1.32812500e-01
-1.81120000e-07,1.37500000e-01,1.09875000e+01,-1.93750000e-02,-1.65625000e-01
-1.80800000e-07,-1.25000000e-02,1.12125000e+01,-3.12500000e-02,-1.39843750e-01
-1.80480000e-07,7.50000000e-02,1.11625000e+01,-2.75000000e-02,-1.21875000e-01
-1.80160000e-07,1.12500000e-01,1.11375000e+01,-1.93750000e-02,-1.81250000e-01
-1.79840000e-07,1.87500000e-01,1.10250000e+01,-4.56250000e-02,-1.24218750e-01
-1.79520000e-07,8.75000000e-02,1.10500000e+01,-8.75000000e-03,-1.06250000e-01
-1.79200000e-07,3.75000000e-02,1.11375000e+01,-2.62500000e-02,-8.12500000e-02
-1.78880000e-07,2.25000000e-01,1.10625000e+01,-2.56250000e-02,-8.82812500e-02
-1.78560000e-07,1.25000000e-01,1.10750000e+01,-9.37500000e-03,-1.09375000e-01
-1.78240000e-07,1.00000000e-01,1.10375000e+01,-4.31250000e-02,-6.56250000e-02
-1.77920000e-07,2.00000000e-01,1.10000000e+01,-4.37500000e-02,-5.46875000e-03
-1.77600000e-07,8.75000000e-02,1.12250000e+01,-9.37500000e-03,-3.20312500e-02
-1.77280000e-07,1.50000000e-01,1.10375000e+01,-5.00000000e-03,-1.25781250e-01
-1.76960000e-07,6.25000000e-02,1.11875000e+01,-3.56250000e-02,-1.71093750e-01
-1.76640000e-07,7.50000000e-02,1.11125000e+01,-8.75000000e-03,-1.41406250e-01
-1.76320000e-07,1.37500000e-01,1.12625000e+01,-1.37500000e-02,-1.77343750e-01
-1.76000000e-07,3.75000000e-02,1.12625000e+01,-1.93750000e-02,-2.12500000e-01
-1.75680000e-07,1.12500000e-01,1.10125000e+01,1.06250000e-02,-1.70312500e-01
-1.75360000e-07,1.87500000e-01,1.11375000e+01,-2.56250000e-02,-1.67187500e-01
-1.75040000e-07,1.75000000e-01,1.13125000e+01,6.25000000e-04,-1.01562500e-01
-1.74720000e-07,3.75000000e-02,1.11375000e+01,-1.75000000e-02,-1.70312500e-01
-1.74400000e-07,2.50000000e-02,1.11125000e+01,-1.93750000e-02,-1.75000000e-01
-1.74080000e-07,1.87500000e-01,1.10500000e+01,1.31250000e-02,-1.30468750e-01
-1.73760000e-07,2.62500000e-01,1.11875000e+01,-2.62500000e-02,-5.54687500e-02
-1.73440000e-07,3.75000000e-02,1.11625000e+01,-2.18750000e-02,-5.07812500e-02
-1.73120000e-07,6.25000000e-02,1.11625000e+01,0.00000000e+00,-1.03125000e-01
-1.72800000e-07,2.50000000e-02,1.11375000e+01,-3.12500000e-02,-1.27343750e-01
-1.72480000e-07,1.37500000e-01,1.11375000e+01,-3.31250000e-02,-1.15625000e-01
-1.72160000e-07,1.00000000e-01,1.12375000e+01,-2.18750000e-02,-1.30468750e-01
-1.71840000e-07,8.75000000e-02,1.11125000e+01,-1.12500000e-02,-8.67187500e-02
-1.71520000e-07,1.62500000e-01,1.10500000e+01,6.25000000e-04,-1.61718750e-01
-1.71200000e-07,1.25000000e-01,1.10250000e+01,-1.75000000e-02,-2.35937500e-01
-1.70880000e-07,5.00000000e-02,1.11375000e+01,-3.56250000e-02,-1.10937500e-01
-1.70560000e-07,7.50000000e-02,1.10875000e+01,-2.50000000e-02,-5.62500000e-02
-1.70240000e-07,5.00000000e-02,1.10375000e+01,-1.37500000e-02,-1.08593750e-01
-1.69920000e-07,6.25000000e-02,1.10375000e+01,-1.87500000e-03,-1.17187500e-01
-1.69600000e-07,2.62500000e-01,1.12750000e+01,-1.50000000e-02,-1.24218750e-01
-1.69280000e-07,6.25000000e-02,1.11875000e+01,-1.75000000e-02,-1.39843750e-01
-1.68960000e-07,1.12500000e-01,1.09625000e+01,-3.37500000e-02,-1.92187500e-01
-1.68640000e-07,1.25000000e-01,1.11500000e+01,-1.93750000e-02,-1.76562500e-01
-1.68320000e-07,8.75000000e-02,1.11500000e+01,-3.87500000e-02,-5.70312500e-02
-1.68000000e-07,1.25000000e-01,1.12625000e+01,3.75000000e-03,-8.59375000e-02
-1.67680000e-07,1.12500000e-01,1.12000000e+01,-9.37500000e-03,-1.57031250e-01
-1.67360000e-07,0.00000000e+00,1.12125000e+01,1.06250000e-02,-1.97656250e-01
-1.67040000e-07,1.50000000e-01,1.11750000e+01,-1.43750000e-02,-1.04687500e-01
-1.66720000e-07,8.75000000e-02,1.11125000e+01,3.12500000e-03,-6.32812500e-02
-1.66400000e-07,-1.25000000e-02,1.10250000e+01,-4.87500000e-02,-1.50000000e-01
-1.66080000e-07,1.37500000e-01,1.10250000e+01,-4.37500000e-03,-2.37500000e-01
-1.65760000e-07,2.12500000e-01,1.11125000e+01,-2.06250000e-02,-1.13281250e-01
-1.65440000e-07,3.75000000e-02,1.11750000e+01,-5.37500000e-02,-7.57812500e-02
-1.65120000e-07,1.25000000e-01,1.11250000e+01,-2.12500000e-02,-1.34375000e-01
-1.64800000e-07,1.37500000e-01,1.10375000e+01,-1.87500000e-03,-1.49218750e-01
-1.64480000e-07,1.37500000e-01,1.11750000e+01,-7.50000000e-03,-6.17187500e-02
-1.64160000e-07,1.62500000e-01,1.11375000e+01,-3.56250000e-02,-8.59375000e-02
-1.63840000e-07,1.12500000e-01,1.11000000e+01,-1.62500000e-02,-1.51562500e-01
-1.63520000e-07,1.75000000e-01,1.12500000e+01,1.25000000e-03,-1.81250000e-01
-1.63200000e-07,7.50000000e-02,1.11750000e+01,-2.25000000e-02,-1.28125000e-01
-1.62880000e-07,1.00000000e-01,1.13375000e+01,-1.18750000e-02,-1.73437500e-01
-1.62560000e-07,-1.25000000e-02,1.11125000e+01,-2.25000000e-02,-1.69531250e-01
-1.62240000e-07,0.00000000e+00,1.12000000e+01,-1.43750000e-02,-3.04687500e-02
-1.61920000e-07,1.50000000e-01,1.11250000e+01,5.62500000e-03,-6.25000000e-02
-1.61600000e-07,1.12500000e-01,1.11125000e+01,-9.37500000e-03,-9.37500000e-02
-1.61280000e-07,2.12500000e-01,1.09500000e+01,-1.43750000e-02,-1.71875000e-01
-1.60960000e-07,1.25000000e-01,1.11125000e+01,-1.87500000e-03,-1.42968750e-01
-1.60640000e-07,8.75000000e-02,1.11125000e+01,-3.87500000e-02,-4.06250000e-02
-1.60320000e-07,1.75000000e-01,1.10875000e+01,-6.12500000e-02,-7.50000000e-02
-1.60000000e-07,8.75000000e-02,1.11250000e+01,-2.62500000e-02,-1.29687500e-01
-1.59680000e-07,-2.50000000e-02,1.12500000e+01,-2.50000000e-02,-9.92187500e-02
-1.59360000e-07,8.75000000e-02,1.11500000e+01,-1.87500000e-02,-6.48437500e-02
-1.59040000e-07,7.50000000e-02,1.13250000e+01,-1.12500000e-02,-6.09375000e-02
-1.58720000e-07,1.12500000e-01,1.11375000e+01,-2.00000000e-02,-1.66406250e-01
-1.58400000e-07,1.12500000e-01,1.11000000e+01,-1.50000000e-02,-1.14062500e-01
-1.58080000e-07,8.75000000e-02,1.11125000e+01,-1.43750000e-02,-8.98437500e-02
-1.57760000e-07,3.75000000e-02,1.11250000e+01,5.62500000e-03,-1.50000000e-01
-1.57440000e-07,1.37500000e-01,1.11500000e+01,-3.12500000e-02,-1.65625000e-01
-1.57120000e-07,2.87500000e-01,1.12125000e+01,-2.18750000e-02,-7.81250000e-03
-1.56800000e-07,2.50000000e-01,1.11500000e+01,-4.43750000e-02,3.20312500e-02
-1.56480000e-07,1.12500000e-01,1.11375000e+01,-2.56250000e-02,-3.98437500e-02
-1.56160000e-07,5.00000000e-02,1.13125000e+01,-2.00000000e-02,-9.29687500e-02
-1.55840000e-07,1.25000000e-01,1.12250000e+01,-3.00000000e-02,-9.60937500e-02
-1.55520000e-07,1.25000000e-01,1.09875000e+01,-9.37500000e-03,-1.83593750e-01
-1.55200000e-07,7.50000000e-02,1.10375000e+01,-3.81250000e-02,-9.68750000e-02
-1.54880000e-07,1.75000000e-01,1.11625000e+01,1.25000000e-03,-2.96875000e-02
-1.54560000e-07,2.50000000e-01,1.12375000e+01,1.31250000e-02,-1.35156250e-01
-1.54240000e-07,1.75000000e-01,1.10625000e+01,-1.87500000e-03,-9.29687500e-02
-1.53920000e-07,1.50000000e-01,1.11125000e+01,-3.12500000e-02,-2.34375000e-02
-1.53600000e-07,1.25000000e-01,1.11000000e+01,-3.31250000e-02,-1.33593750e-01
-1.53280000e-07,2.12500000e-01,1.10750000e+01,-6.87500000e-03,-1.85937500e-01
-1.52960000e-07,-3.75000000e-02,1.11125000e+01,-8.75000000e-03,-1.60937500e-01
-1.52640000e-07,0.00000000e+00,1.10875000e+01,-1.87500000e-03,-1.93750000e-01
-1.52320000e-07,2.50000000e-02,1.11375000e+01,-2.00000000e-02,-1.50000000e-01
-1.52000000e-07,7.50000000e-02,1.12250000e+01,-2.81250000e-02,-6.32812500e-02
-1.51680000e-07,2.62500000e-01,1.10500000e+01,-1.62500000e-02,-1.03125000e-01
-1.51360000e-07,7.50000000e-02,1.10875000e+01,-3.06250000e-02,-9.84375000e-02
-1.51040000e-07,1.25000000e-01,1.10125000e+01,3.12500000e-03,-7.34375000e-02
-1.50720000e-07,-1.25000000e-02,1.11000000e+01,7.50000000e-03,-3.98437500e-02
-1.50400000e-07,-5.00000000e-02,1.10750000e+01,-1.87500000e-03,-5.78125000e-02
-1.50080000e-07,1.37500000e-01,1.10500000e+01,-1.18750000e-02,-9.21875000e-02
-1.49760000e-07,1.50000000e-01,1.10375000e+01,-1.75000000e-02,-1.31250000e-01
-1.49440000e-07,6.25000000e-02,1.11000000e+01,-2.18750000e-02,-1.09375000e-01
-1.49120000e-07,2.50000000e-02,1.12375000e+01,-1.18750000e-02,-9.21875000e-02
-1.48800000e-07,1.00000000e-01,1.11750000e+01,-1.18750000e-02,-8.35937500e-02
-1.48480000e-07,1.87500000e-01,1.11375000e+01,-1.18750000e-02,-1.45312500e-01
-1.48160000e-07,8.75000000e-02,1.12375000e+01,-1.75000000e-02,-1.34375000e-01
-1.47840000e-07,0.00000000e+00,1.10375000e+01,-2.81250000e-02,-9.21875000e-02
-1.47520000e-07,1.75000000e-01,1.11250000e+01,-1.87500000e-02,-5.07812500e-02
-1.47200000e-07,1.25000000e-01,1.12000000e+01,-1.62500000e-02,-1.03125000e-01
-1.46880000e-07,1.50000000e-01,1.12875000e+01,-1.18750000e-02,-1.17968750e-01
-1.46560000e-07,6.25000000e-02,1.11750000e+01,-1.87500000e-03,-1.37500000e-01
-1.46240000e-07,8.75000000e-02,1.12250000e+01,6.25000000e-04,-1.31250000e-01
-1.45920000e-07,1.50000000e-01,1.10125000e+01,-6.87500000e-03,-1.43750000e-01
-1.45600000e-07,1.75000000e-01,1.11750000e+01,-2.87500000e-02,-2.34375000e-02
-1.45280000e-07,2.37500000e-01,1.11750000e+01,-4.06250000e-02,-2.34375000e-02
-1.44960000e-07,2.00000000e-01,1.11750000e+01,3.12500000e-03,-6.17187500e-02
-1.44640000e-07,1.12500000e-01,1.10375000e+01,-6.25000000e-03,-7.96875000e-02
-1.44320000e-07,8.75000000e-02,1.11750000e+01,1.06250000e-02,-1.10156250e-01
-1.44000000e-07,8.75000000e-02,1.10750000e+01,6.25000000e-04,-1.29687500e-01
-1.43680000e-07,1.37500000e-01,1.10375000e+01,-1.18750000e-02,-1.10937500e-01
-1.43360000e-07,1.25000000e-01,1.11500000e+01,-1.93750000e-02,-9.92187500e-02
-1.43040000e-07,1.50000000e-01,1.10750000e+01,-1.87500000e-03,-8.35937500e-02
-1.42720000e-07,1.50000000e-01,1.11125000e+01,-9.37500000e-03,-6.32812500e-02
-1.42400000e-07,2.87500000e-01,1.11000000e+01,3.12500000e-03,-1.56250000e-02
-1.42080000e-07,1.37500000e-01,1.10750000e+01,-1.50000000e-02,5.46875000e-03
-1.41760000e-07,0.00000000e+00,1.10500000e+01,-3.31250000e-02,-1.17187500e-02
-1.41440000e-07,1.50000000e-01,1.11625000e+01,-8.75000000e-03,-9.53125000e-02
-1.41120000e-07,6.25000000e-02,1.11750000e+01,-8.75000000e-03,-1.22656250e-01
-1.40800000e-07,2.25000000e-01,1.10000000e+01,-9.37500000e-03,-1.25000000e-01
-1.40480000e-07,1.25000000e-01,1.10875000e+01,-9.37500000e-03,-6.79687500e-02
-1.40160000e-07,1.75000000e-01,1.11250000e+01,-1.18750000e-02,-6.71875000e-02
-1.39840000e-07,1.12500000e-01,1.10500000e+01,-2.18750000e-02,-6.64062500e-02
-1.39520000e-07,2.50000000e-02,1.10375000e+01,2.06250000e-02,-8.67187500e-02
-1.39200000e-07,2.12500000e-01,1.11625000e+01,-1.25000000e-02,-1.82812500e-01
-1.38880000e-07,2.00000000e-01,1.12125000e+01,-3.06250000e-02,-9.06250000e-02
-1.38560000e-07,1.12500000e-01,1.12000000e+01,-1.43750000e-02,-3.20312500e-02
-1.38240000e-07,3.75000000e-02,1.11500000e+01,-2.75000000e-02,-8.98437500e-02
-1.37920000e-07,1.12500000e-01,1.10125000e+01,3.75000000e-03,-1.56250000e-02
-1.37600000e-07,1.62500000e-01,1.10500000e+01,-6.25000000e-03,-4.76562500e-02
-1.37280000e-07,2.00000000e-01,1.11125000e+01,-1.18750000e-02,-2.73437500e-02
-1.36960000e-07,2.50000000e-01,1.11375000e+01,-1.25000000e-02,7.81250000e-04
-1.36640000e-07,1.00000000e-01,1.11875000e+01,-4.12500000e-02,2.89062500e-02
-1.36320000e-07,2.25000000e-01,1.10875000e+01,-3.00000000e-02,4.60937500e-02
-1.36000000e-07,2.37500000e-01,1.12500000e+01,-9.37500000e-03,-7.03125000e-03
-1.35680000e-07,5.00000000e-02,1.11000000e+01,-3.75000000e-02,-1.15625000e-01
-1.35360000e-07,1.25000000e-01,1.10500000e+01,-1.62500000e-02,-1.54687500e-01
-1.35040000e-07,1.37500000e-01,1.11625000e+01,-1.87500000e-02,-1.42187500e-01
-1.34720000e-07,0.00000000e+00,1.11875000e+01,8.12500000e-03,-8.35937500e-02
-1.34400000e-07,1.25000000e-01,1.12750000e+01,-2.62500000e-02,-1.03125000e-01
-1.34080000e-07,7.50000000e-02,1.11750000e+01,-3.06250000e-02,-1.13281250e-01
-1.33760000e-07,2.00000000e-01,1.11000000e+01,5.62500000e-03,-1.15625000e-01
-1.33440000e-07,1.25000000e-02,1.11250000e+01,1.25000000e-03,-1.37500000e-01
-1.33120000e-07,7.50000000e-02,1.11125000e+01,6.25000000e-04,-9.21875000e-02
-1.32800000e-07,1.75000000e-01,1.11875000e+01,-2.00000000e-02,-4.76562500e-02
-1.32480000e-07,2.50000000e-02,1.09875000e+01,-4.87500000e-02,-2.73437500e-02
-1.32160000e-07,1.37500000e-01,1.10250000e+01,-8.75000000e-03,-5.31250000e-02
-1.31840000e-07,2.50000000e-02,1.11125000e+01,-1.75000000e-02,-5.54687500e-02
-1.31520000e-07,6.25000000e-02,1.12250000e+01,-4.37500000e-02,-7.96875000e-02
-1.31200000e-07,1.75000000e-01,1.11375000e+01,-3.00000000e-02,-7.26562500e-02
-1.30880000e-07,1.62500000e-01,1.12250000e+01,2.37500000e-02,-5.23437500e-02
-1.30560000e-07,1.87500000e-01,1.11875000e+01,-1.18750000e-02,-7.57812500e-02
-1.30240000e-07,8.75000000e-02,1.11375000e+01,-2.56250000e-02,-1.39062500e-01
-1.29920000e-07,1.50000000e-01,1.11750000e+01,-6.87500000e-03,-3.82812500e-02
-1.29600000e-07,5.00000000e-02,1.12250000e+01,-4.00000000e-02,-2.65625000e-02
-1.29280000e-07,1.25000000e-02,1.11625000e+01,-3.75000000e-03,-1.12500000e-01
-1.28960000e-07,1.00000000e-01,1.11125000e+01,-9.37500000e-03,-8.28125000e-02
-1.28640000e-07,2.00000000e-01,1.09250000e+01,-4.06250000e-02,-8.28125000e-02
-1.28320000e-07,1.37500000e-01,1.11750000e+01,6.25000000e-03,-1.48437500e-01
-1.28000000e-07,8.75000000e-02,1.12625000e+01,3.12500000e-03,-1.18750000e-01
-1.27680000e-07,1.50000000e-01,1.12375000e+01,-3.62500000e-02,-1.24218750e-01
-1.27360000e-07,1.25000000e-01,1.11750000e+01,-4.25000000e-02,-1.35937500e-01
-1.27040000e-07,2.50000000e-02,1.11125000e+01,6.25000000e-03,-5.93750000e-02
-1.26720000e-07,5.00000000e-02,1.12250000e+01,1.62500000e-02,7.81250000e-04
-1.26400000e-07,6.25000000e-02,1.10500000e+01,-6.87500000e-03,-1.40625000e-02
-1.26080000e-07,2.00000000e-01,1.11375000e+01,-1.93750000e-02,-1.00781250e-01
-1.25760000e-07,7.50000000e-02,1.10750000e+01,-1.18750000e-02,-1.10156250e-01
-1.25440000e-07,1.50000000e-01,1.10750000e+01,6.25000000e-04,-4.14062500e-02
-1.25120000e-07,1.00000000e-01,1.10250000e+01,5.62500000e-03,-1.01562500e-02
-1.24800000e-07,1.62500000e-01,1.11500000e+01,-9.37500000e-03,-1.11718750e-01
-1.24480000e-07,6.25000000e-02,1.11875000e+01,-2.00000000e-02,-1.82812500e-01
-1.24160000e-07,1.25000000e-01,1.12500000e+01,6.25000000e-04,-2.01562500e-01
-1.23840000e-07,1.50000000e-01,1.11000000e+01,1.31250000e-02,-8.98437500e-02
-1.23520000e-07,1.00000000e-01,1.11625000e+01,-3.31250000e-02,-1.22656250e-01
-1.23200000e-07,1.25000000e-01,1.11125000e+01,-1.68750000e-02,-1.95312500e-01
-1.22880000e-07,2.00000000e-01,1.10500000e+01,-2.87500000e-02,-2.73437500e-02
-1.22560000e-07,1.37500000e-01,1.11000000e+01,-3.37500000e-02,3.59375000e-02
-1.22240000e-07,1.25000000e-01,1.12625000e+01,-2.25000000e-02,-9.53125000e-02
-1.21920000e-07,1.12500000e-01,1.12125000e+01,-1.87500000e-03,-1.26562500e-01
-1.21600000e-07,3.75000000e-02,1.12250000e+01,-2.00000000e-02,-1.55468750e-01
-1.21280000e-07,1.75000000e-01,1.12250000e+01,-1.43750000e-02,-8.20312500e-02
-1.20960000e-07,2.00000000e-01,1.11875000e+01,-3.37500000e-02,-1.32812500e-01
-1.20640000e-07,7.50000000e-02,1.12375000e+01,-1.93750000e-02,-1.80468750e-01
-1.20320000e-07,7.50000000e-02,1.11250000e+01,-1.50000000e-02,-1.00000000e-01
-1.20000000e-07,8.75000000e-02,1.12000000e+01,3.12500000e-03,-1.35937500e-01
-1.19680000e-07,2.50000000e-02,1.11750000e+01,-4.37500000e-03,-1.32812500e-01
-1.19360000e-07,1.25000000e-01,1.12000000e+01,3.12500000e-03,-9.60937500e-02
-1.19040000e-07,1.25000000e-02,1.12625000e+01,1.06250000e-02,-6.79687500e-02
-1.18720000e-07,1.00000000e-01,1.12375000e+01,-2.87500000e-02,-7.65625000e-02
-1.18400000e-07,1.25000000e-01,1.10625000e+01,-2.18750000e-02,-5.78125000e-02
-1.18080000e-07,2.00000000e-01,1.10875000e+01,2.50000000e-03,-9.37500000e-02
-1.17760000e-07,3.37500000e-01,1.11875000e+01,1.81250000e-02,-7.89062500e-02
-1.17440000e-07,2.62500000e-01,1.11250000e+01,-1.87500000e-03,-7.65625000e-02
-1.17120000e-07,1.00000000e-01,1.10875000e+01,-1.68750000e-02,-1.72656250e-01
-1.16800000e-07,1.87500000e-01,1.12750000e+01,0.00000000e+00,-1.32031250e-01
-1.16480000e-07,2.50000000e-02,1.12125000e+01,-3.06250000e-02,-1.22656250e-01
-1.16160000e-07,1.50000000e-01,1.13125000e+01,-6.25000000e-03,-9.76562500e-02
-1.15840000e-07,2.87500000e-01,1.11625000e+01,-4.06250000e-02,-1.06250000e-01
-1.15520000e-07,1.25000000e-01,1.11125000e+01,-1.93750000e-02,-1.32031250e-01
-1.15200000e-07,1.12500000e-01,1.12125000e+01,-1.25000000e-02,-5.93750000e-02
-1.14880000e-07,1.12500000e-01,1.10500000e+01,-1.75000000e-02,-3.28125000e-02
-1.14560000e-07,2.12500000e-01,1.10875000e+01,-1.93750000e-02,-1.56250000e-02
-1.14240000e-07,8.75000000e-02,1.11875000e+01,-2.56250000e-02,-8.20312500e-02
-1.13920000e-07,1.00000000e-01,1.11125000e+01,-9.37500000e-03,-1.34375000e-01
-1.13600000e-07,6.25000000e-02,1.10750000e+01,-3.62500000e-02,-6.17187500e-02
-1.13280000e-07,1.50000000e-01,1.10875000e+01,-2.18750000e-02,-8.04687500e-02
-1.12960000e-07,6.25000000e-02,1.10750000e+01,-1.75000000e-02,-6.17187500e-02
-1.12640000e-07,1.25000000e-01,1.11625000e+01,6.25000000e-04,-8.12500000e-02
-1.12320000e-07,1.37500000e-01,1.11500000e+01,-9.37500000e-03,-1.52343750e-01
-1.12000000e-07,2.00000000e-01,1.10875000e+01,-1.68750000e-02,-1.27343750e-01
-1.11680000e-07,8.75000000e-02,1.12875000e+01,-6.87500000e-03,-4.37500000e-02
-1.11360000e-07,3.75000000e-02,1.11750000e+01,-1.00000000e-02,-8.20312500e-02
-1.11040000e-07,1.00000000e-01,1.11500000e+01,-3.12500000e-02,-6.17187500e-02
-1.10720000e-07,1.25000000e-02,1.12625000e+01,-2.50000000e-02,-7.81250000e-02
-1.10400000e-07,1.25000000e-01,1.11125000e+01,-1.37500000e-02,-1.56250000e-01
-1.10080000e-07,2.50000000e-02,1.11875000e+01,-3.06250000e-02,-1.12500000e-01
-1.09760000e-07,6.25000000e-02,1.12500000e+01,-2.87500000e-02,3.90625000e-03
-1.09440000e-07,6.25000000e-02,1.12750000e+01,-2.87500000e-02,-5.78125000e-02
-1.09120000e-07,1.37500000e-01,1.11250000e+01,-3.25000000e-02,-1.28906250e-01
-1.08800000e-07,1.25000000e-01,1.11125000e+01,-6.25000000e-03,-1.48437500e-01
-1.08480000e-07,1.50000000e-01,1.12000000e+01,-3.56250000e-02,-1.57812500e-01
-1.08160000e-07,2.12500000e-01,1.11625000e+01,-4.37500000e-02,-1.52343750e-01
-1.07840000e-07,2.62500000e-01,1.12000000e+01,-2.25000000e-02,-1.45312500e-01
-1.07520000e-07,5.00000000e-02,1.11500000e+01,-3.06250000e-02,-9.37500000e-02
-1.07200000e-07,8.75000000e-02,1.10250000e+01,-3.75000000e-03,-5.07812500e-02
-1.06880000e-07,6.25000000e-02,1.10750000e+01,-6.25000000e-03,-9.21875000e-02
-1.06560000e-07,8.75000000e-02,1.12875000e+01,2.06250000e-02,-1.42968750e-01
-1.06240000e-07,7.50000000e-02,1.10750000e+01,-1.93750000e-02,-1.46093750e-01
-1.05920000e-07,2.12500000e-01,1.11875000e+01,-1.93750000e-02,-1.03125000e-01
-1.05600000e-07,1.50000000e-01,1.13000000e+01,-6.87500000e-03,-8.90625000e-02
-1.05280000e-07,7.50000000e-02,1.12000000e+01,-1.87500000e-03,-1.17187500e-01
-1.04960000e-07,1.37500000e-01,1.11375000e+01,-2.87500000e-02,-1.67187500e-01
-1.04640000e-07,1.50000000e-01,1.12000000e+01,-1.43750000e-02,-1.67968750e-01
-1.04320000e-07,2.00000000e-01,1.09875000e+01,-2.31250000e-02,-1.28125000e-01
-1.04000000e-07,2.37500000e-01,1.12375000e+01,-2.81250000e-02,-1.33593750e-01
-1.03680000e-07,8.75000000e-02,1.11500000e+01,-2.12500000e-02,-1.21875000e-01
-1.03360000e-07,7.50000000e-02,1.11000000e+01,-1.37500000e-02,-1.03125000e-01
-1.03040000e-07,3.75000000e-02,1.10875000e+01,-2.56250000e-02,-9.06250000e-02
-1.02720000e-07,1.12500000e-01,1.12000000e+01,-1.18750000e-02,-5.23437500e-02
-1.02400000e-07,1.50000000e-01,1.09875000e+01,-3.37500000e-02,-1.60156250e-01
-1.02080000e-07,1.87500000e-01,1.11000000e+01,-1.50000000e-02,-2.03906250e-01
-1.01760000e-07,1.62500000e-01,1.11250000e+01,-4.18750000e-02,-1.42187500e-01
-1.01440000e-07,1.87500000e-01,1.10500000e+01,-2.50000000e-02,-5.93750000e-02
-1.01120000e-07,7.50000000e-02,1.12125000e+01,1.12500000e-02,-1.09375000e-01
-1.00800000e-07,1.00000000e-01,1.11250000e+01,-1.37500000e-02,-1.92968750e-01
-1.00480000e-07,5.00000000e-02,1.11750000e+01,-1.93750000e-02,-1.46875000e-01
-1.00160000e-07,1.50000000e-01,1.12125000e+01,-2.62500000e-02,-1.44531250e-01
-9.98400000e-08,2.12500000e-01,1.11000000e+01,-5.87500000e-02,-1.70312500e-01
-9.95200000e-08,1.37500000e-01,1.10125000e+01,-2.18750000e-02,-2.15625000e-01
-9.92000000e-08,1.75000000e-01,1.12000000e+01,-1.87500000e-03,-1.83593750e-01
-9.88800000e-08,2.50000000e-02,1.11375000e+01,-3.62500000e-02,-9.06250000e-02
-9.85600000e-08,7.50000000e-02,1.11375000e+01,-3.37500000e-02,-8.43750000e-02
-9.82400000e-08,1.25000000e-01,1.12000000e+01,-4.37500000e-02,-9.37500000e-02
-9.79200000e-08,1.50000000e-01,1.11500000e+01,-3.25000000e-02,-1.08593750e-01
-9.76000000e-08,1.25000000e-01,1.11625000e+01,3.75000000e-03,-1.12500000e-01
-9.72800000e-08,1.75000000e-01,1.12000000e+01,-3.31250000e-02,-1.57812500e-01
-9.69600000e-08,1.12500000e-01,1.10625000e+01,-1.68750000e-02,-1.65625000e-01
-9.66400000e-08,5.00000000e-02,1.11625000e+01,-1.25000000e-02,-8.82812500e-02
-9.63200000e-08,1.87500000e-01,1.11875000e+01,-2.81250000e-02,-7.18750000e-02
-9.60000000e-08,1.87500000e-01,1.12125000e+01,1.31250000e-02,-1.52343750e-01
-9.56800000e-08,1.25000000e-01,1.11500000e+01,-2.25000000e-02,-1.42968750e-01
-9.53600000e-08,2.12500000e-01,1.11375000e+01,-3.12500000e-02,-1.68750000e-01
-9.50400000e-08,2.12500000e-01,1.11750000e+01,-1.68750000e-02,-1.00781250e-01
-9.47200000e-08,1.00000000e-01,1.11250000e+01,-4.62500000e-02,-6.87500000e-02
-9.44000000e-08,3.75000000e-02,1.12000000e+01,-7.18750000e-02,-1.17187500e-01
-9.40800000e-08,3.75000000e-02,1.11250000e+01,-2.75000000e-02,-1.31250000e-01
-9.37600000e-08,2.50000000e-02,1.12625000e+01,-1.68750000e-02,-1.14843750e-01
-9.34400000e-08,5.00000000e-02,1.11000000e+01,-3.56250000e-02,-5.46875000e-02
-9.31200000e-08,1.00000000e-01,1.12000000e+01,-1.93750000e-02,-1.08593750e-01
-9.28000000e-08,2.12500000e-01,1.12250000e+01,-1.43750000e-02,-2.23437500e-01
-9.24800000e-08,5.00000000e-02,1.11500000e+01,-4.37500000e-03,-1.93750000e-01
-9.21600000e-08,1.25000000e-01,1.12125000e+01,-3.37500000e-02,-1.25781250e-01
-9.18400000e-08,2.12500000e-01,1.11500000e+01,-3.87500000e-02,-1.45312500e-01
-9.15200000e-08,-3.75000000e-02,1.11750000e+01,-1.68750000e-02,-7.42187500e-02
-9.12000000e-08,5.00000000e-02,1.11750000e+01,-1.00000000e-02,-1.87500000e-02
-9.08800000e-08,1.12500000e-01,1.10750000e+01,-4.37500000e-02,-1.56250000e-03
-9.05600000e-08,2.50000000e-02,1.11000000e+01,-3.06250000e-02,-8.75000000e-02
-9.02400000e-08,-3.75000000e-02,1.11125000e+01,-1.12500000e-02,-1.44531250e-01
-8.99200000e-08,2.12500000e-01,1.10750000e+01,2.31250000e-02,-1.98437500e-01
-8.96000000e-08,2.37500000e-01,1.10625000e+01,-9.37500000e-03,-8.67187500e-02
-8.92800000e-08,8.75000000e-02,1.11375000e+01,-3.12500000e-02,-1.32812500e-02
-8.89600000e-08,2.50000000e-02,1.11000000e+01,-3.31250000e-02,7.03125000e-03
-8.86400000e-08,2.75000000e-01,1.10500000e+01,1.31250000e-02,-1.25000000e-01
-8.83200000e-08,2.62500000e-01,1.10750000e+01,-1.43750000e-02,-1.58593750e-01
-8.80000000e-08,1.37500000e-01,1.11250000e+01,-2.25000000e-02,-1.41406250e-01
-8.76800000e-08,1.50000000e-01,1.10875000e+01,-3.37500000e-02,-1.42187500e-01
-8.73600000e-08,6.25000000e-02,1.11125000e+01,-2.81250000e-02,-9.29687500e-02
-8.70400000e-08,8.75000000e-02,1.10500000e+01,-2.50000000e-02,-8.04687500e-02
-8.67200000e-08,1.62500000e-01,1.12875000e+01,3.75000000e-03,-1.55468750e-01
-8.64000000e-08,7.50000000e-02,1.11125000e+01,3.75000000e-03,-1.75781250e-01
-8.60800000e-08,1.87500000e-01,1.12125000e+01,-1.18750000e-02,-1.79687500e-01
-8.57600000e-08,1.25000000e-01,1.11625000e+01,-1.68750000e-02,-9.53125000e-02
-8.54400000e-08,1.75000000e-01,1.11875000e+01,5.00000000e-03,-5.15625000e-02
-8.51200000e-08,1.62500000e-01,1.12750000e+01,-4.81250000e-02,-1.60937500e-01
-8.48000000e-08,-2.50000000e-02,1.10500000e+01,1.62500000e-02,-1.54687500e-01
-8.44800000e-08,1.25000000e-01,1.08750000e+01,-8.75000000e-03,-5.54687500e-02
-8.41600000e-08,7.50000000e-02,1.11500000e+01,-1.87500000e-03,-7.65625000e-02
-8.38400000e-08,2.62500000e-01,1.11500000e+01,-1.68750000e-02,-1.66406250e-01
-8.35200000e-08,1.75000000e-01,1.12250000e+01,-2.18750000e-02,-1.21093750e-01
-8.32000000e-08,6.25000000e-02,1.10875000e+01,-1.25000000e-02,-5.85937500e-02
-8.28800000e-08,1.12500000e-01,1.11750000e+01,-3.62500000e-02,-6.79687500e-02
-8.25600000e-08,2.12500000e-01,1.13125000e+01,-1.37500000e-02,-7.65625000e-02
-8.22400000e-08,2.50000000e-02,1.10750000e+01,5.62500000e-03,-6.17187500e-02
-8.19200000e-08,1.12500000e-01,1.10875000e+01,-3.62500000e-02,-1.34375000e-01
-8.16000000e-08,1.75000000e-01,1.12750000e+01,-1.43750000e-02,-1.57812500e-01
-8.12800000e-08,1.25000000e-01,1.12750000e+01,-2.00000000e-02,-5.78125000e-02
-8.09600000e-08,1.00000000e-01,1.10750000e+01,-2.87500000e-02,-1.28125000e-01
-8.06400000e-08,1.00000000e-01,1.10500000e+01,-1.43750000e-02,-1.34375000e-01
-8.03200000e-08,1.00000000e-01,1.12375000e+01,-1.56250000e-02,-5.00000000e-02
-8.00000000e-08,1.75000000e-01,1.11500000e+01,-1.93750000e-02,-3.28125000e-02
-7.96800000e-08,1.62500000e-01,1.11875000e+01,5.62500000e-03,-3.98437500e-02
-7.93600000e-08,3.75000000e-02,1.10750000e+01,-2.00000000e-02,-5.78125000e-02
-7.90400000e-08,1.12500000e-01,1.12625000e+01,-3.12500000e-02,-6.25000000e-02
-7.87200000e-08,5.00000000e-02,1.12000000e+01,-2.81250000e-02,-1.07812500e-01
-7.84000000e-08,8.75000000e-02,1.12375000e+01,-4.00000000e-02,-1.13281250e-01
-7.80800000e-08,3.75000000e-02,1.11375000e+01,-1.12500000e-02,-7.50000000e-02
-7.77600000e-08,3.75000000e-02,1.13000000e+01,-1.87500000e-02,-5.93750000e-02
-7.74400000e-08,1.37500000e-01,1.11000000e+01,-4.37500000e-03,-4.37500000e-02
-7.71200000e-08,5.00000000e-02,1.11875000e+01,1.06250000e-02,-3.20312500e-02
-7.68000000e-08,0.00000000e+00,1.11250000e+01,-9.37500000e-03,-5.07812500e-02
-7.64800000e-08,7.50000000e-02,1.10875000e+01,-1.68750000e-02,-5.93750000e-02
-7.61600000e-08,0.00000000e+00,1.10875000e+01,-3.56250000e-02,-1.03906250e-01
-7.58400000e-08,1.75000000e-01,1.13000000e+01,3.12500000e-03,-9.21875000e-02
-7.55200000e-08,1.12500000e-01,1.11625000e+01,-3.12500000e-02,-1.06250000e-01
-7.52000000e-08,-7.50000000e-02,1.11875000e+01,-1.87500000e-03,-7.34375000e-02
-7.48800000e-08,2.25000000e-01,1.12625000e+01,-1.00000000e-02,-6.17187500e-02
-7.45600000e-08,1.62500000e-01,1.12125000e+01,6.25000000e-04,-1.10937500e-01
-7.42400000e-08,1.25000000e-01,1.11250000e+01,-2.62500000e-02,-1.14843750e-01
-7.39200000e-08,1.87500000e-01,1.11750000e+01,-3.87500000e-02,-1.00781250e-01
-7.36000000e-08,1.87500000e-01,1.10625000e+01,-5.37500000e-02,-1.05468750e-01
-7.32800000e-08,1.25000000e-02,1.11125000e+01,-1.62500000e-02,-7.57812500e-02
-7.29600000e-08,8.75000000e-02,1.10125000e+01,1.56250000e-02,-6.09375000e-02
-7.26400000e-08,8.75000000e-02,1.11625000e+01,8.12500000e-03,-8.20312500e-02
-7.23200000e-08,0.00000000e+00,1.11000000e+01,-3.37500000e-02,-5.78125000e-02
-7.20000000e-08,1.25000000e-01,1.11000000e+01,-1.50000000e-02,-5.00000000e-02
-7.16800000e-08,1.12500000e-01,1.10875000e+01,-5.18750000e-02,-3.04687500e-02
-7.13600000e-08,1.37500000e-01,1.10875000e+01,-1.25000000e-03,-5.46875000e-03
-7.10400000e-08,1.62500000e-01,1.10250000e+01,-1.68750000e-02,-7.50000000e-02
-7.07200000e-08,2.00000000e-01,1.12875000e+01,-1.93750000e-02,-3.59375000e-02
-7.04000000e-08,7.50000000e-02,1.10875000e+01,-2.56250000e-02,-5.31250000e-02
-7.00800000e-08,2.50000000e-02,1.12250000e+01,-4.37500000e-03,-1.09375000e-02
-6.97600000e-08,7.50000000e-02,1.11250000e+01,-1.68750000e-02,-4.14062500e-02
-6.94400000e-08,2.62500000e-01,1.11000000e+01,-6.87500000e-03,-9.29687500e-02
-6.91200000e-08,2.50000000e-01,1.11750000e+01,-1.93750000e-02,-1.44531250e-01
-6.88000000e-08,7.50000000e-02,1.12000000e+01,6.25000000e-04,-1.26562500e-01
-6.84800000e-08,2.37500000e-01,1.09000000e+01,-3.87500000e-02,-1.16406250e-01
-6.81600000e-08,2.50000000e-01,1.12500000e+01,-4.37500000e-03,-1.70312500e-01
-6.78400000e-08,1.75000000e-01,1.13250000e+01,-8.12500000e-03,-1.42968750e-01
-6.75200000e-08,1.37500000e-01,1.11750000e+01,-2.62500000e-02,-5.70312500e-02
-6.72000000e-08,1.75000000e-01,1.11250000e+01,-3.00000000e-02,-5.31250000e-02
-6.68800000e-08,1.87500000e-01,1.10875000e+01,-1.93750000e-02,-8.28125000e-02
-6.65600000e-08,1.50000000e-01,1.11375000e+01,-4.25000000e-02,-4.68750000e-02
-6.62400000e-08,1.00000000e-01,1.11125000e+01,-1.12500000e-02,-1.19531250e-01
-6.59200000e-08,5.00000000e-02,1.11125000e+01,-1.37500000e-02,-1.85156250e-01
-6.56000000e-08,1.25000000e-01,1.10750000e+01,-1.18750000e-02,-8.75000000e-02
-6.52800000e-08,1.75000000e-01,1.10750000e+01,-2.50000000e-03,-1.34375000e-01
-6.49600000e-08,2.50000000e-02,1.13875000e+01,-2.18750000e-02,-1.29687500e-01
-6.46400000e-08,1.62500000e-01,1.10375000e+01,-9.37500000e-03,-9.29687500e-02
-6.43200000e-08,1.87500000e-01,1.11375000e+01,2.56250000e-02,-1.16406250e-01
-6.40000000e-08,-1.25000000e-02,1.10125000e+01,-2.25000000e-02,-1.36718750e-01
-6.36800000e-08,5.00000000e-02,1.10500000e+01,-1.93750000e-02,-1.14843750e-01
-6.33600000e-08,1.37500000e-01,1.12000000e+01,-2.87500000e-02,-1.09375000e-01
-6.30400000e-08,1.50000000e-01,1.11500000e+01,-4.62500000e-02,-1.00000000e-01
-6.27200000e-08,1.25000000e-01,1.11500000e+01,-1.43750000e-02,-9.45312500e-02
-6.24000000e-08,0.00000000e+00,1.11875000e+01,-2.81250000e-02,-6.25000000e-03
-6.20800000e-08,0.00000000e+00,1.10625000e+01,-6.87500000e-03,4.06250000e-02
-6.17600000e-08,1.25000000e-02,1.10125000e+01,-9.37500000e-03,-5.70312500e-02
-6.14400000e-08,2.50000000e-02,1.11000000e+01,-1.87500000e-03,-1.13281250e-01
-6.11200000e-08,2.25000000e-01,1.11875000e+01,-3.12500000e-02,-6.01562500e-02
-6.08000000e-08,-5.00000000e-02,1.11625000e+01,-9.37500000e-03,3.59375000e-02
-6.04800000e-08,1.87500000e-01,1.13000000e+01,-3.18750000e-02,-2.26562500e-02
-6.01600000e-08,1.87500000e-01,1.10500000e+01,-2.56250000e-02,-1.02343750e-01
-5.98400000e-08,7.50000000e-02,1.12375000e+01,-2.00000000e-02,-1.16406250e-01
-5.95200000e-08,8.75000000e-02,1.10000000e+01,-3.50000000e-02,-6.32812500e-02
-5.92000000e-08,2.25000000e-01,1.12125000e+01,-1.12500000e-02,-1.71875000e-02
-5.88800000e-08,1.75000000e-01,1.11250000e+01,-2.50000000e-02,-1.20312500e-01
-5.85600000e-08,2.50000000e-02,1.09625000e+01,-1.75000000e-02,-1.16406250e-01
-5.82400000e-08,1.75000000e-01,1.11875000e+01,-3.87500000e-02,-8.98437500e-02
-5.79200000e-08,1.00000000e-01,1.10625000e+01,-3.25000000e-02,-9.84375000e-02
-5.76000000e-08,2.12500000e-01,1.10125000e+01,-2.75000000e-02,-5.93750000e-02
-5.72800000e-08,2.25000000e-01,1.11500000e+01,-3.75000000e-03,-4.60937500e-02
-5.69600000e-08,0.00000000e+00,1.11375000e+01,-3.12500000e-02,-1.01562500e-01
-5.66400000e-08,1.87500000e-01,1.11125000e+01,-3.62500000e-02,-1.39062500e-01
-5.63200000e-08,1.87500000e-01,1.11500000e+01,-6.87500000e-03,-7.81250000e-02
-5.60000000e-08,6.25000000e-02,1.11875000e+01,3.12500000e-03,-1.02343750e-01
-5.56800000e-08,-1.25000000e-01,1.09125000e+01,-6.87500000e-03,-7.34375000e-02
-5.53600000e-08,2.00000000e-01,1.12125000e+01,-3.12500000e-02,-1.56250000e-02
-5.50400000e-08,1.37500000e-01,1.13125000e+01,-4.37500000e-03,-1.33593750e-01
-5.47200000e-08,7.50000000e-02,1.10875000e+01,-2.87500000e-02,-1.39843750e-01
-5.44000000e-08,1.12500000e-01,1.10500000e+01,-9.37500000e-03,-6.71875000e-02
-5.40800000e-08,2.50000000e-01,1.11750000e+01,-2.87500000e-02,-1.29687500e-01
-5.37600000e-08,1.75000000e-01,1.10375000e+01,-2.18750000e-02,-1.16406250e-01
-5.34400000e-08,7.50000000e-02,1.11250000e+01,-1.81250000e-02,-7.65625000e-02
-5.31200000e-08,1.87500000e-01,1.10625000e+01,-3.56250000e-02,-5.46875000e-02
-5.28000000e-08,1.62500000e-01,1.12125000e+01,-1.25000000e-03,-1.54687500e-01
-5.24800000e-08,1.00000000e-01,1.12250000e+01,-3.31250000e-02,-2.09375000e-01
-5.21600000e-08,8.75000000e-02,1.10875000e+01,-1.93750000e-02,-8.90625000e-02
-5.18400000e-08,2.37500000e-01,1.10875000e+01,-2.00000000e-02,-1.02343750e-01
-5.15200000e-08,1.00000000e-01,1.12250000e+01,-1.93750000e-02,-1.62500000e-01
-5.12000000e-08,1.25000000e-02,1.11250000e+01,-9.37500000e-03,-1.60156250e-01
-5.08800000e-08,1.37500000e-01,1.11375000e+01,-1.68750000e-02,-9.14062500e-02
-5.05600000e-08,1.25000000e-02,1.11500000e+01,-2.56250000e-02,-8.43750000e-02
-5.02400000e-08,2.50000000e-01,1.12000000e+01,-2.25000000e-02,-5.78125000e-02
-4.99200000e-08,1.50000000e-01,1.10750000e+01,-3.37500000e-02,-4.68750000e-02
-4.96000000e-08,1.12500000e-01,1.11625000e+01,-2.50000000e-02,-1.17187500e-02
-4.92800000e-08,2.62500000e-01,1.12250000e+01,-3.06250000e-02,3.12500000e-02
-4.89600000e-08,1.25000000e-01,1.11750000e+01,-1.62500000e-02,-6.71875000e-02
-4.86400000e-08,1.50000000e-01,1.12125000e+01,-1.31250000e-02,-1.18750000e-01
-4.83200000e-08,1.50000000e-01,1.12125000e+01,-5.12500000e-02,-8.12500000e-02
-4.80000000e-08,1.37500000e-01,1.11000000e+01,-3.50000000e-02,-8.98437500e-02
-4.76800000e-08,7.50000000e-02,1.10500000e+01,6.25000000e-03,-1.10156250e-01
-4.73600000e-08,1.25000000e-02,1.11500000e+01,1.25000000e-03,-1.01562500e-01
-4.70400000e-08,8.75000000e-02,1.12000000e+01,-9.37500000e-03,-9.92187500e-02
-4.67200000e-08,1.50000000e-01,1.10625000e+01,-1.75000000e-02,-5.31250000e-02
-4.64000000e-08,1.25000000e-01,1.10750000e+01,-2.18750000e-02,-5.39062500e-02
-4.60800000e-08,8.75000000e-02,1.10750000e+01,-4.37500000e-03,-1.31250000e-01
-4.57600000e-08,1.12500000e-01,1.12250000e+01,3.12500000e-03,-1.00781250e-01
-4.54400000e-08,8.75000000e-02,1.10625000e+01,-2.00000000e-02,-9.21875000e-02
-4.51200000e-08,1.75000000e-01,1.11750000e+01,-3.62500000e-02,-9.06250000e-02
-4.48000000e-08,1.12500000e-01,1.10500000e+01,-1.87500000e-02,-1.08593750e-01
-4.44800000e-08,1.25000000e-02,1.11000000e+01,-4.37500000e-03,-1.03125000e-01
-4.41600000e-08,1.50000000e-01,1.10750000e+01,-1.25000000e-02,-5.78125000e-02
-4.38400000e-08,0.00000000e+00,1.10750000e+01,-3.37500000e-02,-2.42187500e-02
-4.35200000e-08,1.00000000e-01,1.10000000e+01,-1.93750000e-02,-1.71875000e-02
-4.32000000e-08,1.25000000e-01,1.10125000e+01,-1.43750000e-02,-7.18750000e-02
-4.28800000e-08,1.12500000e-01,1.10125000e+01,-7.50000000e-03,-7.96875000e-02
-4.25600000e-08,1.12500000e-01,1.12750000e+01,-6.37500000e-02,-7.81250000e-04
-4.22400000e-08,1.37500000e-01,1.10875000e+01,-1.87500000e-02,-5.70312500e-02
-4.19200000e-08,8.75000000e-02,1.10375000e+01,-9.37500000e-03,-5.07812500e-02
-4.16000000e-08,1.50000000e-01,1.10125000e+01,-1.93750000e-02,-1.48437500e-02
-4.12800000e-08,8.75000000e-02,1.10000000e+01,-1.93750000e-02,6.25000000e-03
-4.09600000e-08,1.00000000e-01,1.10750000e+01,-2.56250000e-02,-3.35937500e-02
-4.06400000e-08,1.62500000e-01,1.12250000e+01,-2.25000000e-02,-7.89062500e-02
-4.03200000e-08,2.50000000e-01,1.10375000e+01,-4.37500000e-02,-5.15625000e-02
-4.00000000e-08,3.00000000e-01,1.12000000e+01,-2.12500000e-02,-6.71875000e-02
-3.96800000e-08,1.75000000e-01,1.12500000e+01,6.25000000e-04,-8.43750000e-02
-3.93600000e-08,1.50000000e-01,1.10250000e+01,-3.37500000e-02,-2.73437500e-02
-3.90400000e-08,5.00000000e-02,1.11250000e+01,-2.56250000e-02,-1.32812500e-02
-3.87200000e-08,-8.75000000e-02,1.10625000e+01,3.12500000e-03,-1.13281250e-01
-3.84000000e-08,2.12500000e-01,1.11750000e+01,3.75000000e-03,-1.63281250e-01
-3.80800000e-08,2.00000000e-01,1.11875000e+01,-1.93750000e-02,-9.14062500e-02
-3.77600000e-08,1.12500000e-01,1.11875000e+01,3.12500000e-03,-9.37500000e-03
-3.74400000e-08,1.87500000e-01,1.10375000e+01,-5.43750000e-02,-2.73437500e-02
-3.71200000e-08,6.25000000e-02,1.10750000e+01,-5.87500000e-02,-5.23437500e-02
-3.68000000e-08,5.00000000e-02,1.10625000e+01,-1.93750000e-02,-9.14062500e-02
-3.64800000e-08,1.62500000e-01,1.10875000e+01,-1.50000000e-02,-6.01562500e-02
-3.61600000e-08,1.37500000e-01,1.12625000e+01,-4.37500000e-03,2.03125000e-02
-3.58400000e-08,2.50000000e-01,1.11500000e+01,-3.31250000e-02,-3.35937500e-02
-3.55200000e-08,1.00000000e-01,1.11875000e+01,0.00000000e+00,-3.51562500e-02
-3.52000000e-08,3.75000000e-02,1.10500000e+01,-4.62500000e-02,-6.64062500e-02
-3.48800000e-08,1.50000000e-01,1.11250000e+01,-1.87500000e-02,-1.41406250e-01
-3.45600000e-08,1.50000000e-01,1.10500000e+01,-1.18750000e-02,-6.56250000e-02
-3.42400000e-08,7.50000000e-02,1.11375000e+01,5.62500000e-03,-1.25000000e-02
-3.39200000e-08,1.12500000e-01,1.11375000e+01,-2.18750000e-02,-4.53125000e-02
-3.36000000e-08,1.12500000e-01,1.09625000e+01,2.56250000e-02,-1.06250000e-01
-3.32800000e-08,1.00000000e-01,1.11250000e+01,2.56250000e-02,-1.55468750e-01
-3.29600000e-08,7.50000000e-02,1.12875000e+01,-1.43750000e-02,-2.12500000e-01
-3.26400000e-08,1.50000000e-01,1.10875000e+01,-7.50000000e-03,-1.57812500e-01
-3.23200000e-08,1.00000000e-01,1.11000000e+01,-4.37500000e-02,-6.32812500e-02
-3.20000000e-08,1.62500000e-01,1.10875000e+01,-1.18750000e-02,-6.64062500e-02
-3.16800000e-08,8.75000000e-02,1.12000000e+01,-3.12500000e-02,-7.42187500e-02
-3.13600000e-08,1.75000000e-01,1.11875000e+01,-3.81250000e-02,-1.08593750e-01
-3.10400000e-08,1.37500000e-01,1.11250000e+01,-3.31250000e-02,-3.28125000e-02
-3.07200000e-08,1.12500000e-01,1.11375000e+01,-2.18750000e-02,-7.34375000e-02
-3.04000000e-08,1.87500000e-01,1.11125000e+01,-2.81250000e-02,-1.25000000e-01
-3.00800000e-08,1.25000000e-01,1.10750000e+01,-1.43750000e-02,-7.42187500e-02
-2.97600000e-08,1.75000000e-01,1.12375000e+01,-3.00000000e-02,-8.67187500e-02
-2.94400000e-08,1.50000000e-01,1.11500000e+01,1.25000000e-03,-1.94531250e-01
-2.91200000e-08,1.12500000e-01,1.11625000e+01,-1.62500000e-02,-1.52343750e-01
-2.88000000e-08,1.00000000e-01,1.11125000e+01,-3.12500000e-02,-3.12500000e-02
-2.84800000e-08,0.00000000e+00,1.11375000e+01,-1.68750000e-02,-2.34375000e-02
-2.81600000e-08,1.75000000e-01,1.12250000e+01,-4.43750000e-02,-1.26562500e-01
-2.78400000e-08,1.75000000e-01,1.11250000e+01,-5.12500000e-02,-1.79687500e-01
-2.75200000e-08,-1.25000000e-02,1.11125000e+01,-3.37500000e-02,-1.43750000e-01
-2.72000000e-08,6.25000000e-02,1.12125000e+01,-2.75000000e-02,-9.92187500e-02
-2.68800000e-08,1.50000000e-01,1.12250000e+01,-3.75000000e-03,-1.30468750e-01
-2.65600000e-08,1.87500000e-01,1.09500000e+01,-3.75000000e-03,-8.51562500e-02
-2.62400000e-08,8.75000000e-02,1.09875000e+01,-1.50000000e-02,-7.42187500e-02
-2.59200000e-08,1.25000000e-02,1.12125000e+01,-1.93750000e-02,-9.84375000e-02
-2.56000000e-08,1.12500000e-01,1.11250000e+01,-1.68750000e-02,-9.29687500e-02
-2.52800000e-08,6.25000000e-02,1.11500000e+01,6.25000000e-04,-1.34375000e-01
-2.49600000e-08,0.00000000e+00,1.10375000e+01,-4.37500000e-02,-1.85156250e-01
-2.46400000e-08,1.62500000e-01,1.11625000e+01,-3.06250000e-02,-1.77343750e-01
-2.43200000e-08,1.25000000e-01,1.10375000e+01,8.12500000e-03,-1.23437500e-01
-2.40000000e-08,1.62500000e-01,1.12125000e+01,3.75000000e-03,-4.53125000e-02
-2.36800000e-08,1.37500000e-01,1.11000000e+01,-2.18750000e-02,-6.40625000e-02
-2.33600000e-08,1.50000000e-01,1.10250000e+01,5.62500000e-03,-1.63281250e-01
-2.30400000e-08,1.62500000e-01,1.10625000e+01,-3.12500000e-02,-1.20312500e-01
-2.27200000e-08,1.50000000e-01,1.12500000e+01,-1.68750000e-02,-1.47656250e-01
-2.24000000e-08,6.25000000e-02,1.11875000e+01,-2.62500000e-02,-1.96875000e-01
-2.20800000e-08,1.12500000e-01,1.09625000e+01,-1.43750000e-02,-1.93750000e-01
-2.17600000e-08,5.00000000e-02,1.11875000e+01,-1.50000000e-02,-1.47656250e-01
-2.14400000e-08,1.62500000e-01,1.12125000e+01,-3.87500000e-02,-7.89062500e-02
-2.11200000e-08,1.87500000e-01,1.11625000e+01,-6.25000000e-03,-5.00000000e-02
-2.08000000e-08,8.75000000e-02,1.11625000e+01,2.06250000e-02,-6.95312500e-02
-2.04800000e-08,5.00000000e-02,1.11250000e+01,-9.37500000e-03,-1.28125000e-01
-2.01600000e-08,1.00000000e-01,1.11250000e+01,-1.43750000e-02,-9.53125000e-02
-1.98400000e-08,2.50000000e-02,1.10875000e+01,-1.43750000e-02,-1.14062500e-01
-1.95200000e-08,6.25000000e-02,1.11625000e+01,-3.12500000e-02,-1.42187500e-01
-1.92000000e-08,2.00000000e-01,1.11000000e+01,-1.43750000e-02,-1.12500000e-01
-1.88800000e-08,2.00000000e-01,1.11625000e+01,-2.93750000e-02,-1.14843750e-01
-1.85600000e-08,2.12500000e-01,1.12625000e+01,-4.12500000e-02,-1.00000000e-01
-1.82400000e-08,2.25000000e-01,1.11500000e+01,-1.68750000e-02,-3.90625000e-02
-1.79200000e-08,2.00000000e-01,1.10625000e+01,1.06250000e-02,-4.45312500e-02
-1.76000000e-08,6.25000000e-02,1.09625000e+01,-6.87500000e-03,-9.14062500e-02
-1.72800000e-08,1.12500000e-01,1.11500000e+01,-3.12500000e-02,-9.37500000e-02
-1.69600000e-08,3.75000000e-02,1.12000000e+01,-1.87500000e-03,-1.10937500e-01
-1.66400000e-08,6.25000000e-02,1.10750000e+01,-1.31250000e-02,-1.27343750e-01
-1.63200000e-08,1.12500000e-01,1.10500000e+01,-2.18750000e-02,-1.26562500e-01
-1.60000000e-08,1.25000000e-01,1.10000000e+01,-1.75000000e-02,-3.75000000e-02
-1.56800000e-08,1.50000000e-01,1.10625000e+01,-3.81250000e-02,1.95312500e-02
-1.53600000e-08,1.12500000e-01,1.11750000e+01,-3.75000000e-03,-5.78125000e-02
-1.50400000e-08,2.25000000e-01,1.11250000e+01,-1.18750000e-02,-1.89062500e-01
-1.47200000e-08,1.50000000e-01,1.11250000e+01,-4.37500000e-02,-2.34375000e-01
-1.44000000e-08,1.37500000e-01,1.11000000e+01,-3.00000000e-02,-1.06250000e-01
-1.40800000e-08,1.62500000e-01,1.12250000e+01,1.37500000e-02,-1.78125000e-01
-1.37600000e-08,1.62500000e-01,1.12000000e+01,1.25000000e-03,-1.84375000e-01
-1.34400000e-08,7.50000000e-02,1.11625000e+01,-4.37500000e-02,-1.57812500e-01
-1.31200000e-08,3.75000000e-02,1.11250000e+01,-1.50000000e-02,-1.18750000e-01
-1.28000000e-08,1.12500000e-01,1.12000000e+01,-3.37500000e-02,-1.56250000e-01
-1.24800000e-08,1.87500000e-01,1.12250000e+01,-3.75000000e-03,-2.17187500e-01
-1.21600000e-08,2.25000000e-01,1.10000000e+01,-6.25000000e-03,-1.91406250e-01
-1.18400000e-08,1.50000000e-01,1.10750000e+01,-1.93750000e-02,-1.41406250e-01
-1.15200000e-08,-1.25000000e-02,1.11250000e+01,-1.75000000e-02,-8.59375000e-02
-1.12000000e-08,5.00000000e-02,1.12250000e+01,-4.37500000e-02,-7.34375000e-02
-1.08800000e-08,-6.25000000e-02,1.11875000e+01,-2.56250000e-02,-8.20312500e-02
-1.05600000e-08,1.50000000e-01,1.10625000e+01,-1.87500000e-02,-1.29687500e-01
-1.02400000e-08,1.87500000e-01,1.10875000e+01,-6.87500000e-03,-1.89843750e-01
-9.92000000e-09,1.25000000e-01,1.11750000e+01,-2.25000000e-02,-1.78906250e-01
-9.60000000e-09,1.50000000e-01,1.11375000e+01,-1.93750000e-02,-1.70312500e-01
-9.28000000e-09,1.50000000e-01,1.10875000e+01,6.25000000e-04,-9.84375000e-02
-8.96000000e-09,1.62500000e-01,1.11000000e+01,1.81250000e-02,-2.96875000e-02
-8.64000000e-09,6.25000000e-02,1.11875000e+01,-1.87500000e-03,-6.01562500e-02
-8.32000000e-09,1.87500000e-01,1.12125000e+01,-4.62500000e-02,-7.65625000e-02
-8.00000000e-09,8.75000000e-02,1.11250000e+01,-2.00000000e-02,-7.73437500e-02
-7.68000000e-09,1.25000000e-01,1.10375000e+01,-3.93750000e-02,-1.20312500e-01
-7.36000000e-09,1.75000000e-01,1.11625000e+01,-3.75000000e-03,-1.40625000e-01
-7.04000000e-09,8.75000000e-02,1.12750000e+01,-1.18750000e-02,-1.04687500e-01
-6.72000000e-09,2.50000000e-02,1.11500000e+01,-4.37500000e-02,-1.00000000e-01
-6.40000000e-09,-1.25000000e-02,1.10625000e+01,-2.25000000e-02,-1.19531250e-01
-6.08000000e-09,1.25000000e-02,1.11625000e+01,-3.37500000e-02,-1.57812500e-01
-5.76000000e-09,2.12500000e-01,1.10375000e+01,-1.12500000e-02,-1.78125000e-01
-5.44000000e-09,7.50000000e-02,1.10375000e+01,-8.75000000e-03,-1.46875000e-01
-5.12000000e-09,1.50000000e-01,1.10250000e+01,-9.37500000e-03,-1.17187500e-01
-4.80000000e-09,2.62500000e-01,1.11750000e+01,-2.00000000e-02,-1.70312500e-01
-4.48000000e-09,3.75000000e-02,1.11875000e+01,-9.37500000e-03,-1.60156250e-01
-4.16000000e-09,1.37500000e-01,1.12625000e+01,2.56250000e-02,-4.60937500e-02
-3.84000000e-09,6.25000000e-02,1.11375000e+01,3.12500000e-03,-5.93750000e-02
-3.52000000e-09,1.12500000e-01,1.12125000e+01,-2.00000000e-02,-2.89062500e-02
-3.20000000e-09,2.12500000e-01,1.09750000e+01,-5.12500000e-02,-5.62500000e-02
-2.88000000e-09,8.75000000e-02,1.10375000e+01,-1.93750000e-02,-5.85937500e-02
-2.56000000e-09,1.62500000e-01,1.10750000e+01,-3.81250000e-02,-1.61718750e-01
-2.24000000e-09,1.50000000e-01,1.11375000e+01,-1.37500000e-02,-1.72656250e-01
-1.92000000e-09,1.50000000e-01,1.10375000e+01,-1.12500000e-02,-1.04687500e-01
-1.60000000e-09,0.00000000e+00,1.11750000e+01,-3.37500000e-02,-1.37500000e-01
-1.28000000e-09,1.50000000e-01,1.11125000e+01,-3.37500000e-02,-1.28125000e-01
-9.60000000e-10,1.00000000e-01,1.10500000e+01,-3.06250000e-02,-5.70312500e-02
-6.40000000e-10,1.50000000e-01,1.11750000e+01,6.25000000e-03,-2.65625000e-02
-3.20000000e-10,8.75000000e-02,1.11875000e+01,-1.62500000e-02,-8.12500000e-02
0.00000000e+00,1.50000000e-01,1.11375000e+01,-9.37500000e-03,-8.75000000e-02
3.20000000e-10,1.50000000e-01,1.11875000e+01,-4.37500000e-03,-1.12500000e-01
6.40000000e-10,5.00000000e-02,1.12125000e+01,-3.12500000e-02,-7.65625000e-02
9.60000000e-10,1.37500000e-01,1.11000000e+01,-2.81250000e-02,-6.71875000e-02
1.28000000e-09,2.50000000e-02,1.10750000e+01,-1.25000000e-02,-1.28906250e-01
1.60000000e-09,6.25000000e-02,1.11500000e+01,-1.62500000e-02,-1.26562500e-01
1.92000000e-09,2.25000000e-01,1.10625000e+01,-2.25000000e-02,-1.17968750e-01
2.24000000e-09,1.25000000e-01,1.12375000e+01,-5.62500000e-02,-1.26562500e-01
2.56000000e-09,1.62500000e-01,1.09750000e+01,-6.25000000e-03,-1.27343750e-01
2.88000000e-09,1.50000000e-01,1.12500000e+01,-1.43750000e-02,-1.40625000e-01
3.20000000e-09,2.00000000e-01,1.12250000e+01,-9.37500000e-03,-1.10156250e-01
3.52000000e-09,7.50000000e-02,1.10375000e+01,-4.12500000e-02,-1.07812500e-01
3.84000000e-09,3.75000000e-02,1.11250000e+01,-1.43750000e-02,-1.29687500e-01
4.16000000e-09,1.25000000e-02,1.10875000e+01,-5.62500000e-03,-1.75781250e-01
4.48000000e-09,1.62500000e-01,1.11875000e+01,-1.93750000e-02,-1.75781250e-01
4.80000000e-09,3.75000000e-02,1.11375000e+01,-1.75000000e-02,-6.17187500e-02
5.12000000e-09,1.12500000e-01,1.11000000e+01,-3.06250000e-02,-7.81250000e-03
5.44000000e-09,2.37500000e-01,1.12125000e+01,-1.68750000e-02,-8.90625000e-02
5.76000000e-09,1.12500000e-01,1.09875000e+01,-1.62500000e-02,-1.88281250e-01
6.08000000e-09,8.75000000e-02,1.12500000e+01,-2.56250000e-02,-1.39843750e-01
6.40000000e-09,1.25000000e-01,1.12750000e+01,-6.87500000e-03,-1.45312500e-01
6.72000000e-09,2.25000000e-01,1.11375000e+01,-1.87500000e-03,-1.42968750e-01
7.04000000e-09,3.75000000e-02,1.11750000e+01,-3.37500000e-02,-1.43750000e-01
7.36000000e-09,6.25000000e-02,1.11000000e+01,-3.37500000e-02,-1.21093750e-01
7.68000000e-09,2.00000000e-01,1.12500000e+01,-2.18750000e-02,-8.43750000e-02
8.00000000e-09,1.37500000e-01,1.12125000e+01,-1.00000000e-02,-7.42187500e-02
8.32000000e-09,1.00000000e-01,1.10125000e+01,-2.81250000e-02,-1.46875000e-01
8.64000000e-09,1.25000000e-01,1.11500000e+01,1.37500000e-02,-1.31250000e-01
8.96000000e-09,2.25000000e-01,1.11875000e+01,6.25000000e-03,-6.01562500e-02
9.28000000e-09,1.75000000e-01,1.11125000e+01,-3.12500000e-02,-4.53125000e-02
9.60000000e-09,7.50000000e-02,1.10375000e+01,-1.68750000e-02,-1.17187500e-01
9.92000000e-09,1.87500000e-01,1.11250000e+01,-2.87500000e-02,-1.16406250e-01
1.02400000e-08,5.00000000e-02,1.11875000e+01,-1.93750000e-02,-1.00000000e-01
1.05600000e-08,1.37500000e-01,1.10750000e+01,-9.37500000e-03,-1.34375000e-01
1.08800000e-08,1.50000000e-01,1.10250000e+01,-4.12500000e-02,-1.08593750e-01
1.12000000e-08,2.12500000e-01,1.13125000e+01,-1.68750000e-02,-1.03125000e-01
1.15200000e-08,2.50000000e-02,1.10375000e+01,0.00000000e+00,-1.63281250e-01
1.18400000e-08,3.75000000e-02,1.11375000e+01,-6.87500000e-03,-1.25000000e-01
1.21600000e-08,1.37500000e-01,1.10500000e+01,-4.37500000e-03,-6.40625000e-02
1.24800000e-08,5.00000000e-02,1.11500000e+01,0.00000000e+00,3.12500000e-03
1.28000000e-08,1.25000000e-02,1.10875000e+01,-4.37500000e-02,-3.59375000e-02
1.31200000e-08,1.37500000e-01,1.11875000e+01,-1.25000000e-03,-7.03125000e-02
1.34400000e-08,1.37500000e-01,1.11625000e+01,-2.62500000e-02,-7.10937500e-02
1.37600000e-08,3.75000000e-02,1.13125000e+01,-5.62500000e-02,-1.62500000e-01
1.40800000e-08,1.25000000e-02,1.11000000e+01,-2.81250000e-02,-1.64843750e-01
1.44000000e-08,2.00000000e-01,1.11500000e+01,-1.12500000e-02,-4.76562500e-02
1.47200000e-08,2.12500000e-01,1.11625000e+01,-6.87500000e-03,-1.04687500e-01
1.50400000e-08,1.62500000e-01,1.11625000e+01,-4.56250000e-02,-1.48437500e-01
1.53600000e-08,1.00000000e-01,1.10875000e+01,1.62500000e-02,-1.07031250e-01
1.56800000e-08,2.75000000e-01,1.12125000e+01,-1.18750000e-02,-6.95312500e-02
1.60000000e-08,8.75000000e-02,1.11125000e+01,-3.31250000e-02,-2.26562500e-02
1.63200000e-08,7.50000000e-02,1.12000000e+01,-1.93750000e-02,-9.14062500e-02
1.66400000e-08,1.37500000e-01,1.11000000e+01,-1.12500000e-02,-1.44531250e-01
1.69600000e-08,1.37500000e-01,1.10125000e+01,5.00000000e-03,-1.70312500e-01
1.72800000e-08,1.62500000e-01,1.11500000e+01,-3.31250000e-02,-1.57031250e-01
1.76000000e-08,1.62500000e-01,1.11750000e+01,-1.12500000e-02,-2.32031250e-01
1.79200000e-08,7.50000000e-02,1.11125000e+01,1.25000000e-03,-1.65625000e-01
1.82400000e-08,3.75000000e-02,1.11875000e+01,6.25000000e-04,-1.40625000e-01
1.85600000e-08,1.00000000e-01,1.11375000e+01,-2.25000000e-02,-1.18750000e-01
1.88800000e-08,8.75000000e-02,1.10125000e+01,-2.81250000e-02,-1.59375000e-01
1.92000000e-08,3.75000000e-02,1.09750000e+01,-6.87500000e-03,-1.86718750e-01
1.95200000e-08,6.25000000e-02,1.11125000e+01,-4.31250000e-02,-1.64062500e-01
1.98400000e-08,7.50000000e-02,1.11750000e+01,-3.50000000e-02,-8.67187500e-02
2.01600000e-08,1.62500000e-01,1.11500000e+01,1.25000000e-03,-3.12500000e-02
2.04800000e-08,8.75000000e-02,1.11250000e+01,-2.12500000e-02,-7.81250000e-04
2.08000000e-08,8.75000000e-02,1.11625000e+01,-1.18750000e-02,-8.43750000e-02
2.11200000e-08,1.12500000e-01,1.11125000e+01,1.06250000e-02,-1.24218750e-01
2.14400000e-08,2.12500000e-01,1.10875000e+01,-3.56250000e-02,-1.01562500e-01
2.17600000e-08,1.37500000e-01,1.10250000e+01,-1.43750000e-02,-1.60937500e-01
2.20800000e-08,1.62500000e-01,1.11750000e+01,6.25000000e-04,-7.10937500e-02
2.24000000e-08,1.87500000e-01,1.10125000e+01,-1.43750000e-02,-9.84375000e-02
2.27200000e-08,-2.50000000e-02,1.10750000e+01,-2.00000000e-02,-1.45312500e-01
2.30400000e-08,1.00000000e-01,1.11750000e+01,-2.62500000e-02,-1.26562500e-01
2.33600000e-08,2.12500000e-01,1.11500000e+01,-4.06250000e-02,-9.21875000e-02
2.36800000e-08,1.25000000e-02,1.11500000e+01,-1.37500000e-02,-1.14062500e-01
2.40000000e-08,-8.75000000e-02,1.09625000e+01,-3.37500000e-02,-1.21875000e-01
2.43200000e-08,6.25000000e-02,1.10500000e+01,-1.68750000e-02,-9.14062500e-02
2.46400000e-08,7.50000000e-02,1.11500000e+01,-3.93750000e-02,-3.12500000e-02
2.49600000e-08,2.37500000e-01,1.12125000e+01,-3.31250000e-02,-6.95312500e-02
2.52800000e-08,1.25000000e-01,1.12750000e+01,6.25000000e-04,-1.51562500e-01
2.56000000e-08,-6.25000000e-02,1.12250000e+01,-1.12500000e-02,-1.33593750e-01
2.59200000e-08,1.37500000e-01,1.11125000e+01,-2.87500000e-02,-6.09375000e-02
2.62400000e-08,1.50000000e-01,1.10500000e+01,-2.18750000e-02,-9.60937500e-02
2.65600000e-08,1.00000000e-01,1.11125000e+01,-1.56250000e-02,-1.28125000e-01
2.68800000e-08,1.62500000e-01,1.11750000e+01,-1.93750000e-02,-1.24218750e-01
2.72000000e-08,7.50000000e-02,1.10500000e+01,-4.37500000e-03,-9.45312500e-02
2.75200000e-08,3.75000000e-02,1.11125000e+01,-2.87500000e-02,-1.04687500e-01
2.78400000e-08,2.37500000e-01,1.13125000e+01,-4.12500000e-02,-1.60937500e-01
2.81600000e-08,7.50000000e-02,1.12250000e+01,-3.87500000e-02,-1.06250000e-01
2.84800000e-08,5.00000000e-02,1.12000000e+01,-2.12500000e-02,6.25000000e-03
2.88000000e-08,-1.25000000e-02,1.12625000e+01,-1.68750000e-02,-1.87500000e-02
2.91200000e-08,-1.43750000e-01,1.12000000e+01,-3.37500000e-02,-1.24218750e-01
2.94400000e-08,-2.31250000e-01,1.12000000e+01,-9.37500000e-03,-1.99218750e-01
2.97600000e-08,-2.68750000e-01,1.13000000e+01,-1.31250000e-02,-1.12500000e-01
3.00800000e-08,-1.40625000e-01,1.13000000e+01,-3.87500000e-02,-9.14062500e-02
3.04000000e-08,-2.03125000e-01,1.12750000e+01,-1.25000000e-03,-9.14062500e-02
3.07200000e-08,-1.50000000e-01,1.12250000e+01,-2.87500000e-02,-1.10156250e-01
3.10400000e-08,-5.62500000e-02,1.11250000e+01,-1.43750000e-02,-6.79687500e-02
3.13600000e-08,-1.21875000e-01,1.12500000e+01,-1.25000000e-02,-5.85937500e-02
3.16800000e-08,-1.25000000e-01,1.12500000e+01,-2.87500000e-02,-8.67187500e-02
3.20000000e-08,-1.03125000e-01,1.12000000e+01,-2.18750000e-02,-1.07031250e-01
3.23200000e-08,-1.68750000e-01,1.11250000e+01,-2.50000000e-03,-9.06250000e-02
3.26400000e-08,-1.68750000e-01,1.10750000e+01,-3.56250000e-02,-1.09375000e-01
3.29600000e-08,-1.09375000e-01,1.11000000e+01,8.12500000e-03,-5.23437500e-02
3.32800000e-08,-1.18750000e-01,1.10875000e+01,-3.12500000e-02,-8.67187500e-02
3.36000000e-08,-1.12500000e-01,1.11125000e+01,-2.81250000e-02,-2.00781250e-01
3.39200000e-08,-8.75000000e-02,1.09625000e+01,6.25000000e-04,-1.60937500e-01
3.42400000e-08,-3.75000000e-02,1.10625000e+01,-9.37500000e-03,-1.14062500e-01
3.45600000e-08,0.00000000e+00,1.09625000e+01,-2.56250000e-02,-1.45312500e-01
3.48800000e-08,5.00000000e-02,1.09375000e+01,1.25000000e-03,-1.03906250e-01
3.52000000e-08,1.75000000e-01,1.08875000e+01,-3.06250000e-02,-8.98437500e-02
3.55200000e-08,2.50000000e-01,1.09875000e+01,-3.12500000e-02,-1.80468750e-01
3.58400000e-08,2.37500000e-01,1.09250000e+01,-3.06250000e-02,-1.88281250e-01
3.61600000e-08,2.25000000e-01,1.09375000e+01,1.25000000e-03,-9.68750000e-02
3.64800000e-08,3.37500000e-01,1.09000000e+01,-3.31250000e-02,-7.73437500e-02
3.68000000e-08,4.81250000e-01,1.09875000e+01,-3.87500000e-02,-9.14062500e-02
3.71200000e-08,3.62500000e-01,1.09125000e+01,-4.37500000e-02,-9.76562500e-02
3.74400000e-08,5.12500000e-01,1.07625000e+01,-4.06250000e-02,1.01562500e-02
3.77600000e-08,8.31250000e-01,1.09125000e+01,-4.50000000e-02,-1.07031250e-01
3.80800000e-08,7.81250000e-01,1.08625000e+01,-1.68750000e-02,-1.82812500e-01
3.84000000e-08,8.03125000e-01,1.07625000e+01,-5.25000000e-02,-1.12500000e-01
3.87200000e-08,9.40625000e-01,1.09625000e+01,-1.18750000e-02,-9.60937500e-02
3.90400000e-08,8.93750000e-01,1.10125000e+01,-3.56250000e-02,-1.46093750e-01
3.93600000e-08,1.24375000e+00,1.09500000e+01,-3.00000000e-02,-1.99218750e-01
3.96800000e-08,1.18125000e+00,1.08500000e+01,-2.56250000e-02,-2.43750000e-01
4.00000000e-08,1.28437500e+00,1.09375000e+01,-4.06250000e-02,-1.27343750e-01
4.03200000e-08,1.40312500e+00,1.09750000e+01,-4.12500000e-02,-6.32812500e-02
4.06400000e-08,1.49062500e+00,1.09625000e+01,-3.06250000e-02,-8.67187500e-02
4.09600000e-08,1.65625000e+00,1.09625000e+01,-3.31250000e-02,-1.42968750e-01
4.12800000e-08,1.70625000e+00,1.10500000e+01,-3.06250000e-02,-1.74218750e-01
4.16000000e-08,1.77812500e+00,1.10000000e+01,-3.50000000e-02,-1.08593750e-01
4.19200000e-08,1.87812500e+00,1.09125000e+01,-6.25000000e-03,-4.76562500e-02
4.22400000e-08,1.95312500e+00,1.08750000e+01,-4.37500000e-03,-1.08593750e-01
4.25600000e-08,1.97812500e+00,1.09875000e+01,-7.00000000e-02,-4.60937500e-02
4.28800000e-08,2.20312500e+00,1.09000000e+01,-2.75000000e-02,-7.03125000e-02
4.32000000e-08,2.35625000e+00,1.08125000e+01,6.25000000e-03,-4.45312500e-02
4.35200000e-08,2.38437500e+00,1.06250000e+01,-2.56250000e-02,-4.60937500e-02
4.38400000e-08,2.48437500e+00,1.07875000e+01,-1.68750000e-02,-3.43750000e-02
4.41600000e-08,2.63750000e+00,1.07250000e+01,-2.31250000e-02,-1.32812500e-02
4.44800000e-08,2.63750000e+00,1.08250000e+01,-5.87500000e-02,-2.26562500e-02
4.48000000e-08,2.93750000e+00,1.06875000e+01,-2.75000000e-02,-5.78125000e-02
4.51200000e-08,3.00312500e+00,1.08375000e+01,-2.12500000e-02,-1.10937500e-01
4.54400000e-08,3.29375000e+00,1.06875000e+01,-1.62500000e-02,-9.92187500e-02
4.57600000e-08,3.35625000e+00,1.08000000e+01,-1.68750000e-02,-5.54687500e-02
4.60800000e-08,3.44375000e+00,1.06500000e+01,-1.18750000e-02,-7.03125000e-03
4.64000000e-08,3.41875000e+00,1.07750000e+01,-1.93750000e-02,-6.48437500e-02
4.67200000e-08,3.45625000e+00,1.06875000e+01,-2.81250000e-02,-3.67187500e-02
4.70400000e-08,3.58125000e+00,1.07625000e+01,-1.50000000e-02,2.34375000e-03
4.73600000e-08,3.74375000e+00,1.07500000e+01,-2.25000000e-02,-6.25000000e-03
4.76800000e-08,3.97812500e+00,1.07250000e+01,-2.87500000e-02,6.87500000e-02
4.80000000e-08,3.94062500e+00,1.08375000e+01,-3.31250000e-02,1.35156250e-01
4.83200000e-08,3.97500000e+00,1.09125000e+01,-2.56250000e-02,1.56250000e-01
4.86400000e-08,4.08125000e+00,1.08625000e+01,-4.31250000e-02,7.18750000e-02
4.89600000e-08,4.10312500e+00,1.08375000e+01,-6.75000000e-02,6.71875000e-02
4.92800000e-08,4.17812500e+00,1.09125000e+01,-5.50000000e-02,1.14843750e-01
4.96000000e-08,4.17812500e+00,1.08875000e+01,-1.12500000e-02,6.01562500e-02
4.99200000e-08,4.15312500e+00,1.08000000e+01,-2.87500000e-02,1.05468750e-01
5.02400000e-08,4.11562500e+00,1.09375000e+01,-3.31250000e-02,1.79687500e-01
5.05600000e-08,4.17812500e+00,1.10000000e+01,-1.25000000e-02,1.67187500e-01
5.08800000e-08,4.30312500e+00,1.09250000e+01,-5.81250000e-02,1.70312500e-01
5.12000000e-08,4.34062500e+00,1.08500000e+01,-3.81250000e-02,1.31250000e-01
5.15200000e-08,4.31562500e+00,1.09500000e+01,-2.81250000e-02,1.84375000e-01
5.18400000e-08,4.22812500e+00,1.09375000e+01,-3.81250000e-02,2.93750000e-01
5.21600000e-08,4.22812500e+00,1.08750000e+01,-2.12500000e-02,2.28125000e-01
5.24800000e-08,4.22812500e+00,1.10250000e+01,-9.37500000e-03,2.34375000e-01
5.28000000e-08,4.29062500e+00,1.09375000e+01,-2.18750000e-02,3.33593750e-01
5.31200000e-08,4.39062500e+00,1.08000000e+01,-4.87500000e-02,4.72656250e-01
5.34400000e-08,4.26562500e+00,1.09875000e+01,-3.06250000e-02,4.37500000e-01
5.37600000e-08,4.32812500e+00,1.06250000e+01,-4.37500000e-03,3.60156250e-01
5.40800000e-08,4.31562500e+00,1.07625000e+01,-6.87500000e-03,3.06250000e-01
5.44000000e-08,4.49062500e+00,1.07750000e+01,-3.37500000e-02,3.14062500e-01
5.47200000e-08,4.35312500e+00,1.07750000e+01,-6.31250000e-02,4.45312500e-01
5.50400000e-08,4.24062500e+00,1.08000000e+01,1.37500000e-02,4.27343750e-01
5.53600000e-08,4.41562500e+00,1.07125000e+01,-1.75000000e-02,3.62500000e-01
5.56800000e-08,4.22812500e+00,1.07875000e+01,-2.56250000e-02,4.75000000e-01
5.60000000e-08,4.12812500e+00,1.07875000e+01,-1.18750000e-02,4.56250000e-01
5.63200000e-08,4.31562500e+00,1.08250000e+01,-5.56250000e-02,5.71093750e-01
5.66400000e-08,4.32812500e+00,1.07375000e+01,-1.12500000e-02,6.58593750e-01
5.69600000e-08,4.30312500e+00,1.06750000e+01,-1.50000000e-02,5.98437500e-01
5.72800000e-08,4.29062500e+00,1.07750000e+01,-4.87500000e-02,6.13281250e-01
5.76000000e-08,4.34062500e+00,1.07875000e+01,-2.12500000e-02,6.26562500e-01
5.79200000e-08,4.34062500e+00,1.08000000e+01,-4.37500000e-03,6.25000000e-01
5.82400000e-08,4.41562500e+00,1.08875000e+01,-3.62500000e-02,7.03906250e-01
5.85600000e-08,4.25312500e+00,1.08000000e+01,-4.37500000e-03,7.34375000e-01
5.88800000e-08,4.31562500e+00,1.07375000e+01,-5.00000000e-03,6.87500000e-01
5.92000000e-08,4.36562500e+00,1.08625000e+01,-7.50000000e-03,7.80468750e-01
5.95200000e-08,4.41562500e+00,1.07750000e+01,-3.12500000e-02,7.39843750e-01
5.98400000e-08,4.15312500e+00,1.09750000e+01,-3.56250000e-02,7.28125000e-01
6.01600000e-08,4.20312500e+00,1.09375000e+01,-3.50000000e-02,7.12500000e-01
6.04800000e-08,4.37812500e+00,1.08875000e+01,-1.37500000e-02,7.20312500e-01
6.08000000e-08,4.37812500e+00,1.09000000e+01,-3.75000000e-02,7.59375000e-01
6.11200000e-08,4.34062500e+00,1.09375000e+01,8.12500000e-03,9.04687500e-01
6.14400000e-08,4.29062500e+00,1.10125000e+01,-3.87500000e-02,9.57031250e-01
6.17600000e-08,4.36562500e+00,1.10625000e+01,-1.43750000e-02,8.55468750e-01
6.20800000e-08,4.26562500e+00,1.09250000e+01,1.00000000e-02,8.96093750e-01
6.24000000e-08,4.37812500e+00,1.09750000e+01,-4.87500000e-02,9.54687500e-01
6.27200000e-08,4.46562500e+00,1.08750000e+01,-3.31250000e-02,9.33593750e-01
6.30400000e-08,4.35312500e+00,1.09750000e+01,-2.87500000e-02,9.71875000e-01
6.33600000e-08,4.40312500e+00,1.09750000e+01,-7.68750000e-02,1.07109375e+00
6.36800000e-08,4.40312500e+00,1.09875000e+01,-3.87500000e-02,1.15234375e+00
6.40000000e-08,4.35312500e+00,1.08000000e+01,-2.50000000e-02,1.10625000e+00
6.43200000e-08,4.37812500e+00,1.07625000e+01,-1.37500000e-02,1.08593750e+00
6.46400000e-08,4.51562500e+00,1.08375000e+01,-3.56250000e-02,1.06953125e+00
6.49600000e-08,4.45312500e+00,1.08750000e+01,-4.12500000e-02,1.14531250e+00
6.52800000e-08,4.27812500e+00,1.07125000e+01,-3.12500000e-02,1.15390625e+00
6.56000000e-08,4.40312500e+00,1.08750000e+01,-2.12500000e-02,1.16171875e+00
6.59200000e-08,4.60312500e+00,1.07875000e+01,-3.87500000e-02,1.26406250e+00
6.62400000e-08,4.47812500e+00,1.08000000e+01,-1.93750000e-02,1.33671875e+00
6.65600000e-08,4.45312500e+00,1.07625000e+01,-2.93750000e-02,1.26015625e+00
6.68800000e-08,4.46562500e+00,1.07250000e+01,-4.62500000e-02,1.26250000e+00
6.72000000e-08,4.36562500e+00,1.06750000e+01,-3.87500000e-02,1.37109375e+00
6.75200000e-08,4.51562500e+00,1.08750000e+01,-1.37500000e-02,1.35781250e+00
6.78400000e-08,4.45312500e+00,1.09500000e+01,-1.75000000e-02,1.33203125e+00
6.81600000e-08,4.40312500e+00,1.08375000e+01,-9.37500000e-03,1.33906250e+00
6.84800000e-08,4.32812500e+00,1.08500000e+01,-3.12500000e-02,1.43125000e+00
6.88000000e-08,4.49062500e+00,1.08500000e+01,-4.12500000e-02,1.42187500e+00
6.91200000e-08,4.55312500e+00,1.08000000e+01,-9.37500000e-03,1.36015625e+00
6.94400000e-08,4.30312500e+00,1.08250000e+01,-3.12500000e-02,1.38437500e+00
6.97600000e-08,4.44062500e+00,1.10625000e+01,-5.62500000e-02,1.47421875e+00
7.00800000e-08,4.32812500e+00,1.08250000e+01,-5.12500000e-02,1.49687500e+00
7.04000000e-08,4.41562500e+00,1.07000000e+01,-2.50000000e-02,1.50390625e+00
7.07200000e-08,4.49062500e+00,1.09375000e+01,-1.93750000e-02,1.54296875e+00
7.10400000e-08,4.32812500e+00,1.08250000e+01,-4.81250000e-02,1.65000000e+00
7.13600000e-08,4.41562500e+00,1.07875000e+01,-1.12500000e-02,1.66250000e+00
7.16800000e-08,4.47812500e+00,1.08250000e+01,-3.37500000e-02,1.62421875e+00
7.20000000e-08,4.41562500e+00,1.09625000e+01,-1.18750000e-02,1.58203125e+00
7.23200000e-08,4.45312500e+00,1.10000000e+01,-5.00000000e-03,1.58125000e+00
7.26400000e-08,4.36562500e+00,1.09000000e+01,-4.37500000e-03,1.70859375e+00
7.29600000e-08,4.51562500e+00,1.08000000e+01,-9.37500000e-03,1.82734375e+00
7.32800000e-08,4.37812500e+00,1.08250000e+01,-1.75000000e-02,1.78281250e+00
7.36000000e-08,4.30312500e+00,1.07250000e+01,-4.62500000e-02,1.71250000e+00
7.39200000e-08,4.45312500e+00,1.09500000e+01,-1.87500000e-02,1.71718750e+00
7.42400000e-08,4.50312500e+00,1.09625000e+01,-3.62500000e-02,1.73906250e+00
7.45600000e-08,4.46562500e+00,1.08000000e+01,-3.31250000e-02,1.77968750e+00
7.48800000e-08,4.54062500e+00,1.08500000e+01,-2.00000000e-02,1.86406250e+00
7.52000000e-08,4.57812500e+00,1.08375000e+01,-6.25000000e-03,1.87578125e+00
7.55200000e-08,4.56562500e+00,1.07375000e+01,6.25000000e-04,1.88593750e+00
7.58400000e-08,4.60312500e+00,1.09000000e+01,-2.50000000e-03,1.89687500e+00
7.61600000e-08,4.44062500e+00,1.08000000e+01,-7.25000000e-02,1.93671875e+00
7.64800000e-08,4.51562500e+00,1.09125000e+01,-1.25000000e-03,1.98203125e+00
7.68000000e-08,4.65312500e+00,1.07125000e+01,-4.37500000e-03,2.02187500e+00
7.71200000e-08,4.60312500e+00,1.07000000e+01,-1.50000000e-02,2.01796875e+00
7.74400000e-08,4.54062500e+00,1.06500000e+01,-5.37500000e-02,2.03203125e+00
7.77600000e-08,4.49062500e+00,1.09250000e+01,-3.25000000e-02,2.12187500e+00
7.80800000e-08,4.78437500e+00,1.08375000e+01,-6.25000000e-03,2.20156250e+00
7.84000000e-08,4.66562500e+00,1.07000000e+01,-1.12500000e-02,2.17031250e+00
7.87200000e-08,4.50312500e+00,1.07875000e+01,-2.50000000e-03,2.24140625e+00
7.90400000e-08,4.50625000e+00,1.08500000e+01,-3.87500000e-02,2.31171875e+00
7.93600000e-08,4.71562500e+00,1.08250000e+01,-1.37500000e-02,2.30156250e+00
7.96800000e-08,4.60312500e+00,1.08500000e+01,-3.37500000e-02,2.27812500e+00
8.00000000e-08,4.54062500e+00,1.07625000e+01,-6.43750000e-02,2.28437500e+00
8.03200000e-08,4.41562500e+00,1.09625000e+01,-5.37500000e-02,2.27265625e+00
8.06400000e-08,4.50312500e+00,1.07875000e+01,-8.75000000e-03,2.27109375e+00
8.09600000e-08,4.61562500e+00,1.09125000e+01,-3.68750000e-02,2.37578125e+00
8.12800000e-08,4.60312500e+00,1.08875000e+01,-1.93750000e-02,2.36015625e+00
8.16000000e-08,4.69062500e+00,1.08875000e+01,-2.93750000e-02,2.37109375e+00
8.19200000e-08,4.55312500e+00,1.09375000e+01,-3.06250000e-02,2.54296875e+00
8.22400000e-08,4.50312500e+00,1.10250000e+01,-1.87500000e-03,2.52968750e+00
8.25600000e-08,4.54062500e+00,1.08750000e+01,-1.37500000e-02,2.43359375e+00
8.28800000e-08,4.56562500e+00,1.08750000e+01,-3.37500000e-02,2.43828125e+00
8.32000000e-08,4.54062500e+00,1.07250000e+01,-3.37500000e-02,2.48906250e+00
8.35200000e-08,4.62812500e+00,1.09500000e+01,-2.62500000e-02,2.50937500e+00
8.38400000e-08,4.62812500e+00,1.09750000e+01,-3.00000000e-02,2.53203125e+00
8.41600000e-08,4.57812500e+00,1.08625000e+01,-1.93750000e-02,2.54453125e+00
8.44800000e-08,4.70312500e+00,1.09375000e+01,-4.56250000e-02,2.52968750e+00
8.48000000e-08,4.70312500e+00,1.09000000e+01,-8.75000000e-03,2.58828125e+00
8.51200000e-08,4.62812500e+00,1.10375000e+01,-3.12500000e-02,2.53437500e+00
8.54400000e-08,4.69375000e+00,1.09125000e+01,-4.37500000e-02,2.52109375e+00
8.57600000e-08,4.71562500e+00,1.07625000e+01,-2.81250000e-02,2.60234375e+00
8.60800000e-08,4.55312500e+00,1.08500000e+01,-2.50000000e-02,2.67343750e+00
8.64000000e-08,4.54375000e+00,1.08875000e+01,-3.75000000e-03,2.78125000e+00
8.67200000e-08,4.78437500e+00,1.08125000e+01,-3.37500000e-02,2.84453125e+00
8.70400000e-08,4.66562500e+00,1.07750000e+01,-1.93750000e-02,2.84531250e+00
8.73600000e-08,4.74375000e+00,1.08000000e+01,-2.06250000e-02,2.85390625e+00
8.76800000e-08,4.65625000e+00,1.08750000e+01,-4.12500000e-02,2.81250000e+00
8.80000000e-08,4.61562500e+00,1.10250000e+01,-4.56250000e-02,2.81640625e+00
8.83200000e-08,4.55312500e+00,1.08500000e+01,-3.50000000e-02,2.80390625e+00
8.86400000e-08,4.54062500e+00,1.09750000e+01,-1.12500000e-02,2.81875000e+00
8.89600000e-08,4.70625000e+00,1.08375000e+01,-2.18750000e-02,2.85000000e+00
8.92800000e-08,4.71562500e+00,1.08125000e+01,-3.62500000e-02,2.85859375e+00
8.96000000e-08,4.64062500e+00,1.08125000e+01,-4.06250000e-02,2.86328125e+00
8.99200000e-08,4.46875000e+00,1.09000000e+01,-5.06250000e-02,2.95312500e+00
9.02400000e-08,4.69062500e+00,1.06750000e+01,-3.25000000e-02,3.02812500e+00
9.05600000e-08,4.64062500e+00,1.08125000e+01,-3.56250000e-02,3.02812500e+00
9.08800000e-08,4.59062500e+00,1.07375000e+01,-2.18750000e-02,3.06171875e+00
9.12000000e-08,4.62812500e+00,1.07000000e+01,-3.93750000e-02,2.96875000e+00
9.15200000e-08,4.62812500e+00,1.08750000e+01,-4.56250000e-02,3.01796875e+00
9.18400000e-08,4.70312500e+00,1.08500000e+01,-5.62500000e-02,3.13828125e+00
9.21600000e-08,4.60312500e+00,1.08750000e+01,-6.31250000e-02,3.15078125e+00
9.24800000e-08,4.64062500e+00,1.10000000e+01,-3.31250000e-02,3.13906250e+00
9.28000000e-08,4.65312500e+00,1.10250000e+01,-3.06250000e-02,3.11953125e+00
9.31200000e-08,4.66562500e+00,1.08375000e+01,-1.12500000e-02,3.13984375e+00
9.34400000e-08,4.59062500e+00,1.08250000e+01,-2.56250000e-02,3.07343750e+00
9.37600000e-08,4.68125000e+00,1.08500000e+01,-2.81250000e-02,3.14531250e+00
9.40800000e-08,4.80625000e+00,1.09000000e+01,-1.43750000e-02,3.29375000e+00
9.44000000e-08,4.61562500e+00,1.09000000e+01,-3.31250000e-02,3.29218750e+00
9.47200000e-08,4.50625000e+00,1.09375000e+01,-5.12500000e-02,3.32500000e+00
9.50400000e-08,4.62812500e+00,1.09500000e+01,-2.62500000e-02,3.41015625e+00
9.53600000e-08,4.69062500e+00,1.08625000e+01,-7.18750000e-02,3.40468750e+00
9.56800000e-08,4.70312500e+00,1.09000000e+01,-5.06250000e-02,3.39218750e+00
9.60000000e-08,4.76875000e+00,1.09625000e+01,-9.37500000e-03,3.42734375e+00
9.63200000e-08,4.64062500e+00,1.09500000e+01,-3.87500000e-02,3.41875000e+00
9.66400000e-08,4.70312500e+00,1.08375000e+01,-4.56250000e-02,3.36640625e+00
9.69600000e-08,4.65312500e+00,1.08500000e+01,-1.62500000e-02,3.42890625e+00
9.72800000e-08,4.70312500e+00,1.07375000e+01,-2.18750000e-02,3.55312500e+00
9.76000000e-08,4.61562500e+00,1.10000000e+01,3.12500000e-03,3.62890625e+00
9.79200000e-08,4.69062500e+00,1.10250000e+01,-1.43750000e-02,3.59843750e+00
9.82400000e-08,4.71562500e+00,1.08500000e+01,-2.25000000e-02,3.62734375e+00
9.85600000e-08,4.59062500e+00,1.08125000e+01,-2.62500000e-02,3.62812500e+00
9.88800000e-08,4.66562500e+00,1.09375000e+01,-2.75000000e-02,3.56640625e+00
9.92000000e-08,4.72812500e+00,1.07750000e+01,-3.81250000e-02,3.56328125e+00
9.95200000e-08,4.72812500e+00,1.08625000e+01,-3.06250000e-02,3.55625000e+00
9.98400000e-08,4.54062500e+00,1.08250000e+01,-4.12500000e-02,3.59140625e+00
1.00160000e-07,4.68125000e+00,1.08250000e+01,-3.50000000e-02,3.70625000e+00
1.00480000e-07,4.77187500e+00,1.08000000e+01,-1.43750000e-02,3.72812500e+00
1.00800000e-07,4.72812500e+00,1.06875000e+01,-3.81250000e-02,3.80546875e+00
1.01120000e-07,4.65625000e+00,1.06875000e+01,-2.12500000e-02,3.81328125e+00
1.01440000e-07,4.69687500e+00,1.09125000e+01,-4.37500000e-03,3.81406250e+00
1.01760000e-07,4.80937500e+00,1.08250000e+01,-3.87500000e-02,3.85546875e+00
1.02080000e-07,4.84375000e+00,1.08250000e+01,-4.06250000e-02,3.86093750e+00
1.02400000e-07,4.59375000e+00,1.07750000e+01,-4.37500000e-03,3.90937500e+00
1.02720000e-07,4.59375000e+00,1.07625000e+01,-1.68750000e-02,3.94687500e+00
1.03040000e-07,4.61562500e+00,1.09625000e+01,-4.87500000e-02,3.90937500e+00
1.03360000e-07,4.55312500e+00,1.09875000e+01,-1.12500000e-02,3.89765625e+00
1.03680000e-07,4.79687500e+00,1.08500000e+01,-1.50000000e-02,3.95156250e+00
1.04000000e-07,4.78437500e+00,1.09875000e+01,-3.62500000e-02,4.00468750e+00
1.04320000e-07,4.71562500e+00,1.09250000e+01,-4.06250000e-02,4.01640625e+00
1.04640000e-07,4.59375000e+00,1.09750000e+01,-2.18750000e-02,4.01953125e+00
1.04960000e-07,4.61875000e+00,1.08500000e+01,-2.56250000e-02,4.12187500e+00
1.05280000e-07,4.71562500e+00,1.07875000e+01,-8.75000000e-03,4.19453125e+00
1.05600000e-07,4.64062500e+00,1.08875000e+01,-1.12500000e-02,4.19062500e+00
1.05920000e-07,4.65625000e+00,1.09750000e+01,-2.87500000e-02,4.15546875e+00
1.06240000e-07,4.78125000e+00,1.08625000e+01,-4.37500000e-03,4.19921875e+00
1.06560000e-07,4.59062500e+00,1.09125000e+01,-2.50000000e-03,4.18593750e+00
1.06880000e-07,4.68437500e+00,1.09875000e+01,-4.62500000e-02,4.27578125e+00
1.07200000e-07,4.84687500e+00,1.08375000e+01,-3.56250000e-02,4.20781250e+00
1.07520000e-07,4.72812500e+00,1.06750000e+01,-1.43750000e-02,4.23359375e+00
1.07840000e-07,4.75937500e+00,1.09125000e+01,-3.75000000e-03,4.33281250e+00
1.08160000e-07,4.70625000e+00,1.09125000e+01,-4.12500000e-02,4.36562500e+00
1.08480000e-07,4.69375000e+00,1.10000000e+01,-1.93750000e-02,4.36875000e+00
1.08800000e-07,4.75625000e+00,1.08750000e+01,-2.87500000e-02,4.29531250e+00
1.09120000e-07,4.79687500e+00,1.08750000e+01,-6.87500000e-03,4.29609375e+00
1.09440000e-07,4.87500000e+00,1.07500000e+01,-2.81250000e-02,4.36406250e+00
1.09760000e-07,4.73125000e+00,1.08625000e+01,-2.25000000e-02,4.46406250e+00
1.10080000e-07,4.85000000e+00,1.08375000e+01,-5.12500000e-02,4.43437500e+00
1.10400000e-07,4.78437500e+00,1.08750000e+01,-3.00000000e-02,4.35078125e+00
1.10720000e-07,4.67187500e+00,1.07625000e+01,-3.75000000e-03,4.36796875e+00
1.11040000e-07,4.81250000e+00,1.08125000e+01,-3.56250000e-02,4.41875000e+00
1.11360000e-07,4.72812500e+00,1.07000000e+01,-4.62500000e-02,4.47656250e+00
1.11680000e-07,4.77500000e+00,1.08750000e+01,-3.81250000e-02,4.57890625e+00
1.12000000e-07,4.87187500e+00,1.08875000e+01,3.75000000e-03,4.58281250e+00
1.12320000e-07,4.59062500e+00,1.08125000e+01,-1.87500000e-03,4.53515625e+00
1.12640000e-07,4.85000000e+00,1.09000000e+01,-3.81250000e-02,4.56796875e+00
1.12960000e-07,4.70312500e+00,1.09375000e+01,-1.37500000e-02,4.58593750e+00
1.13280000e-07,4.68125000e+00,1.08750000e+01,-1.12500000e-02,4.52578125e+00
1.13600000e-07,4.83750000e+00,1.08250000e+01,-1.56250000e-02,4.59062500e+00
1.13920000e-07,4.79687500e+00,1.09250000e+01,-6.37500000e-02,4.68281250e+00
1.14240000e-07,4.73125000e+00,1.09750000e+01,-6.87500000e-03,4.70546875e+00
1.14560000e-07,4.76250000e+00,1.09000000e+01,-4.12500000e-02,4.66875000e+00
1.14880000e-07,4.78750000e+00,1.09875000e+01,1.31250000e-02,4.70625000e+00
1.15200000e-07,4.70312500e+00,1.09500000e+01,-2.25000000e-02,4.75312500e+00
1.15520000e-07,4.65937500e+00,1.10625000e+01,-4.62500000e-02,4.69921875e+00
1.15840000e-07,4.78750000e+00,1.08750000e+01,-1.37500000e-02,4.66171875e+00
1.16160000e-07,4.64062500e+00,1.08750000e+01,-6.87500000e-03,4.72968750e+00
1.16480000e-07,4.82500000e+00,1.08875000e+01,5.62500000e-03,4.73828125e+00
1.16800000e-07,4.83750000e+00,1.10125000e+01,-3.87500000e-02,4.75468750e+00
1.17120000e-07,4.80937500e+00,1.09875000e+01,-5.12500000e-02,4.79765625e+00
1.17440000e-07,4.83750000e+00,1.08750000e+01,-3.56250000e-02,4.82812500e+00
1.17760000e-07,4.80000000e+00,1.08125000e+01,-2.56250000e-02,4.83046875e+00
1.18080000e-07,4.80000000e+00,1.09250000e+01,-3.56250000e-02,4.86015625e+00
1.18400000e-07,4.70937500e+00,1.08625000e+01,-4.37500000e-03,4.89687500e+00
1.18720000e-07,4.81250000e+00,1.10500000e+01,-1.87500000e-03,4.94687500e+00
1.19040000e-07,4.86250000e+00,1.09125000e+01,-2.25000000e-02,4.90703125e+00
1.19360000e-07,4.81250000e+00,1.09875000e+01,-6.87500000e-03,4.91328125e+00
1.19680000e-07,4.78750000e+00,1.09000000e+01,-4.62500000e-02,4.99375000e+00
1.20000000e-07,4.81250000e+00,1.08500000e+01,-6.87500000e-03,5.10234375e+00
1.20320000e-07,4.88750000e+00,1.07500000e+01,-3.68750000e-02,5.06093750e+00
1.20640000e-07,4.78437500e+00,1.08875000e+01,-4.37500000e-03,4.95781250e+00
1.20960000e-07,4.68125000e+00,1.09875000e+01,-6.25000000e-04,5.05000000e+00
1.21280000e-07,4.82500000e+00,1.08625000e+01,-5.37500000e-02,5.12343750e+00
1.21600000e-07,4.74375000e+00,1.08125000e+01,-2.81250000e-02,5.13515625e+00
1.21920000e-07,4.71875000e+00,1.08250000e+01,-3.81250000e-02,5.11484375e+00
1.22240000e-07,4.82500000e+00,1.08750000e+01,-4.06250000e-02,5.10703125e+00
1.22560000e-07,4.80937500e+00,1.08875000e+01,-1.93750000e-02,5.13906250e+00
1.22880000e-07,4.95000000e+00,1.08000000e+01,-4.87500000e-02,5.24375000e+00
1.23200000e-07,4.80000000e+00,1.08125000e+01,-2.75000000e-02,5.32031250e+00
1.23520000e-07,4.84687500e+00,1.08750000e+01,-8.75000000e-03,5.27734375e+00
1.23840000e-07,4.67187500e+00,1.10125000e+01,-8.75000000e-03,5.25859375e+00
1.24160000e-07,4.90000000e+00,1.09250000e+01,-2.56250000e-02,5.20546875e+00
1.24480000e-07,4.79687500e+00,1.08875000e+01,-1.25000000e-02,5.27031250e+00
1.24800000e-07,4.80000000e+00,1.09250000e+01,-4.12500000e-02,5.40078125e+00
1.25120000e-07,4.85000000e+00,1.08875000e+01,-3.75000000e-03,5.36718750e+00
1.25440000e-07,4.74687500e+00,1.09000000e+01,-3.62500000e-02,5.43125000e+00
1.25760000e-07,4.65937500e+00,1.09875000e+01,-4.37500000e-02,5.35156250e+00
1.26080000e-07,4.78437500e+00,1.08250000e+01,-3.62500000e-02,5.37187500e+00
1.26400000e-07,4.74687500e+00,1.09250000e+01,-2.75000000e-02,5.45859375e+00
1.26720000e-07,4.96250000e+00,1.10000000e+01,-1.25000000e-03,5.41171875e+00
1.27040000e-07,4.77187500e+00,1.09250000e+01,-1.87500000e-02,5.31484375e+00
1.27360000e-07,4.97500000e+00,1.08625000e+01,-2.81250000e-02,5.32578125e+00
1.27680000e-07,4.85937500e+00,1.08000000e+01,-6.87500000e-03,5.43046875e+00
1.28000000e-07,4.70937500e+00,1.09250000e+01,-1.25000000e-02,5.48125000e+00
1.28320000e-07,4.82500000e+00,1.10500000e+01,-4.12500000e-02,5.50937500e+00
1.28640000e-07,4.77187500e+00,1.09875000e+01,-4.56250000e-02,5.48359375e+00
1.28960000e-07,4.82500000e+00,1.09375000e+01,-3.31250000e-02,5.51328125e+00
1.29280000e-07,4.80000000e+00,1.08625000e+01,-1.37500000e-02,5.52500000e+00
1.29600000e-07,4.87500000e+00,1.10125000e+01,-3.62500000e-02,5.51406250e+00
1.29920000e-07,4.80000000e+00,1.09375000e+01,-1.93750000e-02,5.51718750e+00
1.30240000e-07,4.81250000e+00,1.09750000e+01,-1.56250000e-02,5.53984375e+00
1.30560000e-07,4.90000000e+00,1.07750000e+01,-5.12500000e-02,5.63593750e+00
1.30880000e-07,4.71875000e+00,1.09625000e+01,1.37500000e-02,5.67500000e+00
1.31200000e-07,4.75000000e+00,1.08750000e+01,-2.25000000e-02,5.71718750e+00
1.31520000e-07,4.82500000e+00,1.08125000e+01,-3.87500000e-02,5.66484375e+00
1.31840000e-07,4.82187500e+00,1.07375000e+01,-2.56250000e-02,5.65625000e+00
1.32160000e-07,4.83750000e+00,1.07500000e+01,-2.12500000e-02,5.71718750e+00
1.32480000e-07,4.80000000e+00,1.09000000e+01,-4.37500000e-03,5.72890625e+00
1.32800000e-07,4.80000000e+00,1.09875000e+01,-2.62500000e-02,5.74921875e+00
1.33120000e-07,4.85000000e+00,1.08750000e+01,-3.56250000e-02,5.86640625e+00
1.33440000e-07,4.87500000e+00,1.09625000e+01,-2.00000000e-02,5.90390625e+00
1.33760000e-07,4.81250000e+00,1.09500000e+01,-3.75000000e-02,5.84687500e+00
1.34080000e-07,4.82500000e+00,1.09750000e+01,-6.87500000e-03,5.80390625e+00
1.34400000e-07,4.80000000e+00,1.09500000e+01,-4.56250000e-02,5.82656250e+00
1.34720000e-07,4.81250000e+00,1.10625000e+01,-1.12500000e-02,5.85468750e+00
1.35040000e-07,4.81250000e+00,1.09125000e+01,-1.50000000e-02,5.89140625e+00
1.35360000e-07,4.86250000e+00,1.08875000e+01,-2.62500000e-02,5.88203125e+00
1.35680000e-07,5.06250000e+00,1.09375000e+01,-3.75000000e-02,5.88359375e+00
1.36000000e-07,4.93750000e+00,1.09250000e+01,-1.12500000e-02,5.99453125e+00
1.36320000e-07,4.90000000e+00,1.08625000e+01,-2.50000000e-02,6.04062500e+00
1.36640000e-07,4.77500000e+00,1.10375000e+01,-3.06250000e-02,5.95859375e+00
1.36960000e-07,4.83750000e+00,1.08750000e+01,6.25000000e-04,6.03750000e+00
1.37280000e-07,4.82500000e+00,1.09000000e+01,-3.37500000e-02,6.11328125e+00
1.37600000e-07,4.77500000e+00,1.09375000e+01,-5.06250000e-02,6.05703125e+00
1.37920000e-07,4.82500000e+00,1.10750000e+01,3.12500000e-03,5.98593750e+00
1.38240000e-07,4.96250000e+00,1.09125000e+01,-9.37500000e-03,6.02578125e+00
1.38560000e-07,4.88750000e+00,1.09625000e+01,-5.37500000e-02,6.04843750e+00
1.38880000e-07,4.91250000e+00,1.10000000e+01,-2.56250000e-02,6.14453125e+00
1.39200000e-07,4.81250000e+00,1.10375000e+01,-2.56250000e-02,6.21953125e+00
1.39520000e-07,4.80000000e+00,1.09250000e+01,-4.31250000e-02,6.22890625e+00
1.39840000e-07,4.85000000e+00,1.09625000e+01,-2.50000000e-02,6.16484375e+00
1.40160000e-07,4.92500000e+00,1.08375000e+01,-1.12500000e-02,6.14296875e+00
1.40480000e-07,4.85000000e+00,1.09000000e+01,-1.12500000e-02,6.23671875e+00
1.40800000e-07,4.88750000e+00,1.08500000e+01,-4.37500000e-03,6.24218750e+00
1.41120000e-07,4.77187500e+00,1.09250000e+01,1.81250000e-02,6.20546875e+00
1.41440000e-07,4.80000000e+00,1.07750000e+01,-3.12500000e-02,6.27734375e+00
1.41760000e-07,4.80000000e+00,1.07375000e+01,-2.18750000e-02,6.29375000e+00
1.42080000e-07,4.71875000e+00,1.10125000e+01,-8.12500000e-03,6.27421875e+00
1.42400000e-07,4.86250000e+00,1.09750000e+01,-4.62500000e-02,6.27812500e+00
1.42720000e-07,4.80000000e+00,1.08375000e+01,-5.06250000e-02,6.33437500e+00
1.43040000e-07,4.98750000e+00,1.09625000e+01,-1.25000000e-03,6.30234375e+00
1.43360000e-07,4.90000000e+00,1.08375000e+01,-4.37500000e-03,6.32343750e+00
1.43680000e-07,4.91250000e+00,1.08375000e+01,-3.62500000e-02,6.38593750e+00
1.44000000e-07,4.87500000e+00,1.10375000e+01,-1.68750000e-02,6.37187500e+00
1.44320000e-07,4.90000000e+00,1.10500000e+01,-3.12500000e-02,6.37031250e+00
1.44640000e-07,4.77500000e+00,1.08750000e+01,-4.37500000e-03,6.42343750e+00
1.44960000e-07,4.85000000e+00,1.08250000e+01,-1.43750000e-02,6.38515625e+00
1.45280000e-07,4.76250000e+00,1.08750000e+01,-1.75000000e-02,6.28984375e+00
1.45600000e-07,4.82500000e+00,1.09625000e+01,-2.25000000e-02,6.35468750e+00
1.45920000e-07,4.93750000e+00,1.10000000e+01,-3.31250000e-02,6.42265625e+00
1.46240000e-07,4.95000000e+00,1.09625000e+01,-1.87500000e-02,6.50625000e+00
1.46560000e-07,4.96250000e+00,1.09750000e+01,-1.62500000e-02,6.51796875e+00
1.46880000e-07,4.80000000e+00,1.09500000e+01,-2.00000000e-02,6.47578125e+00
1.47200000e-07,4.87500000e+00,1.10375000e+01,-2.87500000e-02,6.50937500e+00
1.47520000e-07,4.90937500e+00,1.10750000e+01,-3.00000000e-02,6.50312500e+00
1.47840000e-07,4.72187500e+00,1.08625000e+01,-3.00000000e-02,6.49062500e+00
1.48160000e-07,4.97500000e+00,1.08875000e+01,-6.25000000e-03,6.51953125e+00
1.48480000e-07,4.88437500e+00,1.07500000e+01,-1.87500000e-03,6.58125000e+00
1.48800000e-07,4.88750000e+00,1.10125000e+01,-1.75000000e-02,6.60078125e+00
1.49120000e-07,4.66875000e+00,1.08125000e+01,-3.12500000e-02,6.62031250e+00
1.49440000e-07,4.80000000e+00,1.10500000e+01,-2.12500000e-02,6.63437500e+00
1.49760000e-07,4.82500000e+00,1.08875000e+01,3.12500000e-03,6.59843750e+00
1.50080000e-07,4.87187500e+00,1.09125000e+01,-1.43750000e-02,6.59687500e+00
1.50400000e-07,4.95000000e+00,1.10000000e+01,-3.87500000e-02,6.59218750e+00
1.50720000e-07,5.06250000e+00,1.09625000e+01,-3.62500000e-02,6.68906250e+00
1.51040000e-07,4.85937500e+00,1.08000000e+01,-1.87500000e-03,6.78437500e+00
1.51360000e-07,4.70937500e+00,1.09125000e+01,1.31250000e-02,6.86171875e+00
1.51680000e-07,4.93750000e+00,1.10375000e+01,-2.00000000e-02,6.81015625e+00
1.52000000e-07,4.75937500e+00,1.09250000e+01,-5.93750000e-02,6.68281250e+00
1.52320000e-07,4.76250000e+00,1.08375000e+01,-5.31250000e-02,6.71171875e+00
1.52640000e-07,4.91250000e+00,1.08750000e+01,-2.18750000e-02,6.75625000e+00
1.52960000e-07,4.86250000e+00,1.09500000e+01,-2.62500000e-02,6.75781250e+00
1.53280000e-07,4.90000000e+00,1.09125000e+01,1.12500000e-02,6.73359375e+00
1.53600000e-07,5.01250000e+00,1.07875000e+01,3.12500000e-03,6.76796875e+00
1.53920000e-07,4.79687500e+00,1.09125000e+01,-3.62500000e-02,6.80234375e+00
1.54240000e-07,4.73437500e+00,1.09000000e+01,-2.18750000e-02,6.86093750e+00
1.54560000e-07,4.92500000e+00,1.09625000e+01,-3.31250000e-02,6.91953125e+00
1.54880000e-07,4.82187500e+00,1.09375000e+01,-6.25000000e-03,6.88515625e+00
1.55200000e-07,4.90000000e+00,1.08750000e+01,-1.93750000e-02,6.86171875e+00
1.55520000e-07,4.96250000e+00,1.10000000e+01,-5.62500000e-02,6.91718750e+00
1.55840000e-07,4.92500000e+00,1.08250000e+01,-1.62500000e-02,6.97968750e+00
1.56160000e-07,4.80000000e+00,1.08250000e+01,-2.62500000e-02,6.96328125e+00
1.56480000e-07,4.93750000e+00,1.10875000e+01,-2.81250000e-02,7.04765625e+00
1.56800000e-07,4.91250000e+00,1.09750000e+01,-9.37500000e-03,7.07734375e+00
1.57120000e-07,4.86250000e+00,1.10250000e+01,-2.18750000e-02,6.95703125e+00
1.57440000e-07,4.81250000e+00,1.09250000e+01,-3.31250000e-02,7.00390625e+00
1.57760000e-07,4.86250000e+00,1.10250000e+01,-1.37500000e-02,7.18281250e+00
1.58080000e-07,4.82500000e+00,1.08250000e+01,-1.93750000e-02,7.12968750e+00
1.58400000e-07,4.83750000e+00,1.09000000e+01,-3.62500000e-02,7.10859375e+00
1.58720000e-07,5.01250000e+00,1.09250000e+01,-1.62500000e-02,7.12734375e+00
1.59040000e-07,4.95000000e+00,1.10000000e+01,-1.87500000e-03,7.10234375e+00
1.59360000e-07,4.90000000e+00,1.09000000e+01,-2.18750000e-02,7.07656250e+00
1.59680000e-07,4.73437500e+00,1.09125000e+01,-1.75000000e-02,7.09453125e+00
1.60000000e-07,4.86250000e+00,1.09000000e+01,-3.62500000e-02,7.15156250e+00
1.60320000e-07,4.85000000e+00,1.09250000e+01,-1.87500000e-02,7.13281250e+00
1.60640000e-07,4.98750000e+00,1.08875000e+01,-3.62500000e-02,7.15625000e+00
1.60960000e-07,4.90000000e+00,1.10000000e+01,-4.37500000e-02,7.19921875e+00
1.61280000e-07,4.95000000e+00,1.09500000e+01,-2.18750000e-02,7.23671875e+00
1.61600000e-07,4.85000000e+00,1.08750000e+01,-1.93750000e-02,7.18828125e+00
1.61920000e-07,4.86250000e+00,1.10375000e+01,-4.37500000e-03,7.19062500e+00
1.62240000e-07,4.86250000e+00,1.09250000e+01,-9.37500000e-03,7.29765625e+00
1.62560000e-07,4.67187500e+00,1.08250000e+01,-1.87500000e-03,7.31796875e+00
1.62880000e-07,4.88750000e+00,1.08250000e+01,-3.37500000e-02,7.28828125e+00
1.63200000e-07,4.93750000e+00,1.09000000e+01,-3.06250000e-02,7.25156250e+00
1.63520000e-07,4.96250000e+00,1.09000000e+01,-5.00000000e-03,7.28125000e+00
1.63840000e-07,5.01250000e+00,1.10000000e+01,-4.81250000e-02,7.27187500e+00
1.64160000e-07,4.96250000e+00,1.09875000e+01,-1.37500000e-02,7.28125000e+00
1.64480000e-07,4.78750000e+00,1.07625000e+01,-1.87500000e-03,7.33203125e+00
1.64800000e-07,4.86250000e+00,1.09000000e+01,-2.25000000e-02,7.36718750e+00
1.65120000e-07,5.03750000e+00,1.09875000e+01,-3.31250000e-02,7.41171875e+00
1.65440000e-07,4.97500000e+00,1.09125000e+01,-6.25000000e-03,7.36875000e+00
1.65760000e-07,4.73437500e+00,1.09875000e+01,-3.81250000e-02,7.38437500e+00
1.66080000e-07,5.00000000e+00,1.09000000e+01,-9.37500000e-03,7.41640625e+00
1.66400000e-07,4.90000000e+00,1.10375000e+01,-1.25000000e-02,7.35390625e+00
1.66720000e-07,4.88750000e+00,1.09000000e+01,-1.68750000e-02,7.30078125e+00
1.67040000e-07,4.86250000e+00,1.07500000e+01,-3.12500000e-02,7.39765625e+00
1.67360000e-07,4.77500000e+00,1.09250000e+01,-5.87500000e-02,7.39531250e+00
1.67680000e-07,4.87500000e+00,1.08875000e+01,-1.93750000e-02,7.32500000e+00
1.68000000e-07,4.93750000e+00,1.09750000e+01,-1.87500000e-03,7.42500000e+00
1.68320000e-07,5.01250000e+00,1.10000000e+01,-2.25000000e-02,7.49765625e+00
1.68640000e-07,4.92500000e+00,1.07750000e+01,-5.62500000e-02,7.53125000e+00
1.68960000e-07,4.78750000e+00,1.09500000e+01,-1.62500000e-02,7.55000000e+00
1.69280000e-07,4.86250000e+00,1.08375000e+01,1.06250000e-02,7.54062500e+00
1.69600000e-07,4.78750000e+00,1.08625000e+01,-3.87500000e-02,7.48906250e+00
1.69920000e-07,4.86250000e+00,1.10000000e+01,-2.18750000e-02,7.50000000e+00
1.70240000e-07,4.96250000e+00,1.10250000e+01,-1.31250000e-02,7.59843750e+00
1.70560000e-07,4.83750000e+00,1.09500000e+01,-4.87500000e-02,7.54375000e+00
1.70880000e-07,4.81250000e+00,1.09000000e+01,-1.87500000e-02,7.51171875e+00
1.71200000e-07,4.92500000e+00,1.10250000e+01,-1.18750000e-02,7.58750000e+00
1.71520000e-07,4.78750000e+00,1.08250000e+01,-1.43750000e-02,7.59453125e+00
1.71840000e-07,4.93750000e+00,1.08875000e+01,-9.37500000e-03,7.64062500e+00
1.72160000e-07,4.83750000e+00,1.09500000e+01,-2.00000000e-02,7.60468750e+00
1.72480000e-07,4.91250000e+00,1.09375000e+01,-1.18750000e-02,7.67656250e+00
1.72800000e-07,4.82500000e+00,1.08750000e+01,6.25000000e-04,7.68203125e+00
1.73120000e-07,4.96250000e+00,1.08500000e+01,-1.18750000e-02,7.61328125e+00
1.73440000e-07,4.85000000e+00,1.10625000e+01,-5.37500000e-02,7.63515625e+00
1.73760000e-07,4.91250000e+00,1.10125000e+01,-3.31250000e-02,7.63203125e+00
1.74080000e-07,4.87500000e+00,1.09000000e+01,-1.43750000e-02,7.67343750e+00
1.74400000e-07,4.93750000e+00,1.09625000e+01,-8.75000000e-03,7.69140625e+00
1.74720000e-07,4.85000000e+00,1.09125000e+01,0.00000000e+00,7.67421875e+00
1.75040000e-07,4.88750000e+00,1.10750000e+01,-3.31250000e-02,7.73906250e+00
1.75360000e-07,5.01250000e+00,1.09500000e+01,4.12500000e-02,7.71562500e+00
1.75680000e-07,4.83750000e+00,1.09000000e+01,-2.81250000e-02,7.68750000e+00
1.76000000e-07,4.95000000e+00,1.09750000e+01,-3.37500000e-02,7.69921875e+00
1.76320000e-07,4.95000000e+00,1.10125000e+01,-2.81250000e-02,7.77031250e+00
1.76640000e-07,4.98750000e+00,1.07875000e+01,-1.12500000e-02,7.83437500e+00
1.76960000e-07,4.88750000e+00,1.09250000e+01,-3.75000000e-03,7.77578125e+00
1.77280000e-07,4.85000000e+00,1.09750000e+01,-3.37500000e-02,7.72890625e+00
1.77600000e-07,4.90000000e+00,1.09000000e+01,-5.56250000e-02,7.79375000e+00
1.77920000e-07,5.00000000e+00,1.08750000e+01,-1.87500000e-03,7.78125000e+00
1.78240000e-07,4.98750000e+00,1.10625000e+01,-4.06250000e-02,7.81171875e+00
1.78560000e-07,4.86250000e+00,1.08500000e+01,-2.81250000e-02,7.88593750e+00
1.78880000e-07,4.87500000e+00,1.09750000e+01,-2.62500000e-02,7.90234375e+00
1.79200000e-07,5.03750000e+00,1.08625000e+01,-4.81250000e-02,7.85156250e+00
1.79520000e-07,4.98750000e+00,1.08625000e+01,-9.37500000e-03,7.90781250e+00
1.79840000e-07,4.66875000e+00,1.08750000e+01,-1.18750000e-02,7.95625000e+00
1.80160000e-07,4.85000000e+00,1.10000000e+01,-1.68750000e-02,7.91640625e+00
1.80480000e-07,4.88750000e+00,1.09000000e+01,-1.68750000e-02,7.90312500e+00
1.80800000e-07,4.89687500e+00,1.08375000e+01,-4.37500000e-03,7.91406250e+00
1.81120000e-07,4.91250000e+00,1.10000000e+01,-2.25000000e-02,7.95546875e+00
1.81440000e-07,4.93750000e+00,1.09875000e+01,-1.18750000e-02,7.98281250e+00
1.81760000e-07,4.87500000e+00,1.08375000e+01,-3.12500000e-02,8.03437500e+00
1.82080000e-07,4.83750000e+00,1.07875000e+01,-2.18750000e-02,8.08593750e+00
1.82400000e-07,4.75000000e+00,1.11250000e+01,-3.43750000e-02,7.97890625e+00
1.82720000e-07,4.96250000e+00,1.09250000e+01,-4.12500000e-02,7.93593750e+00
1.83040000e-07,4.95000000e+00,1.09125000e+01,-1.43750000e-02,7.95859375e+00
1.83360000e-07,4.91250000e+00,1.10000000e+01,-2.62500000e-02,8.03828125e+00
1.83680000e-07,4.73437500e+00,1.09875000e+01,-7.00000000e-02,8.04218750e+00
1.84000000e-07,4.91250000e+00,1.11375000e+01,-1.68750000e-02,8.06250000e+00
1.84320000e-07,5.01250000e+00,1.08875000e+01,8.12500000e-03,8.08906250e+00
1.84640000e-07,4.96250000e+00,1.08625000e+01,0.00000000e+00,8.03515625e+00
1.84960000e-07,4.77500000e+00,1.08625000e+01,-5.62500000e-02,8.02578125e+00
1.85280000e-07,4.87500000e+00,1.10000000e+01,-2.50000000e-02,8.09531250e+00
1.85600000e-07,4.88750000e+00,1.09375000e+01,-1.37500000e-02,8.20468750e+00
1.85920000e-07,4.90000000e+00,1.09375000e+01,-6.25000000e-03,8.23984375e+00
1.86240000e-07,4.86250000e+00,1.08250000e+01,-3.62500000e-02,8.23203125e+00
1.86560000e-07,4.88750000e+00,1.09500000e+01,-1.68750000e-02,8.27578125e+00
1.86880000e-07,4.92500000e+00,1.10000000e+01,-5.00000000e-03,8.27421875e+00
1.87200000e-07,4.95000000e+00,1.09375000e+01,-3.62500000e-02,8.22812500e+00
1.87520000e-07,4.75000000e+00,1.09875000e+01,-4.06250000e-02,8.23671875e+00
1.87840000e-07,4.88750000e+00,1.09375000e+01,-1.87500000e-03,8.28515625e+00
1.88160000e-07,5.06250000e+00,1.08250000e+01,1.87500000e-02,8.31562500e+00
1.88480000e-07,4.93750000e+00,1.09875000e+01,-3.37500000e-02,8.31406250e+00
1.88800000e-07,4.93750000e+00,1.09250000e+01,-2.18750000e-02,8.27890625e+00
1.89120000e-07,4.95000000e+00,1.09250000e+01,-1.25000000e-02,8.26640625e+00
1.89440000e-07,4.95000000e+00,1.09375000e+01,-1.87500000e-03,8.34531250e+00
1.89760000e-07,4.93750000e+00,1.09375000e+01,-1.87500000e-03,8.41093750e+00
1.90080000e-07,4.78750000e+00,1.09375000e+01,-6.87500000e-03,8.36953125e+00
1.90400000e-07,4.90000000e+00,1.09875000e+01,-4.37500000e-02,8.44218750e+00
1.90720000e-07,4.83750000e+00,1.09125000e+01,-4.62500000e-02,8.47734375e+00
1.91040000e-07,4.95000000e+00,1.09000000e+01,-3.37500000e-02,8.37421875e+00
1.91360000e-07,4.96250000e+00,1.10500000e+01,-1.62500000e-02,8.39140625e+00
1.91680000e-07,4.90000000e+00,1.08750000e+01,3.12500000e-03,8.44296875e+00
1.92000000e-07,4.90000000e+00,1.09250000e+01,-3.31250000e-02,8.45312500e+00
1.92320000e-07,4.75000000e+00,1.09250000e+01,-1.87500000e-03,8.44296875e+00
1.92640000e-07,4.95000000e+00,1.09125000e+01,-1.87500000e-03,8.48281250e+00
1.92960000e-07,4.95000000e+00,1.10125000e+01,-2.00000000e-02,8.48046875e+00
1.93280000e-07,4.91250000e+00,1.09000000e+01,-1.43750000e-02,8.45468750e+00
1.93600000e-07,4.93750000e+00,1.08375000e+01,-2.62500000e-02,8.50000000e+00
1.93920000e-07,4.85000000e+00,1.09875000e+01,-3.81250000e-02,8.48046875e+00
1.94240000e-07,4.82500000e+00,1.11250000e+01,3.12500000e-03,8.62890625e+00
1.94560000e-07,4.80000000e+00,1.09125000e+01,-1.25000000e-03,8.63046875e+00
1.94880000e-07,4.87500000e+00,1.10250000e+01,-4.37500000e-03,8.57421875e+00
1.95200000e-07,5.01250000e+00,1.09500000e+01,1.06250000e-02,8.55156250e+00
1.95520000e-07,4.88750000e+00,1.10000000e+01,-2.62500000e-02,8.50390625e+00
1.95840000e-07,4.92500000e+00,1.09625000e+01,-6.87500000e-03,8.46796875e+00
1.96160000e-07,4.92500000e+00,1.09875000e+01,-2.31250000e-02,8.51171875e+00
1.96480000e-07,4.91250000e+00,1.09375000e+01,-1.93750000e-02,8.57968750e+00
1.96800000e-07,4.90000000e+00,1.09375000e+01,-4.37500000e-03,8.62968750e+00
1.97120000e-07,4.95000000e+00,1.09125000e+01,-3.62500000e-02,8.59843750e+00
1.97440000e-07,4.97500000e+00,1.11000000e+01,-1.18750000e-02,8.64609375e+00
1.97760000e-07,4.93750000e+00,1.09625000e+01,-1.25000000e-02,8.69062500e+00
1.98080000e-07,4.80000000e+00,1.08750000e+01,-1.87500000e-03,8.61406250e+00
1.98400000e-07,4.83750000e+00,1.09000000e+01,-1.43750000e-02,8.63125000e+00
1.98720000e-07,4.98750000e+00,1.10375000e+01,-1.68750000e-02,8.60390625e+00
1.99040000e-07,4.88750000e+00,1.10375000e+01,-1.43750000e-02,8.53671875e+00
1.99360000e-07,4.97500000e+00,1.10000000e+01,-6.87500000e-03,8.63828125e+00
1.99680000e-07,4.83750000e+00,1.08250000e+01,-5.00000000e-03,8.68359375e+00
2.00000000e-07,4.83750000e+00,1.08375000e+01,-3.62500000e-02,8.62187500e+00
2.00320000e-07,4.86250000e+00,1.09625000e+01,-6.25000000e-03,8.58359375e+00
2.00640000e-07,5.00000000e+00,1.09875000e+01,-2.56250000e-02,8.67812500e+00
2.00960000e-07,5.02500000e+00,1.08875000e+01,-1.18750000e-02,8.69218750e+00
2.01280000e-07,5.02500000e+00,1.09500000e+01,1.31250000e-02,8.61562500e+00
2.01600000e-07,5.02500000e+00,1.08875000e+01,-1.87500000e-03,8.67343750e+00
2.01920000e-07,4.85000000e+00,1.08000000e+01,-3.87500000e-02,8.71328125e+00
2.02240000e-07,4.86250000e+00,1.09000000e+01,-4.37500000e-02,8.72812500e+00
2.02560000e-07,4.86250000e+00,1.11125000e+01,-4.37500000e-03,8.75937500e+00
2.02880000e-07,5.01250000e+00,1.10875000e+01,-9.37500000e-03,8.67265625e+00
2.03200000e-07,4.81250000e+00,1.09500000e+01,-3.62500000e-02,8.64218750e+00
2.03520000e-07,4.85000000e+00,1.08875000e+01,-2.18750000e-02,8.69453125e+00
2.03840000e-07,4.81250000e+00,1.09625000e+01,-2.25000000e-02,8.71171875e+00
2.04160000e-07,4.91250000e+00,1.10125000e+01,-1.43750000e-02,8.83437500e+00
2.04480000e-07,4.85000000e+00,1.10625000e+01,-1.75000000e-02,8.85312500e+00
2.04800000e-07,4.96250000e+00,1.09500000e+01,-3.06250000e-02,8.74843750e+00
2.05120000e-07,4.86250000e+00,1.10250000e+01,3.75000000e-03,8.76484375e+00
2.05440000e-07,4.85000000e+00,1.09750000e+01,3.75000000e-03,8.83281250e+00
2.05760000e-07,4.96250000e+00,1.10500000e+01,-1.87500000e-03,8.85000000e+00
2.06080000e-07,5.00000000e+00,1.09625000e+01,-4.37500000e-03,8.80000000e+00
2.06400000e-07,5.06250000e+00,1.08875000e+01,-1.18750000e-02,8.70625000e+00
2.06720000e-07,5.06250000e+00,1.08750000e+01,6.25000000e-04,8.80078125e+00
2.07040000e-07,4.92500000e+00,1.09375000e+01,-1.87500000e-03,8.88750000e+00
2.07360000e-07,4.88750000e+00,1.09125000e+01,-2.25000000e-02,8.81875000e+00
2.07680000e-07,5.02500000e+00,1.10375000e+01,-1.93750000e-02,8.82734375e+00
2.08000000e-07,4.98750000e+00,1.10750000e+01,-2.62500000e-02,8.83984375e+00
2.08320000e-07,4.90000000e+00,1.11000000e+01,-2.87500000e-02,8.78515625e+00
2.08640000e-07,4.98750000e+00,1.08625000e+01,-4.06250000e-02,8.79687500e+00
2.08960000e-07,4.92500000e+00,1.09500000e+01,1.12500000e-02,8.84765625e+00
2.09280000e-07,4.95000000e+00,1.10125000e+01,-3.00000000e-02,8.85859375e+00
2.09600000e-07,4.86250000e+00,1.10625000e+01,-6.87500000e-03,8.85468750e+00
2.09920000e-07,5.06250000e+00,1.10750000e+01,-3.06250000e-02,8.96484375e+00
2.10240000e-07,4.88750000e+00,1.10250000e+01,-9.37500000e-03,9.00312500e+00
2.10560000e-07,4.87500000e+00,1.09250000e+01,6.25000000e-04,8.96406250e+00
2.10880000e-07,4.98750000e+00,1.10375000e+01,-4.37500000e-03,8.95000000e+00
2.11200000e-07,4.81250000e+00,1.10000000e+01,-2.18750000e-02,8.85937500e+00
2.11520000e-07,4.96250000e+00,1.09625000e+01,-1.18750000e-02,8.82734375e+00
2.11840000e-07,4.93750000e+00,1.09625000e+01,3.12500000e-03,8.87734375e+00
2.12160000e-07,4.80000000e+00,1.09000000e+01,-1.75000000e-02,8.98125000e+00
2.12480000e-07,4.81250000e+00,1.10500000e+01,-4.87500000e-02,8.98593750e+00
2.12800000e-07,4.97500000e+00,1.10625000e+01,-1.12500000e-02,9.07265625e+00
2.13120000e-07,4.82500000e+00,1.10125000e+01,1.06250000e-02,9.14921875e+00
2.13440000e-07,4.88750000e+00,1.10125000e+01,-4.62500000e-02,9.16484375e+00
2.13760000e-07,4.83750000e+00,1.09750000e+01,-1.43750000e-02,9.10156250e+00
2.14080000e-07,4.86250000e+00,1.09500000e+01,7.50000000e-03,9.00859375e+00
2.14400000e-07,4.93750000e+00,1.09750000e+01,-1.43750000e-02,9.00234375e+00
2.14720000e-07,4.87500000e+00,1.10375000e+01,6.25000000e-04,9.01484375e+00
2.15040000e-07,4.93750000e+00,1.08875000e+01,3.12500000e-03,9.05000000e+00
2.15360000e-07,4.85000000e+00,1.10500000e+01,-1.43750000e-02,9.10546875e+00
2.15680000e-07,4.88750000e+00,1.08125000e+01,-9.37500000e-03,9.04609375e+00
2.16000000e-07,4.98750000e+00,1.10125000e+01,-3.31250000e-02,8.98750000e+00
2.16320000e-07,5.02500000e+00,1.11250000e+01,3.12500000e-03,9.05078125e+00
2.16640000e-07,4.93750000e+00,1.10125000e+01,-2.87500000e-02,9.06171875e+00
2.16960000e-07,4.96250000e+00,1.09375000e+01,-9.37500000e-03,9.11640625e+00
2.17280000e-07,4.83750000e+00,1.08875000e+01,-3.18750000e-02,9.13125000e+00
2.17600000e-07,4.80000000e+00,1.09750000e+01,-2.18750000e-02,9.08750000e+00
2.17920000e-07,4.97500000e+00,1.10375000e+01,-1.50000000e-02,9.14296875e+00
2.18240000e-07,4.95000000e+00,1.09125000e+01,-1.18750000e-02,9.20000000e+00
2.18560000e-07,4.82500000e+00,1.09500000e+01,3.12500000e-03,9.21406250e+00
2.18880000e-07,4.87500000e+00,1.09250000e+01,1.06250000e-02,9.19218750e+00
2.19200000e-07,4.93750000e+00,1.09375000e+01,-1.68750000e-02,9.13671875e+00
2.19520000e-07,4.96250000e+00,1.08750000e+01,-2.25000000e-02,9.15546875e+00
2.19840000e-07,4.93750000e+00,1.09875000e+01,-1.68750000e-02,9.20234375e+00
2.20160000e-07,4.86250000e+00,1.10125000e+01,1.56250000e-02,9.27343750e+00
2.20480000e-07,4.95000000e+00,1.10375000e+01,-9.37500000e-03,9.31562500e+00
2.20800000e-07,4.90000000e+00,1.09625000e+01,-1.43750000e-02,9.28671875e+00
2.21120000e-07,4.87500000e+00,1.09750000e+01,6.25000000e-04,9.22890625e+00
2.21440000e-07,4.91250000e+00,1.09125000e+01,-1.75000000e-02,9.24453125e+00
2.21760000e-07,5.00000000e+00,1.10000000e+01,-3.87500000e-02,9.34296875e+00
2.22080000e-07,4.93750000e+00,1.08875000e+01,-2.50000000e-02,9.34296875e+00
2.22400000e-07,4.82500000e+00,1.09375000e+01,3.75000000e-03,9.38437500e+00
2.22720000e-07,4.86250000e+00,1.08500000e+01,-6.25000000e-03,9.35625000e+00
2.23040000e-07,4.82500000e+00,1.10375000e+01,-9.37500000e-03,9.33593750e+00
2.23360000e-07,4.90000000e+00,1.10625000e+01,-2.18750000e-02,9.31562500e+00
2.23680000e-07,5.01250000e+00,1.11125000e+01,-9.37500000e-03,9.25078125e+00
2.24000000e-07,4.93750000e+00,1.09125000e+01,3.12500000e-03,9.20937500e+00
2.24320000e-07,4.97500000e+00,1.08625000e+01,-1.25000000e-02,9.25390625e+00
2.24640000e-07,4.97500000e+00,1.08125000e+01,-4.87500000e-02,9.30703125e+00
2.24960000e-07,4.87500000e+00,1.09875000e+01,-8.75000000e-03,9.36171875e+00
2.25280000e-07,5.05000000e+00,1.10375000e+01,-3.87500000e-02,9.42500000e+00
2.25600000e-07,4.98750000e+00,1.11750000e+01,6.25000000e-04,9.43203125e+00
2.25920000e-07,4.87500000e+00,1.10000000e+01,5.00000000e-03,9.40390625e+00
2.26240000e-07,4.92500000e+00,1.09250000e+01,2.56250000e-02,9.41953125e+00
2.26560000e-07,4.93750000e+00,1.06875000e+01,-2.25000000e-02,9.37656250e+00
2.26880000e-07,5.00000000e+00,1.10875000e+01,-3.31250000e-02,9.37265625e+00
2.27200000e-07,4.92500000e+00,1.10375000e+01,-8.75000000e-03,9.45937500e+00
2.27520000e-07,4.86250000e+00,1.08625000e+01,-1.87500000e-02,9.44531250e+00
2.27840000e-07,4.97500000e+00,1.09625000e+01,-2.56250000e-02,9.40703125e+00
2.28160000e-07,4.90000000e+00,1.10625000e+01,-3.87500000e-02,9.47187500e+00
2.28480000e-07,4.90000000e+00,1.09750000e+01,-3.56250000e-02,9.55390625e+00
2.28800000e-07,4.72187500e+00,1.09375000e+01,-1.18750000e-02,9.55156250e+00
2.29120000e-07,4.97500000e+00,1.10375000e+01,-1.25000000e-03,9.49375000e+00
2.29440000e-07,4.85000000e+00,1.09750000e+01,-2.25000000e-02,9.51640625e+00
2.29760000e-07,4.93750000e+00,1.09750000e+01,-4.37500000e-02,9.57812500e+00
2.30080000e-07,4.87500000e+00,1.10250000e+01,-1.93750000e-02,9.53906250e+00
2.30400000e-07,4.93750000e+00,1.09625000e+01,-2.81250000e-02,9.46875000e+00
2.30720000e-07,4.88750000e+00,1.08875000e+01,-6.25000000e-03,9.43359375e+00
2.31040000e-07,4.85000000e+00,1.06875000e+01,-1.37500000e-02,9.52109375e+00
2.31360000e-07,4.76250000e+00,1.09875000e+01,-1.75000000e-02,9.61640625e+00
2.31680000e-07,4.92500000e+00,1.09375000e+01,-2.87500000e-02,9.63906250e+00
2.32000000e-07,4.90000000e+00,1.10250000e+01,-2.81250000e-02,9.68125000e+00
2.32320000e-07,4.83750000e+00,1.10125000e+01,-3.25000000e-02,9.65312500e+00
2.32640000e-07,4.86250000e+00,1.10500000e+01,-1.25000000e-03,9.60859375e+00
2.32960000e-07,4.90000000e+00,1.09000000e+01,-6.25000000e-03,9.60703125e+00
2.33280000e-07,4.78750000e+00,1.10625000e+01,-1.93750000e-02,9.65156250e+00
2.33600000e-07,4.85000000e+00,1.10000000e+01,-1.50000000e-02,9.70859375e+00
2.33920000e-07,5.02500000e+00,1.09000000e+01,-1.18750000e-02,9.56796875e+00
2.34240000e-07,4.91250000e+00,1.09125000e+01,1.81250000e-02,9.47734375e+00
2.34560000e-07,4.93750000e+00,1.10125000e+01,-1.68750000e-02,9.61484375e+00
2.34880000e-07,4.92500000e+00,1.08875000e+01,-2.18750000e-02,9.72734375e+00
2.35200000e-07,5.05000000e+00,1.09750000e+01,5.62500000e-03,9.68906250e+00
2.35520000e-07,4.95000000e+00,1.08000000e+01,-2.62500000e-02,9.69453125e+00
2.35840000e-07,4.78750000e+00,1.09875000e+01,-3.37500000e-02,9.66093750e+00
2.36160000e-07,4.90000000e+00,1.09000000e+01,-2.18750000e-02,9.67578125e+00
2.36480000e-07,4.96250000e+00,1.11500000e+01,5.62500000e-03,9.77031250e+00
2.36800000e-07,4.93750000e+00,1.11000000e+01,-4.37500000e-03,9.71171875e+00
2.37120000e-07,4.90000000e+00,1.09125000e+01,-9.37500000e-03,9.69531250e+00
2.37440000e-07,4.91250000e+00,1.09125000e+01,-4.37500000e-03,9.76640625e+00
2.37760000e-07,4.93750000e+00,1.11000000e+01,-6.87500000e-03,9.76562500e+00
2.38080000e-07,4.95000000e+00,1.09625000e+01,5.62500000e-03,9.64062500e+00
2.38400000e-07,4.91250000e+00,1.10625000e+01,3.12500000e-03,9.70859375e+00
2.38720000e-07,4.83750000e+00,1.09625000e+01,-1.18750000e-02,9.81953125e+00
2.39040000e-07,4.90000000e+00,1.10000000e+01,6.25000000e-04,9.79062500e+00
2.39360000e-07,5.03750000e+00,1.09000000e+01,-1.18750000e-02,9.78593750e+00
2.39680000e-07,5.02500000e+00,1.09125000e+01,-2.00000000e-02,9.76796875e+00
2.40000000e-07,4.97500000e+00,1.10625000e+01,-2.56250000e-02,9.71171875e+00
2.40320000e-07,4.95000000e+00,1.08375000e+01,-1.25000000e-03,9.72109375e+00
2.40640000e-07,4.96250000e+00,1.09125000e+01,-2.12500000e-02,9.76250000e+00
2.40960000e-07,5.06250000e+00,1.09375000e+01,-6.87500000e-03,9.74140625e+00
2.41280000e-07,4.85000000e+00,1.08875000e+01,-3.37500000e-02,9.75625000e+00
2.41600000e-07,4.93750000e+00,1.10000000e+01,-1.68750000e-02,9.81640625e+00
2.41920000e-07,5.08750000e+00,1.09375000e+01,-5.00000000e-03,9.78593750e+00
2.42240000e-07,4.92500000e+00,1.10250000e+01,-2.18750000e-02,9.78593750e+00
2.42560000e-07,4.78750000e+00,1.08500000e+01,-1.93750000e-02,9.75468750e+00
2.42880000e-07,4.90000000e+00,1.09000000e+01,-1.43750000e-02,9.80546875e+00
2.43200000e-07,4.95000000e+00,1.10625000e+01,-6.87500000e-03,9.83593750e+00
2.43520000e-07,4.90000000e+00,1.10375000e+01,-4.37500000e-03,9.85078125e+00
2.43840000e-07,4.83750000e+00,1.09750000e+01,-3.31250000e-02,9.75703125e+00
2.44160000e-07,4.88750000e+00,1.09750000e+01,6.25000000e-04,9.78359375e+00
2.44480000e-07,4.93750000e+00,1.09750000e+01,-1.00000000e-02,9.82187500e+00
2.44800000e-07,4.95000000e+00,1.11250000e+01,-1.68750000e-02,9.79296875e+00
2.45120000e-07,5.01250000e+00,1.10875000e+01,-4.37500000e-03,9.84921875e+00
2.45440000e-07,4.88750000e+00,1.10750000e+01,-5.00000000e-03,9.87578125e+00
2.45760000e-07,5.00000000e+00,1.09375000e+01,-3.62500000e-02,9.90468750e+00
2.46080000e-07,4.90000000e+00,1.09500000e+01,-1.37500000e-02,9.85546875e+00
2.46400000e-07,4.91250000e+00,1.09625000e+01,-1.68750000e-02,9.80859375e+00
2.46720000e-07,4.88750000e+00,1.10750000e+01,-6.87500000e-03,9.79375000e+00
2.47040000e-07,4.95000000e+00,1.09000000e+01,1.31250000e-02,9.78046875e+00
2.47360000e-07,4.90000000e+00,1.10375000e+01,-1.75000000e-02,9.89062500e+00
2.47680000e-07,4.87500000e+00,1.10875000e+01,-5.62500000e-02,9.93984375e+00
2.48000000e-07,4.98750000e+00,1.10625000e+01,-1.87500000e-02,9.89921875e+00
2.48320000e-07,4.95000000e+00,1.09000000e+01,-1.93750000e-02,9.87890625e+00
2.48640000e-07,4.90000000e+00,1.09125000e+01,1.56250000e-02,9.87031250e+00
2.48960000e-07,4.92500000e+00,1.10125000e+01,-3.12500000e-02,9.83828125e+00
2.49280000e-07,5.02500000e+00,1.09750000e+01,1.06250000e-02,9.85859375e+00
2.49600000e-07,4.93750000e+00,1.08875000e+01,1.50000000e-02,9.90000000e+00
2.49920000e-07,4.97500000e+00,1.09625000e+01,6.25000000e-04,9.87968750e+00
2.50240000e-07,4.97500000e+00,1.10875000e+01,-2.25000000e-02,9.89375000e+00
2.50560000e-07,5.06250000e+00,1.08875000e+01,-3.31250000e-02,9.90781250e+00
2.50880000e-07,4.96250000e+00,1.09125000e+01,-8.75000000e-03,9.90078125e+00
2.51200000e-07,4.97500000e+00,1.09750000e+01,1.62500000e-02,9.89375000e+00
2.51520000e-07,5.05000000e+00,1.08250000e+01,-2.81250000e-02,9.91796875e+00
2.51840000e-07,4.98750000e+00,1.10250000e+01,-4.37500000e-03,9.90625000e+00
2.52160000e-07,4.97500000e+00,1.09750000e+01,1.31250000e-02,9.91562500e+00
2.52480000e-07,4.90000000e+00,1.11500000e+01,5.62500000e-03,1.00343750e+01
2.52800000e-07,4.97500000e+00,1.09625000e+01,-6.87500000e-03,1.00710937e+01
2.53120000e-07,4.95000000e+00,1.08625000e+01,1.56250000e-02,9.90781250e+00
2.53440000e-07,4.97500000e+00,1.10375000e+01,5.62500000e-03,9.85781250e+00
2.53760000e-07,4.76250000e+00,1.09375000e+01,-1.25000000e-02,9.97187500e+00
2.54080000e-07,4.96250000e+00,1.09125000e+01,-4.62500000e-02,9.98515625e+00
2.54400000e-07,4.97500000e+00,1.10250000e+01,6.25000000e-03,9.96171875e+00
2.54720000e-07,4.85000000e+00,1.09875000e+01,6.25000000e-04,1.00031250e+01
2.55040000e-07,4.96250000e+00,1.10625000e+01,-2.56250000e-02,1.00312500e+01
2.55360000e-07,5.05000000e+00,1.08500000e+01,5.62500000e-03,1.00171875e+01
2.55680000e-07,4.95000000e+00,1.09375000e+01,1.31250000e-02,1.00812500e+01
2.56000000e-07,5.03750000e+00,1.09125000e+01,-1.93750000e-02,1.01203125e+01
2.56320000e-07,4.88750000e+00,1.10375000e+01,-6.87500000e-03,1.00242187e+01
2.56640000e-07,4.93750000e+00,1.10000000e+01,-1.43750000e-02,9.97890625e+00
2.56960000e-07,4.96250000e+00,1.10375000e+01,3.12500000e-03,9.99140625e+00
2.57280000e-07,4.85000000e+00,1.09750000e+01,5.62500000e-03,1.00859375e+01
2.57600000e-07,5.00000000e+00,1.09250000e+01,-1.68750000e-02,1.01406250e+01
2.57920000e-07,5.00000000e+00,1.09500000e+01,5.62500000e-03,1.01031250e+01
2.58240000e-07,4.90000000e+00,1.11875000e+01,-1.25000000e-02,1.00617188e+01
2.58560000e-07,5.02500000e+00,1.09750000e+01,-5.12500000e-02,1.01554688e+01
2.58880000e-07,5.00000000e+00,1.09125000e+01,-1.62500000e-02,1.01539062e+01
2.59200000e-07,5.00000000e+00,1.08375000e+01,5.62500000e-03,1.01257812e+01
2.59520000e-07,4.92500000e+00,1.10375000e+01,2.06250000e-02,1.00960937e+01
2.59840000e-07,4.86250000e+00,1.09000000e+01,8.12500000e-03,1.01023437e+01
2.60160000e-07,4.96250000e+00,1.10375000e+01,-6.87500000e-03,1.01304687e+01
2.60480000e-07,5.06250000e+00,1.09625000e+01,-4.37500000e-02,1.00906250e+01
2.60800000e-07,5.11250000e+00,1.10125000e+01,-4.31250000e-02,1.01085938e+01
2.61120000e-07,5.08750000e+00,1.10000000e+01,1.31250000e-02,1.00875000e+01
2.61440000e-07,4.85000000e+00,1.10625000e+01,1.25000000e-03,1.01226562e+01
2.61760000e-07,4.83750000e+00,1.09125000e+01,-9.37500000e-03,1.02046875e+01
2.62080000e-07,4.91250000e+00,1.09500000e+01,-9.37500000e-03,1.02023438e+01
2.62400000e-07,4.88750000e+00,1.09250000e+01,2.56250000e-02,1.01890625e+01
2.62720000e-07,4.93750000e+00,1.10625000e+01,-2.25000000e-02,1.01851562e+01
2.63040000e-07,5.06250000e+00,1.09875000e+01,-1.18750000e-02,1.02359375e+01
2.63360000e-07,5.03750000e+00,1.08000000e+01,2.06250000e-02,1.02195312e+01
2.63680000e-07,5.05000000e+00,1.09625000e+01,1.06250000e-02,1.01554688e+01
2.64000000e-07,5.03750000e+00,1.11000000e+01,5.62500000e-03,1.02281250e+01
2.64320000e-07,4.90000000e+00,1.09125000e+01,-1.68750000e-02,1.02765625e+01
2.64640000e-07,4.77500000e+00,1.10250000e+01,-4.37500000e-03,1.01937500e+01
2.64960000e-07,4.93750000e+00,1.10375000e+01,-4.37500000e-03,1.02007812e+01
2.65280000e-07,4.93750000e+00,1.10125000e+01,-2.62500000e-02,1.02328125e+01
2.65600000e-07,4.85000000e+00,1.10125000e+01,-3.56250000e-02,1.02398437e+01
2.65920000e-07,5.01250000e+00,1.10125000e+01,6.25000000e-04,1.02007812e+01
2.66240000e-07,4.93750000e+00,1.09750000e+01,1.25000000e-03,1.02054687e+01
2.66560000e-07,5.03750000e+00,1.08750000e+01,8.12500000e-03,1.01796875e+01
2.66880000e-07,4.98750000e+00,1.10375000e+01,-2.18750000e-02,1.01984375e+01
2.67200000e-07,4.96250000e+00,1.11125000e+01,8.12500000e-03,1.02148438e+01
2.67520000e-07,4.93750000e+00,1.09000000e+01,3.81250000e-02,1.01953125e+01
2.67840000e-07,4.91250000e+00,1.10250000e+01,-1.18750000e-02,1.02250000e+01
2.68160000e-07,5.06250000e+00,1.09250000e+01,-2.25000000e-02,1.02320312e+01
2.68480000e-07,4.87500000e+00,1.09125000e+01,-1.93750000e-02,1.01523438e+01
2.68800000e-07,4.95000000e+00,1.10125000e+01,-1.87500000e-03,1.01875000e+01
2.69120000e-07,4.97500000e+00,1.11000000e+01,1.31250000e-02,1.02023438e+01
2.69440000e-07,4.95000000e+00,1.10875000e+01,-1.68750000e-02,1.02070312e+01
2.69760000e-07,4.96250000e+00,1.10250000e+01,-1.18750000e-02,1.02656250e+01
2.70080000e-07,5.02500000e+00,1.09375000e+01,-2.25000000e-02,1.02984375e+01
2.70400000e-07,4.93750000e+00,1.09750000e+01,-4.62500000e-02,1.02390625e+01
2.70720000e-07,5.00000000e+00,1.09875000e+01,-2.75000000e-02,1.02945312e+01
2.71040000e-07,4.93750000e+00,1.10625000e+01,-1.12500000e-02,1.02312500e+01
2.71360000e-07,4.91250000e+00,1.11125000e+01,-2.50000000e-02,1.02734375e+01
2.71680000e-07,4.87500000e+00,1.09375000e+01,1.06250000e-02,1.03273438e+01
2.72000000e-07,4.96250000e+00,1.08250000e+01,-1.18750000e-02,1.02718750e+01
2.72320000e-07,5.00000000e+00,1.09375000e+01,-4.37500000e-03,1.03671875e+01
2.72640000e-07,4.87500000e+00,1.08625000e+01,1.31250000e-02,1.04195312e+01
2.72960000e-07,4.73437500e+00,1.11000000e+01,-4.37500000e-03,1.04335938e+01
2.73280000e-07,4.92500000e+00,1.09750000e+01,6.25000000e-04,1.04570312e+01
2.73600000e-07,4.90000000e+00,1.10375000e+01,-1.75000000e-02,1.04226562e+01
2.73920000e-07,4.86250000e+00,1.08750000e+01,-2.18750000e-02,1.03812500e+01
2.74240000e-07,4.83750000e+00,1.09500000e+01,6.25000000e-04,1.03851562e+01
2.74560000e-07,4.75937500e+00,1.09875000e+01,-1.18750000e-02,1.04132813e+01
2.74880000e-07,4.82500000e+00,1.10500000e+01,5.62500000e-03,1.04296875e+01
2.75200000e-07,4.96250000e+00,1.08625000e+01,-4.37500000e-03,1.04664062e+01
2.75520000e-07,4.93437500e+00,1.09000000e+01,-6.87500000e-03,1.03562500e+01
2.75840000e-07,4.95000000e+00,1.10125000e+01,1.06250000e-02,1.03281250e+01
2.76160000e-07,4.97500000e+00,1.10000000e+01,-2.62500000e-02,1.04445313e+01
2.76480000e-07,4.87500000e+00,1.08250000e+01,-5.12500000e-02,1.04539062e+01
2.76800000e-07,4.78750000e+00,1.10875000e+01,-4.37500000e-03,1.05000000e+01
2.77120000e-07,4.88750000e+00,1.10500000e+01,1.31250000e-02,1.04679688e+01
2.77440000e-07,4.85000000e+00,1.09625000e+01,2.06250000e-02,1.03429688e+01
2.77760000e-07,4.83750000e+00,1.09625000e+01,-1.87500000e-03,1.03789062e+01
2.78080000e-07,4.96250000e+00,1.09625000e+01,-1.18750000e-02,1.05015625e+01
2.78400000e-07,4.78750000e+00,1.09875000e+01,3.12500000e-03,1.05000000e+01
2.78720000e-07,4.92500000e+00,1.10500000e+01,1.06250000e-02,1.04250000e+01
2.79040000e-07,4.98750000e+00,1.09750000e+01,-3.06250000e-02,1.04312500e+01
2.79360000e-07,4.92500000e+00,1.10250000e+01,1.56250000e-02,1.04765625e+01
2.79680000e-07,4.93750000e+00,1.10125000e+01,-2.56250000e-02,1.04875000e+01
2.80000000e-07,4.86250000e+00,1.11125000e+01,1.31250000e-02,1.04570312e+01
2.80320000e-07,5.00000000e+00,1.09875000e+01,6.25000000e-04,1.04554687e+01
2.80640000e-07,5.00000000e+00,1.10625000e+01,-1.93750000e-02,1.04101562e+01
2.80960000e-07,4.92500000e+00,1.09875000e+01,6.25000000e-04,1.04171875e+01
2.81280000e-07,5.00000000e+00,1.08375000e+01,5.62500000e-03,1.05007812e+01
2.81600000e-07,4.93750000e+00,1.08375000e+01,-6.87500000e-03,1.06359375e+01
2.81920000e-07,4.96250000e+00,1.10125000e+01,-4.37500000e-03,1.05828125e+01
2.82240000e-07,4.92500000e+00,1.10250000e+01,-6.87500000e-03,1.04554687e+01
2.82560000e-07,4.95000000e+00,1.10750000e+01,-3.62500000e-02,1.05265625e+01
2.82880000e-07,4.87500000e+00,1.08875000e+01,-1.68750000e-02,1.06296875e+01
2.83200000e-07,4.92500000e+00,1.10500000e+01,-5.00000000e-03,1.06625000e+01
2.83520000e-07,4.86250000e+00,1.07750000e+01,-1.87500000e-03,1.06500000e+01
2.83840000e-07,4.92500000e+00,1.09250000e+01,-6.87500000e-03,1.05976562e+01
2.84160000e-07,4.97500000e+00,1.09500000e+01,-9.37500000e-03,1.05500000e+01
2.84480000e-07,4.87500000e+00,1.08875000e+01,5.62500000e-03,1.06312500e+01
2.84800000e-07,4.83750000e+00,1.09375000e+01,-1.68750000e-02,1.06203125e+01
2.85120000e-07,4.85000000e+00,1.10125000e+01,-1.87500000e-03,1.05593750e+01
2.85440000e-07,4.82500000e+00,1.10500000e+01,-1.93750000e-02,1.05695313e+01
2.85760000e-07,5.02500000e+00,1.09375000e+01,8.12500000e-03,1.06320313e+01
2.86080000e-07,5.05000000e+00,1.10000000e+01,-2.87500000e-02,1.06382812e+01
2.86400000e-07,4.93750000e+00,1.09250000e+01,-2.81250000e-02,1.05992187e+01
2.86720000e-07,5.08750000e+00,1.08875000e+01,-1.87500000e-03,1.06242188e+01
2.87040000e-07,4.92500000e+00,1.10125000e+01,3.62500000e-02,1.06093750e+01
2.87360000e-07,4.81250000e+00,1.09625000e+01,5.00000000e-03,1.06351562e+01
2.87680000e-07,4.96250000e+00,1.09875000e+01,-4.12500000e-02,1.06390625e+01
2.88000000e-07,4.85000000e+00,1.10000000e+01,-3.31250000e-02,1.06460937e+01
2.88320000e-07,4.93750000e+00,1.08750000e+01,-5.25000000e-02,1.05976562e+01
2.88640000e-07,4.93750000e+00,1.09500000e+01,8.75000000e-03,1.05914062e+01
2.88960000e-07,4.85000000e+00,1.11000000e+01,-6.25000000e-03,1.06632813e+01
2.89280000e-07,4.87500000e+00,1.08875000e+01,-1.43750000e-02,1.07257813e+01
2.89600000e-07,4.83750000e+00,1.10375000e+01,7.50000000e-03,1.07015625e+01
2.89920000e-07,5.01250000e+00,1.10500000e+01,-4.37500000e-02,1.06609375e+01
2.90240000e-07,4.96250000e+00,1.09500000e+01,-1.87500000e-02,1.07406250e+01
2.90560000e-07,4.87500000e+00,1.09625000e+01,3.12500000e-03,1.06414062e+01
2.90880000e-07,4.97500000e+00,1.09625000e+01,-2.00000000e-02,1.05937500e+01
2.91200000e-07,4.87500000e+00,1.10125000e+01,-2.56250000e-02,1.06703125e+01
2.91520000e-07,5.03750000e+00,1.11000000e+01,1.37500000e-02,1.06718750e+01
2.91840000e-07,4.93750000e+00,1.08875000e+01,-9.37500000e-03,1.06992188e+01
2.92160000e-07,4.96250000e+00,1.10625000e+01,-3.06250000e-02,1.06578125e+01
2.92480000e-07,4.95000000e+00,1.11250000e+01,-1.12500000e-02,1.06226562e+01
2.92800000e-07,4.88750000e+00,1.09250000e+01,-2.56250000e-02,1.07054687e+01
2.93120000e-07,4.85000000e+00,1.08375000e+01,-2.81250000e-02,1.07429687e+01
2.93440000e-07,4.87500000e+00,1.10000000e+01,2.06250000e-02,1.07085937e+01
2.93760000e-07,5.02500000e+00,1.09125000e+01,6.25000000e-03,1.07453125e+01
2.94080000e-07,4.82500000e+00,1.10875000e+01,-1.18750000e-02,1.07531250e+01
2.94400000e-07,4.85000000e+00,1.10625000e+01,-1.18750000e-02,1.07109375e+01
2.94720000e-07,5.01250000e+00,1.09250000e+01,-6.87500000e-03,1.07718750e+01
2.95040000e-07,4.82500000e+00,1.10875000e+01,-4.37500000e-03,1.07218750e+01
2.95360000e-07,4.98750000e+00,1.09125000e+01,-2.00000000e-02,1.06671875e+01
2.95680000e-07,4.95000000e+00,1.09875000e+01,-1.43750000e-02,1.06695312e+01
2.96000000e-07,4.96250000e+00,1.09875000e+01,5.62500000e-03,1.06921875e+01
2.96320000e-07,5.08750000e+00,1.09250000e+01,-9.37500000e-03,1.07929688e+01
2.96640000e-07,4.93750000e+00,1.09250000e+01,-1.43750000e-02,1.08968750e+01
2.96960000e-07,4.92500000e+00,1.09250000e+01,-4.37500000e-03,1.08968750e+01
2.97280000e-07,4.93750000e+00,1.10250000e+01,1.06250000e-02,1.08125000e+01
2.97600000e-07,4.88750000e+00,1.11125000e+01,-1.68750000e-02,1.06992188e+01
2.97920000e-07,4.96250000e+00,1.10125000e+01,-1.68750000e-02,1.07351562e+01
2.98240000e-07,4.98750000e+00,1.09625000e+01,-6.87500000e-03,1.07875000e+01
2.98560000e-07,4.96250000e+00,1.09625000e+01,1.06250000e-02,1.08570312e+01
2.98880000e-07,4.95000000e+00,1.09250000e+01,-6.87500000e-03,1.08625000e+01
2.99200000e-07,4.97500000e+00,1.10875000e+01,3.56250000e-02,1.08015625e+01
2.99520000e-07,4.88750000e+00,1.09375000e+01,-1.25000000e-02,1.07523437e+01
2.99840000e-07,4.83750000e+00,1.10375000e+01,-1.68750000e-02,1.07820312e+01
3.00160000e-07,4.90000000e+00,1.10250000e+01,3.12500000e-03,1.08632812e+01
3.00480000e-07,4.92500000e+00,1.09875000e+01,-6.87500000e-03,1.08015625e+01
3.00800000e-07,4.92500000e+00,1.09125000e+01,6.25000000e-04,1.07812500e+01
3.01120000e-07,5.00000000e+00,1.09125000e+01,-1.87500000e-03,1.07914062e+01
3.01440000e-07,4.95000000e+00,1.09750000e+01,-3.31250000e-02,1.07781250e+01
3.01760000e-07,4.95000000e+00,1.11500000e+01,5.62500000e-03,1.08460937e+01
3.02080000e-07,4.85000000e+00,1.10125000e+01,-6.87500000e-03,1.08640625e+01
3.02400000e-07,4.91250000e+00,1.09875000e+01,-9.37500000e-03,1.08992187e+01
3.02720000e-07,4.78750000e+00,1.10125000e+01,-9.37500000e-03,1.09031250e+01
3.03040000e-07,4.85000000e+00,1.10625000e+01,1.31250000e-02,1.07742187e+01
3.03360000e-07,4.75937500e+00,1.09250000e+01,5.62500000e-03,1.08312500e+01
3.03680000e-07,4.77500000e+00,1.10125000e+01,1.56250000e-02,1.08617187e+01
3.04000000e-07,4.96250000e+00,1.08625000e+01,1.81250000e-02,1.09929687e+01
3.04320000e-07,4.89687500e+00,1.09375000e+01,1.31250000e-02,1.09710937e+01
3.04640000e-07,4.97500000e+00,1.10625000e+01,5.62500000e-03,1.08460937e+01
3.04960000e-07,4.91250000e+00,1.11000000e+01,0.00000000e+00,1.08328125e+01
3.05280000e-07,4.97500000e+00,1.10875000e+01,-3.31250000e-02,1.09070312e+01
3.05600000e-07,4.87500000e+00,1.11125000e+01,3.75000000e-03,1.08570312e+01
3.05920000e-07,4.91250000e+00,1.10625000e+01,3.62500000e-02,1.09218750e+01
3.06240000e-07,4.85000000e+00,1.10250000e+01,6.25000000e-04,1.09039062e+01
3.06560000e-07,5.03750000e+00,1.09375000e+01,-1.93750000e-02,1.08742188e+01
3.06880000e-07,4.93750000e+00,1.09125000e+01,2.81250000e-02,1.08906250e+01
3.07200000e-07,4.88750000e+00,1.09375000e+01,-1.68750000e-02,1.08585938e+01
3.07520000e-07,4.82500000e+00,1.10125000e+01,6.25000000e-04,1.08812500e+01
3.07840000e-07,4.87500000e+00,1.09750000e+01,-1.87500000e-03,1.09476562e+01
3.08160000e-07,4.86250000e+00,1.09500000e+01,1.56250000e-02,1.09562500e+01
3.08480000e-07,4.83750000e+00,1.09625000e+01,3.12500000e-03,1.09398437e+01
3.08800000e-07,4.88750000e+00,1.11500000e+01,-1.50000000e-02,1.08781250e+01
3.09120000e-07,4.92500000e+00,1.11625000e+01,-3.56250000e-02,1.08718750e+01
3.09440000e-07,4.96250000e+00,1.09625000e+01,3.75000000e-03,1.09320312e+01
3.09760000e-07,4.86250000e+00,1.08750000e+01,-1.37500000e-02,1.09367188e+01
3.10080000e-07,4.92500000e+00,1.10250000e+01,-7.50000000e-03,1.09000000e+01
3.10400000e-07,5.01250000e+00,1.10375000e+01,-3.06250000e-02,1.08687500e+01
3.10720000e-07,4.77500000e+00,1.10250000e+01,-3.75000000e-03,1.08476562e+01
3.11040000e-07,4.87500000e+00,1.09875000e+01,3.75000000e-03,1.09367188e+01
3.11360000e-07,5.01250000e+00,1.09375000e+01,-1.43750000e-02,1.09195312e+01
3.11680000e-07,4.95000000e+00,1.10750000e+01,8.12500000e-03,1.08960937e+01
3.12000000e-07,4.85000000e+00,1.10125000e+01,8.12500000e-03,1.10046875e+01
3.12320000e-07,4.81250000e+00,1.09750000e+01,1.31250000e-02,1.09093750e+01
3.12640000e-07,4.88750000e+00,1.10750000e+01,-6.87500000e-03,1.09125000e+01
3.12960000e-07,4.97500000e+00,1.08750000e+01,-1.18750000e-02,1.09304687e+01
3.13280000e-07,4.97500000e+00,1.09000000e+01,6.25000000e-04,1.09695312e+01
3.13600000e-07,4.98750000e+00,1.11000000e+01,1.56250000e-02,1.10281250e+01
3.13920000e-07,4.88750000e+00,1.10500000e+01,1.06250000e-02,1.10007812e+01
3.14240000e-07,4.87500000e+00,1.09750000e+01,-1.93750000e-02,1.09875000e+01
3.14560000e-07,5.00000000e+00,1.10125000e+01,-4.37500000e-03,1.10265625e+01
3.14880000e-07,4.92500000e+00,1.09375000e+01,-1.87500000e-03,1.10070313e+01
3.15200000e-07,5.05000000e+00,1.09250000e+01,2.06250000e-02,1.10015625e+01
3.15520000e-07,4.86250000e+00,1.09375000e+01,6.25000000e-04,1.10093750e+01
3.15840000e-07,4.83750000e+00,1.10250000e+01,-2.18750000e-02,1.10242187e+01
3.16160000e-07,4.93750000e+00,1.09250000e+01,6.25000000e-04,1.10210938e+01
3.16480000e-07,5.02500000e+00,1.09000000e+01,-1.68750000e-02,1.10132813e+01
3.16800000e-07,4.98750000e+00,1.10125000e+01,-3.06250000e-02,1.09781250e+01
3.17120000e-07,5.08750000e+00,1.10625000e+01,-1.87500000e-03,1.09914063e+01
3.17440000e-07,4.93750000e+00,1.09500000e+01,1.06250000e-02,1.10617188e+01
3.17760000e-07,5.01250000e+00,1.09375000e+01,8.12500000e-03,1.10804687e+01
3.18080000e-07,4.92500000e+00,1.09500000e+01,5.62500000e-03,1.09460937e+01
3.18400000e-07,4.90000000e+00,1.11875000e+01,-6.87500000e-03,1.09773437e+01
3.18720000e-07,4.78750000e+00,1.10500000e+01,1.81250000e-02,1.10320312e+01
3.19040000e-07,4.92500000e+00,1.08750000e+01,-4.37500000e-03,1.10570312e+01
3.19360000e-07,4.93750000e+00,1.10375000e+01,-3.56250000e-02,1.10898438e+01
3.19680000e-07,4.91250000e+00,1.09375000e+01,5.62500000e-03,1.10734375e+01
3.20000000e-07,4.90000000e+00,1.10875000e+01,-1.18750000e-02,1.10906250e+01
3.20320000e-07,4.81250000e+00,1.12125000e+01,5.62500000e-03,1.10695313e+01
3.20640000e-07,4.95000000e+00,1.10750000e+01,-4.37500000e-03,1.10609375e+01
3.20960000e-07,4.96250000e+00,1.09625000e+01,-3.06250000e-02,1.09796875e+01
3.21280000e-07,4.93750000e+00,1.07750000e+01,-2.87500000e-02,1.10210938e+01
3.21600000e-07,4.93750000e+00,1.09875000e+01,-1.18750000e-02,1.10335937e+01
3.21920000e-07,4.95000000e+00,1.08750000e+01,-2.50000000e-03,1.10148438e+01
3.22240000e-07,4.92500000e+00,1.10000000e+01,-9.37500000e-03,1.10296875e+01
3.22560000e-07,4.97500000e+00,1.09500000e+01,3.12500000e-03,1.10578125e+01
3.22880000e-07,4.92500000e+00,1.10000000e+01,3.12500000e-03,1.10804687e+01
3.23200000e-07,4.69687500e+00,1.09375000e+01,3.12500000e-03,1.10679688e+01
3.23520000e-07,4.95000000e+00,1.10125000e+01,1.81250000e-02,1.10023437e+01
3.23840000e-07,5.05000000e+00,1.08375000e+01,1.56250000e-02,1.10531250e+01
3.24160000e-07,4.88750000e+00,1.09875000e+01,2.06250000e-02,1.10671875e+01
3.24480000e-07,4.88750000e+00,1.09875000e+01,-1.93750000e-02,1.09640625e+01
3.24800000e-07,4.98750000e+00,1.10500000e+01,-6.87500000e-03,1.09781250e+01
3.25120000e-07,4.81250000e+00,1.09125000e+01,-1.87500000e-03,1.10117188e+01
3.25440000e-07,4.83750000e+00,1.10875000e+01,-6.87500000e-03,1.10656250e+01
3.25760000e-07,4.93750000e+00,1.09625000e+01,6.25000000e-04,1.11562500e+01
3.26080000e-07,4.85000000e+00,1.11125000e+01,-1.18750000e-02,1.11007813e+01
3.26400000e-07,4.88750000e+00,1.09125000e+01,2.06250000e-02,1.10734375e+01
3.26720000e-07,4.93750000e+00,1.09000000e+01,3.12500000e-03,1.11343750e+01
3.27040000e-07,5.02500000e+00,1.09125000e+01,-6.87500000e-03,1.11492187e+01
3.27360000e-07,5.02500000e+00,1.10500000e+01,-1.87500000e-03,1.10859375e+01
3.27680000e-07,4.82500000e+00,1.10375000e+01,-4.37500000e-03,1.10289063e+01
3.28000000e-07,4.95000000e+00,1.09875000e+01,-1.87500000e-03,1.10867187e+01
3.28320000e-07,4.85000000e+00,1.10875000e+01,-3.31250000e-02,1.11625000e+01
3.28640000e-07,4.90000000e+00,1.10250000e+01,1.56250000e-02,1.11046875e+01
3.28960000e-07,4.90000000e+00,1.09250000e+01,5.62500000e-03,1.10968750e+01
3.29280000e-07,4.82500000e+00,1.10250000e+01,-1.87500000e-03,1.11257812e+01
3.29600000e-07,5.05000000e+00,1.10125000e+01,-1.43750000e-02,1.11156250e+01
3.29920000e-07,5.16250000e+00,1.08375000e+01,-6.87500000e-03,1.10562500e+01
3.30240000e-07,5.01250000e+00,1.08750000e+01,-3.12500000e-02,1.10742188e+01
3.30560000e-07,4.86250000e+00,1.09750000e+01,-1.43750000e-02,1.12335938e+01
3.30880000e-07,4.81250000e+00,1.09500000e+01,2.50000000e-03,1.12367187e+01
3.31200000e-07,4.85000000e+00,1.10250000e+01,-1.87500000e-03,1.10960937e+01
3.31520000e-07,4.87500000e+00,1.09375000e+01,3.12500000e-03,1.10859375e+01
3.31840000e-07,4.96250000e+00,1.09500000e+01,-1.87500000e-03,1.11468750e+01
3.32160000e-07,4.92500000e+00,1.08125000e+01,-1.18750000e-02,1.11023437e+01
3.32480000e-07,4.86250000e+00,1.08750000e+01,5.62500000e-03,1.11171875e+01
3.32800000e-07,5.02500000e+00,1.10375000e+01,-2.00000000e-02,1.11757812e+01
3.33120000e-07,4.92500000e+00,1.10625000e+01,-1.43750000e-02,1.11304688e+01
3.33440000e-07,4.76250000e+00,1.10250000e+01,3.12500000e-03,1.11734375e+01
3.33760000e-07,4.92500000e+00,1.11250000e+01,3.06250000e-02,1.12054687e+01
3.34080000e-07,4.95000000e+00,1.10000000e+01,-1.87500000e-03,1.12078125e+01
3.34400000e-07,4.77500000e+00,1.10125000e+01,-9.37500000e-03,1.11664062e+01
3.34720000e-07,4.97500000e+00,1.09625000e+01,1.31250000e-02,1.11101562e+01
3.35040000e-07,4.77500000e+00,1.09875000e+01,-9.37500000e-03,1.11593750e+01
3.35360000e-07,4.87500000e+00,1.09000000e+01,3.12500000e-03,1.12039062e+01
3.35680000e-07,4.91250000e+00,1.11375000e+01,-1.87500000e-03,1.12031250e+01
3.36000000e-07,4.91250000e+00,1.10250000e+01,-9.37500000e-03,1.12414063e+01
3.36320000e-07,4.83750000e+00,1.10750000e+01,2.31250000e-02,1.11531250e+01
3.36640000e-07,4.97500000e+00,1.09000000e+01,3.56250000e-02,1.11445312e+01
3.36960000e-07,4.88750000e+00,1.10500000e+01,-2.00000000e-02,1.11500000e+01
3.37280000e-07,5.02500000e+00,1.09125000e+01,-1.18750000e-02,1.11164063e+01
3.37600000e-07,4.96250000e+00,1.10125000e+01,1.06250000e-02,1.12125000e+01
3.37920000e-07,4.98750000e+00,1.10625000e+01,5.62500000e-03,1.12976562e+01
3.38240000e-07,5.05000000e+00,1.11000000e+01,2.56250000e-02,1.12445312e+01
3.38560000e-07,4.95000000e+00,1.09875000e+01,-2.87500000e-02,1.12242188e+01
3.38880000e-07,4.95000000e+00,1.08875000e+01,-1.87500000e-03,1.12335938e+01
3.39200000e-07,4.83750000e+00,1.10500000e+01,1.75000000e-02,1.12484375e+01
3.39520000e-07,4.88750000e+00,1.10625000e+01,-2.87500000e-02,1.11742187e+01
3.39840000e-07,4.78750000e+00,1.09875000e+01,-9.37500000e-03,1.12351562e+01
3.40160000e-07,4.97500000e+00,1.10000000e+01,3.00000000e-02,1.13281250e+01
3.40480000e-07,4.91250000e+00,1.09750000e+01,-2.25000000e-02,1.12953125e+01
3.40800000e-07,4.85000000e+00,1.10625000e+01,-6.87500000e-03,1.13328125e+01
3.41120000e-07,4.90000000e+00,1.08750000e+01,-1.68750000e-02,1.12984375e+01
3.41440000e-07,4.92500000e+00,1.09250000e+01,-1.43750000e-02,1.12070312e+01
3.41760000e-07,4.80000000e+00,1.08000000e+01,8.12500000e-03,1.11984375e+01
3.42080000e-07,4.90000000e+00,1.10125000e+01,-2.25000000e-02,1.12320313e+01
3.42400000e-07,4.88750000e+00,1.09875000e+01,-2.18750000e-02,1.12851562e+01
3.42720000e-07,4.77500000e+00,1.11375000e+01,3.12500000e-03,1.12695312e+01
3.43040000e-07,4.87500000e+00,1.09250000e+01,-1.87500000e-03,1.12445312e+01
3.43360000e-07,4.86250000e+00,1.08875000e+01,2.56250000e-02,1.12812500e+01
3.43680000e-07,4.75000000e+00,1.08500000e+01,-2.00000000e-02,1.12625000e+01
3.44000000e-07,4.80000000e+00,1.09000000e+01,-1.68750000e-02,1.12828125e+01
3.44320000e-07,4.88750000e+00,1.09750000e+01,1.81250000e-02,1.12843750e+01
3.44640000e-07,4.87500000e+00,1.10125000e+01,-9.37500000e-03,1.12375000e+01
3.44960000e-07,4.77500000e+00,1.09500000e+01,-6.87500000e-03,1.11875000e+01
3.45280000e-07,4.97500000e+00,1.10125000e+01,3.12500000e-03,1.11843750e+01
3.45600000e-07,4.97500000e+00,1.09500000e+01,6.25000000e-04,1.13015625e+01
3.45920000e-07,4.95000000e+00,1.09000000e+01,3.12500000e-03,1.13117188e+01
3.46240000e-07,4.87500000e+00,1.09250000e+01,-1.87500000e-03,1.12187500e+01
3.46560000e-07,4.83750000e+00,1.11000000e+01,1.06250000e-02,1.12820312e+01
3.46880000e-07,5.02500000e+00,1.09250000e+01,5.62500000e-03,1.13054687e+01
3.47200000e-07,5.07500000e+00,1.09625000e+01,5.62500000e-03,1.11984375e+01
3.47520000e-07,5.07500000e+00,1.09250000e+01,-2.00000000e-02,1.11812500e+01
3.47840000e-07,4.91250000e+00,1.10125000e+01,-4.37500000e-03,1.12062500e+01
3.48160000e-07,4.87500000e+00,1.09250000e+01,-4.37500000e-03,1.12078125e+01
3.48480000e-07,4.96250000e+00,1.11000000e+01,3.12500000e-03,1.12226562e+01
3.48800000e-07,4.78750000e+00,1.10375000e+01,-2.56250000e-02,1.12351562e+01
3.49120000e-07,4.87500000e+00,1.09500000e+01,6.25000000e-04,1.12726563e+01
3.49440000e-07,4.90000000e+00,1.10375000e+01,6.25000000e-04,1.12632813e+01
3.49760000e-07,4.87500000e+00,1.09250000e+01,-1.68750000e-02,1.12093750e+01
3.50080000e-07,4.95000000e+00,1.10750000e+01,-2.18750000e-02,1.12265625e+01
3.50400000e-07,4.92500000e+00,1.09750000e+01,8.12500000e-03,1.12710938e+01
3.50720000e-07,5.02500000e+00,1.09875000e+01,1.81250000e-02,1.13226562e+01
3.51040000e-07,4.76250000e+00,1.09875000e+01,-1.75000000e-02,1.12851562e+01
3.51360000e-07,4.88750000e+00,1.09125000e+01,-1.93750000e-02,1.12835937e+01
3.51680000e-07,4.93750000e+00,1.11250000e+01,-1.93750000e-02,1.12093750e+01
3.52000000e-07,5.03750000e+00,1.09125000e+01,1.31250000e-02,1.12250000e+01
3.52320000e-07,4.98750000e+00,1.09250000e+01,-9.37500000e-03,1.12765625e+01
3.52640000e-07,5.01250000e+00,1.10250000e+01,-6.87500000e-03,1.12375000e+01
3.52960000e-07,4.98750000e+00,1.10375000e+01,-9.37500000e-03,1.12171875e+01
3.53280000e-07,4.97500000e+00,1.11000000e+01,6.25000000e-04,1.12609375e+01
3.53600000e-07,4.81250000e+00,1.09750000e+01,2.06250000e-02,1.12640625e+01
3.53920000e-07,4.75000000e+00,1.09375000e+01,1.06250000e-02,1.12515625e+01
3.54240000e-07,4.78750000e+00,1.08375000e+01,1.31250000e-02,1.12078125e+01
3.54560000e-07,4.81250000e+00,1.10375000e+01,-1.68750000e-02,1.12570313e+01
3.54880000e-07,4.90000000e+00,1.10250000e+01,5.62500000e-03,1.12828125e+01
3.55200000e-07,5.06250000e+00,1.11250000e+01,-3.37500000e-02,1.12578125e+01
3.55520000e-07,4.98750000e+00,1.09750000e+01,-6.87500000e-03,1.12078125e+01
3.55840000e-07,4.87500000e+00,1.08750000e+01,2.50000000e-03,1.13242188e+01
3.56160000e-07,4.92500000e+00,1.10375000e+01,5.62500000e-03,1.13117188e+01
3.56480000e-07,4.91250000e+00,1.10500000e+01,-6.87500000e-03,1.12828125e+01
3.56800000e-07,4.88750000e+00,1.10125000e+01,-2.56250000e-02,1.13125000e+01
3.57120000e-07,4.95000000e+00,1.09375000e+01,1.31250000e-02,1.13335938e+01
3.57440000e-07,4.78750000e+00,1.09750000e+01,-4.37500000e-02,1.13523437e+01
3.57760000e-07,4.83750000e+00,1.11500000e+01,-2.56250000e-02,1.13257813e+01
3.58080000e-07,4.98750000e+00,1.11125000e+01,2.81250000e-02,1.12554688e+01
3.58400000e-07,5.03750000e+00,1.09000000e+01,1.25000000e-03,1.13140625e+01
3.58720000e-07,4.85000000e+00,1.10500000e+01,-1.68750000e-02,1.12601562e+01
3.59040000e-07,4.78750000e+00,1.09250000e+01,2.06250000e-02,1.12507812e+01
3.59360000e-07,4.86250000e+00,1.09875000e+01,5.62500000e-03,1.13125000e+01
3.59680000e-07,4.92500000e+00,1.10250000e+01,1.31250000e-02,1.13335938e+01
3.60000000e-07,4.88750000e+00,1.09875000e+01,1.81250000e-02,1.13132812e+01
3.60320000e-07,5.05000000e+00,1.10250000e+01,2.06250000e-02,1.12109375e+01
3.60640000e-07,4.86250000e+00,1.10500000e+01,1.06250000e-02,1.12093750e+01
3.60960000e-07,4.77187500e+00,1.10875000e+01,-1.43750000e-02,1.13375000e+01
3.61280000e-07,4.68437500e+00,1.10125000e+01,-4.37500000e-03,1.13625000e+01
3.61600000e-07,5.06250000e+00,1.10125000e+01,-1.75000000e-02,1.13226562e+01
3.61920000e-07,5.08437500e+00,1.09625000e+01,-3.81250000e-02,1.13218750e+01
3.62240000e-07,4.77500000e+00,1.09625000e+01,1.37500000e-02,1.13593750e+01
3.62560000e-07,4.80000000e+00,1.10875000e+01,1.25000000e-03,1.14289063e+01
3.62880000e-07,4.96250000e+00,1.10000000e+01,-9.37500000e-03,1.13867188e+01
3.63200000e-07,4.90000000e+00,1.09500000e+01,1.56250000e-02,1.14632812e+01
3.63520000e-07,4.92500000e+00,1.09375000e+01,-1.68750000e-02,1.14632812e+01
3.63840000e-07,4.92500000e+00,1.10000000e+01,5.62500000e-03,1.13796875e+01
3.64160000e-07,4.93750000e+00,1.10000000e+01,-1.87500000e-03,1.13617187e+01
3.64480000e-07,4.90000000e+00,1.09625000e+01,2.31250000e-02,1.13859375e+01
3.64800000e-07,4.85000000e+00,1.08500000e+01,-6.87500000e-03,1.14390625e+01
3.65120000e-07,4.92500000e+00,1.10375000e+01,-1.93750000e-02,1.14453125e+01
3.65440000e-07,4.88750000e+00,1.09375000e+01,1.06250000e-02,1.13781250e+01
3.65760000e-07,4.88750000e+00,1.09500000e+01,-1.87500000e-03,1.13773437e+01
3.66080000e-07,5.05000000e+00,1.08750000e+01,-9.37500000e-03,1.13945312e+01
3.66400000e-07,4.92500000e+00,1.09750000e+01,2.31250000e-02,1.15085937e+01
3.66720000e-07,4.92500000e+00,1.08875000e+01,6.25000000e-04,1.15000000e+01
3.67040000e-07,5.07500000e+00,1.09875000e+01,-1.87500000e-03,1.14093750e+01
3.67360000e-07,4.97500000e+00,1.08875000e+01,2.56250000e-02,1.13320312e+01
3.67680000e-07,4.98750000e+00,1.09625000e+01,-1.68750000e-02,1.13859375e+01
3.68000000e-07,4.85000000e+00,1.09500000e+01,8.12500000e-03,1.13937500e+01
3.68320000e-07,4.88750000e+00,1.09875000e+01,1.31250000e-02,1.13546875e+01
3.68640000e-07,4.88750000e+00,1.09250000e+01,8.12500000e-03,1.14023438e+01
3.68960000e-07,4.86250000e+00,1.10250000e+01,-1.93750000e-02,1.14601563e+01
3.69280000e-07,4.83750000e+00,1.10750000e+01,1.06250000e-02,1.15078125e+01
3.69600000e-07,4.88750000e+00,1.09750000e+01,-1.87500000e-03,1.15406250e+01
3.69920000e-07,4.97500000e+00,1.09500000e+01,3.12500000e-03,1.14796875e+01
3.70240000e-07,4.90000000e+00,1.10875000e+01,5.62500000e-03,1.14765625e+01
3.70560000e-07,4.96250000e+00,1.09375000e+01,5.62500000e-03,1.14281250e+01
3.70880000e-07,4.88750000e+00,1.09875000e+01,-6.87500000e-03,1.14507813e+01
3.71200000e-07,4.81250000e+00,1.11000000e+01,-4.37500000e-03,1.15398437e+01
3.71520000e-07,4.93750000e+00,1.10500000e+01,5.06250000e-02,1.15632812e+01
3.71840000e-07,4.93750000e+00,1.09625000e+01,-2.00000000e-02,1.15351562e+01
3.72160000e-07,4.87500000e+00,1.09250000e+01,-2.56250000e-02,1.14953125e+01
3.72480000e-07,4.90000000e+00,1.10750000e+01,8.75000000e-03,1.14867187e+01
3.72800000e-07,4.87500000e+00,1.09375000e+01,-1.18750000e-02,1.15359375e+01
3.73120000e-07,4.83750000e+00,1.10375000e+01,-2.18750000e-02,1.15375000e+01
3.73440000e-07,4.91250000e+00,1.11000000e+01,3.12500000e-03,1.14421875e+01
3.73760000e-07,4.83750000e+00,1.08500000e+01,-4.37500000e-03,1.14328125e+01
3.74080000e-07,4.82500000e+00,1.11125000e+01,1.81250000e-02,1.14562500e+01
3.74400000e-07,5.03750000e+00,1.12125000e+01,6.25000000e-04,1.14984375e+01
3.74720000e-07,4.87500000e+00,1.10125000e+01,-1.68750000e-02,1.14968750e+01
3.75040000e-07,4.88750000e+00,1.10125000e+01,3.12500000e-03,1.14453125e+01
3.75360000e-07,4.82500000e+00,1.09000000e+01,-2.56250000e-02,1.14593750e+01
3.75680000e-07,4.86250000e+00,1.10500000e+01,5.62500000e-03,1.15046875e+01
3.76000000e-07,5.00000000e+00,1.09250000e+01,4.56250000e-02,1.15593750e+01
3.76320000e-07,4.86250000e+00,1.10125000e+01,1.81250000e-02,1.14726562e+01
3.76640000e-07,4.82500000e+00,1.09625000e+01,-1.18750000e-02,1.15000000e+01
3.76960000e-07,4.82500000e+00,1.10125000e+01,-1.18750000e-02,1.15820312e+01
3.77280000e-07,4.90000000e+00,1.11500000e+01,-9.37500000e-03,1.16335937e+01
3.77600000e-07,4.97500000e+00,1.09125000e+01,5.62500000e-03,1.15156250e+01
3.77920000e-07,4.78750000e+00,1.09500000e+01,-6.87500000e-03,1.14742188e+01
3.78240000e-07,4.87500000e+00,1.11250000e+01,-3.31250000e-02,1.15664062e+01
3.78560000e-07,5.00000000e+00,1.11125000e+01,3.12500000e-03,1.15914063e+01
3.78880000e-07,5.01250000e+00,1.10250000e+01,-6.87500000e-03,1.15734375e+01
3.79200000e-07,4.88750000e+00,1.10875000e+01,3.12500000e-03,1.15335937e+01
3.79520000e-07,4.76250000e+00,1.08875000e+01,6.25000000e-04,1.15968750e+01
3.79840000e-07,4.98750000e+00,1.10750000e+01,6.25000000e-04,1.15171875e+01
3.80160000e-07,4.90000000e+00,1.10000000e+01,2.31250000e-02,1.14804688e+01
3.80480000e-07,4.83750000e+00,1.10125000e+01,-1.87500000e-03,1.15476562e+01
3.80800000e-07,4.86250000e+00,1.09375000e+01,6.25000000e-04,1.15250000e+01
3.81120000e-07,4.97500000e+00,1.10000000e+01,1.06250000e-02,1.14953125e+01
3.81440000e-07,4.85000000e+00,1.10125000e+01,8.12500000e-03,1.15656250e+01
3.81760000e-07,4.87500000e+00,1.09250000e+01,-4.37500000e-03,1.14828125e+01
3.82080000e-07,5.00000000e+00,1.09750000e+01,-1.18750000e-02,1.14828125e+01
3.82400000e-07,4.82500000e+00,1.10375000e+01,-1.87500000e-03,1.14648438e+01
3.82720000e-07,4.77500000e+00,1.09875000e+01,8.12500000e-03,1.14929687e+01
3.83040000e-07,4.82500000e+00,1.08375000e+01,2.06250000e-02,1.15257812e+01
3.83360000e-07,4.98750000e+00,1.09375000e+01,-6.87500000e-03,1.15507812e+01
3.83680000e-07,4.93750000e+00,1.10375000e+01,6.25000000e-04,1.15429688e+01
3.84000000e-07,4.95000000e+00,1.09750000e+01,-1.50000000e-02,1.14617187e+01
3.84320000e-07,4.82500000e+00,1.11625000e+01,-3.06250000e-02,1.15179687e+01
3.84640000e-07,4.92500000e+00,1.10375000e+01,-3.75000000e-03,1.15953125e+01
3.84960000e-07,4.98750000e+00,1.11125000e+01,-1.25000000e-03,1.15375000e+01
3.85280000e-07,4.91250000e+00,1.09000000e+01,1.31250000e-02,1.15125000e+01
3.85600000e-07,4.80000000e+00,1.10125000e+01,1.31250000e-02,1.15140625e+01
3.85920000e-07,4.85000000e+00,1.09875000e+01,-1.18750000e-02,1.15195312e+01
3.86240000e-07,4.96250000e+00,1.09750000e+01,8.12500000e-03,1.15406250e+01
3.86560000e-07,4.96250000e+00,1.08500000e+01,-1.43750000e-02,1.15476562e+01
3.86880000e-07,4.91250000e+00,1.09750000e+01,-6.87500000e-03,1.15117188e+01
3.87200000e-07,4.93750000e+00,1.10250000e+01,3.06250000e-02,1.15140625e+01
3.87520000e-07,4.83750000e+00,1.10500000e+01,-4.37500000e-03,1.15625000e+01
3.87840000e-07,4.90000000e+00,1.10000000e+01,5.62500000e-03,1.15546875e+01
3.88160000e-07,4.97500000e+00,1.09500000e+01,-1.75000000e-02,1.14789062e+01
3.88480000e-07,4.96250000e+00,1.10750000e+01,-9.37500000e-03,1.15046875e+01
3.88800000e-07,4.86250000e+00,1.09000000e+01,3.12500000e-03,1.15585938e+01
3.89120000e-07,4.93750000e+00,1.09500000e+01,-2.25000000e-02,1.15710937e+01
3.89440000e-07,4.86250000e+00,1.10500000e+01,-3.37500000e-02,1.15171875e+01
3.89760000e-07,4.86250000e+00,1.09625000e+01,-1.87500000e-02,1.15218750e+01
3.90080000e-07,4.88750000e+00,1.09875000e+01,1.56250000e-02,1.15257812e+01
3.90400000e-07,4.98750000e+00,1.08375000e+01,1.06250000e-02,1.15250000e+01
3.90720000e-07,4.95000000e+00,1.10875000e+01,-6.87500000e-03,1.14851562e+01
3.91040000e-07,5.02500000e+00,1.09500000e+01,3.12500000e-03,1.14921875e+01
3.91360000e-07,4.95000000e+00,1.10000000e+01,3.12500000e-03,1.15234375e+01
3.91680000e-07,4.82500000e+00,1.09500000e+01,-1.68750000e-02,1.15953125e+01
3.92000000e-07,4.88750000e+00,1.11125000e+01,5.62500000e-03,1.16140625e+01
3.92320000e-07,4.96250000e+00,1.09625000e+01,1.31250000e-02,1.15757813e+01
3.92640000e-07,4.82500000e+00,1.10250000e+01,-4.37500000e-03,1.14781250e+01
3.92960000e-07,4.85000000e+00,1.09375000e+01,-1.18750000e-02,1.14796875e+01
3.93280000e-07,5.01250000e+00,1.10500000e+01,-9.37500000e-03,1.14937500e+01
3.93600000e-07,4.90000000e+00,1.10375000e+01,-1.18750000e-02,1.15132813e+01
3.93920000e-07,4.88750000e+00,1.09125000e+01,5.62500000e-03,1.15859375e+01
3.94240000e-07,4.98750000e+00,1.10000000e+01,-6.87500000e-03,1.15765625e+01
3.94560000e-07,5.02500000e+00,1.10250000e+01,-6.87500000e-03,1.15054688e+01
3.94880000e-07,4.87500000e+00,1.09125000e+01,-1.87500000e-03,1.15640625e+01
3.95200000e-07,4.87500000e+00,1.10375000e+01,-6.87500000e-03,1.16312500e+01
3.95520000e-07,4.95000000e+00,1.08875000e+01,-1.93750000e-02,1.15804687e+01
3.95840000e-07,4.87500000e+00,1.11125000e+01,-4.37500000e-03,1.15593750e+01
3.96160000e-07,4.93750000e+00,1.09375000e+01,6.25000000e-04,1.15773438e+01
3.96480000e-07,4.85000000e+00,1.10375000e+01,-4.37500000e-03,1.16484375e+01
3.96800000e-07,4.86250000e+00,1.09375000e+01,8.12500000e-03,1.16710938e+01
3.97120000e-07,4.78750000e+00,1.09500000e+01,1.31250000e-02,1.15898438e+01
3.97440000e-07,5.00000000e+00,1.08625000e+01,-2.25000000e-02,1.16156250e+01
3.97760000e-07,4.92500000e+00,1.09500000e+01,-3.56250000e-02,1.16468750e+01
3.98080000e-07,4.90000000e+00,1.10500000e+01,1.62500000e-02,1.16304688e+01
3.98400000e-07,4.88750000e+00,1.10375000e+01,1.25000000e-03,1.15804687e+01
3.98720000e-07,4.93750000e+00,1.10625000e+01,-2.56250000e-02,1.15828125e+01
3.99040000e-07,4.83750000e+00,1.12000000e+01,2.06250000e-02,1.16351562e+01
3.99360000e-07,4.87500000e+00,1.10750000e+01,1.31250000e-02,1.16031250e+01
3.99680000e-07,4.77500000e+00,1.09875000e+01,-6.87500000e-03,1.16062500e+01
4.00000000e-07,4.98750000e+00,1.10250000e+01,-2.56250000e-02,1.15492187e+01
4.00320000e-07,4.98750000e+00,1.10000000e+01,6.25000000e-04,1.15039062e+01
4.00640000e-07,4.83750000e+00,1.09625000e+01,-2.25000000e-02,1.15273438e+01
4.00960000e-07,4.91250000e+00,1.11375000e+01,-2.56250000e-02,1.15343750e+01
4.01280000e-07,4.98750000e+00,1.10375000e+01,2.37500000e-02,1.16101562e+01
4.01600000e-07,4.87500000e+00,1.09875000e+01,-3.75000000e-03,1.17164063e+01
4.01920000e-07,4.98750000e+00,1.09375000e+01,8.12500000e-03,1.16859375e+01
4.02240000e-07,4.70625000e+00,1.11000000e+01,1.56250000e-02,1.16453125e+01
4.02560000e-07,4.83750000e+00,1.11125000e+01,5.62500000e-03,1.15929688e+01
4.02880000e-07,4.83437500e+00,1.09750000e+01,-4.37500000e-03,1.15679688e+01
4.03200000e-07,4.84687500e+00,1.08750000e+01,-1.87500000e-03,1.16187500e+01
4.03520000e-07,4.98750000e+00,1.09000000e+01,-1.87500000e-03,1.15835938e+01
4.03840000e-07,4.94687500e+00,1.09875000e+01,3.12500000e-03,1.15835938e+01
4.04160000e-07,4.88750000e+00,1.10500000e+01,2.06250000e-02,1.15914063e+01
4.04480000e-07,4.80000000e+00,1.09750000e+01,-1.18750000e-02,1.16726562e+01
4.04800000e-07,4.90000000e+00,1.09875000e+01,-6.87500000e-03,1.16070313e+01
4.05120000e-07,4.85000000e+00,1.10125000e+01,-1.18750000e-02,1.15828125e+01
4.05440000e-07,4.86250000e+00,1.10750000e+01,3.12500000e-03,1.16390625e+01
4.05760000e-07,4.88750000e+00,1.08625000e+01,3.12500000e-03,1.16492187e+01
4.06080000e-07,4.95000000e+00,1.10750000e+01,-6.87500000e-03,1.15703125e+01
4.06400000e-07,4.95000000e+00,1.10625000e+01,5.62500000e-03,1.15578125e+01
4.06720000e-07,4.86250000e+00,1.10000000e+01,1.06250000e-02,1.16179687e+01
4.07040000e-07,4.83750000e+00,1.10000000e+01,6.25000000e-04,1.16507812e+01
4.07360000e-07,4.80000000e+00,1.10125000e+01,5.62500000e-03,1.16898437e+01
4.07680000e-07,4.90000000e+00,1.10750000e+01,-1.87500000e-03,1.16656250e+01
4.08000000e-07,4.86250000e+00,1.09750000e+01,8.12500000e-03,1.16062500e+01
4.08320000e-07,4.73437500e+00,1.09875000e+01,3.12500000e-03,1.16460938e+01
4.08640000e-07,4.95000000e+00,1.09875000e+01,-2.81250000e-02,1.16828125e+01
4.08960000e-07,4.91250000e+00,1.10000000e+01,3.12500000e-03,1.16726562e+01
4.09280000e-07,4.83750000e+00,1.10125000e+01,1.31250000e-02,1.16242188e+01
4.09600000e-07,4.85000000e+00,1.09875000e+01,-6.87500000e-03,1.15851563e+01
4.09920000e-07,4.97500000e+00,1.10000000e+01,2.31250000e-02,1.15781250e+01
4.10240000e-07,4.75937500e+00,1.08500000e+01,-6.87500000e-03,1.15867187e+01
4.10560000e-07,4.87500000e+00,1.11375000e+01,1.31250000e-02,1.16507812e+01
4.10880000e-07,4.91250000e+00,1.11250000e+01,-5.00000000e-03,1.16507812e+01
4.11200000e-07,4.82187500e+00,1.10750000e+01,-1.18750000e-02,1.17078125e+01
4.11520000e-07,4.95000000e+00,1.09625000e+01,2.56250000e-02,1.17156250e+01
4.11840000e-07,4.95000000e+00,1.10625000e+01,3.31250000e-02,1.17351562e+01
4.12160000e-07,4.88750000e+00,1.09500000e+01,8.12500000e-03,1.17421875e+01
4.12480000e-07,4.77500000e+00,1.08250000e+01,1.06250000e-02,1.16507812e+01
4.12800000e-07,4.88750000e+00,1.09875000e+01,8.12500000e-03,1.15781250e+01
4.13120000e-07,4.91250000e+00,1.10500000e+01,-6.87500000e-03,1.15710937e+01
4.13440000e-07,4.83750000e+00,1.10750000e+01,-5.00000000e-03,1.16921875e+01
4.13760000e-07,5.02500000e+00,1.10375000e+01,-1.43750000e-02,1.16851563e+01
4.14080000e-07,5.02500000e+00,1.10500000e+01,3.12500000e-03,1.16781250e+01
4.14400000e-07,4.86250000e+00,1.10125000e+01,-4.37500000e-03,1.16828125e+01
4.14720000e-07,4.87500000e+00,1.10500000e+01,-1.43750000e-02,1.16914062e+01
4.15040000e-07,5.00000000e+00,1.09875000e+01,1.81250000e-02,1.16875000e+01
4.15360000e-07,4.83437500e+00,1.10500000e+01,1.56250000e-02,1.16882812e+01
4.15680000e-07,4.73437500e+00,1.09500000e+01,2.31250000e-02,1.17218750e+01
4.16000000e-07,4.87500000e+00,1.10000000e+01,-1.93750000e-02,1.16812500e+01
4.16320000e-07,4.79687500e+00,1.09750000e+01,1.56250000e-02,1.15617188e+01
4.16640000e-07,4.96250000e+00,1.09875000e+01,2.81250000e-02,1.16093750e+01
4.16960000e-07,5.11250000e+00,1.10125000e+01,3.12500000e-03,1.17140625e+01
4.17280000e-07,4.95000000e+00,1.10375000e+01,1.81250000e-02,1.17984375e+01
4.17600000e-07,4.85000000e+00,1.10750000e+01,2.81250000e-02,1.18015625e+01
4.17920000e-07,4.76250000e+00,1.10375000e+01,-2.00000000e-02,1.17242188e+01
4.18240000e-07,4.93750000e+00,1.11375000e+01,-3.31250000e-02,1.16656250e+01
4.18560000e-07,4.95000000e+00,1.10125000e+01,1.62500000e-02,1.16921875e+01
4.18880000e-07,4.87500000e+00,1.09625000e+01,-1.12500000e-02,1.17070312e+01
4.19200000e-07,4.82500000e+00,1.10000000e+01,1.56250000e-02,1.17867188e+01
4.19520000e-07,4.90000000e+00,1.09000000e+01,-4.37500000e-03,1.17765625e+01
4.19840000e-07,4.85000000e+00,1.09500000e+01,1.06250000e-02,1.17406250e+01
4.20160000e-07,4.88750000e+00,1.11500000e+01,5.62500000e-03,1.17492188e+01
4.20480000e-07,4.92500000e+00,1.10875000e+01,8.12500000e-03,1.17812500e+01
4.20800000e-07,4.86250000e+00,1.08125000e+01,3.12500000e-03,1.16632813e+01
4.21120000e-07,4.93750000e+00,1.10250000e+01,-6.87500000e-03,1.16937500e+01
4.21440000e-07,4.86250000e+00,1.09750000e+01,1.06250000e-02,1.17515625e+01
4.21760000e-07,4.88750000e+00,1.10375000e+01,-4.37500000e-03,1.18210937e+01
4.22080000e-07,4.91250000e+00,1.10250000e+01,1.81250000e-02,1.18070312e+01
4.22400000e-07,4.82500000e+00,1.08625000e+01,1.31250000e-02,1.18273438e+01
4.22720000e-07,4.82500000e+00,1.11375000e+01,-6.87500000e-03,1.18546875e+01
4.23040000e-07,4.82500000e+00,1.10750000e+01,-1.18750000e-02,1.18296875e+01
4.23360000e-07,4.86250000e+00,1.09875000e+01,-4.12500000e-02,1.16937500e+01
4.23680000e-07,4.96250000e+00,1.10875000e+01,-2.81250000e-02,1.17320313e+01
4.24000000e-07,4.91250000e+00,1.10375000e+01,1.81250000e-02,1.18078125e+01
4.24320000e-07,4.98750000e+00,1.09750000e+01,1.37500000e-02,1.17812500e+01
4.24640000e-07,4.85000000e+00,1.10625000e+01,-2.18750000e-02,1.17570313e+01
4.24960000e-07,4.91250000e+00,1.09875000e+01,-1.18750000e-02,1.18039063e+01
4.25280000e-07,4.93750000e+00,1.11875000e+01,2.06250000e-02,1.17523437e+01
4.25600000e-07,4.92500000e+00,1.11000000e+01,3.12500000e-03,1.17078125e+01
4.25920000e-07,4.95000000e+00,1.09250000e+01,3.06250000e-02,1.16851563e+01
4.26240000e-07,4.80000000e+00,1.10375000e+01,-1.18750000e-02,1.17195312e+01
4.26560000e-07,4.85000000e+00,1.10500000e+01,1.31250000e-02,1.17609375e+01
4.26880000e-07,4.83750000e+00,1.10125000e+01,-6.87500000e-03,1.17453125e+01
4.27200000e-07,4.75000000e+00,1.11000000e+01,-4.37500000e-03,1.18078125e+01
4.27520000e-07,5.01250000e+00,1.09250000e+01,1.31250000e-02,1.17992187e+01
4.27840000e-07,4.86250000e+00,1.10375000e+01,3.06250000e-02,1.17804688e+01
4.28160000e-07,4.86250000e+00,1.09375000e+01,1.06250000e-02,1.17546875e+01
4.28480000e-07,4.97500000e+00,1.09500000e+01,6.25000000e-04,1.18164062e+01
4.28800000e-07,4.93750000e+00,1.09500000e+01,-1.87500000e-03,1.17726563e+01
4.29120000e-07,4.93750000e+00,1.10125000e+01,1.31250000e-02,1.18015625e+01
4.29440000e-07,4.93750000e+00,1.09250000e+01,-1.43750000e-02,1.18179688e+01
4.29760000e-07,4.80000000e+00,1.09625000e+01,-2.18750000e-02,1.17531250e+01
4.30080000e-07,4.87500000e+00,1.10250000e+01,-4.37500000e-03,1.17656250e+01
4.30400000e-07,4.83750000e+00,1.10875000e+01,1.06250000e-02,1.16929688e+01
4.30720000e-07,4.82500000e+00,1.09625000e+01,1.06250000e-02,1.16687500e+01
4.31040000e-07,5.01250000e+00,1.11125000e+01,-4.37500000e-03,1.17710938e+01
4.31360000e-07,4.91250000e+00,1.10875000e+01,-1.18750000e-02,1.17835937e+01
4.31680000e-07,4.72187500e+00,1.10000000e+01,-4.37500000e-03,1.17335938e+01
4.32000000e-07,4.88750000e+00,1.08375000e+01,-2.56250000e-02,1.17453125e+01
4.32320000e-07,4.97500000e+00,1.09125000e+01,8.12500000e-03,1.17929688e+01
4.32640000e-07,5.03750000e+00,1.08625000e+01,2.31250000e-02,1.17304688e+01
4.32960000e-07,4.85000000e+00,1.11125000e+01,2.31250000e-02,1.16257812e+01
4.33280000e-07,4.77500000e+00,1.11000000e+01,3.06250000e-02,1.17023438e+01
4.33600000e-07,4.97500000e+00,1.11125000e+01,2.81250000e-02,1.17531250e+01
4.33920000e-07,5.01250000e+00,1.09500000e+01,3.12500000e-03,1.17273437e+01
4.34240000e-07,4.91250000e+00,1.10250000e+01,-4.37500000e-03,1.17210937e+01
4.34560000e-07,4.92500000e+00,1.09625000e+01,-1.87500000e-03,1.17234375e+01
4.34880000e-07,4.91250000e+00,1.09625000e+01,6.25000000e-04,1.17593750e+01
4.35200000e-07,4.77500000e+00,1.10875000e+01,3.12500000e-03,1.17164063e+01
4.35520000e-07,4.75000000e+00,1.11000000e+01,5.62500000e-03,1.16390625e+01
4.35840000e-07,4.86250000e+00,1.08750000e+01,3.12500000e-03,1.17023438e+01
4.36160000e-07,4.95000000e+00,1.10125000e+01,8.12500000e-03,1.18304687e+01
4.36480000e-07,4.90000000e+00,1.10500000e+01,-1.93750000e-02,1.18070312e+01
4.36800000e-07,5.00000000e+00,1.10875000e+01,3.12500000e-03,1.17507812e+01
4.37120000e-07,4.87500000e+00,1.09625000e+01,5.62500000e-03,1.17109375e+01
4.37440000e-07,4.82500000e+00,1.10750000e+01,-9.37500000e-03,1.17085938e+01
4.37760000e-07,4.81250000e+00,1.08875000e+01,3.12500000e-03,1.17812500e+01
4.38080000e-07,4.95000000e+00,1.11125000e+01,1.81250000e-02,1.17992187e+01
4.38400000e-07,4.90000000e+00,1.11500000e+01,1.06250000e-02,1.17429687e+01
4.38720000e-07,4.93750000e+00,1.10000000e+01,8.12500000e-03,1.17062500e+01
4.39040000e-07,4.85937500e+00,1.09250000e+01,5.06250000e-02,1.16828125e+01
4.39360000e-07,4.77500000e+00,1.11125000e+01,1.31250000e-02,1.17148438e+01
4.39680000e-07,4.93750000e+00,1.09750000e+01,-2.56250000e-02,1.17734375e+01
4.40000000e-07,4.90937500e+00,1.09625000e+01,-4.37500000e-03,1.17453125e+01
4.40320000e-07,5.08750000e+00,1.10250000e+01,5.62500000e-03,1.17914062e+01
4.40640000e-07,4.91250000e+00,1.10375000e+01,8.12500000e-03,1.17773438e+01
4.40960000e-07,4.95000000e+00,1.09875000e+01,6.25000000e-04,1.17367187e+01
4.41280000e-07,4.97500000e+00,1.09125000e+01,1.06250000e-02,1.18125000e+01
4.41600000e-07,4.76250000e+00,1.10125000e+01,-4.37500000e-03,1.18015625e+01
4.41920000e-07,4.86250000e+00,1.09500000e+01,6.25000000e-04,1.17445312e+01
4.42240000e-07,4.95000000e+00,1.10250000e+01,-9.37500000e-03,1.18335938e+01
4.42560000e-07,4.85000000e+00,1.11625000e+01,1.56250000e-02,1.18273438e+01
4.42880000e-07,5.00000000e+00,1.09750000e+01,-1.87500000e-03,1.17320313e+01
4.43200000e-07,4.85000000e+00,1.10875000e+01,1.81250000e-02,1.17695312e+01
4.43520000e-07,4.75000000e+00,1.10000000e+01,-9.37500000e-03,1.17726563e+01
4.43840000e-07,4.88750000e+00,1.09750000e+01,1.56250000e-02,1.17562500e+01
4.44160000e-07,4.96250000e+00,1.10125000e+01,2.56250000e-02,1.17835937e+01
4.44480000e-07,4.90000000e+00,1.10250000e+01,-1.18750000e-02,1.18734375e+01
4.44800000e-07,4.91250000e+00,1.10000000e+01,1.06250000e-02,1.18570313e+01
4.45120000e-07,4.87500000e+00,1.10125000e+01,8.12500000e-03,1.17828125e+01
4.45440000e-07,4.83750000e+00,1.10500000e+01,-1.43750000e-02,1.18437500e+01
4.45760000e-07,5.00000000e+00,1.10125000e+01,-1.18750000e-02,1.18062500e+01
4.46080000e-07,4.95000000e+00,1.10750000e+01,3.56250000e-02,1.17875000e+01
4.46400000e-07,5.03750000e+00,1.11125000e+01,3.81250000e-02,1.18242188e+01
4.46720000e-07,5.02500000e+00,1.09250000e+01,6.25000000e-04,1.17796875e+01
4.47040000e-07,4.92500000e+00,1.10875000e+01,8.12500000e-03,1.17648438e+01
4.47360000e-07,4.93750000e+00,1.09250000e+01,-2.25000000e-02,1.18140625e+01
4.47680000e-07,4.92500000e+00,1.10625000e+01,-9.37500000e-03,1.17578125e+01
4.48000000e-07,4.86250000e+00,1.10000000e+01,1.81250000e-02,1.16945313e+01
4.48320000e-07,4.90000000e+00,1.09500000e+01,1.06250000e-02,1.17585937e+01
4.48640000e-07,4.82500000e+00,1.10000000e+01,1.56250000e-02,1.18195313e+01
4.48960000e-07,4.96250000e+00,1.09375000e+01,1.06250000e-02,1.17906250e+01
4.49280000e-07,4.68437500e+00,1.10875000e+01,1.31250000e-02,1.17671875e+01
4.49600000e-07,4.86250000e+00,1.10000000e+01,8.12500000e-03,1.17984375e+01
4.49920000e-07,4.92500000e+00,1.10250000e+01,-1.18750000e-02,1.18023438e+01
4.50240000e-07,4.93750000e+00,1.10625000e+01,5.62500000e-03,1.18242188e+01
4.50560000e-07,4.95000000e+00,1.09875000e+01,1.81250000e-02,1.18406250e+01
4.50880000e-07,4.96250000e+00,1.09625000e+01,-2.56250000e-02,1.18375000e+01
4.51200000e-07,4.90000000e+00,1.09875000e+01,2.81250000e-02,1.18046875e+01
4.51520000e-07,4.88750000e+00,1.10250000e+01,1.56250000e-02,1.17835937e+01
4.51840000e-07,4.93750000e+00,1.09750000e+01,3.12500000e-03,1.17984375e+01
4.52160000e-07,4.80000000e+00,1.10000000e+01,-1.68750000e-02,1.17562500e+01
4.52480000e-07,4.85000000e+00,1.08750000e+01,-1.68750000e-02,1.17687500e+01
4.52800000e-07,5.08750000e+00,1.09250000e+01,2.31250000e-02,1.18015625e+01
4.53120000e-07,4.90000000e+00,1.09875000e+01,1.31250000e-02,1.17812500e+01
4.53440000e-07,4.92500000e+00,1.11625000e+01,-1.43750000e-02,1.17664062e+01
4.53760000e-07,4.88750000e+00,1.09875000e+01,-9.37500000e-03,1.18609375e+01
4.54080000e-07,4.88750000e+00,1.09125000e+01,5.62500000e-03,1.17742187e+01
4.54400000e-07,4.80000000e+00,1.10625000e+01,6.25000000e-04,1.17429687e+01
4.54720000e-07,4.71875000e+00,1.11250000e+01,1.06250000e-02,1.18500000e+01
4.55040000e-07,4.80000000e+00,1.10250000e+01,-1.87500000e-03,1.18250000e+01
4.55360000e-07,4.95000000e+00,1.09750000e+01,-1.18750000e-02,1.17484375e+01
4.55680000e-07,4.78437500e+00,1.09125000e+01,8.12500000e-03,1.17992187e+01
4.56000000e-07,5.07500000e+00,1.10125000e+01,8.12500000e-03,1.18125000e+01
4.56320000e-07,5.11250000e+00,1.10000000e+01,1.06250000e-02,1.17945313e+01
4.56640000e-07,5.06250000e+00,1.10125000e+01,-1.87500000e-03,1.18351563e+01
4.56960000e-07,4.93750000e+00,1.09125000e+01,2.31250000e-02,1.17156250e+01
4.57280000e-07,4.77500000e+00,1.10250000e+01,-1.75000000e-02,1.16789063e+01
4.57600000e-07,4.98750000e+00,1.10625000e+01,-3.81250000e-02,1.17351562e+01
4.57920000e-07,4.87500000e+00,1.10625000e+01,-3.75000000e-03,1.17976562e+01
4.58240000e-07,4.87500000e+00,1.10000000e+01,8.75000000e-03,1.18500000e+01
4.58560000e-07,4.85000000e+00,1.11750000e+01,1.81250000e-02,1.17671875e+01
4.58880000e-07,4.86250000e+00,1.11875000e+01,5.62500000e-03,1.17976562e+01
4.59200000e-07,4.88750000e+00,1.10500000e+01,6.25000000e-04,1.18054687e+01
4.59520000e-07,4.91250000e+00,1.10000000e+01,-2.18750000e-02,1.18164062e+01
4.59840000e-07,4.86250000e+00,1.10250000e+01,3.12500000e-03,1.17507812e+01
4.60160000e-07,4.87500000e+00,1.11125000e+01,-4.37500000e-03,1.18062500e+01
4.60480000e-07,4.85000000e+00,1.09250000e+01,3.06250000e-02,1.18734375e+01
4.60800000e-07,4.90000000e+00,1.07750000e+01,-1.68750000e-02,1.18617187e+01
4.61120000e-07,4.92500000e+00,1.10625000e+01,1.06250000e-02,1.18312500e+01
4.61440000e-07,4.88750000e+00,1.10000000e+01,6.25000000e-04,1.18242188e+01
4.61760000e-07,4.91250000e+00,1.09375000e+01,6.25000000e-04,1.18171875e+01
4.62080000e-07,4.92500000e+00,1.11375000e+01,1.31250000e-02,1.17289062e+01
4.62400000e-07,4.85000000e+00,1.10750000e+01,-7.50000000e-03,1.17953125e+01
4.62720000e-07,4.98750000e+00,1.09500000e+01,-4.12500000e-02,1.18273438e+01
4.63040000e-07,4.96250000e+00,1.08250000e+01,6.25000000e-03,1.18351563e+01
4.63360000e-07,4.92500000e+00,1.08875000e+01,-1.87500000e-03,1.18070312e+01
4.63680000e-07,4.94687500e+00,1.09750000e+01,3.12500000e-03,1.17531250e+01
4.64000000e-07,4.65625000e+00,1.10500000e+01,-3.31250000e-02,1.17812500e+01
4.64320000e-07,4.81250000e+00,1.11000000e+01,-1.18750000e-02,1.18234375e+01
4.64640000e-07,4.83437500e+00,1.09500000e+01,3.12500000e-03,1.17750000e+01
4.64960000e-07,4.92187500e+00,1.10375000e+01,-1.75000000e-02,1.17734375e+01
4.65280000e-07,4.97500000e+00,1.09375000e+01,-1.18750000e-02,1.17539062e+01
4.65600000e-07,4.88750000e+00,1.10375000e+01,-2.56250000e-02,1.17890625e+01
4.65920000e-07,4.86250000e+00,1.10875000e+01,-4.37500000e-03,1.17515625e+01
4.66240000e-07,4.83750000e+00,1.10625000e+01,-4.37500000e-03,1.17726563e+01
4.66560000e-07,4.83750000e+00,1.09500000e+01,-1.87500000e-03,1.18773437e+01
4.66880000e-07,4.90000000e+00,1.10625000e+01,1.56250000e-02,1.18742188e+01
4.67200000e-07,4.73125000e+00,1.08875000e+01,5.62500000e-03,1.18281250e+01
4.67520000e-07,4.80000000e+00,1.10000000e+01,-1.18750000e-02,1.18117188e+01
4.67840000e-07,4.86250000e+00,1.10125000e+01,-9.37500000e-03,1.18195313e+01
4.68160000e-07,4.89687500e+00,1.10625000e+01,6.25000000e-04,1.18671875e+01
4.68480000e-07,5.01250000e+00,1.10125000e+01,-4.37500000e-03,1.18406250e+01
4.68800000e-07,4.90000000e+00,1.08625000e+01,2.06250000e-02,1.18187500e+01
4.69120000e-07,4.86250000e+00,1.08500000e+01,-3.62500000e-02,1.18718750e+01
4.69440000e-07,4.91250000e+00,1.08375000e+01,-2.18750000e-02,1.18335938e+01
4.69760000e-07,4.92500000e+00,1.07625000e+01,0.00000000e+00,1.18546875e+01
4.70080000e-07,5.00000000e+00,1.10500000e+01,3.06250000e-02,1.18789062e+01
4.70400000e-07,4.92500000e+00,1.09000000e+01,6.25000000e-04,1.18539062e+01
4.70720000e-07,4.82500000e+00,1.09750000e+01,8.12500000e-03,1.17546875e+01
4.71040000e-07,4.90000000e+00,1.10500000e+01,1.31250000e-02,1.18140625e+01
4.71360000e-07,4.87500000e+00,1.10125000e+01,2.31250000e-02,1.19210938e+01
4.71680000e-07,4.83750000e+00,1.10750000e+01,-2.25000000e-02,1.19125000e+01
4.72000000e-07,4.96250000e+00,1.10375000e+01,-3.06250000e-02,1.18898438e+01
4.72320000e-07,4.87500000e+00,1.09250000e+01,-1.25000000e-03,1.18937500e+01
4.72640000e-07,4.85000000e+00,1.10875000e+01,-1.37500000e-02,1.18335938e+01
4.72960000e-07,4.83750000e+00,1.10000000e+01,5.62500000e-03,1.18250000e+01
4.73280000e-07,4.81250000e+00,1.09875000e+01,8.12500000e-03,1.19148437e+01
4.73600000e-07,4.77500000e+00,1.09375000e+01,-1.43750000e-02,1.18882813e+01
4.73920000e-07,4.90000000e+00,1.10250000e+01,1.06250000e-02,1.18882813e+01
4.74240000e-07,4.76250000e+00,1.09250000e+01,5.62500000e-03,1.18890625e+01
4.74560000e-07,4.85000000e+00,1.08875000e+01,-6.87500000e-03,1.18421875e+01
4.74880000e-07,4.75000000e+00,1.08625000e+01,-1.87500000e-03,1.18250000e+01
4.75200000e-07,4.90000000e+00,1.09750000e+01,1.06250000e-02,1.18460937e+01
4.75520000e-07,4.96250000e+00,1.09000000e+01,-1.93750000e-02,1.19320312e+01
4.75840000e-07,4.90000000e+00,1.10375000e+01,6.25000000e-04,1.19445313e+01
4.76160000e-07,4.77500000e+00,1.11000000e+01,8.12500000e-03,1.18953125e+01
4.76480000e-07,4.80000000e+00,1.10500000e+01,-1.87500000e-03,1.18632812e+01
4.76800000e-07,4.90000000e+00,1.09250000e+01,-9.37500000e-03,1.18476562e+01
4.77120000e-07,4.81250000e+00,1.10125000e+01,6.25000000e-04,1.18640625e+01
4.77440000e-07,4.78750000e+00,1.08875000e+01,-9.37500000e-03,1.18195313e+01
4.77760000e-07,5.00000000e+00,1.10375000e+01,3.06250000e-02,1.18398438e+01
4.78080000e-07,4.93750000e+00,1.08625000e+01,-1.18750000e-02,1.18390625e+01
4.78400000e-07,4.95000000e+00,1.10375000e+01,-1.87500000e-03,1.18312500e+01
4.78720000e-07,4.77500000e+00,1.09500000e+01,6.25000000e-04,1.19101562e+01
4.79040000e-07,4.86250000e+00,1.08375000e+01,1.31250000e-02,1.19210938e+01
4.79360000e-07,5.02500000e+00,1.10750000e+01,-9.37500000e-03,1.18992187e+01
4.79680000e-07,4.81250000e+00,1.09750000e+01,-1.87500000e-03,1.18679687e+01
4.80000000e-07,4.97500000e+00,1.09500000e+01,5.62500000e-03,1.18320312e+01
4.80320000e-07,4.96250000e+00,1.10375000e+01,-9.37500000e-03,1.18093750e+01
4.80640000e-07,4.96250000e+00,1.10500000e+01,-4.37500000e-03,1.18484375e+01
4.80960000e-07,4.91250000e+00,1.09625000e+01,4.81250000e-02,1.18757812e+01
4.81280000e-07,4.97500000e+00,1.08375000e+01,-9.37500000e-03,1.18718750e+01
4.81600000e-07,4.80000000e+00,1.11250000e+01,6.25000000e-04,1.18539062e+01
4.81920000e-07,5.01250000e+00,1.09875000e+01,-4.37500000e-03,1.18382812e+01
4.82240000e-07,4.91250000e+00,1.10125000e+01,-1.43750000e-02,1.18015625e+01
4.82560000e-07,4.86250000e+00,1.09875000e+01,2.06250000e-02,1.18828125e+01
4.82880000e-07,4.73437500e+00,1.10125000e+01,-1.25000000e-02,1.18875000e+01
4.83200000e-07,4.87500000e+00,1.08875000e+01,-1.68750000e-02,1.18132812e+01
4.83520000e-07,4.78750000e+00,1.09875000e+01,5.62500000e-03,1.19976563e+01
4.83840000e-07,4.82500000e+00,1.08125000e+01,8.12500000e-03,1.20148438e+01
4.84160000e-07,4.86250000e+00,1.09500000e+01,1.56250000e-02,1.18671875e+01
4.84480000e-07,4.77187500e+00,1.09375000e+01,1.56250000e-02,1.18453125e+01
4.84800000e-07,4.75000000e+00,1.09750000e+01,-1.93750000e-02,1.18664063e+01
4.85120000e-07,4.88750000e+00,1.09375000e+01,-6.87500000e-03,1.18000000e+01
4.85440000e-07,4.97187500e+00,1.10250000e+01,1.31250000e-02,1.17671875e+01
4.85760000e-07,4.87500000e+00,1.10500000e+01,-9.37500000e-03,1.18179688e+01
4.86080000e-07,4.85000000e+00,1.09125000e+01,-1.43750000e-02,1.19164062e+01
4.86400000e-07,4.90000000e+00,1.08500000e+01,1.56250000e-02,1.19507813e+01
4.86720000e-07,4.88750000e+00,1.09000000e+01,3.12500000e-03,1.19460937e+01
4.87040000e-07,4.86250000e+00,1.09125000e+01,5.62500000e-03,1.18671875e+01
4.87360000e-07,4.97500000e+00,1.10250000e+01,8.12500000e-03,1.17882813e+01
4.87680000e-07,4.96250000e+00,1.09375000e+01,5.62500000e-03,1.17875000e+01
4.88000000e-07,4.79687500e+00,1.10375000e+01,-1.43750000e-02,1.18414063e+01
4.88320000e-07,4.82500000e+00,1.09125000e+01,-1.18750000e-02,1.19375000e+01
4.88640000e-07,4.83750000e+00,1.09625000e+01,-1.87500000e-03,1.19570312e+01
4.88960000e-07,4.80937500e+00,1.10125000e+01,-1.43750000e-02,1.18218750e+01
4.89280000e-07,4.85937500e+00,1.09875000e+01,1.31250000e-02,1.18679687e+01
4.89600000e-07,4.76250000e+00,1.10250000e+01,1.56250000e-02,1.19359375e+01
4.89920000e-07,4.95000000e+00,1.10375000e+01,-1.18750000e-02,1.18562500e+01
4.90240000e-07,4.93437500e+00,1.09375000e+01,-1.87500000e-03,1.18718750e+01
4.90560000e-07,4.85000000e+00,1.10500000e+01,-1.50000000e-02,1.18875000e+01
4.90880000e-07,4.82500000e+00,1.10125000e+01,-3.31250000e-02,1.19343750e+01
4.91200000e-07,4.91250000e+00,1.09750000e+01,1.12500000e-02,1.19601563e+01
4.91520000e-07,4.95000000e+00,1.09750000e+01,-6.25000000e-03,1.19460937e+01
4.91840000e-07,4.87500000e+00,1.11000000e+01,-9.37500000e-03,1.18734375e+01
4.92160000e-07,4.88750000e+00,1.09875000e+01,6.25000000e-04,1.18359375e+01
4.92480000e-07,4.86250000e+00,1.09375000e+01,-4.37500000e-03,1.18523437e+01
4.92800000e-07,4.91250000e+00,1.09875000e+01,-1.75000000e-02,1.18671875e+01
4.93120000e-07,4.80000000e+00,1.09625000e+01,-6.87500000e-03,1.18226562e+01
4.93440000e-07,5.01250000e+00,1.08375000e+01,1.56250000e-02,1.17742187e+01
4.93760000e-07,4.85937500e+00,1.08625000e+01,6.25000000e-04,1.18210937e+01
4.94080000e-07,4.69687500e+00,1.09375000e+01,-2.25000000e-02,1.19007812e+01
4.94400000e-07,4.88750000e+00,1.10125000e+01,-3.06250000e-02,1.19187500e+01
4.94720000e-07,4.75937500e+00,1.08875000e+01,1.87500000e-02,1.19257812e+01
4.95040000e-07,4.88750000e+00,1.09875000e+01,-1.25000000e-03,1.18906250e+01
4.95360000e-07,4.85000000e+00,1.10500000e+01,-4.37500000e-03,1.18929687e+01
4.95680000e-07,4.86250000e+00,1.10125000e+01,1.81250000e-02,1.18625000e+01
4.96000000e-07,4.74687500e+00,1.08875000e+01,6.25000000e-04,1.18718750e+01
4.96320000e-07,4.81250000e+00,1.10250000e+01,-3.87500000e-02,1.19562500e+01
4.96640000e-07,4.86250000e+00,1.09875000e+01,-2.81250000e-02,1.18929687e+01
4.96960000e-07,4.83437500e+00,1.10250000e+01,1.31250000e-02,1.18843750e+01
4.97280000e-07,4.80000000e+00,1.08875000e+01,-2.81250000e-02,1.18742188e+01
4.97600000e-07,4.90000000e+00,1.09375000e+01,-2.18750000e-02,1.18617187e+01
4.97920000e-07,4.87500000e+00,1.09375000e+01,0.00000000e+00,1.18835937e+01
4.98240000e-07,4.86250000e+00,1.08125000e+01,2.06250000e-02,1.18257813e+01
4.98560000e-07,4.91250000e+00,1.08750000e+01,-9.37500000e-03,1.18054687e+01
4.98880000e-07,4.97500000e+00,1.10375000e+01,-1.25000000e-02,1.18421875e+01
4.99200000e-07,4.81250000e+00,1.09875000e+01,-3.31250000e-02,1.17859375e+01
4.99520000e-07,4.81250000e+00,1.10000000e+01,3.12500000e-02,1.18523437e+01
4.99840000e-07,4.86250000e+00,1.10375000e+01,1.62500000e-02,1.19242187e+01
5.00160000e-07,4.81250000e+00,1.09500000e+01,-1.18750000e-02,1.19054688e+01
5.00480000e-07,4.92500000e+00,1.08125000e+01,-9.37500000e-03,1.18867188e+01
5.00800000e-07,4.77187500e+00,1.10625000e+01,3.12500000e-03,1.19054688e+01
5.01120000e-07,4.76250000e+00,1.09250000e+01,-1.50000000e-02,1.18953125e+01
5.01440000e-07,4.75000000e+00,1.09125000e+01,-2.56250000e-02,1.18343750e+01
5.01760000e-07,4.85937500e+00,1.09625000e+01,-1.12500000e-02,1.18640625e+01
5.02080000e-07,4.96250000e+00,1.11250000e+01,-1.37500000e-02,1.18500000e+01
5.02400000e-07,4.87500000e+00,1.09875000e+01,-4.37500000e-03,1.18242188e+01
5.02720000e-07,4.98750000e+00,1.11000000e+01,1.06250000e-02,1.18523437e+01
5.03040000e-07,4.78750000e+00,1.09250000e+01,2.06250000e-02,1.18460937e+01
5.03360000e-07,4.87500000e+00,1.09250000e+01,-2.00000000e-02,1.18343750e+01
5.03680000e-07,4.95000000e+00,1.09500000e+01,-1.43750000e-02,1.18171875e+01
5.04000000e-07,4.86250000e+00,1.11125000e+01,2.31250000e-02,1.18101563e+01
5.04320000e-07,4.72187500e+00,1.10375000e+01,-2.18750000e-02,1.17656250e+01
5.04640000e-07,4.98750000e+00,1.10375000e+01,-4.37500000e-03,1.17835937e+01
5.04960000e-07,4.98750000e+00,1.10250000e+01,1.81250000e-02,1.18429688e+01
5.05280000e-07,4.83750000e+00,1.10000000e+01,1.06250000e-02,1.18101563e+01
5.05600000e-07,4.88750000e+00,1.08750000e+01,1.56250000e-02,1.18500000e+01
5.05920000e-07,4.92500000e+00,1.09500000e+01,-2.62500000e-02,1.18718750e+01
5.06240000e-07,4.95000000e+00,1.10625000e+01,-3.81250000e-02,1.18578125e+01
5.06560000e-07,4.77500000e+00,1.09250000e+01,1.81250000e-02,1.18554688e+01
5.06880000e-07,4.98750000e+00,1.08500000e+01,-1.12500000e-02,1.19632812e+01
5.07200000e-07,4.92500000e+00,1.09750000e+01,-6.87500000e-03,1.19289063e+01
5.07520000e-07,4.69687500e+00,1.09625000e+01,5.62500000e-03,1.18914062e+01
5.07840000e-07,4.91250000e+00,1.10125000e+01,-1.43750000e-02,1.18492188e+01
5.08160000e-07,4.92500000e+00,1.10000000e+01,3.12500000e-03,1.18085938e+01
5.08480000e-07,4.76250000e+00,1.09750000e+01,-9.37500000e-03,1.18210937e+01
5.08800000e-07,4.86250000e+00,1.10625000e+01,-1.68750000e-02,1.18578125e+01
5.09120000e-07,4.93750000e+00,1.10125000e+01,-1.87500000e-03,1.18921875e+01
5.09440000e-07,4.80000000e+00,1.10875000e+01,3.12500000e-03,1.19109375e+01
5.09760000e-07,4.82500000e+00,1.09750000e+01,3.06250000e-02,1.18960938e+01
5.10080000e-07,4.95000000e+00,1.08750000e+01,-4.37500000e-03,1.18507813e+01
5.10400000e-07,4.87500000e+00,1.09375000e+01,6.25000000e-04,1.18789062e+01
5.10720000e-07,4.91250000e+00,1.09375000e+01,-1.18750000e-02,1.18398438e+01
5.11040000e-07,4.80000000e+00,1.10875000e+01,-6.87500000e-03,1.18296875e+01
5.11360000e-07,4.82500000e+00,1.09875000e+01,1.81250000e-02,1.18406250e+01
5.11680000e-07,4.86250000e+00,1.09625000e+01,3.81250000e-02,1.17812500e+01
5.12000000e-07,4.72187500e+00,1.08875000e+01,8.12500000e-03,1.19007812e+01
5.12320000e-07,4.92500000e+00,1.10125000e+01,-1.18750000e-02,1.19039063e+01
5.12640000e-07,4.82500000e+00,1.10875000e+01,1.06250000e-02,1.18484375e+01
5.12960000e-07,4.83750000e+00,1.09875000e+01,2.06250000e-02,1.18265625e+01
5.13280000e-07,4.77187500e+00,1.09000000e+01,-1.87500000e-03,1.18789062e+01
5.13600000e-07,4.67187500e+00,1.10875000e+01,6.25000000e-04,1.18414063e+01
5.13920000e-07,4.86250000e+00,1.08500000e+01,-1.43750000e-02,1.18703125e+01
5.14240000e-07,4.90937500e+00,1.09875000e+01,1.06250000e-02,1.18773437e+01
5.14560000e-07,4.68125000e+00,1.09875000e+01,-1.43750000e-02,1.18914062e+01
5.14880000e-07,4.69375000e+00,1.10375000e+01,8.12500000e-03,1.19078125e+01
5.15200000e-07,4.81250000e+00,1.09875000e+01,-5.00000000e-03,1.19203125e+01
5.15520000e-07,4.95937500e+00,1.11125000e+01,-3.31250000e-02,1.19484375e+01
5.15840000e-07,4.89687500e+00,1.09125000e+01,1.87500000e-02,1.18781250e+01
5.16160000e-07,4.80000000e+00,1.09500000e+01,1.37500000e-02,1.17953125e+01
5.16480000e-07,4.91250000e+00,1.12000000e+01,-1.18750000e-02,1.18148437e+01
5.16800000e-07,4.84687500e+00,1.10250000e+01,-6.87500000e-03,1.18679687e+01
5.17120000e-07,4.75000000e+00,1.08875000e+01,-4.37500000e-03,1.19132813e+01
5.17440000e-07,4.98750000e+00,1.10500000e+01,2.31250000e-02,1.19242187e+01
5.17760000e-07,4.92187500e+00,1.10875000e+01,1.56250000e-02,1.19914063e+01
5.18080000e-07,4.86250000e+00,1.09875000e+01,-2.81250000e-02,1.19242187e+01
5.18400000e-07,4.88750000e+00,1.09500000e+01,2.06250000e-02,1.18421875e+01
5.18720000e-07,4.86250000e+00,1.09750000e+01,6.25000000e-04,1.18859375e+01
5.19040000e-07,4.91250000e+00,1.10750000e+01,8.12500000e-03,1.18531250e+01
5.19360000e-07,4.88750000e+00,1.09375000e+01,2.06250000e-02,1.18359375e+01
5.19680000e-07,4.90000000e+00,1.07750000e+01,1.56250000e-02,1.18179688e+01
5.20000000e-07,4.85000000e+00,1.09500000e+01,-1.18750000e-02,1.18492188e+01
5.20320000e-07,4.83750000e+00,1.09500000e+01,3.12500000e-03,1.18671875e+01
5.20640000e-07,4.92500000e+00,1.08750000e+01,5.62500000e-03,1.19015625e+01
5.20960000e-07,4.87500000e+00,1.08000000e+01,2.06250000e-02,1.18945312e+01
5.21280000e-07,4.85000000e+00,1.10375000e+01,-9.37500000e-03,1.18242188e+01
5.21600000e-07,4.80000000e+00,1.09375000e+01,-3.81250000e-02,1.17679687e+01
5.21920000e-07,4.85000000e+00,1.08875000e+01,8.12500000e-03,1.18554688e+01
5.22240000e-07,5.00000000e+00,1.08625000e+01,3.12500000e-03,1.19156250e+01
5.22560000e-07,5.03750000e+00,1.09375000e+01,-4.37500000e-03,1.18148437e+01
5.22880000e-07,4.87500000e+00,1.09875000e+01,8.12500000e-03,1.18164062e+01
5.23200000e-07,4.87500000e+00,1.10000000e+01,5.62500000e-03,1.18375000e+01
5.23520000e-07,4.83750000e+00,1.09875000e+01,1.56250000e-02,1.18468750e+01
5.23840000e-07,4.83750000e+00,1.10500000e+01,-4.37500000e-03,1.18546875e+01
5.24160000e-07,4.91250000e+00,1.10125000e+01,8.12500000e-03,1.18570313e+01
5.24480000e-07,4.83750000e+00,1.08375000e+01,1.31250000e-02,1.18703125e+01
5.24800000e-07,4.82500000e+00,1.10250000e+01,-6.87500000e-03,1.18984375e+01
5.25120000e-07,4.80000000e+00,1.10000000e+01,3.12500000e-03,1.19414062e+01
5.25440000e-07,4.75000000e+00,1.08250000e+01,-6.87500000e-03,1.19109375e+01
5.25760000e-07,4.80000000e+00,1.10500000e+01,-1.87500000e-03,1.18500000e+01
5.26080000e-07,4.77500000e+00,1.09000000e+01,1.31250000e-02,1.19062500e+01
5.26400000e-07,5.02500000e+00,1.10625000e+01,-1.43750000e-02,1.18484375e+01
5.26720000e-07,4.95000000e+00,1.09375000e+01,3.12500000e-03,1.18000000e+01
5.27040000e-07,4.80000000e+00,1.09125000e+01,3.12500000e-03,1.18609375e+01
5.27360000e-07,4.93750000e+00,1.09750000e+01,3.12500000e-03,1.19640625e+01
5.27680000e-07,4.86250000e+00,1.10125000e+01,1.81250000e-02,1.19687500e+01
5.28000000e-07,4.82500000e+00,1.10000000e+01,0.00000000e+00,1.18921875e+01
5.28320000e-07,4.86250000e+00,1.11250000e+01,-4.37500000e-02,1.18289062e+01
5.28640000e-07,4.76250000e+00,1.10625000e+01,1.25000000e-03,1.18671875e+01
5.28960000e-07,4.69687500e+00,1.09750000e+01,8.12500000e-03,1.18929687e+01
5.29280000e-07,4.87500000e+00,1.09625000e+01,-3.06250000e-02,1.19179688e+01
5.29600000e-07,4.92500000e+00,1.09875000e+01,6.25000000e-04,1.19460937e+01
5.29920000e-07,4.87500000e+00,1.09500000e+01,1.81250000e-02,1.19578125e+01
5.30240000e-07,4.72187500e+00,1.10500000e+01,-2.62500000e-02,1.19398437e+01
5.30560000e-07,4.98750000e+00,1.10250000e+01,-2.56250000e-02,1.19382812e+01
5.30880000e-07,4.93750000e+00,1.11375000e+01,-6.87500000e-03,1.18757812e+01
5.31200000e-07,4.85000000e+00,1.09500000e+01,2.87500000e-02,1.19250000e+01
5.31520000e-07,4.95000000e+00,1.09625000e+01,-1.68750000e-02,1.18851562e+01
5.31840000e-07,4.96250000e+00,1.08750000e+01,5.62500000e-03,1.18523437e+01
5.32160000e-07,4.82500000e+00,1.09875000e+01,-2.81250000e-02,1.19359375e+01
5.32480000e-07,4.81250000e+00,1.09000000e+01,6.25000000e-04,1.19312500e+01
5.32800000e-07,4.85000000e+00,1.09625000e+01,-4.37500000e-03,1.19390625e+01
5.33120000e-07,4.95000000e+00,1.09250000e+01,1.06250000e-02,1.20164062e+01
5.33440000e-07,4.86250000e+00,1.10750000e+01,5.62500000e-03,1.19554687e+01
5.33760000e-07,4.87500000e+00,1.09000000e+01,8.12500000e-03,1.19015625e+01
5.34080000e-07,4.92500000e+00,1.09750000e+01,-6.87500000e-03,1.18968750e+01
5.34400000e-07,4.77500000e+00,1.10000000e+01,-1.43750000e-02,1.19187500e+01
5.34720000e-07,4.93750000e+00,1.07000000e+01,-1.43750000e-02,1.20210938e+01
5.35040000e-07,4.90000000e+00,1.10625000e+01,3.12500000e-03,1.20078125e+01
5.35360000e-07,4.86250000e+00,1.09875000e+01,-6.87500000e-03,1.19171875e+01
5.35680000e-07,4.91250000e+00,1.09750000e+01,-1.93750000e-02,1.19718750e+01
5.36000000e-07,4.69687500e+00,1.10125000e+01,2.31250000e-02,1.18875000e+01
5.36320000e-07,4.86250000e+00,1.10625000e+01,1.56250000e-02,1.18312500e+01
5.36640000e-07,4.76250000e+00,1.11500000e+01,1.31250000e-02,1.18492188e+01
5.36960000e-07,4.91250000e+00,1.07875000e+01,5.62500000e-03,1.18046875e+01
5.37280000e-07,4.81250000e+00,1.08750000e+01,3.12500000e-03,1.19195313e+01
5.37600000e-07,4.90000000e+00,1.09000000e+01,-9.37500000e-03,1.19796875e+01
5.37920000e-07,4.92500000e+00,1.09000000e+01,-1.93750000e-02,1.18859375e+01
5.38240000e-07,4.81250000e+00,1.10125000e+01,1.31250000e-02,1.19320312e+01
5.38560000e-07,4.86250000e+00,1.11125000e+01,1.06250000e-02,1.19101562e+01
5.38880000e-07,4.80000000e+00,1.09375000e+01,-3.56250000e-02,1.18453125e+01
5.39200000e-07,4.80937500e+00,1.11250000e+01,1.31250000e-02,1.18414063e+01
5.39520000e-07,4.68437500e+00,1.10000000e+01,1.31250000e-02,1.19265625e+01
5.39840000e-07,5.03750000e+00,1.09625000e+01,0.00000000e+00,1.19796875e+01
5.40160000e-07,4.88437500e+00,1.09625000e+01,-3.56250000e-02,1.20070313e+01
5.40480000e-07,4.83750000e+00,1.09750000e+01,2.37500000e-02,1.19429688e+01
5.40800000e-07,4.78750000e+00,1.10250000e+01,3.75000000e-03,1.18921875e+01
5.41120000e-07,4.90000000e+00,1.09000000e+01,1.06250000e-02,1.18960938e+01
5.41440000e-07,4.78750000e+00,1.08875000e+01,-6.87500000e-03,1.19554687e+01
5.41760000e-07,5.00000000e+00,1.09000000e+01,3.12500000e-03,1.19304687e+01
5.42080000e-07,4.97500000e+00,1.09250000e+01,-1.68750000e-02,1.18742188e+01
5.42400000e-07,4.86250000e+00,1.10500000e+01,-9.37500000e-03,1.19570312e+01
5.42720000e-07,4.81250000e+00,1.09375000e+01,-9.37500000e-03,1.20679688e+01
5.43040000e-07,4.82500000e+00,1.10250000e+01,2.50000000e-03,1.20257812e+01
5.43360000e-07,4.92500000e+00,1.09375000e+01,-3.87500000e-02,1.19023438e+01
5.43680000e-07,4.83750000e+00,1.09875000e+01,-2.75000000e-02,1.18578125e+01
5.44000000e-07,4.80000000e+00,1.10000000e+01,1.12500000e-02,1.18921875e+01
5.44320000e-07,4.96250000e+00,1.10375000e+01,1.12500000e-02,1.18796875e+01
5.44640000e-07,4.88750000e+00,1.10375000e+01,3.12500000e-03,1.18828125e+01
5.44960000e-07,4.90000000e+00,1.10000000e+01,2.31250000e-02,1.19500000e+01
5.45280000e-07,4.78750000e+00,1.08875000e+01,-1.68750000e-02,1.19804688e+01
5.45600000e-07,5.01250000e+00,1.09125000e+01,-4.37500000e-03,1.19554687e+01
5.45920000e-07,4.90000000e+00,1.09875000e+01,-1.18750000e-02,1.19476562e+01
5.46240000e-07,4.86250000e+00,1.09625000e+01,3.81250000e-02,1.19304687e+01
5.46560000e-07,4.92500000e+00,1.10125000e+01,-1.93750000e-02,1.19882812e+01
5.46880000e-07,4.90000000e+00,1.09625000e+01,6.25000000e-04,1.19640625e+01
5.47200000e-07,4.75000000e+00,1.09750000e+01,-1.68750000e-02,1.18640625e+01
5.47520000e-07,4.90000000e+00,1.10875000e+01,-6.87500000e-03,1.18890625e+01
5.47840000e-07,5.00000000e+00,1.10250000e+01,3.06250000e-02,1.19539062e+01
5.48160000e-07,4.86250000e+00,1.09500000e+01,-2.00000000e-02,1.19390625e+01
5.48480000e-07,4.81250000e+00,1.11375000e+01,-9.37500000e-03,1.18546875e+01
5.48800000e-07,4.87500000e+00,1.11500000e+01,-1.87500000e-03,1.18539062e+01
5.49120000e-07,4.86250000e+00,1.09375000e+01,1.81250000e-02,1.19281250e+01
5.49440000e-07,4.90000000e+00,1.10375000e+01,5.06250000e-02,1.19320312e+01
5.49760000e-07,4.90000000e+00,1.09500000e+01,-1.93750000e-02,1.19382812e+01
5.50080000e-07,4.86250000e+00,1.09875000e+01,1.06250000e-02,1.19226562e+01
5.50400000e-07,4.96250000e+00,1.09625000e+01,5.62500000e-03,1.19546875e+01
5.50720000e-07,4.96250000e+00,1.09750000e+01,5.62500000e-03,1.19718750e+01
5.51040000e-07,4.87500000e+00,1.09375000e+01,6.25000000e-04,1.18859375e+01
5.51360000e-07,4.78750000e+00,1.10125000e+01,-1.18750000e-02,1.18695312e+01
5.51680000e-07,4.85000000e+00,1.08625000e+01,6.25000000e-04,1.19171875e+01
5.52000000e-07,4.85000000e+00,1.10000000e+01,1.81250000e-02,1.19570312e+01
5.52320000e-07,4.83750000e+00,1.10250000e+01,3.06250000e-02,1.19367188e+01
5.52640000e-07,4.80000000e+00,1.10250000e+01,5.62500000e-03,1.19265625e+01
5.52960000e-07,4.85000000e+00,1.09125000e+01,-2.18750000e-02,1.20179687e+01
5.53280000e-07,4.85000000e+00,1.10375000e+01,8.12500000e-03,1.19414062e+01
5.53600000e-07,4.77500000e+00,1.09625000e+01,-9.37500000e-03,1.18828125e+01
5.53920000e-07,4.82500000e+00,1.10625000e+01,5.62500000e-03,1.20335937e+01
5.54240000e-07,4.80000000e+00,1.09500000e+01,-1.87500000e-03,1.20078125e+01
5.54560000e-07,4.81250000e+00,1.10250000e+01,4.06250000e-02,1.19054688e+01
5.54880000e-07,4.83750000e+00,1.10500000e+01,-1.18750000e-02,1.20546875e+01
5.55200000e-07,4.90000000e+00,1.08875000e+01,-4.37500000e-03,1.20976562e+01
5.55520000e-07,4.82500000e+00,1.10750000e+01,1.56250000e-02,1.19468750e+01
5.55840000e-07,4.80000000e+00,1.10500000e+01,5.62500000e-03,1.18617187e+01
5.56160000e-07,4.97500000e+00,1.09875000e+01,1.56250000e-02,1.18726563e+01
5.56480000e-07,4.88750000e+00,1.09750000e+01,3.12500000e-03,1.19429688e+01
5.56800000e-07,4.76250000e+00,1.10000000e+01,2.56250000e-02,1.20046875e+01
5.57120000e-07,4.77500000e+00,1.09875000e+01,1.31250000e-02,1.19757813e+01
5.57440000e-07,4.83750000e+00,1.09375000e+01,-4.37500000e-03,1.19507813e+01
5.57760000e-07,4.92500000e+00,1.09750000e+01,1.56250000e-02,1.19867187e+01
5.58080000e-07,4.95000000e+00,1.09250000e+01,-1.93750000e-02,1.19796875e+01
5.58400000e-07,4.81250000e+00,1.10500000e+01,2.56250000e-02,1.18851562e+01
5.58720000e-07,4.75000000e+00,1.11125000e+01,1.31250000e-02,1.19250000e+01
5.59040000e-07,4.87500000e+00,1.10375000e+01,1.06250000e-02,1.18875000e+01
5.59360000e-07,4.90000000e+00,1.09750000e+01,6.25000000e-04,1.18195313e+01
5.59680000e-07,4.96250000e+00,1.09625000e+01,-1.93750000e-02,1.18164062e+01
5.60000000e-07,4.86250000e+00,1.09500000e+01,2.06250000e-02,1.18625000e+01
5.60320000e-07,4.98750000e+00,1.10125000e+01,8.12500000e-03,1.19312500e+01
5.60640000e-07,4.86250000e+00,1.09250000e+01,-9.37500000e-03,1.19617187e+01
5.60960000e-07,4.75000000e+00,1.11125000e+01,1.31250000e-02,1.20351562e+01
5.61280000e-07,4.87500000e+00,1.10125000e+01,2.06250000e-02,1.19070312e+01
5.61600000e-07,4.90000000e+00,1.10500000e+01,6.25000000e-04,1.18750000e+01
5.61920000e-07,4.88750000e+00,1.09750000e+01,1.31250000e-02,1.18687500e+01
5.62240000e-07,4.92500000e+00,1.10125000e+01,-2.25000000e-02,1.18187500e+01
5.62560000e-07,4.90000000e+00,1.09375000e+01,-6.87500000e-03,1.18750000e+01
5.62880000e-07,4.92500000e+00,1.09500000e+01,2.31250000e-02,1.19820313e+01
5.63200000e-07,4.92500000e+00,1.10750000e+01,2.31250000e-02,1.19835938e+01
5.63520000e-07,4.91250000e+00,1.08750000e+01,6.25000000e-04,1.19710937e+01
5.63840000e-07,4.87500000e+00,1.08750000e+01,3.12500000e-03,1.19585938e+01
5.64160000e-07,4.83750000e+00,1.10875000e+01,-1.18750000e-02,1.19140625e+01
5.64480000e-07,4.86250000e+00,1.08875000e+01,5.62500000e-03,1.18210937e+01
5.64800000e-07,4.77500000e+00,1.11125000e+01,-1.87500000e-03,1.17578125e+01
5.65120000e-07,4.80000000e+00,1.09625000e+01,-9.37500000e-03,1.18187500e+01
5.65440000e-07,4.81250000e+00,1.09750000e+01,3.06250000e-02,1.18195313e+01
5.65760000e-07,4.86250000e+00,1.11125000e+01,1.06250000e-02,1.19046875e+01
5.66080000e-07,4.91250000e+00,1.09750000e+01,-9.37500000e-03,1.19523438e+01
5.66400000e-07,4.87500000e+00,1.10500000e+01,-3.31250000e-02,1.18976563e+01
5.66720000e-07,4.83750000e+00,1.10250000e+01,1.06250000e-02,1.19234375e+01
5.67040000e-07,4.86250000e+00,1.10250000e+01,-1.87500000e-03,1.18632812e+01
5.67360000e-07,4.79687500e+00,1.09625000e+01,-9.37500000e-03,1.18015625e+01
5.67680000e-07,4.75000000e+00,1.07625000e+01,-1.87500000e-03,1.18257813e+01
5.68000000e-07,4.83750000e+00,1.10375000e+01,-6.87500000e-03,1.19109375e+01
5.68320000e-07,4.84687500e+00,1.10250000e+01,-4.37500000e-03,1.19671875e+01
5.68640000e-07,4.86250000e+00,1.09250000e+01,1.06250000e-02,1.18960938e+01
5.68960000e-07,4.88750000e+00,1.09125000e+01,-6.87500000e-03,1.19601563e+01
5.69280000e-07,4.85000000e+00,1.10625000e+01,1.06250000e-02,1.19515625e+01
5.69600000e-07,4.78750000e+00,1.09875000e+01,8.12500000e-03,1.19414062e+01
5.69920000e-07,4.77500000e+00,1.09625000e+01,1.06250000e-02,1.19882812e+01
5.70240000e-07,4.83750000e+00,1.10000000e+01,-4.37500000e-03,1.20375000e+01
5.70560000e-07,4.90000000e+00,1.10750000e+01,-1.18750000e-02,1.20140625e+01
5.70880000e-07,4.85000000e+00,1.08625000e+01,3.06250000e-02,1.19500000e+01
5.71200000e-07,4.85000000e+00,1.08375000e+01,-5.00000000e-03,1.19484375e+01
5.71520000e-07,4.83750000e+00,1.09500000e+01,-3.06250000e-02,1.19414062e+01
5.71840000e-07,4.86250000e+00,1.10000000e+01,1.37500000e-02,1.19203125e+01
5.72160000e-07,4.81250000e+00,1.09625000e+01,1.12500000e-02,1.19312500e+01
5.72480000e-07,4.92500000e+00,1.09500000e+01,6.25000000e-04,1.19554687e+01
5.72800000e-07,4.92500000e+00,1.09125000e+01,6.25000000e-04,1.19570312e+01
5.73120000e-07,4.90000000e+00,1.09375000e+01,2.81250000e-02,1.19765625e+01
5.73440000e-07,4.82187500e+00,1.08875000e+01,2.31250000e-02,1.20679688e+01
5.73760000e-07,4.70937500e+00,1.10375000e+01,6.25000000e-04,1.19664063e+01
5.74080000e-07,4.85000000e+00,1.08625000e+01,6.25000000e-04,1.19578125e+01
5.74400000e-07,4.92187500e+00,1.10375000e+01,1.06250000e-02,1.20250000e+01
5.74720000e-07,4.88750000e+00,1.10500000e+01,1.06250000e-02,1.19429688e+01
5.75040000e-07,4.91250000e+00,1.09625000e+01,1.31250000e-02,1.19140625e+01
5.75360000e-07,4.98750000e+00,1.08125000e+01,1.31250000e-02,1.19226562e+01
5.75680000e-07,5.01250000e+00,1.10000000e+01,2.31250000e-02,1.19757813e+01
5.76000000e-07,4.88750000e+00,1.10750000e+01,-4.37500000e-03,1.19335938e+01
5.76320000e-07,4.87500000e+00,1.09750000e+01,3.12500000e-03,1.18804688e+01
5.76640000e-07,4.82500000e+00,1.10250000e+01,-9.37500000e-03,1.20476562e+01
5.76960000e-07,4.81250000e+00,1.10500000e+01,-2.81250000e-02,1.19953125e+01
5.77280000e-07,4.85000000e+00,1.09750000e+01,-2.25000000e-02,1.20062500e+01
5.77600000e-07,4.96250000e+00,1.11000000e+01,-2.56250000e-02,1.20484375e+01
5.77920000e-07,4.91250000e+00,1.10000000e+01,1.25000000e-03,1.20343750e+01
5.78240000e-07,4.83750000e+00,1.08375000e+01,-4.37500000e-03,1.20609375e+01
5.78560000e-07,4.92500000e+00,1.09625000e+01,-2.18750000e-02,1.20109375e+01
5.78880000e-07,4.91250000e+00,1.09375000e+01,-1.87500000e-03,1.19367188e+01
5.79200000e-07,4.82500000e+00,1.09125000e+01,6.25000000e-04,1.18664063e+01
5.79520000e-07,4.82500000e+00,1.11375000e+01,-4.37500000e-03,1.20359375e+01
5.79840000e-07,4.91250000e+00,1.09500000e+01,1.31250000e-02,1.20679688e+01
5.80160000e-07,4.76250000e+00,1.10000000e+01,-2.18750000e-02,1.19468750e+01
5.80480000e-07,4.92500000e+00,1.08250000e+01,-4.37500000e-03,1.18882813e+01
5.80800000e-07,5.01250000e+00,1.10625000e+01,-1.87500000e-03,1.19320312e+01
5.81120000e-07,4.77500000e+00,1.10125000e+01,8.12500000e-03,1.19781250e+01
5.81440000e-07,4.90000000e+00,1.09875000e+01,3.12500000e-03,1.19304687e+01
5.81760000e-07,4.93750000e+00,1.09500000e+01,-1.18750000e-02,1.19593750e+01
5.82080000e-07,4.80000000e+00,1.09000000e+01,3.12500000e-03,1.19031250e+01
5.82400000e-07,4.86250000e+00,1.09125000e+01,3.06250000e-02,1.19031250e+01
5.82720000e-07,4.86250000e+00,1.10125000e+01,-2.62500000e-02,1.18914062e+01
5.83040000e-07,5.06250000e+00,1.10250000e+01,-6.87500000e-03,1.18703125e+01
5.83360000e-07,4.88750000e+00,1.09750000e+01,-5.00000000e-03,1.18906250e+01
5.83680000e-07,4.92500000e+00,1.10250000e+01,-6.87500000e-03,1.18898438e+01
5.84000000e-07,4.87500000e+00,1.09125000e+01,6.25000000e-04,1.18718750e+01
5.84320000e-07,4.78750000e+00,1.09375000e+01,-4.37500000e-03,1.19554687e+01
5.84640000e-07,4.85000000e+00,1.10625000e+01,-9.37500000e-03,1.20687500e+01
5.84960000e-07,4.80000000e+00,1.09125000e+01,-6.87500000e-03,1.19632812e+01
5.85280000e-07,4.82500000e+00,1.10125000e+01,1.31250000e-02,1.18734375e+01
5.85600000e-07,4.91250000e+00,1.10250000e+01,-1.18750000e-02,1.19195313e+01
5.85920000e-07,4.87500000e+00,1.10125000e+01,1.06250000e-02,1.19914063e+01
5.86240000e-07,4.91250000e+00,1.09125000e+01,-4.37500000e-03,1.19921875e+01
5.86560000e-07,4.96250000e+00,1.10500000e+01,-4.37500000e-03,1.19968750e+01
5.86880000e-07,4.80000000e+00,1.10000000e+01,2.06250000e-02,1.20421875e+01
5.87200000e-07,4.87500000e+00,1.09375000e+01,3.12500000e-03,1.20429688e+01
5.87520000e-07,4.87500000e+00,1.10125000e+01,-4.37500000e-03,1.20570312e+01
5.87840000e-07,4.74687500e+00,1.11125000e+01,1.81250000e-02,1.20000000e+01
5.88160000e-07,4.75000000e+00,1.09625000e+01,-1.43750000e-02,1.19515625e+01
5.88480000e-07,4.81250000e+00,1.08750000e+01,-1.43750000e-02,1.20085937e+01
5.88800000e-07,4.87187500e+00,1.07625000e+01,-1.18750000e-02,1.19828125e+01
5.89120000e-07,4.93750000e+00,1.08750000e+01,2.31250000e-02,1.19242187e+01
5.89440000e-07,4.82500000e+00,1.09750000e+01,6.25000000e-04,1.18734375e+01
5.89760000e-07,4.82500000e+00,1.10375000e+01,5.62500000e-03,1.18851562e+01
5.90080000e-07,4.81250000e+00,1.09125000e+01,2.06250000e-02,1.18906250e+01
5.90400000e-07,4.83750000e+00,1.10500000e+01,-2.87500000e-02,1.18773437e+01
5.90720000e-07,4.97500000e+00,1.10875000e+01,-1.87500000e-03,1.19343750e+01
5.91040000e-07,4.79687500e+00,1.09125000e+01,2.50000000e-02,1.20281250e+01
5.91360000e-07,4.80000000e+00,1.09000000e+01,-4.37500000e-03,1.20523438e+01
5.91680000e-07,4.96250000e+00,1.09000000e+01,1.06250000e-02,1.19648438e+01
5.92000000e-07,4.94687500e+00,1.10375000e+01,1.81250000e-02,1.20359375e+01
5.92320000e-07,4.80000000e+00,1.10250000e+01,-6.87500000e-03,1.20640625e+01
5.92640000e-07,4.83750000e+00,1.09000000e+01,-4.37500000e-03,1.19296875e+01
5.92960000e-07,4.82500000e+00,1.10375000e+01,1.31250000e-02,1.18578125e+01
5.93280000e-07,4.91250000e+00,1.09250000e+01,-2.87500000e-02,1.18757812e+01
5.93600000e-07,4.85000000e+00,1.09250000e+01,-1.43750000e-02,1.19468750e+01
5.93920000e-07,4.87500000e+00,1.09125000e+01,1.25000000e-02,1.20187500e+01
5.94240000e-07,4.82500000e+00,1.09750000e+01,3.31250000e-02,1.19265625e+01
5.94560000e-07,5.01250000e+00,1.09750000e+01,1.31250000e-02,1.18781250e+01
5.94880000e-07,4.92500000e+00,1.10250000e+01,-3.31250000e-02,1.19789062e+01
5.95200000e-07,4.80000000e+00,1.09250000e+01,-9.37500000e-03,1.20304688e+01
5.95520000e-07,4.83750000e+00,1.10250000e+01,-1.43750000e-02,1.19812500e+01
5.95840000e-07,4.85000000e+00,1.11000000e+01,-6.87500000e-03,1.19203125e+01
5.96160000e-07,4.90000000e+00,1.09625000e+01,5.62500000e-03,1.19421875e+01
5.96480000e-07,4.73437500e+00,1.09250000e+01,1.31250000e-02,1.19945312e+01
5.96800000e-07,4.83750000e+00,1.09875000e+01,-9.37500000e-03,1.20085937e+01
5.97120000e-07,4.98750000e+00,1.08875000e+01,-2.62500000e-02,1.20085937e+01
5.97440000e-07,4.87500000e+00,1.10500000e+01,-6.87500000e-03,1.19687500e+01
5.97760000e-07,4.80000000e+00,1.09125000e+01,7.50000000e-03,1.19843750e+01
5.98080000e-07,4.88750000e+00,1.10375000e+01,-1.18750000e-02,1.19328125e+01
5.98400000e-07,4.90000000e+00,1.10750000e+01,-6.87500000e-03,1.19398437e+01
5.98720000e-07,4.90000000e+00,1.11250000e+01,3.12500000e-03,1.19789062e+01
5.99040000e-07,4.81250000e+00,1.08500000e+01,-6.87500000e-03,1.19328125e+01
5.99360000e-07,4.86250000e+00,1.10375000e+01,3.06250000e-02,1.18929687e+01
5.99680000e-07,4.85000000e+00,1.09875000e+01,-1.18750000e-02,1.19210938e+01
6.00000000e-07,4.73125000e+00,1.10250000e+01,3.12500000e-03,1.19773437e+01
6.00320000e-07,4.83750000e+00,1.10125000e+01,1.56250000e-02,1.19640625e+01
6.00640000e-07,4.98750000e+00,1.09500000e+01,6.25000000e-04,1.19851562e+01
6.00960000e-07,4.87187500e+00,1.09000000e+01,3.12500000e-03,1.20281250e+01
6.01280000e-07,4.91250000e+00,1.10375000e+01,-3.87500000e-02,1.21046875e+01
6.01600000e-07,4.75937500e+00,1.08125000e+01,-1.93750000e-02,1.21156250e+01
6.01920000e-07,4.72187500e+00,1.09000000e+01,7.50000000e-03,1.20148438e+01
6.02240000e-07,4.87500000e+00,1.09125000e+01,2.81250000e-02,1.19851562e+01
6.02560000e-07,4.82187500e+00,1.10625000e+01,1.56250000e-02,1.19609375e+01
6.02880000e-07,4.86250000e+00,1.09125000e+01,-1.18750000e-02,1.20484375e+01
6.03200000e-07,4.92500000e+00,1.08375000e+01,3.12500000e-03,1.19796875e+01
6.03520000e-07,4.86250000e+00,1.09000000e+01,6.25000000e-04,1.19687500e+01
6.03840000e-07,4.76250000e+00,1.10125000e+01,-1.18750000e-02,1.19960938e+01
6.04160000e-07,4.83750000e+00,1.09500000e+01,-1.18750000e-02,1.20312500e+01
6.04480000e-07,4.91250000e+00,1.10000000e+01,-4.37500000e-03,1.20406250e+01
6.04800000e-07,4.83750000e+00,1.09625000e+01,2.81250000e-02,1.21046875e+01
6.05120000e-07,4.78750000e+00,1.09500000e+01,2.31250000e-02,1.20593750e+01
6.05440000e-07,4.91250000e+00,1.09750000e+01,-2.00000000e-02,1.20210938e+01
6.05760000e-07,4.80000000e+00,1.10125000e+01,-1.43750000e-02,1.20210938e+01
6.06080000e-07,4.86250000e+00,1.09875000e+01,-6.87500000e-03,1.19976563e+01
6.06400000e-07,5.00000000e+00,1.08625000e+01,-1.18750000e-02,1.20773438e+01
6.06720000e-07,4.81250000e+00,1.09125000e+01,5.62500000e-03,1.21468750e+01
6.07040000e-07,4.83750000e+00,1.10125000e+01,-1.87500000e-03,1.20437500e+01
6.07360000e-07,4.81250000e+00,1.09375000e+01,8.12500000e-03,1.20195312e+01
6.07680000e-07,4.74687500e+00,1.09625000e+01,6.25000000e-04,1.19648438e+01
6.08000000e-07,4.69687500e+00,1.09250000e+01,-9.37500000e-03,1.20054688e+01
6.08320000e-07,5.03750000e+00,1.10500000e+01,1.31250000e-02,1.20523438e+01
6.08640000e-07,4.90937500e+00,1.08750000e+01,-1.18750000e-02,1.19929687e+01
6.08960000e-07,4.93750000e+00,1.09500000e+01,1.06250000e-02,1.20250000e+01
6.09280000e-07,4.86250000e+00,1.09625000e+01,3.12500000e-03,1.20359375e+01
6.09600000e-07,4.77500000e+00,1.10000000e+01,8.12500000e-03,1.18976563e+01
6.09920000e-07,4.87500000e+00,1.11500000e+01,3.12500000e-03,1.19031250e+01
6.10240000e-07,4.69375000e+00,1.10125000e+01,5.62500000e-03,1.20023437e+01
6.10560000e-07,4.80000000e+00,1.09000000e+01,5.62500000e-03,1.19390625e+01
6.10880000e-07,4.82500000e+00,1.09625000e+01,1.06250000e-02,1.18617187e+01
6.11200000e-07,4.89687500e+00,1.10000000e+01,-1.43750000e-02,1.19226562e+01
6.11520000e-07,5.05000000e+00,1.10250000e+01,6.25000000e-04,1.18453125e+01
6.11840000e-07,4.78750000e+00,1.09875000e+01,-3.31250000e-02,1.18648438e+01
6.12160000e-07,4.85000000e+00,1.09750000e+01,1.81250000e-02,1.19695312e+01
6.12480000e-07,4.81250000e+00,1.09875000e+01,2.81250000e-02,1.19710937e+01
6.12800000e-07,4.82500000e+00,1.11375000e+01,2.81250000e-02,1.19398437e+01
6.13120000e-07,4.76250000e+00,1.09500000e+01,6.25000000e-04,1.18851562e+01
6.13440000e-07,4.97500000e+00,1.09125000e+01,8.12500000e-03,1.18796875e+01
6.13760000e-07,4.88750000e+00,1.09750000e+01,1.06250000e-02,1.19187500e+01
6.14080000e-07,4.83750000e+00,1.09875000e+01,-3.81250000e-02,1.19414062e+01
6.14400000e-07,4.93750000e+00,1.09250000e+01,1.31250000e-02,1.19828125e+01
6.14720000e-07,4.92500000e+00,1.11125000e+01,2.56250000e-02,1.19546875e+01
6.15040000e-07,4.82500000e+00,1.09000000e+01,-1.18750000e-02,1.18875000e+01
6.15360000e-07,4.77500000e+00,1.09125000e+01,3.12500000e-03,1.18703125e+01
6.15680000e-07,4.87500000e+00,1.09125000e+01,8.12500000e-03,1.17968750e+01
6.16000000e-07,4.81250000e+00,1.10000000e+01,1.81250000e-02,1.18335938e+01
6.16320000e-07,4.86250000e+00,1.09250000e+01,-6.87500000e-03,1.19593750e+01
6.16640000e-07,4.87500000e+00,1.11375000e+01,-1.43750000e-02,1.19085937e+01
6.16960000e-07,4.87500000e+00,1.09625000e+01,2.81250000e-02,1.18460937e+01
6.17280000e-07,4.82500000e+00,1.10125000e+01,3.06250000e-02,1.18578125e+01
6.17600000e-07,4.92500000e+00,1.10750000e+01,-1.18750000e-02,1.19101562e+01
6.17920000e-07,4.88750000e+00,1.09000000e+01,-1.87500000e-03,1.19773437e+01
6.18240000e-07,4.92500000e+00,1.09500000e+01,-6.87500000e-03,1.19796875e+01
6.18560000e-07,4.87500000e+00,1.09625000e+01,1.06250000e-02,1.19265625e+01
6.18880000e-07,4.69375000e+00,1.10625000e+01,3.12500000e-03,1.18460937e+01
6.19200000e-07,4.80000000e+00,1.09125000e+01,-4.37500000e-03,1.18500000e+01
6.19520000e-07,4.80000000e+00,1.10000000e+01,5.62500000e-03,1.19078125e+01
6.19840000e-07,5.00937500e+00,1.10250000e+01,8.12500000e-03,1.19070312e+01
6.20160000e-07,4.81250000e+00,1.09125000e+01,1.31250000e-02,1.19250000e+01
6.20480000e-07,4.80000000e+00,1.10125000e+01,5.62500000e-03,1.18960938e+01
6.20800000e-07,4.73437500e+00,1.10875000e+01,-1.18750000e-02,1.18195313e+01
6.21120000e-07,4.80000000e+00,1.11125000e+01,-1.87500000e-03,1.17875000e+01
6.21440000e-07,4.91250000e+00,1.09250000e+01,1.31250000e-02,1.18195313e+01
6.21760000e-07,4.85000000e+00,1.10875000e+01,-2.25000000e-02,1.18554688e+01
6.22080000e-07,4.85000000e+00,1.10125000e+01,-2.18750000e-02,1.19125000e+01
6.22400000e-07,4.87500000e+00,1.10750000e+01,2.56250000e-02,1.19500000e+01
6.22720000e-07,5.02500000e+00,1.09625000e+01,2.06250000e-02,1.19375000e+01
6.23040000e-07,5.00000000e+00,1.09000000e+01,1.81250000e-02,1.19078125e+01
6.23360000e-07,4.75000000e+00,1.08875000e+01,-1.18750000e-02,1.18492188e+01
6.23680000e-07,4.75000000e+00,1.08500000e+01,1.06250000e-02,1.19148437e+01
6.24000000e-07,4.83750000e+00,1.08750000e+01,-9.37500000e-03,1.20210938e+01
6.24320000e-07,4.86250000e+00,1.10750000e+01,5.62500000e-03,1.20421875e+01
6.24640000e-07,5.06250000e+00,1.09625000e+01,1.81250000e-02,1.20375000e+01
6.24960000e-07,4.95000000e+00,1.10375000e+01,5.62500000e-03,1.19273438e+01
6.25280000e-07,4.80000000e+00,1.10000000e+01,-9.37500000e-03,1.18992187e+01
6.25600000e-07,4.75000000e+00,1.10375000e+01,-4.37500000e-03,1.19125000e+01
6.25920000e-07,4.70937500e+00,1.10500000e+01,5.62500000e-03,1.18625000e+01
6.26240000e-07,4.81250000e+00,1.10125000e+01,3.12500000e-03,1.17453125e+01
6.26560000e-07,4.91250000e+00,1.09375000e+01,-2.81250000e-02,1.18054687e+01
6.26880000e-07,4.92500000e+00,1.10375000e+01,1.25000000e-02,1.19750000e+01
6.27200000e-07,4.92500000e+00,1.09000000e+01,-3.81250000e-02,1.20179687e+01
6.27520000e-07,4.93750000e+00,1.10625000e+01,3.37500000e-02,1.20312500e+01
6.27840000e-07,4.97500000e+00,1.10375000e+01,-1.43750000e-02,1.19296875e+01
6.28160000e-07,4.83750000e+00,1.09250000e+01,-3.62500000e-02,1.18320312e+01
6.28480000e-07,4.82500000e+00,1.10500000e+01,-1.93750000e-02,1.18531250e+01
6.28800000e-07,4.77500000e+00,1.11125000e+01,-1.18750000e-02,1.18500000e+01
6.29120000e-07,4.98750000e+00,1.10500000e+01,3.06250000e-02,1.19062500e+01
6.29440000e-07,4.88750000e+00,1.09750000e+01,-1.68750000e-02,1.19992188e+01
6.29760000e-07,4.80000000e+00,1.09000000e+01,-1.87500000e-03,1.20273438e+01
6.30080000e-07,4.98750000e+00,1.09250000e+01,1.56250000e-02,1.20195312e+01
6.30400000e-07,4.85000000e+00,1.10750000e+01,2.56250000e-02,1.19968750e+01
6.30720000e-07,4.88750000e+00,1.10000000e+01,-4.37500000e-03,1.19742188e+01
6.31040000e-07,4.70625000e+00,1.10125000e+01,-6.87500000e-03,1.18570313e+01
6.31360000e-07,4.75000000e+00,1.09500000e+01,4.06250000e-02,1.18968750e+01
6.31680000e-07,4.96250000e+00,1.09125000e+01,3.12500000e-03,1.19234375e+01
6.32000000e-07,4.92187500e+00,1.11375000e+01,-2.18750000e-02,1.19148437e+01
6.32320000e-07,5.00000000e+00,1.10125000e+01,-6.87500000e-03,1.19726562e+01
6.32640000e-07,5.00000000e+00,1.08500000e+01,1.81250000e-02,1.19562500e+01
6.32960000e-07,4.71875000e+00,1.09875000e+01,-9.37500000e-03,1.19281250e+01
6.33280000e-07,4.60625000e+00,1.10375000e+01,2.06250000e-02,1.18687500e+01
6.33600000e-07,4.80000000e+00,1.10000000e+01,2.31250000e-02,1.18585938e+01
6.33920000e-07,4.80937500e+00,1.09500000e+01,-6.87500000e-03,1.18546875e+01
6.34240000e-07,4.92187500e+00,1.08000000e+01,-1.18750000e-02,1.19320312e+01
6.34560000e-07,4.92500000e+00,1.09750000e+01,3.12500000e-03,1.19718750e+01
6.34880000e-07,4.82500000e+00,1.10125000e+01,-6.87500000e-03,1.19218750e+01
6.35200000e-07,4.80000000e+00,1.10250000e+01,6.25000000e-04,1.19679688e+01
6.35520000e-07,4.83750000e+00,1.10375000e+01,8.12500000e-03,1.19679688e+01
6.35840000e-07,4.93750000e+00,1.10500000e+01,2.81250000e-02,1.18500000e+01
6.36160000e-07,4.83750000e+00,1.09750000e+01,3.12500000e-03,1.18890625e+01
6.36480000e-07,4.82500000e+00,1.10000000e+01,-6.87500000e-03,1.19359375e+01
6.36800000e-07,4.97500000e+00,1.09375000e+01,-7.50000000e-03,1.18726563e+01
6.37120000e-07,4.85000000e+00,1.10125000e+01,-2.81250000e-02,1.19031250e+01
6.37440000e-07,5.07500000e+00,1.08625000e+01,3.12500000e-02,1.18976563e+01
6.37760000e-07,4.87500000e+00,1.09625000e+01,1.62500000e-02,1.18546875e+01
6.38080000e-07,4.81250000e+00,1.09000000e+01,-2.00000000e-02,1.19515625e+01
6.38400000e-07,4.83750000e+00,1.09500000e+01,-2.56250000e-02,1.19242187e+01
6.38720000e-07,4.81250000e+00,1.09625000e+01,3.75000000e-03,1.18007812e+01
6.39040000e-07,4.73437500e+00,1.10375000e+01,2.37500000e-02,1.18750000e+01
6.39360000e-07,5.01250000e+00,1.09250000e+01,3.12500000e-03,1.19851562e+01
6.39680000e-07,4.92500000e+00,1.08875000e+01,-2.25000000e-02,1.20148438e+01
6.40000000e-07,4.85000000e+00,1.09250000e+01,-4.37500000e-03,1.19492188e+01
6.40320000e-07,4.78750000e+00,1.10000000e+01,3.81250000e-02,1.18898438e+01
6.40640000e-07,4.90000000e+00,1.09375000e+01,-6.87500000e-03,1.18640625e+01
6.40960000e-07,4.78437500e+00,1.10375000e+01,-4.37500000e-03,1.18718750e+01
6.41280000e-07,4.77500000e+00,1.10250000e+01,3.12500000e-03,1.18539062e+01
6.41600000e-07,4.96250000e+00,1.09375000e+01,1.06250000e-02,1.18773437e+01
6.41920000e-07,4.80625000e+00,1.08875000e+01,-1.93750000e-02,1.18812500e+01
6.42240000e-07,4.66875000e+00,1.10125000e+01,-1.43750000e-02,1.18765625e+01
6.42560000e-07,4.77500000e+00,1.08625000e+01,2.31250000e-02,1.18484375e+01
6.42880000e-07,4.82187500e+00,1.08625000e+01,5.62500000e-03,1.18296875e+01
6.43200000e-07,4.75937500e+00,1.09875000e+01,-3.06250000e-02,1.18960938e+01
6.43520000e-07,4.77500000e+00,1.09875000e+01,5.62500000e-03,1.18273438e+01
6.43840000e-07,4.80000000e+00,1.09500000e+01,-1.18750000e-02,1.17765625e+01
6.44160000e-07,4.92500000e+00,1.10625000e+01,-1.43750000e-02,1.17875000e+01
6.44480000e-07,4.86250000e+00,1.09125000e+01,-2.87500000e-02,1.19218750e+01
6.44800000e-07,4.82500000e+00,1.09000000e+01,-4.37500000e-03,1.19515625e+01
6.45120000e-07,4.95000000e+00,1.09125000e+01,1.75000000e-02,1.18750000e+01
6.45440000e-07,4.77187500e+00,1.10250000e+01,5.62500000e-03,1.18242188e+01
6.45760000e-07,4.73437500e+00,1.11125000e+01,5.62500000e-03,1.18164062e+01
6.46080000e-07,4.91250000e+00,1.09250000e+01,-2.62500000e-02,1.18429688e+01
6.46400000e-07,4.92187500e+00,1.08875000e+01,-6.87500000e-03,1.18164062e+01
6.46720000e-07,4.87500000e+00,1.09625000e+01,5.00000000e-03,1.17671875e+01
6.47040000e-07,4.78750000e+00,1.09375000e+01,-1.93750000e-02,1.17984375e+01
6.47360000e-07,4.88750000e+00,1.09500000e+01,8.12500000e-03,1.18867188e+01
6.47680000e-07,4.83437500e+00,1.10250000e+01,1.31250000e-02,1.19343750e+01
6.48000000e-07,4.77500000e+00,1.08625000e+01,-1.87500000e-03,1.19320312e+01
6.48320000e-07,4.88750000e+00,1.09125000e+01,-6.87500000e-03,1.19195313e+01
6.48640000e-07,4.71875000e+00,1.10250000e+01,1.31250000e-02,1.18320312e+01
6.48960000e-07,4.77500000e+00,1.08625000e+01,1.56250000e-02,1.18773437e+01
6.49280000e-07,4.88750000e+00,1.09625000e+01,2.06250000e-02,1.19187500e+01
6.49600000e-07,4.95000000e+00,1.09125000e+01,3.12500000e-03,1.19476562e+01
6.49920000e-07,4.86250000e+00,1.08875000e+01,-9.37500000e-03,1.20039062e+01
6.50240000e-07,4.79687500e+00,1.10250000e+01,6.25000000e-04,1.19242187e+01
6.50560000e-07,4.76250000e+00,1.11625000e+01,-2.56250000e-02,1.19328125e+01
6.50880000e-07,4.77500000e+00,1.09125000e+01,5.62500000e-03,1.18960938e+01
6.51200000e-07,4.93437500e+00,1.11000000e+01,-1.87500000e-03,1.18070312e+01
6.51520000e-07,4.86250000e+00,1.09625000e+01,1.81250000e-02,1.18460937e+01
6.51840000e-07,4.78750000e+00,1.09000000e+01,6.25000000e-04,1.18664063e+01
6.52160000e-07,4.85937500e+00,1.09500000e+01,-1.18750000e-02,1.18476562e+01
6.52480000e-07,4.65937500e+00,1.08750000e+01,-6.87500000e-03,1.19117188e+01
6.52800000e-07,4.86250000e+00,1.09375000e+01,-6.87500000e-03,1.19906250e+01
6.53120000e-07,4.78437500e+00,1.09500000e+01,-1.18750000e-02,1.19320312e+01
6.53440000e-07,4.87500000e+00,1.09875000e+01,-1.93750000e-02,1.18828125e+01
6.53760000e-07,4.86250000e+00,1.09500000e+01,-4.37500000e-03,1.18195313e+01
6.54080000e-07,4.98750000e+00,1.09625000e+01,3.06250000e-02,1.18578125e+01
6.54400000e-07,4.78750000e+00,1.11000000e+01,-1.68750000e-02,1.19023438e+01
6.54720000e-07,4.85000000e+00,1.11000000e+01,-1.43750000e-02,1.19640625e+01
6.55040000e-07,4.75937500e+00,1.10000000e+01,-4.37500000e-03,1.20023437e+01
6.55360000e-07,4.82500000e+00,1.08000000e+01,1.06250000e-02,1.19906250e+01
6.55680000e-07,4.88750000e+00,1.10250000e+01,3.06250000e-02,1.19210938e+01
6.56000000e-07,4.77187500e+00,1.10375000e+01,1.81250000e-02,1.18664063e+01
6.56320000e-07,4.77500000e+00,1.10625000e+01,-1.93750000e-02,1.18359375e+01
6.56640000e-07,4.86250000e+00,1.10500000e+01,2.31250000e-02,1.18539062e+01
6.56960000e-07,4.73125000e+00,1.09750000e+01,-4.37500000e-03,1.19125000e+01
6.57280000e-07,4.85000000e+00,1.10250000e+01,-2.18750000e-02,1.19226562e+01
6.57600000e-07,5.01250000e+00,1.10250000e+01,8.12500000e-03,1.19234375e+01
6.57920000e-07,4.78437500e+00,1.10125000e+01,8.12500000e-03,1.19109375e+01
6.58240000e-07,4.82500000e+00,1.10000000e+01,3.31250000e-02,1.18804688e+01
6.58560000e-07,4.80000000e+00,1.09500000e+01,0.00000000e+00,1.18632812e+01
6.58880000e-07,4.75937500e+00,1.09625000e+01,-3.56250000e-02,1.18828125e+01
6.59200000e-07,4.72187500e+00,1.09625000e+01,6.25000000e-03,1.19273438e+01
6.59520000e-07,4.82500000e+00,1.10250000e+01,-1.12500000e-02,1.19656250e+01
6.59840000e-07,4.89687500e+00,1.10500000e+01,-1.87500000e-03,1.18593750e+01
6.60160000e-07,4.95000000e+00,1.08750000e+01,2.81250000e-02,1.17875000e+01
6.60480000e-07,4.88750000e+00,1.10125000e+01,-1.87500000e-03,1.18539062e+01
6.60800000e-07,4.82500000e+00,1.09000000e+01,5.62500000e-03,1.18937500e+01
6.61120000e-07,4.80000000e+00,1.08625000e+01,1.06250000e-02,1.18250000e+01
6.61440000e-07,4.91250000e+00,1.11875000e+01,2.81250000e-02,1.19210938e+01
6.61760000e-07,4.77500000e+00,1.09500000e+01,5.62500000e-03,1.20093750e+01
6.62080000e-07,4.91250000e+00,1.10625000e+01,-9.37500000e-03,1.19742188e+01
6.62400000e-07,4.80000000e+00,1.09500000e+01,-1.68750000e-02,1.18851562e+01
6.62720000e-07,4.90000000e+00,1.09625000e+01,2.31250000e-02,1.18640625e+01
6.63040000e-07,4.91250000e+00,1.09875000e+01,1.81250000e-02,1.18656250e+01
6.63360000e-07,4.82500000e+00,1.10250000e+01,1.56250000e-02,1.19320312e+01
6.63680000e-07,4.85000000e+00,1.09750000e+01,-1.25000000e-02,1.19171875e+01
6.64000000e-07,4.90000000e+00,1.09625000e+01,-3.06250000e-02,1.19421875e+01
6.64320000e-07,4.85000000e+00,1.10625000e+01,2.62500000e-02,1.19156250e+01
6.64640000e-07,4.88750000e+00,1.09750000e+01,1.25000000e-03,1.18625000e+01
6.64960000e-07,4.76250000e+00,1.08625000e+01,-1.68750000e-02,1.18375000e+01
6.65280000e-07,4.91250000e+00,1.10375000e+01,-1.87500000e-03,1.19187500e+01
6.65600000e-07,4.90000000e+00,1.10125000e+01,-6.87500000e-03,1.18718750e+01
6.65920000e-07,4.90000000e+00,1.09250000e+01,8.12500000e-03,1.19023438e+01
6.66240000e-07,4.88750000e+00,1.08875000e+01,1.31250000e-02,1.19593750e+01
6.66560000e-07,4.92500000e+00,1.11125000e+01,2.81250000e-02,1.19421875e+01
6.66880000e-07,4.86250000e+00,1.09250000e+01,2.06250000e-02,1.18476562e+01
6.67200000e-07,4.78750000e+00,1.09125000e+01,-6.87500000e-03,1.17648438e+01
6.67520000e-07,4.80000000e+00,1.10125000e+01,-3.06250000e-02,1.18507813e+01
6.67840000e-07,4.86250000e+00,1.09750000e+01,-1.18750000e-02,1.19007812e+01
6.68160000e-07,4.82500000e+00,1.09250000e+01,-4.37500000e-03,1.19171875e+01
6.68480000e-07,4.85000000e+00,1.10000000e+01,1.81250000e-02,1.19304687e+01
6.68800000e-07,4.88750000e+00,1.08500000e+01,3.06250000e-02,1.19054688e+01
6.69120000e-07,4.90000000e+00,1.10000000e+01,-1.18750000e-02,1.18000000e+01
6.69440000e-07,4.88750000e+00,1.08625000e+01,-1.87500000e-03,1.18335938e+01
6.69760000e-07,4.92500000e+00,1.10500000e+01,-3.06250000e-02,1.19109375e+01
6.70080000e-07,4.93750000e+00,1.09625000e+01,8.12500000e-03,1.19062500e+01
6.70400000e-07,4.93750000e+00,1.09250000e+01,1.06250000e-02,1.19421875e+01
6.70720000e-07,4.93750000e+00,1.08500000e+01,2.81250000e-02,1.19296875e+01
6.71040000e-07,4.96250000e+00,1.09125000e+01,1.06250000e-02,1.19210938e+01
6.71360000e-07,4.77187500e+00,1.09000000e+01,-9.37500000e-03,1.18523437e+01
6.71680000e-07,4.81250000e+00,1.09000000e+01,-3.06250000e-02,1.18281250e+01
6.72000000e-07,4.95000000e+00,1.08750000e+01,8.12500000e-03,1.19070312e+01
6.72320000e-07,4.80937500e+00,1.10250000e+01,-6.87500000e-03,1.18359375e+01
6.72640000e-07,4.96250000e+00,1.09375000e+01,3.12500000e-03,1.18125000e+01
6.72960000e-07,4.92500000e+00,1.10625000e+01,3.06250000e-02,1.19210938e+01
6.73280000e-07,4.88750000e+00,1.08250000e+01,4.81250000e-02,1.19375000e+01
6.73600000e-07,4.90000000e+00,1.09875000e+01,8.12500000e-03,1.18609375e+01
6.73920000e-07,4.88750000e+00,1.10375000e+01,-1.68750000e-02,1.18460937e+01
6.74240000e-07,4.85000000e+00,1.10375000e+01,-4.37500000e-03,1.18609375e+01
6.74560000e-07,4.82500000e+00,1.08250000e+01,1.81250000e-02,1.18320312e+01
6.74880000e-07,4.93750000e+00,1.11000000e+01,2.06250000e-02,1.18562500e+01
6.75200000e-07,4.97500000e+00,1.08500000e+01,1.81250000e-02,1.17757812e+01
6.75520000e-07,4.91250000e+00,1.09500000e+01,-1.43750000e-02,1.18468750e+01
6.75840000e-07,4.83750000e+00,1.09000000e+01,2.06250000e-02,1.18921875e+01
6.76160000e-07,4.90000000e+00,1.10375000e+01,5.62500000e-03,1.18281250e+01
6.76480000e-07,4.64375000e+00,1.10125000e+01,-6.87500000e-03,1.18312500e+01
6.76800000e-07,4.83750000e+00,1.09375000e+01,2.06250000e-02,1.19109375e+01
6.77120000e-07,4.78750000e+00,1.10125000e+01,3.06250000e-02,1.18601562e+01
6.77440000e-07,4.79687500e+00,1.09125000e+01,5.62500000e-03,1.18367187e+01
6.77760000e-07,4.90000000e+00,1.08250000e+01,3.12500000e-03,1.19078125e+01
6.78080000e-07,5.03750000e+00,1.09375000e+01,-3.56250000e-02,1.19179688e+01
6.78400000e-07,4.85000000e+00,1.08750000e+01,6.25000000e-04,1.18656250e+01
6.78720000e-07,4.82500000e+00,1.09500000e+01,2.06250000e-02,1.18351563e+01
6.79040000e-07,4.70937500e+00,1.09250000e+01,1.06250000e-02,1.18578125e+01
6.79360000e-07,4.81250000e+00,1.08875000e+01,1.06250000e-02,1.18664063e+01
6.79680000e-07,4.92500000e+00,1.09500000e+01,8.12500000e-03,1.18828125e+01
6.80000000e-07,4.92500000e+00,1.09750000e+01,1.06250000e-02,1.19492188e+01
6.80320000e-07,4.87500000e+00,1.11125000e+01,-9.37500000e-03,1.18804688e+01
6.80640000e-07,4.95000000e+00,1.09750000e+01,2.06250000e-02,1.18632812e+01
6.80960000e-07,4.80000000e+00,1.09875000e+01,-1.87500000e-03,1.18093750e+01
6.81280000e-07,4.82500000e+00,1.10125000e+01,-6.87500000e-03,1.18960938e+01
6.81600000e-07,4.82500000e+00,1.09000000e+01,1.81250000e-02,1.19429688e+01
6.81920000e-07,4.90000000e+00,1.09875000e+01,-1.93750000e-02,1.18539062e+01
6.82240000e-07,4.92500000e+00,1.09625000e+01,1.06250000e-02,1.18710938e+01
6.82560000e-07,4.73437500e+00,1.09625000e+01,1.31250000e-02,1.19156250e+01
6.82880000e-07,4.92500000e+00,1.08125000e+01,-6.87500000e-03,1.18484375e+01
6.83200000e-07,4.92500000e+00,1.09000000e+01,-9.37500000e-03,1.18804688e+01
6.83520000e-07,4.86250000e+00,1.09750000e+01,-9.37500000e-03,1.19390625e+01
6.83840000e-07,4.82500000e+00,1.11000000e+01,5.62500000e-03,1.19812500e+01
6.84160000e-07,4.90000000e+00,1.09625000e+01,2.56250000e-02,1.19765625e+01
6.84480000e-07,4.82500000e+00,1.09250000e+01,-1.68750000e-02,1.19171875e+01
6.84800000e-07,4.86250000e+00,1.09250000e+01,3.31250000e-02,1.18898438e+01
6.85120000e-07,4.85000000e+00,1.08875000e+01,3.31250000e-02,1.19328125e+01
6.85440000e-07,4.92500000e+00,1.09250000e+01,-1.87500000e-03,1.19515625e+01
6.85760000e-07,4.87500000e+00,1.09875000e+01,-1.87500000e-03,1.19140625e+01
6.86080000e-07,4.98750000e+00,1.09125000e+01,1.81250000e-02,1.18640625e+01
6.86400000e-07,4.88750000e+00,1.10625000e+01,3.12500000e-03,1.18101563e+01
6.86720000e-07,4.91250000e+00,1.11000000e+01,8.12500000e-03,1.18007812e+01
6.87040000e-07,4.77500000e+00,1.10625000e+01,5.62500000e-03,1.18312500e+01
6.87360000e-07,4.88750000e+00,1.08625000e+01,3.56250000e-02,1.18664063e+01
6.87680000e-07,4.92500000e+00,1.09125000e+01,3.12500000e-03,1.18695312e+01
6.88000000e-07,4.77500000e+00,1.10000000e+01,-4.37500000e-03,1.18429688e+01
6.88320000e-07,4.85000000e+00,1.08875000e+01,2.31250000e-02,1.18367187e+01
6.88640000e-07,4.70625000e+00,1.08625000e+01,6.25000000e-04,1.18976563e+01
6.88960000e-07,4.77500000e+00,1.10500000e+01,1.81250000e-02,1.19085937e+01
6.89280000e-07,4.87500000e+00,1.09000000e+01,-2.81250000e-02,1.19273438e+01
6.89600000e-07,4.94687500e+00,1.09500000e+01,5.62500000e-03,1.18476562e+01
6.89920000e-07,4.90000000e+00,1.08500000e+01,1.06250000e-02,1.18429688e+01
6.90240000e-07,4.98750000e+00,1.10500000e+01,2.31250000e-02,1.18750000e+01
6.90560000e-07,4.85000000e+00,1.09125000e+01,-1.43750000e-02,1.18250000e+01
6.90880000e-07,4.78750000e+00,1.11000000e+01,8.12500000e-03,1.17835937e+01
6.91200000e-07,4.83750000e+00,1.09625000e+01,1.06250000e-02,1.18343750e+01
6.91520000e-07,4.78750000e+00,1.08625000e+01,8.12500000e-03,1.18398438e+01
6.91840000e-07,4.82500000e+00,1.10250000e+01,-4.37500000e-03,1.17773438e+01
6.92160000e-07,4.90000000e+00,1.08875000e+01,5.62500000e-03,1.17859375e+01
6.92480000e-07,4.95000000e+00,1.08625000e+01,1.81250000e-02,1.18570313e+01
6.92800000e-07,4.85000000e+00,1.10250000e+01,-6.87500000e-03,1.18671875e+01
6.93120000e-07,4.80000000e+00,1.10125000e+01,-4.37500000e-03,1.18304687e+01
6.93440000e-07,4.87500000e+00,1.09625000e+01,-4.37500000e-03,1.18867188e+01
6.93760000e-07,4.81250000e+00,1.08000000e+01,1.31250000e-02,1.18945312e+01
6.94080000e-07,4.86250000e+00,1.08875000e+01,3.12500000e-03,1.18398438e+01
6.94400000e-07,4.87500000e+00,1.09375000e+01,6.25000000e-04,1.18812500e+01
6.94720000e-07,4.91250000e+00,1.09625000e+01,-3.06250000e-02,1.18765625e+01
6.95040000e-07,4.78750000e+00,1.09500000e+01,2.81250000e-02,1.18523437e+01
6.95360000e-07,4.84687500e+00,1.09125000e+01,1.81250000e-02,1.19023438e+01
6.95680000e-07,4.77500000e+00,1.09750000e+01,2.31250000e-02,1.18671875e+01
6.96000000e-07,5.03750000e+00,1.09125000e+01,-4.37500000e-03,1.18218750e+01
6.96320000e-07,4.87187500e+00,1.09625000e+01,-9.37500000e-03,1.17867188e+01
6.96640000e-07,5.00000000e+00,1.09375000e+01,-1.87500000e-03,1.18492188e+01
6.96960000e-07,4.73437500e+00,1.09375000e+01,-4.37500000e-03,1.18335938e+01
6.97280000e-07,4.91250000e+00,1.10000000e+01,3.12500000e-03,1.17937500e+01
6.97600000e-07,4.87500000e+00,1.08125000e+01,3.12500000e-03,1.18351563e+01
6.97920000e-07,4.75000000e+00,1.09000000e+01,8.12500000e-03,1.17859375e+01
6.98240000e-07,4.87500000e+00,1.08625000e+01,8.12500000e-03,1.18406250e+01
6.98560000e-07,4.96250000e+00,1.10750000e+01,1.56250000e-02,1.17804688e+01
6.98880000e-07,4.77500000e+00,1.08750000e+01,-1.18750000e-02,1.18000000e+01
6.99200000e-07,5.01250000e+00,1.09750000e+01,1.06250000e-02,1.18328125e+01
6.99520000e-07,4.93750000e+00,1.10375000e+01,3.12500000e-03,1.17945313e+01
6.99840000e-07,4.93750000e+00,1.09375000e+01,3.12500000e-03,1.17968750e+01
7.00160000e-07,4.85000000e+00,1.09250000e+01,1.81250000e-02,1.17476563e+01
7.00480000e-07,4.85000000e+00,1.09750000e+01,-1.87500000e-03,1.16718750e+01
7.00800000e-07,4.97500000e+00,1.09875000e+01,2.56250000e-02,1.17320313e+01
7.01120000e-07,4.95000000e+00,1.11750000e+01,2.06250000e-02,1.18054687e+01
7.01440000e-07,4.87500000e+00,1.08125000e+01,-1.68750000e-02,1.17953125e+01
7.01760000e-07,4.85000000e+00,1.09125000e+01,1.31250000e-02,1.18710938e+01
7.02080000e-07,4.86250000e+00,1.10750000e+01,1.31250000e-02,1.18898438e+01
7.02400000e-07,4.95000000e+00,1.09500000e+01,3.12500000e-03,1.18046875e+01
7.02720000e-07,4.88750000e+00,1.08500000e+01,2.06250000e-02,1.17734375e+01
7.03040000e-07,4.90000000e+00,1.09375000e+01,-1.87500000e-03,1.18281250e+01
7.03360000e-07,4.90000000e+00,1.10125000e+01,-1.68750000e-02,1.18515625e+01
7.03680000e-07,4.86250000e+00,1.09250000e+01,1.31250000e-02,1.18390625e+01
7.04000000e-07,4.96250000e+00,1.09000000e+01,1.31250000e-02,1.19140625e+01
7.04320000e-07,4.92500000e+00,1.09375000e+01,-1.93750000e-02,1.18750000e+01
7.04640000e-07,4.78750000e+00,1.08500000e+01,8.12500000e-03,1.18765625e+01
7.04960000e-07,4.81250000e+00,1.10375000e+01,-1.18750000e-02,1.18414063e+01
7.05280000e-07,4.86250000e+00,1.09375000e+01,1.56250000e-02,1.17843750e+01
7.05600000e-07,4.98750000e+00,1.08375000e+01,-1.43750000e-02,1.17562500e+01
7.05920000e-07,4.87500000e+00,1.09750000e+01,8.12500000e-03,1.17710938e+01
7.06240000e-07,4.82500000e+00,1.09625000e+01,1.56250000e-02,1.18125000e+01
7.06560000e-07,4.88750000e+00,1.08250000e+01,-1.43750000e-02,1.18656250e+01
7.06880000e-07,4.97500000e+00,1.09000000e+01,-1.87500000e-03,1.18546875e+01
7.07200000e-07,4.77187500e+00,1.08750000e+01,-1.18750000e-02,1.18296875e+01
7.07520000e-07,4.72187500e+00,1.08750000e+01,3.31250000e-02,1.18312500e+01
7.07840000e-07,4.81250000e+00,1.08875000e+01,1.31250000e-02,1.17859375e+01
7.08160000e-07,4.80937500e+00,1.09125000e+01,3.12500000e-03,1.17765625e+01
7.08480000e-07,4.91250000e+00,1.08375000e+01,-6.87500000e-03,1.17812500e+01
7.08800000e-07,4.93750000e+00,1.10750000e+01,2.81250000e-02,1.18382812e+01
7.09120000e-07,4.88750000e+00,1.09750000e+01,3.31250000e-02,1.18828125e+01
7.09440000e-07,4.82500000e+00,1.08125000e+01,2.56250000e-02,1.18601562e+01
7.09760000e-07,4.85000000e+00,1.08250000e+01,3.12500000e-03,1.18804688e+01
7.10080000e-07,4.82500000e+00,1.10750000e+01,8.12500000e-03,1.18445312e+01
7.10400000e-07,4.80000000e+00,1.09875000e+01,1.06250000e-02,1.18375000e+01
7.10720000e-07,4.95000000e+00,1.10250000e+01,-9.37500000e-03,1.18375000e+01
7.11040000e-07,4.78750000e+00,1.09750000e+01,-1.43750000e-02,1.17796875e+01
7.11360000e-07,4.95000000e+00,1.09500000e+01,-1.87500000e-03,1.18125000e+01
7.11680000e-07,4.91250000e+00,1.08000000e+01,-4.37500000e-03,1.18937500e+01
7.12000000e-07,4.80937500e+00,1.09000000e+01,1.31250000e-02,1.18734375e+01
7.12320000e-07,4.65937500e+00,1.08000000e+01,5.62500000e-03,1.18687500e+01
7.12640000e-07,4.77500000e+00,1.10125000e+01,-1.75000000e-02,1.18828125e+01
7.12960000e-07,4.82187500e+00,1.09875000e+01,-2.81250000e-02,1.18179688e+01
7.13280000e-07,4.76250000e+00,1.10500000e+01,6.25000000e-03,1.17625000e+01
7.13600000e-07,4.88750000e+00,1.09750000e+01,3.75000000e-03,1.18132812e+01
7.13920000e-07,4.97500000e+00,1.10750000e+01,6.25000000e-04,1.18289062e+01
7.14240000e-07,4.86250000e+00,1.10000000e+01,-6.87500000e-03,1.18351563e+01
7.14560000e-07,4.81250000e+00,1.10375000e+01,2.56250000e-02,1.17953125e+01
7.14880000e-07,4.91250000e+00,1.09250000e+01,8.12500000e-03,1.17953125e+01
7.15200000e-07,4.77500000e+00,1.09750000e+01,1.06250000e-02,1.18773437e+01
7.15520000e-07,4.85000000e+00,1.09250000e+01,-1.18750000e-02,1.19140625e+01
7.15840000e-07,4.92500000e+00,1.09125000e+01,-4.37500000e-03,1.18078125e+01
7.16160000e-07,4.87500000e+00,1.10250000e+01,-3.31250000e-02,1.17804688e+01
7.16480000e-07,4.76250000e+00,1.10500000e+01,1.06250000e-02,1.17742187e+01
7.16800000e-07,4.88750000e+00,1.08875000e+01,8.12500000e-03,1.17281250e+01
7.17120000e-07,4.84687500e+00,1.08250000e+01,-1.00000000e-02,1.18101563e+01
7.17440000e-07,4.65937500e+00,1.08500000e+01,-1.87500000e-03,1.18343750e+01
7.17760000e-07,4.86250000e+00,1.10500000e+01,1.06250000e-02,1.18406250e+01
7.18080000e-07,4.71875000e+00,1.09750000e+01,-1.87500000e-03,1.17742187e+01
7.18400000e-07,4.75000000e+00,1.10250000e+01,-3.62500000e-02,1.17500000e+01
7.18720000e-07,4.86250000e+00,1.10500000e+01,-1.93750000e-02,1.17968750e+01
7.19040000e-07,4.98750000e+00,1.09375000e+01,0.00000000e+00,1.17835937e+01
7.19360000e-07,4.85937500e+00,1.09875000e+01,-1.18750000e-02,1.17781250e+01
7.19680000e-07,4.73437500e+00,1.09875000e+01,-1.18750000e-02,1.17507812e+01
7.20000000e-07,4.81250000e+00,1.10125000e+01,-1.68750000e-02,1.17679687e+01
7.20320000e-07,4.84687500e+00,1.09500000e+01,-1.87500000e-03,1.18351563e+01
7.20640000e-07,4.82500000e+00,1.08375000e+01,2.56250000e-02,1.18507813e+01
7.20960000e-07,4.83750000e+00,1.09750000e+01,-3.37500000e-02,1.18195313e+01
7.21280000e-07,4.92500000e+00,1.10375000e+01,8.12500000e-03,1.17960938e+01
7.21600000e-07,4.80000000e+00,1.09500000e+01,3.25000000e-02,1.18773437e+01
7.21920000e-07,4.82500000e+00,1.08625000e+01,1.31250000e-02,1.19140625e+01
7.22240000e-07,4.83750000e+00,1.09750000e+01,1.31250000e-02,1.18578125e+01
7.22560000e-07,4.82500000e+00,1.09750000e+01,3.12500000e-03,1.17914062e+01
7.22880000e-07,4.83750000e+00,1.09750000e+01,3.81250000e-02,1.18093750e+01
7.23200000e-07,4.83750000e+00,1.09750000e+01,6.25000000e-04,1.18351563e+01
7.23520000e-07,4.77187500e+00,1.09375000e+01,3.12500000e-03,1.18710938e+01
7.23840000e-07,4.82500000e+00,1.09375000e+01,-9.37500000e-03,1.18187500e+01
7.24160000e-07,4.91250000e+00,1.09250000e+01,2.31250000e-02,1.18875000e+01
7.24480000e-07,4.80937500e+00,1.09375000e+01,3.31250000e-02,1.19304687e+01
7.24800000e-07,4.88750000e+00,1.10375000e+01,2.81250000e-02,1.19226562e+01
7.25120000e-07,4.95000000e+00,1.09375000e+01,-1.93750000e-02,1.18757812e+01
7.25440000e-07,4.83750000e+00,1.10500000e+01,1.31250000e-02,1.18781250e+01
7.25760000e-07,4.80000000e+00,1.09625000e+01,3.06250000e-02,1.18796875e+01
7.26080000e-07,4.73125000e+00,1.10750000e+01,-6.87500000e-03,1.18953125e+01
7.26400000e-07,4.70937500e+00,1.09375000e+01,5.62500000e-03,1.17976562e+01
7.26720000e-07,4.88750000e+00,1.09250000e+01,1.81250000e-02,1.18789062e+01
7.27040000e-07,4.84687500e+00,1.08625000e+01,1.81250000e-02,1.19500000e+01
7.27360000e-07,4.78750000e+00,1.09000000e+01,1.31250000e-02,1.18710938e+01
7.27680000e-07,4.86250000e+00,1.09625000e+01,5.62500000e-03,1.18781250e+01
7.28000000e-07,5.00000000e+00,1.09750000e+01,6.25000000e-04,1.18289062e+01
7.28320000e-07,4.73437500e+00,1.09500000e+01,1.06250000e-02,1.18468750e+01
7.28640000e-07,4.81250000e+00,1.09375000e+01,-6.87500000e-03,1.18960938e+01
7.28960000e-07,4.87500000e+00,1.10000000e+01,-9.37500000e-03,1.18367187e+01
7.29280000e-07,4.77500000e+00,1.10625000e+01,-1.68750000e-02,1.18046875e+01
7.29600000e-07,4.86250000e+00,1.09625000e+01,2.56250000e-02,1.18195313e+01
7.29920000e-07,4.93750000e+00,1.09625000e+01,1.56250000e-02,1.19320312e+01
7.30240000e-07,4.96250000e+00,1.09000000e+01,1.56250000e-02,1.18890625e+01
7.30560000e-07,4.87500000e+00,1.10375000e+01,0.00000000e+00,1.18164062e+01
7.30880000e-07,4.87500000e+00,1.08875000e+01,-9.37500000e-03,1.18648438e+01
7.31200000e-07,4.93750000e+00,1.09125000e+01,4.06250000e-02,1.18132812e+01
7.31520000e-07,4.86250000e+00,1.10375000e+01,-6.87500000e-03,1.18000000e+01
7.31840000e-07,4.80000000e+00,1.09250000e+01,-3.06250000e-02,1.19218750e+01
7.32160000e-07,4.85000000e+00,1.11000000e+01,5.62500000e-03,1.19554687e+01
7.32480000e-07,4.97500000e+00,1.10000000e+01,2.56250000e-02,1.18859375e+01
7.32800000e-07,4.85000000e+00,1.07875000e+01,-1.50000000e-02,1.18703125e+01
7.33120000e-07,4.85000000e+00,1.09875000e+01,-1.18750000e-02,1.18242188e+01
7.33440000e-07,4.80000000e+00,1.08625000e+01,2.31250000e-02,1.18007812e+01
7.33760000e-07,4.85000000e+00,1.09125000e+01,5.62500000e-03,1.18554688e+01
7.34080000e-07,4.88750000e+00,1.09875000e+01,3.12500000e-03,1.17507812e+01
7.34400000e-07,4.92500000e+00,1.10875000e+01,8.12500000e-03,1.17421875e+01
7.34720000e-07,4.87500000e+00,1.08750000e+01,-1.18750000e-02,1.18414063e+01
7.35040000e-07,4.91250000e+00,1.09375000e+01,4.56250000e-02,1.19601563e+01
7.35360000e-07,4.88750000e+00,1.10250000e+01,8.12500000e-03,1.19640625e+01
7.35680000e-07,4.86250000e+00,1.09250000e+01,-1.18750000e-02,1.19421875e+01
7.36000000e-07,4.78437500e+00,1.08875000e+01,3.12500000e-03,1.18820313e+01
7.36320000e-07,4.73437500e+00,1.08750000e+01,-1.43750000e-02,1.18632812e+01
7.36640000e-07,4.97500000e+00,1.09250000e+01,-1.68750000e-02,1.18539062e+01
7.36960000e-07,4.89687500e+00,1.09125000e+01,-2.25000000e-02,1.18375000e+01
7.37280000e-07,4.91250000e+00,1.08750000e+01,-2.18750000e-02,1.18375000e+01
7.37600000e-07,4.91250000e+00,1.09500000e+01,1.06250000e-02,1.18351563e+01
7.37920000e-07,4.80000000e+00,1.10500000e+01,-1.68750000e-02,1.17640625e+01
7.38240000e-07,4.73437500e+00,1.10000000e+01,8.12500000e-03,1.17617188e+01
7.38560000e-07,4.86250000e+00,1.10125000e+01,2.56250000e-02,1.17937500e+01
7.38880000e-07,5.03750000e+00,1.08625000e+01,-1.87500000e-03,1.17835937e+01
7.39200000e-07,4.95000000e+00,1.08750000e+01,-1.43750000e-02,1.17859375e+01
7.39520000e-07,4.86250000e+00,1.10375000e+01,3.12500000e-03,1.18054687e+01
7.39840000e-07,4.82500000e+00,1.09250000e+01,6.25000000e-04,1.17992187e+01
7.40160000e-07,4.86250000e+00,1.10500000e+01,-3.06250000e-02,1.18765625e+01
7.40480000e-07,4.93750000e+00,1.08875000e+01,-4.37500000e-03,1.19054688e+01
7.40800000e-07,4.74687500e+00,1.08625000e+01,8.12500000e-03,1.18101563e+01
7.41120000e-07,4.72187500e+00,1.09000000e+01,-9.37500000e-03,1.17554688e+01
7.41440000e-07,4.86250000e+00,1.10125000e+01,-1.87500000e-03,1.17492188e+01
7.41760000e-07,4.92187500e+00,1.10250000e+01,8.12500000e-03,1.17695312e+01
7.42080000e-07,4.88750000e+00,1.10125000e+01,-2.56250000e-02,1.18273438e+01
7.42400000e-07,4.78750000e+00,1.09875000e+01,-2.56250000e-02,1.18078125e+01
7.42720000e-07,4.92500000e+00,1.08125000e+01,3.12500000e-03,1.17859375e+01
7.43040000e-07,4.71875000e+00,1.07875000e+01,1.06250000e-02,1.18054687e+01
7.43360000e-07,4.82500000e+00,1.09125000e+01,1.31250000e-02,1.18218750e+01
7.43680000e-07,4.64375000e+00,1.08625000e+01,-1.43750000e-02,1.18757812e+01
7.44000000e-07,4.74687500e+00,1.10250000e+01,-6.87500000e-03,1.18539062e+01
7.44320000e-07,4.86250000e+00,1.09250000e+01,-1.18750000e-02,1.18226562e+01
7.44640000e-07,4.95937500e+00,1.09875000e+01,-1.18750000e-02,1.17796875e+01
7.44960000e-07,4.92500000e+00,1.08875000e+01,2.56250000e-02,1.17554688e+01
7.45280000e-07,4.93750000e+00,1.08500000e+01,1.56250000e-02,1.17976562e+01
7.45600000e-07,4.91250000e+00,1.09625000e+01,-2.00000000e-02,1.18031250e+01
7.45920000e-07,4.85000000e+00,1.11000000e+01,-1.68750000e-02,1.18031250e+01
7.46240000e-07,4.73437500e+00,1.08250000e+01,-1.87500000e-03,1.17945313e+01
7.46560000e-07,4.88750000e+00,1.09250000e+01,-1.93750000e-02,1.17187500e+01
7.46880000e-07,4.87500000e+00,1.09875000e+01,-6.87500000e-03,1.17500000e+01
7.47200000e-07,4.90000000e+00,1.10250000e+01,-1.87500000e-03,1.17640625e+01
7.47520000e-07,4.97500000e+00,1.07875000e+01,1.06250000e-02,1.17789063e+01
7.47840000e-07,4.83750000e+00,1.10625000e+01,6.25000000e-04,1.18359375e+01
7.48160000e-07,4.78750000e+00,1.09375000e+01,-2.18750000e-02,1.18296875e+01
7.48480000e-07,4.81250000e+00,1.11000000e+01,1.06250000e-02,1.17984375e+01
7.48800000e-07,4.76250000e+00,1.08875000e+01,8.12500000e-03,1.17296875e+01
7.49120000e-07,4.73437500e+00,1.09750000e+01,-1.68750000e-02,1.17546875e+01
7.49440000e-07,4.88750000e+00,1.09875000e+01,1.06250000e-02,1.17734375e+01
7.49760000e-07,4.92500000e+00,1.09750000e+01,-4.37500000e-03,1.18070312e+01
7.50080000e-07,5.03750000e+00,1.07750000e+01,6.25000000e-04,1.18718750e+01
7.50400000e-07,5.00000000e+00,1.09875000e+01,-4.37500000e-03,1.18687500e+01
7.50720000e-07,4.68125000e+00,1.10000000e+01,-1.68750000e-02,1.18125000e+01
7.51040000e-07,4.87500000e+00,1.10125000e+01,-1.68750000e-02,1.17500000e+01
7.51360000e-07,4.96250000e+00,1.08500000e+01,1.56250000e-02,1.16937500e+01
7.51680000e-07,4.89687500e+00,1.09250000e+01,1.56250000e-02,1.17085938e+01
7.52000000e-07,4.90000000e+00,1.09250000e+01,5.62500000e-03,1.17835937e+01
7.52320000e-07,4.77187500e+00,1.08875000e+01,-1.18750000e-02,1.18429688e+01
7.52640000e-07,4.75000000e+00,1.10250000e+01,-9.37500000e-03,1.18015625e+01
7.52960000e-07,4.87500000e+00,1.08750000e+01,-1.18750000e-02,1.18125000e+01
7.53280000e-07,4.82187500e+00,1.09000000e+01,1.81250000e-02,1.17820312e+01
7.53600000e-07,4.95000000e+00,1.09250000e+01,-1.18750000e-02,1.17601562e+01
7.53920000e-07,4.81250000e+00,1.11250000e+01,-4.37500000e-03,1.17492188e+01
7.54240000e-07,4.90000000e+00,1.09500000e+01,2.56250000e-02,1.17632813e+01
7.54560000e-07,4.81250000e+00,1.09250000e+01,-4.37500000e-03,1.17710938e+01
7.54880000e-07,4.88750000e+00,1.08875000e+01,1.56250000e-02,1.18101563e+01
7.55200000e-07,4.88750000e+00,1.11000000e+01,1.81250000e-02,1.18460937e+01
7.55520000e-07,4.87500000e+00,1.10000000e+01,-1.25000000e-02,1.17781250e+01
7.55840000e-07,4.91250000e+00,1.10500000e+01,-2.18750000e-02,1.17601562e+01
7.56160000e-07,4.83750000e+00,1.09500000e+01,1.56250000e-02,1.17601562e+01
7.56480000e-07,4.76250000e+00,1.09875000e+01,2.31250000e-02,1.17929688e+01
7.56800000e-07,4.88750000e+00,1.10250000e+01,1.31250000e-02,1.17492188e+01
7.57120000e-07,4.85000000e+00,1.08625000e+01,6.25000000e-04,1.17492188e+01
7.57440000e-07,4.90000000e+00,1.10250000e+01,-4.37500000e-03,1.18132812e+01
7.57760000e-07,4.95000000e+00,1.09000000e+01,8.12500000e-03,1.17820312e+01
7.58080000e-07,4.70625000e+00,1.08125000e+01,3.81250000e-02,1.17757812e+01
7.58400000e-07,4.85000000e+00,1.08875000e+01,1.56250000e-02,1.18156250e+01
7.58720000e-07,4.91250000e+00,1.11500000e+01,2.06250000e-02,1.18109375e+01
7.59040000e-07,4.90937500e+00,1.09500000e+01,1.56250000e-02,1.18164062e+01
7.59360000e-07,4.81250000e+00,1.09375000e+01,-4.37500000e-03,1.17929688e+01
7.59680000e-07,4.88750000e+00,1.09125000e+01,5.62500000e-03,1.17851562e+01
7.60000000e-07,4.96250000e+00,1.09250000e+01,1.56250000e-02,1.18359375e+01
7.60320000e-07,4.91250000e+00,1.07500000e+01,3.81250000e-02,1.18187500e+01
7.60640000e-07,4.86250000e+00,1.09375000e+01,-1.68750000e-02,1.18359375e+01
7.60960000e-07,4.91250000e+00,1.08125000e+01,2.06250000e-02,1.17953125e+01
7.61280000e-07,4.85000000e+00,1.09500000e+01,1.06250000e-02,1.17500000e+01
7.61600000e-07,4.74687500e+00,1.08000000e+01,-6.87500000e-03,1.17218750e+01
7.61920000e-07,4.76250000e+00,1.09875000e+01,-6.87500000e-03,1.17312500e+01
7.62240000e-07,4.95000000e+00,1.09375000e+01,8.12500000e-03,1.17750000e+01
7.62560000e-07,4.82187500e+00,1.08625000e+01,1.31250000e-02,1.18484375e+01
7.62880000e-07,4.73437500e+00,1.08250000e+01,-1.87500000e-03,1.19093750e+01
7.63200000e-07,4.90000000e+00,1.09750000e+01,6.25000000e-04,1.18390625e+01
7.63520000e-07,4.91250000e+00,1.08250000e+01,-1.87500000e-03,1.17851562e+01
7.63840000e-07,4.76250000e+00,1.09125000e+01,6.25000000e-04,1.18226562e+01
7.64160000e-07,4.91250000e+00,1.11000000e+01,1.06250000e-02,1.18757812e+01
7.64480000e-07,4.77187500e+00,1.10375000e+01,-6.87500000e-03,1.18375000e+01
7.64800000e-07,4.73437500e+00,1.09250000e+01,-9.37500000e-03,1.18757812e+01
7.65120000e-07,4.80000000e+00,1.08875000e+01,-6.87500000e-03,1.18210937e+01
7.65440000e-07,4.84687500e+00,1.08875000e+01,-1.93750000e-02,1.17609375e+01
7.65760000e-07,4.91250000e+00,1.08750000e+01,1.81250000e-02,1.17734375e+01
7.66080000e-07,4.90000000e+00,1.09500000e+01,1.81250000e-02,1.17554688e+01
7.66400000e-07,4.87500000e+00,1.10750000e+01,-9.37500000e-03,1.17585937e+01
7.66720000e-07,4.77500000e+00,1.09125000e+01,-2.00000000e-02,1.17414063e+01
7.67040000e-07,4.90000000e+00,1.09500000e+01,-1.68750000e-02,1.17960938e+01
7.67360000e-07,4.86250000e+00,1.09750000e+01,6.25000000e-04,1.17773438e+01
7.67680000e-07,4.73437500e+00,1.09625000e+01,-1.18750000e-02,1.18164062e+01
7.68000000e-07,4.85000000e+00,1.10000000e+01,-1.87500000e-03,1.18781250e+01
7.68320000e-07,4.86250000e+00,1.09375000e+01,1.31250000e-02,1.18437500e+01
7.68640000e-07,4.72187500e+00,1.08250000e+01,1.81250000e-02,1.18132812e+01
7.68960000e-07,4.82500000e+00,1.09875000e+01,6.25000000e-04,1.18117188e+01
7.69280000e-07,4.78750000e+00,1.08875000e+01,-1.93750000e-02,1.17625000e+01
7.69600000e-07,4.88750000e+00,1.08750000e+01,8.12500000e-03,1.17710938e+01
7.69920000e-07,4.91250000e+00,1.09375000e+01,-2.56250000e-02,1.17906250e+01
7.70240000e-07,4.83750000e+00,1.10000000e+01,-4.37500000e-03,1.17984375e+01
7.70560000e-07,4.77500000e+00,1.08750000e+01,4.56250000e-02,1.17960938e+01
7.70880000e-07,4.83750000e+00,1.09000000e+01,3.81250000e-02,1.18140625e+01
7.71200000e-07,4.91250000e+00,1.09250000e+01,-4.37500000e-03,1.17914062e+01
7.71520000e-07,4.88750000e+00,1.08375000e+01,5.62500000e-03,1.18289062e+01
7.71840000e-07,4.78750000e+00,1.08750000e+01,-1.87500000e-03,1.18070312e+01
7.72160000e-07,4.80000000e+00,1.09625000e+01,-6.87500000e-03,1.17484375e+01
7.72480000e-07,4.77500000e+00,1.08875000e+01,-1.18750000e-02,1.17726563e+01
7.72800000e-07,4.80000000e+00,1.08750000e+01,8.12500000e-03,1.18078125e+01
7.73120000e-07,4.85000000e+00,1.10375000e+01,-1.25000000e-02,1.17945313e+01
7.73440000e-07,4.76250000e+00,1.10000000e+01,-1.93750000e-02,1.17226562e+01
7.73760000e-07,4.81250000e+00,1.09500000e+01,2.56250000e-02,1.18218750e+01
7.74080000e-07,4.69375000e+00,1.10000000e+01,2.31250000e-02,1.17539062e+01
7.74400000e-07,4.82500000e+00,1.09875000e+01,3.56250000e-02,1.16718750e+01
7.74720000e-07,4.96250000e+00,1.09625000e+01,4.56250000e-02,1.17523437e+01
7.75040000e-07,4.88437500e+00,1.09250000e+01,5.62500000e-03,1.17820312e+01
7.75360000e-07,4.88750000e+00,1.08375000e+01,1.31250000e-02,1.17562500e+01
7.75680000e-07,4.88750000e+00,1.09625000e+01,1.06250000e-02,1.17789063e+01
7.76000000e-07,4.76250000e+00,1.09000000e+01,-4.37500000e-03,1.18265625e+01
7.76320000e-07,4.81250000e+00,1.09625000e+01,1.81250000e-02,1.18289062e+01
7.76640000e-07,4.91250000e+00,1.09500000e+01,2.56250000e-02,1.18007812e+01
7.76960000e-07,4.75937500e+00,1.08125000e+01,1.31250000e-02,1.17734375e+01
7.77280000e-07,4.73437500e+00,1.09750000e+01,6.25000000e-04,1.16656250e+01
7.77600000e-07,4.80000000e+00,1.09000000e+01,1.06250000e-02,1.16421875e+01
7.77920000e-07,4.83437500e+00,1.10000000e+01,1.81250000e-02,1.17562500e+01
7.78240000e-07,4.91250000e+00,1.09250000e+01,-6.87500000e-03,1.17625000e+01
7.78560000e-07,5.00000000e+00,1.09875000e+01,2.56250000e-02,1.17031250e+01
7.78880000e-07,4.66875000e+00,1.08625000e+01,2.06250000e-02,1.17664062e+01
7.79200000e-07,4.76250000e+00,1.07750000e+01,8.12500000e-03,1.18406250e+01
7.79520000e-07,4.69687500e+00,1.09625000e+01,4.06250000e-02,1.17281250e+01
7.79840000e-07,4.82187500e+00,1.09625000e+01,1.81250000e-02,1.17039062e+01
7.80160000e-07,4.80000000e+00,1.09000000e+01,-1.68750000e-02,1.17765625e+01
7.80480000e-07,4.95000000e+00,1.09750000e+01,-4.37500000e-03,1.18343750e+01
7.80800000e-07,4.86250000e+00,1.09250000e+01,1.06250000e-02,1.18140625e+01
7.81120000e-07,4.77500000e+00,1.10000000e+01,1.31250000e-02,1.18164062e+01
7.81440000e-07,4.77500000e+00,1.08750000e+01,-4.37500000e-03,1.18109375e+01
7.81760000e-07,4.71875000e+00,1.09250000e+01,1.56250000e-02,1.17343750e+01
7.82080000e-07,4.73437500e+00,1.08750000e+01,3.06250000e-02,1.16828125e+01
7.82400000e-07,4.95000000e+00,1.10250000e+01,-1.43750000e-02,1.17429687e+01
7.82720000e-07,4.98437500e+00,1.09125000e+01,8.12500000e-03,1.17765625e+01
7.83040000e-07,5.02500000e+00,1.09875000e+01,3.12500000e-03,1.17796875e+01
7.83360000e-07,4.81250000e+00,1.09750000e+01,-4.37500000e-03,1.18000000e+01
7.83680000e-07,4.72187500e+00,1.09500000e+01,2.06250000e-02,1.17914062e+01
7.84000000e-07,4.87500000e+00,1.09625000e+01,4.56250000e-02,1.18242188e+01
7.84320000e-07,4.85000000e+00,1.10375000e+01,3.81250000e-02,1.17546875e+01
7.84640000e-07,4.80000000e+00,1.09125000e+01,1.31250000e-02,1.17164063e+01
7.84960000e-07,4.95000000e+00,1.09250000e+01,5.62500000e-03,1.17101563e+01
7.85280000e-07,4.81250000e+00,1.09125000e+01,8.12500000e-03,1.16992188e+01
7.85600000e-07,4.77500000e+00,1.09875000e+01,2.81250000e-02,1.17632813e+01
7.85920000e-07,4.81250000e+00,1.09500000e+01,1.31250000e-02,1.18359375e+01
7.86240000e-07,4.88750000e+00,1.10250000e+01,2.81250000e-02,1.18664063e+01
7.86560000e-07,4.80000000e+00,1.09000000e+01,1.06250000e-02,1.18250000e+01
7.86880000e-07,4.70937500e+00,1.09125000e+01,-6.87500000e-03,1.17640625e+01
7.87200000e-07,4.92500000e+00,1.09750000e+01,3.12500000e-03,1.17085938e+01
7.87520000e-07,4.80000000e+00,1.08500000e+01,-6.87500000e-03,1.17195312e+01
7.87840000e-07,4.98750000e+00,1.09875000e+01,-1.18750000e-02,1.17531250e+01
7.88160000e-07,4.81250000e+00,1.08875000e+01,8.12500000e-03,1.17835937e+01
7.88480000e-07,4.87500000e+00,1.08750000e+01,3.12500000e-03,1.18250000e+01
7.88800000e-07,4.81250000e+00,1.10125000e+01,2.31250000e-02,1.17203125e+01
7.89120000e-07,4.82500000e+00,1.08375000e+01,1.31250000e-02,1.16726562e+01
7.89440000e-07,4.80937500e+00,1.08375000e+01,-4.37500000e-03,1.17250000e+01
7.89760000e-07,4.75000000e+00,1.10500000e+01,1.81250000e-02,1.16851563e+01
7.90080000e-07,4.93750000e+00,1.10625000e+01,2.06250000e-02,1.16632813e+01
7.90400000e-07,4.83437500e+00,1.09875000e+01,-1.87500000e-03,1.16984375e+01
7.90720000e-07,4.75000000e+00,1.09375000e+01,-1.87500000e-03,1.17734375e+01
7.91040000e-07,4.81250000e+00,1.08625000e+01,2.56250000e-02,1.17921875e+01
7.91360000e-07,4.91250000e+00,1.09875000e+01,3.31250000e-02,1.18078125e+01
7.91680000e-07,4.96250000e+00,1.10625000e+01,-1.87500000e-03,1.18132812e+01
7.92000000e-07,4.73437500e+00,1.08625000e+01,6.25000000e-04,1.17398438e+01
7.92320000e-07,4.85000000e+00,1.09125000e+01,2.31250000e-02,1.16867188e+01
7.92640000e-07,4.95000000e+00,1.08750000e+01,5.62500000e-03,1.16687500e+01
7.92960000e-07,5.01250000e+00,1.10250000e+01,8.12500000e-03,1.17453125e+01
7.93280000e-07,4.82500000e+00,1.09125000e+01,2.06250000e-02,1.18070312e+01
7.93600000e-07,4.81250000e+00,1.08125000e+01,-6.87500000e-03,1.18578125e+01
7.93920000e-07,4.85000000e+00,1.09625000e+01,1.56250000e-02,1.18429688e+01
7.94240000e-07,4.76250000e+00,1.09500000e+01,-1.93750000e-02,1.18265625e+01
7.94560000e-07,4.80000000e+00,1.09625000e+01,8.12500000e-03,1.17453125e+01
7.94880000e-07,4.65937500e+00,1.08250000e+01,1.31250000e-02,1.16789063e+01
7.95200000e-07,4.93750000e+00,1.10125000e+01,8.12500000e-03,1.17226562e+01
7.95520000e-07,4.88437500e+00,1.09000000e+01,-6.87500000e-03,1.17312500e+01
7.95840000e-07,4.65625000e+00,1.09750000e+01,3.56250000e-02,1.17960938e+01
7.96160000e-07,4.75000000e+00,1.09375000e+01,-1.18750000e-02,1.17843750e+01
7.96480000e-07,4.85937500e+00,1.10125000e+01,2.81250000e-02,1.17601562e+01
7.96800000e-07,4.79687500e+00,1.08125000e+01,1.31250000e-02,1.18335938e+01
7.97120000e-07,4.80000000e+00,1.09000000e+01,3.12500000e-03,1.18242188e+01
7.97440000e-07,4.76250000e+00,1.10000000e+01,6.25000000e-04,1.18179688e+01
7.97760000e-07,4.82500000e+00,1.09500000e+01,1.56250000e-02,1.18351563e+01
7.98080000e-07,4.98750000e+00,1.08500000e+01,-6.87500000e-03,1.17398438e+01
7.98400000e-07,4.77500000e+00,1.09500000e+01,8.12500000e-03,1.17265625e+01
7.98720000e-07,4.95000000e+00,1.08750000e+01,3.56250000e-02,1.18414063e+01
7.99040000e-07,4.90000000e+00,1.08375000e+01,3.56250000e-02,1.18007812e+01
7.99360000e-07,4.78750000e+00,1.09125000e+01,1.56250000e-02,1.17437500e+01
7.99680000e-07,4.80000000e+00,1.08750000e+01,2.06250000e-02,1.17007813e+01
8.00000000e-07,4.85000000e+00,1.08500000e+01,-4.37500000e-03,1.16367188e+01
8.00320000e-07,4.69375000e+00,1.09125000e+01,3.06250000e-02,1.16265625e+01
8.00640000e-07,4.90000000e+00,1.09125000e+01,-1.93750000e-02,1.16976562e+01
8.00960000e-07,4.87500000e+00,1.09250000e+01,1.81250000e-02,1.17867188e+01
8.01280000e-07,4.89687500e+00,1.09250000e+01,8.12500000e-03,1.17960938e+01
8.01600000e-07,4.77500000e+00,1.09250000e+01,5.62500000e-03,1.17000000e+01
8.01920000e-07,4.92500000e+00,1.08500000e+01,8.12500000e-03,1.17398438e+01
8.02240000e-07,4.75937500e+00,1.10250000e+01,1.56250000e-02,1.17210937e+01
8.02560000e-07,4.73437500e+00,1.09375000e+01,8.12500000e-03,1.16335937e+01
8.02880000e-07,4.92500000e+00,1.09250000e+01,-6.87500000e-03,1.17062500e+01
8.03200000e-07,4.88437500e+00,1.09000000e+01,1.81250000e-02,1.17781250e+01
8.03520000e-07,4.82500000e+00,1.08875000e+01,4.31250000e-02,1.17710938e+01
8.03840000e-07,4.82500000e+00,1.09000000e+01,1.81250000e-02,1.17906250e+01
8.04160000e-07,4.85000000e+00,1.09125000e+01,5.62500000e-03,1.16843750e+01
8.04480000e-07,4.78750000e+00,1.09125000e+01,-1.43750000e-02,1.16492187e+01
8.04800000e-07,4.92500000e+00,1.09750000e+01,1.56250000e-02,1.17390625e+01
8.05120000e-07,4.75000000e+00,1.09500000e+01,1.56250000e-02,1.17796875e+01
8.05440000e-07,4.91250000e+00,1.09625000e+01,2.31250000e-02,1.17804688e+01
8.05760000e-07,4.88750000e+00,1.10875000e+01,6.25000000e-04,1.17523437e+01
8.06080000e-07,4.87500000e+00,1.09875000e+01,-1.18750000e-02,1.16937500e+01
8.06400000e-07,4.91250000e+00,1.08500000e+01,2.06250000e-02,1.17398438e+01
8.06720000e-07,4.88750000e+00,1.10250000e+01,3.81250000e-02,1.18117188e+01
8.07040000e-07,4.81250000e+00,1.09875000e+01,-4.37500000e-03,1.18195313e+01
8.07360000e-07,4.90000000e+00,1.09500000e+01,1.81250000e-02,1.17101563e+01
8.07680000e-07,4.86250000e+00,1.10125000e+01,-1.87500000e-03,1.16976562e+01
8.08000000e-07,4.81250000e+00,1.10125000e+01,-9.37500000e-03,1.17062500e+01
8.08320000e-07,4.77500000e+00,1.09500000e+01,1.56250000e-02,1.17171875e+01
8.08640000e-07,4.90000000e+00,1.08375000e+01,1.31250000e-02,1.17273437e+01
8.08960000e-07,4.98750000e+00,1.09875000e+01,-9.37500000e-03,1.17085938e+01
8.09280000e-07,4.78750000e+00,1.09750000e+01,1.06250000e-02,1.17085938e+01
8.09600000e-07,4.83750000e+00,1.09750000e+01,4.06250000e-02,1.17523437e+01
8.09920000e-07,4.78750000e+00,1.09875000e+01,2.56250000e-02,1.17851562e+01
8.10240000e-07,4.77500000e+00,1.10125000e+01,2.56250000e-02,1.17015625e+01
8.10560000e-07,4.77500000e+00,1.10375000e+01,8.12500000e-03,1.16742187e+01
8.10880000e-07,4.80000000e+00,1.08875000e+01,-1.18750000e-02,1.17687500e+01
8.11200000e-07,4.86250000e+00,1.10000000e+01,3.31250000e-02,1.17914062e+01
8.11520000e-07,4.73437500e+00,1.09000000e+01,-9.37500000e-03,1.18281250e+01
8.11840000e-07,4.86250000e+00,1.08875000e+01,1.06250000e-02,1.18398438e+01
8.12160000e-07,4.84687500e+00,1.09875000e+01,1.06250000e-02,1.17914062e+01
8.12480000e-07,4.64687500e+00,1.09375000e+01,1.56250000e-02,1.17492188e+01
8.12800000e-07,4.93750000e+00,1.09125000e+01,3.06250000e-02,1.17367187e+01
8.13120000e-07,5.03437500e+00,1.09875000e+01,3.12500000e-03,1.16898437e+01
8.13440000e-07,4.75937500e+00,1.09375000e+01,-6.87500000e-03,1.16796875e+01
8.13760000e-07,4.68437500e+00,1.10375000e+01,5.62500000e-03,1.17796875e+01
8.14080000e-07,4.95000000e+00,1.09625000e+01,5.62500000e-03,1.17320313e+01
8.14400000e-07,4.93437500e+00,1.09625000e+01,1.31250000e-02,1.16679688e+01
8.14720000e-07,4.64375000e+00,1.09125000e+01,-9.37500000e-03,1.17664062e+01
8.15040000e-07,4.80000000e+00,1.10000000e+01,1.06250000e-02,1.17312500e+01
8.15360000e-07,4.82500000e+00,1.10625000e+01,3.12500000e-03,1.16546875e+01
8.15680000e-07,4.89687500e+00,1.10375000e+01,1.56250000e-02,1.17085938e+01
8.16000000e-07,4.90000000e+00,1.09750000e+01,-6.87500000e-03,1.17929688e+01
8.16320000e-07,4.93750000e+00,1.09375000e+01,3.81250000e-02,1.17445312e+01
8.16640000e-07,4.78750000e+00,1.08375000e+01,6.25000000e-04,1.17453125e+01
8.16960000e-07,4.95000000e+00,1.11375000e+01,1.06250000e-02,1.17718750e+01
8.17280000e-07,4.92500000e+00,1.08875000e+01,3.06250000e-02,1.17773438e+01
8.17600000e-07,4.88750000e+00,1.08875000e+01,1.56250000e-02,1.17687500e+01
8.17920000e-07,4.86250000e+00,1.08500000e+01,8.12500000e-03,1.17070312e+01
8.18240000e-07,4.86250000e+00,1.09625000e+01,1.06250000e-02,1.16960937e+01
8.18560000e-07,4.75000000e+00,1.10250000e+01,3.12500000e-03,1.17554688e+01
8.18880000e-07,4.83750000e+00,1.08750000e+01,3.12500000e-03,1.17218750e+01
8.19200000e-07,4.90000000e+00,1.10500000e+01,1.81250000e-02,1.17617188e+01
8.19520000e-07,4.74687500e+00,1.08750000e+01,2.56250000e-02,1.17617188e+01
8.19840000e-07,4.76250000e+00,1.10000000e+01,2.06250000e-02,1.18242188e+01
8.20160000e-07,4.93750000e+00,1.09375000e+01,6.25000000e-04,1.18171875e+01
8.20480000e-07,4.78437500e+00,1.09250000e+01,2.06250000e-02,1.17515625e+01
8.20800000e-07,4.85000000e+00,1.09875000e+01,1.81250000e-02,1.17210937e+01
8.21120000e-07,4.90000000e+00,1.09125000e+01,3.12500000e-03,1.17132812e+01
8.21440000e-07,4.93750000e+00,1.08625000e+01,2.06250000e-02,1.17125000e+01
8.21760000e-07,4.92500000e+00,1.09000000e+01,-1.87500000e-03,1.17804688e+01
8.22080000e-07,4.73437500e+00,1.09500000e+01,3.12500000e-03,1.17335938e+01
8.22400000e-07,4.87500000e+00,1.08000000e+01,-4.37500000e-03,1.17453125e+01
8.22720000e-07,4.70625000e+00,1.09875000e+01,1.06250000e-02,1.17171875e+01
8.23040000e-07,4.68437500e+00,1.10000000e+01,3.56250000e-02,1.16968750e+01
8.23360000e-07,4.88750000e+00,1.10125000e+01,1.81250000e-02,1.17671875e+01
8.23680000e-07,4.84687500e+00,1.08375000e+01,-9.37500000e-03,1.18539062e+01
8.24000000e-07,4.77500000e+00,1.07750000e+01,3.12500000e-03,1.18109375e+01
8.24320000e-07,4.83750000e+00,1.08875000e+01,8.12500000e-03,1.17554688e+01
8.24640000e-07,4.81250000e+00,1.10000000e+01,6.25000000e-04,1.17617188e+01
8.24960000e-07,4.81250000e+00,1.09500000e+01,-1.68750000e-02,1.16859375e+01
8.25280000e-07,4.83750000e+00,1.09250000e+01,1.31250000e-02,1.16515625e+01
8.25600000e-07,4.87500000e+00,1.09875000e+01,2.81250000e-02,1.16453125e+01
8.25920000e-07,4.93750000e+00,1.08625000e+01,2.31250000e-02,1.16796875e+01
8.26240000e-07,4.76250000e+00,1.08250000e+01,8.12500000e-03,1.16992188e+01
8.26560000e-07,4.86250000e+00,1.09750000e+01,1.56250000e-02,1.16398438e+01
8.26880000e-07,5.00000000e+00,1.08375000e+01,1.56250000e-02,1.16812500e+01
8.27200000e-07,4.82500000e+00,1.09375000e+01,3.06250000e-02,1.17609375e+01
8.27520000e-07,4.86250000e+00,1.09875000e+01,-1.00000000e-02,1.17507812e+01
8.27840000e-07,4.83750000e+00,1.10375000e+01,-2.81250000e-02,1.17125000e+01
8.28160000e-07,4.87500000e+00,1.07875000e+01,1.62500000e-02,1.16562500e+01
8.28480000e-07,4.96250000e+00,1.10000000e+01,-1.37500000e-02,1.16945313e+01
8.28800000e-07,4.82500000e+00,1.09875000e+01,1.06250000e-02,1.17226562e+01
8.29120000e-07,4.95000000e+00,1.08125000e+01,3.12500000e-03,1.17445312e+01
8.29440000e-07,4.96250000e+00,1.08375000e+01,8.12500000e-03,1.17226562e+01
8.29760000e-07,4.88750000e+00,1.09875000e+01,3.81250000e-02,1.16570312e+01
8.30080000e-07,4.78750000e+00,1.08500000e+01,2.31250000e-02,1.17281250e+01
8.30400000e-07,4.81250000e+00,1.10125000e+01,-1.68750000e-02,1.17835937e+01
8.30720000e-07,4.88750000e+00,1.09875000e+01,2.56250000e-02,1.17695312e+01
8.31040000e-07,4.80937500e+00,1.09750000e+01,1.06250000e-02,1.17125000e+01
8.31360000e-07,4.80000000e+00,1.09125000e+01,1.31250000e-02,1.16585937e+01
8.31680000e-07,4.78750000e+00,1.09375000e+01,2.31250000e-02,1.16875000e+01
8.32000000e-07,4.80937500e+00,1.09625000e+01,3.56250000e-02,1.17132812e+01
8.32320000e-07,4.83750000e+00,1.08625000e+01,-1.87500000e-03,1.17726563e+01
8.32640000e-07,4.91250000e+00,1.09125000e+01,1.81250000e-02,1.16804687e+01
8.32960000e-07,4.73125000e+00,1.11000000e+01,-6.87500000e-03,1.16125000e+01
8.33280000e-07,4.77500000e+00,1.09625000e+01,1.56250000e-02,1.15812500e+01
8.33600000e-07,4.85000000e+00,1.10250000e+01,-6.87500000e-03,1.16218750e+01
8.33920000e-07,4.88437500e+00,1.08875000e+01,-1.18750000e-02,1.17476563e+01
8.34240000e-07,4.90000000e+00,1.08875000e+01,3.12500000e-03,1.17898437e+01
8.34560000e-07,4.87500000e+00,1.10375000e+01,1.31250000e-02,1.18148437e+01
8.34880000e-07,4.91250000e+00,1.10500000e+01,1.31250000e-02,1.17507812e+01
8.35200000e-07,4.80000000e+00,1.10500000e+01,1.06250000e-02,1.16398438e+01
8.35520000e-07,4.86250000e+00,1.11125000e+01,-6.87500000e-03,1.16781250e+01
8.35840000e-07,4.90000000e+00,1.09750000e+01,1.56250000e-02,1.17179688e+01
8.36160000e-07,4.77500000e+00,1.09875000e+01,2.31250000e-02,1.16898437e+01
8.36480000e-07,4.91250000e+00,1.09000000e+01,5.62500000e-03,1.17171875e+01
8.36800000e-07,5.00000000e+00,1.09750000e+01,5.62500000e-03,1.17164063e+01
8.37120000e-07,4.90000000e+00,1.10625000e+01,8.12500000e-03,1.17359375e+01
8.37440000e-07,4.85000000e+00,1.10375000e+01,2.81250000e-02,1.17742187e+01
8.37760000e-07,4.87500000e+00,1.09750000e+01,1.31250000e-02,1.17484375e+01
8.38080000e-07,4.95000000e+00,1.10250000e+01,6.25000000e-04,1.17539062e+01
8.38400000e-07,4.82500000e+00,1.08625000e+01,1.81250000e-02,1.17539062e+01
8.38720000e-07,4.85000000e+00,1.08125000e+01,6.25000000e-04,1.16742187e+01
8.39040000e-07,5.05000000e+00,1.09500000e+01,-9.37500000e-03,1.16921875e+01
8.39360000e-07,4.80000000e+00,1.10125000e+01,5.62500000e-03,1.17156250e+01
8.39680000e-07,4.90000000e+00,1.10125000e+01,1.81250000e-02,1.16765625e+01
8.40000000e-07,4.98750000e+00,1.09750000e+01,3.31250000e-02,1.16703125e+01
8.40320000e-07,4.77500000e+00,1.09125000e+01,1.06250000e-02,1.16742187e+01
8.40640000e-07,4.88750000e+00,1.10125000e+01,6.25000000e-04,1.18203125e+01
8.40960000e-07,4.81250000e+00,1.08000000e+01,2.31250000e-02,1.17804688e+01
8.41280000e-07,4.69375000e+00,1.09750000e+01,-1.87500000e-03,1.17125000e+01
8.41600000e-07,4.87500000e+00,1.09625000e+01,2.81250000e-02,1.17546875e+01
8.41920000e-07,5.00000000e+00,1.08625000e+01,4.31250000e-02,1.19023438e+01
8.42240000e-07,4.85937500e+00,1.07375000e+01,-1.18750000e-02,1.19179688e+01
8.42560000e-07,4.85000000e+00,1.08500000e+01,2.81250000e-02,1.18031250e+01
8.42880000e-07,4.87500000e+00,1.09250000e+01,2.06250000e-02,1.16875000e+01
8.43200000e-07,4.76250000e+00,1.10250000e+01,-6.87500000e-03,1.17093750e+01
8.43520000e-07,4.87500000e+00,1.10000000e+01,1.31250000e-02,1.18007812e+01
8.43840000e-07,4.80000000e+00,1.09750000e+01,5.62500000e-03,1.17695312e+01
8.44160000e-07,4.90000000e+00,1.08250000e+01,8.12500000e-03,1.17718750e+01
8.44480000e-07,4.92500000e+00,1.10125000e+01,-9.37500000e-03,1.17820312e+01
8.44800000e-07,4.82500000e+00,1.09625000e+01,2.31250000e-02,1.18070312e+01
8.45120000e-07,4.86250000e+00,1.09375000e+01,2.31250000e-02,1.17640625e+01
8.45440000e-07,4.85000000e+00,1.10000000e+01,5.62500000e-03,1.17437500e+01
8.45760000e-07,4.91250000e+00,1.09625000e+01,2.06250000e-02,1.17507812e+01
8.46080000e-07,4.75000000e+00,1.09125000e+01,3.31250000e-02,1.17554688e+01
8.46400000e-07,4.88750000e+00,1.08625000e+01,1.06250000e-02,1.17609375e+01
8.46720000e-07,4.91250000e+00,1.08250000e+01,6.25000000e-04,1.17539062e+01
8.47040000e-07,4.88750000e+00,1.10375000e+01,2.56250000e-02,1.17367187e+01
8.47360000e-07,4.83750000e+00,1.11125000e+01,5.62500000e-03,1.17882813e+01
8.47680000e-07,4.91250000e+00,1.10875000e+01,2.56250000e-02,1.18250000e+01
8.48000000e-07,4.85000000e+00,1.10000000e+01,1.56250000e-02,1.18296875e+01
8.48320000e-07,4.77500000e+00,1.09000000e+01,1.31250000e-02,1.17046875e+01
8.48640000e-07,4.91250000e+00,1.09375000e+01,8.12500000e-03,1.16460938e+01
8.48960000e-07,4.81250000e+00,1.08750000e+01,2.06250000e-02,1.16992188e+01
8.49280000e-07,4.91250000e+00,1.08750000e+01,-6.87500000e-03,1.17468750e+01
8.49600000e-07,4.82500000e+00,1.10000000e+01,2.06250000e-02,1.17437500e+01
8.49920000e-07,4.83750000e+00,1.08250000e+01,-1.00000000e-02,1.17664062e+01
8.50240000e-07,4.91250000e+00,1.07875000e+01,-1.68750000e-02,1.17671875e+01
8.50560000e-07,4.80000000e+00,1.08875000e+01,1.06250000e-02,1.17898437e+01
8.50880000e-07,4.70937500e+00,1.09000000e+01,8.12500000e-03,1.18093750e+01
8.51200000e-07,4.73437500e+00,1.08125000e+01,6.25000000e-04,1.17726563e+01
8.51520000e-07,4.83750000e+00,1.09875000e+01,-1.68750000e-02,1.17734375e+01
8.51840000e-07,4.83750000e+00,1.09125000e+01,6.25000000e-04,1.17210937e+01
8.52160000e-07,4.86250000e+00,1.08750000e+01,6.25000000e-04,1.17062500e+01
8.52480000e-07,4.85000000e+00,1.09125000e+01,-2.81250000e-02,1.17289062e+01
8.52800000e-07,4.76250000e+00,1.10125000e+01,4.56250000e-02,1.17960938e+01
8.53120000e-07,4.83750000e+00,1.09625000e+01,2.81250000e-02,1.18828125e+01
8.53440000e-07,4.81250000e+00,1.08625000e+01,1.31250000e-02,1.18390625e+01
8.53760000e-07,4.75000000e+00,1.09000000e+01,3.56250000e-02,1.17460938e+01
8.54080000e-07,4.92500000e+00,1.08125000e+01,-1.43750000e-02,1.16218750e+01
8.54400000e-07,4.96250000e+00,1.08875000e+01,-2.56250000e-02,1.16554688e+01
8.54720000e-07,4.83750000e+00,1.08125000e+01,1.06250000e-02,1.16929688e+01
8.55040000e-07,4.83750000e+00,1.09000000e+01,-4.37500000e-03,1.17453125e+01
8.55360000e-07,4.83750000e+00,1.09500000e+01,-6.87500000e-03,1.17250000e+01
8.55680000e-07,4.73437500e+00,1.09875000e+01,-9.37500000e-03,1.17507812e+01
8.56000000e-07,4.78750000e+00,1.10125000e+01,2.31250000e-02,1.17164063e+01
8.56320000e-07,4.87500000e+00,1.06750000e+01,2.06250000e-02,1.17062500e+01
8.56640000e-07,4.77500000e+00,1.09625000e+01,2.56250000e-02,1.16859375e+01
8.56960000e-07,4.90000000e+00,1.09125000e+01,3.12500000e-03,1.16390625e+01
8.57280000e-07,4.96250000e+00,1.10625000e+01,2.81250000e-02,1.16726562e+01
8.57600000e-07,4.73437500e+00,1.08625000e+01,-9.37500000e-03,1.17109375e+01
8.57920000e-07,4.81250000e+00,1.09250000e+01,-1.87500000e-03,1.17171875e+01
8.58240000e-07,4.82500000e+00,1.09625000e+01,6.25000000e-04,1.16718750e+01
8.58560000e-07,4.83437500e+00,1.08375000e+01,6.25000000e-04,1.16562500e+01
8.58880000e-07,4.68437500e+00,1.07625000e+01,-1.87500000e-03,1.17171875e+01
8.59200000e-07,4.90000000e+00,1.08750000e+01,-1.93750000e-02,1.17132812e+01
8.59520000e-07,4.84375000e+00,1.10375000e+01,-6.87500000e-03,1.17117187e+01
8.59840000e-07,4.73437500e+00,1.08625000e+01,1.31250000e-02,1.16929688e+01
8.60160000e-07,4.93750000e+00,1.07750000e+01,6.25000000e-04,1.16679688e+01
8.60480000e-07,4.83437500e+00,1.09125000e+01,2.06250000e-02,1.17453125e+01
8.60800000e-07,4.81250000e+00,1.09875000e+01,3.31250000e-02,1.17343750e+01
8.61120000e-07,4.82500000e+00,1.10625000e+01,1.31250000e-02,1.16515625e+01
8.61440000e-07,4.82500000e+00,1.09125000e+01,5.62500000e-03,1.16289062e+01
8.61760000e-07,4.81250000e+00,1.09000000e+01,2.06250000e-02,1.17007813e+01
8.62080000e-07,4.87500000e+00,1.09125000e+01,1.56250000e-02,1.17203125e+01
8.62400000e-07,4.75937500e+00,1.09250000e+01,-1.43750000e-02,1.17437500e+01
8.62720000e-07,4.81250000e+00,1.08625000e+01,-1.68750000e-02,1.17039062e+01
8.63040000e-07,4.91250000e+00,1.10500000e+01,-1.18750000e-02,1.16617188e+01
8.63360000e-07,4.83437500e+00,1.09250000e+01,2.06250000e-02,1.16859375e+01
8.63680000e-07,4.78750000e+00,1.08625000e+01,1.56250000e-02,1.16367188e+01
8.64000000e-07,4.80000000e+00,1.08250000e+01,5.62500000e-03,1.16625000e+01
8.64320000e-07,4.78437500e+00,1.09375000e+01,-1.18750000e-02,1.16921875e+01
8.64640000e-07,4.77500000e+00,1.10125000e+01,5.62500000e-03,1.17179688e+01
8.64960000e-07,4.82500000e+00,1.09250000e+01,0.00000000e+00,1.16539063e+01
8.65280000e-07,4.79687500e+00,1.08375000e+01,-1.93750000e-02,1.16750000e+01
8.65600000e-07,4.80000000e+00,1.09125000e+01,1.56250000e-02,1.16828125e+01
8.65920000e-07,4.82500000e+00,1.09125000e+01,6.25000000e-04,1.16289062e+01
8.66240000e-07,4.87500000e+00,1.09250000e+01,-1.87500000e-03,1.16703125e+01
8.66560000e-07,4.78750000e+00,1.09750000e+01,2.06250000e-02,1.16703125e+01
8.66880000e-07,4.78750000e+00,1.08750000e+01,2.81250000e-02,1.16328125e+01
8.67200000e-07,4.96250000e+00,1.08750000e+01,-1.18750000e-02,1.16695313e+01
8.67520000e-07,4.92500000e+00,1.08875000e+01,1.81250000e-02,1.17429687e+01
8.67840000e-07,4.78750000e+00,1.08375000e+01,-1.87500000e-03,1.17664062e+01
8.68160000e-07,4.83750000e+00,1.09000000e+01,4.31250000e-02,1.16835938e+01
8.68480000e-07,4.91250000e+00,1.09000000e+01,-1.87500000e-03,1.16796875e+01
8.68800000e-07,4.73125000e+00,1.09375000e+01,-2.18750000e-02,1.16812500e+01
8.69120000e-07,4.72187500e+00,1.10750000e+01,1.56250000e-02,1.15937500e+01
8.69440000e-07,4.81250000e+00,1.11500000e+01,2.06250000e-02,1.16328125e+01
8.69760000e-07,4.89687500e+00,1.08875000e+01,-1.68750000e-02,1.17093750e+01
8.70080000e-07,4.92500000e+00,1.09750000e+01,6.25000000e-04,1.17023438e+01
8.70400000e-07,4.96250000e+00,1.08750000e+01,1.81250000e-02,1.17250000e+01
8.70720000e-07,4.86250000e+00,1.07375000e+01,3.12500000e-03,1.17296875e+01
8.71040000e-07,4.76250000e+00,1.08875000e+01,-1.18750000e-02,1.16625000e+01
8.71360000e-07,4.77500000e+00,1.09750000e+01,8.12500000e-03,1.16437500e+01
8.71680000e-07,4.81250000e+00,1.09375000e+01,3.06250000e-02,1.16289062e+01
8.72000000e-07,4.85000000e+00,1.10000000e+01,6.25000000e-04,1.16531250e+01
8.72320000e-07,4.92500000e+00,1.08250000e+01,-4.37500000e-03,1.16796875e+01
8.72640000e-07,4.87500000e+00,1.08125000e+01,1.31250000e-02,1.17015625e+01
8.72960000e-07,4.83750000e+00,1.08875000e+01,3.12500000e-03,1.17023438e+01
8.73280000e-07,4.78750000e+00,1.08375000e+01,1.56250000e-02,1.16875000e+01
8.73600000e-07,4.87500000e+00,1.08875000e+01,-6.87500000e-03,1.16820312e+01
8.73920000e-07,4.81250000e+00,1.10625000e+01,3.12500000e-03,1.16789063e+01
8.74240000e-07,4.83750000e+00,1.09625000e+01,1.31250000e-02,1.16312500e+01
8.74560000e-07,4.75000000e+00,1.10250000e+01,6.25000000e-04,1.16750000e+01
8.74880000e-07,4.95000000e+00,1.09000000e+01,3.56250000e-02,1.17625000e+01
8.75200000e-07,5.02500000e+00,1.10375000e+01,2.06250000e-02,1.17828125e+01
8.75520000e-07,4.77500000e+00,1.08625000e+01,-3.12500000e-02,1.17656250e+01
8.75840000e-07,4.80000000e+00,1.09375000e+01,-4.37500000e-03,1.18117188e+01
8.76160000e-07,4.83750000e+00,1.09000000e+01,5.00000000e-03,1.17703125e+01
8.76480000e-07,4.92500000e+00,1.08250000e+01,8.12500000e-03,1.16687500e+01
8.76800000e-07,4.78750000e+00,1.07875000e+01,2.81250000e-02,1.16406250e+01
8.77120000e-07,4.88750000e+00,1.09375000e+01,1.06250000e-02,1.16890625e+01
8.77440000e-07,4.69687500e+00,1.10000000e+01,3.12500000e-03,1.18046875e+01
8.77760000e-07,4.86250000e+00,1.09750000e+01,1.56250000e-02,1.17609375e+01
8.78080000e-07,4.74687500e+00,1.09500000e+01,-7.50000000e-03,1.16953125e+01
8.78400000e-07,4.77500000e+00,1.07875000e+01,-1.75000000e-02,1.16734375e+01
8.78720000e-07,4.77500000e+00,1.08250000e+01,-2.18750000e-02,1.16906250e+01
8.79040000e-07,4.94687500e+00,1.09000000e+01,8.12500000e-03,1.16656250e+01
8.79360000e-07,4.96250000e+00,1.08500000e+01,5.62500000e-03,1.15609375e+01
8.79680000e-07,4.91250000e+00,1.09625000e+01,1.06250000e-02,1.15953125e+01
8.80000000e-07,4.77500000e+00,1.09875000e+01,3.12500000e-03,1.17179688e+01
8.80320000e-07,4.82500000e+00,1.07750000e+01,6.25000000e-04,1.17382812e+01
8.80640000e-07,4.85000000e+00,1.09125000e+01,-4.37500000e-03,1.17187500e+01
8.80960000e-07,4.96250000e+00,1.09375000e+01,1.56250000e-02,1.16664062e+01
8.81280000e-07,4.73125000e+00,1.09750000e+01,2.56250000e-02,1.16984375e+01
8.81600000e-07,4.80000000e+00,1.10250000e+01,-6.87500000e-03,1.16914062e+01
8.81920000e-07,4.70937500e+00,1.09875000e+01,1.56250000e-02,1.16578125e+01
8.82240000e-07,4.87187500e+00,1.08750000e+01,8.12500000e-03,1.16976562e+01
8.82560000e-07,4.85000000e+00,1.08250000e+01,3.12500000e-03,1.17390625e+01
8.82880000e-07,4.82500000e+00,1.08875000e+01,-9.37500000e-03,1.17492188e+01
8.83200000e-07,4.96250000e+00,1.08625000e+01,3.12500000e-03,1.16625000e+01
8.83520000e-07,4.83750000e+00,1.09500000e+01,3.12500000e-03,1.16132812e+01
8.83840000e-07,4.69687500e+00,1.08875000e+01,3.12500000e-03,1.16132812e+01
8.84160000e-07,4.82500000e+00,1.09875000e+01,-9.37500000e-03,1.17054687e+01
8.84480000e-07,4.85000000e+00,1.09000000e+01,5.62500000e-03,1.17375000e+01
8.84800000e-07,4.81250000e+00,1.09750000e+01,-1.87500000e-03,1.16671875e+01
8.85120000e-07,4.83750000e+00,1.08000000e+01,5.62500000e-03,1.16546875e+01
8.85440000e-07,4.82500000e+00,1.10000000e+01,1.06250000e-02,1.16593750e+01
8.85760000e-07,4.87500000e+00,1.09250000e+01,1.06250000e-02,1.17343750e+01
8.86080000e-07,4.86250000e+00,1.08000000e+01,1.06250000e-02,1.17656250e+01
8.86400000e-07,4.82500000e+00,1.09000000e+01,3.12500000e-03,1.17500000e+01
8.86720000e-07,4.66875000e+00,1.10250000e+01,2.31250000e-02,1.17484375e+01
8.87040000e-07,4.76250000e+00,1.09000000e+01,1.56250000e-02,1.16312500e+01
8.87360000e-07,4.83750000e+00,1.08250000e+01,5.62500000e-03,1.16218750e+01
8.87680000e-07,4.97187500e+00,1.08625000e+01,-1.87500000e-03,1.17351562e+01
8.88000000e-07,4.86250000e+00,1.07875000e+01,2.06250000e-02,1.17367187e+01
8.88320000e-07,4.76250000e+00,1.09250000e+01,-6.87500000e-03,1.16437500e+01
8.88640000e-07,4.87500000e+00,1.08625000e+01,1.81250000e-02,1.16664062e+01
8.88960000e-07,4.83750000e+00,1.08875000e+01,-1.68750000e-02,1.17468750e+01
8.89280000e-07,4.88750000e+00,1.09125000e+01,8.12500000e-03,1.16718750e+01
8.89600000e-07,4.80000000e+00,1.08500000e+01,6.25000000e-04,1.16054688e+01
8.89920000e-07,4.78750000e+00,1.08250000e+01,5.62500000e-03,1.16750000e+01
8.90240000e-07,4.90000000e+00,1.08625000e+01,3.12500000e-03,1.17078125e+01
8.90560000e-07,4.83750000e+00,1.09000000e+01,1.56250000e-02,1.16718750e+01
8.90880000e-07,4.83750000e+00,1.08750000e+01,-9.37500000e-03,1.16554688e+01
8.91200000e-07,4.88750000e+00,1.08125000e+01,1.56250000e-02,1.16570312e+01
8.91520000e-07,4.63125000e+00,1.09000000e+01,1.81250000e-02,1.16843750e+01
8.91840000e-07,4.80000000e+00,1.10625000e+01,6.25000000e-04,1.16414062e+01
8.92160000e-07,4.84687500e+00,1.09625000e+01,-4.37500000e-03,1.16015625e+01
8.92480000e-07,4.73125000e+00,1.10500000e+01,-4.37500000e-03,1.16593750e+01
8.92800000e-07,4.81250000e+00,1.09250000e+01,-3.31250000e-02,1.16945313e+01
8.93120000e-07,4.90937500e+00,1.09750000e+01,2.81250000e-02,1.17648438e+01
8.93440000e-07,4.96250000e+00,1.09000000e+01,3.31250000e-02,1.17390625e+01
8.93760000e-07,4.95000000e+00,1.08500000e+01,-4.37500000e-03,1.16890625e+01
8.94080000e-07,4.85000000e+00,1.07875000e+01,1.56250000e-02,1.16273437e+01
8.94400000e-07,4.70937500e+00,1.11000000e+01,2.06250000e-02,1.15968750e+01
8.94720000e-07,4.72187500e+00,1.09000000e+01,1.81250000e-02,1.15945312e+01
8.95040000e-07,4.81250000e+00,1.10125000e+01,6.25000000e-04,1.16210938e+01
8.95360000e-07,4.87500000e+00,1.09500000e+01,-1.93750000e-02,1.16351562e+01
8.95680000e-07,4.86250000e+00,1.09000000e+01,1.31250000e-02,1.16296875e+01
8.96000000e-07,4.86250000e+00,1.08875000e+01,1.06250000e-02,1.16789063e+01
8.96320000e-07,4.85000000e+00,1.07750000e+01,2.06250000e-02,1.16890625e+01
8.96640000e-07,4.77500000e+00,1.08250000e+01,3.12500000e-03,1.16281250e+01
8.96960000e-07,4.73437500e+00,1.10250000e+01,6.25000000e-04,1.16093750e+01
8.97280000e-07,4.78750000e+00,1.08500000e+01,-6.87500000e-03,1.15796875e+01
8.97600000e-07,4.83750000e+00,1.09125000e+01,2.81250000e-02,1.16031250e+01
8.97920000e-07,4.95000000e+00,1.09000000e+01,3.31250000e-02,1.16906250e+01
8.98240000e-07,4.82500000e+00,1.08750000e+01,1.56250000e-02,1.17117187e+01
8.98560000e-07,4.90000000e+00,1.08625000e+01,-9.37500000e-03,1.16601562e+01
8.98880000e-07,4.80000000e+00,1.09125000e+01,1.81250000e-02,1.16812500e+01
8.99200000e-07,4.78750000e+00,1.08250000e+01,-4.37500000e-03,1.16789063e+01
8.99520000e-07,4.83750000e+00,1.09875000e+01,-4.37500000e-03,1.15796875e+01
8.99840000e-07,4.80000000e+00,1.08875000e+01,2.31250000e-02,1.16328125e+01
9.00160000e-07,4.93750000e+00,1.09250000e+01,-1.00000000e-02,1.16226563e+01
9.00480000e-07,4.88750000e+00,1.08625000e+01,-2.18750000e-02,1.15554687e+01
9.00800000e-07,4.83750000e+00,1.09000000e+01,1.31250000e-02,1.16148438e+01
9.01120000e-07,5.06250000e+00,1.08750000e+01,-1.43750000e-02,1.16625000e+01
9.01440000e-07,4.75937500e+00,1.08500000e+01,1.06250000e-02,1.17070312e+01
9.01760000e-07,4.76250000e+00,1.10750000e+01,-2.81250000e-02,1.16851563e+01
9.02080000e-07,4.81250000e+00,1.09125000e+01,5.62500000e-03,1.16453125e+01
9.02400000e-07,4.84687500e+00,1.07500000e+01,1.81250000e-02,1.15625000e+01
9.02720000e-07,4.87500000e+00,1.09625000e+01,-1.43750000e-02,1.15617188e+01
9.03040000e-07,4.75000000e+00,1.08750000e+01,-1.93750000e-02,1.16468750e+01
9.03360000e-07,4.80000000e+00,1.09750000e+01,2.56250000e-02,1.16242188e+01
9.03680000e-07,4.77500000e+00,1.08500000e+01,2.31250000e-02,1.15140625e+01
9.04000000e-07,4.85000000e+00,1.09000000e+01,1.81250000e-02,1.15398437e+01
9.04320000e-07,4.97500000e+00,1.07750000e+01,-3.37500000e-02,1.16453125e+01
9.04640000e-07,4.80937500e+00,1.08875000e+01,-1.18750000e-02,1.16343750e+01
9.04960000e-07,4.75000000e+00,1.08375000e+01,-2.25000000e-02,1.15781250e+01
9.05280000e-07,4.96250000e+00,1.08875000e+01,3.12500000e-03,1.16171875e+01
9.05600000e-07,4.77187500e+00,1.09000000e+01,-1.18750000e-02,1.15875000e+01
9.05920000e-07,4.85000000e+00,1.09500000e+01,8.12500000e-03,1.16015625e+01
9.06240000e-07,4.73125000e+00,1.09250000e+01,-1.18750000e-02,1.16554688e+01
9.06560000e-07,4.73437500e+00,1.09125000e+01,2.81250000e-02,1.17085938e+01
9.06880000e-07,4.87500000e+00,1.08125000e+01,1.06250000e-02,1.16828125e+01
9.07200000e-07,4.88437500e+00,1.08625000e+01,-1.68750000e-02,1.16367188e+01
9.07520000e-07,4.90000000e+00,1.08125000e+01,1.31250000e-02,1.16750000e+01
9.07840000e-07,4.85000000e+00,1.08375000e+01,1.31250000e-02,1.17007813e+01
9.08160000e-07,4.82500000e+00,1.10375000e+01,-6.87500000e-03,1.16445312e+01
9.08480000e-07,4.85000000e+00,1.10375000e+01,-4.37500000e-03,1.16765625e+01
9.08800000e-07,4.91250000e+00,1.09625000e+01,1.31250000e-02,1.17414063e+01
9.09120000e-07,4.87500000e+00,1.10250000e+01,2.31250000e-02,1.16937500e+01
9.09440000e-07,4.77500000e+00,1.08250000e+01,-1.25000000e-02,1.16382813e+01
9.09760000e-07,4.81250000e+00,1.08250000e+01,-1.18750000e-02,1.15750000e+01
9.10080000e-07,4.77500000e+00,1.09125000e+01,1.06250000e-02,1.15351562e+01
9.10400000e-07,4.93750000e+00,1.09250000e+01,1.56250000e-02,1.15695313e+01
9.10720000e-07,4.88750000e+00,1.10125000e+01,-4.62500000e-02,1.16296875e+01
9.11040000e-07,4.82500000e+00,1.09375000e+01,3.12500000e-03,1.16289062e+01
9.11360000e-07,4.86250000e+00,1.08875000e+01,3.25000000e-02,1.16875000e+01
9.11680000e-07,4.87500000e+00,1.08875000e+01,1.06250000e-02,1.16812500e+01
9.12000000e-07,4.87500000e+00,1.09875000e+01,-4.37500000e-03,1.16351562e+01
9.12320000e-07,4.93750000e+00,1.09750000e+01,3.12500000e-03,1.16164063e+01
9.12640000e-07,4.77500000e+00,1.08625000e+01,1.56250000e-02,1.15867187e+01
9.12960000e-07,4.90000000e+00,1.08375000e+01,3.12500000e-03,1.15398437e+01
9.13280000e-07,4.76250000e+00,1.10500000e+01,3.12500000e-03,1.15507812e+01
9.13600000e-07,4.81250000e+00,1.10125000e+01,-1.93750000e-02,1.16398438e+01
9.13920000e-07,4.81250000e+00,1.08625000e+01,2.31250000e-02,1.17023438e+01
9.14240000e-07,4.86250000e+00,1.09250000e+01,2.31250000e-02,1.17085938e+01
9.14560000e-07,4.82500000e+00,1.09250000e+01,-6.87500000e-03,1.17203125e+01
9.14880000e-07,4.88750000e+00,1.10000000e+01,-9.37500000e-03,1.15960937e+01
9.15200000e-07,4.77500000e+00,1.09125000e+01,-9.37500000e-03,1.15335937e+01
9.15520000e-07,4.85000000e+00,1.09375000e+01,2.31250000e-02,1.15601563e+01
9.15840000e-07,4.97500000e+00,1.09000000e+01,-1.87500000e-03,1.16046875e+01
9.16160000e-07,4.95000000e+00,1.08375000e+01,3.12500000e-03,1.16343750e+01
9.16480000e-07,4.83750000e+00,1.08750000e+01,1.06250000e-02,1.16625000e+01
9.16800000e-07,4.83750000e+00,1.08500000e+01,2.31250000e-02,1.16273437e+01
9.17120000e-07,4.85000000e+00,1.08500000e+01,-1.87500000e-03,1.15742188e+01
9.17440000e-07,4.86250000e+00,1.08500000e+01,3.12500000e-03,1.16289062e+01
9.17760000e-07,4.77500000e+00,1.08875000e+01,1.31250000e-02,1.16140625e+01
9.18080000e-07,4.87500000e+00,1.09375000e+01,1.31250000e-02,1.15460938e+01
9.18400000e-07,4.95000000e+00,1.09125000e+01,5.62500000e-03,1.14890625e+01
9.18720000e-07,4.92500000e+00,1.09500000e+01,2.06250000e-02,1.16125000e+01
9.19040000e-07,4.90000000e+00,1.09250000e+01,-4.37500000e-03,1.16906250e+01
9.19360000e-07,4.78437500e+00,1.09375000e+01,2.06250000e-02,1.16843750e+01
9.19680000e-07,4.72187500e+00,1.10250000e+01,6.25000000e-04,1.16906250e+01
9.20000000e-07,4.80000000e+00,1.10125000e+01,-4.37500000e-03,1.15921875e+01
9.20320000e-07,4.80937500e+00,1.07750000e+01,-6.87500000e-03,1.15500000e+01
9.20640000e-07,4.72187500e+00,1.09750000e+01,-1.18750000e-02,1.15531250e+01
9.20960000e-07,4.92500000e+00,1.08125000e+01,-1.93750000e-02,1.16117187e+01
9.21280000e-07,4.87500000e+00,1.08750000e+01,3.31250000e-02,1.15585938e+01
9.21600000e-07,4.90000000e+00,1.08500000e+01,-1.87500000e-03,1.16023437e+01
9.21920000e-07,4.83750000e+00,1.09250000e+01,1.81250000e-02,1.16750000e+01
9.22240000e-07,4.87500000e+00,1.09125000e+01,1.06250000e-02,1.16632813e+01
9.22560000e-07,4.86250000e+00,1.08875000e+01,4.56250000e-02,1.17289062e+01
9.22880000e-07,4.78750000e+00,1.10250000e+01,1.06250000e-02,1.17093750e+01
9.23200000e-07,4.90000000e+00,1.08875000e+01,-6.87500000e-03,1.15601563e+01
9.23520000e-07,4.86250000e+00,1.07750000e+01,-4.37500000e-03,1.15664062e+01
9.23840000e-07,4.69375000e+00,1.08000000e+01,1.56250000e-02,1.16757812e+01
9.24160000e-07,4.83750000e+00,1.09000000e+01,4.56250000e-02,1.17445312e+01
9.24480000e-07,4.88750000e+00,1.08875000e+01,3.06250000e-02,1.16953125e+01
9.24800000e-07,4.84687500e+00,1.09375000e+01,2.81250000e-02,1.16921875e+01
9.25120000e-07,4.77500000e+00,1.09125000e+01,5.62500000e-03,1.16703125e+01
9.25440000e-07,4.74687500e+00,1.08750000e+01,-1.87500000e-03,1.16156250e+01
9.25760000e-07,4.70937500e+00,1.10000000e+01,1.31250000e-02,1.16992188e+01
9.26080000e-07,4.88750000e+00,1.08875000e+01,4.81250000e-02,1.17453125e+01
9.26400000e-07,4.90937500e+00,1.07500000e+01,2.06250000e-02,1.16882812e+01
9.26720000e-07,4.87500000e+00,1.09125000e+01,3.12500000e-03,1.16078125e+01
9.27040000e-07,4.85000000e+00,1.09375000e+01,1.31250000e-02,1.16000000e+01
9.27360000e-07,4.85937500e+00,1.08875000e+01,5.31250000e-02,1.16351562e+01
9.27680000e-07,4.63125000e+00,1.09375000e+01,2.81250000e-02,1.15929688e+01
9.28000000e-07,4.82500000e+00,1.09125000e+01,4.31250000e-02,1.16210938e+01
9.28320000e-07,4.74687500e+00,1.09875000e+01,2.06250000e-02,1.17054687e+01
9.28640000e-07,4.85937500e+00,1.09125000e+01,1.56250000e-02,1.16492187e+01
9.28960000e-07,4.82500000e+00,1.10750000e+01,3.12500000e-03,1.16453125e+01
9.29280000e-07,4.77187500e+00,1.09375000e+01,-1.87500000e-03,1.16250000e+01
9.29600000e-07,4.66875000e+00,1.08250000e+01,5.62500000e-03,1.16101562e+01
9.29920000e-07,4.83750000e+00,1.07875000e+01,-4.37500000e-03,1.16507812e+01
9.30240000e-07,4.94687500e+00,1.08375000e+01,-1.00000000e-02,1.16054688e+01
9.30560000e-07,4.74687500e+00,1.08250000e+01,-2.18750000e-02,1.16023437e+01
9.30880000e-07,4.83750000e+00,1.07625000e+01,1.06250000e-02,1.15429688e+01
9.31200000e-07,4.91250000e+00,1.09625000e+01,1.81250000e-02,1.15390625e+01
9.31520000e-07,4.83750000e+00,1.09125000e+01,2.56250000e-02,1.15843750e+01
9.31840000e-07,4.78750000e+00,1.09125000e+01,1.31250000e-02,1.16531250e+01
9.32160000e-07,4.74687500e+00,1.07875000e+01,5.62500000e-03,1.16320313e+01
9.32480000e-07,4.69375000e+00,1.08625000e+01,-4.37500000e-03,1.16671875e+01
9.32800000e-07,4.77500000e+00,1.09250000e+01,2.06250000e-02,1.16414062e+01
9.33120000e-07,4.78437500e+00,1.08000000e+01,2.56250000e-02,1.15656250e+01
9.33440000e-07,4.84687500e+00,1.09000000e+01,-9.37500000e-03,1.16218750e+01
9.33760000e-07,4.85000000e+00,1.09375000e+01,5.62500000e-03,1.16492187e+01
9.34080000e-07,4.88750000e+00,1.10250000e+01,8.12500000e-03,1.16531250e+01
9.34400000e-07,4.75937500e+00,1.09375000e+01,1.06250000e-02,1.17210937e+01
9.34720000e-07,4.60937500e+00,1.08875000e+01,3.31250000e-02,1.16484375e+01
9.35040000e-07,4.87500000e+00,1.09250000e+01,3.31250000e-02,1.15906250e+01
9.35360000e-07,4.88437500e+00,1.09500000e+01,1.56250000e-02,1.15437500e+01
9.35680000e-07,4.77187500e+00,1.08125000e+01,5.62500000e-03,1.15789062e+01
9.36000000e-07,4.60625000e+00,1.09250000e+01,1.06250000e-02,1.15843750e+01
9.36320000e-07,4.88750000e+00,1.09625000e+01,6.25000000e-04,1.16023437e+01
9.36640000e-07,4.82187500e+00,1.09375000e+01,2.31250000e-02,1.16328125e+01
9.36960000e-07,4.85937500e+00,1.09750000e+01,1.56250000e-02,1.15554687e+01
9.37280000e-07,4.69375000e+00,1.09250000e+01,1.31250000e-02,1.16015625e+01
9.37600000e-07,4.73437500e+00,1.08750000e+01,-1.93750000e-02,1.16343750e+01
9.37920000e-07,4.75000000e+00,1.08750000e+01,6.25000000e-04,1.15664062e+01
9.38240000e-07,4.83437500e+00,1.09375000e+01,2.81250000e-02,1.16218750e+01
9.38560000e-07,4.70625000e+00,1.09000000e+01,-4.37500000e-03,1.16445312e+01
9.38880000e-07,4.80000000e+00,1.09250000e+01,2.56250000e-02,1.15984375e+01
9.39200000e-07,4.98750000e+00,1.08875000e+01,1.56250000e-02,1.16570312e+01
9.39520000e-07,4.93437500e+00,1.08500000e+01,3.12500000e-03,1.16140625e+01
9.39840000e-07,4.82500000e+00,1.09875000e+01,-6.87500000e-03,1.15546875e+01
9.40160000e-07,4.88750000e+00,1.09125000e+01,-1.18750000e-02,1.15945312e+01
9.40480000e-07,4.92500000e+00,1.09375000e+01,-6.87500000e-03,1.15546875e+01
9.40800000e-07,4.82500000e+00,1.09625000e+01,-6.87500000e-03,1.15914063e+01
9.41120000e-07,4.78750000e+00,1.10125000e+01,5.62500000e-03,1.16375000e+01
9.41440000e-07,4.82500000e+00,1.08500000e+01,6.25000000e-04,1.16507812e+01
9.41760000e-07,4.75937500e+00,1.09750000e+01,1.06250000e-02,1.16945313e+01
9.42080000e-07,4.68125000e+00,1.10375000e+01,-1.87500000e-03,1.16304688e+01
9.42400000e-07,4.72187500e+00,1.09125000e+01,1.56250000e-02,1.15835938e+01
9.42720000e-07,4.85937500e+00,1.08625000e+01,8.12500000e-03,1.16820312e+01
9.43040000e-07,4.83437500e+00,1.08750000e+01,1.81250000e-02,1.16156250e+01
9.43360000e-07,4.73437500e+00,1.08625000e+01,5.62500000e-03,1.15257812e+01
9.43680000e-07,4.73125000e+00,1.09125000e+01,-1.87500000e-03,1.16179687e+01
9.44000000e-07,4.78750000e+00,1.09750000e+01,5.62500000e-03,1.16390625e+01
9.44320000e-07,4.95000000e+00,1.08125000e+01,1.06250000e-02,1.15929688e+01
9.44640000e-07,4.93437500e+00,1.09250000e+01,8.12500000e-03,1.16359375e+01
9.44960000e-07,4.70937500e+00,1.07875000e+01,-2.56250000e-02,1.17265625e+01
9.45280000e-07,4.80000000e+00,1.09250000e+01,-6.87500000e-03,1.17226562e+01
9.45600000e-07,4.77500000e+00,1.09750000e+01,3.12500000e-03,1.16914062e+01
9.45920000e-07,4.90000000e+00,1.08750000e+01,6.25000000e-04,1.16203125e+01
9.46240000e-07,4.96250000e+00,1.09500000e+01,-9.37500000e-03,1.14843750e+01
9.46560000e-07,4.77187500e+00,1.08500000e+01,1.81250000e-02,1.15093750e+01
9.46880000e-07,4.69687500e+00,1.10375000e+01,2.06250000e-02,1.15281250e+01
9.47200000e-07,4.98750000e+00,1.07875000e+01,5.62500000e-03,1.15132813e+01
9.47520000e-07,4.79375000e+00,1.10500000e+01,2.06250000e-02,1.16210938e+01
9.47840000e-07,4.65937500e+00,1.08875000e+01,8.12500000e-03,1.15750000e+01
9.48160000e-07,4.77500000e+00,1.09250000e+01,2.56250000e-02,1.15195312e+01
9.48480000e-07,4.71875000e+00,1.08625000e+01,-9.37500000e-03,1.15875000e+01
9.48800000e-07,4.81250000e+00,1.07875000e+01,-4.37500000e-03,1.15500000e+01
9.49120000e-07,4.85000000e+00,1.09125000e+01,1.56250000e-02,1.15781250e+01
9.49440000e-07,4.95000000e+00,1.08500000e+01,3.31250000e-02,1.16718750e+01
9.49760000e-07,4.86250000e+00,1.08625000e+01,2.06250000e-02,1.15929688e+01
9.50080000e-07,4.81250000e+00,1.09375000e+01,1.06250000e-02,1.15968750e+01
9.50400000e-07,4.93750000e+00,1.08375000e+01,-1.87500000e-03,1.17031250e+01
9.50720000e-07,4.82500000e+00,1.09250000e+01,2.06250000e-02,1.16851563e+01
9.51040000e-07,4.92500000e+00,1.07500000e+01,6.25000000e-04,1.15875000e+01
9.51360000e-07,4.92500000e+00,1.09250000e+01,-1.87500000e-03,1.15796875e+01
9.51680000e-07,4.75937500e+00,1.10875000e+01,-1.43750000e-02,1.16195312e+01
9.52000000e-07,4.75000000e+00,1.10125000e+01,6.25000000e-04,1.16007813e+01
9.52320000e-07,4.80000000e+00,1.08125000e+01,8.12500000e-03,1.16671875e+01
9.52640000e-07,4.87187500e+00,1.08125000e+01,1.81250000e-02,1.16687500e+01
9.52960000e-07,4.87500000e+00,1.08875000e+01,-4.37500000e-03,1.15609375e+01
9.53280000e-07,4.80000000e+00,1.10750000e+01,3.12500000e-03,1.15515625e+01
9.53600000e-07,4.85000000e+00,1.08500000e+01,-4.37500000e-03,1.15187500e+01
9.53920000e-07,4.82500000e+00,1.08625000e+01,5.62500000e-03,1.14835938e+01
9.54240000e-07,4.97500000e+00,1.10875000e+01,-1.68750000e-02,1.15429688e+01
9.54560000e-07,4.82187500e+00,1.09875000e+01,2.31250000e-02,1.15820312e+01
9.54880000e-07,4.65625000e+00,1.08500000e+01,6.25000000e-04,1.15789062e+01
9.55200000e-07,4.73437500e+00,1.08250000e+01,6.25000000e-04,1.14984375e+01
9.55520000e-07,4.74687500e+00,1.08750000e+01,-1.18750000e-02,1.15226563e+01
9.55840000e-07,4.88437500e+00,1.09250000e+01,-1.87500000e-03,1.15601563e+01
9.56160000e-07,4.91250000e+00,1.08625000e+01,1.56250000e-02,1.15445313e+01
9.56480000e-07,4.66875000e+00,1.09625000e+01,1.31250000e-02,1.15273438e+01
9.56800000e-07,4.81250000e+00,1.08875000e+01,5.62500000e-03,1.15437500e+01
9.57120000e-07,4.97500000e+00,1.08000000e+01,3.56250000e-02,1.15765625e+01
9.57440000e-07,4.85937500e+00,1.09250000e+01,-9.37500000e-03,1.15531250e+01
9.57760000e-07,4.71875000e+00,1.08000000e+01,2.31250000e-02,1.15085937e+01
9.58080000e-07,4.77500000e+00,1.08125000e+01,1.56250000e-02,1.15429688e+01
9.58400000e-07,4.77187500e+00,1.10000000e+01,1.56250000e-02,1.15976562e+01
9.58720000e-07,4.64375000e+00,1.09125000e+01,8.12500000e-03,1.16226563e+01
9.59040000e-07,4.73125000e+00,1.10000000e+01,-1.43750000e-02,1.16367188e+01
9.59360000e-07,4.72812500e+00,1.09000000e+01,-1.68750000e-02,1.15960937e+01
9.59680000e-07,4.80000000e+00,1.10375000e+01,6.25000000e-04,1.15890625e+01
9.60000000e-07,4.74687500e+00,1.09125000e+01,3.56250000e-02,1.16656250e+01
9.60320000e-07,4.79687500e+00,1.10375000e+01,2.06250000e-02,1.15742188e+01
9.60640000e-07,4.78437500e+00,1.09125000e+01,6.25000000e-04,1.15789062e+01
9.60960000e-07,4.73437500e+00,1.09000000e+01,1.31250000e-02,1.16335937e+01
9.61280000e-07,4.82500000e+00,1.09500000e+01,4.31250000e-02,1.15382813e+01
9.61600000e-07,4.90937500e+00,1.09000000e+01,-2.62500000e-02,1.15601563e+01
9.61920000e-07,4.87500000e+00,1.09750000e+01,-3.81250000e-02,1.16000000e+01
9.62240000e-07,4.90000000e+00,1.09750000e+01,-9.37500000e-03,1.15453125e+01
9.62560000e-07,4.81250000e+00,1.08125000e+01,-6.25000000e-03,1.14960938e+01
9.62880000e-07,4.85000000e+00,1.09625000e+01,-4.37500000e-03,1.15257812e+01
9.63200000e-07,4.76250000e+00,1.09875000e+01,1.81250000e-02,1.14992188e+01
9.63520000e-07,4.83750000e+00,1.08750000e+01,3.31250000e-02,1.15062500e+01
9.63840000e-07,4.77500000e+00,1.08250000e+01,2.56250000e-02,1.15234375e+01
9.64160000e-07,4.71875000e+00,1.09625000e+01,2.81250000e-02,1.15585938e+01
9.64480000e-07,4.68125000e+00,1.08125000e+01,8.12500000e-03,1.15578125e+01
9.64800000e-07,4.88750000e+00,1.09125000e+01,-1.87500000e-03,1.15257812e+01
9.65120000e-07,4.92187500e+00,1.08750000e+01,3.56250000e-02,1.15492187e+01
9.65440000e-07,4.69062500e+00,1.09250000e+01,2.31250000e-02,1.15929688e+01
9.65760000e-07,4.68437500e+00,1.09625000e+01,1.81250000e-02,1.15828125e+01
9.66080000e-07,4.82500000e+00,1.08625000e+01,2.06250000e-02,1.15601563e+01
9.66400000e-07,4.83437500e+00,1.09000000e+01,3.81250000e-02,1.15914063e+01
9.66720000e-07,4.76250000e+00,1.07875000e+01,1.56250000e-02,1.16406250e+01
9.67040000e-07,4.92500000e+00,1.07875000e+01,2.31250000e-02,1.16328125e+01
9.67360000e-07,4.78437500e+00,1.10625000e+01,-1.43750000e-02,1.15789062e+01
9.67680000e-07,4.75000000e+00,1.08875000e+01,5.62500000e-03,1.15531250e+01
9.68000000e-07,4.90000000e+00,1.08000000e+01,5.62500000e-03,1.15734375e+01
9.68320000e-07,4.75937500e+00,1.08500000e+01,-1.43750000e-02,1.15468750e+01
9.68640000e-07,4.78750000e+00,1.08625000e+01,4.06250000e-02,1.15414062e+01
9.68960000e-07,4.83750000e+00,1.09125000e+01,-1.87500000e-03,1.16445312e+01
9.69280000e-07,4.75000000e+00,1.08750000e+01,1.56250000e-02,1.16414062e+01
9.69600000e-07,4.96250000e+00,1.08375000e+01,1.81250000e-02,1.15953125e+01
9.69920000e-07,4.96250000e+00,1.09125000e+01,2.06250000e-02,1.16406250e+01
9.70240000e-07,4.73125000e+00,1.09125000e+01,5.62500000e-03,1.16085938e+01
9.70560000e-07,4.77500000e+00,1.09125000e+01,1.56250000e-02,1.15976562e+01
9.70880000e-07,4.87500000e+00,1.09250000e+01,1.56250000e-02,1.16359375e+01
9.71200000e-07,4.74375000e+00,1.08875000e+01,-1.68750000e-02,1.16164063e+01
9.71520000e-07,4.78750000e+00,1.08625000e+01,2.81250000e-02,1.15703125e+01
9.71840000e-07,4.93750000e+00,1.08875000e+01,-4.37500000e-03,1.15851563e+01
9.72160000e-07,4.80937500e+00,1.08750000e+01,1.06250000e-02,1.16460938e+01
9.72480000e-07,4.75937500e+00,1.08625000e+01,-1.18750000e-02,1.16359375e+01
9.72800000e-07,4.63125000e+00,1.08250000e+01,-1.18750000e-02,1.16429687e+01
9.73120000e-07,4.87500000e+00,1.08625000e+01,-1.18750000e-02,1.16742187e+01
9.73440000e-07,4.82187500e+00,1.07375000e+01,1.31250000e-02,1.16828125e+01
9.73760000e-07,4.82187500e+00,1.08750000e+01,8.12500000e-03,1.16203125e+01
9.74080000e-07,4.75000000e+00,1.08750000e+01,3.06250000e-02,1.15609375e+01
9.74400000e-07,4.81250000e+00,1.09750000e+01,-2.25000000e-02,1.16343750e+01
9.74720000e-07,4.82500000e+00,1.08750000e+01,-1.43750000e-02,1.17250000e+01
9.75040000e-07,4.82500000e+00,1.10000000e+01,2.06250000e-02,1.17492188e+01
9.75360000e-07,4.69375000e+00,1.09000000e+01,2.06250000e-02,1.16914062e+01
9.75680000e-07,4.86250000e+00,1.08375000e+01,8.12500000e-03,1.16734375e+01
9.76000000e-07,4.91250000e+00,1.08625000e+01,8.12500000e-03,1.16367188e+01
9.76320000e-07,4.92187500e+00,1.09250000e+01,1.06250000e-02,1.15601563e+01
9.76640000e-07,4.82500000e+00,1.09625000e+01,3.81250000e-02,1.16210938e+01
9.76960000e-07,4.87500000e+00,1.09000000e+01,8.12500000e-03,1.16429687e+01
9.77280000e-07,4.73437500e+00,1.09750000e+01,5.62500000e-03,1.15718750e+01
9.77600000e-07,4.86250000e+00,1.08625000e+01,8.12500000e-03,1.15132813e+01
9.77920000e-07,4.85000000e+00,1.08125000e+01,2.06250000e-02,1.15726562e+01
9.78240000e-07,4.75937500e+00,1.09875000e+01,8.12500000e-03,1.15960937e+01
9.78560000e-07,4.73437500e+00,1.08000000e+01,1.56250000e-02,1.16468750e+01
9.78880000e-07,4.82500000e+00,1.08500000e+01,1.56250000e-02,1.15804687e+01
9.79200000e-07,4.69375000e+00,1.08375000e+01,3.06250000e-02,1.15632812e+01
9.79520000e-07,4.83750000e+00,1.08625000e+01,2.81250000e-02,1.16531250e+01
9.79840000e-07,4.76250000e+00,1.08000000e+01,3.06250000e-02,1.16757812e+01
9.80160000e-07,4.93750000e+00,1.08625000e+01,2.56250000e-02,1.16242188e+01
9.80480000e-07,4.76250000e+00,1.09625000e+01,1.31250000e-02,1.15828125e+01
9.80800000e-07,4.91250000e+00,1.10000000e+01,6.25000000e-04,1.16359375e+01
9.81120000e-07,4.71875000e+00,1.08125000e+01,2.56250000e-02,1.15507812e+01
9.81440000e-07,4.75000000e+00,1.10250000e+01,8.12500000e-03,1.14710937e+01
9.81760000e-07,4.72187500e+00,1.07875000e+01,1.31250000e-02,1.15656250e+01
9.82080000e-07,4.79687500e+00,1.09000000e+01,-9.37500000e-03,1.15890625e+01
9.82400000e-07,4.82500000e+00,1.09875000e+01,-2.00000000e-02,1.15101562e+01
9.82720000e-07,4.87500000e+00,1.09625000e+01,-6.87500000e-03,1.15000000e+01
9.83040000e-07,4.80937500e+00,1.08625000e+01,-1.18750000e-02,1.15585938e+01
9.83360000e-07,4.63125000e+00,1.09000000e+01,3.31250000e-02,1.15789062e+01
9.83680000e-07,4.78750000e+00,1.09000000e+01,3.31250000e-02,1.15187500e+01
9.84000000e-07,4.98437500e+00,1.08750000e+01,-1.68750000e-02,1.15171875e+01
9.84320000e-07,4.76875000e+00,1.08500000e+01,1.56250000e-02,1.15039062e+01
9.84640000e-07,4.73437500e+00,1.08750000e+01,2.81250000e-02,1.14273438e+01
9.84960000e-07,4.91250000e+00,1.07875000e+01,8.12500000e-03,1.14804688e+01
9.85280000e-07,4.80937500e+00,1.07875000e+01,3.12500000e-03,1.15320312e+01
9.85600000e-07,4.95000000e+00,1.09625000e+01,-1.87500000e-03,1.15078125e+01
9.85920000e-07,4.68125000e+00,1.09500000e+01,-2.18750000e-02,1.15585938e+01
9.86240000e-07,4.80000000e+00,1.08625000e+01,-1.18750000e-02,1.16007813e+01
9.86560000e-07,4.81250000e+00,1.11250000e+01,1.31250000e-02,1.15445313e+01
9.86880000e-07,4.84687500e+00,1.07875000e+01,8.12500000e-03,1.15164062e+01
9.87200000e-07,4.75937500e+00,1.09000000e+01,1.06250000e-02,1.14640625e+01
9.87520000e-07,4.90000000e+00,1.09500000e+01,1.31250000e-02,1.13828125e+01
9.87840000e-07,4.93750000e+00,1.10125000e+01,1.06250000e-02,1.15179687e+01
9.88160000e-07,4.85937500e+00,1.08375000e+01,5.62500000e-03,1.16062500e+01
9.88480000e-07,4.77500000e+00,1.08375000e+01,3.12500000e-03,1.15093750e+01
9.88800000e-07,4.80000000e+00,1.08250000e+01,8.12500000e-03,1.14773437e+01
9.89120000e-07,4.76250000e+00,1.08750000e+01,1.06250000e-02,1.14812500e+01
9.89440000e-07,4.78750000e+00,1.09125000e+01,8.12500000e-03,1.14578125e+01
9.89760000e-07,4.90000000e+00,1.09125000e+01,8.12500000e-03,1.14281250e+01
9.90080000e-07,4.75000000e+00,1.08125000e+01,8.12500000e-03,1.14523438e+01
9.90400000e-07,4.85000000e+00,1.09000000e+01,1.06250000e-02,1.15523438e+01
9.90720000e-07,4.88750000e+00,1.09250000e+01,3.12500000e-03,1.16507812e+01
9.91040000e-07,4.80937500e+00,1.09000000e+01,3.12500000e-03,1.16164063e+01
9.91360000e-07,4.75000000e+00,1.08625000e+01,6.25000000e-04,1.15515625e+01
9.91680000e-07,4.81250000e+00,1.09750000e+01,-1.43750000e-02,1.15656250e+01
9.92000000e-07,4.68125000e+00,1.08125000e+01,1.31250000e-02,1.15531250e+01
9.92320000e-07,4.90000000e+00,1.07750000e+01,2.06250000e-02,1.15062500e+01
9.92640000e-07,4.86250000e+00,1.08500000e+01,-1.18750000e-02,1.15148438e+01
9.92960000e-07,4.73125000e+00,1.09125000e+01,1.56250000e-02,1.15562500e+01
9.93280000e-07,4.66875000e+00,1.07750000e+01,5.62500000e-03,1.15281250e+01
9.93600000e-07,4.73125000e+00,1.09500000e+01,5.62500000e-03,1.14687500e+01
9.93920000e-07,4.82187500e+00,1.09000000e+01,1.06250000e-02,1.14632812e+01
9.94240000e-07,4.79375000e+00,1.08500000e+01,1.81250000e-02,1.15429688e+01
9.94560000e-07,4.70625000e+00,1.07875000e+01,2.06250000e-02,1.15492187e+01
9.94880000e-07,4.92500000e+00,1.09500000e+01,3.31250000e-02,1.14796875e+01
9.95200000e-07,4.67812500e+00,1.06500000e+01,-4.37500000e-03,1.14578125e+01
9.95520000e-07,4.85000000e+00,1.08500000e+01,-2.00000000e-02,1.15406250e+01
9.95840000e-07,4.78750000e+00,1.08875000e+01,-1.18750000e-02,1.15640625e+01
9.96160000e-07,4.88437500e+00,1.10000000e+01,1.81250000e-02,1.15718750e+01
9.96480000e-07,4.87500000e+00,1.07875000e+01,6.25000000e-04,1.16203125e+01
9.96800000e-07,4.75000000e+00,1.08000000e+01,1.06250000e-02,1.15750000e+01
9.97120000e-07,4.75937500e+00,1.08500000e+01,-1.43750000e-02,1.15171875e+01
9.97440000e-07,4.77500000e+00,1.09750000e+01,4.06250000e-02,1.14867187e+01
9.97760000e-07,4.86250000e+00,1.07875000e+01,-1.87500000e-03,1.15234375e+01
9.98080000e-07,4.87187500e+00,1.07000000e+01,-1.87500000e-03,1.15093750e+01
9.98400000e-07,4.77500000e+00,1.08125000e+01,-4.37500000e-03,1.14929687e+01
9.98720000e-07,4.95000000e+00,1.09875000e+01,3.12500000e-03,1.14609375e+01
9.99040000e-07,4.97500000e+00,1.08000000e+01,3.06250000e-02,1.14023438e+01
9.99360000e-07,4.75000000e+00,1.08000000e+01,1.56250000e-02,1.14195313e+01
9.99680000e-07,4.75000000e+00,1.09375000e+01,1.06250000e-02,1.14750000e+01
1.00000000e-06,4.78750000e+00,1.08875000e+01,2.31250000e-02,1.15640625e+01
1.00032000e-06,4.73437500e+00,1.08625000e+01,5.62500000e-03,1.15218750e+01
1.00064000e-06,4.80000000e+00,1.08500000e+01,1.56250000e-02,1.15414062e+01
1.00096000e-06,4.85000000e+00,1.09125000e+01,1.56250000e-02,1.16093750e+01
1.00128000e-06,4.81250000e+00,1.10125000e+01,4.81250000e-02,1.15632812e+01
1.00160000e-06,4.93750000e+00,1.08875000e+01,-6.87500000e-03,1.14703125e+01
1.00192000e-06,4.85000000e+00,1.08500000e+01,-2.56250000e-02,1.13773437e+01
1.00224000e-06,4.82500000e+00,1.09625000e+01,3.12500000e-03,1.14453125e+01
1.00256000e-06,4.86250000e+00,1.08375000e+01,-1.18750000e-02,1.14859375e+01
1.00288000e-06,4.76250000e+00,1.08250000e+01,5.62500000e-03,1.15281250e+01
1.00320000e-06,4.86250000e+00,1.10250000e+01,1.56250000e-02,1.15554687e+01
1.00352000e-06,4.85000000e+00,1.09625000e+01,-9.37500000e-03,1.15273438e+01
1.00384000e-06,4.87500000e+00,1.08625000e+01,3.56250000e-02,1.14718750e+01
1.00416000e-06,4.78750000e+00,1.08125000e+01,1.56250000e-02,1.14539062e+01
1.00448000e-06,4.90000000e+00,1.08875000e+01,2.06250000e-02,1.14210938e+01
1.00480000e-06,4.69375000e+00,1.10000000e+01,-1.18750000e-02,1.14828125e+01
1.00512000e-06,4.70625000e+00,1.09875000e+01,2.31250000e-02,1.15289063e+01
1.00544000e-06,4.73437500e+00,1.09500000e+01,1.31250000e-02,1.14703125e+01
1.00576000e-06,4.82187500e+00,1.08500000e+01,3.56250000e-02,1.15101562e+01
1.00608000e-06,4.93437500e+00,1.06625000e+01,6.25000000e-04,1.15273438e+01
1.00640000e-06,4.81250000e+00,1.08750000e+01,-1.18750000e-02,1.15070313e+01
1.00672000e-06,4.83750000e+00,1.09625000e+01,1.31250000e-02,1.14937500e+01
1.00704000e-06,4.76250000e+00,1.08375000e+01,2.31250000e-02,1.14960938e+01
1.00736000e-06,4.88750000e+00,1.07875000e+01,3.31250000e-02,1.15328125e+01
1.00768000e-06,4.81250000e+00,1.08875000e+01,-1.87500000e-03,1.15554687e+01
1.00800000e-06,4.88750000e+00,1.07875000e+01,2.06250000e-02,1.14882812e+01
1.00832000e-06,4.90000000e+00,1.08500000e+01,6.25000000e-04,1.15187500e+01
1.00864000e-06,4.82500000e+00,1.10000000e+01,-1.87500000e-03,1.15796875e+01
1.00896000e-06,4.83750000e+00,1.08000000e+01,1.81250000e-02,1.15617188e+01
1.00928000e-06,4.83750000e+00,1.08125000e+01,8.12500000e-03,1.15031250e+01
1.00960000e-06,4.63125000e+00,1.09000000e+01,3.56250000e-02,1.14851562e+01
1.00992000e-06,4.70937500e+00,1.10125000e+01,1.31250000e-02,1.15390625e+01
1.01024000e-06,4.81250000e+00,1.09500000e+01,-1.68750000e-02,1.15148438e+01
1.01056000e-06,4.85937500e+00,1.08125000e+01,5.62500000e-03,1.15703125e+01
1.01088000e-06,4.76250000e+00,1.09500000e+01,3.31250000e-02,1.15390625e+01
1.01120000e-06,4.81250000e+00,1.07875000e+01,1.06250000e-02,1.15289063e+01
1.01152000e-06,4.75000000e+00,1.09750000e+01,2.31250000e-02,1.15218750e+01
1.01184000e-06,4.77500000e+00,1.09125000e+01,1.31250000e-02,1.15812500e+01
1.01216000e-06,4.77187500e+00,1.08750000e+01,1.06250000e-02,1.15289063e+01
1.01248000e-06,4.65937500e+00,1.09875000e+01,-4.37500000e-03,1.14773437e+01
1.01280000e-06,4.92500000e+00,1.10000000e+01,2.06250000e-02,1.14921875e+01
1.01312000e-06,4.90937500e+00,1.08625000e+01,8.12500000e-03,1.15359375e+01
1.01344000e-06,4.82500000e+00,1.09000000e+01,-1.87500000e-03,1.15078125e+01
1.01376000e-06,4.68125000e+00,1.08125000e+01,1.81250000e-02,1.15539063e+01
1.01408000e-06,4.65625000e+00,1.08500000e+01,4.06250000e-02,1.15062500e+01
1.01440000e-06,4.71875000e+00,1.08125000e+01,8.12500000e-03,1.14781250e+01
1.01472000e-06,4.73125000e+00,1.09000000e+01,1.56250000e-02,1.14976563e+01
1.01504000e-06,4.75937500e+00,1.09250000e+01,8.12500000e-03,1.14867187e+01
1.01536000e-06,4.71875000e+00,1.08875000e+01,1.56250000e-02,1.15054688e+01
1.01568000e-06,5.00000000e+00,1.07625000e+01,-1.18750000e-02,1.15226563e+01
1.01600000e-06,4.86250000e+00,1.08500000e+01,4.56250000e-02,1.15226563e+01
1.01632000e-06,4.77500000e+00,1.08875000e+01,0.00000000e+00,1.15398437e+01
1.01664000e-06,4.77500000e+00,1.10000000e+01,-3.06250000e-02,1.14625000e+01
1.01696000e-06,4.81250000e+00,1.08250000e+01,1.87500000e-02,1.14507813e+01
1.01728000e-06,4.91250000e+00,1.09000000e+01,4.87500000e-02,1.14570312e+01
1.01760000e-06,4.70937500e+00,1.09000000e+01,1.81250000e-02,1.15171875e+01
1.01792000e-06,4.90000000e+00,1.09750000e+01,-1.87500000e-03,1.15453125e+01
1.01824000e-06,4.91250000e+00,1.09250000e+01,-1.87500000e-03,1.15890625e+01
1.01856000e-06,4.75937500e+00,1.09250000e+01,-1.87500000e-03,1.15476562e+01
1.01888000e-06,4.81250000e+00,1.09250000e+01,3.06250000e-02,1.15445313e+01
1.01920000e-06,4.80937500e+00,1.08250000e+01,2.06250000e-02,1.15531250e+01
1.01952000e-06,4.78437500e+00,1.09250000e+01,2.56250000e-02,1.15234375e+01
1.01984000e-06,4.85000000e+00,1.09875000e+01,2.56250000e-02,1.14601563e+01
1.02016000e-06,4.68125000e+00,1.08000000e+01,3.12500000e-03,1.13796875e+01
1.02048000e-06,4.86250000e+00,1.08125000e+01,1.56250000e-02,1.14867187e+01
1.02080000e-06,4.87500000e+00,1.08000000e+01,1.56250000e-02,1.14601563e+01
1.02112000e-06,4.65625000e+00,1.08500000e+01,8.12500000e-03,1.14507813e+01
1.02144000e-06,4.75000000e+00,1.08625000e+01,1.06250000e-02,1.15156250e+01
1.02176000e-06,4.80000000e+00,1.08250000e+01,5.62500000e-03,1.15164062e+01
1.02208000e-06,4.82187500e+00,1.07250000e+01,1.56250000e-02,1.15320312e+01
1.02240000e-06,4.80000000e+00,1.09000000e+01,2.56250000e-02,1.15890625e+01
1.02272000e-06,4.85000000e+00,1.09500000e+01,6.25000000e-04,1.16484375e+01
1.02304000e-06,4.81250000e+00,1.08875000e+01,6.25000000e-04,1.15960937e+01
1.02336000e-06,4.83750000e+00,1.09000000e+01,5.62500000e-03,1.14726562e+01
1.02368000e-06,4.81250000e+00,1.07750000e+01,6.25000000e-04,1.14601563e+01
1.02400000e-06,4.75937500e+00,1.07750000e+01,1.81250000e-02,1.15546875e+01
1.02432000e-06,4.78750000e+00,1.09250000e+01,3.56250000e-02,1.15984375e+01
1.02464000e-06,4.87500000e+00,1.08750000e+01,-1.43750000e-02,1.15648437e+01
1.02496000e-06,4.80937500e+00,1.09500000e+01,5.62500000e-03,1.15437500e+01
1.02528000e-06,4.75000000e+00,1.08375000e+01,1.81250000e-02,1.14750000e+01
1.02560000e-06,4.83437500e+00,1.07625000e+01,2.56250000e-02,1.14195313e+01
1.02592000e-06,4.71875000e+00,1.09375000e+01,-1.18750000e-02,1.14648438e+01
1.02624000e-06,4.73125000e+00,1.08750000e+01,1.56250000e-02,1.15109375e+01
1.02656000e-06,4.74687500e+00,1.07875000e+01,1.06250000e-02,1.15726562e+01
1.02688000e-06,4.95937500e+00,1.08625000e+01,8.12500000e-03,1.15062500e+01
1.02720000e-06,4.75625000e+00,1.09750000e+01,1.81250000e-02,1.14281250e+01
1.02752000e-06,4.80000000e+00,1.08250000e+01,-1.87500000e-03,1.14460937e+01
1.02784000e-06,4.75000000e+00,1.07500000e+01,-1.18750000e-02,1.14898438e+01
1.02816000e-06,4.88437500e+00,1.09500000e+01,3.12500000e-03,1.15195312e+01
1.02848000e-06,4.81250000e+00,1.08750000e+01,-1.87500000e-03,1.14250000e+01
1.02880000e-06,4.88750000e+00,1.09625000e+01,1.06250000e-02,1.14718750e+01
1.02912000e-06,4.96250000e+00,1.08500000e+01,3.12500000e-03,1.15984375e+01
1.02944000e-06,4.90000000e+00,1.09875000e+01,-4.37500000e-03,1.15640625e+01
1.02976000e-06,4.81250000e+00,1.08500000e+01,-1.43750000e-02,1.14953125e+01
1.03008000e-06,4.83750000e+00,1.09875000e+01,5.62500000e-03,1.14523438e+01
1.03040000e-06,4.70937500e+00,1.08625000e+01,2.56250000e-02,1.14859375e+01
1.03072000e-06,4.77500000e+00,1.10125000e+01,6.25000000e-04,1.15359375e+01
1.03104000e-06,4.82500000e+00,1.08875000e+01,-9.37500000e-03,1.14835938e+01
1.03136000e-06,4.92500000e+00,1.09000000e+01,6.25000000e-04,1.15015625e+01
1.03168000e-06,4.92500000e+00,1.08625000e+01,-1.25000000e-02,1.15070313e+01
1.03200000e-06,4.90000000e+00,1.10125000e+01,-1.93750000e-02,1.15078125e+01
1.03232000e-06,4.68125000e+00,1.09125000e+01,-1.87500000e-03,1.15671875e+01
1.03264000e-06,4.63437500e+00,1.08500000e+01,1.31250000e-02,1.15179687e+01
1.03296000e-06,4.85000000e+00,1.08250000e+01,1.81250000e-02,1.14812500e+01
1.03328000e-06,4.83437500e+00,1.08375000e+01,1.56250000e-02,1.15187500e+01
1.03360000e-06,4.80937500e+00,1.08375000e+01,1.56250000e-02,1.15148438e+01
1.03392000e-06,4.81250000e+00,1.10250000e+01,3.31250000e-02,1.14656250e+01
1.03424000e-06,4.88750000e+00,1.08500000e+01,-3.31250000e-02,1.14992188e+01
1.03456000e-06,4.74375000e+00,1.09625000e+01,1.06250000e-02,1.15140625e+01
1.03488000e-06,4.68437500e+00,1.07875000e+01,2.31250000e-02,1.15148438e+01
1.03520000e-06,4.88750000e+00,1.08375000e+01,8.12500000e-03,1.15203125e+01
1.03552000e-06,4.75937500e+00,1.08250000e+01,1.81250000e-02,1.15414062e+01
1.03584000e-06,4.74687500e+00,1.08875000e+01,6.25000000e-04,1.14742188e+01
1.03616000e-06,4.65625000e+00,1.08500000e+01,-1.87500000e-03,1.14164062e+01
1.03648000e-06,4.73437500e+00,1.09625000e+01,2.81250000e-02,1.14351563e+01
1.03680000e-06,4.77187500e+00,1.08625000e+01,1.31250000e-02,1.15671875e+01
1.03712000e-06,4.78437500e+00,1.07625000e+01,3.06250000e-02,1.15039062e+01
1.03744000e-06,4.78750000e+00,1.08375000e+01,-4.37500000e-03,1.14351563e+01
1.03776000e-06,4.75937500e+00,1.08750000e+01,1.81250000e-02,1.15031250e+01
1.03808000e-06,4.75000000e+00,1.08125000e+01,1.06250000e-02,1.15875000e+01
1.03840000e-06,4.86250000e+00,1.08375000e+01,-1.18750000e-02,1.16015625e+01
1.03872000e-06,4.95937500e+00,1.07125000e+01,2.06250000e-02,1.15312500e+01
1.03904000e-06,4.82500000e+00,1.08750000e+01,3.31250000e-02,1.14585938e+01
1.03936000e-06,4.77500000e+00,1.08125000e+01,4.31250000e-02,1.14367188e+01
1.03968000e-06,4.78750000e+00,1.08750000e+01,1.81250000e-02,1.14664063e+01
1.04000000e-06,4.83750000e+00,1.07750000e+01,1.31250000e-02,1.15679688e+01
1.04032000e-06,4.73437500e+00,1.08500000e+01,2.81250000e-02,1.16085938e+01
1.04064000e-06,4.76250000e+00,1.09625000e+01,5.62500000e-03,1.15476562e+01
1.04096000e-06,4.81250000e+00,1.09875000e+01,6.25000000e-04,1.14734375e+01
1.04128000e-06,4.80000000e+00,1.08000000e+01,-1.87500000e-03,1.14921875e+01
1.04160000e-06,4.83750000e+00,1.09125000e+01,3.12500000e-03,1.14429688e+01
1.04192000e-06,4.83750000e+00,1.10125000e+01,1.06250000e-02,1.14156250e+01
1.04224000e-06,4.83750000e+00,1.07875000e+01,1.31250000e-02,1.14812500e+01
1.04256000e-06,4.81250000e+00,1.09625000e+01,1.81250000e-02,1.14992188e+01
1.04288000e-06,4.80000000e+00,1.08250000e+01,8.12500000e-03,1.15273438e+01
1.04320000e-06,4.65937500e+00,1.07875000e+01,3.06250000e-02,1.15570312e+01
1.04352000e-06,4.83750000e+00,1.09000000e+01,6.25000000e-04,1.15468750e+01
1.04384000e-06,4.85000000e+00,1.08750000e+01,1.56250000e-02,1.15593750e+01
1.04416000e-06,4.91250000e+00,1.08750000e+01,1.81250000e-02,1.15179687e+01
1.04448000e-06,4.86250000e+00,1.09625000e+01,-9.37500000e-03,1.14750000e+01
1.04480000e-06,4.75000000e+00,1.09750000e+01,-1.87500000e-03,1.15203125e+01
1.04512000e-06,4.82500000e+00,1.08375000e+01,6.25000000e-04,1.15328125e+01
1.04544000e-06,4.81250000e+00,1.07500000e+01,8.12500000e-03,1.14382812e+01
1.04576000e-06,4.80000000e+00,1.08625000e+01,-4.37500000e-03,1.14835938e+01
1.04608000e-06,4.81250000e+00,1.08250000e+01,-2.18750000e-02,1.15734375e+01
1.04640000e-06,4.82500000e+00,1.08750000e+01,3.06250000e-02,1.16164063e+01
1.04672000e-06,4.81250000e+00,1.09000000e+01,-1.68750000e-02,1.15750000e+01
1.04704000e-06,4.93750000e+00,1.06875000e+01,1.31250000e-02,1.15367188e+01
1.04736000e-06,4.85000000e+00,1.09375000e+01,3.56250000e-02,1.15312500e+01
1.04768000e-06,4.93750000e+00,1.09250000e+01,6.25000000e-04,1.16062500e+01
1.04800000e-06,4.85000000e+00,1.08500000e+01,4.31250000e-02,1.15171875e+01
1.04832000e-06,4.81250000e+00,1.08125000e+01,-6.87500000e-03,1.14507813e+01
1.04864000e-06,4.93750000e+00,1.09750000e+01,-4.37500000e-03,1.14289063e+01
1.04896000e-06,4.86250000e+00,1.10000000e+01,8.12500000e-03,1.14804688e+01
1.04928000e-06,4.74687500e+00,1.08125000e+01,-1.18750000e-02,1.14453125e+01
1.04960000e-06,4.76250000e+00,1.09875000e+01,2.31250000e-02,1.14523438e+01
1.04992000e-06,4.83750000e+00,1.09875000e+01,1.06250000e-02,1.14609375e+01
1.05024000e-06,4.68125000e+00,1.07875000e+01,1.81250000e-02,1.15078125e+01
1.05056000e-06,4.87500000e+00,1.09375000e+01,8.12500000e-03,1.15195312e+01
1.05088000e-06,4.82500000e+00,1.08625000e+01,-2.18750000e-02,1.15359375e+01
1.05120000e-06,4.72187500e+00,1.09000000e+01,4.06250000e-02,1.15382813e+01
1.05152000e-06,4.86250000e+00,1.07625000e+01,1.81250000e-02,1.15609375e+01
1.05184000e-06,4.90000000e+00,1.08375000e+01,1.06250000e-02,1.15000000e+01
1.05216000e-06,4.87500000e+00,1.09375000e+01,1.06250000e-02,1.14531250e+01
1.05248000e-06,4.87500000e+00,1.09500000e+01,1.31250000e-02,1.14703125e+01
1.05280000e-06,4.83750000e+00,1.08750000e+01,2.31250000e-02,1.14851562e+01
1.05312000e-06,4.75937500e+00,1.08125000e+01,3.81250000e-02,1.15281250e+01
1.05344000e-06,4.77500000e+00,1.08375000e+01,3.12500000e-03,1.15007812e+01
1.05376000e-06,4.89687500e+00,1.09250000e+01,5.62500000e-03,1.14734375e+01
1.05408000e-06,4.66562500e+00,1.08375000e+01,-1.18750000e-02,1.14390625e+01
1.05440000e-06,4.78437500e+00,1.09250000e+01,2.06250000e-02,1.14679688e+01
1.05472000e-06,4.68125000e+00,1.07500000e+01,3.56250000e-02,1.14210938e+01
1.05504000e-06,4.90937500e+00,1.09125000e+01,1.56250000e-02,1.13898438e+01
1.05536000e-06,4.73125000e+00,1.09000000e+01,1.56250000e-02,1.14390625e+01
1.05568000e-06,4.78750000e+00,1.07250000e+01,1.56250000e-02,1.15187500e+01
1.05600000e-06,4.72187500e+00,1.07625000e+01,-1.68750000e-02,1.15304688e+01
1.05632000e-06,4.78750000e+00,1.11375000e+01,1.31250000e-02,1.14273438e+01
1.05664000e-06,4.70625000e+00,1.08750000e+01,1.06250000e-02,1.15015625e+01
1.05696000e-06,4.77500000e+00,1.08125000e+01,3.31250000e-02,1.15835938e+01
1.05728000e-06,4.82500000e+00,1.07375000e+01,1.81250000e-02,1.14351563e+01
1.05760000e-06,4.71562500e+00,1.08125000e+01,-1.87500000e-03,1.13445312e+01
1.05792000e-06,4.73437500e+00,1.09125000e+01,1.31250000e-02,1.14195313e+01
1.05824000e-06,4.77500000e+00,1.09250000e+01,1.31250000e-02,1.15070313e+01
1.05856000e-06,4.80937500e+00,1.09500000e+01,3.12500000e-03,1.15273438e+01
1.05888000e-06,4.81250000e+00,1.09375000e+01,6.25000000e-04,1.14460937e+01
1.05920000e-06,4.83750000e+00,1.08000000e+01,-2.18750000e-02,1.14070312e+01
1.05952000e-06,4.80000000e+00,1.08625000e+01,1.31250000e-02,1.14062500e+01
1.05984000e-06,4.88750000e+00,1.08125000e+01,2.81250000e-02,1.13914062e+01
1.06016000e-06,4.83750000e+00,1.08000000e+01,5.62500000e-03,1.14382812e+01
1.06048000e-06,4.80000000e+00,1.09375000e+01,6.25000000e-04,1.14570312e+01
1.06080000e-06,4.77500000e+00,1.09875000e+01,8.12500000e-03,1.14445313e+01
1.06112000e-06,4.77500000e+00,1.08375000e+01,2.31250000e-02,1.13820313e+01
1.06144000e-06,4.75000000e+00,1.09125000e+01,2.06250000e-02,1.14835938e+01
1.06176000e-06,4.80000000e+00,1.08625000e+01,1.81250000e-02,1.15578125e+01
1.06208000e-06,4.80000000e+00,1.09000000e+01,8.12500000e-03,1.14562500e+01
1.06240000e-06,4.85000000e+00,1.08125000e+01,3.12500000e-03,1.13875000e+01
1.06272000e-06,4.78437500e+00,1.08875000e+01,3.12500000e-03,1.14351563e+01
1.06304000e-06,4.70625000e+00,1.08625000e+01,-1.43750000e-02,1.14898438e+01
1.06336000e-06,4.71875000e+00,1.08000000e+01,5.62500000e-03,1.14757813e+01
1.06368000e-06,4.74687500e+00,1.09375000e+01,-6.87500000e-03,1.14179688e+01
1.06400000e-06,4.92187500e+00,1.07500000e+01,2.56250000e-02,1.14648438e+01
1.06432000e-06,4.85937500e+00,1.09375000e+01,1.56250000e-02,1.14875000e+01
1.06464000e-06,4.80000000e+00,1.09125000e+01,1.06250000e-02,1.14750000e+01
1.06496000e-06,4.90000000e+00,1.08750000e+01,3.12500000e-03,1.15562500e+01
1.06528000e-06,4.90000000e+00,1.08625000e+01,3.12500000e-03,1.15093750e+01
1.06560000e-06,4.82500000e+00,1.08250000e+01,8.12500000e-03,1.14484375e+01
1.06592000e-06,4.75000000e+00,1.09875000e+01,1.81250000e-02,1.14195313e+01
1.06624000e-06,4.81250000e+00,1.08750000e+01,-9.37500000e-03,1.14539062e+01
1.06656000e-06,4.70937500e+00,1.09625000e+01,-4.37500000e-03,1.14898438e+01
1.06688000e-06,4.87500000e+00,1.08625000e+01,-1.87500000e-03,1.15273438e+01
1.06720000e-06,4.88750000e+00,1.08125000e+01,-4.37500000e-03,1.15703125e+01
1.06752000e-06,4.86250000e+00,1.08000000e+01,1.31250000e-02,1.14914063e+01
1.06784000e-06,4.77500000e+00,1.09375000e+01,1.56250000e-02,1.14718750e+01
1.06816000e-06,4.75937500e+00,1.09750000e+01,2.06250000e-02,1.15554687e+01
1.06848000e-06,4.64375000e+00,1.08375000e+01,-1.87500000e-03,1.16250000e+01
1.06880000e-06,4.68125000e+00,1.08375000e+01,1.56250000e-02,1.15210938e+01
1.06912000e-06,4.69062500e+00,1.08250000e+01,5.62500000e-03,1.14250000e+01
1.06944000e-06,4.74687500e+00,1.08750000e+01,-1.87500000e-03,1.14304687e+01
1.06976000e-06,4.92187500e+00,1.09250000e+01,1.06250000e-02,1.14648438e+01
1.07008000e-06,4.79687500e+00,1.09875000e+01,2.81250000e-02,1.14265625e+01
1.07040000e-06,4.82500000e+00,1.08750000e+01,6.25000000e-04,1.14335938e+01
1.07072000e-06,4.69375000e+00,1.08875000e+01,5.62500000e-03,1.15273438e+01
1.07104000e-06,4.70625000e+00,1.08500000e+01,5.62500000e-03,1.15687500e+01
1.07136000e-06,4.55625000e+00,1.07750000e+01,1.31250000e-02,1.14562500e+01
1.07168000e-06,4.83437500e+00,1.10250000e+01,2.31250000e-02,1.13929687e+01
1.07200000e-06,4.76875000e+00,1.08375000e+01,-6.87500000e-03,1.15210938e+01
1.07232000e-06,4.73125000e+00,1.09125000e+01,3.06250000e-02,1.15531250e+01
1.07264000e-06,4.78750000e+00,1.08500000e+01,1.81250000e-02,1.15187500e+01
1.07296000e-06,4.74375000e+00,1.09000000e+01,1.56250000e-02,1.14679688e+01
1.07328000e-06,4.68125000e+00,1.09375000e+01,-1.43750000e-02,1.14929687e+01
1.07360000e-06,4.69375000e+00,1.08625000e+01,1.06250000e-02,1.15070313e+01
1.07392000e-06,4.78437500e+00,1.07875000e+01,3.31250000e-02,1.14562500e+01
1.07424000e-06,4.88437500e+00,1.09250000e+01,-4.37500000e-03,1.14570312e+01
1.07456000e-06,4.82187500e+00,1.08250000e+01,1.81250000e-02,1.15109375e+01
1.07488000e-06,4.87500000e+00,1.07375000e+01,-1.43750000e-02,1.14718750e+01
1.07520000e-06,4.90000000e+00,1.08750000e+01,3.12500000e-03,1.14750000e+01
1.07552000e-06,4.83750000e+00,1.09625000e+01,2.56250000e-02,1.13921875e+01
1.07584000e-06,4.78750000e+00,1.08000000e+01,-1.87500000e-03,1.13679687e+01
1.07616000e-06,4.71875000e+00,1.08875000e+01,-6.87500000e-03,1.13796875e+01
1.07648000e-06,4.77500000e+00,1.09000000e+01,1.56250000e-02,1.13554688e+01
1.07680000e-06,4.74687500e+00,1.08875000e+01,3.06250000e-02,1.14000000e+01
1.07712000e-06,4.78437500e+00,1.09375000e+01,1.06250000e-02,1.15257812e+01
1.07744000e-06,4.91250000e+00,1.09250000e+01,1.31250000e-02,1.14539062e+01
1.07776000e-06,4.83125000e+00,1.10000000e+01,-1.18750000e-02,1.13554688e+01
1.07808000e-06,4.75000000e+00,1.08750000e+01,-6.87500000e-03,1.14164062e+01
1.07840000e-06,4.87500000e+00,1.08125000e+01,-1.93750000e-02,1.14718750e+01
1.07872000e-06,4.85937500e+00,1.08250000e+01,2.06250000e-02,1.14062500e+01
1.07904000e-06,4.78437500e+00,1.09250000e+01,1.56250000e-02,1.13859375e+01
1.07936000e-06,4.68125000e+00,1.09000000e+01,1.06250000e-02,1.13750000e+01
1.07968000e-06,4.66875000e+00,1.09125000e+01,-1.93750000e-02,1.13539062e+01
1.08000000e-06,4.74687500e+00,1.08750000e+01,-1.87500000e-03,1.13835937e+01
1.08032000e-06,4.87187500e+00,1.07875000e+01,2.56250000e-02,1.14546875e+01
1.08064000e-06,4.79687500e+00,1.09250000e+01,5.62500000e-03,1.14937500e+01
1.08096000e-06,4.78437500e+00,1.07375000e+01,1.06250000e-02,1.15257812e+01
1.08128000e-06,4.75000000e+00,1.09000000e+01,8.12500000e-03,1.15460938e+01
1.08160000e-06,4.90000000e+00,1.08500000e+01,3.56250000e-02,1.15093750e+01
1.08192000e-06,4.78125000e+00,1.08000000e+01,8.12500000e-03,1.14906250e+01
1.08224000e-06,4.72187500e+00,1.08500000e+01,-1.18750000e-02,1.15062500e+01
1.08256000e-06,4.82500000e+00,1.09500000e+01,2.06250000e-02,1.15312500e+01
1.08288000e-06,4.79375000e+00,1.09625000e+01,5.62500000e-03,1.15296875e+01
1.08320000e-06,4.71875000e+00,1.08875000e+01,1.31250000e-02,1.14843750e+01
1.08352000e-06,4.75000000e+00,1.07875000e+01,8.12500000e-03,1.15539063e+01
1.08384000e-06,4.71562500e+00,1.07375000e+01,2.31250000e-02,1.15375000e+01
1.08416000e-06,4.68125000e+00,1.07875000e+01,1.81250000e-02,1.15031250e+01
1.08448000e-06,4.86250000e+00,1.08125000e+01,3.12500000e-03,1.15351562e+01
1.08480000e-06,4.85937500e+00,1.08125000e+01,-6.87500000e-03,1.14992188e+01
1.08512000e-06,4.90000000e+00,1.07750000e+01,2.31250000e-02,1.14609375e+01
1.08544000e-06,4.78750000e+00,1.09375000e+01,5.62500000e-03,1.14187500e+01
1.08576000e-06,4.90000000e+00,1.09875000e+01,3.31250000e-02,1.14273438e+01
1.08608000e-06,4.83750000e+00,1.08125000e+01,6.25000000e-04,1.14789062e+01
1.08640000e-06,4.85000000e+00,1.08875000e+01,2.56250000e-02,1.14640625e+01
1.08672000e-06,4.86250000e+00,1.07375000e+01,3.06250000e-02,1.14210938e+01
1.08704000e-06,4.65625000e+00,1.07250000e+01,1.81250000e-02,1.14109375e+01
1.08736000e-06,4.77500000e+00,1.08875000e+01,-1.43750000e-02,1.15000000e+01
1.08768000e-06,4.83750000e+00,1.10250000e+01,1.81250000e-02,1.15179687e+01
1.08800000e-06,4.82187500e+00,1.08875000e+01,-1.68750000e-02,1.15281250e+01
1.08832000e-06,4.85937500e+00,1.09000000e+01,8.12500000e-03,1.15109375e+01
1.08864000e-06,4.60625000e+00,1.09000000e+01,1.06250000e-02,1.14804688e+01
1.08896000e-06,4.63125000e+00,1.09000000e+01,2.56250000e-02,1.15257812e+01
1.08928000e-06,4.74687500e+00,1.07750000e+01,2.06250000e-02,1.14656250e+01
1.08960000e-06,4.79687500e+00,1.08625000e+01,1.81250000e-02,1.13867188e+01
1.08992000e-06,4.83437500e+00,1.09125000e+01,1.06250000e-02,1.13835937e+01
1.09024000e-06,4.98750000e+00,1.09500000e+01,-1.87500000e-03,1.14992188e+01
1.09056000e-06,4.90000000e+00,1.07750000e+01,5.62500000e-03,1.15453125e+01
1.09088000e-06,4.71875000e+00,1.08500000e+01,-1.18750000e-02,1.14742188e+01
1.09120000e-06,4.68437500e+00,1.08750000e+01,-6.87500000e-03,1.14304687e+01
1.09152000e-06,4.87500000e+00,1.08875000e+01,5.31250000e-02,1.13906250e+01
1.09184000e-06,4.77187500e+00,1.07625000e+01,1.81250000e-02,1.14210938e+01
1.09216000e-06,4.80000000e+00,1.09000000e+01,1.06250000e-02,1.15242187e+01
1.09248000e-06,4.77187500e+00,1.09750000e+01,1.31250000e-02,1.14476562e+01
1.09280000e-06,4.77500000e+00,1.08500000e+01,3.81250000e-02,1.14492188e+01
1.09312000e-06,4.75000000e+00,1.07250000e+01,1.81250000e-02,1.15046875e+01
1.09344000e-06,4.80937500e+00,1.08375000e+01,2.06250000e-02,1.15351562e+01
1.09376000e-06,4.91250000e+00,1.10000000e+01,3.06250000e-02,1.15171875e+01
1.09408000e-06,4.87500000e+00,1.09500000e+01,2.31250000e-02,1.14835938e+01
1.09440000e-06,4.73437500e+00,1.08625000e+01,1.31250000e-02,1.15015625e+01
1.09472000e-06,4.78437500e+00,1.07750000e+01,-4.37500000e-03,1.14328125e+01
1.09504000e-06,4.69687500e+00,1.06750000e+01,-1.93750000e-02,1.14039063e+01
1.09536000e-06,4.83750000e+00,1.08625000e+01,-1.87500000e-03,1.14218750e+01
1.09568000e-06,4.79687500e+00,1.09125000e+01,8.12500000e-03,1.13937500e+01
1.09600000e-06,4.88750000e+00,1.09000000e+01,2.06250000e-02,1.14046875e+01
1.09632000e-06,4.80000000e+00,1.08125000e+01,5.62500000e-03,1.15265625e+01
1.09664000e-06,4.68125000e+00,1.08750000e+01,3.56250000e-02,1.15414062e+01
1.09696000e-06,4.72187500e+00,1.08750000e+01,3.81250000e-02,1.13937500e+01
1.09728000e-06,4.85000000e+00,1.09875000e+01,2.06250000e-02,1.13507813e+01
1.09760000e-06,4.88437500e+00,1.08625000e+01,5.62500000e-03,1.13570313e+01
1.09792000e-06,4.85000000e+00,1.08500000e+01,-1.18750000e-02,1.14000000e+01
1.09824000e-06,4.93750000e+00,1.08875000e+01,8.12500000e-03,1.14000000e+01
1.09856000e-06,4.87500000e+00,1.08375000e+01,3.56250000e-02,1.13812500e+01
1.09888000e-06,4.76250000e+00,1.09875000e+01,-3.06250000e-02,1.14140625e+01
1.09920000e-06,4.85000000e+00,1.08000000e+01,1.81250000e-02,1.13726563e+01
1.09952000e-06,4.80000000e+00,1.08625000e+01,2.31250000e-02,1.14179688e+01
1.09984000e-06,4.80000000e+00,1.09000000e+01,-1.87500000e-03,1.14296875e+01
1.10016000e-06,4.75000000e+00,1.07125000e+01,1.56250000e-02,1.14039063e+01
1.10048000e-06,4.83750000e+00,1.09000000e+01,5.06250000e-02,1.14367188e+01
1.10080000e-06,4.82500000e+00,1.08875000e+01,3.81250000e-02,1.13515625e+01
1.10112000e-06,4.85000000e+00,1.08000000e+01,1.31250000e-02,1.13460937e+01
1.10144000e-06,4.83437500e+00,1.07000000e+01,8.12500000e-03,1.13710938e+01
1.10176000e-06,4.63125000e+00,1.09375000e+01,3.12500000e-03,1.14796875e+01
1.10208000e-06,4.75937500e+00,1.08500000e+01,1.56250000e-02,1.14445313e+01
1.10240000e-06,4.67812500e+00,1.08375000e+01,3.06250000e-02,1.13609375e+01
1.10272000e-06,4.78437500e+00,1.07875000e+01,-1.18750000e-02,1.14710937e+01
1.10304000e-06,4.95937500e+00,1.08250000e+01,1.81250000e-02,1.15234375e+01
1.10336000e-06,4.82187500e+00,1.07750000e+01,2.56250000e-02,1.14617187e+01
1.10368000e-06,4.74687500e+00,1.07875000e+01,1.56250000e-02,1.13882813e+01
1.10400000e-06,4.60625000e+00,1.09375000e+01,-2.81250000e-02,1.14195313e+01
1.10432000e-06,4.91250000e+00,1.08750000e+01,1.31250000e-02,1.13804688e+01
1.10464000e-06,4.79687500e+00,1.07000000e+01,3.31250000e-02,1.13414063e+01
1.10496000e-06,4.79687500e+00,1.09375000e+01,2.31250000e-02,1.14070312e+01
1.10528000e-06,4.81250000e+00,1.09125000e+01,5.62500000e-03,1.14492188e+01
1.10560000e-06,4.92500000e+00,1.09375000e+01,1.56250000e-02,1.14304687e+01
1.10592000e-06,4.78750000e+00,1.09250000e+01,8.12500000e-03,1.14164062e+01
1.10624000e-06,4.80000000e+00,1.09750000e+01,8.12500000e-03,1.14500000e+01
1.10656000e-06,4.82500000e+00,1.08250000e+01,1.06250000e-02,1.14312500e+01
1.10688000e-06,4.80000000e+00,1.08875000e+01,-9.37500000e-03,1.14382812e+01
1.10720000e-06,4.81250000e+00,1.08750000e+01,1.56250000e-02,1.13757812e+01
1.10752000e-06,4.68125000e+00,1.08375000e+01,5.62500000e-03,1.13804688e+01
1.10784000e-06,4.80000000e+00,1.07625000e+01,1.56250000e-02,1.14460937e+01
1.10816000e-06,4.80000000e+00,1.08125000e+01,1.56250000e-02,1.14367188e+01
1.10848000e-06,4.84687500e+00,1.08875000e+01,5.62500000e-03,1.13289062e+01
1.10880000e-06,4.90000000e+00,1.10000000e+01,1.81250000e-02,1.13867188e+01
1.10912000e-06,4.82500000e+00,1.08625000e+01,8.12500000e-03,1.14757813e+01
1.10944000e-06,4.88750000e+00,1.08625000e+01,8.12500000e-03,1.13937500e+01
1.10976000e-06,4.72187500e+00,1.07125000e+01,5.62500000e-03,1.13945312e+01
1.11008000e-06,4.78750000e+00,1.10250000e+01,8.12500000e-03,1.14039063e+01
1.11040000e-06,4.92500000e+00,1.07375000e+01,1.31250000e-02,1.14671875e+01
1.11072000e-06,4.92500000e+00,1.09375000e+01,2.81250000e-02,1.14460937e+01
1.11104000e-06,4.90000000e+00,1.07375000e+01,2.31250000e-02,1.14421875e+01
1.11136000e-06,4.87500000e+00,1.08750000e+01,5.62500000e-03,1.13820313e+01
1.11168000e-06,4.78750000e+00,1.09625000e+01,1.06250000e-02,1.13750000e+01
1.11200000e-06,4.73437500e+00,1.09000000e+01,1.56250000e-02,1.15148438e+01
1.11232000e-06,4.85000000e+00,1.08500000e+01,2.31250000e-02,1.15054688e+01
1.11264000e-06,4.82187500e+00,1.09125000e+01,4.06250000e-02,1.14218750e+01
1.11296000e-06,4.60625000e+00,1.08750000e+01,5.62500000e-03,1.14234375e+01
1.11328000e-06,4.77500000e+00,1.09875000e+01,-1.93750000e-02,1.14156250e+01
1.11360000e-06,4.83437500e+00,1.07875000e+01,1.31250000e-02,1.14085937e+01
1.11392000e-06,4.75937500e+00,1.07750000e+01,1.56250000e-02,1.13968750e+01
1.11424000e-06,4.76250000e+00,1.09000000e+01,1.31250000e-02,1.14375000e+01
1.11456000e-06,4.80000000e+00,1.07750000e+01,8.12500000e-03,1.14351563e+01
1.11488000e-06,4.77500000e+00,1.09250000e+01,1.81250000e-02,1.13554688e+01
1.11520000e-06,4.76250000e+00,1.10375000e+01,3.12500000e-03,1.13343750e+01
1.11552000e-06,4.87500000e+00,1.09375000e+01,1.06250000e-02,1.13960938e+01
1.11584000e-06,4.85000000e+00,1.08625000e+01,2.56250000e-02,1.14218750e+01
1.11616000e-06,4.72187500e+00,1.07500000e+01,8.12500000e-03,1.14093750e+01
1.11648000e-06,4.91250000e+00,1.08250000e+01,-9.37500000e-03,1.14179688e+01
1.11680000e-06,4.77187500e+00,1.08250000e+01,4.31250000e-02,1.14703125e+01
1.11712000e-06,4.72187500e+00,1.08250000e+01,3.56250000e-02,1.14007812e+01
1.11744000e-06,4.78750000e+00,1.07750000e+01,-1.87500000e-03,1.13070312e+01
1.11776000e-06,4.74687500e+00,1.09750000e+01,3.12500000e-03,1.13132812e+01
1.11808000e-06,4.83750000e+00,1.08375000e+01,1.81250000e-02,1.14257812e+01
1.11840000e-06,4.88750000e+00,1.08750000e+01,3.56250000e-02,1.14734375e+01
1.11872000e-06,4.90000000e+00,1.09000000e+01,5.62500000e-03,1.13820313e+01
1.11904000e-06,4.79687500e+00,1.08125000e+01,2.06250000e-02,1.13718750e+01
1.11936000e-06,4.69687500e+00,1.08125000e+01,-1.87500000e-03,1.13914062e+01
1.11968000e-06,4.82500000e+00,1.09375000e+01,2.81250000e-02,1.13570313e+01
1.12000000e-06,4.73125000e+00,1.07500000e+01,5.62500000e-03,1.13945312e+01
1.12032000e-06,4.77500000e+00,1.08750000e+01,1.31250000e-02,1.13664063e+01
1.12064000e-06,4.82500000e+00,1.10250000e+01,-1.68750000e-02,1.13640625e+01
1.12096000e-06,4.78750000e+00,1.07875000e+01,8.12500000e-03,1.14281250e+01
1.12128000e-06,4.80000000e+00,1.07125000e+01,2.81250000e-02,1.14429688e+01
1.12160000e-06,4.73125000e+00,1.08500000e+01,1.81250000e-02,1.13953125e+01
1.12192000e-06,4.82500000e+00,1.09000000e+01,6.25000000e-04,1.14179688e+01
1.12224000e-06,4.93750000e+00,1.07500000e+01,-1.87500000e-03,1.14945312e+01
1.12256000e-06,4.78437500e+00,1.07750000e+01,1.81250000e-02,1.14421875e+01
1.12288000e-06,4.80000000e+00,1.09750000e+01,4.81250000e-02,1.13757812e+01
1.12320000e-06,4.77500000e+00,1.09750000e+01,-6.87500000e-03,1.14312500e+01
1.12352000e-06,4.82500000e+00,1.08875000e+01,5.62500000e-03,1.14375000e+01
1.12384000e-06,4.82187500e+00,1.08250000e+01,8.12500000e-03,1.14054688e+01
1.12416000e-06,4.60625000e+00,1.09000000e+01,-1.87500000e-03,1.14054688e+01
1.12448000e-06,4.67187500e+00,1.09625000e+01,6.25000000e-04,1.13859375e+01
1.12480000e-06,4.77187500e+00,1.09125000e+01,3.12500000e-03,1.13570313e+01
1.12512000e-06,4.75937500e+00,1.07750000e+01,3.12500000e-03,1.13945312e+01
1.12544000e-06,4.82500000e+00,1.09500000e+01,-1.18750000e-02,1.13632812e+01
1.12576000e-06,4.91250000e+00,1.08750000e+01,-4.37500000e-03,1.14242187e+01
1.12608000e-06,4.85000000e+00,1.08625000e+01,-1.87500000e-03,1.14429688e+01
1.12640000e-06,4.69375000e+00,1.09500000e+01,1.56250000e-02,1.13976563e+01
1.12672000e-06,4.78750000e+00,1.08000000e+01,2.81250000e-02,1.14109375e+01
1.12704000e-06,4.73125000e+00,1.06750000e+01,2.81250000e-02,1.14265625e+01
1.12736000e-06,4.66562500e+00,1.08125000e+01,6.25000000e-04,1.13953125e+01
1.12768000e-06,4.72187500e+00,1.07750000e+01,5.62500000e-03,1.14085937e+01
1.12800000e-06,4.83437500e+00,1.08250000e+01,8.12500000e-03,1.14273438e+01
1.12832000e-06,4.87187500e+00,1.09625000e+01,-1.18750000e-02,1.14718750e+01
1.12864000e-06,4.75000000e+00,1.08125000e+01,-9.37500000e-03,1.14617187e+01
1.12896000e-06,4.85000000e+00,1.08625000e+01,5.62500000e-03,1.14226562e+01
1.12928000e-06,4.81250000e+00,1.08000000e+01,4.81250000e-02,1.14062500e+01
1.12960000e-06,4.79687500e+00,1.09000000e+01,2.31250000e-02,1.13757812e+01
1.12992000e-06,4.70937500e+00,1.08500000e+01,3.06250000e-02,1.13953125e+01
1.13024000e-06,4.82500000e+00,1.07500000e+01,2.06250000e-02,1.14343750e+01
1.13056000e-06,4.78437500e+00,1.08250000e+01,-1.43750000e-02,1.13312500e+01
1.13088000e-06,4.77500000e+00,1.08125000e+01,-6.87500000e-03,1.13523437e+01
1.13120000e-06,4.92500000e+00,1.08500000e+01,2.56250000e-02,1.13234375e+01
1.13152000e-06,4.83750000e+00,1.07375000e+01,3.06250000e-02,1.13585938e+01
1.13184000e-06,4.78750000e+00,1.08625000e+01,1.56250000e-02,1.14125000e+01
1.13216000e-06,4.73125000e+00,1.08375000e+01,2.06250000e-02,1.14750000e+01
1.13248000e-06,4.73437500e+00,1.10250000e+01,3.81250000e-02,1.14585938e+01
1.13280000e-06,4.83750000e+00,1.08625000e+01,2.31250000e-02,1.14453125e+01
1.13312000e-06,4.77187500e+00,1.07750000e+01,6.25000000e-04,1.14000000e+01
1.13344000e-06,4.86250000e+00,1.08625000e+01,3.31250000e-02,1.13710938e+01
1.13376000e-06,4.85000000e+00,1.08500000e+01,4.81250000e-02,1.14429688e+01
1.13408000e-06,4.85000000e+00,1.07625000e+01,8.12500000e-03,1.14906250e+01
1.13440000e-06,4.83750000e+00,1.08875000e+01,5.62500000e-03,1.14125000e+01
1.13472000e-06,4.78750000e+00,1.07500000e+01,1.81250000e-02,1.13906250e+01
1.13504000e-06,4.85000000e+00,1.07500000e+01,3.12500000e-03,1.13156250e+01
1.13536000e-06,4.73125000e+00,1.07500000e+01,6.25000000e-04,1.13289062e+01
1.13568000e-06,4.70625000e+00,1.09125000e+01,-1.43750000e-02,1.14140625e+01
1.13600000e-06,4.70625000e+00,1.08125000e+01,8.12500000e-03,1.14296875e+01
1.13632000e-06,4.77187500e+00,1.09250000e+01,3.56250000e-02,1.14359375e+01
1.13664000e-06,4.85937500e+00,1.09250000e+01,1.56250000e-02,1.14492188e+01
1.13696000e-06,4.85937500e+00,1.08750000e+01,-1.50000000e-02,1.13906250e+01
1.13728000e-06,4.90000000e+00,1.07625000e+01,-2.56250000e-02,1.14101562e+01
1.13760000e-06,4.77500000e+00,1.09125000e+01,-3.75000000e-03,1.14015625e+01
1.13792000e-06,4.90000000e+00,1.07625000e+01,3.12500000e-02,1.13914062e+01
1.13824000e-06,4.69375000e+00,1.08500000e+01,3.56250000e-02,1.14250000e+01
1.13856000e-06,4.82500000e+00,1.08375000e+01,-3.81250000e-02,1.14132813e+01
1.13888000e-06,4.80000000e+00,1.09250000e+01,2.06250000e-02,1.14359375e+01
1.13920000e-06,4.83437500e+00,1.09625000e+01,1.31250000e-02,1.13976563e+01
1.13952000e-06,4.77500000e+00,1.09500000e+01,1.06250000e-02,1.14351563e+01
1.13984000e-06,4.87500000e+00,1.09125000e+01,2.31250000e-02,1.14484375e+01
1.14016000e-06,4.59375000e+00,1.09625000e+01,1.81250000e-02,1.14906250e+01
1.14048000e-06,4.88750000e+00,1.07750000e+01,1.06250000e-02,1.15109375e+01
1.14080000e-06,4.86250000e+00,1.07750000e+01,-9.37500000e-03,1.14664063e+01
1.14112000e-06,4.90937500e+00,1.08375000e+01,-1.93750000e-02,1.13578125e+01
1.14144000e-06,4.87500000e+00,1.09000000e+01,-6.87500000e-03,1.13640625e+01
1.14176000e-06,4.92500000e+00,1.08375000e+01,1.56250000e-02,1.13882813e+01
1.14208000e-06,4.87500000e+00,1.09500000e+01,2.31250000e-02,1.13773437e+01
1.14240000e-06,4.72187500e+00,1.08625000e+01,-4.37500000e-03,1.13437500e+01
1.14272000e-06,4.86250000e+00,1.08375000e+01,5.62500000e-03,1.13867188e+01
1.14304000e-06,4.86250000e+00,1.09625000e+01,2.56250000e-02,1.13953125e+01
1.14336000e-06,4.70625000e+00,1.10375000e+01,3.56250000e-02,1.12773438e+01
1.14368000e-06,4.73437500e+00,1.09125000e+01,-2.18750000e-02,1.13484375e+01
1.14400000e-06,4.90000000e+00,1.07375000e+01,5.62500000e-03,1.15000000e+01
1.14432000e-06,4.78437500e+00,1.08500000e+01,1.81250000e-02,1.14578125e+01
1.14464000e-06,4.78750000e+00,1.11500000e+01,2.06250000e-02,1.14593750e+01
1.14496000e-06,4.81250000e+00,1.09750000e+01,1.31250000e-02,1.14937500e+01
1.14528000e-06,4.78750000e+00,1.08250000e+01,6.25000000e-04,1.13789062e+01
1.14560000e-06,4.85000000e+00,1.07750000e+01,1.06250000e-02,1.13046875e+01
1.14592000e-06,4.83750000e+00,1.07375000e+01,2.06250000e-02,1.14109375e+01
1.14624000e-06,4.83750000e+00,1.07250000e+01,1.06250000e-02,1.14187500e+01
1.14656000e-06,4.73125000e+00,1.08375000e+01,-1.87500000e-03,1.13960938e+01
1.14688000e-06,4.70625000e+00,1.08375000e+01,-1.68750000e-02,1.13343750e+01
1.14720000e-06,4.78750000e+00,1.09000000e+01,-4.37500000e-03,1.13320312e+01
1.14752000e-06,4.70312500e+00,1.09125000e+01,1.56250000e-02,1.14390625e+01
1.14784000e-06,4.65312500e+00,1.08250000e+01,2.56250000e-02,1.14320312e+01
1.14816000e-06,4.68437500e+00,1.07875000e+01,1.31250000e-02,1.13562500e+01
1.14848000e-06,4.79375000e+00,1.08750000e+01,2.31250000e-02,1.13820313e+01
1.14880000e-06,4.66875000e+00,1.09125000e+01,3.12500000e-03,1.13828125e+01
1.14912000e-06,4.86250000e+00,1.09625000e+01,2.06250000e-02,1.13984375e+01
1.14944000e-06,4.77187500e+00,1.08000000e+01,3.81250000e-02,1.13882813e+01
1.14976000e-06,4.74687500e+00,1.09750000e+01,3.06250000e-02,1.13992187e+01
1.15008000e-06,4.70937500e+00,1.09000000e+01,-1.43750000e-02,1.13703125e+01
1.15040000e-06,4.90000000e+00,1.07625000e+01,1.56250000e-02,1.13703125e+01
1.15072000e-06,4.79375000e+00,1.08875000e+01,2.56250000e-02,1.13937500e+01
1.15104000e-06,4.73437500e+00,1.08250000e+01,3.12500000e-03,1.13429688e+01
1.15136000e-06,4.86250000e+00,1.07750000e+01,-4.37500000e-03,1.13710938e+01
1.15168000e-06,4.87187500e+00,1.08625000e+01,2.56250000e-02,1.13921875e+01
1.15200000e-06,4.83750000e+00,1.08000000e+01,2.06250000e-02,1.13812500e+01
1.15232000e-06,4.92500000e+00,1.09125000e+01,3.56250000e-02,1.13804688e+01
1.15264000e-06,4.66875000e+00,1.08875000e+01,2.06250000e-02,1.13421875e+01
1.15296000e-06,4.67187500e+00,1.09000000e+01,8.12500000e-03,1.13609375e+01
1.15328000e-06,4.83750000e+00,1.06375000e+01,3.31250000e-02,1.13335938e+01
1.15360000e-06,4.82187500e+00,1.08000000e+01,1.06250000e-02,1.12742187e+01
1.15392000e-06,4.82500000e+00,1.08875000e+01,3.12500000e-03,1.13031250e+01
1.15424000e-06,4.86250000e+00,1.08500000e+01,1.81250000e-02,1.13898438e+01
1.15456000e-06,4.75000000e+00,1.08875000e+01,3.81250000e-02,1.13945312e+01
1.15488000e-06,4.80000000e+00,1.09000000e+01,-9.37500000e-03,1.13453125e+01
1.15520000e-06,4.78750000e+00,1.07875000e+01,1.31250000e-02,1.13343750e+01
1.15552000e-06,4.73437500e+00,1.09750000e+01,2.06250000e-02,1.13710938e+01
1.15584000e-06,4.86250000e+00,1.09125000e+01,1.56250000e-02,1.14671875e+01
1.15616000e-06,4.90000000e+00,1.08500000e+01,1.06250000e-02,1.13765625e+01
1.15648000e-06,4.82500000e+00,1.09625000e+01,1.31250000e-02,1.14078125e+01
1.15680000e-06,4.77500000e+00,1.08375000e+01,-1.75000000e-02,1.14023438e+01
1.15712000e-06,4.81250000e+00,1.09250000e+01,-1.68750000e-02,1.14335938e+01
1.15744000e-06,4.91250000e+00,1.09625000e+01,1.56250000e-02,1.14710937e+01
1.15776000e-06,4.82500000e+00,1.08000000e+01,2.06250000e-02,1.13968750e+01
1.15808000e-06,4.77187500e+00,1.08000000e+01,1.81250000e-02,1.13515625e+01
1.15840000e-06,4.64375000e+00,1.06875000e+01,1.31250000e-02,1.13765625e+01
1.15872000e-06,4.59375000e+00,1.09625000e+01,6.25000000e-04,1.13882813e+01
1.15904000e-06,4.79687500e+00,1.10375000e+01,-1.87500000e-03,1.13414063e+01
1.15936000e-06,4.79687500e+00,1.06875000e+01,5.06250000e-02,1.13445312e+01
1.15968000e-06,4.78125000e+00,1.07875000e+01,5.00000000e-03,1.14000000e+01
1.16000000e-06,4.73437500e+00,1.10000000e+01,-3.06250000e-02,1.13703125e+01
1.16032000e-06,4.80937500e+00,1.08750000e+01,8.75000000e-03,1.14453125e+01
1.16064000e-06,4.67812500e+00,1.08375000e+01,1.62500000e-02,1.14843750e+01
1.16096000e-06,4.73437500e+00,1.08250000e+01,-1.43750000e-02,1.13835937e+01
1.16128000e-06,4.77187500e+00,1.08250000e+01,4.31250000e-02,1.13054687e+01
1.16160000e-06,4.84687500e+00,1.08125000e+01,1.31250000e-02,1.13953125e+01
1.16192000e-06,4.72187500e+00,1.08500000e+01,6.25000000e-04,1.14507813e+01
1.16224000e-06,4.85000000e+00,1.09250000e+01,5.62500000e-03,1.14000000e+01
1.16256000e-06,4.78437500e+00,1.09750000e+01,1.06250000e-02,1.13429688e+01
1.16288000e-06,4.58125000e+00,1.07625000e+01,1.56250000e-02,1.13328125e+01
1.16320000e-06,4.78750000e+00,1.08375000e+01,2.56250000e-02,1.13023438e+01
1.16352000e-06,4.82187500e+00,1.07625000e+01,3.31250000e-02,1.13445312e+01
1.16384000e-06,4.78437500e+00,1.08500000e+01,3.06250000e-02,1.14117188e+01
1.16416000e-06,4.75937500e+00,1.09375000e+01,5.62500000e-03,1.14281250e+01
1.16448000e-06,4.80000000e+00,1.08500000e+01,3.12500000e-03,1.14429688e+01
1.16480000e-06,4.77500000e+00,1.07625000e+01,-1.87500000e-03,1.13257813e+01
1.16512000e-06,4.80937500e+00,1.08875000e+01,2.56250000e-02,1.12968750e+01
1.16544000e-06,4.76250000e+00,1.09000000e+01,1.56250000e-02,1.13398438e+01
1.16576000e-06,4.83750000e+00,1.09375000e+01,6.25000000e-04,1.13460937e+01
1.16608000e-06,4.88750000e+00,1.07875000e+01,1.81250000e-02,1.13210937e+01
1.16640000e-06,4.81250000e+00,1.09500000e+01,6.25000000e-04,1.13492188e+01
1.16672000e-06,4.88750000e+00,1.07000000e+01,-6.87500000e-03,1.13742188e+01
1.16704000e-06,4.80937500e+00,1.08500000e+01,3.12500000e-03,1.13804688e+01
1.16736000e-06,4.70937500e+00,1.09625000e+01,8.12500000e-03,1.14226562e+01
1.16768000e-06,4.82500000e+00,1.08375000e+01,2.06250000e-02,1.13789062e+01
1.16800000e-06,4.79687500e+00,1.07375000e+01,2.56250000e-02,1.13828125e+01
1.16832000e-06,4.80000000e+00,1.10250000e+01,1.06250000e-02,1.13984375e+01
1.16864000e-06,4.81250000e+00,1.08500000e+01,-1.87500000e-03,1.13359375e+01
1.16896000e-06,4.86250000e+00,1.08875000e+01,5.62500000e-03,1.13437500e+01
1.16928000e-06,4.76250000e+00,1.09000000e+01,-9.37500000e-03,1.13726563e+01
1.16960000e-06,4.92500000e+00,1.08875000e+01,3.81250000e-02,1.13742188e+01
1.16992000e-06,4.87500000e+00,1.08000000e+01,1.31250000e-02,1.14140625e+01
1.17024000e-06,4.74687500e+00,1.07750000e+01,6.25000000e-04,1.14398437e+01
1.17056000e-06,4.72187500e+00,1.09875000e+01,1.56250000e-02,1.14000000e+01
1.17088000e-06,4.78750000e+00,1.08625000e+01,3.12500000e-03,1.13703125e+01
1.17120000e-06,4.87187500e+00,1.07750000e+01,1.56250000e-02,1.13625000e+01
1.17152000e-06,4.83750000e+00,1.08000000e+01,1.56250000e-02,1.13609375e+01
1.17184000e-06,4.71875000e+00,1.07500000e+01,-9.37500000e-03,1.13601562e+01
1.17216000e-06,4.78750000e+00,1.09125000e+01,6.25000000e-04,1.13898438e+01
1.17248000e-06,4.93750000e+00,1.08250000e+01,-9.37500000e-03,1.13562500e+01
1.17280000e-06,4.85937500e+00,1.08000000e+01,2.06250000e-02,1.13562500e+01
1.17312000e-06,4.76250000e+00,1.09375000e+01,3.06250000e-02,1.13070312e+01
1.17344000e-06,4.87500000e+00,1.08500000e+01,1.31250000e-02,1.12976562e+01
1.17376000e-06,4.68437500e+00,1.08875000e+01,3.12500000e-03,1.14218750e+01
1.17408000e-06,4.86250000e+00,1.08250000e+01,2.06250000e-02,1.13648438e+01
1.17440000e-06,4.72187500e+00,1.09500000e+01,1.81250000e-02,1.13382812e+01
1.17472000e-06,4.77500000e+00,1.09000000e+01,1.06250000e-02,1.13609375e+01
1.17504000e-06,4.75937500e+00,1.09375000e+01,1.31250000e-02,1.13734375e+01
1.17536000e-06,4.73437500e+00,1.10375000e+01,3.56250000e-02,1.13640625e+01
1.17568000e-06,4.81250000e+00,1.08250000e+01,2.06250000e-02,1.13765625e+01
1.17600000e-06,4.85937500e+00,1.08500000e+01,1.31250000e-02,1.13796875e+01
1.17632000e-06,4.73125000e+00,1.08000000e+01,2.56250000e-02,1.13703125e+01
1.17664000e-06,4.70937500e+00,1.07375000e+01,2.81250000e-02,1.13289062e+01
1.17696000e-06,4.87500000e+00,1.09125000e+01,1.56250000e-02,1.13304687e+01
1.17728000e-06,4.74375000e+00,1.08625000e+01,8.12500000e-03,1.13570313e+01
1.17760000e-06,4.73437500e+00,1.08250000e+01,8.12500000e-03,1.13773437e+01
1.17792000e-06,4.87500000e+00,1.08750000e+01,-1.87500000e-03,1.14257812e+01
1.17824000e-06,4.77187500e+00,1.09875000e+01,4.06250000e-02,1.13687500e+01
1.17856000e-06,4.88750000e+00,1.08500000e+01,5.06250000e-02,1.13453125e+01
1.17888000e-06,4.64375000e+00,1.07750000e+01,-1.87500000e-03,1.13460937e+01
1.17920000e-06,4.69375000e+00,1.09125000e+01,-1.87500000e-03,1.13742188e+01
1.17952000e-06,4.78750000e+00,1.09625000e+01,5.62500000e-03,1.14296875e+01
1.17984000e-06,4.78437500e+00,1.10250000e+01,-4.37500000e-03,1.13921875e+01
1.18016000e-06,4.85937500e+00,1.08250000e+01,1.06250000e-02,1.13437500e+01
1.18048000e-06,4.64375000e+00,1.09250000e+01,2.06250000e-02,1.13867188e+01
1.18080000e-06,4.65937500e+00,1.08750000e+01,-1.87500000e-03,1.13132812e+01
1.18112000e-06,4.76250000e+00,1.08375000e+01,-6.87500000e-03,1.13085938e+01
1.18144000e-06,4.82187500e+00,1.08500000e+01,2.56250000e-02,1.13515625e+01
1.18176000e-06,4.77500000e+00,1.08000000e+01,2.81250000e-02,1.13828125e+01
1.18208000e-06,4.98750000e+00,1.07875000e+01,5.62500000e-03,1.13835937e+01
1.18240000e-06,4.88750000e+00,1.09500000e+01,2.06250000e-02,1.13609375e+01
1.18272000e-06,4.93750000e+00,1.07500000e+01,2.06250000e-02,1.13429688e+01
1.18304000e-06,4.88750000e+00,1.09125000e+01,2.81250000e-02,1.13125000e+01
1.18336000e-06,4.70625000e+00,1.07625000e+01,-1.43750000e-02,1.13437500e+01
1.18368000e-06,4.70937500e+00,1.08125000e+01,3.12500000e-03,1.13734375e+01
1.18400000e-06,4.85000000e+00,1.08375000e+01,1.31250000e-02,1.13476562e+01
1.18432000e-06,4.87187500e+00,1.07875000e+01,3.31250000e-02,1.13570313e+01
1.18464000e-06,4.76250000e+00,1.07750000e+01,5.62500000e-03,1.13828125e+01
1.18496000e-06,4.78750000e+00,1.07500000e+01,3.31250000e-02,1.14062500e+01
1.18528000e-06,4.80000000e+00,1.08625000e+01,3.06250000e-02,1.14578125e+01
1.18560000e-06,4.77187500e+00,1.07250000e+01,2.56250000e-02,1.14234375e+01
1.18592000e-06,4.77500000e+00,1.07500000e+01,-2.56250000e-02,1.13523437e+01
1.18624000e-06,4.87500000e+00,1.09000000e+01,1.31250000e-02,1.13750000e+01
1.18656000e-06,4.68125000e+00,1.08375000e+01,2.06250000e-02,1.13398438e+01
1.18688000e-06,4.85000000e+00,1.07125000e+01,2.06250000e-02,1.12093750e+01
1.18720000e-06,4.90000000e+00,1.09125000e+01,-1.87500000e-03,1.12843750e+01
1.18752000e-06,4.80937500e+00,1.08500000e+01,2.06250000e-02,1.13406250e+01
1.18784000e-06,4.58125000e+00,1.07250000e+01,8.12500000e-03,1.13289062e+01
1.18816000e-06,4.76250000e+00,1.08625000e+01,3.31250000e-02,1.13890625e+01
1.18848000e-06,4.70312500e+00,1.07500000e+01,-1.87500000e-03,1.14046875e+01
1.18880000e-06,4.73125000e+00,1.08625000e+01,3.56250000e-02,1.13031250e+01
1.18912000e-06,4.77500000e+00,1.07375000e+01,-9.37500000e-03,1.13570313e+01
1.18944000e-06,4.74687500e+00,1.08375000e+01,5.62500000e-03,1.14039063e+01
1.18976000e-06,4.83437500e+00,1.08000000e+01,8.12500000e-03,1.12812500e+01
1.19008000e-06,4.81250000e+00,1.09000000e+01,2.81250000e-02,1.12898437e+01
1.19040000e-06,4.87500000e+00,1.08125000e+01,2.31250000e-02,1.13640625e+01
1.19072000e-06,4.87187500e+00,1.09625000e+01,8.12500000e-03,1.13921875e+01
1.19104000e-06,4.73125000e+00,1.08625000e+01,-1.87500000e-03,1.14476562e+01
1.19136000e-06,4.75000000e+00,1.08750000e+01,3.31250000e-02,1.14156250e+01
1.19168000e-06,4.77500000e+00,1.08250000e+01,5.62500000e-03,1.13664063e+01
1.19200000e-06,4.84687500e+00,1.09000000e+01,1.06250000e-02,1.13234375e+01
1.19232000e-06,4.96250000e+00,1.08125000e+01,6.25000000e-04,1.12843750e+01
1.19264000e-06,4.87500000e+00,1.08250000e+01,1.56250000e-02,1.13046875e+01
1.19296000e-06,4.78750000e+00,1.07250000e+01,3.12500000e-03,1.13453125e+01
1.19328000e-06,4.92500000e+00,1.09125000e+01,2.06250000e-02,1.12632813e+01
1.19360000e-06,4.78750000e+00,1.09750000e+01,1.31250000e-02,1.13101563e+01
1.19392000e-06,4.87500000e+00,1.09125000e+01,2.06250000e-02,1.13867188e+01
1.19424000e-06,4.93750000e+00,1.07750000e+01,1.06250000e-02,1.13429688e+01
1.19456000e-06,4.75000000e+00,1.09750000e+01,8.12500000e-03,1.13085938e+01
1.19488000e-06,4.88750000e+00,1.07750000e+01,8.12500000e-03,1.12851562e+01
1.19520000e-06,4.92500000e+00,1.08250000e+01,1.31250000e-02,1.13757812e+01
1.19552000e-06,4.79687500e+00,1.08625000e+01,1.56250000e-02,1.13468750e+01
1.19584000e-06,4.68437500e+00,1.08000000e+01,2.56250000e-02,1.13687500e+01
1.19616000e-06,4.88750000e+00,1.07375000e+01,1.06250000e-02,1.13640625e+01
1.19648000e-06,4.71562500e+00,1.07500000e+01,4.06250000e-02,1.13023438e+01
1.19680000e-06,4.73437500e+00,1.07000000e+01,1.81250000e-02,1.13265625e+01
1.19712000e-06,4.90000000e+00,1.08250000e+01,3.12500000e-03,1.13585938e+01
1.19744000e-06,4.78437500e+00,1.08875000e+01,3.12500000e-03,1.12945313e+01
1.19776000e-06,4.88750000e+00,1.08750000e+01,1.81250000e-02,1.13203125e+01
1.19808000e-06,4.76250000e+00,1.08875000e+01,6.25000000e-04,1.13914062e+01
1.19840000e-06,4.85000000e+00,1.07875000e+01,3.31250000e-02,1.13398438e+01
1.19872000e-06,4.73437500e+00,1.09000000e+01,8.12500000e-03,1.13289062e+01
1.19904000e-06,4.83750000e+00,1.08500000e+01,1.56250000e-02,1.13781250e+01
1.19936000e-06,4.84687500e+00,1.08375000e+01,3.12500000e-03,1.13953125e+01
1.19968000e-06,4.67187500e+00,1.11125000e+01,1.56250000e-02,1.13554688e+01
1.20000000e-06,4.81250000e+00,1.09750000e+01,-9.37500000e-03,1.13835937e+01
1.20032000e-06,4.74375000e+00,1.08250000e+01,4.31250000e-02,1.14015625e+01
1.20064000e-06,4.80000000e+00,1.07250000e+01,8.12500000e-03,1.14132813e+01
1.20096000e-06,4.85000000e+00,1.09500000e+01,-9.37500000e-03,1.14078125e+01
1.20128000e-06,4.80937500e+00,1.07625000e+01,-1.87500000e-03,1.13562500e+01
1.20160000e-06,4.81250000e+00,1.09250000e+01,1.56250000e-02,1.13695312e+01
1.20192000e-06,4.73125000e+00,1.08125000e+01,6.25000000e-04,1.13726563e+01
1.20224000e-06,4.68437500e+00,1.09125000e+01,3.81250000e-02,1.13742188e+01
1.20256000e-06,4.91250000e+00,1.09625000e+01,8.12500000e-03,1.13039063e+01
1.20288000e-06,4.87187500e+00,1.09250000e+01,2.06250000e-02,1.12671875e+01
1.20320000e-06,4.85000000e+00,1.08500000e+01,1.06250000e-02,1.13289062e+01
1.20352000e-06,4.82500000e+00,1.09125000e+01,-9.37500000e-03,1.13867188e+01
1.20384000e-06,4.75937500e+00,1.09125000e+01,2.06250000e-02,1.13578125e+01
1.20416000e-06,4.81250000e+00,1.08625000e+01,1.81250000e-02,1.13554688e+01
1.20448000e-06,4.87500000e+00,1.08750000e+01,3.06250000e-02,1.14671875e+01
1.20480000e-06,4.71875000e+00,1.09625000e+01,2.56250000e-02,1.13453125e+01
1.20512000e-06,4.73125000e+00,1.08375000e+01,-1.68750000e-02,1.12554688e+01
1.20544000e-06,4.64687500e+00,1.08250000e+01,1.81250000e-02,1.13476562e+01
1.20576000e-06,4.91250000e+00,1.07750000e+01,2.06250000e-02,1.14023438e+01
1.20608000e-06,4.84687500e+00,1.08375000e+01,2.81250000e-02,1.13656250e+01
1.20640000e-06,4.78750000e+00,1.08750000e+01,-6.87500000e-03,1.13507813e+01
1.20672000e-06,4.83750000e+00,1.08625000e+01,1.56250000e-02,1.14039063e+01
1.20704000e-06,4.80000000e+00,1.07875000e+01,2.56250000e-02,1.14492188e+01
1.20736000e-06,4.88750000e+00,1.08500000e+01,5.62500000e-03,1.14117188e+01
1.20768000e-06,4.81250000e+00,1.08125000e+01,-1.68750000e-02,1.14171875e+01
1.20800000e-06,4.87500000e+00,1.09250000e+01,2.56250000e-02,1.13281250e+01
1.20832000e-06,4.91250000e+00,1.07625000e+01,1.31250000e-02,1.13289062e+01
1.20864000e-06,4.88750000e+00,1.07875000e+01,-1.87500000e-03,1.13976563e+01
1.20896000e-06,4.81250000e+00,1.09125000e+01,3.06250000e-02,1.13898438e+01
1.20928000e-06,4.73437500e+00,1.09625000e+01,1.81250000e-02,1.13195313e+01
1.20960000e-06,4.86250000e+00,1.07750000e+01,1.81250000e-02,1.13054687e+01
1.20992000e-06,4.80000000e+00,1.07875000e+01,3.81250000e-02,1.12632813e+01
1.21024000e-06,4.83750000e+00,1.09625000e+01,4.06250000e-02,1.12195312e+01
1.21056000e-06,4.85000000e+00,1.08125000e+01,3.06250000e-02,1.12148438e+01
1.21088000e-06,4.82500000e+00,1.08500000e+01,1.31250000e-02,1.12937500e+01
1.21120000e-06,4.80937500e+00,1.07500000e+01,2.31250000e-02,1.13242188e+01
1.21152000e-06,4.77500000e+00,1.07875000e+01,3.31250000e-02,1.12757812e+01
1.21184000e-06,4.83750000e+00,1.08875000e+01,2.06250000e-02,1.12289062e+01
1.21216000e-06,4.67812500e+00,1.08375000e+01,3.06250000e-02,1.12976562e+01
1.21248000e-06,4.77500000e+00,1.06625000e+01,2.56250000e-02,1.13851562e+01
1.21280000e-06,4.80000000e+00,1.08375000e+01,8.12500000e-03,1.13828125e+01
1.21312000e-06,4.80937500e+00,1.08250000e+01,1.81250000e-02,1.13242188e+01
1.21344000e-06,4.85000000e+00,1.09250000e+01,3.81250000e-02,1.13289062e+01
1.21376000e-06,4.83750000e+00,1.08875000e+01,2.06250000e-02,1.13320312e+01
1.21408000e-06,4.70937500e+00,1.08000000e+01,-6.87500000e-03,1.13359375e+01
1.21440000e-06,4.74687500e+00,1.08750000e+01,1.81250000e-02,1.13765625e+01
1.21472000e-06,4.67187500e+00,1.08750000e+01,1.81250000e-02,1.13007812e+01
1.21504000e-06,4.85000000e+00,1.08250000e+01,4.31250000e-02,1.12226562e+01
1.21536000e-06,4.87187500e+00,1.08000000e+01,2.81250000e-02,1.12687500e+01
1.21568000e-06,4.85000000e+00,1.08125000e+01,1.81250000e-02,1.13296875e+01
1.21600000e-06,4.80937500e+00,1.08750000e+01,2.06250000e-02,1.13992187e+01
1.21632000e-06,4.69687500e+00,1.07750000e+01,3.12500000e-03,1.14257812e+01
1.21664000e-06,4.86250000e+00,1.07250000e+01,2.56250000e-02,1.13296875e+01
1.21696000e-06,4.77187500e+00,1.08500000e+01,1.56250000e-02,1.12625000e+01
1.21728000e-06,4.78750000e+00,1.07500000e+01,3.06250000e-02,1.12828125e+01
1.21760000e-06,4.76250000e+00,1.08750000e+01,4.31250000e-02,1.12398438e+01
1.21792000e-06,4.87500000e+00,1.10375000e+01,1.56250000e-02,1.12687500e+01
1.21824000e-06,4.75000000e+00,1.08750000e+01,5.62500000e-03,1.13593750e+01
1.21856000e-06,4.75937500e+00,1.08625000e+01,1.31250000e-02,1.13679687e+01
1.21888000e-06,4.69687500e+00,1.08125000e+01,3.56250000e-02,1.13804688e+01
1.21920000e-06,4.91250000e+00,1.07750000e+01,4.81250000e-02,1.13898438e+01
1.21952000e-06,4.89687500e+00,1.07875000e+01,1.81250000e-02,1.13835937e+01
1.21984000e-06,4.65625000e+00,1.08375000e+01,4.06250000e-02,1.13601562e+01
1.22016000e-06,4.69687500e+00,1.08875000e+01,2.31250000e-02,1.13570313e+01
1.22048000e-06,4.83750000e+00,1.08500000e+01,-1.87500000e-03,1.12750000e+01
1.22080000e-06,4.95937500e+00,1.08875000e+01,2.06250000e-02,1.12078125e+01
1.22112000e-06,4.82187500e+00,1.09250000e+01,1.56250000e-02,1.12398438e+01
1.22144000e-06,4.61875000e+00,1.09375000e+01,2.56250000e-02,1.12648438e+01
1.22176000e-06,4.72187500e+00,1.08250000e+01,4.31250000e-02,1.12867188e+01
1.22208000e-06,4.79687500e+00,1.09000000e+01,1.56250000e-02,1.13281250e+01
1.22240000e-06,4.70312500e+00,1.07875000e+01,2.31250000e-02,1.13046875e+01
1.22272000e-06,4.80000000e+00,1.09625000e+01,1.31250000e-02,1.13718750e+01
1.22304000e-06,4.91250000e+00,1.08375000e+01,3.12500000e-03,1.13429688e+01
1.22336000e-06,4.75625000e+00,1.09500000e+01,8.12500000e-03,1.12867188e+01
1.22368000e-06,4.82500000e+00,1.07875000e+01,2.06250000e-02,1.13468750e+01
1.22400000e-06,4.81250000e+00,1.07750000e+01,3.06250000e-02,1.13812500e+01
1.22432000e-06,4.80625000e+00,1.08375000e+01,8.12500000e-03,1.13796875e+01
1.22464000e-06,4.63125000e+00,1.08750000e+01,1.56250000e-02,1.13429688e+01
1.22496000e-06,4.83750000e+00,1.07875000e+01,2.31250000e-02,1.12875000e+01
1.22528000e-06,4.78437500e+00,1.07500000e+01,1.31250000e-02,1.12593750e+01
1.22560000e-06,4.83437500e+00,1.07375000e+01,1.81250000e-02,1.12726563e+01
1.22592000e-06,4.85000000e+00,1.09625000e+01,2.31250000e-02,1.13257813e+01
1.22624000e-06,4.75937500e+00,1.09125000e+01,4.56250000e-02,1.13265625e+01
1.22656000e-06,4.69375000e+00,1.09000000e+01,-1.25000000e-02,1.13421875e+01
1.22688000e-06,4.68437500e+00,1.07750000e+01,-6.87500000e-03,1.13500000e+01
1.22720000e-06,4.87187500e+00,1.07500000e+01,1.56250000e-02,1.13796875e+01
1.22752000e-06,4.80937500e+00,1.07750000e+01,3.06250000e-02,1.13687500e+01
1.22784000e-06,4.78750000e+00,1.08625000e+01,5.06250000e-02,1.12617188e+01
1.22816000e-06,4.92500000e+00,1.07250000e+01,6.25000000e-04,1.13062500e+01
1.22848000e-06,4.74687500e+00,1.09375000e+01,1.81250000e-02,1.13437500e+01
1.22880000e-06,4.64375000e+00,1.07625000e+01,2.06250000e-02,1.13507813e+01
1.22912000e-06,4.68125000e+00,1.08000000e+01,8.12500000e-03,1.13546875e+01
1.22944000e-06,4.79687500e+00,1.08375000e+01,1.31250000e-02,1.13742188e+01
1.22976000e-06,4.88437500e+00,1.08250000e+01,1.06250000e-02,1.12992187e+01
1.23008000e-06,4.78437500e+00,1.07750000e+01,1.31250000e-02,1.12601562e+01
1.23040000e-06,4.81250000e+00,1.09000000e+01,-4.37500000e-03,1.12242188e+01
1.23072000e-06,4.78750000e+00,1.09625000e+01,3.06250000e-02,1.11960937e+01
1.23104000e-06,4.78750000e+00,1.08250000e+01,-6.87500000e-03,1.12992187e+01
1.23136000e-06,4.88750000e+00,1.07625000e+01,-4.37500000e-03,1.12937500e+01
1.23168000e-06,4.88750000e+00,1.09750000e+01,2.81250000e-02,1.13429688e+01
1.23200000e-06,4.80000000e+00,1.09875000e+01,1.31250000e-02,1.12703125e+01
1.23232000e-06,4.88750000e+00,1.09500000e+01,3.12500000e-03,1.12929688e+01
1.23264000e-06,4.73437500e+00,1.09500000e+01,3.31250000e-02,1.13804688e+01
1.23296000e-06,4.85000000e+00,1.08500000e+01,1.31250000e-02,1.12976562e+01
1.23328000e-06,4.84687500e+00,1.08000000e+01,5.62500000e-03,1.12421875e+01
1.23360000e-06,4.60625000e+00,1.08500000e+01,-1.18750000e-02,1.13070312e+01
1.23392000e-06,4.78750000e+00,1.08250000e+01,2.06250000e-02,1.13148437e+01
1.23424000e-06,4.81875000e+00,1.09000000e+01,8.12500000e-03,1.12992187e+01
1.23456000e-06,4.66562500e+00,1.08250000e+01,-2.81250000e-02,1.12765625e+01
1.23488000e-06,4.75000000e+00,1.09125000e+01,8.12500000e-03,1.12875000e+01
1.23520000e-06,4.78437500e+00,1.08750000e+01,3.81250000e-02,1.12687500e+01
1.23552000e-06,4.77187500e+00,1.08125000e+01,1.56250000e-02,1.12648438e+01
1.23584000e-06,4.87500000e+00,1.09125000e+01,2.06250000e-02,1.12882813e+01
1.23616000e-06,4.86250000e+00,1.07625000e+01,8.12500000e-03,1.13968750e+01
1.23648000e-06,4.77500000e+00,1.08875000e+01,2.06250000e-02,1.13593750e+01
1.23680000e-06,4.82187500e+00,1.09500000e+01,8.12500000e-03,1.13335938e+01
1.23712000e-06,4.70937500e+00,1.08000000e+01,-1.87500000e-03,1.13765625e+01
1.23744000e-06,4.77500000e+00,1.07000000e+01,1.56250000e-02,1.13109375e+01
1.23776000e-06,4.72812500e+00,1.09000000e+01,2.81250000e-02,1.12992187e+01
1.23808000e-06,4.73437500e+00,1.09125000e+01,-1.87500000e-03,1.13281250e+01
1.23840000e-06,4.88750000e+00,1.07750000e+01,3.12500000e-03,1.13429688e+01
1.23872000e-06,4.81875000e+00,1.08375000e+01,3.31250000e-02,1.13250000e+01
1.23904000e-06,4.75000000e+00,1.08625000e+01,4.06250000e-02,1.12867188e+01
1.23936000e-06,4.81250000e+00,1.09250000e+01,1.81250000e-02,1.13140625e+01
1.23968000e-06,4.73125000e+00,1.08875000e+01,2.81250000e-02,1.13562500e+01
1.24000000e-06,4.87500000e+00,1.09625000e+01,4.31250000e-02,1.13257813e+01
1.24032000e-06,4.79687500e+00,1.08750000e+01,6.25000000e-04,1.13289062e+01
1.24064000e-06,4.68437500e+00,1.07750000e+01,1.06250000e-02,1.13031250e+01
1.24096000e-06,4.82500000e+00,1.08500000e+01,5.62500000e-03,1.12656250e+01
1.24128000e-06,4.79687500e+00,1.07625000e+01,4.81250000e-02,1.13195313e+01
1.24160000e-06,4.81250000e+00,1.08250000e+01,2.06250000e-02,1.13445312e+01
1.24192000e-06,4.92500000e+00,1.09375000e+01,3.56250000e-02,1.13179688e+01
1.24224000e-06,4.80000000e+00,1.07000000e+01,2.06250000e-02,1.12867188e+01
1.24256000e-06,4.75937500e+00,1.10250000e+01,6.25000000e-04,1.13398438e+01
1.24288000e-06,4.55625000e+00,1.09000000e+01,3.31250000e-02,1.13679687e+01
1.24320000e-06,4.76250000e+00,1.07625000e+01,1.56250000e-02,1.12851562e+01
1.24352000e-06,4.88437500e+00,1.07625000e+01,1.81250000e-02,1.12445312e+01
1.24384000e-06,4.92187500e+00,1.08250000e+01,1.31250000e-02,1.12039062e+01
1.24416000e-06,4.72187500e+00,1.09125000e+01,2.81250000e-02,1.12812500e+01
1.24448000e-06,4.88750000e+00,1.09625000e+01,2.31250000e-02,1.12953125e+01
1.24480000e-06,4.64375000e+00,1.09125000e+01,3.56250000e-02,1.12671875e+01
1.24512000e-06,4.77500000e+00,1.09250000e+01,2.31250000e-02,1.12257813e+01
1.24544000e-06,4.87500000e+00,1.08875000e+01,1.31250000e-02,1.12671875e+01
1.24576000e-06,4.72812500e+00,1.07500000e+01,3.06250000e-02,1.13968750e+01
1.24608000e-06,4.80000000e+00,1.08000000e+01,1.81250000e-02,1.14453125e+01
1.24640000e-06,4.82500000e+00,1.09125000e+01,1.06250000e-02,1.13226562e+01
1.24672000e-06,4.87187500e+00,1.08500000e+01,3.31250000e-02,1.12375000e+01
1.24704000e-06,4.78437500e+00,1.07375000e+01,1.56250000e-02,1.13039063e+01
1.24736000e-06,4.73437500e+00,1.08125000e+01,1.06250000e-02,1.12937500e+01
1.24768000e-06,4.80000000e+00,1.08500000e+01,6.25000000e-04,1.13210937e+01
1.24800000e-06,4.83437500e+00,1.08250000e+01,2.56250000e-02,1.13273438e+01
1.24832000e-06,4.87500000e+00,1.07625000e+01,1.06250000e-02,1.12507812e+01
1.24864000e-06,4.87500000e+00,1.09375000e+01,-4.37500000e-03,1.12640625e+01
1.24896000e-06,4.85000000e+00,1.09500000e+01,3.56250000e-02,1.12187500e+01
1.24928000e-06,4.82500000e+00,1.09125000e+01,2.06250000e-02,1.11882812e+01
1.24960000e-06,4.83750000e+00,1.09625000e+01,3.81250000e-02,1.12523437e+01
1.24992000e-06,4.77500000e+00,1.07875000e+01,1.56250000e-02,1.13250000e+01
1.25024000e-06,4.76250000e+00,1.08500000e+01,2.06250000e-02,1.13382812e+01
1.25056000e-06,4.87500000e+00,1.08000000e+01,1.06250000e-02,1.12671875e+01
1.25088000e-06,4.77500000e+00,1.09500000e+01,4.81250000e-02,1.12265625e+01
1.25120000e-06,4.87500000e+00,1.08750000e+01,2.56250000e-02,1.12507812e+01
1.25152000e-06,4.78437500e+00,1.08625000e+01,3.06250000e-02,1.13093750e+01
1.25184000e-06,4.73125000e+00,1.09125000e+01,2.31250000e-02,1.13578125e+01
1.25216000e-06,4.70625000e+00,1.08375000e+01,1.06250000e-02,1.12921875e+01
1.25248000e-06,4.71875000e+00,1.08500000e+01,3.31250000e-02,1.12687500e+01
1.25280000e-06,4.71875000e+00,1.08500000e+01,2.31250000e-02,1.12781250e+01
1.25312000e-06,4.87187500e+00,1.07875000e+01,4.56250000e-02,1.12523437e+01
1.25344000e-06,4.86250000e+00,1.07250000e+01,3.56250000e-02,1.12710938e+01
1.25376000e-06,4.83750000e+00,1.09750000e+01,1.31250000e-02,1.12476563e+01
1.25408000e-06,4.88750000e+00,1.08250000e+01,2.31250000e-02,1.12304688e+01
1.25440000e-06,4.75000000e+00,1.08875000e+01,3.12500000e-03,1.12890625e+01
1.25472000e-06,4.83750000e+00,1.09375000e+01,2.31250000e-02,1.13085938e+01
1.25504000e-06,4.91250000e+00,1.07500000e+01,3.56250000e-02,1.13015625e+01
1.25536000e-06,4.73437500e+00,1.09000000e+01,1.81250000e-02,1.13476562e+01
1.25568000e-06,4.80000000e+00,1.08125000e+01,3.56250000e-02,1.14148437e+01
1.25600000e-06,4.71875000e+00,1.08250000e+01,1.56250000e-02,1.13757812e+01
1.25632000e-06,4.87500000e+00,1.09375000e+01,3.12500000e-03,1.12437500e+01
1.25664000e-06,4.80937500e+00,1.09125000e+01,2.81250000e-02,1.12648438e+01
1.25696000e-06,4.73125000e+00,1.09250000e+01,3.56250000e-02,1.13414063e+01
1.25728000e-06,4.85000000e+00,1.08750000e+01,5.31250000e-02,1.12640625e+01
1.25760000e-06,4.72812500e+00,1.08500000e+01,1.56250000e-02,1.12929688e+01
1.25792000e-06,4.76250000e+00,1.09375000e+01,2.31250000e-02,1.13679687e+01
1.25824000e-06,4.76250000e+00,1.08375000e+01,-1.87500000e-03,1.12976562e+01
1.25856000e-06,4.74375000e+00,1.09250000e+01,1.56250000e-02,1.11851563e+01
1.25888000e-06,4.76250000e+00,1.08250000e+01,1.81250000e-02,1.11632813e+01
1.25920000e-06,4.93750000e+00,1.07750000e+01,-1.87500000e-03,1.12468750e+01
1.25952000e-06,4.84687500e+00,1.08125000e+01,-9.37500000e-03,1.13750000e+01
1.25984000e-06,4.77500000e+00,1.09250000e+01,1.06250000e-02,1.13093750e+01
1.26016000e-06,4.83750000e+00,1.07625000e+01,3.06250000e-02,1.12171875e+01
1.26048000e-06,4.75000000e+00,1.09625000e+01,2.31250000e-02,1.12757812e+01
1.26080000e-06,4.72187500e+00,1.09125000e+01,1.06250000e-02,1.12242188e+01
1.26112000e-06,4.87500000e+00,1.09500000e+01,1.81250000e-02,1.12070312e+01
1.26144000e-06,4.73437500e+00,1.08125000e+01,-4.37500000e-03,1.12757812e+01
1.26176000e-06,4.79687500e+00,1.07375000e+01,-4.37500000e-03,1.13367187e+01
1.26208000e-06,4.74687500e+00,1.06375000e+01,2.56250000e-02,1.12968750e+01
1.26240000e-06,4.68125000e+00,1.08125000e+01,5.56250000e-02,1.12984375e+01
1.26272000e-06,4.78437500e+00,1.09625000e+01,1.31250000e-02,1.12867188e+01
1.26304000e-06,4.79687500e+00,1.09000000e+01,-4.37500000e-03,1.12906250e+01
1.26336000e-06,4.74687500e+00,1.09250000e+01,8.12500000e-03,1.12601562e+01
1.26368000e-06,4.85000000e+00,1.09000000e+01,2.56250000e-02,1.12343750e+01
1.26400000e-06,4.97500000e+00,1.08500000e+01,2.56250000e-02,1.12039062e+01
1.26432000e-06,4.74687500e+00,1.08125000e+01,2.81250000e-02,1.11734375e+01
1.26464000e-06,4.78750000e+00,1.08375000e+01,2.06250000e-02,1.12187500e+01
1.26496000e-06,4.90937500e+00,1.08625000e+01,3.56250000e-02,1.12757812e+01
1.26528000e-06,4.69062500e+00,1.08125000e+01,2.06250000e-02,1.12890625e+01
1.26560000e-06,4.70625000e+00,1.08500000e+01,2.06250000e-02,1.12718750e+01
1.26592000e-06,4.74687500e+00,1.08125000e+01,4.81250000e-02,1.12914062e+01
1.26624000e-06,4.75625000e+00,1.10625000e+01,2.06250000e-02,1.12070312e+01
1.26656000e-06,4.62812500e+00,1.09250000e+01,1.56250000e-02,1.12320313e+01
1.26688000e-06,4.68125000e+00,1.08125000e+01,2.31250000e-02,1.12609375e+01
1.26720000e-06,4.83437500e+00,1.07875000e+01,8.12500000e-03,1.12765625e+01
1.26752000e-06,4.82187500e+00,1.09000000e+01,3.31250000e-02,1.12882813e+01
1.26784000e-06,4.75625000e+00,1.07875000e+01,4.56250000e-02,1.13007812e+01
1.26816000e-06,4.65625000e+00,1.08375000e+01,5.62500000e-03,1.12296875e+01
1.26848000e-06,4.76250000e+00,1.08250000e+01,-3.12500000e-02,1.11914062e+01
1.26880000e-06,4.87187500e+00,1.08750000e+01,-1.93750000e-02,1.12007813e+01
1.26912000e-06,4.85937500e+00,1.07875000e+01,1.25000000e-02,1.11984375e+01
1.26944000e-06,4.82500000e+00,1.09000000e+01,1.81250000e-02,1.12453125e+01
1.26976000e-06,4.74687500e+00,1.07875000e+01,5.31250000e-02,1.13226562e+01
1.27008000e-06,4.68125000e+00,1.07875000e+01,3.56250000e-02,1.12976562e+01
1.27040000e-06,4.76250000e+00,1.08500000e+01,4.81250000e-02,1.11882812e+01
1.27072000e-06,4.72812500e+00,1.08625000e+01,1.06250000e-02,1.12023438e+01
1.27104000e-06,4.60312500e+00,1.08000000e+01,-9.37500000e-03,1.11601562e+01
1.27136000e-06,4.76250000e+00,1.09375000e+01,5.62500000e-03,1.11421875e+01
1.27168000e-06,4.94687500e+00,1.07875000e+01,3.12500000e-03,1.11539063e+01
1.27200000e-06,4.85937500e+00,1.08375000e+01,1.56250000e-02,1.11375000e+01
1.27232000e-06,4.87500000e+00,1.08250000e+01,1.06250000e-02,1.11835938e+01
1.27264000e-06,4.82187500e+00,1.07750000e+01,6.56250000e-02,1.12453125e+01
1.27296000e-06,4.73437500e+00,1.09375000e+01,1.81250000e-02,1.12718750e+01
1.27328000e-06,4.78750000e+00,1.09500000e+01,-1.68750000e-02,1.12843750e+01
1.27360000e-06,4.79687500e+00,1.07750000e+01,-1.87500000e-03,1.12046875e+01
1.27392000e-06,4.75937500e+00,1.08500000e+01,1.56250000e-02,1.11812500e+01
1.27424000e-06,4.77500000e+00,1.08500000e+01,-1.87500000e-03,1.12250000e+01
1.27456000e-06,4.74687500e+00,1.07500000e+01,2.31250000e-02,1.13132812e+01
1.27488000e-06,4.78437500e+00,1.08125000e+01,1.56250000e-02,1.13171875e+01
1.27520000e-06,4.85000000e+00,1.08250000e+01,8.12500000e-03,1.12945313e+01
1.27552000e-06,4.65312500e+00,1.08125000e+01,-4.37500000e-03,1.13132812e+01
1.27584000e-06,4.61875000e+00,1.07625000e+01,1.06250000e-02,1.12500000e+01
1.27616000e-06,4.82500000e+00,1.06875000e+01,3.81250000e-02,1.12164063e+01
1.27648000e-06,4.70312500e+00,1.08750000e+01,1.06250000e-02,1.12679687e+01
1.27680000e-06,4.74687500e+00,1.07250000e+01,1.06250000e-02,1.12265625e+01
1.27712000e-06,4.86250000e+00,1.08875000e+01,-9.37500000e-03,1.11867188e+01
1.27744000e-06,4.88437500e+00,1.08375000e+01,-4.37500000e-03,1.11898437e+01
1.27776000e-06,4.69687500e+00,1.07875000e+01,-9.37500000e-03,1.12679687e+01
1.27808000e-06,4.82500000e+00,1.08250000e+01,3.12500000e-03,1.12804688e+01
1.27840000e-06,4.64375000e+00,1.08000000e+01,3.56250000e-02,1.11921875e+01
1.27872000e-06,4.69687500e+00,1.08250000e+01,3.06250000e-02,1.12101563e+01
1.27904000e-06,4.80000000e+00,1.07500000e+01,-1.87500000e-03,1.12578125e+01
1.27936000e-06,4.87187500e+00,1.07375000e+01,2.81250000e-02,1.11906250e+01
1.27968000e-06,4.82187500e+00,1.08750000e+01,8.12500000e-03,1.11929688e+01
1.28000000e-06,4.69687500e+00,1.07250000e+01,2.56250000e-02,1.12218750e+01
1.28032000e-06,4.82187500e+00,1.09125000e+01,5.06250000e-02,1.13000000e+01
1.28064000e-06,4.55312500e+00,1.09375000e+01,-4.37500000e-03,1.13460937e+01
1.28096000e-06,4.73437500e+00,1.08500000e+01,2.31250000e-02,1.12164063e+01
1.28128000e-06,4.79687500e+00,1.09625000e+01,2.56250000e-02,1.11773438e+01
1.28160000e-06,4.65312500e+00,1.08375000e+01,-1.18750000e-02,1.11351562e+01
1.28192000e-06,4.82500000e+00,1.08375000e+01,-6.87500000e-03,1.11851563e+01
1.28224000e-06,4.98750000e+00,1.09000000e+01,1.31250000e-02,1.11820312e+01
1.28256000e-06,4.81875000e+00,1.08375000e+01,1.31250000e-02,1.11562500e+01
1.28288000e-06,4.87500000e+00,1.08500000e+01,3.31250000e-02,1.12328125e+01
1.28320000e-06,4.80000000e+00,1.08000000e+01,3.06250000e-02,1.12210937e+01
1.28352000e-06,4.70312500e+00,1.09375000e+01,-1.43750000e-02,1.12054687e+01
1.28384000e-06,4.64375000e+00,1.06250000e+01,3.12500000e-03,1.12687500e+01
1.28416000e-06,4.70937500e+00,1.08250000e+01,-6.87500000e-03,1.12054687e+01
1.28448000e-06,4.82187500e+00,1.08000000e+01,8.12500000e-03,1.11843750e+01
1.28480000e-06,4.88437500e+00,1.08875000e+01,3.56250000e-02,1.12507812e+01
1.28512000e-06,4.83750000e+00,1.08875000e+01,1.81250000e-02,1.12835937e+01
1.28544000e-06,4.82500000e+00,1.08500000e+01,1.06250000e-02,1.12664062e+01
1.28576000e-06,4.80000000e+00,1.09500000e+01,2.06250000e-02,1.12250000e+01
1.28608000e-06,4.81250000e+00,1.08125000e+01,2.81250000e-02,1.12421875e+01
1.28640000e-06,4.74687500e+00,1.07875000e+01,-1.43750000e-02,1.12718750e+01
1.28672000e-06,4.73125000e+00,1.09375000e+01,3.31250000e-02,1.12250000e+01
1.28704000e-06,4.69375000e+00,1.08750000e+01,1.81250000e-02,1.12156250e+01
1.28736000e-06,4.83437500e+00,1.07625000e+01,-1.87500000e-03,1.12343750e+01
1.28768000e-06,4.88437500e+00,1.07875000e+01,2.56250000e-02,1.12968750e+01
1.28800000e-06,4.70312500e+00,1.09625000e+01,1.56250000e-02,1.12523437e+01
1.28832000e-06,4.60937500e+00,1.08750000e+01,-1.93750000e-02,1.12335938e+01
1.28864000e-06,4.90000000e+00,1.07875000e+01,2.31250000e-02,1.12679687e+01
1.28896000e-06,4.72812500e+00,1.08250000e+01,3.31250000e-02,1.13195313e+01
1.28928000e-06,4.69375000e+00,1.08875000e+01,1.31250000e-02,1.12906250e+01
1.28960000e-06,4.87500000e+00,1.09875000e+01,-1.93750000e-02,1.12617188e+01
1.28992000e-06,4.89687500e+00,1.08250000e+01,1.06250000e-02,1.12679687e+01
1.29024000e-06,4.74687500e+00,1.06375000e+01,2.06250000e-02,1.12812500e+01
1.29056000e-06,4.88750000e+00,1.09375000e+01,5.62500000e-03,1.12460938e+01
1.29088000e-06,4.75937500e+00,1.08000000e+01,3.12500000e-03,1.11953125e+01
1.29120000e-06,4.69687500e+00,1.07875000e+01,4.06250000e-02,1.12515625e+01
1.29152000e-06,4.77500000e+00,1.07750000e+01,5.62500000e-03,1.13140625e+01
1.29184000e-06,4.72812500e+00,1.08250000e+01,2.31250000e-02,1.13007812e+01
1.29216000e-06,4.66875000e+00,1.09250000e+01,1.06250000e-02,1.12390625e+01
1.29248000e-06,4.61875000e+00,1.09125000e+01,6.25000000e-04,1.12062500e+01
1.29280000e-06,4.80937500e+00,1.07625000e+01,6.25000000e-04,1.11898437e+01
1.29312000e-06,4.75625000e+00,1.08875000e+01,8.12500000e-03,1.12585937e+01
1.29344000e-06,4.80937500e+00,1.08250000e+01,8.12500000e-03,1.12804688e+01
1.29376000e-06,4.71875000e+00,1.09375000e+01,-1.93750000e-02,1.12226562e+01
1.29408000e-06,4.75937500e+00,1.08000000e+01,1.81250000e-02,1.11796875e+01
1.29440000e-06,4.80000000e+00,1.08500000e+01,2.06250000e-02,1.11945313e+01
1.29472000e-06,4.85937500e+00,1.09750000e+01,3.12500000e-03,1.11328125e+01
1.29504000e-06,4.80937500e+00,1.07875000e+01,1.06250000e-02,1.11328125e+01
1.29536000e-06,4.69375000e+00,1.07750000e+01,6.25000000e-04,1.12687500e+01
1.29568000e-06,4.81250000e+00,1.08750000e+01,-1.18750000e-02,1.13109375e+01
1.29600000e-06,4.82187500e+00,1.07125000e+01,2.56250000e-02,1.12125000e+01
1.29632000e-06,4.75937500e+00,1.08375000e+01,3.06250000e-02,1.11664062e+01
1.29664000e-06,4.77500000e+00,1.08875000e+01,-1.87500000e-03,1.11453125e+01
1.29696000e-06,4.75937500e+00,1.08750000e+01,1.06250000e-02,1.12054687e+01
1.29728000e-06,4.70937500e+00,1.07625000e+01,8.12500000e-03,1.12664062e+01
1.29760000e-06,4.82500000e+00,1.08625000e+01,-6.87500000e-03,1.12476563e+01
1.29792000e-06,4.75625000e+00,1.07625000e+01,2.31250000e-02,1.11664062e+01
1.29824000e-06,4.80000000e+00,1.07500000e+01,2.31250000e-02,1.11703125e+01
1.29856000e-06,4.80000000e+00,1.07000000e+01,6.25000000e-04,1.11867188e+01
1.29888000e-06,4.83437500e+00,1.08500000e+01,3.12500000e-03,1.11875000e+01
1.29920000e-06,4.78750000e+00,1.07125000e+01,1.81250000e-02,1.11234375e+01
1.29952000e-06,4.80000000e+00,1.09125000e+01,2.81250000e-02,1.12242188e+01
1.29984000e-06,4.87500000e+00,1.08000000e+01,2.06250000e-02,1.12695312e+01
1.30016000e-06,4.66875000e+00,1.08750000e+01,-1.68750000e-02,1.12468750e+01
1.30048000e-06,4.72187500e+00,1.08125000e+01,1.56250000e-02,1.12625000e+01
1.30080000e-06,4.82187500e+00,1.09000000e+01,5.62500000e-03,1.12828125e+01
1.30112000e-06,4.69375000e+00,1.07750000e+01,8.12500000e-03,1.12460938e+01
1.30144000e-06,4.81250000e+00,1.07625000e+01,3.12500000e-03,1.12671875e+01
1.30176000e-06,4.74687500e+00,1.08125000e+01,8.12500000e-03,1.12375000e+01
1.30208000e-06,4.75937500e+00,1.08000000e+01,6.25000000e-04,1.12015625e+01
1.30240000e-06,4.70937500e+00,1.09500000e+01,-1.93750000e-02,1.11914062e+01
1.30272000e-06,4.81250000e+00,1.08625000e+01,2.31250000e-02,1.12296875e+01
1.30304000e-06,4.85937500e+00,1.08625000e+01,1.56250000e-02,1.12539062e+01
1.30336000e-06,4.82187500e+00,1.08125000e+01,1.06250000e-02,1.12554688e+01
1.30368000e-06,4.69375000e+00,1.08125000e+01,3.12500000e-03,1.12179688e+01
1.30400000e-06,4.75000000e+00,1.08250000e+01,-4.37500000e-03,1.12476563e+01
1.30432000e-06,4.87187500e+00,1.08875000e+01,1.56250000e-02,1.12312500e+01
1.30464000e-06,4.74375000e+00,1.07625000e+01,2.06250000e-02,1.11195312e+01
1.30496000e-06,4.64375000e+00,1.08125000e+01,1.31250000e-02,1.11617188e+01
1.30528000e-06,4.86250000e+00,1.08000000e+01,2.81250000e-02,1.12570313e+01
1.30560000e-06,4.78125000e+00,1.07750000e+01,2.06250000e-02,1.12890625e+01
1.30592000e-06,4.75937500e+00,1.08875000e+01,2.06250000e-02,1.13257813e+01
1.30624000e-06,4.81250000e+00,1.09500000e+01,-4.37500000e-03,1.12093750e+01
1.30656000e-06,4.71875000e+00,1.09625000e+01,-1.43750000e-02,1.11640625e+01
1.30688000e-06,4.83750000e+00,1.07375000e+01,3.12500000e-03,1.12226562e+01
1.30720000e-06,4.75937500e+00,1.08125000e+01,4.31250000e-02,1.12171875e+01
1.30752000e-06,4.77500000e+00,1.08000000e+01,1.31250000e-02,1.11906250e+01
1.30784000e-06,4.83750000e+00,1.08375000e+01,1.56250000e-02,1.12062500e+01
1.30816000e-06,4.78125000e+00,1.08375000e+01,3.06250000e-02,1.11773438e+01
1.30848000e-06,4.70937500e+00,1.07375000e+01,1.56250000e-02,1.11789063e+01
1.30880000e-06,4.78750000e+00,1.08500000e+01,-1.18750000e-02,1.12382812e+01
1.30912000e-06,4.65625000e+00,1.07375000e+01,8.12500000e-03,1.11718750e+01
1.30944000e-06,4.86250000e+00,1.08125000e+01,4.81250000e-02,1.12218750e+01
1.30976000e-06,4.80000000e+00,1.09375000e+01,8.12500000e-03,1.12226562e+01
1.31008000e-06,4.83750000e+00,1.07750000e+01,6.25000000e-04,1.11312500e+01
1.31040000e-06,4.81250000e+00,1.08625000e+01,1.56250000e-02,1.12101563e+01
1.31072000e-06,4.92500000e+00,1.07875000e+01,1.06250000e-02,1.12140625e+01
1.31104000e-06,4.86250000e+00,1.08000000e+01,1.06250000e-02,1.11773438e+01
1.31136000e-06,4.70625000e+00,1.08625000e+01,8.12500000e-03,1.12000000e+01
1.31168000e-06,4.71875000e+00,1.08250000e+01,2.06250000e-02,1.11929688e+01
1.31200000e-06,4.67187500e+00,1.08500000e+01,1.81250000e-02,1.12062500e+01
1.31232000e-06,4.85937500e+00,1.08375000e+01,-1.50000000e-02,1.11851563e+01
1.31264000e-06,4.74375000e+00,1.08500000e+01,-2.81250000e-02,1.11937500e+01
1.31296000e-06,4.81250000e+00,1.09250000e+01,8.75000000e-03,1.12226562e+01
1.31328000e-06,4.68125000e+00,1.08125000e+01,8.75000000e-03,1.12140625e+01
1.31360000e-06,4.77187500e+00,1.07625000e+01,3.31250000e-02,1.12820312e+01
1.31392000e-06,4.81250000e+00,1.08375000e+01,4.81250000e-02,1.12828125e+01
1.31424000e-06,4.66562500e+00,1.08625000e+01,2.06250000e-02,1.13398438e+01
1.31456000e-06,4.73437500e+00,1.09125000e+01,1.06250000e-02,1.12898437e+01
1.31488000e-06,4.90000000e+00,1.08125000e+01,1.31250000e-02,1.11828125e+01
1.31520000e-06,4.97187500e+00,1.08625000e+01,-1.75000000e-02,1.11851563e+01
1.31552000e-06,4.74687500e+00,1.07875000e+01,-1.43750000e-02,1.11992188e+01
1.31584000e-06,4.72187500e+00,1.08625000e+01,-6.87500000e-03,1.12085938e+01
1.31616000e-06,4.82500000e+00,1.08125000e+01,3.12500000e-03,1.12593750e+01
1.31648000e-06,4.74687500e+00,1.07875000e+01,3.06250000e-02,1.12960938e+01
1.31680000e-06,4.92500000e+00,1.08750000e+01,2.06250000e-02,1.13171875e+01
1.31712000e-06,4.79687500e+00,1.07625000e+01,2.81250000e-02,1.12242188e+01
1.31744000e-06,4.69375000e+00,1.08000000e+01,1.31250000e-02,1.11117187e+01
1.31776000e-06,4.60625000e+00,1.08625000e+01,6.25000000e-04,1.11937500e+01
1.31808000e-06,4.60625000e+00,1.08375000e+01,2.81250000e-02,1.12351562e+01
1.31840000e-06,4.82187500e+00,1.08625000e+01,1.56250000e-02,1.12195312e+01
1.31872000e-06,4.75625000e+00,1.08750000e+01,5.62500000e-03,1.12375000e+01
1.31904000e-06,4.77187500e+00,1.08375000e+01,-9.37500000e-03,1.12125000e+01
1.31936000e-06,4.64375000e+00,1.08500000e+01,1.81250000e-02,1.12218750e+01
1.31968000e-06,4.80937500e+00,1.07750000e+01,3.81250000e-02,1.12382812e+01
1.32000000e-06,4.90937500e+00,1.09500000e+01,3.06250000e-02,1.12125000e+01
1.32032000e-06,4.83437500e+00,1.08750000e+01,2.81250000e-02,1.12625000e+01
1.32064000e-06,4.69687500e+00,1.09250000e+01,2.06250000e-02,1.12414063e+01
1.32096000e-06,4.86250000e+00,1.07875000e+01,8.12500000e-03,1.12976562e+01
1.32128000e-06,4.87500000e+00,1.07750000e+01,3.12500000e-03,1.13484375e+01
1.32160000e-06,4.72187500e+00,1.08750000e+01,1.06250000e-02,1.11859375e+01
1.32192000e-06,4.96250000e+00,1.09125000e+01,2.31250000e-02,1.11414062e+01
1.32224000e-06,4.80937500e+00,1.09250000e+01,2.81250000e-02,1.12546875e+01
1.32256000e-06,4.73437500e+00,1.08250000e+01,2.56250000e-02,1.12414063e+01
1.32288000e-06,4.82500000e+00,1.07875000e+01,5.62500000e-03,1.11312500e+01
1.32320000e-06,4.82187500e+00,1.09000000e+01,1.56250000e-02,1.11679688e+01
1.32352000e-06,4.77187500e+00,1.08625000e+01,6.25000000e-04,1.12125000e+01
1.32384000e-06,4.76250000e+00,1.07500000e+01,2.56250000e-02,1.12320313e+01
1.32416000e-06,4.75937500e+00,1.08375000e+01,1.56250000e-02,1.12468750e+01
1.32448000e-06,4.73125000e+00,1.07750000e+01,-1.00000000e-02,1.11671875e+01
1.32480000e-06,4.77500000e+00,1.07625000e+01,-6.87500000e-03,1.11945313e+01
1.32512000e-06,4.80937500e+00,1.08250000e+01,8.12500000e-03,1.12625000e+01
1.32544000e-06,4.90000000e+00,1.08250000e+01,2.31250000e-02,1.12820312e+01
1.32576000e-06,4.77500000e+00,1.06750000e+01,3.06250000e-02,1.12070312e+01
1.32608000e-06,4.80000000e+00,1.08375000e+01,1.81250000e-02,1.12265625e+01
1.32640000e-06,4.90000000e+00,1.08000000e+01,2.81250000e-02,1.12343750e+01
1.32672000e-06,4.73437500e+00,1.08125000e+01,-1.87500000e-03,1.12585937e+01
1.32704000e-06,4.77500000e+00,1.09875000e+01,1.31250000e-02,1.11851563e+01
1.32736000e-06,4.77500000e+00,1.07750000e+01,3.56250000e-02,1.11703125e+01
1.32768000e-06,4.78750000e+00,1.07875000e+01,-1.43750000e-02,1.12101563e+01
1.32800000e-06,4.80000000e+00,1.08500000e+01,3.12500000e-03,1.12273437e+01
1.32832000e-06,4.85000000e+00,1.09125000e+01,1.31250000e-02,1.11343750e+01
1.32864000e-06,4.78437500e+00,1.08375000e+01,6.25000000e-04,1.11453125e+01
1.32896000e-06,4.73437500e+00,1.08375000e+01,2.06250000e-02,1.12562500e+01
1.32928000e-06,4.91250000e+00,1.07125000e+01,2.31250000e-02,1.12578125e+01
1.32960000e-06,4.72812500e+00,1.09375000e+01,-1.87500000e-03,1.11523438e+01
1.32992000e-06,4.83750000e+00,1.09250000e+01,1.31250000e-02,1.11828125e+01
1.33024000e-06,4.92500000e+00,1.08375000e+01,4.56250000e-02,1.11375000e+01
1.33056000e-06,4.83437500e+00,1.09250000e+01,2.56250000e-02,1.11335937e+01
1.33088000e-06,4.77500000e+00,1.07875000e+01,1.56250000e-02,1.11703125e+01
1.33120000e-06,4.90000000e+00,1.07125000e+01,3.31250000e-02,1.12187500e+01
1.33152000e-06,4.90000000e+00,1.08125000e+01,-4.37500000e-03,1.12460938e+01
1.33184000e-06,4.69375000e+00,1.07875000e+01,3.12500000e-03,1.12742187e+01
1.33216000e-06,4.73437500e+00,1.08875000e+01,5.62500000e-03,1.12632813e+01
1.33248000e-06,4.76250000e+00,1.08625000e+01,-1.87500000e-03,1.12140625e+01
1.33280000e-06,4.83437500e+00,1.09750000e+01,1.06250000e-02,1.12125000e+01
1.33312000e-06,4.90000000e+00,1.08375000e+01,1.06250000e-02,1.11875000e+01
1.33344000e-06,4.85000000e+00,1.06750000e+01,1.56250000e-02,1.12023438e+01
1.33376000e-06,4.83750000e+00,1.07500000e+01,-6.87500000e-03,1.12406250e+01
1.33408000e-06,4.81250000e+00,1.08625000e+01,3.56250000e-02,1.12304688e+01
1.33440000e-06,4.75000000e+00,1.08250000e+01,1.56250000e-02,1.11828125e+01
1.33472000e-06,4.80000000e+00,1.08750000e+01,3.31250000e-02,1.11601562e+01
1.33504000e-06,4.72187500e+00,1.09000000e+01,5.62500000e-03,1.11851563e+01
1.33536000e-06,4.75000000e+00,1.08375000e+01,2.31250000e-02,1.12296875e+01
1.33568000e-06,4.85000000e+00,1.08750000e+01,1.31250000e-02,1.12562500e+01
1.33600000e-06,4.74687500e+00,1.09250000e+01,2.06250000e-02,1.12265625e+01
1.33632000e-06,4.58125000e+00,1.08625000e+01,-4.37500000e-03,1.11601562e+01
1.33664000e-06,4.85000000e+00,1.08250000e+01,3.12500000e-03,1.11679688e+01
1.33696000e-06,4.80937500e+00,1.08000000e+01,2.31250000e-02,1.12453125e+01
1.33728000e-06,4.84687500e+00,1.08625000e+01,2.31250000e-02,1.12703125e+01
1.33760000e-06,4.73125000e+00,1.07625000e+01,5.62500000e-03,1.11250000e+01
1.33792000e-06,4.69687500e+00,1.08500000e+01,-4.37500000e-03,1.11164063e+01
1.33824000e-06,4.92500000e+00,1.08625000e+01,6.25000000e-04,1.11390625e+01
1.33856000e-06,4.84687500e+00,1.07500000e+01,1.31250000e-02,1.11320313e+01
1.33888000e-06,4.73125000e+00,1.07375000e+01,5.62500000e-03,1.12015625e+01
1.33920000e-06,4.73125000e+00,1.07750000e+01,1.31250000e-02,1.11929688e+01
1.33952000e-06,4.70937500e+00,1.08875000e+01,1.56250000e-02,1.11390625e+01
1.33984000e-06,4.83437500e+00,1.07750000e+01,3.06250000e-02,1.11789063e+01
1.34016000e-06,4.79687500e+00,1.08000000e+01,2.31250000e-02,1.12023438e+01
1.34048000e-06,4.85000000e+00,1.08500000e+01,2.06250000e-02,1.12070312e+01
1.34080000e-06,4.92500000e+00,1.08250000e+01,2.81250000e-02,1.11664062e+01
1.34112000e-06,4.75937500e+00,1.09250000e+01,8.12500000e-03,1.12148438e+01
1.34144000e-06,4.75000000e+00,1.08250000e+01,6.25000000e-04,1.12937500e+01
1.34176000e-06,4.85000000e+00,1.08250000e+01,1.81250000e-02,1.12515625e+01
1.34208000e-06,4.80937500e+00,1.07625000e+01,1.81250000e-02,1.11796875e+01
1.34240000e-06,4.82500000e+00,1.07875000e+01,3.31250000e-02,1.11578125e+01
1.34272000e-06,4.70625000e+00,1.07625000e+01,8.12500000e-03,1.11710938e+01
1.34304000e-06,4.73437500e+00,1.07875000e+01,6.25000000e-04,1.12679687e+01
1.34336000e-06,4.80000000e+00,1.09875000e+01,3.12500000e-03,1.11828125e+01
1.34368000e-06,4.85937500e+00,1.09625000e+01,3.31250000e-02,1.11406250e+01
1.34400000e-06,4.82187500e+00,1.07750000e+01,-6.87500000e-03,1.11812500e+01
1.34432000e-06,4.59375000e+00,1.08000000e+01,1.06250000e-02,1.12078125e+01
1.34464000e-06,4.80000000e+00,1.10000000e+01,3.12500000e-03,1.11609375e+01
1.34496000e-06,4.82187500e+00,1.07750000e+01,3.12500000e-03,1.11796875e+01
1.34528000e-06,4.71875000e+00,1.07625000e+01,1.31250000e-02,1.11687500e+01
1.34560000e-06,4.85000000e+00,1.08500000e+01,2.31250000e-02,1.11679688e+01
1.34592000e-06,4.78437500e+00,1.07875000e+01,8.12500000e-03,1.11484375e+01
1.34624000e-06,4.82500000e+00,1.09500000e+01,-1.43750000e-02,1.11015625e+01
1.34656000e-06,4.75937500e+00,1.08500000e+01,-4.37500000e-03,1.11695313e+01
1.34688000e-06,4.68125000e+00,1.08875000e+01,2.81250000e-02,1.11609375e+01
1.34720000e-06,4.68125000e+00,1.08125000e+01,-4.37500000e-03,1.11718750e+01
1.34752000e-06,4.75937500e+00,1.08250000e+01,4.06250000e-02,1.11914062e+01
1.34784000e-06,4.74687500e+00,1.07750000e+01,1.31250000e-02,1.11562500e+01
1.34816000e-06,4.66875000e+00,1.10750000e+01,5.56250000e-02,1.11789063e+01
1.34848000e-06,4.92500000e+00,1.08125000e+01,-1.68750000e-02,1.11804687e+01
1.34880000e-06,4.88437500e+00,1.07625000e+01,3.12500000e-03,1.10554687e+01
1.34912000e-06,4.66875000e+00,1.08375000e+01,8.12500000e-03,1.10968750e+01
1.34944000e-06,4.72187500e+00,1.07500000e+01,4.31250000e-02,1.12187500e+01
1.34976000e-06,4.90000000e+00,1.08750000e+01,-4.37500000e-03,1.11656250e+01
1.35008000e-06,4.78437500e+00,1.08500000e+01,3.12500000e-03,1.11695313e+01
1.35040000e-06,4.92500000e+00,1.07625000e+01,2.56250000e-02,1.12289062e+01
1.35072000e-06,4.91250000e+00,1.08500000e+01,8.12500000e-03,1.11960937e+01
1.35104000e-06,4.78750000e+00,1.09125000e+01,1.56250000e-02,1.11789063e+01
1.35136000e-06,4.86250000e+00,1.10000000e+01,1.31250000e-02,1.11578125e+01
1.35168000e-06,4.83437500e+00,1.08000000e+01,1.81250000e-02,1.11703125e+01
1.35200000e-06,4.76250000e+00,1.08375000e+01,2.56250000e-02,1.12109375e+01
1.35232000e-06,4.81250000e+00,1.08250000e+01,2.31250000e-02,1.12031250e+01
1.35264000e-06,4.71562500e+00,1.09500000e+01,-6.87500000e-03,1.12296875e+01
1.35296000e-06,4.75000000e+00,1.08250000e+01,2.06250000e-02,1.12273437e+01
1.35328000e-06,4.87500000e+00,1.08250000e+01,3.31250000e-02,1.11898437e+01
1.35360000e-06,4.77187500e+00,1.08250000e+01,4.81250000e-02,1.11468750e+01
1.35392000e-06,4.87500000e+00,1.09250000e+01,1.56250000e-02,1.11742187e+01
1.35424000e-06,4.91250000e+00,1.07125000e+01,1.31250000e-02,1.11390625e+01
1.35456000e-06,4.73125000e+00,1.07250000e+01,3.56250000e-02,1.11828125e+01
1.35488000e-06,4.73125000e+00,1.08750000e+01,-6.87500000e-03,1.11750000e+01
1.35520000e-06,4.67187500e+00,1.07750000e+01,1.56250000e-02,1.11250000e+01
1.35552000e-06,4.84687500e+00,1.07750000e+01,5.06250000e-02,1.11296875e+01
1.35584000e-06,4.83437500e+00,1.09375000e+01,8.12500000e-03,1.12273437e+01
1.35616000e-06,4.90000000e+00,1.07625000e+01,-1.87500000e-03,1.12242188e+01
1.35648000e-06,4.81250000e+00,1.09500000e+01,5.62500000e-03,1.11515625e+01
1.35680000e-06,4.74687500e+00,1.08375000e+01,-9.37500000e-03,1.11773438e+01
1.35712000e-06,4.78750000e+00,1.08375000e+01,3.06250000e-02,1.11585937e+01
1.35744000e-06,4.82500000e+00,1.07375000e+01,3.81250000e-02,1.11507812e+01
1.35776000e-06,4.84687500e+00,1.07625000e+01,1.31250000e-02,1.12093750e+01
1.35808000e-06,4.69375000e+00,1.08250000e+01,1.81250000e-02,1.12203125e+01
1.35840000e-06,4.56875000e+00,1.07875000e+01,3.81250000e-02,1.12140625e+01
1.35872000e-06,4.66875000e+00,1.08000000e+01,3.06250000e-02,1.11789063e+01
1.35904000e-06,4.79687500e+00,1.08500000e+01,1.31250000e-02,1.12242188e+01
1.35936000e-06,4.80937500e+00,1.07875000e+01,3.81250000e-02,1.12781250e+01
1.35968000e-06,4.80625000e+00,1.08125000e+01,3.12500000e-03,1.12007813e+01
1.36000000e-06,4.70937500e+00,1.09375000e+01,-3.06250000e-02,1.11273437e+01
1.36032000e-06,4.69375000e+00,1.08250000e+01,1.06250000e-02,1.11703125e+01
1.36064000e-06,4.77187500e+00,1.07625000e+01,3.56250000e-02,1.11210938e+01
1.36096000e-06,4.77500000e+00,1.09250000e+01,3.12500000e-03,1.11328125e+01
1.36128000e-06,4.80937500e+00,1.08750000e+01,3.06250000e-02,1.12242188e+01
1.36160000e-06,4.85000000e+00,1.08875000e+01,-4.37500000e-03,1.11429687e+01
1.36192000e-06,4.78750000e+00,1.07875000e+01,8.12500000e-03,1.11507812e+01
1.36224000e-06,4.82187500e+00,1.08250000e+01,1.56250000e-02,1.11968750e+01
1.36256000e-06,4.73437500e+00,1.08250000e+01,3.31250000e-02,1.11976562e+01
1.36288000e-06,4.77500000e+00,1.08625000e+01,7.31250000e-02,1.11945313e+01
1.36320000e-06,4.75937500e+00,1.08125000e+01,1.31250000e-02,1.11656250e+01
1.36352000e-06,4.80000000e+00,1.09375000e+01,2.06250000e-02,1.11968750e+01
1.36384000e-06,4.90000000e+00,1.07000000e+01,1.81250000e-02,1.11945313e+01
1.36416000e-06,4.78437500e+00,1.08500000e+01,-1.68750000e-02,1.11640625e+01
1.36448000e-06,4.76250000e+00,1.07500000e+01,-4.37500000e-03,1.11460938e+01
1.36480000e-06,4.83750000e+00,1.07625000e+01,4.56250000e-02,1.11750000e+01
1.36512000e-06,4.72812500e+00,1.09625000e+01,3.06250000e-02,1.11726562e+01
1.36544000e-06,4.70937500e+00,1.08750000e+01,1.31250000e-02,1.11226563e+01
1.36576000e-06,4.87500000e+00,1.08500000e+01,3.56250000e-02,1.11171875e+01
1.36608000e-06,4.74375000e+00,1.07750000e+01,6.25000000e-04,1.10968750e+01
1.36640000e-06,4.70937500e+00,1.06750000e+01,-1.87500000e-03,1.11632813e+01
1.36672000e-06,4.83750000e+00,1.09000000e+01,8.12500000e-03,1.12304688e+01
1.36704000e-06,4.82187500e+00,1.08875000e+01,1.56250000e-02,1.11851563e+01
1.36736000e-06,4.76250000e+00,1.09125000e+01,8.12500000e-03,1.11632813e+01
1.36768000e-06,4.80000000e+00,1.08500000e+01,5.62500000e-03,1.11664062e+01
1.36800000e-06,4.82500000e+00,1.08125000e+01,4.31250000e-02,1.11523438e+01
1.36832000e-06,4.72187500e+00,1.07375000e+01,3.06250000e-02,1.11875000e+01
1.36864000e-06,4.78750000e+00,1.08875000e+01,1.06250000e-02,1.11937500e+01
1.36896000e-06,4.76250000e+00,1.09125000e+01,-1.87500000e-03,1.11054688e+01
1.36928000e-06,4.80000000e+00,1.10000000e+01,4.06250000e-02,1.10632812e+01
1.36960000e-06,4.82500000e+00,1.09750000e+01,3.12500000e-03,1.10914063e+01
1.36992000e-06,4.77500000e+00,1.07625000e+01,1.81250000e-02,1.11531250e+01
1.37024000e-06,4.71875000e+00,1.09000000e+01,2.31250000e-02,1.11640625e+01
1.37056000e-06,4.59375000e+00,1.09000000e+01,-1.87500000e-03,1.10828125e+01
1.37088000e-06,4.77500000e+00,1.06250000e+01,8.12500000e-03,1.10828125e+01
1.37120000e-06,4.77187500e+00,1.08625000e+01,1.06250000e-02,1.11734375e+01
1.37152000e-06,4.79687500e+00,1.08000000e+01,5.62500000e-03,1.11726562e+01
1.37184000e-06,4.75000000e+00,1.07875000e+01,-1.87500000e-03,1.12015625e+01
1.37216000e-06,4.86250000e+00,1.07375000e+01,2.56250000e-02,1.12046875e+01
1.37248000e-06,4.84687500e+00,1.07500000e+01,2.31250000e-02,1.11398438e+01
1.37280000e-06,4.65625000e+00,1.08250000e+01,-1.43750000e-02,1.11234375e+01
1.37312000e-06,4.78750000e+00,1.09375000e+01,2.81250000e-02,1.11648437e+01
1.37344000e-06,4.69062500e+00,1.07750000e+01,1.31250000e-02,1.11679688e+01
1.37376000e-06,4.78437500e+00,1.08125000e+01,2.81250000e-02,1.11023437e+01
1.37408000e-06,4.86250000e+00,1.08625000e+01,1.31250000e-02,1.11703125e+01
1.37440000e-06,4.80937500e+00,1.09125000e+01,2.31250000e-02,1.12156250e+01
1.37472000e-06,4.88750000e+00,1.08250000e+01,-1.68750000e-02,1.11601562e+01
1.37504000e-06,4.85000000e+00,1.08750000e+01,-1.87500000e-03,1.11921875e+01
1.37536000e-06,4.83750000e+00,1.08500000e+01,2.81250000e-02,1.11835938e+01
1.37568000e-06,4.78437500e+00,1.07625000e+01,3.81250000e-02,1.11328125e+01
1.37600000e-06,4.65937500e+00,1.07000000e+01,6.25000000e-04,1.11859375e+01
1.37632000e-06,4.85000000e+00,1.07125000e+01,1.06250000e-02,1.11656250e+01
1.37664000e-06,4.78125000e+00,1.08375000e+01,2.31250000e-02,1.10921875e+01
1.37696000e-06,4.70937500e+00,1.07750000e+01,-1.18750000e-02,1.11070313e+01
1.37728000e-06,4.80000000e+00,1.08000000e+01,2.56250000e-02,1.11960937e+01
1.37760000e-06,4.88437500e+00,1.08625000e+01,1.81250000e-02,1.12296875e+01
1.37792000e-06,4.69375000e+00,1.08625000e+01,1.06250000e-02,1.10375000e+01
1.37824000e-06,4.68125000e+00,1.09375000e+01,2.31250000e-02,1.10171875e+01
1.37856000e-06,4.85000000e+00,1.07000000e+01,1.81250000e-02,1.10625000e+01
1.37888000e-06,4.69062500e+00,1.08625000e+01,4.56250000e-02,1.10585938e+01
1.37920000e-06,4.75937500e+00,1.08125000e+01,2.31250000e-02,1.11460938e+01
1.37952000e-06,4.86250000e+00,1.08500000e+01,2.31250000e-02,1.12132812e+01
1.37984000e-06,4.79375000e+00,1.06625000e+01,4.06250000e-02,1.11789063e+01
1.38016000e-06,4.69687500e+00,1.06875000e+01,6.25000000e-04,1.11539063e+01
1.38048000e-06,4.78437500e+00,1.08500000e+01,1.31250000e-02,1.11539063e+01
1.38080000e-06,4.69062500e+00,1.07875000e+01,2.31250000e-02,1.10882812e+01
1.38112000e-06,4.73437500e+00,1.08375000e+01,8.12500000e-03,1.10953125e+01
1.38144000e-06,4.66562500e+00,1.09375000e+01,1.31250000e-02,1.10679688e+01
1.38176000e-06,4.70312500e+00,1.08750000e+01,1.81250000e-02,1.10742188e+01
1.38208000e-06,4.78750000e+00,1.08375000e+01,6.25000000e-04,1.11476563e+01
1.38240000e-06,4.93437500e+00,1.07875000e+01,-9.37500000e-03,1.11687500e+01
1.38272000e-06,4.88437500e+00,1.08000000e+01,2.31250000e-02,1.10898438e+01
1.38304000e-06,4.85000000e+00,1.08875000e+01,3.81250000e-02,1.11343750e+01
1.38336000e-06,4.80937500e+00,1.08000000e+01,3.06250000e-02,1.11929688e+01
1.38368000e-06,4.62187500e+00,1.08625000e+01,-1.43750000e-02,1.11734375e+01
1.38400000e-06,4.91250000e+00,1.09125000e+01,1.56250000e-02,1.11671875e+01
1.38432000e-06,4.92187500e+00,1.10125000e+01,2.31250000e-02,1.10859375e+01
1.38464000e-06,4.81250000e+00,1.10250000e+01,3.06250000e-02,1.11468750e+01
1.38496000e-06,4.75000000e+00,1.08250000e+01,3.12500000e-03,1.11367188e+01
1.38528000e-06,4.77500000e+00,1.08500000e+01,6.25000000e-04,1.11046875e+01
1.38560000e-06,4.77500000e+00,1.09625000e+01,3.12500000e-03,1.11218750e+01
1.38592000e-06,4.77187500e+00,1.08500000e+01,5.06250000e-02,1.11476563e+01
1.38624000e-06,4.76250000e+00,1.07250000e+01,5.06250000e-02,1.11296875e+01
1.38656000e-06,4.93750000e+00,1.09125000e+01,-9.37500000e-03,1.10382813e+01
1.38688000e-06,4.87187500e+00,1.07500000e+01,1.06250000e-02,1.10390625e+01
1.38720000e-06,4.75000000e+00,1.09625000e+01,2.06250000e-02,1.10968750e+01
1.38752000e-06,4.80000000e+00,1.09375000e+01,1.06250000e-02,1.11093750e+01
1.38784000e-06,4.87500000e+00,1.07500000e+01,1.81250000e-02,1.11343750e+01
1.38816000e-06,4.74687500e+00,1.07875000e+01,4.06250000e-02,1.11570312e+01
1.38848000e-06,4.73437500e+00,1.08875000e+01,1.81250000e-02,1.11429687e+01
1.38880000e-06,4.82187500e+00,1.09625000e+01,-4.37500000e-03,1.11640625e+01
1.38912000e-06,4.55312500e+00,1.09250000e+01,3.12500000e-03,1.11820312e+01
1.38944000e-06,4.77187500e+00,1.06750000e+01,1.56250000e-02,1.11796875e+01
1.38976000e-06,4.73125000e+00,1.07500000e+01,5.62500000e-03,1.11617188e+01
1.39008000e-06,4.81875000e+00,1.09375000e+01,1.81250000e-02,1.11960937e+01
1.39040000e-06,4.66562500e+00,1.08750000e+01,4.56250000e-02,1.11273437e+01
1.39072000e-06,4.68437500e+00,1.08125000e+01,1.81250000e-02,1.11453125e+01
1.39104000e-06,4.83437500e+00,1.09000000e+01,-6.87500000e-03,1.11117187e+01
1.39136000e-06,4.73125000e+00,1.08375000e+01,2.06250000e-02,1.10992188e+01
1.39168000e-06,4.86250000e+00,1.09250000e+01,5.62500000e-03,1.11601562e+01
1.39200000e-06,4.83750000e+00,1.08625000e+01,-2.18750000e-02,1.11132812e+01
1.39232000e-06,4.77187500e+00,1.08000000e+01,1.81250000e-02,1.10984375e+01
1.39264000e-06,4.68125000e+00,1.08500000e+01,1.81250000e-02,1.11500000e+01
1.39296000e-06,4.66875000e+00,1.08375000e+01,2.81250000e-02,1.11476563e+01
1.39328000e-06,4.69375000e+00,1.07625000e+01,5.56250000e-02,1.11601562e+01
1.39360000e-06,4.74687500e+00,1.08750000e+01,2.81250000e-02,1.11429687e+01
1.39392000e-06,4.72812500e+00,1.08625000e+01,8.12500000e-03,1.11218750e+01
1.39424000e-06,4.63125000e+00,1.06750000e+01,5.62500000e-03,1.11148438e+01
1.39456000e-06,4.82500000e+00,1.08375000e+01,-4.37500000e-03,1.11125000e+01
1.39488000e-06,4.88437500e+00,1.08500000e+01,3.06250000e-02,1.11265625e+01
1.39520000e-06,4.71562500e+00,1.07125000e+01,2.31250000e-02,1.11617188e+01
1.39552000e-06,4.75000000e+00,1.08500000e+01,2.81250000e-02,1.11554688e+01
1.39584000e-06,4.81250000e+00,1.06875000e+01,3.12500000e-03,1.10257812e+01
1.39616000e-06,4.64062500e+00,1.06375000e+01,4.31250000e-02,1.09976562e+01
1.39648000e-06,4.73437500e+00,1.09125000e+01,2.56250000e-02,1.11351562e+01
1.39680000e-06,4.77500000e+00,1.08000000e+01,6.25000000e-04,1.11593750e+01
1.39712000e-06,4.85937500e+00,1.07375000e+01,1.56250000e-02,1.11101562e+01
1.39744000e-06,4.72187500e+00,1.07375000e+01,2.56250000e-02,1.12164063e+01
1.39776000e-06,4.83750000e+00,1.08625000e+01,1.06250000e-02,1.12375000e+01
1.39808000e-06,4.77187500e+00,1.08375000e+01,2.06250000e-02,1.11671875e+01
1.39840000e-06,4.70937500e+00,1.08125000e+01,1.56250000e-02,1.10921875e+01
1.39872000e-06,4.82500000e+00,1.07625000e+01,2.06250000e-02,1.10976562e+01
1.39904000e-06,4.74375000e+00,1.08000000e+01,2.06250000e-02,1.11773438e+01
1.39936000e-06,4.61875000e+00,1.08750000e+01,1.81250000e-02,1.11734375e+01
1.39968000e-06,4.81250000e+00,1.08125000e+01,1.81250000e-02,1.11640625e+01
1.40000000e-06,4.76875000e+00,1.09125000e+01,1.31250000e-02,1.11625000e+01
1.40032000e-06,4.78437500e+00,1.07000000e+01,3.31250000e-02,1.11132812e+01
1.40064000e-06,4.77500000e+00,1.08000000e+01,3.06250000e-02,1.12179688e+01
1.40096000e-06,4.95937500e+00,1.08250000e+01,-2.00000000e-02,1.12554688e+01
1.40128000e-06,4.73125000e+00,1.07750000e+01,-4.37500000e-03,1.11718750e+01
1.40160000e-06,4.68437500e+00,1.07375000e+01,1.06250000e-02,1.10726562e+01
1.40192000e-06,4.83750000e+00,1.07875000e+01,1.81250000e-02,1.10687500e+01
1.40224000e-06,4.75625000e+00,1.08500000e+01,2.06250000e-02,1.11093750e+01
1.40256000e-06,4.81250000e+00,1.07625000e+01,3.81250000e-02,1.11531250e+01
1.40288000e-06,4.87500000e+00,1.07750000e+01,3.31250000e-02,1.12148438e+01
1.40320000e-06,4.85937500e+00,1.10250000e+01,3.06250000e-02,1.11609375e+01
1.40352000e-06,4.82500000e+00,1.07500000e+01,-1.87500000e-03,1.11195312e+01
1.40384000e-06,4.75000000e+00,1.07750000e+01,1.81250000e-02,1.11656250e+01
1.40416000e-06,4.74687500e+00,1.08125000e+01,3.81250000e-02,1.11195312e+01
1.40448000e-06,4.61875000e+00,1.07750000e+01,-1.43750000e-02,1.11140625e+01
1.40480000e-06,4.85000000e+00,1.08375000e+01,2.81250000e-02,1.11250000e+01
1.40512000e-06,4.85937500e+00,1.09250000e+01,2.06250000e-02,1.11789063e+01
1.40544000e-06,4.85937500e+00,1.06375000e+01,1.56250000e-02,1.11875000e+01
1.40576000e-06,4.82500000e+00,1.08375000e+01,2.06250000e-02,1.11257812e+01
1.40608000e-06,4.65625000e+00,1.08875000e+01,2.81250000e-02,1.11109375e+01
1.40640000e-06,4.70937500e+00,1.08250000e+01,1.81250000e-02,1.11179687e+01
1.40672000e-06,4.78437500e+00,1.08750000e+01,3.06250000e-02,1.10718750e+01
1.40704000e-06,4.75937500e+00,1.08875000e+01,2.31250000e-02,1.10867187e+01
1.40736000e-06,4.80937500e+00,1.07625000e+01,1.56250000e-02,1.11414062e+01
1.40768000e-06,4.70625000e+00,1.08750000e+01,-1.87500000e-03,1.12289062e+01
1.40800000e-06,4.69375000e+00,1.08250000e+01,3.56250000e-02,1.11710938e+01
1.40832000e-06,4.74687500e+00,1.08750000e+01,3.06250000e-02,1.11031250e+01
1.40864000e-06,4.75937500e+00,1.07625000e+01,2.06250000e-02,1.11117187e+01
1.40896000e-06,4.73125000e+00,1.07875000e+01,1.31250000e-02,1.11500000e+01
1.40928000e-06,4.83750000e+00,1.08875000e+01,1.31250000e-02,1.11414062e+01
1.40960000e-06,4.85937500e+00,1.08375000e+01,5.06250000e-02,1.11273437e+01
1.40992000e-06,4.80000000e+00,1.08000000e+01,-6.87500000e-03,1.11695313e+01
1.41024000e-06,4.78750000e+00,1.08875000e+01,8.12500000e-03,1.11789063e+01
1.41056000e-06,4.85937500e+00,1.07875000e+01,2.81250000e-02,1.10570312e+01
1.41088000e-06,4.68125000e+00,1.08125000e+01,8.12500000e-03,1.10632812e+01
1.41120000e-06,4.73125000e+00,1.08500000e+01,1.81250000e-02,1.11585937e+01
1.41152000e-06,4.62812500e+00,1.07500000e+01,2.06250000e-02,1.11093750e+01
1.41184000e-06,4.74687500e+00,1.08125000e+01,-1.43750000e-02,1.10726562e+01
1.41216000e-06,4.66562500e+00,1.08500000e+01,5.06250000e-02,1.10109375e+01
1.41248000e-06,4.79687500e+00,1.07125000e+01,1.56250000e-02,1.10492187e+01
1.41280000e-06,4.92500000e+00,1.07875000e+01,1.06250000e-02,1.11023437e+01
1.41312000e-06,4.82187500e+00,1.08125000e+01,1.56250000e-02,1.11421875e+01
1.41344000e-06,4.74687500e+00,1.08500000e+01,1.06250000e-02,1.11921875e+01
1.41376000e-06,4.68437500e+00,1.08000000e+01,2.56250000e-02,1.11796875e+01
1.41408000e-06,4.78750000e+00,1.09000000e+01,4.31250000e-02,1.11382813e+01
1.41440000e-06,4.75937500e+00,1.08500000e+01,1.31250000e-02,1.11179687e+01
1.41472000e-06,4.70625000e+00,1.07125000e+01,-1.68750000e-02,1.10929688e+01
1.41504000e-06,4.63125000e+00,1.07125000e+01,3.31250000e-02,1.11375000e+01
1.41536000e-06,4.82500000e+00,1.07250000e+01,1.81250000e-02,1.10726562e+01
1.41568000e-06,4.80625000e+00,1.08625000e+01,3.06250000e-02,1.11007813e+01
1.41600000e-06,4.72812500e+00,1.09500000e+01,5.56250000e-02,1.10570312e+01
1.41632000e-06,4.72187500e+00,1.07375000e+01,1.56250000e-02,1.10179687e+01
1.41664000e-06,4.66562500e+00,1.07750000e+01,3.31250000e-02,1.10359375e+01
1.41696000e-06,4.70625000e+00,1.07875000e+01,-1.18750000e-02,1.10242187e+01
1.41728000e-06,4.80000000e+00,1.08625000e+01,-9.37500000e-03,1.10750000e+01
1.41760000e-06,4.76875000e+00,1.09250000e+01,2.31250000e-02,1.10718750e+01
1.41792000e-06,4.78750000e+00,1.07250000e+01,2.31250000e-02,1.10437500e+01
1.41824000e-06,4.80937500e+00,1.07375000e+01,2.06250000e-02,1.10859375e+01
1.41856000e-06,4.59062500e+00,1.09000000e+01,-1.87500000e-03,1.10937500e+01
1.41888000e-06,4.64375000e+00,1.08000000e+01,2.81250000e-02,1.10242187e+01
1.41920000e-06,4.69062500e+00,1.08500000e+01,1.06250000e-02,1.10195312e+01
1.41952000e-06,4.67812500e+00,1.07750000e+01,3.31250000e-02,1.10804687e+01
1.41984000e-06,4.72812500e+00,1.08875000e+01,1.56250000e-02,1.11375000e+01
1.42016000e-06,4.67812500e+00,1.07625000e+01,-9.37500000e-03,1.10890625e+01
1.42048000e-06,4.70312500e+00,1.08000000e+01,3.06250000e-02,1.09945312e+01
1.42080000e-06,4.77187500e+00,1.08125000e+01,1.81250000e-02,1.10562500e+01
1.42112000e-06,4.79687500e+00,1.08000000e+01,2.81250000e-02,1.10835938e+01
1.42144000e-06,4.87187500e+00,1.08375000e+01,1.06250000e-02,1.10890625e+01
1.42176000e-06,4.68125000e+00,1.08000000e+01,8.12500000e-03,1.10937500e+01
1.42208000e-06,4.73437500e+00,1.07500000e+01,3.12500000e-03,1.11164063e+01
1.42240000e-06,4.70625000e+00,1.08125000e+01,1.81250000e-02,1.10562500e+01
1.42272000e-06,4.71875000e+00,1.07625000e+01,1.81250000e-02,1.10875000e+01
1.42304000e-06,4.79687500e+00,1.07875000e+01,6.25000000e-04,1.11625000e+01
1.42336000e-06,4.66562500e+00,1.08000000e+01,3.12500000e-03,1.12000000e+01
1.42368000e-06,4.69375000e+00,1.08250000e+01,2.56250000e-02,1.11843750e+01
1.42400000e-06,4.74687500e+00,1.07875000e+01,-1.18750000e-02,1.11046875e+01
1.42432000e-06,4.75937500e+00,1.07625000e+01,3.31250000e-02,1.10414062e+01
1.42464000e-06,4.70625000e+00,1.07000000e+01,5.62500000e-03,1.10648437e+01
1.42496000e-06,4.75937500e+00,1.07625000e+01,3.12500000e-03,1.10976562e+01
1.42528000e-06,4.77500000e+00,1.07500000e+01,1.31250000e-02,1.10523438e+01
1.42560000e-06,4.83750000e+00,1.07125000e+01,8.12500000e-03,1.10804687e+01
1.42592000e-06,4.89375000e+00,1.07750000e+01,5.62500000e-03,1.10820312e+01
1.42624000e-06,4.64375000e+00,1.08750000e+01,3.06250000e-02,1.10734375e+01
1.42656000e-06,4.77500000e+00,1.09000000e+01,8.12500000e-03,1.10406250e+01
1.42688000e-06,4.77187500e+00,1.08750000e+01,5.62500000e-03,1.10382813e+01
1.42720000e-06,4.66562500e+00,1.08000000e+01,3.81250000e-02,1.10242187e+01
1.42752000e-06,4.75000000e+00,1.08875000e+01,1.56250000e-02,1.10320312e+01
1.42784000e-06,4.91250000e+00,1.07875000e+01,2.31250000e-02,1.10695313e+01
1.42816000e-06,4.74375000e+00,1.07750000e+01,2.06250000e-02,1.11257812e+01
1.42848000e-06,4.75000000e+00,1.08250000e+01,1.81250000e-02,1.11054688e+01
1.42880000e-06,4.82187500e+00,1.08375000e+01,4.31250000e-02,1.10671875e+01
1.42912000e-06,4.60312500e+00,1.09000000e+01,3.12500000e-03,1.10773438e+01
1.42944000e-06,4.55625000e+00,1.09000000e+01,6.25000000e-04,1.10234375e+01
1.42976000e-06,4.66875000e+00,1.07375000e+01,1.06250000e-02,1.10031250e+01
1.43008000e-06,4.80937500e+00,1.08000000e+01,1.31250000e-02,1.09515625e+01
1.43040000e-06,4.78437500e+00,1.08250000e+01,-4.37500000e-03,1.09671875e+01
1.43072000e-06,4.82500000e+00,1.07375000e+01,5.62500000e-03,1.11234375e+01
1.43104000e-06,4.82500000e+00,1.06500000e+01,-1.87500000e-03,1.11351562e+01
1.43136000e-06,4.83750000e+00,1.08000000e+01,3.31250000e-02,1.10851563e+01
1.43168000e-06,4.74687500e+00,1.08125000e+01,1.56250000e-02,1.11132812e+01
1.43200000e-06,4.67187500e+00,1.07875000e+01,1.56250000e-02,1.11195312e+01
1.43232000e-06,4.78750000e+00,1.07500000e+01,1.81250000e-02,1.11562500e+01
1.43264000e-06,4.69062500e+00,1.08750000e+01,1.31250000e-02,1.10593750e+01
1.43296000e-06,4.78750000e+00,1.07500000e+01,2.56250000e-02,1.10421875e+01
1.43328000e-06,4.81250000e+00,1.09000000e+01,2.31250000e-02,1.11484375e+01
1.43360000e-06,4.78437500e+00,1.08750000e+01,1.31250000e-02,1.11507812e+01
1.43392000e-06,4.85000000e+00,1.07750000e+01,1.06250000e-02,1.11289062e+01
1.43424000e-06,4.82500000e+00,1.08250000e+01,6.25000000e-04,1.10929688e+01
1.43456000e-06,4.95000000e+00,1.09500000e+01,-1.87500000e-03,1.10851563e+01
1.43488000e-06,4.78750000e+00,1.08750000e+01,5.62500000e-03,1.11210938e+01
1.43520000e-06,4.75000000e+00,1.08375000e+01,4.81250000e-02,1.11203125e+01
1.43552000e-06,4.81250000e+00,1.07375000e+01,-4.37500000e-03,1.11312500e+01
1.43584000e-06,4.90000000e+00,1.08500000e+01,1.06250000e-02,1.12148438e+01
1.43616000e-06,4.86250000e+00,1.08000000e+01,1.06250000e-02,1.11734375e+01
1.43648000e-06,4.80000000e+00,1.07625000e+01,1.81250000e-02,1.11890625e+01
1.43680000e-06,4.76250000e+00,1.07000000e+01,3.06250000e-02,1.11875000e+01
1.43712000e-06,4.81250000e+00,1.08750000e+01,3.12500000e-03,1.10828125e+01
1.43744000e-06,4.77187500e+00,1.08250000e+01,2.81250000e-02,1.10898438e+01
1.43776000e-06,4.80000000e+00,1.08250000e+01,3.06250000e-02,1.11375000e+01
1.43808000e-06,4.78437500e+00,1.08750000e+01,-1.18750000e-02,1.11101562e+01
1.43840000e-06,4.74687500e+00,1.08250000e+01,4.56250000e-02,1.10773438e+01
1.43872000e-06,4.76250000e+00,1.08375000e+01,1.81250000e-02,1.10875000e+01
1.43904000e-06,4.70312500e+00,1.09000000e+01,2.31250000e-02,1.11773438e+01
1.43936000e-06,4.78750000e+00,1.07375000e+01,1.06250000e-02,1.11726562e+01
1.43968000e-06,4.82187500e+00,1.07250000e+01,8.12500000e-03,1.11062500e+01
1.44000000e-06,4.62812500e+00,1.08125000e+01,3.81250000e-02,1.10750000e+01
1.44032000e-06,4.76250000e+00,1.07750000e+01,1.81250000e-02,1.11601562e+01
1.44064000e-06,4.79687500e+00,1.08375000e+01,2.56250000e-02,1.11023437e+01
1.44096000e-06,4.94687500e+00,1.08750000e+01,3.81250000e-02,1.10242187e+01
1.44128000e-06,4.77187500e+00,1.06875000e+01,2.81250000e-02,1.09609375e+01
1.44160000e-06,4.76250000e+00,1.07500000e+01,-4.37500000e-03,1.10203125e+01
1.44192000e-06,4.69375000e+00,1.07875000e+01,-9.37500000e-03,1.11218750e+01
1.44224000e-06,4.70625000e+00,1.09125000e+01,2.06250000e-02,1.10671875e+01
1.44256000e-06,4.76250000e+00,1.07875000e+01,2.81250000e-02,1.09976562e+01
1.44288000e-06,4.80937500e+00,1.07500000e+01,1.81250000e-02,1.10187500e+01
1.44320000e-06,4.88750000e+00,1.08625000e+01,-1.43750000e-02,1.10710937e+01
1.44352000e-06,4.80000000e+00,1.08375000e+01,1.31250000e-02,1.10921875e+01
1.44384000e-06,4.80000000e+00,1.07125000e+01,2.06250000e-02,1.11398438e+01
1.44416000e-06,4.68125000e+00,1.07750000e+01,3.81250000e-02,1.12085938e+01
1.44448000e-06,4.72187500e+00,1.07000000e+01,1.81250000e-02,1.11953125e+01
1.44480000e-06,4.73125000e+00,1.07375000e+01,6.25000000e-04,1.11359375e+01
1.44512000e-06,4.67812500e+00,1.07375000e+01,1.81250000e-02,1.10273438e+01
1.44544000e-06,4.70937500e+00,1.08500000e+01,2.31250000e-02,1.09632812e+01
1.44576000e-06,4.77187500e+00,1.06750000e+01,8.12500000e-03,1.09796875e+01
1.44608000e-06,4.87187500e+00,1.07250000e+01,2.06250000e-02,1.10039062e+01
1.44640000e-06,4.69375000e+00,1.08750000e+01,1.56250000e-02,1.10148438e+01
1.44672000e-06,4.77500000e+00,1.07750000e+01,4.31250000e-02,1.10515625e+01
1.44704000e-06,4.81250000e+00,1.08375000e+01,8.12500000e-03,1.11273437e+01
1.44736000e-06,4.70312500e+00,1.07875000e+01,-9.37500000e-03,1.11281250e+01
1.44768000e-06,4.68125000e+00,1.08750000e+01,1.81250000e-02,1.11531250e+01
1.44800000e-06,4.72187500e+00,1.07375000e+01,4.56250000e-02,1.10804687e+01
1.44832000e-06,4.90625000e+00,1.08000000e+01,2.56250000e-02,1.10226563e+01
1.44864000e-06,4.66562500e+00,1.08000000e+01,1.06250000e-02,1.11054688e+01
1.44896000e-06,4.68125000e+00,1.06875000e+01,1.56250000e-02,1.10320312e+01
1.44928000e-06,4.74687500e+00,1.08250000e+01,1.56250000e-02,1.10468750e+01
1.44960000e-06,4.84687500e+00,1.07250000e+01,-1.87500000e-03,1.11156250e+01
1.44992000e-06,4.78125000e+00,1.07500000e+01,2.56250000e-02,1.10195312e+01
1.45024000e-06,4.66875000e+00,1.07625000e+01,3.81250000e-02,1.10468750e+01
1.45056000e-06,4.76250000e+00,1.07875000e+01,1.31250000e-02,1.10828125e+01
1.45088000e-06,4.69062500e+00,1.08250000e+01,5.62500000e-03,1.10750000e+01
1.45120000e-06,4.78125000e+00,1.07750000e+01,6.25000000e-04,1.11210938e+01
1.45152000e-06,4.70937500e+00,1.08625000e+01,8.12500000e-03,1.11125000e+01
1.45184000e-06,4.75625000e+00,1.07875000e+01,3.81250000e-02,1.10976562e+01
1.45216000e-06,4.80937500e+00,1.07500000e+01,2.56250000e-02,1.11101562e+01
1.45248000e-06,4.73125000e+00,1.08750000e+01,4.81250000e-02,1.10007812e+01
1.45280000e-06,4.66875000e+00,1.06625000e+01,2.31250000e-02,1.10250000e+01
1.45312000e-06,4.81250000e+00,1.07625000e+01,1.81250000e-02,1.10890625e+01
1.45344000e-06,4.82187500e+00,1.07875000e+01,2.81250000e-02,1.10484375e+01
1.45376000e-06,4.78437500e+00,1.08250000e+01,3.06250000e-02,1.10453125e+01
1.45408000e-06,4.75000000e+00,1.06125000e+01,2.31250000e-02,1.10171875e+01
1.45440000e-06,4.79687500e+00,1.07250000e+01,5.62500000e-03,1.10226563e+01
1.45472000e-06,4.65312500e+00,1.08875000e+01,3.31250000e-02,1.10937500e+01
1.45504000e-06,4.64375000e+00,1.08000000e+01,1.56250000e-02,1.10789062e+01
1.45536000e-06,4.75625000e+00,1.06250000e+01,1.81250000e-02,1.09570312e+01
1.45568000e-06,4.70625000e+00,1.08125000e+01,8.12500000e-03,1.09468750e+01
1.45600000e-06,4.85937500e+00,1.07375000e+01,2.06250000e-02,1.10359375e+01
1.45632000e-06,4.83437500e+00,1.07125000e+01,2.06250000e-02,1.10539063e+01
1.45664000e-06,4.78750000e+00,1.07375000e+01,2.56250000e-02,1.10304688e+01
1.45696000e-06,4.96250000e+00,1.10000000e+01,4.56250000e-02,1.10507812e+01
1.45728000e-06,4.88750000e+00,1.08250000e+01,1.31250000e-02,1.10570312e+01
1.45760000e-06,4.91250000e+00,1.08000000e+01,3.56250000e-02,1.10273438e+01
1.45792000e-06,4.80937500e+00,1.07750000e+01,5.06250000e-02,1.09765625e+01
1.45824000e-06,4.65625000e+00,1.08125000e+01,1.06250000e-02,1.10031250e+01
1.45856000e-06,4.68437500e+00,1.07750000e+01,1.31250000e-02,1.11210938e+01
1.45888000e-06,4.83437500e+00,1.07750000e+01,2.06250000e-02,1.10710937e+01
1.45920000e-06,4.77187500e+00,1.08250000e+01,2.06250000e-02,1.10539063e+01
1.45952000e-06,4.98750000e+00,1.08500000e+01,2.81250000e-02,1.11398438e+01
1.45984000e-06,4.98750000e+00,1.08000000e+01,2.56250000e-02,1.11718750e+01
1.46016000e-06,4.81250000e+00,1.07500000e+01,3.56250000e-02,1.11406250e+01
1.46048000e-06,4.73437500e+00,1.06000000e+01,3.06250000e-02,1.11085938e+01
1.46080000e-06,4.75937500e+00,1.08250000e+01,-6.87500000e-03,1.11179687e+01
1.46112000e-06,4.78750000e+00,1.08000000e+01,3.12500000e-03,1.11429687e+01
1.46144000e-06,4.79687500e+00,1.09500000e+01,3.12500000e-03,1.11203125e+01
1.46176000e-06,4.71562500e+00,1.08250000e+01,3.06250000e-02,1.10921875e+01
1.46208000e-06,4.70625000e+00,1.08750000e+01,5.06250000e-02,1.10804687e+01
1.46240000e-06,4.66875000e+00,1.08250000e+01,-1.18750000e-02,1.10585938e+01
1.46272000e-06,4.82187500e+00,1.07375000e+01,2.31250000e-02,1.10515625e+01
1.46304000e-06,4.83437500e+00,1.07375000e+01,6.31250000e-02,1.10640625e+01
1.46336000e-06,4.73437500e+00,1.08375000e+01,2.81250000e-02,1.10945312e+01
1.46368000e-06,4.73125000e+00,1.07625000e+01,2.06250000e-02,1.11351562e+01
1.46400000e-06,4.76250000e+00,1.09250000e+01,3.12500000e-03,1.10632812e+01
1.46432000e-06,4.70937500e+00,1.07375000e+01,2.81250000e-02,1.09921875e+01
1.46464000e-06,4.76875000e+00,1.08875000e+01,3.31250000e-02,1.10898438e+01
1.46496000e-06,4.63125000e+00,1.08500000e+01,-1.43750000e-02,1.10375000e+01
1.46528000e-06,4.78750000e+00,1.08000000e+01,5.62500000e-03,1.10078125e+01
1.46560000e-06,4.87187500e+00,1.06750000e+01,2.06250000e-02,1.10812500e+01
1.46592000e-06,4.71875000e+00,1.07500000e+01,3.81250000e-02,1.11312500e+01
1.46624000e-06,4.90000000e+00,1.08125000e+01,2.06250000e-02,1.11039062e+01
1.46656000e-06,4.90000000e+00,1.08250000e+01,4.31250000e-02,1.10671875e+01
1.46688000e-06,4.70625000e+00,1.07375000e+01,1.81250000e-02,1.11507812e+01
1.46720000e-06,4.63125000e+00,1.07250000e+01,8.12500000e-03,1.11695313e+01
1.46752000e-06,4.76250000e+00,1.07875000e+01,-1.87500000e-03,1.11070313e+01
1.46784000e-06,4.85937500e+00,1.07750000e+01,3.06250000e-02,1.10625000e+01
1.46816000e-06,4.74687500e+00,1.08000000e+01,2.06250000e-02,1.10523438e+01
1.46848000e-06,4.75000000e+00,1.08875000e+01,5.62500000e-03,1.11406250e+01
1.46880000e-06,4.75937500e+00,1.09250000e+01,2.81250000e-02,1.11703125e+01
1.46912000e-06,4.85000000e+00,1.09125000e+01,3.31250000e-02,1.10609375e+01
1.46944000e-06,4.79687500e+00,1.07875000e+01,3.56250000e-02,1.10781250e+01
1.46976000e-06,4.71562500e+00,1.08250000e+01,3.81250000e-02,1.11250000e+01
1.47008000e-06,4.68125000e+00,1.08000000e+01,5.31250000e-02,1.10882812e+01
1.47040000e-06,4.70625000e+00,1.07000000e+01,8.12500000e-03,1.10562500e+01
1.47072000e-06,4.80937500e+00,1.06500000e+01,6.25000000e-04,1.10546875e+01
1.47104000e-06,4.74375000e+00,1.08125000e+01,-4.37500000e-03,1.10656250e+01
1.47136000e-06,4.80000000e+00,1.08500000e+01,3.06250000e-02,1.10125000e+01
1.47168000e-06,4.81250000e+00,1.08500000e+01,5.06250000e-02,1.10820312e+01
1.47200000e-06,4.79687500e+00,1.08500000e+01,1.56250000e-02,1.11132812e+01
1.47232000e-06,4.80000000e+00,1.07500000e+01,1.31250000e-02,1.11234375e+01
1.47264000e-06,4.76250000e+00,1.09125000e+01,1.06250000e-02,1.10351562e+01
1.47296000e-06,4.80000000e+00,1.09000000e+01,2.56250000e-02,1.09578125e+01
1.47328000e-06,4.78750000e+00,1.07000000e+01,7.06250000e-02,1.10609375e+01
1.47360000e-06,4.83750000e+00,1.08000000e+01,4.56250000e-02,1.11281250e+01
1.47392000e-06,4.80937500e+00,1.07625000e+01,6.25000000e-04,1.10867187e+01
1.47424000e-06,4.67187500e+00,1.07375000e+01,2.31250000e-02,1.10257812e+01
1.47456000e-06,4.93750000e+00,1.07500000e+01,4.31250000e-02,1.10164062e+01
1.47488000e-06,4.79375000e+00,1.07500000e+01,3.06250000e-02,1.11515625e+01
1.47520000e-06,4.64375000e+00,1.06875000e+01,1.31250000e-02,1.11296875e+01
1.47552000e-06,4.76250000e+00,1.08125000e+01,4.06250000e-02,1.10562500e+01
1.47584000e-06,4.75937500e+00,1.07875000e+01,5.31250000e-02,1.10234375e+01
1.47616000e-06,4.87187500e+00,1.07625000e+01,8.12500000e-03,1.10125000e+01
1.47648000e-06,4.63125000e+00,1.07875000e+01,-9.37500000e-03,1.10335937e+01
1.47680000e-06,4.82500000e+00,1.07625000e+01,3.06250000e-02,1.10562500e+01
1.47712000e-06,4.86250000e+00,1.09125000e+01,5.62500000e-03,1.10804687e+01
1.47744000e-06,4.72812500e+00,1.08500000e+01,5.06250000e-02,1.11320313e+01
1.47776000e-06,4.77500000e+00,1.07625000e+01,3.56250000e-02,1.10882812e+01
1.47808000e-06,4.75000000e+00,1.08000000e+01,2.56250000e-02,1.10648437e+01
1.47840000e-06,4.74687500e+00,1.06875000e+01,1.31250000e-02,1.10718750e+01
1.47872000e-06,4.72187500e+00,1.08625000e+01,-6.87500000e-03,1.11164063e+01
1.47904000e-06,4.87500000e+00,1.07375000e+01,1.31250000e-02,1.11421875e+01
1.47936000e-06,4.80937500e+00,1.07625000e+01,3.56250000e-02,1.10078125e+01
1.47968000e-06,4.72187500e+00,1.08375000e+01,3.81250000e-02,1.10062500e+01
1.48000000e-06,4.87500000e+00,1.07875000e+01,1.31250000e-02,1.10296875e+01
1.48032000e-06,4.69062500e+00,1.08375000e+01,2.06250000e-02,1.09640625e+01
1.48064000e-06,4.70937500e+00,1.06625000e+01,1.31250000e-02,1.09343750e+01
1.48096000e-06,4.78750000e+00,1.08250000e+01,1.81250000e-02,1.10554687e+01
1.48128000e-06,4.71562500e+00,1.09250000e+01,1.81250000e-02,1.10593750e+01
1.48160000e-06,4.64375000e+00,1.07500000e+01,1.06250000e-02,1.10593750e+01
1.48192000e-06,4.76250000e+00,1.08875000e+01,1.81250000e-02,1.11445312e+01
1.48224000e-06,4.77187500e+00,1.07250000e+01,1.06250000e-02,1.11445312e+01
1.48256000e-06,4.78437500e+00,1.09375000e+01,1.56250000e-02,1.10281250e+01
1.48288000e-06,4.80000000e+00,1.08625000e+01,1.81250000e-02,1.10335937e+01
1.48320000e-06,4.68125000e+00,1.08250000e+01,2.06250000e-02,1.10437500e+01
1.48352000e-06,4.77500000e+00,1.08125000e+01,3.81250000e-02,1.10804687e+01
1.48384000e-06,4.71875000e+00,1.08125000e+01,4.56250000e-02,1.10937500e+01
1.48416000e-06,4.82187500e+00,1.07750000e+01,3.12500000e-03,1.10437500e+01
1.48448000e-06,4.78437500e+00,1.09000000e+01,1.81250000e-02,1.10578125e+01
1.48480000e-06,4.74687500e+00,1.07625000e+01,3.06250000e-02,1.11664062e+01
1.48512000e-06,4.74687500e+00,1.08125000e+01,1.31250000e-02,1.11601562e+01
1.48544000e-06,4.80937500e+00,1.07875000e+01,8.12500000e-03,1.11250000e+01
1.48576000e-06,4.70625000e+00,1.07000000e+01,1.81250000e-02,1.10453125e+01
1.48608000e-06,4.65625000e+00,1.08625000e+01,2.56250000e-02,1.10984375e+01
1.48640000e-06,4.78750000e+00,1.08375000e+01,4.81250000e-02,1.11289062e+01
1.48672000e-06,4.83437500e+00,1.07875000e+01,1.56250000e-02,1.11203125e+01
1.48704000e-06,4.79687500e+00,1.08125000e+01,4.81250000e-02,1.11203125e+01
1.48736000e-06,4.72187500e+00,1.08125000e+01,4.06250000e-02,1.11140625e+01
1.48768000e-06,4.77500000e+00,1.08875000e+01,4.56250000e-02,1.11523438e+01
1.48800000e-06,4.83437500e+00,1.07375000e+01,1.31250000e-02,1.11226563e+01
1.48832000e-06,4.70625000e+00,1.07875000e+01,1.31250000e-02,1.10523438e+01
1.48864000e-06,4.68125000e+00,1.08375000e+01,3.81250000e-02,1.09453125e+01
1.48896000e-06,4.67187500e+00,1.08125000e+01,3.56250000e-02,1.09578125e+01
1.48928000e-06,4.88437500e+00,1.07750000e+01,2.81250000e-02,1.10296875e+01
1.48960000e-06,4.84687500e+00,1.09625000e+01,1.06250000e-02,1.11171875e+01
1.48992000e-06,4.83437500e+00,1.08000000e+01,6.25000000e-04,1.12046875e+01
1.49024000e-06,4.69375000e+00,1.09375000e+01,2.06250000e-02,1.10984375e+01
1.49056000e-06,4.81250000e+00,1.07125000e+01,1.06250000e-02,1.10390625e+01
1.49088000e-06,4.74375000e+00,1.07375000e+01,-6.87500000e-03,1.10148438e+01
1.49120000e-06,4.60312500e+00,1.08125000e+01,2.81250000e-02,1.09835938e+01
1.49152000e-06,4.70937500e+00,1.08625000e+01,4.56250000e-02,1.10078125e+01
1.49184000e-06,4.89687500e+00,1.08000000e+01,-4.37500000e-03,1.10031250e+01
1.49216000e-06,4.78437500e+00,1.08250000e+01,-4.37500000e-03,1.09304687e+01
1.49248000e-06,4.88750000e+00,1.08750000e+01,2.06250000e-02,1.09632812e+01
1.49280000e-06,4.87500000e+00,1.07125000e+01,2.56250000e-02,1.11242188e+01
1.49312000e-06,4.85000000e+00,1.08000000e+01,2.56250000e-02,1.11921875e+01
1.49344000e-06,4.66875000e+00,1.07875000e+01,8.12500000e-03,1.11031250e+01
1.49376000e-06,4.65937500e+00,1.07375000e+01,2.06250000e-02,1.10406250e+01
1.49408000e-06,4.86250000e+00,1.08000000e+01,2.56250000e-02,1.10320312e+01
1.49440000e-06,4.80937500e+00,1.08375000e+01,3.31250000e-02,1.10187500e+01
1.49472000e-06,4.81250000e+00,1.09250000e+01,2.06250000e-02,1.10007812e+01
1.49504000e-06,4.82500000e+00,1.07625000e+01,1.81250000e-02,1.11125000e+01
1.49536000e-06,4.80000000e+00,1.06750000e+01,1.81250000e-02,1.11031250e+01
1.49568000e-06,4.81250000e+00,1.07125000e+01,1.81250000e-02,1.10546875e+01
1.49600000e-06,4.82500000e+00,1.08500000e+01,5.56250000e-02,1.09992188e+01
1.49632000e-06,4.71875000e+00,1.08375000e+01,2.31250000e-02,1.10093750e+01
1.49664000e-06,4.69375000e+00,1.08250000e+01,-2.87500000e-02,1.10718750e+01
1.49696000e-06,4.81250000e+00,1.06875000e+01,5.62500000e-03,1.10453125e+01
1.49728000e-06,4.78125000e+00,1.08875000e+01,1.75000000e-02,1.09796875e+01
1.49760000e-06,4.75937500e+00,1.09375000e+01,5.62500000e-03,1.10117188e+01
1.49792000e-06,4.96250000e+00,1.08500000e+01,2.81250000e-02,1.10570312e+01
1.49824000e-06,4.74375000e+00,1.07000000e+01,2.06250000e-02,1.09765625e+01
1.49856000e-06,4.71875000e+00,1.07000000e+01,-1.87500000e-03,1.09687500e+01
1.49888000e-06,4.64375000e+00,1.08875000e+01,2.06250000e-02,1.10007812e+01
1.49920000e-06,4.80937500e+00,1.08375000e+01,2.56250000e-02,1.10320312e+01
1.49952000e-06,4.80625000e+00,1.06750000e+01,-2.18750000e-02,1.09968750e+01
1.49984000e-06,4.74687500e+00,1.08000000e+01,4.56250000e-02,1.09867187e+01
1.50016000e-06,4.73437500e+00,1.08250000e+01,3.56250000e-02,1.10593750e+01
1.50048000e-06,4.77187500e+00,1.08500000e+01,8.12500000e-03,1.09367188e+01
1.50080000e-06,4.77500000e+00,1.08375000e+01,5.62500000e-03,1.08804687e+01
1.50112000e-06,4.81250000e+00,1.09000000e+01,1.81250000e-02,1.09460937e+01
1.50144000e-06,4.82500000e+00,1.06625000e+01,5.62500000e-03,1.10500000e+01
1.50176000e-06,4.69375000e+00,1.08750000e+01,2.56250000e-02,1.11265625e+01
1.50208000e-06,4.70937500e+00,1.07375000e+01,1.06250000e-02,1.10890625e+01
1.50240000e-06,4.91250000e+00,1.06750000e+01,8.12500000e-03,1.10421875e+01
1.50272000e-06,4.78437500e+00,1.07250000e+01,5.31250000e-02,1.09929687e+01
1.50304000e-06,4.83750000e+00,1.08500000e+01,3.06250000e-02,1.09335938e+01
1.50336000e-06,4.79687500e+00,1.09000000e+01,3.31250000e-02,1.09914063e+01
1.50368000e-06,4.64375000e+00,1.07625000e+01,-4.37500000e-03,1.10132813e+01
1.50400000e-06,4.75000000e+00,1.08000000e+01,3.56250000e-02,1.09687500e+01
1.50432000e-06,4.83125000e+00,1.08875000e+01,6.25000000e-04,1.10078125e+01
1.50464000e-06,4.78437500e+00,1.07625000e+01,1.06250000e-02,1.10117188e+01
1.50496000e-06,4.75937500e+00,1.08250000e+01,6.25000000e-04,1.09781250e+01
1.50528000e-06,4.69375000e+00,1.08375000e+01,1.06250000e-02,1.10007812e+01
1.50560000e-06,4.92500000e+00,1.07875000e+01,3.06250000e-02,1.10492187e+01
1.50592000e-06,4.73125000e+00,1.07500000e+01,2.81250000e-02,1.10539063e+01
1.50624000e-06,4.74687500e+00,1.07125000e+01,3.56250000e-02,1.09148437e+01
1.50656000e-06,4.59375000e+00,1.07875000e+01,3.81250000e-02,1.09750000e+01
1.50688000e-06,4.77500000e+00,1.08750000e+01,2.81250000e-02,1.10804687e+01
1.50720000e-06,4.77187500e+00,1.07625000e+01,1.06250000e-02,1.10226563e+01
1.50752000e-06,4.92187500e+00,1.07500000e+01,1.56250000e-02,1.10390625e+01
1.50784000e-06,4.63125000e+00,1.07375000e+01,3.81250000e-02,1.10875000e+01
1.50816000e-06,4.77187500e+00,1.08125000e+01,2.50000000e-03,1.11007813e+01
1.50848000e-06,4.75000000e+00,1.07125000e+01,-1.93750000e-02,1.11187500e+01
1.50880000e-06,4.78437500e+00,1.06625000e+01,2.56250000e-02,1.10710937e+01
1.50912000e-06,4.84687500e+00,1.07000000e+01,8.12500000e-03,1.09015625e+01
1.50944000e-06,4.83750000e+00,1.08750000e+01,3.06250000e-02,1.08898438e+01
1.50976000e-06,4.76250000e+00,1.08250000e+01,3.06250000e-02,1.09679688e+01
1.51008000e-06,4.80000000e+00,1.08500000e+01,8.12500000e-03,1.10789062e+01
1.51040000e-06,4.87500000e+00,1.07375000e+01,4.06250000e-02,1.10828125e+01
1.51072000e-06,4.76250000e+00,1.07375000e+01,3.31250000e-02,1.09796875e+01
1.51104000e-06,4.77187500e+00,1.08875000e+01,5.62500000e-03,1.09632812e+01
1.51136000e-06,4.69375000e+00,1.10750000e+01,2.06250000e-02,1.10070313e+01
1.51168000e-06,4.76250000e+00,1.07875000e+01,5.62500000e-03,1.09914063e+01
1.51200000e-06,4.71562500e+00,1.08625000e+01,1.31250000e-02,1.10367188e+01
1.51232000e-06,4.80937500e+00,1.08250000e+01,5.62500000e-03,1.10562500e+01
1.51264000e-06,4.73125000e+00,1.08125000e+01,8.12500000e-03,1.09734375e+01
1.51296000e-06,4.73125000e+00,1.07500000e+01,1.56250000e-02,1.10273438e+01
1.51328000e-06,4.75000000e+00,1.08625000e+01,6.06250000e-02,1.10343750e+01
1.51360000e-06,4.83437500e+00,1.08250000e+01,-6.87500000e-03,1.10039062e+01
1.51392000e-06,4.75000000e+00,1.07750000e+01,3.31250000e-02,1.09812500e+01
1.51424000e-06,4.70937500e+00,1.07750000e+01,6.25000000e-04,1.09375000e+01
1.51456000e-06,4.85000000e+00,1.08375000e+01,1.06250000e-02,1.10484375e+01
1.51488000e-06,4.71875000e+00,1.08750000e+01,3.12500000e-03,1.11023437e+01
1.51520000e-06,4.69687500e+00,1.07875000e+01,1.81250000e-02,1.10648437e+01
1.51552000e-06,4.83750000e+00,1.07625000e+01,3.81250000e-02,1.11179687e+01
1.51584000e-06,4.79375000e+00,1.09125000e+01,3.81250000e-02,1.11234375e+01
1.51616000e-06,4.80000000e+00,1.08750000e+01,1.31250000e-02,1.10398437e+01
1.51648000e-06,4.80000000e+00,1.08500000e+01,6.25000000e-04,1.10046875e+01
1.51680000e-06,4.71875000e+00,1.06125000e+01,3.81250000e-02,1.09914063e+01
1.51712000e-06,4.80937500e+00,1.08250000e+01,1.56250000e-02,1.09929687e+01
1.51744000e-06,4.68437500e+00,1.07875000e+01,-1.18750000e-02,1.10859375e+01
1.51776000e-06,4.75937500e+00,1.08875000e+01,1.31250000e-02,1.10726562e+01
1.51808000e-06,4.67812500e+00,1.08875000e+01,1.81250000e-02,1.09890625e+01
1.51840000e-06,4.71875000e+00,1.08000000e+01,5.62500000e-03,1.10132813e+01
1.51872000e-06,4.71562500e+00,1.07625000e+01,3.81250000e-02,1.11000000e+01
1.51904000e-06,4.75937500e+00,1.07750000e+01,3.31250000e-02,1.10007812e+01
1.51936000e-06,4.75937500e+00,1.08125000e+01,-1.43750000e-02,1.09195312e+01
1.51968000e-06,4.85937500e+00,1.08500000e+01,4.81250000e-02,1.10539063e+01
1.52000000e-06,4.77500000e+00,1.07375000e+01,4.06250000e-02,1.11148438e+01
1.52032000e-06,4.81250000e+00,1.07875000e+01,1.81250000e-02,1.10640625e+01
1.52064000e-06,4.85000000e+00,1.07375000e+01,6.25000000e-04,1.10890625e+01
1.52096000e-06,4.86250000e+00,1.08250000e+01,2.56250000e-02,1.10625000e+01
1.52128000e-06,4.85000000e+00,1.08875000e+01,8.12500000e-03,1.09734375e+01
1.52160000e-06,4.85000000e+00,1.08625000e+01,3.56250000e-02,1.09484375e+01
1.52192000e-06,4.73437500e+00,1.07875000e+01,2.31250000e-02,1.09835938e+01
1.52224000e-06,4.69375000e+00,1.08750000e+01,8.12500000e-03,1.10125000e+01
1.52256000e-06,4.86250000e+00,1.07625000e+01,8.12500000e-03,1.10781250e+01
1.52288000e-06,4.78437500e+00,1.08250000e+01,3.06250000e-02,1.10148438e+01
1.52320000e-06,4.71562500e+00,1.06875000e+01,3.31250000e-02,1.10179687e+01
1.52352000e-06,4.82500000e+00,1.08125000e+01,8.12500000e-03,1.10093750e+01
1.52384000e-06,4.92187500e+00,1.07625000e+01,1.06250000e-02,1.09234375e+01
1.52416000e-06,4.71562500e+00,1.07125000e+01,2.06250000e-02,1.09289063e+01
1.52448000e-06,4.81250000e+00,1.08500000e+01,2.56250000e-02,1.09398437e+01
1.52480000e-06,4.95000000e+00,1.09250000e+01,1.81250000e-02,1.09679688e+01
1.52512000e-06,4.74375000e+00,1.07750000e+01,3.12500000e-03,1.09609375e+01
1.52544000e-06,4.55625000e+00,1.08500000e+01,8.12500000e-03,1.09539062e+01
1.52576000e-06,4.72187500e+00,1.07750000e+01,1.06250000e-02,1.10140625e+01
1.52608000e-06,4.85937500e+00,1.07375000e+01,-4.37500000e-03,1.10804687e+01
1.52640000e-06,4.74687500e+00,1.07750000e+01,3.31250000e-02,1.10273438e+01
1.52672000e-06,4.69375000e+00,1.09000000e+01,3.56250000e-02,1.09312500e+01
1.52704000e-06,4.61875000e+00,1.07125000e+01,1.81250000e-02,1.09140625e+01
1.52736000e-06,4.72187500e+00,1.08500000e+01,1.06250000e-02,1.10218750e+01
1.52768000e-06,4.87187500e+00,1.09250000e+01,1.06250000e-02,1.10218750e+01
1.52800000e-06,4.79375000e+00,1.07750000e+01,3.56250000e-02,1.09867187e+01
1.52832000e-06,4.66875000e+00,1.07250000e+01,1.06250000e-02,1.10765625e+01
1.52864000e-06,4.71875000e+00,1.08125000e+01,1.06250000e-02,1.10804687e+01
1.52896000e-06,4.69062500e+00,1.07750000e+01,-9.37500000e-03,1.10132813e+01
1.52928000e-06,4.73125000e+00,1.07750000e+01,3.06250000e-02,1.09796875e+01
1.52960000e-06,4.89687500e+00,1.07375000e+01,2.31250000e-02,1.09781250e+01
1.52992000e-06,4.79687500e+00,1.07875000e+01,6.25000000e-04,1.09039062e+01
1.53024000e-06,4.77187500e+00,1.06875000e+01,3.12500000e-03,1.09273437e+01
1.53056000e-06,4.75000000e+00,1.07250000e+01,3.81250000e-02,1.10226563e+01
1.53088000e-06,4.98750000e+00,1.08875000e+01,2.31250000e-02,1.10289063e+01
1.53120000e-06,4.76875000e+00,1.09000000e+01,2.56250000e-02,1.10164062e+01
1.53152000e-06,4.75000000e+00,1.07375000e+01,2.06250000e-02,1.09882812e+01
1.53184000e-06,4.78750000e+00,1.07750000e+01,3.31250000e-02,1.09859375e+01
1.53216000e-06,4.77187500e+00,1.08625000e+01,6.25000000e-04,1.10960937e+01
1.53248000e-06,4.73125000e+00,1.08750000e+01,2.31250000e-02,1.11359375e+01
1.53280000e-06,4.82500000e+00,1.08250000e+01,1.81250000e-02,1.10250000e+01
1.53312000e-06,4.96250000e+00,1.07250000e+01,2.31250000e-02,1.09765625e+01
1.53344000e-06,4.74375000e+00,1.08000000e+01,1.31250000e-02,1.10148438e+01
1.53376000e-06,4.83750000e+00,1.09750000e+01,2.06250000e-02,1.10000000e+01
1.53408000e-06,4.88750000e+00,1.08500000e+01,2.31250000e-02,1.09929687e+01
1.53440000e-06,4.70312500e+00,1.07125000e+01,2.81250000e-02,1.09796875e+01
1.53472000e-06,4.75000000e+00,1.07875000e+01,5.62500000e-03,1.09648438e+01
1.53504000e-06,4.81250000e+00,1.08375000e+01,2.06250000e-02,1.09757813e+01
1.53536000e-06,4.77187500e+00,1.07375000e+01,-1.43750000e-02,1.09859375e+01
1.53568000e-06,4.74687500e+00,1.07750000e+01,1.31250000e-02,1.10039062e+01
1.53600000e-06,4.69687500e+00,1.07500000e+01,2.56250000e-02,1.09304687e+01
1.53632000e-06,4.82500000e+00,1.08125000e+01,2.31250000e-02,1.09609375e+01
1.53664000e-06,4.77187500e+00,1.07500000e+01,2.56250000e-02,1.10812500e+01
1.53696000e-06,4.82500000e+00,1.07500000e+01,3.56250000e-02,1.09914063e+01
1.53728000e-06,4.76250000e+00,1.08500000e+01,3.12500000e-03,1.08984375e+01
1.53760000e-06,4.83750000e+00,1.08500000e+01,8.12500000e-03,1.09320312e+01
1.53792000e-06,4.73437500e+00,1.08500000e+01,3.56250000e-02,1.09695312e+01
1.53824000e-06,4.86250000e+00,1.08375000e+01,3.81250000e-02,1.09976562e+01
1.53856000e-06,4.90000000e+00,1.07000000e+01,6.06250000e-02,1.10539063e+01
1.53888000e-06,4.83750000e+00,1.06875000e+01,3.31250000e-02,1.10203125e+01
1.53920000e-06,4.73125000e+00,1.08125000e+01,-6.87500000e-03,1.10281250e+01
1.53952000e-06,4.65937500e+00,1.07875000e+01,1.06250000e-02,1.10000000e+01
1.53984000e-06,4.85000000e+00,1.06625000e+01,2.56250000e-02,1.09953125e+01
1.54016000e-06,4.83437500e+00,1.07375000e+01,4.06250000e-02,1.09820312e+01
1.54048000e-06,4.77187500e+00,1.08500000e+01,2.31250000e-02,1.09609375e+01
1.54080000e-06,4.69687500e+00,1.07250000e+01,1.06250000e-02,1.09695312e+01
1.54112000e-06,4.83750000e+00,1.07625000e+01,1.56250000e-02,1.09484375e+01
1.54144000e-06,4.71562500e+00,1.07750000e+01,3.06250000e-02,1.09085937e+01
1.54176000e-06,4.69375000e+00,1.07625000e+01,3.06250000e-02,1.09476562e+01
1.54208000e-06,4.64375000e+00,1.08625000e+01,3.06250000e-02,1.09664062e+01
1.54240000e-06,4.82187500e+00,1.07500000e+01,5.56250000e-02,1.09546875e+01
1.54272000e-06,4.71562500e+00,1.07250000e+01,3.06250000e-02,1.10156250e+01
1.54304000e-06,4.71875000e+00,1.08125000e+01,3.12500000e-03,1.10117188e+01
1.54336000e-06,4.87500000e+00,1.06875000e+01,3.31250000e-02,1.10437500e+01
1.54368000e-06,4.87187500e+00,1.08875000e+01,2.56250000e-02,1.10078125e+01
1.54400000e-06,4.82500000e+00,1.08125000e+01,1.81250000e-02,1.10062500e+01
1.54432000e-06,4.77500000e+00,1.07750000e+01,1.31250000e-02,1.09820312e+01
1.54464000e-06,4.80000000e+00,1.08250000e+01,2.06250000e-02,1.09804688e+01
1.54496000e-06,4.82500000e+00,1.09125000e+01,1.31250000e-02,1.09734375e+01
1.54528000e-06,4.73125000e+00,1.08875000e+01,3.06250000e-02,1.09648438e+01
1.54560000e-06,4.80000000e+00,1.07625000e+01,3.12500000e-03,1.10117188e+01
1.54592000e-06,4.66875000e+00,1.08250000e+01,2.56250000e-02,1.10242187e+01
1.54624000e-06,4.78437500e+00,1.07250000e+01,-1.87500000e-03,1.09859375e+01
1.54656000e-06,4.97500000e+00,1.08625000e+01,3.31250000e-02,1.09835938e+01
1.54688000e-06,4.70312500e+00,1.07625000e+01,1.56250000e-02,1.10140625e+01
1.54720000e-06,4.75000000e+00,1.08625000e+01,5.56250000e-02,1.09851562e+01
1.54752000e-06,4.72187500e+00,1.06500000e+01,2.56250000e-02,1.09179688e+01
1.54784000e-06,4.74687500e+00,1.08500000e+01,-1.87500000e-03,1.09843750e+01
1.54816000e-06,4.90000000e+00,1.08375000e+01,2.06250000e-02,1.10375000e+01
1.54848000e-06,4.83437500e+00,1.08250000e+01,2.06250000e-02,1.10179687e+01
1.54880000e-06,4.76250000e+00,1.08750000e+01,2.56250000e-02,1.10445313e+01
1.54912000e-06,4.92500000e+00,1.08375000e+01,4.31250000e-02,1.10625000e+01
1.54944000e-06,4.84687500e+00,1.06750000e+01,4.06250000e-02,1.09148437e+01
1.54976000e-06,4.65937500e+00,1.08375000e+01,2.81250000e-02,1.08695312e+01
1.55008000e-06,4.69375000e+00,1.09000000e+01,2.31250000e-02,1.08875000e+01
1.55040000e-06,4.66875000e+00,1.08250000e+01,2.06250000e-02,1.09515625e+01
1.55072000e-06,4.75000000e+00,1.07000000e+01,1.06250000e-02,1.09164062e+01
1.55104000e-06,4.85937500e+00,1.08500000e+01,2.56250000e-02,1.09843750e+01
1.55136000e-06,4.79687500e+00,1.08250000e+01,2.56250000e-02,1.10773438e+01
1.55168000e-06,4.73125000e+00,1.07000000e+01,4.81250000e-02,1.10992188e+01
1.55200000e-06,4.73437500e+00,1.08375000e+01,3.06250000e-02,1.10453125e+01
1.55232000e-06,4.82500000e+00,1.08125000e+01,8.12500000e-03,1.09742187e+01
1.55264000e-06,4.66562500e+00,1.07750000e+01,3.31250000e-02,1.09695312e+01
1.55296000e-06,4.83750000e+00,1.08375000e+01,3.56250000e-02,1.09859375e+01
1.55328000e-06,4.91250000e+00,1.07625000e+01,1.56250000e-02,1.10382813e+01
1.55360000e-06,4.65625000e+00,1.08250000e+01,5.56250000e-02,1.10148438e+01
1.55392000e-06,4.78750000e+00,1.06375000e+01,3.06250000e-02,1.10132813e+01
1.55424000e-06,4.81250000e+00,1.07875000e+01,-4.37500000e-03,1.10898438e+01
1.55456000e-06,4.83750000e+00,1.07875000e+01,3.12500000e-03,1.10750000e+01
1.55488000e-06,4.82500000e+00,1.08125000e+01,2.56250000e-02,1.10468750e+01
1.55520000e-06,4.90000000e+00,1.06500000e+01,1.56250000e-02,1.10937500e+01
1.55552000e-06,4.90000000e+00,1.07750000e+01,3.12500000e-03,1.10507812e+01
1.55584000e-06,4.71875000e+00,1.07750000e+01,1.06250000e-02,1.09882812e+01
1.55616000e-06,4.76250000e+00,1.08750000e+01,2.56250000e-02,1.10367188e+01
1.55648000e-06,4.90000000e+00,1.07750000e+01,5.31250000e-02,1.10210938e+01
1.55680000e-06,4.77187500e+00,1.08375000e+01,1.81250000e-02,1.10007812e+01
1.55712000e-06,4.81250000e+00,1.08375000e+01,1.56250000e-02,1.10257812e+01
1.55744000e-06,4.78750000e+00,1.08375000e+01,3.31250000e-02,1.09796875e+01
1.55776000e-06,4.67187500e+00,1.08875000e+01,2.56250000e-02,1.09382812e+01
1.55808000e-06,4.77500000e+00,1.06750000e+01,1.56250000e-02,1.09140625e+01
1.55840000e-06,4.71875000e+00,1.08750000e+01,-1.87500000e-03,1.09179688e+01
1.55872000e-06,4.54375000e+00,1.08750000e+01,2.81250000e-02,1.09023438e+01
1.55904000e-06,4.70937500e+00,1.07875000e+01,2.31250000e-02,1.09242187e+01
1.55936000e-06,4.71562500e+00,1.07125000e+01,8.12500000e-03,1.09414062e+01
1.55968000e-06,4.62812500e+00,1.09500000e+01,1.06250000e-02,1.09281250e+01
1.56000000e-06,4.60625000e+00,1.07750000e+01,1.56250000e-02,1.09062500e+01
1.56032000e-06,4.82187500e+00,1.08750000e+01,3.31250000e-02,1.09046875e+01
1.56064000e-06,4.78437500e+00,1.08250000e+01,2.81250000e-02,1.10187500e+01
1.56096000e-06,4.87187500e+00,1.07750000e+01,3.12500000e-03,1.10421875e+01
1.56128000e-06,4.82500000e+00,1.06062500e+01,3.81250000e-02,1.10265625e+01
1.56160000e-06,4.80000000e+00,1.05062500e+01,4.81250000e-02,1.10414062e+01
1.56192000e-06,4.85000000e+00,1.08625000e+01,1.56250000e-02,1.10976562e+01
1.56224000e-06,4.78437500e+00,1.08093750e+01,3.06250000e-02,1.10132813e+01
1.56256000e-06,4.66875000e+00,1.07968750e+01,1.56250000e-02,1.09265625e+01
1.56288000e-06,4.76250000e+00,1.07468750e+01,3.12500000e-03,1.09875000e+01
1.56320000e-06,4.75625000e+00,1.08125000e+01,4.31250000e-02,1.10062500e+01
1.56352000e-06,4.72812500e+00,1.09250000e+01,3.31250000e-02,1.09593750e+01
1.56384000e-06,4.72187500e+00,1.08750000e+01,3.81250000e-02,1.09078125e+01
1.56416000e-06,4.88437500e+00,1.08625000e+01,1.06250000e-02,1.08804687e+01
1.56448000e-06,4.78437500e+00,1.08375000e+01,4.06250000e-02,1.09750000e+01
1.56480000e-06,4.82500000e+00,1.08000000e+01,6.25000000e-04,1.10664062e+01
1.56512000e-06,4.82500000e+00,1.10000000e+01,1.31250000e-02,1.09312500e+01
1.56544000e-06,4.65937500e+00,1.07500000e+01,2.31250000e-02,1.08812500e+01
1.56576000e-06,4.76250000e+00,1.07500000e+01,2.06250000e-02,1.09531250e+01
1.56608000e-06,4.98750000e+00,1.07375000e+01,1.81250000e-02,1.08609375e+01
1.56640000e-06,4.82500000e+00,1.07875000e+01,3.06250000e-02,1.08710938e+01
1.56672000e-06,4.82500000e+00,1.09125000e+01,3.31250000e-02,1.09562500e+01
1.56704000e-06,4.74687500e+00,1.08500000e+01,5.62500000e-03,1.10539063e+01
1.56736000e-06,4.68437500e+00,1.07375000e+01,1.81250000e-02,1.10226563e+01
1.56768000e-06,4.82500000e+00,1.07625000e+01,2.06250000e-02,1.10757813e+01
1.56800000e-06,4.71562500e+00,1.08250000e+01,3.06250000e-02,1.10742188e+01
1.56832000e-06,4.61875000e+00,1.08750000e+01,-1.18750000e-02,1.09632812e+01
1.56864000e-06,4.68125000e+00,1.07250000e+01,3.81250000e-02,1.09289063e+01
1.56896000e-06,4.67812500e+00,1.09625000e+01,2.56250000e-02,1.09242187e+01
1.56928000e-06,4.71875000e+00,1.07875000e+01,-4.37500000e-03,1.08742188e+01
1.56960000e-06,4.72812500e+00,1.07375000e+01,3.31250000e-02,1.09171875e+01
1.56992000e-06,4.73125000e+00,1.08000000e+01,6.25000000e-04,1.08820313e+01
1.57024000e-06,4.83750000e+00,1.07750000e+01,3.12500000e-03,1.08906250e+01
1.57056000e-06,4.84687500e+00,1.07625000e+01,1.56250000e-02,1.09218750e+01
1.57088000e-06,4.80000000e+00,1.08125000e+01,3.81250000e-02,1.08695312e+01
1.57120000e-06,4.78750000e+00,1.08375000e+01,3.81250000e-02,1.09445313e+01
1.57152000e-06,4.82187500e+00,1.07750000e+01,2.31250000e-02,1.09023438e+01
1.57184000e-06,4.64375000e+00,1.07625000e+01,3.56250000e-02,1.08851562e+01
1.57216000e-06,4.78437500e+00,1.07250000e+01,1.56250000e-02,1.08992187e+01
1.57248000e-06,4.73125000e+00,1.08125000e+01,1.81250000e-02,1.09625000e+01
1.57280000e-06,4.78437500e+00,1.08375000e+01,3.56250000e-02,1.10398437e+01
1.57312000e-06,4.87187500e+00,1.08125000e+01,3.31250000e-02,1.10046875e+01
1.57344000e-06,4.69375000e+00,1.07500000e+01,-4.37500000e-03,1.09437500e+01
1.57376000e-06,4.78750000e+00,1.08625000e+01,2.06250000e-02,1.09062500e+01
1.57408000e-06,4.86250000e+00,1.08250000e+01,2.31250000e-02,1.09414062e+01
1.57440000e-06,4.81875000e+00,1.08000000e+01,-1.18750000e-02,1.09085937e+01
1.57472000e-06,4.68125000e+00,1.08125000e+01,5.31250000e-02,1.10554687e+01
1.57504000e-06,4.77187500e+00,1.07375000e+01,3.81250000e-02,1.10648437e+01
1.57536000e-06,4.71875000e+00,1.06875000e+01,-1.87500000e-03,1.09359375e+01
1.57568000e-06,4.76875000e+00,1.07000000e+01,2.56250000e-02,1.09335938e+01
1.57600000e-06,4.65625000e+00,1.07875000e+01,1.31250000e-02,1.09648438e+01
1.57632000e-06,4.86250000e+00,1.08000000e+01,2.31250000e-02,1.09890625e+01
1.57664000e-06,4.82187500e+00,1.07750000e+01,2.56250000e-02,1.09382812e+01
1.57696000e-06,4.73125000e+00,1.08375000e+01,2.56250000e-02,1.09078125e+01
1.57728000e-06,4.77500000e+00,1.07750000e+01,2.56250000e-02,1.09242187e+01
1.57760000e-06,4.91250000e+00,1.07375000e+01,1.31250000e-02,1.09953125e+01
1.57792000e-06,4.80937500e+00,1.08500000e+01,4.31250000e-02,1.09015625e+01
1.57824000e-06,4.81250000e+00,1.06750000e+01,8.12500000e-03,1.08210937e+01
1.57856000e-06,4.75937500e+00,1.08125000e+01,2.06250000e-02,1.09132813e+01
1.57888000e-06,4.77500000e+00,1.07000000e+01,3.06250000e-02,1.09687500e+01
1.57920000e-06,4.70625000e+00,1.08000000e+01,2.81250000e-02,1.09078125e+01
1.57952000e-06,4.83437500e+00,1.06250000e+01,1.06250000e-02,1.09031250e+01
1.57984000e-06,4.83750000e+00,1.07250000e+01,2.06250000e-02,1.09601563e+01
1.58016000e-06,4.82187500e+00,1.08000000e+01,-1.43750000e-02,1.09320312e+01
1.58048000e-06,4.63125000e+00,1.09125000e+01,8.12500000e-03,1.09398437e+01
1.58080000e-06,4.75000000e+00,1.08625000e+01,6.06250000e-02,1.10203125e+01
1.58112000e-06,4.65625000e+00,1.08125000e+01,3.81250000e-02,1.09757813e+01
1.58144000e-06,4.69062500e+00,1.07750000e+01,-4.37500000e-03,1.09835938e+01
1.58176000e-06,4.69687500e+00,1.07625000e+01,-1.18750000e-02,1.09484375e+01
1.58208000e-06,4.79687500e+00,1.07750000e+01,2.81250000e-02,1.09289063e+01
1.58240000e-06,4.79375000e+00,1.06750000e+01,2.31250000e-02,1.09328125e+01
1.58272000e-06,4.73437500e+00,1.07875000e+01,-6.87500000e-03,1.09750000e+01
1.58304000e-06,4.76250000e+00,1.07875000e+01,3.06250000e-02,1.10328125e+01
1.58336000e-06,4.75625000e+00,1.06500000e+01,4.56250000e-02,1.09960938e+01
1.58368000e-06,4.70625000e+00,1.07125000e+01,3.06250000e-02,1.08859375e+01
1.58400000e-06,4.69687500e+00,1.07375000e+01,-1.87500000e-03,1.09187500e+01
1.58432000e-06,4.78437500e+00,1.08000000e+01,1.31250000e-02,1.10109375e+01
1.58464000e-06,4.84687500e+00,1.08375000e+01,2.31250000e-02,1.10460938e+01
1.58496000e-06,4.86250000e+00,1.08125000e+01,6.25000000e-04,1.10164062e+01
1.58528000e-06,4.74687500e+00,1.06750000e+01,6.25000000e-04,1.09804688e+01
1.58560000e-06,4.69687500e+00,1.07625000e+01,5.62500000e-03,1.09773437e+01
1.58592000e-06,4.81250000e+00,1.08250000e+01,2.81250000e-02,1.09531250e+01
1.58624000e-06,4.80937500e+00,1.07625000e+01,3.12500000e-03,1.09242187e+01
1.58656000e-06,4.75000000e+00,1.08625000e+01,4.06250000e-02,1.09156250e+01
1.58688000e-06,4.85000000e+00,1.08750000e+01,2.31250000e-02,1.08820313e+01
1.58720000e-06,4.74687500e+00,1.07375000e+01,2.56250000e-02,1.08953125e+01
1.58752000e-06,4.72187500e+00,1.07125000e+01,4.81250000e-02,1.09109375e+01
1.58784000e-06,4.74687500e+00,1.07000000e+01,8.12500000e-03,1.09617187e+01
1.58816000e-06,4.69375000e+00,1.08750000e+01,1.31250000e-02,1.10460938e+01
1.58848000e-06,4.75000000e+00,1.08375000e+01,5.62500000e-03,1.10125000e+01
1.58880000e-06,4.78437500e+00,1.08125000e+01,2.81250000e-02,1.09804688e+01
1.58912000e-06,4.73125000e+00,1.09000000e+01,1.81250000e-02,1.09406250e+01
1.58944000e-06,4.80000000e+00,1.08250000e+01,3.31250000e-02,1.08601562e+01
1.58976000e-06,4.73437500e+00,1.07125000e+01,3.56250000e-02,1.09335938e+01
1.59008000e-06,4.83437500e+00,1.07000000e+01,4.56250000e-02,1.09226562e+01
1.59040000e-06,4.65625000e+00,1.07750000e+01,6.25000000e-04,1.09398437e+01
1.59072000e-06,4.60625000e+00,1.06625000e+01,-1.68750000e-02,1.08992187e+01
1.59104000e-06,4.78437500e+00,1.06875000e+01,1.81250000e-02,1.08781250e+01
1.59136000e-06,4.72812500e+00,1.09125000e+01,2.06250000e-02,1.09093750e+01
1.59168000e-06,4.74687500e+00,1.08500000e+01,-6.87500000e-03,1.09406250e+01
1.59200000e-06,4.84687500e+00,1.07125000e+01,2.56250000e-02,1.09945312e+01
1.59232000e-06,4.71875000e+00,1.07875000e+01,3.81250000e-02,1.09789062e+01
1.59264000e-06,4.82500000e+00,1.07250000e+01,2.56250000e-02,1.09039062e+01
1.59296000e-06,4.73125000e+00,1.06875000e+01,6.25000000e-04,1.09375000e+01
1.59328000e-06,4.66875000e+00,1.07875000e+01,2.06250000e-02,1.09664062e+01
1.59360000e-06,4.72187500e+00,1.07875000e+01,3.56250000e-02,1.09046875e+01
1.59392000e-06,4.75937500e+00,1.07750000e+01,4.56250000e-02,1.08593750e+01
1.59424000e-06,4.85937500e+00,1.06250000e+01,8.12500000e-03,1.08140625e+01
1.59456000e-06,5.03750000e+00,1.07875000e+01,2.06250000e-02,1.08742188e+01
1.59488000e-06,4.74687500e+00,1.07500000e+01,5.62500000e-03,1.09007812e+01
1.59520000e-06,4.71875000e+00,1.07625000e+01,8.12500000e-03,1.08851562e+01
1.59552000e-06,4.65625000e+00,1.08000000e+01,1.81250000e-02,1.09687500e+01
1.59584000e-06,4.74687500e+00,1.09250000e+01,1.06250000e-02,1.08460937e+01
1.59616000e-06,4.74687500e+00,1.08500000e+01,2.06250000e-02,1.08031250e+01
1.59648000e-06,4.80937500e+00,1.08125000e+01,1.81250000e-02,1.08109375e+01
1.59680000e-06,4.87500000e+00,1.07625000e+01,6.25000000e-04,1.08984375e+01
1.59712000e-06,4.83750000e+00,1.07125000e+01,-1.43750000e-02,1.09656250e+01
1.59744000e-06,4.77500000e+00,1.06500000e+01,1.31250000e-02,1.09679688e+01
1.59776000e-06,4.81250000e+00,1.08375000e+01,1.06250000e-02,1.09781250e+01
1.59808000e-06,4.73437500e+00,1.09250000e+01,1.06250000e-02,1.09757813e+01
1.59840000e-06,4.81250000e+00,1.09000000e+01,3.31250000e-02,1.09085937e+01
1.59872000e-06,4.85000000e+00,1.07000000e+01,2.81250000e-02,1.09023438e+01
1.59904000e-06,4.82500000e+00,1.07500000e+01,1.56250000e-02,1.09531250e+01
1.59936000e-06,4.71875000e+00,1.07125000e+01,3.31250000e-02,1.09875000e+01
1.59968000e-06,4.67187500e+00,1.09000000e+01,2.06250000e-02,1.09601563e+01
1.60000000e-06,4.83437500e+00,1.08000000e+01,2.31250000e-02,1.08500000e+01
1.60032000e-06,4.57812500e+00,1.06750000e+01,3.81250000e-02,1.08304687e+01
1.60064000e-06,4.80000000e+00,1.07625000e+01,3.81250000e-02,1.09273437e+01
1.60096000e-06,4.85937500e+00,1.08875000e+01,8.12500000e-03,1.09265625e+01
1.60128000e-06,4.71562500e+00,1.07625000e+01,8.12500000e-03,1.08882812e+01
1.60160000e-06,4.72187500e+00,1.07750000e+01,-9.37500000e-03,1.09023438e+01
1.60192000e-06,4.81250000e+00,1.07750000e+01,-1.87500000e-03,1.09156250e+01
1.60224000e-06,4.76875000e+00,1.08125000e+01,4.31250000e-02,1.09296875e+01
1.60256000e-06,4.76250000e+00,1.09250000e+01,1.81250000e-02,1.09359375e+01
1.60288000e-06,4.80937500e+00,1.07250000e+01,1.06250000e-02,1.09632812e+01
1.60320000e-06,4.69375000e+00,1.06875000e+01,1.06250000e-02,1.10078125e+01
1.60352000e-06,4.83750000e+00,1.07750000e+01,2.56250000e-02,1.09914063e+01
1.60384000e-06,4.77187500e+00,1.07125000e+01,3.81250000e-02,1.10296875e+01
1.60416000e-06,4.83750000e+00,1.08875000e+01,3.31250000e-02,1.10289063e+01
1.60448000e-06,4.80000000e+00,1.08125000e+01,1.56250000e-02,1.10187500e+01
1.60480000e-06,4.75000000e+00,1.07000000e+01,3.12500000e-03,1.09921875e+01
1.60512000e-06,4.81250000e+00,1.06750000e+01,1.81250000e-02,1.10757813e+01
1.60544000e-06,4.86250000e+00,1.08875000e+01,3.56250000e-02,1.10203125e+01
1.60576000e-06,4.78750000e+00,1.08250000e+01,4.06250000e-02,1.09367188e+01
1.60608000e-06,4.77500000e+00,1.08625000e+01,3.31250000e-02,1.09757813e+01
1.60640000e-06,4.82500000e+00,1.07500000e+01,2.06250000e-02,1.09742187e+01
1.60672000e-06,4.75937500e+00,1.06750000e+01,4.56250000e-02,1.09632812e+01
1.60704000e-06,4.73437500e+00,1.07125000e+01,1.81250000e-02,1.09820312e+01
1.60736000e-06,4.85000000e+00,1.08125000e+01,1.31250000e-02,1.09406250e+01
1.60768000e-06,4.72812500e+00,1.07875000e+01,2.81250000e-02,1.09398437e+01
1.60800000e-06,4.81250000e+00,1.07875000e+01,3.12500000e-03,1.10117188e+01
1.60832000e-06,4.88750000e+00,1.07125000e+01,8.12500000e-03,1.09953125e+01
1.60864000e-06,4.80937500e+00,1.07500000e+01,2.31250000e-02,1.09421875e+01
1.60896000e-06,4.75000000e+00,1.09125000e+01,5.06250000e-02,1.09296875e+01
1.60928000e-06,4.77500000e+00,1.07125000e+01,2.56250000e-02,1.09492188e+01
1.60960000e-06,4.82500000e+00,1.06750000e+01,3.12500000e-03,1.09671875e+01
1.60992000e-06,4.85000000e+00,1.07125000e+01,1.06250000e-02,1.08742188e+01
1.61024000e-06,4.90000000e+00,1.07500000e+01,2.56250000e-02,1.09093750e+01
1.61056000e-06,4.85000000e+00,1.08625000e+01,1.81250000e-02,1.09562500e+01
1.61088000e-06,4.81250000e+00,1.07375000e+01,2.31250000e-02,1.09320312e+01
1.61120000e-06,4.69687500e+00,1.07750000e+01,3.12500000e-03,1.09406250e+01
1.61152000e-06,4.76250000e+00,1.07375000e+01,1.31250000e-02,1.09429687e+01
1.61184000e-06,4.74687500e+00,1.08000000e+01,3.06250000e-02,1.09429687e+01
1.61216000e-06,4.67187500e+00,1.07625000e+01,5.62500000e-03,1.09484375e+01
1.61248000e-06,4.81250000e+00,1.08875000e+01,6.25000000e-04,1.09984375e+01
1.61280000e-06,4.83437500e+00,1.07250000e+01,-4.37500000e-03,1.10093750e+01
1.61312000e-06,4.73125000e+00,1.07750000e+01,1.06250000e-02,1.09125000e+01
1.61344000e-06,4.70937500e+00,1.08250000e+01,2.81250000e-02,1.09632812e+01
1.61376000e-06,4.79687500e+00,1.08500000e+01,3.56250000e-02,1.09710937e+01
1.61408000e-06,4.66875000e+00,1.07375000e+01,3.56250000e-02,1.08609375e+01
1.61440000e-06,4.74687500e+00,1.08250000e+01,1.06250000e-02,1.09320312e+01
1.61472000e-06,4.77187500e+00,1.07750000e+01,1.31250000e-02,1.09320312e+01
1.61504000e-06,4.86250000e+00,1.08875000e+01,8.12500000e-03,1.08781250e+01
1.61536000e-06,4.80625000e+00,1.06875000e+01,3.56250000e-02,1.09312500e+01
1.61568000e-06,4.68125000e+00,1.07375000e+01,3.56250000e-02,1.10484375e+01
1.61600000e-06,4.75000000e+00,1.06750000e+01,3.31250000e-02,1.09562500e+01
1.61632000e-06,4.80937500e+00,1.07875000e+01,1.31250000e-02,1.09265625e+01
1.61664000e-06,4.82187500e+00,1.08500000e+01,1.31250000e-02,1.09500000e+01
1.61696000e-06,4.71875000e+00,1.08750000e+01,1.06250000e-02,1.09054688e+01
1.61728000e-06,4.78750000e+00,1.08125000e+01,1.06250000e-02,1.09226562e+01
1.61760000e-06,4.77187500e+00,1.07125000e+01,1.81250000e-02,1.09554687e+01
1.61792000e-06,4.60312500e+00,1.07750000e+01,2.81250000e-02,1.09687500e+01
1.61824000e-06,4.72187500e+00,1.09750000e+01,5.06250000e-02,1.09328125e+01
1.61856000e-06,4.77187500e+00,1.08500000e+01,3.56250000e-02,1.09414062e+01
1.61888000e-06,4.82187500e+00,1.07125000e+01,3.06250000e-02,1.09851562e+01
1.61920000e-06,4.73125000e+00,1.07375000e+01,3.81250000e-02,1.09312500e+01
1.61952000e-06,4.65937500e+00,1.08875000e+01,2.56250000e-02,1.09460937e+01
1.61984000e-06,4.82500000e+00,1.07500000e+01,8.12500000e-03,1.09117187e+01
1.62016000e-06,4.85937500e+00,1.08875000e+01,3.06250000e-02,1.09203125e+01
1.62048000e-06,4.85937500e+00,1.07875000e+01,1.81250000e-02,1.09140625e+01
1.62080000e-06,4.69687500e+00,1.08375000e+01,3.31250000e-02,1.09289063e+01
1.62112000e-06,4.86250000e+00,1.08125000e+01,3.06250000e-02,1.09664062e+01
1.62144000e-06,4.65312500e+00,1.07750000e+01,2.31250000e-02,1.09359375e+01
1.62176000e-06,4.77500000e+00,1.07375000e+01,2.06250000e-02,1.08515625e+01
1.62208000e-06,4.66875000e+00,1.07625000e+01,3.06250000e-02,1.08656250e+01
1.62240000e-06,4.74687500e+00,1.07250000e+01,1.56250000e-02,1.09882812e+01
1.62272000e-06,4.80000000e+00,1.07125000e+01,4.06250000e-02,1.09648438e+01
1.62304000e-06,4.70312500e+00,1.06375000e+01,3.06250000e-02,1.09773437e+01
1.62336000e-06,4.69375000e+00,1.07375000e+01,4.06250000e-02,1.09257812e+01
1.62368000e-06,4.68437500e+00,1.07875000e+01,5.62500000e-03,1.09593750e+01
1.62400000e-06,4.74375000e+00,1.07500000e+01,8.12500000e-03,1.09796875e+01
1.62432000e-06,4.57812500e+00,1.08000000e+01,2.56250000e-02,1.10156250e+01
1.62464000e-06,4.80000000e+00,1.06750000e+01,6.31250000e-02,1.09875000e+01
1.62496000e-06,4.76875000e+00,1.07250000e+01,3.81250000e-02,1.09648438e+01
1.62528000e-06,4.74687500e+00,1.09000000e+01,4.56250000e-02,1.09585937e+01
1.62560000e-06,4.74687500e+00,1.07500000e+01,4.81250000e-02,1.09570312e+01
1.62592000e-06,4.77187500e+00,1.06500000e+01,2.31250000e-02,1.08968750e+01
1.62624000e-06,4.93750000e+00,1.07750000e+01,3.31250000e-02,1.08765625e+01
1.62656000e-06,4.65312500e+00,1.07375000e+01,1.31250000e-02,1.08640625e+01
1.62688000e-06,4.78750000e+00,1.07875000e+01,4.06250000e-02,1.09460937e+01
1.62720000e-06,4.88750000e+00,1.07750000e+01,2.31250000e-02,1.09328125e+01
1.62752000e-06,4.78437500e+00,1.06500000e+01,4.81250000e-02,1.09085937e+01
1.62784000e-06,4.75937500e+00,1.07875000e+01,-6.87500000e-03,1.09179688e+01
1.62816000e-06,4.75000000e+00,1.07250000e+01,-6.87500000e-03,1.08906250e+01
1.62848000e-06,4.87500000e+00,1.08500000e+01,2.06250000e-02,1.08445312e+01
1.62880000e-06,4.65312500e+00,1.07750000e+01,-4.37500000e-03,1.08671875e+01
1.62912000e-06,4.80000000e+00,1.06500000e+01,1.81250000e-02,1.09007812e+01
1.62944000e-06,4.82500000e+00,1.07125000e+01,2.56250000e-02,1.09218750e+01
1.62976000e-06,4.71562500e+00,1.06625000e+01,2.06250000e-02,1.09156250e+01
1.63008000e-06,4.68125000e+00,1.09250000e+01,1.81250000e-02,1.07710937e+01
1.63040000e-06,4.81250000e+00,1.08500000e+01,2.56250000e-02,1.08515625e+01
1.63072000e-06,4.74375000e+00,1.07875000e+01,2.06250000e-02,1.09015625e+01
1.63104000e-06,4.75937500e+00,1.08875000e+01,1.31250000e-02,1.08953125e+01
1.63136000e-06,4.80000000e+00,1.08250000e+01,3.56250000e-02,1.08843750e+01
1.63168000e-06,4.95937500e+00,1.07750000e+01,5.81250000e-02,1.09398437e+01
1.63200000e-06,4.87500000e+00,1.06625000e+01,3.31250000e-02,1.09390625e+01
1.63232000e-06,4.66875000e+00,1.07875000e+01,2.81250000e-02,1.08140625e+01
1.63264000e-06,4.80000000e+00,1.07500000e+01,5.62500000e-03,1.08062500e+01
1.63296000e-06,4.83750000e+00,1.07000000e+01,-1.87500000e-03,1.09234375e+01
1.63328000e-06,4.75625000e+00,1.07125000e+01,1.06250000e-02,1.09460937e+01
1.63360000e-06,4.75937500e+00,1.07625000e+01,4.56250000e-02,1.09000000e+01
1.63392000e-06,4.63125000e+00,1.07000000e+01,2.56250000e-02,1.09039062e+01
1.63424000e-06,4.66562500e+00,1.07125000e+01,3.06250000e-02,1.08195313e+01
1.63456000e-06,4.64375000e+00,1.08125000e+01,1.81250000e-02,1.08140625e+01
1.63488000e-06,4.69062500e+00,1.09125000e+01,4.81250000e-02,1.08125000e+01
1.63520000e-06,4.84687500e+00,1.07875000e+01,3.31250000e-02,1.08250000e+01
1.63552000e-06,4.83750000e+00,1.07750000e+01,2.81250000e-02,1.08695312e+01
1.63584000e-06,4.75625000e+00,1.06875000e+01,2.06250000e-02,1.09265625e+01
1.63616000e-06,4.75000000e+00,1.08500000e+01,1.31250000e-02,1.08625000e+01
1.63648000e-06,4.91250000e+00,1.07000000e+01,4.81250000e-02,1.08187500e+01
1.63680000e-06,4.79687500e+00,1.07875000e+01,4.31250000e-02,1.08500000e+01
1.63712000e-06,4.69687500e+00,1.07250000e+01,2.06250000e-02,1.08585938e+01
1.63744000e-06,4.86250000e+00,1.08375000e+01,1.31250000e-02,1.08296875e+01
1.63776000e-06,4.76250000e+00,1.07750000e+01,1.06250000e-02,1.08289062e+01
1.63808000e-06,4.81250000e+00,1.06875000e+01,3.06250000e-02,1.07828125e+01
1.63840000e-06,4.91250000e+00,1.08625000e+01,2.56250000e-02,1.08453125e+01
1.63872000e-06,4.73125000e+00,1.07500000e+01,3.06250000e-02,1.09343750e+01
1.63904000e-06,4.61875000e+00,1.07625000e+01,2.06250000e-02,1.08312500e+01
1.63936000e-06,4.70937500e+00,1.08750000e+01,3.31250000e-02,1.07867187e+01
1.63968000e-06,4.80937500e+00,1.08750000e+01,5.31250000e-02,1.08304687e+01
1.64000000e-06,4.75937500e+00,1.07250000e+01,2.56250000e-02,1.08898438e+01
1.64032000e-06,4.78437500e+00,1.07500000e+01,3.12500000e-03,1.08664063e+01
1.64064000e-06,4.76250000e+00,1.08250000e+01,3.06250000e-02,1.08843750e+01
1.64096000e-06,4.78437500e+00,1.07375000e+01,3.31250000e-02,1.09390625e+01
1.64128000e-06,4.65312500e+00,1.08000000e+01,3.31250000e-02,1.08820313e+01
1.64160000e-06,4.71875000e+00,1.07750000e+01,6.25000000e-04,1.08289062e+01
1.64192000e-06,4.64375000e+00,1.08375000e+01,1.06250000e-02,1.08085938e+01
1.64224000e-06,4.82187500e+00,1.07500000e+01,4.06250000e-02,1.08601562e+01
1.64256000e-06,4.73125000e+00,1.08125000e+01,2.81250000e-02,1.09125000e+01
1.64288000e-06,4.82500000e+00,1.08125000e+01,2.06250000e-02,1.08601562e+01
1.64320000e-06,4.77500000e+00,1.07250000e+01,3.31250000e-02,1.08765625e+01
1.64352000e-06,4.74687500e+00,1.07500000e+01,4.31250000e-02,1.09929687e+01
1.64384000e-06,4.71875000e+00,1.07250000e+01,1.31250000e-02,1.09703125e+01
1.64416000e-06,4.68125000e+00,1.07500000e+01,3.06250000e-02,1.08921875e+01
1.64448000e-06,4.82187500e+00,1.08125000e+01,4.56250000e-02,1.09000000e+01
1.64480000e-06,4.80625000e+00,1.07125000e+01,2.81250000e-02,1.09648438e+01
1.64512000e-06,4.71875000e+00,1.08250000e+01,-1.18750000e-02,1.09539062e+01
1.64544000e-06,4.85000000e+00,1.06500000e+01,1.81250000e-02,1.09710937e+01
1.64576000e-06,4.75625000e+00,1.07000000e+01,4.06250000e-02,1.09398437e+01
1.64608000e-06,4.68437500e+00,1.07375000e+01,3.56250000e-02,1.08570312e+01
1.64640000e-06,4.82500000e+00,1.07000000e+01,4.81250000e-02,1.08960937e+01
1.64672000e-06,4.84687500e+00,1.07375000e+01,2.31250000e-02,1.09640625e+01
1.64704000e-06,4.73437500e+00,1.08000000e+01,3.31250000e-02,1.08687500e+01
1.64736000e-06,4.75000000e+00,1.08000000e+01,2.06250000e-02,1.07921875e+01
1.64768000e-06,4.69375000e+00,1.07500000e+01,-1.43750000e-02,1.08609375e+01
1.64800000e-06,4.80000000e+00,1.07625000e+01,1.31250000e-02,1.09062500e+01
1.64832000e-06,4.82500000e+00,1.07375000e+01,4.81250000e-02,1.08781250e+01
1.64864000e-06,4.67812500e+00,1.07375000e+01,2.56250000e-02,1.08242188e+01
1.64896000e-06,4.71875000e+00,1.07875000e+01,2.06250000e-02,1.09460937e+01
1.64928000e-06,4.69375000e+00,1.06625000e+01,5.06250000e-02,1.10453125e+01
1.64960000e-06,4.66562500e+00,1.07250000e+01,1.31250000e-02,1.10515625e+01
1.64992000e-06,4.69375000e+00,1.06750000e+01,1.81250000e-02,1.09359375e+01
1.65024000e-06,4.82187500e+00,1.08375000e+01,1.06250000e-02,1.08726562e+01
1.65056000e-06,4.82187500e+00,1.08125000e+01,-4.37500000e-03,1.09164062e+01
1.65088000e-06,4.96250000e+00,1.07500000e+01,1.81250000e-02,1.09312500e+01
1.65120000e-06,4.75937500e+00,1.07875000e+01,1.81250000e-02,1.08882812e+01
1.65152000e-06,4.65937500e+00,1.08125000e+01,4.56250000e-02,1.09085937e+01
1.65184000e-06,4.90000000e+00,1.09000000e+01,6.31250000e-02,1.09187500e+01
1.65216000e-06,4.71562500e+00,1.06875000e+01,1.31250000e-02,1.09609375e+01
1.65248000e-06,4.58125000e+00,1.06500000e+01,4.81250000e-02,1.08976563e+01
1.65280000e-06,4.78750000e+00,1.08125000e+01,3.56250000e-02,1.09132813e+01
1.65312000e-06,4.83437500e+00,1.06500000e+01,2.56250000e-02,1.09320312e+01
1.65344000e-06,4.74687500e+00,1.07875000e+01,-4.37500000e-03,1.08382812e+01
1.65376000e-06,4.83750000e+00,1.06375000e+01,1.81250000e-02,1.08132812e+01
1.65408000e-06,4.68125000e+00,1.09625000e+01,2.81250000e-02,1.09078125e+01
1.65440000e-06,4.72187500e+00,1.07500000e+01,2.06250000e-02,1.09234375e+01
1.65472000e-06,4.82500000e+00,1.06625000e+01,4.06250000e-02,1.08671875e+01
1.65504000e-06,4.75937500e+00,1.08375000e+01,2.06250000e-02,1.09289063e+01
1.65536000e-06,4.66875000e+00,1.08375000e+01,3.31250000e-02,1.09468750e+01
1.65568000e-06,4.85000000e+00,1.07500000e+01,1.06250000e-02,1.09296875e+01
1.65600000e-06,4.73125000e+00,1.07375000e+01,2.06250000e-02,1.09242187e+01
1.65632000e-06,4.66562500e+00,1.06875000e+01,4.06250000e-02,1.09726562e+01
1.65664000e-06,4.75000000e+00,1.08375000e+01,3.31250000e-02,1.10187500e+01
1.65696000e-06,4.78437500e+00,1.07750000e+01,3.31250000e-02,1.08976563e+01
1.65728000e-06,4.73125000e+00,1.08000000e+01,5.06250000e-02,1.08398438e+01
1.65760000e-06,4.76250000e+00,1.08500000e+01,1.81250000e-02,1.08921875e+01
1.65792000e-06,4.83750000e+00,1.07000000e+01,1.06250000e-02,1.09109375e+01
1.65824000e-06,4.86250000e+00,1.08750000e+01,8.12500000e-03,1.09203125e+01
1.65856000e-06,4.79687500e+00,1.07750000e+01,5.56250000e-02,1.09367188e+01
1.65888000e-06,4.69375000e+00,1.08375000e+01,2.31250000e-02,1.09109375e+01
1.65920000e-06,4.78750000e+00,1.08875000e+01,2.81250000e-02,1.09242187e+01
1.65952000e-06,4.94687500e+00,1.07125000e+01,3.81250000e-02,1.09406250e+01
1.65984000e-06,4.84375000e+00,1.09250000e+01,2.06250000e-02,1.08914062e+01
1.66016000e-06,4.59375000e+00,1.07625000e+01,2.31250000e-02,1.08429688e+01
1.66048000e-06,4.69687500e+00,1.06875000e+01,1.06250000e-02,1.07968750e+01
1.66080000e-06,4.74375000e+00,1.06375000e+01,5.62500000e-03,1.08687500e+01
1.66112000e-06,4.66562500e+00,1.07625000e+01,2.31250000e-02,1.08789062e+01
1.66144000e-06,4.80000000e+00,1.06500000e+01,3.81250000e-02,1.08351563e+01
1.66176000e-06,4.74375000e+00,1.07625000e+01,3.81250000e-02,1.08468750e+01
1.66208000e-06,4.67812500e+00,1.07000000e+01,4.31250000e-02,1.08984375e+01
1.66240000e-06,4.56875000e+00,1.08000000e+01,6.25000000e-04,1.08554688e+01
1.66272000e-06,4.65625000e+00,1.07500000e+01,1.06250000e-02,1.08375000e+01
1.66304000e-06,4.89687500e+00,1.08875000e+01,2.06250000e-02,1.08335937e+01
1.66336000e-06,4.79687500e+00,1.08000000e+01,3.12500000e-03,1.07843750e+01
1.66368000e-06,4.78437500e+00,1.06000000e+01,2.56250000e-02,1.08648437e+01
1.66400000e-06,4.66875000e+00,1.07500000e+01,8.12500000e-03,1.08906250e+01
1.66432000e-06,4.81250000e+00,1.06750000e+01,2.56250000e-02,1.09109375e+01
1.66464000e-06,4.82187500e+00,1.08875000e+01,2.81250000e-02,1.08218750e+01
1.66496000e-06,4.79687500e+00,1.08625000e+01,-4.37500000e-03,1.07617188e+01
1.66528000e-06,4.80000000e+00,1.06125000e+01,5.31250000e-02,1.09257812e+01
1.66560000e-06,4.73437500e+00,1.08125000e+01,4.31250000e-02,1.10054688e+01
1.66592000e-06,4.90000000e+00,1.07500000e+01,3.56250000e-02,1.09484375e+01
1.66624000e-06,4.77500000e+00,1.08125000e+01,5.31250000e-02,1.08906250e+01
1.66656000e-06,4.87500000e+00,1.07250000e+01,1.06250000e-02,1.09679688e+01
1.66688000e-06,4.84687500e+00,1.07500000e+01,3.31250000e-02,1.09726562e+01
1.66720000e-06,4.64375000e+00,1.08500000e+01,4.31250000e-02,1.08500000e+01
1.66752000e-06,4.76250000e+00,1.07093750e+01,2.81250000e-02,1.08320312e+01
1.66784000e-06,4.75625000e+00,1.05812500e+01,1.81250000e-02,1.08179687e+01
1.66816000e-06,4.67812500e+00,1.08000000e+01,4.56250000e-02,1.08421875e+01
1.66848000e-06,4.85000000e+00,1.09125000e+01,-1.18750000e-02,1.09117187e+01
1.66880000e-06,4.70312500e+00,1.08625000e+01,2.06250000e-02,1.08578125e+01
1.66912000e-06,4.70625000e+00,1.06343750e+01,2.56250000e-02,1.08578125e+01
1.66944000e-06,4.81250000e+00,1.07125000e+01,3.31250000e-02,1.08632812e+01
1.66976000e-06,4.74687500e+00,1.08750000e+01,-1.87500000e-03,1.08898438e+01
1.67008000e-06,4.87500000e+00,1.08750000e+01,3.56250000e-02,1.08843750e+01
1.67040000e-06,4.65937500e+00,1.08375000e+01,3.06250000e-02,1.08734375e+01
1.67072000e-06,4.86250000e+00,1.08375000e+01,8.12500000e-03,1.08195313e+01
1.67104000e-06,4.83750000e+00,1.06250000e+01,5.62500000e-03,1.07773438e+01
1.67136000e-06,4.90000000e+00,1.08375000e+01,8.12500000e-03,1.08687500e+01
1.67168000e-06,4.82500000e+00,1.07625000e+01,2.56250000e-02,1.08710938e+01
1.67200000e-06,4.88437500e+00,1.07000000e+01,2.06250000e-02,1.09179688e+01
1.67232000e-06,4.66875000e+00,1.08000000e+01,2.31250000e-02,1.09437500e+01
1.67264000e-06,4.76250000e+00,1.07875000e+01,-1.18750000e-02,1.09335938e+01
1.67296000e-06,4.73125000e+00,1.06625000e+01,-4.37500000e-03,1.08492187e+01
1.67328000e-06,4.82187500e+00,1.08250000e+01,-1.93750000e-02,1.08156250e+01
1.67360000e-06,4.77187500e+00,1.07750000e+01,2.56250000e-02,1.08851562e+01
1.67392000e-06,4.73437500e+00,1.08000000e+01,6.31250000e-02,1.08335937e+01
1.67424000e-06,4.77187500e+00,1.07375000e+01,2.06250000e-02,1.08726562e+01
1.67456000e-06,4.65312500e+00,1.08875000e+01,4.81250000e-02,1.09359375e+01
1.67488000e-06,4.77500000e+00,1.07000000e+01,1.81250000e-02,1.09000000e+01
1.67520000e-06,4.93437500e+00,1.08375000e+01,3.06250000e-02,1.08593750e+01
1.67552000e-06,4.82187500e+00,1.07125000e+01,3.56250000e-02,1.08140625e+01
1.67584000e-06,4.64375000e+00,1.08500000e+01,3.81250000e-02,1.08187500e+01
1.67616000e-06,4.77500000e+00,1.09375000e+01,5.62500000e-03,1.07695312e+01
1.67648000e-06,4.73437500e+00,1.06625000e+01,3.06250000e-02,1.08234375e+01
1.67680000e-06,4.78437500e+00,1.07125000e+01,2.81250000e-02,1.08796875e+01
1.67712000e-06,4.76250000e+00,1.09250000e+01,3.56250000e-02,1.09171875e+01
1.67744000e-06,4.76250000e+00,1.07375000e+01,2.81250000e-02,1.09070312e+01
1.67776000e-06,4.78750000e+00,1.07750000e+01,2.31250000e-02,1.08445312e+01
1.67808000e-06,4.85000000e+00,1.08500000e+01,8.12500000e-03,1.09015625e+01
1.67840000e-06,4.68125000e+00,1.08875000e+01,2.56250000e-02,1.08789062e+01
1.67872000e-06,4.71875000e+00,1.07250000e+01,1.81250000e-02,1.09593750e+01
1.67904000e-06,4.70625000e+00,1.08000000e+01,3.81250000e-02,1.09812500e+01
1.67936000e-06,4.60312500e+00,1.07125000e+01,3.31250000e-02,1.09382812e+01
1.67968000e-06,4.68125000e+00,1.08000000e+01,1.31250000e-02,1.08984375e+01
1.68000000e-06,4.76875000e+00,1.07625000e+01,2.06250000e-02,1.08554688e+01
1.68032000e-06,4.62812500e+00,1.07875000e+01,1.81250000e-02,1.08500000e+01
1.68064000e-06,4.66875000e+00,1.08125000e+01,2.56250000e-02,1.08171875e+01
1.68096000e-06,4.68125000e+00,1.07500000e+01,8.12500000e-03,1.08804687e+01
1.68128000e-06,4.95937500e+00,1.06625000e+01,2.31250000e-02,1.09421875e+01
1.68160000e-06,4.79375000e+00,1.07875000e+01,8.12500000e-03,1.09031250e+01
1.68192000e-06,4.75000000e+00,1.07000000e+01,3.12500000e-03,1.08835937e+01
1.68224000e-06,4.70625000e+00,1.07500000e+01,3.81250000e-02,1.08882812e+01
1.68256000e-06,4.78437500e+00,1.07750000e+01,2.56250000e-02,1.09273437e+01
1.68288000e-06,4.85000000e+00,1.07375000e+01,2.06250000e-02,1.08781250e+01
1.68320000e-06,4.72812500e+00,1.07750000e+01,2.56250000e-02,1.09054688e+01
1.68352000e-06,4.65625000e+00,1.07875000e+01,4.81250000e-02,1.08484375e+01
1.68384000e-06,4.66875000e+00,1.07000000e+01,1.81250000e-02,1.07625000e+01
1.68416000e-06,4.84687500e+00,1.07250000e+01,2.06250000e-02,1.07789062e+01
1.68448000e-06,4.78437500e+00,1.07750000e+01,2.81250000e-02,1.07640625e+01
1.68480000e-06,4.78125000e+00,1.08000000e+01,8.12500000e-03,1.07554687e+01
1.68512000e-06,4.68125000e+00,1.07500000e+01,1.56250000e-02,1.09242187e+01
1.68544000e-06,4.83750000e+00,1.07750000e+01,2.56250000e-02,1.09773437e+01
1.68576000e-06,4.93437500e+00,1.07750000e+01,4.06250000e-02,1.09320312e+01
1.68608000e-06,4.78125000e+00,1.07625000e+01,3.56250000e-02,1.08859375e+01
1.68640000e-06,4.64375000e+00,1.08000000e+01,8.12500000e-03,1.08281250e+01
1.68672000e-06,4.77500000e+00,1.07000000e+01,1.56250000e-02,1.08960937e+01
1.68704000e-06,4.79687500e+00,1.07375000e+01,1.81250000e-02,1.09351562e+01
1.68736000e-06,4.74375000e+00,1.07250000e+01,4.06250000e-02,1.08914062e+01
1.68768000e-06,4.75000000e+00,1.07500000e+01,5.06250000e-02,1.08437500e+01
1.68800000e-06,4.76250000e+00,1.07375000e+01,8.12500000e-03,1.08367187e+01
1.68832000e-06,4.70312500e+00,1.08875000e+01,2.56250000e-02,1.08750000e+01
1.68864000e-06,4.68125000e+00,1.07375000e+01,1.81250000e-02,1.09367188e+01
1.68896000e-06,4.70937500e+00,1.06750000e+01,1.56250000e-02,1.09468750e+01
1.68928000e-06,4.85937500e+00,1.07250000e+01,3.06250000e-02,1.09171875e+01
1.68960000e-06,4.70312500e+00,1.06375000e+01,1.31250000e-02,1.09695312e+01
1.68992000e-06,4.70625000e+00,1.08250000e+01,3.12500000e-03,1.09484375e+01
1.69024000e-06,4.72187500e+00,1.08375000e+01,1.06250000e-02,1.09429687e+01
1.69056000e-06,4.78125000e+00,1.08500000e+01,4.06250000e-02,1.08460937e+01
1.69088000e-06,4.70312500e+00,1.07000000e+01,3.56250000e-02,1.08289062e+01
1.69120000e-06,4.69375000e+00,1.06875000e+01,3.31250000e-02,1.08703125e+01
1.69152000e-06,4.73125000e+00,1.08375000e+01,1.06250000e-02,1.08664063e+01
1.69184000e-06,4.88437500e+00,1.08968750e+01,2.81250000e-02,1.09351562e+01
1.69216000e-06,4.78437500e+00,1.05687500e+01,4.81250000e-02,1.09500000e+01
1.69248000e-06,4.87500000e+00,1.07000000e+01,4.31250000e-02,1.09039062e+01
1.69280000e-06,4.92500000e+00,1.06875000e+01,-1.87500000e-03,1.08781250e+01
1.69312000e-06,4.71875000e+00,1.06875000e+01,3.31250000e-02,1.08468750e+01
1.69344000e-06,4.68125000e+00,1.07093750e+01,3.06250000e-02,1.08187500e+01
1.69376000e-06,4.66875000e+00,1.07625000e+01,6.25000000e-04,1.08695312e+01
1.69408000e-06,4.74687500e+00,1.07125000e+01,-9.37500000e-03,1.08890625e+01
1.69440000e-06,4.87187500e+00,1.07875000e+01,8.12500000e-03,1.08023437e+01
1.69472000e-06,4.71562500e+00,1.07000000e+01,3.81250000e-02,1.07984375e+01
1.69504000e-06,4.61875000e+00,1.07875000e+01,3.12500000e-03,1.08375000e+01
1.69536000e-06,4.80000000e+00,1.06750000e+01,1.06250000e-02,1.09078125e+01
1.69568000e-06,4.69062500e+00,1.08250000e+01,1.31250000e-02,1.08789062e+01
1.69600000e-06,4.70625000e+00,1.07000000e+01,1.31250000e-02,1.08281250e+01
1.69632000e-06,4.81250000e+00,1.09125000e+01,3.06250000e-02,1.08546875e+01
1.69664000e-06,4.89687500e+00,1.06500000e+01,1.81250000e-02,1.08117188e+01
1.69696000e-06,4.88437500e+00,1.07250000e+01,3.06250000e-02,1.08796875e+01
1.69728000e-06,4.70937500e+00,1.06875000e+01,4.81250000e-02,1.08468750e+01
1.69760000e-06,4.80000000e+00,1.08000000e+01,1.81250000e-02,1.08148437e+01
1.69792000e-06,4.79687500e+00,1.08000000e+01,6.25000000e-04,1.09156250e+01
1.69824000e-06,4.85000000e+00,1.07375000e+01,3.31250000e-02,1.09015625e+01
1.69856000e-06,4.71875000e+00,1.07250000e+01,3.31250000e-02,1.08140625e+01
1.69888000e-06,4.69687500e+00,1.07250000e+01,1.31250000e-02,1.08328125e+01
1.69920000e-06,4.96250000e+00,1.07375000e+01,1.81250000e-02,1.08570312e+01
1.69952000e-06,4.80625000e+00,1.07250000e+01,4.31250000e-02,1.09000000e+01
1.69984000e-06,4.64375000e+00,1.06625000e+01,2.81250000e-02,1.08851562e+01
1.70016000e-06,4.73125000e+00,1.07250000e+01,2.56250000e-02,1.08601562e+01
1.70048000e-06,4.70312500e+00,1.07500000e+01,1.81250000e-02,1.08312500e+01
1.70080000e-06,4.59062500e+00,1.07875000e+01,1.31250000e-02,1.08523437e+01
1.70112000e-06,4.63125000e+00,1.07250000e+01,2.06250000e-02,1.08640625e+01
1.70144000e-06,4.78437500e+00,1.06875000e+01,2.81250000e-02,1.08484375e+01
1.70176000e-06,4.74375000e+00,1.06750000e+01,5.62500000e-03,1.08734375e+01
1.70208000e-06,4.78750000e+00,1.08125000e+01,1.81250000e-02,1.09125000e+01
1.70240000e-06,4.69375000e+00,1.06375000e+01,3.06250000e-02,1.08429688e+01
1.70272000e-06,4.68125000e+00,1.08750000e+01,1.56250000e-02,1.08398438e+01
1.70304000e-06,4.88437500e+00,1.08000000e+01,2.31250000e-02,1.08867188e+01
1.70336000e-06,4.64062500e+00,1.07875000e+01,2.56250000e-02,1.08125000e+01
1.70368000e-06,4.73437500e+00,1.06625000e+01,3.81250000e-02,1.08781250e+01
1.70400000e-06,4.80937500e+00,1.07000000e+01,3.81250000e-02,1.09132813e+01
1.70432000e-06,4.79375000e+00,1.06875000e+01,8.12500000e-03,1.08703125e+01
1.70464000e-06,4.73437500e+00,1.08375000e+01,6.25000000e-04,1.09937500e+01
1.70496000e-06,4.86250000e+00,1.07375000e+01,1.06250000e-02,1.10460938e+01
1.70528000e-06,4.61562500e+00,1.07125000e+01,1.56250000e-02,1.09242187e+01
1.70560000e-06,4.65937500e+00,1.07750000e+01,1.31250000e-02,1.07976562e+01
1.70592000e-06,4.85000000e+00,1.07250000e+01,2.06250000e-02,1.08500000e+01
1.70624000e-06,4.69062500e+00,1.07875000e+01,5.62500000e-03,1.08945312e+01
1.70656000e-06,4.60625000e+00,1.07750000e+01,1.06250000e-02,1.08945312e+01
1.70688000e-06,4.73437500e+00,1.08500000e+01,5.62500000e-03,1.08726562e+01
1.70720000e-06,4.79375000e+00,1.06812500e+01,2.31250000e-02,1.07679687e+01
1.70752000e-06,4.70312500e+00,1.05562500e+01,5.56250000e-02,1.07648438e+01
1.70784000e-06,4.73437500e+00,1.09000000e+01,6.25000000e-04,1.08164062e+01
1.70816000e-06,4.92187500e+00,1.06843750e+01,4.06250000e-02,1.08046875e+01
1.70848000e-06,4.77187500e+00,1.08218750e+01,3.31250000e-02,1.08757812e+01
1.70880000e-06,4.76250000e+00,1.07343750e+01,1.81250000e-02,1.08867188e+01
1.70912000e-06,4.90000000e+00,1.06000000e+01,2.81250000e-02,1.08992187e+01
1.70944000e-06,4.86250000e+00,1.07875000e+01,1.31250000e-02,1.08554688e+01
1.70976000e-06,4.86250000e+00,1.06875000e+01,4.81250000e-02,1.08429688e+01
1.71008000e-06,4.77500000e+00,1.07375000e+01,1.81250000e-02,1.08546875e+01
1.71040000e-06,4.92500000e+00,1.07375000e+01,1.81250000e-02,1.08304687e+01
1.71072000e-06,4.70625000e+00,1.08125000e+01,8.12500000e-03,1.07468750e+01
1.71104000e-06,4.68125000e+00,1.08125000e+01,8.12500000e-03,1.07195312e+01
1.71136000e-06,4.64375000e+00,1.07125000e+01,4.06250000e-02,1.07953125e+01
1.71168000e-06,4.70625000e+00,1.07500000e+01,2.06250000e-02,1.08257812e+01
1.71200000e-06,4.89687500e+00,1.06875000e+01,-1.87500000e-03,1.08601562e+01
1.71232000e-06,4.84375000e+00,1.07500000e+01,3.81250000e-02,1.09335938e+01
1.71264000e-06,4.73437500e+00,1.07000000e+01,3.56250000e-02,1.09640625e+01
1.71296000e-06,4.85000000e+00,1.07500000e+01,8.12500000e-03,1.09132813e+01
1.71328000e-06,4.83437500e+00,1.06500000e+01,2.81250000e-02,1.08875000e+01
1.71360000e-06,4.80937500e+00,1.06625000e+01,3.81250000e-02,1.07992187e+01
1.71392000e-06,4.60625000e+00,1.06625000e+01,5.62500000e-03,1.08468750e+01
1.71424000e-06,4.75000000e+00,1.07250000e+01,5.62500000e-03,1.08765625e+01
1.71456000e-06,4.89375000e+00,1.06000000e+01,1.31250000e-02,1.08203125e+01
1.71488000e-06,4.59062500e+00,1.07875000e+01,3.31250000e-02,1.08289062e+01
1.71520000e-06,4.70625000e+00,1.07125000e+01,2.56250000e-02,1.08882812e+01
1.71552000e-06,4.78437500e+00,1.07500000e+01,-1.87500000e-03,1.08523437e+01
1.71584000e-06,4.70312500e+00,1.07625000e+01,2.81250000e-02,1.08242188e+01
1.71616000e-06,4.79687500e+00,1.06875000e+01,1.81250000e-02,1.08312500e+01
1.71648000e-06,4.78750000e+00,1.06000000e+01,3.81250000e-02,1.08523437e+01
1.71680000e-06,4.75937500e+00,1.08250000e+01,3.31250000e-02,1.08992187e+01
1.71712000e-06,4.86250000e+00,1.08000000e+01,1.81250000e-02,1.09132813e+01
1.71744000e-06,4.69375000e+00,1.08125000e+01,1.56250000e-02,1.08500000e+01
1.71776000e-06,4.65625000e+00,1.07500000e+01,4.56250000e-02,1.08476562e+01
1.71808000e-06,4.66875000e+00,1.08625000e+01,4.81250000e-02,1.09218750e+01
1.71840000e-06,4.70625000e+00,1.07875000e+01,2.06250000e-02,1.08562500e+01
1.71872000e-06,4.84687500e+00,1.08500000e+01,3.56250000e-02,1.08093750e+01
1.71904000e-06,4.84687500e+00,1.07375000e+01,3.06250000e-02,1.08164062e+01
1.71936000e-06,4.77500000e+00,1.08375000e+01,1.81250000e-02,1.08460937e+01
1.71968000e-06,4.78750000e+00,1.07625000e+01,5.06250000e-02,1.08140625e+01
1.72000000e-06,4.71875000e+00,1.07500000e+01,2.31250000e-02,1.07953125e+01
1.72032000e-06,4.86250000e+00,1.08375000e+01,4.31250000e-02,1.07773438e+01
1.72064000e-06,4.95000000e+00,1.07750000e+01,2.31250000e-02,1.07984375e+01
1.72096000e-06,4.65312500e+00,1.06875000e+01,3.06250000e-02,1.08742188e+01
1.72128000e-06,4.76250000e+00,1.07875000e+01,2.56250000e-02,1.08937500e+01
1.72160000e-06,4.87500000e+00,1.06500000e+01,-9.37500000e-03,1.08234375e+01
1.72192000e-06,4.80937500e+00,1.07500000e+01,1.81250000e-02,1.07515625e+01
1.72224000e-06,4.77187500e+00,1.08000000e+01,3.56250000e-02,1.08476562e+01
1.72256000e-06,4.78750000e+00,1.07125000e+01,5.56250000e-02,1.08898438e+01
1.72288000e-06,4.87500000e+00,1.08000000e+01,3.31250000e-02,1.07867187e+01
1.72320000e-06,4.79375000e+00,1.08000000e+01,3.06250000e-02,1.08281250e+01
1.72352000e-06,4.66875000e+00,1.07875000e+01,2.06250000e-02,1.08875000e+01
1.72384000e-06,4.58125000e+00,1.07750000e+01,1.31250000e-02,1.09039062e+01
1.72416000e-06,4.77187500e+00,1.07750000e+01,3.06250000e-02,1.08070312e+01
1.72448000e-06,4.75625000e+00,1.07250000e+01,5.62500000e-03,1.08156250e+01
1.72480000e-06,4.71875000e+00,1.07625000e+01,1.81250000e-02,1.08945312e+01
1.72512000e-06,4.74687500e+00,1.08093750e+01,3.81250000e-02,1.09179688e+01
1.72544000e-06,4.77187500e+00,1.05062500e+01,2.56250000e-02,1.08843750e+01
1.72576000e-06,4.64375000e+00,1.07750000e+01,2.81250000e-02,1.08429688e+01
1.72608000e-06,4.54062500e+00,1.08000000e+01,2.06250000e-02,1.08609375e+01
1.72640000e-06,4.73437500e+00,1.08000000e+01,2.81250000e-02,1.08203125e+01
1.72672000e-06,4.70312500e+00,1.07093750e+01,3.06250000e-02,1.07851562e+01
1.72704000e-06,4.64062500e+00,1.07875000e+01,1.06250000e-02,1.07960938e+01
1.72736000e-06,4.73437500e+00,1.07375000e+01,1.56250000e-02,1.08257812e+01
1.72768000e-06,4.69062500e+00,1.07625000e+01,3.06250000e-02,1.07710937e+01
1.72800000e-06,4.61562500e+00,1.07875000e+01,6.06250000e-02,1.07210937e+01
1.72832000e-06,4.64375000e+00,1.07375000e+01,5.06250000e-02,1.08335937e+01
1.72864000e-06,4.78437500e+00,1.08125000e+01,-1.87500000e-03,1.09250000e+01
1.72896000e-06,4.74375000e+00,1.07875000e+01,6.25000000e-04,1.08367187e+01
1.72928000e-06,4.75937500e+00,1.06750000e+01,4.06250000e-02,1.08164062e+01
1.72960000e-06,4.95000000e+00,1.08375000e+01,2.31250000e-02,1.08781250e+01
1.72992000e-06,4.78437500e+00,1.06343750e+01,5.62500000e-03,1.08500000e+01
1.73024000e-06,4.80937500e+00,1.06250000e+01,1.81250000e-02,1.08273438e+01
1.73056000e-06,4.68125000e+00,1.08125000e+01,-6.87500000e-03,1.08953125e+01
1.73088000e-06,4.83750000e+00,1.07968750e+01,2.56250000e-02,1.08273438e+01
1.73120000e-06,4.71562500e+00,1.07593750e+01,2.56250000e-02,1.08414062e+01
1.73152000e-06,4.73125000e+00,1.06375000e+01,1.81250000e-02,1.08906250e+01
1.73184000e-06,4.73437500e+00,1.07500000e+01,3.56250000e-02,1.08234375e+01
1.73216000e-06,4.88437500e+00,1.08500000e+01,5.81250000e-02,1.07671875e+01
1.73248000e-06,4.71875000e+00,1.07500000e+01,8.12500000e-03,1.08726562e+01
1.73280000e-06,4.70625000e+00,1.07625000e+01,2.81250000e-02,1.08679687e+01
1.73312000e-06,4.65625000e+00,1.08875000e+01,1.56250000e-02,1.08687500e+01
1.73344000e-06,4.68125000e+00,1.07875000e+01,5.56250000e-02,1.09023438e+01
1.73376000e-06,4.92187500e+00,1.07375000e+01,2.81250000e-02,1.08250000e+01
1.73408000e-06,4.71562500e+00,1.06750000e+01,3.56250000e-02,1.07593750e+01
1.73440000e-06,4.64687500e+00,1.06375000e+01,3.31250000e-02,1.08445312e+01
1.73472000e-06,4.87500000e+00,1.08750000e+01,2.81250000e-02,1.08304687e+01
1.73504000e-06,4.77187500e+00,1.06875000e+01,1.81250000e-02,1.07414063e+01
1.73536000e-06,4.70625000e+00,1.08500000e+01,3.81250000e-02,1.07968750e+01
1.73568000e-06,4.70625000e+00,1.07375000e+01,3.31250000e-02,1.08742188e+01
1.73600000e-06,4.81250000e+00,1.08250000e+01,2.06250000e-02,1.08039063e+01
1.73632000e-06,4.80937500e+00,1.07000000e+01,1.31250000e-02,1.08351563e+01
1.73664000e-06,4.72812500e+00,1.06875000e+01,5.06250000e-02,1.08500000e+01
1.73696000e-06,4.67187500e+00,1.07000000e+01,2.56250000e-02,1.08117188e+01
1.73728000e-06,4.76250000e+00,1.08500000e+01,2.56250000e-02,1.08031250e+01
1.73760000e-06,4.87187500e+00,1.07875000e+01,-9.37500000e-03,1.08859375e+01
1.73792000e-06,4.90000000e+00,1.07500000e+01,-9.37500000e-03,1.08898438e+01
1.73824000e-06,4.66875000e+00,1.06750000e+01,1.81250000e-02,1.08796875e+01
1.73856000e-06,4.83750000e+00,1.06500000e+01,3.81250000e-02,1.09601563e+01
1.73888000e-06,4.96250000e+00,1.08125000e+01,3.06250000e-02,1.09000000e+01
1.73920000e-06,4.76875000e+00,1.07500000e+01,3.56250000e-02,1.07492188e+01
1.73952000e-06,4.70937500e+00,1.06750000e+01,2.06250000e-02,1.07484375e+01
1.73984000e-06,4.81250000e+00,1.08375000e+01,1.06250000e-02,1.08000000e+01
1.74016000e-06,4.87187500e+00,1.08125000e+01,1.81250000e-02,1.08000000e+01
1.74048000e-06,4.92500000e+00,1.07375000e+01,4.31250000e-02,1.08140625e+01
1.74080000e-06,4.83750000e+00,1.07625000e+01,3.81250000e-02,1.08203125e+01
1.74112000e-06,4.81250000e+00,1.07875000e+01,2.81250000e-02,1.08203125e+01
1.74144000e-06,4.80000000e+00,1.07750000e+01,1.06250000e-02,1.08015625e+01
1.74176000e-06,4.78750000e+00,1.07625000e+01,3.31250000e-02,1.08031250e+01
1.74208000e-06,4.85000000e+00,1.07500000e+01,3.81250000e-02,1.07695312e+01
1.74240000e-06,4.68125000e+00,1.08125000e+01,1.81250000e-02,1.08523437e+01
1.74272000e-06,4.73437500e+00,1.08000000e+01,4.56250000e-02,1.09000000e+01
1.74304000e-06,4.82500000e+00,1.07125000e+01,1.31250000e-02,1.08523437e+01
1.74336000e-06,4.82187500e+00,1.07375000e+01,3.31250000e-02,1.07992187e+01
1.74368000e-06,4.65625000e+00,1.07875000e+01,6.06250000e-02,1.08054687e+01
1.74400000e-06,4.86250000e+00,1.07750000e+01,3.81250000e-02,1.08570312e+01
1.74432000e-06,4.75937500e+00,1.07125000e+01,4.56250000e-02,1.08281250e+01
1.74464000e-06,4.82187500e+00,1.07000000e+01,1.56250000e-02,1.08359375e+01
1.74496000e-06,4.91250000e+00,1.09500000e+01,2.81250000e-02,1.08554688e+01
1.74528000e-06,4.75625000e+00,1.06875000e+01,-1.68750000e-02,1.07695312e+01
1.74560000e-06,4.69375000e+00,1.07375000e+01,1.31250000e-02,1.08382812e+01
1.74592000e-06,4.77500000e+00,1.08000000e+01,3.06250000e-02,1.08851562e+01
1.74624000e-06,4.84687500e+00,1.07750000e+01,2.31250000e-02,1.08007812e+01
1.74656000e-06,4.78437500e+00,1.06250000e+01,3.56250000e-02,1.07320312e+01
1.74688000e-06,4.73125000e+00,1.08250000e+01,2.06250000e-02,1.07960938e+01
1.74720000e-06,4.78750000e+00,1.09500000e+01,3.81250000e-02,1.09320312e+01
1.74752000e-06,4.85937500e+00,1.07875000e+01,6.25000000e-04,1.08773437e+01
1.74784000e-06,4.57812500e+00,1.06375000e+01,8.12500000e-03,1.09015625e+01
1.74816000e-06,4.65625000e+00,1.08625000e+01,2.56250000e-02,1.08750000e+01
1.74848000e-06,4.78437500e+00,1.07125000e+01,8.12500000e-03,1.08117188e+01
1.74880000e-06,4.77187500e+00,1.07750000e+01,4.31250000e-02,1.08906250e+01
1.74912000e-06,4.87187500e+00,1.07500000e+01,3.56250000e-02,1.08500000e+01
1.74944000e-06,4.81250000e+00,1.06250000e+01,1.81250000e-02,1.08046875e+01
1.74976000e-06,4.75000000e+00,1.07625000e+01,3.31250000e-02,1.08078125e+01
1.75008000e-06,4.85000000e+00,1.08750000e+01,4.56250000e-02,1.08468750e+01
1.75040000e-06,4.71875000e+00,1.08625000e+01,1.56250000e-02,1.08484375e+01
1.75072000e-06,4.78750000e+00,1.06875000e+01,1.81250000e-02,1.08781250e+01
1.75104000e-06,4.79687500e+00,1.07625000e+01,3.56250000e-02,1.08468750e+01
1.75136000e-06,4.65312500e+00,1.08250000e+01,1.81250000e-02,1.09171875e+01
1.75168000e-06,4.69375000e+00,1.07625000e+01,1.56250000e-02,1.08656250e+01
1.75200000e-06,4.64062500e+00,1.07250000e+01,4.31250000e-02,1.08132812e+01
1.75232000e-06,4.73125000e+00,1.06625000e+01,6.25000000e-04,1.08187500e+01
1.75264000e-06,4.71562500e+00,1.07875000e+01,5.62500000e-03,1.08914062e+01
1.75296000e-06,4.69375000e+00,1.08125000e+01,2.31250000e-02,1.08656250e+01
1.75328000e-06,4.77187500e+00,1.07750000e+01,1.81250000e-02,1.08257812e+01
1.75360000e-06,4.69062500e+00,1.08875000e+01,1.81250000e-02,1.07875000e+01
1.75392000e-06,4.80000000e+00,1.07375000e+01,2.06250000e-02,1.07351562e+01
1.75424000e-06,4.69062500e+00,1.07750000e+01,3.56250000e-02,1.06937500e+01
1.75456000e-06,4.78437500e+00,1.08000000e+01,1.56250000e-02,1.07179688e+01
1.75488000e-06,4.91250000e+00,1.06125000e+01,3.31250000e-02,1.07664062e+01
1.75520000e-06,4.75625000e+00,1.08500000e+01,8.12500000e-03,1.07960938e+01
1.75552000e-06,4.82500000e+00,1.07000000e+01,1.31250000e-02,1.08171875e+01
1.75584000e-06,4.85937500e+00,1.08500000e+01,4.56250000e-02,1.07968750e+01
1.75616000e-06,4.73125000e+00,1.06625000e+01,1.06250000e-02,1.07914062e+01
1.75648000e-06,4.85000000e+00,1.07750000e+01,4.56250000e-02,1.07804688e+01
1.75680000e-06,4.85937500e+00,1.08000000e+01,1.56250000e-02,1.07468750e+01
1.75712000e-06,4.73437500e+00,1.07500000e+01,2.56250000e-02,1.07882813e+01
1.75744000e-06,4.87500000e+00,1.06000000e+01,4.56250000e-02,1.08132812e+01
1.75776000e-06,4.82187500e+00,1.06875000e+01,2.06250000e-02,1.08117188e+01
1.75808000e-06,4.64375000e+00,1.09250000e+01,3.06250000e-02,1.08273438e+01
1.75840000e-06,4.69687500e+00,1.07750000e+01,2.31250000e-02,1.08984375e+01
1.75872000e-06,4.87187500e+00,1.08125000e+01,2.56250000e-02,1.08531250e+01
1.75904000e-06,4.69062500e+00,1.08875000e+01,2.06250000e-02,1.08906250e+01
1.75936000e-06,4.76250000e+00,1.06250000e+01,8.12500000e-03,1.08257812e+01
1.75968000e-06,4.73125000e+00,1.07250000e+01,6.25000000e-04,1.07007812e+01
1.76000000e-06,4.75937500e+00,1.06375000e+01,4.06250000e-02,1.07625000e+01
1.76032000e-06,4.80000000e+00,1.08000000e+01,4.06250000e-02,1.08148437e+01
1.76064000e-06,4.84687500e+00,1.07375000e+01,4.81250000e-02,1.07031250e+01
1.76096000e-06,4.68125000e+00,1.07625000e+01,-1.87500000e-03,1.06851562e+01
1.76128000e-06,4.66875000e+00,1.07875000e+01,1.31250000e-02,1.07843750e+01
1.76160000e-06,4.71875000e+00,1.06625000e+01,5.06250000e-02,1.06898437e+01
1.76192000e-06,4.69375000e+00,1.06500000e+01,1.31250000e-02,1.06593750e+01
1.76224000e-06,4.76875000e+00,1.07750000e+01,2.31250000e-02,1.08117188e+01
1.76256000e-06,4.69062500e+00,1.06625000e+01,5.81250000e-02,1.07796875e+01
1.76288000e-06,4.70937500e+00,1.08125000e+01,4.31250000e-02,1.07812500e+01
1.76320000e-06,4.79687500e+00,1.07125000e+01,3.81250000e-02,1.07515625e+01
1.76352000e-06,4.88437500e+00,1.08000000e+01,2.31250000e-02,1.07765625e+01
1.76384000e-06,4.74687500e+00,1.07250000e+01,2.56250000e-02,1.06984375e+01
1.76416000e-06,4.78750000e+00,1.07500000e+01,1.81250000e-02,1.07351562e+01
1.76448000e-06,4.82500000e+00,1.07875000e+01,2.56250000e-02,1.08101562e+01
1.76480000e-06,4.69062500e+00,1.08000000e+01,5.06250000e-02,1.07476562e+01
1.76512000e-06,4.75000000e+00,1.07375000e+01,5.31250000e-02,1.07375000e+01
1.76544000e-06,4.86250000e+00,1.09000000e+01,8.12500000e-03,1.07367187e+01
1.76576000e-06,4.70312500e+00,1.07875000e+01,2.31250000e-02,1.07531250e+01
1.76608000e-06,4.75000000e+00,1.07750000e+01,5.31250000e-02,1.07914062e+01
1.76640000e-06,4.92500000e+00,1.07250000e+01,4.31250000e-02,1.08328125e+01
1.76672000e-06,4.85937500e+00,1.08625000e+01,4.56250000e-02,1.07921875e+01
1.76704000e-06,4.80000000e+00,1.07375000e+01,3.06250000e-02,1.07484375e+01
1.76736000e-06,4.66875000e+00,1.07843750e+01,5.62500000e-03,1.07921875e+01
1.76768000e-06,4.66875000e+00,1.05812500e+01,2.06250000e-02,1.07718750e+01
1.76800000e-06,4.70625000e+00,1.08250000e+01,5.06250000e-02,1.06859375e+01
1.76832000e-06,4.76875000e+00,1.07000000e+01,2.31250000e-02,1.07875000e+01
1.76864000e-06,4.74687500e+00,1.07250000e+01,3.31250000e-02,1.09039062e+01
1.76896000e-06,4.74687500e+00,1.06968750e+01,1.56250000e-02,1.07882813e+01
1.76928000e-06,4.80937500e+00,1.07500000e+01,3.56250000e-02,1.07851562e+01
1.76960000e-06,4.66875000e+00,1.07250000e+01,3.81250000e-02,1.07914062e+01
1.76992000e-06,4.76250000e+00,1.07000000e+01,3.56250000e-02,1.07820312e+01
1.77024000e-06,4.85000000e+00,1.06250000e+01,3.81250000e-02,1.07601562e+01
1.77056000e-06,4.71562500e+00,1.09125000e+01,4.81250000e-02,1.08046875e+01
1.77088000e-06,4.72187500e+00,1.07375000e+01,3.56250000e-02,1.07507812e+01
1.77120000e-06,4.90000000e+00,1.07625000e+01,4.56250000e-02,1.08148437e+01
1.77152000e-06,4.69062500e+00,1.07750000e+01,1.31250000e-02,1.08492187e+01
1.77184000e-06,4.69375000e+00,1.07625000e+01,3.12500000e-03,1.07906250e+01
1.77216000e-06,4.63125000e+00,1.08625000e+01,3.31250000e-02,1.07265625e+01
1.77248000e-06,4.73125000e+00,1.08750000e+01,3.56250000e-02,1.06718750e+01
1.77280000e-06,4.82187500e+00,1.06500000e+01,4.31250000e-02,1.07656250e+01
1.77312000e-06,4.76875000e+00,1.07000000e+01,3.81250000e-02,1.07968750e+01
1.77344000e-06,4.68437500e+00,1.07875000e+01,3.56250000e-02,1.07703125e+01
1.77376000e-06,4.86250000e+00,1.09750000e+01,2.81250000e-02,1.07929688e+01
1.77408000e-06,4.79687500e+00,1.06750000e+01,3.31250000e-02,1.08445312e+01
1.77440000e-06,4.75937500e+00,1.08125000e+01,4.31250000e-02,1.08757812e+01
1.77472000e-06,4.75937500e+00,1.08875000e+01,4.06250000e-02,1.08750000e+01
1.77504000e-06,4.65625000e+00,1.08375000e+01,1.56250000e-02,1.08226562e+01
1.77536000e-06,4.66875000e+00,1.07750000e+01,2.06250000e-02,1.07867187e+01
1.77568000e-06,4.78437500e+00,1.08125000e+01,3.06250000e-02,1.07625000e+01
1.77600000e-06,4.74687500e+00,1.06375000e+01,-1.87500000e-03,1.07132812e+01
1.77632000e-06,4.87500000e+00,1.07750000e+01,4.31250000e-02,1.07562500e+01
1.77664000e-06,4.82500000e+00,1.07250000e+01,3.81250000e-02,1.08750000e+01
1.77696000e-06,4.78750000e+00,1.07375000e+01,4.06250000e-02,1.08656250e+01
1.77728000e-06,4.86250000e+00,1.08000000e+01,2.31250000e-02,1.08859375e+01
1.77760000e-06,4.76250000e+00,1.07750000e+01,1.81250000e-02,1.08578125e+01
1.77792000e-06,4.77500000e+00,1.06000000e+01,2.56250000e-02,1.07898437e+01
1.77824000e-06,4.78750000e+00,1.07500000e+01,2.31250000e-02,1.07117187e+01
1.77856000e-06,4.83750000e+00,1.09000000e+01,4.06250000e-02,1.07609375e+01
1.77888000e-06,4.87500000e+00,1.07875000e+01,5.06250000e-02,1.08101562e+01
1.77920000e-06,4.91250000e+00,1.07000000e+01,5.06250000e-02,1.07625000e+01
1.77952000e-06,4.63125000e+00,1.07875000e+01,4.06250000e-02,1.07226562e+01
1.77984000e-06,4.68437500e+00,1.06625000e+01,2.56250000e-02,1.07953125e+01
1.78016000e-06,4.81250000e+00,1.07375000e+01,3.31250000e-02,1.07914062e+01
1.78048000e-06,4.80937500e+00,1.08375000e+01,2.06250000e-02,1.07820312e+01
1.78080000e-06,4.88750000e+00,1.06625000e+01,3.56250000e-02,1.06843750e+01
1.78112000e-06,4.79687500e+00,1.07125000e+01,2.31250000e-02,1.07015625e+01
1.78144000e-06,4.60625000e+00,1.08125000e+01,2.56250000e-02,1.07242187e+01
1.78176000e-06,4.72187500e+00,1.06375000e+01,2.81250000e-02,1.07960938e+01
1.78208000e-06,4.71562500e+00,1.07500000e+01,2.56250000e-02,1.08390625e+01
1.78240000e-06,4.62812500e+00,1.06625000e+01,2.81250000e-02,1.07765625e+01
1.78272000e-06,4.75000000e+00,1.06750000e+01,1.31250000e-02,1.07734375e+01
1.78304000e-06,4.73125000e+00,1.06375000e+01,2.56250000e-02,1.07773438e+01
1.78336000e-06,4.79687500e+00,1.09250000e+01,-4.37500000e-03,1.07468750e+01
1.78368000e-06,4.76250000e+00,1.07000000e+01,3.06250000e-02,1.07507812e+01
1.78400000e-06,4.85000000e+00,1.07875000e+01,4.06250000e-02,1.07703125e+01
1.78432000e-06,4.91250000e+00,1.06125000e+01,4.56250000e-02,1.07296875e+01
1.78464000e-06,4.81250000e+00,1.07000000e+01,5.31250000e-02,1.07703125e+01
1.78496000e-06,4.77187500e+00,1.07500000e+01,1.81250000e-02,1.08835937e+01
1.78528000e-06,4.76250000e+00,1.08000000e+01,2.56250000e-02,1.08546875e+01
1.78560000e-06,4.80000000e+00,1.06750000e+01,1.81250000e-02,1.07570313e+01
1.78592000e-06,4.70625000e+00,1.07750000e+01,2.56250000e-02,1.07695312e+01
1.78624000e-06,4.78437500e+00,1.06875000e+01,1.31250000e-02,1.07804688e+01
1.78656000e-06,4.75000000e+00,1.06437500e+01,4.81250000e-02,1.07570313e+01
1.78688000e-06,4.88750000e+00,1.05312500e+01,2.81250000e-02,1.07835937e+01
1.78720000e-06,4.83437500e+00,1.07250000e+01,2.56250000e-02,1.08679687e+01
1.78752000e-06,4.66875000e+00,1.06812500e+01,2.31250000e-02,1.08585938e+01
1.78784000e-06,4.67187500e+00,1.05968750e+01,4.31250000e-02,1.08617187e+01
1.78816000e-06,4.96250000e+00,1.07093750e+01,5.56250000e-02,1.08507813e+01
1.78848000e-06,4.75625000e+00,1.08468750e+01,3.81250000e-02,1.08328125e+01
1.78880000e-06,4.73125000e+00,1.07218750e+01,3.31250000e-02,1.07390625e+01
1.78912000e-06,4.73437500e+00,1.08500000e+01,2.56250000e-02,1.07312500e+01
1.78944000e-06,4.80937500e+00,1.07250000e+01,3.81250000e-02,1.08250000e+01
1.78976000e-06,4.79687500e+00,1.08000000e+01,4.06250000e-02,1.08437500e+01
1.79008000e-06,4.70625000e+00,1.06750000e+01,2.81250000e-02,1.08687500e+01
1.79040000e-06,4.60625000e+00,1.06750000e+01,1.56250000e-02,1.08304687e+01
1.79072000e-06,4.83750000e+00,1.07625000e+01,5.62500000e-03,1.08148437e+01
1.79104000e-06,4.80937500e+00,1.08375000e+01,3.56250000e-02,1.07664062e+01
1.79136000e-06,4.87187500e+00,1.06625000e+01,3.81250000e-02,1.07570313e+01
1.79168000e-06,4.80937500e+00,1.06343750e+01,3.56250000e-02,1.08195313e+01
1.79200000e-06,4.68125000e+00,1.06750000e+01,6.31250000e-02,1.07937500e+01
1.79232000e-06,4.79687500e+00,1.08375000e+01,3.81250000e-02,1.07390625e+01
1.79264000e-06,4.66562500e+00,1.07093750e+01,2.06250000e-02,1.07882813e+01
1.79296000e-06,4.73125000e+00,1.07968750e+01,4.31250000e-02,1.08320312e+01
1.79328000e-06,4.80937500e+00,1.07250000e+01,5.56250000e-02,1.08562500e+01
1.79360000e-06,4.64062500e+00,1.07500000e+01,4.81250000e-02,1.08312500e+01
1.79392000e-06,4.71875000e+00,1.07500000e+01,-9.37500000e-03,1.08164062e+01
1.79424000e-06,4.82500000e+00,1.06812500e+01,2.56250000e-02,1.08148437e+01
1.79456000e-06,4.84687500e+00,1.05687500e+01,4.56250000e-02,1.07484375e+01
1.79488000e-06,4.69062500e+00,1.08125000e+01,3.81250000e-02,1.06976562e+01
1.79520000e-06,4.78750000e+00,1.06093750e+01,4.06250000e-02,1.07210937e+01
1.79552000e-06,4.68125000e+00,1.06968750e+01,3.56250000e-02,1.07515625e+01
1.79584000e-06,4.74687500e+00,1.06843750e+01,5.62500000e-03,1.07265625e+01
1.79616000e-06,4.80000000e+00,1.08125000e+01,3.81250000e-02,1.06921875e+01
1.79648000e-06,4.90937500e+00,1.08250000e+01,5.31250000e-02,1.07039062e+01
1.79680000e-06,4.96250000e+00,1.08000000e+01,2.31250000e-02,1.07937500e+01
1.79712000e-06,4.77187500e+00,1.08000000e+01,3.81250000e-02,1.08109375e+01
1.79744000e-06,4.74687500e+00,1.07125000e+01,1.81250000e-02,1.07148438e+01
1.79776000e-06,4.58125000e+00,1.07125000e+01,5.06250000e-02,1.06992188e+01
1.79808000e-06,4.71875000e+00,1.08375000e+01,2.81250000e-02,1.07296875e+01
1.79840000e-06,4.87187500e+00,1.07625000e+01,3.06250000e-02,1.07343750e+01
1.79872000e-06,4.76875000e+00,1.08125000e+01,2.06250000e-02,1.07375000e+01
1.79904000e-06,4.70937500e+00,1.08000000e+01,1.31250000e-02,1.07960938e+01
1.79936000e-06,4.86250000e+00,1.07250000e+01,3.31250000e-02,1.07875000e+01
1.79968000e-06,4.76875000e+00,1.07125000e+01,5.31250000e-02,1.07398437e+01
1.80000000e-06,4.70625000e+00,1.07500000e+01,5.06250000e-02,1.07109375e+01
1.80032000e-06,4.69375000e+00,1.07000000e+01,1.31250000e-02,1.07218750e+01
1.80064000e-06,4.64062500e+00,1.06625000e+01,2.06250000e-02,1.07343750e+01
1.80096000e-06,4.71875000e+00,1.07625000e+01,3.56250000e-02,1.07507812e+01
1.80128000e-06,4.79687500e+00,1.08375000e+01,3.12500000e-03,1.07601562e+01
1.80160000e-06,4.82187500e+00,1.08375000e+01,1.56250000e-02,1.07687500e+01
1.80192000e-06,4.88750000e+00,1.08250000e+01,3.81250000e-02,1.08171875e+01
1.80224000e-06,4.91250000e+00,1.06875000e+01,5.06250000e-02,1.07945312e+01
1.80256000e-06,4.78437500e+00,1.06500000e+01,3.06250000e-02,1.08296875e+01
1.80288000e-06,4.61875000e+00,1.07250000e+01,2.06250000e-02,1.08437500e+01
1.80320000e-06,4.75000000e+00,1.08250000e+01,3.56250000e-02,1.08054687e+01
1.80352000e-06,4.87187500e+00,1.07000000e+01,1.81250000e-02,1.07335938e+01
1.80384000e-06,4.71562500e+00,1.07375000e+01,1.81250000e-02,1.07585937e+01
1.80416000e-06,4.63125000e+00,1.07375000e+01,6.25000000e-04,1.07968750e+01
1.80448000e-06,4.76250000e+00,1.08125000e+01,1.31250000e-02,1.07820312e+01
1.80480000e-06,4.84687500e+00,1.06125000e+01,2.56250000e-02,1.07757812e+01
1.80512000e-06,4.74375000e+00,1.07875000e+01,4.81250000e-02,1.08296875e+01
1.80544000e-06,4.68125000e+00,1.07125000e+01,2.56250000e-02,1.08148437e+01
1.80576000e-06,4.70625000e+00,1.06625000e+01,3.81250000e-02,1.07351562e+01
1.80608000e-06,4.64062500e+00,1.06875000e+01,3.56250000e-02,1.07820312e+01
1.80640000e-06,4.79687500e+00,1.08125000e+01,1.81250000e-02,1.08429688e+01
1.80672000e-06,4.74375000e+00,1.06500000e+01,1.56250000e-02,1.07375000e+01
1.80704000e-06,4.78437500e+00,1.06750000e+01,5.06250000e-02,1.07195312e+01
1.80736000e-06,4.86250000e+00,1.07500000e+01,3.31250000e-02,1.07257813e+01
1.80768000e-06,4.69062500e+00,1.06875000e+01,1.56250000e-02,1.07585937e+01
1.80800000e-06,4.77500000e+00,1.06875000e+01,4.31250000e-02,1.08039063e+01
1.80832000e-06,4.73125000e+00,1.07625000e+01,-1.87500000e-03,1.08414062e+01
1.80864000e-06,4.67812500e+00,1.07000000e+01,1.56250000e-02,1.08453125e+01
1.80896000e-06,4.72187500e+00,1.08500000e+01,2.06250000e-02,1.07593750e+01
1.80928000e-06,4.79687500e+00,1.06750000e+01,4.81250000e-02,1.07515625e+01
1.80960000e-06,4.85937500e+00,1.08000000e+01,2.56250000e-02,1.07898437e+01
1.80992000e-06,4.81250000e+00,1.07250000e+01,3.81250000e-02,1.07742187e+01
1.81024000e-06,4.77500000e+00,1.07125000e+01,2.81250000e-02,1.07546875e+01
1.81056000e-06,4.90000000e+00,1.06500000e+01,3.12500000e-03,1.07718750e+01
1.81088000e-06,4.70937500e+00,1.08000000e+01,2.06250000e-02,1.07726563e+01
1.81120000e-06,4.81250000e+00,1.06875000e+01,3.56250000e-02,1.08117188e+01
1.81152000e-06,4.78750000e+00,1.07125000e+01,2.56250000e-02,1.07476562e+01
1.81184000e-06,4.81250000e+00,1.07500000e+01,2.56250000e-02,1.08023437e+01
1.81216000e-06,4.83750000e+00,1.07593750e+01,3.06250000e-02,1.07945312e+01
1.81248000e-06,4.69375000e+00,1.06000000e+01,2.31250000e-02,1.07351562e+01
1.81280000e-06,4.80000000e+00,1.07750000e+01,4.31250000e-02,1.07421875e+01
1.81312000e-06,4.72187500e+00,1.06968750e+01,4.06250000e-02,1.08156250e+01
1.81344000e-06,4.79687500e+00,1.08093750e+01,3.31250000e-02,1.07664062e+01
1.81376000e-06,4.75000000e+00,1.07000000e+01,5.06250000e-02,1.07187500e+01
1.81408000e-06,4.66875000e+00,1.08750000e+01,1.06250000e-02,1.07179688e+01
1.81440000e-06,4.68437500e+00,1.07750000e+01,3.31250000e-02,1.07523437e+01
1.81472000e-06,4.86250000e+00,1.07000000e+01,4.56250000e-02,1.07265625e+01
1.81504000e-06,4.75625000e+00,1.07000000e+01,3.31250000e-02,1.07632812e+01
1.81536000e-06,4.73125000e+00,1.07625000e+01,7.56250000e-02,1.07585937e+01
1.81568000e-06,4.72187500e+00,1.06500000e+01,4.31250000e-02,1.07289062e+01
1.81600000e-06,4.77187500e+00,1.07125000e+01,3.06250000e-02,1.07500000e+01
1.81632000e-06,4.85937500e+00,1.07875000e+01,3.81250000e-02,1.07671875e+01
1.81664000e-06,4.80000000e+00,1.08625000e+01,2.81250000e-02,1.07382812e+01
1.81696000e-06,4.82500000e+00,1.07125000e+01,4.56250000e-02,1.07726563e+01
1.81728000e-06,4.86250000e+00,1.08250000e+01,3.81250000e-02,1.07632812e+01
1.81760000e-06,4.90000000e+00,1.06750000e+01,8.12500000e-03,1.07156250e+01
1.81792000e-06,4.70625000e+00,1.07250000e+01,5.62500000e-03,1.07421875e+01
1.81824000e-06,4.75000000e+00,1.06625000e+01,3.81250000e-02,1.07648438e+01
1.81856000e-06,4.86250000e+00,1.08625000e+01,3.81250000e-02,1.06953125e+01
1.81888000e-06,4.71562500e+00,1.08625000e+01,4.56250000e-02,1.07046875e+01
1.81920000e-06,4.76250000e+00,1.07375000e+01,1.81250000e-02,1.07421875e+01
1.81952000e-06,4.78750000e+00,1.07875000e+01,-1.87500000e-03,1.08421875e+01
1.81984000e-06,4.92187500e+00,1.07250000e+01,3.06250000e-02,1.07984375e+01
1.82016000e-06,4.75937500e+00,1.06625000e+01,1.81250000e-02,1.06968750e+01
1.82048000e-06,4.75000000e+00,1.06843750e+01,3.31250000e-02,1.07562500e+01
1.82080000e-06,4.78750000e+00,1.06250000e+01,2.56250000e-02,1.08156250e+01
1.82112000e-06,4.83437500e+00,1.07875000e+01,1.81250000e-02,1.07406250e+01
1.82144000e-06,4.75000000e+00,1.07843750e+01,5.06250000e-02,1.07250000e+01
1.82176000e-06,4.82500000e+00,1.06218750e+01,2.06250000e-02,1.06414062e+01
1.82208000e-06,4.75000000e+00,1.06125000e+01,4.31250000e-02,1.06781250e+01
1.82240000e-06,4.81250000e+00,1.07750000e+01,4.81250000e-02,1.07406250e+01
1.82272000e-06,4.82187500e+00,1.06875000e+01,3.56250000e-02,1.07742187e+01
1.82304000e-06,4.68125000e+00,1.07000000e+01,3.81250000e-02,1.06898437e+01
1.82336000e-06,4.69375000e+00,1.07875000e+01,2.56250000e-02,1.07210937e+01
1.82368000e-06,4.79687500e+00,1.06968750e+01,2.81250000e-02,1.07406250e+01
1.82400000e-06,4.72812500e+00,1.05562500e+01,3.06250000e-02,1.07429687e+01
1.82432000e-06,4.69062500e+00,1.07500000e+01,2.06250000e-02,1.07906250e+01
1.82464000e-06,4.74687500e+00,1.07625000e+01,2.31250000e-02,1.07703125e+01
1.82496000e-06,4.75937500e+00,1.07875000e+01,4.56250000e-02,1.06796875e+01
1.82528000e-06,4.84687500e+00,1.07093750e+01,5.62500000e-03,1.06664062e+01
1.82560000e-06,4.87187500e+00,1.08375000e+01,5.06250000e-02,1.06820312e+01
1.82592000e-06,4.75937500e+00,1.07500000e+01,5.06250000e-02,1.07242187e+01
1.82624000e-06,4.67187500e+00,1.07625000e+01,3.56250000e-02,1.07875000e+01
1.82656000e-06,4.83750000e+00,1.08125000e+01,2.06250000e-02,1.08273438e+01
1.82688000e-06,4.78437500e+00,1.08125000e+01,2.06250000e-02,1.07500000e+01
1.82720000e-06,4.86250000e+00,1.06875000e+01,4.06250000e-02,1.08765625e+01
1.82752000e-06,4.86250000e+00,1.06750000e+01,3.31250000e-02,1.08460937e+01
1.82784000e-06,4.80000000e+00,1.08375000e+01,3.31250000e-02,1.07312500e+01
1.82816000e-06,4.71875000e+00,1.07375000e+01,2.56250000e-02,1.07046875e+01
1.82848000e-06,4.73437500e+00,1.07125000e+01,3.56250000e-02,1.07734375e+01
1.82880000e-06,4.79687500e+00,1.08500000e+01,3.31250000e-02,1.07546875e+01
1.82912000e-06,4.68125000e+00,1.07625000e+01,1.31250000e-02,1.07171875e+01
1.82944000e-06,4.80937500e+00,1.07125000e+01,4.81250000e-02,1.07101563e+01
1.82976000e-06,4.66875000e+00,1.06125000e+01,2.81250000e-02,1.06671875e+01
1.83008000e-06,4.78750000e+00,1.07250000e+01,3.31250000e-02,1.07265625e+01
1.83040000e-06,4.77187500e+00,1.06250000e+01,1.56250000e-02,1.07554687e+01
1.83072000e-06,4.83750000e+00,1.08500000e+01,4.56250000e-02,1.06812500e+01
1.83104000e-06,4.85000000e+00,1.07343750e+01,3.06250000e-02,1.07054687e+01
1.83136000e-06,4.69375000e+00,1.05437500e+01,2.81250000e-02,1.06718750e+01
1.83168000e-06,4.65937500e+00,1.07625000e+01,4.81250000e-02,1.06718750e+01
1.83200000e-06,4.83750000e+00,1.07250000e+01,3.81250000e-02,1.07546875e+01
1.83232000e-06,4.95937500e+00,1.07250000e+01,3.56250000e-02,1.08171875e+01
1.83264000e-06,4.73437500e+00,1.07093750e+01,3.81250000e-02,1.07609375e+01
1.83296000e-06,4.88750000e+00,1.07375000e+01,3.06250000e-02,1.08289062e+01
1.83328000e-06,4.82187500e+00,1.07250000e+01,2.56250000e-02,1.08203125e+01
1.83360000e-06,4.69687500e+00,1.07625000e+01,1.56250000e-02,1.07226562e+01
1.83392000e-06,4.73437500e+00,1.08250000e+01,4.06250000e-02,1.07476562e+01
1.83424000e-06,4.80937500e+00,1.07625000e+01,3.56250000e-02,1.07828125e+01
1.83456000e-06,4.70625000e+00,1.07875000e+01,3.06250000e-02,1.07062500e+01
1.83488000e-06,4.68437500e+00,1.07750000e+01,3.56250000e-02,1.07164062e+01
1.83520000e-06,4.85000000e+00,1.08000000e+01,3.31250000e-02,1.07945312e+01
1.83552000e-06,4.70312500e+00,1.06750000e+01,4.31250000e-02,1.08039063e+01
1.83584000e-06,4.75000000e+00,1.07500000e+01,6.06250000e-02,1.07562500e+01
1.83616000e-06,4.71875000e+00,1.06875000e+01,1.56250000e-02,1.07671875e+01
1.83648000e-06,4.59062500e+00,1.06875000e+01,2.56250000e-02,1.06679688e+01
1.83680000e-06,4.82500000e+00,1.08000000e+01,2.06250000e-02,1.06875000e+01
1.83712000e-06,4.89687500e+00,1.07375000e+01,6.06250000e-02,1.08023437e+01
1.83744000e-06,4.88437500e+00,1.07750000e+01,4.56250000e-02,1.07750000e+01
1.83776000e-06,4.82500000e+00,1.07000000e+01,1.81250000e-02,1.07601562e+01
1.83808000e-06,4.78750000e+00,1.07000000e+01,2.56250000e-02,1.07648438e+01
1.83840000e-06,4.88750000e+00,1.07250000e+01,4.56250000e-02,1.08429688e+01
1.83872000e-06,4.76250000e+00,1.07250000e+01,1.31250000e-02,1.07710937e+01
1.83904000e-06,4.80000000e+00,1.07500000e+01,5.06250000e-02,1.07390625e+01
1.83936000e-06,4.70625000e+00,1.06750000e+01,1.56250000e-02,1.07406250e+01
1.83968000e-06,4.75000000e+00,1.08000000e+01,3.06250000e-02,1.07257813e+01
1.84000000e-06,4.77187500e+00,1.08875000e+01,1.81250000e-02,1.07945312e+01
1.84032000e-06,4.72812500e+00,1.08125000e+01,4.06250000e-02,1.08156250e+01
1.84064000e-06,4.77500000e+00,1.06375000e+01,3.81250000e-02,1.08031250e+01
1.84096000e-06,4.79687500e+00,1.08718750e+01,2.81250000e-02,1.08156250e+01
1.84128000e-06,4.75937500e+00,1.05687500e+01,4.81250000e-02,1.07875000e+01
1.84160000e-06,4.70625000e+00,1.07375000e+01,3.56250000e-02,1.07531250e+01
1.84192000e-06,4.69375000e+00,1.07000000e+01,8.12500000e-03,1.07320312e+01
1.84224000e-06,4.81250000e+00,1.08750000e+01,3.06250000e-02,1.07468750e+01
1.84256000e-06,4.88437500e+00,1.06968750e+01,3.56250000e-02,1.07171875e+01
1.84288000e-06,4.75937500e+00,1.07000000e+01,3.81250000e-02,1.07054687e+01
1.84320000e-06,4.91250000e+00,1.08250000e+01,4.06250000e-02,1.07359375e+01
1.84352000e-06,4.92500000e+00,1.08750000e+01,4.31250000e-02,1.07843750e+01
1.84384000e-06,4.66875000e+00,1.07875000e+01,4.81250000e-02,1.08203125e+01
1.84416000e-06,4.70937500e+00,1.08125000e+01,4.06250000e-02,1.07726563e+01
1.84448000e-06,4.70625000e+00,1.07468750e+01,2.56250000e-02,1.06875000e+01
1.84480000e-06,4.67812500e+00,1.05281250e+01,2.56250000e-02,1.07492188e+01
1.84512000e-06,4.80000000e+00,1.06218750e+01,2.81250000e-02,1.08210937e+01
1.84544000e-06,4.89687500e+00,1.08093750e+01,2.06250000e-02,1.08039063e+01
1.84576000e-06,4.70312500e+00,1.06218750e+01,3.81250000e-02,1.07812500e+01
1.84608000e-06,4.68125000e+00,1.07187500e+01,2.56250000e-02,1.07187500e+01
1.84640000e-06,4.80000000e+00,1.07750000e+01,2.56250000e-02,1.07710937e+01
1.84672000e-06,4.71562500e+00,1.08000000e+01,3.81250000e-02,1.07562500e+01
1.84704000e-06,4.78437500e+00,1.06875000e+01,3.56250000e-02,1.06820312e+01
1.84736000e-06,4.80000000e+00,1.07000000e+01,2.06250000e-02,1.07515625e+01
1.84768000e-06,4.80937500e+00,1.07625000e+01,3.56250000e-02,1.08015625e+01
1.84800000e-06,4.80000000e+00,1.07125000e+01,2.81250000e-02,1.07078125e+01
1.84832000e-06,4.87500000e+00,1.07000000e+01,3.31250000e-02,1.07640625e+01
1.84864000e-06,4.75937500e+00,1.06875000e+01,3.81250000e-02,1.07804688e+01
1.84896000e-06,4.55625000e+00,1.07125000e+01,-1.87500000e-03,1.07226562e+01
1.84928000e-06,4.64375000e+00,1.08000000e+01,2.56250000e-02,1.07835937e+01
1.84960000e-06,4.68125000e+00,1.06875000e+01,3.31250000e-02,1.09289063e+01
1.84992000e-06,4.85937500e+00,1.06500000e+01,2.81250000e-02,1.08906250e+01
1.85024000e-06,4.69062500e+00,1.06000000e+01,1.56250000e-02,1.07117187e+01
1.85056000e-06,4.73437500e+00,1.06750000e+01,1.81250000e-02,1.07554687e+01
1.85088000e-06,4.80000000e+00,1.07093750e+01,3.31250000e-02,1.07648438e+01
1.85120000e-06,4.75625000e+00,1.05812500e+01,3.56250000e-02,1.07375000e+01
1.85152000e-06,4.63125000e+00,1.08750000e+01,4.81250000e-02,1.08367187e+01
1.85184000e-06,4.77500000e+00,1.08500000e+01,2.56250000e-02,1.07875000e+01
1.85216000e-06,4.74687500e+00,1.06625000e+01,3.06250000e-02,1.07078125e+01
1.85248000e-06,4.87187500e+00,1.07218750e+01,3.81250000e-02,1.08367187e+01
1.85280000e-06,4.90000000e+00,1.07750000e+01,1.31250000e-02,1.08390625e+01
1.85312000e-06,4.73125000e+00,1.07375000e+01,2.06250000e-02,1.07000000e+01
1.85344000e-06,4.68125000e+00,1.06625000e+01,3.81250000e-02,1.07031250e+01
1.85376000e-06,4.74687500e+00,1.07875000e+01,2.06250000e-02,1.07500000e+01
1.85408000e-06,4.70625000e+00,1.06250000e+01,3.06250000e-02,1.07250000e+01
1.85440000e-06,4.75937500e+00,1.08875000e+01,2.06250000e-02,1.07085937e+01
1.85472000e-06,4.77187500e+00,1.07875000e+01,3.81250000e-02,1.07320312e+01
1.85504000e-06,4.71875000e+00,1.09125000e+01,3.31250000e-02,1.07601562e+01
1.85536000e-06,4.69687500e+00,1.07125000e+01,3.81250000e-02,1.07984375e+01
1.85568000e-06,4.81250000e+00,1.06625000e+01,3.81250000e-02,1.08000000e+01
1.85600000e-06,4.82187500e+00,1.07500000e+01,5.06250000e-02,1.07492188e+01
1.85632000e-06,4.82500000e+00,1.07468750e+01,3.06250000e-02,1.07117187e+01
1.85664000e-06,4.68125000e+00,1.05687500e+01,2.06250000e-02,1.06921875e+01
1.85696000e-06,4.67187500e+00,1.07125000e+01,5.31250000e-02,1.07234375e+01
1.85728000e-06,4.80000000e+00,1.08375000e+01,5.56250000e-02,1.07640625e+01
1.85760000e-06,4.78125000e+00,1.08125000e+01,6.06250000e-02,1.07492188e+01
1.85792000e-06,4.78750000e+00,1.06593750e+01,6.25000000e-04,1.07078125e+01
1.85824000e-06,4.91250000e+00,1.07875000e+01,1.06250000e-02,1.07750000e+01
1.85856000e-06,4.72812500e+00,1.08000000e+01,5.31250000e-02,1.08242188e+01
1.85888000e-06,4.76250000e+00,1.06875000e+01,4.06250000e-02,1.07718750e+01
1.85920000e-06,4.75000000e+00,1.06593750e+01,4.56250000e-02,1.07289062e+01
1.85952000e-06,4.71562500e+00,1.06250000e+01,5.06250000e-02,1.07195312e+01
1.85984000e-06,4.75000000e+00,1.07250000e+01,4.31250000e-02,1.06203125e+01
1.86016000e-06,4.81250000e+00,1.07343750e+01,8.12500000e-03,1.06476563e+01
1.86048000e-06,4.83437500e+00,1.07218750e+01,-9.37500000e-03,1.07218750e+01
1.86080000e-06,4.79687500e+00,1.07500000e+01,3.56250000e-02,1.07750000e+01
1.86112000e-06,4.66875000e+00,1.06375000e+01,5.56250000e-02,1.07531250e+01
1.86144000e-06,4.69375000e+00,1.07250000e+01,1.31250000e-02,1.07054687e+01
1.86176000e-06,4.65312500e+00,1.06375000e+01,4.31250000e-02,1.07781250e+01
1.86208000e-06,4.69062500e+00,1.08500000e+01,7.06250000e-02,1.07648438e+01
1.86240000e-06,4.77187500e+00,1.06250000e+01,1.56250000e-02,1.06625000e+01
1.86272000e-06,4.87187500e+00,1.07375000e+01,3.31250000e-02,1.06718750e+01
1.86304000e-06,4.84687500e+00,1.07500000e+01,-1.87500000e-03,1.06000000e+01
1.86336000e-06,4.81250000e+00,1.07750000e+01,1.56250000e-02,1.06531250e+01
1.86368000e-06,4.68125000e+00,1.07875000e+01,4.31250000e-02,1.07570313e+01
1.86400000e-06,4.71875000e+00,1.07625000e+01,3.31250000e-02,1.07898437e+01
1.86432000e-06,4.64375000e+00,1.07250000e+01,4.81250000e-02,1.07460938e+01
1.86464000e-06,4.72812500e+00,1.08250000e+01,4.81250000e-02,1.07101563e+01
1.86496000e-06,4.74687500e+00,1.06750000e+01,2.56250000e-02,1.07843750e+01
1.86528000e-06,4.75937500e+00,1.08500000e+01,4.06250000e-02,1.08351563e+01
1.86560000e-06,4.84687500e+00,1.07093750e+01,3.31250000e-02,1.08242188e+01
1.86592000e-06,4.78437500e+00,1.06250000e+01,3.31250000e-02,1.07156250e+01
1.86624000e-06,4.66875000e+00,1.07750000e+01,2.56250000e-02,1.06453125e+01
1.86656000e-06,4.74687500e+00,1.06312500e+01,1.56250000e-02,1.06570312e+01
1.86688000e-06,4.73125000e+00,1.06468750e+01,4.56250000e-02,1.07304688e+01
1.86720000e-06,4.73125000e+00,1.06875000e+01,3.81250000e-02,1.06984375e+01
1.86752000e-06,4.84687500e+00,1.07843750e+01,2.56250000e-02,1.06734375e+01
1.86784000e-06,4.85000000e+00,1.07843750e+01,5.81250000e-02,1.06750000e+01
1.86816000e-06,4.76250000e+00,1.06468750e+01,2.31250000e-02,1.06765625e+01
1.86848000e-06,4.73437500e+00,1.05812500e+01,3.81250000e-02,1.06625000e+01
1.86880000e-06,4.82500000e+00,1.08000000e+01,5.31250000e-02,1.06929687e+01
1.86912000e-06,4.80937500e+00,1.07250000e+01,1.81250000e-02,1.07031250e+01
1.86944000e-06,4.68125000e+00,1.06625000e+01,6.25000000e-04,1.06281250e+01
1.86976000e-06,4.72187500e+00,1.07843750e+01,4.81250000e-02,1.06054688e+01
1.87008000e-06,4.82187500e+00,1.06750000e+01,4.81250000e-02,1.07062500e+01
1.87040000e-06,4.72812500e+00,1.07375000e+01,4.31250000e-02,1.07875000e+01
1.87072000e-06,4.77500000e+00,1.06625000e+01,6.56250000e-02,1.07820312e+01
1.87104000e-06,4.82500000e+00,1.06875000e+01,2.56250000e-02,1.07226562e+01
1.87136000e-06,4.80937500e+00,1.08125000e+01,6.06250000e-02,1.06500000e+01
1.87168000e-06,4.87500000e+00,1.08875000e+01,4.56250000e-02,1.06804687e+01
1.87200000e-06,4.60625000e+00,1.08625000e+01,4.31250000e-02,1.06687500e+01
1.87232000e-06,4.67187500e+00,1.07625000e+01,2.81250000e-02,1.06726562e+01
1.87264000e-06,4.80000000e+00,1.06125000e+01,3.81250000e-02,1.07000000e+01
1.87296000e-06,4.85937500e+00,1.07500000e+01,2.81250000e-02,1.07757812e+01
1.87328000e-06,4.70625000e+00,1.07250000e+01,2.81250000e-02,1.08156250e+01
1.87360000e-06,4.80000000e+00,1.07000000e+01,3.81250000e-02,1.07671875e+01
1.87392000e-06,4.84687500e+00,1.07000000e+01,3.56250000e-02,1.07125000e+01
1.87424000e-06,4.69062500e+00,1.08375000e+01,4.56250000e-02,1.07023438e+01
1.87456000e-06,4.73437500e+00,1.07000000e+01,3.81250000e-02,1.07609375e+01
1.87488000e-06,4.70625000e+00,1.07125000e+01,4.06250000e-02,1.07648438e+01
1.87520000e-06,4.77187500e+00,1.07375000e+01,1.56250000e-02,1.06726562e+01
1.87552000e-06,4.76250000e+00,1.08000000e+01,4.06250000e-02,1.06671875e+01
1.87584000e-06,4.81250000e+00,1.07875000e+01,4.81250000e-02,1.07148438e+01
1.87616000e-06,4.77500000e+00,1.08375000e+01,3.06250000e-02,1.07617188e+01
1.87648000e-06,4.97500000e+00,1.06750000e+01,4.31250000e-02,1.07406250e+01
1.87680000e-06,4.70625000e+00,1.06875000e+01,2.81250000e-02,1.07148438e+01
1.87712000e-06,4.61875000e+00,1.08625000e+01,1.56250000e-02,1.07453125e+01
1.87744000e-06,4.61875000e+00,1.07625000e+01,4.81250000e-02,1.07117187e+01
1.87776000e-06,4.74687500e+00,1.06500000e+01,4.31250000e-02,1.07421875e+01
1.87808000e-06,4.77187500e+00,1.07125000e+01,3.12500000e-03,1.07726563e+01
1.87840000e-06,4.90937500e+00,1.06875000e+01,4.31250000e-02,1.07468750e+01
1.87872000e-06,4.77500000e+00,1.07750000e+01,3.81250000e-02,1.07218750e+01
1.87904000e-06,4.81250000e+00,1.07625000e+01,2.56250000e-02,1.06734375e+01
1.87936000e-06,4.83750000e+00,1.08625000e+01,4.31250000e-02,1.06625000e+01
1.87968000e-06,4.76250000e+00,1.07625000e+01,3.81250000e-02,1.07093750e+01
1.88000000e-06,4.86250000e+00,1.07125000e+01,2.31250000e-02,1.07421875e+01
1.88032000e-06,4.63125000e+00,1.06125000e+01,2.81250000e-02,1.07265625e+01
1.88064000e-06,4.59375000e+00,1.08375000e+01,5.31250000e-02,1.07742187e+01
1.88096000e-06,4.75000000e+00,1.06625000e+01,3.31250000e-02,1.07765625e+01
1.88128000e-06,4.76875000e+00,1.07625000e+01,2.56250000e-02,1.07632812e+01
1.88160000e-06,4.77187500e+00,1.06468750e+01,3.06250000e-02,1.07085937e+01
1.88192000e-06,4.86250000e+00,1.06500000e+01,4.81250000e-02,1.07625000e+01
1.88224000e-06,4.70312500e+00,1.07343750e+01,5.62500000e-03,1.07867187e+01
1.88256000e-06,4.73437500e+00,1.05468750e+01,1.31250000e-02,1.06875000e+01
1.88288000e-06,4.77187500e+00,1.05625000e+01,3.56250000e-02,1.07117187e+01
1.88320000e-06,4.78437500e+00,1.07843750e+01,6.25000000e-04,1.07039062e+01
1.88352000e-06,4.83750000e+00,1.07468750e+01,2.06250000e-02,1.06789063e+01
1.88384000e-06,4.80937500e+00,1.07062500e+01,4.06250000e-02,1.07046875e+01
1.88416000e-06,4.85000000e+00,1.07093750e+01,4.06250000e-02,1.08015625e+01
1.88448000e-06,4.82500000e+00,1.08375000e+01,4.56250000e-02,1.07812500e+01
1.88480000e-06,4.80000000e+00,1.07875000e+01,-4.37500000e-03,1.07242187e+01
1.88512000e-06,4.71875000e+00,1.06750000e+01,4.06250000e-02,1.06882812e+01
1.88544000e-06,4.72187500e+00,1.08375000e+01,5.56250000e-02,1.07648438e+01
1.88576000e-06,4.83750000e+00,1.08375000e+01,4.56250000e-02,1.07976562e+01
1.88608000e-06,4.77187500e+00,1.07500000e+01,5.56250000e-02,1.07335938e+01
1.88640000e-06,4.82500000e+00,1.06375000e+01,4.81250000e-02,1.07132812e+01
1.88672000e-06,4.87500000e+00,1.07375000e+01,2.31250000e-02,1.07062500e+01
1.88704000e-06,4.80000000e+00,1.08375000e+01,4.06250000e-02,1.07210937e+01
1.88736000e-06,4.81250000e+00,1.07625000e+01,4.31250000e-02,1.06609375e+01
1.88768000e-06,4.70937500e+00,1.07500000e+01,1.06250000e-02,1.06578125e+01
1.88800000e-06,4.70937500e+00,1.07375000e+01,5.56250000e-02,1.06882812e+01
1.88832000e-06,4.76250000e+00,1.07875000e+01,5.62500000e-03,1.06882812e+01
1.88864000e-06,4.86250000e+00,1.08125000e+01,4.31250000e-02,1.06703125e+01
1.88896000e-06,4.88750000e+00,1.08000000e+01,3.31250000e-02,1.07203125e+01
1.88928000e-06,4.69375000e+00,1.07125000e+01,3.31250000e-02,1.07289062e+01
1.88960000e-06,4.64375000e+00,1.07875000e+01,1.81250000e-02,1.06828125e+01
1.88992000e-06,4.80000000e+00,1.08750000e+01,8.12500000e-03,1.06835938e+01
1.89024000e-06,4.74687500e+00,1.06500000e+01,5.31250000e-02,1.07085937e+01
1.89056000e-06,4.78437500e+00,1.06000000e+01,4.81250000e-02,1.07078125e+01
1.89088000e-06,4.68125000e+00,1.08000000e+01,1.06250000e-02,1.07445312e+01
1.89120000e-06,4.75000000e+00,1.07625000e+01,5.06250000e-02,1.07453125e+01
1.89152000e-06,4.88750000e+00,1.08250000e+01,3.81250000e-02,1.06820312e+01
1.89184000e-06,4.87187500e+00,1.07375000e+01,5.31250000e-02,1.06101562e+01
1.89216000e-06,4.73437500e+00,1.06875000e+01,6.31250000e-02,1.06992188e+01
1.89248000e-06,4.78437500e+00,1.07125000e+01,5.31250000e-02,1.07453125e+01
1.89280000e-06,4.69687500e+00,1.07375000e+01,1.56250000e-02,1.07656250e+01
1.89312000e-06,4.76250000e+00,1.07125000e+01,3.56250000e-02,1.07632812e+01
1.89344000e-06,4.82187500e+00,1.07500000e+01,3.31250000e-02,1.07773438e+01
1.89376000e-06,4.86250000e+00,1.06625000e+01,3.06250000e-02,1.07398437e+01
1.89408000e-06,4.76250000e+00,1.08250000e+01,1.06250000e-02,1.07375000e+01
1.89440000e-06,4.87500000e+00,1.06750000e+01,3.31250000e-02,1.07515625e+01
1.89472000e-06,4.82187500e+00,1.08000000e+01,1.81250000e-02,1.07359375e+01
1.89504000e-06,4.68437500e+00,1.07750000e+01,2.56250000e-02,1.06414062e+01
1.89536000e-06,4.85000000e+00,1.07125000e+01,3.81250000e-02,1.06343750e+01
1.89568000e-06,4.80937500e+00,1.07750000e+01,5.06250000e-02,1.07015625e+01
1.89600000e-06,4.64375000e+00,1.08375000e+01,5.31250000e-02,1.07593750e+01
1.89632000e-06,4.69687500e+00,1.07625000e+01,2.31250000e-02,1.07734375e+01
1.89664000e-06,4.85000000e+00,1.07625000e+01,5.56250000e-02,1.07851562e+01
1.89696000e-06,4.88437500e+00,1.06750000e+01,2.81250000e-02,1.07921875e+01
1.89728000e-06,4.71875000e+00,1.06375000e+01,1.06250000e-02,1.08265625e+01
1.89760000e-06,4.72187500e+00,1.07125000e+01,2.81250000e-02,1.07609375e+01
1.89792000e-06,4.77500000e+00,1.07000000e+01,3.31250000e-02,1.06250000e+01
1.89824000e-06,4.80937500e+00,1.07625000e+01,2.06250000e-02,1.06710938e+01
1.89856000e-06,4.77500000e+00,1.08625000e+01,2.81250000e-02,1.06734375e+01
1.89888000e-06,4.76250000e+00,1.07375000e+01,5.31250000e-02,1.07007812e+01
1.89920000e-06,4.81250000e+00,1.06875000e+01,1.81250000e-02,1.06914062e+01
1.89952000e-06,4.86250000e+00,1.08000000e+01,3.81250000e-02,1.06781250e+01
1.89984000e-06,4.73125000e+00,1.08875000e+01,7.56250000e-02,1.06742187e+01
1.90016000e-06,4.69687500e+00,1.07750000e+01,3.81250000e-02,1.06328125e+01
1.90048000e-06,4.77500000e+00,1.08500000e+01,3.56250000e-02,1.06664062e+01
1.90080000e-06,4.70625000e+00,1.07250000e+01,3.56250000e-02,1.06773437e+01
1.90112000e-06,4.69375000e+00,1.08500000e+01,4.56250000e-02,1.06843750e+01
1.90144000e-06,4.72187500e+00,1.07625000e+01,2.56250000e-02,1.07039062e+01
1.90176000e-06,4.84687500e+00,1.08625000e+01,2.06250000e-02,1.06703125e+01
1.90208000e-06,4.71875000e+00,1.07750000e+01,1.81250000e-02,1.06421875e+01
1.90240000e-06,4.86250000e+00,1.07500000e+01,4.56250000e-02,1.06609375e+01
1.90272000e-06,4.79687500e+00,1.07000000e+01,4.06250000e-02,1.06546875e+01
1.90304000e-06,4.76250000e+00,1.07375000e+01,4.06250000e-02,1.06445312e+01
1.90336000e-06,4.72187500e+00,1.06375000e+01,2.06250000e-02,1.07359375e+01
1.90368000e-06,4.74687500e+00,1.08750000e+01,3.56250000e-02,1.07125000e+01
1.90400000e-06,4.78750000e+00,1.07750000e+01,1.81250000e-02,1.06546875e+01
1.90432000e-06,4.84687500e+00,1.06625000e+01,3.12500000e-03,1.05953125e+01
1.90464000e-06,4.70625000e+00,1.08125000e+01,3.56250000e-02,1.06757812e+01
1.90496000e-06,4.83750000e+00,1.09625000e+01,6.31250000e-02,1.06835938e+01
1.90528000e-06,4.76875000e+00,1.07875000e+01,5.31250000e-02,1.06695312e+01
1.90560000e-06,4.61875000e+00,1.07125000e+01,2.06250000e-02,1.06578125e+01
1.90592000e-06,4.76250000e+00,1.08125000e+01,2.56250000e-02,1.06296875e+01
1.90624000e-06,4.68125000e+00,1.06875000e+01,4.81250000e-02,1.06718750e+01
1.90656000e-06,4.85937500e+00,1.06625000e+01,1.56250000e-02,1.06250000e+01
1.90688000e-06,4.79687500e+00,1.07375000e+01,3.06250000e-02,1.05937500e+01
1.90720000e-06,4.66875000e+00,1.06125000e+01,3.81250000e-02,1.06859375e+01
1.90752000e-06,4.61875000e+00,1.06875000e+01,3.81250000e-02,1.06687500e+01
1.90784000e-06,4.71875000e+00,1.07375000e+01,2.81250000e-02,1.07031250e+01
1.90816000e-06,4.81875000e+00,1.06750000e+01,4.31250000e-02,1.06937500e+01
1.90848000e-06,4.70312500e+00,1.06750000e+01,4.31250000e-02,1.06601562e+01
1.90880000e-06,4.76250000e+00,1.07750000e+01,2.56250000e-02,1.07117187e+01
1.90912000e-06,4.80937500e+00,1.07625000e+01,1.81250000e-02,1.06546875e+01
1.90944000e-06,4.87187500e+00,1.06750000e+01,4.81250000e-02,1.06273437e+01
1.90976000e-06,4.78437500e+00,1.06875000e+01,3.31250000e-02,1.07328125e+01
1.91008000e-06,4.69375000e+00,1.07125000e+01,3.31250000e-02,1.07046875e+01
1.91040000e-06,4.68125000e+00,1.07000000e+01,6.06250000e-02,1.06312500e+01
1.91072000e-06,4.82187500e+00,1.05968750e+01,3.06250000e-02,1.06671875e+01
1.91104000e-06,4.85937500e+00,1.06500000e+01,1.06250000e-02,1.07117187e+01
1.91136000e-06,4.66562500e+00,1.08000000e+01,4.06250000e-02,1.06882812e+01
1.91168000e-06,4.76250000e+00,1.06968750e+01,3.12500000e-03,1.06914062e+01
1.91200000e-06,4.85000000e+00,1.06468750e+01,3.31250000e-02,1.07234375e+01
1.91232000e-06,4.85937500e+00,1.06625000e+01,1.56250000e-02,1.08015625e+01
1.91264000e-06,4.83750000e+00,1.08375000e+01,5.56250000e-02,1.08257812e+01
1.91296000e-06,4.73125000e+00,1.07125000e+01,3.06250000e-02,1.07796875e+01
1.91328000e-06,4.72187500e+00,1.07250000e+01,6.31250000e-02,1.07351562e+01
1.91360000e-06,4.74687500e+00,1.09375000e+01,4.06250000e-02,1.07117187e+01
1.91392000e-06,4.69375000e+00,1.07625000e+01,2.81250000e-02,1.06710938e+01
1.91424000e-06,4.96250000e+00,1.08125000e+01,2.31250000e-02,1.06390625e+01
1.91456000e-06,4.83437500e+00,1.07375000e+01,5.06250000e-02,1.06546875e+01
1.91488000e-06,4.86250000e+00,1.07875000e+01,2.06250000e-02,1.06578125e+01
1.91520000e-06,4.87500000e+00,1.07625000e+01,4.56250000e-02,1.06843750e+01
1.91552000e-06,4.74687500e+00,1.06000000e+01,4.81250000e-02,1.06820312e+01
1.91584000e-06,4.68125000e+00,1.07000000e+01,1.56250000e-02,1.06414062e+01
1.91616000e-06,4.61875000e+00,1.07375000e+01,-6.87500000e-03,1.06664062e+01
1.91648000e-06,4.68125000e+00,1.08125000e+01,3.31250000e-02,1.07562500e+01
1.91680000e-06,4.82187500e+00,1.07875000e+01,3.56250000e-02,1.07195312e+01
1.91712000e-06,4.79687500e+00,1.07750000e+01,4.31250000e-02,1.06562500e+01
1.91744000e-06,4.88750000e+00,1.07250000e+01,2.81250000e-02,1.06492187e+01
1.91776000e-06,4.90000000e+00,1.08625000e+01,2.06250000e-02,1.06421875e+01
1.91808000e-06,4.79687500e+00,1.07750000e+01,1.56250000e-02,1.06250000e+01
1.91840000e-06,4.60625000e+00,1.06000000e+01,2.56250000e-02,1.06406250e+01
1.91872000e-06,4.83750000e+00,1.07375000e+01,5.06250000e-02,1.06867188e+01
1.91904000e-06,4.82187500e+00,1.06750000e+01,4.81250000e-02,1.07070312e+01
1.91936000e-06,4.70312500e+00,1.06625000e+01,2.31250000e-02,1.07031250e+01
1.91968000e-06,4.81250000e+00,1.06750000e+01,5.81250000e-02,1.07382812e+01
1.92000000e-06,4.83750000e+00,1.06625000e+01,4.31250000e-02,1.07757812e+01
1.92032000e-06,4.94687500e+00,1.09000000e+01,4.31250000e-02,1.07546875e+01
1.92064000e-06,4.85000000e+00,1.07125000e+01,1.56250000e-02,1.07382812e+01
1.92096000e-06,4.78750000e+00,1.07750000e+01,4.06250000e-02,1.07015625e+01
1.92128000e-06,4.85000000e+00,1.06250000e+01,4.56250000e-02,1.07468750e+01
1.92160000e-06,4.69375000e+00,1.06250000e+01,1.81250000e-02,1.07945312e+01
1.92192000e-06,4.66875000e+00,1.06750000e+01,5.56250000e-02,1.07773438e+01
1.92224000e-06,4.76250000e+00,1.06500000e+01,7.56250000e-02,1.06789063e+01
1.92256000e-06,4.80625000e+00,1.07125000e+01,4.31250000e-02,1.06953125e+01
1.92288000e-06,4.65625000e+00,1.07500000e+01,2.81250000e-02,1.07343750e+01
1.92320000e-06,4.80000000e+00,1.07875000e+01,1.06250000e-02,1.06750000e+01
1.92352000e-06,4.75937500e+00,1.07500000e+01,3.81250000e-02,1.06726562e+01
1.92384000e-06,4.76250000e+00,1.06500000e+01,3.56250000e-02,1.06914062e+01
1.92416000e-06,4.82500000e+00,1.07250000e+01,2.31250000e-02,1.06859375e+01
1.92448000e-06,4.90000000e+00,1.07125000e+01,3.81250000e-02,1.07007812e+01
1.92480000e-06,4.76250000e+00,1.06875000e+01,5.56250000e-02,1.07414063e+01
1.92512000e-06,4.78750000e+00,1.07125000e+01,4.56250000e-02,1.07960938e+01
1.92544000e-06,4.74687500e+00,1.07375000e+01,4.56250000e-02,1.07304688e+01
1.92576000e-06,4.70937500e+00,1.07875000e+01,5.56250000e-02,1.06554688e+01
1.92608000e-06,4.86250000e+00,1.08375000e+01,3.56250000e-02,1.06367188e+01
1.92640000e-06,4.78437500e+00,1.06750000e+01,4.06250000e-02,1.06882812e+01
1.92672000e-06,4.80937500e+00,1.06375000e+01,3.56250000e-02,1.08054687e+01
1.92704000e-06,4.70937500e+00,1.07125000e+01,1.56250000e-02,1.08250000e+01
1.92736000e-06,4.92500000e+00,1.08000000e+01,6.31250000e-02,1.07437500e+01
1.92768000e-06,4.79375000e+00,1.06625000e+01,1.31250000e-02,1.06914062e+01
1.92800000e-06,4.72187500e+00,1.07875000e+01,2.31250000e-02,1.07484375e+01
1.92832000e-06,4.73125000e+00,1.06750000e+01,4.56250000e-02,1.07593750e+01
1.92864000e-06,4.77187500e+00,1.06593750e+01,5.06250000e-02,1.06960937e+01
1.92896000e-06,4.76250000e+00,1.06500000e+01,5.31250000e-02,1.06289062e+01
1.92928000e-06,4.73125000e+00,1.07625000e+01,1.56250000e-02,1.06414062e+01
1.92960000e-06,4.80000000e+00,1.07343750e+01,3.81250000e-02,1.06765625e+01
1.92992000e-06,4.81250000e+00,1.07343750e+01,4.31250000e-02,1.07195312e+01
1.93024000e-06,4.93750000e+00,1.07875000e+01,3.56250000e-02,1.08117188e+01
1.93056000e-06,4.79687500e+00,1.07750000e+01,5.06250000e-02,1.07476562e+01
1.93088000e-06,4.66875000e+00,1.06125000e+01,4.81250000e-02,1.06953125e+01
1.93120000e-06,4.80000000e+00,1.06375000e+01,2.81250000e-02,1.06648437e+01
1.93152000e-06,4.61562500e+00,1.05968750e+01,4.31250000e-02,1.06734375e+01
1.93184000e-06,4.66875000e+00,1.06625000e+01,4.31250000e-02,1.06851562e+01
1.93216000e-06,4.92500000e+00,1.09000000e+01,2.56250000e-02,1.06015625e+01
1.93248000e-06,4.93437500e+00,1.07718750e+01,4.31250000e-02,1.06750000e+01
1.93280000e-06,4.88750000e+00,1.06343750e+01,3.56250000e-02,1.07796875e+01
1.93312000e-06,4.64375000e+00,1.07750000e+01,5.06250000e-02,1.07132812e+01
1.93344000e-06,4.75000000e+00,1.08250000e+01,2.31250000e-02,1.06195312e+01
1.93376000e-06,4.72187500e+00,1.06437500e+01,4.06250000e-02,1.06375000e+01
1.93408000e-06,4.78437500e+00,1.04906250e+01,4.06250000e-02,1.07125000e+01
1.93440000e-06,4.87500000e+00,1.07343750e+01,2.56250000e-02,1.07179688e+01
1.93472000e-06,4.78750000e+00,1.06750000e+01,2.31250000e-02,1.06609375e+01
1.93504000e-06,4.82500000e+00,1.05750000e+01,2.31250000e-02,1.06515625e+01
1.93536000e-06,4.79687500e+00,1.06937500e+01,2.81250000e-02,1.06507812e+01
1.93568000e-06,4.83750000e+00,1.06968750e+01,4.56250000e-02,1.06531250e+01
1.93600000e-06,4.73125000e+00,1.06593750e+01,2.56250000e-02,1.06195312e+01
1.93632000e-06,4.67812500e+00,1.07718750e+01,3.31250000e-02,1.06515625e+01
1.93664000e-06,4.60625000e+00,1.08625000e+01,4.06250000e-02,1.06710938e+01
1.93696000e-06,4.75937500e+00,1.06843750e+01,2.31250000e-02,1.06789063e+01
1.93728000e-06,4.74687500e+00,1.05812500e+01,3.56250000e-02,1.06304687e+01
1.93760000e-06,4.85937500e+00,1.06937500e+01,4.31250000e-02,1.06296875e+01
1.93792000e-06,4.80937500e+00,1.05031250e+01,3.81250000e-02,1.06945313e+01
1.93824000e-06,4.71875000e+00,1.07718750e+01,6.81250000e-02,1.07414063e+01
1.93856000e-06,4.76250000e+00,1.08156250e+01,3.81250000e-02,1.06484375e+01
1.93888000e-06,4.67812500e+00,1.07156250e+01,5.06250000e-02,1.06195312e+01
1.93920000e-06,4.66875000e+00,1.06312500e+01,5.31250000e-02,1.07218750e+01
1.93952000e-06,4.90000000e+00,1.07500000e+01,3.06250000e-02,1.07085937e+01
1.93984000e-06,4.77187500e+00,1.07718750e+01,-1.87500000e-03,1.06445312e+01
1.94016000e-06,4.80000000e+00,1.06218750e+01,5.06250000e-02,1.06507812e+01
1.94048000e-06,4.82500000e+00,1.06875000e+01,4.06250000e-02,1.06390625e+01
1.94080000e-06,4.87187500e+00,1.08375000e+01,3.31250000e-02,1.06382812e+01
1.94112000e-06,4.65937500e+00,1.08375000e+01,1.81250000e-02,1.07367187e+01
1.94144000e-06,4.82500000e+00,1.07875000e+01,3.06250000e-02,1.07687500e+01
1.94176000e-06,4.60312500e+00,1.07250000e+01,4.31250000e-02,1.07546875e+01
1.94208000e-06,4.69687500e+00,1.07750000e+01,4.06250000e-02,1.07312500e+01
1.94240000e-06,4.82500000e+00,1.07250000e+01,6.56250000e-02,1.06632813e+01
1.94272000e-06,4.85937500e+00,1.08750000e+01,3.06250000e-02,1.06546875e+01
1.94304000e-06,4.96250000e+00,1.06750000e+01,4.06250000e-02,1.06617187e+01
1.94336000e-06,4.75000000e+00,1.07500000e+01,2.31250000e-02,1.07062500e+01
1.94368000e-06,4.85000000e+00,1.07000000e+01,3.81250000e-02,1.06679688e+01
1.94400000e-06,4.75000000e+00,1.06625000e+01,5.56250000e-02,1.06609375e+01
1.94432000e-06,4.76250000e+00,1.07750000e+01,5.81250000e-02,1.07046875e+01
1.94464000e-06,4.85000000e+00,1.06875000e+01,1.06250000e-02,1.07203125e+01
1.94496000e-06,4.81250000e+00,1.07000000e+01,5.62500000e-03,1.07171875e+01
1.94528000e-06,4.73125000e+00,1.07625000e+01,2.81250000e-02,1.06585937e+01
1.94560000e-06,4.74687500e+00,1.06125000e+01,4.31250000e-02,1.07070312e+01
1.94592000e-06,4.70625000e+00,1.07750000e+01,5.31250000e-02,1.07445312e+01
1.94624000e-06,4.69375000e+00,1.08250000e+01,6.56250000e-02,1.07046875e+01
1.94656000e-06,4.80937500e+00,1.07500000e+01,4.56250000e-02,1.06984375e+01
1.94688000e-06,4.76875000e+00,1.07625000e+01,4.56250000e-02,1.07062500e+01
1.94720000e-06,4.65937500e+00,1.06875000e+01,1.81250000e-02,1.06851562e+01
1.94752000e-06,4.80000000e+00,1.07375000e+01,3.31250000e-02,1.07632812e+01
1.94784000e-06,4.78125000e+00,1.07625000e+01,4.81250000e-02,1.07554687e+01
1.94816000e-06,4.65625000e+00,1.06750000e+01,4.56250000e-02,1.06726562e+01
1.94848000e-06,4.78750000e+00,1.07500000e+01,6.81250000e-02,1.06234375e+01
1.94880000e-06,4.75625000e+00,1.07375000e+01,2.81250000e-02,1.06289062e+01
1.94912000e-06,4.62812500e+00,1.08750000e+01,1.31250000e-02,1.06953125e+01
1.94944000e-06,4.80000000e+00,1.07000000e+01,5.06250000e-02,1.06648437e+01
1.94976000e-06,4.97187500e+00,1.06843750e+01,2.06250000e-02,1.06046875e+01
1.95008000e-06,4.88437500e+00,1.05781250e+01,3.31250000e-02,1.06414062e+01
1.95040000e-06,4.73125000e+00,1.06343750e+01,4.31250000e-02,1.07101563e+01
1.95072000e-06,4.82500000e+00,1.08093750e+01,6.81250000e-02,1.07093750e+01
1.95104000e-06,4.76250000e+00,1.07593750e+01,3.81250000e-02,1.05843750e+01
1.95136000e-06,4.83437500e+00,1.07437500e+01,4.06250000e-02,1.05757812e+01
1.95168000e-06,4.73437500e+00,1.07250000e+01,3.06250000e-02,1.06101562e+01
1.95200000e-06,4.72187500e+00,1.07000000e+01,5.31250000e-02,1.06179687e+01
1.95232000e-06,4.78750000e+00,1.07250000e+01,5.56250000e-02,1.06242188e+01
1.95264000e-06,4.68125000e+00,1.06625000e+01,3.31250000e-02,1.06289062e+01
1.95296000e-06,4.82500000e+00,1.07718750e+01,3.06250000e-02,1.07000000e+01
1.95328000e-06,4.86250000e+00,1.05687500e+01,1.31250000e-02,1.06695312e+01
1.95360000e-06,4.79687500e+00,1.07875000e+01,4.06250000e-02,1.05562500e+01
1.95392000e-06,4.77500000e+00,1.07750000e+01,6.06250000e-02,1.06257812e+01
1.95424000e-06,4.70625000e+00,1.06250000e+01,4.06250000e-02,1.06656250e+01
1.95456000e-06,4.68125000e+00,1.07218750e+01,5.56250000e-02,1.06812500e+01
1.95488000e-06,4.68437500e+00,1.07125000e+01,5.06250000e-02,1.06265625e+01
1.95520000e-06,4.89687500e+00,1.07375000e+01,2.56250000e-02,1.05789062e+01
1.95552000e-06,4.86875000e+00,1.07625000e+01,5.62500000e-03,1.06578125e+01
1.95584000e-06,4.72187500e+00,1.06625000e+01,2.06250000e-02,1.06898437e+01
1.95616000e-06,4.82500000e+00,1.06375000e+01,1.81250000e-02,1.06695312e+01
1.95648000e-06,4.88437500e+00,1.06750000e+01,6.56250000e-02,1.06851562e+01
1.95680000e-06,4.93750000e+00,1.07750000e+01,4.81250000e-02,1.06703125e+01
1.95712000e-06,4.70625000e+00,1.07000000e+01,4.56250000e-02,1.05945312e+01
1.95744000e-06,4.73437500e+00,1.08000000e+01,2.56250000e-02,1.05578125e+01
1.95776000e-06,4.85000000e+00,1.07250000e+01,2.31250000e-02,1.06140625e+01
1.95808000e-06,4.72812500e+00,1.07125000e+01,4.06250000e-02,1.07039062e+01
1.95840000e-06,4.78750000e+00,1.07625000e+01,1.81250000e-02,1.07148438e+01
1.95872000e-06,4.91250000e+00,1.07000000e+01,4.31250000e-02,1.06609375e+01
1.95904000e-06,4.78437500e+00,1.07625000e+01,4.81250000e-02,1.06515625e+01
1.95936000e-06,4.76250000e+00,1.07000000e+01,2.06250000e-02,1.05960937e+01
1.95968000e-06,4.75000000e+00,1.06250000e+01,4.56250000e-02,1.06132812e+01
1.96000000e-06,4.82500000e+00,1.06250000e+01,5.31250000e-02,1.06000000e+01
1.96032000e-06,4.81250000e+00,1.06875000e+01,2.81250000e-02,1.06085938e+01
1.96064000e-06,4.78437500e+00,1.07250000e+01,2.56250000e-02,1.06000000e+01
1.96096000e-06,4.78750000e+00,1.07000000e+01,5.06250000e-02,1.05718750e+01
1.96128000e-06,4.78437500e+00,1.07000000e+01,7.06250000e-02,1.05773438e+01
1.96160000e-06,4.66875000e+00,1.06000000e+01,3.31250000e-02,1.06601562e+01
1.96192000e-06,4.87500000e+00,1.07125000e+01,2.81250000e-02,1.05828125e+01
1.96224000e-06,4.72812500e+00,1.07500000e+01,2.31250000e-02,1.05726562e+01
1.96256000e-06,4.76250000e+00,1.07625000e+01,4.06250000e-02,1.06335937e+01
1.96288000e-06,4.80000000e+00,1.06250000e+01,5.06250000e-02,1.06085938e+01
1.96320000e-06,4.76875000e+00,1.08218750e+01,4.06250000e-02,1.05921875e+01
1.96352000e-06,4.75000000e+00,1.05687500e+01,4.56250000e-02,1.06257812e+01
1.96384000e-06,4.80000000e+00,1.08375000e+01,5.56250000e-02,1.06382812e+01
1.96416000e-06,4.78437500e+00,1.08250000e+01,1.31250000e-02,1.06218750e+01
1.96448000e-06,4.76250000e+00,1.07750000e+01,2.31250000e-02,1.06406250e+01
1.96480000e-06,4.77500000e+00,1.07187500e+01,1.56250000e-02,1.06054688e+01
1.96512000e-06,4.85000000e+00,1.05281250e+01,5.56250000e-02,1.05281250e+01
1.96544000e-06,4.72187500e+00,1.06968750e+01,5.06250000e-02,1.05750000e+01
1.96576000e-06,4.91250000e+00,1.07468750e+01,3.81250000e-02,1.07171875e+01
1.96608000e-06,4.81250000e+00,1.06593750e+01,3.06250000e-02,1.06890625e+01
1.96640000e-06,4.83437500e+00,1.08062500e+01,2.81250000e-02,1.05906250e+01
1.96672000e-06,4.70625000e+00,1.07125000e+01,4.56250000e-02,1.06914062e+01
1.96704000e-06,4.74687500e+00,1.08625000e+01,3.56250000e-02,1.06804687e+01
1.96736000e-06,4.71875000e+00,1.07375000e+01,2.81250000e-02,1.05625000e+01
1.96768000e-06,4.93437500e+00,1.06125000e+01,3.31250000e-02,1.05343750e+01
1.96800000e-06,4.87187500e+00,1.07375000e+01,2.81250000e-02,1.05976562e+01
1.96832000e-06,4.70937500e+00,1.08375000e+01,3.56250000e-02,1.06031250e+01
1.96864000e-06,4.82500000e+00,1.07625000e+01,4.31250000e-02,1.05867187e+01
1.96896000e-06,4.82500000e+00,1.06875000e+01,2.06250000e-02,1.06343750e+01
1.96928000e-06,4.65625000e+00,1.06375000e+01,1.31250000e-02,1.06679688e+01
1.96960000e-06,4.68437500e+00,1.06250000e+01,2.06250000e-02,1.06085938e+01
1.96992000e-06,4.76250000e+00,1.07250000e+01,4.81250000e-02,1.05828125e+01
1.97024000e-06,4.75937500e+00,1.07875000e+01,1.81250000e-02,1.07023438e+01
1.97056000e-06,4.85000000e+00,1.06375000e+01,4.06250000e-02,1.07695312e+01
1.97088000e-06,4.86250000e+00,1.06875000e+01,4.06250000e-02,1.07101563e+01
1.97120000e-06,4.74687500e+00,1.07500000e+01,2.81250000e-02,1.07281250e+01
1.97152000e-06,4.85000000e+00,1.08375000e+01,5.06250000e-02,1.07257813e+01
1.97184000e-06,4.80000000e+00,1.06625000e+01,3.31250000e-02,1.05953125e+01
1.97216000e-06,4.71562500e+00,1.07375000e+01,3.31250000e-02,1.05460938e+01
1.97248000e-06,4.69687500e+00,1.08625000e+01,5.56250000e-02,1.05851563e+01
1.97280000e-06,4.78750000e+00,1.07250000e+01,3.31250000e-02,1.06601562e+01
1.97312000e-06,4.93437500e+00,1.06875000e+01,3.31250000e-02,1.07320312e+01
1.97344000e-06,4.73437500e+00,1.07843750e+01,3.81250000e-02,1.07015625e+01
1.97376000e-06,4.80000000e+00,1.05687500e+01,3.31250000e-02,1.07000000e+01
1.97408000e-06,4.75937500e+00,1.06750000e+01,3.31250000e-02,1.06843750e+01
1.97440000e-06,4.72187500e+00,1.06000000e+01,3.06250000e-02,1.06453125e+01
1.97472000e-06,4.79687500e+00,1.07500000e+01,3.81250000e-02,1.06515625e+01
1.97504000e-06,4.69375000e+00,1.07468750e+01,4.06250000e-02,1.06179687e+01
1.97536000e-06,4.88750000e+00,1.07000000e+01,4.31250000e-02,1.05796875e+01
1.97568000e-06,4.87187500e+00,1.06375000e+01,3.06250000e-02,1.05851563e+01
1.97600000e-06,4.68125000e+00,1.07250000e+01,2.56250000e-02,1.06453125e+01
1.97632000e-06,4.61875000e+00,1.06750000e+01,3.56250000e-02,1.07765625e+01
1.97664000e-06,4.68125000e+00,1.07125000e+01,4.31250000e-02,1.07304688e+01
1.97696000e-06,4.66875000e+00,1.07500000e+01,3.56250000e-02,1.06562500e+01
1.97728000e-06,4.76875000e+00,1.07750000e+01,5.31250000e-02,1.07031250e+01
1.97760000e-06,4.77187500e+00,1.07500000e+01,2.56250000e-02,1.07054687e+01
1.97792000e-06,4.75000000e+00,1.07875000e+01,1.06250000e-02,1.06601562e+01
1.97824000e-06,4.80937500e+00,1.06250000e+01,5.06250000e-02,1.05968750e+01
1.97856000e-06,4.73125000e+00,1.07093750e+01,2.31250000e-02,1.06875000e+01
1.97888000e-06,4.75000000e+00,1.05656250e+01,3.06250000e-02,1.08109375e+01
1.97920000e-06,4.75937500e+00,1.07593750e+01,4.31250000e-02,1.07117187e+01
1.97952000e-06,4.74375000e+00,1.07468750e+01,3.56250000e-02,1.06335937e+01
1.97984000e-06,4.60625000e+00,1.06593750e+01,3.06250000e-02,1.06664062e+01
1.98016000e-06,4.71875000e+00,1.07437500e+01,4.31250000e-02,1.07054687e+01
1.98048000e-06,4.79375000e+00,1.06500000e+01,7.31250000e-02,1.06343750e+01
1.98080000e-06,4.65625000e+00,1.06500000e+01,2.31250000e-02,1.06093750e+01
1.98112000e-06,4.90000000e+00,1.06625000e+01,3.31250000e-02,1.06984375e+01
1.98144000e-06,4.75625000e+00,1.06375000e+01,3.31250000e-02,1.07085937e+01
1.98176000e-06,4.70625000e+00,1.06500000e+01,4.56250000e-02,1.07015625e+01
1.98208000e-06,4.65625000e+00,1.06250000e+01,3.31250000e-02,1.07023438e+01
1.98240000e-06,4.75937500e+00,1.08500000e+01,4.56250000e-02,1.06781250e+01
1.98272000e-06,4.70625000e+00,1.06750000e+01,2.56250000e-02,1.06601562e+01
1.98304000e-06,4.83125000e+00,1.06500000e+01,3.56250000e-02,1.06398438e+01
1.98336000e-06,4.75000000e+00,1.07000000e+01,6.06250000e-02,1.07000000e+01
1.98368000e-06,4.92500000e+00,1.07625000e+01,3.56250000e-02,1.07304688e+01
1.98400000e-06,4.65312500e+00,1.08125000e+01,2.56250000e-02,1.07421875e+01
1.98432000e-06,4.68125000e+00,1.06375000e+01,5.06250000e-02,1.07093750e+01
1.98464000e-06,4.78750000e+00,1.07375000e+01,3.06250000e-02,1.07437500e+01
1.98496000e-06,4.83437500e+00,1.07125000e+01,3.31250000e-02,1.06789063e+01
1.98528000e-06,4.64375000e+00,1.07500000e+01,3.31250000e-02,1.06382812e+01
1.98560000e-06,4.86250000e+00,1.07750000e+01,3.31250000e-02,1.06429687e+01
1.98592000e-06,4.75000000e+00,1.07625000e+01,3.56250000e-02,1.06156250e+01
1.98624000e-06,4.80937500e+00,1.07250000e+01,5.81250000e-02,1.06421875e+01
1.98656000e-06,4.66875000e+00,1.06750000e+01,3.31250000e-02,1.07031250e+01
1.98688000e-06,4.73125000e+00,1.08750000e+01,5.06250000e-02,1.07078125e+01
1.98720000e-06,4.61562500e+00,1.06125000e+01,1.06250000e-02,1.05703125e+01
1.98752000e-06,4.74375000e+00,1.07625000e+01,6.06250000e-02,1.05625000e+01
1.98784000e-06,4.71875000e+00,1.06750000e+01,4.06250000e-02,1.06664062e+01
1.98816000e-06,4.79375000e+00,1.07750000e+01,3.12500000e-03,1.07476562e+01
1.98848000e-06,4.74687500e+00,1.07875000e+01,6.81250000e-02,1.06875000e+01
1.98880000e-06,4.90000000e+00,1.07625000e+01,4.56250000e-02,1.06492187e+01
1.98912000e-06,4.79375000e+00,1.07375000e+01,1.31250000e-02,1.06609375e+01
1.98944000e-06,4.70937500e+00,1.07000000e+01,2.31250000e-02,1.06382812e+01
1.98976000e-06,4.71875000e+00,1.07250000e+01,2.31250000e-02,1.06718750e+01
1.99008000e-06,4.54062500e+00,1.08125000e+01,4.81250000e-02,1.06164063e+01
1.99040000e-06,4.81250000e+00,1.07500000e+01,4.56250000e-02,1.06554688e+01
1.99072000e-06,4.77187500e+00,1.06750000e+01,3.81250000e-02,1.07476562e+01
1.99104000e-06,4.79375000e+00,1.07375000e+01,2.31250000e-02,1.06296875e+01
1.99136000e-06,4.77500000e+00,1.07500000e+01,5.56250000e-02,1.06460937e+01
1.99168000e-06,4.86250000e+00,1.06750000e+01,5.06250000e-02,1.07031250e+01
1.99200000e-06,4.89687500e+00,1.07875000e+01,5.81250000e-02,1.06109375e+01
1.99232000e-06,4.68125000e+00,1.07000000e+01,5.56250000e-02,1.06210938e+01
1.99264000e-06,4.67187500e+00,1.07500000e+01,5.56250000e-02,1.05992187e+01
1.99296000e-06,4.70625000e+00,1.07000000e+01,4.31250000e-02,1.06343750e+01
1.99328000e-06,4.71875000e+00,1.07750000e+01,3.81250000e-02,1.07054687e+01
1.99360000e-06,4.77500000e+00,1.07250000e+01,4.06250000e-02,1.06750000e+01
1.99392000e-06,4.87187500e+00,1.07875000e+01,2.31250000e-02,1.05937500e+01
1.99424000e-06,4.64375000e+00,1.07250000e+01,2.81250000e-02,1.05539063e+01
1.99456000e-06,4.72187500e+00,1.06625000e+01,2.06250000e-02,1.06023437e+01
1.99488000e-06,4.91250000e+00,1.06500000e+01,1.56250000e-02,1.06570312e+01
1.99520000e-06,4.80937500e+00,1.08375000e+01,3.31250000e-02,1.06562500e+01
1.99552000e-06,4.70625000e+00,1.06750000e+01,5.56250000e-02,1.06484375e+01
1.99584000e-06,4.67187500e+00,1.06750000e+01,2.31250000e-02,1.06351562e+01
1.99616000e-06,4.91250000e+00,1.06468750e+01,4.06250000e-02,1.06710938e+01
1.99648000e-06,4.75937500e+00,1.06250000e+01,5.81250000e-02,1.06718750e+01
1.99680000e-06,4.73125000e+00,1.07000000e+01,3.31250000e-02,1.06890625e+01
1.99712000e-06,4.77187500e+00,1.06906250e+01,4.06250000e-02,1.06539062e+01
1.99744000e-06,4.66875000e+00,1.05406250e+01,4.56250000e-02,1.06085938e+01
1.99776000e-06,4.72812500e+00,1.07625000e+01,4.56250000e-02,1.05148438e+01
1.99808000e-06,4.64062500e+00,1.06843750e+01,4.06250000e-02,1.05265625e+01
1.99840000e-06,4.71875000e+00,1.07968750e+01,2.06250000e-02,1.06078125e+01
1.99872000e-06,4.87187500e+00,1.06593750e+01,5.56250000e-02,1.06664062e+01
1.99904000e-06,4.66562500e+00,1.08625000e+01,4.06250000e-02,1.06343750e+01
1.99936000e-06,4.83750000e+00,1.08375000e+01,2.81250000e-02,1.06390625e+01
1.99968000e-06,4.77500000e+00,1.06625000e+01,2.06250000e-02,1.06570312e+01
2.00000000e-06,4.77187500e+00,1.06250000e+01,3.06250000e-02,1.06625000e+01
2.00032000e-06,4.78750000e+00,1.06750000e+01,3.06250000e-02,1.06179687e+01
2.00064000e-06,4.71875000e+00,1.07875000e+01,2.31250000e-02,1.05875000e+01
2.00096000e-06,4.75000000e+00,1.07500000e+01,2.81250000e-02,1.06546875e+01
2.00128000e-06,4.78437500e+00,1.06625000e+01,1.31250000e-02,1.06398438e+01
2.00160000e-06,4.80937500e+00,1.06625000e+01,4.81250000e-02,1.06406250e+01
2.00192000e-06,4.79687500e+00,1.07250000e+01,5.31250000e-02,1.06000000e+01
2.00224000e-06,4.64062500e+00,1.07250000e+01,4.31250000e-02,1.05625000e+01
2.00256000e-06,4.68125000e+00,1.07000000e+01,1.31250000e-02,1.06156250e+01
2.00288000e-06,4.70625000e+00,1.07250000e+01,4.06250000e-02,1.05335937e+01
2.00320000e-06,4.70312500e+00,1.07000000e+01,4.31250000e-02,1.05414062e+01
2.00352000e-06,4.69062500e+00,1.08875000e+01,3.81250000e-02,1.05765625e+01
2.00384000e-06,4.69687500e+00,1.06500000e+01,4.31250000e-02,1.06281250e+01
2.00416000e-06,4.98437500e+00,1.06375000e+01,4.31250000e-02,1.06968750e+01
2.00448000e-06,4.75625000e+00,1.07625000e+01,3.31250000e-02,1.07210937e+01
2.00480000e-06,4.69375000e+00,1.07875000e+01,4.06250000e-02,1.06281250e+01
2.00512000e-06,4.69687500e+00,1.07875000e+01,1.56250000e-02,1.05578125e+01
2.00544000e-06,4.80937500e+00,1.06812500e+01,3.06250000e-02,1.05906250e+01
2.00576000e-06,4.69062500e+00,1.05312500e+01,7.87500000e-02,1.06820312e+01
2.00608000e-06,4.65625000e+00,1.07000000e+01,7.06250000e-02,1.06570312e+01
2.00640000e-06,4.78750000e+00,1.07468750e+01,1.06250000e-02,1.06000000e+01
2.00672000e-06,4.65312500e+00,1.06718750e+01,3.31250000e-02,1.06851562e+01
2.00704000e-06,4.69375000e+00,1.07093750e+01,3.56250000e-02,1.07039062e+01
2.00736000e-06,4.82500000e+00,1.07125000e+01,5.31250000e-02,1.07773438e+01
2.00768000e-06,4.72812500e+00,1.07125000e+01,3.06250000e-02,1.07195312e+01
2.00800000e-06,4.73437500e+00,1.06625000e+01,5.81250000e-02,1.06015625e+01
2.00832000e-06,4.81250000e+00,1.06125000e+01,5.31250000e-02,1.06445312e+01
2.00864000e-06,4.72812500e+00,1.06750000e+01,4.81250000e-02,1.06898437e+01
2.00896000e-06,4.77500000e+00,1.07125000e+01,2.81250000e-02,1.06414062e+01
2.00928000e-06,4.88750000e+00,1.07500000e+01,5.31250000e-02,1.06109375e+01
2.00960000e-06,4.65312500e+00,1.07375000e+01,3.06250000e-02,1.06523438e+01
2.00992000e-06,4.56875000e+00,1.06750000e+01,3.81250000e-02,1.07187500e+01
2.01024000e-06,4.68437500e+00,1.06750000e+01,1.81250000e-02,1.07156250e+01
2.01056000e-06,4.72812500e+00,1.07125000e+01,5.62500000e-03,1.06664062e+01
2.01088000e-06,4.65312500e+00,1.06250000e+01,1.06250000e-02,1.06953125e+01
2.01120000e-06,4.75000000e+00,1.06875000e+01,4.56250000e-02,1.07843750e+01
2.01152000e-06,4.87187500e+00,1.06250000e+01,3.81250000e-02,1.06929687e+01
2.01184000e-06,4.82187500e+00,1.06625000e+01,4.81250000e-02,1.06507812e+01
2.01216000e-06,4.80000000e+00,1.06625000e+01,4.06250000e-02,1.06617187e+01
2.01248000e-06,4.70625000e+00,1.07062500e+01,4.56250000e-02,1.06429687e+01
2.01280000e-06,4.78750000e+00,1.05031250e+01,6.06250000e-02,1.07015625e+01
2.01312000e-06,4.73125000e+00,1.07468750e+01,5.06250000e-02,1.06367188e+01
2.01344000e-06,4.52812500e+00,1.08312500e+01,3.31250000e-02,1.05421875e+01
2.01376000e-06,4.85000000e+00,1.06937500e+01,2.31250000e-02,1.06242188e+01
2.01408000e-06,4.70312500e+00,1.07562500e+01,2.06250000e-02,1.07242187e+01
2.01440000e-06,4.70312500e+00,1.08000000e+01,4.81250000e-02,1.07320312e+01
2.01472000e-06,4.68125000e+00,1.06750000e+01,5.06250000e-02,1.06718750e+01
2.01504000e-06,4.64062500e+00,1.07625000e+01,6.31250000e-02,1.06460937e+01
2.01536000e-06,4.74687500e+00,1.07125000e+01,2.31250000e-02,1.06953125e+01
2.01568000e-06,4.80625000e+00,1.07375000e+01,4.56250000e-02,1.06429687e+01
2.01600000e-06,4.62812500e+00,1.06875000e+01,3.31250000e-02,1.06015625e+01
2.01632000e-06,4.76250000e+00,1.07250000e+01,1.81250000e-02,1.06531250e+01
2.01664000e-06,4.75625000e+00,1.08000000e+01,1.81250000e-02,1.06734375e+01
2.01696000e-06,4.70312500e+00,1.07750000e+01,3.81250000e-02,1.06765625e+01
2.01728000e-06,4.68125000e+00,1.07125000e+01,3.56250000e-02,1.06656250e+01
2.01760000e-06,4.71562500e+00,1.07500000e+01,2.56250000e-02,1.06539062e+01
2.01792000e-06,4.64062500e+00,1.06750000e+01,2.56250000e-02,1.06601562e+01
2.01824000e-06,4.70625000e+00,1.07593750e+01,4.56250000e-02,1.06929687e+01
2.01856000e-06,4.80937500e+00,1.05812500e+01,4.56250000e-02,1.06781250e+01
2.01888000e-06,4.78125000e+00,1.07125000e+01,5.56250000e-02,1.06625000e+01
2.01920000e-06,4.64375000e+00,1.07250000e+01,2.31250000e-02,1.07031250e+01
2.01952000e-06,4.80937500e+00,1.06500000e+01,3.31250000e-02,1.07046875e+01
2.01984000e-06,4.60312500e+00,1.06718750e+01,3.06250000e-02,1.06554688e+01
2.02016000e-06,4.64062500e+00,1.07375000e+01,5.56250000e-02,1.06601562e+01
2.02048000e-06,4.71562500e+00,1.06750000e+01,4.06250000e-02,1.07070312e+01
2.02080000e-06,4.65312500e+00,1.07125000e+01,2.31250000e-02,1.06445312e+01
2.02112000e-06,4.70625000e+00,1.07093750e+01,4.81250000e-02,1.05968750e+01
2.02144000e-06,4.76875000e+00,1.05750000e+01,3.31250000e-02,1.06343750e+01
2.02176000e-06,4.70625000e+00,1.05031250e+01,3.81250000e-02,1.05843750e+01
2.02208000e-06,4.78437500e+00,1.07343750e+01,2.31250000e-02,1.05656250e+01
2.02240000e-06,4.70625000e+00,1.07468750e+01,3.06250000e-02,1.06031250e+01
2.02272000e-06,4.86250000e+00,1.07187500e+01,5.06250000e-02,1.06742187e+01
2.02304000e-06,4.73125000e+00,1.07968750e+01,3.81250000e-02,1.06398438e+01
2.02336000e-06,4.74687500e+00,1.07875000e+01,3.31250000e-02,1.06242188e+01
2.02368000e-06,4.68437500e+00,1.06500000e+01,3.56250000e-02,1.06710938e+01
2.02400000e-06,4.75937500e+00,1.07125000e+01,3.56250000e-02,1.06070312e+01
2.02432000e-06,4.62812500e+00,1.07250000e+01,4.56250000e-02,1.06312500e+01
2.02464000e-06,4.76250000e+00,1.07625000e+01,2.56250000e-02,1.06585937e+01
2.02496000e-06,4.74375000e+00,1.06125000e+01,8.12500000e-03,1.06007813e+01
2.02528000e-06,4.82187500e+00,1.07750000e+01,5.81250000e-02,1.05945312e+01
2.02560000e-06,4.93437500e+00,1.07125000e+01,3.06250000e-02,1.06687500e+01
2.02592000e-06,4.60312500e+00,1.07250000e+01,4.06250000e-02,1.06679688e+01
2.02624000e-06,4.77500000e+00,1.06500000e+01,3.31250000e-02,1.06421875e+01
2.02656000e-06,4.88437500e+00,1.06250000e+01,5.31250000e-02,1.06218750e+01
2.02688000e-06,4.75625000e+00,1.08250000e+01,3.06250000e-02,1.06070312e+01
2.02720000e-06,4.65625000e+00,1.06750000e+01,3.06250000e-02,1.06523438e+01
2.02752000e-06,4.75000000e+00,1.07250000e+01,3.31250000e-02,1.07265625e+01
2.02784000e-06,4.81875000e+00,1.07500000e+01,1.56250000e-02,1.06726562e+01
2.02816000e-06,4.62812500e+00,1.06250000e+01,3.81250000e-02,1.06007813e+01
2.02848000e-06,4.77500000e+00,1.07750000e+01,6.31250000e-02,1.06015625e+01
2.02880000e-06,4.79687500e+00,1.07625000e+01,5.81250000e-02,1.06250000e+01
2.02912000e-06,4.70312500e+00,1.07875000e+01,3.56250000e-02,1.05398437e+01
2.02944000e-06,4.64687500e+00,1.06500000e+01,3.06250000e-02,1.05539063e+01
2.02976000e-06,4.93750000e+00,1.07750000e+01,1.81250000e-02,1.05578125e+01
2.03008000e-06,4.80625000e+00,1.07375000e+01,3.81250000e-02,1.05726562e+01
2.03040000e-06,4.76250000e+00,1.06750000e+01,7.06250000e-02,1.06101562e+01
2.03072000e-06,4.75937500e+00,1.07375000e+01,4.31250000e-02,1.06328125e+01
2.03104000e-06,4.61562500e+00,1.06875000e+01,2.81250000e-02,1.06234375e+01
2.03136000e-06,4.73125000e+00,1.07625000e+01,6.06250000e-02,1.06039062e+01
2.03168000e-06,4.73125000e+00,1.06625000e+01,6.81250000e-02,1.06187500e+01
2.03200000e-06,4.84687500e+00,1.05968750e+01,3.56250000e-02,1.06437500e+01
2.03232000e-06,4.76875000e+00,1.06125000e+01,2.31250000e-02,1.06351562e+01
2.03264000e-06,4.70937500e+00,1.07250000e+01,8.12500000e-03,1.06257812e+01
2.03296000e-06,4.85000000e+00,1.06218750e+01,6.06250000e-02,1.06812500e+01
2.03328000e-06,4.74687500e+00,1.06468750e+01,3.81250000e-02,1.07164062e+01
2.03360000e-06,4.78750000e+00,1.07250000e+01,4.56250000e-02,1.06398438e+01
2.03392000e-06,4.72187500e+00,1.08375000e+01,3.31250000e-02,1.05851563e+01
2.03424000e-06,4.82500000e+00,1.07625000e+01,3.06250000e-02,1.06398438e+01
2.03456000e-06,4.85000000e+00,1.06125000e+01,3.56250000e-02,1.06203125e+01
2.03488000e-06,4.87500000e+00,1.06375000e+01,4.31250000e-02,1.06062500e+01
2.03520000e-06,4.83437500e+00,1.06093750e+01,4.06250000e-02,1.05867187e+01
2.03552000e-06,4.66875000e+00,1.05531250e+01,4.06250000e-02,1.06437500e+01
2.03584000e-06,4.70625000e+00,1.06343750e+01,4.06250000e-02,1.07382812e+01
2.03616000e-06,4.70312500e+00,1.06968750e+01,4.06250000e-02,1.07250000e+01
2.03648000e-06,4.71875000e+00,1.07718750e+01,3.56250000e-02,1.05742188e+01
2.03680000e-06,4.71562500e+00,1.07187500e+01,4.31250000e-02,1.04960938e+01
2.03712000e-06,4.73125000e+00,1.06250000e+01,4.81250000e-02,1.05648437e+01
2.03744000e-06,4.88437500e+00,1.06500000e+01,4.56250000e-02,1.05820312e+01
2.03776000e-06,4.55312500e+00,1.07125000e+01,3.12500000e-03,1.05023437e+01
2.03808000e-06,4.68125000e+00,1.07125000e+01,4.81250000e-02,1.05351562e+01
2.03840000e-06,4.67812500e+00,1.08000000e+01,3.56250000e-02,1.05492187e+01
2.03872000e-06,4.76875000e+00,1.07625000e+01,4.06250000e-02,1.06218750e+01
2.03904000e-06,4.67812500e+00,1.06750000e+01,5.81250000e-02,1.06921875e+01
2.03936000e-06,4.79687500e+00,1.07250000e+01,4.06250000e-02,1.06718750e+01
2.03968000e-06,4.79375000e+00,1.07250000e+01,4.81250000e-02,1.06375000e+01
2.04000000e-06,4.73125000e+00,1.06500000e+01,4.81250000e-02,1.05554687e+01
2.04032000e-06,4.87500000e+00,1.06000000e+01,2.31250000e-02,1.05453125e+01
2.04064000e-06,4.83125000e+00,1.07250000e+01,2.06250000e-02,1.06132812e+01
2.04096000e-06,4.73125000e+00,1.08000000e+01,3.56250000e-02,1.06367188e+01
2.04128000e-06,4.65625000e+00,1.07625000e+01,5.31250000e-02,1.06007813e+01
2.04160000e-06,4.66562500e+00,1.06062500e+01,5.81250000e-02,1.06164063e+01
2.04192000e-06,4.75937500e+00,1.05437500e+01,2.56250000e-02,1.05898438e+01
2.04224000e-06,4.71875000e+00,1.06625000e+01,3.31250000e-02,1.05046875e+01
2.04256000e-06,4.87187500e+00,1.06218750e+01,4.31250000e-02,1.05601562e+01
2.04288000e-06,4.80000000e+00,1.07593750e+01,2.56250000e-02,1.06257812e+01
2.04320000e-06,4.82500000e+00,1.07843750e+01,2.81250000e-02,1.06148437e+01
2.04352000e-06,4.96250000e+00,1.05937500e+01,5.31250000e-02,1.05453125e+01
2.04384000e-06,4.91250000e+00,1.05625000e+01,4.56250000e-02,1.06031250e+01
2.04416000e-06,4.92500000e+00,1.05343750e+01,5.81250000e-02,1.06000000e+01
2.04448000e-06,4.96250000e+00,1.05031250e+01,6.25000000e-04,1.05171875e+01
2.04480000e-06,5.05000000e+00,1.05562500e+01,5.81250000e-02,1.05710937e+01
2.04512000e-06,5.12500000e+00,1.06625000e+01,7.06250000e-02,1.06789063e+01
2.04544000e-06,5.21250000e+00,1.06125000e+01,8.12500000e-03,1.06804687e+01
2.04576000e-06,5.15000000e+00,1.05218750e+01,4.06250000e-02,1.06179687e+01
2.04608000e-06,5.10000000e+00,1.06156250e+01,3.56250000e-02,1.06703125e+01
2.04640000e-06,5.07500000e+00,1.05781250e+01,2.56250000e-02,1.06078125e+01
2.04672000e-06,4.81250000e+00,1.07968750e+01,3.56250000e-02,1.05875000e+01
2.04704000e-06,4.93750000e+00,1.07937500e+01,4.06250000e-02,1.05453125e+01
2.04736000e-06,4.80000000e+00,1.09250000e+01,6.81250000e-02,1.06164063e+01
2.04768000e-06,4.69375000e+00,1.07343750e+01,2.81250000e-02,1.05937500e+01
2.04800000e-06,4.69687500e+00,1.06500000e+01,1.81250000e-02,1.05000000e+01
2.04832000e-06,4.88750000e+00,1.07250000e+01,1.06250000e-02,1.05601562e+01
2.04864000e-06,4.71875000e+00,1.07625000e+01,1.31250000e-02,1.06046875e+01
2.04896000e-06,4.77187500e+00,1.07500000e+01,5.56250000e-02,1.06070312e+01
2.04928000e-06,4.65625000e+00,1.06875000e+01,2.81250000e-02,1.06210938e+01
2.04960000e-06,4.51875000e+00,1.08500000e+01,3.56250000e-02,1.05617188e+01
2.04992000e-06,4.56562500e+00,1.09000000e+01,4.81250000e-02,1.05609375e+01
2.05024000e-06,4.47812500e+00,1.07875000e+01,6.06250000e-02,1.05390625e+01
2.05056000e-06,4.37812500e+00,1.08250000e+01,4.06250000e-02,1.05765625e+01
2.05088000e-06,4.39062500e+00,1.08968750e+01,5.06250000e-02,1.06585937e+01
2.05120000e-06,4.42812500e+00,1.05812500e+01,2.56250000e-02,1.06156250e+01
2.05152000e-06,4.32812500e+00,1.09250000e+01,5.06250000e-02,1.05578125e+01
2.05184000e-06,4.35312500e+00,1.08500000e+01,4.06250000e-02,1.05523437e+01
2.05216000e-06,4.16562500e+00,1.07750000e+01,2.06250000e-02,1.05500000e+01
2.05248000e-06,4.15312500e+00,1.08718750e+01,1.56250000e-02,1.05640625e+01
2.05280000e-06,4.09062500e+00,1.09000000e+01,6.06250000e-02,1.05601562e+01
2.05312000e-06,3.88125000e+00,1.07625000e+01,5.06250000e-02,1.06281250e+01
2.05344000e-06,3.91875000e+00,1.08375000e+01,5.06250000e-02,1.06703125e+01
2.05376000e-06,3.74375000e+00,1.08375000e+01,5.81250000e-02,1.06406250e+01
2.05408000e-06,3.73125000e+00,1.08375000e+01,6.31250000e-02,1.05671875e+01
2.05440000e-06,3.70625000e+00,1.06250000e+01,6.06250000e-02,1.05109375e+01
2.05472000e-06,3.70625000e+00,1.09000000e+01,2.31250000e-02,1.05835937e+01
2.05504000e-06,3.74375000e+00,1.07875000e+01,3.06250000e-02,1.06632813e+01
2.05536000e-06,3.61875000e+00,1.07875000e+01,6.56250000e-02,1.05992187e+01
2.05568000e-06,3.59375000e+00,1.07250000e+01,3.81250000e-02,1.06781250e+01
2.05600000e-06,3.58125000e+00,1.10000000e+01,5.81250000e-02,1.07203125e+01
2.05632000e-06,3.53125000e+00,1.09250000e+01,2.56250000e-02,1.05921875e+01
2.05664000e-06,3.30625000e+00,1.10875000e+01,4.31250000e-02,1.04968750e+01
2.05696000e-06,3.19375000e+00,1.10625000e+01,5.31250000e-02,1.05429688e+01
2.05728000e-06,3.21562500e+00,1.10625000e+01,3.56250000e-02,1.06148437e+01
2.05760000e-06,3.03750000e+00,1.11000000e+01,5.31250000e-02,1.06375000e+01
2.05792000e-06,3.00000000e+00,1.12250000e+01,4.56250000e-02,1.06007813e+01
2.05824000e-06,3.01250000e+00,1.12125000e+01,4.56250000e-02,1.05632812e+01
2.05856000e-06,2.82500000e+00,1.12000000e+01,4.31250000e-02,1.05203125e+01
2.05888000e-06,2.76250000e+00,1.13000000e+01,7.81250000e-02,1.04945312e+01
2.05920000e-06,2.76250000e+00,1.12750000e+01,3.06250000e-02,1.04750000e+01
2.05952000e-06,2.61250000e+00,1.12875000e+01,5.56250000e-02,1.05085937e+01
2.05984000e-06,2.55000000e+00,1.13375000e+01,5.56250000e-02,1.05757812e+01
2.06016000e-06,2.42500000e+00,1.15125000e+01,3.31250000e-02,1.06445312e+01
2.06048000e-06,2.45000000e+00,1.14125000e+01,4.31250000e-02,1.06257812e+01
2.06080000e-06,2.15000000e+00,1.14125000e+01,4.06250000e-02,1.04953125e+01
2.06112000e-06,2.02812500e+00,1.14375000e+01,4.06250000e-02,1.04570312e+01
2.06144000e-06,1.74687500e+00,1.15625000e+01,5.06250000e-02,1.05046875e+01
2.06176000e-06,1.70625000e+00,1.14625000e+01,7.81250000e-02,1.05242187e+01
2.06208000e-06,1.53125000e+00,1.15125000e+01,5.81250000e-02,1.04476562e+01
2.06240000e-06,1.51562500e+00,1.17375000e+01,3.56250000e-02,1.04148437e+01
2.06272000e-06,1.32500000e+00,1.16000000e+01,1.56250000e-02,1.04773437e+01
2.06304000e-06,1.16875000e+00,1.15750000e+01,4.56250000e-02,1.04742187e+01
2.06336000e-06,8.03125000e-01,1.14875000e+01,7.56250000e-02,1.04515625e+01
2.06368000e-06,6.18750000e-01,1.17125000e+01,7.06250000e-02,1.04476562e+01
2.06400000e-06,5.84375000e-01,1.15375000e+01,4.06250000e-02,1.04515625e+01
2.06432000e-06,2.90625000e-01,1.17625000e+01,5.56250000e-02,1.03453125e+01
2.06464000e-06,1.03125000e-01,1.18500000e+01,6.56250000e-02,1.03187500e+01
2.06496000e-06,-9.06250000e-02,1.17875000e+01,7.06250000e-02,1.03468750e+01
2.06528000e-06,-3.78125000e-01,1.19125000e+01,6.56250000e-02,1.03531250e+01
2.06560000e-06,-4.90625000e-01,1.19750000e+01,5.56250000e-02,1.02523437e+01
2.06592000e-06,-7.28125000e-01,1.19875000e+01,5.06250000e-02,1.02554687e+01
2.06624000e-06,-9.87500000e-01,1.22125000e+01,6.31250000e-02,1.02921875e+01
2.06656000e-06,-1.44375000e+00,1.22625000e+01,6.06250000e-02,1.02093750e+01
2.06688000e-06,-1.85625000e+00,1.23500000e+01,6.81250000e-02,1.01429687e+01
2.06720000e-06,-2.15000000e+00,1.24000000e+01,1.01250000e-01,1.01492187e+01
2.06752000e-06,-2.53125000e+00,1.25500000e+01,8.87500000e-02,1.00804687e+01
2.06784000e-06,-2.99062500e+00,1.26375000e+01,8.31250000e-02,1.00976562e+01
2.06816000e-06,-3.49687500e+00,1.27875000e+01,1.01250000e-01,1.00843750e+01
2.06848000e-06,-3.88125000e+00,1.29500000e+01,5.81250000e-02,9.98984375e+00
2.06880000e-06,-4.35625000e+00,1.32375000e+01,5.81250000e-02,9.86328125e+00
2.06912000e-06,-4.78750000e+00,1.31250000e+01,7.06250000e-02,9.82031250e+00
2.06944000e-06,-5.21562500e+00,1.32875000e+01,9.06250000e-02,9.78281250e+00
2.06976000e-06,-5.90937500e+00,1.33625000e+01,8.81250000e-02,9.69062500e+00
2.07008000e-06,-6.42187500e+00,1.36500000e+01,1.06250000e-01,9.67421875e+00
2.07040000e-06,-6.81250000e+00,1.37000000e+01,9.62500000e-02,9.72968750e+00
2.07072000e-06,-7.21250000e+00,1.39000000e+01,1.11875000e-01,9.62578125e+00
2.07104000e-06,-7.65000000e+00,1.39500000e+01,1.29375000e-01,9.53984375e+00
2.07136000e-06,-7.97500000e+00,1.39875000e+01,1.04375000e-01,9.48046875e+00
2.07168000e-06,-8.40000000e+00,1.39375000e+01,1.14375000e-01,9.37343750e+00
2.07200000e-06,-8.64375000e+00,1.41375000e+01,1.29375000e-01,9.32265625e+00
2.07232000e-06,-8.87812500e+00,1.39000000e+01,1.31875000e-01,9.24062500e+00
2.07264000e-06,-8.95000000e+00,1.39500000e+01,1.21875000e-01,9.20468750e+00
2.07296000e-06,-9.25937500e+00,1.38750000e+01,1.21875000e-01,9.16718750e+00
2.07328000e-06,-9.34687500e+00,1.38625000e+01,1.36875000e-01,9.02031250e+00
2.07360000e-06,-9.29375000e+00,1.36500000e+01,1.24375000e-01,8.95859375e+00
2.07392000e-06,-9.28125000e+00,1.36125000e+01,1.37500000e-01,8.87500000e+00
2.07424000e-06,-9.39687500e+00,1.35000000e+01,1.46250000e-01,8.74375000e+00
2.07456000e-06,-9.18437500e+00,1.35625000e+01,1.09375000e-01,8.64062500e+00
2.07488000e-06,-8.94375000e+00,1.35000000e+01,1.33750000e-01,8.62968750e+00
2.07520000e-06,-8.76875000e+00,1.31875000e+01,1.04375000e-01,8.48203125e+00
2.07552000e-06,-8.51875000e+00,1.30500000e+01,1.09375000e-01,8.34765625e+00
2.07584000e-06,-8.19062500e+00,1.30875000e+01,1.26875000e-01,8.30625000e+00
2.07616000e-06,-7.82812500e+00,1.29000000e+01,8.06250000e-02,8.16171875e+00
2.07648000e-06,-7.45625000e+00,1.29500000e+01,8.81250000e-02,8.07968750e+00
2.07680000e-06,-6.91875000e+00,1.26250000e+01,7.81250000e-02,7.96250000e+00
2.07712000e-06,-6.38125000e+00,1.24875000e+01,1.11875000e-01,7.78125000e+00
2.07744000e-06,-5.65625000e+00,1.24500000e+01,1.08750000e-01,7.58671875e+00
2.07776000e-06,-5.08750000e+00,1.23875000e+01,7.81250000e-02,7.47187500e+00
2.07808000e-06,-4.61250000e+00,1.22375000e+01,8.81250000e-02,7.35937500e+00
2.07840000e-06,-3.91875000e+00,1.20125000e+01,7.81250000e-02,7.19765625e+00
2.07872000e-06,-3.28125000e+00,1.20000000e+01,6.06250000e-02,7.08437500e+00
2.07904000e-06,-2.68125000e+00,1.17750000e+01,4.56250000e-02,6.99296875e+00
2.07936000e-06,-2.21562500e+00,1.17625000e+01,4.81250000e-02,6.84921875e+00
2.07968000e-06,-1.47187500e+00,1.16625000e+01,5.81250000e-02,6.64375000e+00
2.08000000e-06,-6.93750000e-01,1.15750000e+01,5.06250000e-02,6.44218750e+00
2.08032000e-06,-3.18750000e-01,1.13250000e+01,7.56250000e-02,6.31328125e+00
2.08064000e-06,2.28125000e-01,1.13000000e+01,1.06250000e-02,6.14765625e+00
2.08096000e-06,6.78125000e-01,1.12750000e+01,2.31250000e-02,6.01171875e+00
2.08128000e-06,8.68750000e-01,1.12500000e+01,2.31250000e-02,5.89062500e+00
2.08160000e-06,1.30000000e+00,1.12875000e+01,3.81250000e-02,5.66015625e+00
2.08192000e-06,1.25625000e+00,1.13125000e+01,2.81250000e-02,5.48671875e+00
2.08224000e-06,1.35312500e+00,1.10500000e+01,2.56250000e-02,5.26718750e+00
2.08256000e-06,1.35625000e+00,1.11500000e+01,5.31250000e-02,5.06093750e+00
2.08288000e-06,1.45625000e+00,1.12500000e+01,3.06250000e-02,4.99375000e+00
2.08320000e-06,1.18437500e+00,1.10250000e+01,1.31250000e-02,4.81406250e+00
2.08352000e-06,1.12187500e+00,1.10375000e+01,1.31250000e-02,4.49375000e+00
2.08384000e-06,1.23437500e+00,1.09375000e+01,3.31250000e-02,4.38750000e+00
2.08416000e-06,1.04375000e+00,1.09125000e+01,4.81250000e-02,4.28359375e+00
2.08448000e-06,8.31250000e-01,1.07843750e+01,5.62500000e-03,4.16640625e+00
2.08480000e-06,7.62500000e-01,1.05625000e+01,1.81250000e-02,4.01093750e+00
2.08512000e-06,6.06250000e-01,1.05468750e+01,3.06250000e-02,3.79453125e+00
2.08544000e-06,4.84375000e-01,1.03437500e+01,2.56250000e-02,3.60468750e+00
2.08576000e-06,3.40625000e-01,1.01031250e+01,2.56250000e-02,3.47265625e+00
2.08608000e-06,1.90625000e-01,1.00968750e+01,5.06250000e-02,3.29765625e+00
2.08640000e-06,7.50000000e-02,9.85937500e+00,5.62500000e-03,3.09531250e+00
2.08672000e-06,-3.75000000e-02,9.74687500e+00,2.56250000e-02,2.95234375e+00
2.08704000e-06,-3.75000000e-02,9.77187500e+00,2.31250000e-02,2.84531250e+00
2.08736000e-06,-1.93750000e-01,9.52187500e+00,3.06250000e-02,2.68359375e+00
2.08768000e-06,-2.06250000e-01,9.50937500e+00,2.56250000e-02,2.52187500e+00
2.08800000e-06,-2.56250000e-01,9.57187500e+00,2.81250000e-02,2.37031250e+00
2.08832000e-06,-2.40625000e-01,9.33437500e+00,5.31250000e-02,2.26015625e+00
2.08864000e-06,-2.40625000e-01,9.34687500e+00,2.31250000e-02,2.15312500e+00
2.08896000e-06,-2.03125000e-01,9.39687500e+00,2.81250000e-02,1.97031250e+00
2.08928000e-06,-2.53125000e-01,9.45937500e+00,5.31250000e-02,1.78359375e+00
2.08960000e-06,-1.87500000e-01,9.32187500e+00,3.81250000e-02,1.63984375e+00
2.08992000e-06,-6.87500000e-02,9.39687500e+00,6.06250000e-02,1.63046875e+00
2.09024000e-06,3.12500000e-03,9.35937500e+00,5.31250000e-02,1.54375000e+00
2.09056000e-06,1.25000000e-02,9.48437500e+00,4.06250000e-02,1.43750000e+00
2.09088000e-06,8.75000000e-02,9.50937500e+00,5.81250000e-02,1.29453125e+00
2.09120000e-06,2.00000000e-01,9.75937500e+00,6.56250000e-02,1.15390625e+00
2.09152000e-06,3.50000000e-01,9.80937500e+00,4.31250000e-02,1.12890625e+00
2.09184000e-06,5.31250000e-01,1.00593750e+01,4.81250000e-02,1.09218750e+00
2.09216000e-06,5.68750000e-01,1.01093750e+01,4.56250000e-02,1.02109375e+00
2.09248000e-06,6.50000000e-01,1.03093750e+01,4.81250000e-02,9.57812500e-01
2.09280000e-06,7.06250000e-01,1.02718750e+01,3.31250000e-02,8.14062500e-01
2.09312000e-06,6.93750000e-01,1.05156250e+01,6.56250000e-02,7.30468750e-01
2.09344000e-06,7.84375000e-01,1.07125000e+01,7.81250000e-02,6.77343750e-01
2.09376000e-06,5.56250000e-01,1.07531250e+01,8.06250000e-02,6.33593750e-01
2.09408000e-06,6.25000000e-01,1.10437500e+01,8.62500000e-02,5.79687500e-01
2.09440000e-06,6.59375000e-01,1.12718750e+01,8.81250000e-02,5.23437500e-01
2.09472000e-06,4.03125000e-01,1.13125000e+01,7.56250000e-02,5.34375000e-01
2.09504000e-06,1.09375000e-01,1.13500000e+01,8.81250000e-02,5.15625000e-01
2.09536000e-06,-3.31250000e-01,1.14125000e+01,1.06875000e-01,5.38281250e-01
2.09568000e-06,-4.15625000e-01,1.14375000e+01,1.01250000e-01,4.97656250e-01
2.09600000e-06,-6.03125000e-01,1.14750000e+01,8.31250000e-02,4.15625000e-01
2.09632000e-06,-9.21875000e-01,1.16375000e+01,8.81250000e-02,3.47656250e-01
2.09664000e-06,-9.93750000e-01,1.15000000e+01,8.87500000e-02,3.10156250e-01
2.09696000e-06,-1.31562500e+00,1.16125000e+01,1.09375000e-01,3.00781250e-01
2.09728000e-06,-1.49062500e+00,1.15250000e+01,9.56250000e-02,3.47656250e-01
2.09760000e-06,-1.49062500e+00,1.13375000e+01,1.04375000e-01,3.88281250e-01
2.09792000e-06,-1.77500000e+00,1.13000000e+01,1.29375000e-01,3.28906250e-01
2.09824000e-06,-1.65000000e+00,1.12000000e+01,1.09375000e-01,3.81250000e-01
2.09856000e-06,-1.70000000e+00,1.10125000e+01,9.93750000e-02,3.73437500e-01
2.09888000e-06,-1.63437500e+00,1.09625000e+01,1.23750000e-01,3.52343750e-01
2.09920000e-06,-1.43125000e+00,1.08750000e+01,5.81250000e-02,3.00781250e-01
2.09952000e-06,-1.38125000e+00,1.05937500e+01,9.12500000e-02,2.73437500e-01
2.09984000e-06,-1.24062500e+00,1.03875000e+01,9.87500000e-02,3.53125000e-01
2.10016000e-06,-9.00000000e-01,1.04343750e+01,9.87500000e-02,4.28125000e-01
2.10048000e-06,-8.53125000e-01,1.03031250e+01,7.56250000e-02,3.89062500e-01
2.10080000e-06,-4.75000000e-01,1.04375000e+01,9.62500000e-02,3.67968750e-01
2.10112000e-06,-2.93750000e-01,1.03718750e+01,1.06250000e-01,5.17187500e-01
2.10144000e-06,-2.53125000e-01,1.04468750e+01,6.81250000e-02,4.13281250e-01
2.10176000e-06,1.15625000e-01,1.03968750e+01,6.06250000e-02,3.24218750e-01
2.10208000e-06,2.90625000e-01,1.04250000e+01,7.31250000e-02,3.88281250e-01
2.10240000e-06,5.50000000e-01,1.06218750e+01,5.62500000e-03,3.78906250e-01
2.10272000e-06,7.31250000e-01,1.06218750e+01,3.81250000e-02,3.98437500e-01
2.10304000e-06,9.68750000e-01,1.06156250e+01,4.06250000e-02,3.86718750e-01
2.10336000e-06,1.20312500e+00,1.09687500e+01,4.06250000e-02,4.28125000e-01
2.10368000e-06,1.37500000e+00,1.10468750e+01,5.56250000e-02,5.13281250e-01
2.10400000e-06,1.59062500e+00,1.12468750e+01,2.31250000e-02,5.64843750e-01
2.10432000e-06,1.57812500e+00,1.13750000e+01,2.81250000e-02,4.57812500e-01
2.10464000e-06,1.99062500e+00,1.14375000e+01,3.81250000e-02,3.92968750e-01
2.10496000e-06,2.00312500e+00,1.14125000e+01,4.06250000e-02,3.54687500e-01
2.10528000e-06,2.25312500e+00,1.16375000e+01,3.56250000e-02,4.49218750e-01
2.10560000e-06,2.29375000e+00,1.17125000e+01,-1.87500000e-03,5.06250000e-01
2.10592000e-06,2.56875000e+00,1.18875000e+01,8.12500000e-03,4.83593750e-01
2.10624000e-06,2.50937500e+00,1.18375000e+01,2.56250000e-02,4.28906250e-01
2.10656000e-06,2.53750000e+00,1.18000000e+01,2.31250000e-02,3.57812500e-01
2.10688000e-06,2.76250000e+00,1.16250000e+01,2.31250000e-02,3.40625000e-01
2.10720000e-06,2.76250000e+00,1.17250000e+01,4.81250000e-02,3.98437500e-01
2.10752000e-06,2.86250000e+00,1.15250000e+01,1.31250000e-02,4.33593750e-01
2.10784000e-06,2.86250000e+00,1.13250000e+01,1.31250000e-02,3.67968750e-01
2.10816000e-06,2.75000000e+00,1.12125000e+01,3.31250000e-02,2.78125000e-01
2.10848000e-06,2.82500000e+00,1.09000000e+01,3.12500000e-03,3.01562500e-01
2.10880000e-06,2.83750000e+00,1.07093750e+01,3.12500000e-03,3.53125000e-01
2.10912000e-06,2.57500000e+00,1.04875000e+01,-1.87500000e-03,4.06250000e-01
2.10944000e-06,2.47500000e+00,1.03218750e+01,1.06250000e-02,4.00781250e-01
2.10976000e-06,2.37500000e+00,1.02187500e+01,3.81250000e-02,3.44531250e-01
2.11008000e-06,2.12812500e+00,9.89062500e+00,-1.18750000e-02,2.96875000e-01
2.11040000e-06,2.10937500e+00,9.85937500e+00,1.81250000e-02,3.53125000e-01
2.11072000e-06,2.08125000e+00,9.59687500e+00,1.31250000e-02,3.50000000e-01
2.11104000e-06,1.91875000e+00,9.48437500e+00,1.06250000e-02,2.44531250e-01
2.11136000e-06,1.75312500e+00,9.53437500e+00,-3.81250000e-02,1.46093750e-01
2.11168000e-06,1.69375000e+00,9.55937500e+00,-4.37500000e-03,1.72656250e-01
2.11200000e-06,1.45000000e+00,9.53437500e+00,-1.87500000e-03,2.25781250e-01
2.11232000e-06,1.18125000e+00,9.58437500e+00,2.81250000e-02,2.32812500e-01
2.11264000e-06,1.16875000e+00,9.72187500e+00,2.56250000e-02,2.75781250e-01
2.11296000e-06,8.68750000e-01,9.82187500e+00,-2.18750000e-02,2.24218750e-01
2.11328000e-06,8.28125000e-01,1.00843750e+01,1.81250000e-02,2.03906250e-01
2.11360000e-06,7.59375000e-01,1.03468750e+01,-2.50000000e-03,2.16406250e-01
2.11392000e-06,5.06250000e-01,1.05406250e+01,-1.68750000e-02,1.80468750e-01
2.11424000e-06,4.53125000e-01,1.08500000e+01,1.81250000e-02,1.56250000e-01
2.11456000e-06,1.90625000e-01,1.10781250e+01,-1.87500000e-03,6.95312500e-02
2.11488000e-06,1.00000000e-01,1.12937500e+01,3.31250000e-02,7.65625000e-02
2.11520000e-06,-1.00000000e-01,1.16718750e+01,2.81250000e-02,2.13281250e-01
2.11552000e-06,-1.93750000e-01,1.18500000e+01,2.56250000e-02,3.15625000e-01
2.11584000e-06,-2.31250000e-01,1.19625000e+01,5.81250000e-02,2.21875000e-01
2.11616000e-06,-4.53125000e-01,1.21875000e+01,3.56250000e-02,1.79687500e-01
2.11648000e-06,-4.12500000e-01,1.21125000e+01,2.81250000e-02,2.09375000e-01
2.11680000e-06,-3.87500000e-01,1.23000000e+01,3.81250000e-02,2.06250000e-01
2.11712000e-06,-5.90625000e-01,1.21875000e+01,3.31250000e-02,1.89062500e-01
2.11744000e-06,-4.90625000e-01,1.21750000e+01,6.06250000e-02,2.46093750e-01
2.11776000e-06,-3.90625000e-01,1.21125000e+01,3.56250000e-02,2.35156250e-01
2.11808000e-06,-3.78125000e-01,1.20125000e+01,5.81250000e-02,2.69531250e-01
2.11840000e-06,-3.87500000e-01,1.18000000e+01,5.31250000e-02,2.32031250e-01
2.11872000e-06,-2.81250000e-01,1.15875000e+01,4.06250000e-02,2.17187500e-01
2.11904000e-06,-7.50000000e-02,1.13250000e+01,3.06250000e-02,2.07031250e-01
2.11936000e-06,5.62500000e-02,1.10375000e+01,1.56250000e-02,2.66406250e-01
2.11968000e-06,2.12500000e-01,1.08718750e+01,6.06250000e-02,3.10156250e-01
2.12000000e-06,3.65625000e-01,1.05375000e+01,5.81250000e-02,3.28906250e-01
2.12032000e-06,5.65625000e-01,1.03218750e+01,6.31250000e-02,3.49218750e-01
2.12064000e-06,7.43750000e-01,1.01187500e+01,2.56250000e-02,3.22656250e-01
2.12096000e-06,7.65625000e-01,9.89062500e+00,2.81250000e-02,4.36718750e-01
2.12128000e-06,8.15625000e-01,9.68437500e+00,2.06250000e-02,4.30468750e-01
2.12160000e-06,1.01875000e+00,9.68437500e+00,1.56250000e-02,3.29687500e-01
2.12192000e-06,1.05625000e+00,9.43437500e+00,2.81250000e-02,2.90625000e-01
2.12224000e-06,1.19375000e+00,9.45937500e+00,5.06250000e-02,2.40625000e-01
2.12256000e-06,1.20937500e+00,9.49687500e+00,4.31250000e-02,3.18750000e-01
2.12288000e-06,1.41562500e+00,9.60937500e+00,5.31250000e-02,3.57031250e-01
2.12320000e-06,1.57812500e+00,9.69687500e+00,5.81250000e-02,3.13281250e-01
2.12352000e-06,1.49375000e+00,9.87187500e+00,3.31250000e-02,3.17187500e-01
2.12384000e-06,1.54062500e+00,1.00718750e+01,3.06250000e-02,3.57031250e-01
2.12416000e-06,1.60312500e+00,1.01843750e+01,5.06250000e-02,3.13281250e-01
2.12448000e-06,1.61562500e+00,1.03843750e+01,4.81250000e-02,2.52343750e-01
2.12480000e-06,1.60312500e+00,1.05656250e+01,4.06250000e-02,3.17187500e-01
2.12512000e-06,1.79062500e+00,1.07125000e+01,5.31250000e-02,3.16406250e-01
2.12544000e-06,1.51562500e+00,1.09156250e+01,1.81250000e-02,2.68750000e-01
2.12576000e-06,1.65312500e+00,1.11937500e+01,-6.87500000e-03,2.07812500e-01
2.12608000e-06,1.75312500e+00,1.14468750e+01,3.31250000e-02,2.18750000e-01
2.12640000e-06,1.77812500e+00,1.14250000e+01,5.06250000e-02,2.39843750e-01
2.12672000e-06,1.77812500e+00,1.16125000e+01,8.12500000e-03,1.51562500e-01
2.12704000e-06,1.76562500e+00,1.16750000e+01,5.31250000e-02,1.42187500e-01
2.12736000e-06,1.85312500e+00,1.17875000e+01,2.56250000e-02,1.36718750e-01
2.12768000e-06,1.89062500e+00,1.17250000e+01,2.06250000e-02,1.32812500e-01
2.12800000e-06,1.92812500e+00,1.14875000e+01,1.06250000e-02,1.37500000e-01
2.12832000e-06,1.96562500e+00,1.14375000e+01,3.06250000e-02,-1.40625000e-02
2.12864000e-06,1.97812500e+00,1.12250000e+01,4.06250000e-02,-8.90625000e-02
2.12896000e-06,2.05000000e+00,1.12250000e+01,4.06250000e-02,-9.29687500e-02
2.12928000e-06,2.32812500e+00,1.10750000e+01,-1.87500000e-03,-7.89062500e-02
2.12960000e-06,2.31250000e+00,1.09125000e+01,2.06250000e-02,-7.03125000e-02
2.12992000e-06,2.48437500e+00,1.06968750e+01,5.31250000e-02,-7.03125000e-02
2.13024000e-06,2.35000000e+00,1.05375000e+01,2.81250000e-02,-1.39843750e-01
2.13056000e-06,2.33750000e+00,1.01718750e+01,2.06250000e-02,-2.85937500e-01
2.13088000e-06,2.36250000e+00,9.98125000e+00,2.06250000e-02,-2.17968750e-01
2.13120000e-06,2.47500000e+00,9.92812500e+00,3.12500000e-03,-1.79687500e-01
2.13152000e-06,2.38750000e+00,9.89687500e+00,1.81250000e-02,-2.04687500e-01
2.13184000e-06,2.28750000e+00,9.57187500e+00,-1.68750000e-02,-2.78906250e-01
2.13216000e-06,2.21875000e+00,9.50937500e+00,1.31250000e-02,-3.96093750e-01
2.13248000e-06,2.00625000e+00,9.54687500e+00,2.81250000e-02,-4.02343750e-01
2.13280000e-06,1.86875000e+00,9.69687500e+00,3.81250000e-02,-3.51562500e-01
2.13312000e-06,1.76875000e+00,9.77187500e+00,5.81250000e-02,-3.25000000e-01
2.13344000e-06,1.62812500e+00,9.87187500e+00,2.31250000e-02,-4.13281250e-01
2.13376000e-06,1.56562500e+00,9.95937500e+00,2.31250000e-02,-5.39062500e-01
2.13408000e-06,1.16875000e+00,1.02093750e+01,3.31250000e-02,-5.35156250e-01
2.13440000e-06,1.01875000e+00,1.04218750e+01,3.31250000e-02,-5.21093750e-01
2.13472000e-06,8.18750000e-01,1.05656250e+01,8.12500000e-03,-5.85156250e-01
2.13504000e-06,6.84375000e-01,1.09250000e+01,5.06250000e-02,-5.57031250e-01
2.13536000e-06,4.37500000e-01,1.10531250e+01,5.06250000e-02,-5.73437500e-01
2.13568000e-06,3.12500000e-03,1.10687500e+01,4.81250000e-02,-5.97656250e-01
2.13600000e-06,1.03125000e-01,1.13968750e+01,3.31250000e-02,-5.96875000e-01
2.13632000e-06,2.50000000e-02,1.17500000e+01,4.06250000e-02,-6.63281250e-01
2.13664000e-06,-5.00000000e-02,1.18250000e+01,4.31250000e-02,-5.88281250e-01
2.13696000e-06,-2.06250000e-01,1.19500000e+01,6.06250000e-02,-5.40625000e-01
2.13728000e-06,-3.18750000e-01,1.18875000e+01,6.06250000e-02,-6.13281250e-01
2.13760000e-06,-2.31250000e-01,1.19000000e+01,2.56250000e-02,-6.90625000e-01
2.13792000e-06,-3.50000000e-01,1.20375000e+01,5.31250000e-02,-6.67187500e-01
2.13824000e-06,-3.75000000e-01,1.19000000e+01,4.31250000e-02,-4.92187500e-01
2.13856000e-06,-3.00000000e-01,1.17625000e+01,7.06250000e-02,-5.37500000e-01
2.13888000e-06,-9.37500000e-03,1.16125000e+01,4.81250000e-02,-6.41406250e-01
2.13920000e-06,-7.50000000e-02,1.14375000e+01,3.06250000e-02,-5.54687500e-01
2.13952000e-06,2.00000000e-01,1.12500000e+01,3.31250000e-02,-5.85156250e-01
2.13984000e-06,3.00000000e-01,1.10000000e+01,3.31250000e-02,-5.69531250e-01
2.14016000e-06,3.90625000e-01,1.08875000e+01,8.06250000e-02,-4.17187500e-01
2.14048000e-06,5.90625000e-01,1.08093750e+01,6.06250000e-02,-3.53906250e-01
2.14080000e-06,7.81250000e-01,1.05625000e+01,2.06250000e-02,-3.60937500e-01
2.14112000e-06,9.78125000e-01,1.03468750e+01,3.31250000e-02,-3.50000000e-01
2.14144000e-06,1.33750000e+00,1.01812500e+01,5.56250000e-02,-3.16406250e-01
2.14176000e-06,1.45312500e+00,9.96562500e+00,3.06250000e-02,-3.15625000e-01
2.14208000e-06,1.61562500e+00,9.73437500e+00,4.56250000e-02,-3.17968750e-01
2.14240000e-06,1.69375000e+00,9.75937500e+00,5.31250000e-02,-3.84375000e-01
2.14272000e-06,1.85312500e+00,9.77187500e+00,3.06250000e-02,-3.81250000e-01
2.14304000e-06,2.07500000e+00,9.82187500e+00,4.06250000e-02,-2.96875000e-01
2.14336000e-06,2.16562500e+00,9.82187500e+00,1.56250000e-02,-1.83593750e-01
2.14368000e-06,2.17812500e+00,9.72187500e+00,2.81250000e-02,-1.88281250e-01
2.14400000e-06,2.21875000e+00,9.65937500e+00,5.81250000e-02,-2.13281250e-01
2.14432000e-06,2.13750000e+00,9.62187500e+00,6.31250000e-02,-1.00000000e-01
2.14464000e-06,2.14375000e+00,1.00093750e+01,4.81250000e-02,-1.15625000e-01
2.14496000e-06,2.28437500e+00,1.01343750e+01,3.56250000e-02,-1.37500000e-01
2.14528000e-06,2.14687500e+00,1.02968750e+01,5.06250000e-02,-3.67187500e-02
2.14560000e-06,2.23125000e+00,1.05250000e+01,4.81250000e-02,-3.28125000e-02
2.14592000e-06,2.08437500e+00,1.06593750e+01,3.56250000e-02,-1.00781250e-01
2.14624000e-06,2.00937500e+00,1.08750000e+01,6.31250000e-02,-7.73437500e-02
2.14656000e-06,1.96875000e+00,1.07406250e+01,3.06250000e-02,2.10937500e-02
2.14688000e-06,1.74375000e+00,1.09437500e+01,3.06250000e-02,7.26562500e-02
2.14720000e-06,1.72812500e+00,1.11250000e+01,2.31250000e-02,8.20312500e-02
2.14752000e-06,1.72812500e+00,1.11875000e+01,4.81250000e-02,2.73437500e-02
2.14784000e-06,1.72812500e+00,1.13000000e+01,4.56250000e-02,9.37500000e-03
2.14816000e-06,1.66562500e+00,1.13125000e+01,3.31250000e-02,1.87500000e-02
2.14848000e-06,1.62812500e+00,1.12625000e+01,2.31250000e-02,1.32812500e-02
2.14880000e-06,1.67812500e+00,1.12625000e+01,2.81250000e-02,1.17187500e-02
2.14912000e-06,1.59062500e+00,1.11375000e+01,3.56250000e-02,6.79687500e-02
2.14944000e-06,1.51562500e+00,1.10875000e+01,-1.87500000e-03,1.12500000e-01
2.14976000e-06,1.52812500e+00,1.10125000e+01,2.31250000e-02,4.53125000e-02
2.15008000e-06,1.64062500e+00,1.08750000e+01,5.31250000e-02,-2.34375000e-03
2.15040000e-06,1.70312500e+00,1.07000000e+01,-1.43750000e-02,6.17187500e-02
2.15072000e-06,1.66562500e+00,1.06343750e+01,3.31250000e-02,5.93750000e-02
2.15104000e-06,1.72812500e+00,1.05750000e+01,3.81250000e-02,2.89062500e-02
2.15136000e-06,1.80312500e+00,1.02968750e+01,5.56250000e-02,4.29687500e-02
2.15168000e-06,1.80312500e+00,1.02687500e+01,5.06250000e-02,1.12500000e-01
2.15200000e-06,1.72812500e+00,1.01406250e+01,7.31250000e-02,9.53125000e-02
2.15232000e-06,1.75312500e+00,1.01093750e+01,3.56250000e-02,6.95312500e-02
2.15264000e-06,1.81562500e+00,1.00843750e+01,3.06250000e-02,-1.64062500e-02
2.15296000e-06,1.76562500e+00,9.75937500e+00,1.56250000e-02,-7.65625000e-02
2.15328000e-06,1.61562500e+00,9.90937500e+00,3.31250000e-02,3.35937500e-02
2.15360000e-06,1.64062500e+00,1.00218750e+01,5.56250000e-02,7.73437500e-02
2.15392000e-06,1.46562500e+00,9.99687500e+00,3.31250000e-02,6.25000000e-02
2.15424000e-06,1.57812500e+00,1.01843750e+01,6.56250000e-02,-4.68750000e-03
2.15456000e-06,1.41250000e+00,1.02718750e+01,4.31250000e-02,3.90625000e-03
2.15488000e-06,1.21875000e+00,1.02718750e+01,4.06250000e-02,6.56250000e-02
2.15520000e-06,1.18125000e+00,1.04968750e+01,4.81250000e-02,3.28125000e-02
2.15552000e-06,1.03125000e+00,1.05531250e+01,5.06250000e-02,-7.18750000e-02
2.15584000e-06,9.18750000e-01,1.08375000e+01,4.56250000e-02,-1.41406250e-01
2.15616000e-06,8.15625000e-01,1.09531250e+01,3.31250000e-02,-7.03125000e-03
2.15648000e-06,7.34375000e-01,1.10312500e+01,2.31250000e-02,-1.79687500e-02
2.15680000e-06,5.93750000e-01,1.10843750e+01,5.06250000e-02,-8.82812500e-02
2.15712000e-06,4.15625000e-01,1.12250000e+01,3.81250000e-02,-1.10156250e-01
2.15744000e-06,3.78125000e-01,1.13000000e+01,1.81250000e-02,-7.42187500e-02
2.15776000e-06,4.12500000e-01,1.14500000e+01,3.31250000e-02,-6.32812500e-02
2.15808000e-06,4.37500000e-01,1.14375000e+01,5.31250000e-02,-1.21875000e-01
2.15840000e-06,2.87500000e-01,1.17125000e+01,2.31250000e-02,-1.07031250e-01
2.15872000e-06,3.37500000e-01,1.16250000e+01,4.06250000e-02,-4.60937500e-02
2.15904000e-06,3.75000000e-01,1.15000000e+01,4.31250000e-02,-1.48437500e-02
2.15936000e-06,3.62500000e-01,1.15125000e+01,7.56250000e-02,-5.54687500e-02
2.15968000e-06,4.40625000e-01,1.14375000e+01,3.31250000e-02,-7.03125000e-02
2.16000000e-06,6.03125000e-01,1.15125000e+01,1.56250000e-02,-6.79687500e-02
2.16032000e-06,7.81250000e-01,1.15125000e+01,4.56250000e-02,-6.01562500e-02
2.16064000e-06,8.53125000e-01,1.12250000e+01,7.06250000e-02,-4.37500000e-02
2.16096000e-06,1.05312500e+00,1.12000000e+01,4.56250000e-02,-4.53125000e-02
2.16128000e-06,1.19687500e+00,1.10500000e+01,1.31250000e-02,-8.20312500e-02
2.16160000e-06,1.28437500e+00,1.08875000e+01,1.31250000e-02,-8.98437500e-02
2.16192000e-06,1.60312500e+00,1.08093750e+01,5.06250000e-02,-2.89062500e-02
2.16224000e-06,1.71875000e+00,1.05500000e+01,2.56250000e-02,5.46875000e-03
2.16256000e-06,1.85312500e+00,1.04500000e+01,6.06250000e-02,-3.04687500e-02
2.16288000e-06,1.99062500e+00,1.06000000e+01,3.06250000e-02,-9.14062500e-02
2.16320000e-06,2.15312500e+00,1.03812500e+01,2.81250000e-02,-1.50000000e-01
2.16352000e-06,2.26875000e+00,1.02750000e+01,4.56250000e-02,-1.71875000e-01
2.16384000e-06,2.30625000e+00,1.02093750e+01,3.81250000e-02,-1.10937500e-01
2.16416000e-06,2.39375000e+00,1.00625000e+01,4.81250000e-02,-7.96875000e-02
2.16448000e-06,2.41250000e+00,1.01593750e+01,4.31250000e-02,-7.89062500e-02
2.16480000e-06,2.61250000e+00,1.02718750e+01,2.56250000e-02,-9.29687500e-02
2.16512000e-06,2.58750000e+00,1.03218750e+01,-4.37500000e-03,-7.81250000e-02
2.16544000e-06,2.47500000e+00,1.03718750e+01,5.62500000e-03,-6.40625000e-02
2.16576000e-06,2.52500000e+00,1.03468750e+01,1.81250000e-02,-1.00000000e-01
2.16608000e-06,2.32500000e+00,1.04843750e+01,2.81250000e-02,-6.79687500e-02
2.16640000e-06,2.33750000e+00,1.04500000e+01,8.12500000e-03,-2.42187500e-02
2.16672000e-06,2.46250000e+00,1.06093750e+01,2.56250000e-02,-4.21875000e-02
2.16704000e-06,2.45000000e+00,1.07750000e+01,2.81250000e-02,-1.25000000e-01
2.16736000e-06,2.37500000e+00,1.09031250e+01,4.31250000e-02,-1.40625000e-01
2.16768000e-06,2.25000000e+00,1.08812500e+01,2.56250000e-02,-1.56250000e-02
2.16800000e-06,2.32812500e+00,1.09125000e+01,2.31250000e-02,-5.15625000e-02
2.16832000e-06,2.02500000e+00,1.10125000e+01,1.81250000e-02,-3.59375000e-02
2.16864000e-06,1.95312500e+00,1.11375000e+01,1.56250000e-02,-1.01562500e-02
2.16896000e-06,1.91875000e+00,1.10250000e+01,4.56250000e-02,-4.68750000e-02
2.16928000e-06,1.88125000e+00,1.12125000e+01,1.81250000e-02,-1.22656250e-01
2.16960000e-06,1.76562500e+00,1.12250000e+01,2.31250000e-02,-6.71875000e-02
2.16992000e-06,1.67812500e+00,1.11375000e+01,4.31250000e-02,-1.08593750e-01
2.17024000e-06,1.66562500e+00,1.11875000e+01,-2.18750000e-02,-6.64062500e-02
2.17056000e-06,1.59062500e+00,1.11125000e+01,-1.87500000e-03,-5.54687500e-02
2.17088000e-06,1.46562500e+00,1.10625000e+01,3.56250000e-02,-1.23437500e-01
2.17120000e-06,1.46562500e+00,1.11625000e+01,4.31250000e-02,-1.52343750e-01
2.17152000e-06,1.46875000e+00,1.10375000e+01,1.06250000e-02,-8.43750000e-02
2.17184000e-06,1.44375000e+00,1.09750000e+01,4.81250000e-02,-3.35937500e-02
2.17216000e-06,1.36875000e+00,1.07125000e+01,1.56250000e-02,-1.30468750e-01
2.17248000e-06,1.35000000e+00,1.07000000e+01,2.81250000e-02,-2.07812500e-01
2.17280000e-06,1.33125000e+00,1.06250000e+01,1.56250000e-02,-1.28906250e-01
2.17312000e-06,1.44375000e+00,1.06937500e+01,4.06250000e-02,-1.30468750e-01
2.17344000e-06,1.35312500e+00,1.04875000e+01,4.56250000e-02,-2.30468750e-01
2.17376000e-06,1.43125000e+00,1.04718750e+01,2.56250000e-02,-1.74218750e-01
2.17408000e-06,1.20937500e+00,1.03906250e+01,5.06250000e-02,-7.89062500e-02
2.17440000e-06,1.34375000e+00,1.03875000e+01,4.81250000e-02,-4.37500000e-02
2.17472000e-06,1.39375000e+00,1.03718750e+01,6.06250000e-02,-8.90625000e-02
2.17504000e-06,1.25625000e+00,1.04218750e+01,3.81250000e-02,-1.83593750e-01
2.17536000e-06,1.22187500e+00,1.02843750e+01,3.56250000e-02,-8.82812500e-02
2.17568000e-06,1.13437500e+00,1.03468750e+01,4.31250000e-02,-1.02343750e-01
2.17600000e-06,1.09375000e+00,1.02468750e+01,6.31250000e-02,-1.77343750e-01
2.17632000e-06,1.06875000e+00,1.04218750e+01,7.81250000e-02,-1.42187500e-01
2.17664000e-06,1.04375000e+00,1.03468750e+01,2.31250000e-02,-1.14062500e-01
2.17696000e-06,9.68750000e-01,1.03718750e+01,4.81250000e-02,-1.42968750e-01
2.17728000e-06,1.00625000e+00,1.04375000e+01,5.06250000e-02,-1.16406250e-01
2.17760000e-06,9.93750000e-01,1.06343750e+01,2.81250000e-02,-7.50000000e-02
2.17792000e-06,8.93750000e-01,1.05875000e+01,3.31250000e-02,-1.09375000e-01
2.17824000e-06,9.56250000e-01,1.07406250e+01,3.81250000e-02,-1.01562500e-01
2.17856000e-06,1.00625000e+00,1.07937500e+01,3.81250000e-02,-6.56250000e-02
2.17888000e-06,9.31250000e-01,1.08875000e+01,6.31250000e-02,-1.51562500e-01
2.17920000e-06,9.31250000e-01,1.10000000e+01,5.56250000e-02,-1.64843750e-01
2.17952000e-06,1.01875000e+00,1.09750000e+01,4.56250000e-02,-1.22656250e-01
2.17984000e-06,1.06875000e+00,1.08750000e+01,3.56250000e-02,-3.51562500e-02
2.18016000e-06,1.01875000e+00,1.10500000e+01,5.81250000e-02,-6.09375000e-02
2.18048000e-06,1.05625000e+00,1.11125000e+01,4.31250000e-02,-1.40625000e-01
2.18080000e-06,1.28125000e+00,1.09500000e+01,6.06250000e-02,-8.75000000e-02
2.18112000e-06,1.14375000e+00,1.11375000e+01,3.56250000e-02,-6.17187500e-02
2.18144000e-06,1.26875000e+00,1.10125000e+01,5.31250000e-02,-7.73437500e-02
2.18176000e-06,1.23437500e+00,1.09500000e+01,5.06250000e-02,-1.60937500e-01
2.18208000e-06,1.44062500e+00,1.10625000e+01,6.31250000e-02,-1.71093750e-01
2.18240000e-06,1.40312500e+00,1.10125000e+01,4.56250000e-02,-4.06250000e-02
2.18272000e-06,1.53125000e+00,1.10250000e+01,2.81250000e-02,1.01562500e-02
2.18304000e-06,1.68125000e+00,1.08750000e+01,3.81250000e-02,-6.79687500e-02
2.18336000e-06,1.64062500e+00,1.07750000e+01,6.56250000e-02,-1.00781250e-01
2.18368000e-06,1.70312500e+00,1.07000000e+01,3.81250000e-02,-1.25781250e-01
2.18400000e-06,1.74062500e+00,1.07375000e+01,6.06250000e-02,-1.17187500e-01
2.18432000e-06,1.90312500e+00,1.06125000e+01,2.56250000e-02,-1.05468750e-01
2.18464000e-06,2.06562500e+00,1.06187500e+01,2.81250000e-02,-2.73437500e-02
2.18496000e-06,2.09062500e+00,1.03250000e+01,3.06250000e-02,-3.28125000e-02
2.18528000e-06,2.12812500e+00,1.03593750e+01,4.56250000e-02,7.81250000e-04
2.18560000e-06,2.21875000e+00,1.04031250e+01,4.06250000e-02,-6.71875000e-02
2.18592000e-06,2.28125000e+00,1.03500000e+01,5.56250000e-02,-1.48437500e-01
2.18624000e-06,2.30625000e+00,1.03093750e+01,1.81250000e-02,-1.03125000e-01
2.18656000e-06,2.23750000e+00,1.02968750e+01,3.56250000e-02,-5.93750000e-02
2.18688000e-06,2.19687500e+00,1.03968750e+01,1.31250000e-02,-1.10156250e-01
2.18720000e-06,2.28437500e+00,1.04718750e+01,1.31250000e-02,-1.11718750e-01
2.18752000e-06,2.18437500e+00,1.03843750e+01,1.31250000e-02,-7.81250000e-03
2.18784000e-06,2.29687500e+00,1.03218750e+01,2.06250000e-02,2.42187500e-02
2.18816000e-06,2.05937500e+00,1.04843750e+01,1.06250000e-02,-4.06250000e-02
2.18848000e-06,2.05937500e+00,1.05218750e+01,5.56250000e-02,-1.27343750e-01
2.18880000e-06,2.09062500e+00,1.03843750e+01,3.06250000e-02,-1.75781250e-01
2.18912000e-06,2.13437500e+00,1.04875000e+01,3.31250000e-02,-1.61718750e-01
2.18944000e-06,1.95000000e+00,1.06343750e+01,-1.87500000e-03,-4.68750000e-02
2.18976000e-06,1.85312500e+00,1.08375000e+01,6.25000000e-04,-6.40625000e-02
2.19008000e-06,1.84375000e+00,1.09156250e+01,6.25000000e-04,-1.46875000e-01
2.19040000e-06,1.79062500e+00,1.08562500e+01,-4.37500000e-03,-1.17187500e-01
2.19072000e-06,1.70312500e+00,1.07750000e+01,-4.37500000e-03,-4.92187500e-02
2.19104000e-06,1.70312500e+00,1.10625000e+01,4.06250000e-02,-9.92187500e-02
2.19136000e-06,1.67812500e+00,1.10500000e+01,7.56250000e-02,-1.42187500e-01
2.19168000e-06,1.59062500e+00,1.11000000e+01,2.81250000e-02,-2.03906250e-01
2.19200000e-06,1.55312500e+00,1.12250000e+01,-1.87500000e-03,-1.03125000e-01
2.19232000e-06,1.45312500e+00,1.12500000e+01,3.56250000e-02,-1.90625000e-01
2.19264000e-06,1.37812500e+00,1.11125000e+01,4.56250000e-02,-2.44531250e-01
2.19296000e-06,1.36250000e+00,1.11125000e+01,3.31250000e-02,-1.06250000e-01
2.19328000e-06,1.27500000e+00,1.11125000e+01,3.31250000e-02,-1.23437500e-01
2.19360000e-06,1.36875000e+00,1.12125000e+01,3.06250000e-02,-1.60156250e-01
2.19392000e-06,1.16875000e+00,1.11500000e+01,3.06250000e-02,-1.32812500e-01
2.19424000e-06,1.23437500e+00,1.10500000e+01,2.81250000e-02,-1.70312500e-01
2.19456000e-06,1.19687500e+00,1.11750000e+01,6.25000000e-04,-1.45312500e-01
2.19488000e-06,1.20625000e+00,1.09250000e+01,-4.37500000e-03,-9.92187500e-02
2.19520000e-06,1.26875000e+00,1.07875000e+01,3.81250000e-02,-1.11718750e-01
2.19552000e-06,1.14375000e+00,1.10250000e+01,3.06250000e-02,-8.59375000e-02
2.19584000e-06,1.34062500e+00,1.08125000e+01,5.06250000e-02,-1.29687500e-01
2.19616000e-06,1.19375000e+00,1.06937500e+01,4.56250000e-02,-1.53125000e-01
2.19648000e-06,1.04375000e+00,1.04406250e+01,2.31250000e-02,-4.37500000e-02
2.19680000e-06,1.22187500e+00,1.06562500e+01,2.56250000e-02,1.95312500e-02
2.19712000e-06,1.11875000e+00,1.05687500e+01,2.81250000e-02,-7.81250000e-02
2.19744000e-06,1.23125000e+00,1.04531250e+01,1.81250000e-02,-4.84375000e-02
2.19776000e-06,1.28125000e+00,1.05250000e+01,2.56250000e-02,-1.25000000e-02
2.19808000e-06,1.28437500e+00,1.05187500e+01,6.81250000e-02,1.56250000e-02
2.19840000e-06,1.36562500e+00,1.05968750e+01,2.31250000e-02,-8.28125000e-02
2.19872000e-06,1.47812500e+00,1.06187500e+01,2.31250000e-02,-1.29687500e-01
2.19904000e-06,1.46875000e+00,1.04937500e+01,2.31250000e-02,-3.12500000e-02
2.19936000e-06,1.49375000e+00,1.06281250e+01,5.81250000e-02,7.81250000e-04
2.19968000e-06,1.54375000e+00,1.07562500e+01,1.81250000e-02,-2.03125000e-02
2.20000000e-06,1.58125000e+00,1.07312500e+01,2.06250000e-02,-1.71875000e-02
2.20032000e-06,1.46562500e+00,1.06812500e+01,3.81250000e-02,-1.25000000e-02
2.20064000e-06,1.61562500e+00,1.09250000e+01,1.56250000e-02,3.98437500e-02
2.20096000e-06,1.77812500e+00,1.11000000e+01,1.81250000e-02,3.51562500e-02
2.20128000e-06,1.71562500e+00,1.10375000e+01,5.62500000e-03,5.46875000e-03
2.20160000e-06,1.62812500e+00,1.10375000e+01,4.06250000e-02,2.18750000e-02
2.20192000e-06,1.75312500e+00,1.10500000e+01,6.56250000e-02,-3.12500000e-02
2.20224000e-06,1.69062500e+00,1.12375000e+01,3.31250000e-02,-7.42187500e-02
2.20256000e-06,1.60312500e+00,1.13500000e+01,3.31250000e-02,-4.84375000e-02
2.20288000e-06,1.87812500e+00,1.12750000e+01,2.81250000e-02,2.89062500e-02
2.20320000e-06,1.85312500e+00,1.11500000e+01,2.56250000e-02,1.75000000e-01
2.20352000e-06,1.82812500e+00,1.13875000e+01,4.81250000e-02,1.36718750e-01
2.20384000e-06,1.87812500e+00,1.13625000e+01,1.81250000e-02,3.12500000e-02
2.20416000e-06,1.97812500e+00,1.11000000e+01,1.06250000e-02,2.65625000e-02
2.20448000e-06,1.77812500e+00,1.10875000e+01,7.56250000e-02,1.00000000e-01
2.20480000e-06,1.80312500e+00,1.11125000e+01,3.12500000e-03,1.07812500e-01
2.20512000e-06,1.95312500e+00,1.09125000e+01,1.81250000e-02,8.04687500e-02
2.20544000e-06,1.91562500e+00,1.09375000e+01,2.56250000e-02,9.29687500e-02
2.20576000e-06,1.96562500e+00,1.08375000e+01,1.81250000e-02,1.09375000e-01
2.20608000e-06,1.89062500e+00,1.06875000e+01,8.12500000e-03,3.82812500e-02
2.20640000e-06,2.05000000e+00,1.06687500e+01,4.31250000e-02,1.79687500e-02
2.20672000e-06,2.24062500e+00,1.04750000e+01,1.81250000e-02,9.53125000e-02
2.20704000e-06,1.99062500e+00,1.03968750e+01,3.81250000e-02,1.05468750e-01
2.20736000e-06,1.99375000e+00,1.03281250e+01,2.56250000e-02,6.17187500e-02
2.20768000e-06,2.08125000e+00,1.01625000e+01,5.31250000e-02,3.75000000e-02
2.20800000e-06,1.98125000e+00,1.02843750e+01,4.56250000e-02,5.85937500e-02
2.20832000e-06,2.00312500e+00,1.01093750e+01,1.31250000e-02,7.34375000e-02
2.20864000e-06,2.01562500e+00,1.01468750e+01,1.31250000e-02,3.28125000e-02
2.20896000e-06,1.94062500e+00,1.02468750e+01,4.06250000e-02,-2.03125000e-02
2.20928000e-06,1.85312500e+00,1.01218750e+01,2.31250000e-02,-9.76562500e-02
2.20960000e-06,1.86562500e+00,1.03468750e+01,4.06250000e-02,-1.57031250e-01
2.20992000e-06,1.76562500e+00,1.02093750e+01,4.31250000e-02,-5.07812500e-02
2.21024000e-06,1.80312500e+00,1.03343750e+01,4.56250000e-02,-1.40625000e-02
2.21056000e-06,1.72812500e+00,1.03343750e+01,2.81250000e-02,-9.53125000e-02
2.21088000e-06,1.70312500e+00,1.03968750e+01,-9.37500000e-03,-1.25000000e-01
2.21120000e-06,1.69062500e+00,1.04968750e+01,2.31250000e-02,-6.25000000e-02
2.21152000e-06,1.66562500e+00,1.05406250e+01,3.06250000e-02,-1.41406250e-01
2.21184000e-06,1.66562500e+00,1.07375000e+01,6.31250000e-02,-1.60937500e-01
2.21216000e-06,1.51562500e+00,1.07531250e+01,3.81250000e-02,-1.39843750e-01
2.21248000e-06,1.41562500e+00,1.08562500e+01,3.31250000e-02,-1.79687500e-01
2.21280000e-06,1.57812500e+00,1.09093750e+01,2.56250000e-02,-1.45312500e-01
2.21312000e-06,1.36562500e+00,1.09375000e+01,5.56250000e-02,-1.62500000e-01
2.21344000e-06,1.21875000e+00,1.10625000e+01,2.06250000e-02,-1.79687500e-01
2.21376000e-06,1.31250000e+00,1.10500000e+01,4.06250000e-02,-1.50000000e-01
2.21408000e-06,1.22187500e+00,1.11000000e+01,2.56250000e-02,-1.42968750e-01
2.21440000e-06,1.35000000e+00,1.10125000e+01,4.81250000e-02,-8.51562500e-02
2.21472000e-06,1.11875000e+00,1.10750000e+01,3.31250000e-02,-1.96875000e-01
2.21504000e-06,1.08437500e+00,1.10125000e+01,2.81250000e-02,-2.66406250e-01
2.21536000e-06,1.01875000e+00,1.11250000e+01,5.81250000e-02,-2.06250000e-01
2.21568000e-06,1.23125000e+00,1.09500000e+01,6.06250000e-02,-1.58593750e-01
2.21600000e-06,1.16875000e+00,1.08625000e+01,5.31250000e-02,-2.60156250e-01
2.21632000e-06,1.04375000e+00,1.07000000e+01,2.56250000e-02,-2.59375000e-01
2.21664000e-06,1.20625000e+00,1.06375000e+01,6.06250000e-02,-2.74218750e-01
2.21696000e-06,1.03125000e+00,1.06062500e+01,7.31250000e-02,-3.00000000e-01
2.21728000e-06,1.25937500e+00,1.04625000e+01,4.31250000e-02,-2.91406250e-01
2.21760000e-06,1.18125000e+00,1.05468750e+01,3.81250000e-02,-2.60156250e-01
2.21792000e-06,1.13125000e+00,1.05156250e+01,5.56250000e-02,-2.52343750e-01
2.21824000e-06,1.31875000e+00,1.04875000e+01,3.31250000e-02,-3.07031250e-01
2.21856000e-06,1.50312500e+00,1.04843750e+01,4.81250000e-02,-2.14843750e-01
2.21888000e-06,1.39062500e+00,1.02468750e+01,3.31250000e-02,-2.58593750e-01
2.21920000e-06,1.57812500e+00,1.02468750e+01,3.06250000e-02,-3.21875000e-01
2.21952000e-06,1.56875000e+00,1.02343750e+01,5.56250000e-02,-2.56250000e-01
2.21984000e-06,1.61562500e+00,1.04218750e+01,2.31250000e-02,-2.44531250e-01
2.22016000e-06,1.62812500e+00,1.03468750e+01,1.31250000e-02,-2.27343750e-01
2.22048000e-06,1.70312500e+00,1.03343750e+01,4.31250000e-02,-2.22656250e-01
2.22080000e-06,1.86562500e+00,1.04593750e+01,5.31250000e-02,-2.73437500e-01
2.22112000e-06,1.77812500e+00,1.04500000e+01,7.31250000e-02,-2.28125000e-01
2.22144000e-06,1.80312500e+00,1.06468750e+01,4.81250000e-02,-2.39062500e-01
2.22176000e-06,1.80312500e+00,1.07250000e+01,4.81250000e-02,-2.59375000e-01
2.22208000e-06,1.76562500e+00,1.08281250e+01,2.81250000e-02,-1.89062500e-01
2.22240000e-06,1.77812500e+00,1.08687500e+01,6.06250000e-02,-2.57812500e-01
2.22272000e-06,1.76562500e+00,1.09125000e+01,1.81250000e-02,-2.74218750e-01
2.22304000e-06,1.71562500e+00,1.09000000e+01,4.56250000e-02,-2.15625000e-01
2.22336000e-06,1.95312500e+00,1.10750000e+01,4.81250000e-02,-1.65625000e-01
2.22368000e-06,2.02812500e+00,1.11750000e+01,2.81250000e-02,-1.16406250e-01
2.22400000e-06,1.82812500e+00,1.12000000e+01,1.81250000e-02,-1.76562500e-01
2.22432000e-06,1.81562500e+00,1.12750000e+01,1.56250000e-02,-2.38281250e-01
2.22464000e-06,1.90312500e+00,1.12000000e+01,1.81250000e-02,-2.35156250e-01
2.22496000e-06,1.91562500e+00,1.12875000e+01,5.56250000e-02,-1.35937500e-01
2.22528000e-06,1.87812500e+00,1.12875000e+01,3.06250000e-02,-1.66406250e-01
2.22560000e-06,1.87812500e+00,1.12250000e+01,4.31250000e-02,-2.32812500e-01
2.22592000e-06,1.80312500e+00,1.11250000e+01,3.81250000e-02,-1.24218750e-01
2.22624000e-06,1.97812500e+00,1.11375000e+01,3.81250000e-02,1.56250000e-03
2.22656000e-06,2.04062500e+00,1.10250000e+01,2.81250000e-02,-8.51562500e-02
2.22688000e-06,1.90312500e+00,1.09125000e+01,3.81250000e-02,-1.65625000e-01
2.22720000e-06,1.91562500e+00,1.09500000e+01,2.81250000e-02,-9.53125000e-02
2.22752000e-06,1.97812500e+00,1.09125000e+01,3.56250000e-02,-1.18750000e-01
2.22784000e-06,2.00312500e+00,1.08250000e+01,2.31250000e-02,-1.13281250e-01
2.22816000e-06,1.99062500e+00,1.08000000e+01,8.12500000e-03,-1.03125000e-01
2.22848000e-06,2.06562500e+00,1.05968750e+01,1.31250000e-02,-1.03906250e-01
2.22880000e-06,2.05312500e+00,1.07125000e+01,6.06250000e-02,-7.57812500e-02
2.22912000e-06,1.91562500e+00,1.07000000e+01,2.81250000e-02,-5.70312500e-02
2.22944000e-06,2.00312500e+00,1.06031250e+01,1.06250000e-02,-4.92187500e-02
2.22976000e-06,1.99062500e+00,1.04718750e+01,2.31250000e-02,-2.26562500e-02
2.23008000e-06,1.94062500e+00,1.05093750e+01,3.06250000e-02,-8.59375000e-02
2.23040000e-06,1.97812500e+00,1.05593750e+01,4.06250000e-02,-1.27343750e-01
2.23072000e-06,1.92812500e+00,1.06093750e+01,2.81250000e-02,-1.14062500e-01
2.23104000e-06,1.90312500e+00,1.04031250e+01,4.31250000e-02,4.68750000e-03
2.23136000e-06,1.81562500e+00,1.05406250e+01,3.56250000e-02,1.56250000e-02
2.23168000e-06,1.79062500e+00,1.05687500e+01,4.81250000e-02,-8.59375000e-02
2.23200000e-06,1.75312500e+00,1.06125000e+01,1.06250000e-02,-5.31250000e-02
2.23232000e-06,1.64062500e+00,1.06531250e+01,4.81250000e-02,-3.28125000e-02
2.23264000e-06,1.70312500e+00,1.08062500e+01,5.31250000e-02,-1.14062500e-01
2.23296000e-06,1.64062500e+00,1.06812500e+01,2.81250000e-02,-5.62500000e-02
2.23328000e-06,1.47812500e+00,1.08468750e+01,2.06250000e-02,-2.03125000e-02
2.23360000e-06,1.45312500e+00,1.08125000e+01,6.25000000e-04,5.31250000e-02
2.23392000e-06,1.46562500e+00,1.08375000e+01,3.06250000e-02,1.29687500e-01
2.23424000e-06,1.28750000e+00,1.08375000e+01,2.31250000e-02,1.14843750e-01
2.23456000e-06,1.41562500e+00,1.10250000e+01,3.06250000e-02,3.28125000e-02
2.23488000e-06,1.24687500e+00,1.09250000e+01,1.81250000e-02,1.48437500e-02
2.23520000e-06,1.14687500e+00,1.10875000e+01,3.81250000e-02,2.57812500e-02
2.23552000e-06,1.20937500e+00,1.09125000e+01,4.06250000e-02,2.42187500e-02
2.23584000e-06,1.11875000e+00,1.08500000e+01,5.06250000e-02,-1.17187500e-02
2.23616000e-06,1.08125000e+00,1.09250000e+01,1.31250000e-02,1.48437500e-02
2.23648000e-06,1.18125000e+00,1.09625000e+01,1.06250000e-02,4.14062500e-02
2.23680000e-06,1.14375000e+00,1.10375000e+01,4.81250000e-02,-1.56250000e-02
2.23712000e-06,1.14375000e+00,1.09250000e+01,3.31250000e-02,-1.32812500e-02
2.23744000e-06,1.26875000e+00,1.08250000e+01,2.56250000e-02,1.09375000e-01
2.23776000e-06,1.19375000e+00,1.07750000e+01,4.06250000e-02,1.39843750e-01
2.23808000e-06,1.20625000e+00,1.08000000e+01,2.06250000e-02,4.06250000e-02
2.23840000e-06,1.24375000e+00,1.08250000e+01,2.06250000e-02,4.76562500e-02
2.23872000e-06,1.34062500e+00,1.06125000e+01,3.31250000e-02,1.46093750e-01
2.23904000e-06,1.49062500e+00,1.06968750e+01,2.06250000e-02,2.00000000e-01
2.23936000e-06,1.56562500e+00,1.05781250e+01,2.06250000e-02,1.14843750e-01
2.23968000e-06,1.71875000e+00,1.05937500e+01,1.56250000e-02,5.07812500e-02
2.24000000e-06,1.60312500e+00,1.05468750e+01,5.31250000e-02,5.31250000e-02
2.24032000e-06,1.64062500e+00,1.05750000e+01,4.81250000e-02,8.75000000e-02
2.24064000e-06,1.81562500e+00,1.07031250e+01,-1.18750000e-02,1.01562500e-01
2.24096000e-06,1.81562500e+00,1.05906250e+01,2.31250000e-02,1.03906250e-01
2.24128000e-06,2.00312500e+00,1.02687500e+01,2.81250000e-02,1.25781250e-01
2.24160000e-06,1.91562500e+00,1.04875000e+01,5.56250000e-02,2.07031250e-01
2.24192000e-06,1.75312500e+00,1.06156250e+01,3.31250000e-02,2.10937500e-01
2.24224000e-06,1.91562500e+00,1.05437500e+01,3.56250000e-02,1.98437500e-01
2.24256000e-06,2.01562500e+00,1.05093750e+01,3.06250000e-02,1.73437500e-01
2.24288000e-06,1.97812500e+00,1.06406250e+01,-4.37500000e-03,1.60156250e-01
2.24320000e-06,1.85312500e+00,1.05968750e+01,3.31250000e-02,1.17968750e-01
2.24352000e-06,1.86562500e+00,1.06812500e+01,2.56250000e-02,1.05468750e-01
2.24384000e-06,1.87812500e+00,1.06187500e+01,1.56250000e-02,1.05468750e-01
2.24416000e-06,1.97812500e+00,1.08593750e+01,1.31250000e-02,1.00000000e-01
2.24448000e-06,1.91562500e+00,1.08750000e+01,4.56250000e-02,9.14062500e-02
2.24480000e-06,1.96562500e+00,1.07593750e+01,5.06250000e-02,1.56250000e-02
2.24512000e-06,1.86562500e+00,1.05687500e+01,2.06250000e-02,4.53125000e-02
2.24544000e-06,1.81562500e+00,1.08000000e+01,2.06250000e-02,8.28125000e-02
2.24576000e-06,1.77812500e+00,1.07375000e+01,1.06250000e-02,6.01562500e-02
2.24608000e-06,1.84062500e+00,1.08875000e+01,2.31250000e-02,1.01562500e-02
2.24640000e-06,1.66562500e+00,1.10843750e+01,2.81250000e-02,-4.76562500e-02
2.24672000e-06,1.64062500e+00,1.10000000e+01,3.06250000e-02,-3.12500000e-03
2.24704000e-06,1.74062500e+00,1.09375000e+01,1.06250000e-02,-4.60937500e-02
2.24736000e-06,1.74062500e+00,1.08875000e+01,3.81250000e-02,-6.56250000e-02
2.24768000e-06,1.65312500e+00,1.09375000e+01,5.06250000e-02,-5.85937500e-02
2.24800000e-06,1.74062500e+00,1.09750000e+01,3.06250000e-02,-9.53125000e-02
2.24832000e-06,1.66562500e+00,1.08750000e+01,1.31250000e-02,-1.10937500e-01
2.24864000e-06,1.85312500e+00,1.08875000e+01,6.25000000e-04,-5.85937500e-02
2.24896000e-06,1.79062500e+00,1.09250000e+01,4.31250000e-02,-8.59375000e-02
2.24928000e-06,1.67812500e+00,1.09375000e+01,1.56250000e-02,-1.04687500e-01
2.24960000e-06,1.82812500e+00,1.08750000e+01,8.12500000e-03,-2.73437500e-02
2.24992000e-06,1.77812500e+00,1.08250000e+01,-9.37500000e-03,-1.21875000e-01
2.25024000e-06,1.82812500e+00,1.07750000e+01,3.56250000e-02,-1.81250000e-01
2.25056000e-06,1.77812500e+00,1.09125000e+01,3.56250000e-02,-1.39843750e-01
2.25088000e-06,1.85312500e+00,1.08125000e+01,3.12500000e-03,-1.68750000e-01
2.25120000e-06,1.77812500e+00,1.07000000e+01,2.56250000e-02,-2.83593750e-01
2.25152000e-06,1.71562500e+00,1.06750000e+01,1.06250000e-02,-3.03125000e-01
2.25184000e-06,1.95312500e+00,1.08500000e+01,3.31250000e-02,-1.78125000e-01
2.25216000e-06,1.86562500e+00,1.06625000e+01,2.06250000e-02,-2.00781250e-01
2.25248000e-06,1.72812500e+00,1.07250000e+01,5.06250000e-02,-3.12500000e-01
2.25280000e-06,1.76562500e+00,1.08500000e+01,3.31250000e-02,-2.78906250e-01
2.25312000e-06,1.76562500e+00,1.07000000e+01,3.31250000e-02,-2.20312500e-01
2.25344000e-06,1.52812500e+00,1.06625000e+01,3.31250000e-02,-2.49218750e-01
2.25376000e-06,1.57812500e+00,1.07625000e+01,3.81250000e-02,-2.51562500e-01
2.25408000e-06,1.67812500e+00,1.07125000e+01,4.56250000e-02,-3.10156250e-01
2.25440000e-06,1.62812500e+00,1.08125000e+01,3.06250000e-02,-2.98437500e-01
2.25472000e-06,1.67812500e+00,1.07000000e+01,-6.87500000e-03,-1.74218750e-01
2.25504000e-06,1.59062500e+00,1.09000000e+01,3.06250000e-02,-1.30468750e-01
2.25536000e-06,1.49062500e+00,1.07000000e+01,1.56250000e-02,-2.71093750e-01
2.25568000e-06,1.37812500e+00,1.08375000e+01,4.56250000e-02,-3.16406250e-01
2.25600000e-06,1.41562500e+00,1.07875000e+01,2.31250000e-02,-2.94531250e-01
2.25632000e-06,1.34375000e+00,1.07625000e+01,6.25000000e-04,-3.27343750e-01
2.25664000e-06,1.38125000e+00,1.07875000e+01,3.81250000e-02,-3.25781250e-01
2.25696000e-06,1.25937500e+00,1.07500000e+01,3.31250000e-02,-1.66406250e-01
2.25728000e-06,1.36875000e+00,1.07375000e+01,1.81250000e-02,-1.78125000e-01
2.25760000e-06,1.44375000e+00,1.08375000e+01,5.31250000e-02,-2.73437500e-01
2.25792000e-06,1.32812500e+00,1.08750000e+01,3.31250000e-02,-2.90625000e-01
2.25824000e-06,1.31875000e+00,1.07500000e+01,2.81250000e-02,-2.07031250e-01
2.25856000e-06,1.33125000e+00,1.08375000e+01,8.06250000e-02,-1.71093750e-01
2.25888000e-06,1.36875000e+00,1.07500000e+01,3.81250000e-02,-2.63281250e-01
2.25920000e-06,1.46875000e+00,1.08125000e+01,1.81250000e-02,-3.26562500e-01
2.25952000e-06,1.49375000e+00,1.08500000e+01,4.81250000e-02,-1.96875000e-01
2.25984000e-06,1.49375000e+00,1.08500000e+01,2.06250000e-02,-1.46093750e-01
2.26016000e-06,1.54062500e+00,1.08875000e+01,4.06250000e-02,-1.87500000e-01
2.26048000e-06,1.60625000e+00,1.07250000e+01,4.31250000e-02,-2.89843750e-01
2.26080000e-06,1.62812500e+00,1.07000000e+01,7.06250000e-02,-2.17187500e-01
2.26112000e-06,1.62812500e+00,1.06625000e+01,1.81250000e-02,-1.47656250e-01
2.26144000e-06,1.42812500e+00,1.07500000e+01,3.56250000e-02,-1.77343750e-01
2.26176000e-06,1.59062500e+00,1.06250000e+01,2.06250000e-02,-1.83593750e-01
2.26208000e-06,1.69062500e+00,1.06343750e+01,4.31250000e-02,-1.02343750e-01
2.26240000e-06,1.85312500e+00,1.05406250e+01,3.81250000e-02,-1.02343750e-01
2.26272000e-06,1.85312500e+00,1.05906250e+01,2.81250000e-02,-1.10937500e-01
2.26304000e-06,1.82812500e+00,1.05468750e+01,4.31250000e-02,-1.31250000e-01
2.26336000e-06,1.92812500e+00,1.05718750e+01,1.81250000e-02,-6.48437500e-02
2.26368000e-06,1.79062500e+00,1.06218750e+01,2.31250000e-02,-7.42187500e-02
2.26400000e-06,1.79062500e+00,1.06218750e+01,2.31250000e-02,-8.20312500e-02
2.26432000e-06,1.87812500e+00,1.04937500e+01,2.06250000e-02,-2.10937500e-02
2.26464000e-06,1.89062500e+00,1.06281250e+01,2.31250000e-02,-6.17187500e-02
2.26496000e-06,1.79062500e+00,1.06437500e+01,2.81250000e-02,-9.29687500e-02
2.26528000e-06,1.86562500e+00,1.06187500e+01,3.56250000e-02,-1.14062500e-01
2.26560000e-06,1.96562500e+00,1.06062500e+01,1.06250000e-02,-1.11718750e-01
2.26592000e-06,1.77812500e+00,1.07093750e+01,1.06250000e-02,-6.95312500e-02
2.26624000e-06,1.76562500e+00,1.05250000e+01,2.06250000e-02,-2.89062500e-02
2.26656000e-06,1.81562500e+00,1.05406250e+01,3.56250000e-02,7.81250000e-03
2.26688000e-06,1.74062500e+00,1.06312500e+01,3.56250000e-02,3.51562500e-02
2.26720000e-06,1.85312500e+00,1.05781250e+01,2.06250000e-02,6.17187500e-02
2.26752000e-06,1.77812500e+00,1.08187500e+01,-1.93750000e-02,-1.40625000e-02
2.26784000e-06,1.84062500e+00,1.08343750e+01,-2.25000000e-02,-7.26562500e-02
2.26816000e-06,1.66562500e+00,1.07625000e+01,1.56250000e-02,5.62500000e-02
2.26848000e-06,1.61562500e+00,1.09593750e+01,5.31250000e-02,1.28125000e-01
2.26880000e-06,1.67812500e+00,1.07000000e+01,2.81250000e-02,3.98437500e-02
2.26912000e-06,1.60312500e+00,1.08250000e+01,3.81250000e-02,4.92187500e-02
2.26944000e-06,1.44062500e+00,1.10000000e+01,3.81250000e-02,4.53125000e-02
2.26976000e-06,1.57812500e+00,1.10375000e+01,3.06250000e-02,4.37500000e-02
2.27008000e-06,1.62812500e+00,1.09125000e+01,1.06250000e-02,5.54687500e-02
2.27040000e-06,1.64062500e+00,1.09750000e+01,1.06250000e-02,2.96875000e-02
2.27072000e-06,1.65312500e+00,1.07875000e+01,1.31250000e-02,2.34375000e-03
2.27104000e-06,1.40312500e+00,1.08375000e+01,4.06250000e-02,5.85937500e-02
2.27136000e-06,1.60312500e+00,1.09500000e+01,2.06250000e-02,4.29687500e-02
2.27168000e-06,1.70312500e+00,1.08750000e+01,1.56250000e-02,-4.92187500e-02
2.27200000e-06,1.45312500e+00,1.07625000e+01,5.62500000e-03,3.90625000e-02
2.27232000e-06,1.50312500e+00,1.07500000e+01,2.81250000e-02,2.96875000e-02
2.27264000e-06,1.49062500e+00,1.07375000e+01,4.81250000e-02,3.51562500e-02
2.27296000e-06,1.54062500e+00,1.07625000e+01,2.06250000e-02,2.57812500e-02
2.27328000e-06,1.56875000e+00,1.07375000e+01,2.81250000e-02,-1.56250000e-02
2.27360000e-06,1.56562500e+00,1.06562500e+01,5.06250000e-02,7.34375000e-02
2.27392000e-06,1.60312500e+00,1.04531250e+01,8.12500000e-03,5.00000000e-02
2.27424000e-06,1.55312500e+00,1.06812500e+01,4.56250000e-02,-3.51562500e-02
2.27456000e-06,1.46562500e+00,1.05250000e+01,2.06250000e-02,-4.68750000e-02
2.27488000e-06,1.61562500e+00,1.07437500e+01,2.06250000e-02,-2.81250000e-02
2.27520000e-06,1.66875000e+00,1.06187500e+01,2.56250000e-02,-1.87500000e-02
2.27552000e-06,1.69062500e+00,1.07250000e+01,3.31250000e-02,-1.87500000e-02
2.27584000e-06,1.60312500e+00,1.06468750e+01,1.56250000e-02,-2.34375000e-02
2.27616000e-06,1.57812500e+00,1.07250000e+01,1.31250000e-02,1.87500000e-02
2.27648000e-06,1.54062500e+00,1.06125000e+01,1.56250000e-02,4.84375000e-02
2.27680000e-06,1.50312500e+00,1.06500000e+01,3.06250000e-02,-1.17187500e-02
2.27712000e-06,1.52812500e+00,1.06000000e+01,5.06250000e-02,-1.17968750e-01
2.27744000e-06,1.64062500e+00,1.07000000e+01,4.31250000e-02,-2.34375000e-02
2.27776000e-06,1.44062500e+00,1.07625000e+01,1.56250000e-02,6.32812500e-02
2.27808000e-06,1.56562500e+00,1.08250000e+01,3.06250000e-02,-1.25000000e-02
2.27840000e-06,1.59375000e+00,1.07625000e+01,5.81250000e-02,-7.03125000e-02
2.27872000e-06,1.61562500e+00,1.07625000e+01,4.56250000e-02,-3.59375000e-02
2.27904000e-06,1.49062500e+00,1.09375000e+01,2.56250000e-02,-4.76562500e-02
2.27936000e-06,1.54062500e+00,1.09125000e+01,4.81250000e-02,-1.04687500e-01
2.27968000e-06,1.40312500e+00,1.08625000e+01,2.06250000e-02,-1.07812500e-01
2.28000000e-06,1.66562500e+00,1.10625000e+01,3.31250000e-02,-8.28125000e-02
2.28032000e-06,1.56875000e+00,1.10375000e+01,1.06250000e-02,-7.18750000e-02
2.28064000e-06,1.69062500e+00,1.10000000e+01,3.12500000e-03,-1.31250000e-01
2.28096000e-06,1.60312500e+00,1.07625000e+01,2.56250000e-02,-1.57031250e-01
2.28128000e-06,1.59062500e+00,1.10000000e+01,5.62500000e-03,-9.45312500e-02
2.28160000e-06,1.67812500e+00,1.10125000e+01,3.81250000e-02,-5.54687500e-02
2.28192000e-06,1.80312500e+00,1.08375000e+01,1.81250000e-02,-1.89062500e-01
2.28224000e-06,1.65312500e+00,1.07250000e+01,4.06250000e-02,-1.32031250e-01
2.28256000e-06,1.70312500e+00,1.07750000e+01,2.56250000e-02,-5.78125000e-02
2.28288000e-06,1.82812500e+00,1.07625000e+01,4.06250000e-02,-7.10937500e-02
2.28320000e-06,1.81562500e+00,1.07750000e+01,3.06250000e-02,-8.59375000e-02
2.28352000e-06,1.76562500e+00,1.07750000e+01,2.81250000e-02,-1.07812500e-01
2.28384000e-06,1.77812500e+00,1.07625000e+01,3.81250000e-02,-7.34375000e-02
2.28416000e-06,1.72812500e+00,1.07250000e+01,2.56250000e-02,-4.92187500e-02
2.28448000e-06,1.57812500e+00,1.06250000e+01,2.81250000e-02,-7.18750000e-02
2.28480000e-06,1.95312500e+00,1.06437500e+01,3.56250000e-02,-1.62500000e-01
2.28512000e-06,1.91562500e+00,1.05750000e+01,3.56250000e-02,-1.52343750e-01
2.28544000e-06,1.80312500e+00,1.05781250e+01,1.56250000e-02,-9.14062500e-02
2.28576000e-06,1.80312500e+00,1.06375000e+01,2.81250000e-02,-8.75000000e-02
2.28608000e-06,1.71562500e+00,1.03812500e+01,3.31250000e-02,-1.29687500e-01
2.28640000e-06,1.87812500e+00,1.05468750e+01,2.81250000e-02,-1.30468750e-01
2.28672000e-06,1.79062500e+00,1.07031250e+01,5.06250000e-02,-1.23437500e-01
2.28704000e-06,1.66562500e+00,1.06406250e+01,4.31250000e-02,-2.30468750e-01
2.28736000e-06,1.79062500e+00,1.05750000e+01,2.06250000e-02,-1.43750000e-01
2.28768000e-06,1.85312500e+00,1.07343750e+01,2.81250000e-02,-1.87500000e-02
2.28800000e-06,1.70312500e+00,1.07000000e+01,5.31250000e-02,-4.84375000e-02
2.28832000e-06,1.75312500e+00,1.06750000e+01,6.25000000e-04,-1.23437500e-01
2.28864000e-06,1.86562500e+00,1.08343750e+01,2.31250000e-02,-1.71875000e-01
2.28896000e-06,1.77812500e+00,1.08000000e+01,4.56250000e-02,-5.31250000e-02
2.28928000e-06,1.64062500e+00,1.08625000e+01,1.56250000e-02,-5.39062500e-02
2.28960000e-06,1.67812500e+00,1.09250000e+01,4.81250000e-02,-6.01562500e-02
2.28992000e-06,1.57812500e+00,1.08375000e+01,3.31250000e-02,-1.40625000e-02
2.29024000e-06,1.60312500e+00,1.09375000e+01,3.31250000e-02,-6.25000000e-02
2.29056000e-06,1.69062500e+00,1.07500000e+01,3.56250000e-02,-1.01562500e-01
2.29088000e-06,1.65312500e+00,1.09250000e+01,2.81250000e-02,-9.06250000e-02
2.29120000e-06,1.56562500e+00,1.09000000e+01,2.81250000e-02,-8.43750000e-02
2.29152000e-06,1.49062500e+00,1.10875000e+01,3.56250000e-02,-1.58593750e-01
2.29184000e-06,1.49062500e+00,1.08875000e+01,1.81250000e-02,-1.14062500e-01
2.29216000e-06,1.59062500e+00,1.09250000e+01,4.06250000e-02,-1.09375000e-01
2.29248000e-06,1.63125000e+00,1.07875000e+01,6.06250000e-02,-1.12500000e-01
2.29280000e-06,1.72812500e+00,1.10250000e+01,1.06250000e-02,-6.17187500e-02
2.29312000e-06,1.54062500e+00,1.08125000e+01,3.56250000e-02,-8.28125000e-02
2.29344000e-06,1.47812500e+00,1.08500000e+01,3.81250000e-02,-1.33593750e-01
2.29376000e-06,1.52812500e+00,1.08000000e+01,6.81250000e-02,-1.75781250e-01
2.29408000e-06,1.59375000e+00,1.08500000e+01,4.81250000e-02,-1.71875000e-01
2.29440000e-06,1.56562500e+00,1.07125000e+01,5.31250000e-02,-1.30468750e-01
2.29472000e-06,1.54062500e+00,1.08375000e+01,1.81250000e-02,-5.93750000e-02
2.29504000e-06,1.54062500e+00,1.06625000e+01,2.31250000e-02,-5.39062500e-02
2.29536000e-06,1.71562500e+00,1.06687500e+01,2.31250000e-02,-3.43750000e-02
2.29568000e-06,1.54062500e+00,1.05281250e+01,8.12500000e-03,-2.57812500e-02
2.29600000e-06,1.49062500e+00,1.06281250e+01,5.62500000e-03,-8.67187500e-02
2.29632000e-06,1.60312500e+00,1.04718750e+01,3.06250000e-02,-1.50000000e-01
2.29664000e-06,1.59375000e+00,1.06281250e+01,3.31250000e-02,-9.53125000e-02
2.29696000e-06,1.60312500e+00,1.06968750e+01,5.62500000e-03,-1.66406250e-01
2.29728000e-06,1.56562500e+00,1.05687500e+01,2.81250000e-02,-1.45312500e-01
2.29760000e-06,1.79062500e+00,1.05562500e+01,3.06250000e-02,-1.57031250e-01
2.29792000e-06,1.52812500e+00,1.05593750e+01,4.81250000e-02,-9.68750000e-02
2.29824000e-06,1.54062500e+00,1.05125000e+01,5.62500000e-03,-5.39062500e-02
2.29856000e-06,1.55312500e+00,1.06656250e+01,3.31250000e-02,-9.92187500e-02
2.29888000e-06,1.47812500e+00,1.06312500e+01,3.81250000e-02,-6.95312500e-02
2.29920000e-06,1.56562500e+00,1.05875000e+01,2.56250000e-02,-8.20312500e-02
2.29952000e-06,1.61875000e+00,1.05500000e+01,2.31250000e-02,-6.17187500e-02
2.29984000e-06,1.50312500e+00,1.06843750e+01,4.31250000e-02,3.82812500e-02
2.30016000e-06,1.70312500e+00,1.07812500e+01,2.06250000e-02,-5.46875000e-02
2.30048000e-06,1.65312500e+00,1.07062500e+01,3.06250000e-02,-1.77343750e-01
2.30080000e-06,1.52812500e+00,1.07312500e+01,2.81250000e-02,-5.00000000e-02
2.30112000e-06,1.61562500e+00,1.08625000e+01,5.56250000e-02,-4.60937500e-02
2.30144000e-06,1.57812500e+00,1.08125000e+01,3.56250000e-02,-1.21093750e-01
2.30176000e-06,1.46562500e+00,1.08625000e+01,5.06250000e-02,-1.19531250e-01
2.30208000e-06,1.54062500e+00,1.08750000e+01,1.06250000e-02,-1.47656250e-01
2.30240000e-06,1.71562500e+00,1.09250000e+01,2.56250000e-02,-1.16406250e-01
2.30272000e-06,1.71562500e+00,1.09625000e+01,2.81250000e-02,-7.89062500e-02
2.30304000e-06,1.56562500e+00,1.09750000e+01,5.62500000e-03,-8.20312500e-02
2.30336000e-06,1.67812500e+00,1.10125000e+01,2.81250000e-02,-1.24218750e-01
2.30368000e-06,1.67812500e+00,1.08125000e+01,3.56250000e-02,-1.25000000e-01
2.30400000e-06,1.71562500e+00,1.08125000e+01,1.31250000e-02,-1.25781250e-01
2.30432000e-06,1.80312500e+00,1.07750000e+01,2.06250000e-02,-1.17968750e-01
2.30464000e-06,1.69062500e+00,1.07000000e+01,8.12500000e-03,-1.04687500e-01
2.30496000e-06,1.77812500e+00,1.07500000e+01,3.06250000e-02,-5.39062500e-02
2.30528000e-06,1.70312500e+00,1.06500000e+01,1.81250000e-02,-5.93750000e-02
2.30560000e-06,1.81562500e+00,1.07625000e+01,4.31250000e-02,-9.14062500e-02
2.30592000e-06,1.91562500e+00,1.07250000e+01,2.81250000e-02,-1.17187500e-01
2.30624000e-06,1.89062500e+00,1.07375000e+01,2.56250000e-02,-1.37500000e-01
2.30656000e-06,1.79062500e+00,1.06750000e+01,5.31250000e-02,-8.35937500e-02
2.30688000e-06,1.74062500e+00,1.07125000e+01,3.81250000e-02,-1.44531250e-01
2.30720000e-06,1.82812500e+00,1.06343750e+01,5.62500000e-03,-1.71093750e-01
2.30752000e-06,1.84062500e+00,1.06000000e+01,3.31250000e-02,-1.30468750e-01
2.30784000e-06,1.79062500e+00,1.06843750e+01,3.31250000e-02,-9.53125000e-02
2.30816000e-06,1.75312500e+00,1.05500000e+01,3.31250000e-02,-2.42187500e-02
2.30848000e-06,1.75312500e+00,1.06062500e+01,2.56250000e-02,-2.96875000e-02
2.30880000e-06,1.62812500e+00,1.07156250e+01,-1.87500000e-03,-3.51562500e-02
2.30912000e-06,1.55312500e+00,1.05156250e+01,2.56250000e-02,-8.67187500e-02
2.30944000e-06,1.67812500e+00,1.07312500e+01,4.56250000e-02,-1.71875000e-01
2.30976000e-06,1.74062500e+00,1.06593750e+01,5.62500000e-03,-1.18750000e-01
2.31008000e-06,1.60312500e+00,1.06968750e+01,4.31250000e-02,-3.51562500e-02
2.31040000e-06,1.65312500e+00,1.09593750e+01,2.06250000e-02,-3.35937500e-02
2.31072000e-06,1.47812500e+00,1.09750000e+01,5.06250000e-02,-4.53125000e-02
2.31104000e-06,1.55312500e+00,1.07250000e+01,3.81250000e-02,-1.01562500e-01
2.31136000e-06,1.46562500e+00,1.08375000e+01,4.31250000e-02,-1.32812500e-01
2.31168000e-06,1.55312500e+00,1.08375000e+01,5.62500000e-03,-1.78906250e-01
2.31200000e-06,1.57812500e+00,1.08250000e+01,4.31250000e-02,-1.54687500e-01
2.31232000e-06,1.40312500e+00,1.06875000e+01,4.56250000e-02,-9.53125000e-02
2.31264000e-06,1.32812500e+00,1.08500000e+01,1.81250000e-02,-8.51562500e-02
2.31296000e-06,1.45625000e+00,1.08000000e+01,1.06250000e-02,-2.57812500e-02
2.31328000e-06,1.51875000e+00,1.08250000e+01,1.06250000e-02,-3.20312500e-02
2.31360000e-06,1.54375000e+00,1.08500000e+01,6.25000000e-04,-4.21875000e-02
2.31392000e-06,1.52812500e+00,1.09875000e+01,8.12500000e-03,-4.68750000e-02
2.31424000e-06,1.37812500e+00,1.07000000e+01,1.81250000e-02,-8.75000000e-02
2.31456000e-06,1.65312500e+00,1.07250000e+01,-6.87500000e-03,-1.42968750e-01
2.31488000e-06,1.58125000e+00,1.08500000e+01,1.56250000e-02,-7.65625000e-02
2.31520000e-06,1.59062500e+00,1.07000000e+01,3.56250000e-02,-3.98437500e-02
2.31552000e-06,1.60312500e+00,1.07250000e+01,1.31250000e-02,2.10937500e-02
2.31584000e-06,1.45312500e+00,1.08500000e+01,8.12500000e-03,-6.87500000e-02
2.31616000e-06,1.62812500e+00,1.07250000e+01,1.81250000e-02,-7.81250000e-02
2.31648000e-06,1.79062500e+00,1.07250000e+01,4.81250000e-02,-8.12500000e-02
2.31680000e-06,1.81562500e+00,1.06625000e+01,2.56250000e-02,-1.07812500e-01
2.31712000e-06,1.65312500e+00,1.07625000e+01,3.56250000e-02,-1.48437500e-02
2.31744000e-06,1.65312500e+00,1.08000000e+01,3.56250000e-02,1.17187500e-02
2.31776000e-06,1.60312500e+00,1.06687500e+01,1.81250000e-02,-5.23437500e-02
2.31808000e-06,1.69062500e+00,1.05812500e+01,4.56250000e-02,-3.28125000e-02
2.31840000e-06,1.72812500e+00,1.08250000e+01,4.06250000e-02,3.12500000e-03
2.31872000e-06,1.74062500e+00,1.06593750e+01,1.56250000e-02,-1.56250000e-02
2.31904000e-06,1.70312500e+00,1.06468750e+01,2.56250000e-02,-2.81250000e-02
2.31936000e-06,1.82812500e+00,1.06468750e+01,8.12500000e-03,1.48437500e-02
2.31968000e-06,1.67812500e+00,1.07625000e+01,3.31250000e-02,2.81250000e-02
2.32000000e-06,1.50312500e+00,1.08375000e+01,4.06250000e-02,5.46875000e-03
2.32032000e-06,1.70312500e+00,1.07375000e+01,3.31250000e-02,3.67187500e-02
2.32064000e-06,1.76562500e+00,1.06843750e+01,3.56250000e-02,2.50000000e-02
2.32096000e-06,1.60312500e+00,1.06125000e+01,6.25000000e-04,-4.14062500e-02
2.32128000e-06,1.69062500e+00,1.07000000e+01,1.06250000e-02,-1.09375000e-02
2.32160000e-06,1.71562500e+00,1.07593750e+01,2.56250000e-02,1.87500000e-02
2.32192000e-06,1.66562500e+00,1.07593750e+01,2.31250000e-02,5.00000000e-02
2.32224000e-06,1.64062500e+00,1.08250000e+01,3.06250000e-02,7.65625000e-02
2.32256000e-06,1.66562500e+00,1.10000000e+01,-1.87500000e-03,1.32812500e-02
2.32288000e-06,1.55312500e+00,1.08375000e+01,3.06250000e-02,-7.73437500e-02
2.32320000e-06,1.54062500e+00,1.07875000e+01,3.56250000e-02,-6.40625000e-02
2.32352000e-06,1.62812500e+00,1.08750000e+01,2.81250000e-02,3.82812500e-02
2.32384000e-06,1.62812500e+00,1.08500000e+01,2.06250000e-02,-7.03125000e-03
2.32416000e-06,1.41562500e+00,1.08125000e+01,3.56250000e-02,-4.68750000e-02
2.32448000e-06,1.60312500e+00,1.08375000e+01,4.06250000e-02,-2.26562500e-02
2.32480000e-06,1.59062500e+00,1.09000000e+01,5.06250000e-02,-5.00000000e-02
2.32512000e-06,1.44062500e+00,1.07375000e+01,1.56250000e-02,-5.54687500e-02
2.32544000e-06,1.52812500e+00,1.09500000e+01,3.56250000e-02,1.25000000e-02
2.32576000e-06,1.73125000e+00,1.07625000e+01,5.62500000e-03,6.48437500e-02
2.32608000e-06,1.66562500e+00,1.09000000e+01,3.31250000e-02,4.37500000e-02
2.32640000e-06,1.61562500e+00,1.08750000e+01,1.81250000e-02,-1.25000000e-02
2.32672000e-06,1.64062500e+00,1.07500000e+01,3.06250000e-02,-2.65625000e-02
2.32704000e-06,1.75312500e+00,1.07125000e+01,2.56250000e-02,-9.53125000e-02
2.32736000e-06,1.66562500e+00,1.08000000e+01,1.81250000e-02,-7.03125000e-02
2.32768000e-06,1.56562500e+00,1.07125000e+01,1.81250000e-02,-3.90625000e-02
2.32800000e-06,1.69062500e+00,1.06187500e+01,3.31250000e-02,-4.76562500e-02
2.32832000e-06,1.85312500e+00,1.05562500e+01,3.56250000e-02,-3.12500000e-02
2.32864000e-06,1.69062500e+00,1.07000000e+01,4.06250000e-02,-7.50000000e-02
2.32896000e-06,1.70312500e+00,1.07093750e+01,1.56250000e-02,-5.93750000e-02
2.32928000e-06,1.66562500e+00,1.07093750e+01,2.81250000e-02,-2.42187500e-02
2.32960000e-06,1.59062500e+00,1.06843750e+01,4.06250000e-02,-1.40625000e-02
2.32992000e-06,1.74062500e+00,1.06625000e+01,7.06250000e-02,-3.98437500e-02
2.33024000e-06,1.60312500e+00,1.07500000e+01,1.56250000e-02,-2.34375000e-02
2.33056000e-06,1.61562500e+00,1.07125000e+01,2.56250000e-02,-3.59375000e-02
2.33088000e-06,1.69062500e+00,1.06625000e+01,2.81250000e-02,-5.78125000e-02
2.33120000e-06,1.61562500e+00,1.07000000e+01,3.81250000e-02,-1.19531250e-01
2.33152000e-06,1.60312500e+00,1.07250000e+01,3.56250000e-02,-2.07031250e-01
2.33184000e-06,1.66562500e+00,1.07625000e+01,6.06250000e-02,-1.71093750e-01
2.33216000e-06,1.61562500e+00,1.06750000e+01,3.56250000e-02,-1.38281250e-01
2.33248000e-06,1.62812500e+00,1.07750000e+01,3.31250000e-02,-1.32812500e-02
2.33280000e-06,1.51562500e+00,1.07375000e+01,2.31250000e-02,-2.73437500e-02
2.33312000e-06,1.55312500e+00,1.07625000e+01,3.56250000e-02,-8.12500000e-02
2.33344000e-06,1.62812500e+00,1.07000000e+01,3.06250000e-02,-1.07031250e-01
2.33376000e-06,1.55312500e+00,1.07500000e+01,3.06250000e-02,-1.32812500e-01
2.33408000e-06,1.45312500e+00,1.07500000e+01,1.81250000e-02,-9.68750000e-02
2.33440000e-06,1.50312500e+00,1.08250000e+01,1.31250000e-02,-1.64843750e-01
2.33472000e-06,1.51875000e+00,1.08125000e+01,3.56250000e-02,-8.75000000e-02
2.33504000e-06,1.42812500e+00,1.08500000e+01,2.56250000e-02,-2.10937500e-02
2.33536000e-06,1.44062500e+00,1.07375000e+01,3.06250000e-02,-4.37500000e-02
2.33568000e-06,1.59375000e+00,1.08875000e+01,3.81250000e-02,-9.29687500e-02
2.33600000e-06,1.43125000e+00,1.08000000e+01,2.56250000e-02,-1.39062500e-01
2.33632000e-06,1.39062500e+00,1.08875000e+01,2.81250000e-02,-1.25781250e-01
2.33664000e-06,1.47812500e+00,1.07500000e+01,-4.37500000e-03,-1.38281250e-01
2.33696000e-06,1.50625000e+00,1.08375000e+01,2.56250000e-02,-1.60156250e-01
2.33728000e-06,1.66875000e+00,1.06500000e+01,3.06250000e-02,-1.31250000e-01
2.33760000e-06,1.54062500e+00,1.07500000e+01,2.81250000e-02,-1.21875000e-01
2.33792000e-06,1.44062500e+00,1.07375000e+01,3.31250000e-02,-8.67187500e-02
2.33824000e-06,1.51562500e+00,1.07343750e+01,2.06250000e-02,-8.90625000e-02
2.33856000e-06,1.59375000e+00,1.05562500e+01,3.56250000e-02,-1.76562500e-01
2.33888000e-06,1.56562500e+00,1.07375000e+01,1.56250000e-02,-1.76562500e-01
2.33920000e-06,1.59062500e+00,1.06468750e+01,-1.87500000e-03,-1.25781250e-01
2.33952000e-06,1.70312500e+00,1.05812500e+01,8.12500000e-03,-6.95312500e-02
2.33984000e-06,1.69062500e+00,1.05968750e+01,2.81250000e-02,-1.55468750e-01
2.34016000e-06,1.80312500e+00,1.07000000e+01,4.56250000e-02,-1.81250000e-01
2.34048000e-06,1.60312500e+00,1.06250000e+01,3.31250000e-02,-1.17187500e-01
2.34080000e-06,1.71562500e+00,1.06187500e+01,3.56250000e-02,-1.13281250e-01
2.34112000e-06,1.80312500e+00,1.06625000e+01,1.81250000e-02,-1.32031250e-01
2.34144000e-06,1.75312500e+00,1.08000000e+01,8.12500000e-03,-1.60937500e-01
2.34176000e-06,1.75312500e+00,1.06718750e+01,3.06250000e-02,-1.29687500e-01
2.34208000e-06,1.77812500e+00,1.08593750e+01,8.12500000e-03,-1.46093750e-01
2.34240000e-06,1.66562500e+00,1.07125000e+01,2.31250000e-02,-1.59375000e-01
2.34272000e-06,1.71562500e+00,1.06625000e+01,4.81250000e-02,-1.21875000e-01
2.34304000e-06,1.75312500e+00,1.08000000e+01,2.31250000e-02,-6.17187500e-02
2.34336000e-06,1.72812500e+00,1.07000000e+01,2.81250000e-02,-8.75000000e-02
2.34368000e-06,1.62812500e+00,1.06875000e+01,5.31250000e-02,-1.81250000e-01
2.34400000e-06,1.66562500e+00,1.09250000e+01,5.31250000e-02,-1.17968750e-01
2.34432000e-06,1.77812500e+00,1.07750000e+01,5.31250000e-02,-8.90625000e-02
2.34464000e-06,1.77812500e+00,1.09000000e+01,1.56250000e-02,-9.92187500e-02
2.34496000e-06,1.71562500e+00,1.08625000e+01,2.56250000e-02,-1.10937500e-01
2.34528000e-06,1.61562500e+00,1.09375000e+01,3.56250000e-02,-1.35937500e-01
2.34560000e-06,1.67812500e+00,1.08125000e+01,2.31250000e-02,-1.67968750e-01
2.34592000e-06,1.71562500e+00,1.09625000e+01,3.56250000e-02,-8.28125000e-02
2.34624000e-06,1.59062500e+00,1.09000000e+01,2.56250000e-02,1.01562500e-02
2.34656000e-06,1.59062500e+00,1.10250000e+01,2.31250000e-02,-6.79687500e-02
2.34688000e-06,1.49062500e+00,1.09000000e+01,2.56250000e-02,-1.02343750e-01
2.34720000e-06,1.55312500e+00,1.10250000e+01,4.56250000e-02,-1.01562500e-01
2.34752000e-06,1.66562500e+00,1.08750000e+01,1.31250000e-02,-1.28906250e-01
2.34784000e-06,1.55312500e+00,1.08750000e+01,-1.87500000e-03,-1.91406250e-01
2.34816000e-06,1.49062500e+00,1.07875000e+01,2.81250000e-02,-1.43750000e-01
2.34848000e-06,1.55312500e+00,1.08000000e+01,4.06250000e-02,-3.12500000e-03
2.34880000e-06,1.55312500e+00,1.07750000e+01,1.31250000e-02,1.01562500e-02
2.34912000e-06,1.62812500e+00,1.06000000e+01,1.56250000e-02,-3.04687500e-02
2.34944000e-06,1.64062500e+00,1.07875000e+01,-9.37500000e-03,-1.36718750e-01
2.34976000e-06,1.57812500e+00,1.07125000e+01,3.56250000e-02,-6.87500000e-02
2.35008000e-06,1.60312500e+00,1.07250000e+01,1.31250000e-02,-2.89062500e-02
2.35040000e-06,1.71562500e+00,1.07000000e+01,2.56250000e-02,-1.09375000e-01
2.35072000e-06,1.62812500e+00,1.07125000e+01,1.56250000e-02,-7.10937500e-02
2.35104000e-06,1.55312500e+00,1.08125000e+01,4.31250000e-02,-8.35937500e-02
2.35136000e-06,1.54062500e+00,1.07750000e+01,2.56250000e-02,-3.82812500e-02
2.35168000e-06,1.75312500e+00,1.06250000e+01,3.06250000e-02,-4.68750000e-02
2.35200000e-06,1.66562500e+00,1.06375000e+01,1.31250000e-02,-1.45312500e-01
2.35232000e-06,1.69062500e+00,1.07750000e+01,3.31250000e-02,-1.03125000e-01
2.35264000e-06,1.65312500e+00,1.07500000e+01,1.56250000e-02,-2.10937500e-02
2.35296000e-06,1.71562500e+00,1.07375000e+01,2.31250000e-02,-1.32812500e-02
2.35328000e-06,1.57812500e+00,1.07125000e+01,5.06250000e-02,-6.56250000e-02
2.35360000e-06,1.52812500e+00,1.07625000e+01,3.31250000e-02,-9.37500000e-02
2.35392000e-06,1.76562500e+00,1.06625000e+01,4.31250000e-02,-1.07812500e-01
2.35424000e-06,1.76562500e+00,1.09000000e+01,1.56250000e-02,-4.84375000e-02
2.35456000e-06,1.72812500e+00,1.08375000e+01,1.81250000e-02,-5.00000000e-02
2.35488000e-06,1.65312500e+00,1.07875000e+01,3.56250000e-02,-7.96875000e-02
2.35520000e-06,1.59062500e+00,1.09000000e+01,1.31250000e-02,-8.12500000e-02
2.35552000e-06,1.57812500e+00,1.08000000e+01,4.81250000e-02,-9.21875000e-02
2.35584000e-06,1.66562500e+00,1.08250000e+01,8.12500000e-03,-3.51562500e-02
2.35616000e-06,1.75312500e+00,1.10000000e+01,1.31250000e-02,-6.32812500e-02
2.35648000e-06,1.59062500e+00,1.09625000e+01,3.56250000e-02,-2.57812500e-02
2.35680000e-06,1.74062500e+00,1.10375000e+01,1.56250000e-02,2.81250000e-02
2.35712000e-06,1.59062500e+00,1.09500000e+01,1.56250000e-02,-2.34375000e-03
2.35744000e-06,1.50312500e+00,1.08500000e+01,4.81250000e-02,-6.71875000e-02
2.35776000e-06,1.55312500e+00,1.07625000e+01,7.06250000e-02,-7.10937500e-02
2.35808000e-06,1.70312500e+00,1.09625000e+01,2.56250000e-02,5.54687500e-02
2.35840000e-06,1.51562500e+00,1.09000000e+01,1.81250000e-02,-3.90625000e-03
2.35872000e-06,1.55312500e+00,1.08750000e+01,3.56250000e-02,-1.30468750e-01
2.35904000e-06,1.60312500e+00,1.07250000e+01,8.12500000e-03,-1.84375000e-01
2.35936000e-06,1.59062500e+00,1.08000000e+01,3.31250000e-02,-9.06250000e-02
2.35968000e-06,1.66562500e+00,1.07000000e+01,2.31250000e-02,-2.18750000e-02
2.36000000e-06,1.65312500e+00,1.08500000e+01,5.56250000e-02,-6.25000000e-02
2.36032000e-06,1.60312500e+00,1.08000000e+01,2.81250000e-02,-4.29687500e-02
2.36064000e-06,1.61562500e+00,1.08218750e+01,3.06250000e-02,1.87500000e-02
2.36096000e-06,1.66562500e+00,1.05656250e+01,3.56250000e-02,-2.34375000e-03
2.36128000e-06,1.71562500e+00,1.05968750e+01,2.81250000e-02,-4.21875000e-02
2.36160000e-06,1.76562500e+00,1.06468750e+01,3.06250000e-02,-3.43750000e-02
2.36192000e-06,1.70312500e+00,1.08343750e+01,2.06250000e-02,1.87500000e-02
2.36224000e-06,1.57812500e+00,1.06562500e+01,2.81250000e-02,-2.34375000e-03
2.36256000e-06,1.81562500e+00,1.07218750e+01,2.31250000e-02,-2.73437500e-02
2.36288000e-06,1.61562500e+00,1.05781250e+01,5.31250000e-02,-6.71875000e-02
2.36320000e-06,1.54062500e+00,1.07093750e+01,3.31250000e-02,-1.41406250e-01
2.36352000e-06,1.65312500e+00,1.08343750e+01,2.06250000e-02,-1.45312500e-01
2.36384000e-06,1.69062500e+00,1.08218750e+01,2.56250000e-02,-8.75000000e-02
2.36416000e-06,1.67812500e+00,1.07437500e+01,2.06250000e-02,-9.21875000e-02
2.36448000e-06,1.62812500e+00,1.07875000e+01,2.31250000e-02,-5.15625000e-02
2.36480000e-06,1.70312500e+00,1.07500000e+01,2.31250000e-02,-6.48437500e-02
2.36512000e-06,1.56562500e+00,1.08750000e+01,3.81250000e-02,-2.42187500e-02
2.36544000e-06,1.64062500e+00,1.07375000e+01,6.81250000e-02,-6.64062500e-02
2.36576000e-06,1.72812500e+00,1.08500000e+01,2.06250000e-02,-9.37500000e-02
2.36608000e-06,1.66562500e+00,1.07250000e+01,1.31250000e-02,-2.65625000e-02
2.36640000e-06,1.64062500e+00,1.08500000e+01,3.56250000e-02,-1.17187500e-02
2.36672000e-06,1.60312500e+00,1.08500000e+01,1.56250000e-02,-7.10937500e-02
2.36704000e-06,1.60312500e+00,1.09500000e+01,-6.87500000e-03,-1.01562500e-01
2.36736000e-06,1.54062500e+00,1.09125000e+01,1.06250000e-02,-2.89062500e-02
2.36768000e-06,1.59062500e+00,1.08375000e+01,4.31250000e-02,-3.90625000e-02
2.36800000e-06,1.74062500e+00,1.07375000e+01,4.81250000e-02,-6.87500000e-02
2.36832000e-06,1.69062500e+00,1.09000000e+01,1.56250000e-02,-1.49218750e-01
2.36864000e-06,1.49062500e+00,1.08625000e+01,4.06250000e-02,-1.35156250e-01
2.36896000e-06,1.59062500e+00,1.08250000e+01,3.56250000e-02,-1.50000000e-01
2.36928000e-06,1.72812500e+00,1.08375000e+01,3.56250000e-02,-1.09375000e-01
2.36960000e-06,1.37812500e+00,1.07875000e+01,1.31250000e-02,-6.48437500e-02
2.36992000e-06,1.51562500e+00,1.07625000e+01,3.12500000e-03,-1.34375000e-01
2.37024000e-06,1.44062500e+00,1.08875000e+01,3.31250000e-02,-1.55468750e-01
2.37056000e-06,1.62812500e+00,1.08125000e+01,1.81250000e-02,-1.07031250e-01
2.37088000e-06,1.71875000e+00,1.06500000e+01,3.31250000e-02,-1.05468750e-01
2.37120000e-06,1.55312500e+00,1.07625000e+01,5.81250000e-02,-1.17968750e-01
2.37152000e-06,1.55312500e+00,1.07000000e+01,5.06250000e-02,-4.68750000e-02
2.37184000e-06,1.55312500e+00,1.06750000e+01,1.31250000e-02,-4.14062500e-02
2.37216000e-06,1.42812500e+00,1.06375000e+01,1.06250000e-02,-3.98437500e-02
2.37248000e-06,1.52812500e+00,1.07000000e+01,2.06250000e-02,-6.25000000e-02
2.37280000e-06,1.60625000e+00,1.07000000e+01,1.81250000e-02,-1.00781250e-01
2.37312000e-06,1.72812500e+00,1.07500000e+01,1.56250000e-02,-9.68750000e-02
2.37344000e-06,1.64062500e+00,1.08000000e+01,3.06250000e-02,-2.05468750e-01
2.37376000e-06,1.49062500e+00,1.07000000e+01,5.81250000e-02,-1.82812500e-01
2.37408000e-06,1.57812500e+00,1.07250000e+01,3.56250000e-02,-1.71093750e-01
2.37440000e-06,1.66562500e+00,1.07375000e+01,5.31250000e-02,-2.09375000e-01
2.37472000e-06,1.57812500e+00,1.07625000e+01,2.06250000e-02,-9.29687500e-02
2.37504000e-06,1.54062500e+00,1.06750000e+01,2.56250000e-02,-7.89062500e-02
2.37536000e-06,1.62812500e+00,1.06375000e+01,2.81250000e-02,-1.59375000e-01
2.37568000e-06,1.59062500e+00,1.07000000e+01,3.81250000e-02,-1.76562500e-01
2.37600000e-06,1.60312500e+00,1.08000000e+01,2.56250000e-02,-1.64062500e-01
2.37632000e-06,1.52812500e+00,1.08625000e+01,8.12500000e-03,-1.12500000e-01
2.37664000e-06,1.52812500e+00,1.08000000e+01,2.31250000e-02,-1.88281250e-01
2.37696000e-06,1.51562500e+00,1.08750000e+01,4.81250000e-02,-1.89062500e-01
2.37728000e-06,1.51562500e+00,1.09500000e+01,3.06250000e-02,-6.87500000e-02
2.37760000e-06,1.56562500e+00,1.07875000e+01,4.81250000e-02,-7.73437500e-02
2.37792000e-06,1.67812500e+00,1.06375000e+01,4.56250000e-02,-1.44531250e-01
2.37824000e-06,1.57812500e+00,1.07500000e+01,3.81250000e-02,-1.08593750e-01
2.37856000e-06,1.60312500e+00,1.09500000e+01,3.06250000e-02,-1.76562500e-01
2.37888000e-06,1.64062500e+00,1.09000000e+01,1.31250000e-02,-1.77343750e-01
2.37920000e-06,1.56562500e+00,1.09125000e+01,4.56250000e-02,-1.35156250e-01
2.37952000e-06,1.57812500e+00,1.07750000e+01,4.06250000e-02,-1.35937500e-01
2.37984000e-06,1.64062500e+00,1.07875000e+01,1.31250000e-02,-1.07812500e-01
2.38016000e-06,1.61562500e+00,1.07125000e+01,3.56250000e-02,-2.55468750e-01
2.38048000e-06,1.56562500e+00,1.07625000e+01,1.56250000e-02,-1.84375000e-01
2.38080000e-06,1.65312500e+00,1.08625000e+01,5.31250000e-02,-1.28906250e-01
2.38112000e-06,1.54062500e+00,1.08000000e+01,6.06250000e-02,-1.79687500e-01
2.38144000e-06,1.51562500e+00,1.08500000e+01,2.31250000e-02,-1.65625000e-01
2.38176000e-06,1.69062500e+00,1.09625000e+01,3.81250000e-02,-1.18750000e-01
2.38208000e-06,1.55312500e+00,1.06625000e+01,2.31250000e-02,-1.13281250e-01
2.38240000e-06,1.56562500e+00,1.08000000e+01,1.56250000e-02,4.06250000e-02
2.38272000e-06,1.62812500e+00,1.07500000e+01,3.12500000e-03,-5.54687500e-02
2.38304000e-06,1.57812500e+00,1.07000000e+01,4.31250000e-02,-1.71093750e-01
2.38336000e-06,1.57812500e+00,1.07625000e+01,5.31250000e-02,-1.30468750e-01
2.38368000e-06,1.76562500e+00,1.07625000e+01,3.31250000e-02,-9.29687500e-02
2.38400000e-06,1.57812500e+00,1.06750000e+01,2.81250000e-02,-9.53125000e-02
2.38432000e-06,1.54062500e+00,1.05968750e+01,4.81250000e-02,-8.98437500e-02
2.38464000e-06,1.66562500e+00,1.06250000e+01,5.81250000e-02,-8.43750000e-02
2.38496000e-06,1.71562500e+00,1.07625000e+01,2.31250000e-02,-1.04687500e-01
2.38528000e-06,1.57812500e+00,1.06343750e+01,2.06250000e-02,-1.32031250e-01
2.38560000e-06,1.56562500e+00,1.06968750e+01,4.31250000e-02,-4.60937500e-02
2.38592000e-06,1.62812500e+00,1.06500000e+01,3.81250000e-02,-2.65625000e-02
2.38624000e-06,1.67812500e+00,1.07875000e+01,2.31250000e-02,-1.25781250e-01
2.38656000e-06,1.50312500e+00,1.07250000e+01,2.56250000e-02,-1.36718750e-01
2.38688000e-06,1.64062500e+00,1.07875000e+01,2.56250000e-02,-1.19531250e-01
2.38720000e-06,1.74062500e+00,1.08125000e+01,2.81250000e-02,-9.21875000e-02
2.38752000e-06,1.66562500e+00,1.06875000e+01,3.81250000e-02,-3.51562500e-02
2.38784000e-06,1.59062500e+00,1.07125000e+01,3.31250000e-02,-2.26562500e-02
2.38816000e-06,1.71562500e+00,1.07750000e+01,2.81250000e-02,-7.96875000e-02
2.38848000e-06,1.49062500e+00,1.07625000e+01,3.31250000e-02,-8.75000000e-02
2.38880000e-06,1.61562500e+00,1.08250000e+01,5.56250000e-02,-9.53125000e-02
2.38912000e-06,1.60312500e+00,1.07875000e+01,5.62500000e-03,-1.26562500e-01
2.38944000e-06,1.49062500e+00,1.09000000e+01,4.31250000e-02,-1.24218750e-01
2.38976000e-06,1.57812500e+00,1.08625000e+01,4.56250000e-02,-1.38281250e-01
2.39008000e-06,1.65312500e+00,1.08750000e+01,3.31250000e-02,-5.62500000e-02
2.39040000e-06,1.59062500e+00,1.08125000e+01,4.81250000e-02,-1.01562500e-01
2.39072000e-06,1.50312500e+00,1.06250000e+01,4.31250000e-02,-1.32812500e-01
2.39104000e-06,1.61562500e+00,1.08000000e+01,3.31250000e-02,-8.43750000e-02
2.39136000e-06,1.64062500e+00,1.08875000e+01,3.06250000e-02,-1.32812500e-01
2.39168000e-06,1.44062500e+00,1.07875000e+01,1.31250000e-02,-1.19531250e-01
2.39200000e-06,1.45312500e+00,1.07375000e+01,2.06250000e-02,-1.07031250e-01
2.39232000e-06,1.62812500e+00,1.08250000e+01,1.31250000e-02,-3.98437500e-02
2.39264000e-06,1.73125000e+00,1.08625000e+01,3.31250000e-02,3.28125000e-02
2.39296000e-06,1.54062500e+00,1.08625000e+01,6.56250000e-02,-3.82812500e-02
2.39328000e-06,1.27187500e+00,1.08000000e+01,2.81250000e-02,-9.92187500e-02
2.39360000e-06,1.62812500e+00,1.07125000e+01,2.31250000e-02,-6.79687500e-02
2.39392000e-06,1.56875000e+00,1.07625000e+01,5.31250000e-02,-5.54687500e-02
2.39424000e-06,1.67812500e+00,1.08125000e+01,4.31250000e-02,-9.29687500e-02
2.39456000e-06,1.52812500e+00,1.07500000e+01,3.31250000e-02,-1.55468750e-01
2.39488000e-06,1.54062500e+00,1.06500000e+01,6.06250000e-02,-1.05468750e-01
2.39520000e-06,1.52812500e+00,1.07625000e+01,1.81250000e-02,8.59375000e-03
2.39552000e-06,1.65312500e+00,1.06250000e+01,1.31250000e-02,4.14062500e-02
2.39584000e-06,1.60312500e+00,1.07625000e+01,2.56250000e-02,-2.57812500e-02
2.39616000e-06,1.76562500e+00,1.07875000e+01,1.81250000e-02,-9.60937500e-02
2.39648000e-06,1.65312500e+00,1.08125000e+01,6.56250000e-02,-5.46875000e-02
2.39680000e-06,1.49062500e+00,1.08500000e+01,3.31250000e-02,-1.64062500e-02
2.39712000e-06,1.55312500e+00,1.07500000e+01,2.81250000e-02,-3.51562500e-02
2.39744000e-06,1.60312500e+00,1.07625000e+01,2.31250000e-02,1.87500000e-02
2.39776000e-06,1.56562500e+00,1.07000000e+01,3.56250000e-02,9.37500000e-02
2.39808000e-06,1.52812500e+00,1.06375000e+01,2.56250000e-02,-1.56250000e-03
2.39840000e-06,1.56562500e+00,1.08250000e+01,5.06250000e-02,-3.75000000e-02
2.39872000e-06,1.70312500e+00,1.08250000e+01,4.81250000e-02,-1.32812500e-02
2.39904000e-06,1.56562500e+00,1.08875000e+01,4.56250000e-02,-1.56250000e-03
2.39936000e-06,1.51562500e+00,1.08500000e+01,2.06250000e-02,-2.73437500e-02
2.39968000e-06,1.67812500e+00,1.07625000e+01,1.31250000e-02,-3.28125000e-02
2.40000000e-06,1.59062500e+00,1.07875000e+01,6.25000000e-04,1.64062500e-02
2.40032000e-06,1.57812500e+00,1.07375000e+01,4.06250000e-02,4.60937500e-02
2.40064000e-06,1.64062500e+00,1.08750000e+01,2.56250000e-02,2.57812500e-02
2.40096000e-06,1.61562500e+00,1.09250000e+01,4.56250000e-02,7.03125000e-03
2.40128000e-06,1.56562500e+00,1.07375000e+01,2.06250000e-02,1.56250000e-02
2.40160000e-06,1.44062500e+00,1.08750000e+01,6.06250000e-02,-3.67187500e-02
2.40192000e-06,1.45312500e+00,1.08750000e+01,2.31250000e-02,-4.92187500e-02
2.40224000e-06,1.50625000e+00,1.07875000e+01,3.06250000e-02,-6.09375000e-02
2.40256000e-06,1.68125000e+00,1.07625000e+01,5.81250000e-02,-1.32812500e-02
2.40288000e-06,1.55312500e+00,1.07375000e+01,5.06250000e-02,3.90625000e-03
2.40320000e-06,1.59062500e+00,1.09000000e+01,1.81250000e-02,-5.46875000e-02
2.40352000e-06,1.60312500e+00,1.08500000e+01,6.25000000e-04,-5.31250000e-02
2.40384000e-06,1.62812500e+00,1.07625000e+01,5.62500000e-03,-1.01562500e-02
2.40416000e-06,1.67812500e+00,1.07375000e+01,2.31250000e-02,-3.35937500e-02
2.40448000e-06,1.60312500e+00,1.07375000e+01,2.06250000e-02,-1.21093750e-01
2.40480000e-06,1.66562500e+00,1.07500000e+01,3.81250000e-02,-3.43750000e-02
2.40512000e-06,1.65312500e+00,1.07375000e+01,5.31250000e-02,1.01562500e-02
2.40544000e-06,1.74062500e+00,1.08000000e+01,2.31250000e-02,-4.29687500e-02
2.40576000e-06,1.62812500e+00,1.08000000e+01,2.56250000e-02,-7.89062500e-02
2.40608000e-06,1.62812500e+00,1.08875000e+01,2.06250000e-02,-2.96875000e-02
2.40640000e-06,1.79062500e+00,1.07750000e+01,4.81250000e-02,-4.92187500e-02
2.40672000e-06,1.62812500e+00,1.06375000e+01,1.81250000e-02,-6.95312500e-02
2.40704000e-06,1.56562500e+00,1.06343750e+01,2.81250000e-02,-3.59375000e-02
2.40736000e-06,1.72812500e+00,1.06250000e+01,5.06250000e-02,-4.92187500e-02
2.40768000e-06,1.60312500e+00,1.09000000e+01,4.06250000e-02,-5.23437500e-02
2.40800000e-06,1.62812500e+00,1.08093750e+01,5.56250000e-02,-1.14843750e-01
2.40832000e-06,1.74062500e+00,1.08218750e+01,3.56250000e-02,-1.70312500e-01
2.40864000e-06,1.70312500e+00,1.09000000e+01,3.31250000e-02,-1.37500000e-01
2.40896000e-06,1.66562500e+00,1.07500000e+01,1.56250000e-02,-3.59375000e-02
2.40928000e-06,1.64062500e+00,1.07500000e+01,3.81250000e-02,-5.54687500e-02
2.40960000e-06,1.57812500e+00,1.06875000e+01,2.81250000e-02,-1.02343750e-01
2.40992000e-06,1.57812500e+00,1.07750000e+01,2.56250000e-02,-9.14062500e-02
2.41024000e-06,1.47812500e+00,1.08500000e+01,5.31250000e-02,-3.28125000e-02
2.41056000e-06,1.50312500e+00,1.08875000e+01,2.31250000e-02,-3.82812500e-02
2.41088000e-06,1.60625000e+00,1.07875000e+01,2.31250000e-02,-1.05468750e-01
2.41120000e-06,1.65312500e+00,1.09375000e+01,1.06250000e-02,-1.51562500e-01
2.41152000e-06,1.54062500e+00,1.07250000e+01,1.06250000e-02,-1.09375000e-01
2.41184000e-06,1.57812500e+00,1.08250000e+01,4.31250000e-02,-7.89062500e-02
2.41216000e-06,1.62812500e+00,1.08375000e+01,5.31250000e-02,-4.92187500e-02
2.41248000e-06,1.55312500e+00,1.08125000e+01,4.81250000e-02,-7.18750000e-02
2.41280000e-06,1.50312500e+00,1.06750000e+01,4.31250000e-02,-8.43750000e-02
2.41312000e-06,1.40312500e+00,1.08750000e+01,2.31250000e-02,-1.17187500e-01
2.41344000e-06,1.51562500e+00,1.08000000e+01,3.81250000e-02,-1.12500000e-01
2.41376000e-06,1.64062500e+00,1.08250000e+01,3.31250000e-02,-1.17968750e-01
2.41408000e-06,1.69062500e+00,1.07875000e+01,4.81250000e-02,-1.57812500e-01
2.41440000e-06,1.57812500e+00,1.07000000e+01,5.06250000e-02,-1.29687500e-01
2.41472000e-06,1.61562500e+00,1.08250000e+01,1.81250000e-02,-7.57812500e-02
2.41504000e-06,1.42812500e+00,1.07750000e+01,3.81250000e-02,-4.14062500e-02
2.41536000e-06,1.50312500e+00,1.06375000e+01,3.56250000e-02,-5.15625000e-02
2.41568000e-06,1.56562500e+00,1.07750000e+01,3.81250000e-02,-7.50000000e-02
2.41600000e-06,1.61562500e+00,1.07625000e+01,3.56250000e-02,-1.48437500e-01
2.41632000e-06,1.52812500e+00,1.07593750e+01,3.31250000e-02,-1.22656250e-01
2.41664000e-06,1.67812500e+00,1.05437500e+01,5.62500000e-03,-1.56250000e-02
2.41696000e-06,1.64062500e+00,1.07250000e+01,2.81250000e-02,-6.09375000e-02
2.41728000e-06,1.55312500e+00,1.07375000e+01,-6.87500000e-03,-8.98437500e-02
2.41760000e-06,1.54062500e+00,1.06593750e+01,2.31250000e-02,-1.36718750e-01
2.41792000e-06,1.69062500e+00,1.06343750e+01,4.31250000e-02,-1.47656250e-01
2.41824000e-06,1.51562500e+00,1.07500000e+01,4.81250000e-02,-1.46093750e-01
2.41856000e-06,1.60312500e+00,1.07343750e+01,2.81250000e-02,-1.75781250e-01
2.41888000e-06,1.64062500e+00,1.07593750e+01,2.56250000e-02,-1.14062500e-01
2.41920000e-06,1.60312500e+00,1.06375000e+01,3.81250000e-02,-1.10937500e-01
2.41952000e-06,1.54062500e+00,1.08000000e+01,5.31250000e-02,-1.45312500e-01
2.41984000e-06,1.60312500e+00,1.07000000e+01,5.81250000e-02,-1.91406250e-01
2.42016000e-06,1.50312500e+00,1.06750000e+01,3.06250000e-02,-1.09375000e-01
2.42048000e-06,1.66562500e+00,1.08125000e+01,3.06250000e-02,-3.98437500e-02
2.42080000e-06,1.59062500e+00,1.09125000e+01,5.06250000e-02,-2.73437500e-02
2.42112000e-06,1.42812500e+00,1.07875000e+01,1.06250000e-02,-4.53125000e-02
2.42144000e-06,1.61562500e+00,1.07250000e+01,4.06250000e-02,-6.25000000e-02
2.42176000e-06,1.63125000e+00,1.08500000e+01,2.06250000e-02,-6.71875000e-02
2.42208000e-06,1.66562500e+00,1.08000000e+01,3.81250000e-02,-5.54687500e-02
2.42240000e-06,1.61562500e+00,1.07250000e+01,2.81250000e-02,-7.81250000e-02
2.42272000e-06,1.55312500e+00,1.07500000e+01,3.81250000e-02,-7.10937500e-02
2.42304000e-06,1.50312500e+00,1.07500000e+01,2.31250000e-02,-3.67187500e-02
2.42336000e-06,1.57812500e+00,1.08750000e+01,2.06250000e-02,-5.78125000e-02
2.42368000e-06,1.56562500e+00,1.06875000e+01,2.56250000e-02,-3.04687500e-02
2.42400000e-06,1.56562500e+00,1.08125000e+01,5.06250000e-02,-6.25000000e-02
2.42432000e-06,1.55312500e+00,1.08125000e+01,2.81250000e-02,-1.14843750e-01
2.42464000e-06,1.52812500e+00,1.07625000e+01,4.81250000e-02,-1.60937500e-01
2.42496000e-06,1.62812500e+00,1.07125000e+01,1.56250000e-02,-1.68750000e-01
2.42528000e-06,1.57812500e+00,1.06750000e+01,5.56250000e-02,-1.21875000e-01
2.42560000e-06,1.52812500e+00,1.06375000e+01,5.56250000e-02,-1.56250000e-03
2.42592000e-06,1.59062500e+00,1.08125000e+01,1.31250000e-02,-5.54687500e-02
2.42624000e-06,1.66562500e+00,1.07125000e+01,4.06250000e-02,-1.21875000e-01
2.42656000e-06,1.59062500e+00,1.06750000e+01,5.06250000e-02,2.18750000e-02
2.42688000e-06,1.52812500e+00,1.06875000e+01,5.06250000e-02,4.29687500e-02
2.42720000e-06,1.54062500e+00,1.06750000e+01,4.56250000e-02,3.04687500e-02
2.42752000e-06,1.51562500e+00,1.07125000e+01,4.31250000e-02,-2.34375000e-03
2.42784000e-06,1.64062500e+00,1.06562500e+01,3.06250000e-02,-1.09375000e-02
2.42816000e-06,1.51562500e+00,1.05687500e+01,4.06250000e-02,-5.46875000e-03
2.42848000e-06,1.52812500e+00,1.08625000e+01,6.31250000e-02,-1.79687500e-02
2.42880000e-06,1.59062500e+00,1.07468750e+01,4.06250000e-02,-8.98437500e-02
2.42912000e-06,1.54062500e+00,1.06156250e+01,2.81250000e-02,-1.28125000e-01
2.42944000e-06,1.66562500e+00,1.05656250e+01,5.81250000e-02,-1.39843750e-01
2.42976000e-06,1.51562500e+00,1.06750000e+01,5.06250000e-02,-5.39062500e-02
2.43008000e-06,1.49062500e+00,1.06593750e+01,2.31250000e-02,-4.37500000e-02
2.43040000e-06,1.64062500e+00,1.07218750e+01,4.31250000e-02,-9.37500000e-03
2.43072000e-06,1.59375000e+00,1.06968750e+01,7.06250000e-02,2.18750000e-02
2.43104000e-06,1.52812500e+00,1.07375000e+01,2.81250000e-02,1.09375000e-02
2.43136000e-06,1.51562500e+00,1.07000000e+01,2.31250000e-02,-9.21875000e-02
2.43168000e-06,1.57812500e+00,1.07625000e+01,4.81250000e-02,-2.03125000e-02
2.43200000e-06,1.64062500e+00,1.07125000e+01,4.06250000e-02,7.81250000e-04
2.43232000e-06,1.56562500e+00,1.07250000e+01,4.56250000e-02,-7.26562500e-02
2.43264000e-06,1.50312500e+00,1.06750000e+01,1.56250000e-02,-5.15625000e-02
2.43296000e-06,1.54062500e+00,1.08625000e+01,5.56250000e-02,-3.51562500e-02
2.43328000e-06,1.67812500e+00,1.06750000e+01,4.56250000e-02,0.00000000e+00
2.43360000e-06,1.51562500e+00,1.07500000e+01,4.31250000e-02,4.68750000e-02
2.43392000e-06,1.50312500e+00,1.07625000e+01,4.31250000e-02,7.18750000e-02
2.43424000e-06,1.37812500e+00,1.08125000e+01,2.31250000e-02,6.71875000e-02
2.43456000e-06,1.50312500e+00,1.08125000e+01,3.06250000e-02,3.90625000e-02
2.43488000e-06,1.56875000e+00,1.07843750e+01,4.31250000e-02,-3.35937500e-02
2.43520000e-06,1.31562500e+00,1.05812500e+01,3.81250000e-02,1.56250000e-02
2.43552000e-06,1.40312500e+00,1.08500000e+01,2.56250000e-02,-5.62500000e-02
2.43584000e-06,1.56875000e+00,1.08375000e+01,4.56250000e-02,-7.18750000e-02
2.43616000e-06,1.51875000e+00,1.08375000e+01,2.81250000e-02,1.09375000e-02
2.43648000e-06,1.64062500e+00,1.05968750e+01,1.06250000e-02,6.01562500e-02
2.43680000e-06,1.56562500e+00,1.08500000e+01,1.56250000e-02,2.18750000e-02
2.43712000e-06,1.54062500e+00,1.08125000e+01,3.06250000e-02,-2.50000000e-02
2.43744000e-06,1.62812500e+00,1.07625000e+01,7.06250000e-02,-2.73437500e-02
2.43776000e-06,1.57812500e+00,1.08875000e+01,2.81250000e-02,3.12500000e-02
2.43808000e-06,1.61562500e+00,1.08750000e+01,3.56250000e-02,-1.56250000e-03
2.43840000e-06,1.51562500e+00,1.06968750e+01,3.06250000e-02,-4.53125000e-02
2.43872000e-06,1.60312500e+00,1.05562500e+01,3.06250000e-02,4.53125000e-02
2.43904000e-06,1.57812500e+00,1.06750000e+01,3.06250000e-02,5.00000000e-02
2.43936000e-06,1.61562500e+00,1.07500000e+01,6.81250000e-02,-1.25000000e-02
2.43968000e-06,1.54062500e+00,1.07250000e+01,3.06250000e-02,-1.25000000e-02
2.44000000e-06,1.54062500e+00,1.06468750e+01,-4.37500000e-03,-3.12500000e-03
2.44032000e-06,1.59062500e+00,1.08250000e+01,2.06250000e-02,-4.37500000e-02
2.44064000e-06,1.59062500e+00,1.08000000e+01,2.06250000e-02,-1.07031250e-01
2.44096000e-06,1.52812500e+00,1.06750000e+01,5.31250000e-02,-1.71875000e-02
2.44128000e-06,1.55312500e+00,1.08625000e+01,3.31250000e-02,-4.06250000e-02
2.44160000e-06,1.61562500e+00,1.07500000e+01,2.56250000e-02,-1.56250000e-02
2.44192000e-06,1.47812500e+00,1.06343750e+01,1.56250000e-02,3.43750000e-02
2.44224000e-06,1.59062500e+00,1.06125000e+01,4.06250000e-02,-5.31250000e-02
2.44256000e-06,1.61562500e+00,1.08625000e+01,1.56250000e-02,-1.32812500e-01
2.44288000e-06,1.47812500e+00,1.07843750e+01,2.81250000e-02,-2.50000000e-02
2.44320000e-06,1.46562500e+00,1.08093750e+01,4.81250000e-02,3.35937500e-02
2.44352000e-06,1.56562500e+00,1.08125000e+01,4.56250000e-02,-3.90625000e-02
2.44384000e-06,1.56562500e+00,1.08250000e+01,2.81250000e-02,2.26562500e-02
2.44416000e-06,1.67812500e+00,1.08625000e+01,2.06250000e-02,-5.46875000e-03
2.44448000e-06,1.65312500e+00,1.07625000e+01,3.06250000e-02,-7.26562500e-02
2.44480000e-06,1.66562500e+00,1.07375000e+01,4.56250000e-02,-7.50000000e-02
2.44512000e-06,1.55312500e+00,1.09000000e+01,2.81250000e-02,-4.21875000e-02
2.44544000e-06,1.49062500e+00,1.06500000e+01,2.56250000e-02,-5.54687500e-02
2.44576000e-06,1.59062500e+00,1.08250000e+01,4.56250000e-02,-8.75000000e-02
2.44608000e-06,1.58125000e+00,1.09625000e+01,1.31250000e-02,-2.50000000e-02
2.44640000e-06,1.69062500e+00,1.08375000e+01,2.56250000e-02,7.73437500e-02
2.44672000e-06,1.67812500e+00,1.07125000e+01,3.31250000e-02,3.12500000e-02
2.44704000e-06,1.59062500e+00,1.07250000e+01,4.06250000e-02,-4.14062500e-02
2.44736000e-06,1.56562500e+00,1.07250000e+01,4.56250000e-02,-7.57812500e-02
2.44768000e-06,1.54062500e+00,1.09000000e+01,2.06250000e-02,-8.20312500e-02
2.44800000e-06,1.59062500e+00,1.08500000e+01,4.81250000e-02,-4.14062500e-02
2.44832000e-06,1.44062500e+00,1.07625000e+01,5.31250000e-02,-1.32031250e-01
2.44864000e-06,1.60312500e+00,1.07375000e+01,5.31250000e-02,-8.28125000e-02
2.44896000e-06,1.52812500e+00,1.07500000e+01,3.56250000e-02,5.00000000e-02
2.44928000e-06,1.61562500e+00,1.07750000e+01,3.81250000e-02,-4.68750000e-03
2.44960000e-06,1.59062500e+00,1.07625000e+01,3.56250000e-02,-1.11718750e-01
2.44992000e-06,1.57812500e+00,1.06875000e+01,4.06250000e-02,-1.00781250e-01
2.45024000e-06,1.57812500e+00,1.07750000e+01,4.31250000e-02,-1.10156250e-01
2.45056000e-06,1.47812500e+00,1.07875000e+01,1.31250000e-02,-1.18750000e-01
2.45088000e-06,1.59062500e+00,1.07468750e+01,6.31250000e-02,-1.01562500e-01
2.45120000e-06,1.59062500e+00,1.05812500e+01,3.31250000e-02,-1.07031250e-01
2.45152000e-06,1.50312500e+00,1.07625000e+01,1.31250000e-02,-6.48437500e-02
2.45184000e-06,1.60312500e+00,1.07375000e+01,-4.37500000e-03,1.17187500e-02
2.45216000e-06,1.52812500e+00,1.06250000e+01,3.56250000e-02,-1.87500000e-02
2.45248000e-06,1.56562500e+00,1.06593750e+01,5.31250000e-02,-4.37500000e-02
2.45280000e-06,1.69062500e+00,1.08250000e+01,4.56250000e-02,-6.40625000e-02
2.45312000e-06,1.60312500e+00,1.08250000e+01,4.56250000e-02,-2.65625000e-02
2.45344000e-06,1.57812500e+00,1.08625000e+01,3.56250000e-02,-2.03125000e-02
2.45376000e-06,1.54062500e+00,1.06750000e+01,2.81250000e-02,3.90625000e-03
2.45408000e-06,1.47812500e+00,1.08250000e+01,4.06250000e-02,1.09375000e-02
2.45440000e-06,1.50312500e+00,1.07500000e+01,4.31250000e-02,-9.14062500e-02
2.45472000e-06,1.49375000e+00,1.07000000e+01,3.06250000e-02,-1.53906250e-01
2.45504000e-06,1.52812500e+00,1.06625000e+01,3.12500000e-03,-6.09375000e-02
2.45536000e-06,1.56562500e+00,1.07750000e+01,1.31250000e-02,-1.95312500e-02
2.45568000e-06,1.66562500e+00,1.08125000e+01,4.06250000e-02,-7.96875000e-02
2.45600000e-06,1.70312500e+00,1.07750000e+01,2.06250000e-02,-8.67187500e-02
2.45632000e-06,1.55312500e+00,1.07250000e+01,1.81250000e-02,-4.14062500e-02
2.45664000e-06,1.52812500e+00,1.07750000e+01,-1.18750000e-02,-1.62500000e-01
2.45696000e-06,1.57812500e+00,1.07000000e+01,3.81250000e-02,-1.03125000e-01
2.45728000e-06,1.52812500e+00,1.07625000e+01,3.06250000e-02,-5.07812500e-02
2.45760000e-06,1.60312500e+00,1.06250000e+01,5.56250000e-02,-1.03906250e-01
2.45792000e-06,1.56562500e+00,1.08625000e+01,5.31250000e-02,-1.00781250e-01
2.45824000e-06,1.36562500e+00,1.07875000e+01,4.31250000e-02,-8.35937500e-02
2.45856000e-06,1.50312500e+00,1.08250000e+01,4.81250000e-02,-7.65625000e-02
2.45888000e-06,1.55625000e+00,1.08125000e+01,5.81250000e-02,-7.81250000e-02
2.45920000e-06,1.56562500e+00,1.07250000e+01,3.31250000e-02,0.00000000e+00
2.45952000e-06,1.59062500e+00,1.07500000e+01,3.56250000e-02,-2.50000000e-02
2.45984000e-06,1.50312500e+00,1.08125000e+01,1.56250000e-02,-1.25781250e-01
2.46016000e-06,1.52812500e+00,1.07500000e+01,2.31250000e-02,-1.06250000e-01
2.46048000e-06,1.65312500e+00,1.07625000e+01,6.56250000e-02,-1.26562500e-01
2.46080000e-06,1.69062500e+00,1.07000000e+01,1.56250000e-02,-4.92187500e-02
2.46112000e-06,1.57812500e+00,1.07500000e+01,3.06250000e-02,-5.70312500e-02
2.46144000e-06,1.54062500e+00,1.06500000e+01,4.81250000e-02,-8.04687500e-02
2.46176000e-06,1.54062500e+00,1.07500000e+01,1.56250000e-02,-6.64062500e-02
2.46208000e-06,1.54062500e+00,1.09125000e+01,5.31250000e-02,-9.60937500e-02
2.46240000e-06,1.50312500e+00,1.07375000e+01,4.06250000e-02,-1.21093750e-01
2.46272000e-06,1.65312500e+00,1.06500000e+01,-1.87500000e-03,-1.12500000e-01
2.46304000e-06,1.70312500e+00,1.07875000e+01,8.12500000e-03,-9.92187500e-02
2.46336000e-06,1.66562500e+00,1.06750000e+01,2.81250000e-02,-1.41406250e-01
2.46368000e-06,1.66562500e+00,1.06750000e+01,4.56250000e-02,-9.60937500e-02
2.46400000e-06,1.45312500e+00,1.06875000e+01,3.81250000e-02,-1.17187500e-02
2.46432000e-06,1.51562500e+00,1.09125000e+01,3.06250000e-02,4.68750000e-02
2.46464000e-06,1.56562500e+00,1.07750000e+01,3.56250000e-02,-4.29687500e-02
2.46496000e-06,1.50312500e+00,1.07500000e+01,3.31250000e-02,-1.38281250e-01
2.46528000e-06,1.46562500e+00,1.06875000e+01,3.81250000e-02,-1.13281250e-01
2.46560000e-06,1.54062500e+00,1.08125000e+01,5.81250000e-02,-1.11718750e-01
2.46592000e-06,1.65625000e+00,1.07500000e+01,3.81250000e-02,-1.83593750e-01
2.46624000e-06,1.59062500e+00,1.07750000e+01,3.56250000e-02,-1.07031250e-01
2.46656000e-06,1.59062500e+00,1.07875000e+01,4.81250000e-02,-1.56250000e-03
2.46688000e-06,1.57812500e+00,1.08125000e+01,2.81250000e-02,1.87500000e-02
2.46720000e-06,1.51562500e+00,1.06500000e+01,2.81250000e-02,-2.96875000e-02
2.46752000e-06,1.55312500e+00,1.07000000e+01,2.31250000e-02,-5.07812500e-02
2.46784000e-06,1.51562500e+00,1.08000000e+01,1.56250000e-02,-8.51562500e-02
2.46816000e-06,1.45312500e+00,1.07875000e+01,3.81250000e-02,-8.82812500e-02
2.46848000e-06,1.44062500e+00,1.08125000e+01,5.31250000e-02,-6.01562500e-02
2.46880000e-06,1.55625000e+00,1.08375000e+01,1.81250000e-02,-3.51562500e-02
2.46912000e-06,1.51875000e+00,1.07625000e+01,2.31250000e-02,-1.17187500e-02
2.46944000e-06,1.54062500e+00,1.06500000e+01,3.06250000e-02,2.34375000e-03
2.46976000e-06,1.52812500e+00,1.07375000e+01,1.31250000e-02,-6.01562500e-02
2.47008000e-06,1.60312500e+00,1.09375000e+01,3.56250000e-02,-7.42187500e-02
2.47040000e-06,1.55312500e+00,1.06500000e+01,2.56250000e-02,-7.03125000e-02
2.47072000e-06,1.54062500e+00,1.07500000e+01,5.81250000e-02,-9.37500000e-02
2.47104000e-06,1.46562500e+00,1.08125000e+01,4.31250000e-02,-7.18750000e-02
2.47136000e-06,1.45312500e+00,1.07000000e+01,-1.87500000e-03,-5.70312500e-02
2.47168000e-06,1.50312500e+00,1.06500000e+01,5.06250000e-02,4.14062500e-02
2.47200000e-06,1.62812500e+00,1.07875000e+01,3.06250000e-02,7.81250000e-03
2.47232000e-06,1.71562500e+00,1.08000000e+01,4.06250000e-02,-7.89062500e-02
2.47264000e-06,1.67812500e+00,1.08250000e+01,4.56250000e-02,-3.28125000e-02
2.47296000e-06,1.59062500e+00,1.07125000e+01,4.31250000e-02,1.48437500e-02
2.47328000e-06,1.55312500e+00,1.07375000e+01,3.81250000e-02,-7.81250000e-02
2.47360000e-06,1.46562500e+00,1.07875000e+01,3.31250000e-02,-7.26562500e-02
2.47392000e-06,1.59062500e+00,1.08875000e+01,4.06250000e-02,-1.64062500e-02
2.47424000e-06,1.54062500e+00,1.08375000e+01,4.81250000e-02,1.48437500e-02
2.47456000e-06,1.50312500e+00,1.07625000e+01,3.56250000e-02,5.62500000e-02
2.47488000e-06,1.62812500e+00,1.07625000e+01,1.56250000e-02,-5.54687500e-02
2.47520000e-06,1.57812500e+00,1.07750000e+01,2.56250000e-02,-1.09375000e-01
2.47552000e-06,1.56562500e+00,1.08875000e+01,2.81250000e-02,-9.60937500e-02
2.47584000e-06,1.64062500e+00,1.08875000e+01,5.31250000e-02,-9.14062500e-02
2.47616000e-06,1.57812500e+00,1.06500000e+01,3.81250000e-02,-8.82812500e-02
2.47648000e-06,1.55312500e+00,1.07750000e+01,4.56250000e-02,-1.48437500e-01
2.47680000e-06,1.64062500e+00,1.07875000e+01,4.56250000e-02,-1.31250000e-01
2.47712000e-06,1.61562500e+00,1.08375000e+01,6.81250000e-02,-5.39062500e-02
2.47744000e-06,1.49062500e+00,1.07625000e+01,3.56250000e-02,-3.35937500e-02
2.47776000e-06,1.45312500e+00,1.07875000e+01,3.31250000e-02,-7.89062500e-02
2.47808000e-06,1.54062500e+00,1.08625000e+01,3.31250000e-02,-5.54687500e-02
2.47840000e-06,1.55625000e+00,1.07750000e+01,2.31250000e-02,-2.50000000e-02
2.47872000e-06,1.46562500e+00,1.07500000e+01,3.06250000e-02,-3.82812500e-02
2.47904000e-06,1.62812500e+00,1.08250000e+01,8.06250000e-02,-6.09375000e-02
2.47936000e-06,1.46562500e+00,1.08375000e+01,3.81250000e-02,-7.34375000e-02
2.47968000e-06,1.44062500e+00,1.07875000e+01,2.56250000e-02,-6.48437500e-02
2.48000000e-06,1.65312500e+00,1.07375000e+01,3.31250000e-02,-6.71875000e-02
2.48032000e-06,1.55625000e+00,1.08125000e+01,1.56250000e-02,-1.37500000e-01
2.48064000e-06,1.52812500e+00,1.07000000e+01,3.81250000e-02,-9.29687500e-02
2.48096000e-06,1.50312500e+00,1.07750000e+01,3.56250000e-02,-3.67187500e-02
2.48128000e-06,1.56562500e+00,1.07250000e+01,5.81250000e-02,-7.81250000e-03
2.48160000e-06,1.46562500e+00,1.07625000e+01,2.31250000e-02,5.46875000e-03
2.48192000e-06,1.60312500e+00,1.07875000e+01,4.56250000e-02,-5.07812500e-02
2.48224000e-06,1.72812500e+00,1.08750000e+01,1.81250000e-02,-2.03125000e-02
2.48256000e-06,1.59062500e+00,1.07375000e+01,2.81250000e-02,-1.79687500e-02
2.48288000e-06,1.54062500e+00,1.07875000e+01,2.81250000e-02,-6.17187500e-02
2.48320000e-06,1.57812500e+00,1.06875000e+01,1.06250000e-02,-2.96875000e-02
2.48352000e-06,1.66562500e+00,1.07250000e+01,2.81250000e-02,-5.93750000e-02
2.48384000e-06,1.55312500e+00,1.07125000e+01,4.31250000e-02,-3.90625000e-02
2.48416000e-06,1.41562500e+00,1.07500000e+01,5.06250000e-02,-4.53125000e-02
2.48448000e-06,1.61562500e+00,1.07500000e+01,6.56250000e-02,-3.12500000e-03
2.48480000e-06,1.65312500e+00,1.07250000e+01,3.06250000e-02,7.03125000e-02
2.48512000e-06,1.66562500e+00,1.07625000e+01,2.06250000e-02,8.59375000e-03
2.48544000e-06,1.61562500e+00,1.07500000e+01,3.81250000e-02,-1.42187500e-01
2.48576000e-06,1.59062500e+00,1.08375000e+01,4.81250000e-02,-2.38281250e-01
2.48608000e-06,1.59062500e+00,1.08125000e+01,3.81250000e-02,-1.69531250e-01
2.48640000e-06,1.64062500e+00,1.07125000e+01,2.81250000e-02,-9.14062500e-02
2.48672000e-06,1.59062500e+00,1.09000000e+01,4.56250000e-02,-4.60937500e-02
2.48704000e-06,1.62812500e+00,1.08375000e+01,4.81250000e-02,-1.64062500e-02
2.48736000e-06,1.61562500e+00,1.07375000e+01,1.31250000e-02,1.40625000e-02
2.48768000e-06,1.46562500e+00,1.08000000e+01,2.56250000e-02,3.82812500e-02
2.48800000e-06,1.54062500e+00,1.08500000e+01,1.81250000e-02,-4.45312500e-02
2.48832000e-06,1.61562500e+00,1.07500000e+01,3.81250000e-02,-1.13281250e-01
2.48864000e-06,1.50312500e+00,1.08000000e+01,2.81250000e-02,-7.10937500e-02
2.48896000e-06,1.46562500e+00,1.08250000e+01,3.81250000e-02,-7.81250000e-04
2.48928000e-06,1.46562500e+00,1.08500000e+01,2.56250000e-02,-6.09375000e-02
2.48960000e-06,1.55625000e+00,1.06750000e+01,3.06250000e-02,-1.52343750e-01
2.48992000e-06,1.53125000e+00,1.08500000e+01,1.31250000e-02,-5.85937500e-02
2.49024000e-06,1.52812500e+00,1.08625000e+01,1.31250000e-02,-4.14062500e-02
2.49056000e-06,1.54062500e+00,1.08000000e+01,6.56250000e-02,-1.07031250e-01
2.49088000e-06,1.51562500e+00,1.07750000e+01,4.31250000e-02,-7.10937500e-02
2.49120000e-06,1.56562500e+00,1.07500000e+01,1.81250000e-02,-8.98437500e-02
2.49152000e-06,1.57812500e+00,1.07125000e+01,3.06250000e-02,-1.56250000e-01
2.49184000e-06,1.51562500e+00,1.07875000e+01,4.81250000e-02,-1.89062500e-01
2.49216000e-06,1.56562500e+00,1.06375000e+01,3.56250000e-02,-1.89062500e-01
2.49248000e-06,1.59062500e+00,1.07125000e+01,4.31250000e-02,-1.73437500e-01
2.49280000e-06,1.57812500e+00,1.07125000e+01,3.12500000e-03,-8.51562500e-02
2.49312000e-06,1.55312500e+00,1.07500000e+01,2.31250000e-02,1.56250000e-02
2.49344000e-06,1.57812500e+00,1.08250000e+01,4.56250000e-02,-6.48437500e-02
2.49376000e-06,1.56562500e+00,1.08218750e+01,2.56250000e-02,-1.32031250e-01
2.49408000e-06,1.55312500e+00,1.05812500e+01,2.56250000e-02,-1.29687500e-01
2.49440000e-06,1.62812500e+00,1.08750000e+01,2.81250000e-02,-1.49218750e-01
2.49472000e-06,1.46562500e+00,1.07375000e+01,1.06250000e-02,-1.09375000e-01
2.49504000e-06,1.60312500e+00,1.06875000e+01,5.31250000e-02,-7.65625000e-02
2.49536000e-06,1.61562500e+00,1.08593750e+01,4.06250000e-02,-1.12500000e-01
2.49568000e-06,1.54062500e+00,1.07125000e+01,3.81250000e-02,-1.36718750e-01
2.49600000e-06,1.52812500e+00,1.07000000e+01,2.56250000e-02,-9.14062500e-02
2.49632000e-06,1.51562500e+00,1.07000000e+01,4.81250000e-02,-1.15625000e-01
2.49664000e-06,1.51562500e+00,1.07500000e+01,4.81250000e-02,-7.96875000e-02
2.49696000e-06,1.57812500e+00,1.07125000e+01,6.31250000e-02,-6.32812500e-02
2.49728000e-06,1.42812500e+00,1.07500000e+01,4.81250000e-02,-1.49218750e-01
2.49760000e-06,1.61562500e+00,1.07875000e+01,1.56250000e-02,-1.16406250e-01
2.49792000e-06,1.63125000e+00,1.07500000e+01,3.56250000e-02,-9.84375000e-02
2.49824000e-06,1.49062500e+00,1.08750000e+01,3.81250000e-02,-1.17187500e-01
2.49856000e-06,1.50312500e+00,1.08125000e+01,4.31250000e-02,-1.44531250e-01
2.49888000e-06,1.54062500e+00,1.07125000e+01,3.81250000e-02,-2.07812500e-01
2.49920000e-06,1.52812500e+00,1.06125000e+01,4.31250000e-02,-1.29687500e-01
2.49952000e-06,1.47812500e+00,1.08750000e+01,4.56250000e-02,-4.21875000e-02
2.49984000e-06,1.55312500e+00,1.06875000e+01,3.56250000e-02,-9.53125000e-02
2.50016000e-06,1.55312500e+00,1.07000000e+01,2.81250000e-02,-1.18750000e-01
2.50048000e-06,1.56562500e+00,1.07375000e+01,1.81250000e-02,-1.14843750e-01
2.50080000e-06,1.55312500e+00,1.08250000e+01,7.31250000e-02,-1.07031250e-01
2.50112000e-06,1.60312500e+00,1.08875000e+01,1.31250000e-02,-2.05468750e-01
2.50144000e-06,1.37500000e+00,1.06625000e+01,1.31250000e-02,-1.42968750e-01
2.50176000e-06,1.40312500e+00,1.07375000e+01,3.31250000e-02,-9.76562500e-02
2.50208000e-06,1.52812500e+00,1.06250000e+01,1.06250000e-02,-1.14843750e-01
2.50240000e-06,1.45312500e+00,1.07000000e+01,3.81250000e-02,-1.28906250e-01
2.50272000e-06,1.59062500e+00,1.06875000e+01,4.81250000e-02,-7.89062500e-02
2.50304000e-06,1.46875000e+00,1.07250000e+01,1.56250000e-02,-2.26562500e-02
2.50336000e-06,1.55312500e+00,1.08500000e+01,1.56250000e-02,-1.08593750e-01
2.50368000e-06,1.52812500e+00,1.07625000e+01,8.12500000e-03,-9.37500000e-02
2.50400000e-06,1.51562500e+00,1.08125000e+01,6.56250000e-02,-7.89062500e-02
2.50432000e-06,1.59062500e+00,1.08125000e+01,4.06250000e-02,-1.10937500e-01
2.50464000e-06,1.50312500e+00,1.06750000e+01,4.06250000e-02,-1.05468750e-01
2.50496000e-06,1.50312500e+00,1.07250000e+01,2.56250000e-02,-1.18750000e-01
2.50528000e-06,1.55312500e+00,1.06750000e+01,8.12500000e-03,-9.92187500e-02
2.50560000e-06,1.60312500e+00,1.08000000e+01,1.06250000e-02,-1.15625000e-01
2.50592000e-06,1.55312500e+00,1.08375000e+01,7.06250000e-02,-1.03125000e-01
2.50624000e-06,1.52812500e+00,1.07750000e+01,4.81250000e-02,-6.40625000e-02
2.50656000e-06,1.51562500e+00,1.07625000e+01,1.81250000e-02,-5.54687500e-02
2.50688000e-06,1.50312500e+00,1.06750000e+01,2.81250000e-02,-6.56250000e-02
2.50720000e-06,1.54062500e+00,1.07125000e+01,3.06250000e-02,-8.43750000e-02
2.50752000e-06,1.52812500e+00,1.07875000e+01,4.81250000e-02,-1.51562500e-01
2.50784000e-06,1.51562500e+00,1.08625000e+01,1.31250000e-02,-1.64843750e-01
2.50816000e-06,1.64062500e+00,1.06625000e+01,4.56250000e-02,-1.07812500e-01
2.50848000e-06,1.54062500e+00,1.06625000e+01,3.31250000e-02,-8.28125000e-02
2.50880000e-06,1.46562500e+00,1.08125000e+01,5.31250000e-02,-1.35156250e-01
2.50912000e-06,1.57812500e+00,1.07500000e+01,2.31250000e-02,-1.40625000e-01
2.50944000e-06,1.38125000e+00,1.08125000e+01,2.81250000e-02,-6.40625000e-02
2.50976000e-06,1.56562500e+00,1.07750000e+01,2.81250000e-02,-1.16406250e-01
2.51008000e-06,1.59375000e+00,1.08000000e+01,5.81250000e-02,-6.17187500e-02
2.51040000e-06,1.57812500e+00,1.09375000e+01,5.31250000e-02,-4.53125000e-02
2.51072000e-06,1.59062500e+00,1.08000000e+01,3.81250000e-02,-8.90625000e-02
2.51104000e-06,1.60312500e+00,1.09375000e+01,1.81250000e-02,-1.55468750e-01
2.51136000e-06,1.57812500e+00,1.06000000e+01,3.31250000e-02,-1.35937500e-01
2.51168000e-06,1.52812500e+00,1.08625000e+01,3.56250000e-02,-9.60937500e-02
2.51200000e-06,1.46562500e+00,1.08375000e+01,4.81250000e-02,-1.86718750e-01
2.51232000e-06,1.51562500e+00,1.06375000e+01,3.81250000e-02,-1.42968750e-01
2.51264000e-06,1.48125000e+00,1.07250000e+01,5.31250000e-02,-5.31250000e-02
2.51296000e-06,1.56562500e+00,1.07375000e+01,3.56250000e-02,-3.04687500e-02
2.51328000e-06,1.69375000e+00,1.07750000e+01,5.81250000e-02,-3.35937500e-02
2.51360000e-06,1.55312500e+00,1.07500000e+01,6.06250000e-02,-9.84375000e-02
2.51392000e-06,1.59062500e+00,1.07250000e+01,3.12500000e-03,-1.30468750e-01
2.51424000e-06,1.44062500e+00,1.08750000e+01,2.31250000e-02,-9.29687500e-02
2.51456000e-06,1.47812500e+00,1.06625000e+01,3.56250000e-02,-5.07812500e-02
2.51488000e-06,1.50312500e+00,1.09000000e+01,3.56250000e-02,-3.90625000e-03
2.51520000e-06,1.46875000e+00,1.07125000e+01,2.56250000e-02,-7.42187500e-02
2.51552000e-06,1.59062500e+00,1.07875000e+01,1.31250000e-02,-6.40625000e-02
2.51584000e-06,1.64375000e+00,1.07625000e+01,2.06250000e-02,-5.23437500e-02
2.51616000e-06,1.66562500e+00,1.08625000e+01,5.31250000e-02,-2.10937500e-02
2.51648000e-06,1.54062500e+00,1.08000000e+01,3.81250000e-02,-3.98437500e-02
2.51680000e-06,1.47812500e+00,1.07875000e+01,5.62500000e-03,-1.21875000e-01
2.51712000e-06,1.62812500e+00,1.07375000e+01,2.31250000e-02,-1.00000000e-01
2.51744000e-06,1.59375000e+00,1.08125000e+01,5.56250000e-02,-1.07812500e-01
2.51776000e-06,1.51562500e+00,1.06875000e+01,6.06250000e-02,-1.96093750e-01
2.51808000e-06,1.64062500e+00,1.08500000e+01,2.81250000e-02,-1.44531250e-01
2.51840000e-06,1.51562500e+00,1.08500000e+01,7.31250000e-02,-6.25000000e-02
2.51872000e-06,1.46562500e+00,1.07625000e+01,5.81250000e-02,-2.26562500e-02
2.51904000e-06,1.50312500e+00,1.08125000e+01,3.06250000e-02,-6.79687500e-02
2.51936000e-06,1.69062500e+00,1.07500000e+01,6.31250000e-02,-9.21875000e-02
2.51968000e-06,1.50312500e+00,1.07750000e+01,1.31250000e-02,-4.92187500e-02
2.52000000e-06,1.59062500e+00,1.07500000e+01,4.81250000e-02,-1.01562500e-02
2.52032000e-06,1.49062500e+00,1.08125000e+01,7.81250000e-02,-8.67187500e-02
2.52064000e-06,1.57812500e+00,1.08750000e+01,1.31250000e-02,-1.18750000e-01
2.52096000e-06,1.64375000e+00,1.07625000e+01,4.56250000e-02,-8.20312500e-02
2.52128000e-06,1.59062500e+00,1.08000000e+01,3.31250000e-02,-1.32031250e-01
2.52160000e-06,1.55312500e+00,1.07875000e+01,4.81250000e-02,-1.38281250e-01
2.52192000e-06,1.57812500e+00,1.07625000e+01,3.56250000e-02,-1.56250000e-02
2.52224000e-06,1.64062500e+00,1.07125000e+01,3.56250000e-02,-6.64062500e-02
2.52256000e-06,1.56562500e+00,1.08125000e+01,3.31250000e-02,-1.52343750e-01
2.52288000e-06,1.54062500e+00,1.07125000e+01,4.31250000e-02,-1.46093750e-01
2.52320000e-06,1.49062500e+00,1.07000000e+01,2.06250000e-02,-5.39062500e-02
2.52352000e-06,1.49062500e+00,1.07750000e+01,3.56250000e-02,-4.76562500e-02
2.52384000e-06,1.60312500e+00,1.07625000e+01,4.56250000e-02,-6.01562500e-02
2.52416000e-06,1.55625000e+00,1.07125000e+01,4.06250000e-02,-7.65625000e-02
2.52448000e-06,1.60312500e+00,1.06875000e+01,4.56250000e-02,-5.15625000e-02
2.52480000e-06,1.51562500e+00,1.07000000e+01,2.56250000e-02,-8.67187500e-02
2.52512000e-06,1.49062500e+00,1.08000000e+01,2.56250000e-02,-1.14843750e-01
2.52544000e-06,1.57812500e+00,1.08750000e+01,2.56250000e-02,-8.75000000e-02
2.52576000e-06,1.54062500e+00,1.07000000e+01,3.31250000e-02,-3.98437500e-02
2.52608000e-06,1.62812500e+00,1.06625000e+01,3.56250000e-02,-6.40625000e-02
2.52640000e-06,1.51562500e+00,1.07125000e+01,1.06250000e-02,-8.90625000e-02
2.52672000e-06,1.51562500e+00,1.07625000e+01,5.56250000e-02,-6.01562500e-02
2.52704000e-06,1.44062500e+00,1.08625000e+01,3.56250000e-02,-6.32812500e-02
2.52736000e-06,1.51562500e+00,1.07375000e+01,4.31250000e-02,-1.28125000e-01
2.52768000e-06,1.55625000e+00,1.07375000e+01,3.06250000e-02,-8.98437500e-02
2.52800000e-06,1.59062500e+00,1.07625000e+01,3.31250000e-02,-1.00000000e-01
2.52832000e-06,1.61562500e+00,1.07500000e+01,4.31250000e-02,-6.79687500e-02
2.52864000e-06,1.61562500e+00,1.06750000e+01,3.31250000e-02,-3.90625000e-03
2.52896000e-06,1.50312500e+00,1.08250000e+01,3.06250000e-02,-5.15625000e-02
2.52928000e-06,1.55312500e+00,1.07375000e+01,4.56250000e-02,-4.84375000e-02
2.52960000e-06,1.50312500e+00,1.06625000e+01,5.56250000e-02,-8.59375000e-03
2.52992000e-06,1.67812500e+00,1.08125000e+01,4.81250000e-02,-1.00000000e-01
2.53024000e-06,1.55312500e+00,1.08125000e+01,4.31250000e-02,-1.43750000e-01
2.53056000e-06,1.45312500e+00,1.07375000e+01,4.56250000e-02,-6.71875000e-02
2.53088000e-06,1.45312500e+00,1.07625000e+01,4.31250000e-02,-1.71875000e-02
2.53120000e-06,1.58125000e+00,1.08000000e+01,2.31250000e-02,-8.20312500e-02
2.53152000e-06,1.54375000e+00,1.08375000e+01,2.06250000e-02,-9.45312500e-02
2.53184000e-06,1.59062500e+00,1.07250000e+01,3.56250000e-02,-1.04687500e-01
2.53216000e-06,1.51562500e+00,1.09500000e+01,3.56250000e-02,-1.67187500e-01
2.53248000e-06,1.52812500e+00,1.07375000e+01,3.81250000e-02,-6.17187500e-02
2.53280000e-06,1.60312500e+00,1.08000000e+01,4.31250000e-02,-8.59375000e-03
2.53312000e-06,1.54062500e+00,1.06218750e+01,3.31250000e-02,-5.70312500e-02
2.53344000e-06,1.61562500e+00,1.06625000e+01,5.56250000e-02,-9.53125000e-02
2.53376000e-06,1.66562500e+00,1.08750000e+01,3.06250000e-02,-9.60937500e-02
2.53408000e-06,1.55312500e+00,1.08218750e+01,5.56250000e-02,-1.17187500e-01
2.53440000e-06,1.52812500e+00,1.06718750e+01,2.81250000e-02,-4.92187500e-02
2.53472000e-06,1.51562500e+00,1.07750000e+01,3.56250000e-02,-6.71875000e-02
2.53504000e-06,1.47812500e+00,1.07750000e+01,2.81250000e-02,-1.47656250e-01
2.53536000e-06,1.61562500e+00,1.08875000e+01,5.31250000e-02,-1.42187500e-01
2.53568000e-06,1.61875000e+00,1.07625000e+01,4.81250000e-02,-1.03125000e-01
2.53600000e-06,1.55312500e+00,1.06875000e+01,6.31250000e-02,-1.45312500e-01
2.53632000e-06,1.66562500e+00,1.07500000e+01,3.06250000e-02,-1.79687500e-01
2.53664000e-06,1.37812500e+00,1.08375000e+01,4.06250000e-02,-6.48437500e-02
2.53696000e-06,1.36562500e+00,1.06750000e+01,5.31250000e-02,-5.46875000e-02
2.53728000e-06,1.51562500e+00,1.07125000e+01,2.06250000e-02,-8.51562500e-02
2.53760000e-06,1.56875000e+00,1.07750000e+01,4.81250000e-02,-2.18750000e-02
2.53792000e-06,1.56562500e+00,1.08000000e+01,4.81250000e-02,-4.21875000e-02
2.53824000e-06,1.46562500e+00,1.08000000e+01,3.06250000e-02,-1.10156250e-01
2.53856000e-06,1.50312500e+00,1.06250000e+01,1.06250000e-02,-9.60937500e-02
2.53888000e-06,1.49375000e+00,1.06375000e+01,3.31250000e-02,-5.39062500e-02
2.53920000e-06,1.52812500e+00,1.07500000e+01,3.56250000e-02,-1.29687500e-01
2.53952000e-06,1.53125000e+00,1.07250000e+01,6.06250000e-02,-1.59375000e-01
2.53984000e-06,1.60312500e+00,1.09125000e+01,6.06250000e-02,-1.10937500e-01
2.54016000e-06,1.54062500e+00,1.06343750e+01,2.06250000e-02,-2.10937500e-02
2.54048000e-06,1.46562500e+00,1.07250000e+01,3.56250000e-02,1.25000000e-02
2.54080000e-06,1.62812500e+00,1.07875000e+01,3.56250000e-02,2.96875000e-02
2.54112000e-06,1.52812500e+00,1.06218750e+01,3.06250000e-02,-9.37500000e-03
2.54144000e-06,1.61562500e+00,1.08343750e+01,3.81250000e-02,-1.28906250e-01
2.54176000e-06,1.60312500e+00,1.08375000e+01,5.31250000e-02,-2.00000000e-01
2.54208000e-06,1.64062500e+00,1.06750000e+01,3.31250000e-02,-1.46875000e-01
2.54240000e-06,1.45312500e+00,1.08750000e+01,5.56250000e-02,-1.21875000e-01
2.54272000e-06,1.46562500e+00,1.07375000e+01,4.06250000e-02,-1.41406250e-01
2.54304000e-06,1.51562500e+00,1.06875000e+01,5.06250000e-02,-1.14062500e-01
2.54336000e-06,1.48125000e+00,1.08000000e+01,6.31250000e-02,-7.73437500e-02
2.54368000e-06,1.61562500e+00,1.07125000e+01,5.81250000e-02,-1.10156250e-01
2.54400000e-06,1.53125000e+00,1.06375000e+01,1.31250000e-02,-1.39843750e-01
2.54432000e-06,1.44062500e+00,1.08500000e+01,4.31250000e-02,-1.08593750e-01
2.54464000e-06,1.40312500e+00,1.07750000e+01,4.81250000e-02,-7.81250000e-02
2.54496000e-06,1.55312500e+00,1.07750000e+01,3.06250000e-02,-7.42187500e-02
2.54528000e-06,1.55625000e+00,1.07375000e+01,4.06250000e-02,-1.03906250e-01
2.54560000e-06,1.45312500e+00,1.07500000e+01,4.06250000e-02,-8.35937500e-02
2.54592000e-06,1.44062500e+00,1.08000000e+01,2.31250000e-02,-6.71875000e-02
2.54624000e-06,1.55312500e+00,1.06875000e+01,4.06250000e-02,-1.46093750e-01
2.54656000e-06,1.58125000e+00,1.07625000e+01,1.56250000e-02,-8.82812500e-02
2.54688000e-06,1.51562500e+00,1.08250000e+01,3.31250000e-02,-4.06250000e-02
2.54720000e-06,1.57812500e+00,1.08500000e+01,5.31250000e-02,-7.34375000e-02
2.54752000e-06,1.49062500e+00,1.07375000e+01,1.06250000e-02,-7.26562500e-02
2.54784000e-06,1.59062500e+00,1.07750000e+01,3.31250000e-02,-1.11718750e-01
2.54816000e-06,1.47812500e+00,1.08250000e+01,5.06250000e-02,-1.37500000e-01
2.54848000e-06,1.49062500e+00,1.06625000e+01,4.06250000e-02,-1.57812500e-01
2.54880000e-06,1.55312500e+00,1.07875000e+01,3.56250000e-02,-1.35937500e-01
2.54912000e-06,1.61875000e+00,1.08000000e+01,6.06250000e-02,-8.98437500e-02
2.54944000e-06,1.46562500e+00,1.06750000e+01,5.06250000e-02,-1.14062500e-01
2.54976000e-06,1.54062500e+00,1.06875000e+01,1.06250000e-02,-1.35937500e-01
2.55008000e-06,1.64062500e+00,1.08375000e+01,5.31250000e-02,-1.14062500e-01
2.55040000e-06,1.56562500e+00,1.08500000e+01,4.81250000e-02,-5.31250000e-02
2.55072000e-06,1.54062500e+00,1.08000000e+01,5.56250000e-02,-7.81250000e-02
2.55104000e-06,1.39062500e+00,1.07125000e+01,5.06250000e-02,-1.17968750e-01
2.55136000e-06,1.37812500e+00,1.08250000e+01,-4.37500000e-03,-1.79687500e-02
2.55168000e-06,1.51875000e+00,1.07875000e+01,2.31250000e-02,-2.42187500e-02
2.55200000e-06,1.51875000e+00,1.08125000e+01,5.81250000e-02,-1.10156250e-01
2.55232000e-06,1.60312500e+00,1.06875000e+01,3.31250000e-02,-9.92187500e-02
2.55264000e-06,1.34062500e+00,1.07250000e+01,3.81250000e-02,-4.92187500e-02
2.55296000e-06,1.52812500e+00,1.06875000e+01,2.31250000e-02,-4.92187500e-02
2.55328000e-06,1.51875000e+00,1.07625000e+01,3.06250000e-02,-9.29687500e-02
2.55360000e-06,1.46562500e+00,1.07250000e+01,3.06250000e-02,-9.37500000e-02
2.55392000e-06,1.47812500e+00,1.08250000e+01,4.31250000e-02,-6.09375000e-02
2.55424000e-06,1.56875000e+00,1.07750000e+01,6.56250000e-02,-7.26562500e-02
2.55456000e-06,1.66562500e+00,1.07375000e+01,5.31250000e-02,-9.84375000e-02
2.55488000e-06,1.55312500e+00,1.07125000e+01,2.31250000e-02,-8.35937500e-02
2.55520000e-06,1.60312500e+00,1.07625000e+01,2.81250000e-02,-4.45312500e-02
2.55552000e-06,1.64062500e+00,1.07125000e+01,2.81250000e-02,1.09375000e-02
2.55584000e-06,1.44062500e+00,1.08250000e+01,5.06250000e-02,-4.60937500e-02
2.55616000e-06,1.35312500e+00,1.06500000e+01,5.81250000e-02,-2.10937500e-02
2.55648000e-06,1.57812500e+00,1.07875000e+01,8.12500000e-03,1.09375000e-02
2.55680000e-06,1.63125000e+00,1.07875000e+01,1.81250000e-02,6.95312500e-02
2.55712000e-06,1.41562500e+00,1.08625000e+01,4.31250000e-02,7.03125000e-03
2.55744000e-06,1.49062500e+00,1.07000000e+01,1.31250000e-02,-1.31250000e-01
2.55776000e-06,1.46562500e+00,1.07250000e+01,3.81250000e-02,-1.18750000e-01
2.55808000e-06,1.39375000e+00,1.07500000e+01,4.06250000e-02,-7.50000000e-02
2.55840000e-06,1.25937500e+00,1.08375000e+01,-1.87500000e-03,-8.75000000e-02
2.55872000e-06,1.60625000e+00,1.06500000e+01,2.81250000e-02,-1.36718750e-01
2.55904000e-06,1.49375000e+00,1.06875000e+01,2.06250000e-02,-2.57812500e-02
2.55936000e-06,1.39062500e+00,1.06750000e+01,3.31250000e-02,4.14062500e-02
2.55968000e-06,1.51562500e+00,1.07625000e+01,2.06250000e-02,-6.79687500e-02
2.56000000e-06,1.55625000e+00,1.07625000e+01,4.81250000e-02,-1.32031250e-01
2.56032000e-06,1.56562500e+00,1.07375000e+01,2.81250000e-02,-1.67968750e-01
2.56064000e-06,1.42812500e+00,1.08750000e+01,2.56250000e-02,-4.76562500e-02
2.56096000e-06,1.54062500e+00,1.06875000e+01,2.81250000e-02,-4.76562500e-02
2.56128000e-06,1.56875000e+00,1.06750000e+01,5.81250000e-02,-8.43750000e-02
2.56160000e-06,1.56562500e+00,1.08500000e+01,3.06250000e-02,-7.96875000e-02
2.56192000e-06,1.61562500e+00,1.07500000e+01,-4.37500000e-03,-8.43750000e-02
2.56224000e-06,1.44062500e+00,1.07750000e+01,6.06250000e-02,-1.32031250e-01
2.56256000e-06,1.66562500e+00,1.07750000e+01,5.81250000e-02,-4.76562500e-02
2.56288000e-06,1.54062500e+00,1.07375000e+01,1.06250000e-02,1.01562500e-02
2.56320000e-06,1.51562500e+00,1.07750000e+01,1.31250000e-02,-3.51562500e-02
2.56352000e-06,1.51562500e+00,1.08000000e+01,3.56250000e-02,-8.98437500e-02
2.56384000e-06,1.51562500e+00,1.07500000e+01,5.56250000e-02,-6.95312500e-02
2.56416000e-06,1.60312500e+00,1.08125000e+01,3.81250000e-02,5.46875000e-03
2.56448000e-06,1.49062500e+00,1.08375000e+01,3.06250000e-02,2.03125000e-02
2.56480000e-06,1.52812500e+00,1.07875000e+01,5.81250000e-02,-4.21875000e-02
2.56512000e-06,1.55625000e+00,1.07000000e+01,2.06250000e-02,-3.12500000e-03
2.56544000e-06,1.66562500e+00,1.08250000e+01,3.81250000e-02,-8.98437500e-02
2.56576000e-06,1.46562500e+00,1.07500000e+01,4.31250000e-02,-1.82031250e-01
2.56608000e-06,1.51562500e+00,1.07875000e+01,3.06250000e-02,-8.04687500e-02
2.56640000e-06,1.64062500e+00,1.08500000e+01,1.31250000e-02,-2.42187500e-02
2.56672000e-06,1.49062500e+00,1.08625000e+01,4.31250000e-02,-7.89062500e-02
2.56704000e-06,1.50312500e+00,1.07375000e+01,2.06250000e-02,-3.51562500e-02
2.56736000e-06,1.40312500e+00,1.08625000e+01,3.06250000e-02,-5.31250000e-02
2.56768000e-06,1.64062500e+00,1.08000000e+01,3.81250000e-02,-1.16406250e-01
2.56800000e-06,1.63125000e+00,1.08125000e+01,2.31250000e-02,-1.50000000e-01
2.56832000e-06,1.47812500e+00,1.06750000e+01,2.06250000e-02,-1.14843750e-01
2.56864000e-06,1.49062500e+00,1.08000000e+01,3.12500000e-03,-9.84375000e-02
2.56896000e-06,1.52812500e+00,1.07125000e+01,6.06250000e-02,-1.04687500e-01
2.56928000e-06,1.47812500e+00,1.08000000e+01,6.56250000e-02,-4.68750000e-03
2.56960000e-06,1.54062500e+00,1.06750000e+01,3.06250000e-02,-2.18750000e-02
2.56992000e-06,1.55312500e+00,1.08500000e+01,2.56250000e-02,-6.32812500e-02
2.57024000e-06,1.41562500e+00,1.07250000e+01,3.06250000e-02,3.04687500e-02
2.57056000e-06,1.54062500e+00,1.07250000e+01,3.31250000e-02,3.51562500e-02
2.57088000e-06,1.63125000e+00,1.06250000e+01,2.31250000e-02,-7.18750000e-02
2.57120000e-06,1.70312500e+00,1.07500000e+01,2.56250000e-02,-6.01562500e-02
2.57152000e-06,1.34062500e+00,1.08000000e+01,2.56250000e-02,-5.93750000e-02
2.57184000e-06,1.46562500e+00,1.08375000e+01,4.06250000e-02,-1.04687500e-01
2.57216000e-06,1.61562500e+00,1.07250000e+01,2.06250000e-02,-6.32812500e-02
2.57248000e-06,1.55625000e+00,1.07000000e+01,3.56250000e-02,-1.40625000e-02
2.57280000e-06,1.56562500e+00,1.07000000e+01,3.56250000e-02,-5.07812500e-02
2.57312000e-06,1.52812500e+00,1.08375000e+01,4.56250000e-02,-7.10937500e-02
2.57344000e-06,1.57812500e+00,1.08000000e+01,1.31250000e-02,-5.07812500e-02
2.57376000e-06,1.51562500e+00,1.07625000e+01,5.31250000e-02,-7.42187500e-02
2.57408000e-06,1.57812500e+00,1.07125000e+01,4.31250000e-02,-1.07812500e-01
2.57440000e-06,1.51562500e+00,1.09125000e+01,2.31250000e-02,-1.71093750e-01
2.57472000e-06,1.41562500e+00,1.08625000e+01,4.06250000e-02,-1.06250000e-01
2.57504000e-06,1.41562500e+00,1.07500000e+01,4.56250000e-02,-1.95312500e-02
2.57536000e-06,1.53125000e+00,1.08000000e+01,3.81250000e-02,3.59375000e-02
2.57568000e-06,1.53125000e+00,1.06718750e+01,4.31250000e-02,3.75000000e-02
2.57600000e-06,1.50312500e+00,1.06625000e+01,1.81250000e-02,-3.04687500e-02
2.57632000e-06,1.56562500e+00,1.08375000e+01,5.56250000e-02,-5.93750000e-02
2.57664000e-06,1.47812500e+00,1.06968750e+01,3.31250000e-02,-6.32812500e-02
2.57696000e-06,1.46562500e+00,1.08093750e+01,2.81250000e-02,-6.01562500e-02
2.57728000e-06,1.44062500e+00,1.08125000e+01,3.31250000e-02,1.48437500e-02
2.57760000e-06,1.45625000e+00,1.08375000e+01,5.06250000e-02,3.04687500e-02
2.57792000e-06,1.45625000e+00,1.06750000e+01,2.31250000e-02,-1.40625000e-02
2.57824000e-06,1.53125000e+00,1.07500000e+01,1.81250000e-02,-1.14843750e-01
2.57856000e-06,1.44375000e+00,1.08500000e+01,4.56250000e-02,-1.07812500e-01
2.57888000e-06,1.45312500e+00,1.08000000e+01,6.81250000e-02,-1.68750000e-01
2.57920000e-06,1.52812500e+00,1.07750000e+01,4.81250000e-02,-1.44531250e-01
2.57952000e-06,1.53125000e+00,1.07125000e+01,2.81250000e-02,-6.64062500e-02
2.57984000e-06,1.44062500e+00,1.06625000e+01,2.31250000e-02,-6.79687500e-02
2.58016000e-06,1.51562500e+00,1.07375000e+01,3.56250000e-02,-3.28125000e-02
2.58048000e-06,1.53125000e+00,1.08000000e+01,3.81250000e-02,-6.40625000e-02
2.58080000e-06,1.59062500e+00,1.07625000e+01,1.06250000e-02,-9.14062500e-02
2.58112000e-06,1.57812500e+00,1.07375000e+01,2.56250000e-02,-7.96875000e-02
2.58144000e-06,1.49062500e+00,1.09250000e+01,3.56250000e-02,-7.50000000e-02
2.58176000e-06,1.50312500e+00,1.08000000e+01,3.06250000e-02,-7.65625000e-02
2.58208000e-06,1.50312500e+00,1.07000000e+01,7.06250000e-02,-5.00000000e-02
2.58240000e-06,1.52812500e+00,1.07750000e+01,5.31250000e-02,-4.14062500e-02
2.58272000e-06,1.45312500e+00,1.08750000e+01,1.06250000e-02,-8.90625000e-02
2.58304000e-06,1.61562500e+00,1.07000000e+01,3.06250000e-02,-7.57812500e-02
2.58336000e-06,1.66875000e+00,1.08000000e+01,4.56250000e-02,-5.23437500e-02
2.58368000e-06,1.51562500e+00,1.08250000e+01,2.31250000e-02,-6.32812500e-02
2.58400000e-06,1.45312500e+00,1.08125000e+01,3.06250000e-02,-6.56250000e-02
2.58432000e-06,1.56562500e+00,1.07000000e+01,4.06250000e-02,-1.17187500e-01
2.58464000e-06,1.61562500e+00,1.06375000e+01,3.31250000e-02,-1.40625000e-01
2.58496000e-06,1.45312500e+00,1.08250000e+01,2.06250000e-02,-1.00000000e-01
2.58528000e-06,1.47812500e+00,1.10125000e+01,5.62500000e-03,-1.40625000e-01
2.58560000e-06,1.52812500e+00,1.06625000e+01,6.56250000e-02,-1.82031250e-01
2.58592000e-06,1.51875000e+00,1.08750000e+01,3.56250000e-02,-1.72656250e-01
2.58624000e-06,1.46562500e+00,1.09125000e+01,4.06250000e-02,-1.59375000e-01
2.58656000e-06,1.46562500e+00,1.07000000e+01,4.31250000e-02,-7.96875000e-02
2.58688000e-06,1.40625000e+00,1.07000000e+01,3.81250000e-02,-1.04687500e-01
2.58720000e-06,1.47812500e+00,1.06750000e+01,2.31250000e-02,-1.96875000e-01
2.58752000e-06,1.61875000e+00,1.08375000e+01,2.56250000e-02,-1.55468750e-01
2.58784000e-06,1.48125000e+00,1.07500000e+01,2.56250000e-02,-1.64062500e-01
2.58816000e-06,1.46562500e+00,1.06375000e+01,2.56250000e-02,-8.98437500e-02
2.58848000e-06,1.46562500e+00,1.07500000e+01,3.31250000e-02,-9.14062500e-02
2.58880000e-06,1.41875000e+00,1.07625000e+01,4.31250000e-02,-1.57031250e-01
2.58912000e-06,1.36562500e+00,1.08125000e+01,1.56250000e-02,-1.85156250e-01
2.58944000e-06,1.41875000e+00,1.08125000e+01,4.06250000e-02,-1.21093750e-01
2.58976000e-06,1.46875000e+00,1.07750000e+01,1.31250000e-02,-8.67187500e-02
2.59008000e-06,1.49375000e+00,1.07750000e+01,3.81250000e-02,-7.50000000e-02
2.59040000e-06,1.55312500e+00,1.08625000e+01,3.06250000e-02,-9.14062500e-02
2.59072000e-06,1.46875000e+00,1.07000000e+01,3.06250000e-02,-1.07031250e-01
2.59104000e-06,1.50312500e+00,1.06750000e+01,4.81250000e-02,-1.55468750e-01
2.59136000e-06,1.44375000e+00,1.07875000e+01,4.56250000e-02,-1.83593750e-01
2.59168000e-06,1.35312500e+00,1.07468750e+01,5.31250000e-02,-1.57812500e-01
2.59200000e-06,1.47812500e+00,1.05687500e+01,2.31250000e-02,-8.90625000e-02
2.59232000e-06,1.50625000e+00,1.08000000e+01,3.81250000e-02,-5.00000000e-02
2.59264000e-06,1.64375000e+00,1.08000000e+01,2.81250000e-02,-9.60937500e-02
2.59296000e-06,1.50312500e+00,1.08500000e+01,5.81250000e-02,-1.65625000e-01
2.59328000e-06,1.49062500e+00,1.08343750e+01,1.81250000e-02,-1.82031250e-01
2.59360000e-06,1.41562500e+00,1.08500000e+01,5.62500000e-03,-9.60937500e-02
2.59392000e-06,1.54062500e+00,1.08625000e+01,2.31250000e-02,-2.65625000e-02
2.59424000e-06,1.46875000e+00,1.08000000e+01,2.56250000e-02,-1.15625000e-01
2.59456000e-06,1.47812500e+00,1.08375000e+01,5.06250000e-02,-9.14062500e-02
2.59488000e-06,1.49062500e+00,1.06375000e+01,3.81250000e-02,-6.01562500e-02
2.59520000e-06,1.48125000e+00,1.07125000e+01,2.81250000e-02,-1.24218750e-01
2.59552000e-06,1.49375000e+00,1.07250000e+01,3.56250000e-02,-1.17187500e-01
2.59584000e-06,1.40625000e+00,1.07500000e+01,4.56250000e-02,-1.45312500e-01
2.59616000e-06,1.49375000e+00,1.07875000e+01,5.06250000e-02,-1.22656250e-01
2.59648000e-06,1.43125000e+00,1.08625000e+01,3.06250000e-02,-3.90625000e-02
2.59680000e-06,1.56875000e+00,1.08250000e+01,1.31250000e-02,8.59375000e-03
2.59712000e-06,1.55625000e+00,1.06500000e+01,2.06250000e-02,0.00000000e+00
2.59744000e-06,1.41562500e+00,1.06625000e+01,5.06250000e-02,-3.82812500e-02
2.59776000e-06,1.55312500e+00,1.07125000e+01,2.31250000e-02,-9.92187500e-02
2.59808000e-06,1.56875000e+00,1.08750000e+01,4.56250000e-02,-1.72656250e-01
2.59840000e-06,1.47812500e+00,1.08000000e+01,4.31250000e-02,-1.83593750e-01
2.59872000e-06,1.44062500e+00,1.08625000e+01,4.56250000e-02,-1.15625000e-01
2.59904000e-06,1.56562500e+00,1.07250000e+01,2.81250000e-02,-1.87500000e-02
2.59936000e-06,1.34375000e+00,1.08500000e+01,2.06250000e-02,-8.12500000e-02
2.59968000e-06,1.45312500e+00,1.07125000e+01,5.56250000e-02,-1.00000000e-01
2.60000000e-06,1.43125000e+00,1.06625000e+01,2.06250000e-02,-6.56250000e-02
2.60032000e-06,1.50625000e+00,1.09250000e+01,4.56250000e-02,-3.35937500e-02
2.60064000e-06,1.55625000e+00,1.07750000e+01,5.06250000e-02,-6.95312500e-02
2.60096000e-06,1.51562500e+00,1.06125000e+01,7.81250000e-02,-1.14843750e-01
2.60128000e-06,1.54062500e+00,1.08875000e+01,4.31250000e-02,-9.76562500e-02
2.60160000e-06,1.37812500e+00,1.07000000e+01,3.06250000e-02,-1.14843750e-01
2.60192000e-06,1.57812500e+00,1.08625000e+01,5.06250000e-02,-1.68750000e-01
2.60224000e-06,1.33125000e+00,1.08750000e+01,1.56250000e-02,-1.44531250e-01
2.60256000e-06,1.47812500e+00,1.09250000e+01,3.31250000e-02,-6.32812500e-02
2.60288000e-06,1.64375000e+00,1.08875000e+01,3.81250000e-02,-5.07812500e-02
2.60320000e-06,1.48125000e+00,1.07250000e+01,2.81250000e-02,-1.08593750e-01
2.60352000e-06,1.45312500e+00,1.06625000e+01,4.31250000e-02,-1.42968750e-01
2.60384000e-06,1.51562500e+00,1.07625000e+01,3.06250000e-02,-1.13281250e-01
2.60416000e-06,1.58125000e+00,1.07750000e+01,3.06250000e-02,-1.11718750e-01
2.60448000e-06,1.44062500e+00,1.08125000e+01,4.06250000e-02,-9.06250000e-02
2.60480000e-06,1.51562500e+00,1.06625000e+01,5.56250000e-02,-1.11718750e-01
2.60512000e-06,1.59062500e+00,1.09500000e+01,2.81250000e-02,-1.11718750e-01
2.60544000e-06,1.55312500e+00,1.07750000e+01,2.56250000e-02,-7.34375000e-02
2.60576000e-06,1.46562500e+00,1.08000000e+01,5.56250000e-02,-1.32812500e-02
2.60608000e-06,1.49062500e+00,1.07750000e+01,5.31250000e-02,-3.28125000e-02
2.60640000e-06,1.51875000e+00,1.06625000e+01,1.81250000e-02,-1.19531250e-01
2.60672000e-06,1.43125000e+00,1.06375000e+01,3.06250000e-02,-6.40625000e-02
2.60704000e-06,1.70312500e+00,1.06750000e+01,3.06250000e-02,-7.50000000e-02
2.60736000e-06,1.69375000e+00,1.06500000e+01,5.56250000e-02,-8.35937500e-02
2.60768000e-06,1.50312500e+00,1.08250000e+01,5.81250000e-02,-1.04687500e-01
2.60800000e-06,1.59062500e+00,1.07750000e+01,4.56250000e-02,-1.29687500e-01
2.60832000e-06,1.54062500e+00,1.07000000e+01,-1.87500000e-03,-8.82812500e-02
2.60864000e-06,1.45312500e+00,1.07500000e+01,2.31250000e-02,-1.03906250e-01
2.60896000e-06,1.45312500e+00,1.07000000e+01,4.81250000e-02,-1.83593750e-01
2.60928000e-06,1.69375000e+00,1.07000000e+01,2.56250000e-02,-1.11718750e-01
2.60960000e-06,1.50625000e+00,1.07625000e+01,3.56250000e-02,-7.34375000e-02
2.60992000e-06,1.31562500e+00,1.07250000e+01,5.56250000e-02,-1.16406250e-01
2.61024000e-06,1.57812500e+00,1.08750000e+01,7.31250000e-02,-1.71875000e-01
2.61056000e-06,1.54375000e+00,1.07875000e+01,5.31250000e-02,-1.44531250e-01
2.61088000e-06,1.47812500e+00,1.09125000e+01,1.31250000e-02,-8.51562500e-02
2.61120000e-06,1.45312500e+00,1.08000000e+01,2.81250000e-02,-3.04687500e-02
2.61152000e-06,1.44062500e+00,1.07750000e+01,5.56250000e-02,-3.82812500e-02
2.61184000e-06,1.41875000e+00,1.07125000e+01,2.56250000e-02,-1.20312500e-01
2.61216000e-06,1.53125000e+00,1.08375000e+01,3.31250000e-02,-1.10937500e-01
2.61248000e-06,1.43125000e+00,1.08875000e+01,3.56250000e-02,-6.17187500e-02
2.61280000e-06,1.30312500e+00,1.07000000e+01,2.56250000e-02,6.25000000e-03
2.61312000e-06,1.57812500e+00,1.07375000e+01,6.56250000e-02,7.81250000e-03
2.61344000e-06,1.43125000e+00,1.08375000e+01,6.06250000e-02,-2.18750000e-02
2.61376000e-06,1.55312500e+00,1.08125000e+01,2.81250000e-02,-6.48437500e-02
2.61408000e-06,1.45625000e+00,1.08375000e+01,6.81250000e-02,-6.32812500e-02
2.61440000e-06,1.59062500e+00,1.09000000e+01,2.06250000e-02,-1.35156250e-01
2.61472000e-06,1.60625000e+00,1.09250000e+01,4.06250000e-02,-2.01562500e-01
2.61504000e-06,1.41562500e+00,1.07375000e+01,4.81250000e-02,-5.39062500e-02
2.61536000e-06,1.49062500e+00,1.08000000e+01,5.31250000e-02,4.68750000e-02
2.61568000e-06,1.49375000e+00,1.08000000e+01,2.56250000e-02,-1.25000000e-02
2.61600000e-06,1.49375000e+00,1.07375000e+01,4.81250000e-02,-7.10937500e-02
2.61632000e-06,1.49375000e+00,1.07250000e+01,2.06250000e-02,-1.21093750e-01
2.61664000e-06,1.49062500e+00,1.08375000e+01,3.31250000e-02,-1.39843750e-01
2.61696000e-06,1.43125000e+00,1.09125000e+01,4.56250000e-02,-1.57812500e-01
2.61728000e-06,1.51562500e+00,1.08000000e+01,3.31250000e-02,-1.18750000e-01
2.61760000e-06,1.49375000e+00,1.08250000e+01,4.31250000e-02,-7.10937500e-02
2.61792000e-06,1.57812500e+00,1.07750000e+01,3.81250000e-02,-1.40625000e-02
2.61824000e-06,1.56562500e+00,1.06625000e+01,5.81250000e-02,-2.42187500e-02
2.61856000e-06,1.64062500e+00,1.08000000e+01,4.81250000e-02,-1.69531250e-01
2.61888000e-06,1.44062500e+00,1.07500000e+01,1.06250000e-02,-2.18750000e-01
2.61920000e-06,1.64062500e+00,1.08625000e+01,4.56250000e-02,-1.54687500e-01
2.61952000e-06,1.50312500e+00,1.07625000e+01,3.81250000e-02,-7.34375000e-02
2.61984000e-06,1.45312500e+00,1.07750000e+01,4.31250000e-02,-8.28125000e-02
2.62016000e-06,1.62812500e+00,1.07375000e+01,6.56250000e-02,-1.28125000e-01
2.62048000e-06,1.56875000e+00,1.07750000e+01,1.81250000e-02,-1.22656250e-01
2.62080000e-06,1.51562500e+00,1.07875000e+01,4.06250000e-02,-7.73437500e-02
2.62112000e-06,1.41562500e+00,1.08000000e+01,2.81250000e-02,-5.70312500e-02
2.62144000e-06,1.46562500e+00,1.06750000e+01,3.31250000e-02,-8.20312500e-02
2.62176000e-06,1.49375000e+00,1.08125000e+01,2.56250000e-02,-4.60937500e-02
2.62208000e-06,1.50625000e+00,1.07125000e+01,2.81250000e-02,-5.85937500e-02
2.62240000e-06,1.53125000e+00,1.07125000e+01,7.81250000e-02,-8.04687500e-02
2.62272000e-06,1.47812500e+00,1.07000000e+01,5.56250000e-02,-7.10937500e-02
2.62304000e-06,1.42812500e+00,1.07625000e+01,2.31250000e-02,-4.60937500e-02
2.62336000e-06,1.55625000e+00,1.08625000e+01,5.06250000e-02,-1.25781250e-01
2.62368000e-06,1.49375000e+00,1.07500000e+01,5.06250000e-02,-1.07812500e-01
2.62400000e-06,1.55312500e+00,1.07500000e+01,3.31250000e-02,-1.67968750e-01
2.62432000e-06,1.57812500e+00,1.08375000e+01,6.81250000e-02,-2.12500000e-01
2.62464000e-06,1.47812500e+00,1.08000000e+01,3.56250000e-02,-8.43750000e-02
2.62496000e-06,1.36562500e+00,1.07875000e+01,3.06250000e-02,-3.28125000e-02
2.62528000e-06,1.55312500e+00,1.07250000e+01,5.62500000e-03,-5.23437500e-02
2.62560000e-06,1.56875000e+00,1.06250000e+01,6.31250000e-02,2.57812500e-02
2.62592000e-06,1.40312500e+00,1.08000000e+01,3.31250000e-02,-3.67187500e-02
2.62624000e-06,1.46562500e+00,1.07500000e+01,3.31250000e-02,-9.21875000e-02
2.62656000e-06,1.56875000e+00,1.08000000e+01,6.56250000e-02,-8.67187500e-02
2.62688000e-06,1.53125000e+00,1.08875000e+01,3.56250000e-02,-1.18750000e-01
2.62720000e-06,1.45312500e+00,1.08500000e+01,5.06250000e-02,-1.65625000e-01
2.62752000e-06,1.47812500e+00,1.07125000e+01,4.31250000e-02,-1.04687500e-01
2.62784000e-06,1.46875000e+00,1.07375000e+01,5.31250000e-02,-6.95312500e-02
2.62816000e-06,1.54062500e+00,1.07875000e+01,4.56250000e-02,-7.81250000e-02
2.62848000e-06,1.56875000e+00,1.07500000e+01,1.31250000e-02,-9.53125000e-02
2.62880000e-06,1.56562500e+00,1.08500000e+01,5.31250000e-02,-7.42187500e-02
2.62912000e-06,1.44062500e+00,1.07000000e+01,7.06250000e-02,-1.43750000e-01
2.62944000e-06,1.50312500e+00,1.07250000e+01,6.81250000e-02,-1.92968750e-01
2.62976000e-06,1.49062500e+00,1.07375000e+01,4.56250000e-02,-1.68750000e-01
2.63008000e-06,1.46562500e+00,1.07375000e+01,6.31250000e-02,-1.54687500e-01
2.63040000e-06,1.65312500e+00,1.08000000e+01,5.81250000e-02,-1.74218750e-01
2.63072000e-06,1.49062500e+00,1.08875000e+01,3.06250000e-02,-7.65625000e-02
2.63104000e-06,1.51562500e+00,1.08250000e+01,2.56250000e-02,-2.57812500e-02
2.63136000e-06,1.42812500e+00,1.07750000e+01,2.06250000e-02,-7.89062500e-02
2.63168000e-06,1.50312500e+00,1.08125000e+01,3.56250000e-02,-6.17187500e-02
2.63200000e-06,1.59375000e+00,1.09000000e+01,4.81250000e-02,-4.92187500e-02
2.63232000e-06,1.34062500e+00,1.08250000e+01,4.06250000e-02,-1.45312500e-01
2.63264000e-06,1.54062500e+00,1.07625000e+01,5.31250000e-02,-9.37500000e-02
2.63296000e-06,1.60625000e+00,1.07125000e+01,4.31250000e-02,-9.84375000e-02
2.63328000e-06,1.51562500e+00,1.07250000e+01,1.81250000e-02,-8.20312500e-02
2.63360000e-06,1.56562500e+00,1.08375000e+01,3.81250000e-02,-1.25781250e-01
2.63392000e-06,1.39062500e+00,1.07125000e+01,4.56250000e-02,-1.26562500e-01
2.63424000e-06,1.54062500e+00,1.08375000e+01,4.81250000e-02,-5.85937500e-02
2.63456000e-06,1.51562500e+00,1.09500000e+01,5.81250000e-02,-6.64062500e-02
2.63488000e-06,1.44062500e+00,1.08875000e+01,4.81250000e-02,-1.58593750e-01
2.63520000e-06,1.42812500e+00,1.07750000e+01,3.56250000e-02,-6.01562500e-02
2.63552000e-06,1.45625000e+00,1.07875000e+01,4.31250000e-02,-2.65625000e-02
2.63584000e-06,1.51562500e+00,1.08250000e+01,4.06250000e-02,-8.82812500e-02
2.63616000e-06,1.51875000e+00,1.07250000e+01,2.56250000e-02,-1.30468750e-01
2.63648000e-06,1.60312500e+00,1.07125000e+01,3.56250000e-02,-1.37500000e-01
2.63680000e-06,1.54062500e+00,1.08750000e+01,4.56250000e-02,-7.03125000e-02
2.63712000e-06,1.47812500e+00,1.08125000e+01,4.31250000e-02,-5.93750000e-02
2.63744000e-06,1.46562500e+00,1.08000000e+01,2.56250000e-02,-1.03125000e-01
2.63776000e-06,1.49062500e+00,1.09250000e+01,2.81250000e-02,-1.01562500e-02
2.63808000e-06,1.56875000e+00,1.07875000e+01,1.56250000e-02,-7.81250000e-03
2.63840000e-06,1.49062500e+00,1.08125000e+01,6.31250000e-02,-4.37500000e-02
2.63872000e-06,1.57812500e+00,1.08500000e+01,1.06250000e-02,2.26562500e-02
2.63904000e-06,1.56562500e+00,1.07875000e+01,4.31250000e-02,-3.12500000e-03
2.63936000e-06,1.50312500e+00,1.07750000e+01,4.06250000e-02,-4.60937500e-02
2.63968000e-06,1.40312500e+00,1.08625000e+01,5.06250000e-02,-4.76562500e-02
2.64000000e-06,1.47812500e+00,1.07125000e+01,-4.37500000e-03,-5.70312500e-02
2.64032000e-06,1.49375000e+00,1.07375000e+01,2.56250000e-02,1.79687500e-02
2.64064000e-06,1.44375000e+00,1.07750000e+01,5.31250000e-02,-1.45312500e-01
2.64096000e-06,1.45312500e+00,1.07500000e+01,3.31250000e-02,-1.19531250e-01
2.64128000e-06,1.58125000e+00,1.08375000e+01,5.81250000e-02,-8.43750000e-02
2.64160000e-06,1.43125000e+00,1.07750000e+01,4.81250000e-02,-7.89062500e-02
2.64192000e-06,1.55312500e+00,1.07625000e+01,5.06250000e-02,-6.87500000e-02
2.64224000e-06,1.54062500e+00,1.08125000e+01,3.56250000e-02,-6.64062500e-02
2.64256000e-06,1.35312500e+00,1.06250000e+01,4.06250000e-02,-4.21875000e-02
2.64288000e-06,1.44062500e+00,1.07250000e+01,4.06250000e-02,-2.89062500e-02
2.64320000e-06,1.53125000e+00,1.06000000e+01,2.06250000e-02,-1.17187500e-01
2.64352000e-06,1.48125000e+00,1.08375000e+01,3.31250000e-02,-6.71875000e-02
2.64384000e-06,1.49062500e+00,1.07625000e+01,3.06250000e-02,-6.56250000e-02
2.64416000e-06,1.57812500e+00,1.07750000e+01,3.56250000e-02,-3.67187500e-02
2.64448000e-06,1.60625000e+00,1.08750000e+01,4.06250000e-02,-3.12500000e-02
2.64480000e-06,1.55312500e+00,1.08125000e+01,5.56250000e-02,-7.10937500e-02
2.64512000e-06,1.57812500e+00,1.07375000e+01,3.31250000e-02,-8.12500000e-02
2.64544000e-06,1.54062500e+00,1.07875000e+01,1.31250000e-02,-1.20312500e-01
2.64576000e-06,1.46562500e+00,1.06375000e+01,2.06250000e-02,-1.07812500e-01
2.64608000e-06,1.56562500e+00,1.07875000e+01,4.81250000e-02,-6.48437500e-02
2.64640000e-06,1.46875000e+00,1.07750000e+01,3.56250000e-02,-7.50000000e-02
2.64672000e-06,1.41562500e+00,1.07500000e+01,4.06250000e-02,-6.40625000e-02
2.64704000e-06,1.45312500e+00,1.08375000e+01,5.06250000e-02,-2.73437500e-02
2.64736000e-06,1.61875000e+00,1.07500000e+01,3.31250000e-02,-4.14062500e-02
2.64768000e-06,1.54375000e+00,1.08375000e+01,2.81250000e-02,-2.81250000e-02
2.64800000e-06,1.45312500e+00,1.06750000e+01,4.31250000e-02,-4.92187500e-02
2.64832000e-06,1.45312500e+00,1.06750000e+01,2.56250000e-02,-2.03125000e-02
2.64864000e-06,1.47812500e+00,1.08125000e+01,5.31250000e-02,-4.68750000e-03
2.64896000e-06,1.46875000e+00,1.07625000e+01,3.81250000e-02,-4.14062500e-02
2.64928000e-06,1.44375000e+00,1.07625000e+01,4.31250000e-02,-9.92187500e-02
2.64960000e-06,1.51875000e+00,1.07250000e+01,4.06250000e-02,-1.08593750e-01
2.64992000e-06,1.46875000e+00,1.07750000e+01,1.56250000e-02,-7.96875000e-02
2.65024000e-06,1.49062500e+00,1.08250000e+01,2.56250000e-02,-5.23437500e-02
2.65056000e-06,1.43125000e+00,1.06375000e+01,3.56250000e-02,-2.26562500e-02
2.65088000e-06,1.60625000e+00,1.07250000e+01,3.06250000e-02,-8.51562500e-02
2.65120000e-06,1.54375000e+00,1.07375000e+01,4.06250000e-02,-1.11718750e-01
2.65152000e-06,1.40312500e+00,1.08375000e+01,2.56250000e-02,-1.02343750e-01
2.65184000e-06,1.39062500e+00,1.08625000e+01,5.31250000e-02,-1.10156250e-01
2.65216000e-06,1.38125000e+00,1.06375000e+01,3.81250000e-02,-7.89062500e-02
2.65248000e-06,1.56875000e+00,1.07750000e+01,6.56250000e-02,-3.75000000e-02
2.65280000e-06,1.51875000e+00,1.06750000e+01,2.56250000e-02,-1.67187500e-01
2.65312000e-06,1.51562500e+00,1.08125000e+01,4.06250000e-02,-1.09375000e-01
2.65344000e-06,1.56562500e+00,1.08375000e+01,2.06250000e-02,-1.64062500e-02
2.65376000e-06,1.52812500e+00,1.07750000e+01,2.56250000e-02,-1.56250000e-02
2.65408000e-06,1.42812500e+00,1.07000000e+01,5.56250000e-02,-1.30468750e-01
2.65440000e-06,1.46562500e+00,1.07500000e+01,6.06250000e-02,-9.68750000e-02
2.65472000e-06,1.51875000e+00,1.07625000e+01,8.12500000e-03,-1.03906250e-01
2.65504000e-06,1.34375000e+00,1.07875000e+01,4.56250000e-02,-1.29687500e-01
2.65536000e-06,1.36562500e+00,1.08625000e+01,5.31250000e-02,-5.31250000e-02
2.65568000e-06,1.50625000e+00,1.06750000e+01,5.06250000e-02,-7.81250000e-02
2.65600000e-06,1.35625000e+00,1.07875000e+01,4.81250000e-02,-1.15625000e-01
2.65632000e-06,1.51562500e+00,1.07250000e+01,4.81250000e-02,-1.21093750e-01
2.65664000e-06,1.61875000e+00,1.07500000e+01,3.81250000e-02,-2.26562500e-02
2.65696000e-06,1.42812500e+00,1.07593750e+01,2.06250000e-02,-1.32812500e-02
2.65728000e-06,1.47812500e+00,1.05687500e+01,5.06250000e-02,-9.53125000e-02
2.65760000e-06,1.62812500e+00,1.07750000e+01,6.06250000e-02,-1.38281250e-01
2.65792000e-06,1.45625000e+00,1.06500000e+01,3.06250000e-02,-2.44531250e-01
2.65824000e-06,1.52812500e+00,1.06500000e+01,4.56250000e-02,-1.98437500e-01
2.65856000e-06,1.46562500e+00,1.07968750e+01,3.81250000e-02,-1.24218750e-01
2.65888000e-06,1.47812500e+00,1.07875000e+01,3.56250000e-02,-7.57812500e-02
2.65920000e-06,1.41562500e+00,1.06125000e+01,6.06250000e-02,-4.06250000e-02
2.65952000e-06,1.59375000e+00,1.06875000e+01,5.06250000e-02,-6.32812500e-02
2.65984000e-06,1.58125000e+00,1.07000000e+01,3.56250000e-02,-6.17187500e-02
2.66016000e-06,1.47812500e+00,1.07625000e+01,5.81250000e-02,-8.28125000e-02
2.66048000e-06,1.52812500e+00,1.07375000e+01,4.56250000e-02,-9.06250000e-02
2.66080000e-06,1.30312500e+00,1.06500000e+01,3.56250000e-02,-6.87500000e-02
2.66112000e-06,1.47812500e+00,1.07625000e+01,4.56250000e-02,-1.16406250e-01
2.66144000e-06,1.51875000e+00,1.07625000e+01,3.56250000e-02,-1.02343750e-01
2.66176000e-06,1.43125000e+00,1.07125000e+01,5.06250000e-02,-2.57812500e-02
2.66208000e-06,1.41562500e+00,1.09250000e+01,2.81250000e-02,-7.65625000e-02
2.66240000e-06,1.56875000e+00,1.07625000e+01,6.81250000e-02,-1.57812500e-01
2.66272000e-06,1.56875000e+00,1.06625000e+01,3.81250000e-02,-1.34375000e-01
2.66304000e-06,1.31562500e+00,1.06875000e+01,5.31250000e-02,-1.28906250e-01
2.66336000e-06,1.49062500e+00,1.06875000e+01,8.31250000e-02,-5.46875000e-02
2.66368000e-06,1.58125000e+00,1.07500000e+01,3.81250000e-02,-8.51562500e-02
2.66400000e-06,1.41875000e+00,1.07875000e+01,4.31250000e-02,-1.27343750e-01
2.66432000e-06,1.47812500e+00,1.07500000e+01,1.06250000e-02,-1.31250000e-01
2.66464000e-06,1.54062500e+00,1.08968750e+01,3.81250000e-02,-1.24218750e-01
2.66496000e-06,1.58125000e+00,1.05812500e+01,4.06250000e-02,6.25000000e-03
2.66528000e-06,1.44062500e+00,1.07125000e+01,3.56250000e-02,-8.20312500e-02
2.66560000e-06,1.41562500e+00,1.08250000e+01,4.31250000e-02,-1.63281250e-01
2.66592000e-06,1.36562500e+00,1.07625000e+01,1.31250000e-02,-5.39062500e-02
2.66624000e-06,1.51875000e+00,1.07218750e+01,4.56250000e-02,-5.15625000e-02
2.66656000e-06,1.46875000e+00,1.08125000e+01,4.56250000e-02,-1.12500000e-01
2.66688000e-06,1.54062500e+00,1.07500000e+01,5.81250000e-02,-8.43750000e-02
2.66720000e-06,1.52812500e+00,1.08000000e+01,4.06250000e-02,-3.35937500e-02
2.66752000e-06,1.56562500e+00,1.08000000e+01,4.06250000e-02,-2.34375000e-02
2.66784000e-06,1.56562500e+00,1.07375000e+01,5.81250000e-02,-1.12500000e-01
2.66816000e-06,1.49062500e+00,1.06625000e+01,1.31250000e-02,-1.47656250e-01
2.66848000e-06,1.51562500e+00,1.08125000e+01,4.56250000e-02,-1.26562500e-01
2.66880000e-06,1.49062500e+00,1.06750000e+01,4.81250000e-02,-6.56250000e-02
2.66912000e-06,1.32812500e+00,1.07000000e+01,3.31250000e-02,-7.65625000e-02
2.66944000e-06,1.52812500e+00,1.07875000e+01,3.06250000e-02,-2.12500000e-01
2.66976000e-06,1.50625000e+00,1.07375000e+01,2.56250000e-02,-2.14843750e-01
2.67008000e-06,1.52812500e+00,1.07000000e+01,5.31250000e-02,-1.55468750e-01
2.67040000e-06,1.45312500e+00,1.06875000e+01,5.06250000e-02,-1.46875000e-01
2.67072000e-06,1.50312500e+00,1.07125000e+01,2.06250000e-02,-8.98437500e-02
2.67104000e-06,1.51875000e+00,1.07375000e+01,2.81250000e-02,-5.78125000e-02
2.67136000e-06,1.55312500e+00,1.08375000e+01,6.06250000e-02,-1.50000000e-01
2.67168000e-06,1.56562500e+00,1.07875000e+01,2.81250000e-02,-1.87500000e-01
2.67200000e-06,1.51562500e+00,1.06875000e+01,4.56250000e-02,-1.42187500e-01
2.67232000e-06,1.47812500e+00,1.07750000e+01,2.06250000e-02,-1.65625000e-01
2.67264000e-06,1.55312500e+00,1.06500000e+01,5.81250000e-02,-1.58593750e-01
2.67296000e-06,1.45625000e+00,1.07500000e+01,4.81250000e-02,-8.98437500e-02
2.67328000e-06,1.36562500e+00,1.08625000e+01,2.56250000e-02,-9.14062500e-02
2.67360000e-06,1.64062500e+00,1.07375000e+01,9.87500000e-02,-6.09375000e-02
2.67392000e-06,1.45625000e+00,1.07125000e+01,4.56250000e-02,-4.21875000e-02
2.67424000e-06,1.30312500e+00,1.08625000e+01,3.81250000e-02,-1.07812500e-01
2.67456000e-06,1.41562500e+00,1.06875000e+01,2.56250000e-02,-8.90625000e-02
2.67488000e-06,1.43125000e+00,1.07375000e+01,3.56250000e-02,-6.56250000e-02
2.67520000e-06,1.41875000e+00,1.07250000e+01,3.81250000e-02,-8.51562500e-02
2.67552000e-06,1.50625000e+00,1.07875000e+01,3.56250000e-02,-8.43750000e-02
2.67584000e-06,1.51875000e+00,1.06875000e+01,6.31250000e-02,-9.68750000e-02
2.67616000e-06,1.52812500e+00,1.07625000e+01,6.81250000e-02,-7.50000000e-02
2.67648000e-06,1.51562500e+00,1.06375000e+01,4.81250000e-02,-8.35937500e-02
2.67680000e-06,1.44062500e+00,1.07250000e+01,3.81250000e-02,-8.28125000e-02
2.67712000e-06,1.50312500e+00,1.07375000e+01,6.06250000e-02,-1.69531250e-01
2.67744000e-06,1.64375000e+00,1.08500000e+01,3.31250000e-02,-1.28906250e-01
2.67776000e-06,1.41562500e+00,1.08375000e+01,4.81250000e-02,-4.37500000e-02
2.67808000e-06,1.40312500e+00,1.06625000e+01,6.31250000e-02,-6.87500000e-02
2.67840000e-06,1.44062500e+00,1.06875000e+01,2.81250000e-02,-8.43750000e-02
2.67872000e-06,1.54375000e+00,1.08000000e+01,2.06250000e-02,-7.26562500e-02
2.67904000e-06,1.54375000e+00,1.06750000e+01,5.31250000e-02,-3.20312500e-02
2.67936000e-06,1.49062500e+00,1.07000000e+01,5.81250000e-02,-1.79687500e-02
2.67968000e-06,1.49062500e+00,1.06500000e+01,2.56250000e-02,2.34375000e-03
2.68000000e-06,1.34062500e+00,1.07750000e+01,6.06250000e-02,-2.18750000e-02
2.68032000e-06,1.46875000e+00,1.08125000e+01,4.31250000e-02,-1.14843750e-01
2.68064000e-06,1.38125000e+00,1.07625000e+01,6.31250000e-02,-1.17187500e-01
2.68096000e-06,1.44375000e+00,1.06875000e+01,3.56250000e-02,-4.37500000e-02
2.68128000e-06,1.43125000e+00,1.06375000e+01,5.06250000e-02,-8.12500000e-02
2.68160000e-06,1.48125000e+00,1.07625000e+01,5.31250000e-02,-1.43750000e-01
2.68192000e-06,1.44375000e+00,1.08500000e+01,2.31250000e-02,-1.73437500e-01
2.68224000e-06,1.41875000e+00,1.06375000e+01,4.56250000e-02,-1.46093750e-01
2.68256000e-06,1.45625000e+00,1.07250000e+01,4.06250000e-02,-1.13281250e-01
2.68288000e-06,1.58125000e+00,1.07750000e+01,4.06250000e-02,-1.17968750e-01
2.68320000e-06,1.59375000e+00,1.06625000e+01,3.31250000e-02,-7.50000000e-02
2.68352000e-06,1.41562500e+00,1.08125000e+01,3.56250000e-02,-8.51562500e-02
2.68384000e-06,1.37812500e+00,1.08250000e+01,4.06250000e-02,-9.29687500e-02
2.68416000e-06,1.54375000e+00,1.07250000e+01,5.56250000e-02,-9.29687500e-02
2.68448000e-06,1.55625000e+00,1.08875000e+01,3.81250000e-02,2.18750000e-02
2.68480000e-06,1.50312500e+00,1.08125000e+01,3.06250000e-02,-4.06250000e-02
2.68512000e-06,1.47812500e+00,1.09125000e+01,9.06250000e-02,-9.60937500e-02
2.68544000e-06,1.62812500e+00,1.07500000e+01,4.06250000e-02,-1.83593750e-01
2.68576000e-06,1.51562500e+00,1.08250000e+01,2.56250000e-02,-1.19531250e-01
2.68608000e-06,1.41562500e+00,1.08500000e+01,2.31250000e-02,-1.10937500e-01
2.68640000e-06,1.39062500e+00,1.07500000e+01,1.56250000e-02,-1.01562500e-01
2.68672000e-06,1.49375000e+00,1.07375000e+01,7.06250000e-02,-1.27343750e-01
2.68704000e-06,1.56875000e+00,1.06875000e+01,3.06250000e-02,-4.06250000e-02
2.68736000e-06,1.54375000e+00,1.07250000e+01,2.56250000e-02,-1.71875000e-02
2.68768000e-06,1.46562500e+00,1.07375000e+01,4.31250000e-02,-8.98437500e-02
2.68800000e-06,1.56562500e+00,1.07125000e+01,5.06250000e-02,-7.73437500e-02
2.68832000e-06,1.55625000e+00,1.08375000e+01,4.31250000e-02,-2.65625000e-02
2.68864000e-06,1.47812500e+00,1.07750000e+01,3.56250000e-02,6.64062500e-02
2.68896000e-06,1.45312500e+00,1.07875000e+01,4.31250000e-02,1.02343750e-01
2.68928000e-06,1.40625000e+00,1.08625000e+01,4.81250000e-02,2.10937500e-02
2.68960000e-06,1.54062500e+00,1.08875000e+01,2.56250000e-02,-6.48437500e-02
2.68992000e-06,1.49375000e+00,1.08500000e+01,3.06250000e-02,-1.17187500e-02
2.69024000e-06,1.52812500e+00,1.07500000e+01,4.56250000e-02,-4.68750000e-03
2.69056000e-06,1.50312500e+00,1.06500000e+01,4.06250000e-02,-6.48437500e-02
2.69088000e-06,1.44062500e+00,1.07625000e+01,2.81250000e-02,-1.50781250e-01
2.69120000e-06,1.50312500e+00,1.07625000e+01,6.06250000e-02,-1.08593750e-01
2.69152000e-06,1.30625000e+00,1.09375000e+01,3.81250000e-02,-3.51562500e-02
2.69184000e-06,1.42812500e+00,1.07875000e+01,4.81250000e-02,-1.25000000e-02
2.69216000e-06,1.55625000e+00,1.07875000e+01,3.31250000e-02,-3.43750000e-02
2.69248000e-06,1.50625000e+00,1.08125000e+01,2.81250000e-02,-5.46875000e-03
2.69280000e-06,1.52812500e+00,1.09500000e+01,2.81250000e-02,-4.06250000e-02
2.69312000e-06,1.41562500e+00,1.08250000e+01,4.06250000e-02,-7.65625000e-02
2.69344000e-06,1.52812500e+00,1.06375000e+01,6.31250000e-02,1.56250000e-02
2.69376000e-06,1.51875000e+00,1.06875000e+01,3.81250000e-02,6.25000000e-03
2.69408000e-06,1.39062500e+00,1.07375000e+01,2.81250000e-02,-4.84375000e-02
2.69440000e-06,1.49062500e+00,1.07250000e+01,3.81250000e-02,-7.81250000e-02
2.69472000e-06,1.51875000e+00,1.09375000e+01,2.31250000e-02,-6.25000000e-02
2.69504000e-06,1.50625000e+00,1.07625000e+01,8.12500000e-03,1.17187500e-02
2.69536000e-06,1.55312500e+00,1.08125000e+01,5.31250000e-02,-3.28125000e-02
2.69568000e-06,1.46562500e+00,1.06625000e+01,4.06250000e-02,-1.08593750e-01
2.69600000e-06,1.37812500e+00,1.07375000e+01,5.31250000e-02,-1.09375000e-01
2.69632000e-06,1.59062500e+00,1.08125000e+01,4.31250000e-02,-1.25781250e-01
2.69664000e-06,1.60625000e+00,1.07375000e+01,3.56250000e-02,-1.03906250e-01
2.69696000e-06,1.40312500e+00,1.06375000e+01,5.06250000e-02,-8.82812500e-02
2.69728000e-06,1.44062500e+00,1.07500000e+01,3.81250000e-02,-1.95312500e-02
2.69760000e-06,1.55312500e+00,1.08250000e+01,3.31250000e-02,-6.40625000e-02
2.69792000e-06,1.55625000e+00,1.09125000e+01,4.31250000e-02,-6.48437500e-02
2.69824000e-06,1.41562500e+00,1.07625000e+01,2.31250000e-02,-1.08593750e-01
2.69856000e-06,1.57812500e+00,1.06250000e+01,4.06250000e-02,-1.19531250e-01
2.69888000e-06,1.43125000e+00,1.06875000e+01,4.81250000e-02,-1.15625000e-01
2.69920000e-06,1.49062500e+00,1.07625000e+01,5.06250000e-02,-1.07812500e-01
2.69952000e-06,1.57812500e+00,1.06500000e+01,4.81250000e-02,-6.56250000e-02
2.69984000e-06,1.59375000e+00,1.07750000e+01,6.06250000e-02,-9.68750000e-02
2.70016000e-06,1.49062500e+00,1.06750000e+01,5.31250000e-02,-1.22656250e-01
2.70048000e-06,1.40312500e+00,1.08625000e+01,6.06250000e-02,-8.59375000e-02
2.70080000e-06,1.41562500e+00,1.07000000e+01,2.81250000e-02,-6.56250000e-02
2.70112000e-06,1.50625000e+00,1.08625000e+01,5.31250000e-02,-9.14062500e-02
2.70144000e-06,1.39375000e+00,1.08500000e+01,3.81250000e-02,-1.49218750e-01
2.70176000e-06,1.39062500e+00,1.07125000e+01,2.56250000e-02,-1.33593750e-01
2.70208000e-06,1.44375000e+00,1.08125000e+01,4.06250000e-02,-1.25000000e-01
2.70240000e-06,1.36875000e+00,1.07500000e+01,3.81250000e-02,-7.81250000e-02
2.70272000e-06,1.59375000e+00,1.06875000e+01,5.56250000e-02,-9.60937500e-02
2.70304000e-06,1.46875000e+00,1.09250000e+01,4.06250000e-02,-1.70312500e-01
2.70336000e-06,1.46562500e+00,1.08750000e+01,4.56250000e-02,-1.43750000e-01
2.70368000e-06,1.51562500e+00,1.09000000e+01,2.81250000e-02,-4.53125000e-02
2.70400000e-06,1.54375000e+00,1.06250000e+01,1.31250000e-02,-2.96875000e-02
2.70432000e-06,1.42812500e+00,1.07750000e+01,4.06250000e-02,-5.62500000e-02
2.70464000e-06,1.54062500e+00,1.08375000e+01,6.31250000e-02,-5.70312500e-02
2.70496000e-06,1.67812500e+00,1.08000000e+01,6.31250000e-02,-7.03125000e-02
2.70528000e-06,1.44062500e+00,1.07375000e+01,4.56250000e-02,-4.84375000e-02
2.70560000e-06,1.50312500e+00,1.07500000e+01,5.56250000e-02,-3.04687500e-02
2.70592000e-06,1.52812500e+00,1.06125000e+01,3.81250000e-02,-7.96875000e-02
2.70624000e-06,1.39062500e+00,1.08125000e+01,3.06250000e-02,-1.53906250e-01
2.70656000e-06,1.41562500e+00,1.07375000e+01,4.56250000e-02,-1.05468750e-01
2.70688000e-06,1.44375000e+00,1.07000000e+01,5.06250000e-02,2.34375000e-03
2.70720000e-06,1.43125000e+00,1.07375000e+01,9.06250000e-02,-5.23437500e-02
2.70752000e-06,1.45625000e+00,1.08625000e+01,3.81250000e-02,-1.85937500e-01
2.70784000e-06,1.61875000e+00,1.07750000e+01,3.06250000e-02,-7.73437500e-02
2.70816000e-06,1.48125000e+00,1.08500000e+01,2.81250000e-02,1.95312500e-02
2.70848000e-06,1.42812500e+00,1.07125000e+01,5.56250000e-02,-5.00000000e-02
2.70880000e-06,1.54062500e+00,1.07250000e+01,2.56250000e-02,-9.92187500e-02
2.70912000e-06,1.55625000e+00,1.08125000e+01,1.56250000e-02,-1.07031250e-01
2.70944000e-06,1.56562500e+00,1.07750000e+01,2.06250000e-02,-5.46875000e-02
2.70976000e-06,1.45312500e+00,1.08000000e+01,6.31250000e-02,-9.68750000e-02
2.71008000e-06,1.35312500e+00,1.07875000e+01,7.56250000e-02,-8.59375000e-02
2.71040000e-06,1.54062500e+00,1.06625000e+01,3.56250000e-02,-2.65625000e-02
2.71072000e-06,1.59375000e+00,1.09250000e+01,3.56250000e-02,-4.68750000e-03
2.71104000e-06,1.69062500e+00,1.08250000e+01,3.56250000e-02,-1.48437500e-02
2.71136000e-06,1.52812500e+00,1.07625000e+01,3.81250000e-02,-7.81250000e-03
2.71168000e-06,1.49062500e+00,1.07250000e+01,5.81250000e-02,-3.28125000e-02
2.71200000e-06,1.46562500e+00,1.08750000e+01,1.31250000e-02,-3.28125000e-02
2.71232000e-06,1.49062500e+00,1.07125000e+01,1.56250000e-02,-1.46093750e-01
2.71264000e-06,1.47812500e+00,1.08625000e+01,4.56250000e-02,-1.32812500e-01
2.71296000e-06,1.50625000e+00,1.06500000e+01,5.56250000e-02,-4.45312500e-02
2.71328000e-06,1.32812500e+00,1.07750000e+01,6.56250000e-02,-5.00000000e-02
2.71360000e-06,1.44062500e+00,1.07875000e+01,5.06250000e-02,-5.78125000e-02
2.71392000e-06,1.46875000e+00,1.08875000e+01,5.31250000e-02,-1.02343750e-01
2.71424000e-06,1.34375000e+00,1.07625000e+01,2.06250000e-02,-1.58593750e-01
2.71456000e-06,1.46875000e+00,1.07875000e+01,7.31250000e-02,-1.41406250e-01
2.71488000e-06,1.53125000e+00,1.07500000e+01,4.06250000e-02,-8.75000000e-02
2.71520000e-06,1.61875000e+00,1.07625000e+01,3.31250000e-02,-7.03125000e-03
2.71552000e-06,1.59062500e+00,1.07125000e+01,3.81250000e-02,1.64062500e-02
2.71584000e-06,1.50312500e+00,1.07250000e+01,3.31250000e-02,1.01562500e-02
2.71616000e-06,1.55312500e+00,1.07125000e+01,4.81250000e-02,-8.90625000e-02
2.71648000e-06,1.51562500e+00,1.08625000e+01,4.31250000e-02,-5.46875000e-02
2.71680000e-06,1.46562500e+00,1.07875000e+01,4.56250000e-02,-1.71875000e-02
2.71712000e-06,1.46562500e+00,1.08125000e+01,5.81250000e-02,-1.09375000e-01
2.71744000e-06,1.44375000e+00,1.07625000e+01,5.56250000e-02,-1.27343750e-01
2.71776000e-06,1.49062500e+00,1.09375000e+01,5.81250000e-02,-1.40625000e-01
2.71808000e-06,1.38125000e+00,1.07125000e+01,3.81250000e-02,-9.06250000e-02
2.71840000e-06,1.55625000e+00,1.07375000e+01,5.56250000e-02,-9.53125000e-02
2.71872000e-06,1.65625000e+00,1.07625000e+01,7.06250000e-02,-6.79687500e-02
2.71904000e-06,1.56562500e+00,1.07375000e+01,5.31250000e-02,-8.98437500e-02
2.71936000e-06,1.37812500e+00,1.06375000e+01,4.56250000e-02,-1.10937500e-01
2.71968000e-06,1.45312500e+00,1.08500000e+01,3.81250000e-02,-5.31250000e-02
2.72000000e-06,1.37812500e+00,1.06875000e+01,3.31250000e-02,-7.81250000e-02
2.72032000e-06,1.39375000e+00,1.07500000e+01,3.31250000e-02,-8.75000000e-02
2.72064000e-06,1.44375000e+00,1.07375000e+01,4.06250000e-02,-8.04687500e-02
2.72096000e-06,1.54375000e+00,1.08000000e+01,7.31250000e-02,-8.12500000e-02
2.72128000e-06,1.44375000e+00,1.08000000e+01,6.06250000e-02,-3.12500000e-02
2.72160000e-06,1.51562500e+00,1.08125000e+01,1.81250000e-02,-1.01562500e-02
2.72192000e-06,1.46562500e+00,1.06750000e+01,3.31250000e-02,2.57812500e-02
2.72224000e-06,1.40312500e+00,1.06875000e+01,4.31250000e-02,2.26562500e-02
2.72256000e-06,1.52812500e+00,1.08500000e+01,2.31250000e-02,-1.48437500e-02
2.72288000e-06,1.49375000e+00,1.08250000e+01,4.56250000e-02,-4.29687500e-02
2.72320000e-06,1.70312500e+00,1.06000000e+01,4.31250000e-02,-6.87500000e-02
2.72352000e-06,1.50625000e+00,1.08625000e+01,6.56250000e-02,-6.09375000e-02
2.72384000e-06,1.49062500e+00,1.07750000e+01,3.06250000e-02,-6.32812500e-02
2.72416000e-06,1.44062500e+00,1.08250000e+01,3.81250000e-02,-7.18750000e-02
2.72448000e-06,1.49375000e+00,1.07875000e+01,5.56250000e-02,-4.14062500e-02
2.72480000e-06,1.49375000e+00,1.08625000e+01,5.31250000e-02,-1.19531250e-01
2.72512000e-06,1.55625000e+00,1.06500000e+01,5.56250000e-02,-8.98437500e-02
2.72544000e-06,1.41562500e+00,1.07875000e+01,3.81250000e-02,1.17187500e-02
2.72576000e-06,1.55312500e+00,1.08750000e+01,5.31250000e-02,-1.87500000e-02
2.72608000e-06,1.40625000e+00,1.08500000e+01,5.31250000e-02,-9.76562500e-02
2.72640000e-06,1.51562500e+00,1.06875000e+01,4.06250000e-02,-1.17968750e-01
2.72672000e-06,1.51562500e+00,1.07125000e+01,4.06250000e-02,-1.31250000e-01
2.72704000e-06,1.47812500e+00,1.08250000e+01,5.06250000e-02,-6.87500000e-02
2.72736000e-06,1.44062500e+00,1.09125000e+01,5.31250000e-02,-7.50000000e-02
2.72768000e-06,1.41875000e+00,1.07000000e+01,1.56250000e-02,-3.82812500e-02
2.72800000e-06,1.62812500e+00,1.07250000e+01,3.31250000e-02,-7.89062500e-02
2.72832000e-06,1.64375000e+00,1.08375000e+01,3.06250000e-02,-6.79687500e-02
2.72864000e-06,1.39062500e+00,1.08125000e+01,3.81250000e-02,7.81250000e-04
2.72896000e-06,1.40312500e+00,1.07625000e+01,4.06250000e-02,-1.25000000e-02
2.72928000e-06,1.37812500e+00,1.08125000e+01,6.31250000e-02,-7.89062500e-02
2.72960000e-06,1.49375000e+00,1.06500000e+01,5.06250000e-02,-1.17968750e-01
2.72992000e-06,1.46875000e+00,1.08875000e+01,3.56250000e-02,-1.25000000e-01
2.73024000e-06,1.60625000e+00,1.08625000e+01,5.56250000e-02,-1.16406250e-01
2.73056000e-06,1.47812500e+00,1.08750000e+01,2.31250000e-02,-7.73437500e-02
2.73088000e-06,1.60312500e+00,1.08875000e+01,4.31250000e-02,-5.62500000e-02
2.73120000e-06,1.50312500e+00,1.06875000e+01,5.81250000e-02,-2.81250000e-02
2.73152000e-06,1.49062500e+00,1.07250000e+01,4.81250000e-02,-6.79687500e-02
2.73184000e-06,1.56562500e+00,1.07000000e+01,5.06250000e-02,-1.17968750e-01
2.73216000e-06,1.55625000e+00,1.06625000e+01,2.06250000e-02,-1.17968750e-01
2.73248000e-06,1.35312500e+00,1.08375000e+01,2.81250000e-02,-1.05468750e-01
2.73280000e-06,1.54062500e+00,1.06375000e+01,3.81250000e-02,-1.00781250e-01
2.73312000e-06,1.51875000e+00,1.08125000e+01,4.56250000e-02,-9.21875000e-02
2.73344000e-06,1.39062500e+00,1.07250000e+01,2.06250000e-02,-1.22656250e-01
2.73376000e-06,1.50312500e+00,1.06625000e+01,1.31250000e-02,-7.50000000e-02
2.73408000e-06,1.50625000e+00,1.07875000e+01,6.06250000e-02,-1.35937500e-01
2.73440000e-06,1.57812500e+00,1.08875000e+01,6.06250000e-02,-1.81250000e-01
2.73472000e-06,1.37812500e+00,1.07500000e+01,5.62500000e-03,-1.52343750e-01
2.73504000e-06,1.44062500e+00,1.09375000e+01,2.31250000e-02,-9.06250000e-02
2.73536000e-06,1.54375000e+00,1.08625000e+01,5.31250000e-02,-5.31250000e-02
2.73568000e-06,1.46875000e+00,1.09125000e+01,4.56250000e-02,-9.68750000e-02
2.73600000e-06,1.52812500e+00,1.08750000e+01,5.06250000e-02,-4.29687500e-02
2.73632000e-06,1.60312500e+00,1.07625000e+01,4.56250000e-02,-3.51562500e-02
2.73664000e-06,1.57812500e+00,1.06125000e+01,2.56250000e-02,-4.68750000e-02
2.73696000e-06,1.51562500e+00,1.07375000e+01,2.31250000e-02,-1.44531250e-01
2.73728000e-06,1.39062500e+00,1.06750000e+01,2.81250000e-02,-1.35156250e-01
2.73760000e-06,1.24375000e+00,1.07500000e+01,1.31250000e-02,-1.14843750e-01
2.73792000e-06,1.41875000e+00,1.07250000e+01,3.56250000e-02,-1.02343750e-01
2.73824000e-06,1.51875000e+00,1.08625000e+01,4.56250000e-02,-1.05468750e-01
2.73856000e-06,1.56562500e+00,1.07375000e+01,5.06250000e-02,-4.68750000e-02
2.73888000e-06,1.64062500e+00,1.09875000e+01,2.31250000e-02,-6.95312500e-02
2.73920000e-06,1.45312500e+00,1.08875000e+01,4.06250000e-02,-8.67187500e-02
2.73952000e-06,1.34062500e+00,1.06593750e+01,7.06250000e-02,-4.14062500e-02
2.73984000e-06,1.46562500e+00,1.06625000e+01,5.31250000e-02,-7.50000000e-02
2.74016000e-06,1.46875000e+00,1.08500000e+01,5.06250000e-02,-8.90625000e-02
2.74048000e-06,1.50625000e+00,1.06468750e+01,3.06250000e-02,-4.92187500e-02
2.74080000e-06,1.46562500e+00,1.08968750e+01,4.81250000e-02,-4.53125000e-02
2.74112000e-06,1.55312500e+00,1.07125000e+01,3.56250000e-02,-7.42187500e-02
2.74144000e-06,1.39375000e+00,1.07750000e+01,5.31250000e-02,-1.03906250e-01
2.74176000e-06,1.45312500e+00,1.08125000e+01,2.56250000e-02,-1.96093750e-01
2.74208000e-06,1.43125000e+00,1.09000000e+01,5.31250000e-02,-1.15625000e-01
2.74240000e-06,1.38125000e+00,1.09750000e+01,2.81250000e-02,-5.23437500e-02
2.74272000e-06,1.45312500e+00,1.08125000e+01,4.81250000e-02,-1.21875000e-01
2.74304000e-06,1.39375000e+00,1.07250000e+01,4.56250000e-02,-1.26562500e-01
2.74336000e-06,1.45625000e+00,1.07625000e+01,4.56250000e-02,-1.00000000e-01
2.74368000e-06,1.59375000e+00,1.09000000e+01,8.12500000e-03,-7.10937500e-02
2.74400000e-06,1.48125000e+00,1.09250000e+01,4.56250000e-02,-6.17187500e-02
2.74432000e-06,1.51562500e+00,1.07625000e+01,4.06250000e-02,-6.25000000e-02
2.74464000e-06,1.54062500e+00,1.07750000e+01,2.56250000e-02,-7.65625000e-02
2.74496000e-06,1.45312500e+00,1.07250000e+01,2.56250000e-02,-6.25000000e-02
2.74528000e-06,1.51562500e+00,1.08250000e+01,5.56250000e-02,-6.25000000e-02
2.74560000e-06,1.45625000e+00,1.06250000e+01,4.81250000e-02,-9.06250000e-02
2.74592000e-06,1.56562500e+00,1.08250000e+01,5.31250000e-02,-3.43750000e-02
2.74624000e-06,1.50625000e+00,1.07250000e+01,2.56250000e-02,-5.23437500e-02
2.74656000e-06,1.56562500e+00,1.07500000e+01,6.06250000e-02,-1.54687500e-01
2.74688000e-06,1.57812500e+00,1.07375000e+01,5.31250000e-02,-9.21875000e-02
2.74720000e-06,1.35312500e+00,1.06875000e+01,5.06250000e-02,-7.96875000e-02
2.74752000e-06,1.56562500e+00,1.08500000e+01,8.12500000e-03,-7.65625000e-02
2.74784000e-06,1.41875000e+00,1.08375000e+01,4.31250000e-02,-7.89062500e-02
2.74816000e-06,1.56562500e+00,1.07000000e+01,5.56250000e-02,-4.92187500e-02
2.74848000e-06,1.42812500e+00,1.08000000e+01,8.12500000e-03,-3.90625000e-02
2.74880000e-06,1.66562500e+00,1.07750000e+01,2.31250000e-02,7.03125000e-03
2.74912000e-06,1.48125000e+00,1.07500000e+01,4.81250000e-02,-1.71875000e-02
2.74944000e-06,1.51562500e+00,1.07750000e+01,5.56250000e-02,-1.08593750e-01
2.74976000e-06,1.47812500e+00,1.07250000e+01,5.56250000e-02,-6.87500000e-02
2.75008000e-06,1.51562500e+00,1.06875000e+01,2.81250000e-02,-6.40625000e-02
2.75040000e-06,1.51562500e+00,1.08500000e+01,6.31250000e-02,-8.98437500e-02
2.75072000e-06,1.56562500e+00,1.06843750e+01,5.56250000e-02,-7.96875000e-02
2.75104000e-06,1.56562500e+00,1.05687500e+01,3.31250000e-02,-4.21875000e-02
2.75136000e-06,1.50312500e+00,1.07625000e+01,2.06250000e-02,-3.12500000e-02
2.75168000e-06,1.39062500e+00,1.08125000e+01,4.81250000e-02,-3.20312500e-02
2.75200000e-06,1.46562500e+00,1.06250000e+01,3.81250000e-02,-2.34375000e-03
2.75232000e-06,1.40625000e+00,1.07718750e+01,4.31250000e-02,-3.59375000e-02
2.75264000e-06,1.39375000e+00,1.07625000e+01,4.81250000e-02,-7.96875000e-02
2.75296000e-06,1.36875000e+00,1.07250000e+01,4.81250000e-02,-8.43750000e-02
2.75328000e-06,1.43125000e+00,1.06750000e+01,6.31250000e-02,-1.03125000e-01
2.75360000e-06,1.39375000e+00,1.06250000e+01,3.31250000e-02,-8.59375000e-02
2.75392000e-06,1.50625000e+00,1.07500000e+01,5.56250000e-02,-4.84375000e-02
2.75424000e-06,1.50625000e+00,1.08000000e+01,6.31250000e-02,6.25000000e-03
2.75456000e-06,1.57812500e+00,1.07500000e+01,2.31250000e-02,-2.42187500e-02
2.75488000e-06,1.47812500e+00,1.07625000e+01,4.06250000e-02,-4.14062500e-02
2.75520000e-06,1.46562500e+00,1.07125000e+01,5.81250000e-02,-6.40625000e-02
2.75552000e-06,1.59062500e+00,1.08625000e+01,3.81250000e-02,2.18750000e-02
2.75584000e-06,1.40625000e+00,1.06750000e+01,2.06250000e-02,5.70312500e-02
2.75616000e-06,1.54062500e+00,1.08250000e+01,5.31250000e-02,-3.90625000e-03
2.75648000e-06,1.63125000e+00,1.09125000e+01,6.81250000e-02,-1.12500000e-01
2.75680000e-06,1.57812500e+00,1.07750000e+01,8.56250000e-02,-1.74218750e-01
2.75712000e-06,1.54062500e+00,1.07500000e+01,3.06250000e-02,-5.15625000e-02
2.75744000e-06,1.50312500e+00,1.08250000e+01,2.56250000e-02,-2.26562500e-02
2.75776000e-06,1.45312500e+00,1.07500000e+01,1.81250000e-02,4.06250000e-02
2.75808000e-06,1.45312500e+00,1.06875000e+01,4.81250000e-02,-1.25000000e-02
2.75840000e-06,1.36875000e+00,1.07500000e+01,5.56250000e-02,-2.81250000e-02
2.75872000e-06,1.45312500e+00,1.08000000e+01,1.56250000e-02,-7.03125000e-02
2.75904000e-06,1.43125000e+00,1.07875000e+01,2.06250000e-02,-8.90625000e-02
2.75936000e-06,1.55625000e+00,1.08375000e+01,2.56250000e-02,6.25000000e-03
2.75968000e-06,1.53125000e+00,1.08375000e+01,8.31250000e-02,2.81250000e-02
2.76000000e-06,1.52812500e+00,1.07250000e+01,7.31250000e-02,2.34375000e-02
2.76032000e-06,1.55312500e+00,1.07250000e+01,1.81250000e-02,-8.59375000e-03
2.76064000e-06,1.46562500e+00,1.07000000e+01,2.56250000e-02,-6.09375000e-02
2.76096000e-06,1.42812500e+00,1.07625000e+01,4.56250000e-02,-3.82812500e-02
2.76128000e-06,1.56562500e+00,1.08750000e+01,3.56250000e-02,-2.03125000e-02
2.76160000e-06,1.54375000e+00,1.08500000e+01,2.81250000e-02,-4.06250000e-02
2.76192000e-06,1.54062500e+00,1.07625000e+01,5.56250000e-02,-5.70312500e-02
2.76224000e-06,1.52812500e+00,1.07750000e+01,4.81250000e-02,-7.10937500e-02
2.76256000e-06,1.44062500e+00,1.07625000e+01,4.06250000e-02,-8.04687500e-02
2.76288000e-06,1.41562500e+00,1.08000000e+01,2.81250000e-02,-1.30468750e-01
2.76320000e-06,1.40625000e+00,1.07312500e+01,3.81250000e-02,-1.13281250e-01
2.76352000e-06,1.41875000e+00,1.05562500e+01,4.06250000e-02,-8.12500000e-02
2.76384000e-06,1.45625000e+00,1.06875000e+01,2.56250000e-02,-6.32812500e-02
2.76416000e-06,1.40625000e+00,1.07593750e+01,6.31250000e-02,-5.54687500e-02
2.76448000e-06,1.40625000e+00,1.07093750e+01,3.31250000e-02,9.37500000e-03
2.76480000e-06,1.53125000e+00,1.08093750e+01,3.56250000e-02,1.40625000e-02
2.76512000e-06,1.44375000e+00,1.08750000e+01,4.06250000e-02,-1.27343750e-01
2.76544000e-06,1.32812500e+00,1.07250000e+01,1.56250000e-02,-1.04687500e-01
2.76576000e-06,1.46875000e+00,1.07625000e+01,4.81250000e-02,-1.37500000e-01
2.76608000e-06,1.60625000e+00,1.08000000e+01,3.81250000e-02,-2.18750000e-02
2.76640000e-06,1.45625000e+00,1.07750000e+01,3.31250000e-02,7.42187500e-02
2.76672000e-06,1.49062500e+00,1.07500000e+01,4.06250000e-02,1.09375000e-02
2.76704000e-06,1.45312500e+00,1.08375000e+01,6.56250000e-02,-5.46875000e-02
2.76736000e-06,1.53125000e+00,1.09000000e+01,2.81250000e-02,-1.61718750e-01
2.76768000e-06,1.47812500e+00,1.06875000e+01,4.56250000e-02,-1.76562500e-01
2.76800000e-06,1.47812500e+00,1.06875000e+01,1.81250000e-02,-1.19531250e-01
2.76832000e-06,1.52812500e+00,1.08250000e+01,3.31250000e-02,-1.02343750e-01
2.76864000e-06,1.59375000e+00,1.06750000e+01,2.56250000e-02,-7.42187500e-02
2.76896000e-06,1.54062500e+00,1.08125000e+01,6.06250000e-02,-1.00000000e-01
2.76928000e-06,1.28437500e+00,1.06375000e+01,3.56250000e-02,-1.35156250e-01
2.76960000e-06,1.44062500e+00,1.07500000e+01,5.06250000e-02,-8.43750000e-02
2.76992000e-06,1.36875000e+00,1.06500000e+01,5.56250000e-02,-5.78125000e-02
2.77024000e-06,1.45625000e+00,1.06875000e+01,6.06250000e-02,-6.09375000e-02
2.77056000e-06,1.50625000e+00,1.06875000e+01,5.62500000e-03,-6.79687500e-02
2.77088000e-06,1.39375000e+00,1.07375000e+01,4.31250000e-02,-1.24218750e-01
2.77120000e-06,1.44062500e+00,1.08500000e+01,5.31250000e-02,-8.28125000e-02
2.77152000e-06,1.61875000e+00,1.08750000e+01,2.56250000e-02,-6.95312500e-02
2.77184000e-06,1.55625000e+00,1.07375000e+01,1.31250000e-02,-1.44531250e-01
2.77216000e-06,1.35312500e+00,1.07750000e+01,5.06250000e-02,-1.38281250e-01
2.77248000e-06,1.55312500e+00,1.07250000e+01,3.81250000e-02,-1.76562500e-01
2.77280000e-06,1.39375000e+00,1.09500000e+01,6.31250000e-02,-8.04687500e-02
2.77312000e-06,1.47812500e+00,1.08250000e+01,4.56250000e-02,-2.96875000e-02
2.77344000e-06,1.41562500e+00,1.07125000e+01,2.31250000e-02,-8.20312500e-02
2.77376000e-06,1.50625000e+00,1.07375000e+01,4.31250000e-02,-1.20312500e-01
2.77408000e-06,1.31875000e+00,1.07000000e+01,4.56250000e-02,-1.85937500e-01
2.77440000e-06,1.47812500e+00,1.09125000e+01,3.06250000e-02,-1.07812500e-01
2.77472000e-06,1.41875000e+00,1.07125000e+01,3.31250000e-02,-8.51562500e-02
2.77504000e-06,1.60625000e+00,1.08250000e+01,4.06250000e-02,-8.82812500e-02
2.77536000e-06,1.59375000e+00,1.08000000e+01,3.81250000e-02,-1.01562500e-01
2.77568000e-06,1.32812500e+00,1.06875000e+01,6.31250000e-02,-9.60937500e-02
2.77600000e-06,1.31562500e+00,1.07375000e+01,4.81250000e-02,-1.57031250e-01
2.77632000e-06,1.43125000e+00,1.07625000e+01,3.81250000e-02,-1.84375000e-01
2.77664000e-06,1.40625000e+00,1.08750000e+01,3.31250000e-02,-1.28125000e-01
2.77696000e-06,1.46875000e+00,1.07875000e+01,3.56250000e-02,-6.95312500e-02
2.77728000e-06,1.49375000e+00,1.06875000e+01,2.81250000e-02,-1.04687500e-01
2.77760000e-06,1.48125000e+00,1.06375000e+01,6.31250000e-02,-1.75781250e-01
2.77792000e-06,1.39375000e+00,1.07750000e+01,5.06250000e-02,-1.70312500e-01
2.77824000e-06,1.59062500e+00,1.08000000e+01,6.56250000e-02,-8.90625000e-02
2.77856000e-06,1.36875000e+00,1.07750000e+01,4.31250000e-02,-1.37500000e-01
2.77888000e-06,1.45312500e+00,1.09000000e+01,4.81250000e-02,-2.24218750e-01
2.77920000e-06,1.57812500e+00,1.07375000e+01,3.06250000e-02,-2.05468750e-01
2.77952000e-06,1.37812500e+00,1.06625000e+01,2.56250000e-02,-1.48437500e-01
2.77984000e-06,1.30312500e+00,1.07875000e+01,1.31250000e-02,-4.14062500e-02
2.78016000e-06,1.48125000e+00,1.08625000e+01,4.06250000e-02,-9.53125000e-02
2.78048000e-06,1.49062500e+00,1.06375000e+01,6.81250000e-02,-1.54687500e-01
2.78080000e-06,1.38125000e+00,1.07125000e+01,2.81250000e-02,-1.68750000e-01
2.78112000e-06,1.41875000e+00,1.08500000e+01,3.81250000e-02,-1.77343750e-01
2.78144000e-06,1.41875000e+00,1.06000000e+01,4.81250000e-02,-7.73437500e-02
2.78176000e-06,1.34375000e+00,1.07500000e+01,6.56250000e-02,-1.56250000e-03
2.78208000e-06,1.41875000e+00,1.07875000e+01,5.31250000e-02,-6.09375000e-02
2.78240000e-06,1.40625000e+00,1.07625000e+01,2.56250000e-02,-1.65625000e-01
2.78272000e-06,1.54375000e+00,1.07500000e+01,1.31250000e-02,-1.16406250e-01
2.78304000e-06,1.44375000e+00,1.08500000e+01,1.31250000e-02,-8.67187500e-02
2.78336000e-06,1.36562500e+00,1.07375000e+01,4.81250000e-02,-6.09375000e-02
2.78368000e-06,1.35312500e+00,1.07375000e+01,4.06250000e-02,-1.20312500e-01
2.78400000e-06,1.45625000e+00,1.07750000e+01,6.81250000e-02,-9.92187500e-02
2.78432000e-06,1.44375000e+00,1.07750000e+01,5.81250000e-02,-1.17187500e-01
2.78464000e-06,1.41875000e+00,1.06750000e+01,2.81250000e-02,-1.25000000e-01
2.78496000e-06,1.37812500e+00,1.08000000e+01,5.31250000e-02,-6.40625000e-02
2.78528000e-06,1.49375000e+00,1.07500000e+01,2.06250000e-02,-5.23437500e-02
2.78560000e-06,1.59375000e+00,1.07500000e+01,5.81250000e-02,-1.03906250e-01
2.78592000e-06,1.41875000e+00,1.06000000e+01,6.81250000e-02,-1.33593750e-01
2.78624000e-06,1.32812500e+00,1.08000000e+01,-4.37500000e-03,-1.37500000e-01
2.78656000e-06,1.38125000e+00,1.08875000e+01,3.56250000e-02,-5.46875000e-02
2.78688000e-06,1.44375000e+00,1.08250000e+01,4.56250000e-02,-3.35937500e-02
2.78720000e-06,1.44375000e+00,1.08625000e+01,2.81250000e-02,-7.18750000e-02
2.78752000e-06,1.51875000e+00,1.08750000e+01,3.06250000e-02,-6.01562500e-02
2.78784000e-06,1.54375000e+00,1.07250000e+01,4.81250000e-02,-2.34375000e-02
2.78816000e-06,1.49062500e+00,1.07625000e+01,5.56250000e-02,-4.68750000e-02
2.78848000e-06,1.36562500e+00,1.07625000e+01,1.56250000e-02,-9.84375000e-02
2.78880000e-06,1.50312500e+00,1.07000000e+01,2.81250000e-02,-1.52343750e-01
2.78912000e-06,1.31875000e+00,1.08500000e+01,7.31250000e-02,-9.76562500e-02
2.78944000e-06,1.37812500e+00,1.10500000e+01,4.31250000e-02,-7.50000000e-02
2.78976000e-06,1.41875000e+00,1.09750000e+01,1.31250000e-02,-8.90625000e-02
2.79008000e-06,1.46875000e+00,1.06750000e+01,3.31250000e-02,-5.23437500e-02
2.79040000e-06,1.50625000e+00,1.07375000e+01,3.06250000e-02,-5.70312500e-02
2.79072000e-06,1.40625000e+00,1.07125000e+01,4.81250000e-02,-1.12500000e-01
2.79104000e-06,1.32812500e+00,1.07375000e+01,6.31250000e-02,-2.01562500e-01
2.79136000e-06,1.33125000e+00,1.07250000e+01,6.06250000e-02,-1.70312500e-01
2.79168000e-06,1.56875000e+00,1.07125000e+01,5.81250000e-02,-5.85937500e-02
2.79200000e-06,1.51875000e+00,1.08000000e+01,5.06250000e-02,-3.35937500e-02
2.79232000e-06,1.47812500e+00,1.08250000e+01,2.81250000e-02,-5.46875000e-03
2.79264000e-06,1.51562500e+00,1.08250000e+01,6.06250000e-02,-5.85937500e-02
2.79296000e-06,1.61875000e+00,1.07375000e+01,5.81250000e-02,-1.42968750e-01
2.79328000e-06,1.65312500e+00,1.08875000e+01,4.81250000e-02,-1.07812500e-01
2.79360000e-06,1.41562500e+00,1.07875000e+01,4.56250000e-02,-3.51562500e-02
2.79392000e-06,1.24687500e+00,1.07125000e+01,4.31250000e-02,-7.26562500e-02
2.79424000e-06,1.41562500e+00,1.06500000e+01,3.81250000e-02,-1.42187500e-01
2.79456000e-06,1.58125000e+00,1.07500000e+01,4.81250000e-02,-1.00781250e-01
2.79488000e-06,1.60625000e+00,1.07250000e+01,3.06250000e-02,-5.54687500e-02
2.79520000e-06,1.55312500e+00,1.07250000e+01,3.06250000e-02,-5.46875000e-02
2.79552000e-06,1.37812500e+00,1.07875000e+01,3.31250000e-02,-1.10156250e-01
2.79584000e-06,1.49062500e+00,1.07750000e+01,6.06250000e-02,-1.57812500e-01
2.79616000e-06,1.44375000e+00,1.07750000e+01,6.81250000e-02,-1.19531250e-01
2.79648000e-06,1.58125000e+00,1.08250000e+01,7.06250000e-02,-3.98437500e-02
2.79680000e-06,1.49375000e+00,1.08750000e+01,3.31250000e-02,7.03125000e-03
2.79712000e-06,1.42812500e+00,1.07375000e+01,5.31250000e-02,-6.40625000e-02
2.79744000e-06,1.50312500e+00,1.08375000e+01,6.06250000e-02,-1.92187500e-01
2.79776000e-06,1.41875000e+00,1.08125000e+01,3.81250000e-02,-9.37500000e-02
2.79808000e-06,1.37812500e+00,1.08250000e+01,2.31250000e-02,-8.28125000e-02
2.79840000e-06,1.53125000e+00,1.08000000e+01,4.81250000e-02,-1.59375000e-01
2.79872000e-06,1.41875000e+00,1.06375000e+01,6.31250000e-02,-1.50000000e-01
2.79904000e-06,1.30312500e+00,1.08500000e+01,5.56250000e-02,-1.25781250e-01
2.79936000e-06,1.50312500e+00,1.06218750e+01,2.81250000e-02,-2.10937500e-01
2.79968000e-06,1.44375000e+00,1.06875000e+01,4.81250000e-02,-1.60156250e-01
2.80000000e-06,1.41562500e+00,1.08750000e+01,3.56250000e-02,-1.28125000e-01
2.80032000e-06,1.53125000e+00,1.07968750e+01,4.81250000e-02,-1.71875000e-01
2.80064000e-06,1.39375000e+00,1.07218750e+01,1.06250000e-02,-1.09375000e-01
2.80096000e-06,1.54062500e+00,1.06125000e+01,3.56250000e-02,-9.06250000e-02
2.80128000e-06,1.40625000e+00,1.08250000e+01,3.06250000e-02,-1.59375000e-01
2.80160000e-06,1.35312500e+00,1.08000000e+01,5.56250000e-02,-1.35937500e-01
2.80192000e-06,1.36562500e+00,1.08125000e+01,5.31250000e-02,-1.05468750e-01
2.80224000e-06,1.39375000e+00,1.09000000e+01,4.56250000e-02,-3.20312500e-02
2.80256000e-06,1.49375000e+00,1.08125000e+01,2.31250000e-02,-5.46875000e-03
2.80288000e-06,1.45625000e+00,1.08500000e+01,3.06250000e-02,-2.73437500e-02
2.80320000e-06,1.45625000e+00,1.06375000e+01,7.31250000e-02,-1.14843750e-01
2.80352000e-06,1.40312500e+00,1.06875000e+01,7.06250000e-02,-1.61718750e-01
2.80384000e-06,1.51875000e+00,1.07625000e+01,3.81250000e-02,-2.42187500e-01
2.80416000e-06,1.41875000e+00,1.07500000e+01,6.56250000e-02,-1.85156250e-01
2.80448000e-06,1.24375000e+00,1.07125000e+01,5.81250000e-02,-8.51562500e-02
2.80480000e-06,1.27187500e+00,1.06875000e+01,2.06250000e-02,-7.10937500e-02
2.80512000e-06,1.40625000e+00,1.07125000e+01,4.06250000e-02,1.48437500e-02
2.80544000e-06,1.57812500e+00,1.06250000e+01,5.06250000e-02,-1.06250000e-01
2.80576000e-06,1.53125000e+00,1.07375000e+01,6.31250000e-02,-1.57031250e-01
2.80608000e-06,1.45312500e+00,1.08125000e+01,5.31250000e-02,-7.81250000e-02
2.80640000e-06,1.37812500e+00,1.08875000e+01,4.31250000e-02,-9.45312500e-02
2.80672000e-06,1.35625000e+00,1.08875000e+01,3.31250000e-02,-1.21093750e-01
2.80704000e-06,1.43125000e+00,1.07375000e+01,3.56250000e-02,-1.25781250e-01
2.80736000e-06,1.28750000e+00,1.07625000e+01,8.12500000e-03,-9.37500000e-02
2.80768000e-06,1.50625000e+00,1.06375000e+01,5.31250000e-02,-1.37500000e-01
2.80800000e-06,1.54375000e+00,1.08625000e+01,2.06250000e-02,-1.23437500e-01
2.80832000e-06,1.52812500e+00,1.07250000e+01,3.56250000e-02,-8.20312500e-02
2.80864000e-06,1.41562500e+00,1.07000000e+01,4.31250000e-02,-1.24218750e-01
2.80896000e-06,1.51562500e+00,1.07625000e+01,4.81250000e-02,-1.53125000e-01
2.80928000e-06,1.25937500e+00,1.07250000e+01,6.56250000e-02,-7.57812500e-02
2.80960000e-06,1.40312500e+00,1.07000000e+01,2.31250000e-02,-8.51562500e-02
2.80992000e-06,1.50625000e+00,1.07375000e+01,1.81250000e-02,-1.82812500e-01
2.81024000e-06,1.47812500e+00,1.07500000e+01,6.81250000e-02,-1.25000000e-01
2.81056000e-06,1.44062500e+00,1.07750000e+01,5.56250000e-02,-9.92187500e-02
2.81088000e-06,1.50625000e+00,1.07250000e+01,4.06250000e-02,-1.14062500e-01
2.81120000e-06,1.46562500e+00,1.08500000e+01,5.06250000e-02,-1.35156250e-01
2.81152000e-06,1.50312500e+00,1.07750000e+01,8.12500000e-03,-1.95312500e-02
2.81184000e-06,1.39375000e+00,1.07125000e+01,4.81250000e-02,-4.29687500e-02
2.81216000e-06,1.40312500e+00,1.08125000e+01,3.31250000e-02,-6.71875000e-02
2.81248000e-06,1.39375000e+00,1.09000000e+01,3.06250000e-02,1.95312500e-02
2.81280000e-06,1.60625000e+00,1.07125000e+01,5.06250000e-02,7.03125000e-03
2.81312000e-06,1.59375000e+00,1.09000000e+01,3.56250000e-02,-5.93750000e-02
2.81344000e-06,1.31562500e+00,1.08375000e+01,2.81250000e-02,-7.96875000e-02
2.81376000e-06,1.49062500e+00,1.06375000e+01,5.31250000e-02,-8.12500000e-02
2.81408000e-06,1.59375000e+00,1.08500000e+01,3.31250000e-02,-1.07031250e-01
2.81440000e-06,1.45625000e+00,1.08000000e+01,3.31250000e-02,-1.51562500e-01
2.81472000e-06,1.51562500e+00,1.06875000e+01,3.81250000e-02,-8.20312500e-02
2.81504000e-06,1.41562500e+00,1.07625000e+01,4.31250000e-02,1.40625000e-02
2.81536000e-06,1.36562500e+00,1.07000000e+01,5.31250000e-02,1.64062500e-02
2.81568000e-06,1.44375000e+00,1.08000000e+01,6.06250000e-02,-7.73437500e-02
2.81600000e-06,1.44375000e+00,1.08125000e+01,3.56250000e-02,-1.38281250e-01
2.81632000e-06,1.44375000e+00,1.08125000e+01,4.81250000e-02,-1.49218750e-01
2.81664000e-06,1.43125000e+00,1.07000000e+01,3.81250000e-02,-8.43750000e-02
2.81696000e-06,1.49375000e+00,1.07125000e+01,2.31250000e-02,-3.67187500e-02
2.81728000e-06,1.56875000e+00,1.07750000e+01,5.56250000e-02,-4.84375000e-02
2.81760000e-06,1.55625000e+00,1.07750000e+01,3.56250000e-02,-4.68750000e-03
2.81792000e-06,1.37812500e+00,1.07375000e+01,3.56250000e-02,-2.50000000e-02
2.81824000e-06,1.56562500e+00,1.07750000e+01,3.81250000e-02,-8.20312500e-02
2.81856000e-06,1.41875000e+00,1.07125000e+01,3.31250000e-02,-1.17187500e-01
2.81888000e-06,1.37812500e+00,1.06625000e+01,4.81250000e-02,-1.06250000e-01
2.81920000e-06,1.47812500e+00,1.08250000e+01,2.06250000e-02,-5.78125000e-02
2.81952000e-06,1.49375000e+00,1.08000000e+01,3.81250000e-02,-8.04687500e-02
2.81984000e-06,1.55625000e+00,1.07000000e+01,4.81250000e-02,-1.01562500e-01
2.82016000e-06,1.50312500e+00,1.06500000e+01,5.56250000e-02,-6.40625000e-02
2.82048000e-06,1.50312500e+00,1.06875000e+01,5.56250000e-02,-1.40625000e-02
2.82080000e-06,1.52812500e+00,1.07750000e+01,7.56250000e-02,-7.03125000e-02
2.82112000e-06,1.40312500e+00,1.06750000e+01,2.56250000e-02,-1.46875000e-01
2.82144000e-06,1.49062500e+00,1.06875000e+01,2.81250000e-02,-1.32812500e-01
2.82176000e-06,1.36875000e+00,1.07625000e+01,3.06250000e-02,-8.59375000e-02
2.82208000e-06,1.36562500e+00,1.07250000e+01,3.06250000e-02,-4.14062500e-02
2.82240000e-06,1.27500000e+00,1.07750000e+01,3.31250000e-02,-6.95312500e-02
2.82272000e-06,1.46875000e+00,1.07750000e+01,2.81250000e-02,-2.42187500e-02
2.82304000e-06,1.46562500e+00,1.07625000e+01,2.31250000e-02,-8.90625000e-02
2.82336000e-06,1.55625000e+00,1.07125000e+01,8.31250000e-02,-1.42187500e-01
2.82368000e-06,1.39375000e+00,1.08500000e+01,5.31250000e-02,-9.45312500e-02
2.82400000e-06,1.49062500e+00,1.07875000e+01,5.81250000e-02,-1.09375000e-02
2.82432000e-06,1.43125000e+00,1.08375000e+01,4.56250000e-02,-2.50000000e-02
2.82464000e-06,1.40625000e+00,1.05937500e+01,6.31250000e-02,-1.10156250e-01
2.82496000e-06,1.45625000e+00,1.05437500e+01,4.56250000e-02,-1.30468750e-01
2.82528000e-06,1.50625000e+00,1.07500000e+01,3.81250000e-02,-1.40625000e-01
2.82560000e-06,1.54375000e+00,1.06843750e+01,3.56250000e-02,-9.37500000e-02
2.82592000e-06,1.49062500e+00,1.06718750e+01,5.56250000e-02,-1.07031250e-01
2.82624000e-06,1.45312500e+00,1.07843750e+01,1.81250000e-02,-1.33593750e-01
2.82656000e-06,1.50312500e+00,1.06875000e+01,2.81250000e-02,-1.75781250e-01
2.82688000e-06,1.40625000e+00,1.07875000e+01,3.56250000e-02,-2.07812500e-01
2.82720000e-06,1.44062500e+00,1.07875000e+01,6.31250000e-02,-1.34375000e-01
2.82752000e-06,1.34375000e+00,1.07750000e+01,3.31250000e-02,3.35937500e-02
2.82784000e-06,1.48125000e+00,1.07000000e+01,4.06250000e-02,1.56250000e-02
2.82816000e-06,1.51875000e+00,1.06750000e+01,5.06250000e-02,-9.37500000e-02
2.82848000e-06,1.45625000e+00,1.08625000e+01,3.81250000e-02,-4.76562500e-02
2.82880000e-06,1.54062500e+00,1.08000000e+01,5.31250000e-02,-4.06250000e-02
2.82912000e-06,1.39375000e+00,1.08500000e+01,3.56250000e-02,-7.50000000e-02
2.82944000e-06,1.40312500e+00,1.07750000e+01,1.56250000e-02,-5.85937500e-02
2.82976000e-06,1.48125000e+00,1.09625000e+01,4.81250000e-02,-1.25000000e-02
2.83008000e-06,1.44375000e+00,1.07750000e+01,2.56250000e-02,-9.14062500e-02
2.83040000e-06,1.38125000e+00,1.06875000e+01,3.81250000e-02,-1.29687500e-01
2.83072000e-06,1.53125000e+00,1.06625000e+01,3.31250000e-02,-6.95312500e-02
2.83104000e-06,1.36875000e+00,1.07625000e+01,5.06250000e-02,-1.07812500e-01
2.83136000e-06,1.45312500e+00,1.06625000e+01,3.81250000e-02,-1.08593750e-01
2.83168000e-06,1.44375000e+00,1.08875000e+01,6.31250000e-02,-1.49218750e-01
2.83200000e-06,1.41875000e+00,1.07625000e+01,2.31250000e-02,-2.03125000e-01
2.83232000e-06,1.35625000e+00,1.06750000e+01,3.31250000e-02,-1.44531250e-01
2.83264000e-06,1.36875000e+00,1.08750000e+01,3.06250000e-02,-1.42187500e-01
2.83296000e-06,1.38125000e+00,1.07625000e+01,4.31250000e-02,-7.18750000e-02
2.83328000e-06,1.48125000e+00,1.07500000e+01,6.25000000e-04,-4.14062500e-02
2.83360000e-06,1.39375000e+00,1.08625000e+01,4.31250000e-02,-1.10937500e-01
2.83392000e-06,1.43125000e+00,1.06500000e+01,3.56250000e-02,-9.92187500e-02
2.83424000e-06,1.44375000e+00,1.06750000e+01,1.06250000e-02,-6.79687500e-02
2.83456000e-06,1.39375000e+00,1.07500000e+01,3.31250000e-02,-8.35937500e-02
2.83488000e-06,1.53125000e+00,1.07625000e+01,6.25000000e-04,-8.35937500e-02
2.83520000e-06,1.43125000e+00,1.07250000e+01,3.31250000e-02,-9.84375000e-02
2.83552000e-06,1.44062500e+00,1.07250000e+01,5.06250000e-02,-1.39843750e-01
2.83584000e-06,1.43125000e+00,1.06875000e+01,3.06250000e-02,-9.68750000e-02
2.83616000e-06,1.53125000e+00,1.07625000e+01,2.81250000e-02,-7.81250000e-02
2.83648000e-06,1.41875000e+00,1.07250000e+01,2.81250000e-02,-5.93750000e-02
2.83680000e-06,1.54062500e+00,1.08500000e+01,5.81250000e-02,-2.81250000e-02
2.83712000e-06,1.40625000e+00,1.07000000e+01,4.31250000e-02,-1.60156250e-01
2.83744000e-06,1.36562500e+00,1.06875000e+01,6.06250000e-02,-2.07031250e-01
2.83776000e-06,1.56875000e+00,1.07875000e+01,4.56250000e-02,-6.09375000e-02
2.83808000e-06,1.46875000e+00,1.08875000e+01,6.31250000e-02,-7.81250000e-03
2.83840000e-06,1.39062500e+00,1.08250000e+01,6.31250000e-02,-4.92187500e-02
2.83872000e-06,1.42812500e+00,1.08000000e+01,4.06250000e-02,-1.32031250e-01
2.83904000e-06,1.56875000e+00,1.06468750e+01,3.56250000e-02,-1.96875000e-01
2.83936000e-06,1.36875000e+00,1.06625000e+01,4.56250000e-02,-1.19531250e-01
2.83968000e-06,1.18125000e+00,1.07375000e+01,3.56250000e-02,-3.43750000e-02
2.84000000e-06,1.25937500e+00,1.07843750e+01,5.62500000e-03,-2.73437500e-02
2.84032000e-06,1.53125000e+00,1.08218750e+01,2.56250000e-02,-8.59375000e-02
2.84064000e-06,1.52812500e+00,1.08000000e+01,3.81250000e-02,-1.56250000e-01
2.84096000e-06,1.36562500e+00,1.08625000e+01,3.81250000e-02,-1.09375000e-01
2.84128000e-06,1.34062500e+00,1.06625000e+01,4.81250000e-02,-6.56250000e-02
2.84160000e-06,1.44375000e+00,1.07000000e+01,3.31250000e-02,-5.23437500e-02
2.84192000e-06,1.53125000e+00,1.08500000e+01,5.31250000e-02,-1.87500000e-02
2.84224000e-06,1.36875000e+00,1.07250000e+01,3.06250000e-02,-8.28125000e-02
2.84256000e-06,1.44062500e+00,1.07250000e+01,6.81250000e-02,-9.06250000e-02
2.84288000e-06,1.48125000e+00,1.07250000e+01,6.56250000e-02,-7.73437500e-02
2.84320000e-06,1.26250000e+00,1.08875000e+01,2.31250000e-02,-6.32812500e-02
2.84352000e-06,1.45625000e+00,1.08125000e+01,3.12500000e-03,-5.31250000e-02
2.84384000e-06,1.56875000e+00,1.07250000e+01,2.31250000e-02,-1.14843750e-01
2.84416000e-06,1.54375000e+00,1.06875000e+01,1.81250000e-02,-1.46093750e-01
2.84448000e-06,1.44062500e+00,1.06750000e+01,4.56250000e-02,-9.21875000e-02
2.84480000e-06,1.31250000e+00,1.06875000e+01,3.06250000e-02,-8.43750000e-02
2.84512000e-06,1.33125000e+00,1.07625000e+01,4.56250000e-02,-1.65625000e-01
2.84544000e-06,1.44375000e+00,1.08250000e+01,3.81250000e-02,-1.73437500e-01
2.84576000e-06,1.40312500e+00,1.07750000e+01,2.56250000e-02,-1.01562500e-01
2.84608000e-06,1.46875000e+00,1.06750000e+01,3.81250000e-02,-9.53125000e-02
2.84640000e-06,1.50625000e+00,1.06625000e+01,3.06250000e-02,-1.71875000e-01
2.84672000e-06,1.43125000e+00,1.08125000e+01,4.31250000e-02,-9.92187500e-02
2.84704000e-06,1.28437500e+00,1.08125000e+01,6.06250000e-02,-6.32812500e-02
2.84736000e-06,1.36562500e+00,1.07125000e+01,6.81250000e-02,-6.32812500e-02
2.84768000e-06,1.43125000e+00,1.08500000e+01,3.81250000e-02,-3.43750000e-02
2.84800000e-06,1.50625000e+00,1.08875000e+01,4.56250000e-02,-3.04687500e-02
2.84832000e-06,1.49375000e+00,1.08000000e+01,4.06250000e-02,-3.43750000e-02
2.84864000e-06,1.39062500e+00,1.08125000e+01,1.81250000e-02,-4.37500000e-02
2.84896000e-06,1.45625000e+00,1.08750000e+01,3.81250000e-02,-1.19531250e-01
2.84928000e-06,1.49375000e+00,1.06875000e+01,1.81250000e-02,-1.43750000e-01
2.84960000e-06,1.58125000e+00,1.07500000e+01,6.06250000e-02,-9.37500000e-02
2.84992000e-06,1.53125000e+00,1.06875000e+01,5.06250000e-02,-7.65625000e-02
2.85024000e-06,1.32812500e+00,1.07875000e+01,3.81250000e-02,-1.15625000e-01
2.85056000e-06,1.49062500e+00,1.07500000e+01,3.31250000e-02,-1.61718750e-01
2.85088000e-06,1.45625000e+00,1.07125000e+01,5.56250000e-02,-1.91406250e-01
2.85120000e-06,1.50625000e+00,1.08000000e+01,3.56250000e-02,-1.50000000e-01
2.85152000e-06,1.45312500e+00,1.07375000e+01,1.81250000e-02,-4.06250000e-02
2.85184000e-06,1.50312500e+00,1.07375000e+01,4.31250000e-02,-6.09375000e-02
2.85216000e-06,1.43125000e+00,1.07250000e+01,5.56250000e-02,-1.24218750e-01
2.85248000e-06,1.35312500e+00,1.08250000e+01,4.31250000e-02,-1.34375000e-01
2.85280000e-06,1.45312500e+00,1.08125000e+01,4.31250000e-02,-1.55468750e-01
2.85312000e-06,1.56875000e+00,1.06250000e+01,2.31250000e-02,-1.77343750e-01
2.85344000e-06,1.45625000e+00,1.07875000e+01,4.81250000e-02,-1.10937500e-01
2.85376000e-06,1.32812500e+00,1.09250000e+01,4.56250000e-02,-5.39062500e-02
2.85408000e-06,1.41562500e+00,1.08500000e+01,6.56250000e-02,-2.96875000e-02
2.85440000e-06,1.51875000e+00,1.06875000e+01,3.81250000e-02,-8.35937500e-02
2.85472000e-06,1.35625000e+00,1.08625000e+01,2.81250000e-02,-1.02343750e-01
2.85504000e-06,1.37812500e+00,1.07500000e+01,4.06250000e-02,-1.31250000e-01
2.85536000e-06,1.44375000e+00,1.07875000e+01,5.06250000e-02,-2.03125000e-01
2.85568000e-06,1.41875000e+00,1.07375000e+01,5.06250000e-02,-1.00000000e-01
2.85600000e-06,1.24687500e+00,1.08625000e+01,2.81250000e-02,-3.12500000e-02
2.85632000e-06,1.44375000e+00,1.08625000e+01,4.56250000e-02,-3.90625000e-03
2.85664000e-06,1.34375000e+00,1.07750000e+01,4.81250000e-02,1.56250000e-02
2.85696000e-06,1.46562500e+00,1.08000000e+01,4.31250000e-02,-3.82812500e-02
2.85728000e-06,1.46875000e+00,1.08750000e+01,4.06250000e-02,-9.76562500e-02
2.85760000e-06,1.44375000e+00,1.07375000e+01,2.31250000e-02,-1.38281250e-01
2.85792000e-06,1.51562500e+00,1.06250000e+01,2.81250000e-02,-1.39062500e-01
2.85824000e-06,1.39375000e+00,1.08500000e+01,3.56250000e-02,-1.11718750e-01
2.85856000e-06,1.40312500e+00,1.08500000e+01,4.81250000e-02,-8.59375000e-02
2.85888000e-06,1.49375000e+00,1.06750000e+01,2.56250000e-02,-5.00000000e-02
2.85920000e-06,1.50625000e+00,1.08500000e+01,4.06250000e-02,-9.68750000e-02
2.85952000e-06,1.60625000e+00,1.07750000e+01,2.31250000e-02,-6.01562500e-02
2.85984000e-06,1.42812500e+00,1.07500000e+01,3.31250000e-02,-4.14062500e-02
2.86016000e-06,1.37812500e+00,1.07875000e+01,2.56250000e-02,-6.64062500e-02
2.86048000e-06,1.27187500e+00,1.08000000e+01,3.56250000e-02,-7.42187500e-02
2.86080000e-06,1.45625000e+00,1.07375000e+01,6.31250000e-02,-3.51562500e-02
2.86112000e-06,1.50625000e+00,1.07000000e+01,5.56250000e-02,-1.10937500e-01
2.86144000e-06,1.44375000e+00,1.07875000e+01,4.81250000e-02,-1.37500000e-01
2.86176000e-06,1.40312500e+00,1.08000000e+01,3.56250000e-02,-1.42968750e-01
2.86208000e-06,1.30625000e+00,1.08000000e+01,2.81250000e-02,-1.10156250e-01
2.86240000e-06,1.41875000e+00,1.07125000e+01,6.81250000e-02,-9.92187500e-02
2.86272000e-06,1.51875000e+00,1.06125000e+01,5.31250000e-02,-1.04687500e-01
2.86304000e-06,1.40625000e+00,1.08500000e+01,6.06250000e-02,-3.51562500e-02
2.86336000e-06,1.46562500e+00,1.08000000e+01,3.56250000e-02,-1.95312500e-02
2.86368000e-06,1.41875000e+00,1.07875000e+01,2.31250000e-02,2.03125000e-02
2.86400000e-06,1.45625000e+00,1.08625000e+01,4.06250000e-02,-1.95312500e-02
2.86432000e-06,1.49375000e+00,1.08000000e+01,5.56250000e-02,-7.89062500e-02
2.86464000e-06,1.46875000e+00,1.07875000e+01,3.81250000e-02,-1.34375000e-01
2.86496000e-06,1.40625000e+00,1.08500000e+01,3.56250000e-02,-9.21875000e-02
2.86528000e-06,1.32812500e+00,1.07375000e+01,5.31250000e-02,-5.46875000e-02
2.86560000e-06,1.36875000e+00,1.07500000e+01,3.06250000e-02,-1.40625000e-01
2.86592000e-06,1.50625000e+00,1.06125000e+01,5.31250000e-02,-1.69531250e-01
2.86624000e-06,1.54375000e+00,1.08000000e+01,5.31250000e-02,-7.57812500e-02
2.86656000e-06,1.44062500e+00,1.09250000e+01,2.06250000e-02,-2.50000000e-02
2.86688000e-06,1.45312500e+00,1.07625000e+01,1.31250000e-02,-2.26562500e-02
2.86720000e-06,1.38125000e+00,1.08500000e+01,7.31250000e-02,-9.84375000e-02
2.86752000e-06,1.45625000e+00,1.07375000e+01,5.31250000e-02,-1.60156250e-01
2.86784000e-06,1.50625000e+00,1.06000000e+01,5.31250000e-02,-1.49218750e-01
2.86816000e-06,1.40625000e+00,1.07968750e+01,3.81250000e-02,-7.26562500e-02
2.86848000e-06,1.54062500e+00,1.05687500e+01,6.56250000e-02,-3.20312500e-02
2.86880000e-06,1.40625000e+00,1.08000000e+01,3.31250000e-02,-3.67187500e-02
2.86912000e-06,1.45312500e+00,1.08875000e+01,3.06250000e-02,-5.46875000e-02
2.86944000e-06,1.58125000e+00,1.07000000e+01,3.56250000e-02,-2.03125000e-02
2.86976000e-06,1.53125000e+00,1.07218750e+01,5.56250000e-02,-5.78125000e-02
2.87008000e-06,1.37812500e+00,1.08625000e+01,4.56250000e-02,-1.15625000e-01
2.87040000e-06,1.35312500e+00,1.07000000e+01,5.56250000e-02,-3.51562500e-02
2.87072000e-06,1.40625000e+00,1.08125000e+01,7.31250000e-02,-1.87500000e-02
2.87104000e-06,1.53125000e+00,1.06375000e+01,6.31250000e-02,-8.75000000e-02
2.87136000e-06,1.46875000e+00,1.06625000e+01,7.06250000e-02,-9.92187500e-02
2.87168000e-06,1.47812500e+00,1.07125000e+01,3.56250000e-02,-3.35937500e-02
2.87200000e-06,1.47812500e+00,1.08125000e+01,2.81250000e-02,-7.42187500e-02
2.87232000e-06,1.48125000e+00,1.07625000e+01,5.81250000e-02,-1.23437500e-01
2.87264000e-06,1.55625000e+00,1.08000000e+01,2.56250000e-02,-1.20312500e-01
2.87296000e-06,1.40625000e+00,1.08125000e+01,4.06250000e-02,-1.61718750e-01
2.87328000e-06,1.27187500e+00,1.07375000e+01,4.31250000e-02,-1.21093750e-01
2.87360000e-06,1.45312500e+00,1.08000000e+01,4.56250000e-02,-8.43750000e-02
2.87392000e-06,1.43125000e+00,1.08250000e+01,3.06250000e-02,-1.17968750e-01
2.87424000e-06,1.39375000e+00,1.08375000e+01,3.31250000e-02,-1.43750000e-01
2.87456000e-06,1.36875000e+00,1.06625000e+01,4.81250000e-02,-7.03125000e-02
2.87488000e-06,1.53125000e+00,1.07750000e+01,4.81250000e-02,-2.73437500e-02
2.87520000e-06,1.48125000e+00,1.10125000e+01,4.81250000e-02,1.79687500e-02
2.87552000e-06,1.39062500e+00,1.07250000e+01,3.56250000e-02,-8.59375000e-02
2.87584000e-06,1.28125000e+00,1.07375000e+01,4.31250000e-02,-2.03906250e-01
2.87616000e-06,1.48125000e+00,1.07875000e+01,2.81250000e-02,-2.17187500e-01
2.87648000e-06,1.34062500e+00,1.07875000e+01,4.31250000e-02,-1.49218750e-01
2.87680000e-06,1.27187500e+00,1.07875000e+01,5.31250000e-02,-9.92187500e-02
2.87712000e-06,1.49375000e+00,1.07375000e+01,6.81250000e-02,-1.03125000e-01
2.87744000e-06,1.46562500e+00,1.07750000e+01,6.06250000e-02,-1.10156250e-01
2.87776000e-06,1.59375000e+00,1.07875000e+01,7.06250000e-02,-4.29687500e-02
2.87808000e-06,1.44375000e+00,1.06000000e+01,3.81250000e-02,-1.25000000e-02
2.87840000e-06,1.37812500e+00,1.07500000e+01,3.56250000e-02,-1.10156250e-01
2.87872000e-06,1.44062500e+00,1.07125000e+01,2.31250000e-02,-1.47656250e-01
2.87904000e-06,1.46875000e+00,1.07875000e+01,6.06250000e-02,-5.31250000e-02
2.87936000e-06,1.39375000e+00,1.07500000e+01,3.06250000e-02,-5.62500000e-02
2.87968000e-06,1.43125000e+00,1.08625000e+01,5.06250000e-02,-8.59375000e-02
2.88000000e-06,1.53125000e+00,1.08625000e+01,7.31250000e-02,-7.73437500e-02
2.88032000e-06,1.43125000e+00,1.07875000e+01,5.56250000e-02,-7.65625000e-02
2.88064000e-06,1.45312500e+00,1.07500000e+01,2.31250000e-02,-1.42187500e-01
2.88096000e-06,1.40625000e+00,1.08125000e+01,4.06250000e-02,-2.23437500e-01
2.88128000e-06,1.50625000e+00,1.07625000e+01,4.81250000e-02,-1.24218750e-01
2.88160000e-06,1.36875000e+00,1.08125000e+01,5.56250000e-02,-4.68750000e-02
2.88192000e-06,1.44062500e+00,1.07500000e+01,2.56250000e-02,-2.73437500e-02
2.88224000e-06,1.50625000e+00,1.08000000e+01,3.56250000e-02,-1.10156250e-01
2.88256000e-06,1.56875000e+00,1.07875000e+01,7.56250000e-02,-1.40625000e-02
2.88288000e-06,1.37812500e+00,1.07625000e+01,4.81250000e-02,-1.95312500e-02
2.88320000e-06,1.46562500e+00,1.06750000e+01,5.56250000e-02,-8.90625000e-02
2.88352000e-06,1.53125000e+00,1.07625000e+01,6.06250000e-02,-1.23437500e-01
2.88384000e-06,1.38125000e+00,1.08250000e+01,3.81250000e-02,-7.89062500e-02
2.88416000e-06,1.34062500e+00,1.07500000e+01,3.06250000e-02,-3.20312500e-02
2.88448000e-06,1.56875000e+00,1.06625000e+01,4.81250000e-02,-1.03906250e-01
2.88480000e-06,1.50625000e+00,1.06250000e+01,5.31250000e-02,-9.06250000e-02
2.88512000e-06,1.37812500e+00,1.07375000e+01,3.81250000e-02,-4.60937500e-02
2.88544000e-06,1.47812500e+00,1.06750000e+01,7.81250000e-02,-9.14062500e-02
2.88576000e-06,1.60625000e+00,1.07750000e+01,4.31250000e-02,-6.17187500e-02
2.88608000e-06,1.32812500e+00,1.09000000e+01,4.06250000e-02,4.53125000e-02
2.88640000e-06,1.42812500e+00,1.07375000e+01,4.56250000e-02,3.67187500e-02
2.88672000e-06,1.40312500e+00,1.08000000e+01,4.31250000e-02,-2.42187500e-02
2.88704000e-06,1.47812500e+00,1.06625000e+01,3.06250000e-02,-6.79687500e-02
2.88736000e-06,1.47812500e+00,1.07750000e+01,5.56250000e-02,-1.06250000e-01
2.88768000e-06,1.43125000e+00,1.07125000e+01,5.31250000e-02,-1.02343750e-01
2.88800000e-06,1.36562500e+00,1.07375000e+01,5.56250000e-02,-1.32812500e-01
2.88832000e-06,1.27500000e+00,1.07125000e+01,4.81250000e-02,-1.21875000e-01
2.88864000e-06,1.48125000e+00,1.06875000e+01,4.81250000e-02,-3.12500000e-02
2.88896000e-06,1.36875000e+00,1.08750000e+01,3.56250000e-02,-6.25000000e-03
2.88928000e-06,1.40625000e+00,1.09000000e+01,1.81250000e-02,-3.43750000e-02
2.88960000e-06,1.40625000e+00,1.07125000e+01,4.56250000e-02,-2.34375000e-02
2.88992000e-06,1.44375000e+00,1.07750000e+01,6.81250000e-02,-2.65625000e-02
2.89024000e-06,1.51875000e+00,1.06125000e+01,5.06250000e-02,-7.81250000e-02
2.89056000e-06,1.49375000e+00,1.08000000e+01,6.31250000e-02,-5.62500000e-02
2.89088000e-06,1.42812500e+00,1.06750000e+01,2.81250000e-02,-3.59375000e-02
2.89120000e-06,1.38125000e+00,1.07875000e+01,4.06250000e-02,-1.03906250e-01
2.89152000e-06,1.44062500e+00,1.07000000e+01,4.06250000e-02,-1.34375000e-01
2.89184000e-06,1.51875000e+00,1.08000000e+01,4.31250000e-02,-1.55468750e-01
2.89216000e-06,1.35625000e+00,1.06875000e+01,3.56250000e-02,-1.29687500e-01
2.89248000e-06,1.36562500e+00,1.07750000e+01,4.31250000e-02,-7.50000000e-02
2.89280000e-06,1.56875000e+00,1.07000000e+01,1.81250000e-02,-4.14062500e-02
2.89312000e-06,1.58125000e+00,1.07375000e+01,5.56250000e-02,-4.68750000e-02
2.89344000e-06,1.34062500e+00,1.06875000e+01,4.31250000e-02,-5.07812500e-02
2.89376000e-06,1.45312500e+00,1.07500000e+01,4.56250000e-02,-5.54687500e-02
2.89408000e-06,1.48125000e+00,1.07625000e+01,8.06250000e-02,-7.96875000e-02
2.89440000e-06,1.40625000e+00,1.07625000e+01,5.31250000e-02,-5.15625000e-02
2.89472000e-06,1.34375000e+00,1.07500000e+01,3.81250000e-02,-6.09375000e-02
2.89504000e-06,1.51875000e+00,1.06750000e+01,2.81250000e-02,-9.37500000e-02
2.89536000e-06,1.40625000e+00,1.07750000e+01,5.06250000e-02,-5.93750000e-02
2.89568000e-06,1.36562500e+00,1.09250000e+01,2.56250000e-02,-3.67187500e-02
2.89600000e-06,1.49375000e+00,1.07500000e+01,5.31250000e-02,-4.53125000e-02
2.89632000e-06,1.40625000e+00,1.06375000e+01,5.06250000e-02,-7.73437500e-02
2.89664000e-06,1.44375000e+00,1.06375000e+01,4.81250000e-02,-1.00000000e-01
2.89696000e-06,1.27500000e+00,1.07750000e+01,4.81250000e-02,-1.53125000e-01
2.89728000e-06,1.61875000e+00,1.08250000e+01,4.31250000e-02,-9.84375000e-02
2.89760000e-06,1.43125000e+00,1.08375000e+01,3.06250000e-02,-1.36718750e-01
2.89792000e-06,1.45312500e+00,1.07375000e+01,8.12500000e-03,-1.31250000e-01
2.89824000e-06,1.47812500e+00,1.08000000e+01,2.56250000e-02,-9.21875000e-02
2.89856000e-06,1.40625000e+00,1.07750000e+01,5.56250000e-02,-4.68750000e-02
2.89888000e-06,1.50625000e+00,1.07625000e+01,4.81250000e-02,-4.53125000e-02
2.89920000e-06,1.40312500e+00,1.07875000e+01,4.56250000e-02,-1.13281250e-01
2.89952000e-06,1.25937500e+00,1.08875000e+01,1.06250000e-02,-7.42187500e-02
2.89984000e-06,1.46875000e+00,1.07250000e+01,1.81250000e-02,-1.09375000e-01
2.90016000e-06,1.51562500e+00,1.07625000e+01,2.81250000e-02,-1.75000000e-01
2.90048000e-06,1.45625000e+00,1.08125000e+01,4.56250000e-02,-1.04687500e-01
2.90080000e-06,1.36562500e+00,1.08000000e+01,5.31250000e-02,1.48437500e-02
2.90112000e-06,1.39062500e+00,1.07125000e+01,6.31250000e-02,-2.18750000e-02
2.90144000e-06,1.50625000e+00,1.07000000e+01,8.56250000e-02,-1.07812500e-01
2.90176000e-06,1.39375000e+00,1.07250000e+01,4.56250000e-02,-1.14843750e-01
2.90208000e-06,1.37812500e+00,1.08500000e+01,2.81250000e-02,-1.48437500e-01
2.90240000e-06,1.40625000e+00,1.07125000e+01,3.81250000e-02,-2.01562500e-01
2.90272000e-06,1.36875000e+00,1.06625000e+01,3.56250000e-02,-2.29687500e-01
2.90304000e-06,1.41875000e+00,1.07250000e+01,5.56250000e-02,-1.73437500e-01
2.90336000e-06,1.53125000e+00,1.07625000e+01,7.56250000e-02,-1.28125000e-01
2.90368000e-06,1.41875000e+00,1.07750000e+01,2.81250000e-02,-6.09375000e-02
2.90400000e-06,1.50312500e+00,1.09125000e+01,4.31250000e-02,-7.96875000e-02
2.90432000e-06,1.46875000e+00,1.07750000e+01,4.81250000e-02,-1.07031250e-01
2.90464000e-06,1.46562500e+00,1.07750000e+01,1.81250000e-02,-1.03125000e-01
2.90496000e-06,1.45625000e+00,1.08500000e+01,3.56250000e-02,-8.75000000e-02
2.90528000e-06,1.45625000e+00,1.09250000e+01,5.81250000e-02,-1.02343750e-01
2.90560000e-06,1.48125000e+00,1.07625000e+01,4.06250000e-02,-1.03906250e-01
2.90592000e-06,1.50625000e+00,1.07875000e+01,5.31250000e-02,-1.56250000e-01
2.90624000e-06,1.48125000e+00,1.08625000e+01,5.06250000e-02,-1.97656250e-01
2.90656000e-06,1.37812500e+00,1.09375000e+01,4.56250000e-02,-1.45312500e-01
2.90688000e-06,1.45625000e+00,1.08375000e+01,5.31250000e-02,-1.46875000e-01
2.90720000e-06,1.50312500e+00,1.07000000e+01,4.81250000e-02,-1.30468750e-01
2.90752000e-06,1.45625000e+00,1.06875000e+01,7.81250000e-02,-1.83593750e-01
2.90784000e-06,1.54062500e+00,1.07875000e+01,3.81250000e-02,-1.24218750e-01
2.90816000e-06,1.48125000e+00,1.08500000e+01,2.81250000e-02,-8.35937500e-02
2.90848000e-06,1.35312500e+00,1.09375000e+01,3.31250000e-02,-1.07812500e-01
2.90880000e-06,1.35312500e+00,1.07375000e+01,5.81250000e-02,-1.17968750e-01
2.90912000e-06,1.45625000e+00,1.09375000e+01,5.56250000e-02,-6.48437500e-02
2.90944000e-06,1.43125000e+00,1.08250000e+01,4.31250000e-02,-8.43750000e-02
2.90976000e-06,1.53125000e+00,1.08625000e+01,5.56250000e-02,-2.81250000e-02
2.91008000e-06,1.43125000e+00,1.07000000e+01,5.81250000e-02,-5.78125000e-02
2.91040000e-06,1.41562500e+00,1.07125000e+01,3.56250000e-02,-1.50000000e-01
2.91072000e-06,1.55625000e+00,1.08000000e+01,4.06250000e-02,-1.64062500e-01
2.91104000e-06,1.49375000e+00,1.07625000e+01,6.06250000e-02,-1.49218750e-01
2.91136000e-06,1.52812500e+00,1.08250000e+01,2.06250000e-02,-1.49218750e-01
2.91168000e-06,1.45312500e+00,1.06125000e+01,2.81250000e-02,-1.20312500e-01
2.91200000e-06,1.39062500e+00,1.08125000e+01,8.56250000e-02,-1.32031250e-01
2.91232000e-06,1.36562500e+00,1.10000000e+01,5.31250000e-02,-7.03125000e-02
2.91264000e-06,1.46875000e+00,1.07875000e+01,4.31250000e-02,-1.00000000e-01
2.91296000e-06,1.50625000e+00,1.08375000e+01,2.31250000e-02,-2.50000000e-02
2.91328000e-06,1.50625000e+00,1.07250000e+01,5.06250000e-02,-1.09375000e-02
2.91360000e-06,1.47812500e+00,1.07375000e+01,4.56250000e-02,-7.89062500e-02
2.91392000e-06,1.37812500e+00,1.06875000e+01,4.81250000e-02,-8.67187500e-02
2.91424000e-06,1.34062500e+00,1.08250000e+01,7.06250000e-02,-7.81250000e-02
2.91456000e-06,1.36875000e+00,1.08625000e+01,5.56250000e-02,-7.73437500e-02
2.91488000e-06,1.40625000e+00,1.08375000e+01,4.06250000e-02,-1.74218750e-01
2.91520000e-06,1.55625000e+00,1.07500000e+01,4.31250000e-02,-2.24218750e-01
2.91552000e-06,1.54375000e+00,1.07250000e+01,4.56250000e-02,-2.09375000e-01
2.91584000e-06,1.40312500e+00,1.07000000e+01,4.06250000e-02,-1.95312500e-02
2.91616000e-06,1.55312500e+00,1.06750000e+01,6.06250000e-02,-2.10937500e-02
2.91648000e-06,1.43125000e+00,1.07375000e+01,2.81250000e-02,-4.76562500e-02
2.91680000e-06,1.45312500e+00,1.08500000e+01,4.31250000e-02,-2.34375000e-03
2.91712000e-06,1.35312500e+00,1.07500000e+01,4.06250000e-02,-6.17187500e-02
2.91744000e-06,1.51875000e+00,1.08375000e+01,5.06250000e-02,-1.26562500e-01
2.91776000e-06,1.49375000e+00,1.07625000e+01,4.56250000e-02,-1.64062500e-01
2.91808000e-06,1.41562500e+00,1.07500000e+01,4.81250000e-02,-9.14062500e-02
2.91840000e-06,1.44375000e+00,1.08375000e+01,5.31250000e-02,-8.20312500e-02
2.91872000e-06,1.52812500e+00,1.08375000e+01,6.31250000e-02,-1.35156250e-01
2.91904000e-06,1.56875000e+00,1.07000000e+01,3.06250000e-02,-8.67187500e-02
2.91936000e-06,1.41562500e+00,1.09125000e+01,4.56250000e-02,-6.40625000e-02
2.91968000e-06,1.50312500e+00,1.07625000e+01,2.56250000e-02,-8.28125000e-02
2.92000000e-06,1.45312500e+00,1.07125000e+01,4.06250000e-02,-1.54687500e-01
2.92032000e-06,1.50312500e+00,1.08625000e+01,5.81250000e-02,-1.78906250e-01
2.92064000e-06,1.44062500e+00,1.08375000e+01,5.56250000e-02,-1.58593750e-01
2.92096000e-06,1.44062500e+00,1.07500000e+01,3.81250000e-02,-8.51562500e-02
2.92128000e-06,1.51875000e+00,1.07750000e+01,3.31250000e-02,-1.34375000e-01
2.92160000e-06,1.46875000e+00,1.07750000e+01,3.81250000e-02,-2.23437500e-01
2.92192000e-06,1.27187500e+00,1.08875000e+01,3.81250000e-02,-1.07812500e-01
2.92224000e-06,1.45625000e+00,1.07375000e+01,6.06250000e-02,-4.29687500e-02
2.92256000e-06,1.46875000e+00,1.07500000e+01,3.56250000e-02,-5.00000000e-02
2.92288000e-06,1.38125000e+00,1.09000000e+01,2.81250000e-02,-8.75000000e-02
2.92320000e-06,1.51562500e+00,1.08125000e+01,6.56250000e-02,-4.21875000e-02
2.92352000e-06,1.41875000e+00,1.07750000e+01,4.31250000e-02,-6.71875000e-02
2.92384000e-06,1.45312500e+00,1.08375000e+01,6.56250000e-02,-9.21875000e-02
2.92416000e-06,1.39375000e+00,1.07750000e+01,2.81250000e-02,-1.26562500e-01
2.92448000e-06,1.39375000e+00,1.07125000e+01,6.81250000e-02,-1.10156250e-01
2.92480000e-06,1.43125000e+00,1.08250000e+01,4.56250000e-02,-9.92187500e-02
2.92512000e-06,1.38125000e+00,1.08250000e+01,5.06250000e-02,-5.46875000e-03
2.92544000e-06,1.59375000e+00,1.06875000e+01,2.06250000e-02,-7.26562500e-02
2.92576000e-06,1.32812500e+00,1.08875000e+01,7.31250000e-02,-9.68750000e-02
2.92608000e-06,1.32812500e+00,1.07625000e+01,1.81250000e-02,-1.23437500e-01
2.92640000e-06,1.52812500e+00,1.07375000e+01,5.06250000e-02,-6.09375000e-02
2.92672000e-06,1.42812500e+00,1.06875000e+01,2.81250000e-02,2.57812500e-02
2.92704000e-06,1.40312500e+00,1.06875000e+01,2.56250000e-02,-8.59375000e-03
2.92736000e-06,1.48125000e+00,1.08125000e+01,5.81250000e-02,-3.28125000e-02
2.92768000e-06,1.49375000e+00,1.07750000e+01,4.81250000e-02,-1.28125000e-01
2.92800000e-06,1.59375000e+00,1.06875000e+01,2.81250000e-02,-1.60156250e-01
2.92832000e-06,1.47812500e+00,1.07875000e+01,4.31250000e-02,-5.46875000e-03
2.92864000e-06,1.40312500e+00,1.08750000e+01,7.81250000e-02,-2.81250000e-02
2.92896000e-06,1.44062500e+00,1.08375000e+01,3.06250000e-02,-5.15625000e-02
2.92928000e-06,1.31875000e+00,1.08625000e+01,3.56250000e-02,-2.42187500e-02
2.92960000e-06,1.39375000e+00,1.09750000e+01,6.31250000e-02,-3.04687500e-02
2.92992000e-06,1.34375000e+00,1.08375000e+01,2.06250000e-02,-5.07812500e-02
2.93024000e-06,1.39375000e+00,1.08875000e+01,3.06250000e-02,-1.01562500e-02
2.93056000e-06,1.43125000e+00,1.07875000e+01,2.06250000e-02,1.56250000e-03
2.93088000e-06,1.38125000e+00,1.08375000e+01,6.06250000e-02,-7.42187500e-02
2.93120000e-06,1.50625000e+00,1.08125000e+01,5.06250000e-02,-3.04687500e-02
2.93152000e-06,1.45625000e+00,1.07125000e+01,5.06250000e-02,-8.28125000e-02
2.93184000e-06,1.41562500e+00,1.07875000e+01,2.31250000e-02,-1.50000000e-01
2.93216000e-06,1.35312500e+00,1.07875000e+01,3.31250000e-02,-1.07812500e-01
2.93248000e-06,1.35625000e+00,1.07875000e+01,4.56250000e-02,-7.65625000e-02
2.93280000e-06,1.38125000e+00,1.09125000e+01,3.81250000e-02,-6.09375000e-02
2.93312000e-06,1.48125000e+00,1.07750000e+01,3.31250000e-02,-2.96875000e-02
2.93344000e-06,1.39375000e+00,1.07625000e+01,3.31250000e-02,-5.78125000e-02
2.93376000e-06,1.46875000e+00,1.06500000e+01,4.81250000e-02,-2.96875000e-02
2.93408000e-06,1.44375000e+00,1.07250000e+01,3.31250000e-02,-7.18750000e-02
2.93440000e-06,1.44375000e+00,1.06875000e+01,5.81250000e-02,-9.06250000e-02
2.93472000e-06,1.38125000e+00,1.09125000e+01,5.31250000e-02,-8.20312500e-02
2.93504000e-06,1.48125000e+00,1.07500000e+01,6.06250000e-02,-7.18750000e-02
2.93536000e-06,1.49375000e+00,1.07625000e+01,3.31250000e-02,-3.98437500e-02
2.93568000e-06,1.33125000e+00,1.08750000e+01,2.56250000e-02,-6.25000000e-03
2.93600000e-06,1.41562500e+00,1.07750000e+01,5.56250000e-02,-4.45312500e-02
2.93632000e-06,1.60625000e+00,1.08125000e+01,4.06250000e-02,-8.98437500e-02
2.93664000e-06,1.45625000e+00,1.07750000e+01,3.56250000e-02,-1.47656250e-01
2.93696000e-06,1.52812500e+00,1.08250000e+01,-1.87500000e-03,-1.78906250e-01
2.93728000e-06,1.45312500e+00,1.08125000e+01,3.56250000e-02,-1.20312500e-01
2.93760000e-06,1.50312500e+00,1.07500000e+01,5.56250000e-02,-3.51562500e-02
2.93792000e-06,1.44062500e+00,1.07875000e+01,4.31250000e-02,9.37500000e-03
2.93824000e-06,1.36562500e+00,1.08625000e+01,1.31250000e-02,-4.14062500e-02
2.93856000e-06,1.41875000e+00,1.08125000e+01,3.06250000e-02,-1.45312500e-01
2.93888000e-06,1.50625000e+00,1.07250000e+01,5.06250000e-02,-1.14843750e-01
2.93920000e-06,1.48125000e+00,1.06500000e+01,5.31250000e-02,-4.45312500e-02
2.93952000e-06,1.40312500e+00,1.07250000e+01,2.56250000e-02,-5.93750000e-02
2.93984000e-06,1.40312500e+00,1.08875000e+01,3.31250000e-02,-1.25781250e-01
2.94016000e-06,1.41875000e+00,1.07000000e+01,3.56250000e-02,-1.29687500e-01
2.94048000e-06,1.20937500e+00,1.07750000e+01,7.81250000e-02,-1.12500000e-01
2.94080000e-06,1.36875000e+00,1.06625000e+01,3.31250000e-02,-6.95312500e-02
2.94112000e-06,1.45625000e+00,1.07250000e+01,3.31250000e-02,-2.01562500e-01
2.94144000e-06,1.41562500e+00,1.07750000e+01,3.31250000e-02,-1.64062500e-01
2.94176000e-06,1.49375000e+00,1.07250000e+01,7.31250000e-02,-1.23437500e-01
2.94208000e-06,1.50625000e+00,1.08375000e+01,2.81250000e-02,-8.59375000e-02
2.94240000e-06,1.41875000e+00,1.07750000e+01,4.31250000e-02,-6.95312500e-02
2.94272000e-06,1.34062500e+00,1.07375000e+01,6.06250000e-02,-1.33593750e-01
2.94304000e-06,1.36875000e+00,1.08750000e+01,2.06250000e-02,-1.35937500e-01
2.94336000e-06,1.48125000e+00,1.09125000e+01,5.06250000e-02,-5.31250000e-02
2.94368000e-06,1.35625000e+00,1.09125000e+01,4.56250000e-02,-9.53125000e-02
2.94400000e-06,1.40625000e+00,1.08375000e+01,5.06250000e-02,-1.71093750e-01
2.94432000e-06,1.48125000e+00,1.08125000e+01,3.81250000e-02,-2.07031250e-01
2.94464000e-06,1.30625000e+00,1.08750000e+01,4.56250000e-02,-2.52343750e-01
2.94496000e-06,1.43125000e+00,1.06625000e+01,2.06250000e-02,-1.38281250e-01
2.94528000e-06,1.48125000e+00,1.08000000e+01,4.31250000e-02,-1.16406250e-01
2.94560000e-06,1.49375000e+00,1.08625000e+01,5.31250000e-02,-4.06250000e-02
2.94592000e-06,1.44375000e+00,1.08125000e+01,6.06250000e-02,-8.12500000e-02
2.94624000e-06,1.40625000e+00,1.08500000e+01,3.31250000e-02,-9.06250000e-02
2.94656000e-06,1.28437500e+00,1.08625000e+01,-1.87500000e-03,-1.17187500e-02
2.94688000e-06,1.38125000e+00,1.07875000e+01,5.31250000e-02,-6.48437500e-02
2.94720000e-06,1.46875000e+00,1.08500000e+01,7.31250000e-02,-7.89062500e-02
2.94752000e-06,1.44375000e+00,1.08500000e+01,4.81250000e-02,-7.81250000e-04
2.94784000e-06,1.43125000e+00,1.07375000e+01,4.56250000e-02,-4.06250000e-02
2.94816000e-06,1.43125000e+00,1.08000000e+01,3.56250000e-02,-5.39062500e-02
2.94848000e-06,1.38125000e+00,1.08250000e+01,4.56250000e-02,-1.09375000e-02
2.94880000e-06,1.38125000e+00,1.07250000e+01,3.81250000e-02,-1.87500000e-02
2.94912000e-06,1.46875000e+00,1.07500000e+01,2.81250000e-02,-2.10937500e-02
2.94944000e-06,1.35312500e+00,1.08375000e+01,3.56250000e-02,-3.59375000e-02
2.94976000e-06,1.30625000e+00,1.07625000e+01,5.81250000e-02,-1.87500000e-02
2.95008000e-06,1.54062500e+00,1.07750000e+01,4.31250000e-02,1.71875000e-02
2.95040000e-06,1.42812500e+00,1.06250000e+01,7.81250000e-02,6.64062500e-02
2.95072000e-06,1.44062500e+00,1.08500000e+01,4.06250000e-02,-4.45312500e-02
2.95104000e-06,1.39375000e+00,1.07750000e+01,2.56250000e-02,-1.61718750e-01
2.95136000e-06,1.34375000e+00,1.08375000e+01,6.06250000e-02,-1.31250000e-01
2.95168000e-06,1.31562500e+00,1.07625000e+01,2.56250000e-02,-1.02343750e-01
2.95200000e-06,1.36875000e+00,1.07375000e+01,7.31250000e-02,-4.53125000e-02
2.95232000e-06,1.54375000e+00,1.09500000e+01,8.06250000e-02,-4.29687500e-02
2.95264000e-06,1.44062500e+00,1.07125000e+01,3.12500000e-03,-5.93750000e-02
2.95296000e-06,1.47812500e+00,1.07000000e+01,5.31250000e-02,-1.26562500e-01
2.95328000e-06,1.38125000e+00,1.08000000e+01,4.81250000e-02,-1.17187500e-01
2.95360000e-06,1.51875000e+00,1.07625000e+01,2.81250000e-02,-8.59375000e-03
2.95392000e-06,1.51875000e+00,1.07875000e+01,3.81250000e-02,-9.60937500e-02
2.95424000e-06,1.49062500e+00,1.08750000e+01,2.56250000e-02,-1.00781250e-01
2.95456000e-06,1.39062500e+00,1.07875000e+01,3.06250000e-02,-5.15625000e-02
2.95488000e-06,1.28437500e+00,1.06500000e+01,5.31250000e-02,-6.40625000e-02
2.95520000e-06,1.34375000e+00,1.08000000e+01,5.56250000e-02,-1.46875000e-01
2.95552000e-06,1.39375000e+00,1.08000000e+01,5.06250000e-02,-1.42187500e-01
2.95584000e-06,1.35625000e+00,1.09500000e+01,3.81250000e-02,-6.71875000e-02
2.95616000e-06,1.44375000e+00,1.08250000e+01,3.31250000e-02,-6.79687500e-02
2.95648000e-06,1.49375000e+00,1.07375000e+01,4.31250000e-02,-6.32812500e-02
2.95680000e-06,1.46875000e+00,1.07750000e+01,3.81250000e-02,-1.11718750e-01
2.95712000e-06,1.27187500e+00,1.09125000e+01,6.06250000e-02,-8.90625000e-02
2.95744000e-06,1.37812500e+00,1.07875000e+01,4.06250000e-02,-1.07812500e-01
2.95776000e-06,1.43125000e+00,1.07375000e+01,5.81250000e-02,-1.50000000e-01
2.95808000e-06,1.37812500e+00,1.07500000e+01,4.81250000e-02,-5.15625000e-02
2.95840000e-06,1.46875000e+00,1.08750000e+01,4.56250000e-02,-3.12500000e-02
2.95872000e-06,1.35625000e+00,1.08125000e+01,4.56250000e-02,-1.07031250e-01
2.95904000e-06,1.51875000e+00,1.08500000e+01,6.81250000e-02,-1.22656250e-01
2.95936000e-06,1.39375000e+00,1.07750000e+01,2.31250000e-02,-9.68750000e-02
2.95968000e-06,1.36250000e+00,1.07875000e+01,5.56250000e-02,-1.00000000e-01
2.96000000e-06,1.21250000e+00,1.08250000e+01,4.31250000e-02,-1.10156250e-01
2.96032000e-06,1.39375000e+00,1.08500000e+01,3.56250000e-02,-6.01562500e-02
2.96064000e-06,1.47812500e+00,1.08125000e+01,8.06250000e-02,-1.55468750e-01
2.96096000e-06,1.40312500e+00,1.09750000e+01,4.56250000e-02,-1.27343750e-01
2.96128000e-06,1.31875000e+00,1.08125000e+01,4.56250000e-02,-5.15625000e-02
2.96160000e-06,1.56875000e+00,1.07250000e+01,6.31250000e-02,-1.39843750e-01
2.96192000e-06,1.50312500e+00,1.08000000e+01,6.81250000e-02,-8.35937500e-02
2.96224000e-06,1.45312500e+00,1.07875000e+01,3.81250000e-02,-2.57812500e-02
2.96256000e-06,1.45312500e+00,1.07875000e+01,3.56250000e-02,-7.81250000e-02
2.96288000e-06,1.36875000e+00,1.09125000e+01,4.81250000e-02,-1.28906250e-01
2.96320000e-06,1.43125000e+00,1.08625000e+01,5.56250000e-02,-1.28906250e-01
2.96352000e-06,1.45625000e+00,1.07125000e+01,2.81250000e-02,-5.23437500e-02
2.96384000e-06,1.51875000e+00,1.07625000e+01,5.81250000e-02,-9.06250000e-02
2.96416000e-06,1.43125000e+00,1.08500000e+01,4.81250000e-02,-9.45312500e-02
2.96448000e-06,1.55312500e+00,1.07250000e+01,3.81250000e-02,-1.44531250e-01
2.96480000e-06,1.53125000e+00,1.07000000e+01,8.06250000e-02,-1.70312500e-01
2.96512000e-06,1.51562500e+00,1.08625000e+01,6.31250000e-02,-1.43750000e-01
2.96544000e-06,1.40312500e+00,1.08375000e+01,3.81250000e-02,-1.32812500e-01
2.96576000e-06,1.41562500e+00,1.06875000e+01,3.81250000e-02,-4.68750000e-02
2.96608000e-06,1.39375000e+00,1.09500000e+01,7.06250000e-02,-5.54687500e-02
2.96640000e-06,1.39375000e+00,1.06625000e+01,5.31250000e-02,-9.53125000e-02
2.96672000e-06,1.45625000e+00,1.08000000e+01,3.81250000e-02,-4.37500000e-02
2.96704000e-06,1.46875000e+00,1.09000000e+01,3.56250000e-02,-6.56250000e-02
2.96736000e-06,1.38125000e+00,1.08250000e+01,4.81250000e-02,-1.27343750e-01
2.96768000e-06,1.41875000e+00,1.07125000e+01,4.06250000e-02,-1.60156250e-01
2.96800000e-06,1.50625000e+00,1.08375000e+01,2.06250000e-02,-1.45312500e-01
2.96832000e-06,1.46875000e+00,1.08250000e+01,6.31250000e-02,-6.56250000e-02
2.96864000e-06,1.40312500e+00,1.08500000e+01,4.56250000e-02,-3.35937500e-02
2.96896000e-06,1.43125000e+00,1.07500000e+01,4.81250000e-02,-5.70312500e-02
2.96928000e-06,1.34375000e+00,1.08250000e+01,5.81250000e-02,-1.30468750e-01
2.96960000e-06,1.51875000e+00,1.09000000e+01,2.31250000e-02,-8.35937500e-02
2.96992000e-06,1.43125000e+00,1.08625000e+01,7.56250000e-02,-1.25000000e-01
2.97024000e-06,1.27187500e+00,1.07125000e+01,6.81250000e-02,-1.28906250e-01
2.97056000e-06,1.44062500e+00,1.07875000e+01,2.31250000e-02,-1.37500000e-01
2.97088000e-06,1.28437500e+00,1.07125000e+01,1.06250000e-02,-1.35937500e-01
2.97120000e-06,1.34375000e+00,1.07125000e+01,6.06250000e-02,-3.82812500e-02
2.97152000e-06,1.51875000e+00,1.08250000e+01,3.56250000e-02,-2.50000000e-02
2.97184000e-06,1.46562500e+00,1.08875000e+01,7.31250000e-02,-6.17187500e-02
2.97216000e-06,1.37812500e+00,1.08125000e+01,4.56250000e-02,-7.89062500e-02
2.97248000e-06,1.47812500e+00,1.07875000e+01,1.81250000e-02,-7.65625000e-02
2.97280000e-06,1.49375000e+00,1.07125000e+01,9.31250000e-02,-1.46875000e-01
2.97312000e-06,1.38125000e+00,1.07750000e+01,8.06250000e-02,-2.09375000e-01
2.97344000e-06,1.44062500e+00,1.08500000e+01,4.56250000e-02,-1.25000000e-01
2.97376000e-06,1.44375000e+00,1.06875000e+01,4.31250000e-02,-7.57812500e-02
2.97408000e-06,1.44375000e+00,1.08875000e+01,4.31250000e-02,-1.17968750e-01
2.97440000e-06,1.45625000e+00,1.08625000e+01,1.56250000e-02,-1.36718750e-01
2.97472000e-06,1.43125000e+00,1.07500000e+01,6.56250000e-02,-1.00781250e-01
2.97504000e-06,1.43125000e+00,1.08000000e+01,7.81250000e-02,-1.07031250e-01
2.97536000e-06,1.33125000e+00,1.08000000e+01,4.31250000e-02,-9.92187500e-02
2.97568000e-06,1.48125000e+00,1.09000000e+01,4.81250000e-02,-4.53125000e-02
2.97600000e-06,1.40625000e+00,1.07375000e+01,6.81250000e-02,-8.12500000e-02
2.97632000e-06,1.43125000e+00,1.07375000e+01,3.31250000e-02,-7.34375000e-02
2.97664000e-06,1.45625000e+00,1.07750000e+01,3.31250000e-02,-7.65625000e-02
2.97696000e-06,1.45625000e+00,1.09250000e+01,4.31250000e-02,-8.90625000e-02
2.97728000e-06,1.40625000e+00,1.07375000e+01,3.81250000e-02,-8.28125000e-02
2.97760000e-06,1.31875000e+00,1.07625000e+01,6.81250000e-02,-1.19531250e-01
2.97792000e-06,1.38125000e+00,1.08375000e+01,3.81250000e-02,-1.37500000e-01
2.97824000e-06,1.44375000e+00,1.08750000e+01,6.31250000e-02,-7.26562500e-02
2.97856000e-06,1.48125000e+00,1.06625000e+01,4.56250000e-02,-8.43750000e-02
2.97888000e-06,1.48125000e+00,1.07625000e+01,5.81250000e-02,-7.81250000e-02
2.97920000e-06,1.39375000e+00,1.07000000e+01,3.56250000e-02,-9.14062500e-02
2.97952000e-06,1.35625000e+00,1.07125000e+01,1.56250000e-02,-1.48437500e-01
2.97984000e-06,1.50625000e+00,1.07500000e+01,4.31250000e-02,-1.38281250e-01
2.98016000e-06,1.48125000e+00,1.09500000e+01,2.56250000e-02,-1.21093750e-01
2.98048000e-06,1.39062500e+00,1.08375000e+01,2.56250000e-02,-1.27343750e-01
2.98080000e-06,1.45312500e+00,1.08500000e+01,6.06250000e-02,-1.42187500e-01
2.98112000e-06,1.43125000e+00,1.07000000e+01,5.06250000e-02,-8.35937500e-02
2.98144000e-06,1.36875000e+00,1.06125000e+01,5.31250000e-02,-4.76562500e-02
2.98176000e-06,1.48125000e+00,1.06625000e+01,6.06250000e-02,-5.85937500e-02
2.98208000e-06,1.40625000e+00,1.07750000e+01,6.06250000e-02,-1.20312500e-01
2.98240000e-06,1.50625000e+00,1.07375000e+01,3.56250000e-02,-1.26562500e-01
2.98272000e-06,1.34062500e+00,1.08875000e+01,6.06250000e-02,-1.17187500e-01
2.98304000e-06,1.42812500e+00,1.08000000e+01,1.06250000e-02,-1.03906250e-01
2.98336000e-06,1.63125000e+00,1.08000000e+01,3.56250000e-02,-2.00000000e-01
2.98368000e-06,1.46875000e+00,1.07500000e+01,8.06250000e-02,-9.37500000e-02
2.98400000e-06,1.37812500e+00,1.07125000e+01,7.06250000e-02,-8.90625000e-02
2.98432000e-06,1.39062500e+00,1.07375000e+01,2.06250000e-02,-1.81250000e-01
2.98464000e-06,1.46875000e+00,1.06250000e+01,5.56250000e-02,-1.57031250e-01
2.98496000e-06,1.46875000e+00,1.08250000e+01,4.81250000e-02,-7.89062500e-02
2.98528000e-06,1.40625000e+00,1.08750000e+01,6.31250000e-02,-1.28125000e-01
2.98560000e-06,1.27500000e+00,1.08250000e+01,3.56250000e-02,-1.00781250e-01
2.98592000e-06,1.43125000e+00,1.08250000e+01,4.56250000e-02,-9.92187500e-02
2.98624000e-06,1.54375000e+00,1.06625000e+01,5.31250000e-02,-1.03906250e-01
2.98656000e-06,1.32812500e+00,1.07875000e+01,3.81250000e-02,3.75000000e-02
2.98688000e-06,1.35312500e+00,1.07375000e+01,4.56250000e-02,-7.03125000e-03
2.98720000e-06,1.44375000e+00,1.08250000e+01,3.81250000e-02,-1.39843750e-01
2.98752000e-06,1.35312500e+00,1.08000000e+01,4.56250000e-02,-1.76562500e-01
2.98784000e-06,1.40625000e+00,1.07375000e+01,6.56250000e-02,-1.87500000e-01
2.98816000e-06,1.49375000e+00,1.08000000e+01,5.31250000e-02,-1.29687500e-01
2.98848000e-06,1.45625000e+00,1.07750000e+01,6.06250000e-02,-8.59375000e-02
2.98880000e-06,1.48125000e+00,1.06500000e+01,7.06250000e-02,-3.04687500e-02
2.98912000e-06,1.41562500e+00,1.07875000e+01,6.06250000e-02,-5.78125000e-02
2.98944000e-06,1.34375000e+00,1.08750000e+01,2.31250000e-02,-1.14843750e-01
2.98976000e-06,1.40625000e+00,1.07000000e+01,6.06250000e-02,-2.50000000e-02
2.99008000e-06,1.49375000e+00,1.06875000e+01,3.06250000e-02,-6.09375000e-02
2.99040000e-06,1.40625000e+00,1.07625000e+01,5.81250000e-02,-1.85937500e-01
2.99072000e-06,1.31875000e+00,1.06625000e+01,2.06250000e-02,-1.00781250e-01
2.99104000e-06,1.41562500e+00,1.07500000e+01,6.06250000e-02,-2.18750000e-02
2.99136000e-06,1.49375000e+00,1.07875000e+01,5.81250000e-02,-7.03125000e-03
2.99168000e-06,1.41875000e+00,1.07750000e+01,5.06250000e-02,2.34375000e-03
2.99200000e-06,1.35625000e+00,1.09000000e+01,4.81250000e-02,-3.28125000e-02
2.99232000e-06,1.35625000e+00,1.08125000e+01,5.81250000e-02,-2.03125000e-02
2.99264000e-06,1.48125000e+00,1.07375000e+01,6.31250000e-02,-6.64062500e-02
2.99296000e-06,1.23437500e+00,1.07250000e+01,5.56250000e-02,-1.11718750e-01
2.99328000e-06,1.31875000e+00,1.07500000e+01,4.31250000e-02,-5.70312500e-02
2.99360000e-06,1.55625000e+00,1.09000000e+01,3.31250000e-02,-1.56250000e-03
2.99392000e-06,1.36562500e+00,1.08375000e+01,6.06250000e-02,-9.37500000e-03
2.99424000e-06,1.42812500e+00,1.07500000e+01,4.56250000e-02,-4.14062500e-02
2.99456000e-06,1.41875000e+00,1.07125000e+01,2.81250000e-02,-1.00781250e-01
2.99488000e-06,1.45625000e+00,1.07375000e+01,3.56250000e-02,-5.31250000e-02
2.99520000e-06,1.46875000e+00,1.07625000e+01,6.56250000e-02,7.81250000e-04
2.99552000e-06,1.50625000e+00,1.07000000e+01,4.06250000e-02,-5.70312500e-02
2.99584000e-06,1.28125000e+00,1.08000000e+01,5.06250000e-02,-9.45312500e-02
2.99616000e-06,1.34062500e+00,1.08000000e+01,3.06250000e-02,-4.53125000e-02
2.99648000e-06,1.41875000e+00,1.09000000e+01,4.81250000e-02,-9.60937500e-02
2.99680000e-06,1.34062500e+00,1.08875000e+01,4.06250000e-02,-8.59375000e-02
2.99712000e-06,1.51875000e+00,1.06625000e+01,4.81250000e-02,-4.45312500e-02
2.99744000e-06,1.40625000e+00,1.08250000e+01,6.81250000e-02,-1.25000000e-02
2.99776000e-06,1.44062500e+00,1.07625000e+01,2.81250000e-02,-5.46875000e-02
2.99808000e-06,1.50625000e+00,1.08125000e+01,7.56250000e-02,-4.37500000e-02
2.99840000e-06,1.51875000e+00,1.09125000e+01,3.06250000e-02,-4.60937500e-02
2.99872000e-06,1.44062500e+00,1.07375000e+01,1.81250000e-02,-8.98437500e-02
2.99904000e-06,1.47812500e+00,1.08500000e+01,7.31250000e-02,-8.20312500e-02
2.99936000e-06,1.28125000e+00,1.07500000e+01,3.81250000e-02,7.81250000e-03
2.99968000e-06,1.38125000e+00,1.08375000e+01,6.56250000e-02,2.89062500e-02
3.00000000e-06,1.45625000e+00,1.07125000e+01,3.56250000e-02,-9.37500000e-03
3.00032000e-06,1.49062500e+00,1.08625000e+01,3.31250000e-02,-5.85937500e-02
3.00064000e-06,1.40625000e+00,1.08875000e+01,4.56250000e-02,-1.02343750e-01
3.00096000e-06,1.30625000e+00,1.05968750e+01,5.81250000e-02,-2.16406250e-01
3.00128000e-06,1.46875000e+00,1.06875000e+01,4.31250000e-02,-2.28906250e-01
3.00160000e-06,1.40625000e+00,1.08000000e+01,3.56250000e-02,-9.92187500e-02
3.00192000e-06,1.43125000e+00,1.07968750e+01,5.06250000e-02,-9.06250000e-02
3.00224000e-06,1.53125000e+00,1.08093750e+01,3.56250000e-02,-6.87500000e-02
3.00256000e-06,1.36875000e+00,1.08625000e+01,3.56250000e-02,-7.10937500e-02
3.00288000e-06,1.41562500e+00,1.07500000e+01,1.81250000e-02,-9.92187500e-02
3.00320000e-06,1.34375000e+00,1.07250000e+01,4.06250000e-02,-7.81250000e-02
3.00352000e-06,1.34375000e+00,1.07500000e+01,4.56250000e-02,-7.03125000e-02
3.00384000e-06,1.23750000e+00,1.08500000e+01,6.81250000e-02,-1.55468750e-01
3.00416000e-06,1.43125000e+00,1.07250000e+01,8.06250000e-02,-1.65625000e-01
3.00448000e-06,1.35312500e+00,1.06625000e+01,4.56250000e-02,-9.76562500e-02
3.00480000e-06,1.24687500e+00,1.07875000e+01,6.06250000e-02,-1.19531250e-01
3.00512000e-06,1.33125000e+00,1.07375000e+01,4.56250000e-02,-1.26562500e-01
3.00544000e-06,1.47812500e+00,1.07625000e+01,3.06250000e-02,-1.85937500e-01
3.00576000e-06,1.38750000e+00,1.08375000e+01,4.81250000e-02,-1.35937500e-01
3.00608000e-06,1.27500000e+00,1.08000000e+01,5.81250000e-02,-4.84375000e-02
3.00640000e-06,1.46875000e+00,1.06875000e+01,4.31250000e-02,-9.21875000e-02
3.00672000e-06,1.39062500e+00,1.08500000e+01,3.31250000e-02,-1.88281250e-01
3.00704000e-06,1.45625000e+00,1.09000000e+01,3.12500000e-03,-1.32812500e-01
3.00736000e-06,1.56875000e+00,1.08750000e+01,4.06250000e-02,-1.30468750e-01
3.00768000e-06,1.49375000e+00,1.08750000e+01,7.31250000e-02,-1.04687500e-01
3.00800000e-06,1.44062500e+00,1.06500000e+01,4.31250000e-02,-1.07812500e-01
3.00832000e-06,1.41562500e+00,1.07500000e+01,2.81250000e-02,-1.47656250e-01
3.00864000e-06,1.28750000e+00,1.07000000e+01,4.56250000e-02,-1.39062500e-01
3.00896000e-06,1.41875000e+00,1.07500000e+01,4.56250000e-02,-1.15625000e-01
3.00928000e-06,1.45625000e+00,1.06375000e+01,6.81250000e-02,-1.00781250e-01
3.00960000e-06,1.37812500e+00,1.08125000e+01,5.81250000e-02,-1.85156250e-01
3.00992000e-06,1.23437500e+00,1.08625000e+01,1.81250000e-02,-2.41406250e-01
3.01024000e-06,1.39375000e+00,1.06875000e+01,3.56250000e-02,-2.25781250e-01
3.01056000e-06,1.45312500e+00,1.08750000e+01,6.06250000e-02,-1.43750000e-01
3.01088000e-06,1.39062500e+00,1.09625000e+01,5.31250000e-02,-1.48437500e-01
3.01120000e-06,1.35625000e+00,1.07875000e+01,5.06250000e-02,-1.50781250e-01
3.01152000e-06,1.58125000e+00,1.09125000e+01,7.06250000e-02,-1.35156250e-01
3.01184000e-06,1.39375000e+00,1.07250000e+01,6.31250000e-02,-1.32812500e-01
3.01216000e-06,1.41562500e+00,1.08375000e+01,5.31250000e-02,-7.10937500e-02
3.01248000e-06,1.34375000e+00,1.09250000e+01,3.06250000e-02,-7.57812500e-02
3.01280000e-06,1.28750000e+00,1.08375000e+01,3.31250000e-02,-1.23437500e-01
3.01312000e-06,1.41875000e+00,1.07375000e+01,4.06250000e-02,-1.07812500e-01
3.01344000e-06,1.49375000e+00,1.07875000e+01,7.06250000e-02,-7.42187500e-02
3.01376000e-06,1.34375000e+00,1.08875000e+01,4.06250000e-02,-1.00781250e-01
3.01408000e-06,1.47812500e+00,1.08125000e+01,2.06250000e-02,-1.29687500e-01
3.01440000e-06,1.35625000e+00,1.07500000e+01,5.31250000e-02,-1.51562500e-01
3.01472000e-06,1.27187500e+00,1.08375000e+01,6.06250000e-02,-1.14062500e-01
3.01504000e-06,1.40625000e+00,1.08125000e+01,1.56250000e-02,-6.79687500e-02
3.01536000e-06,1.35625000e+00,1.07250000e+01,3.81250000e-02,-1.53906250e-01
3.01568000e-06,1.41562500e+00,1.09125000e+01,4.06250000e-02,-1.07031250e-01
3.01600000e-06,1.46875000e+00,1.08750000e+01,3.56250000e-02,-2.42187500e-02
3.01632000e-06,1.40625000e+00,1.07375000e+01,2.81250000e-02,3.12500000e-03
3.01664000e-06,1.41875000e+00,1.08750000e+01,5.56250000e-02,-2.57812500e-02
3.01696000e-06,1.44375000e+00,1.06875000e+01,3.56250000e-02,-3.04687500e-02
3.01728000e-06,1.46875000e+00,1.08875000e+01,5.06250000e-02,-7.18750000e-02
3.01760000e-06,1.48125000e+00,1.08750000e+01,2.06250000e-02,-3.82812500e-02
3.01792000e-06,1.43125000e+00,1.08250000e+01,5.31250000e-02,-9.84375000e-02
3.01824000e-06,1.39375000e+00,1.08750000e+01,5.06250000e-02,-1.54687500e-01
3.01856000e-06,1.35625000e+00,1.07625000e+01,6.81250000e-02,4.06250000e-02
3.01888000e-06,1.30625000e+00,1.07375000e+01,3.06250000e-02,-3.04687500e-02
3.01920000e-06,1.35625000e+00,1.07250000e+01,3.31250000e-02,-1.51562500e-01
3.01952000e-06,1.35625000e+00,1.06375000e+01,5.31250000e-02,-1.31250000e-01
3.01984000e-06,1.44375000e+00,1.08125000e+01,3.06250000e-02,1.71875000e-02
3.02016000e-06,1.50625000e+00,1.07500000e+01,2.81250000e-02,8.20312500e-02
3.02048000e-06,1.28750000e+00,1.09125000e+01,5.31250000e-02,4.53125000e-02
3.02080000e-06,1.42812500e+00,1.08625000e+01,5.31250000e-02,-3.20312500e-02
3.02112000e-06,1.45625000e+00,1.08125000e+01,4.06250000e-02,-1.32031250e-01
3.02144000e-06,1.27187500e+00,1.08750000e+01,3.81250000e-02,-1.03125000e-01
3.02176000e-06,1.22187500e+00,1.08375000e+01,6.81250000e-02,-5.78125000e-02
3.02208000e-06,1.39375000e+00,1.07875000e+01,5.31250000e-02,-3.35937500e-02
3.02240000e-06,1.49062500e+00,1.07625000e+01,2.31250000e-02,-5.07812500e-02
3.02272000e-06,1.42812500e+00,1.07500000e+01,3.81250000e-02,-9.45312500e-02
3.02304000e-06,1.35625000e+00,1.08500000e+01,4.56250000e-02,-1.17968750e-01
3.02336000e-06,1.45625000e+00,1.07375000e+01,3.06250000e-02,-6.01562500e-02
3.02368000e-06,1.41562500e+00,1.08500000e+01,8.81250000e-02,-8.20312500e-02
3.02400000e-06,1.28750000e+00,1.08375000e+01,5.56250000e-02,-3.98437500e-02
3.02432000e-06,1.42812500e+00,1.07250000e+01,5.81250000e-02,-4.68750000e-03
3.02464000e-06,1.35312500e+00,1.07625000e+01,2.06250000e-02,-3.82812500e-02
3.02496000e-06,1.35625000e+00,1.07625000e+01,5.31250000e-02,2.34375000e-02
3.02528000e-06,1.36875000e+00,1.08875000e+01,6.56250000e-02,2.42187500e-02
3.02560000e-06,1.31875000e+00,1.08000000e+01,2.56250000e-02,7.81250000e-04
3.02592000e-06,1.41875000e+00,1.07375000e+01,5.31250000e-02,3.28125000e-02
3.02624000e-06,1.35625000e+00,1.08375000e+01,5.06250000e-02,-1.48437500e-02
3.02656000e-06,1.41875000e+00,1.08625000e+01,3.81250000e-02,-1.44531250e-01
3.02688000e-06,1.31562500e+00,1.07750000e+01,6.31250000e-02,-1.60156250e-01
3.02720000e-06,1.20937500e+00,1.06500000e+01,5.81250000e-02,-3.59375000e-02
3.02752000e-06,1.44375000e+00,1.08500000e+01,5.31250000e-02,-7.96875000e-02
3.02784000e-06,1.37812500e+00,1.08250000e+01,5.31250000e-02,-1.07031250e-01
3.02816000e-06,1.31562500e+00,1.07000000e+01,2.81250000e-02,-5.93750000e-02
3.02848000e-06,1.53125000e+00,1.07125000e+01,5.56250000e-02,-1.87500000e-02
3.02880000e-06,1.32812500e+00,1.08125000e+01,4.06250000e-02,-4.14062500e-02
3.02912000e-06,1.35312500e+00,1.08250000e+01,4.31250000e-02,-1.48437500e-02
3.02944000e-06,1.46875000e+00,1.07000000e+01,6.06250000e-02,-1.87500000e-02
3.02976000e-06,1.37812500e+00,1.07625000e+01,4.06250000e-02,-8.20312500e-02
3.03008000e-06,1.40625000e+00,1.08875000e+01,4.06250000e-02,-1.01562500e-01
3.03040000e-06,1.38125000e+00,1.07250000e+01,4.56250000e-02,-9.37500000e-02
3.03072000e-06,1.43125000e+00,1.08375000e+01,2.81250000e-02,-3.28125000e-02
3.03104000e-06,1.35625000e+00,1.08125000e+01,5.06250000e-02,-3.90625000e-03
3.03136000e-06,1.30625000e+00,1.07625000e+01,2.81250000e-02,-2.57812500e-02
3.03168000e-06,1.40625000e+00,1.07250000e+01,3.56250000e-02,-8.43750000e-02
3.03200000e-06,1.36875000e+00,1.07125000e+01,5.31250000e-02,-1.47656250e-01
3.03232000e-06,1.35625000e+00,1.06625000e+01,6.06250000e-02,-8.98437500e-02
3.03264000e-06,1.32812500e+00,1.07625000e+01,3.06250000e-02,3.90625000e-03
3.03296000e-06,1.39375000e+00,1.08375000e+01,3.31250000e-02,1.25000000e-02
3.03328000e-06,1.55625000e+00,1.07500000e+01,4.56250000e-02,-4.84375000e-02
3.03360000e-06,1.34062500e+00,1.06000000e+01,5.31250000e-02,-5.70312500e-02
3.03392000e-06,1.28125000e+00,1.07125000e+01,4.56250000e-02,-1.79687500e-02
3.03424000e-06,1.33125000e+00,1.07000000e+01,4.81250000e-02,-4.21875000e-02
3.03456000e-06,1.25937500e+00,1.09625000e+01,6.31250000e-02,-1.10937500e-01
3.03488000e-06,1.35312500e+00,1.08750000e+01,5.06250000e-02,-1.27343750e-01
3.03520000e-06,1.36875000e+00,1.06500000e+01,5.81250000e-02,-3.51562500e-02
3.03552000e-06,1.35312500e+00,1.07750000e+01,6.56250000e-02,1.32812500e-02
3.03584000e-06,1.38125000e+00,1.07875000e+01,3.81250000e-02,4.76562500e-02
3.03616000e-06,1.44375000e+00,1.08500000e+01,4.31250000e-02,-6.87500000e-02
3.03648000e-06,1.34375000e+00,1.07875000e+01,4.81250000e-02,-9.45312500e-02
3.03680000e-06,1.45625000e+00,1.08125000e+01,7.06250000e-02,-1.10937500e-01
3.03712000e-06,1.28437500e+00,1.08875000e+01,5.31250000e-02,-1.15625000e-01
3.03744000e-06,1.27500000e+00,1.09000000e+01,4.31250000e-02,-4.53125000e-02
3.03776000e-06,1.49375000e+00,1.07875000e+01,5.56250000e-02,1.87500000e-02
3.03808000e-06,1.50312500e+00,1.07625000e+01,5.56250000e-02,-1.09375000e-02
3.03840000e-06,1.34375000e+00,1.08125000e+01,2.56250000e-02,-1.06250000e-01
3.03872000e-06,1.46562500e+00,1.08250000e+01,4.31250000e-02,-2.03125000e-01
3.03904000e-06,1.56875000e+00,1.07875000e+01,5.81250000e-02,-2.33593750e-01
3.03936000e-06,1.46875000e+00,1.08250000e+01,5.56250000e-02,-1.23437500e-01
3.03968000e-06,1.42812500e+00,1.07250000e+01,5.81250000e-02,-3.20312500e-02
3.04000000e-06,1.36562500e+00,1.06875000e+01,4.06250000e-02,-1.21093750e-01
3.04032000e-06,1.30312500e+00,1.07500000e+01,4.31250000e-02,-1.08593750e-01
3.04064000e-06,1.28750000e+00,1.06500000e+01,2.31250000e-02,-1.19531250e-01
3.04096000e-06,1.36875000e+00,1.08250000e+01,4.56250000e-02,-1.39843750e-01
3.04128000e-06,1.46562500e+00,1.08875000e+01,4.56250000e-02,-1.82031250e-01
3.04160000e-06,1.31875000e+00,1.06625000e+01,6.56250000e-02,-1.80468750e-01
3.04192000e-06,1.39375000e+00,1.06625000e+01,8.06250000e-02,-1.21875000e-01
3.04224000e-06,1.38125000e+00,1.07875000e+01,7.06250000e-02,-7.81250000e-02
3.04256000e-06,1.28750000e+00,1.07500000e+01,9.87500000e-02,-1.21093750e-01
3.04288000e-06,1.30312500e+00,1.07750000e+01,4.81250000e-02,-1.16406250e-01
3.04320000e-06,1.39375000e+00,1.07125000e+01,-4.37500000e-03,-7.34375000e-02
3.04352000e-06,1.44375000e+00,1.08000000e+01,2.81250000e-02,-5.78125000e-02
3.04384000e-06,1.34375000e+00,1.07125000e+01,5.06250000e-02,-5.39062500e-02
3.04416000e-06,1.49375000e+00,1.08250000e+01,4.81250000e-02,-1.24218750e-01
3.04448000e-06,1.53125000e+00,1.08750000e+01,5.06250000e-02,-1.00000000e-01
3.04480000e-06,1.39375000e+00,1.08500000e+01,5.06250000e-02,-1.07031250e-01
3.04512000e-06,1.52812500e+00,1.07875000e+01,6.31250000e-02,-1.05468750e-01
3.04544000e-06,1.46875000e+00,1.08750000e+01,2.31250000e-02,-6.48437500e-02
3.04576000e-06,1.50312500e+00,1.08500000e+01,3.31250000e-02,-1.00781250e-01
3.04608000e-06,1.36562500e+00,1.07500000e+01,4.06250000e-02,-1.38281250e-01
3.04640000e-06,1.35312500e+00,1.08625000e+01,5.31250000e-02,-1.10937500e-01
3.04672000e-06,1.43125000e+00,1.07750000e+01,4.81250000e-02,-1.37500000e-01
3.04704000e-06,1.43125000e+00,1.07125000e+01,6.31250000e-02,-1.60156250e-01
3.04736000e-06,1.45625000e+00,1.09125000e+01,6.31250000e-02,-1.35937500e-01
3.04768000e-06,1.40625000e+00,1.07625000e+01,6.31250000e-02,-1.35937500e-01
3.04800000e-06,1.28437500e+00,1.09000000e+01,2.56250000e-02,-8.43750000e-02
3.04832000e-06,1.35625000e+00,1.08250000e+01,4.31250000e-02,-1.57031250e-01
3.04864000e-06,1.39375000e+00,1.07375000e+01,5.81250000e-02,-1.02343750e-01
3.04896000e-06,1.42812500e+00,1.08000000e+01,4.81250000e-02,-4.29687500e-02
3.04928000e-06,1.34375000e+00,1.06875000e+01,4.81250000e-02,-8.35937500e-02
3.04960000e-06,1.51875000e+00,1.07125000e+01,4.81250000e-02,-5.15625000e-02
3.04992000e-06,1.44375000e+00,1.07625000e+01,3.06250000e-02,-5.23437500e-02
3.05024000e-06,1.44062500e+00,1.09125000e+01,3.06250000e-02,-1.24218750e-01
3.05056000e-06,1.50312500e+00,1.08250000e+01,4.06250000e-02,-1.63281250e-01
3.05088000e-06,1.49375000e+00,1.07625000e+01,7.06250000e-02,-4.68750000e-02
3.05120000e-06,1.39062500e+00,1.09125000e+01,4.06250000e-02,-4.84375000e-02
3.05152000e-06,1.41875000e+00,1.07375000e+01,3.31250000e-02,-8.82812500e-02
3.05184000e-06,1.46875000e+00,1.07750000e+01,3.31250000e-02,-2.10937500e-02
3.05216000e-06,1.23750000e+00,1.07250000e+01,5.31250000e-02,-2.73437500e-02
3.05248000e-06,1.42812500e+00,1.08500000e+01,4.31250000e-02,-1.25781250e-01
3.05280000e-06,1.35625000e+00,1.09000000e+01,7.31250000e-02,-7.50000000e-02
3.05312000e-06,1.35625000e+00,1.09250000e+01,2.06250000e-02,-1.13281250e-01
3.05344000e-06,1.55625000e+00,1.08375000e+01,3.81250000e-02,-1.18750000e-01
3.05376000e-06,1.46875000e+00,1.07750000e+01,7.31250000e-02,-3.90625000e-02
3.05408000e-06,1.49062500e+00,1.07375000e+01,4.81250000e-02,-5.70312500e-02
3.05440000e-06,1.47812500e+00,1.08500000e+01,5.56250000e-02,-7.57812500e-02
3.05472000e-06,1.38125000e+00,1.06500000e+01,6.81250000e-02,-5.00000000e-02
3.05504000e-06,1.36562500e+00,1.07000000e+01,3.31250000e-02,-6.40625000e-02
3.05536000e-06,1.51875000e+00,1.08625000e+01,4.06250000e-02,-1.52343750e-01
3.05568000e-06,1.44375000e+00,1.07750000e+01,3.56250000e-02,-1.32031250e-01
3.05600000e-06,1.37812500e+00,1.08750000e+01,8.81250000e-02,-4.21875000e-02
3.05632000e-06,1.38125000e+00,1.09250000e+01,6.31250000e-02,-9.14062500e-02
3.05664000e-06,1.41875000e+00,1.08500000e+01,1.56250000e-02,-7.18750000e-02
3.05696000e-06,1.24687500e+00,1.08625000e+01,6.31250000e-02,-1.17187500e-02
3.05728000e-06,1.35625000e+00,1.06875000e+01,2.06250000e-02,-7.34375000e-02
3.05760000e-06,1.48125000e+00,1.07750000e+01,1.81250000e-02,-6.79687500e-02
3.05792000e-06,1.42812500e+00,1.06625000e+01,5.56250000e-02,-3.20312500e-02
3.05824000e-06,1.49062500e+00,1.09250000e+01,3.31250000e-02,2.42187500e-02
3.05856000e-06,1.32812500e+00,1.07625000e+01,4.06250000e-02,-1.00781250e-01
3.05888000e-06,1.31875000e+00,1.07000000e+01,3.81250000e-02,-1.07031250e-01
3.05920000e-06,1.43125000e+00,1.07625000e+01,5.81250000e-02,-1.53906250e-01
3.05952000e-06,1.25625000e+00,1.07875000e+01,6.31250000e-02,-1.09375000e-01
3.05984000e-06,1.44375000e+00,1.08000000e+01,-4.37500000e-03,0.00000000e+00
3.06016000e-06,1.36875000e+00,1.08875000e+01,3.56250000e-02,-5.46875000e-02
3.06048000e-06,1.31562500e+00,1.07250000e+01,6.56250000e-02,-9.37500000e-02
3.06080000e-06,1.34375000e+00,1.07000000e+01,4.31250000e-02,-9.37500000e-02
3.06112000e-06,1.41875000e+00,1.06750000e+01,5.06250000e-02,-6.25000000e-02
3.06144000e-06,1.58125000e+00,1.08125000e+01,4.31250000e-02,2.26562500e-02
3.06176000e-06,1.28750000e+00,1.08125000e+01,5.31250000e-02,-1.09375000e-02
3.06208000e-06,1.44062500e+00,1.07250000e+01,8.12500000e-03,-8.35937500e-02
3.06240000e-06,1.39375000e+00,1.07500000e+01,3.56250000e-02,-5.93750000e-02
3.06272000e-06,1.35625000e+00,1.08250000e+01,5.31250000e-02,-6.87500000e-02
3.06304000e-06,1.33125000e+00,1.07500000e+01,5.81250000e-02,-9.06250000e-02
3.06336000e-06,1.38125000e+00,1.09375000e+01,4.81250000e-02,-6.09375000e-02
3.06368000e-06,1.40625000e+00,1.07875000e+01,3.81250000e-02,-1.40625000e-01
3.06400000e-06,1.48125000e+00,1.09625000e+01,5.31250000e-02,-1.14062500e-01
3.06432000e-06,1.43125000e+00,1.07500000e+01,6.31250000e-02,-5.46875000e-02
3.06464000e-06,1.23437500e+00,1.07750000e+01,4.31250000e-02,-3.98437500e-02
3.06496000e-06,1.33125000e+00,1.08500000e+01,3.31250000e-02,-3.59375000e-02
3.06528000e-06,1.41875000e+00,1.07500000e+01,5.31250000e-02,-4.76562500e-02
3.06560000e-06,1.30000000e+00,1.07125000e+01,5.31250000e-02,3.12500000e-02
3.06592000e-06,1.30625000e+00,1.07375000e+01,6.31250000e-02,1.33593750e-01
3.06624000e-06,1.46875000e+00,1.08000000e+01,3.31250000e-02,5.46875000e-02
3.06656000e-06,1.40312500e+00,1.07125000e+01,3.31250000e-02,-3.51562500e-02
3.06688000e-06,1.33125000e+00,1.07750000e+01,5.31250000e-02,-9.21875000e-02
3.06720000e-06,1.38125000e+00,1.07875000e+01,5.81250000e-02,-1.04687500e-01
3.06752000e-06,1.26250000e+00,1.07875000e+01,4.06250000e-02,-1.25781250e-01
3.06784000e-06,1.39375000e+00,1.08625000e+01,4.31250000e-02,-9.60937500e-02
3.06816000e-06,1.36875000e+00,1.09000000e+01,2.31250000e-02,-6.25000000e-03
3.06848000e-06,1.41875000e+00,1.09125000e+01,6.06250000e-02,3.67187500e-02
3.06880000e-06,1.38125000e+00,1.08000000e+01,6.56250000e-02,-1.18750000e-01
3.06912000e-06,1.49375000e+00,1.06750000e+01,5.31250000e-02,-1.15625000e-01
3.06944000e-06,1.50625000e+00,1.07625000e+01,3.81250000e-02,-3.59375000e-02
3.06976000e-06,1.34062500e+00,1.08875000e+01,5.06250000e-02,-8.98437500e-02
3.07008000e-06,1.31562500e+00,1.07500000e+01,5.81250000e-02,-1.39843750e-01
3.07040000e-06,1.44375000e+00,1.07750000e+01,6.56250000e-02,-1.57812500e-01
3.07072000e-06,1.34062500e+00,1.08750000e+01,6.31250000e-02,-4.45312500e-02
3.07104000e-06,1.35625000e+00,1.09375000e+01,3.31250000e-02,-3.12500000e-03
3.07136000e-06,1.36875000e+00,1.09000000e+01,4.06250000e-02,-3.98437500e-02
3.07168000e-06,1.33125000e+00,1.07250000e+01,3.31250000e-02,-9.45312500e-02
3.07200000e-06,1.38125000e+00,1.07375000e+01,3.31250000e-02,-7.96875000e-02
3.07232000e-06,1.35625000e+00,1.08750000e+01,5.81250000e-02,-2.89062500e-02
3.07264000e-06,1.34375000e+00,1.07500000e+01,9.31250000e-02,2.10937500e-02
3.07296000e-06,1.34375000e+00,1.07625000e+01,6.06250000e-02,-4.68750000e-03
3.07328000e-06,1.36875000e+00,1.06875000e+01,5.31250000e-02,-9.29687500e-02
3.07360000e-06,1.48125000e+00,1.08750000e+01,4.56250000e-02,-1.21875000e-01
3.07392000e-06,1.43125000e+00,1.07375000e+01,4.06250000e-02,-2.10937500e-02
3.07424000e-06,1.34375000e+00,1.08250000e+01,4.56250000e-02,-4.92187500e-02
3.07456000e-06,1.58125000e+00,1.08875000e+01,3.06250000e-02,-1.03125000e-01
3.07488000e-06,1.35312500e+00,1.08250000e+01,6.56250000e-02,-1.03125000e-01
3.07520000e-06,1.34062500e+00,1.06250000e+01,5.06250000e-02,-6.01562500e-02
3.07552000e-06,1.34062500e+00,1.08125000e+01,3.81250000e-02,-3.59375000e-02
3.07584000e-06,1.40312500e+00,1.08375000e+01,5.06250000e-02,-7.65625000e-02
3.07616000e-06,1.44375000e+00,1.08125000e+01,7.31250000e-02,-3.12500000e-03
3.07648000e-06,1.40625000e+00,1.08375000e+01,2.81250000e-02,-5.93750000e-02
3.07680000e-06,1.40625000e+00,1.07500000e+01,5.06250000e-02,-1.14843750e-01
3.07712000e-06,1.45625000e+00,1.07750000e+01,2.81250000e-02,-1.19531250e-01
3.07744000e-06,1.27187500e+00,1.09000000e+01,4.56250000e-02,-1.25781250e-01
3.07776000e-06,1.30625000e+00,1.08125000e+01,4.06250000e-02,-4.37500000e-02
3.07808000e-06,1.36875000e+00,1.07750000e+01,3.06250000e-02,-1.87500000e-02
3.07840000e-06,1.34062500e+00,1.08000000e+01,3.81250000e-02,-6.56250000e-02
3.07872000e-06,1.49375000e+00,1.07875000e+01,4.81250000e-02,-1.13281250e-01
3.07904000e-06,1.46875000e+00,1.07875000e+01,2.56250000e-02,-1.04687500e-01
3.07936000e-06,1.39375000e+00,1.09250000e+01,3.56250000e-02,-1.11718750e-01
3.07968000e-06,1.40312500e+00,1.07250000e+01,5.06250000e-02,-1.08593750e-01
3.08000000e-06,1.45625000e+00,1.07125000e+01,3.81250000e-02,-1.06250000e-01
3.08032000e-06,1.36875000e+00,1.08125000e+01,4.81250000e-02,-1.06250000e-01
3.08064000e-06,1.27187500e+00,1.07375000e+01,5.31250000e-02,-9.29687500e-02
3.08096000e-06,1.36875000e+00,1.07875000e+01,5.81250000e-02,-1.03125000e-01
3.08128000e-06,1.33125000e+00,1.07500000e+01,4.81250000e-02,-1.46875000e-01
3.08160000e-06,1.31562500e+00,1.07875000e+01,4.81250000e-02,-5.78125000e-02
3.08192000e-06,1.41875000e+00,1.08375000e+01,5.31250000e-02,2.34375000e-03
3.08224000e-06,1.50625000e+00,1.08750000e+01,3.06250000e-02,-7.26562500e-02
3.08256000e-06,1.46875000e+00,1.09250000e+01,4.56250000e-02,-9.92187500e-02
3.08288000e-06,1.37812500e+00,1.07125000e+01,2.31250000e-02,-1.35937500e-01
3.08320000e-06,1.40625000e+00,1.07625000e+01,2.31250000e-02,-1.21875000e-01
3.08352000e-06,1.45625000e+00,1.08000000e+01,6.56250000e-02,-9.21875000e-02
3.08384000e-06,1.36875000e+00,1.08625000e+01,5.31250000e-02,-3.43750000e-02
3.08416000e-06,1.33125000e+00,1.07375000e+01,3.56250000e-02,-2.18750000e-02
3.08448000e-06,1.38125000e+00,1.08500000e+01,6.06250000e-02,-8.51562500e-02
3.08480000e-06,1.38125000e+00,1.08500000e+01,5.06250000e-02,-9.68750000e-02
3.08512000e-06,1.31875000e+00,1.08250000e+01,6.56250000e-02,-8.59375000e-02
3.08544000e-06,1.40625000e+00,1.07125000e+01,6.06250000e-02,-1.29687500e-01
3.08576000e-06,1.40625000e+00,1.07750000e+01,4.56250000e-02,-8.20312500e-02
3.08608000e-06,1.45625000e+00,1.08000000e+01,5.81250000e-02,-5.00000000e-02
3.08640000e-06,1.36875000e+00,1.06625000e+01,3.31250000e-02,-1.63281250e-01
3.08672000e-06,1.53125000e+00,1.07625000e+01,5.56250000e-02,-1.82031250e-01
3.08704000e-06,1.30312500e+00,1.09125000e+01,1.31250000e-02,-1.29687500e-01
3.08736000e-06,1.32812500e+00,1.08125000e+01,1.81250000e-02,-4.14062500e-02
3.08768000e-06,1.43125000e+00,1.08375000e+01,4.81250000e-02,-2.81250000e-02
3.08800000e-06,1.34062500e+00,1.06875000e+01,4.81250000e-02,-9.37500000e-02
3.08832000e-06,1.30625000e+00,1.08750000e+01,7.56250000e-02,-8.28125000e-02
3.08864000e-06,1.39375000e+00,1.08000000e+01,3.06250000e-02,-4.68750000e-02
3.08896000e-06,1.33125000e+00,1.06875000e+01,5.56250000e-02,-4.84375000e-02
3.08928000e-06,1.35625000e+00,1.08500000e+01,6.06250000e-02,-1.26562500e-01
3.08960000e-06,1.33125000e+00,1.09250000e+01,5.56250000e-02,-1.10937500e-01
3.08992000e-06,1.35625000e+00,1.07500000e+01,4.31250000e-02,-6.25000000e-02
3.09024000e-06,1.34375000e+00,1.08000000e+01,3.56250000e-02,-1.03906250e-01
3.09056000e-06,1.44375000e+00,1.06875000e+01,6.56250000e-02,-1.17187500e-01
3.09088000e-06,1.36875000e+00,1.07375000e+01,4.56250000e-02,-7.81250000e-02
3.09120000e-06,1.34062500e+00,1.06125000e+01,5.31250000e-02,-1.25000000e-01
3.09152000e-06,1.25937500e+00,1.08125000e+01,5.06250000e-02,-1.63281250e-01
3.09184000e-06,1.26250000e+00,1.09375000e+01,5.31250000e-02,-8.43750000e-02
3.09216000e-06,1.44062500e+00,1.08625000e+01,4.56250000e-02,-6.32812500e-02
3.09248000e-06,1.39062500e+00,1.06750000e+01,7.56250000e-02,-8.90625000e-02
3.09280000e-06,1.41875000e+00,1.07250000e+01,3.06250000e-02,-6.17187500e-02
3.09312000e-06,1.31875000e+00,1.09125000e+01,3.56250000e-02,-1.32031250e-01
3.09344000e-06,1.45625000e+00,1.07750000e+01,8.06250000e-02,-1.35937500e-01
3.09376000e-06,1.45625000e+00,1.08250000e+01,4.81250000e-02,-1.08593750e-01
3.09408000e-06,1.38125000e+00,1.08500000e+01,4.56250000e-02,-9.60937500e-02
3.09440000e-06,1.35625000e+00,1.07000000e+01,4.81250000e-02,-8.43750000e-02
3.09472000e-06,1.54375000e+00,1.08000000e+01,4.31250000e-02,-1.78125000e-01
3.09504000e-06,1.49375000e+00,1.07500000e+01,3.56250000e-02,-1.91406250e-01
3.09536000e-06,1.35312500e+00,1.07375000e+01,6.06250000e-02,-1.21875000e-01
3.09568000e-06,1.41562500e+00,1.08375000e+01,4.56250000e-02,-8.43750000e-02
3.09600000e-06,1.38125000e+00,1.09000000e+01,4.06250000e-02,-7.10937500e-02
3.09632000e-06,1.41875000e+00,1.07375000e+01,6.06250000e-02,-7.26562500e-02
3.09664000e-06,1.36875000e+00,1.08375000e+01,2.31250000e-02,-7.96875000e-02
3.09696000e-06,1.43125000e+00,1.09000000e+01,6.56250000e-02,-7.89062500e-02
3.09728000e-06,1.32812500e+00,1.07750000e+01,2.31250000e-02,-7.65625000e-02
3.09760000e-06,1.35625000e+00,1.08125000e+01,5.31250000e-02,-1.04687500e-01
3.09792000e-06,1.41875000e+00,1.08250000e+01,5.06250000e-02,-7.42187500e-02
3.09824000e-06,1.37812500e+00,1.06625000e+01,4.31250000e-02,-8.43750000e-02
3.09856000e-06,1.36875000e+00,1.08250000e+01,6.81250000e-02,-8.67187500e-02
3.09888000e-06,1.34375000e+00,1.08250000e+01,7.31250000e-02,-1.15625000e-01
3.09920000e-06,1.32812500e+00,1.07625000e+01,6.06250000e-02,-1.56250000e-02
3.09952000e-06,1.33125000e+00,1.08375000e+01,3.31250000e-02,-5.00000000e-02
3.09984000e-06,1.50625000e+00,1.07625000e+01,3.31250000e-02,-1.46875000e-01
3.10016000e-06,1.50312500e+00,1.08250000e+01,5.56250000e-02,-6.71875000e-02
3.10048000e-06,1.28437500e+00,1.08125000e+01,4.81250000e-02,-4.53125000e-02
3.10080000e-06,1.37812500e+00,1.09000000e+01,5.56250000e-02,-1.35937500e-01
3.10112000e-06,1.41875000e+00,1.07625000e+01,5.06250000e-02,-7.73437500e-02
3.10144000e-06,1.28437500e+00,1.07250000e+01,4.06250000e-02,-9.14062500e-02
3.10176000e-06,1.26250000e+00,1.08375000e+01,4.81250000e-02,-8.04687500e-02
3.10208000e-06,1.40625000e+00,1.06500000e+01,2.81250000e-02,-1.01562500e-02
3.10240000e-06,1.46562500e+00,1.06125000e+01,3.56250000e-02,-3.12500000e-02
3.10272000e-06,1.43125000e+00,1.07875000e+01,6.06250000e-02,-7.34375000e-02
3.10304000e-06,1.46875000e+00,1.08875000e+01,3.56250000e-02,-7.18750000e-02
3.10336000e-06,1.28750000e+00,1.07875000e+01,1.81250000e-02,-9.92187500e-02
3.10368000e-06,1.40625000e+00,1.07250000e+01,2.31250000e-02,-5.70312500e-02
3.10400000e-06,1.55625000e+00,1.08250000e+01,3.06250000e-02,1.09375000e-02
3.10432000e-06,1.50625000e+00,1.09000000e+01,6.81250000e-02,-3.04687500e-02
3.10464000e-06,1.37812500e+00,1.09375000e+01,5.06250000e-02,-1.04687500e-01
3.10496000e-06,1.34062500e+00,1.09000000e+01,4.06250000e-02,-1.43750000e-01
3.10528000e-06,1.43125000e+00,1.08875000e+01,6.06250000e-02,-1.42968750e-01
3.10560000e-06,1.33125000e+00,1.08125000e+01,4.06250000e-02,-1.81250000e-01
3.10592000e-06,1.35625000e+00,1.08125000e+01,2.56250000e-02,-1.87500000e-02
3.10624000e-06,1.31875000e+00,1.07375000e+01,5.06250000e-02,-4.53125000e-02
3.10656000e-06,1.35625000e+00,1.08000000e+01,6.56250000e-02,-1.00000000e-01
3.10688000e-06,1.36875000e+00,1.08000000e+01,2.06250000e-02,1.64062500e-02
3.10720000e-06,1.54375000e+00,1.07625000e+01,5.06250000e-02,1.32812500e-02
3.10752000e-06,1.44375000e+00,1.07125000e+01,4.31250000e-02,-5.70312500e-02
3.10784000e-06,1.35312500e+00,1.08875000e+01,3.81250000e-02,-5.00000000e-02
3.10816000e-06,1.36875000e+00,1.08250000e+01,6.06250000e-02,-6.71875000e-02
3.10848000e-06,1.40625000e+00,1.07250000e+01,4.56250000e-02,-9.68750000e-02
3.10880000e-06,1.34375000e+00,1.07875000e+01,2.56250000e-02,-6.17187500e-02
3.10912000e-06,1.35625000e+00,1.06750000e+01,5.62500000e-03,-7.18750000e-02
3.10944000e-06,1.40625000e+00,1.09875000e+01,6.81250000e-02,1.09375000e-02
3.10976000e-06,1.40625000e+00,1.08000000e+01,4.06250000e-02,-6.32812500e-02
3.11008000e-06,1.35625000e+00,1.07625000e+01,5.06250000e-02,-1.46093750e-01
3.11040000e-06,1.32812500e+00,1.08750000e+01,4.06250000e-02,-1.35156250e-01
3.11072000e-06,1.28750000e+00,1.08125000e+01,8.56250000e-02,-1.23437500e-01
3.11104000e-06,1.39375000e+00,1.07500000e+01,6.56250000e-02,-9.06250000e-02
3.11136000e-06,1.30000000e+00,1.07500000e+01,2.56250000e-02,-1.10156250e-01
3.11168000e-06,1.34375000e+00,1.06875000e+01,3.06250000e-02,-1.22656250e-01
3.11200000e-06,1.41875000e+00,1.08625000e+01,4.31250000e-02,7.03125000e-03
3.11232000e-06,1.34062500e+00,1.07250000e+01,1.56250000e-02,4.29687500e-02
3.11264000e-06,1.30625000e+00,1.08000000e+01,7.06250000e-02,-1.64062500e-02
3.11296000e-06,1.44375000e+00,1.08750000e+01,5.81250000e-02,-2.34375000e-03
3.11328000e-06,1.32812500e+00,1.07625000e+01,6.31250000e-02,-5.46875000e-03
3.11360000e-06,1.39375000e+00,1.08000000e+01,3.31250000e-02,-5.78125000e-02
3.11392000e-06,1.35312500e+00,1.08250000e+01,6.81250000e-02,-1.01562500e-01
3.11424000e-06,1.28437500e+00,1.08750000e+01,4.56250000e-02,-8.98437500e-02
3.11456000e-06,1.38125000e+00,1.08250000e+01,4.56250000e-02,-5.31250000e-02
3.11488000e-06,1.44062500e+00,1.08625000e+01,3.31250000e-02,-2.18750000e-02
3.11520000e-06,1.38125000e+00,1.09125000e+01,6.06250000e-02,-4.29687500e-02
3.11552000e-06,1.37812500e+00,1.07250000e+01,1.81250000e-02,-7.57812500e-02
3.11584000e-06,1.28750000e+00,1.08250000e+01,5.56250000e-02,-5.15625000e-02
3.11616000e-06,1.46875000e+00,1.08000000e+01,6.56250000e-02,7.81250000e-04
3.11648000e-06,1.33750000e+00,1.08125000e+01,5.56250000e-02,-3.67187500e-02
3.11680000e-06,1.30625000e+00,1.08000000e+01,5.56250000e-02,-4.53125000e-02
3.11712000e-06,1.39375000e+00,1.06875000e+01,5.31250000e-02,-3.28125000e-02
3.11744000e-06,1.44062500e+00,1.08000000e+01,5.56250000e-02,-1.46875000e-01
3.11776000e-06,1.46875000e+00,1.08500000e+01,4.56250000e-02,-1.54687500e-01
3.11808000e-06,1.41875000e+00,1.07125000e+01,3.56250000e-02,-8.20312500e-02
3.11840000e-06,1.43125000e+00,1.08500000e+01,3.31250000e-02,-2.57812500e-02
3.11872000e-06,1.39375000e+00,1.08375000e+01,4.06250000e-02,-8.59375000e-03
3.11904000e-06,1.27187500e+00,1.08000000e+01,2.81250000e-02,-3.28125000e-02
3.11936000e-06,1.40625000e+00,1.08000000e+01,4.56250000e-02,-6.01562500e-02
3.11968000e-06,1.44375000e+00,1.08375000e+01,5.06250000e-02,-3.51562500e-02
3.12000000e-06,1.42812500e+00,1.07875000e+01,5.06250000e-02,-6.09375000e-02
3.12032000e-06,1.36875000e+00,1.08250000e+01,4.06250000e-02,-8.20312500e-02
3.12064000e-06,1.40625000e+00,1.06750000e+01,2.56250000e-02,-6.09375000e-02
3.12096000e-06,1.50625000e+00,1.07500000e+01,2.56250000e-02,-1.05468750e-01
3.12128000e-06,1.38125000e+00,1.08125000e+01,4.31250000e-02,-1.39843750e-01
3.12160000e-06,1.37812500e+00,1.08750000e+01,5.56250000e-02,-1.39062500e-01
3.12192000e-06,1.36875000e+00,1.06875000e+01,5.06250000e-02,-9.45312500e-02
3.12224000e-06,1.39375000e+00,1.06625000e+01,3.56250000e-02,-4.29687500e-02
3.12256000e-06,1.31875000e+00,1.07375000e+01,4.06250000e-02,-9.84375000e-02
3.12288000e-06,1.36875000e+00,1.07750000e+01,5.06250000e-02,-7.18750000e-02
3.12320000e-06,1.43125000e+00,1.07000000e+01,3.81250000e-02,-4.14062500e-02
3.12352000e-06,1.43125000e+00,1.08875000e+01,4.56250000e-02,-5.15625000e-02
3.12384000e-06,1.33125000e+00,1.07218750e+01,5.56250000e-02,-4.76562500e-02
3.12416000e-06,1.23437500e+00,1.05812500e+01,3.56250000e-02,-6.95312500e-02
3.12448000e-06,1.35625000e+00,1.08125000e+01,4.06250000e-02,-2.26562500e-02
3.12480000e-06,1.46875000e+00,1.08625000e+01,3.56250000e-02,-1.48437500e-02
3.12512000e-06,1.49062500e+00,1.08750000e+01,2.81250000e-02,-5.46875000e-02
3.12544000e-06,1.34375000e+00,1.07968750e+01,6.31250000e-02,-1.35156250e-01
3.12576000e-06,1.36875000e+00,1.06875000e+01,6.06250000e-02,-2.27343750e-01
3.12608000e-06,1.36875000e+00,1.07000000e+01,7.06250000e-02,-1.89062500e-01
3.12640000e-06,1.39375000e+00,1.07875000e+01,4.81250000e-02,-7.26562500e-02
3.12672000e-06,1.50625000e+00,1.07750000e+01,4.56250000e-02,-1.57031250e-01
3.12704000e-06,1.39375000e+00,1.07875000e+01,3.81250000e-02,-1.28906250e-01
3.12736000e-06,1.42812500e+00,1.08375000e+01,5.81250000e-02,-8.51562500e-02
3.12768000e-06,1.25937500e+00,1.07750000e+01,2.06250000e-02,2.34375000e-03
3.12800000e-06,1.27500000e+00,1.06500000e+01,5.56250000e-02,-3.20312500e-02
3.12832000e-06,1.51875000e+00,1.06875000e+01,2.31250000e-02,-1.60156250e-01
3.12864000e-06,1.46562500e+00,1.08375000e+01,2.56250000e-02,-1.39843750e-01
3.12896000e-06,1.31250000e+00,1.09500000e+01,3.31250000e-02,-1.68750000e-01
3.12928000e-06,1.37812500e+00,1.08750000e+01,3.31250000e-02,-1.12500000e-01
3.12960000e-06,1.49375000e+00,1.07125000e+01,5.06250000e-02,3.90625000e-03
3.12992000e-06,1.49062500e+00,1.08000000e+01,4.81250000e-02,2.42187500e-02
3.13024000e-06,1.41875000e+00,1.09125000e+01,1.31250000e-02,-1.64062500e-02
3.13056000e-06,1.25937500e+00,1.07000000e+01,4.81250000e-02,-8.59375000e-02
3.13088000e-06,1.45625000e+00,1.06625000e+01,4.06250000e-02,-2.10156250e-01
3.13120000e-06,1.48125000e+00,1.08500000e+01,5.56250000e-02,-1.50000000e-01
3.13152000e-06,1.45625000e+00,1.08500000e+01,4.31250000e-02,-8.59375000e-02
3.13184000e-06,1.37812500e+00,1.08125000e+01,1.31250000e-02,-8.12500000e-02
3.13216000e-06,1.41875000e+00,1.07375000e+01,4.56250000e-02,-9.76562500e-02
3.13248000e-06,1.36875000e+00,1.08125000e+01,4.06250000e-02,-7.89062500e-02
3.13280000e-06,1.44375000e+00,1.08750000e+01,3.56250000e-02,-8.98437500e-02
3.13312000e-06,1.39375000e+00,1.08125000e+01,6.56250000e-02,-1.83593750e-01
3.13344000e-06,1.40625000e+00,1.07375000e+01,5.31250000e-02,-7.26562500e-02
3.13376000e-06,1.54375000e+00,1.07875000e+01,7.06250000e-02,-8.75000000e-02
3.13408000e-06,1.23437500e+00,1.08750000e+01,3.31250000e-02,-1.00000000e-01
3.13440000e-06,1.37812500e+00,1.08500000e+01,5.56250000e-02,-4.84375000e-02
3.13472000e-06,1.37812500e+00,1.07250000e+01,5.31250000e-02,-8.12500000e-02
3.13504000e-06,1.27187500e+00,1.07750000e+01,3.81250000e-02,-4.92187500e-02
3.13536000e-06,1.38125000e+00,1.08875000e+01,4.81250000e-02,-4.68750000e-03
3.13568000e-06,1.41562500e+00,1.08375000e+01,6.56250000e-02,-9.45312500e-02
3.13600000e-06,1.40625000e+00,1.06750000e+01,4.56250000e-02,-1.38281250e-01
3.13632000e-06,1.23437500e+00,1.08500000e+01,5.06250000e-02,-1.15625000e-01
3.13664000e-06,1.38125000e+00,1.08125000e+01,4.81250000e-02,-1.39062500e-01
3.13696000e-06,1.35625000e+00,1.07500000e+01,4.81250000e-02,-1.40625000e-01
3.13728000e-06,1.44062500e+00,1.07875000e+01,4.31250000e-02,-2.34375000e-02
3.13760000e-06,1.40625000e+00,1.08500000e+01,3.12500000e-03,-9.37500000e-03
3.13792000e-06,1.50625000e+00,1.08000000e+01,3.56250000e-02,-8.35937500e-02
3.13824000e-06,1.23437500e+00,1.09500000e+01,1.81250000e-02,-1.10156250e-01
3.13856000e-06,1.35312500e+00,1.08375000e+01,3.81250000e-02,-7.18750000e-02
3.13888000e-06,1.48125000e+00,1.08625000e+01,3.56250000e-02,-1.04687500e-01
3.13920000e-06,1.31562500e+00,1.07625000e+01,5.81250000e-02,-1.21093750e-01
3.13952000e-06,1.33125000e+00,1.08125000e+01,1.56250000e-02,-1.19531250e-01
3.13984000e-06,1.49375000e+00,1.07625000e+01,2.56250000e-02,-3.51562500e-02
3.14016000e-06,1.40625000e+00,1.10000000e+01,3.81250000e-02,1.17187500e-02
3.14048000e-06,1.35625000e+00,1.08625000e+01,3.56250000e-02,-2.34375000e-02
3.14080000e-06,1.38125000e+00,1.07500000e+01,5.06250000e-02,-7.81250000e-02
3.14112000e-06,1.34375000e+00,1.06375000e+01,6.31250000e-02,-1.23437500e-01
3.14144000e-06,1.45625000e+00,1.08500000e+01,6.31250000e-02,-6.40625000e-02
3.14176000e-06,1.49375000e+00,1.09125000e+01,3.56250000e-02,-7.96875000e-02
3.14208000e-06,1.36875000e+00,1.07875000e+01,4.31250000e-02,-8.67187500e-02
3.14240000e-06,1.32812500e+00,1.07125000e+01,2.56250000e-02,-4.76562500e-02
3.14272000e-06,1.36875000e+00,1.08000000e+01,6.06250000e-02,-6.09375000e-02
3.14304000e-06,1.50625000e+00,1.07750000e+01,3.81250000e-02,-1.32812500e-01
3.14336000e-06,1.30312500e+00,1.08375000e+01,4.06250000e-02,-1.00000000e-01
3.14368000e-06,1.27187500e+00,1.06875000e+01,5.81250000e-02,-3.90625000e-02
3.14400000e-06,1.48125000e+00,1.07625000e+01,4.56250000e-02,-2.57812500e-02
3.14432000e-06,1.28437500e+00,1.06875000e+01,4.06250000e-02,-6.79687500e-02
3.14464000e-06,1.44375000e+00,1.08125000e+01,4.56250000e-02,-6.48437500e-02
3.14496000e-06,1.30625000e+00,1.08375000e+01,3.06250000e-02,-6.17187500e-02
3.14528000e-06,1.40625000e+00,1.07875000e+01,1.81250000e-02,-4.60937500e-02
3.14560000e-06,1.44375000e+00,1.07750000e+01,6.56250000e-02,-3.82812500e-02
3.14592000e-06,1.39375000e+00,1.09125000e+01,4.81250000e-02,-1.02343750e-01
3.14624000e-06,1.41875000e+00,1.08625000e+01,5.06250000e-02,-1.06250000e-01
3.14656000e-06,1.39375000e+00,1.08625000e+01,7.31250000e-02,-6.56250000e-02
3.14688000e-06,1.43125000e+00,1.07750000e+01,6.06250000e-02,-1.08593750e-01
3.14720000e-06,1.25937500e+00,1.07875000e+01,4.06250000e-02,-7.10937500e-02
3.14752000e-06,1.40625000e+00,1.08125000e+01,2.56250000e-02,-4.21875000e-02
3.14784000e-06,1.34375000e+00,1.08375000e+01,5.81250000e-02,-4.53125000e-02
3.14816000e-06,1.39062500e+00,1.07750000e+01,5.81250000e-02,-5.78125000e-02
3.14848000e-06,1.36875000e+00,1.08375000e+01,4.56250000e-02,-9.14062500e-02
3.14880000e-06,1.27500000e+00,1.08375000e+01,4.56250000e-02,-1.41406250e-01
3.14912000e-06,1.48125000e+00,1.08625000e+01,4.81250000e-02,-1.26562500e-01
3.14944000e-06,1.41875000e+00,1.07750000e+01,5.56250000e-02,-9.68750000e-02
3.14976000e-06,1.39375000e+00,1.07250000e+01,5.06250000e-02,-7.96875000e-02
3.15008000e-06,1.44375000e+00,1.07875000e+01,4.81250000e-02,-6.32812500e-02
3.15040000e-06,1.41875000e+00,1.08750000e+01,4.06250000e-02,-7.81250000e-03
3.15072000e-06,1.39375000e+00,1.09625000e+01,8.06250000e-02,-7.96875000e-02
3.15104000e-06,1.50625000e+00,1.06968750e+01,7.06250000e-02,-1.22656250e-01
3.15136000e-06,1.30312500e+00,1.06000000e+01,7.56250000e-02,-2.14062500e-01
3.15168000e-06,1.21875000e+00,1.08875000e+01,6.31250000e-02,-1.92968750e-01
3.15200000e-06,1.35625000e+00,1.07343750e+01,3.06250000e-02,-8.90625000e-02
3.15232000e-06,1.31250000e+00,1.07593750e+01,5.31250000e-02,-1.16406250e-01
3.15264000e-06,1.31562500e+00,1.06375000e+01,3.31250000e-02,-1.44531250e-01
3.15296000e-06,1.38125000e+00,1.08000000e+01,3.81250000e-02,-1.04687500e-01
3.15328000e-06,1.51562500e+00,1.08500000e+01,5.31250000e-02,-8.82812500e-02
3.15360000e-06,1.34375000e+00,1.08250000e+01,4.56250000e-02,-6.40625000e-02
3.15392000e-06,1.36562500e+00,1.07875000e+01,4.31250000e-02,-1.06250000e-01
3.15424000e-06,1.33125000e+00,1.08125000e+01,5.56250000e-02,-1.48437500e-01
3.15456000e-06,1.41875000e+00,1.07625000e+01,5.31250000e-02,-1.16406250e-01
3.15488000e-06,1.44375000e+00,1.08625000e+01,8.31250000e-02,-1.46093750e-01
3.15520000e-06,1.22187500e+00,1.07250000e+01,5.31250000e-02,-1.28125000e-01
3.15552000e-06,1.27187500e+00,1.07125000e+01,4.81250000e-02,-8.35937500e-02
3.15584000e-06,1.43125000e+00,1.08500000e+01,5.31250000e-02,-7.89062500e-02
3.15616000e-06,1.37812500e+00,1.08375000e+01,4.06250000e-02,-2.14843750e-01
3.15648000e-06,1.36875000e+00,1.06375000e+01,3.81250000e-02,-1.94531250e-01
3.15680000e-06,1.30625000e+00,1.07875000e+01,3.81250000e-02,-1.15625000e-01
3.15712000e-06,1.34375000e+00,1.08000000e+01,5.31250000e-02,-1.49218750e-01
3.15744000e-06,1.28750000e+00,1.09500000e+01,3.81250000e-02,-1.12500000e-01
3.15776000e-06,1.49375000e+00,1.07375000e+01,6.56250000e-02,-6.25000000e-02
3.15808000e-06,1.53125000e+00,1.08750000e+01,3.81250000e-02,-5.15625000e-02
3.15840000e-06,1.28437500e+00,1.08750000e+01,3.31250000e-02,-9.76562500e-02
3.15872000e-06,1.32812500e+00,1.07375000e+01,4.06250000e-02,-1.16406250e-01
3.15904000e-06,1.36875000e+00,1.07375000e+01,5.81250000e-02,-2.81250000e-02
3.15936000e-06,1.35312500e+00,1.08125000e+01,7.06250000e-02,-8.90625000e-02
3.15968000e-06,1.33125000e+00,1.09000000e+01,5.06250000e-02,-1.57812500e-01
3.16000000e-06,1.35312500e+00,1.07250000e+01,4.06250000e-02,-1.31250000e-01
3.16032000e-06,1.34375000e+00,1.08125000e+01,6.31250000e-02,-8.75000000e-02
3.16064000e-06,1.35625000e+00,1.09375000e+01,6.81250000e-02,-1.14843750e-01
3.16096000e-06,1.26875000e+00,1.08250000e+01,2.31250000e-02,-3.90625000e-02
3.16128000e-06,1.31875000e+00,1.08750000e+01,3.56250000e-02,-2.81250000e-02
3.16160000e-06,1.48125000e+00,1.07250000e+01,3.06250000e-02,-9.37500000e-02
3.16192000e-06,1.31562500e+00,1.08625000e+01,6.06250000e-02,-1.24218750e-01
3.16224000e-06,1.36875000e+00,1.08750000e+01,4.81250000e-02,-1.94531250e-01
3.16256000e-06,1.37812500e+00,1.08375000e+01,3.81250000e-02,-1.28125000e-01
3.16288000e-06,1.30625000e+00,1.08250000e+01,5.56250000e-02,-8.51562500e-02
3.16320000e-06,1.46875000e+00,1.08750000e+01,4.81250000e-02,-6.17187500e-02
3.16352000e-06,1.40312500e+00,1.07500000e+01,2.81250000e-02,-2.03125000e-02
3.16384000e-06,1.36875000e+00,1.08375000e+01,4.31250000e-02,1.71875000e-02
3.16416000e-06,1.40625000e+00,1.08125000e+01,6.56250000e-02,-2.03125000e-02
3.16448000e-06,1.44375000e+00,1.09875000e+01,5.81250000e-02,-1.43750000e-01
3.16480000e-06,1.31875000e+00,1.08500000e+01,2.56250000e-02,-1.19531250e-01
3.16512000e-06,1.44375000e+00,1.06625000e+01,4.81250000e-02,-9.37500000e-02
3.16544000e-06,1.40625000e+00,1.07125000e+01,6.06250000e-02,-1.31250000e-01
3.16576000e-06,1.31875000e+00,1.08500000e+01,5.56250000e-02,-1.31250000e-01
3.16608000e-06,1.34375000e+00,1.07500000e+01,4.56250000e-02,-1.22656250e-01
3.16640000e-06,1.34375000e+00,1.08125000e+01,5.06250000e-02,-1.17187500e-01
3.16672000e-06,1.28750000e+00,1.07375000e+01,4.81250000e-02,-6.71875000e-02
3.16704000e-06,1.41875000e+00,1.10250000e+01,4.81250000e-02,-1.13281250e-01
3.16736000e-06,1.30312500e+00,1.07875000e+01,3.31250000e-02,-1.80468750e-01
3.16768000e-06,1.28750000e+00,1.07125000e+01,5.06250000e-02,-2.05468750e-01
3.16800000e-06,1.45625000e+00,1.07625000e+01,5.81250000e-02,-1.85156250e-01
3.16832000e-06,1.42812500e+00,1.08125000e+01,3.81250000e-02,-1.25781250e-01
3.16864000e-06,1.28437500e+00,1.07875000e+01,5.81250000e-02,-6.48437500e-02
3.16896000e-06,1.30625000e+00,1.07500000e+01,6.56250000e-02,-8.67187500e-02
3.16928000e-06,1.35625000e+00,1.07000000e+01,4.06250000e-02,-1.61718750e-01
3.16960000e-06,1.46562500e+00,1.09000000e+01,5.56250000e-02,-1.50000000e-01
3.16992000e-06,1.36875000e+00,1.07500000e+01,2.06250000e-02,-1.19531250e-01
3.17024000e-06,1.33125000e+00,1.09625000e+01,4.06250000e-02,-1.21093750e-01
3.17056000e-06,1.48125000e+00,1.08000000e+01,8.06250000e-02,-1.15625000e-01
3.17088000e-06,1.38125000e+00,1.07125000e+01,6.31250000e-02,-8.28125000e-02
3.17120000e-06,1.40625000e+00,1.08250000e+01,4.81250000e-02,-4.76562500e-02
3.17152000e-06,1.31875000e+00,1.08125000e+01,7.06250000e-02,-7.89062500e-02
3.17184000e-06,1.43125000e+00,1.07250000e+01,3.56250000e-02,-2.81250000e-02
3.17216000e-06,1.35625000e+00,1.07625000e+01,4.56250000e-02,-1.40625000e-02
3.17248000e-06,1.39375000e+00,1.07750000e+01,6.06250000e-02,-2.57812500e-02
3.17280000e-06,1.46875000e+00,1.07125000e+01,6.31250000e-02,-5.00000000e-02
3.17312000e-06,1.43125000e+00,1.07875000e+01,7.31250000e-02,-1.45312500e-01
3.17344000e-06,1.44375000e+00,1.07750000e+01,3.81250000e-02,-2.10937500e-01
3.17376000e-06,1.45625000e+00,1.07750000e+01,3.81250000e-02,-1.12500000e-01
3.17408000e-06,1.36875000e+00,1.08875000e+01,2.81250000e-02,-1.09375000e-02
3.17440000e-06,1.35625000e+00,1.08000000e+01,3.31250000e-02,-8.35937500e-02
3.17472000e-06,1.38125000e+00,1.08125000e+01,5.31250000e-02,-7.73437500e-02
3.17504000e-06,1.27187500e+00,1.07625000e+01,3.06250000e-02,-1.16406250e-01
3.17536000e-06,1.28750000e+00,1.08375000e+01,2.31250000e-02,-1.28125000e-01
3.17568000e-06,1.40625000e+00,1.09000000e+01,3.81250000e-02,-1.34375000e-01
3.17600000e-06,1.40312500e+00,1.10000000e+01,4.81250000e-02,-1.73437500e-01
3.17632000e-06,1.40625000e+00,1.08375000e+01,4.81250000e-02,-1.47656250e-01
3.17664000e-06,1.36875000e+00,1.09000000e+01,6.56250000e-02,-1.07812500e-01
3.17696000e-06,1.41875000e+00,1.08875000e+01,7.06250000e-02,-8.28125000e-02
3.17728000e-06,1.41875000e+00,1.08750000e+01,5.31250000e-02,-1.28125000e-01
3.17760000e-06,1.27187500e+00,1.07000000e+01,4.81250000e-02,-9.21875000e-02
3.17792000e-06,1.30625000e+00,1.08250000e+01,5.31250000e-02,-1.31250000e-01
3.17824000e-06,1.51875000e+00,1.08500000e+01,3.56250000e-02,-1.75781250e-01
3.17856000e-06,1.36562500e+00,1.08875000e+01,1.81250000e-02,-2.00000000e-01
3.17888000e-06,1.40000000e+00,1.08125000e+01,3.31250000e-02,-1.09375000e-01
3.17920000e-06,1.27187500e+00,1.08500000e+01,5.81250000e-02,-4.29687500e-02
3.17952000e-06,1.31875000e+00,1.08750000e+01,3.81250000e-02,-1.30468750e-01
3.17984000e-06,1.61562500e+00,1.09500000e+01,4.81250000e-02,-1.89062500e-01
3.18016000e-06,1.33750000e+00,1.08125000e+01,3.81250000e-02,-1.80468750e-01
3.18048000e-06,1.20625000e+00,1.08250000e+01,6.06250000e-02,-1.92968750e-01
3.18080000e-06,1.35312500e+00,1.06625000e+01,5.31250000e-02,-1.82031250e-01
3.18112000e-06,1.50312500e+00,1.08875000e+01,3.81250000e-02,-1.07031250e-01
3.18144000e-06,1.46562500e+00,1.07875000e+01,5.56250000e-02,-7.10937500e-02
3.18176000e-06,1.36562500e+00,1.07375000e+01,2.81250000e-02,-9.29687500e-02
3.18208000e-06,1.35625000e+00,1.09250000e+01,4.56250000e-02,-9.37500000e-02
3.18240000e-06,1.33125000e+00,1.08000000e+01,4.31250000e-02,-1.60937500e-01
3.18272000e-06,1.59375000e+00,1.07375000e+01,4.56250000e-02,-1.16406250e-01
3.18304000e-06,1.36562500e+00,1.08000000e+01,6.06250000e-02,-8.67187500e-02
3.18336000e-06,1.36562500e+00,1.07750000e+01,3.81250000e-02,-9.29687500e-02
3.18368000e-06,1.42812500e+00,1.08125000e+01,4.06250000e-02,-1.05468750e-01
3.18400000e-06,1.36562500e+00,1.09000000e+01,3.81250000e-02,-1.09375000e-02
3.18432000e-06,1.30625000e+00,1.10000000e+01,5.06250000e-02,-1.08593750e-01
3.18464000e-06,1.35625000e+00,1.07125000e+01,4.56250000e-02,-1.98437500e-01
3.18496000e-06,1.41875000e+00,1.08625000e+01,4.56250000e-02,-1.28906250e-01
3.18528000e-06,1.45625000e+00,1.08125000e+01,1.56250000e-02,-1.62500000e-01
3.18560000e-06,1.36875000e+00,1.07750000e+01,5.06250000e-02,-1.78125000e-01
3.18592000e-06,1.30625000e+00,1.06625000e+01,5.31250000e-02,-7.65625000e-02
3.18624000e-06,1.35625000e+00,1.09125000e+01,3.81250000e-02,-3.04687500e-02
3.18656000e-06,1.44375000e+00,1.07375000e+01,3.06250000e-02,-4.14062500e-02
3.18688000e-06,1.39375000e+00,1.08375000e+01,3.06250000e-02,-7.10937500e-02
3.18720000e-06,1.45625000e+00,1.07875000e+01,8.31250000e-02,-1.50781250e-01
3.18752000e-06,1.34375000e+00,1.08625000e+01,5.81250000e-02,-7.26562500e-02
3.18784000e-06,1.50625000e+00,1.09000000e+01,2.81250000e-02,-3.59375000e-02
3.18816000e-06,1.38125000e+00,1.08375000e+01,2.81250000e-02,-6.79687500e-02
3.18848000e-06,1.37812500e+00,1.08125000e+01,6.81250000e-02,-4.29687500e-02
3.18880000e-06,1.41875000e+00,1.06875000e+01,6.31250000e-02,-9.37500000e-02
3.18912000e-06,1.48125000e+00,1.07500000e+01,4.56250000e-02,-1.09375000e-01
3.18944000e-06,1.28750000e+00,1.08125000e+01,4.81250000e-02,-1.35156250e-01
3.18976000e-06,1.40625000e+00,1.08000000e+01,1.81250000e-02,-1.27343750e-01
3.19008000e-06,1.46875000e+00,1.07750000e+01,4.81250000e-02,-1.21093750e-01
3.19040000e-06,1.43125000e+00,1.08375000e+01,3.81250000e-02,-1.35156250e-01
3.19072000e-06,1.41875000e+00,1.09000000e+01,3.31250000e-02,-1.71093750e-01
3.19104000e-06,1.22187500e+00,1.08000000e+01,4.81250000e-02,-1.28125000e-01
3.19136000e-06,1.35625000e+00,1.07250000e+01,5.81250000e-02,-7.10937500e-02
3.19168000e-06,1.40625000e+00,1.07250000e+01,3.81250000e-02,-1.56250000e-02
3.19200000e-06,1.32812500e+00,1.07500000e+01,4.56250000e-02,-1.25781250e-01
3.19232000e-06,1.38125000e+00,1.08125000e+01,4.56250000e-02,-1.75000000e-01
3.19264000e-06,1.39375000e+00,1.08250000e+01,7.31250000e-02,-1.00781250e-01
3.19296000e-06,1.36875000e+00,1.08250000e+01,4.81250000e-02,-1.17968750e-01
3.19328000e-06,1.35625000e+00,1.08250000e+01,5.81250000e-02,-1.04687500e-01
3.19360000e-06,1.34062500e+00,1.09250000e+01,5.81250000e-02,-1.14062500e-01
3.19392000e-06,1.33125000e+00,1.09750000e+01,4.06250000e-02,-1.20312500e-01
3.19424000e-06,1.43125000e+00,1.07750000e+01,6.31250000e-02,-1.25000000e-01
3.19456000e-06,1.32812500e+00,1.09500000e+01,5.06250000e-02,-9.68750000e-02
3.19488000e-06,1.39375000e+00,1.08375000e+01,4.31250000e-02,-1.41406250e-01
3.19520000e-06,1.40625000e+00,1.07000000e+01,8.06250000e-02,-1.61718750e-01
3.19552000e-06,1.41875000e+00,1.08000000e+01,6.06250000e-02,-1.23437500e-01
3.19584000e-06,1.41875000e+00,1.09250000e+01,6.56250000e-02,-1.64062500e-01
3.19616000e-06,1.51875000e+00,1.06875000e+01,4.06250000e-02,-2.72656250e-01
3.19648000e-06,1.33125000e+00,1.08125000e+01,2.81250000e-02,-2.25000000e-01
3.19680000e-06,1.35312500e+00,1.08500000e+01,5.81250000e-02,-9.37500000e-02
3.19712000e-06,1.38125000e+00,1.07125000e+01,3.56250000e-02,-9.92187500e-02
3.19744000e-06,1.28750000e+00,1.08000000e+01,4.06250000e-02,-1.51562500e-01
3.19776000e-06,1.45625000e+00,1.08750000e+01,5.56250000e-02,-8.59375000e-02
3.19808000e-06,1.34375000e+00,1.09500000e+01,2.06250000e-02,-5.85937500e-02
3.19840000e-06,1.36875000e+00,1.08125000e+01,5.56250000e-02,-1.64062500e-01
3.19872000e-06,1.27187500e+00,1.07875000e+01,6.31250000e-02,-1.93750000e-01
3.19904000e-06,1.36875000e+00,1.08750000e+01,7.56250000e-02,-6.95312500e-02
3.19936000e-06,1.48125000e+00,1.06375000e+01,3.56250000e-02,-4.84375000e-02
3.19968000e-06,1.39062500e+00,1.07875000e+01,3.06250000e-02,-3.75000000e-02
3.20000000e-06,1.35625000e+00,1.08625000e+01,6.81250000e-02,-1.12500000e-01
3.20032000e-06,1.41875000e+00,1.08625000e+01,4.81250000e-02,-1.31250000e-01
3.20064000e-06,1.49375000e+00,1.07750000e+01,5.31250000e-02,-1.31250000e-01
3.20096000e-06,1.35625000e+00,1.06875000e+01,4.81250000e-02,-1.83593750e-01
3.20128000e-06,1.45312500e+00,1.07500000e+01,7.56250000e-02,-1.58593750e-01
3.20160000e-06,1.35625000e+00,1.08375000e+01,3.06250000e-02,-6.17187500e-02
3.20192000e-06,1.43125000e+00,1.07750000e+01,4.81250000e-02,-5.93750000e-02
3.20224000e-06,1.45625000e+00,1.08000000e+01,5.06250000e-02,-1.52343750e-01
3.20256000e-06,1.40625000e+00,1.07000000e+01,3.31250000e-02,-1.06250000e-01
3.20288000e-06,1.37812500e+00,1.08625000e+01,4.56250000e-02,-6.01562500e-02
3.20320000e-06,1.15937500e+00,1.08125000e+01,5.06250000e-02,-1.35156250e-01
3.20352000e-06,1.21250000e+00,1.07000000e+01,5.31250000e-02,-1.59375000e-01
3.20384000e-06,1.45312500e+00,1.07875000e+01,5.31250000e-02,-9.37500000e-02
3.20416000e-06,1.35312500e+00,1.08250000e+01,3.06250000e-02,-4.53125000e-02
3.20448000e-06,1.43125000e+00,1.07375000e+01,3.56250000e-02,-8.35937500e-02
3.20480000e-06,1.31562500e+00,1.08750000e+01,1.56250000e-02,-8.35937500e-02
3.20512000e-06,1.26250000e+00,1.08125000e+01,5.31250000e-02,-1.20312500e-01
3.20544000e-06,1.32812500e+00,1.07625000e+01,4.81250000e-02,-1.42187500e-01
3.20576000e-06,1.31562500e+00,1.07375000e+01,7.31250000e-02,-1.06250000e-01
3.20608000e-06,1.37812500e+00,1.08500000e+01,6.06250000e-02,-6.87500000e-02
3.20640000e-06,1.30312500e+00,1.06500000e+01,5.81250000e-02,-6.87500000e-02
3.20672000e-06,1.44375000e+00,1.08125000e+01,5.06250000e-02,-3.20312500e-02
3.20704000e-06,1.35312500e+00,1.08500000e+01,6.06250000e-02,-3.67187500e-02
3.20736000e-06,1.28437500e+00,1.07500000e+01,4.56250000e-02,-1.30468750e-01
3.20768000e-06,1.25000000e+00,1.07500000e+01,6.31250000e-02,-1.89843750e-01
3.20800000e-06,1.30312500e+00,1.09000000e+01,6.31250000e-02,-1.58593750e-01
3.20832000e-06,1.20937500e+00,1.07375000e+01,5.56250000e-02,-1.12500000e-01
3.20864000e-06,1.38125000e+00,1.08375000e+01,8.31250000e-02,-1.53906250e-01
3.20896000e-06,1.34062500e+00,1.06750000e+01,4.06250000e-02,-1.41406250e-01
3.20928000e-06,1.43125000e+00,1.06500000e+01,3.31250000e-02,-1.28125000e-01
3.20960000e-06,1.33125000e+00,1.09000000e+01,2.81250000e-02,-6.56250000e-02
3.20992000e-06,1.45625000e+00,1.08125000e+01,6.81250000e-02,-5.93750000e-02
3.21024000e-06,1.45625000e+00,1.07500000e+01,6.31250000e-02,-7.65625000e-02
3.21056000e-06,1.36875000e+00,1.08875000e+01,5.56250000e-02,-6.17187500e-02
3.21088000e-06,1.40625000e+00,1.06875000e+01,2.81250000e-02,-9.84375000e-02
3.21120000e-06,1.45625000e+00,1.08125000e+01,5.31250000e-02,-1.26562500e-01
3.21152000e-06,1.46875000e+00,1.07875000e+01,6.06250000e-02,-9.92187500e-02
3.21184000e-06,1.36875000e+00,1.07625000e+01,4.81250000e-02,-1.51562500e-01
3.21216000e-06,1.34375000e+00,1.08500000e+01,5.06250000e-02,-1.90625000e-01
3.21248000e-06,1.34375000e+00,1.08125000e+01,7.81250000e-02,-1.46093750e-01
3.21280000e-06,1.33125000e+00,1.08375000e+01,4.56250000e-02,-1.02343750e-01
3.21312000e-06,1.43125000e+00,1.08250000e+01,6.81250000e-02,-3.82812500e-02
3.21344000e-06,1.35625000e+00,1.08250000e+01,2.81250000e-02,-1.34375000e-01
3.21376000e-06,1.34375000e+00,1.08250000e+01,3.56250000e-02,-1.19531250e-01
3.21408000e-06,1.35312500e+00,1.08625000e+01,6.56250000e-02,-7.18750000e-02
3.21440000e-06,1.35625000e+00,1.07625000e+01,4.31250000e-02,-1.22656250e-01
3.21472000e-06,1.32812500e+00,1.07875000e+01,6.56250000e-02,-1.46093750e-01
3.21504000e-06,1.18125000e+00,1.07875000e+01,7.31250000e-02,-1.27343750e-01
3.21536000e-06,1.28750000e+00,1.06625000e+01,4.56250000e-02,-9.53125000e-02
3.21568000e-06,1.39062500e+00,1.08875000e+01,5.06250000e-02,-5.54687500e-02
3.21600000e-06,1.23437500e+00,1.09500000e+01,3.56250000e-02,-2.50000000e-02
3.21632000e-06,1.36875000e+00,1.08375000e+01,6.56250000e-02,-8.12500000e-02
3.21664000e-06,1.35312500e+00,1.06375000e+01,8.31250000e-02,-1.38281250e-01
3.21696000e-06,1.27500000e+00,1.08000000e+01,4.31250000e-02,-1.43750000e-01
3.21728000e-06,1.44375000e+00,1.06875000e+01,3.31250000e-02,-2.26562500e-01
3.21760000e-06,1.41562500e+00,1.08250000e+01,5.31250000e-02,-1.60156250e-01
3.21792000e-06,1.43125000e+00,1.08750000e+01,4.06250000e-02,-1.45312500e-01
3.21824000e-06,1.23750000e+00,1.10000000e+01,3.56250000e-02,-1.42187500e-01
3.21856000e-06,1.37812500e+00,1.08125000e+01,6.31250000e-02,-4.76562500e-02
3.21888000e-06,1.17187500e+00,1.08375000e+01,3.06250000e-02,-5.54687500e-02
3.21920000e-06,1.31875000e+00,1.07500000e+01,4.56250000e-02,-1.25781250e-01
3.21952000e-06,1.31562500e+00,1.08000000e+01,4.06250000e-02,-1.50000000e-01
3.21984000e-06,1.37812500e+00,1.08375000e+01,4.81250000e-02,-6.56250000e-02
3.22016000e-06,1.40625000e+00,1.09250000e+01,8.31250000e-02,-8.35937500e-02
3.22048000e-06,1.34375000e+00,1.07250000e+01,2.56250000e-02,-1.05468750e-01
3.22080000e-06,1.38125000e+00,1.07750000e+01,5.06250000e-02,-4.60937500e-02
3.22112000e-06,1.27500000e+00,1.07500000e+01,3.06250000e-02,-1.11718750e-01
3.22144000e-06,1.38125000e+00,1.08500000e+01,5.06250000e-02,-1.00781250e-01
3.22176000e-06,1.49375000e+00,1.07625000e+01,5.56250000e-02,-1.48437500e-02
3.22208000e-06,1.40625000e+00,1.08750000e+01,3.06250000e-02,-5.07812500e-02
3.22240000e-06,1.41875000e+00,1.07375000e+01,4.56250000e-02,-4.06250000e-02
3.22272000e-06,1.39375000e+00,1.07750000e+01,5.06250000e-02,-1.10156250e-01
3.22304000e-06,1.35625000e+00,1.06875000e+01,5.06250000e-02,-1.41406250e-01
3.22336000e-06,1.27187500e+00,1.07500000e+01,6.06250000e-02,-8.51562500e-02
3.22368000e-06,1.38125000e+00,1.07750000e+01,5.56250000e-02,-8.12500000e-02
3.22400000e-06,1.43125000e+00,1.08000000e+01,5.06250000e-02,-7.57812500e-02
3.22432000e-06,1.37812500e+00,1.07750000e+01,2.56250000e-02,-7.18750000e-02
3.22464000e-06,1.30625000e+00,1.07000000e+01,4.81250000e-02,-5.00000000e-02
3.22496000e-06,1.44375000e+00,1.07000000e+01,5.81250000e-02,-1.29687500e-01
3.22528000e-06,1.45312500e+00,1.08375000e+01,2.81250000e-02,-1.15625000e-01
3.22560000e-06,1.14687500e+00,1.07875000e+01,3.31250000e-02,-1.22656250e-01
3.22592000e-06,1.44375000e+00,1.08375000e+01,6.06250000e-02,-1.57812500e-01
3.22624000e-06,1.42812500e+00,1.09000000e+01,6.31250000e-02,-4.53125000e-02
3.22656000e-06,1.32812500e+00,1.08500000e+01,5.06250000e-02,-2.50000000e-02
3.22688000e-06,1.36562500e+00,1.07000000e+01,3.56250000e-02,1.95312500e-02
3.22720000e-06,1.26250000e+00,1.09750000e+01,2.56250000e-02,-8.59375000e-03
3.22752000e-06,1.41875000e+00,1.08125000e+01,5.56250000e-02,-1.39062500e-01
3.22784000e-06,1.39375000e+00,1.07750000e+01,2.81250000e-02,-1.49218750e-01
3.22816000e-06,1.49375000e+00,1.06750000e+01,4.31250000e-02,-1.14843750e-01
3.22848000e-06,1.40625000e+00,1.07875000e+01,7.56250000e-02,-7.18750000e-02
3.22880000e-06,1.39375000e+00,1.09125000e+01,6.31250000e-02,-5.23437500e-02
3.22912000e-06,1.33125000e+00,1.10000000e+01,5.06250000e-02,-5.78125000e-02
3.22944000e-06,1.38125000e+00,1.07750000e+01,2.56250000e-02,-1.44531250e-01
3.22976000e-06,1.38125000e+00,1.07875000e+01,8.12500000e-03,-1.11718750e-01
3.23008000e-06,1.46875000e+00,1.08500000e+01,3.81250000e-02,-3.90625000e-02
3.23040000e-06,1.43125000e+00,1.07375000e+01,4.56250000e-02,-9.29687500e-02
3.23072000e-06,1.28750000e+00,1.07375000e+01,4.06250000e-02,-1.49218750e-01
3.23104000e-06,1.38125000e+00,1.08750000e+01,5.31250000e-02,-9.60937500e-02
3.23136000e-06,1.34375000e+00,1.08875000e+01,5.81250000e-02,-1.21093750e-01
3.23168000e-06,1.44375000e+00,1.09375000e+01,5.81250000e-02,-1.87500000e-01
3.23200000e-06,1.44375000e+00,1.07250000e+01,6.56250000e-02,-1.38281250e-01
3.23232000e-06,1.35312500e+00,1.08500000e+01,3.56250000e-02,-1.04687500e-01
3.23264000e-06,1.36875000e+00,1.09000000e+01,3.56250000e-02,-5.93750000e-02
3.23296000e-06,1.31875000e+00,1.07750000e+01,5.06250000e-02,-1.48437500e-02
3.23328000e-06,1.47812500e+00,1.06875000e+01,2.56250000e-02,-6.71875000e-02
3.23360000e-06,1.43125000e+00,1.08375000e+01,5.06250000e-02,-2.50000000e-02
3.23392000e-06,1.35625000e+00,1.09375000e+01,3.06250000e-02,-7.10937500e-02
3.23424000e-06,1.36562500e+00,1.09250000e+01,3.56250000e-02,-1.68750000e-01
3.23456000e-06,1.34375000e+00,1.07500000e+01,3.56250000e-02,-1.62500000e-01
3.23488000e-06,1.39375000e+00,1.09250000e+01,3.31250000e-02,-8.90625000e-02
3.23520000e-06,1.41875000e+00,1.07625000e+01,4.56250000e-02,-8.82812500e-02
3.23552000e-06,1.39375000e+00,1.07750000e+01,5.06250000e-02,-1.17968750e-01
3.23584000e-06,1.34375000e+00,1.08125000e+01,8.31250000e-02,-1.57812500e-01
3.23616000e-06,1.33125000e+00,1.08125000e+01,6.56250000e-02,-1.44531250e-01
3.23648000e-06,1.30625000e+00,1.09375000e+01,5.81250000e-02,-1.03125000e-01
3.23680000e-06,1.36875000e+00,1.09375000e+01,6.81250000e-02,-6.25000000e-02
3.23712000e-06,1.28750000e+00,1.06250000e+01,5.56250000e-02,-9.29687500e-02
3.23744000e-06,1.43125000e+00,1.06375000e+01,2.56250000e-02,-1.16406250e-01
3.23776000e-06,1.38125000e+00,1.06000000e+01,4.31250000e-02,-1.79687500e-01
3.23808000e-06,1.45625000e+00,1.08750000e+01,5.56250000e-02,-2.02343750e-01
3.23840000e-06,1.36875000e+00,1.08375000e+01,2.06250000e-02,-1.11718750e-01
3.23872000e-06,1.40625000e+00,1.08000000e+01,4.31250000e-02,-2.65625000e-02
3.23904000e-06,1.40625000e+00,1.08125000e+01,5.56250000e-02,-6.87500000e-02
3.23936000e-06,1.30312500e+00,1.07875000e+01,4.06250000e-02,-8.28125000e-02
3.23968000e-06,1.25000000e+00,1.06750000e+01,4.56250000e-02,-1.06250000e-01
3.24000000e-06,1.34375000e+00,1.07375000e+01,6.56250000e-02,-1.05468750e-01
3.24032000e-06,1.36562500e+00,1.08125000e+01,5.56250000e-02,-1.29687500e-01
3.24064000e-06,1.46875000e+00,1.08250000e+01,6.06250000e-02,-6.32812500e-02
3.24096000e-06,1.49375000e+00,1.07875000e+01,3.56250000e-02,1.64062500e-02
3.24128000e-06,1.44375000e+00,1.08375000e+01,5.81250000e-02,-6.17187500e-02
3.24160000e-06,1.38125000e+00,1.07625000e+01,5.06250000e-02,-9.76562500e-02
3.24192000e-06,1.49375000e+00,1.08000000e+01,6.06250000e-02,-9.53125000e-02
3.24224000e-06,1.30312500e+00,1.08875000e+01,3.06250000e-02,-1.38281250e-01
3.24256000e-06,1.33125000e+00,1.08375000e+01,5.31250000e-02,-1.60937500e-01
3.24288000e-06,1.45625000e+00,1.07250000e+01,5.06250000e-02,-1.37500000e-01
3.24320000e-06,1.31250000e+00,1.08875000e+01,6.06250000e-02,-1.09375000e-01
3.24352000e-06,1.20937500e+00,1.08000000e+01,4.56250000e-02,-9.21875000e-02
3.24384000e-06,1.38125000e+00,1.07625000e+01,5.06250000e-02,-1.42187500e-01
3.24416000e-06,1.51562500e+00,1.07250000e+01,4.81250000e-02,-2.28125000e-01
3.24448000e-06,1.24687500e+00,1.08375000e+01,3.81250000e-02,-1.94531250e-01
3.24480000e-06,1.40312500e+00,1.07625000e+01,4.81250000e-02,-9.45312500e-02
3.24512000e-06,1.43125000e+00,1.07750000e+01,4.31250000e-02,-8.20312500e-02
3.24544000e-06,1.25937500e+00,1.08125000e+01,4.56250000e-02,-1.48437500e-01
3.24576000e-06,1.35625000e+00,1.08125000e+01,5.06250000e-02,-4.92187500e-02
3.24608000e-06,1.35625000e+00,1.07000000e+01,4.56250000e-02,-2.42187500e-02
3.24640000e-06,1.37812500e+00,1.09125000e+01,4.81250000e-02,-1.02343750e-01
3.24672000e-06,1.38125000e+00,1.07125000e+01,6.56250000e-02,-9.37500000e-02
3.24704000e-06,1.40625000e+00,1.06625000e+01,3.06250000e-02,-5.85937500e-02
3.24736000e-06,1.30312500e+00,1.08250000e+01,5.31250000e-02,-9.37500000e-03
3.24768000e-06,1.28437500e+00,1.07250000e+01,4.06250000e-02,-2.50000000e-02
3.24800000e-06,1.23750000e+00,1.06750000e+01,2.31250000e-02,-1.63281250e-01
3.24832000e-06,1.36562500e+00,1.08625000e+01,4.31250000e-02,-1.75000000e-01
3.24864000e-06,1.31250000e+00,1.07250000e+01,5.06250000e-02,-1.12500000e-01
3.24896000e-06,1.33125000e+00,1.07625000e+01,7.56250000e-02,-1.50781250e-01
3.24928000e-06,1.35625000e+00,1.08625000e+01,3.56250000e-02,-4.14062500e-02
3.24960000e-06,1.26875000e+00,1.07625000e+01,3.81250000e-02,-2.50000000e-02
3.24992000e-06,1.38125000e+00,1.07875000e+01,6.56250000e-02,-1.10937500e-01
3.25024000e-06,1.36875000e+00,1.08375000e+01,4.56250000e-02,-1.32031250e-01
3.25056000e-06,1.36562500e+00,1.07000000e+01,4.56250000e-02,-1.32812500e-01
3.25088000e-06,1.34375000e+00,1.08125000e+01,5.31250000e-02,-1.36718750e-01
3.25120000e-06,1.27500000e+00,1.08375000e+01,5.81250000e-02,-1.28125000e-01
3.25152000e-06,1.41875000e+00,1.08375000e+01,3.56250000e-02,-1.95312500e-02
3.25184000e-06,1.41875000e+00,1.06875000e+01,8.12500000e-03,-7.34375000e-02
3.25216000e-06,1.36875000e+00,1.07500000e+01,4.56250000e-02,-1.11718750e-01
3.25248000e-06,1.27187500e+00,1.08625000e+01,5.06250000e-02,-1.21093750e-01
3.25280000e-06,1.27500000e+00,1.08250000e+01,3.56250000e-02,-7.57812500e-02
3.25312000e-06,1.36875000e+00,1.07500000e+01,3.81250000e-02,-8.35937500e-02
3.25344000e-06,1.36562500e+00,1.07250000e+01,4.56250000e-02,-1.69531250e-01
3.25376000e-06,1.36875000e+00,1.08125000e+01,5.81250000e-02,-1.81250000e-01
3.25408000e-06,1.35312500e+00,1.07500000e+01,7.06250000e-02,-1.54687500e-01
3.25440000e-06,1.22187500e+00,1.07875000e+01,6.31250000e-02,-1.36718750e-01
3.25472000e-06,1.23437500e+00,1.07750000e+01,2.31250000e-02,-1.41406250e-01
3.25504000e-06,1.25937500e+00,1.08500000e+01,5.56250000e-02,-1.23437500e-01
3.25536000e-06,1.28125000e+00,1.09875000e+01,4.56250000e-02,-2.50000000e-02
3.25568000e-06,1.36562500e+00,1.08000000e+01,4.81250000e-02,-3.28125000e-02
3.25600000e-06,1.33125000e+00,1.08125000e+01,4.56250000e-02,-1.15625000e-01
3.25632000e-06,1.28437500e+00,1.07375000e+01,4.81250000e-02,-7.73437500e-02
3.25664000e-06,1.34375000e+00,1.07500000e+01,4.56250000e-02,-1.22656250e-01
3.25696000e-06,1.39375000e+00,1.08375000e+01,2.56250000e-02,-1.08593750e-01
3.25728000e-06,1.36875000e+00,1.09375000e+01,5.81250000e-02,-2.03125000e-02
3.25760000e-06,1.33125000e+00,1.08125000e+01,5.56250000e-02,-2.73437500e-02
3.25792000e-06,1.33125000e+00,1.07875000e+01,2.81250000e-02,-1.11718750e-01
3.25824000e-06,1.36562500e+00,1.07625000e+01,4.56250000e-02,-5.70312500e-02
3.25856000e-06,1.36875000e+00,1.10000000e+01,6.56250000e-02,-5.93750000e-02
3.25888000e-06,1.51875000e+00,1.09375000e+01,2.56250000e-02,-1.32812500e-01
3.25920000e-06,1.35312500e+00,1.07875000e+01,4.81250000e-02,-1.49218750e-01
3.25952000e-06,1.34062500e+00,1.07750000e+01,6.56250000e-02,-5.93750000e-02
3.25984000e-06,1.41875000e+00,1.07625000e+01,3.56250000e-02,-5.85937500e-02
3.26016000e-06,1.35625000e+00,1.06875000e+01,3.81250000e-02,-1.68750000e-01
3.26048000e-06,1.45625000e+00,1.07625000e+01,6.06250000e-02,-9.60937500e-02
3.26080000e-06,1.40625000e+00,1.08750000e+01,2.56250000e-02,-1.08593750e-01
3.26112000e-06,1.48125000e+00,1.07125000e+01,5.56250000e-02,-1.62500000e-01
3.26144000e-06,1.40625000e+00,1.07875000e+01,6.06250000e-02,-6.95312500e-02
3.26176000e-06,1.40625000e+00,1.07750000e+01,4.81250000e-02,-7.18750000e-02
3.26208000e-06,1.25000000e+00,1.08375000e+01,1.81250000e-02,-1.78906250e-01
3.26240000e-06,1.34375000e+00,1.09000000e+01,7.56250000e-02,-1.23437500e-01
3.26272000e-06,1.37812500e+00,1.09250000e+01,7.06250000e-02,-7.42187500e-02
3.26304000e-06,1.19687500e+00,1.08250000e+01,6.56250000e-02,-6.01562500e-02
3.26336000e-06,1.26250000e+00,1.06500000e+01,4.06250000e-02,-7.96875000e-02
3.26368000e-06,1.39062500e+00,1.08125000e+01,4.81250000e-02,-7.96875000e-02
3.26400000e-06,1.26875000e+00,1.07500000e+01,3.81250000e-02,-6.71875000e-02
3.26432000e-06,1.31562500e+00,1.08500000e+01,3.81250000e-02,-6.01562500e-02
3.26464000e-06,1.19687500e+00,1.07125000e+01,5.56250000e-02,-8.43750000e-02
3.26496000e-06,1.20937500e+00,1.06875000e+01,4.81250000e-02,-1.00000000e-01
3.26528000e-06,1.40312500e+00,1.09000000e+01,7.56250000e-02,-1.76562500e-01
3.26560000e-06,1.30312500e+00,1.06500000e+01,4.56250000e-02,-1.52343750e-01
3.26592000e-06,1.39375000e+00,1.08000000e+01,4.56250000e-02,-6.95312500e-02
3.26624000e-06,1.31875000e+00,1.09625000e+01,4.06250000e-02,-8.59375000e-02
3.26656000e-06,1.35625000e+00,1.07125000e+01,7.06250000e-02,-1.14843750e-01
3.26688000e-06,1.24687500e+00,1.07750000e+01,4.81250000e-02,-9.06250000e-02
3.26720000e-06,1.15000000e+00,1.08500000e+01,3.56250000e-02,-9.53125000e-02
3.26752000e-06,1.36875000e+00,1.07875000e+01,4.56250000e-02,-9.14062500e-02
3.26784000e-06,1.41562500e+00,1.06750000e+01,6.31250000e-02,-1.20312500e-01
3.26816000e-06,1.24687500e+00,1.08625000e+01,3.81250000e-02,-6.79687500e-02
3.26848000e-06,1.22187500e+00,1.08375000e+01,4.56250000e-02,-1.56250000e-02
3.26880000e-06,1.35625000e+00,1.07000000e+01,4.31250000e-02,-1.19531250e-01
3.26912000e-06,1.49062500e+00,1.07500000e+01,4.56250000e-02,-1.84375000e-01
3.26944000e-06,1.35000000e+00,1.08875000e+01,4.31250000e-02,-1.19531250e-01
3.26976000e-06,1.30625000e+00,1.08375000e+01,3.31250000e-02,-1.07812500e-01
3.27008000e-06,1.30312500e+00,1.06500000e+01,4.56250000e-02,-9.06250000e-02
3.27040000e-06,1.37812500e+00,1.08000000e+01,2.56250000e-02,-2.34375000e-02
3.27072000e-06,1.35625000e+00,1.08125000e+01,5.81250000e-02,-2.65625000e-02
3.27104000e-06,1.39062500e+00,1.07750000e+01,5.56250000e-02,-9.45312500e-02
3.27136000e-06,1.31875000e+00,1.08750000e+01,2.06250000e-02,-9.14062500e-02
3.27168000e-06,1.45625000e+00,1.08125000e+01,5.06250000e-02,-1.10156250e-01
3.27200000e-06,1.22187500e+00,1.07500000e+01,7.81250000e-02,-8.20312500e-02
3.27232000e-06,1.41875000e+00,1.07500000e+01,4.31250000e-02,-3.20312500e-02
3.27264000e-06,1.43125000e+00,1.08750000e+01,3.81250000e-02,-1.01562500e-01
3.27296000e-06,1.36562500e+00,1.07250000e+01,5.81250000e-02,-1.26562500e-01
3.27328000e-06,1.35000000e+00,1.08375000e+01,6.25000000e-04,-7.96875000e-02
3.27360000e-06,1.25000000e+00,1.07750000e+01,5.31250000e-02,-1.21093750e-01
3.27392000e-06,1.44375000e+00,1.09125000e+01,1.56250000e-02,-1.09375000e-01
3.27424000e-06,1.42812500e+00,1.07250000e+01,1.81250000e-02,-8.20312500e-02
3.27456000e-06,1.36875000e+00,1.08250000e+01,5.81250000e-02,-1.17968750e-01
3.27488000e-06,1.31875000e+00,1.07750000e+01,2.81250000e-02,-1.32031250e-01
3.27520000e-06,1.36875000e+00,1.08125000e+01,3.06250000e-02,-1.37500000e-01
3.27552000e-06,1.51875000e+00,1.08500000e+01,7.56250000e-02,-1.50000000e-01
3.27584000e-06,1.37812500e+00,1.08250000e+01,6.31250000e-02,-4.45312500e-02
3.27616000e-06,1.34062500e+00,1.08250000e+01,3.81250000e-02,-8.59375000e-03
3.27648000e-06,1.39375000e+00,1.08000000e+01,3.31250000e-02,-8.35937500e-02
3.27680000e-06,1.31250000e+00,1.08000000e+01,6.06250000e-02,-7.42187500e-02
3.27712000e-06,1.26250000e+00,1.08500000e+01,6.31250000e-02,-4.29687500e-02
3.27744000e-06,1.31875000e+00,1.07625000e+01,3.56250000e-02,-9.21875000e-02
3.27776000e-06,1.36250000e+00,1.08250000e+01,6.06250000e-02,-7.65625000e-02
3.27808000e-06,1.38125000e+00,1.07500000e+01,5.81250000e-02,-3.43750000e-02
3.27840000e-06,1.45625000e+00,1.07125000e+01,4.31250000e-02,-2.34375000e-02
3.27872000e-06,1.36562500e+00,1.08250000e+01,3.81250000e-02,-9.84375000e-02
3.27904000e-06,1.36875000e+00,1.08500000e+01,7.56250000e-02,-1.32812500e-01
3.27936000e-06,1.43125000e+00,1.06625000e+01,4.56250000e-02,-1.29687500e-01
3.27968000e-06,1.35312500e+00,1.08125000e+01,7.81250000e-02,-8.04687500e-02
3.28000000e-06,1.20937500e+00,1.09000000e+01,4.56250000e-02,-1.16406250e-01
3.28032000e-06,1.30625000e+00,1.09000000e+01,5.56250000e-02,-1.11718750e-01
3.28064000e-06,1.39062500e+00,1.08375000e+01,6.81250000e-02,-1.13281250e-01
3.28096000e-06,1.31562500e+00,1.08875000e+01,1.81250000e-02,-1.70312500e-01
3.28128000e-06,1.36875000e+00,1.07500000e+01,4.31250000e-02,-4.45312500e-02
3.28160000e-06,1.36875000e+00,1.07843750e+01,3.06250000e-02,3.12500000e-03
3.28192000e-06,1.40625000e+00,1.05812500e+01,1.56250000e-02,-5.78125000e-02
3.28224000e-06,1.45625000e+00,1.08125000e+01,8.56250000e-02,-9.37500000e-02
3.28256000e-06,1.36875000e+00,1.09000000e+01,6.06250000e-02,-4.84375000e-02
3.28288000e-06,1.25937500e+00,1.08125000e+01,8.81250000e-02,-8.20312500e-02
3.28320000e-06,1.26250000e+00,1.07843750e+01,5.81250000e-02,-8.43750000e-02
3.28352000e-06,1.43125000e+00,1.06625000e+01,3.56250000e-02,4.06250000e-02
3.28384000e-06,1.42812500e+00,1.07375000e+01,6.06250000e-02,-2.57812500e-02
3.28416000e-06,1.26250000e+00,1.07875000e+01,4.06250000e-02,-1.46093750e-01
3.28448000e-06,1.35625000e+00,1.08375000e+01,5.31250000e-02,-1.75781250e-01
3.28480000e-06,1.24687500e+00,1.08500000e+01,7.81250000e-02,-1.52343750e-01
3.28512000e-06,1.28750000e+00,1.09000000e+01,4.56250000e-02,-1.09375000e-02
3.28544000e-06,1.38125000e+00,1.09500000e+01,5.56250000e-02,-6.17187500e-02
3.28576000e-06,1.33750000e+00,1.08250000e+01,5.56250000e-02,-1.20312500e-01
3.28608000e-06,1.31875000e+00,1.06750000e+01,5.56250000e-02,-1.17187500e-01
3.28640000e-06,1.35625000e+00,1.06375000e+01,1.31250000e-02,-1.19531250e-01
3.28672000e-06,1.45312500e+00,1.08250000e+01,3.31250000e-02,-4.84375000e-02
3.28704000e-06,1.44375000e+00,1.08500000e+01,4.06250000e-02,-6.87500000e-02
3.28736000e-06,1.49375000e+00,1.07750000e+01,7.06250000e-02,-1.47656250e-01
3.28768000e-06,1.44375000e+00,1.06875000e+01,6.56250000e-02,-1.64843750e-01
3.28800000e-06,1.37500000e+00,1.08375000e+01,6.31250000e-02,-7.65625000e-02
3.28832000e-06,1.27500000e+00,1.07000000e+01,6.81250000e-02,-2.42187500e-02
3.28864000e-06,1.41875000e+00,1.08000000e+01,3.06250000e-02,-2.42187500e-02
3.28896000e-06,1.37812500e+00,1.09250000e+01,5.31250000e-02,-5.78125000e-02
3.28928000e-06,1.49375000e+00,1.09000000e+01,2.31250000e-02,-1.56250000e-01
3.28960000e-06,1.49375000e+00,1.06500000e+01,2.81250000e-02,-1.26562500e-01
3.28992000e-06,1.31875000e+00,1.08125000e+01,7.31250000e-02,-8.28125000e-02
3.29024000e-06,1.35312500e+00,1.08375000e+01,3.56250000e-02,-8.90625000e-02
3.29056000e-06,1.36875000e+00,1.08125000e+01,6.06250000e-02,-7.73437500e-02
3.29088000e-06,1.36875000e+00,1.07000000e+01,5.81250000e-02,-7.50000000e-02
3.29120000e-06,1.38125000e+00,1.08250000e+01,4.81250000e-02,-1.41406250e-01
3.29152000e-06,1.36875000e+00,1.09000000e+01,5.31250000e-02,-1.27343750e-01
3.29184000e-06,1.34062500e+00,1.07125000e+01,4.31250000e-02,-1.16406250e-01
3.29216000e-06,1.27500000e+00,1.06625000e+01,5.06250000e-02,-1.51562500e-01
3.29248000e-06,1.48125000e+00,1.08875000e+01,3.06250000e-02,-8.43750000e-02
3.29280000e-06,1.45312500e+00,1.07875000e+01,6.31250000e-02,-1.25000000e-01
3.29312000e-06,1.31875000e+00,1.07125000e+01,6.81250000e-02,-1.84375000e-01
3.29344000e-06,1.41562500e+00,1.08000000e+01,4.81250000e-02,-1.34375000e-01
3.29376000e-06,1.27187500e+00,1.09750000e+01,7.31250000e-02,-8.12500000e-02
3.29408000e-06,1.30625000e+00,1.08125000e+01,4.31250000e-02,-4.37500000e-02
3.29440000e-06,1.45625000e+00,1.07625000e+01,4.81250000e-02,-7.89062500e-02
3.29472000e-06,1.44062500e+00,1.08000000e+01,4.81250000e-02,-9.92187500e-02
3.29504000e-06,1.35625000e+00,1.07750000e+01,5.56250000e-02,-9.06250000e-02
3.29536000e-06,1.18437500e+00,1.07375000e+01,2.56250000e-02,-8.51562500e-02
3.29568000e-06,1.24687500e+00,1.07250000e+01,6.06250000e-02,-5.93750000e-02
3.29600000e-06,1.36875000e+00,1.07625000e+01,6.81250000e-02,-1.01562500e-02
3.29632000e-06,1.45312500e+00,1.08000000e+01,3.81250000e-02,-7.96875000e-02
3.29664000e-06,1.31562500e+00,1.07625000e+01,4.81250000e-02,-1.10156250e-01
3.29696000e-06,1.43125000e+00,1.07750000e+01,5.31250000e-02,-6.25000000e-02
3.29728000e-06,1.34375000e+00,1.07625000e+01,5.06250000e-02,7.81250000e-04
3.29760000e-06,1.24687500e+00,1.07125000e+01,4.81250000e-02,2.34375000e-03
3.29792000e-06,1.30625000e+00,1.07875000e+01,2.06250000e-02,-2.26562500e-02
3.29824000e-06,1.30312500e+00,1.09375000e+01,1.81250000e-02,-1.11718750e-01
3.29856000e-06,1.30000000e+00,1.06500000e+01,5.81250000e-02,-9.29687500e-02
3.29888000e-06,1.38125000e+00,1.08250000e+01,6.56250000e-02,-5.39062500e-02
3.29920000e-06,1.39062500e+00,1.09250000e+01,4.31250000e-02,-1.56250000e-01
3.29952000e-06,1.40312500e+00,1.07125000e+01,3.81250000e-02,-1.59375000e-01
3.29984000e-06,1.33125000e+00,1.07125000e+01,4.56250000e-02,-9.29687500e-02
3.30016000e-06,1.35625000e+00,1.07500000e+01,6.31250000e-02,-7.26562500e-02
3.30048000e-06,1.32812500e+00,1.07625000e+01,2.06250000e-02,-5.46875000e-02
3.30080000e-06,1.17187500e+00,1.08750000e+01,5.06250000e-02,-5.93750000e-02
3.30112000e-06,1.43125000e+00,1.08875000e+01,6.31250000e-02,-5.70312500e-02
3.30144000e-06,1.36250000e+00,1.08125000e+01,5.06250000e-02,-3.20312500e-02
3.30176000e-06,1.21875000e+00,1.08750000e+01,4.81250000e-02,-1.09375000e-02
3.30208000e-06,1.34375000e+00,1.07625000e+01,6.31250000e-02,-1.08593750e-01
3.30240000e-06,1.42812500e+00,1.06875000e+01,4.31250000e-02,-1.41406250e-01
3.30272000e-06,1.35312500e+00,1.08125000e+01,3.81250000e-02,-1.82812500e-01
3.30304000e-06,1.35625000e+00,1.09000000e+01,3.56250000e-02,-2.49218750e-01
3.30336000e-06,1.33125000e+00,1.07375000e+01,1.31250000e-02,-9.60937500e-02
3.30368000e-06,1.45625000e+00,1.08375000e+01,4.56250000e-02,-1.17187500e-02
3.30400000e-06,1.35625000e+00,1.08000000e+01,4.81250000e-02,-1.79687500e-02
3.30432000e-06,1.28437500e+00,1.08250000e+01,5.56250000e-02,2.42187500e-02
3.30464000e-06,1.36875000e+00,1.08375000e+01,5.56250000e-02,-2.18750000e-02
3.30496000e-06,1.39375000e+00,1.07625000e+01,3.06250000e-02,-1.06250000e-01
3.30528000e-06,1.28125000e+00,1.07500000e+01,4.56250000e-02,-1.54687500e-01
3.30560000e-06,1.33125000e+00,1.08875000e+01,3.06250000e-02,-1.63281250e-01
3.30592000e-06,1.19687500e+00,1.09125000e+01,5.06250000e-02,-1.19531250e-01
3.30624000e-06,1.20625000e+00,1.08750000e+01,3.81250000e-02,-5.93750000e-02
3.30656000e-06,1.33125000e+00,1.09625000e+01,2.06250000e-02,-3.12500000e-03
3.30688000e-06,1.46562500e+00,1.06625000e+01,4.06250000e-02,-5.46875000e-03
3.30720000e-06,1.41562500e+00,1.08625000e+01,4.31250000e-02,-9.53125000e-02
3.30752000e-06,1.27500000e+00,1.09000000e+01,5.62500000e-03,-6.95312500e-02
3.30784000e-06,1.34375000e+00,1.09750000e+01,5.06250000e-02,-2.34375000e-02
3.30816000e-06,1.31562500e+00,1.08125000e+01,5.56250000e-02,-2.34375000e-02
3.30848000e-06,1.35625000e+00,1.07875000e+01,4.06250000e-02,-9.45312500e-02
3.30880000e-06,1.46875000e+00,1.07375000e+01,7.06250000e-02,-1.71875000e-01
3.30912000e-06,1.35000000e+00,1.07625000e+01,4.06250000e-02,-1.43750000e-01
3.30944000e-06,1.35625000e+00,1.09000000e+01,3.81250000e-02,-1.33593750e-01
3.30976000e-06,1.40625000e+00,1.09375000e+01,4.81250000e-02,-1.17968750e-01
3.31008000e-06,1.36562500e+00,1.07750000e+01,6.06250000e-02,-1.57812500e-01
3.31040000e-06,1.36562500e+00,1.08125000e+01,7.81250000e-02,-1.03125000e-01
3.31072000e-06,1.25000000e+00,1.08875000e+01,7.31250000e-02,-4.37500000e-02
3.31104000e-06,1.19687500e+00,1.08375000e+01,3.31250000e-02,-8.35937500e-02
3.31136000e-06,1.36562500e+00,1.08000000e+01,5.81250000e-02,-1.11718750e-01
3.31168000e-06,1.39375000e+00,1.08750000e+01,5.56250000e-02,-9.84375000e-02
3.31200000e-06,1.26875000e+00,1.07500000e+01,5.06250000e-02,-1.39062500e-01
3.31232000e-06,1.35625000e+00,1.08250000e+01,4.81250000e-02,-9.60937500e-02
3.31264000e-06,1.36875000e+00,1.08250000e+01,4.31250000e-02,-1.46093750e-01
3.31296000e-06,1.37812500e+00,1.09375000e+01,4.56250000e-02,-7.81250000e-02
3.31328000e-06,1.30625000e+00,1.07250000e+01,3.31250000e-02,3.04687500e-02
3.31360000e-06,1.30625000e+00,1.08125000e+01,8.06250000e-02,3.35937500e-02
3.31392000e-06,1.31875000e+00,1.07625000e+01,4.81250000e-02,3.90625000e-03
3.31424000e-06,1.31875000e+00,1.08125000e+01,6.06250000e-02,-1.25000000e-01
3.31456000e-06,1.39375000e+00,1.08125000e+01,4.56250000e-02,-1.60156250e-01
3.31488000e-06,1.25937500e+00,1.08375000e+01,5.56250000e-02,-9.14062500e-02
3.31520000e-06,1.23750000e+00,1.08750000e+01,7.81250000e-02,-2.57812500e-02
3.31552000e-06,1.44375000e+00,1.08250000e+01,5.31250000e-02,-4.76562500e-02
3.31584000e-06,1.37812500e+00,1.08625000e+01,3.56250000e-02,-8.12500000e-02
3.31616000e-06,1.38125000e+00,1.08875000e+01,6.81250000e-02,-1.18750000e-01
3.31648000e-06,1.38125000e+00,1.08000000e+01,3.56250000e-02,-4.68750000e-02
3.31680000e-06,1.20937500e+00,1.08750000e+01,4.56250000e-02,-3.12500000e-02
3.31712000e-06,1.23750000e+00,1.08750000e+01,4.56250000e-02,-8.98437500e-02
3.31744000e-06,1.31875000e+00,1.07500000e+01,4.56250000e-02,-1.26562500e-01
3.31776000e-06,1.35312500e+00,1.07250000e+01,7.06250000e-02,-1.53125000e-01
3.31808000e-06,1.39375000e+00,1.07750000e+01,7.06250000e-02,-1.03125000e-01
3.31840000e-06,1.31875000e+00,1.07500000e+01,2.56250000e-02,1.01562500e-02
3.31872000e-06,1.34375000e+00,1.07500000e+01,3.31250000e-02,-1.71875000e-02
3.31904000e-06,1.34062500e+00,1.08250000e+01,3.56250000e-02,-1.33593750e-01
3.31936000e-06,1.33125000e+00,1.08375000e+01,4.81250000e-02,-1.66406250e-01
3.31968000e-06,1.41875000e+00,1.08250000e+01,5.56250000e-02,-1.77343750e-01
3.32000000e-06,1.31562500e+00,1.08625000e+01,7.56250000e-02,-1.90625000e-01
3.32032000e-06,1.41875000e+00,1.07375000e+01,6.06250000e-02,-1.23437500e-01
3.32064000e-06,1.36875000e+00,1.08250000e+01,5.81250000e-02,-8.51562500e-02
3.32096000e-06,1.35625000e+00,1.07500000e+01,3.06250000e-02,-4.68750000e-03
3.32128000e-06,1.36875000e+00,1.07750000e+01,4.81250000e-02,-6.32812500e-02
3.32160000e-06,1.28750000e+00,1.08125000e+01,5.56250000e-02,-1.52343750e-01
3.32192000e-06,1.45625000e+00,1.08875000e+01,4.31250000e-02,-1.72656250e-01
3.32224000e-06,1.34062500e+00,1.07500000e+01,4.31250000e-02,-1.35937500e-01
3.32256000e-06,1.25000000e+00,1.08375000e+01,5.31250000e-02,-9.76562500e-02
3.32288000e-06,1.43125000e+00,1.07125000e+01,3.56250000e-02,-5.62500000e-02
3.32320000e-06,1.31562500e+00,1.07250000e+01,2.31250000e-02,-3.59375000e-02
3.32352000e-06,1.33125000e+00,1.09500000e+01,5.06250000e-02,-7.18750000e-02
3.32384000e-06,1.28750000e+00,1.09375000e+01,6.06250000e-02,-3.51562500e-02
3.32416000e-06,1.40625000e+00,1.07750000e+01,7.56250000e-02,-2.57812500e-02
3.32448000e-06,1.34375000e+00,1.07125000e+01,6.06250000e-02,-9.14062500e-02
3.32480000e-06,1.34375000e+00,1.08375000e+01,5.56250000e-02,-2.34375000e-02
3.32512000e-06,1.38125000e+00,1.08125000e+01,2.56250000e-02,-4.14062500e-02
3.32544000e-06,1.40625000e+00,1.06750000e+01,5.06250000e-02,-6.79687500e-02
3.32576000e-06,1.35625000e+00,1.08625000e+01,4.31250000e-02,-8.67187500e-02
3.32608000e-06,1.31875000e+00,1.08875000e+01,3.31250000e-02,-2.03125000e-02
3.32640000e-06,1.39062500e+00,1.08000000e+01,6.06250000e-02,-8.12500000e-02
3.32672000e-06,1.25000000e+00,1.07125000e+01,5.31250000e-02,-1.27343750e-01
3.32704000e-06,1.30625000e+00,1.09250000e+01,3.81250000e-02,-1.46875000e-01
3.32736000e-06,1.51562500e+00,1.08250000e+01,2.81250000e-02,-1.52343750e-01
3.32768000e-06,1.35312500e+00,1.07000000e+01,8.56250000e-02,-1.17968750e-01
3.32800000e-06,1.26875000e+00,1.09250000e+01,2.81250000e-02,7.03125000e-03
3.32832000e-06,1.19687500e+00,1.08625000e+01,6.06250000e-02,-5.15625000e-02
3.32864000e-06,1.35312500e+00,1.08000000e+01,6.06250000e-02,-1.37500000e-01
3.32896000e-06,1.36250000e+00,1.07625000e+01,3.06250000e-02,-5.23437500e-02
3.32928000e-06,1.36562500e+00,1.07375000e+01,5.56250000e-02,-3.90625000e-02
3.32960000e-06,1.31562500e+00,1.10000000e+01,5.81250000e-02,-1.56250000e-03
3.32992000e-06,1.24687500e+00,1.08875000e+01,4.81250000e-02,-4.45312500e-02
3.33024000e-06,1.34375000e+00,1.08250000e+01,6.81250000e-02,-1.10156250e-01
3.33056000e-06,1.37812500e+00,1.08750000e+01,5.31250000e-02,-1.65625000e-01
3.33088000e-06,1.49375000e+00,1.07250000e+01,3.31250000e-02,-1.27343750e-01
3.33120000e-06,1.36875000e+00,1.07000000e+01,3.56250000e-02,-1.03906250e-01
3.33152000e-06,1.28750000e+00,1.07625000e+01,6.81250000e-02,-1.30468750e-01
3.33184000e-06,1.38125000e+00,1.08000000e+01,3.31250000e-02,-1.43750000e-01
3.33216000e-06,1.38125000e+00,1.08750000e+01,6.31250000e-02,-1.39062500e-01
3.33248000e-06,1.40312500e+00,1.07250000e+01,6.06250000e-02,-2.15625000e-01
3.33280000e-06,1.28750000e+00,1.08125000e+01,7.56250000e-02,-1.42968750e-01
3.33312000e-06,1.46875000e+00,1.08000000e+01,4.06250000e-02,-2.96875000e-02
3.33344000e-06,1.47812500e+00,1.08125000e+01,6.06250000e-02,-9.06250000e-02
3.33376000e-06,1.35625000e+00,1.09750000e+01,8.56250000e-02,-5.39062500e-02
3.33408000e-06,1.23437500e+00,1.08500000e+01,3.81250000e-02,-4.29687500e-02
3.33440000e-06,1.43125000e+00,1.06125000e+01,2.81250000e-02,-7.18750000e-02
3.33472000e-06,1.40625000e+00,1.08000000e+01,5.81250000e-02,-1.40625000e-02
3.33504000e-06,1.40312500e+00,1.08750000e+01,4.31250000e-02,-4.68750000e-03
3.33536000e-06,1.27500000e+00,1.09125000e+01,3.56250000e-02,-9.92187500e-02
3.33568000e-06,1.39375000e+00,1.07375000e+01,9.06250000e-02,-1.71093750e-01
3.33600000e-06,1.44375000e+00,1.07625000e+01,4.81250000e-02,-4.84375000e-02
3.33632000e-06,1.50625000e+00,1.07000000e+01,5.31250000e-02,-1.17187500e-02
3.33664000e-06,1.35625000e+00,1.07750000e+01,4.56250000e-02,-1.60156250e-01
3.33696000e-06,1.24375000e+00,1.08000000e+01,2.31250000e-02,-1.53125000e-01
3.33728000e-06,1.19687500e+00,1.08875000e+01,2.31250000e-02,-9.76562500e-02
3.33760000e-06,1.34375000e+00,1.08000000e+01,5.81250000e-02,-7.10937500e-02
3.33792000e-06,1.46562500e+00,1.08250000e+01,5.56250000e-02,-2.34375000e-02
3.33824000e-06,1.35312500e+00,1.08250000e+01,3.81250000e-02,-8.35937500e-02
3.33856000e-06,1.34375000e+00,1.07750000e+01,4.56250000e-02,-9.14062500e-02
3.33888000e-06,1.27500000e+00,1.07500000e+01,6.56250000e-02,-1.71875000e-02
3.33920000e-06,1.33125000e+00,1.08250000e+01,3.81250000e-02,-6.25000000e-02
3.33952000e-06,1.34375000e+00,1.07125000e+01,4.56250000e-02,-9.37500000e-02
3.33984000e-06,1.33125000e+00,1.08750000e+01,4.56250000e-02,-9.14062500e-02
3.34016000e-06,1.40625000e+00,1.07750000e+01,2.31250000e-02,-9.60937500e-02
3.34048000e-06,1.30312500e+00,1.08875000e+01,6.06250000e-02,-7.50000000e-02
3.34080000e-06,1.19687500e+00,1.07125000e+01,3.81250000e-02,-1.03906250e-01
3.34112000e-06,1.31875000e+00,1.07750000e+01,6.81250000e-02,-1.17968750e-01
3.34144000e-06,1.30312500e+00,1.07875000e+01,4.06250000e-02,-7.89062500e-02
3.34176000e-06,1.37812500e+00,1.08000000e+01,3.81250000e-02,-4.45312500e-02
3.34208000e-06,1.48125000e+00,1.07875000e+01,6.56250000e-02,-3.04687500e-02
3.34240000e-06,1.48125000e+00,1.07750000e+01,7.56250000e-02,-4.92187500e-02
3.34272000e-06,1.31562500e+00,1.07125000e+01,2.56250000e-02,5.23437500e-02
3.34304000e-06,1.28750000e+00,1.07500000e+01,4.06250000e-02,6.64062500e-02
3.34336000e-06,1.35625000e+00,1.07750000e+01,7.81250000e-02,-6.25000000e-02
3.34368000e-06,1.36250000e+00,1.08500000e+01,5.31250000e-02,-1.37500000e-01
3.34400000e-06,1.25000000e+00,1.07750000e+01,4.81250000e-02,-1.12500000e-01
3.34432000e-06,1.32812500e+00,1.07000000e+01,3.06250000e-02,-1.14843750e-01
3.34464000e-06,1.24687500e+00,1.08000000e+01,5.81250000e-02,-1.01562500e-01
3.34496000e-06,1.40625000e+00,1.08000000e+01,2.81250000e-02,-1.00000000e-01
3.34528000e-06,1.37812500e+00,1.07750000e+01,3.06250000e-02,-1.28125000e-01
3.34560000e-06,1.28437500e+00,1.09250000e+01,6.31250000e-02,-9.68750000e-02
3.34592000e-06,1.34375000e+00,1.07875000e+01,3.56250000e-02,-1.06250000e-01
3.34624000e-06,1.34062500e+00,1.07125000e+01,1.06250000e-02,-9.45312500e-02
3.34656000e-06,1.27187500e+00,1.08875000e+01,3.81250000e-02,-4.53125000e-02
3.34688000e-06,1.34375000e+00,1.06875000e+01,1.81250000e-02,-8.28125000e-02
3.34720000e-06,1.47812500e+00,1.07125000e+01,5.31250000e-02,-1.01562500e-01
3.34752000e-06,1.40625000e+00,1.09250000e+01,4.81250000e-02,-8.04687500e-02
3.34784000e-06,1.54375000e+00,1.09375000e+01,3.81250000e-02,-1.16406250e-01
3.34816000e-06,1.35625000e+00,1.09000000e+01,6.56250000e-02,-1.53125000e-01
3.34848000e-06,1.36562500e+00,1.08750000e+01,5.31250000e-02,-7.89062500e-02
3.34880000e-06,1.24687500e+00,1.08875000e+01,7.31250000e-02,-1.01562500e-02
3.34912000e-06,1.23750000e+00,1.07250000e+01,4.31250000e-02,-9.92187500e-02
3.34944000e-06,1.40625000e+00,1.07375000e+01,2.56250000e-02,-1.98437500e-01
3.34976000e-06,1.54062500e+00,1.09000000e+01,2.31250000e-02,-2.47656250e-01
3.35008000e-06,1.36562500e+00,1.08375000e+01,5.81250000e-02,-1.81250000e-01
3.35040000e-06,1.23125000e+00,1.07375000e+01,3.06250000e-02,-1.52343750e-01
3.35072000e-06,1.34375000e+00,1.08250000e+01,5.06250000e-02,-1.24218750e-01
3.35104000e-06,1.30000000e+00,1.08375000e+01,5.56250000e-02,-1.25000000e-01
3.35136000e-06,1.27187500e+00,1.07375000e+01,5.31250000e-02,-1.34375000e-01
3.35168000e-06,1.31875000e+00,1.08125000e+01,4.31250000e-02,-9.06250000e-02
3.35200000e-06,1.24687500e+00,1.07500000e+01,7.06250000e-02,-1.42968750e-01
3.35232000e-06,1.44375000e+00,1.06625000e+01,4.31250000e-02,-9.14062500e-02
3.35264000e-06,1.46875000e+00,1.07375000e+01,4.56250000e-02,-4.53125000e-02
3.35296000e-06,1.39375000e+00,1.07875000e+01,4.31250000e-02,-5.93750000e-02
3.35328000e-06,1.34375000e+00,1.09375000e+01,3.81250000e-02,-9.76562500e-02
3.35360000e-06,1.33125000e+00,1.08750000e+01,6.81250000e-02,-1.15625000e-01
3.35392000e-06,1.33125000e+00,1.10000000e+01,6.56250000e-02,-1.60937500e-01
3.35424000e-06,1.31875000e+00,1.07875000e+01,5.31250000e-02,-1.43750000e-01
3.35456000e-06,1.38125000e+00,1.07250000e+01,4.31250000e-02,-8.12500000e-02
3.35488000e-06,1.25937500e+00,1.08250000e+01,4.06250000e-02,-5.54687500e-02
3.35520000e-06,1.25937500e+00,1.07875000e+01,5.56250000e-02,-5.23437500e-02
3.35552000e-06,1.36875000e+00,1.07500000e+01,6.06250000e-02,-7.73437500e-02
3.35584000e-06,1.39062500e+00,1.09500000e+01,4.56250000e-02,-1.06250000e-01
3.35616000e-06,1.28437500e+00,1.07375000e+01,3.81250000e-02,-7.03125000e-02
3.35648000e-06,1.40625000e+00,1.06875000e+01,3.31250000e-02,-6.95312500e-02
3.35680000e-06,1.35312500e+00,1.08000000e+01,6.56250000e-02,-9.14062500e-02
3.35712000e-06,1.24687500e+00,1.07875000e+01,5.81250000e-02,-1.33593750e-01
3.35744000e-06,1.26250000e+00,1.07375000e+01,5.56250000e-02,-1.61718750e-01
3.35776000e-06,1.26875000e+00,1.09000000e+01,3.81250000e-02,-1.31250000e-01
3.35808000e-06,1.30312500e+00,1.09250000e+01,6.06250000e-02,-1.35937500e-01
3.35840000e-06,1.38125000e+00,1.07750000e+01,4.31250000e-02,-1.20312500e-01
3.35872000e-06,1.40312500e+00,1.07625000e+01,6.56250000e-02,-1.56250000e-01
3.35904000e-06,1.36875000e+00,1.09375000e+01,6.06250000e-02,-1.77343750e-01
3.35936000e-06,1.35625000e+00,1.08000000e+01,5.56250000e-02,-1.39843750e-01
3.35968000e-06,1.30625000e+00,1.06875000e+01,6.06250000e-02,-7.57812500e-02
3.36000000e-06,1.35625000e+00,1.08750000e+01,5.06250000e-02,-5.00000000e-02
3.36032000e-06,1.33125000e+00,1.07375000e+01,8.12500000e-03,-6.25000000e-02
3.36064000e-06,1.50625000e+00,1.07000000e+01,3.06250000e-02,-1.39843750e-01
3.36096000e-06,1.30312500e+00,1.08375000e+01,6.31250000e-02,-1.07031250e-01
3.36128000e-06,1.31562500e+00,1.09000000e+01,6.81250000e-02,-1.17968750e-01
3.36160000e-06,1.38125000e+00,1.08125000e+01,1.56250000e-02,-1.32812500e-01
3.36192000e-06,1.35312500e+00,1.08750000e+01,1.81250000e-02,-1.39062500e-01
3.36224000e-06,1.34375000e+00,1.08125000e+01,5.81250000e-02,-1.86718750e-01
3.36256000e-06,1.50625000e+00,1.07125000e+01,5.31250000e-02,-1.83593750e-01
3.36288000e-06,1.34062500e+00,1.09250000e+01,4.06250000e-02,-1.38281250e-01
3.36320000e-06,1.35312500e+00,1.08250000e+01,4.81250000e-02,-1.39843750e-01
3.36352000e-06,1.40625000e+00,1.08125000e+01,7.81250000e-02,-7.18750000e-02
3.36384000e-06,1.41562500e+00,1.09625000e+01,1.56250000e-02,-9.84375000e-02
3.36416000e-06,1.33125000e+00,1.08000000e+01,6.81250000e-02,-1.53906250e-01
3.36448000e-06,1.36875000e+00,1.08625000e+01,5.81250000e-02,-1.57031250e-01
3.36480000e-06,1.33125000e+00,1.07750000e+01,4.06250000e-02,-1.05468750e-01
3.36512000e-06,1.38125000e+00,1.07375000e+01,7.06250000e-02,-7.81250000e-03
3.36544000e-06,1.30312500e+00,1.08125000e+01,3.56250000e-02,-7.81250000e-04
3.36576000e-06,1.36875000e+00,1.07875000e+01,1.81250000e-02,-4.92187500e-02
3.36608000e-06,1.37812500e+00,1.08875000e+01,7.81250000e-02,-1.46875000e-01
3.36640000e-06,1.31562500e+00,1.07125000e+01,6.06250000e-02,-1.19531250e-01
3.36672000e-06,1.44375000e+00,1.07500000e+01,8.06250000e-02,-5.15625000e-02
3.36704000e-06,1.39062500e+00,1.08250000e+01,5.31250000e-02,-4.14062500e-02
3.36736000e-06,1.27187500e+00,1.09000000e+01,6.06250000e-02,-6.71875000e-02
3.36768000e-06,1.17187500e+00,1.07000000e+01,7.31250000e-02,-8.35937500e-02
3.36800000e-06,1.34375000e+00,1.07000000e+01,5.06250000e-02,-6.40625000e-02
3.36832000e-06,1.54062500e+00,1.08500000e+01,5.31250000e-02,-4.92187500e-02
3.36864000e-06,1.31250000e+00,1.09375000e+01,6.06250000e-02,-1.46875000e-01
3.36896000e-06,1.32812500e+00,1.08375000e+01,6.31250000e-02,-1.88281250e-01
3.36928000e-06,1.35312500e+00,1.08750000e+01,5.31250000e-02,-8.51562500e-02
3.36960000e-06,1.23125000e+00,1.09125000e+01,6.06250000e-02,-5.54687500e-02
3.36992000e-06,1.30625000e+00,1.08375000e+01,4.56250000e-02,-1.02343750e-01
3.37024000e-06,1.41562500e+00,1.08750000e+01,7.06250000e-02,-1.21093750e-01
3.37056000e-06,1.39062500e+00,1.08375000e+01,4.31250000e-02,-1.13281250e-01
3.37088000e-06,1.31875000e+00,1.07875000e+01,3.31250000e-02,-1.18750000e-01
3.37120000e-06,1.40625000e+00,1.07250000e+01,7.81250000e-02,-5.93750000e-02
3.37152000e-06,1.31875000e+00,1.07500000e+01,6.31250000e-02,0.00000000e+00
3.37184000e-06,1.38125000e+00,1.08500000e+01,8.56250000e-02,-7.89062500e-02
3.37216000e-06,1.44375000e+00,1.07250000e+01,6.06250000e-02,-7.73437500e-02
3.37248000e-06,1.39062500e+00,1.07625000e+01,5.81250000e-02,3.43750000e-02
3.37280000e-06,1.24687500e+00,1.07500000e+01,4.31250000e-02,-8.12500000e-02
3.37312000e-06,1.31562500e+00,1.08625000e+01,5.81250000e-02,-1.18750000e-01
3.37344000e-06,1.34062500e+00,1.07375000e+01,3.81250000e-02,-6.56250000e-02
3.37376000e-06,1.36562500e+00,1.08000000e+01,6.56250000e-02,-8.20312500e-02
3.37408000e-06,1.31562500e+00,1.07750000e+01,6.06250000e-02,-7.89062500e-02
3.37440000e-06,1.53125000e+00,1.07875000e+01,7.31250000e-02,-7.03125000e-03
3.37472000e-06,1.40625000e+00,1.07750000e+01,4.31250000e-02,-1.01562500e-02
3.37504000e-06,1.30000000e+00,1.09625000e+01,4.31250000e-02,-8.82812500e-02
3.37536000e-06,1.28125000e+00,1.08000000e+01,5.56250000e-02,-1.61718750e-01
3.37568000e-06,1.35625000e+00,1.06750000e+01,5.81250000e-02,-1.03906250e-01
3.37600000e-06,1.40312500e+00,1.08125000e+01,2.06250000e-02,-4.60937500e-02
3.37632000e-06,1.30312500e+00,1.08375000e+01,5.06250000e-02,-1.32812500e-01
3.37664000e-06,1.44375000e+00,1.07625000e+01,7.56250000e-02,-1.67968750e-01
3.37696000e-06,1.39375000e+00,1.08250000e+01,6.31250000e-02,-1.31250000e-01
3.37728000e-06,1.45625000e+00,1.08875000e+01,3.06250000e-02,-1.51562500e-01
3.37760000e-06,1.39375000e+00,1.07750000e+01,6.06250000e-02,-1.58593750e-01
3.37792000e-06,1.44375000e+00,1.08125000e+01,1.56250000e-02,-1.03906250e-01
3.37824000e-06,1.28437500e+00,1.08750000e+01,7.31250000e-02,-2.89062500e-02
3.37856000e-06,1.23750000e+00,1.10000000e+01,5.06250000e-02,-7.81250000e-03
3.37888000e-06,1.43125000e+00,1.08250000e+01,5.81250000e-02,-6.64062500e-02
3.37920000e-06,1.49062500e+00,1.07500000e+01,5.06250000e-02,-1.14062500e-01
3.37952000e-06,1.43125000e+00,1.08125000e+01,4.31250000e-02,-1.14062500e-01
3.37984000e-06,1.28750000e+00,1.08375000e+01,4.81250000e-02,-1.35937500e-01
3.38016000e-06,1.39062500e+00,1.09000000e+01,3.56250000e-02,-5.78125000e-02
3.38048000e-06,1.41875000e+00,1.08000000e+01,4.06250000e-02,-6.48437500e-02
3.38080000e-06,1.43125000e+00,1.10000000e+01,5.31250000e-02,-1.15625000e-01
3.38112000e-06,1.31562500e+00,1.07000000e+01,5.06250000e-02,-5.00000000e-02
3.38144000e-06,1.39375000e+00,1.07250000e+01,6.31250000e-02,-1.12500000e-01
3.38176000e-06,1.45625000e+00,1.07375000e+01,5.56250000e-02,-1.31250000e-01
3.38208000e-06,1.35312500e+00,1.08000000e+01,6.81250000e-02,-1.10156250e-01
3.38240000e-06,1.31875000e+00,1.08500000e+01,5.06250000e-02,-1.73437500e-01
3.38272000e-06,1.31875000e+00,1.08000000e+01,3.31250000e-02,-2.15625000e-01
3.38304000e-06,1.46875000e+00,1.07375000e+01,5.81250000e-02,-1.88281250e-01
3.38336000e-06,1.48125000e+00,1.09000000e+01,4.56250000e-02,-1.96875000e-01
3.38368000e-06,1.33125000e+00,1.08125000e+01,6.06250000e-02,-1.23437500e-01
3.38400000e-06,1.37500000e+00,1.09125000e+01,2.31250000e-02,-9.29687500e-02
3.38432000e-06,1.20937500e+00,1.07375000e+01,4.56250000e-02,-1.16406250e-01
3.38464000e-06,1.34375000e+00,1.08125000e+01,4.56250000e-02,-6.25000000e-02
3.38496000e-06,1.32812500e+00,1.08375000e+01,7.06250000e-02,-9.53125000e-02
3.38528000e-06,1.39062500e+00,1.08750000e+01,5.31250000e-02,-6.01562500e-02
3.38560000e-06,1.38125000e+00,1.07500000e+01,7.81250000e-02,-2.34375000e-02
3.38592000e-06,1.35625000e+00,1.08375000e+01,4.81250000e-02,-7.81250000e-03
3.38624000e-06,1.45625000e+00,1.07500000e+01,3.06250000e-02,-6.87500000e-02
3.38656000e-06,1.43125000e+00,1.08375000e+01,6.06250000e-02,-5.78125000e-02
3.38688000e-06,1.43125000e+00,1.08125000e+01,6.31250000e-02,1.32812500e-02
3.38720000e-06,1.46875000e+00,1.08625000e+01,5.81250000e-02,8.59375000e-03
3.38752000e-06,1.28437500e+00,1.07500000e+01,5.81250000e-02,-5.39062500e-02
3.38784000e-06,1.28750000e+00,1.08250000e+01,4.81250000e-02,-4.06250000e-02
3.38816000e-06,1.36875000e+00,1.08625000e+01,7.56250000e-02,-5.85937500e-02
3.38848000e-06,1.30000000e+00,1.08500000e+01,3.81250000e-02,5.46875000e-03
3.38880000e-06,1.30312500e+00,1.09000000e+01,3.31250000e-02,-1.79687500e-02
3.38912000e-06,1.24687500e+00,1.08250000e+01,7.06250000e-02,-3.51562500e-02
3.38944000e-06,1.41562500e+00,1.07250000e+01,6.31250000e-02,-5.31250000e-02
3.38976000e-06,1.59062500e+00,1.07875000e+01,5.81250000e-02,-6.48437500e-02
3.39008000e-06,1.39062500e+00,1.08125000e+01,6.81250000e-02,-8.75000000e-02
3.39040000e-06,1.36562500e+00,1.07000000e+01,4.56250000e-02,-1.01562500e-01
3.39072000e-06,1.24375000e+00,1.08000000e+01,5.81250000e-02,3.75000000e-02
3.39104000e-06,1.28750000e+00,1.08375000e+01,4.81250000e-02,-9.37500000e-03
3.39136000e-06,1.45625000e+00,1.09000000e+01,3.81250000e-02,-5.46875000e-03
3.39168000e-06,1.45312500e+00,1.07625000e+01,9.87500000e-02,-4.45312500e-02
3.39200000e-06,1.34375000e+00,1.08250000e+01,4.31250000e-02,-1.06250000e-01
3.39232000e-06,1.34375000e+00,1.09125000e+01,3.81250000e-02,-4.68750000e-02
3.39264000e-06,1.40625000e+00,1.08875000e+01,4.56250000e-02,2.89062500e-02
3.39296000e-06,1.28750000e+00,1.08500000e+01,7.81250000e-02,-7.81250000e-04
3.39328000e-06,1.31875000e+00,1.08125000e+01,4.56250000e-02,-8.12500000e-02
3.39360000e-06,1.35625000e+00,1.08250000e+01,4.56250000e-02,-4.37500000e-02
3.39392000e-06,1.58125000e+00,1.07125000e+01,5.31250000e-02,3.67187500e-02
3.39424000e-06,1.36562500e+00,1.09125000e+01,6.56250000e-02,-5.46875000e-03
3.39456000e-06,1.30312500e+00,1.08875000e+01,4.31250000e-02,-1.01562500e-01
3.39488000e-06,1.39062500e+00,1.08125000e+01,6.31250000e-02,-1.40625000e-01
3.39520000e-06,1.36562500e+00,1.08125000e+01,4.81250000e-02,-1.28906250e-01
3.39552000e-06,1.27187500e+00,1.08625000e+01,3.56250000e-02,-8.04687500e-02
3.39584000e-06,1.31875000e+00,1.08625000e+01,7.81250000e-02,-1.05468750e-01
3.39616000e-06,1.39375000e+00,1.08500000e+01,5.81250000e-02,-1.02343750e-01
3.39648000e-06,1.47812500e+00,1.08500000e+01,8.81250000e-02,-7.18750000e-02
3.39680000e-06,1.43125000e+00,1.09125000e+01,6.31250000e-02,-7.50000000e-02
3.39712000e-06,1.33125000e+00,1.07000000e+01,7.31250000e-02,-7.81250000e-02
3.39744000e-06,1.36875000e+00,1.07375000e+01,5.06250000e-02,-1.14843750e-01
3.39776000e-06,1.45625000e+00,1.08250000e+01,1.56250000e-02,-5.62500000e-02
3.39808000e-06,1.39375000e+00,1.08250000e+01,5.56250000e-02,-1.29687500e-01
3.39840000e-06,1.34375000e+00,1.08000000e+01,4.31250000e-02,-1.35937500e-01
3.39872000e-06,1.33750000e+00,1.09500000e+01,3.56250000e-02,-1.32031250e-01
3.39904000e-06,1.22187500e+00,1.08875000e+01,2.06250000e-02,-1.26562500e-01
3.39936000e-06,1.39375000e+00,1.06875000e+01,2.06250000e-02,-5.54687500e-02
3.39968000e-06,1.39062500e+00,1.08750000e+01,3.81250000e-02,-1.14062500e-01
3.40000000e-06,1.32500000e+00,1.07500000e+01,5.56250000e-02,-1.07812500e-01
